scene,ref_frame,src_frame,overlap,bin,PIR,FMR,IR,is_official_gt_pair,RR_success,RRE,RTE_m
7-scenes-redkitchen,0,16,0.20292986246508932,"[0.20,0.25)",0.45703124999999817,1.0,0.332,1,1.0,2.956050557009386,0.05172137916088104
7-scenes-redkitchen,0,17,0.17057490646572165,"[0.15,0.20)",0.3203124999999987,1.0,0.2485,1,1.0,3.3864530762981615,0.04123809561133385
7-scenes-redkitchen,0,18,0.312167360489013,"[0.30,1.00]",0.6210937499999976,1.0,0.5275,1,1.0,1.6939661511817699,0.03673481196165085
7-scenes-redkitchen,0,20,0.31369552616325025,"[0.30,1.00]",0.6132812499999976,1.0,0.412,1,1.0,1.6399631246113564,0.06033746153116226
7-scenes-redkitchen,0,25,0.3271855403909996,"[0.30,1.00]",0.45703124999999817,1.0,0.3215,1,1.0,3.105136310725622,0.10683350265026093
7-scenes-redkitchen,0,30,0.25688991937608685,"[0.25,0.30)",0.253906249999999,1.0,0.1645,1,1.0,6.617372752672538,0.2591809630393982
7-scenes-redkitchen,0,31,0.33187542814986565,"[0.30,1.00]",0.26562499999999895,1.0,0.1505,1,1.0,3.2230648255946006,0.08048240095376968
7-scenes-redkitchen,0,32,0.3762976234388997,"[0.30,1.00]",0.5898437499999977,1.0,0.4375,1,1.0,1.9278290568223169,0.04859931021928787
7-scenes-redkitchen,0,33,0.2698529799230648,"[0.25,0.30)",0.17968749999999928,1.0,0.0655,1,1.0,8.0827428272824,0.0715414509177208
7-scenes-redkitchen,0,34,0.1396954207725141,"[0.00,0.15)",0.4414062499999982,1.0,0.3535,1,1.0,2.81327304698622,0.04174749553203583
7-scenes-redkitchen,0,36,0.24935448174105496,"[0.20,0.25)",0.5820312499999977,1.0,0.424,1,1.0,2.286360469843134,0.03566538169980049
7-scenes-redkitchen,0,37,0.38562470358855455,"[0.30,1.00]",0.7343749999999971,1.0,0.618,1,1.0,2.97742943835571,0.024572286754846573
7-scenes-redkitchen,0,38,0.366654371080782,"[0.30,1.00]",0.8554687499999966,1.0,0.749,1,1.0,2.291490978726673,0.023264506831765175
7-scenes-redkitchen,0,41,0.352584707804184,"[0.30,1.00]",0.753906249999997,1.0,0.555,1,1.0,3.007391187577437,0.11199486255645752
7-scenes-redkitchen,0,42,0.3115877114401644,"[0.30,1.00]",0.6835937499999972,1.0,0.523,1,1.0,2.6361134425976047,0.07649223506450653
7-scenes-redkitchen,0,43,0.2592085155714813,"[0.25,0.30)",0.5273437499999979,1.0,0.4365,1,1.0,2.405175588746437,0.060194797813892365
7-scenes-redkitchen,0,44,0.2522000316172208,"[0.25,0.30)",0.41796874999999833,1.0,0.336,1,1.0,2.8696260128207465,0.06808610260486603
7-scenes-redkitchen,0,45,0.26637508562997314,"[0.25,0.30)",0.499999999999998,1.0,0.3765,1,1.0,3.445373918531995,0.06934257596731186
7-scenes-redkitchen,0,46,0.2641091848026558,"[0.25,0.30)",0.6015624999999976,1.0,0.4115,1,1.0,3.972466985165412,0.06182609871029854
7-scenes-redkitchen,0,47,0.22126785055593615,"[0.20,0.25)",0.4726562499999981,1.0,0.3165,1,1.0,2.4673586819118976,0.05961041897535324
7-scenes-redkitchen,0,48,0.18290562259577384,"[0.15,0.20)",0.14453124999999942,1.0,0.1155,1,1.0,4.188906296751446,0.059711456298828125
7-scenes-redkitchen,0,49,0.147599725984086,"[0.00,0.15)",0.21484374999999914,1.0,0.2205,1,1.0,2.9114781170542035,0.07013637572526932
7-scenes-redkitchen,0,50,0.18580386784001687,"[0.15,0.20)",0.16796874999999933,1.0,0.139,1,1.0,11.33414322036932,0.11213552206754684
7-scenes-redkitchen,0,51,0.18543500026347684,"[0.15,0.20)",0.48437499999999806,1.0,0.3375,1,1.0,4.793708411319003,0.08826202154159546
7-scenes-redkitchen,0,52,0.1892817621331085,"[0.15,0.20)",0.2226562499999991,1.0,0.2235,1,1.0,4.679813922027828,0.0760449543595314
7-scenes-redkitchen,0,53,0.15729567371028086,"[0.15,0.20)",0.08984374999999964,1.0,0.13,1,0.0,,
7-scenes-redkitchen,0,59,0.18622543078463402,"[0.15,0.20)",0.3242187499999987,1.0,0.2225,1,1.0,3.1340034059574062,0.06675560772418976
7-scenes-redkitchen,0,7,0.36465194709385046,"[0.30,1.00]",0.746093749999997,1.0,0.621,1,1.0,1.243325243326059,0.06321171671152115
7-scenes-redkitchen,0,8,0.16657005849185857,"[0.15,0.20)",0.4062499999999984,1.0,0.268,1,0.0,,
7-scenes-redkitchen,0,9,0.3021552405543553,"[0.30,1.00]",0.746093749999997,1.0,0.6305,1,1.0,1.6605968212191051,0.07068197429180145
7-scenes-redkitchen,10,21,0.28264748823879304,"[0.25,0.30)",0.5195312499999979,1.0,0.274,1,0.0,,
7-scenes-redkitchen,10,24,0.3004920780835992,"[0.30,1.00]",0.5703124999999977,1.0,0.3675,1,1.0,2.451761094373265,0.13814528286457062
7-scenes-redkitchen,10,28,0.3432109446817715,"[0.30,1.00]",0.36718749999999856,1.0,0.3745,1,1.0,2.740954591603968,0.10369041562080383
7-scenes-redkitchen,10,29,0.23727897042124046,"[0.20,0.25)",0.41015624999999833,1.0,0.314,1,1.0,4.453862146880856,0.14854073524475098
7-scenes-redkitchen,10,34,0.1451359974044233,"[0.00,0.15)",0.19531249999999922,1.0,0.1605,1,0.0,,
7-scenes-redkitchen,10,35,0.3434813172551776,"[0.30,1.00]",0.5664062499999978,1.0,0.425,1,1.0,1.9966479358373626,0.0657372772693634
7-scenes-redkitchen,10,40,0.3004920780835992,"[0.30,1.00]",0.46093749999999817,1.0,0.4335,1,1.0,2.576330563743303,0.06563939899206161
7-scenes-redkitchen,10,41,0.3233115232790786,"[0.30,1.00]",0.6796874999999973,1.0,0.599,1,1.0,1.329132255298041,0.04831087961792946
7-scenes-redkitchen,10,42,0.3265559941599524,"[0.30,1.00]",0.7265624999999971,1.0,0.5975,1,1.0,0.5381398315483229,0.021043628454208374
7-scenes-redkitchen,10,43,0.30357432542042934,"[0.30,1.00]",0.6718749999999973,1.0,0.5595,1,1.0,0.4681369311339841,0.02134726755321026
7-scenes-redkitchen,10,44,0.3210403936624669,"[0.30,1.00]",0.7265624999999971,1.0,0.6135,1,1.0,0.5366834181293964,0.022809620946645737
7-scenes-redkitchen,10,45,0.3725734061536798,"[0.30,1.00]",0.746093749999997,1.0,0.6355,1,1.0,0.7077590450788087,0.013942611403763294
7-scenes-redkitchen,10,46,0.39085059211593576,"[0.30,1.00]",0.7226562499999971,1.0,0.558,1,1.0,0.6644077129176098,0.021676193922758102
7-scenes-redkitchen,10,47,0.37246525712431733,"[0.30,1.00]",0.41406249999999833,1.0,0.342,1,1.0,0.6887024163057152,0.019657112658023834
7-scenes-redkitchen,10,48,0.35581030660249824,"[0.30,1.00]",0.7304687499999971,1.0,0.616,1,1.0,0.9827783574770644,0.032319072633981705
7-scenes-redkitchen,10,49,0.3193640837073487,"[0.30,1.00]",0.7890624999999969,1.0,0.599,1,1.0,1.0527625226197905,0.032460760325193405
7-scenes-redkitchen,10,50,0.34829394906180716,"[0.30,1.00]",0.746093749999997,1.0,0.6215,1,1.0,1.6161630799075333,0.04294274374842644
7-scenes-redkitchen,10,51,0.226626291029038,"[0.20,0.25)",0.39062499999999845,1.0,0.3265,1,1.0,2.031050523435117,0.041414353996515274
7-scenes-redkitchen,10,52,0.36348888768723303,"[0.30,1.00]",0.7695312499999969,1.0,0.662,1,1.0,2.254464486429714,0.022402584552764893
7-scenes-redkitchen,10,53,0.3381279403017358,"[0.30,1.00]",0.6523437499999974,1.0,0.513,1,1.0,1.39941694342382,0.050040166825056076
7-scenes-redkitchen,10,54,0.3284486021737955,"[0.30,1.00]",0.499999999999998,1.0,0.339,1,1.0,3.061709489789465,0.0701775774359703
7-scenes-redkitchen,10,55,0.17795922781593035,"[0.15,0.20)",0.3749999999999985,1.0,0.2285,1,1.0,3.4544542046109084,0.06738340109586716
7-scenes-redkitchen,10,56,0.12761585464770453,"[0.00,0.15)",0.21484374999999914,1.0,0.1195,1,0.0,,
7-scenes-redkitchen,10,57,0.15449088844427622,"[0.15,0.20)",0.36718749999999856,1.0,0.281,1,1.0,1.2385945714220623,0.029264232143759727
7-scenes-redkitchen,10,58,0.23446709565781648,"[0.20,0.25)",0.6523437499999974,1.0,0.4675,1,1.0,4.2758090760113765,0.0906689316034317
7-scenes-redkitchen,10,59,0.3253122803222841,"[0.30,1.00]",0.6445312499999974,1.0,0.4445,1,1.0,2.693553995739411,0.0485415905714035
7-scenes-redkitchen,11,16,0.3668364983788791,"[0.30,1.00]",0.6914062499999972,1.0,0.3935,1,1.0,2.532345750534577,0.056894514709711075
7-scenes-redkitchen,11,17,0.3337772116720704,"[0.30,1.00]",0.5624999999999978,1.0,0.2815,1,1.0,1.9536446279198199,0.07340032607316971
7-scenes-redkitchen,11,20,0.4206229735988884,"[0.30,1.00]",0.8007812499999968,1.0,0.4925,1,1.0,1.1260487085492499,0.06890378892421722
7-scenes-redkitchen,11,21,0.19557665585919407,"[0.15,0.20)",0.36328124999999856,1.0,0.1865,1,0.0,,
7-scenes-redkitchen,11,24,0.2128879110699398,"[0.20,0.25)",0.23828124999999906,1.0,0.1775,1,0.0,,
7-scenes-redkitchen,11,29,0.3733788791106994,"[0.30,1.00]",0.48046874999999806,1.0,0.415,1,1.0,2.7233298900800884,0.10293429344892502
7-scenes-redkitchen,11,35,0.24276285317276516,"[0.20,0.25)",0.35546874999999856,1.0,0.255,1,1.0,1.3414425716680807,0.09389936178922653
7-scenes-redkitchen,11,40,0.4466188050023159,"[0.30,1.00]",0.6953124999999972,1.0,0.588,1,1.0,3.1058927702818506,0.10353753715753555
7-scenes-redkitchen,11,41,0.3733788791106994,"[0.30,1.00]",0.7695312499999969,1.0,0.6425,1,1.0,2.876575563118792,0.11466116458177567
7-scenes-redkitchen,11,42,0.3391616489115331,"[0.30,1.00]",0.749999999999997,1.0,0.645,1,1.0,1.5752010353429122,0.05521112680435181
7-scenes-redkitchen,11,43,0.2966651227420102,"[0.25,0.30)",0.6796874999999973,1.0,0.557,1,1.0,1.454276580844579,0.05905923992395401
7-scenes-redkitchen,11,44,0.3103867531264474,"[0.30,1.00]",0.738281249999997,1.0,0.611,1,1.0,1.1524999705138563,0.04512599855661392
7-scenes-redkitchen,11,45,0.3419407132931913,"[0.30,1.00]",0.7031249999999972,1.0,0.5485,1,1.0,1.3411507818155937,0.05116603523492813
7-scenes-redkitchen,11,46,0.36764705882352944,"[0.30,1.00]",0.5546874999999978,1.0,0.398,1,1.0,1.3714498565014268,0.04641564190387726
7-scenes-redkitchen,11,47,0.3285085687818434,"[0.30,1.00]",0.41406249999999833,1.0,0.3095,1,1.0,0.12820424872801936,0.02278568409383297
7-scenes-redkitchen,11,48,0.27912227883279295,"[0.25,0.30)",0.507812499999998,1.0,0.515,1,1.0,0.0,0.026739055290818214
7-scenes-redkitchen,11,49,0.23361509958314033,"[0.20,0.25)",0.5742187499999977,1.0,0.493,1,1.0,0.0,0.03370123356580734
7-scenes-redkitchen,11,50,0.2865331171838814,"[0.25,0.30)",0.6640624999999973,1.0,0.5175,1,1.0,1.424365224925373,0.0387602299451828
7-scenes-redkitchen,11,51,0.23205187586845763,"[0.20,0.25)",0.3710937499999985,1.0,0.33,1,1.0,2.4471264310993135,0.0491488091647625
7-scenes-redkitchen,11,52,0.2893121815655396,"[0.25,0.30)",0.6874999999999972,1.0,0.5835,1,1.0,2.106357374444771,0.03514065593481064
7-scenes-redkitchen,11,53,0.24878415933302456,"[0.20,0.25)",0.48437499999999806,1.0,0.3575,1,1.0,1.6406789499907906,0.0686042457818985
7-scenes-redkitchen,11,54,0.22852014821676703,"[0.20,0.25)",0.3437499999999986,1.0,0.194,1,1.0,2.146669074291681,0.07909401506185532
7-scenes-redkitchen,11,58,0.1770495599814729,"[0.15,0.20)",0.5234374999999979,1.0,0.3625,1,1.0,4.471243211747838,0.08760793507099152
7-scenes-redkitchen,11,59,0.30193376563223717,"[0.30,1.00]",0.6328124999999974,1.0,0.3975,1,1.0,3.453207079384563,0.05370442941784859
7-scenes-redkitchen,12,16,0.18701425861330395,"[0.15,0.20)",0.41406249999999833,1.0,0.2905,1,1.0,2.4617994525762787,0.05521757900714874
7-scenes-redkitchen,12,18,0.2646104889541644,"[0.25,0.30)",0.6171874999999976,1.0,0.48,1,1.0,1.366589861044047,0.028215549886226654
7-scenes-redkitchen,12,20,0.21130897741876262,"[0.20,0.25)",0.35937499999999856,1.0,0.2285,1,1.0,2.8301998259424908,0.16971375048160553
7-scenes-redkitchen,12,25,0.34985618995165535,"[0.30,1.00]",0.7070312499999972,1.0,0.4835,1,1.0,2.6243552502539553,0.0511513352394104
7-scenes-redkitchen,12,30,0.3045101278991494,"[0.30,1.00]",0.32812499999999867,1.0,0.3285,1,1.0,3.2152805252345544,0.09736304730176926
7-scenes-redkitchen,12,31,0.24778165350957715,"[0.20,0.25)",0.4257812499999983,1.0,0.2895,1,1.0,4.5158786708543746,0.015646982938051224
7-scenes-redkitchen,12,32,0.21185973930604002,"[0.20,0.25)",0.5390624999999979,1.0,0.3855,1,1.0,4.395251661298918,0.09345438331365585
7-scenes-redkitchen,12,36,0.24612936784774495,"[0.20,0.25)",0.5742187499999977,1.0,0.3545,1,1.0,1.8834633995061598,0.03632752224802971
7-scenes-redkitchen,12,38,0.3491218407686188,"[0.30,1.00]",0.6914062499999972,1.0,0.5685,1,1.0,1.8776355730864653,0.01046165730804205
7-scenes-redkitchen,12,39,0.3794749403341289,"[0.30,1.00]",0.7812499999999969,1.0,0.6175,1,1.0,2.929976405902207,0.03538086265325546
7-scenes-redkitchen,12,46,0.3202374395691818,"[0.30,1.00]",0.48437499999999806,1.0,0.377,1,1.0,2.8954318831865415,0.0802108570933342
7-scenes-redkitchen,12,47,0.22691389755828897,"[0.20,0.25)",0.26171874999999895,1.0,0.2115,1,1.0,4.509802183993161,0.025866243988275528
7-scenes-redkitchen,12,48,0.17544825898047856,"[0.15,0.20)",0.25781249999999895,1.0,0.2295,1,1.0,2.920607845536284,0.037795647978782654
7-scenes-redkitchen,12,50,0.1670032433755584,"[0.15,0.20)",0.36328124999999856,1.0,0.299,1,1.0,3.5392247992533306,0.05873655155301094
7-scenes-redkitchen,12,51,0.1951532953919589,"[0.15,0.20)",0.48437499999999806,1.0,0.38,1,1.0,4.7820065284199424,0.08733060956001282
7-scenes-redkitchen,12,52,0.170552597760235,"[0.15,0.20)",0.45312499999999817,1.0,0.3225,1,1.0,3.766812113509904,0.07131540030241013
7-scenes-redkitchen,12,59,0.20806560186035125,"[0.20,0.25)",0.5585937499999978,1.0,0.308,1,1.0,2.87766416712545,0.07855236530303955
7-scenes-redkitchen,13,18,0.16107234667645978,"[0.15,0.20)",0.26171874999999895,1.0,0.1365,1,0.0,,
7-scenes-redkitchen,13,19,0.3024605214836577,"[0.30,1.00]",0.5703124999999977,1.0,0.3775,1,1.0,1.0579542036519523,0.03241707384586334
7-scenes-redkitchen,13,25,0.28718325376423065,"[0.25,0.30)",0.48046874999999806,1.0,0.299,1,1.0,2.6236092889549445,0.06947752833366394
7-scenes-redkitchen,13,30,0.3347043701799486,"[0.30,1.00]",0.35937499999999856,1.0,0.2805,1,1.0,4.342981810099937,0.10321258008480072
7-scenes-redkitchen,13,31,0.29026808666911497,"[0.25,0.30)",0.5585937499999978,1.0,0.3425,1,1.0,1.5476280627496248,0.06341086328029633
7-scenes-redkitchen,13,32,0.22791039294895335,"[0.20,0.25)",0.5976562499999976,1.0,0.3775,1,1.0,2.8178616257575917,0.050689954310655594
7-scenes-redkitchen,13,36,0.15600440690414982,"[0.15,0.20)",0.19140624999999922,1.0,0.09,1,0.0,,
7-scenes-redkitchen,13,37,0.36202717590892397,"[0.30,1.00]",0.7187499999999971,1.0,0.5235,1,1.0,2.538521715747773,0.02775387465953827
7-scenes-redkitchen,13,38,0.331839882482556,"[0.30,1.00]",0.499999999999998,1.0,0.415,1,1.0,1.417755267793439,0.020603621378540993
7-scenes-redkitchen,13,39,0.3390378259272861,"[0.30,1.00]",0.5312499999999979,1.0,0.3735,1,1.0,2.7003764128352867,0.07490429282188416
7-scenes-redkitchen,13,46,0.2921777451340433,"[0.25,0.30)",0.35546874999999856,1.0,0.2395,1,1.0,3.576207825980696,0.07807416468858719
7-scenes-redkitchen,13,47,0.18053617333822988,"[0.15,0.20)",0.16796874999999933,1.0,0.1125,1,1.0,6.641097725429472,0.1553904414176941
7-scenes-redkitchen,13,59,0.17150201983106866,"[0.15,0.20)",0.29296874999999883,1.0,0.1205,1,1.0,2.0949909515816287,0.06741274893283844
7-scenes-redkitchen,14,16,0.26784689779526266,"[0.25,0.30)",0.45312499999999817,1.0,0.3205,1,1.0,4.40112996247843,0.1315212845802307
7-scenes-redkitchen,14,17,0.1689205802803049,"[0.15,0.20)",0.3710937499999985,1.0,0.234,1,0.0,,
7-scenes-redkitchen,14,18,0.285140562248996,"[0.25,0.30)",0.6015624999999976,1.0,0.417,1,1.0,2.0739593437148516,0.09491866827011108
7-scenes-redkitchen,14,20,0.21014670928612408,"[0.20,0.25)",0.12890624999999947,1.0,0.117,1,0.0,,
7-scenes-redkitchen,14,30,0.2445701172035079,"[0.20,0.25)",0.09374999999999963,0.0,0.049,1,0.0,,
7-scenes-redkitchen,14,31,0.18006720760593395,"[0.15,0.20)",0.2031249999999992,1.0,0.1165,1,0.0,,
7-scenes-redkitchen,14,32,0.1474469305794607,"[0.00,0.15)",0.1015624999999996,1.0,0.062,1,0.0,,
7-scenes-redkitchen,14,36,0.31694123432505533,"[0.30,1.00]",0.41406249999999833,1.0,0.257,1,1.0,3.8533592850773504,0.06644805520772934
7-scenes-redkitchen,14,45,0.38513236619949187,"[0.30,1.00]",0.6718749999999973,1.0,0.533,1,1.0,4.193579018878401,0.08608502894639969
7-scenes-redkitchen,14,46,0.2829276288828785,"[0.25,0.30)",0.4023437499999984,1.0,0.2725,1,1.0,5.490265018092625,0.10004672408103943
7-scenes-redkitchen,14,47,0.19981968691090896,"[0.15,0.20)",0.07421874999999971,1.0,0.052,1,1.0,4.351271869269331,0.14603477716445923
7-scenes-redkitchen,14,52,0.16760921235964266,"[0.15,0.20)",0.1015624999999996,1.0,0.0605,1,0.0,,
7-scenes-redkitchen,15,21,0.22522681229630934,"[0.20,0.25)",0.1249999999999995,1.0,0.0725,1,0.0,,
7-scenes-redkitchen,15,24,0.2604597903637805,"[0.25,0.30)",0.35546874999999856,1.0,0.2865,1,1.0,2.696459260238591,0.14268310368061066
7-scenes-redkitchen,15,28,0.44974896503126927,"[0.30,1.00]",0.17968749999999928,1.0,0.1405,1,0.0,,
7-scenes-redkitchen,15,29,0.22989518189024927,"[0.20,0.25)",0.14453124999999942,1.0,0.0965,1,0.0,,
7-scenes-redkitchen,15,35,0.37531929886373644,"[0.30,1.00]",0.49218749999999806,1.0,0.394,1,1.0,2.880112022995012,0.05086546018719673
7-scenes-redkitchen,15,40,0.34008632079626533,"[0.30,1.00]",0.4023437499999984,1.0,0.211,1,1.0,3.182108075443927,0.10174524039030075
7-scenes-redkitchen,15,41,0.19977098564256143,"[0.15,0.20)",0.1992187499999992,1.0,0.132,1,1.0,3.9038465458886162,0.11109376698732376
7-scenes-redkitchen,15,42,0.19607152294547697,"[0.15,0.20)",0.3789062499999985,1.0,0.218,1,1.0,1.5476280627496248,0.12694117426872253
7-scenes-redkitchen,15,43,0.16612349158812648,"[0.15,0.20)",0.33984374999999867,1.0,0.2365,1,1.0,2.4222046854587003,0.07735823839902878
7-scenes-redkitchen,15,44,0.19615960539064564,"[0.15,0.20)",0.41796874999999833,1.0,0.3095,1,1.0,2.4230126113375015,0.07682766020298004
7-scenes-redkitchen,15,45,0.24804016559499692,"[0.20,0.25)",0.507812499999998,1.0,0.3855,1,1.0,2.5489865373200575,0.06891295313835144
7-scenes-redkitchen,15,46,0.29401920197304676,"[0.25,0.30)",0.507812499999998,1.0,0.3885,1,1.0,3.724888495938042,0.08208933472633362
7-scenes-redkitchen,15,47,0.3545318418039285,"[0.30,1.00]",0.507812499999998,1.0,0.439,1,1.0,3.39730474629753,0.06941583752632141
7-scenes-redkitchen,15,48,0.3519774508940368,"[0.30,1.00]",0.48437499999999806,1.0,0.4805,1,1.0,2.5646037581802297,0.049189306795597076
7-scenes-redkitchen,15,49,0.29313837752136,"[0.25,0.30)",0.4492187499999982,1.0,0.444,1,1.0,2.804212995322725,0.04551513493061066
7-scenes-redkitchen,15,50,0.35003963710032593,"[0.30,1.00]",0.5273437499999979,1.0,0.479,1,1.0,3.778853034797839,0.05338670685887337
7-scenes-redkitchen,15,51,0.256231832995684,"[0.25,0.30)",0.21874999999999914,1.0,0.157,1,1.0,4.705528039951481,0.05739956349134445
7-scenes-redkitchen,15,52,0.3794591737866643,"[0.30,1.00]",0.5781249999999977,1.0,0.567,1,1.0,2.237034169051363,0.021872999146580696
7-scenes-redkitchen,15,53,0.34493085528054257,"[0.30,1.00]",0.6054687499999976,1.0,0.514,1,1.0,2.9728235526752864,0.04922785982489586
7-scenes-redkitchen,15,54,0.34466660794503656,"[0.30,1.00]",0.5703124999999977,1.0,0.458,1,1.0,2.1858798202853187,0.0509636253118515
7-scenes-redkitchen,15,55,0.20937197216594733,"[0.20,0.25)",0.2812499999999989,1.0,0.1855,1,1.0,7.725832608086199,0.1462503969669342
7-scenes-redkitchen,15,56,0.14357438562494496,"[0.00,0.15)",0.07031249999999972,1.0,0.0675,1,0.0,,
7-scenes-redkitchen,15,57,0.16876596494318682,"[0.15,0.20)",0.249999999999999,1.0,0.2765,1,1.0,2.57283334626454,0.05569367855787277
7-scenes-redkitchen,15,58,0.29260988285034795,"[0.25,0.30)",0.5312499999999979,1.0,0.4435,1,1.0,2.568721845727179,0.05345964804291725
7-scenes-redkitchen,16,27,0.28240265620283733,"[0.25,0.30)",0.24609374999999903,1.0,0.1815,1,1.0,4.335037382319966,0.12131699919700623
7-scenes-redkitchen,16,34,0.1963779052218533,"[0.15,0.20)",0.5273437499999979,1.0,0.413,1,1.0,4.228830657281883,0.05845341458916664
7-scenes-redkitchen,16,48,0.27950498038031996,"[0.25,0.30)",0.5312499999999979,1.0,0.289,1,1.0,1.2300335210837425,0.09617592394351959
7-scenes-redkitchen,16,49,0.37893148204044674,"[0.30,1.00]",0.6757812499999973,1.0,0.365,1,1.0,1.0271726380526016,0.09037548303604126
7-scenes-redkitchen,16,50,0.27238152731663146,"[0.25,0.30)",0.48828124999999806,1.0,0.3115,1,1.0,3.3115071244252556,0.09132257103919983
7-scenes-redkitchen,16,52,0.3366133413824328,"[0.30,1.00]",0.6445312499999974,1.0,0.364,1,1.0,3.4331915395698513,0.0976337119936943
7-scenes-redkitchen,16,57,0.3302143072743737,"[0.30,1.00]",0.7343749999999971,1.0,0.585,1,1.0,2.790778240288284,0.03516571223735809
7-scenes-redkitchen,17,26,0.3863914640545741,"[0.30,1.00]",0.8476562499999966,1.0,0.589,1,1.0,2.012075414396916,0.05677516758441925
7-scenes-redkitchen,17,48,0.2323333916389715,"[0.20,0.25)",0.5234374999999979,1.0,0.2225,1,1.0,1.1152224012146215,0.11588884890079498
7-scenes-redkitchen,17,49,0.30741647717334264,"[0.30,1.00]",0.6757812499999973,1.0,0.365,1,1.0,1.0237378150939407,0.09776634722948074
7-scenes-redkitchen,17,50,0.22070141682700717,"[0.20,0.25)",0.5351562499999979,1.0,0.292,1,1.0,2.623758498169636,0.11476846784353256
7-scenes-redkitchen,17,52,0.26123841175441664,"[0.25,0.30)",0.6093749999999976,1.0,0.273,1,1.0,3.7887890383486313,0.11479324102401733
7-scenes-redkitchen,17,56,0.45657687598390767,"[0.30,1.00]",0.7968749999999968,1.0,0.562,1,1.0,1.289374569661795,0.025051822885870934
7-scenes-redkitchen,17,57,0.3322109497988455,"[0.30,1.00]",0.7265624999999971,1.0,0.5575,1,1.0,4.002620568337606,0.06096934899687767
7-scenes-redkitchen,18,22,0.4363292869201704,"[0.30,1.00]",0.9101562499999963,1.0,0.679,1,1.0,1.7187389206761765,0.08297627419233322
7-scenes-redkitchen,18,27,0.22260631883591928,"[0.20,0.25)",0.17968749999999928,1.0,0.208,1,1.0,4.007607855544786,0.1303580403327942
7-scenes-redkitchen,18,46,0.1430581236433797,"[0.00,0.15)",0.41015624999999833,1.0,0.2715,1,1.0,2.7287870623109174,0.13968193531036377
7-scenes-redkitchen,18,47,0.21910925315539834,"[0.20,0.25)",0.5156249999999979,1.0,0.3505,1,1.0,0.6602716961814794,0.05955998972058296
7-scenes-redkitchen,18,48,0.31549963823458477,"[0.30,1.00]",0.6757812499999973,1.0,0.518,1,1.0,0.490986292100576,0.05676085501909256
7-scenes-redkitchen,18,49,0.3905860599726666,"[0.30,1.00]",0.8320312499999967,1.0,0.5735,1,1.0,0.46897214953654137,0.06099843233823776
7-scenes-redkitchen,18,50,0.2872417396896857,"[0.25,0.30)",0.6249999999999976,1.0,0.5015,1,1.0,2.608945419258504,0.06775358319282532
7-scenes-redkitchen,18,52,0.3259908352761476,"[0.30,1.00]",0.738281249999997,1.0,0.533,1,1.0,2.389499991548447,0.059700898826122284
7-scenes-redkitchen,18,56,0.3592330573197202,"[0.30,1.00]",0.6484374999999974,1.0,0.532,1,1.0,1.6399631246113564,0.06642146408557892
7-scenes-redkitchen,18,57,0.25363775223088675,"[0.25,0.30)",0.742187499999997,1.0,0.57,1,1.0,1.8058026584301161,0.024934491142630577
7-scenes-redkitchen,18,58,0.40770962296004504,"[0.30,1.00]",0.8671874999999966,1.0,0.738,1,1.0,2.313084148426031,0.06136630102992058
7-scenes-redkitchen,19,22,0.2608872816176845,"[0.25,0.30)",0.4765624999999981,1.0,0.3685,1,0.0,,
7-scenes-redkitchen,19,23,0.24367136963276118,"[0.20,0.25)",0.33984374999999867,1.0,0.226,1,0.0,,
7-scenes-redkitchen,19,27,0.3418224418071614,"[0.30,1.00]",0.46093749999999817,1.0,0.428,1,1.0,3.475924931890085,0.14742515981197357
7-scenes-redkitchen,19,34,0.18535119441756226,"[0.15,0.20)",0.5468749999999978,1.0,0.473,1,1.0,1.301760146398713,0.05088537186384201
7-scenes-redkitchen,19,45,0.15703152854887178,"[0.15,0.20)",0.3710937499999985,1.0,0.297,1,1.0,4.529218305196304,0.10307840257883072
7-scenes-redkitchen,19,46,0.2189171293230785,"[0.20,0.25)",0.6210937499999976,1.0,0.436,1,1.0,2.288071917020391,0.036111827939748764
7-scenes-redkitchen,19,47,0.2991901390515968,"[0.25,0.30)",0.6484374999999974,1.0,0.476,1,1.0,1.0248840350060322,0.03682652488350868
7-scenes-redkitchen,19,48,0.4104823511434829,"[0.30,1.00]",0.7929687499999968,1.0,0.6055,1,1.0,0.22728194256656767,0.02707233652472496
7-scenes-redkitchen,19,50,0.3555747975347629,"[0.30,1.00]",0.6874999999999972,1.0,0.5665,1,1.0,2.5973657705010607,0.04863458871841431
7-scenes-redkitchen,19,51,0.1919217643763052,"[0.15,0.20)",0.45312499999999817,1.0,0.333,1,1.0,2.9528701630672565,0.04798213765025139
7-scenes-redkitchen,19,52,0.40656038302857433,"[0.30,1.00]",0.7968749999999968,1.0,0.5985,1,1.0,3.0463254368297665,0.028479816392064095
7-scenes-redkitchen,19,55,0.4111954362552845,"[0.30,1.00]",0.7343749999999971,1.0,0.559,1,1.0,2.8938088411886382,0.07235916703939438
7-scenes-redkitchen,19,56,0.2562012937401314,"[0.25,0.30)",0.6210937499999976,1.0,0.457,1,1.0,2.6326955865201698,0.09687874466180801
7-scenes-redkitchen,19,57,0.17404370193042326,"[0.15,0.20)",0.7187499999999971,1.0,0.5695,1,1.0,0.6361216579354814,0.030724063515663147
7-scenes-redkitchen,19,58,0.36601640095757143,"[0.30,1.00]",0.7890624999999969,1.0,0.6765,1,1.0,3.5143535171237668,0.08904975652694702
7-scenes-redkitchen,1,18,0.206529713866471,"[0.20,0.25)",0.4414062499999982,1.0,0.358,1,1.0,1.9950790102122025,0.049370039254426956
7-scenes-redkitchen,1,19,0.3546273975474269,"[0.30,1.00]",0.7773437499999969,1.0,0.6765,1,1.0,1.7861887698647292,0.024106891825795174
7-scenes-redkitchen,1,20,0.1946860916046536,"[0.15,0.20)",0.33203124999999867,1.0,0.225,1,1.0,3.828480149081685,0.13222794234752655
7-scenes-redkitchen,1,25,0.2521224190336443,"[0.25,0.30)",0.48046874999999806,1.0,0.329,1,1.0,4.391952815142609,0.07956306636333466
7-scenes-redkitchen,1,30,0.31076407085211194,"[0.30,1.00]",0.10937499999999957,1.0,0.064,1,0.0,,
7-scenes-redkitchen,1,33,0.26323236558012786,"[0.25,0.30)",0.21874999999999914,1.0,0.0725,1,1.0,8.400739007673062,0.1131497398018837
7-scenes-redkitchen,1,36,0.18734933445131538,"[0.15,0.20)",0.3710937499999985,1.0,0.2445,1,1.0,4.795832965888941,0.030208894982933998
7-scenes-redkitchen,1,37,0.3629598574572896,"[0.30,1.00]",0.7734374999999969,1.0,0.6435,1,1.0,3.6042396411086974,0.0212323609739542
7-scenes-redkitchen,1,38,0.37810502043810923,"[0.30,1.00]",0.757812499999997,1.0,0.7315,1,1.0,2.575874674029345,0.01995379477739334
7-scenes-redkitchen,1,39,0.410229535688083,"[0.30,1.00]",0.7812499999999969,1.0,0.741,1,1.0,3.313516628106475,0.04150736704468727
7-scenes-redkitchen,1,41,0.3592390734723824,"[0.30,1.00]",0.8749999999999966,1.0,0.69,1,1.0,2.334813043709483,0.08785906434059143
7-scenes-redkitchen,1,42,0.280997798972854,"[0.25,0.30)",0.8124999999999968,1.0,0.575,1,1.0,1.587575942170099,0.043855153024196625
7-scenes-redkitchen,1,43,0.21266114663033225,"[0.20,0.25)",0.6562499999999973,1.0,0.515,1,1.0,1.5190397520790706,0.026450349017977715
7-scenes-redkitchen,1,44,0.1961010376270831,"[0.15,0.20)",0.507812499999998,1.0,0.3935,1,1.0,2.0699921386010254,0.043436210602521896
7-scenes-redkitchen,1,45,0.21292317367152291,"[0.20,0.25)",0.5898437499999977,1.0,0.4475,1,1.0,4.213519822351857,0.08779483288526535
7-scenes-redkitchen,1,46,0.1979876323236558,"[0.15,0.20)",0.45703124999999817,1.0,0.312,1,1.0,2.9944750451301716,0.049940451979637146
7-scenes-redkitchen,1,59,0.16450057645949062,"[0.15,0.20)",0.08203124999999967,1.0,0.0655,1,0.0,,
7-scenes-redkitchen,1,6,0.3025364217587255,"[0.30,1.00]",0.6132812499999976,1.0,0.488,1,1.0,0.7444102827654056,0.044649239629507065
7-scenes-redkitchen,1,7,0.2434755266743528,"[0.20,0.25)",0.6054687499999976,1.0,0.421,1,1.0,2.98478408528863,0.14012694358825684
7-scenes-redkitchen,1,9,0.1870349020018866,"[0.15,0.20)",0.5351562499999979,1.0,0.456,1,1.0,3.14149037110146,0.13120737671852112
7-scenes-redkitchen,20,22,0.3508339376359681,"[0.30,1.00]",0.7656249999999969,1.0,0.7065,1,1.0,1.091098225449376,0.02572898380458355
7-scenes-redkitchen,20,23,0.2729030698573846,"[0.25,0.30)",0.33203124999999867,1.0,0.2365,1,1.0,1.0900216280965886,0.024018308147788048
7-scenes-redkitchen,20,24,0.4671017645636935,"[0.30,1.00]",0.6093749999999976,1.0,0.5685,1,1.0,1.5367150774988392,0.025117946788668633
7-scenes-redkitchen,20,27,0.2412859560067682,"[0.20,0.25)",0.10546874999999958,1.0,0.0655,1,0.0,,
7-scenes-redkitchen,20,34,0.27575537829344937,"[0.25,0.30)",0.48828124999999806,1.0,0.3855,1,1.0,2.7270649236439617,0.04737187176942825
7-scenes-redkitchen,20,38,0.34498428813149623,"[0.30,1.00]",0.8749999999999966,1.0,0.7825,1,1.0,1.6520899868797945,0.03203151747584343
7-scenes-redkitchen,20,47,0.23693497703649988,"[0.20,0.25)",0.08203124999999967,0.0,0.0355,1,0.0,,
7-scenes-redkitchen,20,48,0.29654338892917576,"[0.25,0.30)",0.33593749999999867,1.0,0.173,1,1.0,1.5318683016127068,0.09141751378774643
7-scenes-redkitchen,20,49,0.3279671259366691,"[0.30,1.00]",0.3515624999999986,1.0,0.2035,1,1.0,0.8577498730614788,0.08507057279348373
7-scenes-redkitchen,20,50,0.28518249939569734,"[0.25,0.30)",0.14843749999999942,1.0,0.1155,1,1.0,3.7043304848779264,0.09580164402723312
7-scenes-redkitchen,20,52,0.33459028281363307,"[0.30,1.00]",0.4335937499999983,1.0,0.3075,1,1.0,3.281455712169312,0.1054687649011612
7-scenes-redkitchen,20,53,0.441527677060672,"[0.30,1.00]",0.3515624999999986,1.0,0.302,1,1.0,2.629719929443078,0.037569694221019745
7-scenes-redkitchen,20,55,0.41252115059221656,"[0.30,1.00]",0.7968749999999968,1.0,0.6345,1,1.0,1.0021011112537135,0.0485120564699173
7-scenes-redkitchen,20,56,0.3104665216340343,"[0.30,1.00]",0.738281249999997,1.0,0.5545,1,1.0,2.398819724490103,0.06779880821704865
7-scenes-redkitchen,20,57,0.3049552816050278,"[0.30,1.00]",0.8124999999999968,1.0,0.6355,1,1.0,3.1056406375492114,0.031357236206531525
7-scenes-redkitchen,20,58,0.3412617839013778,"[0.30,1.00]",0.8710937499999966,1.0,0.7525,1,1.0,1.4505039302414031,0.03178750351071358
7-scenes-redkitchen,20,59,0.31834662799129804,"[0.30,1.00]",0.7929687499999968,1.0,0.694,1,1.0,1.7645835788819082,0.02873503416776657
7-scenes-redkitchen,21,25,0.43000355211745667,"[0.30,1.00]",0.42187499999999833,1.0,0.2175,1,1.0,2.062794000452298,0.05684657022356987
7-scenes-redkitchen,21,26,0.27899909223665,"[0.25,0.30)",0.26953124999999895,1.0,0.2055,1,1.0,4.062160978917576,0.09570565819740295
7-scenes-redkitchen,21,34,0.17365907566010183,"[0.15,0.20)",0.2773437499999989,1.0,0.107,1,1.0,4.219557983413351,0.05051134526729584
7-scenes-redkitchen,21,36,0.41575561431898017,"[0.30,1.00]",0.6796874999999973,1.0,0.456,1,1.0,2.0213915922451484,0.03519414737820625
7-scenes-redkitchen,21,37,0.3029956190551368,"[0.30,1.00]",0.49218749999999806,1.0,0.399,1,1.0,1.5893007419055358,0.039975058287382126
7-scenes-redkitchen,21,38,0.2594624462248885,"[0.25,0.30)",0.6796874999999973,1.0,0.6165,1,1.0,1.267948930658987,0.013602190650999546
7-scenes-redkitchen,21,49,0.2074041914985989,"[0.20,0.25)",0.32812499999999867,1.0,0.1525,1,1.0,9.384519528865127,0.28143951296806335
7-scenes-redkitchen,21,52,0.1774085329754904,"[0.15,0.20)",0.21484374999999914,1.0,0.0895,1,1.0,7.544155820060266,0.2199043482542038
7-scenes-redkitchen,21,53,0.29403638946994515,"[0.25,0.30)",0.4726562499999981,1.0,0.3135,1,1.0,0.0625572578997782,0.023913515731692314
7-scenes-redkitchen,21,56,0.2960887240004736,"[0.25,0.30)",0.5703124999999977,1.0,0.4425,1,1.0,1.5856024456542734,0.09124846756458282
7-scenes-redkitchen,21,57,0.2420570706871374,"[0.20,0.25)",0.6835937499999972,1.0,0.4225,1,1.0,1.9296554980425769,0.03151438757777214
7-scenes-redkitchen,21,58,0.33176777045427636,"[0.30,1.00]",0.742187499999997,1.0,0.6495,1,1.0,0.9219604223865909,0.03447999060153961
7-scenes-redkitchen,21,59,0.28937916880451514,"[0.25,0.30)",0.5468749999999978,1.0,0.51,1,1.0,1.8305591449034602,0.07017984241247177
7-scenes-redkitchen,22,25,0.2356687898089172,"[0.20,0.25)",0.4726562499999981,1.0,0.3325,1,1.0,0.8987460222124687,0.02857944928109646
7-scenes-redkitchen,22,37,0.24399804017638413,"[0.20,0.25)",0.4492187499999982,1.0,0.1575,1,1.0,5.764902061301528,0.27270278334617615
7-scenes-redkitchen,22,38,0.13424791768740812,"[0.00,0.15)",0.08593749999999965,0.0,0.011,1,0.0,,
7-scenes-redkitchen,22,39,0.1962681691981055,"[0.15,0.20)",0.36328124999999856,1.0,0.2245,1,1.0,1.573460783780215,0.05148443579673767
7-scenes-redkitchen,22,53,0.21064020904785236,"[0.20,0.25)",0.26953124999999895,1.0,0.175,1,1.0,5.209925682484008,0.18822607398033142
7-scenes-redkitchen,22,56,0.4142168871468235,"[0.30,1.00]",0.3242187499999987,1.0,0.18,1,1.0,0.973978161209846,0.07149434089660645
7-scenes-redkitchen,22,57,0.2305650824759105,"[0.20,0.25)",0.29687499999999883,1.0,0.15,1,1.0,4.778400197205165,0.07693556696176529
7-scenes-redkitchen,22,58,0.3297811530295607,"[0.30,1.00]",0.6015624999999976,1.0,0.411,1,1.0,3.1234915355156248,0.13934831321239471
7-scenes-redkitchen,22,59,0.31773640372366485,"[0.30,1.00]",0.5664062499999978,1.0,0.374,1,1.0,2.982159505975825,0.12077423930168152
7-scenes-redkitchen,23,25,0.25267050123253904,"[0.25,0.30)",0.5781249999999977,1.0,0.4075,1,1.0,2.724767046896655,0.04593941569328308
7-scenes-redkitchen,23,37,0.2854149548069022,"[0.25,0.30)",0.507812499999998,1.0,0.238,1,1.0,1.5226426381727904,0.07133328169584274
7-scenes-redkitchen,23,38,0.15562859490550535,"[0.15,0.20)",0.019531249999999924,0.0,0.0015,1,0.0,,
7-scenes-redkitchen,23,39,0.18557929334428924,"[0.15,0.20)",0.3007812499999988,1.0,0.201,1,1.0,4.777170145298629,0.09353533387184143
7-scenes-redkitchen,23,53,0.21984387838948233,"[0.20,0.25)",0.29687499999999883,1.0,0.1805,1,0.0,,
7-scenes-redkitchen,23,56,0.46380443714050945,"[0.30,1.00]",0.18359374999999928,0.0,0.03,1,0.0,,
7-scenes-redkitchen,23,57,0.25521774856203777,"[0.25,0.30)",0.08593749999999965,0.0,0.002,1,0.0,,
7-scenes-redkitchen,23,58,0.35049301561216106,"[0.30,1.00]",0.4492187499999982,1.0,0.1965,1,1.0,3.1172176567475827,0.12336789071559906
7-scenes-redkitchen,23,59,0.35246507806080524,"[0.30,1.00]",0.5546874999999978,1.0,0.2255,1,1.0,2.9986560393408728,0.11017990857362747
7-scenes-redkitchen,24,38,0.3363595302619693,"[0.30,1.00]",0.6406249999999974,1.0,0.456,1,1.0,2.3730612022711477,0.09584423154592514
7-scenes-redkitchen,24,39,0.4394308943089431,"[0.30,1.00]",0.7226562499999971,1.0,0.51,1,1.0,1.1585963117579645,0.02190992794930935
7-scenes-redkitchen,24,48,0.1525293586269196,"[0.15,0.20)",0.1718749999999993,1.0,0.0815,1,0.0,,
7-scenes-redkitchen,24,49,0.22249322493224932,"[0.20,0.25)",0.23828124999999906,1.0,0.0905,1,1.0,4.034976461010779,0.13462494313716888
7-scenes-redkitchen,24,52,0.18748870822041555,"[0.15,0.20)",0.18359374999999928,1.0,0.0995,1,0.0,,
7-scenes-redkitchen,24,56,0.49372177055103883,"[0.30,1.00]",0.3749999999999985,1.0,0.2495,1,1.0,1.3074600270453582,0.07066598534584045
7-scenes-redkitchen,24,57,0.3503613369467028,"[0.30,1.00]",0.48828124999999806,1.0,0.3165,1,1.0,3.9084586644784856,0.07429235428571701
7-scenes-redkitchen,25,27,0.3856102744991634,"[0.30,1.00]",0.39453124999999845,1.0,0.3225,1,1.0,4.408688977499914,0.15358787775039673
7-scenes-redkitchen,25,34,0.164111608556053,"[0.15,0.20)",0.1562499999999994,1.0,0.089,1,0.0,,
7-scenes-redkitchen,25,46,0.1688599466377244,"[0.15,0.20)",0.503906249999998,1.0,0.3755,1,1.0,2.634776548300054,0.063259556889534
7-scenes-redkitchen,25,47,0.21322299100076877,"[0.20,0.25)",0.2226562499999991,1.0,0.1295,1,1.0,17.547039193973593,0.04361547902226448
7-scenes-redkitchen,25,48,0.2688011576900466,"[0.25,0.30)",0.5703124999999977,1.0,0.4295,1,1.0,0.0,0.01565922424197197
7-scenes-redkitchen,25,49,0.3186360964138742,"[0.30,1.00]",0.5585937499999978,1.0,0.366,1,1.0,1.5781798603299475,0.03996787220239639
7-scenes-redkitchen,25,50,0.26450504228282007,"[0.25,0.30)",0.6132812499999976,1.0,0.4955,1,1.0,2.8515603608687763,0.03846121206879616
7-scenes-redkitchen,25,52,0.3069235291457514,"[0.30,1.00]",0.7031249999999972,1.0,0.552,1,1.0,2.4935566317953923,0.032221902161836624
7-scenes-redkitchen,25,56,0.3541355763577986,"[0.30,1.00]",0.26562499999999895,1.0,0.1535,1,1.0,2.2471602121120147,0.06673656404018402
7-scenes-redkitchen,25,57,0.33161488717044274,"[0.30,1.00]",0.5937499999999977,1.0,0.4045,1,1.0,2.3081712123142286,0.023610014468431473
7-scenes-redkitchen,26,28,0.3805567638103523,"[0.30,1.00]",0.36718749999999856,1.0,0.2375,1,1.0,1.4561592415849074,0.06278993934392929
7-scenes-redkitchen,26,29,0.22592431491953022,"[0.20,0.25)",0.38671874999999845,1.0,0.2335,1,1.0,4.16819023168291,0.15193982422351837
7-scenes-redkitchen,26,30,0.10413223140495868,"[0.00,0.15)",0.07421874999999971,0.0,0.022,1,0.0,,
7-scenes-redkitchen,26,34,0.1953892996955198,"[0.15,0.20)",0.26171874999999895,1.0,0.1725,1,0.0,,
7-scenes-redkitchen,26,35,0.33227490213136146,"[0.30,1.00]",0.6835937499999972,1.0,0.5465,1,1.0,2.1919599111380763,0.02595391869544983
7-scenes-redkitchen,26,40,0.31304915180513265,"[0.30,1.00]",0.5703124999999977,1.0,0.308,1,1.0,1.7086896538017178,0.045888353139162064
7-scenes-redkitchen,26,41,0.2453675511091779,"[0.20,0.25)",0.45703124999999817,1.0,0.263,1,1.0,1.5430692258935301,0.038250695914030075
7-scenes-redkitchen,26,42,0.22709873858199217,"[0.20,0.25)",0.46484374999999817,1.0,0.2425,1,1.0,2.276752603809776,0.18806247413158417
7-scenes-redkitchen,26,43,0.1959112657677251,"[0.15,0.20)",0.41015624999999833,1.0,0.297,1,1.0,7.710677229323197,0.07220728695392609
7-scenes-redkitchen,26,44,0.19865158764680296,"[0.15,0.20)",0.48828124999999806,1.0,0.3615,1,1.0,1.4820014214667092,0.06297998875379562
7-scenes-redkitchen,26,45,0.21152675076120053,"[0.20,0.25)",0.5312499999999979,1.0,0.408,1,1.0,1.8623558769509618,0.08576171100139618
7-scenes-redkitchen,26,46,0.22105263157894736,"[0.20,0.25)",0.36328124999999856,1.0,0.365,1,1.0,1.0653270076852213,0.05157594382762909
7-scenes-redkitchen,26,47,0.21396259243149196,"[0.20,0.25)",0.25781249999999895,1.0,0.192,1,1.0,2.7996020643648807,0.08474450558423996
7-scenes-redkitchen,26,48,0.19334493257938234,"[0.15,0.20)",0.5429687499999978,1.0,0.437,1,1.0,1.1836598555770963,0.04683208093047142
7-scenes-redkitchen,26,49,0.18882122662026968,"[0.15,0.20)",0.6523437499999974,1.0,0.546,1,1.0,0.0,0.030299341306090355
7-scenes-redkitchen,26,50,0.2113962592431492,"[0.20,0.25)",0.6328124999999974,1.0,0.4535,1,1.0,0.8935053694317647,0.04671517014503479
7-scenes-redkitchen,26,51,0.15632883862548935,"[0.15,0.20)",0.33593749999999867,1.0,0.1805,1,1.0,1.5870827980441027,0.028261050581932068
7-scenes-redkitchen,26,52,0.23784254023488474,"[0.20,0.25)",0.7304687499999971,1.0,0.588,1,1.0,1.7420367340894216,0.036794111132621765
7-scenes-redkitchen,26,53,0.23779904306220095,"[0.20,0.25)",0.6445312499999974,1.0,0.555,1,1.0,1.8407938364299798,0.02549385279417038
7-scenes-redkitchen,26,54,0.3085689430187038,"[0.30,1.00]",0.6992187499999972,1.0,0.5035,1,1.0,3.7697220590116425,0.07394994050264359
7-scenes-redkitchen,26,55,0.26376685515441495,"[0.25,0.30)",0.5898437499999977,1.0,0.3795,1,1.0,3.1079090965002285,0.10593277215957642
7-scenes-redkitchen,26,56,0.21561548499347544,"[0.20,0.25)",0.3984374999999984,1.0,0.274,1,1.0,2.1899946692053778,0.08533785492181778
7-scenes-redkitchen,26,57,0.25393649412788166,"[0.25,0.30)",0.6914062499999972,1.0,0.514,1,1.0,0.9743798942154329,0.05444509536027908
7-scenes-redkitchen,26,58,0.29469334493257937,"[0.25,0.30)",0.7929687499999968,1.0,0.564,1,1.0,5.049504427318224,0.11390770971775055
7-scenes-redkitchen,26,59,0.38212266202696826,"[0.30,1.00]",0.8593749999999966,1.0,0.5335,1,1.0,3.4405971867306144,0.06266029924154282
7-scenes-redkitchen,27,30,0.417834530838728,"[0.30,1.00]",0.8046874999999968,1.0,0.597,1,1.0,3.052616615103175,0.11810470372438431
7-scenes-redkitchen,27,31,0.31514547912072277,"[0.30,1.00]",0.7109374999999971,1.0,0.438,1,1.0,2.2294972578906536,0.1049656942486763
7-scenes-redkitchen,27,32,0.22920964643949635,"[0.20,0.25)",0.7031249999999972,1.0,0.3675,1,1.0,2.269175042887778,0.07957030087709427
7-scenes-redkitchen,27,36,0.22679092267197837,"[0.20,0.25)",0.5820312499999977,1.0,0.408,1,1.0,4.62558717427408,0.027858691290020943
7-scenes-redkitchen,27,37,0.3508216546916127,"[0.30,1.00]",0.6953124999999972,1.0,0.529,1,1.0,3.1796462255030185,0.0599561408162117
7-scenes-redkitchen,27,38,0.3291598491854592,"[0.30,1.00]",0.33593749999999867,1.0,0.344,1,1.0,3.522478155539745,0.10020381957292557
7-scenes-redkitchen,27,39,0.2799317066230348,"[0.25,0.30)",0.3164062499999987,1.0,0.383,1,1.0,5.643613825924481,0.1661267876625061
7-scenes-redkitchen,27,41,0.4980081098385146,"[0.30,1.00]",0.6054687499999976,1.0,0.4545,1,1.0,1.48622088739029,0.08771100640296936
7-scenes-redkitchen,27,42,0.3786014085508999,"[0.30,1.00]",0.6210937499999976,1.0,0.447,1,1.0,2.598269933497012,0.10047469288110733
7-scenes-redkitchen,27,43,0.31713736928220815,"[0.30,1.00]",0.4492187499999982,1.0,0.391,1,1.0,1.9612432372381066,0.06418337672948837
7-scenes-redkitchen,27,44,0.2486661449811482,"[0.20,0.25)",0.41796874999999833,1.0,0.3735,1,1.0,3.179399935773364,0.04377799108624458
7-scenes-redkitchen,27,45,0.18417870100305897,"[0.15,0.20)",0.26562499999999895,1.0,0.2225,1,1.0,2.592387241001717,0.06161001697182655
7-scenes-redkitchen,27,59,0.23820872163334994,"[0.20,0.25)",0.06640624999999974,0.0,0.036,1,0.0,,
7-scenes-redkitchen,28,32,0.3261114099867951,"[0.30,1.00]",0.6718749999999973,1.0,0.395,1,1.0,2.6155393599546293,0.09904056042432785
7-scenes-redkitchen,28,37,0.21763583899838607,"[0.20,0.25)",0.42187499999999833,1.0,0.3305,1,1.0,3.3618506660284626,0.05337119102478027
7-scenes-redkitchen,28,38,0.22815082897246539,"[0.20,0.25)",0.3007812499999988,1.0,0.3565,1,1.0,4.527834194828703,0.11186181008815765
7-scenes-redkitchen,28,43,0.35389054629040934,"[0.30,1.00]",0.7851562499999969,1.0,0.631,1,1.0,1.4169268554827956,0.05337315797805786
7-scenes-redkitchen,28,44,0.26527118892747104,"[0.25,0.30)",0.6015624999999976,1.0,0.531,1,1.0,2.164645910694309,0.026718150824308395
7-scenes-redkitchen,28,45,0.16809311879493324,"[0.15,0.20)",0.48828124999999806,1.0,0.3995,1,1.0,3.493903333452915,0.08117669820785522
7-scenes-redkitchen,29,32,0.31026221216557964,"[0.30,1.00]",0.45312499999999817,1.0,0.2535,1,1.0,2.8537562228345514,0.12186365574598312
7-scenes-redkitchen,29,44,0.37228803407427125,"[0.30,1.00]",0.8124999999999968,1.0,0.672,1,1.0,1.036654106677275,0.041889652609825134
7-scenes-redkitchen,29,45,0.22427791827499002,"[0.20,0.25)",0.5703124999999977,1.0,0.4695,1,1.0,3.534242367415405,0.08591648191213608
7-scenes-redkitchen,2,10,0.32700595115945,"[0.30,1.00]",0.6640624999999973,1.0,0.6235,1,1.0,0.8860280559599303,0.04399864375591278
7-scenes-redkitchen,2,15,0.20870100554073467,"[0.20,0.25)",0.33203124999999867,1.0,0.209,1,1.0,2.954725808523808,0.020078232511878014
7-scenes-redkitchen,2,26,0.30556125589985633,"[0.30,1.00]",0.5937499999999977,1.0,0.4345,1,1.0,1.3373517213694188,0.04752097651362419
7-scenes-redkitchen,2,32,0.33777960188795403,"[0.30,1.00]",0.8437499999999967,1.0,0.517,1,1.0,2.298824750870534,0.03970063477754593
7-scenes-redkitchen,2,44,0.3150523291606813,"[0.30,1.00]",0.8359374999999967,1.0,0.7125,1,1.0,3.0396348567069733,0.05167214572429657
7-scenes-redkitchen,2,45,0.226554483890827,"[0.20,0.25)",0.6796874999999973,1.0,0.613,1,1.0,2.440719359797573,0.029499318450689316
7-scenes-redkitchen,2,5,0.2544633695875231,"[0.25,0.30)",0.48437499999999806,1.0,0.3815,1,1.0,1.7608087668138563,0.012835468165576458
7-scenes-redkitchen,30,33,0.13768771485435136,"[0.00,0.15)",0.2031249999999992,1.0,0.104,1,1.0,7.156343306583551,0.2506959140300751
7-scenes-redkitchen,30,44,0.3146372353899041,"[0.30,1.00]",0.5429687499999978,1.0,0.456,1,1.0,2.062983746773542,0.04329933598637581
7-scenes-redkitchen,31,40,0.44777354742592285,"[0.30,1.00]",0.21093749999999917,1.0,0.155,1,1.0,5.708048273899978,0.22079499065876007
7-scenes-redkitchen,31,41,0.35664625062075817,"[0.30,1.00]",0.46093749999999817,1.0,0.355,1,1.0,2.545297980595306,0.10488850623369217
7-scenes-redkitchen,31,42,0.2588147657672571,"[0.25,0.30)",0.42187499999999833,1.0,0.2865,1,1.0,3.5522566961490454,0.06875003129243851
7-scenes-redkitchen,31,43,0.18978645919549744,"[0.15,0.20)",0.2773437499999989,1.0,0.234,1,1.0,1.9743713445606406,0.025795208290219307
7-scenes-redkitchen,32,34,0.2281820817628298,"[0.20,0.25)",0.5468749999999978,1.0,0.5225,1,1.0,7.639848150949318,0.15329158306121826
7-scenes-redkitchen,32,38,0.21759930414612932,"[0.20,0.25)",0.45703124999999817,1.0,0.507,1,1.0,5.650208166044183,0.02200864814221859
7-scenes-redkitchen,32,39,0.2083937373151638,"[0.20,0.25)",0.33593749999999867,1.0,0.38,1,1.0,8.291808172819165,0.03709178417921066
7-scenes-redkitchen,32,40,0.2179617280371122,"[0.20,0.25)",0.38281249999999845,1.0,0.2065,1,1.0,5.594434794848587,0.21766790747642517
7-scenes-redkitchen,33,37,0.16236630612121578,"[0.15,0.20)",0.39453124999999845,1.0,0.2645,1,1.0,8.851705791535124,0.038211528211832047
7-scenes-redkitchen,33,38,0.2510725723608677,"[0.25,0.30)",0.503906249999998,1.0,0.3225,1,1.0,11.06576503780609,0.1188514307141304
7-scenes-redkitchen,33,39,0.25542328841621853,"[0.25,0.30)",0.2031249999999992,1.0,0.109,1,1.0,12.696640475417432,0.16355399787425995
7-scenes-redkitchen,33,56,0.13505347755151367,"[0.00,0.15)",0.1562499999999994,0.0,0.0385,1,0.0,,
7-scenes-redkitchen,33,57,0.13813523475738715,"[0.00,0.15)",0.04687499999999981,0.0,0.002,1,0.0,,
7-scenes-redkitchen,33,58,0.12502265997945494,"[0.00,0.15)",0.058593749999999764,0.0,0.0045,1,0.0,,
7-scenes-redkitchen,34,35,0.31906588138611147,"[0.30,1.00]",0.5390624999999979,1.0,0.4945,0,,,
7-scenes-redkitchen,34,36,0.23551568278318039,"[0.20,0.25)",0.18749999999999925,1.0,0.1425,1,1.0,4.520127361321536,0.11631708592176437
7-scenes-redkitchen,34,37,0.2664703465278729,"[0.25,0.30)",0.499999999999998,1.0,0.3735,1,1.0,3.5667783994198223,0.0342484787106514
7-scenes-redkitchen,34,38,0.33632379126147105,"[0.30,1.00]",0.757812499999997,1.0,0.654,1,1.0,2.272278006847118,0.018370090052485466
7-scenes-redkitchen,34,39,0.3648130393096836,"[0.30,1.00]",0.7656249999999969,1.0,0.5995,1,1.0,2.6810255106857013,0.04278891533613205
7-scenes-redkitchen,34,54,0.3042049034378852,"[0.30,1.00]",0.5273437499999979,1.0,0.4875,1,1.0,4.515618417351524,0.09971275180578232
7-scenes-redkitchen,34,58,0.3880975208875497,"[0.30,1.00]",0.5898437499999977,1.0,0.469,1,1.0,3.62201440598501,0.0670916736125946
7-scenes-redkitchen,34,59,0.24421312149020682,"[0.20,0.25)",0.4414062499999982,1.0,0.4155,1,1.0,3.144480170772094,0.05905979126691818
7-scenes-redkitchen,35,38,0.2841563040766228,"[0.25,0.30)",0.6484374999999974,1.0,0.6125,1,1.0,2.713681321350034,0.09812366217374802
7-scenes-redkitchen,35,39,0.36001448750452736,"[0.30,1.00]",0.7187499999999971,1.0,0.668,1,1.0,2.6546118555556024,0.10877519100904465
7-scenes-redkitchen,35,48,0.1949374220290555,"[0.15,0.20)",0.5976562499999976,1.0,0.446,1,1.0,0.0,0.07663091272115707
7-scenes-redkitchen,35,49,0.2564690732021409,"[0.25,0.30)",0.7656249999999969,1.0,0.569,1,1.0,0.0,0.07041685283184052
7-scenes-redkitchen,35,50,0.18097307738742002,"[0.15,0.20)",0.5898437499999977,1.0,0.424,1,1.0,2.8439991650899663,0.0831407681107521
7-scenes-redkitchen,35,52,0.21445531007283997,"[0.20,0.25)",0.6835937499999972,1.0,0.5225,1,1.0,2.931312329533226,0.07368506491184235
7-scenes-redkitchen,36,47,0.1673494869093605,"[0.15,0.20)",0.48437499999999806,1.0,0.304,1,1.0,0.8089085496713244,0.09091341495513916
7-scenes-redkitchen,36,48,0.23672402356705294,"[0.20,0.25)",0.6054687499999976,1.0,0.3495,1,1.0,0.0,0.09591115266084671
7-scenes-redkitchen,36,49,0.28982792929884116,"[0.25,0.30)",0.738281249999997,1.0,0.5225,1,1.0,0.0,0.08312693238258362
7-scenes-redkitchen,36,50,0.2251746068906317,"[0.20,0.25)",0.5781249999999977,1.0,0.4455,1,1.0,2.645600777223597,0.08761297166347504
7-scenes-redkitchen,36,52,0.265129345663116,"[0.25,0.30)",0.749999999999997,1.0,0.519,1,1.0,1.9866248152648722,0.08259618282318115
7-scenes-redkitchen,37,47,0.16825450833616876,"[0.15,0.20)",0.5742187499999977,1.0,0.415,1,1.0,1.1892675052804356,0.07605966925621033
7-scenes-redkitchen,37,48,0.2391119428376999,"[0.20,0.25)",0.6953124999999972,1.0,0.5465,1,1.0,0.6039314537148585,0.07165921479463577
7-scenes-redkitchen,37,49,0.28572643756379723,"[0.25,0.30)",0.761718749999997,1.0,0.598,1,1.0,0.0,0.06452766805887222
7-scenes-redkitchen,37,50,0.23651752296699557,"[0.20,0.25)",0.7070312499999972,1.0,0.586,1,1.0,3.121736119177807,0.0796186774969101
7-scenes-redkitchen,37,52,0.27109561075195643,"[0.25,0.30)",0.8242187499999967,1.0,0.6075,1,1.0,2.070748382441911,0.06609483808279037
7-scenes-redkitchen,38,49,0.20008947545017336,"[0.20,0.25)",0.13671874999999944,1.0,0.0695,1,0.0,,
7-scenes-redkitchen,38,52,0.19572754725422212,"[0.15,0.20)",0.39062499999999845,1.0,0.3065,1,1.0,0.0,0.05345497280359268
7-scenes-redkitchen,38,53,0.34358572866569737,"[0.30,1.00]",0.7304687499999971,1.0,0.4955,1,1.0,2.0122699411747704,0.042406149208545685
7-scenes-redkitchen,38,57,0.3588524773515267,"[0.30,1.00]",0.7812499999999969,1.0,0.6185,1,1.0,1.416650610416939,0.0157562755048275
7-scenes-redkitchen,39,47,0.20484162895927602,"[0.20,0.25)",0.48828124999999806,1.0,0.363,1,1.0,4.123883046379928,0.09777092933654785
7-scenes-redkitchen,39,48,0.2932579185520362,"[0.25,0.30)",0.5351562499999979,1.0,0.353,1,1.0,1.3654438192741192,0.06652349978685379
7-scenes-redkitchen,39,49,0.32099547511312215,"[0.30,1.00]",0.5195312499999979,1.0,0.3455,1,1.0,4.343793490978759,0.06780896335840225
7-scenes-redkitchen,39,50,0.2690045248868778,"[0.25,0.30)",0.6328124999999974,1.0,0.491,1,1.0,4.932050331187867,0.08673208206892014
7-scenes-redkitchen,39,52,0.32063348416289594,"[0.30,1.00]",0.742187499999997,1.0,0.5205,1,1.0,2.8456505926597777,0.06294381618499756
7-scenes-redkitchen,39,53,0.4049321266968326,"[0.30,1.00]",0.7304687499999971,1.0,0.6075,1,1.0,0.49574558920739903,0.02653691917657852
7-scenes-redkitchen,39,55,0.4169683257918552,"[0.30,1.00]",0.8164062499999968,1.0,0.666,1,1.0,1.2233335132807057,0.0548291876912117
7-scenes-redkitchen,39,56,0.27592760180995474,"[0.25,0.30)",0.7343749999999971,1.0,0.574,1,1.0,0.42057928148111495,0.07025476545095444
7-scenes-redkitchen,39,57,0.2383257918552036,"[0.20,0.25)",0.7851562499999969,1.0,0.638,1,1.0,1.3329547380407436,0.033095940947532654
7-scenes-redkitchen,3,15,0.3458679021657149,"[0.30,1.00]",0.8515624999999966,1.0,0.6575,1,1.0,3.2506450639192734,0.04468020051717758
7-scenes-redkitchen,3,19,0.21026829005495098,"[0.20,0.25)",0.5976562499999976,1.0,0.5365,1,1.0,2.5676548271742123,0.05432961508631706
7-scenes-redkitchen,3,25,0.21597888158603598,"[0.20,0.25)",0.5312499999999979,1.0,0.3685,1,1.0,4.104366406938858,0.17508648335933685
7-scenes-redkitchen,3,31,0.2905936860252128,"[0.25,0.30)",0.749999999999997,1.0,0.572,1,1.0,1.881592137390343,0.027516957372426987
7-scenes-redkitchen,3,32,0.20444995151384548,"[0.20,0.25)",0.5703124999999977,1.0,0.4365,1,1.0,2.7138255818278694,0.03899490460753441
7-scenes-redkitchen,3,36,0.12665661027906475,"[0.00,0.15)",0.45703124999999817,1.0,0.334,1,1.0,4.576628721913207,0.04382703825831413
7-scenes-redkitchen,3,37,0.2375821570951406,"[0.20,0.25)",0.7226562499999971,1.0,0.516,1,1.0,3.464188998643613,0.03196336328983307
7-scenes-redkitchen,3,38,0.23494235534963906,"[0.20,0.25)",0.6406249999999974,1.0,0.5335,1,1.0,2.9556531947535634,0.0345149002969265
7-scenes-redkitchen,3,39,0.20741299428940846,"[0.20,0.25)",0.6171874999999976,1.0,0.512,1,1.0,4.325448621619515,0.06242455542087555
7-scenes-redkitchen,3,46,0.2578385949789893,"[0.25,0.30)",0.6757812499999973,1.0,0.5045,1,1.0,1.6282267750662305,0.02290644496679306
7-scenes-redkitchen,3,59,0.14491972847753476,"[0.00,0.15)",0.41796874999999833,1.0,0.28,1,1.0,3.308786443780964,0.032292239367961884
7-scenes-redkitchen,3,6,0.21323133283051396,"[0.20,0.25)",0.4335937499999983,1.0,0.3805,1,1.0,2.271761140358915,0.049293044954538345
7-scenes-redkitchen,3,7,0.16603814244154724,"[0.15,0.20)",0.10937499999999957,1.0,0.1055,1,1.0,8.354797869199068,0.2648271322250366
7-scenes-redkitchen,40,44,0.39066396875441156,"[0.30,1.00]",0.8828124999999964,1.0,0.717,1,1.0,2.565977187875784,0.054942063987255096
7-scenes-redkitchen,40,45,0.2634228977459884,"[0.25,0.30)",0.7148437499999971,1.0,0.5565,1,1.0,3.4419626428712817,0.04237767681479454
7-scenes-redkitchen,40,46,0.1814032280833843,"[0.15,0.20)",0.41015624999999833,1.0,0.3265,1,1.0,4.7259656651993796,0.04324551671743393
7-scenes-redkitchen,41,46,0.22576132071072144,"[0.20,0.25)",0.4453124999999982,1.0,0.341,1,1.0,4.132327477847971,0.04930456355214119
7-scenes-redkitchen,42,46,0.3059223176515831,"[0.30,1.00]",0.499999999999998,1.0,0.343,1,1.0,2.9575070955847593,0.028095794841647148
7-scenes-redkitchen,43,47,0.19290256732354558,"[0.15,0.20)",0.3437499999999986,1.0,0.2375,1,1.0,3.1394955911075386,0.038602035492658615
7-scenes-redkitchen,44,47,0.2963142580019399,"[0.25,0.30)",0.42187499999999833,1.0,0.324,1,1.0,2.6454527990957755,0.04009269177913666
7-scenes-redkitchen,44,48,0.14655674102812802,"[0.00,0.15)",0.19531249999999922,1.0,0.175,1,1.0,7.423437162311654,0.09600318968296051
7-scenes-redkitchen,45,48,0.3224813022437307,"[0.30,1.00]",0.49218749999999806,1.0,0.4035,1,1.0,2.209036939808207,0.03121621534228325
7-scenes-redkitchen,45,49,0.2111746590409151,"[0.20,0.25)",0.3046874999999988,1.0,0.227,1,1.0,1.1378042951422889,0.06145641580224037
7-scenes-redkitchen,45,50,0.23372195336559612,"[0.20,0.25)",0.3749999999999985,1.0,0.299,1,1.0,2.485222218336362,0.03334548696875572
7-scenes-redkitchen,45,51,0.23196216454025517,"[0.20,0.25)",0.4062499999999984,1.0,0.3195,1,1.0,2.4196175108621607,0.03794929385185242
7-scenes-redkitchen,45,52,0.2237131544214694,"[0.20,0.25)",0.36328124999999856,1.0,0.3065,1,1.0,2.3445170345155746,0.06570841372013092
7-scenes-redkitchen,46,53,0.31936047292758296,"[0.30,1.00]",0.4062499999999984,1.0,0.291,1,1.0,2.11562859345638,0.08605398237705231
7-scenes-redkitchen,47,54,0.2711887917880427,"[0.25,0.30)",0.3749999999999985,1.0,0.205,1,1.0,1.5097357167696608,0.09591977298259735
7-scenes-redkitchen,48,58,0.1508174386920981,"[0.15,0.20)",0.1562499999999994,1.0,0.0945,1,0.0,,
7-scenes-redkitchen,48,59,0.2239782016348774,"[0.20,0.25)",0.12109374999999951,1.0,0.106,1,0.0,,
7-scenes-redkitchen,49,55,0.2638625912902353,"[0.25,0.30)",0.29296874999999883,1.0,0.1195,1,0.0,,
7-scenes-redkitchen,49,58,0.25074384636191505,"[0.25,0.30)",0.33984374999999867,1.0,0.2335,1,1.0,1.9365398470799429,0.12288267910480499
7-scenes-redkitchen,49,59,0.2838788206654044,"[0.25,0.30)",0.16406249999999933,1.0,0.078,1,0.0,,
7-scenes-redkitchen,4,16,0.3382405379247109,"[0.30,1.00]",0.6015624999999976,1.0,0.3365,1,1.0,3.3309599698130152,0.06067023053765297
7-scenes-redkitchen,4,17,0.3365595232030971,"[0.30,1.00]",0.48828124999999806,1.0,0.244,1,1.0,2.7649875669977533,0.06646659970283508
7-scenes-redkitchen,4,20,0.3951403392593347,"[0.30,1.00]",0.7968749999999968,1.0,0.523,1,1.0,1.273492804155119,0.07087377458810806
7-scenes-redkitchen,4,21,0.1611227140746778,"[0.15,0.20)",0.3437499999999986,1.0,0.164,1,0.0,,
7-scenes-redkitchen,4,24,0.17497835056797922,"[0.15,0.20)",0.32812499999999867,1.0,0.2025,1,1.0,3.4628322961825257,0.18336939811706543
7-scenes-redkitchen,4,28,0.43696194793948345,"[0.30,1.00]",0.41015624999999833,1.0,0.394,1,1.0,2.8419335322533383,0.11238797008991241
7-scenes-redkitchen,4,29,0.30716723549488056,"[0.30,1.00]",0.5859374999999977,1.0,0.5045,1,1.0,2.187490899931066,0.07205599546432495
7-scenes-redkitchen,4,35,0.25449544088431564,"[0.25,0.30)",0.45312499999999817,1.0,0.2835,1,1.0,2.471638692085655,0.08414871990680695
7-scenes-redkitchen,4,36,0.4016096989455453,"[0.30,1.00]",0.6796874999999973,1.0,0.472,1,1.0,3.1586431112788866,0.06550788879394531
7-scenes-redkitchen,4,40,0.4015078192654475,"[0.30,1.00]",0.7031249999999972,1.0,0.555,1,1.0,3.486835388230037,0.11606644093990326
7-scenes-redkitchen,4,41,0.3624369619479395,"[0.30,1.00]",0.8164062499999968,1.0,0.6635,1,1.0,2.2769245281764166,0.07779531925916672
7-scenes-redkitchen,4,43,0.325709337272681,"[0.30,1.00]",0.8124999999999968,1.0,0.72,1,1.0,0.9470871261961538,0.01434997282922268
7-scenes-redkitchen,4,48,0.3449136569711171,"[0.30,1.00]",0.6523437499999974,1.0,0.5955,1,1.0,0.959403756859951,0.03096924163401127
7-scenes-redkitchen,4,49,0.2917834038001121,"[0.25,0.30)",0.7070312499999972,1.0,0.566,1,1.0,0.6988559500935922,0.02590944431722164
7-scenes-redkitchen,4,50,0.2996790790076919,"[0.25,0.30)",0.6054687499999976,1.0,0.495,1,1.0,1.7020338429542234,0.052426666021347046
7-scenes-redkitchen,4,51,0.21674901940807906,"[0.20,0.25)",0.26562499999999895,1.0,0.243,1,1.0,5.586792712169595,0.05997597053647041
7-scenes-redkitchen,4,52,0.29815088380622484,"[0.25,0.30)",0.6093749999999976,1.0,0.552,1,1.0,1.0730139373684866,0.03724795579910278
7-scenes-redkitchen,4,53,0.2593347256889613,"[0.25,0.30)",0.45703124999999817,1.0,0.354,1,1.0,0.9168524598060779,0.06735888868570328
7-scenes-redkitchen,4,54,0.2155774030869543,"[0.20,0.25)",0.3203124999999987,1.0,0.187,1,1.0,3.3085497572421665,0.08241923153400421
7-scenes-redkitchen,4,58,0.14584076206000712,"[0.00,0.15)",0.45312499999999817,1.0,0.335,1,1.0,5.724232247608207,0.11802926659584045
7-scenes-redkitchen,4,59,0.26901329529825274,"[0.25,0.30)",0.6289062499999974,1.0,0.4125,1,1.0,3.528254173564419,0.06601529568433762
7-scenes-redkitchen,4,8,0.30049411644847435,"[0.30,1.00]",0.5351562499999979,1.0,0.3865,1,1.0,3.1018561896327688,0.16145099699497223
7-scenes-redkitchen,50,59,0.2502807937102209,"[0.25,0.30)",0.21093749999999917,1.0,0.2095,1,1.0,8.592583053541546,0.18737225234508514
7-scenes-redkitchen,51,54,0.20830730793254215,"[0.20,0.25)",0.06640624999999974,0.0,0.038,1,1.0,5.560421173712926,0.2154030203819275
7-scenes-redkitchen,51,59,0.16833229231730168,"[0.15,0.20)",0.06640624999999974,0.0,0.018,1,0.0,,
7-scenes-redkitchen,52,55,0.19704275152684025,"[0.15,0.20)",0.12109374999999951,1.0,0.068,1,0.0,,
7-scenes-redkitchen,52,58,0.21552555448408872,"[0.20,0.25)",0.26171874999999895,1.0,0.204,1,1.0,1.6867882672076246,0.13925744593143463
7-scenes-redkitchen,52,59,0.2806171648987464,"[0.25,0.30)",0.249999999999999,1.0,0.2185,1,1.0,6.261467684184922,0.15126986801624298
7-scenes-redkitchen,53,56,0.33473940757405324,"[0.30,1.00]",0.38671874999999845,1.0,0.364,1,1.0,1.8096999351704306,0.08276651054620743
7-scenes-redkitchen,53,57,0.21034870641169853,"[0.20,0.25)",0.33203124999999867,1.0,0.262,1,1.0,5.002570893853894,0.08566492050886154
7-scenes-redkitchen,5,13,0.3252986795221128,"[0.30,1.00]",0.7226562499999971,1.0,0.5905,1,1.0,1.33119187889322,0.03581631928682327
7-scenes-redkitchen,5,14,0.358205826870677,"[0.30,1.00]",0.7070312499999972,1.0,0.4805,1,1.0,3.1738533693173747,0.06419073045253754
7-scenes-redkitchen,5,21,0.3163382938587298,"[0.30,1.00]",0.6796874999999973,1.0,0.5135,1,1.0,2.772622861046394,0.0682651475071907
7-scenes-redkitchen,5,24,0.3111507021588765,"[0.30,1.00]",0.6679687499999973,1.0,0.427,1,1.0,2.351851988711871,0.06685386598110199
7-scenes-redkitchen,5,27,0.4661496541605533,"[0.30,1.00]",0.496093749999998,1.0,0.472,1,1.0,3.9561658604224186,0.14507371187210083
7-scenes-redkitchen,5,28,0.24350241039614337,"[0.20,0.25)",0.29687499999999883,1.0,0.3025,1,1.0,4.299834984561002,0.17009787261486053
7-scenes-redkitchen,5,34,0.14535736742821212,"[0.00,0.15)",0.3710937499999985,1.0,0.298,1,1.0,1.693272846680295,0.03904248774051666
7-scenes-redkitchen,5,35,0.39750576399077764,"[0.30,1.00]",0.6718749999999973,1.0,0.4855,1,1.0,2.2291460840086526,0.05392172932624817
7-scenes-redkitchen,5,40,0.29155313351498635,"[0.25,0.30)",0.4062499999999984,1.0,0.2565,1,1.0,2.5479112595105207,0.04872221127152443
7-scenes-redkitchen,5,41,0.25686438901697756,"[0.25,0.30)",0.45703124999999817,1.0,0.296,1,1.0,1.2398578485299618,0.059518925845623016
7-scenes-redkitchen,5,42,0.26802557115908615,"[0.25,0.30)",0.46484374999999817,1.0,0.3195,1,1.0,1.7205597559562607,0.10294982045888901
7-scenes-redkitchen,5,43,0.25382519387968977,"[0.25,0.30)",0.48046874999999806,1.0,0.299,1,1.0,1.132978529587038,0.073027104139328
7-scenes-redkitchen,5,44,0.2838503458394467,"[0.25,0.30)",0.6171874999999976,1.0,0.385,1,1.0,1.4331310877507473,0.06669005751609802
7-scenes-redkitchen,5,45,0.35537623139802976,"[0.30,1.00]",0.7070312499999972,1.0,0.466,1,1.0,1.1353939759011538,0.056395042687654495
7-scenes-redkitchen,5,50,0.3495598407042549,"[0.30,1.00]",0.5312499999999979,1.0,0.4365,1,1.0,2.3139301526707357,0.058722496032714844
7-scenes-redkitchen,5,51,0.2196080486271222,"[0.20,0.25)",0.18749999999999925,1.0,0.1235,1,1.0,7.434372154056012,0.10590432584285736
7-scenes-redkitchen,5,52,0.3939425696918885,"[0.30,1.00]",0.6718749999999973,1.0,0.5675,1,1.0,2.4045244779747375,0.03282395005226135
7-scenes-redkitchen,5,53,0.38833577866275415,"[0.30,1.00]",0.6249999999999976,1.0,0.462,1,1.0,1.6134969658022036,0.054077282547950745
7-scenes-redkitchen,5,54,0.3687906099350241,"[0.30,1.00]",0.6835937499999972,1.0,0.4825,1,1.0,3.18284625949311,0.07435779273509979
7-scenes-redkitchen,5,55,0.21756445189687695,"[0.20,0.25)",0.5351562499999979,1.0,0.4135,1,1.0,3.053514297753016,0.07423636317253113
7-scenes-redkitchen,5,57,0.14216097254244392,"[0.00,0.15)",0.5312499999999979,1.0,0.3845,1,1.0,1.8042847781407023,0.038366589695215225
7-scenes-redkitchen,5,58,0.23962481660029344,"[0.20,0.25)",0.738281249999997,1.0,0.5275,1,1.0,4.378732626498792,0.0967613235116005
7-scenes-redkitchen,5,59,0.32063508698386084,"[0.30,1.00]",0.7304687499999971,1.0,0.5235,1,1.0,3.0482526854175114,0.05487687140703201
7-scenes-redkitchen,6,13,0.2356923462671598,"[0.20,0.25)",0.499999999999998,1.0,0.288,1,1.0,1.5035010478717044,0.09662988036870956
7-scenes-redkitchen,6,14,0.2889738607158528,"[0.25,0.30)",0.5507812499999978,1.0,0.3625,1,1.0,2.005645450677178,0.05951418727636337
7-scenes-redkitchen,6,22,0.18811508807120916,"[0.15,0.20)",0.2773437499999989,1.0,0.303,1,1.0,3.5712769250812757,0.025601012632250786
7-scenes-redkitchen,6,27,0.39954867423055224,"[0.30,1.00]",0.3164062499999987,1.0,0.2245,1,1.0,3.7689947829601187,0.09441456943750381
7-scenes-redkitchen,6,34,0.22083620635617127,"[0.20,0.25)",0.4453124999999982,1.0,0.3305,1,1.0,1.697889530827138,0.05266304686665535
7-scenes-redkitchen,6,42,0.1377170438162101,"[0.00,0.15)",0.10546874999999958,1.0,0.0555,1,0.0,,
7-scenes-redkitchen,6,44,0.15370149815081802,"[0.15,0.20)",0.1757812499999993,1.0,0.0945,1,0.0,,
7-scenes-redkitchen,6,45,0.21776468375854072,"[0.20,0.25)",0.38281249999999845,1.0,0.243,1,1.0,4.556296554409155,0.09950650483369827
7-scenes-redkitchen,6,46,0.2824547107127186,"[0.25,0.30)",0.41406249999999833,1.0,0.2555,1,1.0,3.512681746419818,0.05902206152677536
7-scenes-redkitchen,6,47,0.36939760546605654,"[0.30,1.00]",0.24218749999999903,1.0,0.181,1,1.0,2.814386116146842,0.0458923764526844
7-scenes-redkitchen,6,48,0.4277565348210368,"[0.30,1.00]",0.26953124999999895,1.0,0.175,1,1.0,3.3532205816365646,0.06256730854511261
7-scenes-redkitchen,6,50,0.3791763304707578,"[0.30,1.00]",0.5390624999999979,1.0,0.41,1,1.0,4.191430212538138,0.03843081369996071
7-scenes-redkitchen,6,51,0.25807058233561087,"[0.25,0.30)",0.4062499999999984,1.0,0.338,1,1.0,2.923957202848017,0.05488235503435135
7-scenes-redkitchen,6,52,0.4307653732840218,"[0.30,1.00]",0.6289062499999974,1.0,0.436,1,1.0,4.085715431863245,0.03802592307329178
7-scenes-redkitchen,6,55,0.38312543095342566,"[0.30,1.00]",0.6874999999999972,1.0,0.491,1,1.0,2.750365223595209,0.07312121987342834
7-scenes-redkitchen,6,56,0.23982949915376417,"[0.20,0.25)",0.6054687499999976,1.0,0.403,1,1.0,2.3952269291440857,0.088749960064888
7-scenes-redkitchen,6,57,0.2212749952986899,"[0.20,0.25)",0.6992187499999972,1.0,0.525,1,1.0,0.9763860800962261,0.05129566788673401
7-scenes-redkitchen,6,58,0.38043001316366826,"[0.30,1.00]",0.7968749999999968,1.0,0.649,1,1.0,3.226585910383671,0.07644718885421753
7-scenes-redkitchen,7,12,0.2823593008589104,"[0.25,0.30)",0.6679687499999973,1.0,0.496,1,1.0,1.6777144194593048,0.06401552259922028
7-scenes-redkitchen,7,13,0.16139107453901136,"[0.15,0.20)",0.23828124999999906,1.0,0.1505,1,1.0,5.082917921638358,0.20263788104057312
7-scenes-redkitchen,7,14,0.23370773019400565,"[0.20,0.25)",0.41406249999999833,1.0,0.222,1,1.0,1.8585689817489954,0.029254909604787827
7-scenes-redkitchen,7,22,0.3000180191002463,"[0.30,1.00]",0.6640624999999973,1.0,0.518,1,1.0,1.6062032586633481,0.05287729576230049
7-scenes-redkitchen,7,23,0.24073517929004745,"[0.20,0.25)",0.3203124999999987,1.0,0.161,1,1.0,4.313114899322778,0.14660011231899261
7-scenes-redkitchen,7,27,0.32122049372334677,"[0.30,1.00]",0.12890624999999947,1.0,0.0685,1,0.0,,
7-scenes-redkitchen,7,34,0.24091537029251006,"[0.20,0.25)",0.2031249999999992,1.0,0.1255,1,0.0,,
7-scenes-redkitchen,7,46,0.20337557811279958,"[0.20,0.25)",0.249999999999999,1.0,0.1305,1,1.0,3.0567181571957116,0.041503842920064926
7-scenes-redkitchen,7,47,0.28878611328007686,"[0.25,0.30)",0.09374999999999963,0.0,0.0465,1,0.0,,
7-scenes-redkitchen,7,48,0.364886779986786,"[0.30,1.00]",0.24218749999999903,1.0,0.1845,1,1.0,5.060589276574267,0.1382722407579422
7-scenes-redkitchen,7,49,0.3991831341221695,"[0.30,1.00]",0.36328124999999856,1.0,0.178,1,1.0,1.7992884445405721,0.0414496548473835
7-scenes-redkitchen,7,50,0.33239233587602857,"[0.30,1.00]",0.2226562499999991,1.0,0.1125,1,1.0,4.061968136567406,0.07035009562969208
7-scenes-redkitchen,7,51,0.20463691513003784,"[0.20,0.25)",0.13671874999999944,1.0,0.0965,1,1.0,3.112944203809718,0.04863039776682854
7-scenes-redkitchen,7,52,0.37996276052615774,"[0.30,1.00]",0.4296874999999983,1.0,0.313,1,1.0,3.1286267373885814,0.044982291758060455
7-scenes-redkitchen,7,56,0.2973151540633071,"[0.25,0.30)",0.6992187499999972,1.0,0.4945,1,1.0,2.6245044170886525,0.09090626984834671
7-scenes-redkitchen,7,57,0.24385848999939935,"[0.20,0.25)",0.8124999999999968,1.0,0.596,1,1.0,1.000928804423452,0.024916110560297966
7-scenes-redkitchen,8,10,0.3719853529188939,"[0.30,1.00]",0.749999999999997,1.0,0.575,1,1.0,2.136250184429472,0.09954867511987686
7-scenes-redkitchen,8,11,0.2928153541815733,"[0.25,0.30)",0.6171874999999976,1.0,0.4205,1,1.0,2.409078560008289,0.15878134965896606
7-scenes-redkitchen,8,15,0.2530830422155815,"[0.25,0.30)",0.5820312499999977,1.0,0.405,1,1.0,3.248837762046389,0.1171237900853157
7-scenes-redkitchen,8,26,0.3933246348752052,"[0.30,1.00]",0.8124999999999968,1.0,0.6945,1,1.0,1.8049354545164698,0.03407706692814827
7-scenes-redkitchen,8,34,0.14066248579485668,"[0.00,0.15)",0.14062499999999944,1.0,0.091,1,0.0,,
7-scenes-redkitchen,8,38,0.33684077612694135,"[0.30,1.00]",0.8320312499999967,1.0,0.6605,1,1.0,1.9811003710923545,0.05375062674283981
7-scenes-redkitchen,8,48,0.23481628014647082,"[0.20,0.25)",0.5664062499999978,1.0,0.3825,1,1.0,1.1899254916328568,0.07128733396530151
7-scenes-redkitchen,8,49,0.30636811313607476,"[0.30,1.00]",0.6367187499999974,1.0,0.3955,1,1.0,1.042677004901587,0.050797946751117706
7-scenes-redkitchen,8,50,0.21347699819015953,"[0.20,0.25)",0.4492187499999982,1.0,0.314,1,1.0,3.923660214168356,0.06727994978427887
7-scenes-redkitchen,8,52,0.25081021928532343,"[0.25,0.30)",0.5898437499999977,1.0,0.4465,1,1.0,2.9382493496870468,0.07244843989610672
7-scenes-redkitchen,8,56,0.40102697924996844,"[0.30,1.00]",0.5429687499999978,1.0,0.397,1,1.0,1.6643636839427118,0.07002729177474976
7-scenes-redkitchen,8,57,0.2857022601961362,"[0.25,0.30)",0.6249999999999976,1.0,0.4505,1,1.0,1.7077731526894546,0.04135939106345177
7-scenes-redkitchen,9,12,0.18165880535960263,"[0.15,0.20)",0.41015624999999833,1.0,0.317,1,1.0,2.9658353213635893,0.10171625018119812
7-scenes-redkitchen,9,15,0.34035981132863047,"[0.30,1.00]",0.7773437499999969,1.0,0.6285,1,1.0,2.8932676250323897,0.07576548308134079
7-scenes-redkitchen,9,22,0.32191008890929584,"[0.30,1.00]",0.738281249999997,1.0,0.5925,1,1.0,3.6157381822358703,0.13659191131591797
7-scenes-redkitchen,9,23,0.3160662854280586,"[0.30,1.00]",0.8046874999999968,1.0,0.644,1,1.0,3.310442776253206,0.05089137330651283
7-scenes-redkitchen,9,27,0.22135492757857828,"[0.20,0.25)",0.26953124999999895,1.0,0.2755,1,1.0,2.604890879264719,0.0980873629450798
7-scenes-redkitchen,9,34,0.14876654005092457,"[0.00,0.15)",0.46484374999999817,1.0,0.4025,1,1.0,2.082810957179974,0.04566798359155655
7-scenes-redkitchen,9,46,0.1648369996243269,"[0.15,0.20)",0.5312499999999979,1.0,0.3985,1,1.0,1.262690704302172,0.0625118613243103
7-scenes-redkitchen,9,47,0.25387151980631967,"[0.25,0.30)",0.45312499999999817,1.0,0.343,1,1.0,2.1668147913274707,0.03768905997276306
7-scenes-redkitchen,9,48,0.35104562340860707,"[0.30,1.00]",0.6640624999999973,1.0,0.533,1,1.0,0.0,0.014750064350664616
7-scenes-redkitchen,9,50,0.2915223108068623,"[0.25,0.30)",0.5976562499999976,1.0,0.4455,1,1.0,2.082810957179974,0.024834882467985153
7-scenes-redkitchen,9,52,0.3270025462286597,"[0.30,1.00]",0.6406249999999974,1.0,0.498,1,1.0,2.3947365851183373,0.010456119664013386
7-scenes-redkitchen,9,55,0.4622031139124264,"[0.30,1.00]",0.753906249999997,1.0,0.548,1,1.0,0.8577498730614788,0.08476582914590836
7-scenes-redkitchen,9,56,0.31544016362649746,"[0.30,1.00]",0.4062499999999984,1.0,0.3275,1,1.0,1.8303453138162993,0.07308650016784668
7-scenes-redkitchen,9,57,0.23592269482823391,"[0.20,0.25)",0.7148437499999971,1.0,0.605,1,1.0,1.5609740088633592,0.03458724915981293
7-scenes-redkitchen,9,58,0.4207538506490796,"[0.30,1.00]",0.8007812499999968,1.0,0.6765,1,1.0,2.97742943835571,0.06544172763824463
sun3d-home_at-home_at_scan1_2013_jan_1,0,30,0.19372825221146187,"[0.15,0.20)",0.07421874999999971,0.0,0.0,1,0.0,,
sun3d-home_at-home_at_scan1_2013_jan_1,0,31,0.3832641596444892,"[0.30,1.00]",0.1249999999999995,1.0,0.0755,1,0.0,,
sun3d-home_at-home_at_scan1_2013_jan_1,0,33,0.37546639835660084,"[0.30,1.00]",0.3242187499999987,1.0,0.213,1,0.0,,
sun3d-home_at-home_at_scan1_2013_jan_1,0,34,0.4406992831090429,"[0.30,1.00]",0.24609374999999903,1.0,0.1445,1,0.0,,
sun3d-home_at-home_at_scan1_2013_jan_1,0,35,0.29249989519138053,"[0.25,0.30)",0.3242187499999987,1.0,0.221,1,1.0,2.246289074382468,0.0583348348736763
sun3d-home_at-home_at_scan1_2013_jan_1,0,36,0.4438435416928688,"[0.30,1.00]",0.511718749999998,1.0,0.328,1,1.0,4.728949145134075,0.2171768695116043
sun3d-home_at-home_at_scan1_2013_jan_1,0,37,0.3880853561396889,"[0.30,1.00]",0.4296874999999983,1.0,0.37,1,1.0,1.587575942170099,0.07300343364477158
sun3d-home_at-home_at_scan1_2013_jan_1,0,38,0.30075881440489666,"[0.30,1.00]",0.5429687499999978,1.0,0.4225,1,1.0,2.8928616465235137,0.011536985635757446
sun3d-home_at-home_at_scan1_2013_jan_1,0,41,0.2263446945876829,"[0.20,0.25)",0.03906249999999985,0.0,0.0385,1,0.0,,
sun3d-home_at-home_at_scan1_2013_jan_1,0,42,0.19226093153900978,"[0.15,0.20)",0.015624999999999938,0.0,0.008,1,0.0,,
sun3d-home_at-home_at_scan1_2013_jan_1,0,47,0.36402129711147446,"[0.30,1.00]",0.027343749999999892,0.0,0.003,1,0.0,,
sun3d-home_at-home_at_scan1_2013_jan_1,0,49,0.397308514652245,"[0.30,1.00]",0.12109374999999951,0.0,0.049,1,0.0,,
sun3d-home_at-home_at_scan1_2013_jan_1,0,50,0.2773655305412317,"[0.25,0.30)",0.1718749999999993,0.0,0.0385,1,0.0,,
sun3d-home_at-home_at_scan1_2013_jan_1,0,51,0.20668259757682472,"[0.20,0.25)",0.36328124999999856,1.0,0.122,1,0.0,,
sun3d-home_at-home_at_scan1_2013_jan_1,10,12,0.31762402712123383,"[0.30,1.00]",0.8593749999999966,1.0,0.6845,1,1.0,1.4706016326017046,0.00805059727281332
sun3d-home_at-home_at_scan1_2013_jan_1,10,13,0.19939836699613236,"[0.15,0.20)",0.6289062499999974,1.0,0.477,1,1.0,2.6209220715489776,0.02654113993048668
sun3d-home_at-home_at_scan1_2013_jan_1,10,15,0.18101513632239888,"[0.15,0.20)",0.4414062499999982,1.0,0.309,1,1.0,2.5591026733558575,0.09447108209133148
sun3d-home_at-home_at_scan1_2013_jan_1,10,17,0.2525426156711073,"[0.25,0.30)",0.738281249999997,1.0,0.458,1,1.0,1.8407938364299798,0.051559749990701675
sun3d-home_at-home_at_scan1_2013_jan_1,10,22,0.25077591558038487,"[0.25,0.30)",0.39453124999999845,1.0,0.406,1,1.0,3.520254089799558,0.07314971089363098
sun3d-home_at-home_at_scan1_2013_jan_1,10,28,0.19123334765792865,"[0.15,0.20)",0.3984374999999984,1.0,0.146,1,0.0,,
sun3d-home_at-home_at_scan1_2013_jan_1,10,29,0.24604879912142483,"[0.20,0.25)",0.3203124999999987,1.0,0.179,1,1.0,4.329521911070312,0.15944460034370422
sun3d-home_at-home_at_scan1_2013_jan_1,10,43,0.2502506804182782,"[0.25,0.30)",0.7734374999999969,1.0,0.661,1,1.0,1.1766958693067626,0.042225178331136703
sun3d-home_at-home_at_scan1_2013_jan_1,10,44,0.29078928520269304,"[0.25,0.30)",0.761718749999997,1.0,0.5975,1,1.0,1.200078154803118,0.047100894153118134
sun3d-home_at-home_at_scan1_2013_jan_1,10,45,0.2874946282767512,"[0.25,0.30)",0.7812499999999969,1.0,0.641,1,1.0,1.4298501855725108,0.025717109441757202
sun3d-home_at-home_at_scan1_2013_jan_1,11,13,0.3872832369942196,"[0.30,1.00]",0.9296874999999963,1.0,0.789,1,1.0,1.827134845553809,0.06853082776069641
sun3d-home_at-home_at_scan1_2013_jan_1,11,18,0.25688541312478747,"[0.25,0.30)",0.8476562499999966,1.0,0.656,1,1.0,1.7661355689760778,0.05138112232089043
sun3d-home_at-home_at_scan1_2013_jan_1,11,20,0.20958007480448826,"[0.20,0.25)",0.45703124999999817,1.0,0.3375,1,1.0,4.050380821787333,0.045993927866220474
sun3d-home_at-home_at_scan1_2013_jan_1,11,21,0.33968038082284935,"[0.30,1.00]",0.8164062499999968,1.0,0.605,1,1.0,3.05300136852841,0.035493284463882446
sun3d-home_at-home_at_scan1_2013_jan_1,11,22,0.34014790887453245,"[0.30,1.00]",0.8164062499999968,1.0,0.6355,1,1.0,1.8772186077048147,0.03019050508737564
sun3d-home_at-home_at_scan1_2013_jan_1,11,23,0.16580244814688883,"[0.15,0.20)",0.3046874999999988,1.0,0.1795,1,1.0,0.866375417658569,0.08302254229784012
sun3d-home_at-home_at_scan1_2013_jan_1,11,44,0.16597245834750085,"[0.15,0.20)",0.6015624999999976,1.0,0.4975,1,0.0,,
sun3d-home_at-home_at_scan1_2013_jan_1,11,45,0.15929955797347842,"[0.15,0.20)",0.48046874999999806,1.0,0.4015,1,1.0,4.018538643057962,0.2259541153907776
sun3d-home_at-home_at_scan1_2013_jan_1,12,19,0.24540521617363906,"[0.20,0.25)",0.503906249999998,1.0,0.4485,1,1.0,1.8008105347901042,0.05875933915376663
sun3d-home_at-home_at_scan1_2013_jan_1,12,20,0.36991656456035943,"[0.30,1.00]",0.6210937499999976,1.0,0.5535,1,1.0,1.9715938963284043,0.0768590122461319
sun3d-home_at-home_at_scan1_2013_jan_1,12,22,0.30766089036699923,"[0.30,1.00]",0.738281249999997,1.0,0.624,1,1.0,0.4502395892623046,0.006763318087905645
sun3d-home_at-home_at_scan1_2013_jan_1,13,19,0.2522070138495181,"[0.25,0.30)",0.49218749999999806,1.0,0.4365,1,1.0,4.630835324755992,0.08523879945278168
sun3d-home_at-home_at_scan1_2013_jan_1,13,20,0.36308414999595046,"[0.30,1.00]",0.5195312499999979,1.0,0.5,1,1.0,1.1693557890228743,0.024528110399842262
sun3d-home_at-home_at_scan1_2013_jan_1,13,21,0.31367943630031586,"[0.30,1.00]",0.6679687499999973,1.0,0.549,1,1.0,0.9835744714052695,0.018435530364513397
sun3d-home_at-home_at_scan1_2013_jan_1,13,22,0.27107799465457194,"[0.25,0.30)",0.7226562499999971,1.0,0.5545,1,1.0,0.7912999260192215,0.032583240419626236
sun3d-home_at-home_at_scan1_2013_jan_1,14,19,0.331306580191866,"[0.30,1.00]",0.738281249999997,1.0,0.665,1,1.0,2.378333969951798,0.05644189193844795
sun3d-home_at-home_at_scan1_2013_jan_1,14,22,0.2964464261586272,"[0.25,0.30)",0.7226562499999971,1.0,0.628,1,1.0,0.8877930891158391,0.023364335298538208
sun3d-home_at-home_at_scan1_2013_jan_1,15,19,0.17657142857142857,"[0.15,0.20)",0.6523437499999974,1.0,0.5495,1,1.0,1.3068612101020987,0.050792645663022995
sun3d-home_at-home_at_scan1_2013_jan_1,15,22,0.4176103896103896,"[0.30,1.00]",0.9414062499999962,1.0,0.7615,1,1.0,0.7438843761343179,0.02809414267539978
sun3d-home_at-home_at_scan1_2013_jan_1,15,23,0.21475324675324675,"[0.20,0.25)",0.45703124999999817,1.0,0.3665,1,1.0,2.6750319883318343,0.15267355740070343
sun3d-home_at-home_at_scan1_2013_jan_1,16,22,0.340251572327044,"[0.30,1.00]",0.6640624999999973,1.0,0.537,1,1.0,0.2769530426626223,0.031979817897081375
sun3d-home_at-home_at_scan1_2013_jan_1,17,19,0.14073534765198398,"[0.00,0.15)",0.39453124999999845,1.0,0.399,1,1.0,1.0631205346119101,0.013333838433027267
sun3d-home_at-home_at_scan1_2013_jan_1,17,20,0.3145977429923553,"[0.30,1.00]",0.6992187499999972,1.0,0.6025,1,1.0,1.8965105558308761,0.027281148359179497
sun3d-home_at-home_at_scan1_2013_jan_1,17,23,0.275937386239534,"[0.25,0.30)",0.42187499999999833,1.0,0.387,1,1.0,3.8874596247373594,0.17084746062755585
sun3d-home_at-home_at_scan1_2013_jan_1,18,22,0.2953211009174312,"[0.25,0.30)",0.6640624999999973,1.0,0.503,1,1.0,0.9412842186540046,0.028108444064855576
sun3d-home_at-home_at_scan1_2013_jan_1,19,21,0.16376435716932197,"[0.15,0.20)",0.1523437499999994,1.0,0.0805,1,0.0,,
sun3d-home_at-home_at_scan1_2013_jan_1,1,3,0.2950113848064583,"[0.25,0.30)",0.8945312499999964,1.0,0.7955,1,1.0,2.225279515491836,0.04820139333605766
sun3d-home_at-home_at_scan1_2013_jan_1,1,31,0.2566342372179673,"[0.25,0.30)",0.14453124999999942,1.0,0.063,1,0.0,,
sun3d-home_at-home_at_scan1_2013_jan_1,1,33,0.25539225833160834,"[0.25,0.30)",0.32812499999999867,1.0,0.201,1,1.0,4.531293679677902,0.24180342257022858
sun3d-home_at-home_at_scan1_2013_jan_1,1,35,0.3482508797350445,"[0.30,1.00]",0.3710937499999985,1.0,0.2795,1,1.0,2.8082587806647124,0.07892583310604095
sun3d-home_at-home_at_scan1_2013_jan_1,1,36,0.5294969985510246,"[0.30,1.00]",0.7304687499999971,1.0,0.492,1,1.0,1.116274696773531,0.046474989503622055
sun3d-home_at-home_at_scan1_2013_jan_1,1,37,0.5356654936866073,"[0.30,1.00]",0.749999999999997,1.0,0.5705,1,1.0,1.4531996798641684,0.022787919268012047
sun3d-home_at-home_at_scan1_2013_jan_1,1,38,0.5119022976609398,"[0.30,1.00]",0.7343749999999971,1.0,0.5845,1,1.0,2.0713153842062124,0.054956283420324326
sun3d-home_at-home_at_scan1_2013_jan_1,1,39,0.22136203684537362,"[0.20,0.25)",0.6210937499999976,1.0,0.5275,1,1.0,2.611644951329568,0.08265309035778046
sun3d-home_at-home_at_scan1_2013_jan_1,1,47,0.19975160422272822,"[0.15,0.20)",0.023437499999999906,0.0,0.0155,1,0.0,,
sun3d-home_at-home_at_scan1_2013_jan_1,1,48,0.43307803767335956,"[0.30,1.00]",0.054687499999999785,0.0,0.018,1,0.0,,
sun3d-home_at-home_at_scan1_2013_jan_1,1,49,0.4004553922583316,"[0.30,1.00]",0.16796874999999933,1.0,0.055,1,0.0,,
sun3d-home_at-home_at_scan1_2013_jan_1,1,50,0.32713723866694266,"[0.30,1.00]",0.23437499999999906,1.0,0.0875,1,0.0,,
sun3d-home_at-home_at_scan1_2013_jan_1,1,51,0.2233492030635479,"[0.20,0.25)",0.16406249999999933,1.0,0.0885,1,0.0,,
sun3d-home_at-home_at_scan1_2013_jan_1,20,22,0.15775862068965518,"[0.15,0.20)",0.09374999999999963,1.0,0.0875,1,0.0,,
sun3d-home_at-home_at_scan1_2013_jan_1,21,23,0.3811210932557257,"[0.30,1.00]",0.48046874999999806,1.0,0.456,1,1.0,3.2095519189797614,0.13147218525409698
sun3d-home_at-home_at_scan1_2013_jan_1,22,31,0.4163891821651913,"[0.30,1.00]",0.6874999999999972,1.0,0.569,1,1.0,0.8213911741330813,0.04526275768876076
sun3d-home_at-home_at_scan1_2013_jan_1,22,32,0.4373426459839194,"[0.30,1.00]",0.6953124999999972,1.0,0.555,1,1.0,0.9942596264497321,0.05247101932764053
sun3d-home_at-home_at_scan1_2013_jan_1,22,42,0.2870949403069926,"[0.25,0.30)",0.0781249999999997,0.0,0.0375,1,0.0,,
sun3d-home_at-home_at_scan1_2013_jan_1,22,43,0.27077073012263464,"[0.25,0.30)",0.1015624999999996,1.0,0.0765,1,0.0,,
sun3d-home_at-home_at_scan1_2013_jan_1,23,24,0.47605900449633193,"[0.30,1.00]",0.7812499999999969,1.0,0.664,0,,,
sun3d-home_at-home_at_scan1_2013_jan_1,23,30,0.20848781257395282,"[0.20,0.25)",0.42187499999999833,1.0,0.4685,1,1.0,3.3837925873567007,0.11694397032260895
sun3d-home_at-home_at_scan1_2013_jan_1,23,43,0.4658042123530804,"[0.30,1.00]",0.5429687499999978,1.0,0.2565,1,1.0,2.3611544485096183,0.0830758810043335
sun3d-home_at-home_at_scan1_2013_jan_1,23,44,0.3801372564486866,"[0.30,1.00]",0.14453124999999942,1.0,0.1015,1,1.0,3.6978760820449845,0.19933031499385834
sun3d-home_at-home_at_scan1_2013_jan_1,23,45,0.39228524098761536,"[0.30,1.00]",0.13671874999999944,1.0,0.2145,1,1.0,2.4793872586078916,0.12824805080890656
sun3d-home_at-home_at_scan1_2013_jan_1,23,46,0.41942099865898874,"[0.30,1.00]",0.29296874999999883,1.0,0.226,1,1.0,4.488033424291216,0.22809511423110962
sun3d-home_at-home_at_scan1_2013_jan_1,23,47,0.3918908259051826,"[0.30,1.00]",0.3476562499999986,1.0,0.1785,1,1.0,3.14510268832456,0.06933052092790604
sun3d-home_at-home_at_scan1_2013_jan_1,24,27,0.22327451997924236,"[0.20,0.25)",0.496093749999998,1.0,0.2765,1,1.0,2.1057998038648873,0.13235518336296082
sun3d-home_at-home_at_scan1_2013_jan_1,24,32,0.2968993253762325,"[0.25,0.30)",0.7695312499999969,1.0,0.709,1,1.0,4.496753548083276,0.11294081807136536
sun3d-home_at-home_at_scan1_2013_jan_1,24,42,0.31940840685002597,"[0.30,1.00]",0.3710937499999985,1.0,0.1935,1,1.0,3.072687392849147,0.05895523726940155
sun3d-home_at-home_at_scan1_2013_jan_1,24,43,0.30844577062791906,"[0.30,1.00]",0.38281249999999845,1.0,0.164,1,1.0,3.5385608798309485,0.09237928688526154
sun3d-home_at-home_at_scan1_2013_jan_1,24,44,0.2831473793461339,"[0.25,0.30)",0.3242187499999987,1.0,0.1965,1,1.0,4.369867111162381,0.23284929990768433
sun3d-home_at-home_at_scan1_2013_jan_1,24,45,0.2924883238194084,"[0.25,0.30)",0.48437499999999806,1.0,0.2595,1,1.0,4.1250226279332844,0.16774481534957886
sun3d-home_at-home_at_scan1_2013_jan_1,24,46,0.2376102750389206,"[0.20,0.25)",0.18749999999999925,1.0,0.132,1,1.0,3.3567219356456515,0.05778804421424866
sun3d-home_at-home_at_scan1_2013_jan_1,24,47,0.2405941878567722,"[0.20,0.25)",0.24609374999999903,1.0,0.1045,1,1.0,3.6224468487051036,0.08228122442960739
sun3d-home_at-home_at_scan1_2013_jan_1,25,31,0.20326826382727003,"[0.20,0.25)",0.14453124999999942,1.0,0.0995,1,0.0,,
sun3d-home_at-home_at_scan1_2013_jan_1,26,30,0.32945736434108525,"[0.30,1.00]",0.6406249999999974,1.0,0.5355,1,1.0,2.1237538020179776,0.06343809515237808
sun3d-home_at-home_at_scan1_2013_jan_1,27,29,0.2221223021582734,"[0.20,0.25)",0.4062499999999984,1.0,0.278,1,1.0,3.6495875783336995,0.1101423054933548
sun3d-home_at-home_at_scan1_2013_jan_1,28,30,0.2233079122974261,"[0.20,0.25)",0.499999999999998,1.0,0.483,1,1.0,2.4038731909473845,0.10971463471651077
sun3d-home_at-home_at_scan1_2013_jan_1,29,32,0.2603507199282873,"[0.25,0.30)",0.7812499999999969,1.0,0.762,1,1.0,3.4818905467198076,0.09106267988681793
sun3d-home_at-home_at_scan1_2013_jan_1,29,42,0.3171606252451118,"[0.30,1.00]",0.26562499999999895,1.0,0.164,1,1.0,3.655377266545623,0.06720877438783646
sun3d-home_at-home_at_scan1_2013_jan_1,29,43,0.31491960333912267,"[0.30,1.00]",0.4687499999999981,1.0,0.187,1,1.0,4.614054239402024,0.10419351607561111
sun3d-home_at-home_at_scan1_2013_jan_1,29,44,0.30007283321194467,"[0.30,1.00]",0.253906249999999,1.0,0.182,1,1.0,8.696103465439975,0.2835215926170349
sun3d-home_at-home_at_scan1_2013_jan_1,29,45,0.3144153734102751,"[0.30,1.00]",0.507812499999998,1.0,0.272,1,1.0,4.827345864923514,0.17845314741134644
sun3d-home_at-home_at_scan1_2013_jan_1,29,46,0.2472407417782509,"[0.20,0.25)",0.28515624999999883,1.0,0.198,1,1.0,5.2170665238379526,0.10223022103309631
sun3d-home_at-home_at_scan1_2013_jan_1,29,47,0.24438343884811475,"[0.20,0.25)",0.2226562499999991,1.0,0.1275,1,1.0,3.851834458802739,0.055047597736120224
sun3d-home_at-home_at_scan1_2013_jan_1,2,3,0.2640010252467,"[0.25,0.30)",0.8164062499999968,1.0,0.7415,0,,,
sun3d-home_at-home_at_scan1_2013_jan_1,2,31,0.22722029988465975,"[0.20,0.25)",0.11328124999999954,1.0,0.0565,1,0.0,,
sun3d-home_at-home_at_scan1_2013_jan_1,2,33,0.2601136315092486,"[0.25,0.30)",0.253906249999999,1.0,0.1485,1,0.0,,
sun3d-home_at-home_at_scan1_2013_jan_1,2,35,0.31983425178350205,"[0.30,1.00]",0.48437499999999806,1.0,0.3225,1,1.0,1.7769615580222,0.048276349902153015
sun3d-home_at-home_at_scan1_2013_jan_1,2,37,0.5591866376180101,"[0.30,1.00]",0.749999999999997,1.0,0.5645,1,1.0,1.540530710817364,0.024152090772986412
sun3d-home_at-home_at_scan1_2013_jan_1,2,39,0.24768251527190396,"[0.20,0.25)",0.6328124999999974,1.0,0.552,1,1.0,2.568264606307702,0.09674177318811417
sun3d-home_at-home_at_scan1_2013_jan_1,2,48,0.4165919090947926,"[0.30,1.00]",0.03906249999999985,0.0,0.018,1,0.0,,
sun3d-home_at-home_at_scan1_2013_jan_1,2,49,0.3399119996582511,"[0.30,1.00]",0.015624999999999938,0.0,0.001,1,0.0,,
sun3d-home_at-home_at_scan1_2013_jan_1,2,50,0.27485155282156437,"[0.25,0.30)",0.0,0.0,0.0,1,0.0,,
sun3d-home_at-home_at_scan1_2013_jan_1,2,51,0.153359818873083,"[0.15,0.20)",0.0039062499999999844,0.0,0.0,1,0.0,,
sun3d-home_at-home_at_scan1_2013_jan_1,30,33,0.2573355817875211,"[0.25,0.30)",0.4687499999999981,1.0,0.3915,1,1.0,1.348716805399081,0.07396358996629715
sun3d-home_at-home_at_scan1_2013_jan_1,30,34,0.1163575042158516,"[0.00,0.15)",0.0781249999999997,1.0,0.1255,1,1.0,6.18561013285958,0.10737278312444687
sun3d-home_at-home_at_scan1_2013_jan_1,30,36,0.11475548060708263,"[0.00,0.15)",0.011718749999999953,0.0,0.0225,1,0.0,,
sun3d-home_at-home_at_scan1_2013_jan_1,30,41,0.1627318718381113,"[0.15,0.20)",0.019531249999999924,0.0,0.016,1,1.0,14.518484955646429,0.308498740196228
sun3d-home_at-home_at_scan1_2013_jan_1,30,42,0.42377740303541317,"[0.30,1.00]",0.2812499999999989,1.0,0.19,1,1.0,1.2814582868936724,0.12518548965454102
sun3d-home_at-home_at_scan1_2013_jan_1,30,46,0.3038785834738617,"[0.30,1.00]",0.29296874999999883,1.0,0.163,1,1.0,3.427255514102729,0.21364399790763855
sun3d-home_at-home_at_scan1_2013_jan_1,30,48,0.23086003372681282,"[0.20,0.25)",0.21093749999999917,1.0,0.1995,1,1.0,4.36286949607118,0.1866765320301056
sun3d-home_at-home_at_scan1_2013_jan_1,31,35,0.32880570571934764,"[0.30,1.00]",0.26953124999999895,1.0,0.3325,1,1.0,1.9383580835767922,0.09116126596927643
sun3d-home_at-home_at_scan1_2013_jan_1,31,37,0.40121746240857675,"[0.30,1.00]",0.2812499999999989,1.0,0.312,1,1.0,1.8079688489926902,0.045995622873306274
sun3d-home_at-home_at_scan1_2013_jan_1,31,38,0.19424885295052924,"[0.15,0.20)",0.6640624999999973,1.0,0.5715,1,1.0,1.3825347180353045,0.03019626997411251
sun3d-home_at-home_at_scan1_2013_jan_1,31,41,0.32844228410484716,"[0.30,1.00]",0.249999999999999,1.0,0.3405,1,1.0,2.3881890500892307,0.06148054450750351
sun3d-home_at-home_at_scan1_2013_jan_1,31,42,0.4565029755144687,"[0.30,1.00]",0.742187499999997,1.0,0.4365,1,1.0,0.874915936040498,0.02847103402018547
sun3d-home_at-home_at_scan1_2013_jan_1,31,46,0.2849225457684096,"[0.25,0.30)",0.4062499999999984,1.0,0.262,1,1.0,1.7590295825728248,0.09550448507070541
sun3d-home_at-home_at_scan1_2013_jan_1,31,49,0.3012310907191205,"[0.30,1.00]",0.19531249999999922,1.0,0.178,1,1.0,4.380432040796404,0.17981769144535065
sun3d-home_at-home_at_scan1_2013_jan_1,32,34,0.2221254355400697,"[0.20,0.25)",0.42187499999999833,1.0,0.4605,1,1.0,1.474588310289508,0.03268355876207352
sun3d-home_at-home_at_scan1_2013_jan_1,32,36,0.20321055251368841,"[0.20,0.25)",0.46484374999999817,1.0,0.485,1,1.0,2.2584544408551324,0.09497541934251785
sun3d-home_at-home_at_scan1_2013_jan_1,32,37,0.15946988551518168,"[0.15,0.20)",0.21093749999999917,1.0,0.249,1,1.0,2.718149838628743,0.10822039842605591
sun3d-home_at-home_at_scan1_2013_jan_1,32,38,0.16886510701841712,"[0.15,0.20)",0.496093749999998,1.0,0.487,1,1.0,3.1972068179941626,0.0883234441280365
sun3d-home_at-home_at_scan1_2013_jan_1,32,39,0.2066948730711797,"[0.20,0.25)",0.4492187499999982,1.0,0.5045,1,1.0,2.4142727124949257,0.07056544721126556
sun3d-home_at-home_at_scan1_2013_jan_1,32,40,0.37611996017919364,"[0.30,1.00]",0.5156249999999979,1.0,0.4305,1,1.0,3.0645215302741198,0.0371972993016243
sun3d-home_at-home_at_scan1_2013_jan_1,32,41,0.3462543554006969,"[0.30,1.00]",0.5820312499999977,1.0,0.474,1,1.0,3.427598256212454,0.09504631161689758
sun3d-home_at-home_at_scan1_2013_jan_1,32,43,0.3006470881035341,"[0.30,1.00]",0.46093749999999817,1.0,0.173,1,1.0,2.8570468539811373,0.13944558799266815
sun3d-home_at-home_at_scan1_2013_jan_1,32,44,0.2261075161772026,"[0.20,0.25)",0.2734374999999989,1.0,0.1305,1,1.0,4.318379169029882,0.12540625035762787
sun3d-home_at-home_at_scan1_2013_jan_1,32,45,0.23550273768043803,"[0.20,0.25)",0.4374999999999983,1.0,0.21,1,1.0,4.16612237132885,0.1251438558101654
sun3d-home_at-home_at_scan1_2013_jan_1,32,46,0.3950970632155301,"[0.30,1.00]",0.36718749999999856,1.0,0.306,1,1.0,0.6280729981118316,0.06576187908649445
sun3d-home_at-home_at_scan1_2013_jan_1,32,47,0.5452961672473867,"[0.30,1.00]",0.6132812499999976,1.0,0.3635,1,1.0,1.1508008117753645,0.1196088194847107
sun3d-home_at-home_at_scan1_2013_jan_1,32,48,0.22853409656545545,"[0.20,0.25)",0.10546874999999958,1.0,0.138,1,0.0,,
sun3d-home_at-home_at_scan1_2013_jan_1,33,35,0.30694385689248804,"[0.30,1.00]",0.6835937499999972,1.0,0.585,1,1.0,3.4525266396161025,0.08023273199796677
sun3d-home_at-home_at_scan1_2013_jan_1,33,46,0.3215688644467275,"[0.30,1.00]",0.4335937499999983,1.0,0.288,1,1.0,2.198913441200303,0.08283289521932602
sun3d-home_at-home_at_scan1_2013_jan_1,33,49,0.28772587175923126,"[0.25,0.30)",0.13281249999999947,0.0,0.037,1,0.0,,
sun3d-home_at-home_at_scan1_2013_jan_1,34,38,0.4660833798103737,"[0.30,1.00]",0.6601562499999973,1.0,0.565,1,1.0,4.274159788531268,0.0554543063044548
sun3d-home_at-home_at_scan1_2013_jan_1,34,41,0.17948271054099274,"[0.15,0.20)",0.6874999999999972,1.0,0.528,1,1.0,1.229396998025253,0.04867764562368393
sun3d-home_at-home_at_scan1_2013_jan_1,34,47,0.2740170105967652,"[0.25,0.30)",0.8359374999999967,1.0,0.6405,1,1.0,1.6874842351324932,0.07071460038423538
sun3d-home_at-home_at_scan1_2013_jan_1,34,51,0.19520356943669828,"[0.15,0.20)",0.28906249999999883,1.0,0.2855,1,1.0,2.05175870288259,0.03660964593291283
sun3d-home_at-home_at_scan1_2013_jan_1,34,55,0.2180702732849972,"[0.20,0.25)",0.8203124999999967,1.0,0.662,1,1.0,0.7501709241706725,0.027212923392653465
sun3d-home_at-home_at_scan1_2013_jan_1,35,36,0.3327753511364528,"[0.30,1.00]",0.9374999999999962,1.0,0.8255,0,,,
sun3d-home_at-home_at_scan1_2013_jan_1,35,37,0.2564800041848665,"[0.25,0.30)",0.8749999999999966,1.0,0.765,1,1.0,1.388184934528731,0.03538510203361511
sun3d-home_at-home_at_scan1_2013_jan_1,35,48,0.25878168074699864,"[0.25,0.30)",0.761718749999997,1.0,0.656,1,1.0,2.1150734658309314,0.06750945001840591
sun3d-home_at-home_at_scan1_2013_jan_1,35,51,0.4699866607381058,"[0.30,1.00]",0.7773437499999969,1.0,0.533,1,1.0,1.4055562976119502,0.047911498695611954
sun3d-home_at-home_at_scan1_2013_jan_1,35,52,0.24680250045771976,"[0.20,0.25)",0.6992187499999972,1.0,0.4355,1,1.0,3.281932971810132,0.024943556636571884
sun3d-home_at-home_at_scan1_2013_jan_1,35,53,0.40289802003504827,"[0.30,1.00]",0.7890624999999969,1.0,0.6155,1,1.0,3.2307091968522283,0.06056467443704605
sun3d-home_at-home_at_scan1_2013_jan_1,35,56,0.3156173985823765,"[0.30,1.00]",0.8124999999999968,1.0,0.642,1,1.0,2.0660173189207915,0.0682229995727539
sun3d-home_at-home_at_scan1_2013_jan_1,35,57,0.23545105013993148,"[0.20,0.25)",0.746093749999997,1.0,0.5445,1,0.0,,
sun3d-home_at-home_at_scan1_2013_jan_1,35,58,0.26864227238249677,"[0.25,0.30)",0.738281249999997,1.0,0.4875,1,1.0,7.605400558993951,0.23097752034664154
sun3d-home_at-home_at_scan1_2013_jan_1,36,38,0.41754905014014326,"[0.30,1.00]",0.8945312499999964,1.0,0.6625,1,1.0,2.9647790644728103,0.033669788390398026
sun3d-home_at-home_at_scan1_2013_jan_1,36,41,0.20682809093740268,"[0.20,0.25)",0.753906249999997,1.0,0.652,1,1.0,0.6702720389574625,0.03165245056152344
sun3d-home_at-home_at_scan1_2013_jan_1,36,47,0.2818047337278107,"[0.25,0.30)",0.8085937499999968,1.0,0.5995,1,1.0,1.2660955792673974,0.050431083887815475
sun3d-home_at-home_at_scan1_2013_jan_1,36,50,0.3509031454375584,"[0.30,1.00]",0.6523437499999974,1.0,0.5705,1,1.0,2.537133433471665,0.07588227838277817
sun3d-home_at-home_at_scan1_2013_jan_1,36,51,0.23473995639987544,"[0.20,0.25)",0.5976562499999976,1.0,0.5,1,1.0,2.341676925048655,0.15242797136306763
sun3d-home_at-home_at_scan1_2013_jan_1,36,55,0.3668249766427904,"[0.30,1.00]",0.8046874999999968,1.0,0.7445,1,1.0,2.2396573601166536,0.05759231001138687
sun3d-home_at-home_at_scan1_2013_jan_1,37,39,0.2513364446330081,"[0.25,0.30)",0.6601562499999973,1.0,0.5015,1,1.0,2.1171082224867854,0.031245851889252663
sun3d-home_at-home_at_scan1_2013_jan_1,37,41,0.17955027577428936,"[0.15,0.20)",0.6718749999999973,1.0,0.5995,1,1.0,0.40541819288584663,0.027912411838769913
sun3d-home_at-home_at_scan1_2013_jan_1,37,47,0.2175222740772168,"[0.20,0.25)",0.6367187499999974,1.0,0.4645,1,1.0,1.2975442153067893,0.04809374734759331
sun3d-home_at-home_at_scan1_2013_jan_1,37,48,0.42804412388629615,"[0.30,1.00]",0.8554687499999966,1.0,0.6835,1,1.0,1.1700249715755224,0.04486460238695145
sun3d-home_at-home_at_scan1_2013_jan_1,37,50,0.2652948663555367,"[0.25,0.30)",0.7031249999999972,1.0,0.535,1,1.0,1.9719909140563276,0.05390138551592827
sun3d-home_at-home_at_scan1_2013_jan_1,37,51,0.28120492151039456,"[0.25,0.30)",0.5781249999999977,1.0,0.3445,1,0.0,,
sun3d-home_at-home_at_scan1_2013_jan_1,37,55,0.30593975392448025,"[0.30,1.00]",0.6757812499999973,1.0,0.522,1,1.0,3.4189048783633154,0.06123649328947067
sun3d-home_at-home_at_scan1_2013_jan_1,38,40,0.18090472062416266,"[0.15,0.20)",0.6562499999999973,1.0,0.6435,1,1.0,3.3694129312873993,0.06962483376264572
sun3d-home_at-home_at_scan1_2013_jan_1,38,41,0.2007644416423674,"[0.20,0.25)",0.742187499999997,1.0,0.6905,1,1.0,1.9662263139383926,0.04956129565834999
sun3d-home_at-home_at_scan1_2013_jan_1,38,48,0.3217747655449602,"[0.30,1.00]",0.4453124999999982,1.0,0.384,1,1.0,1.2851180142968424,0.0672437995672226
sun3d-home_at-home_at_scan1_2013_jan_1,39,41,0.3236869346055178,"[0.30,1.00]",0.8398437499999967,1.0,0.711,1,1.0,1.3559520230047815,0.0396086610853672
sun3d-home_at-home_at_scan1_2013_jan_1,39,42,0.22903821054052836,"[0.20,0.25)",0.5937499999999977,1.0,0.533,1,1.0,2.9528701630672565,0.09179500490427017
sun3d-home_at-home_at_scan1_2013_jan_1,39,46,0.16778432872766552,"[0.15,0.20)",0.07421874999999971,1.0,0.055,1,0.0,,
sun3d-home_at-home_at_scan1_2013_jan_1,39,47,0.16728925694225663,"[0.15,0.20)",0.3203124999999987,1.0,0.3135,1,1.0,2.048895077453501,0.10018197447061539
sun3d-home_at-home_at_scan1_2013_jan_1,3,24,0.20158348210820462,"[0.20,0.25)",0.1718749999999993,0.0,0.0245,1,0.0,,
sun3d-home_at-home_at_scan1_2013_jan_1,3,25,0.1824109291314135,"[0.15,0.20)",0.18749999999999925,1.0,0.058,1,0.0,,
sun3d-home_at-home_at_scan1_2013_jan_1,3,26,0.14297911977023986,"[0.00,0.15)",0.11328124999999954,0.0,0.0135,1,0.0,,
sun3d-home_at-home_at_scan1_2013_jan_1,3,29,0.23441744935185904,"[0.20,0.25)",0.249999999999999,0.0,0.0445,1,0.0,,
sun3d-home_at-home_at_scan1_2013_jan_1,3,30,0.33586897461771326,"[0.30,1.00]",0.2031249999999992,0.0,0.026,1,0.0,,
sun3d-home_at-home_at_scan1_2013_jan_1,3,32,0.242800589924707,"[0.20,0.25)",0.14062499999999944,0.0,0.0155,1,0.0,,
sun3d-home_at-home_at_scan1_2013_jan_1,3,33,0.43274082123728946,"[0.30,1.00]",0.4062499999999984,1.0,0.347,1,1.0,1.4941002758321105,0.040783777832984924
sun3d-home_at-home_at_scan1_2013_jan_1,3,34,0.3644337499029729,"[0.30,1.00]",0.39453124999999845,1.0,0.3225,1,1.0,2.194815305142297,0.12126711755990982
sun3d-home_at-home_at_scan1_2013_jan_1,3,35,0.2958161918807731,"[0.25,0.30)",0.3515624999999986,1.0,0.29,1,1.0,2.13881390986904,0.07837813347578049
sun3d-home_at-home_at_scan1_2013_jan_1,3,36,0.35325622913917565,"[0.30,1.00]",0.3203124999999987,1.0,0.3445,1,1.0,0.9507988666843636,0.01545108761638403
sun3d-home_at-home_at_scan1_2013_jan_1,3,37,0.33579135294574247,"[0.30,1.00]",0.5546874999999978,1.0,0.451,1,1.0,1.2993527176325912,0.026159219443798065
sun3d-home_at-home_at_scan1_2013_jan_1,3,38,0.2650780097803307,"[0.25,0.30)",0.41406249999999833,1.0,0.409,1,1.0,2.3451847959897782,0.012055477127432823
sun3d-home_at-home_at_scan1_2013_jan_1,3,40,0.15726150741286968,"[0.15,0.20)",0.18749999999999925,1.0,0.277,1,1.0,1.6999629494394657,0.06416411697864532
sun3d-home_at-home_at_scan1_2013_jan_1,3,41,0.33633470464953813,"[0.30,1.00]",0.41015624999999833,1.0,0.303,1,1.0,1.273492804155119,0.039569299668073654
sun3d-home_at-home_at_scan1_2013_jan_1,3,42,0.26399130637273927,"[0.25,0.30)",0.12109374999999951,1.0,0.11,1,0.0,,
sun3d-home_at-home_at_scan1_2013_jan_1,3,44,0.17798649382907708,"[0.15,0.20)",0.3085937499999988,1.0,0.2365,1,1.0,2.5270843206142826,0.054615166038274765
sun3d-home_at-home_at_scan1_2013_jan_1,3,45,0.1911821780641155,"[0.15,0.20)",0.4296874999999983,1.0,0.3,1,1.0,3.7318209757101024,0.0879421979188919
sun3d-home_at-home_at_scan1_2013_jan_1,3,46,0.19087169137623225,"[0.15,0.20)",0.08984374999999964,1.0,0.1045,1,0.0,,
sun3d-home_at-home_at_scan1_2013_jan_1,3,48,0.4450826670806489,"[0.30,1.00]",0.011718749999999953,0.0,0.021,1,0.0,,
sun3d-home_at-home_at_scan1_2013_jan_1,3,49,0.264922766436389,"[0.25,0.30)",0.027343749999999892,0.0,0.0385,1,0.0,,
sun3d-home_at-home_at_scan1_2013_jan_1,40,42,0.3421656869948567,"[0.30,1.00]",0.8359374999999967,1.0,0.628,1,1.0,1.143294517416342,0.03768061846494675
sun3d-home_at-home_at_scan1_2013_jan_1,40,43,0.16646767083027186,"[0.15,0.20)",0.6757812499999973,1.0,0.4205,1,1.0,5.768504835950976,0.064177967607975
sun3d-home_at-home_at_scan1_2013_jan_1,40,44,0.19737325495958855,"[0.15,0.20)",0.5429687499999978,1.0,0.344,1,1.0,1.3446480817836457,0.033763233572244644
sun3d-home_at-home_at_scan1_2013_jan_1,40,45,0.20403196179279942,"[0.20,0.25)",0.41796874999999833,1.0,0.2935,1,1.0,4.683746936827165,0.13375790417194366
sun3d-home_at-home_at_scan1_2013_jan_1,40,46,0.2669452608376194,"[0.25,0.30)",0.7226562499999971,1.0,0.442,1,1.0,1.688179916221046,0.08294370770454407
sun3d-home_at-home_at_scan1_2013_jan_1,40,47,0.23108008817046288,"[0.20,0.25)",0.761718749999997,1.0,0.505,1,1.0,3.278590696966761,0.1387905329465866
sun3d-home_at-home_at_scan1_2013_jan_1,40,48,0.14975202057310802,"[0.00,0.15)",0.496093749999998,1.0,0.425,1,1.0,2.963458214409117,0.10994300246238708
sun3d-home_at-home_at_scan1_2013_jan_1,41,43,0.28070278184480235,"[0.25,0.30)",0.5976562499999976,1.0,0.4215,1,1.0,1.8524515953773995,0.07109496742486954
sun3d-home_at-home_at_scan1_2013_jan_1,41,44,0.33118594436310395,"[0.30,1.00]",0.6718749999999973,1.0,0.4185,1,1.0,1.6430627828817879,0.05467913672327995
sun3d-home_at-home_at_scan1_2013_jan_1,41,45,0.3428404099560761,"[0.30,1.00]",0.5585937499999978,1.0,0.326,1,1.0,2.6941352990895195,0.11806873232126236
sun3d-home_at-home_at_scan1_2013_jan_1,43,48,0.1607233640787276,"[0.15,0.20)",0.0039062499999999844,0.0,0.0,1,0.0,,
sun3d-home_at-home_at_scan1_2013_jan_1,44,48,0.13317917630148116,"[0.00,0.15)",0.0,0.0,0.0,1,0.0,,
sun3d-home_at-home_at_scan1_2013_jan_1,46,48,0.33672308348741287,"[0.30,1.00]",0.507812499999998,1.0,0.442,1,1.0,2.3878612023349155,0.10630442202091217
sun3d-home_at-home_at_scan1_2013_jan_1,47,49,0.23378179639413912,"[0.20,0.25)",0.757812499999997,1.0,0.6905,1,1.0,0.3669083924131978,0.010487985797226429
sun3d-home_at-home_at_scan1_2013_jan_1,48,50,0.37853356890459366,"[0.30,1.00]",0.8906249999999964,1.0,0.808,1,1.0,1.9670224351924188,0.049895990639925
sun3d-home_at-home_at_scan1_2013_jan_1,48,51,0.16249509226541028,"[0.15,0.20)",0.5546874999999978,1.0,0.4675,1,1.0,1.8736706568611787,0.05652305483818054
sun3d-home_at-home_at_scan1_2013_jan_1,49,52,0.3018191747158606,"[0.30,1.00]",0.5468749999999978,1.0,0.3245,1,1.0,6.521012289204701,0.1328495293855667
sun3d-home_at-home_at_scan1_2013_jan_1,49,53,0.2762210314345199,"[0.25,0.30)",0.5703124999999977,1.0,0.3395,1,1.0,8.072486442844935,0.2002510130405426
sun3d-home_at-home_at_scan1_2013_jan_1,49,54,0.33325369466534693,"[0.30,1.00]",0.5234374999999979,1.0,0.2885,1,1.0,10.550626644543978,0.3240694999694824
sun3d-home_at-home_at_scan1_2013_jan_1,49,55,0.5421004129833783,"[0.30,1.00]",0.6249999999999976,1.0,0.4635,1,1.0,1.601322335869549,0.06444811075925827
sun3d-home_at-home_at_scan1_2013_jan_1,49,56,0.2248199597255879,"[0.20,0.25)",0.4296874999999983,1.0,0.2375,1,0.0,,
sun3d-home_at-home_at_scan1_2013_jan_1,4,24,0.26366919915307013,"[0.25,0.30)",0.36718749999999856,1.0,0.1035,1,0.0,,
sun3d-home_at-home_at_scan1_2013_jan_1,4,25,0.25370531822144726,"[0.25,0.30)",0.2031249999999992,1.0,0.076,1,0.0,,
sun3d-home_at-home_at_scan1_2013_jan_1,4,26,0.20538049570307634,"[0.20,0.25)",0.18749999999999925,1.0,0.087,1,0.0,,
sun3d-home_at-home_at_scan1_2013_jan_1,4,29,0.2772449869224063,"[0.25,0.30)",0.3515624999999986,1.0,0.0975,1,0.0,,
sun3d-home_at-home_at_scan1_2013_jan_1,4,30,0.3288080707435546,"[0.30,1.00]",0.3085937499999988,1.0,0.0985,1,0.0,,
sun3d-home_at-home_at_scan1_2013_jan_1,4,31,0.2520239133142359,"[0.25,0.30)",0.28515624999999883,0.0,0.0055,1,0.0,,
sun3d-home_at-home_at_scan1_2013_jan_1,4,32,0.20793374019180472,"[0.20,0.25)",0.11328124999999954,0.0,0.0165,1,0.0,,
sun3d-home_at-home_at_scan1_2013_jan_1,4,42,0.3196537551376261,"[0.30,1.00]",0.2031249999999992,1.0,0.0975,1,0.0,,
sun3d-home_at-home_at_scan1_2013_jan_1,4,44,0.3813052684020426,"[0.30,1.00]",0.21093749999999917,1.0,0.132,1,0.0,,
sun3d-home_at-home_at_scan1_2013_jan_1,4,45,0.4258313613152323,"[0.30,1.00]",0.2773437499999989,1.0,0.1485,1,0.0,,
sun3d-home_at-home_at_scan1_2013_jan_1,4,47,0.2475401668950056,"[0.20,0.25)",0.16015624999999936,1.0,0.0585,1,0.0,,
sun3d-home_at-home_at_scan1_2013_jan_1,4,8,0.26354465064142485,"[0.25,0.30)",0.3437499999999986,1.0,0.1645,1,1.0,4.279471887822951,0.14634211361408234
sun3d-home_at-home_at_scan1_2013_jan_1,50,52,0.3031205624632009,"[0.30,1.00]",0.48046874999999806,1.0,0.274,1,1.0,5.449494167754401,0.09774013608694077
sun3d-home_at-home_at_scan1_2013_jan_1,50,53,0.3195372839677207,"[0.30,1.00]",0.5937499999999977,1.0,0.3205,1,1.0,9.968412843135518,0.22993122041225433
sun3d-home_at-home_at_scan1_2013_jan_1,50,54,0.41595954698160914,"[0.30,1.00]",0.5781249999999977,1.0,0.317,1,1.0,3.309969622885481,0.11310916393995285
sun3d-home_at-home_at_scan1_2013_jan_1,50,55,0.5292487791362173,"[0.30,1.00]",0.6484374999999974,1.0,0.455,1,1.0,1.6205163531304898,0.06450780481100082
sun3d-home_at-home_at_scan1_2013_jan_1,50,56,0.26606171856059296,"[0.25,0.30)",0.6406249999999974,1.0,0.4235,1,1.0,4.356759858683534,0.1387280970811844
sun3d-home_at-home_at_scan1_2013_jan_1,50,57,0.21646520971149516,"[0.20,0.25)",0.5898437499999977,1.0,0.335,1,1.0,1.7501065389351214,0.06803714483976364
sun3d-home_at-home_at_scan1_2013_jan_1,50,58,0.269074914279777,"[0.25,0.30)",0.6289062499999974,1.0,0.437,1,1.0,2.399635519122996,0.10720158368349075
sun3d-home_at-home_at_scan1_2013_jan_1,51,52,0.40414507772020725,"[0.30,1.00]",0.5703124999999977,1.0,0.3565,0,,,
sun3d-home_at-home_at_scan1_2013_jan_1,51,53,0.2894967945903223,"[0.25,0.30)",0.48046874999999806,1.0,0.2115,1,1.0,9.010268453589072,0.19459588825702667
sun3d-home_at-home_at_scan1_2013_jan_1,51,54,0.47202950733292354,"[0.30,1.00]",0.6210937499999976,1.0,0.3725,1,1.0,1.675613478570678,0.05167212337255478
sun3d-home_at-home_at_scan1_2013_jan_1,51,57,0.222929656625977,"[0.20,0.25)",0.511718749999998,1.0,0.234,1,0.0,,
sun3d-home_at-home_at_scan1_2013_jan_1,51,58,0.23777114253095635,"[0.20,0.25)",0.4335937499999983,1.0,0.2085,1,0.0,,
sun3d-home_at-home_at_scan1_2013_jan_1,52,57,0.22684780415629835,"[0.20,0.25)",0.4335937499999983,1.0,0.174,1,0.0,,
sun3d-home_at-home_at_scan1_2013_jan_1,52,58,0.2310848073172372,"[0.20,0.25)",0.2773437499999989,1.0,0.1035,1,0.0,,
sun3d-home_at-home_at_scan1_2013_jan_1,53,57,0.3377310311284047,"[0.30,1.00]",0.7734374999999969,1.0,0.5305,1,1.0,2.9537981313864314,0.09167629480361938
sun3d-home_at-home_at_scan1_2013_jan_1,54,56,0.2427030456852792,"[0.20,0.25)",0.7851562499999969,1.0,0.625,1,1.0,0.628695783883944,0.03986405208706856
sun3d-home_at-home_at_scan1_2013_jan_1,54,57,0.24373413705583757,"[0.20,0.25)",0.8398437499999967,1.0,0.6545,1,1.0,3.5525873932209984,0.096683569252491
sun3d-home_at-home_at_scan1_2013_jan_1,54,58,0.24547906091370558,"[0.20,0.25)",0.6835937499999972,1.0,0.5095,1,1.0,4.957960821643617,0.12298956513404846
sun3d-home_at-home_at_scan1_2013_jan_1,55,56,0.33547686990072745,"[0.30,1.00]",0.8789062499999964,1.0,0.7325,0,,,
sun3d-home_at-home_at_scan1_2013_jan_1,55,58,0.23833447208713476,"[0.20,0.25)",0.749999999999997,1.0,0.561,1,1.0,3.0406651340442585,0.09557612240314484
sun3d-home_at-home_at_scan1_2013_jan_1,57,59,0.245232713151336,"[0.20,0.25)",0.5781249999999977,1.0,0.5195,1,1.0,3.603044297444268,0.05032392963767052
sun3d-home_at-home_at_scan1_2013_jan_1,5,11,0.20356644107852614,"[0.20,0.25)",0.41015624999999833,1.0,0.333,1,1.0,5.406315010934318,0.23611174523830414
sun3d-home_at-home_at_scan1_2013_jan_1,5,15,0.3055645074658932,"[0.30,1.00]",0.3203124999999987,1.0,0.2165,1,1.0,9.84578385084311,0.29287296533584595
sun3d-home_at-home_at_scan1_2013_jan_1,5,40,0.16521645719196476,"[0.15,0.20)",0.35937499999999856,1.0,0.3665,1,1.0,2.043347360210525,0.06688674539327621
sun3d-home_at-home_at_scan1_2013_jan_1,5,6,0.1781609195402299,"[0.15,0.20)",0.3124999999999988,1.0,0.3795,0,,,
sun3d-home_at-home_at_scan1_2013_jan_1,6,10,0.20737569475739823,"[0.20,0.25)",0.0039062499999999844,0.0,0.0,1,0.0,,
sun3d-home_at-home_at_scan1_2013_jan_1,6,24,0.33513594712332884,"[0.30,1.00]",0.32812499999999867,1.0,0.114,1,0.0,,
sun3d-home_at-home_at_scan1_2013_jan_1,6,25,0.3412197686645636,"[0.30,1.00]",0.23046874999999908,1.0,0.085,1,0.0,,
sun3d-home_at-home_at_scan1_2013_jan_1,6,26,0.26566020730058587,"[0.25,0.30)",0.24218749999999903,1.0,0.1275,1,0.0,,
sun3d-home_at-home_at_scan1_2013_jan_1,6,29,0.3651795102899204,"[0.30,1.00]",0.36718749999999856,1.0,0.125,1,0.0,,
sun3d-home_at-home_at_scan1_2013_jan_1,6,30,0.42226228030644436,"[0.30,1.00]",0.39062499999999845,1.0,0.0915,1,0.0,,
sun3d-home_at-home_at_scan1_2013_jan_1,6,31,0.2833108006609584,"[0.25,0.30)",0.18359374999999928,0.0,0.0325,1,0.0,,
sun3d-home_at-home_at_scan1_2013_jan_1,6,42,0.33385909568874866,"[0.30,1.00]",0.12109374999999951,0.0,0.04,1,0.0,,
sun3d-home_at-home_at_scan1_2013_jan_1,6,43,0.36134895598617994,"[0.30,1.00]",0.16015624999999936,1.0,0.0685,1,0.0,,
sun3d-home_at-home_at_scan1_2013_jan_1,6,44,0.46875469430674477,"[0.30,1.00]",0.13671874999999944,1.0,0.07,1,0.0,,
sun3d-home_at-home_at_scan1_2013_jan_1,6,45,0.5217064743878624,"[0.30,1.00]",0.1562499999999994,1.0,0.0625,1,0.0,,
sun3d-home_at-home_at_scan1_2013_jan_1,6,46,0.26603575184016826,"[0.25,0.30)",0.06640624999999974,0.0,0.032,1,0.0,,
sun3d-home_at-home_at_scan1_2013_jan_1,6,47,0.30201291873216163,"[0.30,1.00]",0.07421874999999971,0.0,0.016,1,0.0,,
sun3d-home_at-home_at_scan1_2013_jan_1,6,8,0.34542586750788645,"[0.30,1.00]",0.4414062499999982,1.0,0.208,1,1.0,6.495341457760326,0.19955036044120789
sun3d-home_at-home_at_scan1_2013_jan_1,6,9,0.25619648490310953,"[0.25,0.30)",0.08203124999999967,1.0,0.084,1,0.0,,
sun3d-home_at-home_at_scan1_2013_jan_1,7,10,0.2533112582781457,"[0.25,0.30)",0.1562499999999994,1.0,0.139,1,1.0,4.366728539938249,0.12750694155693054
sun3d-home_at-home_at_scan1_2013_jan_1,7,24,0.3723006046645551,"[0.30,1.00]",0.4726562499999981,1.0,0.2165,1,0.0,,
sun3d-home_at-home_at_scan1_2013_jan_1,7,25,0.3507774258566081,"[0.30,1.00]",0.249999999999999,1.0,0.1015,1,0.0,,
sun3d-home_at-home_at_scan1_2013_jan_1,7,26,0.30737114886265476,"[0.30,1.00]",0.2734374999999989,1.0,0.152,1,0.0,,
sun3d-home_at-home_at_scan1_2013_jan_1,7,28,0.21595162683558883,"[0.20,0.25)",0.23046874999999908,1.0,0.1055,1,0.0,,
sun3d-home_at-home_at_scan1_2013_jan_1,7,29,0.4231932047221422,"[0.30,1.00]",0.4453124999999982,1.0,0.205,1,0.0,,
sun3d-home_at-home_at_scan1_2013_jan_1,7,30,0.3863374604088684,"[0.30,1.00]",0.4374999999999983,1.0,0.1835,1,0.0,,
sun3d-home_at-home_at_scan1_2013_jan_1,7,31,0.20738554563777714,"[0.20,0.25)",0.21874999999999914,1.0,0.062,1,0.0,,
sun3d-home_at-home_at_scan1_2013_jan_1,7,43,0.3263029081485747,"[0.30,1.00]",0.3164062499999987,1.0,0.259,1,1.0,3.6952275825003276,0.15435178577899933
sun3d-home_at-home_at_scan1_2013_jan_1,7,44,0.3463144255686726,"[0.30,1.00]",0.5156249999999979,1.0,0.391,1,1.0,1.4404858015343946,0.06865780800580978
sun3d-home_at-home_at_scan1_2013_jan_1,7,45,0.38237834725021597,"[0.30,1.00]",0.48437499999999806,1.0,0.34,1,1.0,1.4946240917966132,0.09960219264030457
sun3d-home_at-home_at_scan1_2013_jan_1,7,47,0.18067952778577598,"[0.15,0.20)",0.23046874999999908,1.0,0.1895,1,1.0,1.5466161488959151,0.0696224495768547
sun3d-home_at-home_at_scan1_2013_jan_1,7,9,0.37050100777425854,"[0.30,1.00]",0.5273437499999979,1.0,0.42,1,1.0,2.6646210986863483,0.05270376801490784
sun3d-home_at-home_at_scan1_2013_jan_1,8,11,0.14617910712700807,"[0.00,0.15)",0.12109374999999951,0.0,0.0315,1,0.0,,
sun3d-home_at-home_at_scan1_2013_jan_1,8,25,0.3719712434543357,"[0.30,1.00]",0.3515624999999986,1.0,0.1525,1,0.0,,
sun3d-home_at-home_at_scan1_2013_jan_1,8,30,0.38590574243365583,"[0.30,1.00]",0.33593749999999867,1.0,0.168,1,1.0,4.9281560124976,0.19596914947032928
sun3d-home_at-home_at_scan1_2013_jan_1,8,44,0.23866157805982072,"[0.20,0.25)",0.14843749999999942,1.0,0.1235,1,1.0,4.946963423979173,0.14836488664150238
sun3d-home_at-home_at_scan1_2013_jan_1,8,45,0.29377829058311883,"[0.25,0.30)",0.3046874999999988,1.0,0.2215,1,1.0,4.304205496365011,0.11786746233701706
sun3d-home_at-home_at_scan1_2013_jan_1,9,11,0.25051475634866166,"[0.25,0.30)",0.6210937499999976,1.0,0.5035,1,1.0,1.0453011115968531,0.025023598223924637
sun3d-home_at-home_at_scan1_2013_jan_1,9,24,0.27842598947609243,"[0.25,0.30)",0.4062499999999984,1.0,0.252,1,0.0,,
sun3d-home_at-home_at_scan1_2013_jan_1,9,26,0.2639556165637154,"[0.25,0.30)",0.3437499999999986,1.0,0.211,1,0.0,,
sun3d-home_at-home_at_scan1_2013_jan_1,9,28,0.35861358956760464,"[0.30,1.00]",0.4414062499999982,1.0,0.198,1,0.0,,
sun3d-home_at-home_at_scan1_2013_jan_1,9,29,0.39293067947838023,"[0.30,1.00]",0.35937499999999856,1.0,0.2485,1,0.0,,
sun3d-home_at-home_at_scan1_2013_jan_1,9,30,0.23089681994966826,"[0.20,0.25)",0.38281249999999845,1.0,0.174,1,0.0,,
sun3d-home_at-home_at_scan1_2013_jan_1,9,43,0.2167124227865477,"[0.20,0.25)",0.6054687499999976,1.0,0.4885,1,1.0,2.6378949151160236,0.04279404878616333
sun3d-home_at-home_at_scan1_2013_jan_1,9,44,0.25326012354152366,"[0.25,0.30)",0.6210937499999976,1.0,0.466,1,1.0,2.503583872288411,0.04968751594424248
sun3d-home_at-home_at_scan1_2013_jan_1,9,45,0.2824868451155342,"[0.25,0.30)",0.6914062499999972,1.0,0.5215,1,1.0,2.2124011504292653,0.050718363374471664
sun3d-home_md-home_md_scan9_2012_sep_30,0,1,0.48313417699193084,"[0.30,1.00]",0.5429687499999978,1.0,0.228,0,,,
sun3d-home_md-home_md_scan9_2012_sep_30,0,51,0.27787821332510254,"[0.25,0.30)",0.5312499999999979,1.0,0.4205,1,1.0,5.786485175658964,0.1918882578611374
sun3d-home_md-home_md_scan9_2012_sep_30,0,52,0.2810529564795626,"[0.25,0.30)",0.6015624999999976,1.0,0.4765,1,1.0,5.8722273522778545,0.14392787218093872
sun3d-home_md-home_md_scan9_2012_sep_30,0,53,0.24793862163234712,"[0.20,0.25)",0.5585937499999978,1.0,0.47,1,1.0,6.384940526948744,0.11038623750209808
sun3d-home_md-home_md_scan9_2012_sep_30,0,54,0.2937960227523259,"[0.25,0.30)",0.5898437499999977,1.0,0.5135,1,1.0,4.4383552855129516,0.07086803764104843
sun3d-home_md-home_md_scan9_2012_sep_30,0,55,0.30680365095462764,"[0.30,1.00]",0.49218749999999806,1.0,0.431,1,1.0,5.761705269614512,0.07562550157308578
sun3d-home_md-home_md_scan9_2012_sep_30,0,56,0.2666343313197231,"[0.25,0.30)",0.28906249999999883,1.0,0.197,1,1.0,4.978072893733335,0.1053163930773735
sun3d-home_md-home_md_scan9_2012_sep_30,0,57,0.32272146038185107,"[0.30,1.00]",0.6757812499999973,1.0,0.5485,1,1.0,6.646765012049434,0.18481992185115814
sun3d-home_md-home_md_scan9_2012_sep_30,0,58,0.43370518982318446,"[0.30,1.00]",0.8281249999999967,1.0,0.7055,1,1.0,6.312487469836457,0.19899624586105347
sun3d-home_md-home_md_scan9_2012_sep_30,0,59,0.2772609021561797,"[0.25,0.30)",0.5820312499999977,1.0,0.5105,1,1.0,7.34975008260452,0.19579839706420898
sun3d-home_md-home_md_scan9_2012_sep_30,10,32,0.33010654141367857,"[0.30,1.00]",0.4335937499999983,1.0,0.212,1,1.0,2.572224649484147,0.1670771688222885
sun3d-home_md-home_md_scan9_2012_sep_30,10,33,0.35788750143200826,"[0.30,1.00]",0.3437499999999986,1.0,0.176,1,0.0,,
sun3d-home_md-home_md_scan9_2012_sep_30,10,35,0.3800549891167373,"[0.30,1.00]",0.5859374999999977,1.0,0.307,1,1.0,1.8969232821523834,0.06394948810338974
sun3d-home_md-home_md_scan9_2012_sep_30,10,36,0.309371061977317,"[0.30,1.00]",0.7109374999999971,1.0,0.393,1,1.0,1.554189447442784,0.044216446578502655
sun3d-home_md-home_md_scan9_2012_sep_30,11,32,0.32744456561250457,"[0.30,1.00]",0.1718749999999993,0.0,0.0255,1,1.0,1.2136979252825737,0.16204121708869934
sun3d-home_md-home_md_scan9_2012_sep_30,11,33,0.2836786623046165,"[0.25,0.30)",0.08984374999999964,0.0,0.0155,1,0.0,,
sun3d-home_md-home_md_scan9_2012_sep_30,11,35,0.21344965467102872,"[0.20,0.25)",0.19531249999999922,1.0,0.0575,1,0.0,,
sun3d-home_md-home_md_scan9_2012_sep_30,11,36,0.20319883678662304,"[0.20,0.25)",0.28906249999999883,1.0,0.124,1,1.0,3.896918149042043,0.04023585468530655
sun3d-home_md-home_md_scan9_2012_sep_30,12,13,0.3782775312626059,"[0.30,1.00]",0.4257812499999983,1.0,0.263,0,,,
sun3d-home_md-home_md_scan9_2012_sep_30,12,14,0.15853166599435256,"[0.15,0.20)",0.007812499999999969,0.0,0.005,1,0.0,,
sun3d-home_md-home_md_scan9_2012_sep_30,12,32,0.32946752722872125,"[0.30,1.00]",0.09765624999999961,0.0,0.011,1,0.0,,
sun3d-home_md-home_md_scan9_2012_sep_30,12,33,0.36789027833803956,"[0.30,1.00]",0.0,0.0,0.0,1,0.0,,
sun3d-home_md-home_md_scan9_2012_sep_30,12,35,0.27117789431222267,"[0.25,0.30)",0.26953124999999895,1.0,0.085,1,1.0,5.499466418538818,0.11758629232645035
sun3d-home_md-home_md_scan9_2012_sep_30,13,17,0.33863734992043976,"[0.30,1.00]",0.6367187499999974,1.0,0.4935,1,1.0,2.3378289352392247,0.05936625599861145
sun3d-home_md-home_md_scan9_2012_sep_30,13,18,0.3721973094170404,"[0.30,1.00]",0.7070312499999972,1.0,0.6085,1,1.0,2.085628035710078,0.049429479986429214
sun3d-home_md-home_md_scan9_2012_sep_30,13,19,0.3303196875452047,"[0.30,1.00]",0.6015624999999976,1.0,0.531,1,1.0,2.266067832217614,0.04984920471906662
sun3d-home_md-home_md_scan9_2012_sep_30,13,23,0.22023723419644148,"[0.20,0.25)",0.33203124999999867,1.0,0.212,1,1.0,3.5430951861869313,0.04435613006353378
sun3d-home_md-home_md_scan9_2012_sep_30,13,54,0.36706205699406913,"[0.30,1.00]",0.4726562499999981,1.0,0.369,1,1.0,3.5206990152034594,0.13615506887435913
sun3d-home_md-home_md_scan9_2012_sep_30,13,55,0.4009113264863301,"[0.30,1.00]",0.7070312499999972,1.0,0.601,1,1.0,3.8151587249921923,0.1512763947248459
sun3d-home_md-home_md_scan9_2012_sep_30,13,56,0.3574424996383625,"[0.30,1.00]",0.6523437499999974,1.0,0.5125,1,1.0,4.48733508383899,0.17800217866897583
sun3d-home_md-home_md_scan9_2012_sep_30,13,57,0.36236076956458846,"[0.30,1.00]",0.5937499999999977,1.0,0.4825,1,1.0,5.759255467166976,0.24508586525917053
sun3d-home_md-home_md_scan9_2012_sep_30,13,58,0.35143931722841026,"[0.30,1.00]",0.4414062499999982,1.0,0.3425,1,0.0,,
sun3d-home_md-home_md_scan9_2012_sep_30,14,17,0.2036600734206345,"[0.20,0.25)",0.6015624999999976,1.0,0.518,1,1.0,1.3968976140565905,0.017164800316095352
sun3d-home_md-home_md_scan9_2012_sep_30,14,18,0.2522053586104871,"[0.25,0.30)",0.742187499999997,1.0,0.659,1,1.0,0.4764232311557896,0.012492670677602291
sun3d-home_md-home_md_scan9_2012_sep_30,14,19,0.2271656347597392,"[0.20,0.25)",0.6132812499999976,1.0,0.561,1,1.0,0.851338293583514,0.019692130386829376
sun3d-home_md-home_md_scan9_2012_sep_30,14,23,0.2355487370555038,"[0.20,0.25)",0.4414062499999982,1.0,0.3305,1,1.0,3.1806311939048904,0.04764322564005852
sun3d-home_md-home_md_scan9_2012_sep_30,14,24,0.34480302449180866,"[0.30,1.00]",0.753906249999997,1.0,0.5455,1,1.0,1.7831183362839356,0.028716938570141792
sun3d-home_md-home_md_scan9_2012_sep_30,14,25,0.22420689277299874,"[0.20,0.25)",0.41015624999999833,1.0,0.363,1,1.0,2.8893407786501357,0.03657333925366402
sun3d-home_md-home_md_scan9_2012_sep_30,14,54,0.28491589501945097,"[0.25,0.30)",0.3164062499999987,1.0,0.222,1,1.0,1.4111143549173972,0.04145443066954613
sun3d-home_md-home_md_scan9_2012_sep_30,14,55,0.3397074132924223,"[0.30,1.00]",0.749999999999997,1.0,0.564,1,1.0,1.7187389206761765,0.06832662224769592
sun3d-home_md-home_md_scan9_2012_sep_30,14,56,0.3215166292257958,"[0.30,1.00]",0.5820312499999977,1.0,0.4425,1,1.0,0.7625885717320381,0.033547889441251755
sun3d-home_md-home_md_scan9_2012_sep_30,14,57,0.30869541394992056,"[0.30,1.00]",0.41406249999999833,1.0,0.302,1,1.0,4.249159441676694,0.21818722784519196
sun3d-home_md-home_md_scan9_2012_sep_30,14,58,0.2897375486274725,"[0.25,0.30)",0.04687499999999981,0.0,0.015,1,0.0,,
sun3d-home_md-home_md_scan9_2012_sep_30,15,17,0.2416452442159383,"[0.20,0.25)",0.6523437499999974,1.0,0.594,1,1.0,1.3458118291944985,0.02126508392393589
sun3d-home_md-home_md_scan9_2012_sep_30,15,18,0.2685089974293059,"[0.25,0.30)",0.746093749999997,1.0,0.7185,1,1.0,0.9727719668491913,0.012168687768280506
sun3d-home_md-home_md_scan9_2012_sep_30,15,19,0.25089974293059125,"[0.25,0.30)",0.6718749999999973,1.0,0.6125,1,1.0,1.7710044006815162,0.0170898400247097
sun3d-home_md-home_md_scan9_2012_sep_30,15,23,0.26053984575835476,"[0.25,0.30)",0.5742187499999977,1.0,0.4645,1,1.0,2.5603261574132206,0.04494694247841835
sun3d-home_md-home_md_scan9_2012_sep_30,15,24,0.38888174807197945,"[0.30,1.00]",0.7890624999999969,1.0,0.629,1,1.0,2.1851634037972865,0.0334230475127697
sun3d-home_md-home_md_scan9_2012_sep_30,15,25,0.25411311053984575,"[0.25,0.30)",0.41406249999999833,1.0,0.442,1,1.0,3.26626650218323,0.043216973543167114
sun3d-home_md-home_md_scan9_2012_sep_30,15,54,0.29967866323907455,"[0.25,0.30)",0.5976562499999976,1.0,0.4365,1,1.0,0.9312522620844388,0.034982454031705856
sun3d-home_md-home_md_scan9_2012_sep_30,15,55,0.34177377892030847,"[0.30,1.00]",0.746093749999997,1.0,0.55,1,1.0,1.428206908719345,0.06598760187625885
sun3d-home_md-home_md_scan9_2012_sep_30,15,56,0.350706940874036,"[0.30,1.00]",0.7148437499999971,1.0,0.575,1,1.0,2.213816131452649,0.09785046428442001
sun3d-home_md-home_md_scan9_2012_sep_30,15,57,0.3210796915167095,"[0.30,1.00]",0.7187499999999971,1.0,0.5315,1,1.0,4.468263382855632,0.20620641112327576
sun3d-home_md-home_md_scan9_2012_sep_30,15,58,0.2989074550128535,"[0.25,0.30)",0.48437499999999806,1.0,0.385,1,1.0,2.5486793613496066,0.14028330147266388
sun3d-home_md-home_md_scan9_2012_sep_30,16,17,0.3834994732150093,"[0.30,1.00]",0.7734374999999969,1.0,0.7065,0,,,
sun3d-home_md-home_md_scan9_2012_sep_30,16,19,0.34168084933949266,"[0.30,1.00]",0.7343749999999971,1.0,0.66,1,1.0,0.8908734833091292,0.011753511615097523
sun3d-home_md-home_md_scan9_2012_sep_30,16,20,0.20285274333414377,"[0.20,0.25)",0.4414062499999982,1.0,0.3585,1,1.0,1.920098269670407,0.012243402190506458
sun3d-home_md-home_md_scan9_2012_sep_30,16,21,0.17359591539022612,"[0.15,0.20)",0.32812499999999867,1.0,0.27,1,1.0,1.9131547801157207,0.02886318974196911
sun3d-home_md-home_md_scan9_2012_sep_30,16,22,0.22805737904206175,"[0.20,0.25)",0.4335937499999983,1.0,0.296,1,1.0,4.729031992769372,0.04907483607530594
sun3d-home_md-home_md_scan9_2012_sep_30,16,23,0.337871788637653,"[0.30,1.00]",0.5781249999999977,1.0,0.4695,1,1.0,1.8305591449034602,0.03801716864109039
sun3d-home_md-home_md_scan9_2012_sep_30,16,25,0.23170435205446147,"[0.20,0.25)",0.14453124999999942,1.0,0.12,1,1.0,8.90591539891324,0.08329729735851288
sun3d-home_md-home_md_scan9_2012_sep_30,16,54,0.4262906232271659,"[0.30,1.00]",0.7070312499999972,1.0,0.5435,1,1.0,0.8978747040976662,0.03432699292898178
sun3d-home_md-home_md_scan9_2012_sep_30,16,58,0.4227246940594862,"[0.30,1.00]",0.5898437499999977,1.0,0.4025,1,1.0,2.8792963020731497,0.15407606959342957
sun3d-home_md-home_md_scan9_2012_sep_30,17,23,0.31460134486071084,"[0.30,1.00]",0.23828124999999906,1.0,0.2325,1,1.0,3.8627997934100105,0.058095868676900864
sun3d-home_md-home_md_scan9_2012_sep_30,17,34,0.24687800192122958,"[0.20,0.25)",0.11328124999999954,1.0,0.077,1,0.0,,
sun3d-home_md-home_md_scan9_2012_sep_30,18,24,0.2716283479497511,"[0.25,0.30)",0.23437499999999906,1.0,0.1835,1,1.0,5.67554234057366,0.07018184661865234
sun3d-home_md-home_md_scan9_2012_sep_30,18,59,0.5233467646361697,"[0.30,1.00]",0.3124999999999988,1.0,0.143,1,1.0,2.8760311067279103,0.17602141201496124
sun3d-home_md-home_md_scan9_2012_sep_30,19,21,0.3461026868848098,"[0.30,1.00]",0.18359374999999928,1.0,0.162,1,1.0,2.9357165680616126,0.03355419263243675
sun3d-home_md-home_md_scan9_2012_sep_30,19,24,0.3115190210162277,"[0.30,1.00]",0.16015624999999936,1.0,0.127,1,1.0,5.322222981899377,0.05563414841890335
sun3d-home_md-home_md_scan9_2012_sep_30,19,59,0.5841979249800479,"[0.30,1.00]",0.3085937499999988,1.0,0.185,1,1.0,5.736545365885528,0.2234160304069519
sun3d-home_md-home_md_scan9_2012_sep_30,1,3,0.2497700275966884,"[0.20,0.25)",0.5507812499999978,1.0,0.3505,1,1.0,3.6249323945305165,0.030865808948874474
sun3d-home_md-home_md_scan9_2012_sep_30,1,37,0.17253929528456585,"[0.15,0.20)",0.5468749999999978,1.0,0.231,1,1.0,2.5113898147833207,0.10317699611186981
sun3d-home_md-home_md_scan9_2012_sep_30,1,38,0.32172139343278805,"[0.30,1.00]",0.6601562499999973,1.0,0.42,1,1.0,2.036823905450346,0.08051882684230804
sun3d-home_md-home_md_scan9_2012_sep_30,1,4,0.19789625244970604,"[0.15,0.20)",0.5195312499999979,1.0,0.4015,1,1.0,3.916266819005659,0.05649527534842491
sun3d-home_md-home_md_scan9_2012_sep_30,1,46,0.2536095668519778,"[0.25,0.30)",0.5234374999999979,1.0,0.419,1,1.0,0.9958328626181209,0.047712765634059906
sun3d-home_md-home_md_scan9_2012_sep_30,1,5,0.2688077430708315,"[0.25,0.30)",0.5742187499999977,1.0,0.422,1,1.0,4.3076623459933785,0.05737747624516487
sun3d-home_md-home_md_scan9_2012_sep_30,1,6,0.23673159220893492,"[0.20,0.25)",0.4453124999999982,1.0,0.161,1,1.0,4.542777563303489,0.16948704421520233
sun3d-home_md-home_md_scan9_2012_sep_30,1,7,0.3999520057593089,"[0.30,1.00]",0.749999999999997,1.0,0.496,1,1.0,2.0523309486978114,0.05916936695575714
sun3d-home_md-home_md_scan9_2012_sep_30,1,8,0.2961644602647682,"[0.25,0.30)",0.6835937499999972,1.0,0.4525,1,1.0,1.6695292469392244,0.08076342940330505
sun3d-home_md-home_md_scan9_2012_sep_30,20,23,0.3917525773195876,"[0.30,1.00]",0.19531249999999922,1.0,0.184,1,1.0,7.158810095811291,0.07172416895627975
sun3d-home_md-home_md_scan9_2012_sep_30,21,23,0.30619210141394443,"[0.30,1.00]",0.058593749999999764,1.0,0.054,1,0.0,,
sun3d-home_md-home_md_scan9_2012_sep_30,21,34,0.2569478303266699,"[0.25,0.30)",0.04687499999999981,0.0,0.024,1,0.0,,
sun3d-home_md-home_md_scan9_2012_sep_30,22,59,0.4151654796816087,"[0.30,1.00]",0.14843749999999942,1.0,0.062,1,0.0,,
sun3d-home_md-home_md_scan9_2012_sep_30,23,25,0.21410090556274256,"[0.20,0.25)",0.08593749999999965,0.0,0.0095,1,0.0,,
sun3d-home_md-home_md_scan9_2012_sep_30,23,59,0.44663648124191463,"[0.30,1.00]",0.1757812499999993,1.0,0.066,1,0.0,,
sun3d-home_md-home_md_scan9_2012_sep_30,24,26,0.2702258726899384,"[0.25,0.30)",0.007812499999999969,0.0,0.0075,1,0.0,,
sun3d-home_md-home_md_scan9_2012_sep_30,24,52,0.23983572895277208,"[0.20,0.25)",0.0039062499999999844,0.0,0.0,1,0.0,,
sun3d-home_md-home_md_scan9_2012_sep_30,24,54,0.22012320328542095,"[0.20,0.25)",0.08984374999999964,0.0,0.043,1,0.0,,
sun3d-home_md-home_md_scan9_2012_sep_30,24,55,0.2950718685831622,"[0.25,0.30)",0.16406249999999933,1.0,0.0835,1,0.0,,
sun3d-home_md-home_md_scan9_2012_sep_30,24,56,0.33347022587268993,"[0.30,1.00]",0.21874999999999914,1.0,0.1485,1,1.0,1.859200666407066,0.07378801703453064
sun3d-home_md-home_md_scan9_2012_sep_30,24,57,0.21724845995893224,"[0.20,0.25)",0.0507812499999998,0.0,0.03,1,0.0,,
sun3d-home_md-home_md_scan9_2012_sep_30,25,27,0.36678680343775993,"[0.30,1.00]",0.13281249999999947,1.0,0.127,1,1.0,3.5999998158644755,0.062472350895404816
sun3d-home_md-home_md_scan9_2012_sep_30,25,52,0.43415580815081783,"[0.30,1.00]",0.031249999999999875,0.0,0.004,1,0.0,,
sun3d-home_md-home_md_scan9_2012_sep_30,25,54,0.3021901857499307,"[0.30,1.00]",0.04687499999999981,0.0,0.046,1,0.0,,
sun3d-home_md-home_md_scan9_2012_sep_30,25,55,0.3956196285001386,"[0.30,1.00]",0.08593749999999965,1.0,0.077,1,0.0,,
sun3d-home_md-home_md_scan9_2012_sep_30,25,56,0.4286110341003604,"[0.30,1.00]",0.042968749999999827,1.0,0.056,1,0.0,,
sun3d-home_md-home_md_scan9_2012_sep_30,25,57,0.3288051011921264,"[0.30,1.00]",0.031249999999999875,0.0,0.0145,1,0.0,,
sun3d-home_md-home_md_scan9_2012_sep_30,25,58,0.2980316052120876,"[0.25,0.30)",0.0,0.0,0.0,1,0.0,,
sun3d-home_md-home_md_scan9_2012_sep_30,25,59,0.30191294704740784,"[0.30,1.00]",0.0,0.0,0.0,1,0.0,,
sun3d-home_md-home_md_scan9_2012_sep_30,26,42,0.2740073218811602,"[0.25,0.30)",0.4453124999999982,1.0,0.469,1,0.0,,
sun3d-home_md-home_md_scan9_2012_sep_30,26,43,0.2389937106918239,"[0.20,0.25)",0.3749999999999985,1.0,0.274,1,0.0,,
sun3d-home_md-home_md_scan9_2012_sep_30,26,59,0.32629306298695204,"[0.30,1.00]",0.12109374999999951,1.0,0.122,1,0.0,,
sun3d-home_md-home_md_scan9_2012_sep_30,27,29,0.18325390150453227,"[0.15,0.20)",0.3476562499999986,1.0,0.292,1,1.0,4.529737237774674,0.23681920766830444
sun3d-home_md-home_md_scan9_2012_sep_30,27,42,0.4211755910662555,"[0.30,1.00]",0.5429687499999978,1.0,0.525,1,1.0,4.371928376382563,0.2277209609746933
sun3d-home_md-home_md_scan9_2012_sep_30,27,43,0.3095972339033735,"[0.30,1.00]",0.42187499999999833,1.0,0.368,1,0.0,,
sun3d-home_md-home_md_scan9_2012_sep_30,27,59,0.34875245304177177,"[0.30,1.00]",0.019531249999999924,0.0,0.038,1,0.0,,
sun3d-home_md-home_md_scan9_2012_sep_30,28,42,0.44408274703349787,"[0.30,1.00]",0.496093749999998,1.0,0.47,1,1.0,3.8301165115436233,0.23643730580806732
sun3d-home_md-home_md_scan9_2012_sep_30,28,43,0.3002205187440932,"[0.30,1.00]",0.33203124999999867,1.0,0.321,1,0.0,,
sun3d-home_md-home_md_scan9_2012_sep_30,28,44,0.1388217998529875,"[0.00,0.15)",0.23828124999999906,1.0,0.0825,1,0.0,,
sun3d-home_md-home_md_scan9_2012_sep_30,28,59,0.3913682663026357,"[0.30,1.00]",0.0,0.0,0.0,1,0.0,,
sun3d-home_md-home_md_scan9_2012_sep_30,29,39,0.1714029314986539,"[0.15,0.20)",0.0507812499999998,0.0,0.0,1,0.0,,
sun3d-home_md-home_md_scan9_2012_sep_30,29,44,0.14687406521088842,"[0.00,0.15)",0.10546874999999958,1.0,0.0515,1,0.0,,
sun3d-home_md-home_md_scan9_2012_sep_30,29,51,0.3422075979658989,"[0.30,1.00]",0.17968749999999928,1.0,0.256,1,1.0,6.477323711430137,0.22736933827400208
sun3d-home_md-home_md_scan9_2012_sep_30,2,3,0.5568059637301985,"[0.30,1.00]",0.8945312499999964,1.0,0.8,0,,,
sun3d-home_md-home_md_scan9_2012_sep_30,2,36,0.21579098272525268,"[0.20,0.25)",0.33593749999999867,1.0,0.1065,1,0.0,,
sun3d-home_md-home_md_scan9_2012_sep_30,2,37,0.35968747760017206,"[0.30,1.00]",0.7851562499999969,1.0,0.4575,1,1.0,3.9722697956478172,0.1085890531539917
sun3d-home_md-home_md_scan9_2012_sep_30,2,38,0.5905311447208086,"[0.30,1.00]",0.7890624999999969,1.0,0.6335,1,1.0,1.8243478712653072,0.07445164024829865
sun3d-home_md-home_md_scan9_2012_sep_30,2,39,0.4188588631639309,"[0.30,1.00]",0.8242187499999967,1.0,0.6075,1,1.0,1.8686503210356007,0.12354575097560883
sun3d-home_md-home_md_scan9_2012_sep_30,2,4,0.4596444699304709,"[0.30,1.00]",0.8789062499999964,1.0,0.7585,1,1.0,2.0036929047266496,0.04508032649755478
sun3d-home_md-home_md_scan9_2012_sep_30,2,40,0.37359329080352666,"[0.30,1.00]",0.8242187499999967,1.0,0.681,1,1.0,1.501938337737772,0.08890929073095322
sun3d-home_md-home_md_scan9_2012_sep_30,2,41,0.2454662748190094,"[0.20,0.25)",0.8203124999999967,1.0,0.6625,1,1.0,1.7804823230929823,0.0779292955994606
sun3d-home_md-home_md_scan9_2012_sep_30,2,45,0.21880151960432945,"[0.20,0.25)",0.7773437499999969,1.0,0.6625,1,1.0,1.4262873599955321,0.061512719839811325
sun3d-home_md-home_md_scan9_2012_sep_30,2,46,0.49491075908537024,"[0.30,1.00]",0.7890624999999969,1.0,0.609,1,1.0,2.3125763974039453,0.11433378607034683
sun3d-home_md-home_md_scan9_2012_sep_30,2,47,0.2449645186724966,"[0.20,0.25)",0.8242187499999967,1.0,0.64,1,1.0,1.944205282946722,0.09279247373342514
sun3d-home_md-home_md_scan9_2012_sep_30,2,49,0.17665400329725467,"[0.15,0.20)",0.746093749999997,1.0,0.628,1,1.0,1.4138851918627926,0.06347431242465973
sun3d-home_md-home_md_scan9_2012_sep_30,2,6,0.4490000716794495,"[0.30,1.00]",0.8398437499999967,1.0,0.6625,1,1.0,2.912419262327233,0.13711079955101013
sun3d-home_md-home_md_scan9_2012_sep_30,2,9,0.20080997777937065,"[0.20,0.25)",0.3749999999999985,1.0,0.1765,1,1.0,3.5108976480221052,0.2215070277452469
sun3d-home_md-home_md_scan9_2012_sep_30,30,31,0.2574656078738396,"[0.25,0.30)",0.35546874999999856,1.0,0.234,0,,,
sun3d-home_md-home_md_scan9_2012_sep_30,30,38,0.35790180069343475,"[0.30,1.00]",0.29687499999999883,1.0,0.132,1,0.0,,
sun3d-home_md-home_md_scan9_2012_sep_30,30,39,0.5261156470193491,"[0.30,1.00]",0.496093749999998,1.0,0.333,1,0.0,,
sun3d-home_md-home_md_scan9_2012_sep_30,30,40,0.5338329045968012,"[0.30,1.00]",0.4492187499999982,1.0,0.3285,1,0.0,,
sun3d-home_md-home_md_scan9_2012_sep_30,30,41,0.5284643775863997,"[0.30,1.00]",0.10546874999999958,1.0,0.078,1,0.0,,
sun3d-home_md-home_md_scan9_2012_sep_30,30,42,0.4967005927748574,"[0.30,1.00]",0.5546874999999978,1.0,0.371,1,0.0,,
sun3d-home_md-home_md_scan9_2012_sep_30,30,43,0.37534951347723966,"[0.30,1.00]",0.19140624999999922,1.0,0.1515,1,0.0,,
sun3d-home_md-home_md_scan9_2012_sep_30,30,45,0.4992730119673415,"[0.30,1.00]",0.39062499999999845,1.0,0.3335,1,0.0,,
sun3d-home_md-home_md_scan9_2012_sep_30,30,46,0.5387540543563359,"[0.30,1.00]",0.45703124999999817,1.0,0.338,1,0.0,,
sun3d-home_md-home_md_scan9_2012_sep_30,30,47,0.5324907728442009,"[0.30,1.00]",0.12109374999999951,1.0,0.115,1,1.0,8.752167170562737,0.4123978018760681
sun3d-home_md-home_md_scan9_2012_sep_30,30,48,0.39156693882116095,"[0.30,1.00]",0.33593749999999867,1.0,0.2555,1,1.0,6.297062857893896,0.24946844577789307
sun3d-home_md-home_md_scan9_2012_sep_30,30,49,0.5342802818476681,"[0.30,1.00]",0.36328124999999856,1.0,0.3045,1,1.0,6.448013976798198,0.22381781041622162
sun3d-home_md-home_md_scan9_2012_sep_30,30,50,0.3585728665697349,"[0.30,1.00]",0.45312499999999817,1.0,0.425,1,0.0,,
sun3d-home_md-home_md_scan9_2012_sep_30,31,33,0.2063407722281261,"[0.20,0.25)",0.0,0.0,0.0,1,0.0,,
sun3d-home_md-home_md_scan9_2012_sep_30,31,35,0.24920297555791712,"[0.20,0.25)",0.08203124999999967,0.0,0.02,1,0.0,,
sun3d-home_md-home_md_scan9_2012_sep_30,31,36,0.2669146298264258,"[0.25,0.30)",0.04687499999999981,0.0,0.034,1,0.0,,
sun3d-home_md-home_md_scan9_2012_sep_30,31,37,0.19872476089266738,"[0.15,0.20)",0.0,0.0,0.0,1,0.0,,
sun3d-home_md-home_md_scan9_2012_sep_30,32,37,0.25907505010763865,"[0.25,0.30)",0.3007812499999988,1.0,0.1565,1,1.0,2.409565987164664,0.2057436853647232
sun3d-home_md-home_md_scan9_2012_sep_30,33,37,0.1950207468879668,"[0.15,0.20)",0.2812499999999989,1.0,0.1575,1,1.0,5.24725097417302,0.25531327724456787
sun3d-home_md-home_md_scan9_2012_sep_30,34,36,0.18890883702373829,"[0.15,0.20)",0.17968749999999928,1.0,0.1205,1,1.0,10.734655858061917,0.050516277551651
sun3d-home_md-home_md_scan9_2012_sep_30,34,58,0.16337522441651706,"[0.15,0.20)",0.031249999999999875,0.0,0.0045,1,0.0,,
sun3d-home_md-home_md_scan9_2012_sep_30,37,39,0.14970250743731406,"[0.00,0.15)",0.2773437499999989,1.0,0.2835,1,1.0,6.106374935131382,0.17328129708766937
sun3d-home_md-home_md_scan9_2012_sep_30,37,40,0.17881427964300892,"[0.15,0.20)",0.3749999999999985,1.0,0.333,1,1.0,5.302599876417468,0.10573899000883102
sun3d-home_md-home_md_scan9_2012_sep_30,37,46,0.19411389715257119,"[0.15,0.20)",0.3515624999999986,1.0,0.267,1,1.0,5.964632403891003,0.17520006000995636
sun3d-home_md-home_md_scan9_2012_sep_30,38,45,0.49399432190434595,"[0.30,1.00]",0.8085937499999968,1.0,0.707,1,1.0,3.4512788187048686,0.20331597328186035
sun3d-home_md-home_md_scan9_2012_sep_30,38,48,0.2785324306617165,"[0.25,0.30)",0.8242187499999967,1.0,0.7315,1,1.0,1.564730501621505,0.02511190064251423
sun3d-home_md-home_md_scan9_2012_sep_30,38,49,0.3547499454029264,"[0.30,1.00]",0.8515624999999966,1.0,0.733,1,1.0,1.874088411343299,0.04698764532804489
sun3d-home_md-home_md_scan9_2012_sep_30,39,42,0.2636792452830189,"[0.25,0.30)",0.8320312499999967,1.0,0.7585,1,1.0,4.2880672030377855,0.05157695338129997
sun3d-home_md-home_md_scan9_2012_sep_30,39,43,0.171187106918239,"[0.15,0.20)",0.6015624999999976,1.0,0.525,1,1.0,3.541879234020047,0.0594433918595314
sun3d-home_md-home_md_scan9_2012_sep_30,39,44,0.14312106918238993,"[0.00,0.15)",0.33593749999999867,1.0,0.123,1,0.0,,
sun3d-home_md-home_md_scan9_2012_sep_30,39,48,0.3129716981132076,"[0.30,1.00]",0.9179687499999963,1.0,0.823,1,1.0,1.5587157687956479,0.018988965079188347
sun3d-home_md-home_md_scan9_2012_sep_30,39,49,0.38486635220125787,"[0.30,1.00]",0.9335937499999962,1.0,0.859,1,1.0,1.7619198449067077,0.02384176105260849
sun3d-home_md-home_md_scan9_2012_sep_30,3,45,0.5080759896225625,"[0.30,1.00]",0.7695312499999969,1.0,0.715,1,1.0,2.436867036031527,0.10508958995342255
sun3d-home_md-home_md_scan9_2012_sep_30,3,48,0.2562975981253661,"[0.25,0.30)",0.6718749999999973,1.0,0.5355,1,1.0,1.143294517416342,0.03616108000278473
sun3d-home_md-home_md_scan9_2012_sep_30,3,49,0.34952715708427484,"[0.30,1.00]",0.8242187499999967,1.0,0.6415,1,1.0,1.48622088739029,0.019896989688277245
sun3d-home_md-home_md_scan9_2012_sep_30,3,8,0.21784249728010713,"[0.20,0.25)",0.6640624999999973,1.0,0.6115,1,1.0,3.5589748379120705,0.07943703234195709
sun3d-home_md-home_md_scan9_2012_sep_30,40,42,0.24393081124822982,"[0.20,0.25)",0.7343749999999971,1.0,0.684,1,1.0,3.3724330947715475,0.016682682558894157
sun3d-home_md-home_md_scan9_2012_sep_30,40,43,0.1486951244183694,"[0.00,0.15)",0.46093749999999817,1.0,0.3535,1,1.0,3.765980288116432,0.13646022975444794
sun3d-home_md-home_md_scan9_2012_sep_30,40,48,0.35403601051992717,"[0.30,1.00]",0.8867187499999964,1.0,0.775,1,1.0,1.4331310877507473,0.03585648536682129
sun3d-home_md-home_md_scan9_2012_sep_30,41,43,0.24612265029867925,"[0.20,0.25)",0.6874999999999972,1.0,0.5885,1,1.0,1.431764958658816,0.059013791382312775
sun3d-home_md-home_md_scan9_2012_sep_30,41,50,0.3982024442374089,"[0.30,1.00]",0.7773437499999969,1.0,0.6055,1,1.0,3.0655434515141966,0.07674826681613922
sun3d-home_md-home_md_scan9_2012_sep_30,42,45,0.333626669427477,"[0.30,1.00]",0.6953124999999972,1.0,0.642,1,1.0,5.1010025696854715,0.1258927285671234
sun3d-home_md-home_md_scan9_2012_sep_30,42,46,0.30060047623977637,"[0.30,1.00]",0.7734374999999969,1.0,0.7505,1,1.0,4.251555523547033,0.09996408224105835
sun3d-home_md-home_md_scan9_2012_sep_30,42,47,0.38854953928978153,"[0.30,1.00]",0.8749999999999966,1.0,0.814,1,1.0,2.505147005387234,0.07871444523334503
sun3d-home_md-home_md_scan9_2012_sep_30,43,44,0.46706586826347307,"[0.30,1.00]",0.48437499999999806,1.0,0.3445,0,,,
sun3d-home_md-home_md_scan9_2012_sep_30,43,45,0.42386368203190933,"[0.30,1.00]",0.7343749999999971,1.0,0.662,1,1.0,3.980543358247655,0.09645344316959381
sun3d-home_md-home_md_scan9_2012_sep_30,43,47,0.17124140979785396,"[0.15,0.20)",0.7187499999999971,1.0,0.638,1,1.0,1.7045615193061985,0.051309362053871155
sun3d-home_md-home_md_scan9_2012_sep_30,43,48,0.1497005988023952,"[0.00,0.15)",0.18359374999999928,1.0,0.266,1,1.0,7.727255085016562,0.20559681951999664
sun3d-home_md-home_md_scan9_2012_sep_30,43,49,0.15637182011815295,"[0.15,0.20)",0.48046874999999806,1.0,0.451,1,1.0,1.990168149027863,0.09807363152503967
sun3d-home_md-home_md_scan9_2012_sep_30,43,50,0.3703331591849857,"[0.30,1.00]",0.7734374999999969,1.0,0.545,1,1.0,4.313024079812918,0.20844611525535583
sun3d-home_md-home_md_scan9_2012_sep_30,43,51,0.25652051601494996,"[0.25,0.30)",0.6679687499999973,1.0,0.4635,1,0.0,,
sun3d-home_md-home_md_scan9_2012_sep_30,45,48,0.22126720674438516,"[0.20,0.25)",0.7968749999999968,1.0,0.726,1,1.0,2.0471749802860173,0.02477448061108589
sun3d-home_md-home_md_scan9_2012_sep_30,45,49,0.2937495883553975,"[0.25,0.30)",0.8789062499999964,1.0,0.8195,1,1.0,2.1100707481436367,0.049130626022815704
sun3d-home_md-home_md_scan9_2012_sep_30,45,50,0.16594217216623855,"[0.15,0.20)",0.5703124999999977,1.0,0.4765,1,1.0,6.330724611123843,0.09689606726169586
sun3d-home_md-home_md_scan9_2012_sep_30,46,48,0.28086281534557395,"[0.25,0.30)",0.9257812499999963,1.0,0.8365,1,1.0,1.8129412680848904,0.01985042355954647
sun3d-home_md-home_md_scan9_2012_sep_30,46,49,0.35016420361247946,"[0.30,1.00]",0.9257812499999963,1.0,0.8275,1,1.0,1.9135639178543404,0.03366566821932793
sun3d-home_md-home_md_scan9_2012_sep_30,47,50,0.3702991079237362,"[0.30,1.00]",0.7773437499999969,1.0,0.6425,1,1.0,2.9901572774659315,0.07722729444503784
sun3d-home_md-home_md_scan9_2012_sep_30,48,51,0.20459886933875374,"[0.20,0.25)",0.12890624999999947,0.0,0.0185,1,0.0,,
sun3d-home_md-home_md_scan9_2012_sep_30,4,30,0.21429428948737445,"[0.20,0.25)",0.6484374999999974,1.0,0.539,1,1.0,5.841571761775007,0.23947197198867798
sun3d-home_md-home_md_scan9_2012_sep_30,4,41,0.4994997799031574,"[0.30,1.00]",0.9140624999999963,1.0,0.779,1,1.0,1.381968426075423,0.04960484802722931
sun3d-home_md-home_md_scan9_2012_sep_30,4,45,0.47969106406819,"[0.30,1.00]",0.7304687499999971,1.0,0.6785,1,1.0,3.1207325812334155,0.1385461837053299
sun3d-home_md-home_md_scan9_2012_sep_30,4,47,0.5022609948377286,"[0.30,1.00]",0.9101562499999963,1.0,0.763,1,1.0,1.3431919798934586,0.04021387919783592
sun3d-home_md-home_md_scan9_2012_sep_30,4,48,0.24966985473608388,"[0.20,0.25)",0.6718749999999973,1.0,0.575,1,1.0,0.8388347329188052,0.024874256923794746
sun3d-home_md-home_md_scan9_2012_sep_30,4,49,0.3365480811557085,"[0.30,1.00]",0.8164062499999968,1.0,0.711,1,1.0,0.6943615978092873,0.01771579496562481
sun3d-home_md-home_md_scan9_2012_sep_30,4,8,0.17467685781743966,"[0.15,0.20)",0.5546874999999978,1.0,0.48,1,1.0,2.010323826702016,0.01659446768462658
sun3d-home_md-home_md_scan9_2012_sep_30,50,59,0.22812755519215044,"[0.20,0.25)",0.5585937499999978,1.0,0.397,1,1.0,1.8583583724976367,0.014253647066652775
sun3d-home_md-home_md_scan9_2012_sep_30,51,53,0.14720213170917396,"[0.00,0.15)",0.6874999999999972,1.0,0.5105,1,1.0,2.362646072393111,0.025687582790851593
sun3d-home_md-home_md_scan9_2012_sep_30,52,53,0.3481926827480021,"[0.30,1.00]",0.8242187499999967,1.0,0.688,0,,,
sun3d-home_md-home_md_scan9_2012_sep_30,52,54,0.3636630251484713,"[0.30,1.00]",0.738281249999997,1.0,0.602,1,1.0,1.5308459728583237,0.04456537589430809
sun3d-home_md-home_md_scan9_2012_sep_30,52,55,0.24811203167387638,"[0.20,0.25)",0.41015624999999833,1.0,0.4,1,1.0,1.2091750448157443,0.04142847657203674
sun3d-home_md-home_md_scan9_2012_sep_30,52,56,0.1823447466823081,"[0.15,0.20)",0.32812499999999867,1.0,0.2845,1,1.0,2.5185499278431545,0.06720440089702606
sun3d-home_md-home_md_scan9_2012_sep_30,52,57,0.3042745069286605,"[0.30,1.00]",0.503906249999998,1.0,0.481,1,1.0,1.9160169102944336,0.059285420924425125
sun3d-home_md-home_md_scan9_2012_sep_30,52,58,0.3968032846982917,"[0.30,1.00]",0.46484374999999817,1.0,0.4245,1,1.0,1.3785657901823243,0.05299774557352066
sun3d-home_md-home_md_scan9_2012_sep_30,53,57,0.305897327110734,"[0.30,1.00]",0.1757812499999993,1.0,0.1655,1,1.0,4.950209794797305,0.1437443196773529
sun3d-home_md-home_md_scan9_2012_sep_30,56,59,0.4513355848940743,"[0.30,1.00]",0.6523437499999974,1.0,0.524,1,1.0,1.7734338055015482,0.07146573811769485
sun3d-home_md-home_md_scan9_2012_sep_30,5,37,0.14595898673100122,"[0.00,0.15)",0.5937499999999977,1.0,0.4865,1,0.0,,
sun3d-home_md-home_md_scan9_2012_sep_30,5,41,0.3966973087641945,"[0.30,1.00]",0.9218749999999963,1.0,0.7705,1,1.0,1.1035809364529712,0.03216095641255379
sun3d-home_md-home_md_scan9_2012_sep_30,5,45,0.4837153196622437,"[0.30,1.00]",0.7890624999999969,1.0,0.744,1,1.0,2.5492936763019007,0.10692211985588074
sun3d-home_md-home_md_scan9_2012_sep_30,5,47,0.39752922091427145,"[0.30,1.00]",0.9179687499999963,1.0,0.7545,1,1.0,0.8411642285974104,0.02689708024263382
sun3d-home_md-home_md_scan9_2012_sep_30,5,48,0.18622353479472567,"[0.15,0.20)",0.6796874999999973,1.0,0.605,1,1.0,1.1816743324871513,0.043514687567949295
sun3d-home_md-home_md_scan9_2012_sep_30,5,49,0.2544819267085396,"[0.25,0.30)",0.8359374999999967,1.0,0.7015,1,1.0,1.25741049291506,0.026168493553996086
sun3d-home_md-home_md_scan9_2012_sep_30,5,8,0.23855080903456594,"[0.20,0.25)",0.7226562499999971,1.0,0.629,1,1.0,2.9105366677164204,0.05093920975923538
sun3d-home_md-home_md_scan9_2012_sep_30,6,40,0.4037296037296037,"[0.30,1.00]",0.9179687499999963,1.0,0.736,1,1.0,2.599474995285841,0.08193414658308029
sun3d-home_md-home_md_scan9_2012_sep_30,6,41,0.2193261284170375,"[0.20,0.25)",0.7109374999999971,1.0,0.5965,1,1.0,2.627038958291293,0.08694036304950714
sun3d-home_md-home_md_scan9_2012_sep_30,6,45,0.46450519177791905,"[0.30,1.00]",0.6328124999999974,1.0,0.5235,1,1.0,5.490193629356056,0.24958473443984985
sun3d-home_md-home_md_scan9_2012_sep_30,6,47,0.21763085399449036,"[0.20,0.25)",0.6953124999999972,1.0,0.568,1,1.0,1.8427065148046402,0.051168620586395264
sun3d-home_md-home_md_scan9_2012_sep_30,6,8,0.17020555202373383,"[0.15,0.20)",0.511718749999998,1.0,0.4105,1,1.0,5.460558763209275,0.09081900864839554
sun3d-home_md-home_md_scan9_2012_sep_30,7,37,0.2803455512714139,"[0.25,0.30)",0.8398437499999967,1.0,0.5785,1,1.0,5.531374011096773,0.18487690389156342
sun3d-home_md-home_md_scan9_2012_sep_30,7,40,0.5216945678168774,"[0.30,1.00]",0.8945312499999964,1.0,0.778,1,1.0,0.8842594999840747,0.04143114015460014
sun3d-home_md-home_md_scan9_2012_sep_30,7,41,0.2959636878324955,"[0.25,0.30)",0.8398437499999967,1.0,0.7055,1,1.0,1.5003740003417934,0.04081227630376816
sun3d-home_md-home_md_scan9_2012_sep_30,7,45,0.3581922006930548,"[0.30,1.00]",0.8164062499999968,1.0,0.6785,1,1.0,0.9245038214222219,0.04275541007518768
sun3d-home_md-home_md_scan9_2012_sep_30,7,47,0.3011860022451071,"[0.30,1.00]",0.8476562499999966,1.0,0.682,1,1.0,1.6744451504715758,0.04714520648121834
sun3d-home_md-home_md_scan9_2012_sep_30,7,49,0.1747279027770999,"[0.15,0.20)",0.6367187499999974,1.0,0.534,1,1.0,2.249423592141879,0.048969537019729614
sun3d-home_md-home_md_scan9_2012_sep_30,7,8,0.39879935575186687,"[0.30,1.00]",0.9374999999999962,1.0,0.722,0,,,
sun3d-home_md-home_md_scan9_2012_sep_30,8,10,0.22839609952925352,"[0.20,0.25)",0.35937499999999856,1.0,0.1435,1,0.0,,
sun3d-home_md-home_md_scan9_2012_sep_30,8,32,0.254034969737727,"[0.25,0.30)",0.14453124999999942,0.0,0.011,1,0.0,,
sun3d-home_md-home_md_scan9_2012_sep_30,8,33,0.19031607262945527,"[0.15,0.20)",0.3476562499999986,1.0,0.136,1,0.0,,
sun3d-home_md-home_md_scan9_2012_sep_30,8,39,0.16728312037659718,"[0.15,0.20)",0.35937499999999856,1.0,0.359,1,1.0,2.451601424163507,0.03516004979610443
sun3d-home_md-home_md_scan9_2012_sep_30,8,40,0.18207800941492938,"[0.15,0.20)",0.4453124999999982,1.0,0.398,1,1.0,1.9976278888668952,0.004775617271661758
sun3d-home_md-home_md_scan9_2012_sep_30,8,46,0.2484868863483524,"[0.20,0.25)",0.4726562499999981,1.0,0.413,1,1.0,2.867715349496093,0.05782307684421539
sun3d-home_md-home_md_scan9_2012_sep_30,9,12,0.36070829993441667,"[0.30,1.00]",0.4023437499999984,1.0,0.2055,1,1.0,3.5140192265298844,0.12249336391687393
sun3d-home_md-home_md_scan9_2012_sep_30,9,32,0.35750200393499965,"[0.30,1.00]",0.4023437499999984,1.0,0.25,1,1.0,2.766261578377181,0.18300695717334747
sun3d-home_md-home_md_scan9_2012_sep_30,9,33,0.34351089411936164,"[0.30,1.00]",0.18749999999999925,1.0,0.07,1,0.0,,
sun3d-hotel_uc-scan3,0,11,0.29988970841662643,"[0.25,0.30)",0.8242187499999967,1.0,0.596,1,1.0,1.663658046665875,0.06863629072904587
sun3d-hotel_uc-scan3,0,18,0.395464258633763,"[0.30,1.00]",0.9101562499999963,1.0,0.6595,1,1.0,1.5551964348146647,0.07664300501346588
sun3d-hotel_uc-scan3,0,20,0.400358447645964,"[0.30,1.00]",0.8281249999999967,1.0,0.6465,1,1.0,2.2674493401400224,0.10064850002527237
sun3d-hotel_uc-scan3,0,34,0.228648238781278,"[0.20,0.25)",0.5937499999999977,1.0,0.376,1,1.0,3.0312508844192783,0.15086407959461212
sun3d-hotel_uc-scan3,0,4,0.2861721927345419,"[0.25,0.30)",0.753906249999997,1.0,0.5865,1,1.0,2.5889116990340812,0.06525243073701859
sun3d-hotel_uc-scan3,0,43,0.36365203005445645,"[0.30,1.00]",0.9335937499999962,1.0,0.7305,1,1.0,1.4772401195310911,0.0824379026889801
sun3d-hotel_uc-scan3,0,46,0.3074377886537534,"[0.30,1.00]",0.8476562499999966,1.0,0.652,1,1.0,4.143686031349398,0.16706015169620514
sun3d-hotel_uc-scan3,0,53,0.22692493279106637,"[0.20,0.25)",0.6249999999999976,1.0,0.404,1,1.0,2.7963838926751188,0.11037687957286835
sun3d-hotel_uc-scan3,0,9,0.40435651754325497,"[0.30,1.00]",0.9062499999999963,1.0,0.7155,1,1.0,2.3162973215991185,0.08788896352052689
sun3d-hotel_uc-scan3,10,11,0.2298491512187102,"[0.20,0.25)",0.6796874999999973,1.0,0.5505,0,,,
sun3d-hotel_uc-scan3,10,34,0.24045377944017426,"[0.20,0.25)",0.7968749999999968,1.0,0.5765,1,1.0,3.2495608032857977,0.16740307211875916
sun3d-hotel_uc-scan3,10,46,0.24098812117226356,"[0.20,0.25)",0.7812499999999969,1.0,0.571,1,1.0,2.7495110415427004,0.11777713894844055
sun3d-hotel_uc-scan3,10,53,0.17263348267499692,"[0.15,0.20)",0.7812499999999969,1.0,0.593,1,1.0,2.5273941194932172,0.08123966306447983
sun3d-hotel_uc-scan3,11,18,0.24828751484153805,"[0.20,0.25)",0.6445312499999974,1.0,0.399,1,1.0,2.2841336724235317,0.10083986073732376
sun3d-hotel_uc-scan3,11,19,0.16480957165037902,"[0.15,0.20)",0.496093749999998,1.0,0.323,1,1.0,3.9337288086474067,0.11967010796070099
sun3d-hotel_uc-scan3,11,20,0.1662252260480409,"[0.15,0.20)",0.3124999999999988,1.0,0.2385,1,1.0,1.343774609953067,0.044520970433950424
sun3d-hotel_uc-scan3,11,21,0.18759704082564618,"[0.15,0.20)",0.6171874999999976,1.0,0.345,1,1.0,4.732593072210257,0.11963435262441635
sun3d-hotel_uc-scan3,11,33,0.2729473011233903,"[0.25,0.30)",0.2734374999999989,1.0,0.128,1,0.0,,
sun3d-hotel_uc-scan3,11,43,0.17033519042834963,"[0.15,0.20)",0.5937499999999977,1.0,0.37,1,1.0,1.7420367340894216,0.06408791244029999
sun3d-hotel_uc-scan3,11,44,0.20097725819709564,"[0.20,0.25)",0.49218749999999806,1.0,0.3855,1,1.0,2.7672520709223725,0.11435427516698837
sun3d-hotel_uc-scan3,11,45,0.34669832861448535,"[0.30,1.00]",0.8554687499999966,1.0,0.595,1,1.0,0.8956927008422768,0.032388221472501755
sun3d-hotel_uc-scan3,11,52,0.20796419764362042,"[0.20,0.25)",0.6445312499999974,1.0,0.4095,1,1.0,5.011179526271134,0.16710518300533295
sun3d-hotel_uc-scan3,12,22,0.14740539315658283,"[0.00,0.15)",0.0781249999999997,0.0,0.0375,1,0.0,,
sun3d-hotel_uc-scan3,12,25,0.2284160435078178,"[0.20,0.25)",0.14843749999999942,1.0,0.18,1,1.0,4.851391685210139,0.0729433000087738
sun3d-hotel_uc-scan3,12,30,0.24626104690686607,"[0.20,0.25)",0.32812499999999867,1.0,0.1965,1,1.0,4.188625767953607,0.059311896562576294
sun3d-hotel_uc-scan3,12,34,0.3933831860412418,"[0.30,1.00]",0.5859374999999977,1.0,0.342,1,1.0,5.817564824567336,0.18501675128936768
sun3d-hotel_uc-scan3,12,46,0.29537729435757987,"[0.25,0.30)",0.3046874999999988,1.0,0.235,1,1.0,2.264166883174646,0.0897362157702446
sun3d-hotel_uc-scan3,13,15,0.4286721504112809,"[0.30,1.00]",0.9062499999999963,1.0,0.791,1,1.0,1.1977931389033016,0.029696360230445862
sun3d-hotel_uc-scan3,13,16,0.29856639247943595,"[0.25,0.30)",0.7929687499999968,1.0,0.706,1,1.0,2.289098171461591,0.08973750472068787
sun3d-hotel_uc-scan3,13,23,0.16578143360752057,"[0.15,0.20)",0.48437499999999806,1.0,0.4425,1,1.0,5.526057012355448,0.14154274761676788
sun3d-hotel_uc-scan3,13,27,0.29043478260869565,"[0.25,0.30)",0.6484374999999974,1.0,0.381,1,1.0,1.756357427950399,0.03523708134889603
sun3d-hotel_uc-scan3,13,30,0.19313748531139835,"[0.15,0.20)",0.4414062499999982,1.0,0.262,1,1.0,2.2337070402676646,0.03821004182100296
sun3d-hotel_uc-scan3,13,31,0.23440658049353702,"[0.20,0.25)",0.5937499999999977,1.0,0.514,1,1.0,2.4129752219631877,0.049652718007564545
sun3d-hotel_uc-scan3,13,33,0.37602820211515864,"[0.30,1.00]",0.8203124999999967,1.0,0.6635,1,1.0,5.098697453465836,0.138986736536026
sun3d-hotel_uc-scan3,13,47,0.31388954171562866,"[0.30,1.00]",0.8828124999999964,1.0,0.6805,1,0.0,,
sun3d-hotel_uc-scan3,13,51,0.3514453584018801,"[0.30,1.00]",0.7734374999999969,1.0,0.618,1,1.0,0.7788375375894618,0.019777165725827217
sun3d-hotel_uc-scan3,14,22,0.17163189841624224,"[0.15,0.20)",0.6367187499999974,1.0,0.528,1,0.0,,
sun3d-hotel_uc-scan3,14,27,0.3036349682550757,"[0.30,1.00]",0.9414062499999962,1.0,0.7815,1,1.0,1.0083303982546996,0.02857305482029915
sun3d-hotel_uc-scan3,14,28,0.20641177701807017,"[0.20,0.25)",0.7890624999999969,1.0,0.6425,1,1.0,1.3688790666930974,0.02800791524350643
sun3d-hotel_uc-scan3,14,48,0.3287518314379404,"[0.30,1.00]",0.8320312499999967,1.0,0.656,1,1.0,2.0441134573622692,0.09939152747392654
sun3d-hotel_uc-scan3,14,50,0.4000906997837159,"[0.30,1.00]",0.7343749999999971,1.0,0.4495,1,1.0,2.3466865649528152,0.06158558651804924
sun3d-hotel_uc-scan3,14,52,0.2134933370543501,"[0.20,0.25)",0.6835937499999972,1.0,0.5595,1,1.0,1.4113916833485483,0.09316232055425644
sun3d-hotel_uc-scan3,15,17,0.259230513360683,"[0.25,0.30)",0.6054687499999976,1.0,0.2415,1,1.0,0.7610474456125627,0.09522666037082672
sun3d-hotel_uc-scan3,15,26,0.19957866725801088,"[0.15,0.20)",0.8476562499999966,1.0,0.752,1,1.0,2.415407445310152,0.07263122498989105
sun3d-hotel_uc-scan3,15,48,0.3908785157260598,"[0.30,1.00]",0.8554687499999966,1.0,0.7145,1,1.0,1.214342676110388,0.036517493426799774
sun3d-hotel_uc-scan3,15,50,0.4463539934212958,"[0.30,1.00]",0.7148437499999971,1.0,0.4775,1,1.0,2.1840883386610215,0.07443596422672272
sun3d-hotel_uc-scan3,15,52,0.24932549802269283,"[0.20,0.25)",0.5976562499999976,1.0,0.479,1,1.0,1.4309446552945257,0.08172433823347092
sun3d-hotel_uc-scan3,16,21,0.2528921608284119,"[0.25,0.30)",0.7226562499999971,1.0,0.5825,1,1.0,1.301760146398713,0.01891332119703293
sun3d-hotel_uc-scan3,16,25,0.314618558369064,"[0.30,1.00]",0.9101562499999963,1.0,0.7325,1,1.0,1.1653326251333853,0.045714277774095535
sun3d-hotel_uc-scan3,16,47,0.15629803413963272,"[0.15,0.20)",0.2773437499999989,1.0,0.425,1,1.0,2.3937555959117884,0.07712540775537491
sun3d-hotel_uc-scan3,16,50,0.3560391554081385,"[0.30,1.00]",0.5820312499999977,1.0,0.3535,1,1.0,4.401218967387222,0.15192100405693054
sun3d-hotel_uc-scan3,16,52,0.28771944017474316,"[0.25,0.30)",0.6718749999999973,1.0,0.61,1,1.0,0.403483003448239,0.041243113577365875
sun3d-hotel_uc-scan3,17,18,0.21205881141633376,"[0.20,0.25)",0.48437499999999806,1.0,0.2125,0,,,
sun3d-hotel_uc-scan3,17,23,0.3165849841439809,"[0.30,1.00]",0.503906249999998,1.0,0.2,1,1.0,0.7170974851487973,0.09488572925329208
sun3d-hotel_uc-scan3,17,34,0.14575182241258597,"[0.00,0.15)",0.6601562499999973,1.0,0.4185,1,1.0,3.9240594609313577,0.1882435530424118
sun3d-hotel_uc-scan3,17,47,0.1666735307442033,"[0.15,0.20)",0.3749999999999985,1.0,0.352,1,1.0,1.3614250772674836,0.01338868122547865
sun3d-hotel_uc-scan3,17,53,0.16967999670524278,"[0.15,0.20)",0.5898437499999977,1.0,0.3775,1,1.0,2.6525464439048054,0.14720818400382996
sun3d-hotel_uc-scan3,18,21,0.35968566559363757,"[0.30,1.00]",0.6796874999999973,1.0,0.4125,1,1.0,2.183729866058846,0.03652454912662506
sun3d-hotel_uc-scan3,18,34,0.2544025752698353,"[0.25,0.30)",0.8359374999999967,1.0,0.5645,1,1.0,1.328248581979243,0.07597320526838303
sun3d-hotel_uc-scan3,18,35,0.297954932777883,"[0.25,0.30)",0.8476562499999966,1.0,0.559,1,1.0,4.692939009130637,0.21698956191539764
sun3d-hotel_uc-scan3,18,43,0.3769645900397652,"[0.30,1.00]",0.6523437499999974,1.0,0.482,1,1.0,1.6837690829670031,0.08230666816234589
sun3d-hotel_uc-scan3,18,44,0.4772770308653664,"[0.30,1.00]",0.7695312499999969,1.0,0.5065,1,1.0,2.0850649243564527,0.10781660676002502
sun3d-hotel_uc-scan3,18,46,0.21624692293126302,"[0.20,0.25)",0.742187499999997,1.0,0.557,1,1.0,1.9759567056945118,0.0915381908416748
sun3d-hotel_uc-scan3,18,53,0.18391403143344065,"[0.15,0.20)",0.3710937499999985,1.0,0.255,1,1.0,1.597406862538706,0.07406916469335556
sun3d-hotel_uc-scan3,18,54,0.27224957394432875,"[0.25,0.30)",0.749999999999997,1.0,0.531,1,1.0,2.7527839678112076,0.09449053555727005
sun3d-hotel_uc-scan3,19,35,0.3386031514899371,"[0.30,1.00]",0.8398437499999967,1.0,0.563,1,1.0,2.521346179820612,0.09755362570285797
sun3d-hotel_uc-scan3,19,44,0.3841073378750845,"[0.30,1.00]",0.7070312499999972,1.0,0.481,1,1.0,4.125307474219142,0.22123341262340546
sun3d-hotel_uc-scan3,19,45,0.4397524572260648,"[0.30,1.00]",0.7695312499999969,1.0,0.504,1,1.0,3.5521464569589023,0.16044388711452484
sun3d-hotel_uc-scan3,19,54,0.21998023818191273,"[0.20,0.25)",0.5234374999999979,1.0,0.362,1,1.0,4.251739781709288,0.17038364708423615
sun3d-hotel_uc-scan3,1,11,0.3392523987206823,"[0.30,1.00]",0.8984374999999964,1.0,0.641,1,1.0,2.056141852514678,0.07009255886077881
sun3d-hotel_uc-scan3,1,18,0.3439498933901919,"[0.30,1.00]",0.8085937499999968,1.0,0.557,1,1.0,3.3337800292681927,0.13884520530700684
sun3d-hotel_uc-scan3,1,20,0.341817697228145,"[0.30,1.00]",0.7656249999999969,1.0,0.5355,1,1.0,2.87848035018212,0.11690343916416168
sun3d-hotel_uc-scan3,1,34,0.3043043710021322,"[0.30,1.00]",0.7343749999999971,1.0,0.477,1,1.0,3.549499690580234,0.16847237944602966
sun3d-hotel_uc-scan3,1,36,0.421875,"[0.30,1.00]",0.9453124999999962,1.0,0.7765,1,1.0,1.6217235223927602,0.055883023887872696
sun3d-hotel_uc-scan3,1,43,0.40001998933901917,"[0.30,1.00]",0.6718749999999973,1.0,0.5175,1,1.0,2.6922456046306027,0.13311068713665009
sun3d-hotel_uc-scan3,1,46,0.3562433368869936,"[0.30,1.00]",0.8593749999999966,1.0,0.666,1,1.0,4.428989782035405,0.1639934480190277
sun3d-hotel_uc-scan3,1,53,0.2789179104477612,"[0.25,0.30)",0.8749999999999966,1.0,0.63,1,1.0,4.016783912197884,0.12015967816114426
sun3d-hotel_uc-scan3,1,9,0.3422174840085288,"[0.30,1.00]",0.8476562499999966,1.0,0.663,1,1.0,0.7273927106796573,0.03253627195954323
sun3d-hotel_uc-scan3,20,21,0.28293895589724705,"[0.25,0.30)",0.6601562499999973,1.0,0.4755,0,,,
sun3d-hotel_uc-scan3,20,34,0.15150538624436055,"[0.15,0.20)",0.6679687499999973,1.0,0.4185,1,1.0,0.9569531115072297,0.06117049232125282
sun3d-hotel_uc-scan3,20,35,0.170334223368014,"[0.15,0.20)",0.6054687499999976,1.0,0.3975,1,1.0,6.16427463483678,0.2734062969684601
sun3d-hotel_uc-scan3,20,37,0.20361845133965564,"[0.20,0.25)",0.2031249999999992,1.0,0.1695,1,1.0,7.9065870824233615,0.22186501324176788
sun3d-hotel_uc-scan3,20,43,0.35107264524445264,"[0.30,1.00]",0.5507812499999978,1.0,0.391,1,1.0,2.2450689139766085,0.07742058485746384
sun3d-hotel_uc-scan3,20,44,0.40235705736120064,"[0.30,1.00]",0.6367187499999974,1.0,0.4525,1,1.0,2.5816433326567996,0.07593518495559692
sun3d-hotel_uc-scan3,20,45,0.45124758309547924,"[0.30,1.00]",0.5898437499999977,1.0,0.424,1,1.0,2.634776548300054,0.08911522477865219
sun3d-hotel_uc-scan3,20,46,0.14685572230917962,"[0.00,0.15)",0.4062499999999984,1.0,0.324,1,1.0,2.536207490049824,0.09814330190420151
sun3d-hotel_uc-scan3,20,53,0.1411011877359359,"[0.00,0.15)",0.19140624999999922,1.0,0.1135,1,0.0,,
sun3d-hotel_uc-scan3,20,54,0.16545437804990332,"[0.15,0.20)",0.41796874999999833,1.0,0.2895,1,1.0,4.58013696271565,0.14694401621818542
sun3d-hotel_uc-scan3,21,34,0.2543046357615894,"[0.25,0.30)",0.761718749999997,1.0,0.487,1,1.0,2.3500203952818763,0.1384841650724411
sun3d-hotel_uc-scan3,21,35,0.18491217967175352,"[0.15,0.20)",0.5195312499999979,1.0,0.15,1,0.0,,
sun3d-hotel_uc-scan3,21,36,0.2733083789231212,"[0.25,0.30)",0.48437499999999806,1.0,0.3085,1,1.0,2.3259102223642585,0.09471921622753143
sun3d-hotel_uc-scan3,21,43,0.21704578174488914,"[0.20,0.25)",0.33203124999999867,1.0,0.214,1,1.0,4.549326794366916,0.23174339532852173
sun3d-hotel_uc-scan3,21,45,0.23207601497264613,"[0.20,0.25)",0.5234374999999979,1.0,0.265,1,1.0,4.26939160797146,0.19447512924671173
sun3d-hotel_uc-scan3,21,46,0.259775410308091,"[0.25,0.30)",0.7890624999999969,1.0,0.51,1,1.0,2.3066443815007864,0.12134257704019547
sun3d-hotel_uc-scan3,21,47,0.17938381802476244,"[0.15,0.20)",0.503906249999998,1.0,0.4605,1,1.0,1.2688745913756119,0.03989202529191971
sun3d-hotel_uc-scan3,21,53,0.2734235531241002,"[0.25,0.30)",0.7109374999999971,1.0,0.4615,1,1.0,2.1577634132793584,0.12210600078105927
sun3d-hotel_uc-scan3,21,54,0.19809962568384681,"[0.15,0.20)",0.5156249999999979,1.0,0.205,1,1.0,5.346760825736814,0.2277914136648178
sun3d-hotel_uc-scan3,22,24,0.22021920358850663,"[0.20,0.25)",0.5546874999999978,1.0,0.492,1,1.0,5.791902271083194,0.22789321839809418
sun3d-hotel_uc-scan3,22,33,0.1345689983496255,"[0.00,0.15)",0.33203124999999867,1.0,0.1495,1,1.0,7.560162204733504,0.14038199186325073
sun3d-hotel_uc-scan3,22,47,0.22593203842410392,"[0.20,0.25)",0.499999999999998,1.0,0.3865,1,1.0,1.672574128506017,0.057683832943439484
sun3d-hotel_uc-scan3,22,48,0.3052769666962888,"[0.30,1.00]",0.10937499999999957,1.0,0.128,1,0.0,,
sun3d-hotel_uc-scan3,22,49,0.22538191358808346,"[0.20,0.25)",0.41015624999999833,1.0,0.3015,1,1.0,1.6925792582741905,0.09659675508737564
sun3d-hotel_uc-scan3,22,51,0.21243282129406288,"[0.20,0.25)",0.49218749999999806,1.0,0.292,1,1.0,2.3636399656561444,0.06399554014205933
sun3d-hotel_uc-scan3,22,52,0.2211925013753121,"[0.20,0.25)",0.36718749999999856,1.0,0.3185,1,1.0,3.285391033068739,0.10163289308547974
sun3d-hotel_uc-scan3,23,25,0.18708886882497097,"[0.15,0.20)",0.7929687499999968,1.0,0.6685,1,1.0,2.4307550448651463,0.05371446907520294
sun3d-hotel_uc-scan3,23,48,0.1858312911131175,"[0.15,0.20)",0.7343749999999971,1.0,0.684,1,1.0,0.9577706899445313,0.03443941846489906
sun3d-hotel_uc-scan3,23,50,0.6264349284148072,"[0.30,1.00]",0.7695312499999969,1.0,0.5685,1,1.0,2.232655338461584,0.08360783755779266
sun3d-hotel_uc-scan3,24,26,0.2468814256339959,"[0.20,0.25)",0.9335937499999962,1.0,0.791,1,1.0,1.8073192643472984,0.01655438542366028
sun3d-hotel_uc-scan3,24,48,0.31100068540095954,"[0.30,1.00]",0.8632812499999966,1.0,0.7285,1,1.0,1.6287074647915762,0.008945143781602383
sun3d-hotel_uc-scan3,24,50,0.5083618917066484,"[0.30,1.00]",0.6640624999999973,1.0,0.506,1,1.0,2.452718897482366,0.0627414658665657
sun3d-hotel_uc-scan3,24,52,0.20445510623714874,"[0.20,0.25)",0.761718749999997,1.0,0.5835,1,1.0,3.0975615646529993,0.0677696242928505
sun3d-hotel_uc-scan3,25,27,0.30763392574789705,"[0.30,1.00]",0.738281249999997,1.0,0.617,1,1.0,2.66285749355914,0.11585786938667297
sun3d-hotel_uc-scan3,25,28,0.16836379735627094,"[0.15,0.20)",0.46484374999999817,1.0,0.4235,1,1.0,2.8963782380291105,0.08225841075181961
sun3d-hotel_uc-scan3,25,31,0.14325469609765354,"[0.00,0.15)",0.3749999999999985,1.0,0.309,1,1.0,5.584476998320454,0.08928626030683517
sun3d-hotel_uc-scan3,25,32,0.3297704130036051,"[0.30,1.00]",0.753906249999997,1.0,0.5155,1,1.0,1.6969671984983377,0.029083387926220894
sun3d-hotel_uc-scan3,25,33,0.245904749857694,"[0.20,0.25)",0.5664062499999978,1.0,0.3485,1,1.0,3.9790671960273003,0.10432436317205429
sun3d-hotel_uc-scan3,25,47,0.1723483650622984,"[0.15,0.20)",0.17968749999999928,1.0,0.148,1,0.0,,
sun3d-hotel_uc-scan3,25,50,0.2144076908481437,"[0.20,0.25)",0.13281249999999947,0.0,0.039,1,0.0,,
sun3d-hotel_uc-scan3,26,29,0.31698282178620857,"[0.30,1.00]",0.8789062499999964,1.0,0.7265,1,1.0,1.8604633925198637,0.054601091891527176
sun3d-hotel_uc-scan3,26,49,0.17190425791744687,"[0.15,0.20)",0.45703124999999817,1.0,0.2945,1,0.0,,
sun3d-hotel_uc-scan3,29,30,0.3390781790350927,"[0.30,1.00]",0.058593749999999764,0.0,0.0155,0,,,
sun3d-hotel_uc-scan3,2,18,0.3613584672911607,"[0.30,1.00]",0.746093749999997,1.0,0.4935,1,1.0,4.952188247352628,0.18549366295337677
sun3d-hotel_uc-scan3,2,19,0.35445819359315367,"[0.30,1.00]",0.7734374999999969,1.0,0.5485,1,1.0,2.6781035156948225,0.0882500559091568
sun3d-hotel_uc-scan3,2,20,0.22724644385335954,"[0.20,0.25)",0.5624999999999978,1.0,0.419,1,1.0,4.5187404721540005,0.16731758415699005
sun3d-hotel_uc-scan3,2,21,0.17466558729424464,"[0.15,0.20)",0.5546874999999978,1.0,0.231,1,1.0,6.493831814702639,0.19254913926124573
sun3d-hotel_uc-scan3,2,36,0.24779306888708993,"[0.20,0.25)",0.6796874999999973,1.0,0.5525,1,1.0,4.085619566777951,0.13350076973438263
sun3d-hotel_uc-scan3,2,43,0.39767163948961104,"[0.30,1.00]",0.8046874999999968,1.0,0.6445,1,1.0,3.016101060595892,0.1343015432357788
sun3d-hotel_uc-scan3,2,47,0.1826066843992136,"[0.15,0.20)",0.6054687499999976,1.0,0.3355,1,0.0,,
sun3d-hotel_uc-scan3,30,31,0.30407801418439717,"[0.30,1.00]",0.6992187499999972,1.0,0.462,0,,,
sun3d-hotel_uc-scan3,30,32,0.40009547190398254,"[0.30,1.00]",0.5468749999999978,1.0,0.3665,1,1.0,3.0308633724808964,0.07875318825244904
sun3d-hotel_uc-scan3,30,33,0.3250818330605565,"[0.30,1.00]",0.6054687499999976,1.0,0.314,1,1.0,6.473508196373943,0.21383459866046906
sun3d-hotel_uc-scan3,30,48,0.2041734860883797,"[0.20,0.25)",0.35937499999999856,1.0,0.1765,1,0.0,,
sun3d-hotel_uc-scan3,31,34,0.29812540400775694,"[0.25,0.30)",0.3710937499999985,1.0,0.239,1,1.0,6.614882941867833,0.1901775747537613
sun3d-hotel_uc-scan3,31,53,0.4134453781512605,"[0.30,1.00]",0.45312499999999817,1.0,0.274,1,1.0,4.332416146943251,0.10765087604522705
sun3d-hotel_uc-scan3,32,34,0.22658070529749882,"[0.20,0.25)",0.11718749999999953,1.0,0.0995,1,0.0,,
sun3d-hotel_uc-scan3,32,53,0.34961938791362435,"[0.30,1.00]",0.5585937499999978,1.0,0.2865,1,1.0,2.430432935606155,0.04899563267827034
sun3d-hotel_uc-scan3,33,35,0.19103486958960456,"[0.15,0.20)",0.26562499999999895,1.0,0.1115,1,1.0,7.049681699486682,0.30720165371894836
sun3d-hotel_uc-scan3,33,46,0.29073572029540995,"[0.25,0.30)",0.3789062499999985,1.0,0.1805,1,0.0,,
sun3d-hotel_uc-scan3,34,43,0.19472863499790818,"[0.15,0.20)",0.6054687499999976,1.0,0.3805,1,1.0,3.4720925435448597,0.13773827254772186
sun3d-hotel_uc-scan3,34,44,0.1969725782527669,"[0.15,0.20)",0.6601562499999973,1.0,0.488,1,1.0,3.1365010447664163,0.13462680578231812
sun3d-hotel_uc-scan3,34,45,0.35922108546000836,"[0.30,1.00]",0.8554687499999966,1.0,0.5875,1,1.0,2.514038317575139,0.06829406321048737
sun3d-hotel_uc-scan3,34,52,0.29152245844901686,"[0.25,0.30)",0.6874999999999972,1.0,0.456,1,1.0,4.812714309428637,0.14012284576892853
sun3d-hotel_uc-scan3,35,36,0.1673116814762067,"[0.15,0.20)",0.5273437499999979,1.0,0.577,0,,,
sun3d-hotel_uc-scan3,35,43,0.167187838632775,"[0.15,0.20)",0.5703124999999977,1.0,0.4115,1,1.0,1.705250235513163,0.09111344814300537
sun3d-hotel_uc-scan3,35,44,0.2625468280751726,"[0.25,0.30)",0.8867187499999964,1.0,0.6665,1,1.0,1.9004278382365263,0.10636536031961441
sun3d-hotel_uc-scan3,35,45,0.3811263506610112,"[0.30,1.00]",0.9492187499999962,1.0,0.7255,1,1.0,1.2642395113432732,0.07982809841632843
sun3d-hotel_uc-scan3,35,46,0.40205579120096596,"[0.30,1.00]",0.9570312499999962,1.0,0.6535,1,1.0,4.026036372485482,0.1451706886291504
sun3d-hotel_uc-scan3,35,53,0.3342518344221183,"[0.30,1.00]",0.9296874999999963,1.0,0.6135,1,1.0,3.573688436665028,0.10099714994430542
sun3d-hotel_uc-scan3,36,37,0.2826595276017486,"[0.25,0.30)",0.8007812499999968,1.0,0.581,0,,,
sun3d-hotel_uc-scan3,36,43,0.3850011860788234,"[0.30,1.00]",0.7226562499999971,1.0,0.5425,1,1.0,1.7182834104611324,0.07339779287576675
sun3d-hotel_uc-scan3,36,44,0.4400352434850385,"[0.30,1.00]",0.8789062499999964,1.0,0.6405,1,1.0,2.0140198370350446,0.10264250636100769
sun3d-hotel_uc-scan3,36,45,0.4273611440577451,"[0.30,1.00]",0.8242187499999967,1.0,0.6255,1,1.0,2.5012373421751763,0.10251664370298386
sun3d-hotel_uc-scan3,37,42,0.2769546236274639,"[0.25,0.30)",0.5234374999999979,1.0,0.4775,1,1.0,1.7590295825728248,0.05897751823067665
sun3d-hotel_uc-scan3,37,43,0.25115756052387883,"[0.25,0.30)",0.48046874999999806,1.0,0.359,1,1.0,2.2851616945712547,0.0440455824136734
sun3d-hotel_uc-scan3,37,44,0.21008069850509326,"[0.20,0.25)",0.32812499999999867,1.0,0.2125,1,1.0,7.1202313678668805,0.16782407462596893
sun3d-hotel_uc-scan3,38,42,0.33109664496745117,"[0.30,1.00]",0.5624999999999978,1.0,0.528,1,1.0,0.8833738943282659,0.040019404143095016
sun3d-hotel_uc-scan3,39,44,0.3348001466813348,"[0.30,1.00]",0.6289062499999974,1.0,0.514,1,1.0,3.1632262382874226,0.048365842550992966
sun3d-hotel_uc-scan3,3,11,0.38215482841181164,"[0.30,1.00]",0.9101562499999963,1.0,0.6775,1,1.0,2.731798194621552,0.10415147989988327
sun3d-hotel_uc-scan3,3,18,0.3309816440542698,"[0.30,1.00]",0.7148437499999971,1.0,0.5025,1,1.0,2.6791265761849195,0.1214066594839096
sun3d-hotel_uc-scan3,3,20,0.2435434956105347,"[0.20,0.25)",0.6796874999999973,1.0,0.5335,1,1.0,2.882693617720067,0.1129535362124443
sun3d-hotel_uc-scan3,3,34,0.3101675977653631,"[0.30,1.00]",0.8124999999999968,1.0,0.523,1,1.0,3.795708152630407,0.20438164472579956
sun3d-hotel_uc-scan3,3,36,0.28118116520351155,"[0.25,0.30)",0.8476562499999966,1.0,0.715,1,1.0,2.115813603646403,0.0783994197845459
sun3d-hotel_uc-scan3,3,43,0.2587709497206704,"[0.25,0.30)",0.7968749999999968,1.0,0.6125,1,1.0,3.1796462255030185,0.16690801084041595
sun3d-hotel_uc-scan3,3,44,0.41136472466081403,"[0.30,1.00]",0.9218749999999963,1.0,0.7225,1,1.0,3.5905237266504284,0.1857886165380478
sun3d-hotel_uc-scan3,3,46,0.35195530726256985,"[0.30,1.00]",0.8789062499999964,1.0,0.65,1,1.0,4.584924378295886,0.18500161170959473
sun3d-hotel_uc-scan3,3,53,0.26100558659217876,"[0.25,0.30)",0.738281249999997,1.0,0.4755,1,1.0,4.815155982233542,0.15541201829910278
sun3d-hotel_uc-scan3,40,43,0.41124235570076234,"[0.30,1.00]",0.7031249999999972,1.0,0.6195,1,1.0,2.1096997047641564,0.027437856420874596
sun3d-hotel_uc-scan3,40,44,0.26229370863701096,"[0.25,0.30)",0.5351562499999979,1.0,0.4625,1,1.0,2.328769549911394,0.04186684638261795
sun3d-hotel_uc-scan3,41,44,0.3040212107821476,"[0.30,1.00]",0.6367187499999974,1.0,0.5675,1,1.0,1.8224159316707633,0.02835058979690075
sun3d-hotel_uc-scan3,42,45,0.39398862713241267,"[0.30,1.00]",0.5546874999999978,1.0,0.3905,1,1.0,3.007000603701114,0.09718677401542664
sun3d-hotel_uc-scan3,42,54,0.21635526672082317,"[0.20,0.25)",0.11718749999999953,1.0,0.061,1,0.0,,
sun3d-hotel_uc-scan3,43,46,0.23913825672393632,"[0.20,0.25)",0.6835937499999972,1.0,0.566,1,1.0,1.3510362899117545,0.03354598581790924
sun3d-hotel_uc-scan3,43,53,0.26504452640100745,"[0.25,0.30)",0.6796874999999973,1.0,0.5835,1,1.0,3.536014702038925,0.030080772936344147
sun3d-hotel_uc-scan3,44,46,0.2539479104682565,"[0.25,0.30)",0.6914062499999972,1.0,0.518,1,1.0,3.128000944169697,0.11126147210597992
sun3d-hotel_uc-scan3,44,53,0.19920355197509956,"[0.15,0.20)",0.6289062499999974,1.0,0.5185,1,1.0,3.338826685709868,0.09035821259021759
sun3d-hotel_uc-scan3,45,53,0.32851181070459057,"[0.30,1.00]",0.9179687499999963,1.0,0.7285,1,1.0,3.3554385295826603,0.04957255348563194
sun3d-hotel_uc-scan3,46,48,0.17010309278350516,"[0.15,0.20)",0.015624999999999938,0.0,0.0005,1,0.0,,
sun3d-hotel_uc-scan3,47,54,0.2307137943459888,"[0.20,0.25)",0.499999999999998,1.0,0.2585,1,1.0,6.890224588000954,0.26397210359573364
sun3d-hotel_uc-scan3,48,53,0.32699667221297835,"[0.30,1.00]",0.5351562499999979,1.0,0.3025,1,1.0,4.435883296830106,0.17242994904518127
sun3d-hotel_uc-scan3,49,52,0.21028861571352217,"[0.20,0.25)",0.7734374999999969,1.0,0.7175,1,1.0,4.748791218926452,0.19647949934005737
sun3d-hotel_uc-scan3,4,10,0.5031569536793876,"[0.30,1.00]",0.8671874999999966,1.0,0.7005,1,1.0,1.569475821882296,0.03939494863152504
sun3d-hotel_uc-scan3,4,19,0.4719226686036766,"[0.30,1.00]",0.7070312499999972,1.0,0.468,1,1.0,0.6513203712768505,0.05804789066314697
sun3d-hotel_uc-scan3,4,38,0.25808794770073196,"[0.25,0.30)",0.6679687499999973,1.0,0.388,1,1.0,2.1410089465607522,0.02871115878224373
sun3d-hotel_uc-scan3,4,39,0.2880371011901436,"[0.25,0.30)",0.4726562499999981,1.0,0.273,1,1.0,3.541658107012794,0.06214730069041252
sun3d-hotel_uc-scan3,4,40,0.20981170028496396,"[0.20,0.25)",0.39062499999999845,1.0,0.2815,1,1.0,3.296931325198067,0.08891912549734116
sun3d-hotel_uc-scan3,4,41,0.21126445773034586,"[0.20,0.25)",0.4687499999999981,1.0,0.3845,1,1.0,4.168660057142102,0.11262533813714981
sun3d-hotel_uc-scan3,4,43,0.17243113370956026,"[0.15,0.20)",0.41015624999999833,1.0,0.317,1,1.0,3.70369612365983,0.0476350300014019
sun3d-hotel_uc-scan3,4,44,0.2695982566910655,"[0.25,0.30)",0.4765624999999981,1.0,0.335,1,1.0,2.881471045132709,0.07181309163570404
sun3d-hotel_uc-scan3,4,45,0.27719729563614015,"[0.25,0.30)",0.4374999999999983,1.0,0.298,1,1.0,3.2393026834451755,0.07258668541908264
sun3d-hotel_uc-scan3,4,7,0.2787059283678829,"[0.25,0.30)",0.6249999999999976,1.0,0.4265,1,1.0,1.4238155669680663,0.029321327805519104
sun3d-hotel_uc-scan3,4,8,0.31301335419344023,"[0.30,1.00]",0.6406249999999974,1.0,0.475,1,1.0,3.5601849586782084,0.107630155980587
sun3d-hotel_uc-scan3,51,52,0.25661802685950413,"[0.25,0.30)",0.8398437499999967,1.0,0.7465,0,,,
sun3d-hotel_uc-scan3,5,36,0.331945889698231,"[0.30,1.00]",0.5390624999999979,1.0,0.2565,1,1.0,4.625417780170856,0.22298455238342285
sun3d-hotel_uc-scan3,5,42,0.19302809573361082,"[0.15,0.20)",0.3789062499999985,1.0,0.3245,1,1.0,6.669562644664379,0.16349129378795624
sun3d-hotel_uc-scan3,5,43,0.1817303404192062,"[0.15,0.20)",0.4335937499999983,1.0,0.3405,1,1.0,4.43411674857096,0.07687920331954956
sun3d-hotel_uc-scan3,5,44,0.18470343392299687,"[0.15,0.20)",0.36718749999999856,1.0,0.306,1,1.0,11.256273867942143,0.300362229347229
sun3d-hotel_uc-scan3,6,36,0.33980067228873034,"[0.30,1.00]",0.5195312499999979,1.0,0.304,1,1.0,4.476234365885758,0.1343412697315216
sun3d-hotel_uc-scan3,6,42,0.2509288199563602,"[0.25,0.30)",0.6406249999999974,1.0,0.53,1,1.0,2.0641218585645826,0.0434718057513237
sun3d-hotel_uc-scan3,6,43,0.23594975526331308,"[0.20,0.25)",0.6445312499999974,1.0,0.489,1,1.0,2.087128923552921,0.027182944118976593
sun3d-hotel_uc-scan3,6,44,0.20905820605059858,"[0.20,0.25)",0.499999999999998,1.0,0.415,1,1.0,3.236763321580884,0.0845080316066742
sun3d-hotel_uc-scan3,7,36,0.2550152820227841,"[0.25,0.30)",0.20703124999999917,1.0,0.1335,1,0.0,,
sun3d-hotel_uc-scan3,7,42,0.3030286190608502,"[0.30,1.00]",0.7265624999999971,1.0,0.592,1,1.0,1.1371161537703147,0.043748416006565094
sun3d-hotel_uc-scan3,7,43,0.1821061405946096,"[0.15,0.20)",0.4062499999999984,1.0,0.385,1,1.0,1.086425266123751,0.02265946753323078
sun3d-hotel_uc-scan3,8,10,0.22177670238506741,"[0.20,0.25)",0.5820312499999977,1.0,0.441,1,1.0,2.0876914784317036,0.04471291974186897
sun3d-hotel_uc-scan3,8,18,0.2017283097131006,"[0.20,0.25)",0.08203124999999967,0.0,0.0105,1,0.0,,
sun3d-hotel_uc-scan3,8,20,0.21783615623919805,"[0.20,0.25)",0.11328124999999954,1.0,0.0715,1,0.0,,
sun3d-hotel_uc-scan3,8,36,0.43249222260629105,"[0.30,1.00]",0.6953124999999972,1.0,0.46,1,1.0,3.0021792282769706,0.07138174027204514
sun3d-hotel_uc-scan3,8,43,0.3233321811268579,"[0.30,1.00]",0.6289062499999974,1.0,0.5785,1,1.0,0.9312522620844388,0.025459041818976402
sun3d-hotel_uc-scan3,8,44,0.25433805737988247,"[0.25,0.30)",0.5429687499999978,1.0,0.494,1,1.0,2.3071534373143425,0.0587143711745739
sun3d-hotel_uc-scan3,9,18,0.32201209314293067,"[0.30,1.00]",0.511718749999998,1.0,0.329,1,1.0,1.0653270076852213,0.02766762115061283
sun3d-hotel_uc-scan3,9,19,0.334705604871564,"[0.30,1.00]",0.7812499999999969,1.0,0.4755,1,1.0,0.7828470859564245,0.034243639558553696
sun3d-hotel_uc-scan3,9,20,0.42977829237960463,"[0.30,1.00]",0.7031249999999972,1.0,0.4455,1,1.0,0.6644077129176098,0.0512363500893116
sun3d-hotel_uc-scan3,9,37,0.316694540932287,"[0.30,1.00]",0.8593749999999966,1.0,0.647,1,1.0,1.4251893144646401,0.004618620499968529
sun3d-hotel_uc-scan3,9,38,0.23615935503237703,"[0.20,0.25)",0.7929687499999968,1.0,0.625,1,1.0,0.8355625290832747,0.020944111049175262
sun3d-hotel_uc-scan3,9,39,0.2969681375702217,"[0.25,0.30)",0.8671874999999966,1.0,0.6185,1,1.0,2.7231861327147304,0.04662217199802399
sun3d-hotel_uc-scan3,9,40,0.2305416184227454,"[0.20,0.25)",0.7304687499999971,1.0,0.592,1,1.0,2.7647043736927817,0.07400036603212357
sun3d-hotel_uc-scan3,9,41,0.23615935503237703,"[0.20,0.25)",0.8164062499999968,1.0,0.691,1,1.0,1.8551963656320243,0.042648669332265854
sun3d-hotel_uc-scan3,9,42,0.29405206055148164,"[0.25,0.30)",0.7226562499999971,1.0,0.62,1,1.0,1.8678122869735845,0.030961574986577034
sun3d-hotel_umd-maryland_hotel1,0,10,0.3479901393570458,"[0.30,1.00]",0.8437499999999967,1.0,0.6415,1,1.0,2.7652707313232168,0.05814108997583389
sun3d-hotel_umd-maryland_hotel1,0,15,0.2427931780449766,"[0.20,0.25)",0.8203124999999967,1.0,0.6595,1,1.0,1.6487699235796054,0.039880234748125076
sun3d-hotel_umd-maryland_hotel1,0,23,0.45545102379634755,"[0.30,1.00]",0.7734374999999969,1.0,0.6155,1,1.0,2.384744402027737,0.08430302888154984
sun3d-hotel_umd-maryland_hotel1,0,29,0.1740202243799366,"[0.15,0.20)",0.511718749999998,1.0,0.358,1,1.0,4.6576605126172,0.2494964748620987
sun3d-hotel_umd-maryland_hotel1,0,8,0.23092015897771292,"[0.20,0.25)",0.6640624999999973,1.0,0.557,1,1.0,3.0434966000801262,0.032329872250556946
sun3d-hotel_umd-maryland_hotel1,0,9,0.3225838909292147,"[0.30,1.00]",0.9140624999999963,1.0,0.775,1,1.0,3.177798587732122,0.07164432108402252
sun3d-hotel_umd-maryland_hotel1,10,13,0.21318399696265009,"[0.20,0.25)",0.6796874999999973,1.0,0.495,1,1.0,1.1895965439430591,0.044042449444532394
sun3d-hotel_umd-maryland_hotel1,10,14,0.36471928242608326,"[0.30,1.00]",0.8789062499999964,1.0,0.7225,1,1.0,2.7342333509811967,0.0823870524764061
sun3d-hotel_umd-maryland_hotel1,10,19,0.12287029566703052,"[0.00,0.15)",0.0,0.0,0.0,1,0.0,,
sun3d-hotel_umd-maryland_hotel1,10,20,0.21854681790138106,"[0.20,0.25)",0.11718749999999953,1.0,0.0915,1,1.0,6.707270327255365,0.1793123185634613
sun3d-hotel_umd-maryland_hotel1,10,21,0.1752645816525082,"[0.15,0.20)",0.015624999999999938,0.0,0.004,1,0.0,,
sun3d-hotel_umd-maryland_hotel1,10,23,0.17013905367566798,"[0.15,0.20)",0.4335937499999983,1.0,0.232,1,1.0,2.2966100324432395,0.09455766528844833
sun3d-hotel_umd-maryland_hotel1,10,24,0.23748279626026292,"[0.20,0.25)",0.7226562499999971,1.0,0.5335,1,1.0,1.7467486496141496,0.07473920285701752
sun3d-hotel_umd-maryland_hotel1,10,25,0.34046794172084854,"[0.30,1.00]",0.8593749999999966,1.0,0.6845,1,1.0,1.696505844348736,0.05403229594230652
sun3d-hotel_umd-maryland_hotel1,10,29,0.3111385316311518,"[0.30,1.00]",0.17968749999999928,1.0,0.202,1,1.0,2.579974783353429,0.09525001049041748
sun3d-hotel_umd-maryland_hotel1,11,17,0.4510515512984502,"[0.30,1.00]",0.9140624999999963,1.0,0.7695,1,1.0,1.5074007371343212,0.06550509482622147
sun3d-hotel_umd-maryland_hotel1,11,18,0.3331052741172621,"[0.30,1.00]",0.8749999999999966,1.0,0.6205,1,1.0,1.4038845903826556,0.047512128949165344
sun3d-hotel_umd-maryland_hotel1,11,27,0.29782550495285126,"[0.25,0.30)",0.3437499999999986,1.0,0.1995,1,1.0,5.480333092028095,0.12568017840385437
sun3d-hotel_umd-maryland_hotel1,11,28,0.42255406490763603,"[0.30,1.00]",0.6093749999999976,1.0,0.4175,1,1.0,1.7892539361666697,0.06456860899925232
sun3d-hotel_umd-maryland_hotel1,11,32,0.3010381652140286,"[0.30,1.00]",0.42187499999999833,1.0,0.2285,1,1.0,2.0696139131004307,0.06636492162942886
sun3d-hotel_umd-maryland_hotel1,12,15,0.1852802945879161,"[0.15,0.20)",0.48437499999999806,1.0,0.325,1,1.0,4.984916141267035,0.05193920433521271
sun3d-hotel_umd-maryland_hotel1,12,23,0.2818450506322981,"[0.25,0.30)",0.29687499999999883,1.0,0.1645,1,0.0,,
sun3d-hotel_umd-maryland_hotel1,12,27,0.2574737148117641,"[0.25,0.30)",0.5468749999999978,1.0,0.342,1,1.0,5.011726849171501,0.20640376210212708
sun3d-hotel_umd-maryland_hotel1,12,28,0.2728814380541693,"[0.25,0.30)",0.6171874999999976,1.0,0.4285,1,1.0,2.6167364742958457,0.09918699413537979
sun3d-hotel_umd-maryland_hotel1,12,29,0.1709869664227918,"[0.15,0.20)",0.17968749999999928,1.0,0.1385,1,0.0,,
sun3d-hotel_umd-maryland_hotel1,13,25,0.12242268041237113,"[0.00,0.15)",0.09374999999999963,0.0,0.011,1,0.0,,
sun3d-hotel_umd-maryland_hotel1,13,26,0.21311766797013865,"[0.20,0.25)",0.249999999999999,1.0,0.161,1,1.0,5.73777522926244,0.17374393343925476
sun3d-hotel_umd-maryland_hotel1,14,15,0.3576687432425475,"[0.30,1.00]",0.9179687499999963,1.0,0.706,0,,,
sun3d-hotel_umd-maryland_hotel1,14,29,0.17494722751377234,"[0.15,0.20)",0.5351562499999979,1.0,0.33,1,1.0,2.028543623829764,0.12811273336410522
sun3d-hotel_umd-maryland_hotel1,15,24,0.2767853280851248,"[0.25,0.30)",0.7734374999999969,1.0,0.5365,1,1.0,4.6369225130521725,0.1960645616054535
sun3d-hotel_umd-maryland_hotel1,15,25,0.34309442449932953,"[0.30,1.00]",0.8515624999999966,1.0,0.6495,1,1.0,4.379806017358516,0.1952386200428009
sun3d-hotel_umd-maryland_hotel1,17,18,0.15087602505522438,"[0.15,0.20)",0.7929687499999968,1.0,0.572,0,,,
sun3d-hotel_umd-maryland_hotel1,17,22,0.23838775077919327,"[0.20,0.25)",0.9140624999999963,1.0,0.7985,1,1.0,0.5181329600058628,0.033781107515096664
sun3d-hotel_umd-maryland_hotel1,17,27,0.3875086997306866,"[0.30,1.00]",0.8789062499999964,1.0,0.6805,1,1.0,2.1552222186596364,0.04035177081823349
sun3d-hotel_umd-maryland_hotel1,17,29,0.19157563470209096,"[0.15,0.20)",0.3164062499999987,1.0,0.285,1,1.0,2.147216037143317,0.07046933472156525
sun3d-hotel_umd-maryland_hotel1,17,32,0.24522649559717977,"[0.20,0.25)",0.507812499999998,1.0,0.2525,1,1.0,3.2161328497941306,0.09710638970136642
sun3d-hotel_umd-maryland_hotel1,18,19,0.2607585591682303,"[0.25,0.30)",0.6484374999999974,1.0,0.5365,0,,,
sun3d-hotel_umd-maryland_hotel1,18,27,0.1710295610446338,"[0.15,0.20)",0.503906249999998,1.0,0.432,1,1.0,4.559304889485805,0.06678233295679092
sun3d-hotel_umd-maryland_hotel1,18,28,0.23476575717493617,"[0.20,0.25)",0.7773437499999969,1.0,0.5745,1,1.0,1.7059386737558735,0.017901798710227013
sun3d-hotel_umd-maryland_hotel1,18,32,0.33655295456642775,"[0.30,1.00]",0.6601562499999973,1.0,0.4815,1,1.0,1.4883261354772332,0.06750175356864929
sun3d-hotel_umd-maryland_hotel1,18,33,0.4592881971146452,"[0.30,1.00]",0.9296874999999963,1.0,0.697,1,1.0,0.8672783798127126,0.05050940439105034
sun3d-hotel_umd-maryland_hotel1,18,35,0.42945030606908857,"[0.30,1.00]",0.9296874999999963,1.0,0.6995,1,1.0,0.4015384877503079,0.04452772065997124
sun3d-hotel_umd-maryland_hotel1,18,36,0.17376726444984467,"[0.15,0.20)",0.015624999999999938,0.0,0.0125,1,0.0,,
sun3d-hotel_umd-maryland_hotel1,19,20,0.22595214313631823,"[0.20,0.25)",0.8164062499999968,1.0,0.6235,0,,,
sun3d-hotel_umd-maryland_hotel1,19,30,0.4763104182047162,"[0.30,1.00]",0.8867187499999964,1.0,0.6015,1,1.0,3.988407011081373,0.15543372929096222
sun3d-hotel_umd-maryland_hotel1,19,35,0.15203891084379206,"[0.15,0.20)",0.23828124999999906,1.0,0.088,1,0.0,,
sun3d-hotel_umd-maryland_hotel1,19,36,0.16610934989360315,"[0.15,0.20)",0.26171874999999895,1.0,0.179,1,1.0,4.6398786846241284,0.06870477646589279
sun3d-hotel_umd-maryland_hotel1,19,37,0.16237460372606072,"[0.15,0.20)",0.058593749999999764,0.0,0.0115,1,0.0,,
sun3d-hotel_umd-maryland_hotel1,1,26,0.2913265953397894,"[0.25,0.30)",0.7773437499999969,1.0,0.61,1,1.0,1.791877049735168,0.043455496430397034
sun3d-hotel_umd-maryland_hotel1,22,27,0.30940401823400304,"[0.30,1.00]",0.6562499999999973,1.0,0.488,1,1.0,3.4362696670345185,0.07982183992862701
sun3d-hotel_umd-maryland_hotel1,22,33,0.4533175755529293,"[0.30,1.00]",0.8632812499999966,1.0,0.6805,1,1.0,2.056712879314459,0.07433242350816727
sun3d-hotel_umd-maryland_hotel1,22,35,0.3618436603072767,"[0.30,1.00]",0.7851562499999969,1.0,0.574,1,1.0,2.851011131335885,0.08861955255270004
sun3d-hotel_umd-maryland_hotel1,23,24,0.4644662275999387,"[0.30,1.00]",0.9218749999999963,1.0,0.7375,0,,,
sun3d-hotel_umd-maryland_hotel1,23,25,0.5224383519681421,"[0.30,1.00]",0.8984374999999964,1.0,0.7085,1,1.0,2.179423598049364,0.09784883260726929
sun3d-hotel_umd-maryland_hotel1,23,26,0.31294991576045333,"[0.30,1.00]",0.7929687499999968,1.0,0.4695,1,1.0,0.8194831455558982,0.08811760693788528
sun3d-hotel_umd-maryland_hotel1,23,29,0.19953285342318886,"[0.15,0.20)",0.3476562499999986,1.0,0.21,1,1.0,4.615921810608279,0.25525322556495667
sun3d-hotel_umd-maryland_hotel1,25,27,0.1641298609889143,"[0.15,0.20)",0.29296874999999883,1.0,0.1065,1,0.0,,
sun3d-hotel_umd-maryland_hotel1,25,29,0.3301513285236671,"[0.30,1.00]",0.8593749999999966,1.0,0.6145,1,1.0,1.3765770359088143,0.07831694185733795
sun3d-hotel_umd-maryland_hotel1,25,32,0.18190216434981524,"[0.15,0.20)",0.45312499999999817,1.0,0.164,1,1.0,4.553630372840669,0.08777080476284027
sun3d-hotel_umd-maryland_hotel1,26,27,0.2789505535580791,"[0.25,0.30)",0.9218749999999963,1.0,0.6985,0,,,
sun3d-hotel_umd-maryland_hotel1,26,32,0.3313516784735325,"[0.30,1.00]",0.9140624999999963,1.0,0.672,1,1.0,1.424914670896912,0.050419893115758896
sun3d-hotel_umd-maryland_hotel1,28,33,0.121878257716539,"[0.00,0.15)",0.5976562499999976,1.0,0.4645,1,1.0,4.406378182081134,0.16523711383342743
sun3d-hotel_umd-maryland_hotel1,2,12,0.23825061537580858,"[0.20,0.25)",0.48828124999999806,1.0,0.2725,1,1.0,5.214286513506778,0.16755841672420502
sun3d-hotel_umd-maryland_hotel1,2,23,0.4275860095025474,"[0.30,1.00]",0.8085937499999968,1.0,0.6165,1,1.0,2.460208795464089,0.12347757816314697
sun3d-hotel_umd-maryland_hotel1,2,24,0.18644455893296696,"[0.15,0.20)",0.746093749999997,1.0,0.4865,1,0.0,,
sun3d-hotel_umd-maryland_hotel1,2,25,0.18512794092392237,"[0.15,0.20)",0.753906249999997,1.0,0.5925,1,0.0,,
sun3d-hotel_umd-maryland_hotel1,2,3,0.22036178373118095,"[0.20,0.25)",0.8632812499999966,1.0,0.78,0,,,
sun3d-hotel_umd-maryland_hotel1,32,33,0.1940245208903702,"[0.15,0.20)",0.8124999999999968,1.0,0.6495,0,,,
sun3d-hotel_umd-maryland_hotel1,35,36,0.24189993387701125,"[0.20,0.25)",0.22656249999999908,1.0,0.102,0,,,
sun3d-hotel_umd-maryland_hotel1,35,37,0.19230769230769232,"[0.15,0.20)",0.0039062499999999844,0.0,0.0,1,0.0,,
sun3d-hotel_umd-maryland_hotel1,36,38,0.41469440832249677,"[0.30,1.00]",0.7851562499999969,1.0,0.6165,1,1.0,0.7438843761343179,0.052849624305963516
sun3d-hotel_umd-maryland_hotel1,36,39,0.3001950585175553,"[0.30,1.00]",0.5976562499999976,1.0,0.5065,1,1.0,2.392774204753592,0.09428706020116806
sun3d-hotel_umd-maryland_hotel1,36,42,0.24226267880364108,"[0.20,0.25)",0.0039062499999999844,0.0,0.0085,1,0.0,,
sun3d-hotel_umd-maryland_hotel1,36,53,0.19193758127438232,"[0.15,0.20)",0.0,0.0,0.0,1,0.0,,
sun3d-hotel_umd-maryland_hotel1,36,55,0.4334850455136541,"[0.30,1.00]",0.0507812499999998,0.0,0.0,1,0.0,,
sun3d-hotel_umd-maryland_hotel1,36,56,0.3544213263979194,"[0.30,1.00]",0.499999999999998,1.0,0.4305,1,1.0,1.9532438825819847,0.12350790202617645
sun3d-hotel_umd-maryland_hotel1,37,38,0.41950369637896123,"[0.30,1.00]",0.6679687499999973,1.0,0.564,0,,,
sun3d-hotel_umd-maryland_hotel1,37,39,0.34388096247115885,"[0.30,1.00]",0.5781249999999977,1.0,0.4565,1,1.0,1.0737431561624193,0.08103655278682709
sun3d-hotel_umd-maryland_hotel1,37,41,0.4812826670433677,"[0.30,1.00]",0.7929687499999968,1.0,0.7055,1,1.0,3.050178717426198,0.06515450030565262
sun3d-hotel_umd-maryland_hotel1,37,42,0.21848660356924235,"[0.20,0.25)",0.253906249999999,1.0,0.298,1,1.0,3.8427747296856554,0.08480285853147507
sun3d-hotel_umd-maryland_hotel1,37,55,0.33841879738192776,"[0.30,1.00]",0.08984374999999964,0.0,0.0,1,0.0,,
sun3d-hotel_umd-maryland_hotel1,37,56,0.44252954748787493,"[0.30,1.00]",0.496093749999998,1.0,0.354,1,1.0,1.8855404023491198,0.16065701842308044
sun3d-hotel_umd-maryland_hotel1,38,55,0.2781228433402346,"[0.25,0.30)",0.027343749999999892,0.0,0.0,1,0.0,,
sun3d-hotel_umd-maryland_hotel1,3,11,0.2787503587388791,"[0.25,0.30)",0.45312499999999817,1.0,0.4215,1,1.0,1.5511645639892193,0.06035860255360603
sun3d-hotel_umd-maryland_hotel1,3,15,0.1662498462547661,"[0.15,0.20)",0.5624999999999978,1.0,0.417,1,1.0,2.4116770337901507,0.03675670921802521
sun3d-hotel_umd-maryland_hotel1,3,23,0.22746094871058997,"[0.20,0.25)",0.1757812499999993,1.0,0.1035,1,0.0,,
sun3d-hotel_umd-maryland_hotel1,3,27,0.25124021155344184,"[0.25,0.30)",0.6406249999999974,1.0,0.438,1,1.0,4.152090257939454,0.19284968078136444
sun3d-hotel_umd-maryland_hotel1,3,28,0.2782173752613669,"[0.25,0.30)",0.6640624999999973,1.0,0.4745,1,1.0,0.8758100936202275,0.05441144108772278
sun3d-hotel_umd-maryland_hotel1,40,41,0.29481710084414997,"[0.25,0.30)",0.6249999999999976,1.0,0.5465,0,,,
sun3d-hotel_umd-maryland_hotel1,41,42,0.1807839603514305,"[0.15,0.20)",0.0,0.0,0.0,0,,,
sun3d-hotel_umd-maryland_hotel1,41,53,0.156341518359991,"[0.15,0.20)",0.007812499999999969,0.0,0.0,1,0.0,,
sun3d-hotel_umd-maryland_hotel1,41,55,0.36258166253660734,"[0.30,1.00]",0.0781249999999997,0.0,0.0,1,0.0,,
sun3d-hotel_umd-maryland_hotel1,42,53,0.3079808413641872,"[0.30,1.00]",0.019531249999999924,0.0,0.0085,1,0.0,,
sun3d-hotel_umd-maryland_hotel1,42,55,0.4190663050377979,"[0.30,1.00]",0.25781249999999895,1.0,0.222,1,1.0,5.412980310158943,0.09085763990879059
sun3d-hotel_umd-maryland_hotel1,43,45,0.26267435997983307,"[0.25,0.30)",0.6367187499999974,1.0,0.52,1,1.0,5.503456050870802,0.0750439316034317
sun3d-hotel_umd-maryland_hotel1,43,48,0.3270405019326648,"[0.30,1.00]",0.7187499999999971,1.0,0.5165,1,1.0,2.3765227748297404,0.06477764993906021
sun3d-hotel_umd-maryland_hotel1,43,49,0.3002632905719568,"[0.30,1.00]",0.738281249999997,1.0,0.658,1,1.0,3.2467882717264223,0.04653084650635719
sun3d-hotel_umd-maryland_hotel1,43,53,0.17517225925718446,"[0.15,0.20)",0.06249999999999975,0.0,0.046,1,0.0,,
sun3d-hotel_umd-maryland_hotel1,43,55,0.2761750042014453,"[0.25,0.30)",0.4374999999999983,1.0,0.334,1,1.0,1.8230601389390149,0.0320122092962265
sun3d-hotel_umd-maryland_hotel1,44,45,0.2122741569746178,"[0.20,0.25)",0.5156249999999979,1.0,0.4595,0,,,
sun3d-hotel_umd-maryland_hotel1,44,47,0.23173140223831468,"[0.20,0.25)",0.6289062499999974,1.0,0.5365,1,1.0,3.6837642135881614,0.06181585416197777
sun3d-hotel_umd-maryland_hotel1,44,52,0.13503035622851292,"[0.00,0.15)",0.0,0.0,0.0,1,0.0,,
sun3d-hotel_umd-maryland_hotel1,45,46,0.20804250442754454,"[0.20,0.25)",0.3164062499999987,1.0,0.311,0,,,
sun3d-hotel_umd-maryland_hotel1,47,48,0.27543763676148797,"[0.25,0.30)",0.29687499999999883,1.0,0.3195,0,,,
sun3d-hotel_umd-maryland_hotel1,47,56,0.22579321663019694,"[0.20,0.25)",0.3085937499999988,1.0,0.256,1,1.0,8.166112495385665,0.21135711669921875
sun3d-hotel_umd-maryland_hotel1,48,49,0.146782431052094,"[0.00,0.15)",0.20703124999999917,1.0,0.1405,0,,,
sun3d-hotel_umd-maryland_hotel1,49,54,0.21372916461189467,"[0.20,0.25)",0.23437499999999906,1.0,0.1325,1,0.0,,
sun3d-hotel_umd-maryland_hotel1,4,11,0.3683566181765807,"[0.30,1.00]",0.507812499999998,1.0,0.4155,1,1.0,2.6167364742958457,0.0954638347029686
sun3d-hotel_umd-maryland_hotel1,4,12,0.40295981564165345,"[0.30,1.00]",0.742187499999997,1.0,0.508,1,1.0,1.776520971936155,0.06842468678951263
sun3d-hotel_umd-maryland_hotel1,4,16,0.30055451533919053,"[0.30,1.00]",0.738281249999997,1.0,0.525,1,1.0,2.616886075110096,0.06573471426963806
sun3d-hotel_umd-maryland_hotel1,4,28,0.25676940803687165,"[0.25,0.30)",0.6015624999999976,1.0,0.458,1,1.0,1.2201301042559172,0.02637682482600212
sun3d-hotel_umd-maryland_hotel1,50,55,0.30276513825691287,"[0.30,1.00]",0.5859374999999977,1.0,0.4625,1,1.0,0.9236567998491276,0.03865582123398781
sun3d-hotel_umd-maryland_hotel1,51,55,0.24275510204081632,"[0.20,0.25)",0.4726562499999981,1.0,0.3345,1,1.0,2.215583587568923,0.048387352377176285
sun3d-hotel_umd-maryland_hotel1,52,53,0.125,"[0.00,0.15)",0.1757812499999993,1.0,0.0795,0,,,
sun3d-hotel_umd-maryland_hotel1,52,54,0.13370760769935838,"[0.00,0.15)",0.14843749999999942,0.0,0.043,1,0.0,,
sun3d-hotel_umd-maryland_hotel1,54,55,0.2963492597577389,"[0.25,0.30)",0.29296874999999883,1.0,0.2215,0,,,
sun3d-hotel_umd-maryland_hotel1,5,27,0.3073561946902655,"[0.30,1.00]",0.8007812499999968,1.0,0.6515,1,1.0,3.445373918531995,0.050094448029994965
sun3d-hotel_umd-maryland_hotel1,5,33,0.3422013274336283,"[0.30,1.00]",0.8828124999999964,1.0,0.641,1,1.0,2.797223772389477,0.02349664457142353
sun3d-hotel_umd-maryland_hotel1,5,34,0.13113938053097346,"[0.00,0.15)",0.249999999999999,0.0,0.0005,1,1.0,10.365038154226365,0.09577706456184387
sun3d-hotel_umd-maryland_hotel1,5,35,0.23152654867256636,"[0.20,0.25)",0.6367187499999974,1.0,0.5745,1,1.0,4.684332423084642,0.08276304602622986
sun3d-hotel_umd-maryland_hotel1,5,7,0.1230641592920354,"[0.00,0.15)",0.0,0.0,0.0,1,0.0,,
sun3d-hotel_umd-maryland_hotel1,6,19,0.2672734573684915,"[0.25,0.30)",0.4023437499999984,1.0,0.3285,1,1.0,2.070748382441911,0.10198811441659927
sun3d-hotel_umd-maryland_hotel1,6,22,0.39060366751438896,"[0.30,1.00]",0.8945312499999964,1.0,0.6835,1,1.0,1.9419894514148812,0.14653736352920532
sun3d-hotel_umd-maryland_hotel1,6,33,0.3340650515325927,"[0.30,1.00]",0.9023437499999964,1.0,0.712,1,1.0,0.3064670732398903,0.04684307053685188
sun3d-hotel_umd-maryland_hotel1,6,34,0.32250033462722527,"[0.30,1.00]",0.7734374999999969,1.0,0.448,1,1.0,2.342679709569684,0.06555864214897156
sun3d-hotel_umd-maryland_hotel1,6,35,0.3395261678490162,"[0.30,1.00]",0.9179687499999963,1.0,0.6755,1,1.0,0.6501175496302226,0.042781729251146317
sun3d-hotel_umd-maryland_hotel1,6,36,0.16335162628831482,"[0.15,0.20)",0.24218749999999903,1.0,0.074,1,1.0,1.6774811114863422,0.06282065063714981
sun3d-hotel_umd-maryland_hotel1,6,37,0.16217373845536073,"[0.15,0.20)",0.38671874999999845,1.0,0.097,1,1.0,12.00889254001189,0.29754751920700073
sun3d-hotel_umd-maryland_hotel1,6,7,0.20637130236916076,"[0.20,0.25)",0.7929687499999968,1.0,0.505,0,,,
sun3d-hotel_umd-maryland_hotel1,7,10,0.22347324447980904,"[0.20,0.25)",0.38671874999999845,1.0,0.211,1,1.0,3.7631715218935464,0.15956208109855652
sun3d-hotel_umd-maryland_hotel1,7,11,0.16403421523771633,"[0.15,0.20)",0.5937499999999977,1.0,0.4595,1,1.0,3.1760731570648337,0.17609840631484985
sun3d-hotel_umd-maryland_hotel1,7,13,0.2369604137656654,"[0.20,0.25)",0.7109374999999971,1.0,0.5265,1,1.0,3.28455666159885,0.20555901527404785
sun3d-hotel_umd-maryland_hotel1,7,18,0.4014322657648697,"[0.30,1.00]",0.6718749999999973,1.0,0.5345,1,1.0,0.783846268607251,0.039055999368429184
sun3d-hotel_umd-maryland_hotel1,7,20,0.15563954644917447,"[0.15,0.20)",0.4257812499999983,1.0,0.303,1,1.0,2.4048500553835956,0.09013459831476212
sun3d-hotel_umd-maryland_hotel1,7,21,0.29624030236721705,"[0.25,0.30)",0.8046874999999968,1.0,0.542,1,1.0,0.8079403602616807,0.03721623122692108
sun3d-hotel_umd-maryland_hotel1,7,22,0.23966580465486373,"[0.20,0.25)",0.48437499999999806,1.0,0.416,1,1.0,3.763379650436846,0.06862267106771469
sun3d-hotel_umd-maryland_hotel1,7,29,0.21889795106425303,"[0.20,0.25)",0.5390624999999979,1.0,0.355,1,1.0,2.1858798202853187,0.0937528982758522
sun3d-hotel_umd-maryland_hotel1,7,30,0.451362641734633,"[0.30,1.00]",0.7695312499999969,1.0,0.5795,1,1.0,1.7404632616907845,0.021612616255879402
sun3d-hotel_umd-maryland_hotel1,7,31,0.37067833698030633,"[0.30,1.00]",0.753906249999997,1.0,0.618,1,1.0,1.5722165679128328,0.036021143198013306
sun3d-hotel_umd-maryland_hotel1,7,32,0.23930773821364631,"[0.20,0.25)",0.6914062499999972,1.0,0.4935,1,1.0,2.308340797876082,0.05352966487407684
sun3d-hotel_umd-maryland_hotel1,7,36,0.2057290630594788,"[0.20,0.25)",0.29296874999999883,1.0,0.2215,1,1.0,3.0650325334437336,0.08372494578361511
sun3d-hotel_umd-maryland_hotel1,7,37,0.1665406803262383,"[0.15,0.20)",0.4687499999999981,1.0,0.2915,1,1.0,4.107323644878862,0.1419975459575653
sun3d-hotel_umd-maryland_hotel1,7,8,0.35635567933160933,"[0.30,1.00]",0.5781249999999977,1.0,0.298,0,,,
sun3d-hotel_umd-maryland_hotel1,7,9,0.2152775014919435,"[0.20,0.25)",0.6718749999999973,1.0,0.387,1,1.0,3.1076571271973465,0.1261800229549408
sun3d-hotel_umd-maryland_hotel1,8,10,0.38664636798608093,"[0.30,1.00]",0.9804687499999961,1.0,0.757,1,1.0,2.1907095065171176,0.09813987463712692
sun3d-hotel_umd-maryland_hotel1,8,19,0.24580252283601567,"[0.20,0.25)",0.7812499999999969,1.0,0.472,1,1.0,5.667940107876125,0.16811376810073853
sun3d-hotel_umd-maryland_hotel1,8,20,0.18177468464549804,"[0.15,0.20)",0.7304687499999971,1.0,0.521,1,1.0,3.1521907078128155,0.09312176704406738
sun3d-hotel_umd-maryland_hotel1,8,21,0.3031535450195737,"[0.30,1.00]",0.8749999999999966,1.0,0.541,1,1.0,4.99951519203364,0.13023026287555695
sun3d-hotel_umd-maryland_hotel1,8,26,0.2326011309264898,"[0.20,0.25)",0.7812499999999969,1.0,0.565,1,1.0,2.4901004481969364,0.120783731341362
sun3d-hotel_umd-maryland_hotel1,8,31,0.3832753371030883,"[0.30,1.00]",0.8085937499999968,1.0,0.4555,1,1.0,6.705106246786987,0.28405076265335083
sun3d-hotel_umd-maryland_hotel1,9,14,0.34828225649033767,"[0.30,1.00]",0.8476562499999966,1.0,0.782,1,1.0,2.807422199601712,0.05762529373168945
sun3d-hotel_umd-maryland_hotel1,9,19,0.15445051727503417,"[0.15,0.20)",0.38671874999999845,1.0,0.166,1,1.0,2.3054561477199753,0.1499185860157013
sun3d-hotel_umd-maryland_hotel1,9,20,0.29191879757954325,"[0.25,0.30)",0.7968749999999968,1.0,0.536,1,1.0,2.229321677860996,0.06835076957941055
sun3d-hotel_umd-maryland_hotel1,9,21,0.23077298457934803,"[0.20,0.25)",0.496093749999998,1.0,0.2905,1,1.0,5.017040600828811,0.14875297248363495
sun3d-hotel_umd-maryland_hotel1,9,24,0.24721842670310365,"[0.20,0.25)",0.8242187499999967,1.0,0.721,1,1.0,1.911107778063398,0.035720694810152054
sun3d-hotel_umd-maryland_hotel1,9,25,0.37429240679289477,"[0.30,1.00]",0.8906249999999964,1.0,0.7745,1,1.0,2.061085497827297,0.05747115984559059
sun3d-hotel_umd-maryland_hotel1,9,29,0.2516591840718329,"[0.25,0.30)",0.4414062499999982,1.0,0.355,1,1.0,2.133683379979279,0.11091650277376175
sun3d-hotel_umd-maryland_hotel1,9,31,0.23282256490337694,"[0.20,0.25)",0.4765624999999981,1.0,0.212,1,0.0,,
sun3d-hotel_umd-maryland_hotel3,0,11,0.36473924228250704,"[0.30,1.00]",0.7031249999999972,1.0,0.4625,1,1.0,3.800760437517447,0.0782477930188179
sun3d-hotel_umd-maryland_hotel3,0,27,0.21167563143124415,"[0.20,0.25)",0.011718749999999953,0.0,0.001,1,0.0,,
sun3d-hotel_umd-maryland_hotel3,10,11,0.33364854215918044,"[0.30,1.00]",0.8945312499999964,1.0,0.658,0,,,
sun3d-hotel_umd-maryland_hotel3,10,13,0.18652482269503545,"[0.15,0.20)",0.738281249999997,1.0,0.533,1,1.0,1.5450970358143032,0.06575038284063339
sun3d-hotel_umd-maryland_hotel3,10,17,0.28286052009456264,"[0.25,0.30)",0.28906249999999883,1.0,0.099,1,1.0,20.615146463918567,0.5884416103363037
sun3d-hotel_umd-maryland_hotel3,11,14,0.41151015125778534,"[0.30,1.00]",0.9687499999999961,1.0,0.7105,1,1.0,1.616405235916326,0.048361677676439285
sun3d-hotel_umd-maryland_hotel3,11,27,0.2952762274528836,"[0.25,0.30)",0.0,0.0,0.0,1,0.0,,
sun3d-hotel_umd-maryland_hotel3,12,27,0.25419992186191886,"[0.25,0.30)",0.019531249999999924,0.0,0.0045,1,0.0,,
sun3d-hotel_umd-maryland_hotel3,13,14,0.24850477532487866,"[0.20,0.25)",0.9179687499999963,1.0,0.627,0,,,
sun3d-hotel_umd-maryland_hotel3,13,27,0.2580554250821982,"[0.25,0.30)",0.015624999999999938,0.0,0.0015,1,0.0,,
sun3d-hotel_umd-maryland_hotel3,14,16,0.32032353944355113,"[0.30,1.00]",0.6914062499999972,1.0,0.4985,1,1.0,1.8174694258565338,0.040718551725149155
sun3d-hotel_umd-maryland_hotel3,14,17,0.2856794815572772,"[0.25,0.30)",0.14843749999999942,1.0,0.084,1,1.0,2.8479884771855457,0.08646590262651443
sun3d-hotel_umd-maryland_hotel3,16,18,0.22767750845278348,"[0.20,0.25)",0.5195312499999979,1.0,0.4085,1,1.0,1.9209135013363359,0.04177815467119217
sun3d-hotel_umd-maryland_hotel3,16,19,0.23172532025334538,"[0.20,0.25)",0.6171874999999976,1.0,0.4035,1,1.0,1.2921035233161609,0.04514497518539429
sun3d-hotel_umd-maryland_hotel3,18,20,0.3292668957617411,"[0.30,1.00]",0.742187499999997,1.0,0.4885,1,1.0,3.041180141948489,0.04897773638367653
sun3d-hotel_umd-maryland_hotel3,1,11,0.15012398851474812,"[0.15,0.20)",0.10937499999999957,1.0,0.12,1,0.0,,
sun3d-hotel_umd-maryland_hotel3,1,12,0.368474288697468,"[0.30,1.00]",0.6757812499999973,1.0,0.4655,1,1.0,4.309935079941988,0.10881001502275467
sun3d-hotel_umd-maryland_hotel3,1,13,0.27864787261811536,"[0.25,0.30)",0.7187499999999971,1.0,0.534,1,1.0,4.409133222665025,0.1274760365486145
sun3d-hotel_umd-maryland_hotel3,20,33,0.24763718953769506,"[0.20,0.25)",0.04687499999999981,0.0,0.0335,1,0.0,,
sun3d-hotel_umd-maryland_hotel3,20,34,0.32837570517986664,"[0.30,1.00]",0.058593749999999764,0.0,0.0415,1,0.0,,
sun3d-hotel_umd-maryland_hotel3,20,36,0.21686570444721226,"[0.20,0.25)",0.0,0.0,0.0,1,0.0,,
sun3d-hotel_umd-maryland_hotel3,21,24,0.3509577915419008,"[0.30,1.00]",0.8710937499999966,1.0,0.734,1,1.0,2.534509049098283,0.041146524250507355
sun3d-hotel_umd-maryland_hotel3,21,29,0.33065343123179786,"[0.30,1.00]",0.8359374999999967,1.0,0.6855,1,1.0,2.043347360210525,0.02315070666372776
sun3d-hotel_umd-maryland_hotel3,21,30,0.3324172443496452,"[0.30,1.00]",0.7187499999999971,1.0,0.633,1,1.0,1.9302639278827107,0.019802246242761612
sun3d-hotel_umd-maryland_hotel3,21,31,0.3793428770663276,"[0.30,1.00]",0.6796874999999973,1.0,0.565,1,1.0,1.588808132996606,0.031591519713401794
sun3d-hotel_umd-maryland_hotel3,22,24,0.35729363404066217,"[0.30,1.00]",0.8749999999999966,1.0,0.77,1,1.0,2.5558882430413745,0.0397481769323349
sun3d-hotel_umd-maryland_hotel3,22,27,0.3162241232455653,"[0.30,1.00]",0.6249999999999976,1.0,0.5,1,1.0,2.3631430712465837,0.045968614518642426
sun3d-hotel_umd-maryland_hotel3,22,30,0.39421545754175463,"[0.30,1.00]",0.8007812499999968,1.0,0.6315,1,1.0,1.455621586930322,0.04413207992911339
sun3d-hotel_umd-maryland_hotel3,22,31,0.1506128948635337,"[0.15,0.20)",0.6289062499999974,1.0,0.524,1,1.0,1.1460297667580228,0.005610235501080751
sun3d-hotel_umd-maryland_hotel3,23,24,0.344136460554371,"[0.30,1.00]",0.8710937499999966,1.0,0.795,0,,,
sun3d-hotel_umd-maryland_hotel3,23,27,0.36908315565031985,"[0.30,1.00]",0.6640624999999973,1.0,0.554,1,1.0,2.314268467821371,0.059003014117479324
sun3d-hotel_umd-maryland_hotel3,24,25,0.33586975756503273,"[0.30,1.00]",0.253906249999999,1.0,0.25,0,,,
sun3d-hotel_umd-maryland_hotel3,24,30,0.17563263139267385,"[0.15,0.20)",0.26171874999999895,1.0,0.19,1,1.0,0.8882337994261601,0.01683550514280796
sun3d-hotel_umd-maryland_hotel3,25,26,0.2820428875429694,"[0.25,0.30)",0.23828124999999906,1.0,0.2335,0,,,
sun3d-hotel_umd-maryland_hotel3,25,28,0.2894090685873302,"[0.25,0.30)",0.1718749999999993,1.0,0.1635,1,1.0,3.5369005367307635,0.07301737368106842
sun3d-hotel_umd-maryland_hotel3,27,28,0.24105409153952842,"[0.20,0.25)",0.6914062499999972,1.0,0.55,0,,,
sun3d-hotel_umd-maryland_hotel3,28,31,0.21085126286248831,"[0.20,0.25)",0.4296874999999983,1.0,0.391,1,1.0,2.070370295035573,0.01421153824776411
sun3d-hotel_umd-maryland_hotel3,29,31,0.18847681000253444,"[0.15,0.20)",0.26562499999999895,1.0,0.216,1,1.0,2.6338849087152814,0.05088217183947563
sun3d-hotel_umd-maryland_hotel3,30,32,0.3230769230769231,"[0.30,1.00]",0.6406249999999974,1.0,0.507,1,1.0,1.9921339456233893,0.018105335533618927
sun3d-hotel_umd-maryland_hotel3,30,33,0.2187444739168877,"[0.20,0.25)",0.20703124999999917,1.0,0.237,1,1.0,3.2218497671189894,0.07049377262592316
sun3d-hotel_umd-maryland_hotel3,31,35,0.13986130837998162,"[0.00,0.15)",0.1757812499999993,1.0,0.0605,1,0.0,,
sun3d-hotel_umd-maryland_hotel3,31,36,0.2610911521430362,"[0.25,0.30)",0.4062499999999984,1.0,0.18,1,1.0,14.43216591771855,0.09663201123476028
sun3d-hotel_umd-maryland_hotel3,3,5,0.37188897325571585,"[0.30,1.00]",0.9687499999999961,1.0,0.8815,1,1.0,0.2853052730672655,0.011587838642299175
sun3d-hotel_umd-maryland_hotel3,5,7,0.18090663006595753,"[0.15,0.20)",0.8046874999999968,1.0,0.717,1,1.0,3.2406320320862716,0.12401505559682846
sun3d-hotel_umd-maryland_hotel3,8,14,0.24017082727953154,"[0.20,0.25)",0.6718749999999973,1.0,0.571,1,1.0,4.098732230740674,0.12423825263977051
sun3d-hotel_umd-maryland_hotel3,8,16,0.35398230088495575,"[0.30,1.00]",0.9101562499999963,1.0,0.674,1,1.0,2.823413549630843,0.06247754395008087
sun3d-hotel_umd-maryland_hotel3,9,10,0.31183331671817366,"[0.30,1.00]",0.8984374999999964,1.0,0.731,0,,,
sun3d-hotel_umd-maryland_hotel3,9,15,0.34709068554148803,"[0.30,1.00]",0.9218749999999963,1.0,0.7395,1,1.0,1.3158148552564561,0.04718833789229393
sun3d-hotel_umd-maryland_hotel3,9,16,0.2659422457049812,"[0.25,0.30)",0.8437499999999967,1.0,0.531,1,1.0,1.2905881502252798,0.050070732831954956
sun3d-mit_76_studyroom-76-1studyroom2,0,18,0.15280421730853713,"[0.15,0.20)",0.054687499999999785,0.0,0.0285,1,0.0,,
sun3d-mit_76_studyroom-76-1studyroom2,0,19,0.30114218772880363,"[0.30,1.00]",0.4023437499999984,1.0,0.281,1,1.0,3.9803465681980374,0.16136550903320312
sun3d-mit_76_studyroom-76-1studyroom2,0,21,0.404817689266364,"[0.30,1.00]",0.6953124999999972,1.0,0.5515,1,1.0,1.370593462237705,0.03296612203121185
sun3d-mit_76_studyroom-76-1studyroom2,0,22,0.2096939522624103,"[0.20,0.25)",0.4257812499999983,1.0,0.4805,1,1.0,4.060232143946069,0.09056249260902405
sun3d-mit_76_studyroom-76-1studyroom2,0,3,0.4148484404744472,"[0.30,1.00]",0.7148437499999971,1.0,0.5465,1,1.0,5.49704273340346,0.1776166707277298
sun3d-mit_76_studyroom-76-1studyroom2,0,33,0.22543564211451164,"[0.20,0.25)",0.503906249999998,1.0,0.491,1,1.0,1.1696904281476586,0.04310530424118042
sun3d-mit_76_studyroom-76-1studyroom2,0,39,0.15829550446624688,"[0.15,0.20)",0.0039062499999999844,0.0,0.0,1,0.0,,
sun3d-mit_76_studyroom-76-1studyroom2,0,44,0.1722067652657783,"[0.15,0.20)",0.1757812499999993,1.0,0.1825,1,0.0,,
sun3d-mit_76_studyroom-76-1studyroom2,0,45,0.33138087567725877,"[0.30,1.00]",0.6328124999999974,1.0,0.562,1,1.0,7.473123268155409,0.26081275939941406
sun3d-mit_76_studyroom-76-1studyroom2,0,50,0.2820325084199736,"[0.25,0.30)",0.503906249999998,1.0,0.517,1,1.0,7.325202480451358,0.20944859087467194
sun3d-mit_76_studyroom-76-1studyroom2,0,51,0.1860448089032069,"[0.15,0.20)",0.35937499999999856,1.0,0.3595,1,1.0,8.404665218129864,0.21183393895626068
sun3d-mit_76_studyroom-76-1studyroom2,0,64,0.1745497144530678,"[0.15,0.20)",0.06249999999999975,0.0,0.0,1,0.0,,
sun3d-mit_76_studyroom-76-1studyroom2,0,8,0.34756186850197685,"[0.30,1.00]",0.6249999999999976,1.0,0.5385,1,1.0,7.405494453858916,0.20141522586345673
sun3d-mit_76_studyroom-76-1studyroom2,10,13,0.18676034348165496,"[0.15,0.20)",0.3124999999999988,1.0,0.2675,1,1.0,2.666236712674964,0.023693077266216278
sun3d-mit_76_studyroom-76-1studyroom2,10,37,0.17742388758782202,"[0.15,0.20)",0.3984374999999984,1.0,0.16,1,1.0,1.8650860766362742,0.21097742021083832
sun3d-mit_76_studyroom-76-1studyroom2,10,39,0.208711943793911,"[0.20,0.25)",0.6718749999999973,1.0,0.501,1,1.0,3.605977616391038,0.23414739966392517
sun3d-mit_76_studyroom-76-1studyroom2,10,56,0.3592505854800937,"[0.30,1.00]",0.14062499999999944,1.0,0.0755,1,0.0,,
sun3d-mit_76_studyroom-76-1studyroom2,11,13,0.22126436781609196,"[0.20,0.25)",0.35937499999999856,1.0,0.346,1,1.0,4.6737824738336355,0.051590535789728165
sun3d-mit_76_studyroom-76-1studyroom2,11,51,0.18527114647804302,"[0.15,0.20)",0.6406249999999974,1.0,0.5605,1,1.0,2.1812189090733187,0.07405771315097809
sun3d-mit_76_studyroom-76-1studyroom2,11,56,0.30389773062186853,"[0.30,1.00]",0.1523437499999994,1.0,0.1095,1,0.0,,
sun3d-mit_76_studyroom-76-1studyroom2,12,14,0.28767977202903067,"[0.25,0.30)",0.8085937499999968,1.0,0.553,1,1.0,2.1303786606562496,0.04880056530237198
sun3d-mit_76_studyroom-76-1studyroom2,12,15,0.16705997595618682,"[0.15,0.20)",0.6249999999999976,1.0,0.5445,1,1.0,2.5049907359427035,0.06793881207704544
sun3d-mit_76_studyroom-76-1studyroom2,12,51,0.1984505098178904,"[0.15,0.20)",0.5273437499999979,1.0,0.466,1,1.0,5.745148899206174,0.25238025188446045
sun3d-mit_76_studyroom-76-1studyroom2,12,52,0.3385279843269959,"[0.30,1.00]",0.8164062499999968,1.0,0.662,1,1.0,3.7845487236088697,0.12376243621110916
sun3d-mit_76_studyroom-76-1studyroom2,12,57,0.205574602609199,"[0.20,0.25)",0.8164062499999968,1.0,0.683,1,1.0,0.876703339312072,0.01403101347386837
sun3d-mit_76_studyroom-76-1studyroom2,13,53,0.17902208201892744,"[0.15,0.20)",0.26953124999999895,1.0,0.224,1,1.0,4.740781690827635,0.11224677413702011
sun3d-mit_76_studyroom-76-1studyroom2,13,58,0.20907816333683843,"[0.20,0.25)",0.007812499999999969,0.0,0.0,1,0.0,,
sun3d-mit_76_studyroom-76-1studyroom2,14,18,0.38939670932358317,"[0.30,1.00]",0.6328124999999974,1.0,0.45,1,1.0,2.4603679074238887,0.11533348262310028
sun3d-mit_76_studyroom-76-1studyroom2,14,55,0.3709890941183887,"[0.30,1.00]",0.746093749999997,1.0,0.568,1,1.0,0.5706123147313945,0.021310800686478615
sun3d-mit_76_studyroom-76-1studyroom2,14,61,0.18798461829414362,"[0.15,0.20)",0.08593749999999965,0.0,0.005,1,0.0,,
sun3d-mit_76_studyroom-76-1studyroom2,14,62,0.31078610603290674,"[0.30,1.00]",0.23046874999999908,1.0,0.215,1,1.0,4.589109278790384,0.21803520619869232
sun3d-mit_76_studyroom-76-1studyroom2,14,63,0.19183004475824245,"[0.15,0.20)",0.1523437499999994,1.0,0.1325,1,1.0,3.6516257361490614,0.17465539276599884
sun3d-mit_76_studyroom-76-1studyroom2,15,16,0.3433440030126153,"[0.30,1.00]",0.7656249999999969,1.0,0.611,0,,,
sun3d-mit_76_studyroom-76-1studyroom2,15,17,0.3217849745810582,"[0.30,1.00]",0.7695312499999969,1.0,0.6965,1,1.0,1.0423015932725639,0.05346138775348663
sun3d-mit_76_studyroom-76-1studyroom2,15,19,0.3212201092073056,"[0.30,1.00]",0.6679687499999973,1.0,0.6145,1,1.0,1.7714463583855293,0.0460202731192112
sun3d-mit_76_studyroom-76-1studyroom2,15,55,0.185746563735643,"[0.15,0.20)",0.5390624999999979,1.0,0.462,1,1.0,3.1303782935194038,0.06832441687583923
sun3d-mit_76_studyroom-76-1studyroom2,15,60,0.2122481641875353,"[0.20,0.25)",0.04687499999999981,0.0,0.0365,1,0.0,,
sun3d-mit_76_studyroom-76-1studyroom2,15,61,0.35798343061570326,"[0.30,1.00]",0.4374999999999983,1.0,0.1895,1,1.0,6.765324079260825,0.18081040680408478
sun3d-mit_76_studyroom-76-1studyroom2,15,63,0.45961212577668986,"[0.30,1.00]",0.5937499999999977,1.0,0.5075,1,1.0,2.9897644442083404,0.1208667904138565
sun3d-mit_76_studyroom-76-1studyroom2,15,64,0.30399171530785163,"[0.30,1.00]",0.6093749999999976,1.0,0.4955,1,1.0,3.711617857055068,0.1213798001408577
sun3d-mit_76_studyroom-76-1studyroom2,16,18,0.3104982982808273,"[0.30,1.00]",0.5898437499999977,1.0,0.5305,1,1.0,2.309358049868193,0.09667488187551498
sun3d-mit_76_studyroom-76-1studyroom2,16,19,0.28929225935945546,"[0.25,0.30)",0.33593749999999867,1.0,0.326,1,1.0,3.4971520368271816,0.13494999706745148
sun3d-mit_76_studyroom-76-1studyroom2,16,57,0.3151234837245833,"[0.30,1.00]",0.33203124999999867,1.0,0.1905,1,1.0,6.158483599930358,0.18404540419578552
sun3d-mit_76_studyroom-76-1studyroom2,16,58,0.3257701370102103,"[0.30,1.00]",0.007812499999999969,0.0,0.0035,1,0.0,,
sun3d-mit_76_studyroom-76-1studyroom2,16,61,0.3468889082817,"[0.30,1.00]",0.12890624999999947,0.0,0.004,1,0.0,,
sun3d-mit_76_studyroom-76-1studyroom2,16,62,0.3865956889780958,"[0.30,1.00]",0.0781249999999997,1.0,0.091,1,1.0,14.725817585757389,0.6077014803886414
sun3d-mit_76_studyroom-76-1studyroom2,16,63,0.362160747011083,"[0.30,1.00]",0.007812499999999969,0.0,0.0135,1,0.0,,
sun3d-mit_76_studyroom-76-1studyroom2,16,64,0.32716641940832536,"[0.30,1.00]",0.031249999999999875,1.0,0.064,1,0.0,,
sun3d-mit_76_studyroom-76-1studyroom2,17,20,0.25125306601258396,"[0.25,0.30)",0.0781249999999997,1.0,0.0875,1,0.0,,
sun3d-mit_76_studyroom-76-1studyroom2,17,57,0.2968966620454303,"[0.25,0.30)",0.32812499999999867,1.0,0.33,1,1.0,5.732580683926931,0.1420067548751831
sun3d-mit_76_studyroom-76-1studyroom2,17,58,0.2326970246347446,"[0.20,0.25)",0.0039062499999999844,0.0,0.0,1,0.0,,
sun3d-mit_76_studyroom-76-1studyroom2,17,61,0.30361522875119973,"[0.30,1.00]",0.007812499999999969,0.0,0.023,1,0.0,,
sun3d-mit_76_studyroom-76-1studyroom2,17,62,0.47915111442892183,"[0.30,1.00]",0.16796874999999933,1.0,0.147,1,1.0,5.73777522926244,0.23660331964492798
sun3d-mit_76_studyroom-76-1studyroom2,17,63,0.5094379865628665,"[0.30,1.00]",0.17968749999999928,1.0,0.159,1,0.0,,
sun3d-mit_76_studyroom-76-1studyroom2,17,65,0.34584621947317906,"[0.30,1.00]",0.21484374999999914,1.0,0.1965,1,1.0,2.678980448588745,0.0521756187081337
sun3d-mit_76_studyroom-76-1studyroom2,18,21,0.2926436294254823,"[0.25,0.30)",0.6679687499999973,1.0,0.5085,1,1.0,3.3541546330095433,0.22797921299934387
sun3d-mit_76_studyroom-76-1studyroom2,18,34,0.2730125079499682,"[0.25,0.30)",0.4335937499999983,1.0,0.3225,1,1.0,4.0982544027670045,0.19820541143417358
sun3d-mit_76_studyroom-76-1studyroom2,18,56,0.14488022047911808,"[0.00,0.15)",0.08593749999999965,0.0,0.0465,1,0.0,,
sun3d-mit_76_studyroom-76-1studyroom2,18,57,0.32249311002755987,"[0.30,1.00]",0.7148437499999971,1.0,0.4905,1,1.0,1.5110313689329355,0.047675229609012604
sun3d-mit_76_studyroom-76-1studyroom2,18,58,0.25295738817044733,"[0.25,0.30)",0.17968749999999928,1.0,0.1175,1,1.0,2.9534004663491302,0.09216361492872238
sun3d-mit_76_studyroom-76-1studyroom2,18,61,0.28768284926860294,"[0.25,0.30)",0.5234374999999979,1.0,0.207,1,1.0,5.798869354906651,0.10735873132944107
sun3d-mit_76_studyroom-76-1studyroom2,18,65,0.4157303370786517,"[0.30,1.00]",0.249999999999999,1.0,0.2905,1,1.0,1.3608500026502552,0.03224240988492966
sun3d-mit_76_studyroom-76-1studyroom2,19,22,0.2736432241490045,"[0.25,0.30)",0.26953124999999895,1.0,0.3315,1,1.0,4.445146180292166,0.09125573188066483
sun3d-mit_76_studyroom-76-1studyroom2,19,23,0.3066393705844573,"[0.30,1.00]",0.738281249999997,1.0,0.497,1,1.0,1.6711694877276098,0.09493932127952576
sun3d-mit_76_studyroom-76-1studyroom2,19,24,0.17694283879254977,"[0.15,0.20)",0.16015624999999936,0.0,0.0245,1,0.0,,
sun3d-mit_76_studyroom-76-1studyroom2,19,33,0.297286448298009,"[0.25,0.30)",0.07031249999999972,1.0,0.101,1,0.0,,
sun3d-mit_76_studyroom-76-1studyroom2,19,34,0.45600513808606297,"[0.30,1.00]",0.5351562499999979,1.0,0.3505,1,1.0,2.3215303250445904,0.19576610624790192
sun3d-mit_76_studyroom-76-1studyroom2,19,62,0.35027296082209375,"[0.30,1.00]",0.16406249999999933,1.0,0.136,1,1.0,1.812293465124048,0.1262514889240265
sun3d-mit_76_studyroom-76-1studyroom2,1,19,0.30032308963859045,"[0.30,1.00]",0.16406249999999933,1.0,0.072,1,0.0,,
sun3d-mit_76_studyroom-76-1studyroom2,1,20,0.4297092193252686,"[0.30,1.00]",0.3789062499999985,1.0,0.211,1,1.0,2.3264150648034176,0.09537798166275024
sun3d-mit_76_studyroom-76-1studyroom2,1,21,0.38139604778721165,"[0.30,1.00]",0.6249999999999976,1.0,0.499,1,1.0,1.8713713408326251,0.06329106539487839
sun3d-mit_76_studyroom-76-1studyroom2,1,22,0.2001653016755579,"[0.20,0.25)",0.4023437499999984,1.0,0.426,1,1.0,4.730771458721231,0.12245598435401917
sun3d-mit_76_studyroom-76-1studyroom2,1,33,0.17011045157412277,"[0.15,0.20)",0.3476562499999986,1.0,0.3995,1,1.0,2.8486757254347417,0.10736869275569916
sun3d-mit_76_studyroom-76-1studyroom2,1,39,0.19362837177849576,"[0.15,0.20)",0.0,0.0,0.0005,1,0.0,,
sun3d-mit_76_studyroom-76-1studyroom2,1,44,0.2006161244270794,"[0.20,0.25)",0.015624999999999938,0.0,0.015,1,0.0,,
sun3d-mit_76_studyroom-76-1studyroom2,1,50,0.3115936584266286,"[0.30,1.00]",0.507812499999998,1.0,0.6335,1,1.0,4.799752755589249,0.13804791867733002
sun3d-mit_76_studyroom-76-1studyroom2,1,51,0.1994890675482756,"[0.15,0.20)",0.35546874999999856,1.0,0.419,1,1.0,6.392367838704232,0.15658046305179596
sun3d-mit_76_studyroom-76-1studyroom2,1,64,0.1510256217597115,"[0.15,0.20)",0.054687499999999785,0.0,0.0,1,0.0,,
sun3d-mit_76_studyroom-76-1studyroom2,1,8,0.3939439477045608,"[0.30,1.00]",0.6601562499999973,1.0,0.649,1,1.0,4.7083580237599865,0.13007131218910217
sun3d-mit_76_studyroom-76-1studyroom2,20,24,0.285540112167764,"[0.25,0.30)",0.21484374999999914,1.0,0.119,1,1.0,4.060521527504118,0.17487697303295135
sun3d-mit_76_studyroom-76-1studyroom2,20,25,0.1224091684954889,"[0.00,0.15)",0.0,0.0,0.0,1,0.0,,
sun3d-mit_76_studyroom-76-1studyroom2,20,32,0.1232219783792571,"[0.00,0.15)",0.0,0.0,0.0,1,0.0,,
sun3d-mit_76_studyroom-76-1studyroom2,20,33,0.3871819881329757,"[0.30,1.00]",0.16406249999999933,1.0,0.2195,1,0.0,,
sun3d-mit_76_studyroom-76-1studyroom2,20,35,0.16126148093960824,"[0.15,0.20)",0.5195312499999979,1.0,0.4715,1,1.0,1.042677004901587,0.04247628152370453
sun3d-mit_76_studyroom-76-1studyroom2,20,63,0.33126066812972443,"[0.30,1.00]",0.20703124999999917,1.0,0.1445,1,0.0,,
sun3d-mit_76_studyroom-76-1studyroom2,21,25,0.16294187425860024,"[0.15,0.20)",0.0,0.0,0.0,1,0.0,,
sun3d-mit_76_studyroom-76-1studyroom2,21,32,0.2193594306049822,"[0.20,0.25)",0.0,0.0,0.0,1,0.0,,
sun3d-mit_76_studyroom-76-1studyroom2,21,35,0.21091340450771057,"[0.20,0.25)",0.6718749999999973,1.0,0.6435,1,1.0,0.6573014654033702,0.019366344437003136
sun3d-mit_76_studyroom-76-1studyroom2,21,47,0.16588374851720047,"[0.15,0.20)",0.18359374999999928,1.0,0.192,1,0.0,,
sun3d-mit_76_studyroom-76-1studyroom2,21,48,0.238576512455516,"[0.20,0.25)",0.031249999999999875,0.0,0.0135,1,0.0,,
sun3d-mit_76_studyroom-76-1studyroom2,21,63,0.2567497034400949,"[0.25,0.30)",0.23437499999999906,1.0,0.108,1,0.0,,
sun3d-mit_76_studyroom-76-1studyroom2,21,64,0.38249110320284696,"[0.30,1.00]",0.4765624999999981,1.0,0.228,1,1.0,1.963437348453316,0.15088194608688354
sun3d-mit_76_studyroom-76-1studyroom2,21,65,0.41466192170818506,"[0.30,1.00]",0.21484374999999914,1.0,0.15,1,1.0,1.6442534036553174,0.11971598118543625
sun3d-mit_76_studyroom-76-1studyroom2,22,25,0.25050415931434333,"[0.25,0.30)",0.0,0.0,0.0,1,0.0,,
sun3d-mit_76_studyroom-76-1studyroom2,22,26,0.1647340559616839,"[0.15,0.20)",0.031249999999999875,0.0,0.009,1,0.0,,
sun3d-mit_76_studyroom-76-1studyroom2,22,27,0.21168389210990673,"[0.20,0.25)",0.0507812499999998,0.0,0.042,1,0.0,,
sun3d-mit_76_studyroom-76-1studyroom2,22,32,0.3219687421225107,"[0.30,1.00]",0.03515624999999986,0.0,0.0295,1,0.0,,
sun3d-mit_76_studyroom-76-1studyroom2,22,35,0.1983236702798084,"[0.15,0.20)",0.5664062499999978,1.0,0.61,1,1.0,2.4137862352289376,0.05540929734706879
sun3d-mit_76_studyroom-76-1studyroom2,22,48,0.18168641290647844,"[0.15,0.20)",0.23046874999999908,1.0,0.217,1,1.0,5.476040380692708,0.13556376099586487
sun3d-mit_76_studyroom-76-1studyroom2,22,64,0.3249306780942778,"[0.30,1.00]",0.13281249999999947,0.0,0.014,1,0.0,,
sun3d-mit_76_studyroom-76-1studyroom2,23,26,0.38775994039151934,"[0.30,1.00]",0.0039062499999999844,0.0,0.0,1,0.0,,
sun3d-mit_76_studyroom-76-1studyroom2,23,28,0.2785003048160943,"[0.25,0.30)",0.0,0.0,0.0,1,0.0,,
sun3d-mit_76_studyroom-76-1studyroom2,23,31,0.1751337803969383,"[0.15,0.20)",0.0,0.0,0.0,1,0.0,,
sun3d-mit_76_studyroom-76-1studyroom2,23,34,0.4473684210526316,"[0.30,1.00]",0.6601562499999973,1.0,0.452,1,1.0,1.9610436509002667,0.04755798354744911
sun3d-mit_76_studyroom-76-1studyroom2,23,64,0.1968773284562758,"[0.15,0.20)",0.12890624999999947,1.0,0.0565,1,0.0,,
sun3d-mit_76_studyroom-76-1studyroom2,24,28,0.41699512325472643,"[0.30,1.00]",0.6914062499999972,1.0,0.588,1,1.0,2.463547989885378,0.07589045912027359
sun3d-mit_76_studyroom-76-1studyroom2,24,29,0.2054245440577193,"[0.20,0.25)",0.6640624999999973,1.0,0.627,1,1.0,0.3753441999249234,0.016075829043984413
sun3d-mit_76_studyroom-76-1studyroom2,24,31,0.2734985636983098,"[0.25,0.30)",0.6874999999999972,1.0,0.591,1,1.0,0.8122881254097551,0.04479517787694931
sun3d-mit_76_studyroom-76-1studyroom2,24,34,0.25425880152314784,"[0.25,0.30)",0.2773437499999989,1.0,0.283,1,1.0,3.3869155569430878,0.14252039790153503
sun3d-mit_76_studyroom-76-1studyroom2,24,65,0.29066737925045094,"[0.25,0.30)",0.36718749999999856,1.0,0.1635,1,0.0,,
sun3d-mit_76_studyroom-76-1studyroom2,25,29,0.20274989687886705,"[0.20,0.25)",0.9335937499999962,1.0,0.8285,1,1.0,0.33571793833399766,0.010284611955285072
sun3d-mit_76_studyroom-76-1studyroom2,25,31,0.22771896053897978,"[0.20,0.25)",0.8593749999999966,1.0,0.6415,1,1.0,0.9358635898879012,0.04376011714339256
sun3d-mit_76_studyroom-76-1studyroom2,26,28,0.3159000081559416,"[0.30,1.00]",0.9257812499999963,1.0,0.7735,1,1.0,2.4637068863248386,0.12419404089450836
sun3d-mit_76_studyroom-76-1studyroom2,26,33,0.39911100236522307,"[0.30,1.00]",0.8242187499999967,1.0,0.66,1,1.0,1.6895704193063155,0.07585165649652481
sun3d-mit_76_studyroom-76-1studyroom2,27,29,0.2910821126469981,"[0.25,0.30)",0.9453124999999962,1.0,0.8085,1,1.0,1.305662752451397,0.06113288924098015
sun3d-mit_76_studyroom-76-1studyroom2,27,30,0.16737157004332576,"[0.15,0.20)",0.9218749999999963,1.0,0.828,1,1.0,1.790347367061295,0.08081679046154022
sun3d-mit_76_studyroom-76-1studyroom2,27,31,0.33102950278522797,"[0.30,1.00]",0.9609374999999961,1.0,0.8495,1,1.0,0.6847131610207967,0.02274559810757637
sun3d-mit_76_studyroom-76-1studyroom2,28,33,0.34087428650981483,"[0.30,1.00]",0.8164062499999968,1.0,0.695,1,1.0,1.2278042469007253,0.03578626364469528
sun3d-mit_76_studyroom-76-1studyroom2,2,21,0.1928554187786628,"[0.15,0.20)",0.031249999999999875,0.0,0.0285,1,0.0,,
sun3d-mit_76_studyroom-76-1studyroom2,2,34,0.4178131788559015,"[0.30,1.00]",0.8203124999999967,1.0,0.594,1,1.0,5.617857064199349,0.16181281208992004
sun3d-mit_76_studyroom-76-1studyroom2,2,4,0.34896210475500844,"[0.30,1.00]",0.0,0.0,0.0,1,0.0,,
sun3d-mit_76_studyroom-76-1studyroom2,2,43,0.14452087859039345,"[0.00,0.15)",0.0,0.0,0.0,1,0.0,,
sun3d-mit_76_studyroom-76-1studyroom2,2,51,0.2052860246198407,"[0.20,0.25)",0.49218749999999806,1.0,0.4415,1,1.0,2.9369165787636815,0.07786431908607483
sun3d-mit_76_studyroom-76-1studyroom2,30,32,0.2976322712657118,"[0.25,0.30)",0.6406249999999974,1.0,0.557,1,1.0,1.6958135778551653,0.06220564618706703
sun3d-mit_76_studyroom-76-1studyroom2,33,34,0.3206973979659226,"[0.30,1.00]",0.8124999999999968,1.0,0.63,0,,,
sun3d-mit_76_studyroom-76-1studyroom2,33,65,0.3071456874917448,"[0.30,1.00]",0.11328124999999954,0.0,0.024,1,0.0,,
sun3d-mit_76_studyroom-76-1studyroom2,34,36,0.32733630883909265,"[0.30,1.00]",0.9531249999999962,1.0,0.742,1,1.0,1.2981473293118078,0.05387721210718155
sun3d-mit_76_studyroom-76-1studyroom2,34,37,0.3000966272488842,"[0.30,1.00]",0.8124999999999968,1.0,0.632,1,1.0,2.410702934155295,0.09652893990278244
sun3d-mit_76_studyroom-76-1studyroom2,34,38,0.20176689826531083,"[0.20,0.25)",0.8203124999999967,1.0,0.6375,1,1.0,3.1032443558854705,0.1357312947511673
sun3d-mit_76_studyroom-76-1studyroom2,34,46,0.23825518796300557,"[0.20,0.25)",0.7695312499999969,1.0,0.659,1,1.0,3.80745211809337,0.12638120353221893
sun3d-mit_76_studyroom-76-1studyroom2,34,47,0.28127732020429763,"[0.25,0.30)",0.9140624999999963,1.0,0.7175,1,1.0,2.618830108554385,0.08000490814447403
sun3d-mit_76_studyroom-76-1studyroom2,34,48,0.3493765241798187,"[0.30,1.00]",0.9492187499999962,1.0,0.7435,1,1.0,2.8439991650899663,0.10043343156576157
sun3d-mit_76_studyroom-76-1studyroom2,34,49,0.31942207702572123,"[0.30,1.00]",0.8632812499999966,1.0,0.703,1,1.0,4.147276432591777,0.10996376723051071
sun3d-mit_76_studyroom-76-1studyroom2,34,63,0.14871393733032715,"[0.00,0.15)",0.07031249999999972,0.0,0.0265,1,0.0,,
sun3d-mit_76_studyroom-76-1studyroom2,34,64,0.3937330327152257,"[0.30,1.00]",0.3515624999999986,1.0,0.145,1,1.0,5.503527268102007,0.2717542052268982
sun3d-mit_76_studyroom-76-1studyroom2,35,39,0.2660592255125285,"[0.25,0.30)",0.16015624999999936,1.0,0.1485,1,0.0,,
sun3d-mit_76_studyroom-76-1studyroom2,35,44,0.2559713634884478,"[0.25,0.30)",0.14062499999999944,1.0,0.2485,1,0.0,,
sun3d-mit_76_studyroom-76-1studyroom2,35,50,0.3634233647901074,"[0.30,1.00]",0.6015624999999976,1.0,0.5515,1,1.0,4.502325582051178,0.15190592408180237
sun3d-mit_76_studyroom-76-1studyroom2,35,51,0.27920598763423365,"[0.25,0.30)",0.4062499999999984,1.0,0.39,1,1.0,5.211129033840053,0.15820929408073425
sun3d-mit_76_studyroom-76-1studyroom2,35,52,0.17865278229742923,"[0.15,0.20)",0.1562499999999994,1.0,0.152,1,1.0,3.117971188092756,0.013032766059041023
sun3d-mit_76_studyroom-76-1studyroom2,36,44,0.36035874439461885,"[0.30,1.00]",0.6093749999999976,1.0,0.381,1,0.0,,
sun3d-mit_76_studyroom-76-1studyroom2,36,50,0.40203288490284006,"[0.30,1.00]",0.757812499999997,1.0,0.624,1,1.0,5.146964807306176,0.14300522208213806
sun3d-mit_76_studyroom-76-1studyroom2,36,51,0.38726457399103137,"[0.30,1.00]",0.35937499999999856,1.0,0.321,1,1.0,6.934830776492368,0.18480011820793152
sun3d-mit_76_studyroom-76-1studyroom2,36,52,0.3388938714499253,"[0.30,1.00]",0.3164062499999987,1.0,0.142,1,1.0,5.2189440731964964,0.15086349844932556
sun3d-mit_76_studyroom-76-1studyroom2,36,53,0.2795814648729447,"[0.25,0.30)",0.14453124999999942,0.0,0.0205,1,0.0,,
sun3d-mit_76_studyroom-76-1studyroom2,37,44,0.3988751506494666,"[0.30,1.00]",0.7187499999999971,1.0,0.4475,1,1.0,4.414283205772366,0.22073443233966827
sun3d-mit_76_studyroom-76-1studyroom2,37,50,0.41811364549390706,"[0.30,1.00]",0.8320312499999967,1.0,0.659,1,1.0,4.002327005281629,0.10871193557977676
sun3d-mit_76_studyroom-76-1studyroom2,37,51,0.36615631835022094,"[0.30,1.00]",0.5390624999999979,1.0,0.4305,1,1.0,4.568661040513136,0.14608725905418396
sun3d-mit_76_studyroom-76-1studyroom2,37,52,0.34598044904700265,"[0.30,1.00]",0.2773437499999989,1.0,0.227,1,1.0,3.497487937573644,0.09568597376346588
sun3d-mit_76_studyroom-76-1studyroom2,37,53,0.33160737401240903,"[0.30,1.00]",0.07031249999999972,0.0,0.0145,1,0.0,,
sun3d-mit_76_studyroom-76-1studyroom2,38,40,0.1794948259923061,"[0.15,0.20)",0.0,0.0,0.0,1,0.0,,
sun3d-mit_76_studyroom-76-1studyroom2,38,43,0.1443652521396833,"[0.00,0.15)",0.0,0.0,0.0,1,0.0,,
sun3d-mit_76_studyroom-76-1studyroom2,38,51,0.3566337637551069,"[0.30,1.00]",0.7851562499999969,1.0,0.723,1,1.0,1.9375501890374272,0.06498342007398605
sun3d-mit_76_studyroom-76-1studyroom2,38,52,0.29561924074791995,"[0.25,0.30)",0.33984374999999867,1.0,0.3155,1,1.0,2.1000295766595576,0.022742563858628273
sun3d-mit_76_studyroom-76-1studyroom2,39,41,0.17072662195503355,"[0.15,0.20)",0.36328124999999856,1.0,0.2225,1,1.0,1.8822160980625586,0.1802501231431961
sun3d-mit_76_studyroom-76-1studyroom2,39,42,0.24783681412238942,"[0.20,0.25)",0.18359374999999928,1.0,0.0695,1,0.0,,
sun3d-mit_76_studyroom-76-1studyroom2,39,48,0.2876255342808493,"[0.25,0.30)",0.6289062499999974,1.0,0.2995,1,1.0,3.564252353569956,0.1573539823293686
sun3d-mit_76_studyroom-76-1studyroom2,39,49,0.33589324808006393,"[0.30,1.00]",0.9257812499999963,1.0,0.667,1,1.0,2.319337276420243,0.1257120966911316
sun3d-mit_76_studyroom-76-1studyroom2,39,50,0.35420648434513674,"[0.30,1.00]",0.8710937499999966,1.0,0.759,1,1.0,2.3344777042775195,0.08314497768878937
sun3d-mit_76_studyroom-76-1studyroom2,39,51,0.2830385377210967,"[0.25,0.30)",0.5156249999999979,1.0,0.485,1,1.0,2.213639308263351,0.11340688914060593
sun3d-mit_76_studyroom-76-1studyroom2,39,52,0.2996142752892935,"[0.25,0.30)",0.4453124999999982,1.0,0.3085,1,1.0,3.59510150477807,0.22769886255264282
sun3d-mit_76_studyroom-76-1studyroom2,39,53,0.29401952948535287,"[0.25,0.30)",0.6367187499999974,1.0,0.4795,1,1.0,3.9588379030378484,0.18514826893806458
sun3d-mit_76_studyroom-76-1studyroom2,3,35,0.2772514071294559,"[0.25,0.30)",0.6718749999999973,1.0,0.581,1,1.0,5.697669237790548,0.11180243641138077
sun3d-mit_76_studyroom-76-1studyroom2,3,36,0.31350844277673545,"[0.30,1.00]",0.757812499999997,1.0,0.6015,1,1.0,3.6559128856284397,0.05603479966521263
sun3d-mit_76_studyroom-76-1studyroom2,3,37,0.3420262664165103,"[0.30,1.00]",0.8007812499999968,1.0,0.6455,1,1.0,2.9017800643046763,0.021853698417544365
sun3d-mit_76_studyroom-76-1studyroom2,3,41,0.32926829268292684,"[0.30,1.00]",0.4257812499999983,1.0,0.197,1,1.0,1.2592766246483478,0.11662951111793518
sun3d-mit_76_studyroom-76-1studyroom2,3,42,0.3908536585365854,"[0.30,1.00]",0.23828124999999906,1.0,0.0755,1,0.0,,
sun3d-mit_76_studyroom-76-1studyroom2,3,8,0.17889305816135084,"[0.15,0.20)",0.5156249999999979,1.0,0.537,1,1.0,2.6699049294197925,0.0957065001130104
sun3d-mit_76_studyroom-76-1studyroom2,40,45,0.3744782681284434,"[0.30,1.00]",0.0,0.0,0.0,1,0.0,,
sun3d-mit_76_studyroom-76-1studyroom2,40,46,0.33029105682007903,"[0.30,1.00]",0.0,0.0,0.0,1,0.0,,
sun3d-mit_76_studyroom-76-1studyroom2,40,47,0.28087261394624075,"[0.25,0.30)",0.0,0.0,0.0,1,0.0,,
sun3d-mit_76_studyroom-76-1studyroom2,40,48,0.17257499026100506,"[0.15,0.20)",0.0039062499999999844,0.0,0.0,1,0.0,,
sun3d-mit_76_studyroom-76-1studyroom2,40,49,0.15510045077633702,"[0.15,0.20)",0.0,0.0,0.0,1,0.0,,
sun3d-mit_76_studyroom-76-1studyroom2,41,44,0.17840732009429816,"[0.15,0.20)",0.015624999999999938,0.0,0.0045,1,0.0,,
sun3d-mit_76_studyroom-76-1studyroom2,42,44,0.2309398951189996,"[0.20,0.25)",0.0039062499999999844,0.0,0.0,1,0.0,,
sun3d-mit_76_studyroom-76-1studyroom2,43,45,0.3007658202337767,"[0.30,1.00]",0.0,0.0,0.0,1,0.0,,
sun3d-mit_76_studyroom-76-1studyroom2,43,46,0.2320838371624345,"[0.20,0.25)",0.0,0.0,0.0,1,0.0,,
sun3d-mit_76_studyroom-76-1studyroom2,43,47,0.218863361547763,"[0.20,0.25)",0.0,0.0,0.0,1,0.0,,
sun3d-mit_76_studyroom-76-1studyroom2,43,48,0.14268440145102781,"[0.00,0.15)",0.019531249999999924,0.0,0.0005,1,0.0,,
sun3d-mit_76_studyroom-76-1studyroom2,44,48,0.31303265706312694,"[0.30,1.00]",0.7968749999999968,1.0,0.6185,1,1.0,3.250283683853668,0.15372976660728455
sun3d-mit_76_studyroom-76-1studyroom2,44,51,0.16694320838675616,"[0.15,0.20)",0.4726562499999981,1.0,0.3595,1,1.0,2.1584889196385393,0.11170513927936554
sun3d-mit_76_studyroom-76-1studyroom2,47,50,0.37418289864641796,"[0.30,1.00]",0.7812499999999969,1.0,0.727,1,1.0,1.2954311054334617,0.02267611399292946
sun3d-mit_76_studyroom-76-1studyroom2,48,50,0.3320347015824564,"[0.30,1.00]",0.7695312499999969,1.0,0.7565,1,1.0,2.630612979743422,0.04937630891799927
sun3d-mit_76_studyroom-76-1studyroom2,49,51,0.21574237852460723,"[0.20,0.25)",0.5468749999999978,1.0,0.4935,1,1.0,1.532634600765751,0.05039382725954056
sun3d-mit_76_studyroom-76-1studyroom2,4,38,0.28642626795661097,"[0.25,0.30)",0.0,0.0,0.0,1,0.0,,
sun3d-mit_76_studyroom-76-1studyroom2,4,45,0.30389914980944005,"[0.30,1.00]",0.0,0.0,0.0,1,0.0,,
sun3d-mit_76_studyroom-76-1studyroom2,4,49,0.2602169451773673,"[0.25,0.30)",0.0039062499999999844,0.0,0.0,1,0.0,,
sun3d-mit_76_studyroom-76-1studyroom2,4,6,0.35373790677220757,"[0.30,1.00]",0.14062499999999944,0.0,0.016,1,0.0,,
sun3d-mit_76_studyroom-76-1studyroom2,4,7,0.3054236294341835,"[0.30,1.00]",0.0,0.0,0.0,1,0.0,,
sun3d-mit_76_studyroom-76-1studyroom2,50,52,0.23091853985348443,"[0.20,0.25)",0.21484374999999914,1.0,0.257,1,1.0,2.802956220338866,0.07259109616279602
sun3d-mit_76_studyroom-76-1studyroom2,51,55,0.40476913730255165,"[0.30,1.00]",0.46093749999999817,1.0,0.4185,1,1.0,4.691185546893211,0.0894305408000946
sun3d-mit_76_studyroom-76-1studyroom2,51,56,0.2509113001215067,"[0.25,0.30)",0.1249999999999995,1.0,0.118,1,0.0,,
sun3d-mit_76_studyroom-76-1studyroom2,52,54,0.2495806661417862,"[0.20,0.25)",0.7343749999999971,1.0,0.6595,1,1.0,0.5706123147313945,0.022739717736840248
sun3d-mit_76_studyroom-76-1studyroom2,52,56,0.2602950741108411,"[0.25,0.30)",0.17968749999999928,1.0,0.194,1,0.0,,
sun3d-mit_76_studyroom-76-1studyroom2,53,56,0.2108068369784966,"[0.20,0.25)",0.23828124999999906,1.0,0.297,1,1.0,6.355391652396156,0.07481345534324646
sun3d-mit_76_studyroom-76-1studyroom2,54,56,0.28565243062389295,"[0.25,0.30)",0.14453124999999942,0.0,0.043,1,0.0,,
sun3d-mit_76_studyroom-76-1studyroom2,55,57,0.21667490525622013,"[0.20,0.25)",0.7851562499999969,1.0,0.7625,1,1.0,1.5035010478717044,0.040033984929323196
sun3d-mit_76_studyroom-76-1studyroom2,57,59,0.2713907801726007,"[0.25,0.30)",0.031249999999999875,1.0,0.0515,1,0.0,,
sun3d-mit_76_studyroom-76-1studyroom2,57,60,0.24207467799991328,"[0.20,0.25)",0.08984374999999964,0.0,0.033,1,0.0,,
sun3d-mit_76_studyroom-76-1studyroom2,57,61,0.31467106119085825,"[0.30,1.00]",0.06640624999999974,0.0,0.027,1,0.0,,
sun3d-mit_76_studyroom-76-1studyroom2,57,62,0.3466325512814953,"[0.30,1.00]",0.2031249999999992,1.0,0.0835,1,0.0,,
sun3d-mit_76_studyroom-76-1studyroom2,57,63,0.22732989288347283,"[0.20,0.25)",0.03906249999999985,0.0,0.024,1,0.0,,
sun3d-mit_76_studyroom-76-1studyroom2,58,62,0.4712188852813853,"[0.30,1.00]",0.7812499999999969,1.0,0.6415,1,1.0,2.516372918351074,0.017590191215276718
sun3d-mit_76_studyroom-76-1studyroom2,58,63,0.30874594155844154,"[0.30,1.00]",0.6445312499999974,1.0,0.5725,1,1.0,2.4611633130210957,0.08929157257080078
sun3d-mit_76_studyroom-76-1studyroom2,59,63,0.352510873863187,"[0.30,1.00]",0.8945312499999964,1.0,0.742,1,1.0,1.019523984779001,0.03421426936984062
sun3d-mit_76_studyroom-76-1studyroom2,5,34,0.18383276511753097,"[0.15,0.20)",0.5898437499999977,1.0,0.4175,1,1.0,7.331842134784502,0.1930507868528366
sun3d-mit_76_studyroom-76-1studyroom2,5,35,0.30418984389018483,"[0.30,1.00]",0.6992187499999972,1.0,0.428,1,1.0,6.777836190714491,0.1917347013950348
sun3d-mit_76_studyroom-76-1studyroom2,5,36,0.33729589090256595,"[0.30,1.00]",0.7773437499999969,1.0,0.5425,1,1.0,5.248744453287216,0.14817476272583008
sun3d-mit_76_studyroom-76-1studyroom2,5,41,0.3402565942939171,"[0.30,1.00]",0.5351562499999979,1.0,0.408,1,1.0,4.414016974403074,0.16988106071949005
sun3d-mit_76_studyroom-76-1studyroom2,5,42,0.44720078952090436,"[0.30,1.00]",0.6328124999999974,1.0,0.409,1,1.0,5.967589474250911,0.23757725954055786
sun3d-mit_76_studyroom-76-1studyroom2,5,50,0.18401220168670376,"[0.15,0.20)",0.48437499999999806,1.0,0.385,1,1.0,1.5246976086601371,0.028223184868693352
sun3d-mit_76_studyroom-76-1studyroom2,5,8,0.19715593037861115,"[0.15,0.20)",0.48828124999999806,1.0,0.4725,1,1.0,1.972784709910508,0.009490914642810822
sun3d-mit_76_studyroom-76-1studyroom2,60,64,0.2187700192184497,"[0.20,0.25)",0.38671874999999845,1.0,0.199,1,0.0,,
sun3d-mit_76_studyroom-76-1studyroom2,61,64,0.42017855428626283,"[0.30,1.00]",0.7812499999999969,1.0,0.5845,1,1.0,3.053514297753016,0.09564194083213806
sun3d-mit_76_studyroom-76-1studyroom2,62,65,0.28796576929934037,"[0.25,0.30)",0.042968749999999827,0.0,0.0145,1,0.0,,
sun3d-mit_76_studyroom-76-1studyroom2,63,65,0.38126707198872145,"[0.30,1.00]",0.5781249999999977,1.0,0.5415,1,1.0,2.359495983309475,0.07247728109359741
sun3d-mit_76_studyroom-76-1studyroom2,6,34,0.34262202043132806,"[0.30,1.00]",0.8281249999999967,1.0,0.6475,1,1.0,5.823087748691473,0.1739099621772766
sun3d-mit_76_studyroom-76-1studyroom2,6,40,0.31458569807037456,"[0.30,1.00]",0.007812499999999969,0.0,0.0,1,0.0,,
sun3d-mit_76_studyroom-76-1studyroom2,6,43,0.3634506242905789,"[0.30,1.00]",0.09765624999999961,0.0,0.007,1,0.0,,
sun3d-mit_76_studyroom-76-1studyroom2,6,50,0.35459704880817255,"[0.30,1.00]",0.6445312499999974,1.0,0.683,1,1.0,1.0871454901679325,0.021891599521040916
sun3d-mit_76_studyroom-76-1studyroom2,6,51,0.16106696935300793,"[0.15,0.20)",0.46093749999999817,1.0,0.398,1,1.0,2.6993614001723767,0.041341353207826614
sun3d-mit_76_studyroom-76-1studyroom2,7,34,0.26205248402959697,"[0.25,0.30)",0.7343749999999971,1.0,0.578,1,1.0,6.012619361067741,0.18611396849155426
sun3d-mit_76_studyroom-76-1studyroom2,7,40,0.32584218024725403,"[0.30,1.00]",0.10937499999999957,0.0,0.0115,1,0.0,,
sun3d-mit_76_studyroom-76-1studyroom2,7,43,0.3011627372581461,"[0.30,1.00]",0.07421874999999971,0.0,0.0245,1,0.0,,
sun3d-mit_76_studyroom-76-1studyroom2,8,10,0.18151661525926788,"[0.15,0.20)",0.14062499999999944,1.0,0.117,1,0.0,,
sun3d-mit_76_studyroom-76-1studyroom2,8,34,0.17604609206774138,"[0.15,0.20)",0.6171874999999976,1.0,0.5145,1,1.0,4.721154990841153,0.1530333161354065
sun3d-mit_76_studyroom-76-1studyroom2,8,35,0.30809521038235466,"[0.30,1.00]",0.6992187499999972,1.0,0.5885,1,1.0,5.144375543484005,0.15647563338279724
sun3d-mit_76_studyroom-76-1studyroom2,8,36,0.41028923936448813,"[0.30,1.00]",0.6679687499999973,1.0,0.55,1,1.0,5.037539690007262,0.16709303855895996
sun3d-mit_76_studyroom-76-1studyroom2,8,52,0.3002386079264389,"[0.30,1.00]",0.38281249999999845,1.0,0.38,1,1.0,1.0490384501599277,0.0443209744989872
sun3d-mit_76_studyroom-76-1studyroom2,8,53,0.17651166850957342,"[0.15,0.20)",0.011718749999999953,0.0,0.013,1,0.0,,
sun3d-mit_76_studyroom-76-1studyroom2,8,55,0.16475586335331432,"[0.15,0.20)",0.249999999999999,1.0,0.184,1,1.0,6.379226078862128,0.1501883715391159
sun3d-mit_76_studyroom-76-1studyroom2,8,9,0.35442006634464296,"[0.30,1.00]",0.33984374999999867,1.0,0.409,0,,,
sun3d-mit_76_studyroom-76-1studyroom2,9,12,0.35003170577045023,"[0.30,1.00]",0.6210937499999976,1.0,0.463,1,1.0,4.596018837465554,0.09575166553258896
sun3d-mit_76_studyroom-76-1studyroom2,9,36,0.21019060763176545,"[0.20,0.25)",0.3749999999999985,1.0,0.1565,1,1.0,3.4021421901374773,0.21980436146259308
sun3d-mit_76_studyroom-76-1studyroom2,9,37,0.24137416539221904,"[0.20,0.25)",0.5156249999999979,1.0,0.316,1,1.0,3.81803187635468,0.19663867354393005
sun3d-mit_76_studyroom-76-1studyroom2,9,38,0.27908538177477715,"[0.25,0.30)",0.5898437499999977,1.0,0.504,1,1.0,1.5081794652578353,0.039375532418489456
sun3d-mit_76_studyroom-76-1studyroom2,9,39,0.2579357678391585,"[0.25,0.30)",0.6992187499999972,1.0,0.568,1,1.0,2.404198856501969,0.11450275778770447
sun3d-mit_76_studyroom-76-1studyroom2,9,50,0.22757283001976947,"[0.20,0.25)",0.3789062499999985,1.0,0.433,1,1.0,1.528543233762348,0.05135130137205124
sun3d-mit_76_studyroom-76-1studyroom2,9,54,0.18191652057144989,"[0.15,0.20)",0.4023437499999984,1.0,0.253,1,1.0,0.7099673752098714,0.012758923694491386
sun3d-mit_76_studyroom-76-1studyroom2,9,56,0.29702711775896157,"[0.25,0.30)",0.3085937499999988,1.0,0.2415,1,1.0,4.001544065347438,0.08978191763162613
sun3d-mit_lab_hj-lab_hj_tea_nov_2_2012_scan1_erika,0,11,0.3048063762982047,"[0.30,1.00]",0.3046874999999988,1.0,0.2085,1,1.0,1.929858329294643,0.03733315318822861
sun3d-mit_lab_hj-lab_hj_tea_nov_2_2012_scan1_erika,0,2,0.272522341196361,"[0.25,0.30)",0.10937499999999957,1.0,0.1795,1,1.0,1.6291880127282652,0.03523426875472069
sun3d-mit_lab_hj-lab_hj_tea_nov_2_2012_scan1_erika,0,24,0.15908541985347396,"[0.15,0.20)",0.1992187499999992,1.0,0.1295,1,1.0,2.033746807092605,0.07234077900648117
sun3d-mit_lab_hj-lab_hj_tea_nov_2_2012_scan1_erika,0,26,0.24909427582320265,"[0.20,0.25)",0.3242187499999987,1.0,0.2285,1,1.0,1.7501065389351214,0.10520383715629578
sun3d-mit_lab_hj-lab_hj_tea_nov_2_2012_scan1_erika,0,6,0.3524675952016746,"[0.30,1.00]",0.3007812499999988,1.0,0.067,1,0.0,,
sun3d-mit_lab_hj-lab_hj_tea_nov_2_2012_scan1_erika,0,7,0.5856211255132437,"[0.30,1.00]",0.1562499999999994,1.0,0.1165,1,1.0,4.479646168439405,0.27052778005599976
sun3d-mit_lab_hj-lab_hj_tea_nov_2_2012_scan1_erika,10,27,0.407168458781362,"[0.30,1.00]",0.4453124999999982,1.0,0.361,1,1.0,4.207100616765711,0.2093898057937622
sun3d-mit_lab_hj-lab_hj_tea_nov_2_2012_scan1_erika,10,28,0.2252199413489736,"[0.20,0.25)",0.499999999999998,1.0,0.489,1,1.0,1.6728081206649303,0.06664656102657318
sun3d-mit_lab_hj-lab_hj_tea_nov_2_2012_scan1_erika,13,16,0.36725966472801913,"[0.30,1.00]",0.3437499999999986,1.0,0.207,1,1.0,1.2242929017778148,0.13146880269050598
sun3d-mit_lab_hj-lab_hj_tea_nov_2_2012_scan1_erika,13,17,0.2704413274033527,"[0.25,0.30)",0.13281249999999947,1.0,0.1905,1,1.0,3.440369558082027,0.195150688290596
sun3d-mit_lab_hj-lab_hj_tea_nov_2_2012_scan1_erika,13,18,0.1874786178583647,"[0.15,0.20)",0.0,0.0,0.0,1,0.0,,
sun3d-mit_lab_hj-lab_hj_tea_nov_2_2012_scan1_erika,14,18,0.3766059358073325,"[0.30,1.00]",0.8124999999999968,1.0,0.4,1,1.0,1.7230602636225716,0.08288851380348206
sun3d-mit_lab_hj-lab_hj_tea_nov_2_2012_scan1_erika,15,18,0.41565953444627324,"[0.30,1.00]",0.8203124999999967,1.0,0.4265,1,1.0,2.0128534087576235,0.07228388637304306
sun3d-mit_lab_hj-lab_hj_tea_nov_2_2012_scan1_erika,17,20,0.40402498265093684,"[0.30,1.00]",0.4062499999999984,1.0,0.4125,1,1.0,7.11025066416088,0.2980176508426666
sun3d-mit_lab_hj-lab_hj_tea_nov_2_2012_scan1_erika,19,21,0.4193278015254379,"[0.30,1.00]",0.10546874999999958,0.0,0.0325,1,0.0,,
sun3d-mit_lab_hj-lab_hj_tea_nov_2_2012_scan1_erika,1,26,0.22468747954709078,"[0.20,0.25)",0.42187499999999833,1.0,0.2245,1,0.0,,
sun3d-mit_lab_hj-lab_hj_tea_nov_2_2012_scan1_erika,1,5,0.28679887427187645,"[0.25,0.30)",0.5468749999999978,1.0,0.478,1,1.0,0.7300778528284478,0.021665990352630615
sun3d-mit_lab_hj-lab_hj_tea_nov_2_2012_scan1_erika,1,7,0.6192813665815826,"[0.30,1.00]",0.41406249999999833,1.0,0.522,1,1.0,0.5218958019561553,0.06446291506290436
sun3d-mit_lab_hj-lab_hj_tea_nov_2_2012_scan1_erika,20,22,0.3542964787711926,"[0.30,1.00]",0.3710937499999985,1.0,0.126,1,1.0,3.1498298050966818,0.1183144599199295
sun3d-mit_lab_hj-lab_hj_tea_nov_2_2012_scan1_erika,21,23,0.4188353812104098,"[0.30,1.00]",0.7343749999999971,1.0,0.553,1,1.0,1.8386663054780028,0.061728689819574356
sun3d-mit_lab_hj-lab_hj_tea_nov_2_2012_scan1_erika,21,24,0.22437609707700526,"[0.20,0.25)",0.5507812499999978,1.0,0.3855,1,1.0,4.513101861356206,0.06217416003346443
sun3d-mit_lab_hj-lab_hj_tea_nov_2_2012_scan1_erika,21,25,0.1820575440738762,"[0.15,0.20)",0.4296874999999983,1.0,0.426,1,1.0,7.375121027735503,0.1849891096353531
sun3d-mit_lab_hj-lab_hj_tea_nov_2_2012_scan1_erika,22,25,0.36930274675520675,"[0.30,1.00]",0.5898437499999977,1.0,0.4665,1,1.0,3.666715660898015,0.0834302082657814
sun3d-mit_lab_hj-lab_hj_tea_nov_2_2012_scan1_erika,22,26,0.2650166012677332,"[0.25,0.30)",0.36718749999999856,1.0,0.3225,1,1.0,2.5056157552811156,0.06458411365747452
sun3d-mit_lab_hj-lab_hj_tea_nov_2_2012_scan1_erika,23,26,0.40717907351924404,"[0.30,1.00]",0.3710937499999985,1.0,0.295,1,1.0,4.4552691905951365,0.09026676416397095
sun3d-mit_lab_hj-lab_hj_tea_nov_2_2012_scan1_erika,23,27,0.2985134823692095,"[0.25,0.30)",0.24218749999999903,1.0,0.1755,1,1.0,4.673614822741908,0.1055154949426651
sun3d-mit_lab_hj-lab_hj_tea_nov_2_2012_scan1_erika,24,26,0.4847775175644028,"[0.30,1.00]",0.42187499999999833,1.0,0.325,1,1.0,6.753834375826301,0.10546911507844925
sun3d-mit_lab_hj-lab_hj_tea_nov_2_2012_scan1_erika,24,27,0.3604025571238686,"[0.30,1.00]",0.3242187499999987,1.0,0.2275,1,1.0,8.10980425206304,0.13761894404888153
sun3d-mit_lab_hj-lab_hj_tea_nov_2_2012_scan1_erika,24,33,0.2415975694664219,"[0.20,0.25)",0.5273437499999979,1.0,0.357,1,1.0,6.237625174425944,0.18429386615753174
sun3d-mit_lab_hj-lab_hj_tea_nov_2_2012_scan1_erika,24,34,0.20007595417431484,"[0.20,0.25)",0.25781249999999895,1.0,0.152,1,0.0,,
sun3d-mit_lab_hj-lab_hj_tea_nov_2_2012_scan1_erika,24,35,0.19007532122286222,"[0.15,0.20)",0.3046874999999988,1.0,0.178,1,1.0,6.381991770668762,0.3001149594783783
sun3d-mit_lab_hj-lab_hj_tea_nov_2_2012_scan1_erika,24,36,0.1546933350212039,"[0.15,0.20)",0.26953124999999895,1.0,0.155,1,1.0,5.063453442975371,0.2612166106700897
sun3d-mit_lab_hj-lab_hj_tea_nov_2_2012_scan1_erika,24,37,0.20843091334894615,"[0.20,0.25)",0.4296874999999983,1.0,0.285,1,1.0,4.041184007582837,0.13936403393745422
sun3d-mit_lab_hj-lab_hj_tea_nov_2_2012_scan1_erika,25,27,0.35416119716461014,"[0.30,1.00]",0.4765624999999981,1.0,0.289,1,1.0,3.5790536985345476,0.10712102800607681
sun3d-mit_lab_hj-lab_hj_tea_nov_2_2012_scan1_erika,25,30,0.1182068784457863,"[0.00,0.15)",0.011718749999999953,0.0,0.001,1,0.0,,
sun3d-mit_lab_hj-lab_hj_tea_nov_2_2012_scan1_erika,25,31,0.11374376476765555,"[0.00,0.15)",0.0,0.0,0.0,1,0.0,,
sun3d-mit_lab_hj-lab_hj_tea_nov_2_2012_scan1_erika,25,32,0.24107377264373853,"[0.20,0.25)",0.29687499999999883,1.0,0.1315,1,1.0,8.668231265314672,0.45227181911468506
sun3d-mit_lab_hj-lab_hj_tea_nov_2_2012_scan1_erika,25,33,0.30014439485429245,"[0.30,1.00]",0.46093749999999817,1.0,0.3515,1,1.0,2.6537268758325543,0.11196114122867584
sun3d-mit_lab_hj-lab_hj_tea_nov_2_2012_scan1_erika,25,34,0.259516933578367,"[0.25,0.30)",0.2226562499999991,1.0,0.1305,1,1.0,1.6279863769935636,0.2141377478837967
sun3d-mit_lab_hj-lab_hj_tea_nov_2_2012_scan1_erika,25,35,0.22007088474665268,"[0.20,0.25)",0.3007812499999988,1.0,0.1925,1,1.0,2.257934411653913,0.09388702362775803
sun3d-mit_lab_hj-lab_hj_tea_nov_2_2012_scan1_erika,25,36,0.258007351010764,"[0.25,0.30)",0.3789062499999985,1.0,0.223,1,1.0,2.5880042688200087,0.1412203460931778
sun3d-mit_lab_hj-lab_hj_tea_nov_2_2012_scan1_erika,25,37,0.2807823575741665,"[0.25,0.30)",0.39453124999999845,1.0,0.3255,1,1.0,4.162077683045379,0.21312321722507477
sun3d-mit_lab_hj-lab_hj_tea_nov_2_2012_scan1_erika,28,29,0.1541919226316148,"[0.15,0.20)",0.07421874999999971,0.0,0.005,0,,,
sun3d-mit_lab_hj-lab_hj_tea_nov_2_2012_scan1_erika,28,30,0.16937955458693726,"[0.15,0.20)",0.11328124999999954,0.0,0.0085,1,0.0,,
sun3d-mit_lab_hj-lab_hj_tea_nov_2_2012_scan1_erika,29,31,0.47061260728026044,"[0.30,1.00]",0.38281249999999845,1.0,0.25,1,1.0,0.9052541785545551,0.026046553626656532
sun3d-mit_lab_hj-lab_hj_tea_nov_2_2012_scan1_erika,2,28,0.22042036982435448,"[0.20,0.25)",0.6484374999999974,1.0,0.625,1,1.0,2.7270649236439617,0.12490977346897125
sun3d-mit_lab_hj-lab_hj_tea_nov_2_2012_scan1_erika,2,30,0.2082052146076408,"[0.20,0.25)",0.12109374999999951,0.0,0.005,1,0.0,,
sun3d-mit_lab_hj-lab_hj_tea_nov_2_2012_scan1_erika,2,6,0.5640453224379764,"[0.30,1.00]",0.7890624999999969,1.0,0.726,1,1.0,1.8228454284708069,0.05870663747191429
sun3d-mit_lab_hj-lab_hj_tea_nov_2_2012_scan1_erika,2,7,0.5125310644033528,"[0.30,1.00]",0.7695312499999969,1.0,0.729,1,1.0,0.6841413686038745,0.023035457357764244
sun3d-mit_lab_hj-lab_hj_tea_nov_2_2012_scan1_erika,2,9,0.19211490670148687,"[0.15,0.20)",0.6171874999999976,1.0,0.6605,1,1.0,3.1892367047849293,0.12909305095672607
sun3d-mit_lab_hj-lab_hj_tea_nov_2_2012_scan1_erika,30,32,0.3389976338997634,"[0.30,1.00]",0.8554687499999966,1.0,0.8205,1,1.0,1.0106564832687255,0.01673869602382183
sun3d-mit_lab_hj-lab_hj_tea_nov_2_2012_scan1_erika,30,33,0.3171380942138094,"[0.30,1.00]",0.8632812499999966,1.0,0.731,1,1.0,1.5483865642581653,0.040968433022499084
sun3d-mit_lab_hj-lab_hj_tea_nov_2_2012_scan1_erika,30,34,0.20945364594536459,"[0.20,0.25)",0.7968749999999968,1.0,0.607,1,1.0,2.41832288625092,0.0801345556974411
sun3d-mit_lab_hj-lab_hj_tea_nov_2_2012_scan1_erika,30,35,0.20466767046676704,"[0.20,0.25)",0.7773437499999969,1.0,0.662,1,1.0,0.5801345932307348,0.025267286226153374
sun3d-mit_lab_hj-lab_hj_tea_nov_2_2012_scan1_erika,30,36,0.3501828350182835,"[0.30,1.00]",0.7851562499999969,1.0,0.71,1,1.0,1.6079080821849991,0.041139453649520874
sun3d-mit_lab_hj-lab_hj_tea_nov_2_2012_scan1_erika,30,37,0.26201871370187135,"[0.25,0.30)",0.8164062499999968,1.0,0.6725,1,1.0,1.6995024082913612,0.06396759301424026
sun3d-mit_lab_hj-lab_hj_tea_nov_2_2012_scan1_erika,31,35,0.5176191886289606,"[0.30,1.00]",0.8476562499999966,1.0,0.739,1,1.0,1.303262531484347,0.05481545627117157
sun3d-mit_lab_hj-lab_hj_tea_nov_2_2012_scan1_erika,3,30,0.18758980362939706,"[0.15,0.20)",0.0,0.0,0.0,1,0.0,,
sun3d-mit_lab_hj-lab_hj_tea_nov_2_2012_scan1_erika,3,5,0.6527592996647331,"[0.30,1.00]",0.8124999999999968,1.0,0.782,1,1.0,1.9608440442552804,0.050266414880752563
sun3d-mit_lab_hj-lab_hj_tea_nov_2_2012_scan1_erika,3,6,0.6125804906604225,"[0.30,1.00]",0.7109374999999971,1.0,0.7695,1,1.0,1.72918254784215,0.05560523271560669
sun3d-mit_lab_hj-lab_hj_tea_nov_2_2012_scan1_erika,3,7,0.44143472939173006,"[0.30,1.00]",0.6835937499999972,1.0,0.6955,1,1.0,1.3628617023770608,0.04319529980421066
sun3d-mit_lab_hj-lab_hj_tea_nov_2_2012_scan1_erika,3,8,0.32185620775903356,"[0.30,1.00]",0.749999999999997,1.0,0.639,1,1.0,1.265477192386214,0.04990319162607193
sun3d-mit_lab_hj-lab_hj_tea_nov_2_2012_scan1_erika,4,7,0.5011219600946085,"[0.30,1.00]",0.742187499999997,1.0,0.6155,1,1.0,1.3335418399855816,0.02827933430671692
sun3d-mit_lab_hj-lab_hj_tea_nov_2_2012_scan1_erika,4,8,0.3243980835708654,"[0.30,1.00]",0.6757812499999973,1.0,0.5135,1,1.0,2.0149913450217607,0.0803990587592125
sun3d-mit_lab_hj-lab_hj_tea_nov_2_2012_scan1_erika,5,9,0.1488733266638083,"[0.00,0.15)",0.39062499999999845,1.0,0.378,1,0.0,,
sun3d-mit_lab_hj-lab_hj_tea_nov_2_2012_scan1_erika,6,10,0.24524179811893654,"[0.20,0.25)",0.511718749999998,1.0,0.4085,1,1.0,2.3388333686842975,0.09156683087348938
sun3d-mit_lab_hj-lab_hj_tea_nov_2_2012_scan1_erika,6,9,0.34829297193216324,"[0.30,1.00]",0.6640624999999973,1.0,0.6745,1,1.0,4.30593426742531,0.19678856432437897
sun3d-mit_lab_hj-lab_hj_tea_nov_2_2012_scan1_erika,8,10,0.31363925257404346,"[0.30,1.00]",0.746093749999997,1.0,0.769,1,1.0,0.8346252575454745,0.029860902577638626
sun3d-mit_lab_hj-lab_hj_tea_nov_2_2012_scan1_erika,8,9,0.36895894241769417,"[0.30,1.00]",0.8984374999999964,1.0,0.8965,0,,,
sun3d-mit_lab_hj-lab_hj_tea_nov_2_2012_scan1_erika,9,11,0.3910982042316126,"[0.30,1.00]",0.28906249999999883,1.0,0.2215,1,0.0,,
sun3d-mit_lab_hj-lab_hj_tea_nov_2_2012_scan1_erika,9,27,0.373081254074557,"[0.30,1.00]",0.5312499999999979,1.0,0.4525,1,1.0,2.2619182484103453,0.11350733041763306
sun3d-mit_lab_hj-lab_hj_tea_nov_2_2012_scan1_erika,9,28,0.26503881941563445,"[0.25,0.30)",0.6015624999999976,1.0,0.5165,1,1.0,2.381952230966984,0.11132991313934326
