scene,ref_frame,src_frame,overlap,bin,PIR,FMR,IR,is_official_gt_pair,RR_success,RRE,RTE_m
7-scenes-redkitchen,0,16,0.20292986246508932,"[0.20,0.25)",0.4687499999999981,1.0,0.303,1,1.0,3.3338974800370162,0.05431600287556648
7-scenes-redkitchen,0,17,0.17057490646572165,"[0.15,0.20)",0.4023437499999984,1.0,0.2815,1,1.0,3.186165973451341,0.04195495322346687
7-scenes-redkitchen,0,18,0.312167360489013,"[0.30,1.00]",0.7734374999999969,1.0,0.6765,1,1.0,1.7100634847530158,0.019925404340028763
7-scenes-redkitchen,0,20,0.31369552616325025,"[0.30,1.00]",0.6874999999999972,1.0,0.5065,1,1.0,1.7654705973714662,0.06443902105093002
7-scenes-redkitchen,0,25,0.3271855403909996,"[0.30,1.00]",0.5859374999999977,1.0,0.391,1,1.0,4.196566835428887,0.13200467824935913
7-scenes-redkitchen,0,30,0.25688991937608685,"[0.25,0.30)",0.17968749999999928,1.0,0.0795,1,1.0,3.736435493246781,0.1735011637210846
7-scenes-redkitchen,0,31,0.33187542814986565,"[0.30,1.00]",0.36328124999999856,1.0,0.2745,1,1.0,1.7727715706193614,0.0766439214348793
7-scenes-redkitchen,0,32,0.3762976234388997,"[0.30,1.00]",0.26953124999999895,1.0,0.207,1,1.0,5.715871658473707,0.0863175094127655
7-scenes-redkitchen,0,33,0.2698529799230648,"[0.25,0.30)",0.12109374999999951,1.0,0.067,1,0.0,,
7-scenes-redkitchen,0,34,0.1396954207725141,"[0.00,0.15)",0.5390624999999979,1.0,0.4865,1,1.0,2.695588009427672,0.050661828368902206
7-scenes-redkitchen,0,36,0.24935448174105496,"[0.20,0.25)",0.3749999999999985,1.0,0.2795,1,1.0,3.347727772732238,0.022342458367347717
7-scenes-redkitchen,0,37,0.38562470358855455,"[0.30,1.00]",0.7773437499999969,1.0,0.645,1,1.0,3.0321548865271786,0.02514607459306717
7-scenes-redkitchen,0,38,0.366654371080782,"[0.30,1.00]",0.7968749999999968,1.0,0.7615,1,1.0,2.532345750534577,0.02804405800998211
7-scenes-redkitchen,0,41,0.352584707804184,"[0.30,1.00]",0.8203124999999967,1.0,0.6645,1,1.0,3.050820458143146,0.11838428676128387
7-scenes-redkitchen,0,42,0.3115877114401644,"[0.30,1.00]",0.7851562499999969,1.0,0.648,1,1.0,3.050820458143146,0.09690529108047485
7-scenes-redkitchen,0,43,0.2592085155714813,"[0.25,0.30)",0.6171874999999976,1.0,0.5405,1,1.0,3.144480170772094,0.09209953993558884
7-scenes-redkitchen,0,44,0.2522000316172208,"[0.25,0.30)",0.6171874999999976,1.0,0.4925,1,1.0,3.1970843511987415,0.0769403800368309
7-scenes-redkitchen,0,45,0.26637508562997314,"[0.25,0.30)",0.5664062499999978,1.0,0.4455,1,1.0,4.506673949910317,0.10770989954471588
7-scenes-redkitchen,0,46,0.2641091848026558,"[0.25,0.30)",0.5898437499999977,1.0,0.3925,1,1.0,4.9333212813119385,0.06736157834529877
7-scenes-redkitchen,0,47,0.22126785055593615,"[0.20,0.25)",0.6054687499999976,1.0,0.426,1,1.0,2.1597579696119427,0.07112561166286469
7-scenes-redkitchen,0,48,0.18290562259577384,"[0.15,0.20)",0.3164062499999987,1.0,0.277,1,1.0,2.2303749508128945,0.04933348298072815
7-scenes-redkitchen,0,49,0.147599725984086,"[0.00,0.15)",0.26171874999999895,1.0,0.282,1,1.0,2.2834480673381323,0.05113436281681061
7-scenes-redkitchen,0,50,0.18580386784001687,"[0.15,0.20)",0.4453124999999982,1.0,0.381,1,1.0,3.625580517923435,0.06705272942781448
7-scenes-redkitchen,0,51,0.18543500026347684,"[0.15,0.20)",0.496093749999998,1.0,0.3745,1,1.0,4.345776962793555,0.0832221657037735
7-scenes-redkitchen,0,52,0.1892817621331085,"[0.15,0.20)",0.5468749999999978,1.0,0.428,1,1.0,3.57467449584885,0.07247873395681381
7-scenes-redkitchen,0,53,0.15729567371028086,"[0.15,0.20)",0.33203124999999867,1.0,0.2655,1,1.0,3.2261004717553763,0.11309376358985901
7-scenes-redkitchen,0,59,0.18622543078463402,"[0.15,0.20)",0.0507812499999998,0.0,0.034,1,0.0,,
7-scenes-redkitchen,0,7,0.36465194709385046,"[0.30,1.00]",0.7265624999999971,1.0,0.6315,1,1.0,1.2896780718445668,0.08386410027742386
7-scenes-redkitchen,0,8,0.16657005849185857,"[0.15,0.20)",0.39453124999999845,1.0,0.2385,1,0.0,,
7-scenes-redkitchen,0,9,0.3021552405543553,"[0.30,1.00]",0.8281249999999967,1.0,0.695,1,1.0,2.004278868155886,0.08988842368125916
7-scenes-redkitchen,10,21,0.28264748823879304,"[0.25,0.30)",0.5273437499999979,1.0,0.301,1,1.0,2.1145181925332253,0.18764346837997437
7-scenes-redkitchen,10,24,0.3004920780835992,"[0.30,1.00]",0.6601562499999973,1.0,0.409,1,1.0,2.020229418477354,0.1240159198641777
7-scenes-redkitchen,10,28,0.3432109446817715,"[0.30,1.00]",0.22656249999999908,1.0,0.253,1,0.0,,
7-scenes-redkitchen,10,29,0.23727897042124046,"[0.20,0.25)",0.507812499999998,1.0,0.4195,1,1.0,4.080823446051402,0.13293085992336273
7-scenes-redkitchen,10,34,0.1451359974044233,"[0.00,0.15)",0.4765624999999981,1.0,0.3365,1,1.0,2.1413745673568694,0.04702937975525856
7-scenes-redkitchen,10,35,0.3434813172551776,"[0.30,1.00]",0.5624999999999978,1.0,0.4165,1,1.0,1.7132648074033112,0.07764127850532532
7-scenes-redkitchen,10,40,0.3004920780835992,"[0.30,1.00]",0.503906249999998,1.0,0.4715,1,1.0,2.053093695115506,0.061398088932037354
7-scenes-redkitchen,10,41,0.3233115232790786,"[0.30,1.00]",0.6289062499999974,1.0,0.648,1,1.0,0.9446045305585116,0.03823129087686539
7-scenes-redkitchen,10,42,0.3265559941599524,"[0.30,1.00]",0.8046874999999968,1.0,0.715,1,1.0,0.9512103883226253,0.029531504958868027
7-scenes-redkitchen,10,43,0.30357432542042934,"[0.30,1.00]",0.7968749999999968,1.0,0.71,1,1.0,0.8991813646765169,0.042414434254169464
7-scenes-redkitchen,10,44,0.3210403936624669,"[0.30,1.00]",0.757812499999997,1.0,0.6835,1,1.0,0.0,0.02694513276219368
7-scenes-redkitchen,10,45,0.3725734061536798,"[0.30,1.00]",0.6328124999999974,1.0,0.5515,1,1.0,1.1535182645275601,0.015190496109426022
7-scenes-redkitchen,10,46,0.39085059211593576,"[0.30,1.00]",0.738281249999997,1.0,0.623,1,1.0,1.4732606161348984,0.03579627349972725
7-scenes-redkitchen,10,47,0.37246525712431733,"[0.30,1.00]",0.6289062499999974,1.0,0.5605,1,1.0,2.13203166032528,0.0374152734875679
7-scenes-redkitchen,10,48,0.35581030660249824,"[0.30,1.00]",0.6367187499999974,1.0,0.583,1,1.0,0.9707583127292573,0.03718223050236702
7-scenes-redkitchen,10,49,0.3193640837073487,"[0.30,1.00]",0.761718749999997,1.0,0.6415,1,1.0,1.243325243326059,0.04065973684191704
7-scenes-redkitchen,10,50,0.34829394906180716,"[0.30,1.00]",0.7695312499999969,1.0,0.651,1,1.0,2.0349012640288846,0.05720558390021324
7-scenes-redkitchen,10,51,0.226626291029038,"[0.20,0.25)",0.4453124999999982,1.0,0.375,1,1.0,3.0884473706273297,0.05189429968595505
7-scenes-redkitchen,10,52,0.36348888768723303,"[0.30,1.00]",0.8007812499999968,1.0,0.6925,1,1.0,1.691191228350734,0.026813272386789322
7-scenes-redkitchen,10,53,0.3381279403017358,"[0.30,1.00]",0.7265624999999971,1.0,0.585,1,1.0,1.3631488457457934,0.04806280881166458
7-scenes-redkitchen,10,54,0.3284486021737955,"[0.30,1.00]",0.4296874999999983,1.0,0.2975,1,1.0,2.5388301198945764,0.07644333690404892
7-scenes-redkitchen,10,55,0.17795922781593035,"[0.15,0.20)",0.07421874999999971,0.0,0.042,1,0.0,,
7-scenes-redkitchen,10,56,0.12761585464770453,"[0.00,0.15)",0.07421874999999971,0.0,0.028,1,0.0,,
7-scenes-redkitchen,10,57,0.15449088844427622,"[0.15,0.20)",0.031249999999999875,0.0,0.0085,1,0.0,,
7-scenes-redkitchen,10,58,0.23446709565781648,"[0.20,0.25)",0.4374999999999983,1.0,0.3415,1,1.0,3.573030912891153,0.07663186639547348
7-scenes-redkitchen,10,59,0.3253122803222841,"[0.30,1.00]",0.4492187499999982,1.0,0.309,1,1.0,3.277037769035519,0.05678752809762955
7-scenes-redkitchen,11,16,0.3668364983788791,"[0.30,1.00]",0.6953124999999972,1.0,0.3355,1,1.0,1.902486327275413,0.06891611963510513
7-scenes-redkitchen,11,17,0.3337772116720704,"[0.30,1.00]",0.5390624999999979,1.0,0.266,1,1.0,2.0578544577615534,0.07091012597084045
7-scenes-redkitchen,11,20,0.4206229735988884,"[0.30,1.00]",0.8007812499999968,1.0,0.521,1,1.0,1.4569653516332586,0.08461892604827881
7-scenes-redkitchen,11,21,0.19557665585919407,"[0.15,0.20)",0.46484374999999817,1.0,0.273,1,0.0,,
7-scenes-redkitchen,11,24,0.2128879110699398,"[0.20,0.25)",0.5195312499999979,1.0,0.3565,1,1.0,3.665540663795313,0.23746229708194733
7-scenes-redkitchen,11,29,0.3733788791106994,"[0.30,1.00]",0.6132812499999976,1.0,0.498,1,1.0,3.539888594313516,0.13157227635383606
7-scenes-redkitchen,11,35,0.24276285317276516,"[0.20,0.25)",0.4726562499999981,1.0,0.3085,1,1.0,1.709376707255404,0.08593731373548508
7-scenes-redkitchen,11,40,0.4466188050023159,"[0.30,1.00]",0.7304687499999971,1.0,0.6115,1,1.0,2.9099985600338205,0.10140637308359146
7-scenes-redkitchen,11,41,0.3733788791106994,"[0.30,1.00]",0.8710937499999966,1.0,0.755,1,1.0,2.611644951329568,0.09510147571563721
7-scenes-redkitchen,11,42,0.3391616489115331,"[0.30,1.00]",0.8437499999999967,1.0,0.72,1,1.0,1.8010278712804175,0.05581938102841377
7-scenes-redkitchen,11,43,0.2966651227420102,"[0.25,0.30)",0.8203124999999967,1.0,0.7065,1,1.0,1.3478459698235001,0.05605323612689972
7-scenes-redkitchen,11,44,0.3103867531264474,"[0.30,1.00]",0.7851562499999969,1.0,0.689,1,1.0,1.1876209447277148,0.03311806544661522
7-scenes-redkitchen,11,45,0.3419407132931913,"[0.30,1.00]",0.7265624999999971,1.0,0.579,1,1.0,0.0,0.030657103285193443
7-scenes-redkitchen,11,46,0.36764705882352944,"[0.30,1.00]",0.742187499999997,1.0,0.5715,1,1.0,1.0094941106657447,0.037202589213848114
7-scenes-redkitchen,11,47,0.3285085687818434,"[0.30,1.00]",0.6406249999999974,1.0,0.5035,1,1.0,1.6202748113801397,0.03160727024078369
7-scenes-redkitchen,11,48,0.27912227883279295,"[0.25,0.30)",0.6093749999999976,1.0,0.531,1,1.0,0.0,0.028084153309464455
7-scenes-redkitchen,11,49,0.23361509958314033,"[0.20,0.25)",0.6093749999999976,1.0,0.5455,1,1.0,0.6142119740515842,0.03734087571501732
7-scenes-redkitchen,11,50,0.2865331171838814,"[0.25,0.30)",0.6874999999999972,1.0,0.565,1,1.0,1.8228454284708069,0.041217073798179626
7-scenes-redkitchen,11,51,0.23205187586845763,"[0.20,0.25)",0.41015624999999833,1.0,0.3555,1,1.0,2.770504055112667,0.0478692501783371
7-scenes-redkitchen,11,52,0.2893121815655396,"[0.25,0.30)",0.7343749999999971,1.0,0.6505,1,1.0,2.070370295035573,0.041254010051488876
7-scenes-redkitchen,11,53,0.24878415933302456,"[0.20,0.25)",0.5781249999999977,1.0,0.425,1,1.0,1.6660090089679849,0.06765764206647873
7-scenes-redkitchen,11,54,0.22852014821676703,"[0.20,0.25)",0.4257812499999983,1.0,0.275,1,1.0,3.0861646205178106,0.0792153924703598
7-scenes-redkitchen,11,58,0.1770495599814729,"[0.15,0.20)",0.26171874999999895,1.0,0.2235,1,1.0,2.135517126399458,0.07445206493139267
7-scenes-redkitchen,11,59,0.30193376563223717,"[0.30,1.00]",0.2773437499999989,1.0,0.182,1,1.0,3.791268976424907,0.06846253573894501
7-scenes-redkitchen,12,16,0.18701425861330395,"[0.15,0.20)",0.41406249999999833,1.0,0.2345,1,1.0,3.1429856260901152,0.04742706939578056
7-scenes-redkitchen,12,18,0.2646104889541644,"[0.25,0.30)",0.742187499999997,1.0,0.5685,1,1.0,1.6020554220373564,0.06186000630259514
7-scenes-redkitchen,12,20,0.21130897741876262,"[0.20,0.25)",0.5703124999999977,1.0,0.3535,1,1.0,3.2171066587925585,0.18366628885269165
7-scenes-redkitchen,12,25,0.34985618995165535,"[0.30,1.00]",0.8046874999999968,1.0,0.603,1,1.0,2.198379334749317,0.022310545668005943
7-scenes-redkitchen,12,30,0.3045101278991494,"[0.30,1.00]",0.511718749999998,1.0,0.4145,1,1.0,3.161864380236502,0.09419479966163635
7-scenes-redkitchen,12,31,0.24778165350957715,"[0.20,0.25)",0.6953124999999972,1.0,0.4445,1,1.0,2.5314180570156624,0.027609875425696373
7-scenes-redkitchen,12,32,0.21185973930604002,"[0.20,0.25)",0.027343749999999892,0.0,0.019,1,0.0,,
7-scenes-redkitchen,12,36,0.24612936784774495,"[0.20,0.25)",0.48828124999999806,1.0,0.3305,1,1.0,2.0959249437597878,0.03386247530579567
7-scenes-redkitchen,12,38,0.3491218407686188,"[0.30,1.00]",0.6132812499999976,1.0,0.52,1,1.0,4.087153138775732,0.06308941543102264
7-scenes-redkitchen,12,39,0.3794749403341289,"[0.30,1.00]",0.7968749999999968,1.0,0.642,1,1.0,3.0932609829212225,0.034885551780462265
7-scenes-redkitchen,12,46,0.3202374395691818,"[0.30,1.00]",0.35546874999999856,1.0,0.3295,1,1.0,2.9948672610651683,0.08514655381441116
7-scenes-redkitchen,12,47,0.22691389755828897,"[0.20,0.25)",0.2773437499999989,1.0,0.215,1,1.0,2.993952010696405,0.011648749932646751
7-scenes-redkitchen,12,48,0.17544825898047856,"[0.15,0.20)",0.23437499999999906,1.0,0.2085,1,1.0,1.6874842351324932,0.021968398243188858
7-scenes-redkitchen,12,50,0.1670032433755584,"[0.15,0.20)",0.07031249999999972,1.0,0.096,1,0.0,,
7-scenes-redkitchen,12,51,0.1951532953919589,"[0.15,0.20)",0.4414062499999982,1.0,0.369,1,1.0,3.756401075731101,0.06946225464344025
7-scenes-redkitchen,12,52,0.170552597760235,"[0.15,0.20)",0.1249999999999995,1.0,0.1505,1,1.0,4.752090194803217,0.06405387073755264
7-scenes-redkitchen,12,59,0.20806560186035125,"[0.20,0.25)",0.10937499999999957,1.0,0.0505,1,0.0,,
7-scenes-redkitchen,13,18,0.16107234667645978,"[0.15,0.20)",0.21484374999999914,1.0,0.153,1,0.0,,
7-scenes-redkitchen,13,19,0.3024605214836577,"[0.30,1.00]",0.5546874999999978,1.0,0.4305,1,1.0,1.5924989865300996,0.019575834274291992
7-scenes-redkitchen,13,25,0.28718325376423065,"[0.25,0.30)",0.35546874999999856,1.0,0.1725,1,0.0,,
7-scenes-redkitchen,13,30,0.3347043701799486,"[0.30,1.00]",0.3749999999999985,1.0,0.2775,1,1.0,4.494662258129179,0.12316587567329407
7-scenes-redkitchen,13,31,0.29026808666911497,"[0.25,0.30)",0.6835937499999972,1.0,0.396,1,1.0,1.4951477242869853,0.03147413581609726
7-scenes-redkitchen,13,32,0.22791039294895335,"[0.20,0.25)",0.3789062499999985,1.0,0.2015,1,1.0,1.686324129062163,0.15633651614189148
7-scenes-redkitchen,13,36,0.15600440690414982,"[0.15,0.20)",0.21093749999999917,1.0,0.0735,1,0.0,,
7-scenes-redkitchen,13,37,0.36202717590892397,"[0.30,1.00]",0.6562499999999973,1.0,0.516,1,1.0,2.1141479293490413,0.03435436636209488
7-scenes-redkitchen,13,38,0.331839882482556,"[0.30,1.00]",0.28906249999999883,1.0,0.3435,1,1.0,4.630835324755992,0.07407906651496887
7-scenes-redkitchen,13,39,0.3390378259272861,"[0.30,1.00]",0.7109374999999971,1.0,0.5175,1,1.0,2.4629123016776178,0.017217447981238365
7-scenes-redkitchen,13,46,0.2921777451340433,"[0.25,0.30)",0.41015624999999833,1.0,0.351,1,1.0,2.836969882116687,0.07113464176654816
7-scenes-redkitchen,13,47,0.18053617333822988,"[0.15,0.20)",0.36718749999999856,1.0,0.3235,1,1.0,1.2533576772813564,0.03948061540722847
7-scenes-redkitchen,13,59,0.17150201983106866,"[0.15,0.20)",0.06249999999999975,0.0,0.0215,1,0.0,,
7-scenes-redkitchen,14,16,0.26784689779526266,"[0.25,0.30)",0.5195312499999979,1.0,0.3085,1,1.0,2.1089574222530962,0.10625272244215012
7-scenes-redkitchen,14,17,0.1689205802803049,"[0.15,0.20)",0.35937499999999856,1.0,0.245,1,1.0,3.433647732364525,0.16982032358646393
7-scenes-redkitchen,14,18,0.285140562248996,"[0.25,0.30)",0.5976562499999976,1.0,0.4315,1,1.0,2.4579801472166696,0.10510622709989548
7-scenes-redkitchen,14,20,0.21014670928612408,"[0.20,0.25)",0.39062499999999845,1.0,0.248,1,0.0,,
7-scenes-redkitchen,14,30,0.2445701172035079,"[0.20,0.25)",0.16796874999999933,1.0,0.083,1,0.0,,
7-scenes-redkitchen,14,31,0.18006720760593395,"[0.15,0.20)",0.38281249999999845,1.0,0.306,1,1.0,9.785004010939174,0.05746700242161751
7-scenes-redkitchen,14,32,0.1474469305794607,"[0.00,0.15)",0.12109374999999951,1.0,0.06,1,0.0,,
7-scenes-redkitchen,14,36,0.31694123432505533,"[0.30,1.00]",0.3749999999999985,1.0,0.2505,1,1.0,2.7792513344876437,0.08765546977519989
7-scenes-redkitchen,14,45,0.38513236619949187,"[0.30,1.00]",0.7187499999999971,1.0,0.634,1,1.0,3.129127281943668,0.06774821877479553
7-scenes-redkitchen,14,46,0.2829276288828785,"[0.25,0.30)",0.48046874999999806,1.0,0.38,1,1.0,4.95985719045109,0.09302400797605515
7-scenes-redkitchen,14,47,0.19981968691090896,"[0.15,0.20)",0.3476562499999986,1.0,0.2415,1,1.0,1.680045717727644,0.038416530936956406
7-scenes-redkitchen,14,52,0.16760921235964266,"[0.15,0.20)",0.253906249999999,1.0,0.2105,1,1.0,7.9076297272547516,0.030901622027158737
7-scenes-redkitchen,15,21,0.22522681229630934,"[0.20,0.25)",0.21874999999999914,1.0,0.0865,1,1.0,2.8975945261985423,0.12010099738836288
7-scenes-redkitchen,15,24,0.2604597903637805,"[0.25,0.30)",0.1249999999999995,1.0,0.089,1,0.0,,
7-scenes-redkitchen,15,28,0.44974896503126927,"[0.30,1.00]",0.14062499999999944,1.0,0.1175,1,0.0,,
7-scenes-redkitchen,15,29,0.22989518189024927,"[0.20,0.25)",0.26562499999999895,1.0,0.164,1,1.0,6.460045162528904,0.22112594544887543
7-scenes-redkitchen,15,35,0.37531929886373644,"[0.30,1.00]",0.5156249999999979,1.0,0.4245,1,1.0,2.827708799098369,0.04326469078660011
7-scenes-redkitchen,15,40,0.34008632079626533,"[0.30,1.00]",0.253906249999999,1.0,0.169,1,1.0,3.2036908658700347,0.09951382130384445
7-scenes-redkitchen,15,41,0.19977098564256143,"[0.15,0.20)",0.07031249999999972,0.0,0.043,1,0.0,,
7-scenes-redkitchen,15,42,0.19607152294547697,"[0.15,0.20)",0.41015624999999833,1.0,0.2615,1,1.0,1.0305960145440451,0.1179962083697319
7-scenes-redkitchen,15,43,0.16612349158812648,"[0.15,0.20)",0.3437499999999986,1.0,0.2625,1,1.0,2.917254646099262,0.05595289170742035
7-scenes-redkitchen,15,44,0.19615960539064564,"[0.15,0.20)",0.42187499999999833,1.0,0.3165,1,1.0,1.2114385954963134,0.0903836265206337
7-scenes-redkitchen,15,45,0.24804016559499692,"[0.20,0.25)",0.5273437499999979,1.0,0.4095,1,1.0,3.094020343049413,0.07597606629133224
7-scenes-redkitchen,15,46,0.29401920197304676,"[0.25,0.30)",0.511718749999998,1.0,0.4075,1,1.0,4.119036313524601,0.09768975526094437
7-scenes-redkitchen,15,47,0.3545318418039285,"[0.30,1.00]",0.5312499999999979,1.0,0.4745,1,1.0,2.8193894938071793,0.05786886066198349
7-scenes-redkitchen,15,48,0.3519774508940368,"[0.30,1.00]",0.5429687499999978,1.0,0.478,1,1.0,2.1009613298943357,0.044544924050569534
7-scenes-redkitchen,15,49,0.29313837752136,"[0.25,0.30)",0.4687499999999981,1.0,0.4665,1,1.0,2.9052858700688846,0.047776710242033005
7-scenes-redkitchen,15,50,0.35003963710032593,"[0.30,1.00]",0.5390624999999979,1.0,0.5075,1,1.0,3.4814406678364302,0.05057033523917198
7-scenes-redkitchen,15,51,0.256231832995684,"[0.25,0.30)",0.3710937499999985,1.0,0.226,1,1.0,4.18918680679716,0.05426936224102974
7-scenes-redkitchen,15,52,0.3794591737866643,"[0.30,1.00]",0.5820312499999977,1.0,0.5655,1,1.0,2.7966638805830155,0.03490845486521721
7-scenes-redkitchen,15,53,0.34493085528054257,"[0.30,1.00]",0.6328124999999974,1.0,0.5235,1,1.0,2.693553995739411,0.04864205792546272
7-scenes-redkitchen,15,54,0.34466660794503656,"[0.30,1.00]",0.4492187499999982,1.0,0.366,1,1.0,2.6030868357537007,0.04660658538341522
7-scenes-redkitchen,15,55,0.20937197216594733,"[0.20,0.25)",0.14843749999999942,1.0,0.0755,1,0.0,,
7-scenes-redkitchen,15,56,0.14357438562494496,"[0.00,0.15)",0.031249999999999875,0.0,0.014,1,0.0,,
7-scenes-redkitchen,15,57,0.16876596494318682,"[0.15,0.20)",0.08203124999999967,1.0,0.083,1,0.0,,
7-scenes-redkitchen,15,58,0.29260988285034795,"[0.25,0.30)",0.5546874999999978,1.0,0.447,1,1.0,2.505303265090598,0.05635805055499077
7-scenes-redkitchen,16,27,0.28240265620283733,"[0.25,0.30)",0.3749999999999985,1.0,0.2895,1,1.0,4.837237703799296,0.12657521665096283
7-scenes-redkitchen,16,34,0.1963779052218533,"[0.15,0.20)",0.5234374999999979,1.0,0.3985,1,1.0,3.9390020485160804,0.0546991303563118
7-scenes-redkitchen,16,48,0.27950498038031996,"[0.25,0.30)",0.5234374999999979,1.0,0.2725,1,1.0,1.2564763878666474,0.09669055044651031
7-scenes-redkitchen,16,49,0.37893148204044674,"[0.30,1.00]",0.6523437499999974,1.0,0.363,1,1.0,1.1649967344270558,0.08615971356630325
7-scenes-redkitchen,16,50,0.27238152731663146,"[0.25,0.30)",0.496093749999998,1.0,0.3125,1,1.0,2.6047405899958247,0.08493664860725403
7-scenes-redkitchen,16,52,0.3366133413824328,"[0.30,1.00]",0.6601562499999973,1.0,0.3685,1,1.0,3.001005291126351,0.09268709272146225
7-scenes-redkitchen,16,57,0.3302143072743737,"[0.30,1.00]",0.7343749999999971,1.0,0.6425,1,1.0,3.0384753775199527,0.04680433124303818
7-scenes-redkitchen,17,26,0.3863914640545741,"[0.30,1.00]",0.8203124999999967,1.0,0.6285,1,1.0,2.083374677485312,0.057935941964387894
7-scenes-redkitchen,17,48,0.2323333916389715,"[0.20,0.25)",0.5742187499999977,1.0,0.2645,1,1.0,0.9499752886535344,0.10987259447574615
7-scenes-redkitchen,17,49,0.30741647717334264,"[0.30,1.00]",0.6367187499999974,1.0,0.3385,1,1.0,1.3553746266524573,0.10445735603570938
7-scenes-redkitchen,17,50,0.22070141682700717,"[0.20,0.25)",0.5429687499999978,1.0,0.2975,1,1.0,2.3451847959897782,0.11006639897823334
7-scenes-redkitchen,17,52,0.26123841175441664,"[0.25,0.30)",0.6484374999999974,1.0,0.315,1,1.0,3.4598909513722034,0.11054365336894989
7-scenes-redkitchen,17,56,0.45657687598390767,"[0.30,1.00]",0.8593749999999966,1.0,0.614,1,1.0,0.8166127442937664,0.03194991499185562
7-scenes-redkitchen,17,57,0.3322109497988455,"[0.30,1.00]",0.7031249999999972,1.0,0.597,1,1.0,3.1628548805503764,0.04310733824968338
7-scenes-redkitchen,18,22,0.4363292869201704,"[0.30,1.00]",0.8710937499999966,1.0,0.6285,1,1.0,2.5085824718745315,0.11608324944972992
7-scenes-redkitchen,18,27,0.22260631883591928,"[0.20,0.25)",0.4023437499999984,1.0,0.376,1,1.0,3.724783359278086,0.1332235336303711
7-scenes-redkitchen,18,46,0.1430581236433797,"[0.00,0.15)",0.4414062499999982,1.0,0.368,1,1.0,1.4374939780652545,0.12070152163505554
7-scenes-redkitchen,18,47,0.21910925315539834,"[0.20,0.25)",0.5859374999999977,1.0,0.4275,1,1.0,0.6731850458725577,0.06601423025131226
7-scenes-redkitchen,18,48,0.31549963823458477,"[0.30,1.00]",0.761718749999997,1.0,0.5795,1,1.0,0.0,0.0599367693066597
7-scenes-redkitchen,18,49,0.3905860599726666,"[0.30,1.00]",0.8789062499999964,1.0,0.6105,1,1.0,0.26834097331534673,0.05224088951945305
7-scenes-redkitchen,18,50,0.2872417396896857,"[0.25,0.30)",0.6132812499999976,1.0,0.5185,1,1.0,2.076788423849502,0.05875355377793312
7-scenes-redkitchen,18,52,0.3259908352761476,"[0.30,1.00]",0.7929687499999968,1.0,0.625,1,1.0,2.263302287898501,0.06155889108777046
7-scenes-redkitchen,18,56,0.3592330573197202,"[0.30,1.00]",0.7343749999999971,1.0,0.611,1,1.0,2.071126400857844,0.0865233838558197
7-scenes-redkitchen,18,57,0.25363775223088675,"[0.25,0.30)",0.7812499999999969,1.0,0.661,1,1.0,1.9045425922532926,0.017780302092432976
7-scenes-redkitchen,18,58,0.40770962296004504,"[0.30,1.00]",0.8710937499999966,1.0,0.7655,1,1.0,2.4787556299450246,0.06950725615024567
7-scenes-redkitchen,19,22,0.2608872816176845,"[0.25,0.30)",0.48437499999999806,1.0,0.301,1,0.0,,
7-scenes-redkitchen,19,23,0.24367136963276118,"[0.20,0.25)",0.39062499999999845,1.0,0.2115,1,0.0,,
7-scenes-redkitchen,19,27,0.3418224418071614,"[0.30,1.00]",0.38671874999999845,1.0,0.402,1,1.0,2.889611766819739,0.12597914040088654
7-scenes-redkitchen,19,34,0.18535119441756226,"[0.15,0.20)",0.5976562499999976,1.0,0.5225,1,1.0,1.4585762354821064,0.051634781062603
7-scenes-redkitchen,19,45,0.15703152854887178,"[0.15,0.20)",0.42187499999999833,1.0,0.379,1,1.0,3.011424257325569,0.06953830271959305
7-scenes-redkitchen,19,46,0.2189171293230785,"[0.20,0.25)",0.6093749999999976,1.0,0.5155,1,1.0,1.732122598858995,0.03561058267951012
7-scenes-redkitchen,19,47,0.2991901390515968,"[0.25,0.30)",0.6367187499999974,1.0,0.5445,1,1.0,1.106414356231481,0.038375403732061386
7-scenes-redkitchen,19,48,0.4104823511434829,"[0.30,1.00]",0.7031249999999972,1.0,0.6215,1,1.0,0.8006416238046401,0.02629675716161728
7-scenes-redkitchen,19,50,0.3555747975347629,"[0.30,1.00]",0.749999999999997,1.0,0.6525,1,1.0,2.7372384965803,0.049874197691679
7-scenes-redkitchen,19,51,0.1919217643763052,"[0.15,0.20)",0.48828124999999806,1.0,0.371,1,1.0,2.5546626349835426,0.0437798909842968
7-scenes-redkitchen,19,52,0.40656038302857433,"[0.30,1.00]",0.8359374999999967,1.0,0.7085,1,1.0,2.975851079907905,0.04386092349886894
7-scenes-redkitchen,19,55,0.4111954362552845,"[0.30,1.00]",0.757812499999997,1.0,0.642,1,1.0,2.8106277425095634,0.07336046546697617
7-scenes-redkitchen,19,56,0.2562012937401314,"[0.25,0.30)",0.5664062499999978,1.0,0.4875,1,1.0,1.7173720276856004,0.07446816563606262
7-scenes-redkitchen,19,57,0.17404370193042326,"[0.15,0.20)",0.7343749999999971,1.0,0.6465,1,1.0,1.0141356082722004,0.029572200030088425
7-scenes-redkitchen,19,58,0.36601640095757143,"[0.30,1.00]",0.7773437499999969,1.0,0.696,1,1.0,3.7099293046482296,0.09451957792043686
7-scenes-redkitchen,1,18,0.206529713866471,"[0.20,0.25)",0.5781249999999977,1.0,0.462,1,1.0,2.499828367516128,0.021234890446066856
7-scenes-redkitchen,1,19,0.3546273975474269,"[0.30,1.00]",0.8398437499999967,1.0,0.723,1,1.0,1.9249844828487506,0.026447610929608345
7-scenes-redkitchen,1,20,0.1946860916046536,"[0.15,0.20)",0.5351562499999979,1.0,0.3865,1,1.0,3.933629245714958,0.12455417215824127
7-scenes-redkitchen,1,25,0.2521224190336443,"[0.25,0.30)",0.6249999999999976,1.0,0.384,1,1.0,4.413306945723226,0.1522199958562851
7-scenes-redkitchen,1,30,0.31076407085211194,"[0.30,1.00]",0.0039062499999999844,0.0,0.0035,1,0.0,,
7-scenes-redkitchen,1,33,0.26323236558012786,"[0.25,0.30)",0.042968749999999827,0.0,0.034,1,0.0,,
7-scenes-redkitchen,1,36,0.18734933445131538,"[0.15,0.20)",0.21484374999999914,1.0,0.122,1,0.0,,
7-scenes-redkitchen,1,37,0.3629598574572896,"[0.30,1.00]",0.738281249999997,1.0,0.642,1,1.0,3.480878237568349,0.019285300746560097
7-scenes-redkitchen,1,38,0.37810502043810923,"[0.30,1.00]",0.6406249999999974,1.0,0.724,1,1.0,2.545451777103024,0.022569827735424042
7-scenes-redkitchen,1,39,0.410229535688083,"[0.30,1.00]",0.8124999999999968,1.0,0.7805,1,1.0,3.180384980373083,0.02913806401193142
7-scenes-redkitchen,1,41,0.3592390734723824,"[0.30,1.00]",0.9296874999999963,1.0,0.7485,1,1.0,2.6141919515138707,0.09093684703111649
7-scenes-redkitchen,1,42,0.280997798972854,"[0.25,0.30)",0.8046874999999968,1.0,0.617,1,1.0,1.7230602636225716,0.044204480946063995
7-scenes-redkitchen,1,43,0.21266114663033225,"[0.20,0.25)",0.6679687499999973,1.0,0.5805,1,1.0,0.9775878156317043,0.023755531758069992
7-scenes-redkitchen,1,44,0.1961010376270831,"[0.15,0.20)",0.6132812499999976,1.0,0.5615,1,1.0,2.0335543339115487,0.03752541542053223
7-scenes-redkitchen,1,45,0.21292317367152291,"[0.20,0.25)",0.5976562499999976,1.0,0.492,1,1.0,4.312206618312961,0.09657257050275803
7-scenes-redkitchen,1,46,0.1979876323236558,"[0.15,0.20)",0.5546874999999978,1.0,0.4065,1,1.0,3.8532576487368386,0.07171880453824997
7-scenes-redkitchen,1,59,0.16450057645949062,"[0.15,0.20)",0.0,0.0,0.0,1,0.0,,
7-scenes-redkitchen,1,6,0.3025364217587255,"[0.30,1.00]",0.6132812499999976,1.0,0.52,1,1.0,1.4432002601245093,0.013213780708611012
7-scenes-redkitchen,1,7,0.2434755266743528,"[0.20,0.25)",0.6249999999999976,1.0,0.4505,1,1.0,2.8939441294260675,0.1334783285856247
7-scenes-redkitchen,1,9,0.1870349020018866,"[0.15,0.20)",0.6132812499999976,1.0,0.539,1,1.0,3.5413263906456827,0.14168018102645874
7-scenes-redkitchen,20,22,0.3508339376359681,"[0.30,1.00]",0.7343749999999971,1.0,0.684,1,1.0,1.3836666067927674,0.025077026337385178
7-scenes-redkitchen,20,23,0.2729030698573846,"[0.25,0.30)",0.5234374999999979,1.0,0.485,1,1.0,1.9192826918576116,0.03015993721783161
7-scenes-redkitchen,20,24,0.4671017645636935,"[0.30,1.00]",0.6953124999999972,1.0,0.612,1,1.0,1.664128504753313,0.026777295395731926
7-scenes-redkitchen,20,27,0.2412859560067682,"[0.20,0.25)",0.29687499999999883,1.0,0.237,1,1.0,3.5765363113093334,0.10095160454511642
7-scenes-redkitchen,20,34,0.27575537829344937,"[0.25,0.30)",0.5937499999999977,1.0,0.474,1,1.0,2.7624377829209883,0.06447165459394455
7-scenes-redkitchen,20,38,0.34498428813149623,"[0.30,1.00]",0.8867187499999964,1.0,0.804,1,1.0,1.7769615580222,0.0442512184381485
7-scenes-redkitchen,20,47,0.23693497703649988,"[0.20,0.25)",0.39453124999999845,1.0,0.2625,1,1.0,2.3750398611556367,0.10348237305879593
7-scenes-redkitchen,20,48,0.29654338892917576,"[0.25,0.30)",0.5351562499999979,1.0,0.335,1,1.0,1.1484177665714888,0.1044456958770752
7-scenes-redkitchen,20,49,0.3279671259366691,"[0.30,1.00]",0.6718749999999973,1.0,0.405,1,1.0,1.3833837214098026,0.09898767620325089
7-scenes-redkitchen,20,50,0.28518249939569734,"[0.25,0.30)",0.6406249999999974,1.0,0.4045,1,1.0,2.4795451406489293,0.1022617444396019
7-scenes-redkitchen,20,52,0.33459028281363307,"[0.30,1.00]",0.6132812499999976,1.0,0.406,1,1.0,2.6323981720714715,0.10380633175373077
7-scenes-redkitchen,20,53,0.441527677060672,"[0.30,1.00]",0.6640624999999973,1.0,0.548,1,1.0,1.3924075534943587,0.04694707691669464
7-scenes-redkitchen,20,55,0.41252115059221656,"[0.30,1.00]",0.757812499999997,1.0,0.6705,1,1.0,0.9299906592627135,0.04458131268620491
7-scenes-redkitchen,20,56,0.3104665216340343,"[0.30,1.00]",0.6367187499999974,1.0,0.567,1,1.0,2.4559088783533993,0.07423846423625946
7-scenes-redkitchen,20,57,0.3049552816050278,"[0.30,1.00]",0.8007812499999968,1.0,0.691,1,1.0,2.471955435264349,0.034994833171367645
7-scenes-redkitchen,20,58,0.3412617839013778,"[0.30,1.00]",0.8632812499999966,1.0,0.7895,1,1.0,1.869278600111785,0.04831082001328468
7-scenes-redkitchen,20,59,0.31834662799129804,"[0.30,1.00]",0.8164062499999968,1.0,0.7445,1,1.0,1.9006337874290495,0.03817274421453476
7-scenes-redkitchen,21,25,0.43000355211745667,"[0.30,1.00]",0.5624999999999978,1.0,0.2445,1,1.0,4.311934096772415,0.08789849281311035
7-scenes-redkitchen,21,26,0.27899909223665,"[0.25,0.30)",0.3124999999999988,1.0,0.211,1,1.0,2.480176568371938,0.09403067827224731
7-scenes-redkitchen,21,34,0.17365907566010183,"[0.15,0.20)",0.41015624999999833,1.0,0.2935,1,1.0,3.592486344907593,0.03041648119688034
7-scenes-redkitchen,21,36,0.41575561431898017,"[0.30,1.00]",0.7109374999999971,1.0,0.528,1,1.0,2.1217254156473673,0.05003269761800766
7-scenes-redkitchen,21,37,0.3029956190551368,"[0.30,1.00]",0.7031249999999972,1.0,0.5425,1,1.0,1.6837690829670031,0.06678283214569092
7-scenes-redkitchen,21,38,0.2594624462248885,"[0.25,0.30)",0.7734374999999969,1.0,0.6785,1,1.0,1.2130528318139882,0.02171657234430313
7-scenes-redkitchen,21,49,0.2074041914985989,"[0.20,0.25)",0.16796874999999933,1.0,0.0875,1,0.0,,
7-scenes-redkitchen,21,52,0.1774085329754904,"[0.15,0.20)",0.12890624999999947,0.0,0.0395,1,0.0,,
7-scenes-redkitchen,21,53,0.29403638946994515,"[0.25,0.30)",0.3203124999999987,1.0,0.2265,1,1.0,6.890338454428157,0.2471015304327011
7-scenes-redkitchen,21,56,0.2960887240004736,"[0.25,0.30)",0.5820312499999977,1.0,0.467,1,1.0,1.2875520544454508,0.08432701230049133
7-scenes-redkitchen,21,57,0.2420570706871374,"[0.20,0.25)",0.7148437499999971,1.0,0.498,1,1.0,1.305662752451397,0.059846431016922
7-scenes-redkitchen,21,58,0.33176777045427636,"[0.30,1.00]",0.6562499999999973,1.0,0.6515,1,1.0,1.8403685269320378,0.06248138099908829
7-scenes-redkitchen,21,59,0.28937916880451514,"[0.25,0.30)",0.746093749999997,1.0,0.6565,1,1.0,1.5579622948905443,0.0552668571472168
7-scenes-redkitchen,22,25,0.2356687898089172,"[0.20,0.25)",0.4296874999999983,1.0,0.2925,1,1.0,1.1690210541189887,0.02705734595656395
7-scenes-redkitchen,22,37,0.24399804017638413,"[0.20,0.25)",0.4257812499999983,1.0,0.1275,1,1.0,2.8060273440162815,0.26069316267967224
7-scenes-redkitchen,22,38,0.13424791768740812,"[0.00,0.15)",0.16796874999999933,1.0,0.1105,1,0.0,,
7-scenes-redkitchen,22,39,0.1962681691981055,"[0.15,0.20)",0.35546874999999856,1.0,0.253,1,1.0,2.0948041031965587,0.0658368244767189
7-scenes-redkitchen,22,53,0.21064020904785236,"[0.20,0.25)",0.3710937499999985,1.0,0.184,1,0.0,,
7-scenes-redkitchen,22,56,0.4142168871468235,"[0.30,1.00]",0.38281249999999845,1.0,0.092,1,1.0,6.438458183921706,0.30154991149902344
7-scenes-redkitchen,22,57,0.2305650824759105,"[0.20,0.25)",0.12109374999999951,1.0,0.1175,1,0.0,,
7-scenes-redkitchen,22,58,0.3297811530295607,"[0.30,1.00]",0.5742187499999977,1.0,0.3405,1,1.0,2.6830690151532512,0.09667032957077026
7-scenes-redkitchen,22,59,0.31773640372366485,"[0.30,1.00]",0.7226562499999971,1.0,0.4565,1,1.0,3.348780283841571,0.11795676499605179
7-scenes-redkitchen,23,25,0.25267050123253904,"[0.25,0.30)",0.7148437499999971,1.0,0.476,1,1.0,1.3596991238826872,0.03230958804488182
7-scenes-redkitchen,23,37,0.2854149548069022,"[0.25,0.30)",0.5976562499999976,1.0,0.237,1,1.0,2.401755289109664,0.17906223237514496
7-scenes-redkitchen,23,38,0.15562859490550535,"[0.15,0.20)",0.11328124999999954,0.0,0.0055,1,0.0,,
7-scenes-redkitchen,23,39,0.18557929334428924,"[0.15,0.20)",0.3203124999999987,1.0,0.1875,1,1.0,4.058881414997786,0.07435742020606995
7-scenes-redkitchen,23,53,0.21984387838948233,"[0.20,0.25)",0.3164062499999987,1.0,0.158,1,0.0,,
7-scenes-redkitchen,23,56,0.46380443714050945,"[0.30,1.00]",0.5195312499999979,1.0,0.1785,1,1.0,3.7661882616639666,0.14041472971439362
7-scenes-redkitchen,23,57,0.25521774856203777,"[0.25,0.30)",0.019531249999999924,0.0,0.012,1,0.0,,
7-scenes-redkitchen,23,58,0.35049301561216106,"[0.30,1.00]",0.5273437499999979,1.0,0.22,1,1.0,3.83164996761502,0.10363062471151352
7-scenes-redkitchen,23,59,0.35246507806080524,"[0.30,1.00]",0.8203124999999967,1.0,0.5295,1,1.0,3.151445350468973,0.13292071223258972
7-scenes-redkitchen,24,38,0.3363595302619693,"[0.30,1.00]",0.6796874999999973,1.0,0.476,1,1.0,2.260187007837842,0.11177168041467667
7-scenes-redkitchen,24,39,0.4394308943089431,"[0.30,1.00]",0.8085937499999968,1.0,0.596,1,1.0,2.7044326568203916,0.1373869925737381
7-scenes-redkitchen,24,48,0.1525293586269196,"[0.15,0.20)",0.023437499999999906,0.0,0.009,1,0.0,,
7-scenes-redkitchen,24,49,0.22249322493224932,"[0.20,0.25)",0.21874999999999914,1.0,0.098,1,0.0,,
7-scenes-redkitchen,24,52,0.18748870822041555,"[0.15,0.20)",0.14062499999999944,1.0,0.065,1,0.0,,
7-scenes-redkitchen,24,56,0.49372177055103883,"[0.30,1.00]",0.48046874999999806,1.0,0.1795,1,1.0,2.7270649236439617,0.027855204418301582
7-scenes-redkitchen,24,57,0.3503613369467028,"[0.30,1.00]",0.5937499999999977,1.0,0.373,1,1.0,3.1924271353489027,0.04597816616296768
7-scenes-redkitchen,25,27,0.3856102744991634,"[0.30,1.00]",0.8789062499999964,1.0,0.5635,1,1.0,4.405933659676855,0.14117561280727386
7-scenes-redkitchen,25,34,0.164111608556053,"[0.15,0.20)",0.015624999999999938,0.0,0.007,1,0.0,,
7-scenes-redkitchen,25,46,0.1688599466377244,"[0.15,0.20)",0.5742187499999977,1.0,0.48,1,1.0,3.3319002545375116,0.026699796319007874
7-scenes-redkitchen,25,47,0.21322299100076877,"[0.20,0.25)",0.3164062499999987,1.0,0.266,1,1.0,4.504761184106656,0.032973695546388626
7-scenes-redkitchen,25,48,0.2688011576900466,"[0.25,0.30)",0.4726562499999981,1.0,0.4075,1,1.0,0.98754541517878,0.0064853280782699585
7-scenes-redkitchen,25,49,0.3186360964138742,"[0.30,1.00]",0.6054687499999976,1.0,0.479,1,1.0,0.613574487790552,0.02246556244790554
7-scenes-redkitchen,25,50,0.26450504228282007,"[0.25,0.30)",0.6093749999999976,1.0,0.4865,1,1.0,1.8467378882069059,0.03333817049860954
7-scenes-redkitchen,25,52,0.3069235291457514,"[0.30,1.00]",0.757812499999997,1.0,0.639,1,1.0,1.9385600046238995,0.027386678382754326
7-scenes-redkitchen,25,56,0.3541355763577986,"[0.30,1.00]",0.4296874999999983,1.0,0.1705,1,1.0,2.376852185631092,0.03982192277908325
7-scenes-redkitchen,25,57,0.33161488717044274,"[0.30,1.00]",0.5937499999999977,1.0,0.3955,1,1.0,2.9504826198360377,0.035442668944597244
7-scenes-redkitchen,26,28,0.3805567638103523,"[0.30,1.00]",0.6718749999999973,1.0,0.412,1,1.0,1.266713664312352,0.10269178450107574
7-scenes-redkitchen,26,29,0.22592431491953022,"[0.20,0.25)",0.507812499999998,1.0,0.303,1,1.0,6.23385226477989,0.2304868847131729
7-scenes-redkitchen,26,30,0.10413223140495868,"[0.00,0.15)",0.1523437499999994,0.0,0.048,1,0.0,,
7-scenes-redkitchen,26,34,0.1953892996955198,"[0.15,0.20)",0.49218749999999806,1.0,0.3775,1,1.0,1.7180556100784468,0.07233089953660965
7-scenes-redkitchen,26,35,0.33227490213136146,"[0.30,1.00]",0.8164062499999968,1.0,0.645,1,1.0,2.5726811855620326,0.03437977656722069
7-scenes-redkitchen,26,40,0.31304915180513265,"[0.30,1.00]",0.3046874999999988,1.0,0.1865,1,1.0,5.26224121745115,0.18088722229003906
7-scenes-redkitchen,26,41,0.2453675511091779,"[0.20,0.25)",0.496093749999998,1.0,0.307,1,1.0,2.017321056100671,0.06636998802423477
7-scenes-redkitchen,26,42,0.22709873858199217,"[0.20,0.25)",0.4062499999999984,1.0,0.241,1,1.0,4.799344593184978,0.14292189478874207
7-scenes-redkitchen,26,43,0.1959112657677251,"[0.15,0.20)",0.4726562499999981,1.0,0.347,1,1.0,1.0737431561624193,0.04738214612007141
7-scenes-redkitchen,26,44,0.19865158764680296,"[0.15,0.20)",0.4765624999999981,1.0,0.3585,1,1.0,1.4727292034032018,0.08210231363773346
7-scenes-redkitchen,26,45,0.21152675076120053,"[0.20,0.25)",0.5703124999999977,1.0,0.425,1,1.0,1.978134503464429,0.07578601688146591
7-scenes-redkitchen,26,46,0.22105263157894736,"[0.20,0.25)",0.5664062499999978,1.0,0.4795,1,1.0,1.6193082841826247,0.06704133003950119
7-scenes-redkitchen,26,47,0.21396259243149196,"[0.20,0.25)",0.4257812499999983,1.0,0.352,1,1.0,4.280844635768375,0.07214918732643127
7-scenes-redkitchen,26,48,0.19334493257938234,"[0.15,0.20)",0.3789062499999985,1.0,0.3355,1,1.0,3.0017879668581475,0.07533908635377884
7-scenes-redkitchen,26,49,0.18882122662026968,"[0.15,0.20)",0.6249999999999976,1.0,0.5175,1,1.0,1.0777450410612088,0.043259698897600174
7-scenes-redkitchen,26,50,0.2113962592431492,"[0.20,0.25)",0.6054687499999976,1.0,0.4605,1,1.0,1.2265285570383346,0.05791829898953438
7-scenes-redkitchen,26,51,0.15632883862548935,"[0.15,0.20)",0.46093749999999817,1.0,0.3145,1,1.0,2.5131038703975292,0.03509717807173729
7-scenes-redkitchen,26,52,0.23784254023488474,"[0.20,0.25)",0.749999999999997,1.0,0.5965,1,1.0,1.6692947952971466,0.05403587594628334
7-scenes-redkitchen,26,53,0.23779904306220095,"[0.20,0.25)",0.7734374999999969,1.0,0.6145,1,1.0,1.7811416920090632,0.029211850836873055
7-scenes-redkitchen,26,54,0.3085689430187038,"[0.30,1.00]",0.8554687499999966,1.0,0.6325,1,1.0,3.3490141303298997,0.062431782484054565
7-scenes-redkitchen,26,55,0.26376685515441495,"[0.25,0.30)",0.7265624999999971,1.0,0.453,1,1.0,2.6867142672218005,0.07575169205665588
7-scenes-redkitchen,26,56,0.21561548499347544,"[0.20,0.25)",0.499999999999998,1.0,0.305,1,1.0,2.924626614417223,0.083160400390625
7-scenes-redkitchen,26,57,0.25393649412788166,"[0.25,0.30)",0.753906249999997,1.0,0.5555,1,1.0,0.33919698372953155,0.04724438861012459
7-scenes-redkitchen,26,58,0.29469334493257937,"[0.25,0.30)",0.8007812499999968,1.0,0.639,1,1.0,4.421376807000054,0.09811632335186005
7-scenes-redkitchen,26,59,0.38212266202696826,"[0.30,1.00]",0.7031249999999972,1.0,0.5255,1,1.0,3.860061375601518,0.07485384494066238
7-scenes-redkitchen,27,30,0.417834530838728,"[0.30,1.00]",0.8046874999999968,1.0,0.6735,1,1.0,2.7379535216462134,0.10674756020307541
7-scenes-redkitchen,27,31,0.31514547912072277,"[0.30,1.00]",0.4492187499999982,1.0,0.2825,1,1.0,2.4825429928667884,0.1209777221083641
7-scenes-redkitchen,27,32,0.22920964643949635,"[0.20,0.25)",0.35546874999999856,1.0,0.153,1,1.0,4.026036372485482,0.12170205265283585
7-scenes-redkitchen,27,36,0.22679092267197837,"[0.20,0.25)",0.6640624999999973,1.0,0.4165,1,1.0,6.0966074194241715,0.07566305249929428
7-scenes-redkitchen,27,37,0.3508216546916127,"[0.30,1.00]",0.7109374999999971,1.0,0.5085,1,1.0,3.606411979516852,0.07055871188640594
7-scenes-redkitchen,27,38,0.3291598491854592,"[0.30,1.00]",0.48046874999999806,1.0,0.4505,1,1.0,3.677593232797527,0.10760863870382309
7-scenes-redkitchen,27,39,0.2799317066230348,"[0.25,0.30)",0.2773437499999989,1.0,0.3045,1,1.0,3.2180801734206224,0.11143369972705841
7-scenes-redkitchen,27,41,0.4980081098385146,"[0.30,1.00]",0.8437499999999967,1.0,0.5985,1,1.0,2.2012264056720716,0.11254572868347168
7-scenes-redkitchen,27,42,0.3786014085508999,"[0.30,1.00]",0.6484374999999974,1.0,0.4725,1,1.0,2.4579801472166696,0.10708274692296982
7-scenes-redkitchen,27,43,0.31713736928220815,"[0.30,1.00]",0.7226562499999971,1.0,0.54,1,1.0,2.4979484991666947,0.09658890217542648
7-scenes-redkitchen,27,44,0.2486661449811482,"[0.20,0.25)",0.45703124999999817,1.0,0.4375,1,1.0,1.6423479962237204,0.054653484374284744
7-scenes-redkitchen,27,45,0.18417870100305897,"[0.15,0.20)",0.1562499999999994,1.0,0.1445,1,1.0,2.7450935366276936,0.07251680642366409
7-scenes-redkitchen,27,59,0.23820872163334994,"[0.20,0.25)",0.031249999999999875,0.0,0.033,1,0.0,,
7-scenes-redkitchen,28,32,0.3261114099867951,"[0.30,1.00]",0.6874999999999972,1.0,0.381,1,1.0,2.921412041194529,0.11962663382291794
7-scenes-redkitchen,28,37,0.21763583899838607,"[0.20,0.25)",0.4062499999999984,1.0,0.381,1,1.0,4.643254866877297,0.07153192907571793
7-scenes-redkitchen,28,38,0.22815082897246539,"[0.20,0.25)",0.3476562499999986,1.0,0.377,1,1.0,4.519694004077722,0.1078760027885437
7-scenes-redkitchen,28,43,0.35389054629040934,"[0.30,1.00]",0.8359374999999967,1.0,0.7295,1,1.0,1.2707238902441518,0.054242707788944244
7-scenes-redkitchen,28,44,0.26527118892747104,"[0.25,0.30)",0.6484374999999974,1.0,0.6075,1,1.0,1.253982039809391,0.03544940426945686
7-scenes-redkitchen,28,45,0.16809311879493324,"[0.15,0.20)",0.28906249999999883,1.0,0.332,1,1.0,4.552425780093109,0.11348157376050949
7-scenes-redkitchen,29,32,0.31026221216557964,"[0.30,1.00]",0.49218749999999806,1.0,0.259,1,1.0,3.354037890796979,0.14111584424972534
7-scenes-redkitchen,29,44,0.37228803407427125,"[0.30,1.00]",0.7695312499999969,1.0,0.6805,1,1.0,0.962661580458227,0.04540996253490448
7-scenes-redkitchen,29,45,0.22427791827499002,"[0.20,0.25)",0.5351562499999979,1.0,0.496,1,1.0,3.4699490734627254,0.08820874989032745
7-scenes-redkitchen,2,10,0.32700595115945,"[0.30,1.00]",0.7226562499999971,1.0,0.664,1,1.0,1.5311016190270312,0.06820915639400482
7-scenes-redkitchen,2,15,0.20870100554073467,"[0.20,0.25)",0.5351562499999979,1.0,0.404,1,1.0,1.342025961080704,0.020144034177064896
7-scenes-redkitchen,2,26,0.30556125589985633,"[0.30,1.00]",0.45703124999999817,1.0,0.305,1,1.0,1.891964626165099,0.08639799058437347
7-scenes-redkitchen,2,32,0.33777960188795403,"[0.30,1.00]",0.6445312499999974,1.0,0.3895,1,1.0,2.9397147004230915,0.07060319930315018
7-scenes-redkitchen,2,44,0.3150523291606813,"[0.30,1.00]",0.8164062499999968,1.0,0.743,1,1.0,3.0027008309350505,0.055997662246227264
7-scenes-redkitchen,2,45,0.226554483890827,"[0.20,0.25)",0.6874999999999972,1.0,0.665,1,1.0,2.0044741512492945,0.03879332169890404
7-scenes-redkitchen,2,5,0.2544633695875231,"[0.25,0.30)",0.5742187499999977,1.0,0.466,1,1.0,1.0286955450578352,0.08119775354862213
7-scenes-redkitchen,30,33,0.13768771485435136,"[0.00,0.15)",0.07031249999999972,0.0,0.0115,1,0.0,,
7-scenes-redkitchen,30,44,0.3146372353899041,"[0.30,1.00]",0.6093749999999976,1.0,0.5035,1,1.0,2.90663313193574,0.023328857496380806
7-scenes-redkitchen,31,40,0.44777354742592285,"[0.30,1.00]",0.26562499999999895,1.0,0.22,1,0.0,,
7-scenes-redkitchen,31,41,0.35664625062075817,"[0.30,1.00]",0.3749999999999985,1.0,0.281,1,1.0,3.8206978708639743,0.13087233901023865
7-scenes-redkitchen,31,42,0.2588147657672571,"[0.25,0.30)",0.503906249999998,1.0,0.3205,1,1.0,3.539888594313516,0.06898481398820877
7-scenes-redkitchen,31,43,0.18978645919549744,"[0.15,0.20)",0.39453124999999845,1.0,0.3425,1,1.0,1.7861887698647292,0.014914724044501781
7-scenes-redkitchen,32,34,0.2281820817628298,"[0.20,0.25)",0.5624999999999978,1.0,0.6705,1,1.0,6.929850903566039,0.14032913744449615
7-scenes-redkitchen,32,38,0.21759930414612932,"[0.20,0.25)",0.4335937499999983,1.0,0.475,1,1.0,6.361867147852684,0.0167924165725708
7-scenes-redkitchen,32,39,0.2083937373151638,"[0.20,0.25)",0.511718749999998,1.0,0.5275,1,1.0,7.090468663380214,0.059566378593444824
7-scenes-redkitchen,32,40,0.2179617280371122,"[0.20,0.25)",0.41015624999999833,1.0,0.2185,1,1.0,5.034271657400401,0.1993303894996643
7-scenes-redkitchen,33,37,0.16236630612121578,"[0.15,0.20)",0.031249999999999875,0.0,0.004,1,0.0,,
7-scenes-redkitchen,33,38,0.2510725723608677,"[0.25,0.30)",0.24218749999999903,1.0,0.1795,1,1.0,10.083404442343882,0.09207342565059662
7-scenes-redkitchen,33,39,0.25542328841621853,"[0.25,0.30)",0.24218749999999903,1.0,0.1775,1,1.0,14.280439667486839,0.13193699717521667
7-scenes-redkitchen,33,56,0.13505347755151367,"[0.00,0.15)",0.1249999999999995,0.0,0.0435,1,0.0,,
7-scenes-redkitchen,33,57,0.13813523475738715,"[0.00,0.15)",0.1249999999999995,0.0,0.033,1,0.0,,
7-scenes-redkitchen,33,58,0.12502265997945494,"[0.00,0.15)",0.06249999999999975,0.0,0.009,1,0.0,,
7-scenes-redkitchen,34,35,0.31906588138611147,"[0.30,1.00]",0.6874999999999972,1.0,0.641,0,,,
7-scenes-redkitchen,34,36,0.23551568278318039,"[0.20,0.25)",0.4062499999999984,1.0,0.341,1,1.0,3.1964719469134324,0.05041103810071945
7-scenes-redkitchen,34,37,0.2664703465278729,"[0.25,0.30)",0.5156249999999979,1.0,0.4605,1,1.0,2.7450935366276936,0.014083783142268658
7-scenes-redkitchen,34,38,0.33632379126147105,"[0.30,1.00]",0.8281249999999967,1.0,0.7485,1,1.0,2.3311216582462113,0.013775654137134552
7-scenes-redkitchen,34,39,0.3648130393096836,"[0.30,1.00]",0.8554687499999966,1.0,0.7265,1,1.0,2.251858535448726,0.039253391325473785
7-scenes-redkitchen,34,54,0.3042049034378852,"[0.30,1.00]",0.6171874999999976,1.0,0.614,1,1.0,4.52108060134616,0.08854757994413376
7-scenes-redkitchen,34,58,0.3880975208875497,"[0.30,1.00]",0.7773437499999969,1.0,0.597,1,1.0,3.763691821702884,0.07026802003383636
7-scenes-redkitchen,34,59,0.24421312149020682,"[0.20,0.25)",0.5624999999999978,1.0,0.5285,1,1.0,3.3720847522597097,0.05285170301795006
7-scenes-redkitchen,35,38,0.2841563040766228,"[0.25,0.30)",0.8007812499999968,1.0,0.7345,1,1.0,3.066948037762667,0.11347372084856033
7-scenes-redkitchen,35,39,0.36001448750452736,"[0.30,1.00]",0.8945312499999964,1.0,0.756,1,1.0,1.9403763488475299,0.07011184841394424
7-scenes-redkitchen,35,48,0.1949374220290555,"[0.15,0.20)",0.6562499999999973,1.0,0.478,1,1.0,0.0,0.07585221529006958
7-scenes-redkitchen,35,49,0.2564690732021409,"[0.25,0.30)",0.8046874999999968,1.0,0.6475,1,1.0,0.0,0.06573640555143356
7-scenes-redkitchen,35,50,0.18097307738742002,"[0.15,0.20)",0.6289062499999974,1.0,0.5055,1,1.0,1.9630386014788508,0.06789020448923111
7-scenes-redkitchen,35,52,0.21445531007283997,"[0.20,0.25)",0.7148437499999971,1.0,0.5795,1,1.0,2.58376538352014,0.07095929980278015
7-scenes-redkitchen,36,47,0.1673494869093605,"[0.15,0.20)",0.5273437499999979,1.0,0.315,1,1.0,1.1347043729841115,0.08752650022506714
7-scenes-redkitchen,36,48,0.23672402356705294,"[0.20,0.25)",0.6679687499999973,1.0,0.4225,1,1.0,0.7625885717320381,0.09652373939752579
7-scenes-redkitchen,36,49,0.28982792929884116,"[0.25,0.30)",0.761718749999997,1.0,0.5775,1,1.0,0.6000308510677379,0.08042241632938385
7-scenes-redkitchen,36,50,0.2251746068906317,"[0.20,0.25)",0.6367187499999974,1.0,0.4875,1,1.0,2.055951475019024,0.08398102968931198
7-scenes-redkitchen,36,52,0.265129345663116,"[0.25,0.30)",0.749999999999997,1.0,0.5615,1,1.0,2.4683104362481663,0.08616327494382858
7-scenes-redkitchen,37,47,0.16825450833616876,"[0.15,0.20)",0.5703124999999977,1.0,0.406,1,1.0,1.433404157360317,0.08080752938985825
7-scenes-redkitchen,37,48,0.2391119428376999,"[0.20,0.25)",0.6874999999999972,1.0,0.5125,1,1.0,0.5974163013787582,0.08164804428815842
7-scenes-redkitchen,37,49,0.28572643756379723,"[0.25,0.30)",0.7812499999999969,1.0,0.621,1,1.0,0.0,0.06771426647901535
7-scenes-redkitchen,37,50,0.23651752296699557,"[0.20,0.25)",0.6757812499999973,1.0,0.5525,1,1.0,2.6344793686121024,0.07869452983140945
7-scenes-redkitchen,37,52,0.27109561075195643,"[0.25,0.30)",0.7656249999999969,1.0,0.5905,1,1.0,2.11877157060559,0.0762324407696724
7-scenes-redkitchen,38,49,0.20008947545017336,"[0.20,0.25)",0.14453124999999942,1.0,0.0795,1,0.0,,
7-scenes-redkitchen,38,52,0.19572754725422212,"[0.15,0.20)",0.4492187499999982,1.0,0.334,1,1.0,0.8847019703970608,0.08452426642179489
7-scenes-redkitchen,38,53,0.34358572866569737,"[0.30,1.00]",0.6874999999999972,1.0,0.5145,1,1.0,2.609095466487611,0.03177967295050621
7-scenes-redkitchen,38,57,0.3588524773515267,"[0.30,1.00]",0.7968749999999968,1.0,0.7125,1,1.0,1.8932055073097018,0.022617192938923836
7-scenes-redkitchen,39,47,0.20484162895927602,"[0.20,0.25)",0.4765624999999981,1.0,0.3385,1,1.0,2.6114950504834953,0.06719496846199036
7-scenes-redkitchen,39,48,0.2932579185520362,"[0.25,0.30)",0.23046874999999908,1.0,0.2025,1,1.0,5.29135409359806,0.12006392329931259
7-scenes-redkitchen,39,49,0.32099547511312215,"[0.30,1.00]",0.5703124999999977,1.0,0.4405,1,1.0,3.549499690580234,0.06197184696793556
7-scenes-redkitchen,39,50,0.2690045248868778,"[0.25,0.30)",0.6406249999999974,1.0,0.502,1,1.0,3.377074232132598,0.06674744933843613
7-scenes-redkitchen,39,52,0.32063348416289594,"[0.30,1.00]",0.7812499999999969,1.0,0.5415,1,1.0,3.352286270305078,0.05510832741856575
7-scenes-redkitchen,39,53,0.4049321266968326,"[0.30,1.00]",0.6093749999999976,1.0,0.504,1,1.0,0.0,0.018125737085938454
7-scenes-redkitchen,39,55,0.4169683257918552,"[0.30,1.00]",0.8203124999999967,1.0,0.6945,1,1.0,1.8418566806553134,0.06481963396072388
7-scenes-redkitchen,39,56,0.27592760180995474,"[0.25,0.30)",0.761718749999997,1.0,0.6295,1,1.0,0.7412492464567171,0.07494546473026276
7-scenes-redkitchen,39,57,0.2383257918552036,"[0.20,0.25)",0.7929687499999968,1.0,0.69,1,1.0,1.2725705021552607,0.029068779200315475
7-scenes-redkitchen,3,15,0.3458679021657149,"[0.30,1.00]",0.8203124999999967,1.0,0.65,1,1.0,2.575266695621786,0.03624312952160835
7-scenes-redkitchen,3,19,0.21026829005495098,"[0.20,0.25)",0.5234374999999979,1.0,0.484,1,1.0,3.3548550010721274,0.06678074598312378
7-scenes-redkitchen,3,25,0.21597888158603598,"[0.20,0.25)",0.42187499999999833,1.0,0.3035,1,0.0,,
7-scenes-redkitchen,3,31,0.2905936860252128,"[0.25,0.30)",0.8593749999999966,1.0,0.6665,1,1.0,1.7747575341816928,0.0227644182741642
7-scenes-redkitchen,3,32,0.20444995151384548,"[0.20,0.25)",0.4492187499999982,1.0,0.3305,1,1.0,2.6231616104230584,0.05917903035879135
7-scenes-redkitchen,3,36,0.12665661027906475,"[0.00,0.15)",0.28906249999999883,1.0,0.222,1,1.0,8.384828557710383,0.040744904428720474
7-scenes-redkitchen,3,37,0.2375821570951406,"[0.20,0.25)",0.6640624999999973,1.0,0.502,1,1.0,4.247315383650598,0.03303366154432297
7-scenes-redkitchen,3,38,0.23494235534963906,"[0.20,0.25)",0.4257812499999983,1.0,0.401,1,1.0,6.5229365526701875,0.10415473580360413
7-scenes-redkitchen,3,39,0.20741299428940846,"[0.20,0.25)",0.4296874999999983,1.0,0.481,1,1.0,5.075434455645153,0.09128312021493912
7-scenes-redkitchen,3,46,0.2578385949789893,"[0.25,0.30)",0.7695312499999969,1.0,0.615,1,1.0,1.8040678338814458,0.03092035837471485
7-scenes-redkitchen,3,59,0.14491972847753476,"[0.00,0.15)",0.14453124999999942,1.0,0.1625,1,1.0,8.005330130281049,0.11260322481393814
7-scenes-redkitchen,3,6,0.21323133283051396,"[0.20,0.25)",0.42187499999999833,1.0,0.3605,1,1.0,2.233005960739164,0.04965605214238167
7-scenes-redkitchen,3,7,0.16603814244154724,"[0.15,0.20)",0.1992187499999992,1.0,0.192,1,1.0,3.495135955272633,0.057205766439437866
7-scenes-redkitchen,40,44,0.39066396875441156,"[0.30,1.00]",0.8359374999999967,1.0,0.701,1,1.0,2.469578871808314,0.05485299602150917
7-scenes-redkitchen,40,45,0.2634228977459884,"[0.25,0.30)",0.7265624999999971,1.0,0.579,1,1.0,3.427598256212454,0.04729584604501724
7-scenes-redkitchen,40,46,0.1814032280833843,"[0.15,0.20)",0.4726562499999981,1.0,0.395,1,1.0,4.088494543202134,0.05120377987623215
7-scenes-redkitchen,41,46,0.22576132071072144,"[0.20,0.25)",0.507812499999998,1.0,0.4155,1,1.0,4.18319852008646,0.04055316373705864
7-scenes-redkitchen,42,46,0.3059223176515831,"[0.30,1.00]",0.5976562499999976,1.0,0.4745,1,1.0,3.5347963173237296,0.044108808040618896
7-scenes-redkitchen,43,47,0.19290256732354558,"[0.15,0.20)",0.3046874999999988,1.0,0.2155,1,1.0,3.513350550039901,0.030278468504548073
7-scenes-redkitchen,44,47,0.2963142580019399,"[0.25,0.30)",0.45312499999999817,1.0,0.387,1,1.0,2.6484107918158073,0.05555378273129463
7-scenes-redkitchen,44,48,0.14655674102812802,"[0.00,0.15)",0.21484374999999914,1.0,0.198,1,1.0,5.878032569475436,0.06824438273906708
7-scenes-redkitchen,45,48,0.3224813022437307,"[0.30,1.00]",0.46093749999999817,1.0,0.4105,1,1.0,1.7881598368743101,0.03899046778678894
7-scenes-redkitchen,45,49,0.2111746590409151,"[0.20,0.25)",0.3085937499999988,1.0,0.2755,1,1.0,1.172364102935442,0.0558551587164402
7-scenes-redkitchen,45,50,0.23372195336559612,"[0.20,0.25)",0.3242187499999987,1.0,0.346,1,1.0,3.171878921830434,0.0377085916697979
7-scenes-redkitchen,45,51,0.23196216454025517,"[0.20,0.25)",0.41406249999999833,1.0,0.388,1,1.0,2.648706409530417,0.03681693971157074
7-scenes-redkitchen,45,52,0.2237131544214694,"[0.20,0.25)",0.35937499999999856,1.0,0.3285,1,1.0,2.6105954647782736,0.06659883260726929
7-scenes-redkitchen,46,53,0.31936047292758296,"[0.30,1.00]",0.4687499999999981,1.0,0.3575,1,1.0,2.642935904172657,0.06644485890865326
7-scenes-redkitchen,47,54,0.2711887917880427,"[0.25,0.30)",0.3515624999999986,1.0,0.1915,1,1.0,0.9954397866536098,0.11994235217571259
7-scenes-redkitchen,48,58,0.1508174386920981,"[0.15,0.20)",0.08984374999999964,1.0,0.07,1,0.0,,
7-scenes-redkitchen,48,59,0.2239782016348774,"[0.20,0.25)",0.0781249999999997,0.0,0.038,1,1.0,5.950747502116866,0.1773531585931778
7-scenes-redkitchen,49,55,0.2638625912902353,"[0.25,0.30)",0.28515624999999883,1.0,0.1555,1,1.0,4.882627103574272,0.19965192675590515
7-scenes-redkitchen,49,58,0.25074384636191505,"[0.25,0.30)",0.253906249999999,1.0,0.1645,1,0.0,,
7-scenes-redkitchen,49,59,0.2838788206654044,"[0.25,0.30)",0.12890624999999947,1.0,0.059,1,0.0,,
7-scenes-redkitchen,4,16,0.3382405379247109,"[0.30,1.00]",0.6328124999999974,1.0,0.3265,1,1.0,3.380087558031752,0.05999119579792023
7-scenes-redkitchen,4,17,0.3365595232030971,"[0.30,1.00]",0.49218749999999806,1.0,0.204,1,1.0,3.137000334135955,0.06657607853412628
7-scenes-redkitchen,4,20,0.3951403392593347,"[0.30,1.00]",0.8124999999999968,1.0,0.563,1,1.0,1.2589657947534403,0.05574417859315872
7-scenes-redkitchen,4,21,0.1611227140746778,"[0.15,0.20)",0.39062499999999845,1.0,0.174,1,0.0,,
7-scenes-redkitchen,4,24,0.17497835056797922,"[0.15,0.20)",0.41015624999999833,1.0,0.2185,1,0.0,,
7-scenes-redkitchen,4,28,0.43696194793948345,"[0.30,1.00]",0.3515624999999986,1.0,0.363,1,1.0,2.9970888493922283,0.1195950135588646
7-scenes-redkitchen,4,29,0.30716723549488056,"[0.30,1.00]",0.7304687499999971,1.0,0.5405,1,1.0,3.238335542043616,0.11760587990283966
7-scenes-redkitchen,4,35,0.25449544088431564,"[0.25,0.30)",0.4414062499999982,1.0,0.269,1,1.0,2.8816069121244126,0.08193626999855042
7-scenes-redkitchen,4,36,0.4016096989455453,"[0.30,1.00]",0.7031249999999972,1.0,0.4535,1,1.0,3.17237264879122,0.06394176185131073
7-scenes-redkitchen,4,40,0.4015078192654475,"[0.30,1.00]",0.6835937499999972,1.0,0.554,1,1.0,3.362665880012355,0.09198380261659622
7-scenes-redkitchen,4,41,0.3624369619479395,"[0.30,1.00]",0.8398437499999967,1.0,0.701,1,1.0,2.2855042659182065,0.07619709521532059
7-scenes-redkitchen,4,43,0.325709337272681,"[0.30,1.00]",0.9179687499999963,1.0,0.817,1,1.0,1.6137395217792145,0.04440314322710037
7-scenes-redkitchen,4,48,0.3449136569711171,"[0.30,1.00]",0.749999999999997,1.0,0.633,1,1.0,1.1371161537703147,0.03422589227557182
7-scenes-redkitchen,4,49,0.2917834038001121,"[0.25,0.30)",0.6679687499999973,1.0,0.5795,1,1.0,1.0248840350060322,0.031162068247795105
7-scenes-redkitchen,4,50,0.2996790790076919,"[0.25,0.30)",0.6679687499999973,1.0,0.546,1,1.0,1.1579205253148346,0.04523077979683876
7-scenes-redkitchen,4,51,0.21674901940807906,"[0.20,0.25)",0.3124999999999988,1.0,0.253,1,1.0,4.798854752582107,0.056950945407152176
7-scenes-redkitchen,4,52,0.29815088380622484,"[0.25,0.30)",0.6757812499999973,1.0,0.6225,1,1.0,1.1656684190651891,0.040557704865932465
7-scenes-redkitchen,4,53,0.2593347256889613,"[0.25,0.30)",0.5429687499999978,1.0,0.406,1,1.0,1.0149071276807686,0.05772222951054573
7-scenes-redkitchen,4,54,0.2155774030869543,"[0.20,0.25)",0.39453124999999845,1.0,0.198,1,1.0,3.522366985562914,0.08492480218410492
7-scenes-redkitchen,4,58,0.14584076206000712,"[0.00,0.15)",0.35937499999999856,1.0,0.281,1,1.0,6.089979771461964,0.12106472998857498
7-scenes-redkitchen,4,59,0.26901329529825274,"[0.25,0.30)",0.39453124999999845,1.0,0.1815,1,1.0,3.8627997934100105,0.07445075362920761
7-scenes-redkitchen,4,8,0.30049411644847435,"[0.30,1.00]",0.6523437499999974,1.0,0.409,1,1.0,2.3255735998867757,0.1386622041463852
7-scenes-redkitchen,50,59,0.2502807937102209,"[0.25,0.30)",0.08203124999999967,1.0,0.0835,1,0.0,,
7-scenes-redkitchen,51,54,0.20830730793254215,"[0.20,0.25)",0.03515624999999986,0.0,0.0185,1,0.0,,
7-scenes-redkitchen,51,59,0.16833229231730168,"[0.15,0.20)",0.0,0.0,0.0,1,0.0,,
7-scenes-redkitchen,52,55,0.19704275152684025,"[0.15,0.20)",0.18359374999999928,1.0,0.1305,1,1.0,4.008487321974249,0.16663870215415955
7-scenes-redkitchen,52,58,0.21552555448408872,"[0.20,0.25)",0.2773437499999989,1.0,0.227,1,1.0,1.3963371459215617,0.1331206113100052
7-scenes-redkitchen,52,59,0.2806171648987464,"[0.25,0.30)",0.14062499999999944,1.0,0.118,1,0.0,,
7-scenes-redkitchen,53,56,0.33473940757405324,"[0.30,1.00]",0.5156249999999979,1.0,0.3615,1,1.0,2.9445052995607166,0.12173958867788315
7-scenes-redkitchen,53,57,0.21034870641169853,"[0.20,0.25)",0.35937499999999856,1.0,0.271,1,1.0,1.9000158729054417,0.033443134278059006
7-scenes-redkitchen,5,13,0.3252986795221128,"[0.30,1.00]",0.8359374999999967,1.0,0.71,1,1.0,1.2233335132807057,0.03682573884725571
7-scenes-redkitchen,5,14,0.358205826870677,"[0.30,1.00]",0.8320312499999967,1.0,0.663,1,1.0,2.3677766994992933,0.04706801846623421
7-scenes-redkitchen,5,21,0.3163382938587298,"[0.30,1.00]",0.5546874999999978,1.0,0.361,1,1.0,2.9314458884410155,0.07701830565929413
7-scenes-redkitchen,5,24,0.3111507021588765,"[0.30,1.00]",0.6445312499999974,1.0,0.39,1,1.0,2.9390487223968242,0.13033679127693176
7-scenes-redkitchen,5,27,0.4661496541605533,"[0.30,1.00]",0.4257812499999983,1.0,0.4225,1,1.0,3.257383473909502,0.12846562266349792
7-scenes-redkitchen,5,28,0.24350241039614337,"[0.20,0.25)",0.21484374999999914,1.0,0.2405,1,1.0,4.933162430409037,0.1825098693370819
7-scenes-redkitchen,5,34,0.14535736742821212,"[0.00,0.15)",0.41406249999999833,1.0,0.328,1,1.0,2.8724896268710154,0.0517142228782177
7-scenes-redkitchen,5,35,0.39750576399077764,"[0.30,1.00]",0.5898437499999977,1.0,0.4185,1,1.0,1.8625660343441213,0.05650583654642105
7-scenes-redkitchen,5,40,0.29155313351498635,"[0.25,0.30)",0.5234374999999979,1.0,0.4055,1,1.0,2.7456639363273037,0.037268850952386856
7-scenes-redkitchen,5,41,0.25686438901697756,"[0.25,0.30)",0.499999999999998,1.0,0.4185,1,1.0,0.8991813646765169,0.03170337900519371
7-scenes-redkitchen,5,42,0.26802557115908615,"[0.25,0.30)",0.6210937499999976,1.0,0.4545,1,1.0,1.0486653156146328,0.09495189785957336
7-scenes-redkitchen,5,43,0.25382519387968977,"[0.25,0.30)",0.6406249999999974,1.0,0.5245,1,1.0,1.5579622948905443,0.08068860322237015
7-scenes-redkitchen,5,44,0.2838503458394467,"[0.25,0.30)",0.738281249999997,1.0,0.514,1,1.0,1.9666244148349232,0.09078619629144669
7-scenes-redkitchen,5,45,0.35537623139802976,"[0.30,1.00]",0.5585937499999978,1.0,0.389,1,1.0,1.5521735133033023,0.07185295224189758
7-scenes-redkitchen,5,50,0.3495598407042549,"[0.30,1.00]",0.5781249999999977,1.0,0.5005,1,1.0,1.7938418685234128,0.05424009636044502
7-scenes-redkitchen,5,51,0.2196080486271222,"[0.20,0.25)",0.32812499999999867,1.0,0.2495,1,1.0,3.475924931890085,0.04216978698968887
7-scenes-redkitchen,5,52,0.3939425696918885,"[0.30,1.00]",0.6796874999999973,1.0,0.5615,1,1.0,1.7212420727393498,0.036721643060445786
7-scenes-redkitchen,5,53,0.38833577866275415,"[0.30,1.00]",0.4492187499999982,1.0,0.4185,1,1.0,1.1773608805295273,0.045397982001304626
7-scenes-redkitchen,5,54,0.3687906099350241,"[0.30,1.00]",0.48437499999999806,1.0,0.3095,1,1.0,1.8509719568847587,0.06794965267181396
7-scenes-redkitchen,5,55,0.21756445189687695,"[0.20,0.25)",0.4023437499999984,1.0,0.311,1,1.0,3.5960817000625247,0.08531229197978973
7-scenes-redkitchen,5,57,0.14216097254244392,"[0.00,0.15)",0.26562499999999895,1.0,0.1895,1,1.0,2.959227535893685,0.039134688675403595
7-scenes-redkitchen,5,58,0.23962481660029344,"[0.20,0.25)",0.6718749999999973,1.0,0.486,1,1.0,4.412152905901623,0.09744226932525635
7-scenes-redkitchen,5,59,0.32063508698386084,"[0.30,1.00]",0.6874999999999972,1.0,0.4715,1,1.0,2.6344793686121024,0.0540301650762558
7-scenes-redkitchen,6,13,0.2356923462671598,"[0.20,0.25)",0.5156249999999979,1.0,0.351,1,1.0,2.115443567093291,0.10773897171020508
7-scenes-redkitchen,6,14,0.2889738607158528,"[0.25,0.30)",0.6835937499999972,1.0,0.4925,1,1.0,1.8073192643472984,0.06279828399419785
7-scenes-redkitchen,6,22,0.18811508807120916,"[0.15,0.20)",0.14843749999999942,1.0,0.1395,1,1.0,4.05540604964531,0.061593204736709595
7-scenes-redkitchen,6,27,0.39954867423055224,"[0.30,1.00]",0.3242187499999987,1.0,0.2985,1,1.0,3.838900027236681,0.11575091630220413
7-scenes-redkitchen,6,34,0.22083620635617127,"[0.20,0.25)",0.5859374999999977,1.0,0.4455,1,1.0,2.1946369518044047,0.05325010046362877
7-scenes-redkitchen,6,42,0.1377170438162101,"[0.00,0.15)",0.08984374999999964,0.0,0.0365,1,0.0,,
7-scenes-redkitchen,6,44,0.15370149815081802,"[0.15,0.20)",0.29687499999999883,1.0,0.2025,1,0.0,,
7-scenes-redkitchen,6,45,0.21776468375854072,"[0.20,0.25)",0.3749999999999985,1.0,0.305,1,1.0,5.393468455616813,0.09097214043140411
7-scenes-redkitchen,6,46,0.2824547107127186,"[0.25,0.30)",0.5742187499999977,1.0,0.465,1,1.0,2.5745065208443916,0.0470593236386776
7-scenes-redkitchen,6,47,0.36939760546605654,"[0.30,1.00]",0.3515624999999986,1.0,0.303,1,1.0,2.0905019830756184,0.05377886816859245
7-scenes-redkitchen,6,48,0.4277565348210368,"[0.30,1.00]",0.5664062499999978,1.0,0.4065,1,1.0,1.670232404460547,0.03813909739255905
7-scenes-redkitchen,6,50,0.3791763304707578,"[0.30,1.00]",0.7070312499999972,1.0,0.5165,1,1.0,3.695439532219385,0.03821403905749321
7-scenes-redkitchen,6,51,0.25807058233561087,"[0.25,0.30)",0.49218749999999806,1.0,0.3755,1,1.0,2.856087477874028,0.051580119878053665
7-scenes-redkitchen,6,52,0.4307653732840218,"[0.30,1.00]",0.7187499999999971,1.0,0.558,1,1.0,3.719733309874961,0.042182352393865585
7-scenes-redkitchen,6,55,0.38312543095342566,"[0.30,1.00]",0.7109374999999971,1.0,0.5285,1,1.0,2.7559109586227137,0.0768231600522995
7-scenes-redkitchen,6,56,0.23982949915376417,"[0.20,0.25)",0.36328124999999856,1.0,0.2885,1,1.0,3.127500219527737,0.11172299832105637
7-scenes-redkitchen,6,57,0.2212749952986899,"[0.20,0.25)",0.6210937499999976,1.0,0.52,1,1.0,0.9585875711351034,0.04650023952126503
7-scenes-redkitchen,6,58,0.38043001316366826,"[0.30,1.00]",0.7734374999999969,1.0,0.6675,1,1.0,3.7853764745381677,0.08932089805603027
7-scenes-redkitchen,7,12,0.2823593008589104,"[0.25,0.30)",0.7304687499999971,1.0,0.563,1,1.0,2.252206169704568,0.09156382083892822
7-scenes-redkitchen,7,13,0.16139107453901136,"[0.15,0.20)",0.10937499999999957,1.0,0.0985,1,1.0,2.7482292710528053,0.02270243689417839
7-scenes-redkitchen,7,14,0.23370773019400565,"[0.20,0.25)",0.503906249999998,1.0,0.3715,1,1.0,2.2012264056720716,0.1068929061293602
7-scenes-redkitchen,7,22,0.3000180191002463,"[0.30,1.00]",0.7265624999999971,1.0,0.589,1,1.0,1.6361401014497894,0.03914075344800949
7-scenes-redkitchen,7,23,0.24073517929004745,"[0.20,0.25)",0.6093749999999976,1.0,0.498,1,1.0,1.2911945128423672,0.06379851698875427
7-scenes-redkitchen,7,27,0.32122049372334677,"[0.30,1.00]",0.1757812499999993,1.0,0.2195,1,1.0,1.9510383124404727,0.06423922628164291
7-scenes-redkitchen,7,34,0.24091537029251006,"[0.20,0.25)",0.5546874999999978,1.0,0.436,1,1.0,1.6025439598914495,0.05126188322901726
7-scenes-redkitchen,7,46,0.20337557811279958,"[0.20,0.25)",0.39062499999999845,1.0,0.287,1,1.0,2.733374131568338,0.03658105432987213
7-scenes-redkitchen,7,47,0.28878611328007686,"[0.25,0.30)",0.14062499999999944,1.0,0.121,1,1.0,1.8348305352624668,0.04327836260199547
7-scenes-redkitchen,7,48,0.364886779986786,"[0.30,1.00]",0.13281249999999947,1.0,0.0815,1,1.0,1.1284789859266495,0.030265288427472115
7-scenes-redkitchen,7,49,0.3991831341221695,"[0.30,1.00]",0.16015624999999936,1.0,0.133,1,0.0,,
7-scenes-redkitchen,7,50,0.33239233587602857,"[0.30,1.00]",0.26953124999999895,1.0,0.22,1,1.0,7.240558021354903,0.09705410152673721
7-scenes-redkitchen,7,51,0.20463691513003784,"[0.20,0.25)",0.22656249999999908,1.0,0.16,1,1.0,5.406749954082338,0.07566622644662857
7-scenes-redkitchen,7,52,0.37996276052615774,"[0.30,1.00]",0.23828124999999906,1.0,0.1975,1,1.0,5.661920227383459,0.05899685248732567
7-scenes-redkitchen,7,56,0.2973151540633071,"[0.25,0.30)",0.41796874999999833,1.0,0.4155,1,1.0,2.937316473481514,0.10673438757658005
7-scenes-redkitchen,7,57,0.24385848999939935,"[0.20,0.25)",0.761718749999997,1.0,0.6265,1,1.0,0.8978747040976662,0.04212111234664917
7-scenes-redkitchen,8,10,0.3719853529188939,"[0.30,1.00]",0.8359374999999967,1.0,0.647,1,1.0,1.6180993135340562,0.10116253793239594
7-scenes-redkitchen,8,11,0.2928153541815733,"[0.25,0.30)",0.6718749999999973,1.0,0.492,1,1.0,2.3478539437436816,0.15896695852279663
7-scenes-redkitchen,8,15,0.2530830422155815,"[0.25,0.30)",0.5234374999999979,1.0,0.3465,1,1.0,3.3183580771964016,0.12487472593784332
7-scenes-redkitchen,8,26,0.3933246348752052,"[0.30,1.00]",0.8554687499999966,1.0,0.728,1,1.0,1.6692947952971466,0.041935745626688004
7-scenes-redkitchen,8,34,0.14066248579485668,"[0.00,0.15)",0.4492187499999982,1.0,0.3665,1,1.0,2.5877017214170213,0.053366996347904205
7-scenes-redkitchen,8,38,0.33684077612694135,"[0.30,1.00]",0.8046874999999968,1.0,0.6875,1,1.0,1.6918853856142955,0.044110409915447235
7-scenes-redkitchen,8,48,0.23481628014647082,"[0.20,0.25)",0.41796874999999833,1.0,0.3465,1,1.0,2.063932216829709,0.08443675935268402
7-scenes-redkitchen,8,49,0.30636811313607476,"[0.30,1.00]",0.6445312499999974,1.0,0.435,1,1.0,1.5856024456542734,0.0691644623875618
7-scenes-redkitchen,8,50,0.21347699819015953,"[0.20,0.25)",0.5351562499999979,1.0,0.405,1,1.0,3.288369204837259,0.06871600449085236
7-scenes-redkitchen,8,52,0.25081021928532343,"[0.25,0.30)",0.6718749999999973,1.0,0.4735,1,1.0,3.3034568994684377,0.0717242956161499
7-scenes-redkitchen,8,56,0.40102697924996844,"[0.30,1.00]",0.6835937499999972,1.0,0.4795,1,1.0,1.7216968004146775,0.08292477577924728
7-scenes-redkitchen,8,57,0.2857022601961362,"[0.25,0.30)",0.6914062499999972,1.0,0.5645,1,1.0,1.583132116359585,0.03148287162184715
7-scenes-redkitchen,9,12,0.18165880535960263,"[0.15,0.20)",0.6445312499999974,1.0,0.525,1,1.0,2.603838672344568,0.11514145880937576
7-scenes-redkitchen,9,15,0.34035981132863047,"[0.30,1.00]",0.8164062499999968,1.0,0.6485,1,1.0,2.686422828947038,0.07325392961502075
7-scenes-redkitchen,9,22,0.32191008890929584,"[0.30,1.00]",0.6796874999999973,1.0,0.4955,1,1.0,4.085715431863245,0.18816052377223969
7-scenes-redkitchen,9,23,0.3160662854280586,"[0.30,1.00]",0.7343749999999971,1.0,0.6455,1,1.0,2.7706453592122866,0.060942769050598145
7-scenes-redkitchen,9,27,0.22135492757857828,"[0.20,0.25)",0.5273437499999979,1.0,0.426,1,1.0,2.229321677860996,0.0850285068154335
7-scenes-redkitchen,9,34,0.14876654005092457,"[0.00,0.15)",0.6289062499999974,1.0,0.5275,1,1.0,2.3057957055344627,0.06463886052370071
7-scenes-redkitchen,9,46,0.1648369996243269,"[0.15,0.20)",0.5234374999999979,1.0,0.4475,1,1.0,3.1564110781645405,0.0706092044711113
7-scenes-redkitchen,9,47,0.25387151980631967,"[0.25,0.30)",0.3515624999999986,1.0,0.266,1,1.0,3.6692779866821383,0.06038317084312439
7-scenes-redkitchen,9,48,0.35104562340860707,"[0.30,1.00]",0.5624999999999978,1.0,0.4335,1,1.0,0.34717920547519443,0.023351898416876793
7-scenes-redkitchen,9,50,0.2915223108068623,"[0.25,0.30)",0.6874999999999972,1.0,0.5595,1,1.0,1.4650020618844644,0.024100730195641518
7-scenes-redkitchen,9,52,0.3270025462286597,"[0.30,1.00]",0.7343749999999971,1.0,0.607,1,1.0,1.9339104886528289,0.020661229267716408
7-scenes-redkitchen,9,55,0.4622031139124264,"[0.30,1.00]",0.8007812499999968,1.0,0.5845,1,1.0,1.5998551560518,0.04527697339653969
7-scenes-redkitchen,9,56,0.31544016362649746,"[0.30,1.00]",0.4492187499999982,1.0,0.321,1,1.0,1.1876209447277148,0.05339760705828667
7-scenes-redkitchen,9,57,0.23592269482823391,"[0.20,0.25)",0.7187499999999971,1.0,0.6505,1,1.0,1.3836666067927674,0.03917565569281578
7-scenes-redkitchen,9,58,0.4207538506490796,"[0.30,1.00]",0.7890624999999969,1.0,0.723,1,1.0,3.798080468998098,0.08936827629804611
sun3d-home_at-home_at_scan1_2013_jan_1,0,30,0.19372825221146187,"[0.15,0.20)",0.03515624999999986,0.0,0.011,1,0.0,,
sun3d-home_at-home_at_scan1_2013_jan_1,0,31,0.3832641596444892,"[0.30,1.00]",0.058593749999999764,1.0,0.0865,1,0.0,,
sun3d-home_at-home_at_scan1_2013_jan_1,0,33,0.37546639835660084,"[0.30,1.00]",0.496093749999998,1.0,0.436,1,1.0,2.9302436393106506,0.11351372301578522
sun3d-home_at-home_at_scan1_2013_jan_1,0,34,0.4406992831090429,"[0.30,1.00]",0.3046874999999988,1.0,0.186,1,1.0,1.9807051785660377,0.13111889362335205
sun3d-home_at-home_at_scan1_2013_jan_1,0,35,0.29249989519138053,"[0.25,0.30)",0.3085937499999988,1.0,0.203,1,0.0,,
sun3d-home_at-home_at_scan1_2013_jan_1,0,36,0.4438435416928688,"[0.30,1.00]",0.496093749999998,1.0,0.347,1,1.0,4.095768800224137,0.1882128119468689
sun3d-home_at-home_at_scan1_2013_jan_1,0,37,0.3880853561396889,"[0.30,1.00]",0.42187499999999833,1.0,0.4275,1,1.0,1.9648323258487583,0.0746786817908287
sun3d-home_at-home_at_scan1_2013_jan_1,0,38,0.30075881440489666,"[0.30,1.00]",0.4726562499999981,1.0,0.475,1,1.0,2.5508288168495756,0.024302242323756218
sun3d-home_at-home_at_scan1_2013_jan_1,0,41,0.2263446945876829,"[0.20,0.25)",0.054687499999999785,0.0,0.0365,1,0.0,,
sun3d-home_at-home_at_scan1_2013_jan_1,0,42,0.19226093153900978,"[0.15,0.20)",0.054687499999999785,1.0,0.0525,1,0.0,,
sun3d-home_at-home_at_scan1_2013_jan_1,0,47,0.36402129711147446,"[0.30,1.00]",0.04687499999999981,0.0,0.0085,1,0.0,,
sun3d-home_at-home_at_scan1_2013_jan_1,0,49,0.397308514652245,"[0.30,1.00]",0.14062499999999944,1.0,0.0595,1,0.0,,
sun3d-home_at-home_at_scan1_2013_jan_1,0,50,0.2773655305412317,"[0.25,0.30)",0.031249999999999875,0.0,0.007,1,0.0,,
sun3d-home_at-home_at_scan1_2013_jan_1,0,51,0.20668259757682472,"[0.20,0.25)",0.41015624999999833,1.0,0.2175,1,0.0,,
sun3d-home_at-home_at_scan1_2013_jan_1,10,12,0.31762402712123383,"[0.30,1.00]",0.7851562499999969,1.0,0.623,1,1.0,1.9468207426659359,0.01195448823273182
sun3d-home_at-home_at_scan1_2013_jan_1,10,13,0.19939836699613236,"[0.15,0.20)",0.6249999999999976,1.0,0.473,1,1.0,1.9255943880321154,0.03204535320401192
sun3d-home_at-home_at_scan1_2013_jan_1,10,15,0.18101513632239888,"[0.15,0.20)",0.32812499999999867,1.0,0.228,1,1.0,1.7568030692179792,0.06293759495019913
sun3d-home_at-home_at_scan1_2013_jan_1,10,17,0.2525426156711073,"[0.25,0.30)",0.4062499999999984,1.0,0.2795,1,1.0,2.627038958291293,0.06251459568738937
sun3d-home_at-home_at_scan1_2013_jan_1,10,22,0.25077591558038487,"[0.25,0.30)",0.48046874999999806,1.0,0.4605,1,1.0,1.7073147176933943,0.050866592675447464
sun3d-home_at-home_at_scan1_2013_jan_1,10,28,0.19123334765792865,"[0.15,0.20)",0.3476562499999986,1.0,0.1135,1,0.0,,
sun3d-home_at-home_at_scan1_2013_jan_1,10,29,0.24604879912142483,"[0.20,0.25)",0.5781249999999977,1.0,0.2935,1,1.0,3.9846737078559484,0.16389070451259613
sun3d-home_at-home_at_scan1_2013_jan_1,10,43,0.2502506804182782,"[0.25,0.30)",0.7695312499999969,1.0,0.6645,1,1.0,0.8299230235528615,0.034578703343868256
sun3d-home_at-home_at_scan1_2013_jan_1,10,44,0.29078928520269304,"[0.25,0.30)",0.761718749999997,1.0,0.5765,1,1.0,1.2242929017778148,0.05141576752066612
sun3d-home_at-home_at_scan1_2013_jan_1,10,45,0.2874946282767512,"[0.25,0.30)",0.7968749999999968,1.0,0.645,1,1.0,1.4221653187231318,0.036378372460603714
sun3d-home_at-home_at_scan1_2013_jan_1,11,13,0.3872832369942196,"[0.30,1.00]",0.9609374999999961,1.0,0.8265,1,1.0,1.1796854680519475,0.05554918572306633
sun3d-home_at-home_at_scan1_2013_jan_1,11,18,0.25688541312478747,"[0.25,0.30)",0.8632812499999966,1.0,0.7105,1,1.0,1.5826375879080394,0.04958406463265419
sun3d-home_at-home_at_scan1_2013_jan_1,11,20,0.20958007480448826,"[0.20,0.25)",0.49218749999999806,1.0,0.3625,1,1.0,5.915594972971928,0.05385088548064232
sun3d-home_at-home_at_scan1_2013_jan_1,11,21,0.33968038082284935,"[0.30,1.00]",0.8437499999999967,1.0,0.7065,1,1.0,3.2196615075425554,0.04443707317113876
sun3d-home_at-home_at_scan1_2013_jan_1,11,22,0.34014790887453245,"[0.30,1.00]",0.8945312499999964,1.0,0.7265,1,1.0,1.929858329294643,0.030016973614692688
sun3d-home_at-home_at_scan1_2013_jan_1,11,23,0.16580244814688883,"[0.15,0.20)",0.5273437499999979,1.0,0.392,1,1.0,2.0210042752145703,0.06430134177207947
sun3d-home_at-home_at_scan1_2013_jan_1,11,44,0.16597245834750085,"[0.15,0.20)",0.6249999999999976,1.0,0.546,1,1.0,4.711435784904511,0.27526775002479553
sun3d-home_at-home_at_scan1_2013_jan_1,11,45,0.15929955797347842,"[0.15,0.20)",0.5546874999999978,1.0,0.4155,1,1.0,3.018825852976321,0.16796089708805084
sun3d-home_at-home_at_scan1_2013_jan_1,12,19,0.24540521617363906,"[0.20,0.25)",0.511718749999998,1.0,0.4995,1,1.0,1.8397303783925627,0.0545802116394043
sun3d-home_at-home_at_scan1_2013_jan_1,12,20,0.36991656456035943,"[0.30,1.00]",0.742187499999997,1.0,0.6645,1,1.0,2.1441147369515243,0.07779687643051147
sun3d-home_at-home_at_scan1_2013_jan_1,12,22,0.30766089036699923,"[0.30,1.00]",0.9023437499999964,1.0,0.706,1,1.0,0.8064858969539788,0.014828014187514782
sun3d-home_at-home_at_scan1_2013_jan_1,13,19,0.2522070138495181,"[0.25,0.30)",0.5156249999999979,1.0,0.52,1,1.0,3.2565419343520703,0.054369259625673294
sun3d-home_at-home_at_scan1_2013_jan_1,13,20,0.36308414999595046,"[0.30,1.00]",0.6406249999999974,1.0,0.6535,1,1.0,1.6570576127442191,0.047558944672346115
sun3d-home_at-home_at_scan1_2013_jan_1,13,21,0.31367943630031586,"[0.30,1.00]",0.7148437499999971,1.0,0.613,1,1.0,0.9970111607742826,0.02505013532936573
sun3d-home_at-home_at_scan1_2013_jan_1,13,22,0.27107799465457194,"[0.25,0.30)",0.6796874999999973,1.0,0.5785,1,1.0,1.2820689668166683,0.006080466788262129
sun3d-home_at-home_at_scan1_2013_jan_1,14,19,0.331306580191866,"[0.30,1.00]",0.7148437499999971,1.0,0.717,1,1.0,3.0331877021918587,0.06773657351732254
sun3d-home_at-home_at_scan1_2013_jan_1,14,22,0.2964464261586272,"[0.25,0.30)",0.8085937499999968,1.0,0.691,1,1.0,0.6720213582780179,0.01600431650876999
sun3d-home_at-home_at_scan1_2013_jan_1,15,19,0.17657142857142857,"[0.15,0.20)",0.6445312499999974,1.0,0.599,1,1.0,1.0755640403976439,0.028465833514928818
sun3d-home_at-home_at_scan1_2013_jan_1,15,22,0.4176103896103896,"[0.30,1.00]",0.9414062499999962,1.0,0.814,1,1.0,1.1378042951422889,0.035429470241069794
sun3d-home_at-home_at_scan1_2013_jan_1,15,23,0.21475324675324675,"[0.20,0.25)",0.503906249999998,1.0,0.4635,1,1.0,1.5336557375124062,0.09556609392166138
sun3d-home_at-home_at_scan1_2013_jan_1,16,22,0.340251572327044,"[0.30,1.00]",0.7695312499999969,1.0,0.644,1,1.0,0.316517857373121,0.023600202053785324
sun3d-home_at-home_at_scan1_2013_jan_1,17,19,0.14073534765198398,"[0.00,0.15)",0.4023437499999984,1.0,0.469,1,1.0,1.0946792372511531,0.01785857602953911
sun3d-home_at-home_at_scan1_2013_jan_1,17,20,0.3145977429923553,"[0.30,1.00]",0.746093749999997,1.0,0.683,1,1.0,1.4309446552945257,0.024327145889401436
sun3d-home_at-home_at_scan1_2013_jan_1,17,23,0.275937386239534,"[0.25,0.30)",0.4687499999999981,1.0,0.4715,1,1.0,3.7748090736449553,0.15555107593536377
sun3d-home_at-home_at_scan1_2013_jan_1,18,22,0.2953211009174312,"[0.25,0.30)",0.7031249999999972,1.0,0.5715,1,1.0,0.7532945256390876,0.026093831285834312
sun3d-home_at-home_at_scan1_2013_jan_1,19,21,0.16376435716932197,"[0.15,0.20)",0.1562499999999994,1.0,0.079,1,0.0,,
sun3d-home_at-home_at_scan1_2013_jan_1,1,3,0.2950113848064583,"[0.25,0.30)",0.8867187499999964,1.0,0.8315,1,1.0,2.4883705573787807,0.0554625540971756
sun3d-home_at-home_at_scan1_2013_jan_1,1,31,0.2566342372179673,"[0.25,0.30)",0.09765624999999961,0.0,0.0255,1,0.0,,
sun3d-home_at-home_at_scan1_2013_jan_1,1,33,0.25539225833160834,"[0.25,0.30)",0.5273437499999979,1.0,0.408,1,1.0,1.9844563313136983,0.12289246916770935
sun3d-home_at-home_at_scan1_2013_jan_1,1,35,0.3482508797350445,"[0.30,1.00]",0.3085937499999988,1.0,0.247,1,1.0,2.563840423984654,0.04472886770963669
sun3d-home_at-home_at_scan1_2013_jan_1,1,36,0.5294969985510246,"[0.30,1.00]",0.8242187499999967,1.0,0.524,1,1.0,0.37742369258806074,0.06703095883131027
sun3d-home_at-home_at_scan1_2013_jan_1,1,37,0.5356654936866073,"[0.30,1.00]",0.7148437499999971,1.0,0.5605,1,1.0,1.553433778643576,0.01591377705335617
sun3d-home_at-home_at_scan1_2013_jan_1,1,38,0.5119022976609398,"[0.30,1.00]",0.746093749999997,1.0,0.6005,1,1.0,2.6418988392297877,0.08853994309902191
sun3d-home_at-home_at_scan1_2013_jan_1,1,39,0.22136203684537362,"[0.20,0.25)",0.5546874999999978,1.0,0.5275,1,1.0,2.7690906178417887,0.02717425487935543
sun3d-home_at-home_at_scan1_2013_jan_1,1,47,0.19975160422272822,"[0.15,0.20)",0.015624999999999938,0.0,0.01,1,0.0,,
sun3d-home_at-home_at_scan1_2013_jan_1,1,48,0.43307803767335956,"[0.30,1.00]",0.015624999999999938,0.0,0.0055,1,0.0,,
sun3d-home_at-home_at_scan1_2013_jan_1,1,49,0.4004553922583316,"[0.30,1.00]",0.04687499999999981,0.0,0.022,1,0.0,,
sun3d-home_at-home_at_scan1_2013_jan_1,1,50,0.32713723866694266,"[0.30,1.00]",0.12890624999999947,1.0,0.0675,1,0.0,,
sun3d-home_at-home_at_scan1_2013_jan_1,1,51,0.2233492030635479,"[0.20,0.25)",0.20703124999999917,1.0,0.1865,1,0.0,,
sun3d-home_at-home_at_scan1_2013_jan_1,20,22,0.15775862068965518,"[0.15,0.20)",0.11328124999999954,1.0,0.1065,1,0.0,,
sun3d-home_at-home_at_scan1_2013_jan_1,21,23,0.3811210932557257,"[0.30,1.00]",0.507812499999998,1.0,0.5265,1,1.0,3.141739629636122,0.12467817962169647
sun3d-home_at-home_at_scan1_2013_jan_1,22,31,0.4163891821651913,"[0.30,1.00]",0.6992187499999972,1.0,0.6205,1,1.0,1.191240374170747,0.047874633222818375
sun3d-home_at-home_at_scan1_2013_jan_1,22,32,0.4373426459839194,"[0.30,1.00]",0.8085937499999968,1.0,0.66,1,1.0,0.9177057611096715,0.056130003184080124
sun3d-home_at-home_at_scan1_2013_jan_1,22,42,0.2870949403069926,"[0.25,0.30)",0.12890624999999947,1.0,0.108,1,1.0,3.085403328866105,0.1260409653186798
sun3d-home_at-home_at_scan1_2013_jan_1,22,43,0.27077073012263464,"[0.25,0.30)",0.019531249999999924,0.0,0.0205,1,0.0,,
sun3d-home_at-home_at_scan1_2013_jan_1,23,24,0.47605900449633193,"[0.30,1.00]",0.7734374999999969,1.0,0.673,0,,,
sun3d-home_at-home_at_scan1_2013_jan_1,23,30,0.20848781257395282,"[0.20,0.25)",0.41796874999999833,1.0,0.479,1,1.0,4.1285343609850065,0.14694900810718536
sun3d-home_at-home_at_scan1_2013_jan_1,23,43,0.4658042123530804,"[0.30,1.00]",0.3749999999999985,1.0,0.1505,1,1.0,3.107783114399893,0.09016653150320053
sun3d-home_at-home_at_scan1_2013_jan_1,23,44,0.3801372564486866,"[0.30,1.00]",0.04687499999999981,0.0,0.0125,1,0.0,,
sun3d-home_at-home_at_scan1_2013_jan_1,23,45,0.39228524098761536,"[0.30,1.00]",0.07031249999999972,0.0,0.0465,1,0.0,,
sun3d-home_at-home_at_scan1_2013_jan_1,23,46,0.41942099865898874,"[0.30,1.00]",0.4257812499999983,1.0,0.2565,1,1.0,1.518008785794454,0.10862105339765549
sun3d-home_at-home_at_scan1_2013_jan_1,23,47,0.3918908259051826,"[0.30,1.00]",0.4687499999999981,1.0,0.198,1,1.0,0.9819815981854734,0.1302114725112915
sun3d-home_at-home_at_scan1_2013_jan_1,24,27,0.22327451997924236,"[0.20,0.25)",0.4414062499999982,1.0,0.2425,1,0.0,,
sun3d-home_at-home_at_scan1_2013_jan_1,24,32,0.2968993253762325,"[0.25,0.30)",0.7656249999999969,1.0,0.7925,1,1.0,3.417988501259314,0.09069685637950897
sun3d-home_at-home_at_scan1_2013_jan_1,24,42,0.31940840685002597,"[0.30,1.00]",0.28906249999999883,1.0,0.123,1,1.0,4.632104147214799,0.1275581568479538
sun3d-home_at-home_at_scan1_2013_jan_1,24,43,0.30844577062791906,"[0.30,1.00]",0.23046874999999908,1.0,0.085,1,0.0,,
sun3d-home_at-home_at_scan1_2013_jan_1,24,44,0.2831473793461339,"[0.25,0.30)",0.12890624999999947,0.0,0.0335,1,0.0,,
sun3d-home_at-home_at_scan1_2013_jan_1,24,45,0.2924883238194084,"[0.25,0.30)",0.17968749999999928,1.0,0.058,1,0.0,,
sun3d-home_at-home_at_scan1_2013_jan_1,24,46,0.2376102750389206,"[0.20,0.25)",0.04687499999999981,0.0,0.0105,1,0.0,,
sun3d-home_at-home_at_scan1_2013_jan_1,24,47,0.2405941878567722,"[0.20,0.25)",0.11718749999999953,0.0,0.049,1,1.0,2.036631722950227,0.10466348379850388
sun3d-home_at-home_at_scan1_2013_jan_1,25,31,0.20326826382727003,"[0.20,0.25)",0.16015624999999936,1.0,0.0615,1,0.0,,
sun3d-home_at-home_at_scan1_2013_jan_1,26,30,0.32945736434108525,"[0.30,1.00]",0.6679687499999973,1.0,0.556,1,1.0,2.483961766105085,0.08285275846719742
sun3d-home_at-home_at_scan1_2013_jan_1,27,29,0.2221223021582734,"[0.20,0.25)",0.4023437499999984,1.0,0.269,1,1.0,5.045001549931026,0.19161194562911987
sun3d-home_at-home_at_scan1_2013_jan_1,28,30,0.2233079122974261,"[0.20,0.25)",0.5312499999999979,1.0,0.505,1,1.0,2.3421783709460224,0.10266125947237015
sun3d-home_at-home_at_scan1_2013_jan_1,29,32,0.2603507199282873,"[0.25,0.30)",0.761718749999997,1.0,0.817,1,1.0,2.08581570572639,0.05323018133640289
sun3d-home_at-home_at_scan1_2013_jan_1,29,42,0.3171606252451118,"[0.30,1.00]",0.11718749999999953,0.0,0.04,1,0.0,,
sun3d-home_at-home_at_scan1_2013_jan_1,29,43,0.31491960333912267,"[0.30,1.00]",0.1718749999999993,1.0,0.0655,1,1.0,5.841840190107999,0.17162694036960602
sun3d-home_at-home_at_scan1_2013_jan_1,29,44,0.30007283321194467,"[0.30,1.00]",0.14453124999999942,0.0,0.0345,1,0.0,,
sun3d-home_at-home_at_scan1_2013_jan_1,29,45,0.3144153734102751,"[0.30,1.00]",0.1718749999999993,1.0,0.0545,1,0.0,,
sun3d-home_at-home_at_scan1_2013_jan_1,29,46,0.2472407417782509,"[0.20,0.25)",0.0039062499999999844,0.0,0.0,1,0.0,,
sun3d-home_at-home_at_scan1_2013_jan_1,29,47,0.24438343884811475,"[0.20,0.25)",0.011718749999999953,0.0,0.0055,1,0.0,,
sun3d-home_at-home_at_scan1_2013_jan_1,2,3,0.2640010252467,"[0.25,0.30)",0.8593749999999966,1.0,0.804,0,,,
sun3d-home_at-home_at_scan1_2013_jan_1,2,31,0.22722029988465975,"[0.20,0.25)",0.13281249999999947,1.0,0.1305,1,0.0,,
sun3d-home_at-home_at_scan1_2013_jan_1,2,33,0.2601136315092486,"[0.25,0.30)",0.3203124999999987,1.0,0.211,1,1.0,5.0871562462125475,0.24119727313518524
sun3d-home_at-home_at_scan1_2013_jan_1,2,35,0.31983425178350205,"[0.30,1.00]",0.249999999999999,1.0,0.2455,1,1.0,2.491200662764711,0.0913688987493515
sun3d-home_at-home_at_scan1_2013_jan_1,2,37,0.5591866376180101,"[0.30,1.00]",0.6953124999999972,1.0,0.5125,1,1.0,2.149038241711544,0.027190327644348145
sun3d-home_at-home_at_scan1_2013_jan_1,2,39,0.24768251527190396,"[0.20,0.25)",0.6406249999999974,1.0,0.617,1,1.0,2.6045902920609607,0.043946173042058945
sun3d-home_at-home_at_scan1_2013_jan_1,2,48,0.4165919090947926,"[0.30,1.00]",0.0,0.0,0.0,1,0.0,,
sun3d-home_at-home_at_scan1_2013_jan_1,2,49,0.3399119996582511,"[0.30,1.00]",0.0,0.0,0.0,1,0.0,,
sun3d-home_at-home_at_scan1_2013_jan_1,2,50,0.27485155282156437,"[0.25,0.30)",0.0,0.0,0.0,1,0.0,,
sun3d-home_at-home_at_scan1_2013_jan_1,2,51,0.153359818873083,"[0.15,0.20)",0.0,0.0,0.0,1,0.0,,
sun3d-home_at-home_at_scan1_2013_jan_1,30,33,0.2573355817875211,"[0.25,0.30)",0.49218749999999806,1.0,0.394,1,1.0,3.2000222620535124,0.14509572088718414
sun3d-home_at-home_at_scan1_2013_jan_1,30,34,0.1163575042158516,"[0.00,0.15)",0.0,0.0,0.0,1,0.0,,
sun3d-home_at-home_at_scan1_2013_jan_1,30,36,0.11475548060708263,"[0.00,0.15)",0.0,0.0,0.0,1,0.0,,
sun3d-home_at-home_at_scan1_2013_jan_1,30,41,0.1627318718381113,"[0.15,0.20)",0.027343749999999892,1.0,0.0695,1,0.0,,
sun3d-home_at-home_at_scan1_2013_jan_1,30,42,0.42377740303541317,"[0.30,1.00]",0.46484374999999817,1.0,0.3145,1,1.0,2.134783816763126,0.12804222106933594
sun3d-home_at-home_at_scan1_2013_jan_1,30,46,0.3038785834738617,"[0.30,1.00]",0.33593749999999867,1.0,0.2355,1,1.0,3.7871348454233416,0.22001613676548004
sun3d-home_at-home_at_scan1_2013_jan_1,30,48,0.23086003372681282,"[0.20,0.25)",0.10546874999999958,1.0,0.2355,1,1.0,6.216719802480907,0.25633272528648376
sun3d-home_at-home_at_scan1_2013_jan_1,31,35,0.32880570571934764,"[0.30,1.00]",0.499999999999998,1.0,0.4215,1,1.0,0.8508784750544688,0.041446611285209656
sun3d-home_at-home_at_scan1_2013_jan_1,31,37,0.40121746240857675,"[0.30,1.00]",0.6718749999999973,1.0,0.4955,1,1.0,2.2741721794615852,0.06454493850469589
sun3d-home_at-home_at_scan1_2013_jan_1,31,38,0.19424885295052924,"[0.15,0.20)",0.5937499999999977,1.0,0.61,1,1.0,1.0921737616877483,0.023484006524086
sun3d-home_at-home_at_scan1_2013_jan_1,31,41,0.32844228410484716,"[0.30,1.00]",0.6601562499999973,1.0,0.5685,1,1.0,1.8071026842602833,0.038556840270757675
sun3d-home_at-home_at_scan1_2013_jan_1,31,42,0.4565029755144687,"[0.30,1.00]",0.7187499999999971,1.0,0.3785,1,1.0,1.6960443647393142,0.08943971991539001
sun3d-home_at-home_at_scan1_2013_jan_1,31,46,0.2849225457684096,"[0.25,0.30)",0.13671874999999944,1.0,0.121,1,0.0,,
sun3d-home_at-home_at_scan1_2013_jan_1,31,49,0.3012310907191205,"[0.30,1.00]",0.6992187499999972,1.0,0.5275,1,1.0,3.2797847571162206,0.1374252885580063
sun3d-home_at-home_at_scan1_2013_jan_1,32,34,0.2221254355400697,"[0.20,0.25)",0.503906249999998,1.0,0.553,1,1.0,1.5141364117063367,0.025680959224700928
sun3d-home_at-home_at_scan1_2013_jan_1,32,36,0.20321055251368841,"[0.20,0.25)",0.4726562499999981,1.0,0.532,1,1.0,0.6620474386067585,0.030001908540725708
sun3d-home_at-home_at_scan1_2013_jan_1,32,37,0.15946988551518168,"[0.15,0.20)",0.35937499999999856,1.0,0.3545,1,1.0,4.597552887767839,0.16002503037452698
sun3d-home_at-home_at_scan1_2013_jan_1,32,38,0.16886510701841712,"[0.15,0.20)",0.48828124999999806,1.0,0.5515,1,1.0,3.087306206351145,0.0840001329779625
sun3d-home_at-home_at_scan1_2013_jan_1,32,39,0.2066948730711797,"[0.20,0.25)",0.511718749999998,1.0,0.583,1,1.0,3.2818136633996002,0.079278364777565
sun3d-home_at-home_at_scan1_2013_jan_1,32,40,0.37611996017919364,"[0.30,1.00]",0.5546874999999978,1.0,0.3925,1,0.0,,
sun3d-home_at-home_at_scan1_2013_jan_1,32,41,0.3462543554006969,"[0.30,1.00]",0.5234374999999979,1.0,0.431,1,1.0,3.2738101060200564,0.09178286790847778
sun3d-home_at-home_at_scan1_2013_jan_1,32,43,0.3006470881035341,"[0.30,1.00]",0.3437499999999986,1.0,0.1305,1,1.0,2.68729704902109,0.14053407311439514
sun3d-home_at-home_at_scan1_2013_jan_1,32,44,0.2261075161772026,"[0.20,0.25)",0.12890624999999947,1.0,0.09,1,1.0,4.348209989437622,0.2040267139673233
sun3d-home_at-home_at_scan1_2013_jan_1,32,45,0.23550273768043803,"[0.20,0.25)",0.09765624999999961,1.0,0.0765,1,1.0,4.397033792933241,0.14206524193286896
sun3d-home_at-home_at_scan1_2013_jan_1,32,46,0.3950970632155301,"[0.30,1.00]",0.46093749999999817,1.0,0.3875,1,1.0,0.37742369258806074,0.07146167755126953
sun3d-home_at-home_at_scan1_2013_jan_1,32,47,0.5452961672473867,"[0.30,1.00]",0.5781249999999977,1.0,0.302,1,1.0,1.0857045643618128,0.13983187079429626
sun3d-home_at-home_at_scan1_2013_jan_1,32,48,0.22853409656545545,"[0.20,0.25)",0.3476562499999986,1.0,0.379,1,1.0,1.5712204860043932,0.055049434304237366
sun3d-home_at-home_at_scan1_2013_jan_1,33,35,0.30694385689248804,"[0.30,1.00]",0.7148437499999971,1.0,0.569,1,1.0,2.978744098773362,0.03550925850868225
sun3d-home_at-home_at_scan1_2013_jan_1,33,46,0.3215688644467275,"[0.30,1.00]",0.5234374999999979,1.0,0.4255,1,1.0,3.5046461603245347,0.11104430258274078
sun3d-home_at-home_at_scan1_2013_jan_1,33,49,0.28772587175923126,"[0.25,0.30)",0.18749999999999925,1.0,0.097,1,0.0,,
sun3d-home_at-home_at_scan1_2013_jan_1,34,38,0.4660833798103737,"[0.30,1.00]",0.5468749999999978,1.0,0.555,1,1.0,4.385972926834259,0.039955221116542816
sun3d-home_at-home_at_scan1_2013_jan_1,34,41,0.17948271054099274,"[0.15,0.20)",0.7187499999999971,1.0,0.63,1,1.0,1.1336691821856644,0.017020469531416893
sun3d-home_at-home_at_scan1_2013_jan_1,34,47,0.2740170105967652,"[0.25,0.30)",0.8398437499999967,1.0,0.6715,1,1.0,1.1391793309989455,0.044800449162721634
sun3d-home_at-home_at_scan1_2013_jan_1,34,51,0.19520356943669828,"[0.15,0.20)",0.4257812499999983,1.0,0.354,1,1.0,5.414572974057366,0.12859772145748138
sun3d-home_at-home_at_scan1_2013_jan_1,34,55,0.2180702732849972,"[0.20,0.25)",0.8007812499999968,1.0,0.701,1,1.0,0.7198210304601029,0.028546346351504326
sun3d-home_at-home_at_scan1_2013_jan_1,35,36,0.3327753511364528,"[0.30,1.00]",0.9765624999999961,1.0,0.8955,0,,,
sun3d-home_at-home_at_scan1_2013_jan_1,35,37,0.2564800041848665,"[0.25,0.30)",0.8945312499999964,1.0,0.769,1,1.0,1.9068019235257097,0.05584639310836792
sun3d-home_at-home_at_scan1_2013_jan_1,35,48,0.25878168074699864,"[0.25,0.30)",0.8749999999999966,1.0,0.7425,1,1.0,2.123385148551924,0.06801800429821014
sun3d-home_at-home_at_scan1_2013_jan_1,35,51,0.4699866607381058,"[0.30,1.00]",0.738281249999997,1.0,0.518,1,1.0,1.2290786128975155,0.03011401742696762
sun3d-home_at-home_at_scan1_2013_jan_1,35,52,0.24680250045771976,"[0.20,0.25)",0.6562499999999973,1.0,0.3725,1,1.0,2.728643592237491,0.032539479434490204
sun3d-home_at-home_at_scan1_2013_jan_1,35,53,0.40289802003504827,"[0.30,1.00]",0.8867187499999964,1.0,0.698,1,1.0,1.9399728637066223,0.04063542187213898
sun3d-home_at-home_at_scan1_2013_jan_1,35,56,0.3156173985823765,"[0.30,1.00]",0.8398437499999967,1.0,0.669,1,1.0,0.95326533197347,0.03707119822502136
sun3d-home_at-home_at_scan1_2013_jan_1,35,57,0.23545105013993148,"[0.20,0.25)",0.749999999999997,1.0,0.569,1,0.0,,
sun3d-home_at-home_at_scan1_2013_jan_1,35,58,0.26864227238249677,"[0.25,0.30)",0.8085937499999968,1.0,0.559,1,1.0,3.76826736674679,0.12372446060180664
sun3d-home_at-home_at_scan1_2013_jan_1,36,38,0.41754905014014326,"[0.30,1.00]",0.8124999999999968,1.0,0.5945,1,1.0,3.1236168846850836,0.035772114992141724
sun3d-home_at-home_at_scan1_2013_jan_1,36,41,0.20682809093740268,"[0.20,0.25)",0.7812499999999969,1.0,0.7025,1,1.0,0.9630680336076832,0.021103348582983017
sun3d-home_at-home_at_scan1_2013_jan_1,36,47,0.2818047337278107,"[0.25,0.30)",0.8437499999999967,1.0,0.6765,1,1.0,1.6282267750662305,0.04768699035048485
sun3d-home_at-home_at_scan1_2013_jan_1,36,50,0.3509031454375584,"[0.30,1.00]",0.7968749999999968,1.0,0.6975,1,1.0,2.4990452607809046,0.060222361236810684
sun3d-home_at-home_at_scan1_2013_jan_1,36,51,0.23473995639987544,"[0.20,0.25)",0.6601562499999973,1.0,0.5465,1,1.0,1.6096111005132125,0.10599809139966965
sun3d-home_at-home_at_scan1_2013_jan_1,36,55,0.3668249766427904,"[0.30,1.00]",0.7734374999999969,1.0,0.7335,1,1.0,2.5555818960945773,0.0599900521337986
sun3d-home_at-home_at_scan1_2013_jan_1,37,39,0.2513364446330081,"[0.25,0.30)",0.6562499999999973,1.0,0.512,1,1.0,2.541758094178495,0.04041377454996109
sun3d-home_at-home_at_scan1_2013_jan_1,37,41,0.17955027577428936,"[0.15,0.20)",0.7226562499999971,1.0,0.6665,1,1.0,1.1277851552839788,0.012796957977116108
sun3d-home_at-home_at_scan1_2013_jan_1,37,47,0.2175222740772168,"[0.20,0.25)",0.7304687499999971,1.0,0.558,1,1.0,1.6758470464774085,0.02839670516550541
sun3d-home_at-home_at_scan1_2013_jan_1,37,48,0.42804412388629615,"[0.30,1.00]",0.8476562499999966,1.0,0.672,1,1.0,1.7080023240589428,0.05974619463086128
sun3d-home_at-home_at_scan1_2013_jan_1,37,50,0.2652948663555367,"[0.25,0.30)",0.6171874999999976,1.0,0.4875,1,1.0,2.2537698606368273,0.06202850490808487
sun3d-home_at-home_at_scan1_2013_jan_1,37,51,0.28120492151039456,"[0.25,0.30)",0.5859374999999977,1.0,0.32,1,0.0,,
sun3d-home_at-home_at_scan1_2013_jan_1,37,55,0.30593975392448025,"[0.30,1.00]",0.5507812499999978,1.0,0.4045,1,1.0,3.559414929367364,0.05732252821326256
sun3d-home_at-home_at_scan1_2013_jan_1,38,40,0.18090472062416266,"[0.15,0.20)",0.6914062499999972,1.0,0.742,1,1.0,2.6954427736001283,0.047282569110393524
sun3d-home_at-home_at_scan1_2013_jan_1,38,41,0.2007644416423674,"[0.20,0.25)",0.757812499999997,1.0,0.732,1,1.0,2.381787883733732,0.05882105603814125
sun3d-home_at-home_at_scan1_2013_jan_1,38,48,0.3217747655449602,"[0.30,1.00]",0.5703124999999977,1.0,0.5795,1,1.0,1.212407395157698,0.06075570359826088
sun3d-home_at-home_at_scan1_2013_jan_1,39,41,0.3236869346055178,"[0.30,1.00]",0.8046874999999968,1.0,0.7905,1,1.0,1.6781809381265904,0.03902215510606766
sun3d-home_at-home_at_scan1_2013_jan_1,39,42,0.22903821054052836,"[0.20,0.25)",0.6679687499999973,1.0,0.636,1,1.0,2.2083280322043515,0.07566094398498535
sun3d-home_at-home_at_scan1_2013_jan_1,39,46,0.16778432872766552,"[0.15,0.20)",0.48437499999999806,1.0,0.4585,1,1.0,2.6906455965534453,0.05933087319135666
sun3d-home_at-home_at_scan1_2013_jan_1,39,47,0.16728925694225663,"[0.15,0.20)",0.48828124999999806,1.0,0.4125,1,1.0,2.050041007431201,0.07761821895837784
sun3d-home_at-home_at_scan1_2013_jan_1,3,24,0.20158348210820462,"[0.20,0.25)",0.023437499999999906,0.0,0.0,1,0.0,,
sun3d-home_at-home_at_scan1_2013_jan_1,3,25,0.1824109291314135,"[0.15,0.20)",0.13671874999999944,1.0,0.052,1,0.0,,
sun3d-home_at-home_at_scan1_2013_jan_1,3,26,0.14297911977023986,"[0.00,0.15)",0.0507812499999998,0.0,0.0,1,0.0,,
sun3d-home_at-home_at_scan1_2013_jan_1,3,29,0.23441744935185904,"[0.20,0.25)",0.2226562499999991,0.0,0.005,1,0.0,,
sun3d-home_at-home_at_scan1_2013_jan_1,3,30,0.33586897461771326,"[0.30,1.00]",0.33984374999999867,1.0,0.0665,1,0.0,,
sun3d-home_at-home_at_scan1_2013_jan_1,3,32,0.242800589924707,"[0.20,0.25)",0.2773437499999989,1.0,0.1595,1,0.0,,
sun3d-home_at-home_at_scan1_2013_jan_1,3,33,0.43274082123728946,"[0.30,1.00]",0.4296874999999983,1.0,0.359,1,1.0,0.5888388481408882,0.015961013734340668
sun3d-home_at-home_at_scan1_2013_jan_1,3,34,0.3644337499029729,"[0.30,1.00]",0.5234374999999979,1.0,0.434,1,1.0,1.0389167848437566,0.046914517879486084
sun3d-home_at-home_at_scan1_2013_jan_1,3,35,0.2958161918807731,"[0.25,0.30)",0.3203124999999987,1.0,0.253,1,1.0,1.0693603852585383,0.027383586391806602
sun3d-home_at-home_at_scan1_2013_jan_1,3,36,0.35325622913917565,"[0.30,1.00]",0.39453124999999845,1.0,0.3655,1,1.0,1.2951289511964976,0.02584998682141304
sun3d-home_at-home_at_scan1_2013_jan_1,3,37,0.33579135294574247,"[0.30,1.00]",0.46093749999999817,1.0,0.3905,1,1.0,1.4030479899891068,0.02315817028284073
sun3d-home_at-home_at_scan1_2013_jan_1,3,38,0.2650780097803307,"[0.25,0.30)",0.6523437499999974,1.0,0.5905,1,1.0,2.224223830833976,0.02251538075506687
sun3d-home_at-home_at_scan1_2013_jan_1,3,40,0.15726150741286968,"[0.15,0.20)",0.25781249999999895,1.0,0.316,1,1.0,0.5532007315161166,0.06964924931526184
sun3d-home_at-home_at_scan1_2013_jan_1,3,41,0.33633470464953813,"[0.30,1.00]",0.41406249999999833,1.0,0.359,1,1.0,1.4391266526571378,0.04833193123340607
sun3d-home_at-home_at_scan1_2013_jan_1,3,42,0.26399130637273927,"[0.25,0.30)",0.16406249999999933,1.0,0.083,1,1.0,13.875357607611035,0.23960256576538086
sun3d-home_at-home_at_scan1_2013_jan_1,3,44,0.17798649382907708,"[0.15,0.20)",0.503906249999998,1.0,0.3975,1,1.0,1.7971117943433221,0.0083345090970397
sun3d-home_at-home_at_scan1_2013_jan_1,3,45,0.1911821780641155,"[0.15,0.20)",0.48046874999999806,1.0,0.3905,1,1.0,1.7418120393160186,0.02228390797972679
sun3d-home_at-home_at_scan1_2013_jan_1,3,46,0.19087169137623225,"[0.15,0.20)",0.2031249999999992,1.0,0.2115,1,1.0,6.32979541158806,0.09911876171827316
sun3d-home_at-home_at_scan1_2013_jan_1,3,48,0.4450826670806489,"[0.30,1.00]",0.019531249999999924,0.0,0.015,1,0.0,,
sun3d-home_at-home_at_scan1_2013_jan_1,3,49,0.264922766436389,"[0.25,0.30)",0.031249999999999875,1.0,0.0665,1,0.0,,
sun3d-home_at-home_at_scan1_2013_jan_1,40,42,0.3421656869948567,"[0.30,1.00]",0.8671874999999966,1.0,0.6715,1,1.0,1.1696904281476586,0.04370037466287613
sun3d-home_at-home_at_scan1_2013_jan_1,40,43,0.16646767083027186,"[0.15,0.20)",0.742187499999997,1.0,0.507,1,1.0,5.089389581737927,0.0588807687163353
sun3d-home_at-home_at_scan1_2013_jan_1,40,44,0.19737325495958855,"[0.15,0.20)",0.29296874999999883,1.0,0.302,1,1.0,7.530304902840154,0.08989911526441574
sun3d-home_at-home_at_scan1_2013_jan_1,40,45,0.20403196179279942,"[0.20,0.25)",0.12890624999999947,1.0,0.1355,1,1.0,4.21974363621588,0.1976141631603241
sun3d-home_at-home_at_scan1_2013_jan_1,40,46,0.2669452608376194,"[0.25,0.30)",0.6874999999999972,1.0,0.5425,1,1.0,1.0017104947343989,0.05148445814847946
sun3d-home_at-home_at_scan1_2013_jan_1,40,47,0.23108008817046288,"[0.20,0.25)",0.7773437499999969,1.0,0.535,1,1.0,3.3563719644237895,0.13386160135269165
sun3d-home_at-home_at_scan1_2013_jan_1,40,48,0.14975202057310802,"[0.00,0.15)",0.503906249999998,1.0,0.52,1,1.0,2.4136240543638863,0.09447897970676422
sun3d-home_at-home_at_scan1_2013_jan_1,41,43,0.28070278184480235,"[0.25,0.30)",0.7890624999999969,1.0,0.573,1,1.0,1.6459188262049742,0.0485638752579689
sun3d-home_at-home_at_scan1_2013_jan_1,41,44,0.33118594436310395,"[0.30,1.00]",0.7070312499999972,1.0,0.464,1,1.0,1.4094492386312414,0.03421493247151375
sun3d-home_at-home_at_scan1_2013_jan_1,41,45,0.3428404099560761,"[0.30,1.00]",0.5898437499999977,1.0,0.3885,1,1.0,2.3558432525084205,0.1047823578119278
sun3d-home_at-home_at_scan1_2013_jan_1,43,48,0.1607233640787276,"[0.15,0.20)",0.0,0.0,0.0,1,0.0,,
sun3d-home_at-home_at_scan1_2013_jan_1,44,48,0.13317917630148116,"[0.00,0.15)",0.0,0.0,0.0,1,0.0,,
sun3d-home_at-home_at_scan1_2013_jan_1,46,48,0.33672308348741287,"[0.30,1.00]",0.5468749999999978,1.0,0.546,1,1.0,2.828262550070334,0.12532491981983185
sun3d-home_at-home_at_scan1_2013_jan_1,47,49,0.23378179639413912,"[0.20,0.25)",0.7226562499999971,1.0,0.684,1,1.0,1.0355209137632917,0.035983890295028687
sun3d-home_at-home_at_scan1_2013_jan_1,48,50,0.37853356890459366,"[0.30,1.00]",0.9140624999999963,1.0,0.816,1,1.0,1.7216968004146775,0.026369955390691757
sun3d-home_at-home_at_scan1_2013_jan_1,48,51,0.16249509226541028,"[0.15,0.20)",0.5546874999999978,1.0,0.502,1,1.0,1.9850479708629771,0.056515879929065704
sun3d-home_at-home_at_scan1_2013_jan_1,49,52,0.3018191747158606,"[0.30,1.00]",0.6718749999999973,1.0,0.4345,1,1.0,5.627964930907186,0.11860459297895432
sun3d-home_at-home_at_scan1_2013_jan_1,49,53,0.2762210314345199,"[0.25,0.30)",0.5312499999999979,1.0,0.319,1,1.0,11.689024945192601,0.26887840032577515
sun3d-home_at-home_at_scan1_2013_jan_1,49,54,0.33325369466534693,"[0.30,1.00]",0.45312499999999817,1.0,0.234,1,0.0,,
sun3d-home_at-home_at_scan1_2013_jan_1,49,55,0.5421004129833783,"[0.30,1.00]",0.6406249999999974,1.0,0.4225,1,1.0,8.276496451165304,0.28340697288513184
sun3d-home_at-home_at_scan1_2013_jan_1,49,56,0.2248199597255879,"[0.20,0.25)",0.33984374999999867,1.0,0.1775,1,0.0,,
sun3d-home_at-home_at_scan1_2013_jan_1,4,24,0.26366919915307013,"[0.25,0.30)",0.29296874999999883,1.0,0.051,1,0.0,,
sun3d-home_at-home_at_scan1_2013_jan_1,4,25,0.25370531822144726,"[0.25,0.30)",0.19140624999999922,1.0,0.0695,1,0.0,,
sun3d-home_at-home_at_scan1_2013_jan_1,4,26,0.20538049570307634,"[0.20,0.25)",0.1249999999999995,0.0,0.027,1,0.0,,
sun3d-home_at-home_at_scan1_2013_jan_1,4,29,0.2772449869224063,"[0.25,0.30)",0.28906249999999883,1.0,0.071,1,0.0,,
sun3d-home_at-home_at_scan1_2013_jan_1,4,30,0.3288080707435546,"[0.30,1.00]",0.29296874999999883,1.0,0.058,1,1.0,4.997790640687244,0.2661342918872833
sun3d-home_at-home_at_scan1_2013_jan_1,4,31,0.2520239133142359,"[0.25,0.30)",0.1562499999999994,0.0,0.017,1,0.0,,
sun3d-home_at-home_at_scan1_2013_jan_1,4,32,0.20793374019180472,"[0.20,0.25)",0.031249999999999875,0.0,0.0065,1,0.0,,
sun3d-home_at-home_at_scan1_2013_jan_1,4,42,0.3196537551376261,"[0.30,1.00]",0.03515624999999986,0.0,0.029,1,0.0,,
sun3d-home_at-home_at_scan1_2013_jan_1,4,44,0.3813052684020426,"[0.30,1.00]",0.5312499999999979,1.0,0.3575,1,1.0,2.7292174273136256,0.1041935458779335
sun3d-home_at-home_at_scan1_2013_jan_1,4,45,0.4258313613152323,"[0.30,1.00]",0.45703124999999817,1.0,0.309,1,1.0,3.0784160578232287,0.11903061717748642
sun3d-home_at-home_at_scan1_2013_jan_1,4,47,0.2475401668950056,"[0.20,0.25)",0.09374999999999963,1.0,0.0605,1,0.0,,
sun3d-home_at-home_at_scan1_2013_jan_1,4,8,0.26354465064142485,"[0.25,0.30)",0.39062499999999845,1.0,0.1705,1,1.0,2.9286398734100225,0.1394781619310379
sun3d-home_at-home_at_scan1_2013_jan_1,50,52,0.3031205624632009,"[0.30,1.00]",0.6640624999999973,1.0,0.364,1,1.0,4.017758857133874,0.08450818061828613
sun3d-home_at-home_at_scan1_2013_jan_1,50,53,0.3195372839677207,"[0.30,1.00]",0.5507812499999978,1.0,0.254,1,1.0,23.82248375338659,0.5065359473228455
sun3d-home_at-home_at_scan1_2013_jan_1,50,54,0.41595954698160914,"[0.30,1.00]",0.49218749999999806,1.0,0.277,1,0.0,,
sun3d-home_at-home_at_scan1_2013_jan_1,50,55,0.5292487791362173,"[0.30,1.00]",0.6874999999999972,1.0,0.4345,1,1.0,0.5315545482464157,0.03880046308040619
sun3d-home_at-home_at_scan1_2013_jan_1,50,56,0.26606171856059296,"[0.25,0.30)",0.5742187499999977,1.0,0.4025,1,1.0,6.611502419857317,0.21656332910060883
sun3d-home_at-home_at_scan1_2013_jan_1,50,57,0.21646520971149516,"[0.20,0.25)",0.5585937499999978,1.0,0.374,1,0.0,,
sun3d-home_at-home_at_scan1_2013_jan_1,50,58,0.269074914279777,"[0.25,0.30)",0.6835937499999972,1.0,0.4885,1,0.0,,
sun3d-home_at-home_at_scan1_2013_jan_1,51,52,0.40414507772020725,"[0.30,1.00]",0.6484374999999974,1.0,0.3765,0,,,
sun3d-home_at-home_at_scan1_2013_jan_1,51,53,0.2894967945903223,"[0.25,0.30)",0.3437499999999986,1.0,0.1385,1,1.0,7.927958828161027,0.1476868987083435
sun3d-home_at-home_at_scan1_2013_jan_1,51,54,0.47202950733292354,"[0.30,1.00]",0.5429687499999978,1.0,0.3765,1,0.0,,
sun3d-home_at-home_at_scan1_2013_jan_1,51,57,0.222929656625977,"[0.20,0.25)",0.48437499999999806,1.0,0.2825,1,0.0,,
sun3d-home_at-home_at_scan1_2013_jan_1,51,58,0.23777114253095635,"[0.20,0.25)",0.5937499999999977,1.0,0.3285,1,0.0,,
sun3d-home_at-home_at_scan1_2013_jan_1,52,57,0.22684780415629835,"[0.20,0.25)",0.46093749999999817,1.0,0.2065,1,1.0,6.365194848026677,0.20740817487239838
sun3d-home_at-home_at_scan1_2013_jan_1,52,58,0.2310848073172372,"[0.20,0.25)",0.3515624999999986,1.0,0.161,1,0.0,,
sun3d-home_at-home_at_scan1_2013_jan_1,53,57,0.3377310311284047,"[0.30,1.00]",0.8203124999999967,1.0,0.5565,1,1.0,3.05325784390165,0.08495192974805832
sun3d-home_at-home_at_scan1_2013_jan_1,54,56,0.2427030456852792,"[0.20,0.25)",0.8164062499999968,1.0,0.699,1,1.0,0.977187401313159,0.044854409992694855
sun3d-home_at-home_at_scan1_2013_jan_1,54,57,0.24373413705583757,"[0.20,0.25)",0.8320312499999967,1.0,0.6945,1,1.0,2.453676326937254,0.05560828372836113
sun3d-home_at-home_at_scan1_2013_jan_1,54,58,0.24547906091370558,"[0.20,0.25)",0.742187499999997,1.0,0.5935,1,1.0,3.5597449622991757,0.07682882994413376
sun3d-home_at-home_at_scan1_2013_jan_1,55,56,0.33547686990072745,"[0.30,1.00]",0.9023437499999964,1.0,0.8165,0,,,
sun3d-home_at-home_at_scan1_2013_jan_1,55,58,0.23833447208713476,"[0.20,0.25)",0.7929687499999968,1.0,0.646,1,1.0,1.2417503548629514,0.043582044541835785
sun3d-home_at-home_at_scan1_2013_jan_1,57,59,0.245232713151336,"[0.20,0.25)",0.6171874999999976,1.0,0.5595,1,1.0,3.2386982538778506,0.05166970193386078
sun3d-home_at-home_at_scan1_2013_jan_1,5,11,0.20356644107852614,"[0.20,0.25)",0.29296874999999883,1.0,0.1775,1,1.0,5.7718337091728,0.25419875979423523
sun3d-home_at-home_at_scan1_2013_jan_1,5,15,0.3055645074658932,"[0.30,1.00]",0.5507812499999978,1.0,0.303,1,1.0,2.8445497473868318,0.13037170469760895
sun3d-home_at-home_at_scan1_2013_jan_1,5,40,0.16521645719196476,"[0.15,0.20)",0.41015624999999833,1.0,0.3195,1,1.0,2.867578824870554,0.07933521270751953
sun3d-home_at-home_at_scan1_2013_jan_1,5,6,0.1781609195402299,"[0.15,0.20)",0.6093749999999976,1.0,0.493,0,,,
sun3d-home_at-home_at_scan1_2013_jan_1,6,10,0.20737569475739823,"[0.20,0.25)",0.0,0.0,0.0,1,0.0,,
sun3d-home_at-home_at_scan1_2013_jan_1,6,24,0.33513594712332884,"[0.30,1.00]",0.21484374999999914,1.0,0.062,1,0.0,,
sun3d-home_at-home_at_scan1_2013_jan_1,6,25,0.3412197686645636,"[0.30,1.00]",0.23437499999999906,1.0,0.064,1,0.0,,
sun3d-home_at-home_at_scan1_2013_jan_1,6,26,0.26566020730058587,"[0.25,0.30)",0.18359374999999928,1.0,0.056,1,0.0,,
sun3d-home_at-home_at_scan1_2013_jan_1,6,29,0.3651795102899204,"[0.30,1.00]",0.25781249999999895,1.0,0.081,1,0.0,,
sun3d-home_at-home_at_scan1_2013_jan_1,6,30,0.42226228030644436,"[0.30,1.00]",0.36718749999999856,1.0,0.0865,1,0.0,,
sun3d-home_at-home_at_scan1_2013_jan_1,6,31,0.2833108006609584,"[0.25,0.30)",0.07031249999999972,0.0,0.0125,1,0.0,,
sun3d-home_at-home_at_scan1_2013_jan_1,6,42,0.33385909568874866,"[0.30,1.00]",0.0507812499999998,0.0,0.0305,1,0.0,,
sun3d-home_at-home_at_scan1_2013_jan_1,6,43,0.36134895598617994,"[0.30,1.00]",0.1523437499999994,1.0,0.074,1,0.0,,
sun3d-home_at-home_at_scan1_2013_jan_1,6,44,0.46875469430674477,"[0.30,1.00]",0.4687499999999981,1.0,0.3195,1,1.0,3.073579219114306,0.13830460608005524
sun3d-home_at-home_at_scan1_2013_jan_1,6,45,0.5217064743878624,"[0.30,1.00]",0.5234374999999979,1.0,0.3295,1,1.0,3.0106440844408664,0.09288240224123001
sun3d-home_at-home_at_scan1_2013_jan_1,6,46,0.26603575184016826,"[0.25,0.30)",0.03906249999999985,0.0,0.0245,1,0.0,,
sun3d-home_at-home_at_scan1_2013_jan_1,6,47,0.30201291873216163,"[0.30,1.00]",0.04687499999999981,0.0,0.024,1,0.0,,
sun3d-home_at-home_at_scan1_2013_jan_1,6,8,0.34542586750788645,"[0.30,1.00]",0.499999999999998,1.0,0.2315,1,1.0,7.025934073002036,0.26031672954559326
sun3d-home_at-home_at_scan1_2013_jan_1,6,9,0.25619648490310953,"[0.25,0.30)",0.1523437499999994,1.0,0.0755,1,0.0,,
sun3d-home_at-home_at_scan1_2013_jan_1,7,10,0.2533112582781457,"[0.25,0.30)",0.33593749999999867,1.0,0.296,1,1.0,3.814337427684451,0.05270856246352196
sun3d-home_at-home_at_scan1_2013_jan_1,7,24,0.3723006046645551,"[0.30,1.00]",0.2812499999999989,1.0,0.109,1,0.0,,
sun3d-home_at-home_at_scan1_2013_jan_1,7,25,0.3507774258566081,"[0.30,1.00]",0.21093749999999917,1.0,0.06,1,0.0,,
sun3d-home_at-home_at_scan1_2013_jan_1,7,26,0.30737114886265476,"[0.30,1.00]",0.19140624999999922,1.0,0.084,1,0.0,,
sun3d-home_at-home_at_scan1_2013_jan_1,7,28,0.21595162683558883,"[0.20,0.25)",0.2226562499999991,1.0,0.0755,1,0.0,,
sun3d-home_at-home_at_scan1_2013_jan_1,7,29,0.4231932047221422,"[0.30,1.00]",0.3515624999999986,1.0,0.176,1,0.0,,
sun3d-home_at-home_at_scan1_2013_jan_1,7,30,0.3863374604088684,"[0.30,1.00]",0.4062499999999984,1.0,0.175,1,0.0,,
sun3d-home_at-home_at_scan1_2013_jan_1,7,31,0.20738554563777714,"[0.20,0.25)",0.28515624999999883,1.0,0.1215,1,0.0,,
sun3d-home_at-home_at_scan1_2013_jan_1,7,43,0.3263029081485747,"[0.30,1.00]",0.45312499999999817,1.0,0.3645,1,1.0,2.0374003442281716,0.0575178898870945
sun3d-home_at-home_at_scan1_2013_jan_1,7,44,0.3463144255686726,"[0.30,1.00]",0.6054687499999976,1.0,0.461,1,1.0,2.8153596909671847,0.12460469454526901
sun3d-home_at-home_at_scan1_2013_jan_1,7,45,0.38237834725021597,"[0.30,1.00]",0.5390624999999979,1.0,0.4005,1,1.0,2.4722721378876407,0.13190858066082
sun3d-home_at-home_at_scan1_2013_jan_1,7,47,0.18067952778577598,"[0.15,0.20)",0.2812499999999989,1.0,0.2315,1,1.0,2.582249810728533,0.08983039110898972
sun3d-home_at-home_at_scan1_2013_jan_1,7,9,0.37050100777425854,"[0.30,1.00]",0.48828124999999806,1.0,0.441,1,1.0,3.4280551924501084,0.06052295118570328
sun3d-home_at-home_at_scan1_2013_jan_1,8,11,0.14617910712700807,"[0.00,0.15)",0.019531249999999924,0.0,0.006,1,0.0,,
sun3d-home_at-home_at_scan1_2013_jan_1,8,25,0.3719712434543357,"[0.30,1.00]",0.3203124999999987,1.0,0.134,1,0.0,,
sun3d-home_at-home_at_scan1_2013_jan_1,8,30,0.38590574243365583,"[0.30,1.00]",0.26562499999999895,1.0,0.111,1,0.0,,
sun3d-home_at-home_at_scan1_2013_jan_1,8,44,0.23866157805982072,"[0.20,0.25)",0.253906249999999,1.0,0.2,1,1.0,4.056951023403895,0.0997493714094162
sun3d-home_at-home_at_scan1_2013_jan_1,8,45,0.29377829058311883,"[0.25,0.30)",0.3007812499999988,1.0,0.1755,1,1.0,2.9658353213635893,0.060377124696969986
sun3d-home_at-home_at_scan1_2013_jan_1,9,11,0.25051475634866166,"[0.25,0.30)",0.5273437499999979,1.0,0.4295,1,1.0,2.8530701973677464,0.10105554014444351
sun3d-home_at-home_at_scan1_2013_jan_1,9,24,0.27842598947609243,"[0.25,0.30)",0.42187499999999833,1.0,0.237,1,0.0,,
sun3d-home_at-home_at_scan1_2013_jan_1,9,26,0.2639556165637154,"[0.25,0.30)",0.3007812499999988,1.0,0.1525,1,0.0,,
sun3d-home_at-home_at_scan1_2013_jan_1,9,28,0.35861358956760464,"[0.30,1.00]",0.39062499999999845,1.0,0.151,1,0.0,,
sun3d-home_at-home_at_scan1_2013_jan_1,9,29,0.39293067947838023,"[0.30,1.00]",0.4335937499999983,1.0,0.268,1,0.0,,
sun3d-home_at-home_at_scan1_2013_jan_1,9,30,0.23089681994966826,"[0.20,0.25)",0.24609374999999903,1.0,0.124,1,0.0,,
sun3d-home_at-home_at_scan1_2013_jan_1,9,43,0.2167124227865477,"[0.20,0.25)",0.5820312499999977,1.0,0.5035,1,1.0,2.2178791758500758,0.04816753789782524
sun3d-home_at-home_at_scan1_2013_jan_1,9,44,0.25326012354152366,"[0.25,0.30)",0.6093749999999976,1.0,0.4225,1,1.0,2.1639224676355875,0.048372432589530945
sun3d-home_at-home_at_scan1_2013_jan_1,9,45,0.2824868451155342,"[0.25,0.30)",0.6757812499999973,1.0,0.464,1,1.0,2.068289579406128,0.048373881727457047
sun3d-home_md-home_md_scan9_2012_sep_30,0,1,0.48313417699193084,"[0.30,1.00]",0.5664062499999978,1.0,0.281,0,,,
sun3d-home_md-home_md_scan9_2012_sep_30,0,51,0.27787821332510254,"[0.25,0.30)",0.41796874999999833,1.0,0.399,1,1.0,5.83210179692842,0.18826773762702942
sun3d-home_md-home_md_scan9_2012_sep_30,0,52,0.2810529564795626,"[0.25,0.30)",0.4257812499999983,1.0,0.398,1,1.0,5.289205808239989,0.12701036036014557
sun3d-home_md-home_md_scan9_2012_sep_30,0,53,0.24793862163234712,"[0.20,0.25)",0.5507812499999978,1.0,0.473,1,1.0,6.3315917414927805,0.11039318889379501
sun3d-home_md-home_md_scan9_2012_sep_30,0,54,0.2937960227523259,"[0.25,0.30)",0.6640624999999973,1.0,0.59,1,1.0,4.387580263088675,0.06853797286748886
sun3d-home_md-home_md_scan9_2012_sep_30,0,55,0.30680365095462764,"[0.30,1.00]",0.6484374999999974,1.0,0.5225,1,1.0,5.863742787532154,0.10278826206922531
sun3d-home_md-home_md_scan9_2012_sep_30,0,56,0.2666343313197231,"[0.25,0.30)",0.5664062499999978,1.0,0.3935,1,1.0,6.089915390144796,0.12060312181711197
sun3d-home_md-home_md_scan9_2012_sep_30,0,57,0.32272146038185107,"[0.30,1.00]",0.7148437499999971,1.0,0.614,1,1.0,6.2369336445080705,0.17387959361076355
sun3d-home_md-home_md_scan9_2012_sep_30,0,58,0.43370518982318446,"[0.30,1.00]",0.7851562499999969,1.0,0.6795,1,1.0,6.365379669459962,0.20431925356388092
sun3d-home_md-home_md_scan9_2012_sep_30,0,59,0.2772609021561797,"[0.25,0.30)",0.5937499999999977,1.0,0.575,1,1.0,7.733906790562174,0.20787352323532104
sun3d-home_md-home_md_scan9_2012_sep_30,10,32,0.33010654141367857,"[0.30,1.00]",0.41015624999999833,1.0,0.2205,1,0.0,,
sun3d-home_md-home_md_scan9_2012_sep_30,10,33,0.35788750143200826,"[0.30,1.00]",0.29687499999999883,1.0,0.148,1,0.0,,
sun3d-home_md-home_md_scan9_2012_sep_30,10,35,0.3800549891167373,"[0.30,1.00]",0.6015624999999976,1.0,0.264,1,1.0,2.320012281288057,0.054504066705703735
sun3d-home_md-home_md_scan9_2012_sep_30,10,36,0.309371061977317,"[0.30,1.00]",0.7656249999999969,1.0,0.425,1,1.0,2.022359560427729,0.022493282333016396
sun3d-home_md-home_md_scan9_2012_sep_30,11,32,0.32744456561250457,"[0.30,1.00]",0.2226562499999991,0.0,0.0485,1,1.0,5.465724159964296,0.0953608825802803
sun3d-home_md-home_md_scan9_2012_sep_30,11,33,0.2836786623046165,"[0.25,0.30)",0.11328124999999954,0.0,0.005,1,0.0,,
sun3d-home_md-home_md_scan9_2012_sep_30,11,35,0.21344965467102872,"[0.20,0.25)",0.33593749999999867,1.0,0.094,1,1.0,9.372909508421436,0.14401063323020935
sun3d-home_md-home_md_scan9_2012_sep_30,11,36,0.20319883678662304,"[0.20,0.25)",0.507812499999998,1.0,0.22,1,1.0,4.607511791816056,0.06132582202553749
sun3d-home_md-home_md_scan9_2012_sep_30,12,13,0.3782775312626059,"[0.30,1.00]",0.507812499999998,1.0,0.337,0,,,
sun3d-home_md-home_md_scan9_2012_sep_30,12,14,0.15853166599435256,"[0.15,0.20)",0.0,0.0,0.0,1,0.0,,
sun3d-home_md-home_md_scan9_2012_sep_30,12,32,0.32946752722872125,"[0.30,1.00]",0.04687499999999981,0.0,0.002,1,0.0,,
sun3d-home_md-home_md_scan9_2012_sep_30,12,33,0.36789027833803956,"[0.30,1.00]",0.023437499999999906,0.0,0.0035,1,0.0,,
sun3d-home_md-home_md_scan9_2012_sep_30,12,35,0.27117789431222267,"[0.25,0.30)",0.1992187499999992,0.0,0.04,1,0.0,,
sun3d-home_md-home_md_scan9_2012_sep_30,13,17,0.33863734992043976,"[0.30,1.00]",0.6289062499999974,1.0,0.4945,1,1.0,2.2962691170415264,0.05886806175112724
sun3d-home_md-home_md_scan9_2012_sep_30,13,18,0.3721973094170404,"[0.30,1.00]",0.6992187499999972,1.0,0.6435,1,1.0,2.1778065533437543,0.04939448460936546
sun3d-home_md-home_md_scan9_2012_sep_30,13,19,0.3303196875452047,"[0.30,1.00]",0.6093749999999976,1.0,0.5485,1,1.0,2.939315131698793,0.05587475374341011
sun3d-home_md-home_md_scan9_2012_sep_30,13,23,0.22023723419644148,"[0.20,0.25)",0.3164062499999987,1.0,0.244,1,1.0,4.053474005741362,0.02063043601810932
sun3d-home_md-home_md_scan9_2012_sep_30,13,54,0.36706205699406913,"[0.30,1.00]",0.5468749999999978,1.0,0.438,1,1.0,4.529304798079599,0.18441112339496613
sun3d-home_md-home_md_scan9_2012_sep_30,13,55,0.4009113264863301,"[0.30,1.00]",0.7109374999999971,1.0,0.612,1,1.0,3.995667133698371,0.16616825759410858
sun3d-home_md-home_md_scan9_2012_sep_30,13,56,0.3574424996383625,"[0.30,1.00]",0.6171874999999976,1.0,0.4905,1,1.0,4.412774349387924,0.18492834270000458
sun3d-home_md-home_md_scan9_2012_sep_30,13,57,0.36236076956458846,"[0.30,1.00]",0.6210937499999976,1.0,0.534,1,1.0,6.28752807029025,0.26991036534309387
sun3d-home_md-home_md_scan9_2012_sep_30,13,58,0.35143931722841026,"[0.30,1.00]",0.5898437499999977,1.0,0.4605,1,1.0,4.827670508119823,0.23692812025547028
sun3d-home_md-home_md_scan9_2012_sep_30,14,17,0.2036600734206345,"[0.20,0.25)",0.5976562499999976,1.0,0.4995,1,1.0,1.2278042469007253,0.017154952511191368
sun3d-home_md-home_md_scan9_2012_sep_30,14,18,0.2522053586104871,"[0.25,0.30)",0.749999999999997,1.0,0.696,1,1.0,0.8762568302777748,0.02562687359750271
sun3d-home_md-home_md_scan9_2012_sep_30,14,19,0.2271656347597392,"[0.20,0.25)",0.6367187499999974,1.0,0.625,1,1.0,1.2265285570383346,0.023895127698779106
sun3d-home_md-home_md_scan9_2012_sep_30,14,23,0.2355487370555038,"[0.20,0.25)",0.4062499999999984,1.0,0.3345,1,1.0,2.5185499278431545,0.03916342929005623
sun3d-home_md-home_md_scan9_2012_sep_30,14,24,0.34480302449180866,"[0.30,1.00]",0.749999999999997,1.0,0.6165,1,1.0,2.192495580637296,0.02686304971575737
sun3d-home_md-home_md_scan9_2012_sep_30,14,25,0.22420689277299874,"[0.20,0.25)",0.41796874999999833,1.0,0.3465,1,1.0,3.535350180544419,0.047080252319574356
sun3d-home_md-home_md_scan9_2012_sep_30,14,54,0.28491589501945097,"[0.25,0.30)",0.12890624999999947,1.0,0.155,1,1.0,2.63299296739753,0.10848339647054672
sun3d-home_md-home_md_scan9_2012_sep_30,14,55,0.3397074132924223,"[0.30,1.00]",0.5507812499999978,1.0,0.4105,1,1.0,2.9645149414988143,0.14420843124389648
sun3d-home_md-home_md_scan9_2012_sep_30,14,56,0.3215166292257958,"[0.30,1.00]",0.5390624999999979,1.0,0.458,1,1.0,0.48375956408961207,0.021924426779150963
sun3d-home_md-home_md_scan9_2012_sep_30,14,57,0.30869541394992056,"[0.30,1.00]",0.5742187499999977,1.0,0.457,1,1.0,4.000956760014923,0.21258270740509033
sun3d-home_md-home_md_scan9_2012_sep_30,14,58,0.2897375486274725,"[0.25,0.30)",0.38281249999999845,1.0,0.314,1,1.0,3.463962918422414,0.16316373646259308
sun3d-home_md-home_md_scan9_2012_sep_30,15,17,0.2416452442159383,"[0.20,0.25)",0.6796874999999973,1.0,0.6025,1,1.0,1.2265285570383346,0.02134983241558075
sun3d-home_md-home_md_scan9_2012_sep_30,15,18,0.2685089974293059,"[0.25,0.30)",0.7265624999999971,1.0,0.725,1,1.0,0.9004861293681939,0.014274646528065205
sun3d-home_md-home_md_scan9_2012_sep_30,15,19,0.25089974293059125,"[0.25,0.30)",0.6796874999999973,1.0,0.6455,1,1.0,1.3382293847044884,0.013991381041705608
sun3d-home_md-home_md_scan9_2012_sep_30,15,23,0.26053984575835476,"[0.25,0.30)",0.511718749999998,1.0,0.4485,1,1.0,2.966363308893718,0.03890431299805641
sun3d-home_md-home_md_scan9_2012_sep_30,15,24,0.38888174807197945,"[0.30,1.00]",0.738281249999997,1.0,0.6635,1,1.0,2.6225645869215963,0.03417589142918587
sun3d-home_md-home_md_scan9_2012_sep_30,15,25,0.25411311053984575,"[0.25,0.30)",0.42187499999999833,1.0,0.402,1,1.0,2.7738933683687206,0.02145180106163025
sun3d-home_md-home_md_scan9_2012_sep_30,15,54,0.29967866323907455,"[0.25,0.30)",0.5624999999999978,1.0,0.433,1,1.0,2.0671537612427886,0.09019225835800171
sun3d-home_md-home_md_scan9_2012_sep_30,15,55,0.34177377892030847,"[0.30,1.00]",0.757812499999997,1.0,0.5565,1,1.0,2.189815923434352,0.09932580590248108
sun3d-home_md-home_md_scan9_2012_sep_30,15,56,0.350706940874036,"[0.30,1.00]",0.7734374999999969,1.0,0.578,1,1.0,1.9568476372801211,0.0889730155467987
sun3d-home_md-home_md_scan9_2012_sep_30,15,57,0.3210796915167095,"[0.30,1.00]",0.7304687499999971,1.0,0.5795,1,1.0,3.8581331774774896,0.17978784441947937
sun3d-home_md-home_md_scan9_2012_sep_30,15,58,0.2989074550128535,"[0.25,0.30)",0.511718749999998,1.0,0.4195,1,1.0,2.7785469287783697,0.1546856313943863
sun3d-home_md-home_md_scan9_2012_sep_30,16,17,0.3834994732150093,"[0.30,1.00]",0.7890624999999969,1.0,0.719,0,,,
sun3d-home_md-home_md_scan9_2012_sep_30,16,19,0.34168084933949266,"[0.30,1.00]",0.7265624999999971,1.0,0.6995,1,1.0,1.2942220653049932,0.017537780106067657
sun3d-home_md-home_md_scan9_2012_sep_30,16,20,0.20285274333414377,"[0.20,0.25)",0.4374999999999983,1.0,0.346,1,1.0,1.381968426075423,0.011085378006100655
sun3d-home_md-home_md_scan9_2012_sep_30,16,21,0.17359591539022612,"[0.15,0.20)",0.1249999999999995,1.0,0.096,1,1.0,3.595319349016154,0.020944656804203987
sun3d-home_md-home_md_scan9_2012_sep_30,16,22,0.22805737904206175,"[0.20,0.25)",0.42187499999999833,1.0,0.277,1,1.0,4.8774886127010095,0.05348201468586922
sun3d-home_md-home_md_scan9_2012_sep_30,16,23,0.337871788637653,"[0.30,1.00]",0.5429687499999978,1.0,0.49,1,1.0,2.6075946059317183,0.031986985355615616
sun3d-home_md-home_md_scan9_2012_sep_30,16,25,0.23170435205446147,"[0.20,0.25)",0.26953124999999895,1.0,0.1915,1,1.0,6.823805990932599,0.0969088226556778
sun3d-home_md-home_md_scan9_2012_sep_30,16,54,0.4262906232271659,"[0.30,1.00]",0.6523437499999974,1.0,0.5215,1,1.0,2.404198856501969,0.08962719887495041
sun3d-home_md-home_md_scan9_2012_sep_30,16,58,0.4227246940594862,"[0.30,1.00]",0.6171874999999976,1.0,0.422,1,1.0,1.3140290061125053,0.06290324777364731
sun3d-home_md-home_md_scan9_2012_sep_30,17,23,0.31460134486071084,"[0.30,1.00]",0.23828124999999906,1.0,0.259,1,1.0,4.605555755454529,0.055495258420705795
sun3d-home_md-home_md_scan9_2012_sep_30,17,34,0.24687800192122958,"[0.20,0.25)",0.14843749999999942,1.0,0.121,1,1.0,3.893600216548997,0.09877116233110428
sun3d-home_md-home_md_scan9_2012_sep_30,18,24,0.2716283479497511,"[0.25,0.30)",0.1718749999999993,1.0,0.141,1,1.0,5.325388368331086,0.055292222648859024
sun3d-home_md-home_md_scan9_2012_sep_30,18,59,0.5233467646361697,"[0.30,1.00]",0.249999999999999,1.0,0.155,1,1.0,4.294821649006586,0.2077559530735016
sun3d-home_md-home_md_scan9_2012_sep_30,19,21,0.3461026868848098,"[0.30,1.00]",0.16015624999999936,1.0,0.1005,1,1.0,8.852992926356885,0.08668602257966995
sun3d-home_md-home_md_scan9_2012_sep_30,19,24,0.3115190210162277,"[0.30,1.00]",0.2031249999999992,1.0,0.166,1,1.0,5.598637008607458,0.034892335534095764
sun3d-home_md-home_md_scan9_2012_sep_30,19,59,0.5841979249800479,"[0.30,1.00]",0.32812499999999867,1.0,0.2025,1,1.0,5.781266443724436,0.1830727607011795
sun3d-home_md-home_md_scan9_2012_sep_30,1,3,0.2497700275966884,"[0.20,0.25)",0.6249999999999976,1.0,0.4425,1,1.0,4.745985290577985,0.04484925419092178
sun3d-home_md-home_md_scan9_2012_sep_30,1,37,0.17253929528456585,"[0.15,0.20)",0.507812499999998,1.0,0.2465,1,1.0,4.355500930351039,0.11163327842950821
sun3d-home_md-home_md_scan9_2012_sep_30,1,38,0.32172139343278805,"[0.30,1.00]",0.6796874999999973,1.0,0.525,1,1.0,2.1072863310509904,0.09759900718927383
sun3d-home_md-home_md_scan9_2012_sep_30,1,4,0.19789625244970604,"[0.15,0.20)",0.6171874999999976,1.0,0.5025,1,1.0,4.087057307355776,0.05328834429383278
sun3d-home_md-home_md_scan9_2012_sep_30,1,46,0.2536095668519778,"[0.25,0.30)",0.6601562499999973,1.0,0.5715,1,1.0,1.0896625259656016,0.05882422626018524
sun3d-home_md-home_md_scan9_2012_sep_30,1,5,0.2688077430708315,"[0.25,0.30)",0.5976562499999976,1.0,0.4115,1,1.0,4.284228870245162,0.054116204380989075
sun3d-home_md-home_md_scan9_2012_sep_30,1,6,0.23673159220893492,"[0.20,0.25)",0.4296874999999983,1.0,0.209,1,1.0,4.8928078556975905,0.1737959384918213
sun3d-home_md-home_md_scan9_2012_sep_30,1,7,0.3999520057593089,"[0.30,1.00]",0.7812499999999969,1.0,0.528,1,1.0,2.414596976253214,0.04947378858923912
sun3d-home_md-home_md_scan9_2012_sep_30,1,8,0.2961644602647682,"[0.25,0.30)",0.6992187499999972,1.0,0.52,1,1.0,2.635964932246543,0.04909591004252434
sun3d-home_md-home_md_scan9_2012_sep_30,20,23,0.3917525773195876,"[0.30,1.00]",0.18749999999999925,1.0,0.1725,1,1.0,6.746628885930407,0.059356894344091415
sun3d-home_md-home_md_scan9_2012_sep_30,21,23,0.30619210141394443,"[0.30,1.00]",0.054687499999999785,0.0,0.045,1,0.0,,
sun3d-home_md-home_md_scan9_2012_sep_30,21,34,0.2569478303266699,"[0.25,0.30)",0.04687499999999981,0.0,0.0215,1,0.0,,
sun3d-home_md-home_md_scan9_2012_sep_30,22,59,0.4151654796816087,"[0.30,1.00]",0.1523437499999994,1.0,0.0505,1,0.0,,
sun3d-home_md-home_md_scan9_2012_sep_30,23,25,0.21410090556274256,"[0.20,0.25)",0.07031249999999972,0.0,0.0165,1,0.0,,
sun3d-home_md-home_md_scan9_2012_sep_30,23,59,0.44663648124191463,"[0.30,1.00]",0.054687499999999785,0.0,0.0285,1,0.0,,
sun3d-home_md-home_md_scan9_2012_sep_30,24,26,0.2702258726899384,"[0.25,0.30)",0.0039062499999999844,0.0,0.001,1,0.0,,
sun3d-home_md-home_md_scan9_2012_sep_30,24,52,0.23983572895277208,"[0.20,0.25)",0.0,0.0,0.0,1,0.0,,
sun3d-home_md-home_md_scan9_2012_sep_30,24,54,0.22012320328542095,"[0.20,0.25)",0.03515624999999986,0.0,0.028,1,0.0,,
sun3d-home_md-home_md_scan9_2012_sep_30,24,55,0.2950718685831622,"[0.25,0.30)",0.14843749999999942,1.0,0.0945,1,0.0,,
sun3d-home_md-home_md_scan9_2012_sep_30,24,56,0.33347022587268993,"[0.30,1.00]",0.18359374999999928,1.0,0.1535,1,0.0,,
sun3d-home_md-home_md_scan9_2012_sep_30,24,57,0.21724845995893224,"[0.20,0.25)",0.06640624999999974,1.0,0.0515,1,0.0,,
sun3d-home_md-home_md_scan9_2012_sep_30,25,27,0.36678680343775993,"[0.30,1.00]",0.18359374999999928,1.0,0.1315,1,1.0,5.825779964592969,0.11123187839984894
sun3d-home_md-home_md_scan9_2012_sep_30,25,52,0.43415580815081783,"[0.30,1.00]",0.0,0.0,0.0,1,0.0,,
sun3d-home_md-home_md_scan9_2012_sep_30,25,54,0.3021901857499307,"[0.30,1.00]",0.007812499999999969,0.0,0.0005,1,0.0,,
sun3d-home_md-home_md_scan9_2012_sep_30,25,55,0.3956196285001386,"[0.30,1.00]",0.007812499999999969,0.0,0.0125,1,0.0,,
sun3d-home_md-home_md_scan9_2012_sep_30,25,56,0.4286110341003604,"[0.30,1.00]",0.0039062499999999844,0.0,0.004,1,0.0,,
sun3d-home_md-home_md_scan9_2012_sep_30,25,57,0.3288051011921264,"[0.30,1.00]",0.019531249999999924,0.0,0.0205,1,0.0,,
sun3d-home_md-home_md_scan9_2012_sep_30,25,58,0.2980316052120876,"[0.25,0.30)",0.0,0.0,0.002,1,0.0,,
sun3d-home_md-home_md_scan9_2012_sep_30,25,59,0.30191294704740784,"[0.30,1.00]",0.019531249999999924,0.0,0.0065,1,0.0,,
sun3d-home_md-home_md_scan9_2012_sep_30,26,42,0.2740073218811602,"[0.25,0.30)",0.5156249999999979,1.0,0.515,1,0.0,,
sun3d-home_md-home_md_scan9_2012_sep_30,26,43,0.2389937106918239,"[0.20,0.25)",0.36718749999999856,1.0,0.2375,1,0.0,,
sun3d-home_md-home_md_scan9_2012_sep_30,26,59,0.32629306298695204,"[0.30,1.00]",0.09765624999999961,1.0,0.096,1,0.0,,
sun3d-home_md-home_md_scan9_2012_sep_30,27,29,0.18325390150453227,"[0.15,0.20)",0.3710937499999985,1.0,0.356,1,1.0,4.453070489810758,0.22339066863059998
sun3d-home_md-home_md_scan9_2012_sep_30,27,42,0.4211755910662555,"[0.30,1.00]",0.6210937499999976,1.0,0.567,1,1.0,5.010710344894428,0.27323317527770996
sun3d-home_md-home_md_scan9_2012_sep_30,27,43,0.3095972339033735,"[0.30,1.00]",0.48046874999999806,1.0,0.3725,1,0.0,,
sun3d-home_md-home_md_scan9_2012_sep_30,27,59,0.34875245304177177,"[0.30,1.00]",0.007812499999999969,0.0,0.0015,1,0.0,,
sun3d-home_md-home_md_scan9_2012_sep_30,28,42,0.44408274703349787,"[0.30,1.00]",0.49218749999999806,1.0,0.512,1,0.0,,
sun3d-home_md-home_md_scan9_2012_sep_30,28,43,0.3002205187440932,"[0.30,1.00]",0.28906249999999883,1.0,0.271,1,0.0,,
sun3d-home_md-home_md_scan9_2012_sep_30,28,44,0.1388217998529875,"[0.00,0.15)",0.23828124999999906,1.0,0.125,1,0.0,,
sun3d-home_md-home_md_scan9_2012_sep_30,28,59,0.3913682663026357,"[0.30,1.00]",0.007812499999999969,0.0,0.0,1,0.0,,
sun3d-home_md-home_md_scan9_2012_sep_30,29,39,0.1714029314986539,"[0.15,0.20)",0.015624999999999938,0.0,0.001,1,0.0,,
sun3d-home_md-home_md_scan9_2012_sep_30,29,44,0.14687406521088842,"[0.00,0.15)",0.11328124999999954,1.0,0.054,1,0.0,,
sun3d-home_md-home_md_scan9_2012_sep_30,29,51,0.3422075979658989,"[0.30,1.00]",0.24609374999999903,1.0,0.336,1,1.0,3.9614092803747236,0.09398125857114792
sun3d-home_md-home_md_scan9_2012_sep_30,2,3,0.5568059637301985,"[0.30,1.00]",0.8906249999999964,1.0,0.8415,0,,,
sun3d-home_md-home_md_scan9_2012_sep_30,2,36,0.21579098272525268,"[0.20,0.25)",0.054687499999999785,0.0,0.0105,1,0.0,,
sun3d-home_md-home_md_scan9_2012_sep_30,2,37,0.35968747760017206,"[0.30,1.00]",0.8398437499999967,1.0,0.501,1,1.0,2.3730612022711477,0.05949322506785393
sun3d-home_md-home_md_scan9_2012_sep_30,2,38,0.5905311447208086,"[0.30,1.00]",0.9062499999999963,1.0,0.736,1,1.0,1.7253303085957137,0.06285766512155533
sun3d-home_md-home_md_scan9_2012_sep_30,2,39,0.4188588631639309,"[0.30,1.00]",0.8867187499999964,1.0,0.7745,1,1.0,1.8086182004102103,0.06902629882097244
sun3d-home_md-home_md_scan9_2012_sep_30,2,4,0.4596444699304709,"[0.30,1.00]",0.8632812499999966,1.0,0.81,1,1.0,2.0329768050792847,0.04352512210607529
sun3d-home_md-home_md_scan9_2012_sep_30,2,40,0.37359329080352666,"[0.30,1.00]",0.8906249999999964,1.0,0.797,1,1.0,1.6471073830395782,0.0642426609992981
sun3d-home_md-home_md_scan9_2012_sep_30,2,41,0.2454662748190094,"[0.20,0.25)",0.7968749999999968,1.0,0.7145,1,1.0,1.9564475477704673,0.07284402847290039
sun3d-home_md-home_md_scan9_2012_sep_30,2,45,0.21880151960432945,"[0.20,0.25)",0.6679687499999973,1.0,0.623,1,1.0,1.5910236722972149,0.07310537993907928
sun3d-home_md-home_md_scan9_2012_sep_30,2,46,0.49491075908537024,"[0.30,1.00]",0.8906249999999964,1.0,0.737,1,1.0,2.2911493020343987,0.09464626014232635
sun3d-home_md-home_md_scan9_2012_sep_30,2,47,0.2449645186724966,"[0.20,0.25)",0.9062499999999963,1.0,0.7645,1,1.0,2.149220377236154,0.08354540169239044
sun3d-home_md-home_md_scan9_2012_sep_30,2,49,0.17665400329725467,"[0.15,0.20)",0.7812499999999969,1.0,0.6735,1,1.0,1.9061860077486548,0.0794120728969574
sun3d-home_md-home_md_scan9_2012_sep_30,2,6,0.4490000716794495,"[0.30,1.00]",0.8593749999999966,1.0,0.692,1,1.0,3.1251206829404925,0.1464919000864029
sun3d-home_md-home_md_scan9_2012_sep_30,2,9,0.20080997777937065,"[0.20,0.25)",0.14062499999999944,1.0,0.0665,1,0.0,,
sun3d-home_md-home_md_scan9_2012_sep_30,30,31,0.2574656078738396,"[0.25,0.30)",0.4374999999999983,1.0,0.373,0,,,
sun3d-home_md-home_md_scan9_2012_sep_30,30,38,0.35790180069343475,"[0.30,1.00]",0.23046874999999908,1.0,0.114,1,1.0,5.847407307045841,0.3216441869735718
sun3d-home_md-home_md_scan9_2012_sep_30,30,39,0.5261156470193491,"[0.30,1.00]",0.507812499999998,1.0,0.338,1,0.0,,
sun3d-home_md-home_md_scan9_2012_sep_30,30,40,0.5338329045968012,"[0.30,1.00]",0.496093749999998,1.0,0.3625,1,0.0,,
sun3d-home_md-home_md_scan9_2012_sep_30,30,41,0.5284643775863997,"[0.30,1.00]",0.24609374999999903,1.0,0.238,1,1.0,7.515384249249993,0.36846932768821716
sun3d-home_md-home_md_scan9_2012_sep_30,30,42,0.4967005927748574,"[0.30,1.00]",0.5546874999999978,1.0,0.4065,1,0.0,,
sun3d-home_md-home_md_scan9_2012_sep_30,30,43,0.37534951347723966,"[0.30,1.00]",0.21484374999999914,1.0,0.1415,1,0.0,,
sun3d-home_md-home_md_scan9_2012_sep_30,30,45,0.4992730119673415,"[0.30,1.00]",0.48437499999999806,1.0,0.346,1,0.0,,
sun3d-home_md-home_md_scan9_2012_sep_30,30,46,0.5387540543563359,"[0.30,1.00]",0.4765624999999981,1.0,0.3435,1,0.0,,
sun3d-home_md-home_md_scan9_2012_sep_30,30,47,0.5324907728442009,"[0.30,1.00]",0.09765624999999961,1.0,0.1095,1,1.0,5.4068224412154695,0.2861972749233246
sun3d-home_md-home_md_scan9_2012_sep_30,30,48,0.39156693882116095,"[0.30,1.00]",0.11718749999999953,1.0,0.137,1,0.0,,
sun3d-home_md-home_md_scan9_2012_sep_30,30,49,0.5342802818476681,"[0.30,1.00]",0.1757812499999993,1.0,0.136,1,1.0,7.62323582320345,0.25106579065322876
sun3d-home_md-home_md_scan9_2012_sep_30,30,50,0.3585728665697349,"[0.30,1.00]",0.4335937499999983,1.0,0.4375,1,0.0,,
sun3d-home_md-home_md_scan9_2012_sep_30,31,33,0.2063407722281261,"[0.20,0.25)",0.0781249999999997,0.0,0.0,1,0.0,,
sun3d-home_md-home_md_scan9_2012_sep_30,31,35,0.24920297555791712,"[0.20,0.25)",0.09374999999999963,0.0,0.0,1,0.0,,
sun3d-home_md-home_md_scan9_2012_sep_30,31,36,0.2669146298264258,"[0.25,0.30)",0.07421874999999971,0.0,0.031,1,0.0,,
sun3d-home_md-home_md_scan9_2012_sep_30,31,37,0.19872476089266738,"[0.15,0.20)",0.007812499999999969,0.0,0.0,1,0.0,,
sun3d-home_md-home_md_scan9_2012_sep_30,32,37,0.25907505010763865,"[0.25,0.30)",0.33984374999999867,1.0,0.134,1,1.0,2.8519722136641965,0.13326117396354675
sun3d-home_md-home_md_scan9_2012_sep_30,33,37,0.1950207468879668,"[0.15,0.20)",0.21484374999999914,1.0,0.114,1,0.0,,
sun3d-home_md-home_md_scan9_2012_sep_30,34,36,0.18890883702373829,"[0.15,0.20)",0.1718749999999993,1.0,0.1105,1,0.0,,
sun3d-home_md-home_md_scan9_2012_sep_30,34,58,0.16337522441651706,"[0.15,0.20)",0.0,0.0,0.0,1,0.0,,
sun3d-home_md-home_md_scan9_2012_sep_30,37,39,0.14970250743731406,"[0.00,0.15)",0.33984374999999867,1.0,0.32,1,1.0,6.982862256822892,0.1881047934293747
sun3d-home_md-home_md_scan9_2012_sep_30,37,40,0.17881427964300892,"[0.15,0.20)",0.3789062499999985,1.0,0.3765,1,1.0,2.707760029311045,0.05406670272350311
sun3d-home_md-home_md_scan9_2012_sep_30,37,46,0.19411389715257119,"[0.15,0.20)",0.39062499999999845,1.0,0.3175,1,1.0,4.118655936820745,0.12093810737133026
sun3d-home_md-home_md_scan9_2012_sep_30,38,45,0.49399432190434595,"[0.30,1.00]",0.7851562499999969,1.0,0.7305,1,1.0,3.725624369600386,0.21509729325771332
sun3d-home_md-home_md_scan9_2012_sep_30,38,48,0.2785324306617165,"[0.25,0.30)",0.8476562499999966,1.0,0.811,1,1.0,1.718511180656375,0.0314953476190567
sun3d-home_md-home_md_scan9_2012_sep_30,38,49,0.3547499454029264,"[0.30,1.00]",0.8984374999999964,1.0,0.804,1,1.0,1.8414316165545939,0.041863489896059036
sun3d-home_md-home_md_scan9_2012_sep_30,39,42,0.2636792452830189,"[0.25,0.30)",0.8124999999999968,1.0,0.7745,1,1.0,3.9768026847776685,0.03527669236063957
sun3d-home_md-home_md_scan9_2012_sep_30,39,43,0.171187106918239,"[0.15,0.20)",0.5859374999999977,1.0,0.512,1,1.0,4.014443079895346,0.1160450130701065
sun3d-home_md-home_md_scan9_2012_sep_30,39,44,0.14312106918238993,"[0.00,0.15)",0.29296874999999883,1.0,0.102,1,0.0,,
sun3d-home_md-home_md_scan9_2012_sep_30,39,48,0.3129716981132076,"[0.30,1.00]",0.9179687499999963,1.0,0.888,1,1.0,1.655166941363154,0.024893594905734062
sun3d-home_md-home_md_scan9_2012_sep_30,39,49,0.38486635220125787,"[0.30,1.00]",0.9492187499999962,1.0,0.8895,1,1.0,1.5236704697765164,0.027161134406924248
sun3d-home_md-home_md_scan9_2012_sep_30,3,45,0.5080759896225625,"[0.30,1.00]",0.761718749999997,1.0,0.7725,1,1.0,3.0799419039894262,0.13425922393798828
sun3d-home_md-home_md_scan9_2012_sep_30,3,48,0.2562975981253661,"[0.25,0.30)",0.7304687499999971,1.0,0.593,1,1.0,1.706626834370715,0.030171426013112068
sun3d-home_md-home_md_scan9_2012_sep_30,3,49,0.34952715708427484,"[0.30,1.00]",0.8632812499999966,1.0,0.7395,1,1.0,1.2899815026325026,0.012874700129032135
sun3d-home_md-home_md_scan9_2012_sep_30,3,8,0.21784249728010713,"[0.20,0.25)",0.6562499999999973,1.0,0.6065,1,1.0,3.3606857319819685,0.08605567365884781
sun3d-home_md-home_md_scan9_2012_sep_30,40,42,0.24393081124822982,"[0.20,0.25)",0.6835937499999972,1.0,0.6625,1,1.0,4.022143189666146,0.014915399253368378
sun3d-home_md-home_md_scan9_2012_sep_30,40,43,0.1486951244183694,"[0.00,0.15)",0.45703124999999817,1.0,0.354,1,1.0,4.908638189728527,0.1917031854391098
sun3d-home_md-home_md_scan9_2012_sep_30,40,48,0.35403601051992717,"[0.30,1.00]",0.8906249999999964,1.0,0.826,1,1.0,1.6344647177217295,0.035117022693157196
sun3d-home_md-home_md_scan9_2012_sep_30,41,43,0.24612265029867925,"[0.20,0.25)",0.6484374999999974,1.0,0.621,1,1.0,1.8159612940807341,0.060757722705602646
sun3d-home_md-home_md_scan9_2012_sep_30,41,50,0.3982024442374089,"[0.30,1.00]",0.7656249999999969,1.0,0.6095,1,1.0,3.6029356101993026,0.08010057359933853
sun3d-home_md-home_md_scan9_2012_sep_30,42,45,0.333626669427477,"[0.30,1.00]",0.6914062499999972,1.0,0.65,1,1.0,4.333681768487317,0.11392340809106827
sun3d-home_md-home_md_scan9_2012_sep_30,42,46,0.30060047623977637,"[0.30,1.00]",0.8164062499999968,1.0,0.808,1,1.0,3.857930153277682,0.07794671505689621
sun3d-home_md-home_md_scan9_2012_sep_30,42,47,0.38854953928978153,"[0.30,1.00]",0.8593749999999966,1.0,0.8205,1,1.0,2.579064210870551,0.07458678632974625
sun3d-home_md-home_md_scan9_2012_sep_30,43,44,0.46706586826347307,"[0.30,1.00]",0.5781249999999977,1.0,0.41,0,,,
sun3d-home_md-home_md_scan9_2012_sep_30,43,45,0.42386368203190933,"[0.30,1.00]",0.7695312499999969,1.0,0.738,1,1.0,3.660943879754403,0.08076943457126617
sun3d-home_md-home_md_scan9_2012_sep_30,43,47,0.17124140979785396,"[0.15,0.20)",0.6992187499999972,1.0,0.6695,1,1.0,1.8318416074337514,0.05767576023936272
sun3d-home_md-home_md_scan9_2012_sep_30,43,48,0.1497005988023952,"[0.00,0.15)",0.35546874999999856,1.0,0.2925,1,1.0,5.359865246181878,0.17522698640823364
sun3d-home_md-home_md_scan9_2012_sep_30,43,49,0.15637182011815295,"[0.15,0.20)",0.5703124999999977,1.0,0.5205,1,1.0,1.6497191947049163,0.08762016892433167
sun3d-home_md-home_md_scan9_2012_sep_30,43,50,0.3703331591849857,"[0.30,1.00]",0.7890624999999969,1.0,0.559,1,1.0,4.3412677641644155,0.2140558511018753
sun3d-home_md-home_md_scan9_2012_sep_30,43,51,0.25652051601494996,"[0.25,0.30)",0.5468749999999978,1.0,0.3855,1,0.0,,
sun3d-home_md-home_md_scan9_2012_sep_30,45,48,0.22126720674438516,"[0.20,0.25)",0.8085937499999968,1.0,0.7745,1,1.0,2.1404603983213772,0.020462770015001297
sun3d-home_md-home_md_scan9_2012_sep_30,45,49,0.2937495883553975,"[0.25,0.30)",0.8867187499999964,1.0,0.82,1,1.0,2.339000732346678,0.0571511946618557
sun3d-home_md-home_md_scan9_2012_sep_30,45,50,0.16594217216623855,"[0.15,0.20)",0.5468749999999978,1.0,0.4925,1,1.0,6.45682688157905,0.09256316721439362
sun3d-home_md-home_md_scan9_2012_sep_30,46,48,0.28086281534557395,"[0.25,0.30)",0.9062499999999963,1.0,0.857,1,1.0,1.8975422033767464,0.023019488900899887
sun3d-home_md-home_md_scan9_2012_sep_30,46,49,0.35016420361247946,"[0.30,1.00]",0.9179687499999963,1.0,0.8515,1,1.0,2.061465287392592,0.02900596894323826
sun3d-home_md-home_md_scan9_2012_sep_30,47,50,0.3702991079237362,"[0.30,1.00]",0.761718749999997,1.0,0.6875,1,1.0,2.8760311067279103,0.07085629552602768
sun3d-home_md-home_md_scan9_2012_sep_30,48,51,0.20459886933875374,"[0.20,0.25)",0.0,0.0,0.0,1,0.0,,
sun3d-home_md-home_md_scan9_2012_sep_30,4,30,0.21429428948737445,"[0.20,0.25)",0.5703124999999977,1.0,0.5745,1,1.0,5.62141431032234,0.22948817908763885
sun3d-home_md-home_md_scan9_2012_sep_30,4,41,0.4994997799031574,"[0.30,1.00]",0.9414062499999962,1.0,0.826,1,1.0,1.4804160219176143,0.04940875619649887
sun3d-home_md-home_md_scan9_2012_sep_30,4,45,0.47969106406819,"[0.30,1.00]",0.742187499999997,1.0,0.7205,1,1.0,3.2680641760070515,0.15428279340267181
sun3d-home_md-home_md_scan9_2012_sep_30,4,47,0.5022609948377286,"[0.30,1.00]",0.9374999999999962,1.0,0.822,1,1.0,1.4990691391225952,0.05662382021546364
sun3d-home_md-home_md_scan9_2012_sep_30,4,48,0.24966985473608388,"[0.20,0.25)",0.8281249999999967,1.0,0.7115,1,1.0,0.9659084171360984,0.024870198220014572
sun3d-home_md-home_md_scan9_2012_sep_30,4,49,0.3365480811557085,"[0.30,1.00]",0.9414062499999962,1.0,0.8095,1,1.0,0.616755330242869,0.016346005722880363
sun3d-home_md-home_md_scan9_2012_sep_30,4,8,0.17467685781743966,"[0.15,0.20)",0.5312499999999979,1.0,0.532,1,1.0,1.6888753108277428,0.046181820333004
sun3d-home_md-home_md_scan9_2012_sep_30,50,59,0.22812755519215044,"[0.20,0.25)",0.5976562499999976,1.0,0.4675,1,1.0,1.1487585042241961,0.028064534068107605
sun3d-home_md-home_md_scan9_2012_sep_30,51,53,0.14720213170917396,"[0.00,0.15)",0.6562499999999973,1.0,0.501,1,1.0,1.5241841257207889,0.015479951165616512
sun3d-home_md-home_md_scan9_2012_sep_30,52,53,0.3481926827480021,"[0.30,1.00]",0.8046874999999968,1.0,0.6975,0,,,
sun3d-home_md-home_md_scan9_2012_sep_30,52,54,0.3636630251484713,"[0.30,1.00]",0.7304687499999971,1.0,0.6515,1,1.0,1.1429521510551501,0.03895925357937813
sun3d-home_md-home_md_scan9_2012_sep_30,52,55,0.24811203167387638,"[0.20,0.25)",0.5234374999999979,1.0,0.524,1,1.0,1.518782076101755,0.04834463447332382
sun3d-home_md-home_md_scan9_2012_sep_30,52,56,0.1823447466823081,"[0.15,0.20)",0.28906249999999883,1.0,0.261,1,1.0,4.157652251759671,0.10823523998260498
sun3d-home_md-home_md_scan9_2012_sep_30,52,57,0.3042745069286605,"[0.30,1.00]",0.496093749999998,1.0,0.512,1,1.0,0.4925778337504007,0.019874777644872665
sun3d-home_md-home_md_scan9_2012_sep_30,52,58,0.3968032846982917,"[0.30,1.00]",0.6249999999999976,1.0,0.5665,1,1.0,1.8407938364299798,0.06080598011612892
sun3d-home_md-home_md_scan9_2012_sep_30,53,57,0.305897327110734,"[0.30,1.00]",0.03515624999999986,0.0,0.0465,1,0.0,,
sun3d-home_md-home_md_scan9_2012_sep_30,56,59,0.4513355848940743,"[0.30,1.00]",0.5820312499999977,1.0,0.491,1,1.0,2.092747670404994,0.07094480097293854
sun3d-home_md-home_md_scan9_2012_sep_30,5,37,0.14595898673100122,"[0.00,0.15)",0.6132812499999976,1.0,0.4945,1,1.0,6.011836835646411,0.24154622852802277
sun3d-home_md-home_md_scan9_2012_sep_30,5,41,0.3966973087641945,"[0.30,1.00]",0.8906249999999964,1.0,0.8185,1,1.0,1.3208616513041744,0.03817037120461464
sun3d-home_md-home_md_scan9_2012_sep_30,5,45,0.4837153196622437,"[0.30,1.00]",0.749999999999997,1.0,0.7715,1,1.0,3.1660718686610596,0.14074194431304932
sun3d-home_md-home_md_scan9_2012_sep_30,5,47,0.39752922091427145,"[0.30,1.00]",0.9101562499999963,1.0,0.789,1,1.0,0.9004861293681939,0.034076180309057236
sun3d-home_md-home_md_scan9_2012_sep_30,5,48,0.18622353479472567,"[0.15,0.20)",0.7343749999999971,1.0,0.6865,1,1.0,1.314326816116147,0.04084327071905136
sun3d-home_md-home_md_scan9_2012_sep_30,5,49,0.2544819267085396,"[0.25,0.30)",0.8554687499999966,1.0,0.766,1,1.0,1.1305579233378407,0.007979766465723515
sun3d-home_md-home_md_scan9_2012_sep_30,5,8,0.23855080903456594,"[0.20,0.25)",0.7343749999999971,1.0,0.6705,1,1.0,2.6716638857891897,0.05011755973100662
sun3d-home_md-home_md_scan9_2012_sep_30,6,40,0.4037296037296037,"[0.30,1.00]",0.9179687499999963,1.0,0.7855,1,1.0,2.575114678606529,0.08363693952560425
sun3d-home_md-home_md_scan9_2012_sep_30,6,41,0.2193261284170375,"[0.20,0.25)",0.5859374999999977,1.0,0.5955,1,1.0,2.7218919750177903,0.06525964289903641
sun3d-home_md-home_md_scan9_2012_sep_30,6,45,0.46450519177791905,"[0.30,1.00]",0.749999999999997,1.0,0.668,1,1.0,5.182776615538906,0.2421387881040573
sun3d-home_md-home_md_scan9_2012_sep_30,6,47,0.21763085399449036,"[0.20,0.25)",0.6757812499999973,1.0,0.658,1,1.0,1.3996965890530049,0.04289088770747185
sun3d-home_md-home_md_scan9_2012_sep_30,6,8,0.17020555202373383,"[0.15,0.20)",0.4765624999999981,1.0,0.434,1,1.0,5.821337142983221,0.11139623820781708
sun3d-home_md-home_md_scan9_2012_sep_30,7,37,0.2803455512714139,"[0.25,0.30)",0.8515624999999966,1.0,0.591,1,1.0,4.587572411064531,0.16203320026397705
sun3d-home_md-home_md_scan9_2012_sep_30,7,40,0.5216945678168774,"[0.30,1.00]",0.9023437499999964,1.0,0.7925,1,1.0,1.2614502897232025,0.042890600860118866
sun3d-home_md-home_md_scan9_2012_sep_30,7,41,0.2959636878324955,"[0.25,0.30)",0.7890624999999969,1.0,0.727,1,1.0,1.4510434807335026,0.03721713274717331
sun3d-home_md-home_md_scan9_2012_sep_30,7,45,0.3581922006930548,"[0.30,1.00]",0.8124999999999968,1.0,0.7005,1,1.0,1.1074750199567165,0.049564141780138016
sun3d-home_md-home_md_scan9_2012_sep_30,7,47,0.3011860022451071,"[0.30,1.00]",0.8554687499999966,1.0,0.7375,1,1.0,1.424639974394032,0.041903261095285416
sun3d-home_md-home_md_scan9_2012_sep_30,7,49,0.1747279027770999,"[0.15,0.20)",0.7109374999999971,1.0,0.6415,1,1.0,2.0128534087576235,0.0455315001308918
sun3d-home_md-home_md_scan9_2012_sep_30,7,8,0.39879935575186687,"[0.30,1.00]",0.9023437499999964,1.0,0.7645,0,,,
sun3d-home_md-home_md_scan9_2012_sep_30,8,10,0.22839609952925352,"[0.20,0.25)",0.29296874999999883,1.0,0.1,1,1.0,12.574994654800298,0.3481943607330322
sun3d-home_md-home_md_scan9_2012_sep_30,8,32,0.254034969737727,"[0.25,0.30)",0.26171874999999895,1.0,0.0895,1,0.0,,
sun3d-home_md-home_md_scan9_2012_sep_30,8,33,0.19031607262945527,"[0.15,0.20)",0.23046874999999908,1.0,0.0565,1,0.0,,
sun3d-home_md-home_md_scan9_2012_sep_30,8,39,0.16728312037659718,"[0.15,0.20)",0.3749999999999985,1.0,0.4085,1,1.0,2.5508288168495756,0.05607140436768532
sun3d-home_md-home_md_scan9_2012_sep_30,8,40,0.18207800941492938,"[0.15,0.20)",0.45703124999999817,1.0,0.453,1,1.0,1.8307729510240203,0.00800806563347578
sun3d-home_md-home_md_scan9_2012_sep_30,8,46,0.2484868863483524,"[0.20,0.25)",0.5195312499999979,1.0,0.508,1,1.0,2.7470894178130485,0.06011107563972473
sun3d-home_md-home_md_scan9_2012_sep_30,9,12,0.36070829993441667,"[0.30,1.00]",0.6054687499999976,1.0,0.424,1,1.0,3.879593582551207,0.08890046179294586
sun3d-home_md-home_md_scan9_2012_sep_30,9,32,0.35750200393499965,"[0.30,1.00]",0.511718749999998,1.0,0.314,1,1.0,2.077730594906107,0.13301794230937958
sun3d-home_md-home_md_scan9_2012_sep_30,9,33,0.34351089411936164,"[0.30,1.00]",0.08593749999999965,1.0,0.05,1,0.0,,
sun3d-hotel_uc-scan3,0,11,0.29988970841662643,"[0.25,0.30)",0.8749999999999966,1.0,0.7025,1,1.0,1.454814732465097,0.05248766764998436
sun3d-hotel_uc-scan3,0,18,0.395464258633763,"[0.30,1.00]",0.7968749999999968,1.0,0.63,1,1.0,1.609124707717104,0.07944221794605255
sun3d-hotel_uc-scan3,0,20,0.400358447645964,"[0.30,1.00]",0.8046874999999968,1.0,0.6195,1,1.0,2.720309391240367,0.12317997217178345
sun3d-hotel_uc-scan3,0,34,0.228648238781278,"[0.20,0.25)",0.6406249999999974,1.0,0.4555,1,1.0,2.602485210205077,0.12081070244312286
sun3d-hotel_uc-scan3,0,4,0.2861721927345419,"[0.25,0.30)",0.757812499999997,1.0,0.581,1,1.0,1.7516713517694917,0.04773004725575447
sun3d-hotel_uc-scan3,0,43,0.36365203005445645,"[0.30,1.00]",0.9335937499999962,1.0,0.762,1,1.0,1.2249320767227434,0.07486505061388016
sun3d-hotel_uc-scan3,0,46,0.3074377886537534,"[0.30,1.00]",0.8476562499999966,1.0,0.701,1,1.0,3.781650170614754,0.15721246600151062
sun3d-hotel_uc-scan3,0,53,0.22692493279106637,"[0.20,0.25)",0.7070312499999972,1.0,0.485,1,1.0,3.273331663339926,0.12649840116500854
sun3d-hotel_uc-scan3,0,9,0.40435651754325497,"[0.30,1.00]",0.9374999999999962,1.0,0.7585,1,1.0,2.5187053565648543,0.1006055474281311
sun3d-hotel_uc-scan3,10,11,0.2298491512187102,"[0.20,0.25)",0.757812499999997,1.0,0.644,0,,,
sun3d-hotel_uc-scan3,10,34,0.24045377944017426,"[0.20,0.25)",0.6757812499999973,1.0,0.541,1,1.0,3.3241349602338626,0.15926915407180786
sun3d-hotel_uc-scan3,10,46,0.24098812117226356,"[0.20,0.25)",0.7812499999999969,1.0,0.6585,1,1.0,2.9675509376763936,0.1251630038022995
sun3d-hotel_uc-scan3,10,53,0.17263348267499692,"[0.15,0.20)",0.761718749999997,1.0,0.615,1,1.0,2.629422178654017,0.08817558735609055
sun3d-hotel_uc-scan3,11,18,0.24828751484153805,"[0.20,0.25)",0.761718749999997,1.0,0.5635,1,1.0,2.342512608610179,0.09325342625379562
sun3d-hotel_uc-scan3,11,19,0.16480957165037902,"[0.15,0.20)",0.5507812499999978,1.0,0.4175,1,1.0,4.101502537101939,0.1178935095667839
sun3d-hotel_uc-scan3,11,20,0.1662252260480409,"[0.15,0.20)",0.5585937499999978,1.0,0.403,1,1.0,1.562227176508516,0.06150314584374428
sun3d-hotel_uc-scan3,11,21,0.18759704082564618,"[0.15,0.20)",0.6406249999999974,1.0,0.3915,1,1.0,5.374031823996864,0.13475237786769867
sun3d-hotel_uc-scan3,11,33,0.2729473011233903,"[0.25,0.30)",0.21484374999999914,1.0,0.1345,1,0.0,,
sun3d-hotel_uc-scan3,11,43,0.17033519042834963,"[0.15,0.20)",0.6601562499999973,1.0,0.4445,1,1.0,2.283276633916895,0.0738944336771965
sun3d-hotel_uc-scan3,11,44,0.20097725819709564,"[0.20,0.25)",0.6171874999999976,1.0,0.4825,1,1.0,3.677593232797527,0.12757301330566406
sun3d-hotel_uc-scan3,11,45,0.34669832861448535,"[0.30,1.00]",0.8867187499999964,1.0,0.6655,1,1.0,0.7444102827654056,0.034787021577358246
sun3d-hotel_uc-scan3,11,52,0.20796419764362042,"[0.20,0.25)",0.6015624999999976,1.0,0.4195,1,1.0,5.505165010924187,0.1766478419303894
sun3d-hotel_uc-scan3,12,22,0.14740539315658283,"[0.00,0.15)",0.04687499999999981,1.0,0.05,1,0.0,,
sun3d-hotel_uc-scan3,12,25,0.2284160435078178,"[0.20,0.25)",0.3007812499999988,1.0,0.244,1,1.0,3.6881202379473828,0.028201041743159294
sun3d-hotel_uc-scan3,12,30,0.24626104690686607,"[0.20,0.25)",0.3515624999999986,1.0,0.188,1,1.0,3.891185400499537,0.05553242936730385
sun3d-hotel_uc-scan3,12,34,0.3933831860412418,"[0.30,1.00]",0.6015624999999976,1.0,0.3535,1,1.0,6.3467474233594805,0.20635345578193665
sun3d-hotel_uc-scan3,12,46,0.29537729435757987,"[0.25,0.30)",0.42187499999999833,1.0,0.2995,1,1.0,2.6176339510226354,0.053043726831674576
sun3d-hotel_uc-scan3,13,15,0.4286721504112809,"[0.30,1.00]",0.8906249999999964,1.0,0.782,1,1.0,1.2344799942189368,0.04367268830537796
sun3d-hotel_uc-scan3,13,16,0.29856639247943595,"[0.25,0.30)",0.8242187499999967,1.0,0.7725,1,1.0,2.0865662170719768,0.0848972275853157
sun3d-hotel_uc-scan3,13,23,0.16578143360752057,"[0.15,0.20)",0.5781249999999977,1.0,0.515,1,1.0,3.561724518511788,0.10232694447040558
sun3d-hotel_uc-scan3,13,27,0.29043478260869565,"[0.25,0.30)",0.253906249999999,1.0,0.2135,1,0.0,,
sun3d-hotel_uc-scan3,13,30,0.19313748531139835,"[0.15,0.20)",0.5156249999999979,1.0,0.296,1,1.0,2.927570208475871,0.04016833379864693
sun3d-hotel_uc-scan3,13,31,0.23440658049353702,"[0.20,0.25)",0.5507812499999978,1.0,0.501,1,1.0,3.638195877514357,0.05710357800126076
sun3d-hotel_uc-scan3,13,33,0.37602820211515864,"[0.30,1.00]",0.8203124999999967,1.0,0.6885,1,1.0,4.96206870702277,0.1281988024711609
sun3d-hotel_uc-scan3,13,47,0.31388954171562866,"[0.30,1.00]",0.8398437499999967,1.0,0.688,1,0.0,,
sun3d-hotel_uc-scan3,13,51,0.3514453584018801,"[0.30,1.00]",0.8554687499999966,1.0,0.722,1,1.0,1.493576276200437,0.06769509613513947
sun3d-hotel_uc-scan3,14,22,0.17163189841624224,"[0.15,0.20)",0.6796874999999973,1.0,0.4625,1,0.0,,
sun3d-hotel_uc-scan3,14,27,0.3036349682550757,"[0.30,1.00]",0.9374999999999962,1.0,0.8115,1,1.0,1.2753354075038907,0.03392884135246277
sun3d-hotel_uc-scan3,14,28,0.20641177701807017,"[0.20,0.25)",0.7343749999999971,1.0,0.6595,1,1.0,1.5174930400539455,0.03629493713378906
sun3d-hotel_uc-scan3,14,48,0.3287518314379404,"[0.30,1.00]",0.8789062499999964,1.0,0.715,1,1.0,1.9308721660753394,0.04321018233895302
sun3d-hotel_uc-scan3,14,50,0.4000906997837159,"[0.30,1.00]",0.749999999999997,1.0,0.497,1,1.0,3.358354653015766,0.0861918181180954
sun3d-hotel_uc-scan3,14,52,0.2134933370543501,"[0.20,0.25)",0.7226562499999971,1.0,0.6055,1,1.0,1.6786473271791371,0.08548686653375626
sun3d-hotel_uc-scan3,15,17,0.259230513360683,"[0.25,0.30)",0.6093749999999976,1.0,0.212,1,1.0,0.58950308302748,0.11225955933332443
sun3d-hotel_uc-scan3,15,26,0.19957866725801088,"[0.15,0.20)",0.8398437499999967,1.0,0.7625,1,1.0,2.1534052445024527,0.0670001208782196
sun3d-hotel_uc-scan3,15,48,0.3908785157260598,"[0.30,1.00]",0.8320312499999967,1.0,0.704,1,1.0,0.6065179198591212,0.005235501565039158
sun3d-hotel_uc-scan3,15,50,0.4463539934212958,"[0.30,1.00]",0.7929687499999968,1.0,0.56,1,1.0,2.222815471761446,0.0709761455655098
sun3d-hotel_uc-scan3,15,52,0.24932549802269283,"[0.20,0.25)",0.746093749999997,1.0,0.5945,1,1.0,1.6205163531304898,0.1006915345788002
sun3d-hotel_uc-scan3,16,21,0.2528921608284119,"[0.25,0.30)",0.7812499999999969,1.0,0.6575,1,1.0,0.6655847114983521,0.037504926323890686
sun3d-hotel_uc-scan3,16,25,0.314618558369064,"[0.30,1.00]",0.8984374999999964,1.0,0.769,1,1.0,0.9811841919583166,0.03319661319255829
sun3d-hotel_uc-scan3,16,47,0.15629803413963272,"[0.15,0.20)",0.23046874999999908,1.0,0.41,1,1.0,3.111812014294242,0.06502057611942291
sun3d-hotel_uc-scan3,16,50,0.3560391554081385,"[0.30,1.00]",0.5429687499999978,1.0,0.36,1,1.0,3.057102394907867,0.13099314272403717
sun3d-hotel_uc-scan3,16,52,0.28771944017474316,"[0.25,0.30)",0.7148437499999971,1.0,0.7465,1,1.0,0.33688161220047197,0.0287165604531765
sun3d-hotel_uc-scan3,17,18,0.21205881141633376,"[0.20,0.25)",0.5234374999999979,1.0,0.2335,0,,,
sun3d-hotel_uc-scan3,17,23,0.3165849841439809,"[0.30,1.00]",0.5429687499999978,1.0,0.21,1,1.0,0.9791878356721054,0.10466428101062775
sun3d-hotel_uc-scan3,17,34,0.14575182241258597,"[0.00,0.15)",0.5390624999999979,1.0,0.3305,1,1.0,3.6164962346982743,0.20185889303684235
sun3d-hotel_uc-scan3,17,47,0.1666735307442033,"[0.15,0.20)",0.4492187499999982,1.0,0.419,1,1.0,2.255506024220103,0.04495036602020264
sun3d-hotel_uc-scan3,17,53,0.16967999670524278,"[0.15,0.20)",0.4492187499999982,1.0,0.312,1,1.0,2.5106103119907677,0.15345515310764313
sun3d-hotel_uc-scan3,18,21,0.35968566559363757,"[0.30,1.00]",0.6835937499999972,1.0,0.4055,1,1.0,2.09461723815128,0.050081297755241394
sun3d-hotel_uc-scan3,18,34,0.2544025752698353,"[0.25,0.30)",0.761718749999997,1.0,0.5305,1,1.0,1.2013819271612243,0.07226214557886124
sun3d-hotel_uc-scan3,18,35,0.297954932777883,"[0.25,0.30)",0.8398437499999967,1.0,0.6255,1,1.0,4.891045774672345,0.22136038541793823
sun3d-hotel_uc-scan3,18,43,0.3769645900397652,"[0.30,1.00]",0.4062499999999984,1.0,0.305,1,1.0,1.587575942170099,0.07720142602920532
sun3d-hotel_uc-scan3,18,44,0.4772770308653664,"[0.30,1.00]",0.7265624999999971,1.0,0.5,1,1.0,1.8722077823634922,0.09486231952905655
sun3d-hotel_uc-scan3,18,46,0.21624692293126302,"[0.20,0.25)",0.6367187499999974,1.0,0.5115,1,1.0,2.668731648237347,0.10447866469621658
sun3d-hotel_uc-scan3,18,53,0.18391403143344065,"[0.15,0.20)",0.5742187499999977,1.0,0.4135,1,1.0,1.3158148552564561,0.06648630648851395
sun3d-hotel_uc-scan3,18,54,0.27224957394432875,"[0.25,0.30)",0.5742187499999977,1.0,0.4215,1,1.0,2.746804380651993,0.10327129811048508
sun3d-hotel_uc-scan3,19,35,0.3386031514899371,"[0.30,1.00]",0.7929687499999968,1.0,0.54,1,1.0,2.9799267977032726,0.11415509134531021
sun3d-hotel_uc-scan3,19,44,0.3841073378750845,"[0.30,1.00]",0.6718749999999973,1.0,0.4985,1,1.0,3.9362170647809216,0.20430809259414673
sun3d-hotel_uc-scan3,19,45,0.4397524572260648,"[0.30,1.00]",0.749999999999997,1.0,0.4725,1,1.0,3.3611517539951965,0.1412830650806427
sun3d-hotel_uc-scan3,19,54,0.21998023818191273,"[0.20,0.25)",0.7148437499999971,1.0,0.4695,1,1.0,4.234847027259276,0.16499702632427216
sun3d-hotel_uc-scan3,1,11,0.3392523987206823,"[0.30,1.00]",0.9648437499999961,1.0,0.7575,1,1.0,1.2175613096792728,0.03853004053235054
sun3d-hotel_uc-scan3,1,18,0.3439498933901919,"[0.30,1.00]",0.8085937499999968,1.0,0.5585,1,1.0,3.085910877481509,0.13252896070480347
sun3d-hotel_uc-scan3,1,20,0.341817697228145,"[0.30,1.00]",0.6914062499999972,1.0,0.504,1,1.0,2.9571099288778933,0.12234091758728027
sun3d-hotel_uc-scan3,1,34,0.3043043710021322,"[0.30,1.00]",0.7226562499999971,1.0,0.485,1,1.0,3.6945916604901052,0.17223422229290009
sun3d-hotel_uc-scan3,1,36,0.421875,"[0.30,1.00]",0.9257812499999963,1.0,0.8075,1,1.0,2.1005886781736782,0.07441805303096771
sun3d-hotel_uc-scan3,1,43,0.40001998933901917,"[0.30,1.00]",0.8749999999999966,1.0,0.652,1,1.0,2.183729866058846,0.1078396588563919
sun3d-hotel_uc-scan3,1,46,0.3562433368869936,"[0.30,1.00]",0.8671874999999966,1.0,0.654,1,1.0,4.449638351547301,0.16213278472423553
sun3d-hotel_uc-scan3,1,53,0.2789179104477612,"[0.25,0.30)",0.8710937499999966,1.0,0.667,1,1.0,3.9887015969662216,0.11177181452512741
sun3d-hotel_uc-scan3,1,9,0.3422174840085288,"[0.30,1.00]",0.8593749999999966,1.0,0.693,1,1.0,1.0828169610494354,0.02115732431411743
sun3d-hotel_uc-scan3,20,21,0.28293895589724705,"[0.25,0.30)",0.5937499999999977,1.0,0.407,0,,,
sun3d-hotel_uc-scan3,20,34,0.15150538624436055,"[0.15,0.20)",0.5546874999999978,1.0,0.414,1,1.0,1.0340080582585922,0.06104804575443268
sun3d-hotel_uc-scan3,20,35,0.170334223368014,"[0.15,0.20)",0.6953124999999972,1.0,0.5145,1,1.0,5.5711254345483745,0.23909622430801392
sun3d-hotel_uc-scan3,20,37,0.20361845133965564,"[0.20,0.25)",0.507812499999998,1.0,0.378,1,1.0,3.519586596367364,0.12499697506427765
sun3d-hotel_uc-scan3,20,43,0.35107264524445264,"[0.30,1.00]",0.3476562499999986,1.0,0.3155,1,1.0,1.370593462237705,0.05629131197929382
sun3d-hotel_uc-scan3,20,44,0.40235705736120064,"[0.30,1.00]",0.507812499999998,1.0,0.42,1,1.0,2.532500333103709,0.09983843564987183
sun3d-hotel_uc-scan3,20,45,0.45124758309547924,"[0.30,1.00]",0.38671874999999845,1.0,0.247,1,1.0,1.6466320632269804,0.07381546497344971
sun3d-hotel_uc-scan3,20,46,0.14685572230917962,"[0.00,0.15)",0.46484374999999817,1.0,0.388,1,1.0,2.794002863529251,0.0967804342508316
sun3d-hotel_uc-scan3,20,53,0.1411011877359359,"[0.00,0.15)",0.3437499999999986,1.0,0.2645,1,1.0,1.5549447490937238,0.03563987463712692
sun3d-hotel_uc-scan3,20,54,0.16545437804990332,"[0.15,0.20)",0.23046874999999908,1.0,0.1345,1,1.0,1.2608296248840332,0.0727437287569046
sun3d-hotel_uc-scan3,21,34,0.2543046357615894,"[0.25,0.30)",0.7343749999999971,1.0,0.4815,1,1.0,2.7632879721634134,0.15921849012374878
sun3d-hotel_uc-scan3,21,35,0.18491217967175352,"[0.15,0.20)",0.6328124999999974,1.0,0.228,1,0.0,,
sun3d-hotel_uc-scan3,21,36,0.2733083789231212,"[0.25,0.30)",0.4062499999999984,1.0,0.2765,1,1.0,1.9568476372801211,0.08776763826608658
sun3d-hotel_uc-scan3,21,43,0.21704578174488914,"[0.20,0.25)",0.13281249999999947,1.0,0.089,1,0.0,,
sun3d-hotel_uc-scan3,21,45,0.23207601497264613,"[0.20,0.25)",0.39062499999999845,1.0,0.2155,1,1.0,4.227163074391647,0.2133384495973587
sun3d-hotel_uc-scan3,21,46,0.259775410308091,"[0.25,0.30)",0.7695312499999969,1.0,0.513,1,1.0,2.391956071385101,0.11922140419483185
sun3d-hotel_uc-scan3,21,47,0.17938381802476244,"[0.15,0.20)",0.499999999999998,1.0,0.4845,1,1.0,1.2111154900869814,0.04623052105307579
sun3d-hotel_uc-scan3,21,53,0.2734235531241002,"[0.25,0.30)",0.7304687499999971,1.0,0.515,1,1.0,2.2185850330805224,0.1273907721042633
sun3d-hotel_uc-scan3,21,54,0.19809962568384681,"[0.15,0.20)",0.5898437499999977,1.0,0.239,1,1.0,5.755919344050397,0.23117049038410187
sun3d-hotel_uc-scan3,22,24,0.22021920358850663,"[0.20,0.25)",0.7265624999999971,1.0,0.5415,1,1.0,5.354305264611074,0.22694967687129974
sun3d-hotel_uc-scan3,22,33,0.1345689983496255,"[0.00,0.15)",0.1757812499999993,1.0,0.077,1,0.0,,
sun3d-hotel_uc-scan3,22,47,0.22593203842410392,"[0.20,0.25)",0.496093749999998,1.0,0.511,1,1.0,1.6132543733660663,0.05438334122300148
sun3d-hotel_uc-scan3,22,48,0.3052769666962888,"[0.30,1.00]",0.46484374999999817,1.0,0.386,1,1.0,0.9316724167539193,0.03688677027821541
sun3d-hotel_uc-scan3,22,49,0.22538191358808346,"[0.20,0.25)",0.6015624999999976,1.0,0.445,1,1.0,2.6264428155436645,0.0830187276005745
sun3d-hotel_uc-scan3,22,51,0.21243282129406288,"[0.20,0.25)",0.5507812499999978,1.0,0.402,1,1.0,3.8169033958675413,0.06692326068878174
sun3d-hotel_uc-scan3,22,52,0.2211925013753121,"[0.20,0.25)",0.3242187499999987,1.0,0.326,1,1.0,2.631505727183508,0.08068545162677765
sun3d-hotel_uc-scan3,23,25,0.18708886882497097,"[0.15,0.20)",0.9140624999999963,1.0,0.742,1,1.0,2.1779862842367383,0.038809679448604584
sun3d-hotel_uc-scan3,23,48,0.1858312911131175,"[0.15,0.20)",0.8203124999999967,1.0,0.7415,1,1.0,0.9942596264497321,0.025821540504693985
sun3d-hotel_uc-scan3,23,50,0.6264349284148072,"[0.30,1.00]",0.7812499999999969,1.0,0.556,1,1.0,2.8649836219183586,0.09064234793186188
sun3d-hotel_uc-scan3,24,26,0.2468814256339959,"[0.20,0.25)",0.9257812499999963,1.0,0.825,1,1.0,1.7278239144093164,0.022391462698578835
sun3d-hotel_uc-scan3,24,48,0.31100068540095954,"[0.30,1.00]",0.8984374999999964,1.0,0.761,1,1.0,1.5203274770277386,0.019601844251155853
sun3d-hotel_uc-scan3,24,50,0.5083618917066484,"[0.30,1.00]",0.6523437499999974,1.0,0.437,1,1.0,2.89056002551886,0.060312796384096146
sun3d-hotel_uc-scan3,24,52,0.20445510623714874,"[0.20,0.25)",0.757812499999997,1.0,0.63,1,1.0,1.1977931389033016,0.04565911740064621
sun3d-hotel_uc-scan3,25,27,0.30763392574789705,"[0.30,1.00]",0.757812499999997,1.0,0.642,1,1.0,1.6130117444543515,0.06757727265357971
sun3d-hotel_uc-scan3,25,28,0.16836379735627094,"[0.15,0.20)",0.4414062499999982,1.0,0.3415,1,1.0,2.115443567093291,0.027235370129346848
sun3d-hotel_uc-scan3,25,31,0.14325469609765354,"[0.00,0.15)",0.2226562499999991,1.0,0.1985,1,0.0,,
sun3d-hotel_uc-scan3,25,32,0.3297704130036051,"[0.30,1.00]",0.757812499999997,1.0,0.5835,1,1.0,1.7034130403471213,0.02653883583843708
sun3d-hotel_uc-scan3,25,33,0.245904749857694,"[0.20,0.25)",0.48437499999999806,1.0,0.362,1,1.0,4.639709811162923,0.11171489953994751
sun3d-hotel_uc-scan3,25,47,0.1723483650622984,"[0.15,0.20)",0.1992187499999992,1.0,0.1185,1,0.0,,
sun3d-hotel_uc-scan3,25,50,0.2144076908481437,"[0.20,0.25)",0.36718749999999856,1.0,0.1725,1,0.0,,
sun3d-hotel_uc-scan3,26,29,0.31698282178620857,"[0.30,1.00]",0.9374999999999962,1.0,0.7765,1,1.0,0.9291486391263915,0.02700643613934517
sun3d-hotel_uc-scan3,26,49,0.17190425791744687,"[0.15,0.20)",0.5898437499999977,1.0,0.3685,1,1.0,2.6433802361139986,0.1552104949951172
sun3d-hotel_uc-scan3,29,30,0.3390781790350927,"[0.30,1.00]",0.027343749999999892,0.0,0.0135,0,,,
sun3d-hotel_uc-scan3,2,18,0.3613584672911607,"[0.30,1.00]",0.8671874999999966,1.0,0.576,1,1.0,3.7999360328356726,0.14837606251239777
sun3d-hotel_uc-scan3,2,19,0.35445819359315367,"[0.30,1.00]",0.7851562499999969,1.0,0.564,1,1.0,3.3109158620792063,0.10075623542070389
sun3d-hotel_uc-scan3,2,20,0.22724644385335954,"[0.20,0.25)",0.6445312499999974,1.0,0.48,1,1.0,3.9960591976012974,0.15052512288093567
sun3d-hotel_uc-scan3,2,21,0.17466558729424464,"[0.15,0.20)",0.503906249999998,1.0,0.213,1,1.0,7.504095952994534,0.218118816614151
sun3d-hotel_uc-scan3,2,36,0.24779306888708993,"[0.20,0.25)",0.7890624999999969,1.0,0.643,1,1.0,3.670665167348149,0.12351460754871368
sun3d-hotel_uc-scan3,2,43,0.39767163948961104,"[0.30,1.00]",0.9101562499999963,1.0,0.781,1,1.0,2.293539970534184,0.10422766208648682
sun3d-hotel_uc-scan3,2,47,0.1826066843992136,"[0.15,0.20)",0.6796874999999973,1.0,0.394,1,1.0,6.633829470600804,0.18908265233039856
sun3d-hotel_uc-scan3,30,31,0.30407801418439717,"[0.30,1.00]",0.7070312499999972,1.0,0.519,0,,,
sun3d-hotel_uc-scan3,30,32,0.40009547190398254,"[0.30,1.00]",0.7109374999999971,1.0,0.5325,1,1.0,2.990811885005243,0.06572186946868896
sun3d-hotel_uc-scan3,30,33,0.3250818330605565,"[0.30,1.00]",0.5468749999999978,1.0,0.2685,1,1.0,6.781134165863519,0.2147550880908966
sun3d-hotel_uc-scan3,30,48,0.2041734860883797,"[0.20,0.25)",0.28906249999999883,1.0,0.1255,1,0.0,,
sun3d-hotel_uc-scan3,31,34,0.29812540400775694,"[0.25,0.30)",0.36328124999999856,1.0,0.2485,1,1.0,7.651347720082608,0.2098173350095749
sun3d-hotel_uc-scan3,31,53,0.4134453781512605,"[0.30,1.00]",0.5585937499999978,1.0,0.3065,1,1.0,3.6487290664783814,0.13815128803253174
sun3d-hotel_uc-scan3,32,34,0.22658070529749882,"[0.20,0.25)",0.3085937499999988,1.0,0.248,1,0.0,,
sun3d-hotel_uc-scan3,32,53,0.34961938791362435,"[0.30,1.00]",0.6640624999999973,1.0,0.3495,1,1.0,4.044187368285426,0.07722271233797073
sun3d-hotel_uc-scan3,33,35,0.19103486958960456,"[0.15,0.20)",0.3984374999999984,1.0,0.167,1,1.0,6.888459418852457,0.28909972310066223
sun3d-hotel_uc-scan3,33,46,0.29073572029540995,"[0.25,0.30)",0.4414062499999982,1.0,0.2005,1,0.0,,
sun3d-hotel_uc-scan3,34,43,0.19472863499790818,"[0.15,0.20)",0.6210937499999976,1.0,0.3705,1,0.0,,
sun3d-hotel_uc-scan3,34,44,0.1969725782527669,"[0.15,0.20)",0.6523437499999974,1.0,0.4605,1,1.0,4.294183169042712,0.19087938964366913
sun3d-hotel_uc-scan3,34,45,0.35922108546000836,"[0.30,1.00]",0.8007812499999968,1.0,0.5855,1,1.0,3.700945970331433,0.12200991064310074
sun3d-hotel_uc-scan3,34,52,0.29152245844901686,"[0.25,0.30)",0.7070312499999972,1.0,0.5135,1,1.0,4.794280499180111,0.15348637104034424
sun3d-hotel_uc-scan3,35,36,0.1673116814762067,"[0.15,0.20)",0.761718749999997,1.0,0.6695,0,,,
sun3d-hotel_uc-scan3,35,43,0.167187838632775,"[0.15,0.20)",0.7031249999999972,1.0,0.547,1,1.0,1.427110339820923,0.06930715590715408
sun3d-hotel_uc-scan3,35,44,0.2625468280751726,"[0.25,0.30)",0.8437499999999967,1.0,0.709,1,1.0,2.2309014009027983,0.1061919555068016
sun3d-hotel_uc-scan3,35,45,0.3811263506610112,"[0.30,1.00]",0.9296874999999963,1.0,0.7595,1,1.0,1.2857269562557698,0.0792604610323906
sun3d-hotel_uc-scan3,35,46,0.40205579120096596,"[0.30,1.00]",0.9609374999999961,1.0,0.697,1,1.0,3.915366671551445,0.13017530739307404
sun3d-hotel_uc-scan3,35,53,0.3342518344221183,"[0.30,1.00]",0.9335937499999962,1.0,0.656,1,1.0,3.7013692036600907,0.10826430469751358
sun3d-hotel_uc-scan3,36,37,0.2826595276017486,"[0.25,0.30)",0.746093749999997,1.0,0.649,0,,,
sun3d-hotel_uc-scan3,36,43,0.3850011860788234,"[0.30,1.00]",0.7695312499999969,1.0,0.6295,1,1.0,1.7116648942839017,0.07412349432706833
sun3d-hotel_uc-scan3,36,44,0.4400352434850385,"[0.30,1.00]",0.8671874999999966,1.0,0.7,1,1.0,2.008765578181404,0.09892825782299042
sun3d-hotel_uc-scan3,36,45,0.4273611440577451,"[0.30,1.00]",0.9140624999999963,1.0,0.706,1,1.0,2.1069147975365308,0.09381569176912308
sun3d-hotel_uc-scan3,37,42,0.2769546236274639,"[0.25,0.30)",0.496093749999998,1.0,0.436,1,1.0,2.2012264056720716,0.06460082530975342
sun3d-hotel_uc-scan3,37,43,0.25115756052387883,"[0.25,0.30)",0.4296874999999983,1.0,0.329,1,1.0,2.8462008557593625,0.06253601610660553
sun3d-hotel_uc-scan3,37,44,0.21008069850509326,"[0.20,0.25)",0.253906249999999,1.0,0.1785,1,1.0,5.398407461005539,0.12176975607872009
sun3d-hotel_uc-scan3,38,42,0.33109664496745117,"[0.30,1.00]",0.6132812499999976,1.0,0.601,1,1.0,1.39941694342382,0.04983077943325043
sun3d-hotel_uc-scan3,39,44,0.3348001466813348,"[0.30,1.00]",0.5703124999999977,1.0,0.449,1,1.0,4.339011410944931,0.06395799666643143
sun3d-hotel_uc-scan3,3,11,0.38215482841181164,"[0.30,1.00]",0.9140624999999963,1.0,0.766,1,1.0,2.4893142831214288,0.09777208417654037
sun3d-hotel_uc-scan3,3,18,0.3309816440542698,"[0.30,1.00]",0.7812499999999969,1.0,0.6145,1,1.0,2.904477213236404,0.12274439632892609
sun3d-hotel_uc-scan3,3,20,0.2435434956105347,"[0.20,0.25)",0.6171874999999976,1.0,0.4945,1,1.0,3.3757985547045,0.13385458290576935
sun3d-hotel_uc-scan3,3,34,0.3101675977653631,"[0.30,1.00]",0.7148437499999971,1.0,0.48,1,1.0,3.8506141636848477,0.2103285938501358
sun3d-hotel_uc-scan3,3,36,0.28118116520351155,"[0.25,0.30)",0.8710937499999966,1.0,0.766,1,1.0,2.137715546705813,0.07758931815624237
sun3d-hotel_uc-scan3,3,43,0.2587709497206704,"[0.25,0.30)",0.8203124999999967,1.0,0.6245,1,1.0,2.9227518759964664,0.1511867344379425
sun3d-hotel_uc-scan3,3,44,0.41136472466081403,"[0.30,1.00]",0.9218749999999963,1.0,0.7585,1,1.0,3.7493050808291586,0.1926189512014389
sun3d-hotel_uc-scan3,3,46,0.35195530726256985,"[0.30,1.00]",0.8593749999999966,1.0,0.674,1,1.0,4.869207495368317,0.19326069951057434
sun3d-hotel_uc-scan3,3,53,0.26100558659217876,"[0.25,0.30)",0.7187499999999971,1.0,0.493,1,1.0,4.940622915427278,0.16294848918914795
sun3d-hotel_uc-scan3,40,43,0.41124235570076234,"[0.30,1.00]",0.738281249999997,1.0,0.67,1,1.0,2.365957427186645,0.028492720797657967
sun3d-hotel_uc-scan3,40,44,0.26229370863701096,"[0.25,0.30)",0.5429687499999978,1.0,0.4615,1,1.0,3.271417193661652,0.05179021880030632
sun3d-hotel_uc-scan3,41,44,0.3040212107821476,"[0.30,1.00]",0.6406249999999974,1.0,0.58,1,1.0,2.5913299604862443,0.03276844322681427
sun3d-hotel_uc-scan3,42,45,0.39398862713241267,"[0.30,1.00]",0.6562499999999973,1.0,0.5045,1,1.0,2.4162176426734288,0.08504417538642883
sun3d-hotel_uc-scan3,42,54,0.21635526672082317,"[0.20,0.25)",0.4453124999999982,1.0,0.3575,1,1.0,5.433360109806649,0.11317812651395798
sun3d-hotel_uc-scan3,43,46,0.23913825672393632,"[0.20,0.25)",0.7773437499999969,1.0,0.5635,1,1.0,2.2851616945712547,0.06771255284547806
sun3d-hotel_uc-scan3,43,53,0.26504452640100745,"[0.25,0.30)",0.7226562499999971,1.0,0.6125,1,1.0,4.162830480225672,0.040257275104522705
sun3d-hotel_uc-scan3,44,46,0.2539479104682565,"[0.25,0.30)",0.6289062499999974,1.0,0.5425,1,1.0,2.4797030126439337,0.09150295704603195
sun3d-hotel_uc-scan3,44,53,0.19920355197509956,"[0.15,0.20)",0.6874999999999972,1.0,0.593,1,1.0,3.121736119177807,0.112400583922863
sun3d-hotel_uc-scan3,45,53,0.32851181070459057,"[0.30,1.00]",0.8789062499999964,1.0,0.7135,1,1.0,3.486723083251418,0.07323087006807327
sun3d-hotel_uc-scan3,46,48,0.17010309278350516,"[0.15,0.20)",0.10546874999999958,0.0,0.0215,1,0.0,,
sun3d-hotel_uc-scan3,47,54,0.2307137943459888,"[0.20,0.25)",0.6210937499999976,1.0,0.367,1,1.0,5.615693718981951,0.22589699923992157
sun3d-hotel_uc-scan3,48,53,0.32699667221297835,"[0.30,1.00]",0.7109374999999971,1.0,0.3655,1,1.0,5.194407702528621,0.17639394104480743
sun3d-hotel_uc-scan3,49,52,0.21028861571352217,"[0.20,0.25)",0.8046874999999968,1.0,0.78,1,1.0,3.0884473706273297,0.10206260532140732
sun3d-hotel_uc-scan3,4,10,0.5031569536793876,"[0.30,1.00]",0.9023437499999964,1.0,0.7445,1,1.0,2.0013473361001295,0.055418625473976135
sun3d-hotel_uc-scan3,4,19,0.4719226686036766,"[0.30,1.00]",0.746093749999997,1.0,0.5115,1,1.0,0.8961295264989276,0.05399448797106743
sun3d-hotel_uc-scan3,4,38,0.25808794770073196,"[0.25,0.30)",0.6874999999999972,1.0,0.4275,1,1.0,1.139522830743514,0.015368896536529064
sun3d-hotel_uc-scan3,4,39,0.2880371011901436,"[0.25,0.30)",0.4726562499999981,1.0,0.303,1,1.0,0.7506924269462467,0.015442601405084133
sun3d-hotel_uc-scan3,4,40,0.20981170028496396,"[0.20,0.25)",0.48828124999999806,1.0,0.3155,1,1.0,1.5379880068304317,0.04715176671743393
sun3d-hotel_uc-scan3,4,41,0.21126445773034586,"[0.20,0.25)",0.5624999999999978,1.0,0.4785,1,1.0,0.6573014654033702,0.020872043445706367
sun3d-hotel_uc-scan3,4,43,0.17243113370956026,"[0.15,0.20)",0.39062499999999845,1.0,0.2985,1,1.0,5.174074057788823,0.016492517665028572
sun3d-hotel_uc-scan3,4,44,0.2695982566910655,"[0.25,0.30)",0.507812499999998,1.0,0.3515,1,1.0,2.669611657431511,0.07088864594697952
sun3d-hotel_uc-scan3,4,45,0.27719729563614015,"[0.25,0.30)",0.499999999999998,1.0,0.335,1,1.0,1.8217714966774818,0.05689488351345062
sun3d-hotel_uc-scan3,4,7,0.2787059283678829,"[0.25,0.30)",0.7187499999999971,1.0,0.4955,1,1.0,1.0784710612526314,0.028765026479959488
sun3d-hotel_uc-scan3,4,8,0.31301335419344023,"[0.30,1.00]",0.7187499999999971,1.0,0.5385,1,1.0,2.477175854124078,0.07217485457658768
sun3d-hotel_uc-scan3,51,52,0.25661802685950413,"[0.25,0.30)",0.8789062499999964,1.0,0.833,0,,,
sun3d-hotel_uc-scan3,5,36,0.331945889698231,"[0.30,1.00]",0.48828124999999806,1.0,0.2705,1,1.0,5.472317315338533,0.24268889427185059
sun3d-hotel_uc-scan3,5,42,0.19302809573361082,"[0.15,0.20)",0.503906249999998,1.0,0.389,1,1.0,3.1823541557996817,0.0796852856874466
sun3d-hotel_uc-scan3,5,43,0.1817303404192062,"[0.15,0.20)",0.48046874999999806,1.0,0.36,1,1.0,3.8302187610199687,0.07132891565561295
sun3d-hotel_uc-scan3,5,44,0.18470343392299687,"[0.15,0.20)",0.36718749999999856,1.0,0.345,1,1.0,5.633533946628943,0.16361363232135773
sun3d-hotel_uc-scan3,6,36,0.33980067228873034,"[0.30,1.00]",0.21874999999999914,1.0,0.133,1,0.0,,
sun3d-hotel_uc-scan3,6,42,0.2509288199563602,"[0.25,0.30)",0.6328124999999974,1.0,0.5395,1,1.0,2.1630178237138686,0.04458722099661827
sun3d-hotel_uc-scan3,6,43,0.23594975526331308,"[0.20,0.25)",0.6757812499999973,1.0,0.517,1,1.0,1.8131571509898003,0.02622763067483902
sun3d-hotel_uc-scan3,6,44,0.20905820605059858,"[0.20,0.25)",0.5859374999999977,1.0,0.4315,1,1.0,1.4063914062230138,0.055526506155729294
sun3d-hotel_uc-scan3,7,36,0.2550152820227841,"[0.25,0.30)",0.1249999999999995,1.0,0.073,1,0.0,,
sun3d-hotel_uc-scan3,7,42,0.3030286190608502,"[0.30,1.00]",0.746093749999997,1.0,0.6315,1,1.0,1.7588070580342396,0.05922054126858711
sun3d-hotel_uc-scan3,7,43,0.1821061405946096,"[0.15,0.20)",0.4062499999999984,1.0,0.42,1,1.0,1.2942220653049932,0.015772415325045586
sun3d-hotel_uc-scan3,8,10,0.22177670238506741,"[0.20,0.25)",0.6015624999999976,1.0,0.506,1,1.0,2.2860180267346,0.05301183834671974
sun3d-hotel_uc-scan3,8,18,0.2017283097131006,"[0.20,0.25)",0.04687499999999981,0.0,0.0325,1,0.0,,
sun3d-hotel_uc-scan3,8,20,0.21783615623919805,"[0.20,0.25)",0.0507812499999998,0.0,0.016,1,0.0,,
sun3d-hotel_uc-scan3,8,36,0.43249222260629105,"[0.30,1.00]",0.5312499999999979,1.0,0.335,1,1.0,1.9164254372241736,0.06244282424449921
sun3d-hotel_uc-scan3,8,43,0.3233321811268579,"[0.30,1.00]",0.6562499999999973,1.0,0.6115,1,1.0,0.950387166871884,0.021632356569170952
sun3d-hotel_uc-scan3,8,44,0.25433805737988247,"[0.25,0.30)",0.48046874999999806,1.0,0.3965,1,1.0,4.362061357988904,0.11416865140199661
sun3d-hotel_uc-scan3,9,18,0.32201209314293067,"[0.30,1.00]",0.7070312499999972,1.0,0.381,1,1.0,2.3533495054496893,0.028653258457779884
sun3d-hotel_uc-scan3,9,19,0.334705604871564,"[0.30,1.00]",0.7812499999999969,1.0,0.505,1,1.0,2.1300111532675294,0.02967839315533638
sun3d-hotel_uc-scan3,9,20,0.42977829237960463,"[0.30,1.00]",0.749999999999997,1.0,0.467,1,1.0,0.9320923820490639,0.05590632185339928
sun3d-hotel_uc-scan3,9,37,0.316694540932287,"[0.30,1.00]",0.8984374999999964,1.0,0.6915,1,1.0,1.436404497574831,0.018602026626467705
sun3d-hotel_uc-scan3,9,38,0.23615935503237703,"[0.20,0.25)",0.8398437499999967,1.0,0.709,1,1.0,0.8686310632110152,0.020792173221707344
sun3d-hotel_uc-scan3,9,39,0.2969681375702217,"[0.25,0.30)",0.8554687499999966,1.0,0.671,1,1.0,2.808537585687165,0.056353069841861725
sun3d-hotel_uc-scan3,9,40,0.2305416184227454,"[0.20,0.25)",0.7851562499999969,1.0,0.6465,1,1.0,2.6105954647782736,0.07342791557312012
sun3d-hotel_uc-scan3,9,41,0.23615935503237703,"[0.20,0.25)",0.8515624999999966,1.0,0.72,1,1.0,2.009544853417615,0.04961242526769638
sun3d-hotel_uc-scan3,9,42,0.29405206055148164,"[0.25,0.30)",0.8281249999999967,1.0,0.7065,1,1.0,1.78158113575536,0.03396458551287651
sun3d-hotel_umd-maryland_hotel1,0,10,0.3479901393570458,"[0.30,1.00]",0.8710937499999966,1.0,0.6875,1,1.0,2.392774204753592,0.05062684416770935
sun3d-hotel_umd-maryland_hotel1,0,15,0.2427931780449766,"[0.20,0.25)",0.8164062499999968,1.0,0.673,1,1.0,0.9520328980005944,0.026407981291413307
sun3d-hotel_umd-maryland_hotel1,0,23,0.45545102379634755,"[0.30,1.00]",0.8203124999999967,1.0,0.6795,1,1.0,2.3621489690298008,0.08315280824899673
sun3d-hotel_umd-maryland_hotel1,0,29,0.1740202243799366,"[0.15,0.20)",0.5390624999999979,1.0,0.393,1,0.0,,
sun3d-hotel_umd-maryland_hotel1,0,8,0.23092015897771292,"[0.20,0.25)",0.6757812499999973,1.0,0.599,1,1.0,2.9596244186808285,0.03565635532140732
sun3d-hotel_umd-maryland_hotel1,0,9,0.3225838909292147,"[0.30,1.00]",0.8984374999999964,1.0,0.806,1,1.0,2.800860343193206,0.06172363832592964
sun3d-hotel_umd-maryland_hotel1,10,13,0.21318399696265009,"[0.20,0.25)",0.757812499999997,1.0,0.5685,1,1.0,0.4187141673799739,0.03334648907184601
sun3d-hotel_umd-maryland_hotel1,10,14,0.36471928242608326,"[0.30,1.00]",0.9257812499999963,1.0,0.764,1,1.0,2.685694095000234,0.07760866731405258
sun3d-hotel_umd-maryland_hotel1,10,19,0.12287029566703052,"[0.00,0.15)",0.042968749999999827,0.0,0.0,1,0.0,,
sun3d-hotel_umd-maryland_hotel1,10,20,0.21854681790138106,"[0.20,0.25)",0.6796874999999973,1.0,0.5405,1,1.0,2.25272752055409,0.06775762140750885
sun3d-hotel_umd-maryland_hotel1,10,21,0.1752645816525082,"[0.15,0.20)",0.06249999999999975,0.0,0.004,1,0.0,,
sun3d-hotel_umd-maryland_hotel1,10,23,0.17013905367566798,"[0.15,0.20)",0.41406249999999833,1.0,0.23,1,1.0,3.0993306596386083,0.10826494544744492
sun3d-hotel_umd-maryland_hotel1,10,24,0.23748279626026292,"[0.20,0.25)",0.8046874999999968,1.0,0.625,1,1.0,1.6518530607385797,0.062273815274238586
sun3d-hotel_umd-maryland_hotel1,10,25,0.34046794172084854,"[0.30,1.00]",0.8828124999999964,1.0,0.7215,1,1.0,1.6149517553522519,0.06706071645021439
sun3d-hotel_umd-maryland_hotel1,10,29,0.3111385316311518,"[0.30,1.00]",0.5468749999999978,1.0,0.4815,1,1.0,2.9417117306658978,0.19816704094409943
sun3d-hotel_umd-maryland_hotel1,11,17,0.4510515512984502,"[0.30,1.00]",0.9335937499999962,1.0,0.8355,1,1.0,1.2452124806577292,0.056844279170036316
sun3d-hotel_umd-maryland_hotel1,11,18,0.3331052741172621,"[0.30,1.00]",0.38671874999999845,1.0,0.375,1,0.0,,
sun3d-hotel_umd-maryland_hotel1,11,27,0.29782550495285126,"[0.25,0.30)",0.4453124999999982,1.0,0.311,1,1.0,2.538521715747773,0.0903736799955368
sun3d-hotel_umd-maryland_hotel1,11,28,0.42255406490763603,"[0.30,1.00]",0.496093749999998,1.0,0.425,1,1.0,2.0256471938163423,0.08501452207565308
sun3d-hotel_umd-maryland_hotel1,11,32,0.3010381652140286,"[0.30,1.00]",0.6640624999999973,1.0,0.444,1,1.0,2.193744967717165,0.0613393560051918
sun3d-hotel_umd-maryland_hotel1,12,15,0.1852802945879161,"[0.15,0.20)",0.48828124999999806,1.0,0.3845,1,1.0,3.117343257941606,0.033965401351451874
sun3d-hotel_umd-maryland_hotel1,12,23,0.2818450506322981,"[0.25,0.30)",0.28515624999999883,1.0,0.178,1,0.0,,
sun3d-hotel_umd-maryland_hotel1,12,27,0.2574737148117641,"[0.25,0.30)",0.496093749999998,1.0,0.314,1,1.0,2.94610043637238,0.09856346994638443
sun3d-hotel_umd-maryland_hotel1,12,28,0.2728814380541693,"[0.25,0.30)",0.7109374999999971,1.0,0.476,1,1.0,3.8260242951055354,0.15687184035778046
sun3d-hotel_umd-maryland_hotel1,12,29,0.1709869664227918,"[0.15,0.20)",0.1757812499999993,1.0,0.121,1,0.0,,
sun3d-hotel_umd-maryland_hotel1,13,25,0.12242268041237113,"[0.00,0.15)",0.18359374999999928,0.0,0.023,1,0.0,,
sun3d-hotel_umd-maryland_hotel1,13,26,0.21311766797013865,"[0.20,0.25)",0.1562499999999994,1.0,0.09,1,0.0,,
sun3d-hotel_umd-maryland_hotel1,14,15,0.3576687432425475,"[0.30,1.00]",0.9218749999999963,1.0,0.751,0,,,
sun3d-hotel_umd-maryland_hotel1,14,29,0.17494722751377234,"[0.15,0.20)",0.5585937499999978,1.0,0.3445,1,1.0,3.942083131956872,0.20948144793510437
sun3d-hotel_umd-maryland_hotel1,15,24,0.2767853280851248,"[0.25,0.30)",0.749999999999997,1.0,0.5825,1,1.0,5.497256630825678,0.21074064075946808
sun3d-hotel_umd-maryland_hotel1,15,25,0.34309442449932953,"[0.30,1.00]",0.8398437499999967,1.0,0.684,1,1.0,4.20775228606553,0.18878236413002014
sun3d-hotel_umd-maryland_hotel1,17,18,0.15087602505522438,"[0.15,0.20)",0.8124999999999968,1.0,0.615,0,,,
sun3d-hotel_umd-maryland_hotel1,17,22,0.23838775077919327,"[0.20,0.25)",0.9492187499999962,1.0,0.822,1,1.0,1.0087184515454037,0.04942283779382706
sun3d-hotel_umd-maryland_hotel1,17,27,0.3875086997306866,"[0.30,1.00]",0.9179687499999963,1.0,0.726,1,1.0,1.9775407963749903,0.038201019167900085
sun3d-hotel_umd-maryland_hotel1,17,29,0.19157563470209096,"[0.15,0.20)",0.3007812499999988,1.0,0.3005,1,0.0,,
sun3d-hotel_umd-maryland_hotel1,17,32,0.24522649559717977,"[0.20,0.25)",0.742187499999997,1.0,0.5165,1,1.0,3.2060121459462207,0.060090307146310806
sun3d-hotel_umd-maryland_hotel1,18,19,0.2607585591682303,"[0.25,0.30)",0.7734374999999969,1.0,0.6075,0,,,
sun3d-hotel_umd-maryland_hotel1,18,27,0.1710295610446338,"[0.15,0.20)",0.6796874999999973,1.0,0.5095,1,1.0,3.1360016759834104,0.04140730947256088
sun3d-hotel_umd-maryland_hotel1,18,28,0.23476575717493617,"[0.20,0.25)",0.8749999999999966,1.0,0.648,1,1.0,1.5986314778668527,0.010633866302669048
sun3d-hotel_umd-maryland_hotel1,18,32,0.33655295456642775,"[0.30,1.00]",0.46484374999999817,1.0,0.4605,1,1.0,0.8308655991652559,0.06479185819625854
sun3d-hotel_umd-maryland_hotel1,18,33,0.4592881971146452,"[0.30,1.00]",0.9218749999999963,1.0,0.6885,1,1.0,1.1836598555770963,0.05386141315102577
sun3d-hotel_umd-maryland_hotel1,18,35,0.42945030606908857,"[0.30,1.00]",0.9296874999999963,1.0,0.709,1,1.0,0.5595313202001695,0.03827410563826561
sun3d-hotel_umd-maryland_hotel1,18,36,0.17376726444984467,"[0.15,0.20)",0.16796874999999933,0.0,0.031,1,0.0,,
sun3d-hotel_umd-maryland_hotel1,19,20,0.22595214313631823,"[0.20,0.25)",0.8671874999999966,1.0,0.731,0,,,
sun3d-hotel_umd-maryland_hotel1,19,30,0.4763104182047162,"[0.30,1.00]",0.8749999999999966,1.0,0.6715,1,1.0,0.9404523092012569,0.053350161761045456
sun3d-hotel_umd-maryland_hotel1,19,35,0.15203891084379206,"[0.15,0.20)",0.3242187499999987,1.0,0.1805,1,0.0,,
sun3d-hotel_umd-maryland_hotel1,19,36,0.16610934989360315,"[0.15,0.20)",0.1015624999999996,0.0,0.0425,1,0.0,,
sun3d-hotel_umd-maryland_hotel1,19,37,0.16237460372606072,"[0.15,0.20)",0.08203124999999967,0.0,0.0495,1,1.0,3.3936144519260663,0.19334186613559723
sun3d-hotel_umd-maryland_hotel1,1,26,0.2913265953397894,"[0.25,0.30)",0.757812499999997,1.0,0.651,1,1.0,1.7454036856300894,0.07733193784952164
sun3d-hotel_umd-maryland_hotel1,22,27,0.30940401823400304,"[0.30,1.00]",0.8359374999999967,1.0,0.6,1,1.0,2.040663756252929,0.014246411621570587
sun3d-hotel_umd-maryland_hotel1,22,33,0.4533175755529293,"[0.30,1.00]",0.8593749999999966,1.0,0.666,1,1.0,2.2065547672681367,0.06940009444952011
sun3d-hotel_umd-maryland_hotel1,22,35,0.3618436603072767,"[0.30,1.00]",0.7695312499999969,1.0,0.532,1,1.0,3.339881998668447,0.09318914264440536
sun3d-hotel_umd-maryland_hotel1,23,24,0.4644662275999387,"[0.30,1.00]",0.8867187499999964,1.0,0.764,0,,,
sun3d-hotel_umd-maryland_hotel1,23,25,0.5224383519681421,"[0.30,1.00]",0.8984374999999964,1.0,0.7425,1,1.0,2.359495983309475,0.09104902297258377
sun3d-hotel_umd-maryland_hotel1,23,26,0.31294991576045333,"[0.30,1.00]",0.7929687499999968,1.0,0.4905,1,1.0,0.7702479537459086,0.07466256618499756
sun3d-hotel_umd-maryland_hotel1,23,29,0.19953285342318886,"[0.15,0.20)",0.2812499999999989,1.0,0.177,1,0.0,,
sun3d-hotel_umd-maryland_hotel1,25,27,0.1641298609889143,"[0.15,0.20)",0.5546874999999978,1.0,0.2705,1,0.0,,
sun3d-hotel_umd-maryland_hotel1,25,29,0.3301513285236671,"[0.30,1.00]",0.8593749999999966,1.0,0.6585,1,1.0,0.8079403602616807,0.06359055638313293
sun3d-hotel_umd-maryland_hotel1,25,32,0.18190216434981524,"[0.15,0.20)",0.5781249999999977,1.0,0.353,1,1.0,2.6224153098236656,0.1306639015674591
sun3d-hotel_umd-maryland_hotel1,26,27,0.2789505535580791,"[0.25,0.30)",0.9062499999999963,1.0,0.7065,0,,,
sun3d-hotel_umd-maryland_hotel1,26,32,0.3313516784735325,"[0.30,1.00]",0.9492187499999962,1.0,0.727,1,1.0,1.5551964348146647,0.05510903149843216
sun3d-hotel_umd-maryland_hotel1,28,33,0.121878257716539,"[0.00,0.15)",0.5820312499999977,1.0,0.513,1,1.0,4.168002286696702,0.15312066674232483
sun3d-hotel_umd-maryland_hotel1,2,12,0.23825061537580858,"[0.20,0.25)",0.4492187499999982,1.0,0.2315,1,1.0,5.94178085741945,0.1960826814174652
sun3d-hotel_umd-maryland_hotel1,2,23,0.4275860095025474,"[0.30,1.00]",0.8359374999999967,1.0,0.6755,1,1.0,2.9023196944379657,0.14609915018081665
sun3d-hotel_umd-maryland_hotel1,2,24,0.18644455893296696,"[0.15,0.20)",0.6992187499999972,1.0,0.476,1,0.0,,
sun3d-hotel_umd-maryland_hotel1,2,25,0.18512794092392237,"[0.15,0.20)",0.742187499999997,1.0,0.611,1,0.0,,
sun3d-hotel_umd-maryland_hotel1,2,3,0.22036178373118095,"[0.20,0.25)",0.9296874999999963,1.0,0.819,0,,,
sun3d-hotel_umd-maryland_hotel1,32,33,0.1940245208903702,"[0.15,0.20)",0.8281249999999967,1.0,0.7015,0,,,
sun3d-hotel_umd-maryland_hotel1,35,36,0.24189993387701125,"[0.20,0.25)",0.39062499999999845,1.0,0.188,0,,,
sun3d-hotel_umd-maryland_hotel1,35,37,0.19230769230769232,"[0.15,0.20)",0.3242187499999987,1.0,0.1235,1,0.0,,
sun3d-hotel_umd-maryland_hotel1,36,38,0.41469440832249677,"[0.30,1.00]",0.7929687499999968,1.0,0.663,1,1.0,0.3711502636014784,0.03696567565202713
sun3d-hotel_umd-maryland_hotel1,36,39,0.3001950585175553,"[0.30,1.00]",0.6249999999999976,1.0,0.59,1,1.0,1.5172351014560452,0.07172137498855591
sun3d-hotel_umd-maryland_hotel1,36,42,0.24226267880364108,"[0.20,0.25)",0.007812499999999969,0.0,0.019,1,0.0,,
sun3d-hotel_umd-maryland_hotel1,36,53,0.19193758127438232,"[0.15,0.20)",0.0039062499999999844,0.0,0.0,1,0.0,,
sun3d-hotel_umd-maryland_hotel1,36,55,0.4334850455136541,"[0.30,1.00]",0.019531249999999924,0.0,0.0,1,0.0,,
sun3d-hotel_umd-maryland_hotel1,36,56,0.3544213263979194,"[0.30,1.00]",0.5664062499999978,1.0,0.495,1,1.0,2.352018426518517,0.135582834482193
sun3d-hotel_umd-maryland_hotel1,37,38,0.41950369637896123,"[0.30,1.00]",0.746093749999997,1.0,0.6625,0,,,
sun3d-hotel_umd-maryland_hotel1,37,39,0.34388096247115885,"[0.30,1.00]",0.6562499999999973,1.0,0.568,1,1.0,1.3466839799088082,0.08461456745862961
sun3d-hotel_umd-maryland_hotel1,37,41,0.4812826670433677,"[0.30,1.00]",0.8046874999999968,1.0,0.7065,1,1.0,3.244254762781596,0.06384207308292389
sun3d-hotel_umd-maryland_hotel1,37,42,0.21848660356924235,"[0.20,0.25)",0.46484374999999817,1.0,0.374,1,1.0,4.166968438013895,0.10294792801141739
sun3d-hotel_umd-maryland_hotel1,37,55,0.33841879738192776,"[0.30,1.00]",0.031249999999999875,0.0,0.0,1,0.0,,
sun3d-hotel_umd-maryland_hotel1,37,56,0.44252954748787493,"[0.30,1.00]",0.5976562499999976,1.0,0.475,1,1.0,2.276752603809776,0.1727762222290039
sun3d-hotel_umd-maryland_hotel1,38,55,0.2781228433402346,"[0.25,0.30)",0.07421874999999971,0.0,0.002,1,0.0,,
sun3d-hotel_umd-maryland_hotel1,3,11,0.2787503587388791,"[0.25,0.30)",0.7031249999999972,1.0,0.656,1,1.0,2.3742156202388633,0.06218712404370308
sun3d-hotel_umd-maryland_hotel1,3,15,0.1662498462547661,"[0.15,0.20)",0.5664062499999978,1.0,0.435,1,1.0,1.7714463583855293,0.03139209374785423
sun3d-hotel_umd-maryland_hotel1,3,23,0.22746094871058997,"[0.20,0.25)",0.2226562499999991,1.0,0.082,1,0.0,,
sun3d-hotel_umd-maryland_hotel1,3,27,0.25124021155344184,"[0.25,0.30)",0.6640624999999973,1.0,0.523,1,1.0,3.7998329696927136,0.1687142252922058
sun3d-hotel_umd-maryland_hotel1,3,28,0.2782173752613669,"[0.25,0.30)",0.7304687499999971,1.0,0.526,1,1.0,1.2072314810348186,0.042996201664209366
sun3d-hotel_umd-maryland_hotel1,40,41,0.29481710084414997,"[0.25,0.30)",0.6562499999999973,1.0,0.523,0,,,
sun3d-hotel_umd-maryland_hotel1,41,42,0.1807839603514305,"[0.15,0.20)",0.11328124999999954,1.0,0.1945,0,,,
sun3d-hotel_umd-maryland_hotel1,41,53,0.156341518359991,"[0.15,0.20)",0.0,0.0,0.0,1,0.0,,
sun3d-hotel_umd-maryland_hotel1,41,55,0.36258166253660734,"[0.30,1.00]",0.019531249999999924,0.0,0.0,1,0.0,,
sun3d-hotel_umd-maryland_hotel1,42,53,0.3079808413641872,"[0.30,1.00]",0.20703124999999917,1.0,0.1195,1,1.0,6.265849869248742,0.18929019570350647
sun3d-hotel_umd-maryland_hotel1,42,55,0.4190663050377979,"[0.30,1.00]",0.507812499999998,1.0,0.36,1,1.0,2.061275401353189,0.0926370620727539
sun3d-hotel_umd-maryland_hotel1,43,45,0.26267435997983307,"[0.25,0.30)",0.6328124999999974,1.0,0.548,1,1.0,6.817824923702406,0.10037898272275925
sun3d-hotel_umd-maryland_hotel1,43,48,0.3270405019326648,"[0.30,1.00]",0.6640624999999973,1.0,0.5025,1,1.0,2.740954591603968,0.06638340651988983
sun3d-hotel_umd-maryland_hotel1,43,49,0.3002632905719568,"[0.30,1.00]",0.7187499999999971,1.0,0.659,1,1.0,3.737273885155357,0.051108092069625854
sun3d-hotel_umd-maryland_hotel1,43,53,0.17517225925718446,"[0.15,0.20)",0.04687499999999981,0.0,0.031,1,0.0,,
sun3d-hotel_umd-maryland_hotel1,43,55,0.2761750042014453,"[0.25,0.30)",0.507812499999998,1.0,0.443,1,1.0,1.714634973659627,0.024660596624016762
sun3d-hotel_umd-maryland_hotel1,44,45,0.2122741569746178,"[0.20,0.25)",0.5742187499999977,1.0,0.505,0,,,
sun3d-hotel_umd-maryland_hotel1,44,47,0.23173140223831468,"[0.20,0.25)",0.6406249999999974,1.0,0.564,1,1.0,3.712461845657399,0.06289003789424896
sun3d-hotel_umd-maryland_hotel1,44,52,0.13503035622851292,"[0.00,0.15)",0.07031249999999972,0.0,0.01,1,0.0,,
sun3d-hotel_umd-maryland_hotel1,45,46,0.20804250442754454,"[0.20,0.25)",0.35546874999999856,1.0,0.3725,0,,,
sun3d-hotel_umd-maryland_hotel1,47,48,0.27543763676148797,"[0.25,0.30)",0.36328124999999856,1.0,0.3815,0,,,
sun3d-hotel_umd-maryland_hotel1,47,56,0.22579321663019694,"[0.20,0.25)",0.29296874999999883,1.0,0.2585,1,0.0,,
sun3d-hotel_umd-maryland_hotel1,48,49,0.146782431052094,"[0.00,0.15)",0.19140624999999922,1.0,0.1435,0,,,
sun3d-hotel_umd-maryland_hotel1,49,54,0.21372916461189467,"[0.20,0.25)",0.2773437499999989,1.0,0.199,1,1.0,6.203333877477063,0.08575624227523804
sun3d-hotel_umd-maryland_hotel1,4,11,0.3683566181765807,"[0.30,1.00]",0.7226562499999971,1.0,0.592,1,1.0,2.7956838003242854,0.07675928622484207
sun3d-hotel_umd-maryland_hotel1,4,12,0.40295981564165345,"[0.30,1.00]",0.7695312499999969,1.0,0.543,1,1.0,1.9379541783904497,0.07003907114267349
sun3d-hotel_umd-maryland_hotel1,4,16,0.30055451533919053,"[0.30,1.00]",0.8085937499999968,1.0,0.6085,1,1.0,2.50264552409362,0.05905162915587425
sun3d-hotel_umd-maryland_hotel1,4,28,0.25676940803687165,"[0.25,0.30)",0.6445312499999974,1.0,0.4745,1,1.0,0.9659084171360984,0.025026412680745125
sun3d-hotel_umd-maryland_hotel1,50,55,0.30276513825691287,"[0.30,1.00]",0.5781249999999977,1.0,0.4575,1,1.0,1.663658046665875,0.02465422824025154
sun3d-hotel_umd-maryland_hotel1,51,55,0.24275510204081632,"[0.20,0.25)",0.48437499999999806,1.0,0.3975,1,1.0,3.015192249783656,0.03263084962964058
sun3d-hotel_umd-maryland_hotel1,52,53,0.125,"[0.00,0.15)",0.16796874999999933,1.0,0.094,0,,,
sun3d-hotel_umd-maryland_hotel1,52,54,0.13370760769935838,"[0.00,0.15)",0.058593749999999764,0.0,0.037,1,0.0,,
sun3d-hotel_umd-maryland_hotel1,54,55,0.2963492597577389,"[0.25,0.30)",0.46484374999999817,1.0,0.358,0,,,
sun3d-hotel_umd-maryland_hotel1,5,27,0.3073561946902655,"[0.30,1.00]",0.8749999999999966,1.0,0.7265,1,1.0,2.3914650570958873,0.03716814145445824
sun3d-hotel_umd-maryland_hotel1,5,33,0.3422013274336283,"[0.30,1.00]",0.8437499999999967,1.0,0.5935,1,1.0,3.1449781946618653,0.040825892239809036
sun3d-hotel_umd-maryland_hotel1,5,34,0.13113938053097346,"[0.00,0.15)",0.13281249999999947,0.0,0.0115,1,0.0,,
sun3d-hotel_umd-maryland_hotel1,5,35,0.23152654867256636,"[0.20,0.25)",0.5585937499999978,1.0,0.4265,1,1.0,4.824910346336244,0.07239588350057602
sun3d-hotel_umd-maryland_hotel1,5,7,0.1230641592920354,"[0.00,0.15)",0.0,0.0,0.0,1,0.0,,
sun3d-hotel_umd-maryland_hotel1,6,19,0.2672734573684915,"[0.25,0.30)",0.6054687499999976,1.0,0.4245,1,1.0,3.2510064038571773,0.12856590747833252
sun3d-hotel_umd-maryland_hotel1,6,22,0.39060366751438896,"[0.30,1.00]",0.8828124999999964,1.0,0.7045,1,1.0,1.9294526454761964,0.14483442902565002
sun3d-hotel_umd-maryland_hotel1,6,33,0.3340650515325927,"[0.30,1.00]",0.9492187499999962,1.0,0.739,1,1.0,1.0404225034787595,0.05092540383338928
sun3d-hotel_umd-maryland_hotel1,6,34,0.32250033462722527,"[0.30,1.00]",0.757812499999997,1.0,0.4435,1,1.0,2.6475237407642345,0.052585668861866
sun3d-hotel_umd-maryland_hotel1,6,35,0.3395261678490162,"[0.30,1.00]",0.9335937499999962,1.0,0.732,1,1.0,0.973174197732295,0.03823119029402733
sun3d-hotel_umd-maryland_hotel1,6,36,0.16335162628831482,"[0.15,0.20)",0.007812499999999969,0.0,0.0065,1,0.0,,
sun3d-hotel_umd-maryland_hotel1,6,37,0.16217373845536073,"[0.15,0.20)",0.17968749999999928,0.0,0.0115,1,0.0,,
sun3d-hotel_umd-maryland_hotel1,6,7,0.20637130236916076,"[0.20,0.25)",0.8164062499999968,1.0,0.5525,0,,,
sun3d-hotel_umd-maryland_hotel1,7,10,0.22347324447980904,"[0.20,0.25)",0.5742187499999977,1.0,0.371,1,1.0,2.331625372928637,0.09795235097408295
sun3d-hotel_umd-maryland_hotel1,7,11,0.16403421523771633,"[0.15,0.20)",0.6132812499999976,1.0,0.5275,1,1.0,2.488685172364317,0.14630921185016632
sun3d-hotel_umd-maryland_hotel1,7,13,0.2369604137656654,"[0.20,0.25)",0.742187499999997,1.0,0.569,1,1.0,3.350183118209284,0.21800492703914642
sun3d-hotel_umd-maryland_hotel1,7,18,0.4014322657648697,"[0.30,1.00]",0.7734374999999969,1.0,0.65,1,1.0,1.5136193468145303,0.0684095025062561
sun3d-hotel_umd-maryland_hotel1,7,20,0.15563954644917447,"[0.15,0.20)",0.5195312499999979,1.0,0.384,1,1.0,2.3334713969951393,0.07645535469055176
sun3d-hotel_umd-maryland_hotel1,7,21,0.29624030236721705,"[0.25,0.30)",0.8632812499999966,1.0,0.655,1,1.0,0.4493695557933898,0.030090149492025375
sun3d-hotel_umd-maryland_hotel1,7,22,0.23966580465486373,"[0.20,0.25)",0.5468749999999978,1.0,0.491,1,1.0,4.027592593634087,0.06873217970132828
sun3d-hotel_umd-maryland_hotel1,7,29,0.21889795106425303,"[0.20,0.25)",0.35546874999999856,1.0,0.1765,1,0.0,,
sun3d-hotel_umd-maryland_hotel1,7,30,0.451362641734633,"[0.30,1.00]",0.7929687499999968,1.0,0.709,1,1.0,3.0698828252372925,0.06116129085421562
sun3d-hotel_umd-maryland_hotel1,7,31,0.37067833698030633,"[0.30,1.00]",0.7851562499999969,1.0,0.649,1,1.0,1.318785897388108,0.04224049299955368
sun3d-hotel_umd-maryland_hotel1,7,32,0.23930773821364631,"[0.20,0.25)",0.031249999999999875,0.0,0.0445,1,0.0,,
sun3d-hotel_umd-maryland_hotel1,7,36,0.2057290630594788,"[0.20,0.25)",0.21093749999999917,1.0,0.0635,1,0.0,,
sun3d-hotel_umd-maryland_hotel1,7,37,0.1665406803262383,"[0.15,0.20)",0.10546874999999958,0.0,0.0315,1,0.0,,
sun3d-hotel_umd-maryland_hotel1,7,8,0.35635567933160933,"[0.30,1.00]",0.8203124999999967,1.0,0.4585,0,,,
sun3d-hotel_umd-maryland_hotel1,7,9,0.2152775014919435,"[0.20,0.25)",0.41015624999999833,1.0,0.269,1,1.0,2.4738550432181388,0.11680745333433151
sun3d-hotel_umd-maryland_hotel1,8,10,0.38664636798608093,"[0.30,1.00]",0.9374999999999962,1.0,0.711,1,1.0,2.066585618165965,0.09077997505664825
sun3d-hotel_umd-maryland_hotel1,8,19,0.24580252283601567,"[0.20,0.25)",0.7343749999999971,1.0,0.407,1,1.0,8.196590104394495,0.2493804395198822
sun3d-hotel_umd-maryland_hotel1,8,20,0.18177468464549804,"[0.15,0.20)",0.738281249999997,1.0,0.5075,1,1.0,2.9987866015670774,0.0958118662238121
sun3d-hotel_umd-maryland_hotel1,8,21,0.3031535450195737,"[0.30,1.00]",0.7656249999999969,1.0,0.4035,1,1.0,7.070409644977415,0.17845560610294342
sun3d-hotel_umd-maryland_hotel1,8,26,0.2326011309264898,"[0.20,0.25)",0.7968749999999968,1.0,0.592,1,1.0,2.680733454405746,0.10684826970100403
sun3d-hotel_umd-maryland_hotel1,8,31,0.3832753371030883,"[0.30,1.00]",0.5390624999999979,1.0,0.2805,1,0.0,,
sun3d-hotel_umd-maryland_hotel1,9,14,0.34828225649033767,"[0.30,1.00]",0.8984374999999964,1.0,0.8295,1,1.0,2.4249505358536987,0.04193923994898796
sun3d-hotel_umd-maryland_hotel1,9,19,0.15445051727503417,"[0.15,0.20)",0.058593749999999764,0.0,0.0055,1,0.0,,
sun3d-hotel_umd-maryland_hotel1,9,20,0.29191879757954325,"[0.25,0.30)",0.761718749999997,1.0,0.57,1,1.0,2.9700565958614717,0.08554621040821075
sun3d-hotel_umd-maryland_hotel1,9,21,0.23077298457934803,"[0.20,0.25)",0.49218749999999806,1.0,0.3395,1,1.0,2.986095510665667,0.11522740125656128
sun3d-hotel_umd-maryland_hotel1,9,24,0.24721842670310365,"[0.20,0.25)",0.8593749999999966,1.0,0.7835,1,1.0,1.7931871680579148,0.03295482322573662
sun3d-hotel_umd-maryland_hotel1,9,25,0.37429240679289477,"[0.30,1.00]",0.9101562499999963,1.0,0.8235,1,1.0,1.783557293169601,0.050049468874931335
sun3d-hotel_umd-maryland_hotel1,9,29,0.2516591840718329,"[0.25,0.30)",0.5937499999999977,1.0,0.476,1,1.0,3.7456474976999,0.1887047290802002
sun3d-hotel_umd-maryland_hotel1,9,31,0.23282256490337694,"[0.20,0.25)",0.4726562499999981,1.0,0.215,1,0.0,,
sun3d-hotel_umd-maryland_hotel3,0,11,0.36473924228250704,"[0.30,1.00]",0.7851562499999969,1.0,0.552,1,1.0,3.7893058257614762,0.08168474584817886
sun3d-hotel_umd-maryland_hotel3,0,27,0.21167563143124415,"[0.20,0.25)",0.011718749999999953,0.0,0.0035,1,0.0,,
sun3d-hotel_umd-maryland_hotel3,10,11,0.33364854215918044,"[0.30,1.00]",0.9414062499999962,1.0,0.693,0,,,
sun3d-hotel_umd-maryland_hotel3,10,13,0.18652482269503545,"[0.15,0.20)",0.7851562499999969,1.0,0.5395,1,1.0,2.148127332553419,0.07644996047019958
sun3d-hotel_umd-maryland_hotel3,10,17,0.28286052009456264,"[0.25,0.30)",0.5742187499999977,1.0,0.2365,1,1.0,5.926850509945209,0.1611664891242981
sun3d-hotel_umd-maryland_hotel3,11,14,0.41151015125778534,"[0.30,1.00]",0.9531249999999962,1.0,0.74,1,1.0,2.0660173189207915,0.07141395658254623
sun3d-hotel_umd-maryland_hotel3,11,27,0.2952762274528836,"[0.25,0.30)",0.03515624999999986,0.0,0.002,1,0.0,,
sun3d-hotel_umd-maryland_hotel3,12,27,0.25419992186191886,"[0.25,0.30)",0.015624999999999938,0.0,0.0045,1,0.0,,
sun3d-hotel_umd-maryland_hotel3,13,14,0.24850477532487866,"[0.20,0.25)",0.9218749999999963,1.0,0.7275,0,,,
sun3d-hotel_umd-maryland_hotel3,13,27,0.2580554250821982,"[0.25,0.30)",0.015624999999999938,0.0,0.0035,1,0.0,,
sun3d-hotel_umd-maryland_hotel3,14,16,0.32032353944355113,"[0.30,1.00]",0.5156249999999979,1.0,0.435,1,1.0,1.4820014214667092,0.033136963844299316
sun3d-hotel_umd-maryland_hotel3,14,17,0.2856794815572772,"[0.25,0.30)",0.10937499999999957,0.0,0.039,1,0.0,,
sun3d-hotel_umd-maryland_hotel3,16,18,0.22767750845278348,"[0.20,0.25)",0.5820312499999977,1.0,0.488,1,1.0,1.6918853856142955,0.048916690051555634
sun3d-hotel_umd-maryland_hotel3,16,19,0.23172532025334538,"[0.20,0.25)",0.5859374999999977,1.0,0.4485,1,1.0,1.311047186048632,0.04540601745247841
sun3d-hotel_umd-maryland_hotel3,18,20,0.3292668957617411,"[0.30,1.00]",0.7734374999999969,1.0,0.5335,1,1.0,3.560734877792737,0.04546293988823891
sun3d-hotel_umd-maryland_hotel3,1,11,0.15012398851474812,"[0.15,0.20)",0.3984374999999984,1.0,0.243,1,1.0,0.9108569701584004,0.0896083265542984
sun3d-hotel_umd-maryland_hotel3,1,12,0.368474288697468,"[0.30,1.00]",0.6015624999999976,1.0,0.5095,1,1.0,4.058881414997786,0.09529909491539001
sun3d-hotel_umd-maryland_hotel3,1,13,0.27864787261811536,"[0.25,0.30)",0.8007812499999968,1.0,0.5965,1,1.0,4.176076296568772,0.10790371149778366
sun3d-hotel_umd-maryland_hotel3,20,33,0.24763718953769506,"[0.20,0.25)",0.019531249999999924,0.0,0.0145,1,0.0,,
sun3d-hotel_umd-maryland_hotel3,20,34,0.32837570517986664,"[0.30,1.00]",0.058593749999999764,0.0,0.027,1,0.0,,
sun3d-hotel_umd-maryland_hotel3,20,36,0.21686570444721226,"[0.20,0.25)",0.0,0.0,0.0,1,0.0,,
sun3d-hotel_umd-maryland_hotel3,21,24,0.3509577915419008,"[0.30,1.00]",0.8476562499999966,1.0,0.736,1,1.0,2.8813351717397113,0.04567588120698929
sun3d-hotel_umd-maryland_hotel3,21,29,0.33065343123179786,"[0.30,1.00]",0.8632812499999966,1.0,0.724,1,1.0,2.249597604022606,0.020227940753102303
sun3d-hotel_umd-maryland_hotel3,21,30,0.3324172443496452,"[0.30,1.00]",0.8046874999999968,1.0,0.727,1,1.0,1.7716672959068958,0.03325047343969345
sun3d-hotel_umd-maryland_hotel3,21,31,0.3793428770663276,"[0.30,1.00]",0.6953124999999972,1.0,0.6415,1,1.0,2.2937106372741494,0.04096970707178116
sun3d-hotel_umd-maryland_hotel3,22,24,0.35729363404066217,"[0.30,1.00]",0.8593749999999966,1.0,0.769,1,1.0,3.2552190759714335,0.0564928837120533
sun3d-hotel_umd-maryland_hotel3,22,27,0.3162241232455653,"[0.30,1.00]",0.7070312499999972,1.0,0.569,1,1.0,2.2855042659182065,0.04222490265965462
sun3d-hotel_umd-maryland_hotel3,22,30,0.39421545754175463,"[0.30,1.00]",0.9101562499999963,1.0,0.736,1,1.0,2.0925606218026704,0.04998691380023956
sun3d-hotel_umd-maryland_hotel3,22,31,0.1506128948635337,"[0.15,0.20)",0.6796874999999973,1.0,0.569,1,1.0,1.273800089779976,0.02221483178436756
sun3d-hotel_umd-maryland_hotel3,23,24,0.344136460554371,"[0.30,1.00]",0.8476562499999966,1.0,0.8055,0,,,
sun3d-hotel_umd-maryland_hotel3,23,27,0.36908315565031985,"[0.30,1.00]",0.738281249999997,1.0,0.6115,1,1.0,2.4871116997048723,0.0547490157186985
sun3d-hotel_umd-maryland_hotel3,24,25,0.33586975756503273,"[0.30,1.00]",0.5390624999999979,1.0,0.5275,0,,,
sun3d-hotel_umd-maryland_hotel3,24,30,0.17563263139267385,"[0.15,0.20)",0.04687499999999981,0.0,0.044,1,0.0,,
sun3d-hotel_umd-maryland_hotel3,25,26,0.2820428875429694,"[0.25,0.30)",0.253906249999999,1.0,0.3155,0,,,
sun3d-hotel_umd-maryland_hotel3,25,28,0.2894090685873302,"[0.25,0.30)",0.3124999999999988,1.0,0.325,1,1.0,1.6105834455526005,0.01574375294148922
sun3d-hotel_umd-maryland_hotel3,27,28,0.24105409153952842,"[0.20,0.25)",0.6914062499999972,1.0,0.595,0,,,
sun3d-hotel_umd-maryland_hotel3,28,31,0.21085126286248831,"[0.20,0.25)",0.4335937499999983,1.0,0.464,1,1.0,4.046027037641563,0.06649243086576462
sun3d-hotel_umd-maryland_hotel3,29,31,0.18847681000253444,"[0.15,0.20)",0.08593749999999965,1.0,0.1145,1,0.0,,
sun3d-hotel_umd-maryland_hotel3,30,32,0.3230769230769231,"[0.30,1.00]",0.6640624999999973,1.0,0.5555,1,1.0,2.3858931703100437,0.04676367715001106
sun3d-hotel_umd-maryland_hotel3,30,33,0.2187444739168877,"[0.20,0.25)",0.3085937499999988,1.0,0.27,1,1.0,1.1535182645275601,0.03559335321187973
sun3d-hotel_umd-maryland_hotel3,31,35,0.13986130837998162,"[0.00,0.15)",0.14843749999999942,1.0,0.0525,1,0.0,,
sun3d-hotel_umd-maryland_hotel3,31,36,0.2610911521430362,"[0.25,0.30)",0.3749999999999985,1.0,0.165,1,1.0,8.066160893815386,0.03794912248849869
sun3d-hotel_umd-maryland_hotel3,3,5,0.37188897325571585,"[0.30,1.00]",0.9531249999999962,1.0,0.89,1,1.0,0.6305604507173341,0.015074474737048149
sun3d-hotel_umd-maryland_hotel3,5,7,0.18090663006595753,"[0.15,0.20)",0.7968749999999968,1.0,0.767,1,1.0,3.0709029640737207,0.11486489325761795
sun3d-hotel_umd-maryland_hotel3,8,14,0.24017082727953154,"[0.20,0.25)",0.749999999999997,1.0,0.6375,1,1.0,3.8353277644167845,0.10671576112508774
sun3d-hotel_umd-maryland_hotel3,8,16,0.35398230088495575,"[0.30,1.00]",0.9492187499999962,1.0,0.7475,1,1.0,2.9009704310524054,0.07262854278087616
sun3d-hotel_umd-maryland_hotel3,9,10,0.31183331671817366,"[0.30,1.00]",0.9335937499999962,1.0,0.746,0,,,
sun3d-hotel_umd-maryland_hotel3,9,15,0.34709068554148803,"[0.30,1.00]",0.9531249999999962,1.0,0.769,1,1.0,1.7237415909159866,0.048549965023994446
sun3d-hotel_umd-maryland_hotel3,9,16,0.2659422457049812,"[0.25,0.30)",0.8984374999999964,1.0,0.624,1,1.0,0.9125739862123927,0.05621415749192238
sun3d-mit_76_studyroom-76-1studyroom2,0,18,0.15280421730853713,"[0.15,0.20)",0.054687499999999785,0.0,0.0325,1,0.0,,
sun3d-mit_76_studyroom-76-1studyroom2,0,19,0.30114218772880363,"[0.30,1.00]",0.21484374999999914,1.0,0.1,1,0.0,,
sun3d-mit_76_studyroom-76-1studyroom2,0,21,0.404817689266364,"[0.30,1.00]",0.6132812499999976,1.0,0.602,1,1.0,1.2546060916691555,0.02467825822532177
sun3d-mit_76_studyroom-76-1studyroom2,0,22,0.2096939522624103,"[0.20,0.25)",0.4023437499999984,1.0,0.5385,1,1.0,3.8742396088566866,0.062097422778606415
sun3d-mit_76_studyroom-76-1studyroom2,0,3,0.4148484404744472,"[0.30,1.00]",0.746093749999997,1.0,0.599,1,1.0,4.851956987691148,0.14630161225795746
sun3d-mit_76_studyroom-76-1studyroom2,0,33,0.22543564211451164,"[0.20,0.25)",0.499999999999998,1.0,0.5245,1,1.0,0.8021066839285892,0.03130551055073738
sun3d-mit_76_studyroom-76-1studyroom2,0,39,0.15829550446624688,"[0.15,0.20)",0.0,0.0,0.0,1,0.0,,
sun3d-mit_76_studyroom-76-1studyroom2,0,44,0.1722067652657783,"[0.15,0.20)",0.1718749999999993,1.0,0.2035,1,0.0,,
sun3d-mit_76_studyroom-76-1studyroom2,0,45,0.33138087567725877,"[0.30,1.00]",0.6367187499999974,1.0,0.6715,1,1.0,7.513974134318484,0.26538515090942383
sun3d-mit_76_studyroom-76-1studyroom2,0,50,0.2820325084199736,"[0.25,0.30)",0.5273437499999979,1.0,0.559,1,1.0,7.685079857353826,0.21797524392604828
sun3d-mit_76_studyroom-76-1studyroom2,0,51,0.1860448089032069,"[0.15,0.20)",0.36328124999999856,1.0,0.382,1,1.0,8.40265559984462,0.20822004973888397
sun3d-mit_76_studyroom-76-1studyroom2,0,64,0.1745497144530678,"[0.15,0.20)",0.011718749999999953,0.0,0.0,1,0.0,,
sun3d-mit_76_studyroom-76-1studyroom2,0,8,0.34756186850197685,"[0.30,1.00]",0.6210937499999976,1.0,0.565,1,1.0,7.418889409778178,0.2036769986152649
sun3d-mit_76_studyroom-76-1studyroom2,10,13,0.18676034348165496,"[0.15,0.20)",0.16796874999999933,1.0,0.153,1,0.0,,
sun3d-mit_76_studyroom-76-1studyroom2,10,37,0.17742388758782202,"[0.15,0.20)",0.41015624999999833,1.0,0.141,1,1.0,2.336153920346264,0.1943165808916092
sun3d-mit_76_studyroom-76-1studyroom2,10,39,0.208711943793911,"[0.20,0.25)",0.48437499999999806,1.0,0.423,1,1.0,3.9366150400381033,0.2486075609922409
sun3d-mit_76_studyroom-76-1studyroom2,10,56,0.3592505854800937,"[0.30,1.00]",0.496093749999998,1.0,0.5125,1,1.0,1.9743713445606406,0.020873382687568665
sun3d-mit_76_studyroom-76-1studyroom2,11,13,0.22126436781609196,"[0.20,0.25)",0.26562499999999895,1.0,0.3155,1,0.0,,
sun3d-mit_76_studyroom-76-1studyroom2,11,51,0.18527114647804302,"[0.15,0.20)",0.6171874999999976,1.0,0.5685,1,1.0,2.9114781170542035,0.07977618277072906
sun3d-mit_76_studyroom-76-1studyroom2,11,56,0.30389773062186853,"[0.30,1.00]",0.5976562499999976,1.0,0.457,1,1.0,2.786145093269123,0.04667182266712189
sun3d-mit_76_studyroom-76-1studyroom2,12,14,0.28767977202903067,"[0.25,0.30)",0.8359374999999967,1.0,0.654,1,1.0,1.6944281966300598,0.0569615475833416
sun3d-mit_76_studyroom-76-1studyroom2,12,15,0.16705997595618682,"[0.15,0.20)",0.6914062499999972,1.0,0.628,1,1.0,1.8686503210356007,0.05901709571480751
sun3d-mit_76_studyroom-76-1studyroom2,12,51,0.1984505098178904,"[0.15,0.20)",0.5546874999999978,1.0,0.49,1,1.0,5.820394291801572,0.2325143665075302
sun3d-mit_76_studyroom-76-1studyroom2,12,52,0.3385279843269959,"[0.30,1.00]",0.8398437499999967,1.0,0.729,1,1.0,4.112279405725879,0.14179091155529022
sun3d-mit_76_studyroom-76-1studyroom2,12,57,0.205574602609199,"[0.20,0.25)",0.8046874999999968,1.0,0.6905,1,1.0,1.5177509348259695,0.04608394578099251
sun3d-mit_76_studyroom-76-1studyroom2,13,53,0.17902208201892744,"[0.15,0.20)",0.253906249999999,1.0,0.206,1,0.0,,
sun3d-mit_76_studyroom-76-1studyroom2,13,58,0.20907816333683843,"[0.20,0.25)",0.007812499999999969,0.0,0.0,1,0.0,,
sun3d-mit_76_studyroom-76-1studyroom2,14,18,0.38939670932358317,"[0.30,1.00]",0.5976562499999976,1.0,0.4345,1,1.0,1.9468207426659359,0.08750440180301666
sun3d-mit_76_studyroom-76-1studyroom2,14,55,0.3709890941183887,"[0.30,1.00]",0.503906249999998,1.0,0.3595,1,1.0,1.9135639178543404,0.06836780160665512
sun3d-mit_76_studyroom-76-1studyroom2,14,61,0.18798461829414362,"[0.15,0.20)",0.023437499999999906,0.0,0.0055,1,0.0,,
sun3d-mit_76_studyroom-76-1studyroom2,14,62,0.31078610603290674,"[0.30,1.00]",0.38671874999999845,1.0,0.34,1,1.0,6.645112550490204,0.3074857294559479
sun3d-mit_76_studyroom-76-1studyroom2,14,63,0.19183004475824245,"[0.15,0.20)",0.26171874999999895,1.0,0.2685,1,0.0,,
sun3d-mit_76_studyroom-76-1studyroom2,15,16,0.3433440030126153,"[0.30,1.00]",0.757812499999997,1.0,0.646,0,,,
sun3d-mit_76_studyroom-76-1studyroom2,15,17,0.3217849745810582,"[0.30,1.00]",0.7656249999999969,1.0,0.692,1,1.0,0.3966354943421774,0.033778928220272064
sun3d-mit_76_studyroom-76-1studyroom2,15,19,0.3212201092073056,"[0.30,1.00]",0.6757812499999973,1.0,0.6605,1,1.0,1.6793466679665412,0.032940033823251724
sun3d-mit_76_studyroom-76-1studyroom2,15,55,0.185746563735643,"[0.15,0.20)",0.742187499999997,1.0,0.66,1,1.0,2.0684788218234633,0.027940286323428154
sun3d-mit_76_studyroom-76-1studyroom2,15,60,0.2122481641875353,"[0.20,0.25)",0.3124999999999988,1.0,0.1095,1,1.0,9.000886961847254,0.05856388434767723
sun3d-mit_76_studyroom-76-1studyroom2,15,61,0.35798343061570326,"[0.30,1.00]",0.5820312499999977,1.0,0.364,1,1.0,4.108658475199761,0.14911040663719177
sun3d-mit_76_studyroom-76-1studyroom2,15,63,0.45961212577668986,"[0.30,1.00]",0.13281249999999947,1.0,0.162,1,0.0,,
sun3d-mit_76_studyroom-76-1studyroom2,15,64,0.30399171530785163,"[0.30,1.00]",0.42187499999999833,1.0,0.395,1,1.0,4.62736543878536,0.14841850101947784
sun3d-mit_76_studyroom-76-1studyroom2,16,18,0.3104982982808273,"[0.30,1.00]",0.5976562499999976,1.0,0.575,1,1.0,1.877010090291633,0.07244281470775604
sun3d-mit_76_studyroom-76-1studyroom2,16,19,0.28929225935945546,"[0.25,0.30)",0.33203124999999867,1.0,0.393,1,1.0,3.453207079384563,0.12973445653915405
sun3d-mit_76_studyroom-76-1studyroom2,16,57,0.3151234837245833,"[0.30,1.00]",0.38671874999999845,1.0,0.242,1,1.0,4.100642986795695,0.040712349116802216
sun3d-mit_76_studyroom-76-1studyroom2,16,58,0.3257701370102103,"[0.30,1.00]",0.20703124999999917,1.0,0.0875,1,0.0,,
sun3d-mit_76_studyroom-76-1studyroom2,16,61,0.3468889082817,"[0.30,1.00]",0.11328124999999954,0.0,0.0065,1,0.0,,
sun3d-mit_76_studyroom-76-1studyroom2,16,62,0.3865956889780958,"[0.30,1.00]",0.007812499999999969,0.0,0.009,1,0.0,,
sun3d-mit_76_studyroom-76-1studyroom2,16,63,0.362160747011083,"[0.30,1.00]",0.019531249999999924,1.0,0.062,1,0.0,,
sun3d-mit_76_studyroom-76-1studyroom2,16,64,0.32716641940832536,"[0.30,1.00]",0.007812499999999969,0.0,0.029,1,0.0,,
sun3d-mit_76_studyroom-76-1studyroom2,17,20,0.25125306601258396,"[0.25,0.30)",0.249999999999999,1.0,0.2375,1,1.0,3.077525631864711,0.17961934208869934
sun3d-mit_76_studyroom-76-1studyroom2,17,57,0.2968966620454303,"[0.25,0.30)",0.21484374999999914,1.0,0.1425,1,1.0,4.145103665860914,0.16747011244297028
sun3d-mit_76_studyroom-76-1studyroom2,17,58,0.2326970246347446,"[0.20,0.25)",0.015624999999999938,0.0,0.0055,1,0.0,,
sun3d-mit_76_studyroom-76-1studyroom2,17,61,0.30361522875119973,"[0.30,1.00]",0.0,0.0,0.0,1,0.0,,
sun3d-mit_76_studyroom-76-1studyroom2,17,62,0.47915111442892183,"[0.30,1.00]",0.1718749999999993,1.0,0.135,1,0.0,,
sun3d-mit_76_studyroom-76-1studyroom2,17,63,0.5094379865628665,"[0.30,1.00]",0.22656249999999908,1.0,0.1875,1,1.0,4.453774191919156,0.1741657555103302
sun3d-mit_76_studyroom-76-1studyroom2,17,65,0.34584621947317906,"[0.30,1.00]",0.17968749999999928,1.0,0.139,1,1.0,3.6543057931793173,0.08815675973892212
sun3d-mit_76_studyroom-76-1studyroom2,18,21,0.2926436294254823,"[0.25,0.30)",0.6367187499999974,1.0,0.551,1,1.0,3.806114721787537,0.25079402327537537
sun3d-mit_76_studyroom-76-1studyroom2,18,34,0.2730125079499682,"[0.25,0.30)",0.3242187499999987,1.0,0.2335,1,1.0,4.243255640233357,0.2286975085735321
sun3d-mit_76_studyroom-76-1studyroom2,18,56,0.14488022047911808,"[0.00,0.15)",0.0039062499999999844,0.0,0.0085,1,0.0,,
sun3d-mit_76_studyroom-76-1studyroom2,18,57,0.32249311002755987,"[0.30,1.00]",0.749999999999997,1.0,0.632,1,1.0,2.958962917821062,0.09521293640136719
sun3d-mit_76_studyroom-76-1studyroom2,18,58,0.25295738817044733,"[0.25,0.30)",0.042968749999999827,1.0,0.0515,1,0.0,,
sun3d-mit_76_studyroom-76-1studyroom2,18,61,0.28768284926860294,"[0.25,0.30)",0.29687499999999883,1.0,0.0895,1,0.0,,
sun3d-mit_76_studyroom-76-1studyroom2,18,65,0.4157303370786517,"[0.30,1.00]",0.007812499999999969,0.0,0.0175,1,0.0,,
sun3d-mit_76_studyroom-76-1studyroom2,19,22,0.2736432241490045,"[0.25,0.30)",0.13671874999999944,1.0,0.1795,1,0.0,,
sun3d-mit_76_studyroom-76-1studyroom2,19,23,0.3066393705844573,"[0.30,1.00]",0.3749999999999985,1.0,0.3155,1,1.0,0.9159983636750922,0.06982851028442383
sun3d-mit_76_studyroom-76-1studyroom2,19,24,0.17694283879254977,"[0.15,0.20)",0.007812499999999969,0.0,0.005,1,0.0,,
sun3d-mit_76_studyroom-76-1studyroom2,19,33,0.297286448298009,"[0.25,0.30)",0.0,0.0,0.0,1,0.0,,
sun3d-mit_76_studyroom-76-1studyroom2,19,34,0.45600513808606297,"[0.30,1.00]",0.33203124999999867,1.0,0.264,1,1.0,4.996771308560583,0.2080007791519165
sun3d-mit_76_studyroom-76-1studyroom2,19,62,0.35027296082209375,"[0.30,1.00]",0.23437499999999906,1.0,0.1475,1,1.0,3.780407254277134,0.19772109389305115
sun3d-mit_76_studyroom-76-1studyroom2,1,19,0.30032308963859045,"[0.30,1.00]",0.14062499999999944,1.0,0.074,1,0.0,,
sun3d-mit_76_studyroom-76-1studyroom2,1,20,0.4297092193252686,"[0.30,1.00]",0.4023437499999984,1.0,0.292,1,1.0,1.5719676065930908,0.08016778528690338
sun3d-mit_76_studyroom-76-1studyroom2,1,21,0.38139604778721165,"[0.30,1.00]",0.6328124999999974,1.0,0.576,1,1.0,1.5055821388441508,0.04743475094437599
sun3d-mit_76_studyroom-76-1studyroom2,1,22,0.2001653016755579,"[0.20,0.25)",0.4062499999999984,1.0,0.539,1,1.0,4.6438454469642485,0.09920705854892731
sun3d-mit_76_studyroom-76-1studyroom2,1,33,0.17011045157412277,"[0.15,0.20)",0.36718749999999856,1.0,0.46,1,1.0,2.702550157239923,0.1051298975944519
sun3d-mit_76_studyroom-76-1studyroom2,1,39,0.19362837177849576,"[0.15,0.20)",0.0,0.0,0.0,1,0.0,,
sun3d-mit_76_studyroom-76-1studyroom2,1,44,0.2006161244270794,"[0.20,0.25)",0.007812499999999969,0.0,0.0095,1,0.0,,
sun3d-mit_76_studyroom-76-1studyroom2,1,50,0.3115936584266286,"[0.30,1.00]",0.5195312499999979,1.0,0.6985,1,1.0,4.743177706123165,0.14087127149105072
sun3d-mit_76_studyroom-76-1studyroom2,1,51,0.1994890675482756,"[0.15,0.20)",0.36328124999999856,1.0,0.461,1,1.0,6.212744909755461,0.15449585020542145
sun3d-mit_76_studyroom-76-1studyroom2,1,64,0.1510256217597115,"[0.15,0.20)",0.0,0.0,0.0,1,0.0,,
sun3d-mit_76_studyroom-76-1studyroom2,1,8,0.3939439477045608,"[0.30,1.00]",0.6757812499999973,1.0,0.7055,1,1.0,4.504239380023344,0.125853031873703
sun3d-mit_76_studyroom-76-1studyroom2,20,24,0.285540112167764,"[0.25,0.30)",0.0039062499999999844,0.0,0.0015,1,0.0,,
sun3d-mit_76_studyroom-76-1studyroom2,20,25,0.1224091684954889,"[0.00,0.15)",0.0,0.0,0.0,1,0.0,,
sun3d-mit_76_studyroom-76-1studyroom2,20,32,0.1232219783792571,"[0.00,0.15)",0.0,0.0,0.0,1,0.0,,
sun3d-mit_76_studyroom-76-1studyroom2,20,33,0.3871819881329757,"[0.30,1.00]",0.027343749999999892,1.0,0.0635,1,0.0,,
sun3d-mit_76_studyroom-76-1studyroom2,20,35,0.16126148093960824,"[0.15,0.20)",0.5273437499999979,1.0,0.5375,1,1.0,1.2954311054334617,0.06396367400884628
sun3d-mit_76_studyroom-76-1studyroom2,20,63,0.33126066812972443,"[0.30,1.00]",0.2031249999999992,1.0,0.0865,1,0.0,,
sun3d-mit_76_studyroom-76-1studyroom2,21,25,0.16294187425860024,"[0.15,0.20)",0.0,0.0,0.0,1,0.0,,
sun3d-mit_76_studyroom-76-1studyroom2,21,32,0.2193594306049822,"[0.20,0.25)",0.0,0.0,0.0,1,0.0,,
sun3d-mit_76_studyroom-76-1studyroom2,21,35,0.21091340450771057,"[0.20,0.25)",0.6914062499999972,1.0,0.6705,1,1.0,0.12820424872801936,0.017873553559184074
sun3d-mit_76_studyroom-76-1studyroom2,21,47,0.16588374851720047,"[0.15,0.20)",0.06249999999999975,0.0,0.0495,1,0.0,,
sun3d-mit_76_studyroom-76-1studyroom2,21,48,0.238576512455516,"[0.20,0.25)",0.12109374999999951,1.0,0.06,1,0.0,,
sun3d-mit_76_studyroom-76-1studyroom2,21,63,0.2567497034400949,"[0.25,0.30)",0.07031249999999972,0.0,0.0345,1,0.0,,
sun3d-mit_76_studyroom-76-1studyroom2,21,64,0.38249110320284696,"[0.30,1.00]",0.20703124999999917,1.0,0.086,1,0.0,,
sun3d-mit_76_studyroom-76-1studyroom2,21,65,0.41466192170818506,"[0.30,1.00]",0.027343749999999892,0.0,0.0285,1,0.0,,
sun3d-mit_76_studyroom-76-1studyroom2,22,25,0.25050415931434333,"[0.25,0.30)",0.23046874999999908,1.0,0.1235,1,0.0,,
sun3d-mit_76_studyroom-76-1studyroom2,22,26,0.1647340559616839,"[0.15,0.20)",0.14453124999999942,0.0,0.0475,1,1.0,6.554306510814876,0.2392427623271942
sun3d-mit_76_studyroom-76-1studyroom2,22,27,0.21168389210990673,"[0.20,0.25)",0.26171874999999895,1.0,0.205,1,0.0,,
sun3d-mit_76_studyroom-76-1studyroom2,22,32,0.3219687421225107,"[0.30,1.00]",0.25781249999999895,1.0,0.0835,1,0.0,,
sun3d-mit_76_studyroom-76-1studyroom2,22,35,0.1983236702798084,"[0.15,0.20)",0.5664062499999978,1.0,0.652,1,1.0,1.8596216703467854,0.04755019396543503
sun3d-mit_76_studyroom-76-1studyroom2,22,48,0.18168641290647844,"[0.15,0.20)",0.23828124999999906,1.0,0.2105,1,1.0,1.9767489096504753,0.09477721899747849
sun3d-mit_76_studyroom-76-1studyroom2,22,64,0.3249306780942778,"[0.30,1.00]",0.0039062499999999844,0.0,0.0,1,0.0,,
sun3d-mit_76_studyroom-76-1studyroom2,23,26,0.38775994039151934,"[0.30,1.00]",0.0,0.0,0.0,1,0.0,,
sun3d-mit_76_studyroom-76-1studyroom2,23,28,0.2785003048160943,"[0.25,0.30)",0.0,0.0,0.0,1,0.0,,
sun3d-mit_76_studyroom-76-1studyroom2,23,31,0.1751337803969383,"[0.15,0.20)",0.0,0.0,0.0,1,0.0,,
sun3d-mit_76_studyroom-76-1studyroom2,23,34,0.4473684210526316,"[0.30,1.00]",0.6992187499999972,1.0,0.4705,1,0.0,,
sun3d-mit_76_studyroom-76-1studyroom2,23,64,0.1968773284562758,"[0.15,0.20)",0.019531249999999924,0.0,0.001,1,0.0,,
sun3d-mit_76_studyroom-76-1studyroom2,24,28,0.41699512325472643,"[0.30,1.00]",0.8437499999999967,1.0,0.704,1,1.0,2.6792726958171014,0.0909709632396698
sun3d-mit_76_studyroom-76-1studyroom2,24,29,0.2054245440577193,"[0.20,0.25)",0.7148437499999971,1.0,0.7025,1,1.0,1.0656943090981057,0.030840273946523666
sun3d-mit_76_studyroom-76-1studyroom2,24,31,0.2734985636983098,"[0.25,0.30)",0.7695312499999969,1.0,0.677,1,1.0,1.5754494858266368,0.03510664775967598
sun3d-mit_76_studyroom-76-1studyroom2,24,34,0.25425880152314784,"[0.25,0.30)",0.511718749999998,1.0,0.486,1,1.0,3.188254392206508,0.1057976707816124
sun3d-mit_76_studyroom-76-1studyroom2,24,65,0.29066737925045094,"[0.25,0.30)",0.2226562499999991,1.0,0.107,1,0.0,,
sun3d-mit_76_studyroom-76-1studyroom2,25,29,0.20274989687886705,"[0.20,0.25)",0.9140624999999963,1.0,0.8365,1,1.0,0.7060982652852235,0.03644677996635437
sun3d-mit_76_studyroom-76-1studyroom2,25,31,0.22771896053897978,"[0.20,0.25)",0.9218749999999963,1.0,0.786,1,1.0,0.7883269195167886,0.04529877379536629
sun3d-mit_76_studyroom-76-1studyroom2,26,28,0.3159000081559416,"[0.30,1.00]",0.9453124999999962,1.0,0.7995,1,1.0,2.584068391483549,0.1344778686761856
sun3d-mit_76_studyroom-76-1studyroom2,26,33,0.39911100236522307,"[0.30,1.00]",0.9257812499999963,1.0,0.7925,1,1.0,1.3510362899117545,0.07254478335380554
sun3d-mit_76_studyroom-76-1studyroom2,27,29,0.2910821126469981,"[0.25,0.30)",0.9335937499999962,1.0,0.8765,1,1.0,1.2185252421579025,0.06255672872066498
sun3d-mit_76_studyroom-76-1studyroom2,27,30,0.16737157004332576,"[0.15,0.20)",0.9335937499999962,1.0,0.8905,1,1.0,1.9887909357512623,0.08894701302051544
sun3d-mit_76_studyroom-76-1studyroom2,27,31,0.33102950278522797,"[0.30,1.00]",0.9843749999999961,1.0,0.9245,1,1.0,0.6483091330653613,0.01951782964169979
sun3d-mit_76_studyroom-76-1studyroom2,28,33,0.34087428650981483,"[0.30,1.00]",0.8476562499999966,1.0,0.762,1,1.0,1.6190665622535834,0.02058798260986805
sun3d-mit_76_studyroom-76-1studyroom2,2,21,0.1928554187786628,"[0.15,0.20)",0.12890624999999947,1.0,0.092,1,0.0,,
sun3d-mit_76_studyroom-76-1studyroom2,2,34,0.4178131788559015,"[0.30,1.00]",0.8281249999999967,1.0,0.6605,1,1.0,5.640695983861736,0.16048920154571533
sun3d-mit_76_studyroom-76-1studyroom2,2,4,0.34896210475500844,"[0.30,1.00]",0.11328124999999954,0.0,0.002,1,0.0,,
sun3d-mit_76_studyroom-76-1studyroom2,2,43,0.14452087859039345,"[0.00,0.15)",0.0,0.0,0.0,1,0.0,,
sun3d-mit_76_studyroom-76-1studyroom2,2,51,0.2052860246198407,"[0.20,0.25)",0.4765624999999981,1.0,0.478,1,1.0,3.148710865525294,0.07463697344064713
sun3d-mit_76_studyroom-76-1studyroom2,30,32,0.2976322712657118,"[0.25,0.30)",0.6914062499999972,1.0,0.622,1,1.0,2.569788421533227,0.09286466240882874
sun3d-mit_76_studyroom-76-1studyroom2,33,34,0.3206973979659226,"[0.30,1.00]",0.8710937499999966,1.0,0.697,0,,,
sun3d-mit_76_studyroom-76-1studyroom2,33,65,0.3071456874917448,"[0.30,1.00]",0.042968749999999827,0.0,0.0245,1,0.0,,
sun3d-mit_76_studyroom-76-1studyroom2,34,36,0.32733630883909265,"[0.30,1.00]",0.9609374999999961,1.0,0.8115,1,1.0,1.2899815026325026,0.04118546098470688
sun3d-mit_76_studyroom-76-1studyroom2,34,37,0.3000966272488842,"[0.30,1.00]",0.8984374999999964,1.0,0.722,1,1.0,2.1912454815398026,0.08855190128087997
sun3d-mit_76_studyroom-76-1studyroom2,34,38,0.20176689826531083,"[0.20,0.25)",0.8281249999999967,1.0,0.696,1,1.0,2.6839443268386507,0.12081831693649292
sun3d-mit_76_studyroom-76-1studyroom2,34,46,0.23825518796300557,"[0.20,0.25)",0.7812499999999969,1.0,0.699,1,1.0,3.9024417773716027,0.12281069904565811
sun3d-mit_76_studyroom-76-1studyroom2,34,47,0.28127732020429763,"[0.25,0.30)",0.8515624999999966,1.0,0.747,1,1.0,2.5443750064543855,0.06987306475639343
sun3d-mit_76_studyroom-76-1studyroom2,34,48,0.3493765241798187,"[0.30,1.00]",0.9531249999999962,1.0,0.8055,1,1.0,2.8833726009104894,0.09593573957681656
sun3d-mit_76_studyroom-76-1studyroom2,34,49,0.31942207702572123,"[0.30,1.00]",0.8398437499999967,1.0,0.7285,1,1.0,4.462648906441052,0.12349286675453186
sun3d-mit_76_studyroom-76-1studyroom2,34,63,0.14871393733032715,"[0.00,0.15)",0.03906249999999985,0.0,0.008,1,0.0,,
sun3d-mit_76_studyroom-76-1studyroom2,34,64,0.3937330327152257,"[0.30,1.00]",0.019531249999999924,0.0,0.014,1,0.0,,
sun3d-mit_76_studyroom-76-1studyroom2,35,39,0.2660592255125285,"[0.25,0.30)",0.007812499999999969,0.0,0.0115,1,0.0,,
sun3d-mit_76_studyroom-76-1studyroom2,35,44,0.2559713634884478,"[0.25,0.30)",0.09374999999999963,1.0,0.1645,1,0.0,,
sun3d-mit_76_studyroom-76-1studyroom2,35,50,0.3634233647901074,"[0.30,1.00]",0.5156249999999979,1.0,0.5805,1,1.0,4.658585669991701,0.1507585644721985
sun3d-mit_76_studyroom-76-1studyroom2,35,51,0.27920598763423365,"[0.25,0.30)",0.41406249999999833,1.0,0.3965,1,1.0,4.809864128270102,0.15186534821987152
sun3d-mit_76_studyroom-76-1studyroom2,35,52,0.17865278229742923,"[0.15,0.20)",0.0781249999999997,1.0,0.09,1,0.0,,
sun3d-mit_76_studyroom-76-1studyroom2,36,44,0.36035874439461885,"[0.30,1.00]",0.6953124999999972,1.0,0.478,1,0.0,,
sun3d-mit_76_studyroom-76-1studyroom2,36,50,0.40203288490284006,"[0.30,1.00]",0.7031249999999972,1.0,0.604,1,1.0,5.4997514879615,0.14389151334762573
sun3d-mit_76_studyroom-76-1studyroom2,36,51,0.38726457399103137,"[0.30,1.00]",0.35937499999999856,1.0,0.3425,1,1.0,6.389729365585128,0.17473746836185455
sun3d-mit_76_studyroom-76-1studyroom2,36,52,0.3388938714499253,"[0.30,1.00]",0.18359374999999928,1.0,0.0535,1,0.0,,
sun3d-mit_76_studyroom-76-1studyroom2,36,53,0.2795814648729447,"[0.25,0.30)",0.249999999999999,1.0,0.0545,1,0.0,,
sun3d-mit_76_studyroom-76-1studyroom2,37,44,0.3988751506494666,"[0.30,1.00]",0.7070312499999972,1.0,0.4785,1,1.0,4.534145771745508,0.22158941626548767
sun3d-mit_76_studyroom-76-1studyroom2,37,50,0.41811364549390706,"[0.30,1.00]",0.8281249999999967,1.0,0.6245,1,1.0,4.019513163076503,0.11223981529474258
sun3d-mit_76_studyroom-76-1studyroom2,37,51,0.36615631835022094,"[0.30,1.00]",0.3710937499999985,1.0,0.3795,1,1.0,3.3180040640980883,0.1107252761721611
sun3d-mit_76_studyroom-76-1studyroom2,37,52,0.34598044904700265,"[0.30,1.00]",0.42187499999999833,1.0,0.2155,1,1.0,2.124306662316345,0.07988099008798599
sun3d-mit_76_studyroom-76-1studyroom2,37,53,0.33160737401240903,"[0.30,1.00]",0.5312499999999979,1.0,0.184,1,1.0,1.884502186970384,0.21608294546604156
sun3d-mit_76_studyroom-76-1studyroom2,38,40,0.1794948259923061,"[0.15,0.20)",0.0,0.0,0.0,1,0.0,,
sun3d-mit_76_studyroom-76-1studyroom2,38,43,0.1443652521396833,"[0.00,0.15)",0.007812499999999969,0.0,0.0145,1,0.0,,
sun3d-mit_76_studyroom-76-1studyroom2,38,51,0.3566337637551069,"[0.30,1.00]",0.749999999999997,1.0,0.725,1,1.0,2.063932216829709,0.06125401332974434
sun3d-mit_76_studyroom-76-1studyroom2,38,52,0.29561924074791995,"[0.25,0.30)",0.5507812499999978,1.0,0.39,1,1.0,1.27010775641804,0.05837007984519005
sun3d-mit_76_studyroom-76-1studyroom2,39,41,0.17072662195503355,"[0.15,0.20)",0.3515624999999986,1.0,0.1915,1,0.0,,
sun3d-mit_76_studyroom-76-1studyroom2,39,42,0.24783681412238942,"[0.20,0.25)",0.39062499999999845,1.0,0.2,1,1.0,1.2561648651828337,0.06483063101768494
sun3d-mit_76_studyroom-76-1studyroom2,39,48,0.2876255342808493,"[0.25,0.30)",0.48046874999999806,1.0,0.2135,1,0.0,,
sun3d-mit_76_studyroom-76-1studyroom2,39,49,0.33589324808006393,"[0.30,1.00]",0.9687499999999961,1.0,0.7285,1,1.0,1.7955865697639204,0.09113330394029617
sun3d-mit_76_studyroom-76-1studyroom2,39,50,0.35420648434513674,"[0.30,1.00]",0.9023437499999964,1.0,0.793,1,1.0,2.330785788013736,0.09068716317415237
sun3d-mit_76_studyroom-76-1studyroom2,39,51,0.2830385377210967,"[0.25,0.30)",0.5351562499999979,1.0,0.438,1,1.0,1.929858329294643,0.12004543840885162
sun3d-mit_76_studyroom-76-1studyroom2,39,52,0.2996142752892935,"[0.25,0.30)",0.7929687499999968,1.0,0.6595,1,1.0,3.004786336943281,0.20058855414390564
sun3d-mit_76_studyroom-76-1studyroom2,39,53,0.29401952948535287,"[0.25,0.30)",0.7773437499999969,1.0,0.685,1,1.0,3.734233820186168,0.22761237621307373
sun3d-mit_76_studyroom-76-1studyroom2,3,35,0.2772514071294559,"[0.25,0.30)",0.6445312499999974,1.0,0.6185,1,1.0,6.102778188623514,0.12505675852298737
sun3d-mit_76_studyroom-76-1studyroom2,3,36,0.31350844277673545,"[0.30,1.00]",0.7890624999999969,1.0,0.6685,1,1.0,3.975128087798826,0.06730929762125015
sun3d-mit_76_studyroom-76-1studyroom2,3,37,0.3420262664165103,"[0.30,1.00]",0.8398437499999967,1.0,0.7005,1,1.0,2.917388848011684,0.02219652384519577
sun3d-mit_76_studyroom-76-1studyroom2,3,41,0.32926829268292684,"[0.30,1.00]",0.3007812499999988,1.0,0.108,1,0.0,,
sun3d-mit_76_studyroom-76-1studyroom2,3,42,0.3908536585365854,"[0.30,1.00]",0.4257812499999983,1.0,0.2085,1,1.0,2.9709792008698983,0.1921384632587433
sun3d-mit_76_studyroom-76-1studyroom2,3,8,0.17889305816135084,"[0.15,0.20)",0.5195312499999979,1.0,0.5305,1,1.0,2.836279799802657,0.09522160142660141
sun3d-mit_76_studyroom-76-1studyroom2,40,45,0.3744782681284434,"[0.30,1.00]",0.0,0.0,0.0,1,0.0,,
sun3d-mit_76_studyroom-76-1studyroom2,40,46,0.33029105682007903,"[0.30,1.00]",0.0,0.0,0.0,1,0.0,,
sun3d-mit_76_studyroom-76-1studyroom2,40,47,0.28087261394624075,"[0.25,0.30)",0.0,0.0,0.0,1,0.0,,
sun3d-mit_76_studyroom-76-1studyroom2,40,48,0.17257499026100506,"[0.15,0.20)",0.0,0.0,0.0,1,0.0,,
sun3d-mit_76_studyroom-76-1studyroom2,40,49,0.15510045077633702,"[0.15,0.20)",0.0,0.0,0.0,1,0.0,,
sun3d-mit_76_studyroom-76-1studyroom2,41,44,0.17840732009429816,"[0.15,0.20)",0.0,0.0,0.0,1,0.0,,
sun3d-mit_76_studyroom-76-1studyroom2,42,44,0.2309398951189996,"[0.20,0.25)",0.0,0.0,0.0,1,0.0,,
sun3d-mit_76_studyroom-76-1studyroom2,43,45,0.3007658202337767,"[0.30,1.00]",0.0,0.0,0.0,1,0.0,,
sun3d-mit_76_studyroom-76-1studyroom2,43,46,0.2320838371624345,"[0.20,0.25)",0.0,0.0,0.0,1,0.0,,
sun3d-mit_76_studyroom-76-1studyroom2,43,47,0.218863361547763,"[0.20,0.25)",0.0,0.0,0.0,1,0.0,,
sun3d-mit_76_studyroom-76-1studyroom2,43,48,0.14268440145102781,"[0.00,0.15)",0.0,0.0,0.0,1,0.0,,
sun3d-mit_76_studyroom-76-1studyroom2,44,48,0.31303265706312694,"[0.30,1.00]",0.8046874999999968,1.0,0.6685,1,1.0,1.7436087869883725,0.08185377717018127
sun3d-mit_76_studyroom-76-1studyroom2,44,51,0.16694320838675616,"[0.15,0.20)",0.3007812499999988,1.0,0.227,1,1.0,3.0434966000801262,0.13808578252792358
sun3d-mit_76_studyroom-76-1studyroom2,47,50,0.37418289864641796,"[0.30,1.00]",0.8789062499999964,1.0,0.839,1,1.0,1.00755384335054,0.004451760556548834
sun3d-mit_76_studyroom-76-1studyroom2,48,50,0.3320347015824564,"[0.30,1.00]",0.8593749999999966,1.0,0.8025,1,1.0,2.2502935170538443,0.05044333264231682
sun3d-mit_76_studyroom-76-1studyroom2,49,51,0.21574237852460723,"[0.20,0.25)",0.5312499999999979,1.0,0.537,1,1.0,1.9741730849377415,0.05279519408941269
sun3d-mit_76_studyroom-76-1studyroom2,4,38,0.28642626795661097,"[0.25,0.30)",0.0,0.0,0.0,1,0.0,,
sun3d-mit_76_studyroom-76-1studyroom2,4,45,0.30389914980944005,"[0.30,1.00]",0.0,0.0,0.0,1,0.0,,
sun3d-mit_76_studyroom-76-1studyroom2,4,49,0.2602169451773673,"[0.25,0.30)",0.0,0.0,0.0,1,0.0,,
sun3d-mit_76_studyroom-76-1studyroom2,4,6,0.35373790677220757,"[0.30,1.00]",0.0,0.0,0.0,1,0.0,,
sun3d-mit_76_studyroom-76-1studyroom2,4,7,0.3054236294341835,"[0.30,1.00]",0.0,0.0,0.0,1,0.0,,
sun3d-mit_76_studyroom-76-1studyroom2,50,52,0.23091853985348443,"[0.20,0.25)",0.22656249999999908,1.0,0.268,1,1.0,1.7043318854091372,0.05320959910750389
sun3d-mit_76_studyroom-76-1studyroom2,51,55,0.40476913730255165,"[0.30,1.00]",0.7773437499999969,1.0,0.606,1,1.0,4.892968013491932,0.09246031939983368
sun3d-mit_76_studyroom-76-1studyroom2,51,56,0.2509113001215067,"[0.25,0.30)",0.5195312499999979,1.0,0.338,1,1.0,3.7597357399173004,0.10160008817911148
sun3d-mit_76_studyroom-76-1studyroom2,52,54,0.2495806661417862,"[0.20,0.25)",0.761718749999997,1.0,0.667,1,1.0,0.19179700087998583,0.02385125681757927
sun3d-mit_76_studyroom-76-1studyroom2,52,56,0.2602950741108411,"[0.25,0.30)",0.4257812499999983,1.0,0.3405,1,1.0,4.891045774672345,0.1418694704771042
sun3d-mit_76_studyroom-76-1studyroom2,53,56,0.2108068369784966,"[0.20,0.25)",0.031249999999999875,0.0,0.0,1,0.0,,
sun3d-mit_76_studyroom-76-1studyroom2,54,56,0.28565243062389295,"[0.25,0.30)",0.09765624999999961,0.0,0.045,1,0.0,,
sun3d-mit_76_studyroom-76-1studyroom2,55,57,0.21667490525622013,"[0.20,0.25)",0.8476562499999966,1.0,0.8065,1,1.0,1.0460496474156669,0.019923102110624313
sun3d-mit_76_studyroom-76-1studyroom2,57,59,0.2713907801726007,"[0.25,0.30)",0.054687499999999785,0.0,0.0475,1,0.0,,
sun3d-mit_76_studyroom-76-1studyroom2,57,60,0.24207467799991328,"[0.20,0.25)",0.35546874999999856,1.0,0.1325,1,1.0,8.61791793027222,0.19715836644172668
sun3d-mit_76_studyroom-76-1studyroom2,57,61,0.31467106119085825,"[0.30,1.00]",0.4453124999999982,1.0,0.2195,1,1.0,2.310883088695632,0.1285291314125061
sun3d-mit_76_studyroom-76-1studyroom2,57,62,0.3466325512814953,"[0.30,1.00]",0.36718749999999856,1.0,0.242,1,1.0,3.4488953630083867,0.1635405719280243
sun3d-mit_76_studyroom-76-1studyroom2,57,63,0.22732989288347283,"[0.20,0.25)",0.28515624999999883,1.0,0.1505,1,1.0,5.407619735740626,0.0939808115363121
sun3d-mit_76_studyroom-76-1studyroom2,58,62,0.4712188852813853,"[0.30,1.00]",0.7304687499999971,1.0,0.607,1,1.0,1.468470979984267,0.052026379853487015
sun3d-mit_76_studyroom-76-1studyroom2,58,63,0.30874594155844154,"[0.30,1.00]",0.738281249999997,1.0,0.6545,1,1.0,2.1519505611162186,0.07611428946256638
sun3d-mit_76_studyroom-76-1studyroom2,59,63,0.352510873863187,"[0.30,1.00]",0.9218749999999963,1.0,0.7615,1,1.0,0.8318071067583942,0.014314317144453526
sun3d-mit_76_studyroom-76-1studyroom2,5,34,0.18383276511753097,"[0.15,0.20)",0.5820312499999977,1.0,0.447,1,1.0,6.871981775888624,0.17749415338039398
sun3d-mit_76_studyroom-76-1studyroom2,5,35,0.30418984389018483,"[0.30,1.00]",0.738281249999997,1.0,0.5265,1,1.0,6.527985057217394,0.17942844331264496
sun3d-mit_76_studyroom-76-1studyroom2,5,36,0.33729589090256595,"[0.30,1.00]",0.7929687499999968,1.0,0.5905,1,1.0,5.369143456055798,0.15966172516345978
sun3d-mit_76_studyroom-76-1studyroom2,5,41,0.3402565942939171,"[0.30,1.00]",0.5781249999999977,1.0,0.469,1,1.0,5.220445627836442,0.1746741682291031
sun3d-mit_76_studyroom-76-1studyroom2,5,42,0.44720078952090436,"[0.30,1.00]",0.5507812499999978,1.0,0.4415,1,1.0,5.063608216748235,0.20276635885238647
sun3d-mit_76_studyroom-76-1studyroom2,5,50,0.18401220168670376,"[0.15,0.20)",0.49218749999999806,1.0,0.4355,1,1.0,1.439398585080842,0.024599570780992508
sun3d-mit_76_studyroom-76-1studyroom2,5,8,0.19715593037861115,"[0.15,0.20)",0.5273437499999979,1.0,0.5475,1,1.0,1.5154283022659314,0.014030550606548786
sun3d-mit_76_studyroom-76-1studyroom2,60,64,0.2187700192184497,"[0.20,0.25)",0.496093749999998,1.0,0.322,1,1.0,5.753330819197635,0.22792556881904602
sun3d-mit_76_studyroom-76-1studyroom2,61,64,0.42017855428626283,"[0.30,1.00]",0.8554687499999966,1.0,0.6825,1,1.0,2.5723768371734326,0.08787896484136581
sun3d-mit_76_studyroom-76-1studyroom2,62,65,0.28796576929934037,"[0.25,0.30)",0.1718749999999993,1.0,0.157,1,0.0,,
sun3d-mit_76_studyroom-76-1studyroom2,63,65,0.38126707198872145,"[0.30,1.00]",0.6171874999999976,1.0,0.555,1,1.0,2.1779862842367383,0.0715053379535675
sun3d-mit_76_studyroom-76-1studyroom2,6,34,0.34262202043132806,"[0.30,1.00]",0.7929687499999968,1.0,0.6315,1,1.0,5.781334249554063,0.16608664393424988
sun3d-mit_76_studyroom-76-1studyroom2,6,40,0.31458569807037456,"[0.30,1.00]",0.0,0.0,0.0,1,0.0,,
sun3d-mit_76_studyroom-76-1studyroom2,6,43,0.3634506242905789,"[0.30,1.00]",0.12890624999999947,0.0,0.0365,1,0.0,,
sun3d-mit_76_studyroom-76-1studyroom2,6,50,0.35459704880817255,"[0.30,1.00]",0.6093749999999976,1.0,0.706,1,1.0,0.8926289362134903,0.011536882258951664
sun3d-mit_76_studyroom-76-1studyroom2,6,51,0.16106696935300793,"[0.15,0.20)",0.46484374999999817,1.0,0.459,1,1.0,2.1597579696119427,0.03645835444331169
sun3d-mit_76_studyroom-76-1studyroom2,7,34,0.26205248402959697,"[0.25,0.30)",0.746093749999997,1.0,0.6015,1,1.0,5.771018651856478,0.17678074538707733
sun3d-mit_76_studyroom-76-1studyroom2,7,40,0.32584218024725403,"[0.30,1.00]",0.011718749999999953,0.0,0.0,1,0.0,,
sun3d-mit_76_studyroom-76-1studyroom2,7,43,0.3011627372581461,"[0.30,1.00]",0.08593749999999965,0.0,0.016,1,0.0,,
sun3d-mit_76_studyroom-76-1studyroom2,8,10,0.18151661525926788,"[0.15,0.20)",0.21874999999999914,1.0,0.277,1,1.0,6.563933371215513,0.24361759424209595
sun3d-mit_76_studyroom-76-1studyroom2,8,34,0.17604609206774138,"[0.15,0.20)",0.6015624999999976,1.0,0.5635,1,1.0,4.877327947840788,0.1461508721113205
sun3d-mit_76_studyroom-76-1studyroom2,8,35,0.30809521038235466,"[0.30,1.00]",0.6835937499999972,1.0,0.6305,1,1.0,5.3219284319092255,0.16480828821659088
sun3d-mit_76_studyroom-76-1studyroom2,8,36,0.41028923936448813,"[0.30,1.00]",0.749999999999997,1.0,0.6405,1,1.0,5.0150876684512395,0.1577313244342804
sun3d-mit_76_studyroom-76-1studyroom2,8,52,0.3002386079264389,"[0.30,1.00]",0.4062499999999984,1.0,0.421,1,1.0,0.9134312840115117,0.03968273848295212
sun3d-mit_76_studyroom-76-1studyroom2,8,53,0.17651166850957342,"[0.15,0.20)",0.10937499999999957,1.0,0.118,1,1.0,5.446256775658025,0.17787492275238037
sun3d-mit_76_studyroom-76-1studyroom2,8,55,0.16475586335331432,"[0.15,0.20)",0.14062499999999944,1.0,0.1025,1,0.0,,
sun3d-mit_76_studyroom-76-1studyroom2,8,9,0.35442006634464296,"[0.30,1.00]",0.4726562499999981,1.0,0.528,0,,,
sun3d-mit_76_studyroom-76-1studyroom2,9,12,0.35003170577045023,"[0.30,1.00]",0.7187499999999971,1.0,0.608,1,1.0,4.919721046820887,0.10503271967172623
sun3d-mit_76_studyroom-76-1studyroom2,9,36,0.21019060763176545,"[0.20,0.25)",0.3046874999999988,1.0,0.1,1,1.0,3.699993518579522,0.24334661662578583
sun3d-mit_76_studyroom-76-1studyroom2,9,37,0.24137416539221904,"[0.20,0.25)",0.4374999999999983,1.0,0.2595,1,1.0,2.3901551928021187,0.15548011660575867
sun3d-mit_76_studyroom-76-1studyroom2,9,38,0.27908538177477715,"[0.25,0.30)",0.5546874999999978,1.0,0.524,1,1.0,2.255853096675904,0.06122361123561859
sun3d-mit_76_studyroom-76-1studyroom2,9,39,0.2579357678391585,"[0.25,0.30)",0.7070312499999972,1.0,0.619,1,1.0,2.222639364162265,0.11683590710163116
sun3d-mit_76_studyroom-76-1studyroom2,9,50,0.22757283001976947,"[0.20,0.25)",0.4687499999999981,1.0,0.5165,1,1.0,1.062752343770979,0.041035089641809464
sun3d-mit_76_studyroom-76-1studyroom2,9,54,0.18191652057144989,"[0.15,0.20)",0.09765624999999961,1.0,0.087,1,0.0,,
sun3d-mit_76_studyroom-76-1studyroom2,9,56,0.29702711775896157,"[0.25,0.30)",0.6679687499999973,1.0,0.4895,1,1.0,3.6905616133575405,0.08594407886266708
sun3d-mit_lab_hj-lab_hj_tea_nov_2_2012_scan1_erika,0,11,0.3048063762982047,"[0.30,1.00]",0.4257812499999983,1.0,0.3825,1,1.0,1.2784005122751756,0.07089027017354965
sun3d-mit_lab_hj-lab_hj_tea_nov_2_2012_scan1_erika,0,2,0.272522341196361,"[0.25,0.30)",0.054687499999999785,1.0,0.088,1,0.0,,
sun3d-mit_lab_hj-lab_hj_tea_nov_2_2012_scan1_erika,0,24,0.15908541985347396,"[0.15,0.20)",0.20703124999999917,1.0,0.14,1,1.0,3.4206224245319414,0.11433341354131699
sun3d-mit_lab_hj-lab_hj_tea_nov_2_2012_scan1_erika,0,26,0.24909427582320265,"[0.20,0.25)",0.39062499999999845,1.0,0.204,1,1.0,2.127988728641219,0.10593249648809433
sun3d-mit_lab_hj-lab_hj_tea_nov_2_2012_scan1_erika,0,6,0.3524675952016746,"[0.30,1.00]",0.14062499999999944,0.0,0.0445,1,0.0,,
sun3d-mit_lab_hj-lab_hj_tea_nov_2_2012_scan1_erika,0,7,0.5856211255132437,"[0.30,1.00]",0.19531249999999922,1.0,0.0715,1,0.0,,
sun3d-mit_lab_hj-lab_hj_tea_nov_2_2012_scan1_erika,10,27,0.407168458781362,"[0.30,1.00]",0.21484374999999914,1.0,0.1695,1,0.0,,
sun3d-mit_lab_hj-lab_hj_tea_nov_2_2012_scan1_erika,10,28,0.2252199413489736,"[0.20,0.25)",0.4687499999999981,1.0,0.456,1,1.0,2.9449041646943166,0.13525135815143585
sun3d-mit_lab_hj-lab_hj_tea_nov_2_2012_scan1_erika,13,16,0.36725966472801913,"[0.30,1.00]",0.23828124999999906,1.0,0.1515,1,1.0,1.0590633959652553,0.07586298137903214
sun3d-mit_lab_hj-lab_hj_tea_nov_2_2012_scan1_erika,13,17,0.2704413274033527,"[0.25,0.30)",0.2812499999999989,1.0,0.223,1,1.0,4.3975682918679375,0.22809341549873352
sun3d-mit_lab_hj-lab_hj_tea_nov_2_2012_scan1_erika,13,18,0.1874786178583647,"[0.15,0.20)",0.0,0.0,0.0,1,0.0,,
sun3d-mit_lab_hj-lab_hj_tea_nov_2_2012_scan1_erika,14,18,0.3766059358073325,"[0.30,1.00]",0.7968749999999968,1.0,0.4065,1,1.0,1.52058489118519,0.07647381722927094
sun3d-mit_lab_hj-lab_hj_tea_nov_2_2012_scan1_erika,15,18,0.41565953444627324,"[0.30,1.00]",0.7695312499999969,1.0,0.415,1,1.0,1.7940600489364331,0.07461825758218765
sun3d-mit_lab_hj-lab_hj_tea_nov_2_2012_scan1_erika,17,20,0.40402498265093684,"[0.30,1.00]",0.499999999999998,1.0,0.4665,1,0.0,,
sun3d-mit_lab_hj-lab_hj_tea_nov_2_2012_scan1_erika,19,21,0.4193278015254379,"[0.30,1.00]",0.24218749999999903,1.0,0.106,1,0.0,,
sun3d-mit_lab_hj-lab_hj_tea_nov_2_2012_scan1_erika,1,26,0.22468747954709078,"[0.20,0.25)",0.4414062499999982,1.0,0.216,1,1.0,4.124262941823879,0.24206386506557465
sun3d-mit_lab_hj-lab_hj_tea_nov_2_2012_scan1_erika,1,5,0.28679887427187645,"[0.25,0.30)",0.6015624999999976,1.0,0.558,1,1.0,1.1716962561291828,0.029692579060792923
sun3d-mit_lab_hj-lab_hj_tea_nov_2_2012_scan1_erika,1,7,0.6192813665815826,"[0.30,1.00]",0.3242187499999987,1.0,0.4885,1,1.0,1.0024915755865114,0.04785197600722313
sun3d-mit_lab_hj-lab_hj_tea_nov_2_2012_scan1_erika,20,22,0.3542964787711926,"[0.30,1.00]",0.253906249999999,1.0,0.087,1,1.0,1.443742539539862,0.07091521471738815
sun3d-mit_lab_hj-lab_hj_tea_nov_2_2012_scan1_erika,21,23,0.4188353812104098,"[0.30,1.00]",0.6992187499999972,1.0,0.5435,1,1.0,0.6391903117292875,0.06277723610401154
sun3d-mit_lab_hj-lab_hj_tea_nov_2_2012_scan1_erika,21,24,0.22437609707700526,"[0.20,0.25)",0.5507812499999978,1.0,0.4455,1,1.0,4.421022396720432,0.1734653115272522
sun3d-mit_lab_hj-lab_hj_tea_nov_2_2012_scan1_erika,21,25,0.1820575440738762,"[0.15,0.20)",0.4257812499999983,1.0,0.4605,1,1.0,8.913897414983776,0.2057924121618271
sun3d-mit_lab_hj-lab_hj_tea_nov_2_2012_scan1_erika,22,25,0.36930274675520675,"[0.30,1.00]",0.6249999999999976,1.0,0.5455,1,1.0,4.148787252537611,0.08000445365905762
sun3d-mit_lab_hj-lab_hj_tea_nov_2_2012_scan1_erika,22,26,0.2650166012677332,"[0.25,0.30)",0.5312499999999979,1.0,0.383,1,1.0,3.9673368775029014,0.1038447842001915
sun3d-mit_lab_hj-lab_hj_tea_nov_2_2012_scan1_erika,23,26,0.40717907351924404,"[0.30,1.00]",0.6054687499999976,1.0,0.443,1,1.0,3.2772767288682623,0.06889820843935013
sun3d-mit_lab_hj-lab_hj_tea_nov_2_2012_scan1_erika,23,27,0.2985134823692095,"[0.25,0.30)",0.4492187499999982,1.0,0.2615,1,1.0,2.016350670141036,0.06793346256017685
sun3d-mit_lab_hj-lab_hj_tea_nov_2_2012_scan1_erika,24,26,0.4847775175644028,"[0.30,1.00]",0.6132812499999976,1.0,0.4715,1,1.0,8.247550196855197,0.11801046133041382
sun3d-mit_lab_hj-lab_hj_tea_nov_2_2012_scan1_erika,24,27,0.3604025571238686,"[0.30,1.00]",0.41796874999999833,1.0,0.3055,1,1.0,3.21637632965558,0.036245524883270264
sun3d-mit_lab_hj-lab_hj_tea_nov_2_2012_scan1_erika,24,33,0.2415975694664219,"[0.20,0.25)",0.5507812499999978,1.0,0.35,1,1.0,5.055243669703743,0.1871945708990097
sun3d-mit_lab_hj-lab_hj_tea_nov_2_2012_scan1_erika,24,34,0.20007595417431484,"[0.20,0.25)",0.3789062499999985,1.0,0.252,1,1.0,6.285532044810425,0.25691092014312744
sun3d-mit_lab_hj-lab_hj_tea_nov_2_2012_scan1_erika,24,35,0.19007532122286222,"[0.15,0.20)",0.14062499999999944,1.0,0.0825,1,0.0,,
sun3d-mit_lab_hj-lab_hj_tea_nov_2_2012_scan1_erika,24,36,0.1546933350212039,"[0.15,0.20)",0.36718749999999856,1.0,0.2535,1,1.0,5.437902637389316,0.1954938918352127
sun3d-mit_lab_hj-lab_hj_tea_nov_2_2012_scan1_erika,24,37,0.20843091334894615,"[0.20,0.25)",0.36328124999999856,1.0,0.268,1,1.0,4.891286095736686,0.20598402619361877
sun3d-mit_lab_hj-lab_hj_tea_nov_2_2012_scan1_erika,25,27,0.35416119716461014,"[0.30,1.00]",0.4062499999999984,1.0,0.3025,1,1.0,1.8388791693023125,0.08099319785833359
sun3d-mit_lab_hj-lab_hj_tea_nov_2_2012_scan1_erika,25,30,0.1182068784457863,"[0.00,0.15)",0.011718749999999953,0.0,0.0,1,0.0,,
sun3d-mit_lab_hj-lab_hj_tea_nov_2_2012_scan1_erika,25,31,0.11374376476765555,"[0.00,0.15)",0.06640624999999974,0.0,0.009,1,0.0,,
sun3d-mit_lab_hj-lab_hj_tea_nov_2_2012_scan1_erika,25,32,0.24107377264373853,"[0.20,0.25)",0.33984374999999867,1.0,0.193,1,1.0,2.3262467961571183,0.07127024978399277
sun3d-mit_lab_hj-lab_hj_tea_nov_2_2012_scan1_erika,25,33,0.30014439485429245,"[0.30,1.00]",0.42187499999999833,1.0,0.3665,1,1.0,2.6326955865201698,0.12468244880437851
sun3d-mit_lab_hj-lab_hj_tea_nov_2_2012_scan1_erika,25,34,0.259516933578367,"[0.25,0.30)",0.3164062499999987,1.0,0.225,1,1.0,2.3238897564894394,0.1508614718914032
sun3d-mit_lab_hj-lab_hj_tea_nov_2_2012_scan1_erika,25,35,0.22007088474665268,"[0.20,0.25)",0.3515624999999986,1.0,0.2105,1,1.0,2.759885644995602,0.07970326393842697
sun3d-mit_lab_hj-lab_hj_tea_nov_2_2012_scan1_erika,25,36,0.258007351010764,"[0.25,0.30)",0.4062499999999984,1.0,0.218,1,1.0,2.7399545999029877,0.11442463099956512
sun3d-mit_lab_hj-lab_hj_tea_nov_2_2012_scan1_erika,25,37,0.2807823575741665,"[0.25,0.30)",0.4414062499999982,1.0,0.363,1,1.0,3.563373309721958,0.17596650123596191
sun3d-mit_lab_hj-lab_hj_tea_nov_2_2012_scan1_erika,28,29,0.1541919226316148,"[0.15,0.20)",0.042968749999999827,0.0,0.0065,0,,,
sun3d-mit_lab_hj-lab_hj_tea_nov_2_2012_scan1_erika,28,30,0.16937955458693726,"[0.15,0.20)",0.16015624999999936,1.0,0.089,1,0.0,,
sun3d-mit_lab_hj-lab_hj_tea_nov_2_2012_scan1_erika,29,31,0.47061260728026044,"[0.30,1.00]",0.23046874999999908,1.0,0.1965,1,1.0,4.5965302443303635,0.09589111804962158
sun3d-mit_lab_hj-lab_hj_tea_nov_2_2012_scan1_erika,2,28,0.22042036982435448,"[0.20,0.25)",0.6796874999999973,1.0,0.7065,1,1.0,2.4586171098740146,0.09350885450839996
sun3d-mit_lab_hj-lab_hj_tea_nov_2_2012_scan1_erika,2,30,0.2082052146076408,"[0.20,0.25)",0.031249999999999875,0.0,0.003,1,0.0,,
sun3d-mit_lab_hj-lab_hj_tea_nov_2_2012_scan1_erika,2,6,0.5640453224379764,"[0.30,1.00]",0.8320312499999967,1.0,0.737,1,1.0,1.1453465667314489,0.0432484932243824
sun3d-mit_lab_hj-lab_hj_tea_nov_2_2012_scan1_erika,2,7,0.5125310644033528,"[0.30,1.00]",0.746093749999997,1.0,0.7295,1,1.0,1.2954311054334617,0.05212164297699928
sun3d-mit_lab_hj-lab_hj_tea_nov_2_2012_scan1_erika,2,9,0.19211490670148687,"[0.15,0.20)",0.6523437499999974,1.0,0.687,1,1.0,3.2936042536992605,0.13094279170036316
sun3d-mit_lab_hj-lab_hj_tea_nov_2_2012_scan1_erika,30,32,0.3389976338997634,"[0.30,1.00]",0.8281249999999967,1.0,0.8265,1,1.0,0.8122881254097551,0.011315390467643738
sun3d-mit_lab_hj-lab_hj_tea_nov_2_2012_scan1_erika,30,33,0.3171380942138094,"[0.30,1.00]",0.8359374999999967,1.0,0.763,1,1.0,1.5956908225702726,0.05591997131705284
sun3d-mit_lab_hj-lab_hj_tea_nov_2_2012_scan1_erika,30,34,0.20945364594536459,"[0.20,0.25)",0.8242187499999967,1.0,0.675,1,1.0,1.9383580835767922,0.05589735507965088
sun3d-mit_lab_hj-lab_hj_tea_nov_2_2012_scan1_erika,30,35,0.20466767046676704,"[0.20,0.25)",0.7656249999999969,1.0,0.6835,1,1.0,0.30901041820232844,0.012397760525345802
sun3d-mit_lab_hj-lab_hj_tea_nov_2_2012_scan1_erika,30,36,0.3501828350182835,"[0.30,1.00]",0.738281249999997,1.0,0.752,1,1.0,1.414161977020835,0.05272318050265312
sun3d-mit_lab_hj-lab_hj_tea_nov_2_2012_scan1_erika,30,37,0.26201871370187135,"[0.25,0.30)",0.8007812499999968,1.0,0.651,1,1.0,1.8467378882069059,0.07968755811452866
sun3d-mit_lab_hj-lab_hj_tea_nov_2_2012_scan1_erika,31,35,0.5176191886289606,"[0.30,1.00]",0.8671874999999966,1.0,0.781,1,1.0,1.037031562507285,0.03381635621190071
sun3d-mit_lab_hj-lab_hj_tea_nov_2_2012_scan1_erika,3,30,0.18758980362939706,"[0.15,0.20)",0.0,0.0,0.0,1,0.0,,
sun3d-mit_lab_hj-lab_hj_tea_nov_2_2012_scan1_erika,3,5,0.6527592996647331,"[0.30,1.00]",0.8242187499999967,1.0,0.786,1,1.0,3.0952855296826254,0.0750277191400528
sun3d-mit_lab_hj-lab_hj_tea_nov_2_2012_scan1_erika,3,6,0.6125804906604225,"[0.30,1.00]",0.742187499999997,1.0,0.795,1,1.0,1.1656684190651891,0.03907299041748047
sun3d-mit_lab_hj-lab_hj_tea_nov_2_2012_scan1_erika,3,7,0.44143472939173006,"[0.30,1.00]",0.7187499999999971,1.0,0.7155,1,1.0,2.8319975393129906,0.09266787767410278
sun3d-mit_lab_hj-lab_hj_tea_nov_2_2012_scan1_erika,3,8,0.32185620775903356,"[0.30,1.00]",0.8007812499999968,1.0,0.659,1,1.0,1.4617926787953166,0.031239748001098633
sun3d-mit_lab_hj-lab_hj_tea_nov_2_2012_scan1_erika,4,7,0.5011219600946085,"[0.30,1.00]",0.757812499999997,1.0,0.721,1,1.0,0.9638804257705205,0.026453394442796707
sun3d-mit_lab_hj-lab_hj_tea_nov_2_2012_scan1_erika,4,8,0.3243980835708654,"[0.30,1.00]",0.6953124999999972,1.0,0.554,1,1.0,2.1230164310999595,0.08192800730466843
sun3d-mit_lab_hj-lab_hj_tea_nov_2_2012_scan1_erika,5,9,0.1488733266638083,"[0.00,0.15)",0.3749999999999985,1.0,0.4995,1,0.0,,
sun3d-mit_lab_hj-lab_hj_tea_nov_2_2012_scan1_erika,6,10,0.24524179811893654,"[0.20,0.25)",0.4374999999999983,1.0,0.4035,1,1.0,2.6792726958171014,0.09848852455615997
sun3d-mit_lab_hj-lab_hj_tea_nov_2_2012_scan1_erika,6,9,0.34829297193216324,"[0.30,1.00]",0.6210937499999976,1.0,0.7095,1,1.0,3.8279686425728707,0.16483156383037567
sun3d-mit_lab_hj-lab_hj_tea_nov_2_2012_scan1_erika,8,10,0.31363925257404346,"[0.30,1.00]",0.7343749999999971,1.0,0.8085,1,1.0,1.2252515391752543,0.030466020107269287
sun3d-mit_lab_hj-lab_hj_tea_nov_2_2012_scan1_erika,8,9,0.36895894241769417,"[0.30,1.00]",0.9101562499999963,1.0,0.8925,0,,,
sun3d-mit_lab_hj-lab_hj_tea_nov_2_2012_scan1_erika,9,11,0.3910982042316126,"[0.30,1.00]",0.249999999999999,1.0,0.219,1,0.0,,
sun3d-mit_lab_hj-lab_hj_tea_nov_2_2012_scan1_erika,9,27,0.373081254074557,"[0.30,1.00]",0.4687499999999981,1.0,0.4045,1,1.0,3.627632145758004,0.17787054181098938
sun3d-mit_lab_hj-lab_hj_tea_nov_2_2012_scan1_erika,9,28,0.26503881941563445,"[0.25,0.30)",0.6835937499999972,1.0,0.617,1,1.0,2.0235205112934116,0.11085109412670135
