scene,ref_frame,src_frame,overlap,coarse_precision,inlier_ratio,estimation_succeeded,registration_accepted,num_hypotheses,num_encoder_hypotheses,num_decoder_hypotheses,num_successful_hypotheses,num_successful_encoder_hypotheses,num_successful_decoder_hypotheses,oracle_success,encoder_oracle_success,decoder_oracle_success,selected_pose_success,raw_selected_pose_success,shortlist_oracle_success,refined_shortlist_oracle_success,num_shortlisted_hypotheses,num_successful_shortlisted_hypotheses,num_successful_refined_shortlisted_hypotheses,selected_hypothesis_index,selected_hypothesis_source,selected_pre_refine_consensus,selected_pre_refine_inlier_count,best_encoder_consensus,best_decoder_consensus,raw_selected_hypothesis_index,raw_selected_hypothesis_source,raw_selected_pre_refine_consensus,raw_selected_pre_refine_inlier_count,raw_selected_post_refine_weighted_consensus,selected_post_refine_weighted_consensus,best_encoder_post_refine_weighted_consensus,best_decoder_post_refine_weighted_consensus,selection_changed_from_raw_argmax,reranking_applied,selected_hypothesis_source_name,raw_selected_hypothesis_source_name
7-scenes-redkitchen,0,7,0.3657058544553934,0.7343749999999971,0.5985,1,1,,,,,,,,,,,,,,,,,,,,,,,,,,,,,,,,,none,none
7-scenes-redkitchen,0,8,0.16709701217263004,0.16406249999999933,0.14,1,0,,,,,,,,,,,,,,,,,,,,,,,,,,,,,,,,,none,none
7-scenes-redkitchen,0,9,0.30284028033935817,0.7851562499999969,0.724,1,1,,,,,,,,,,,,,,,,,,,,,,,,,,,,,,,,,none,none
7-scenes-redkitchen,0,16,0.2038256837224008,0.5468749999999978,0.3635,1,1,,,,,,,,,,,,,,,,,,,,,,,,,,,,,,,,,none,none
7-scenes-redkitchen,0,17,0.17310428413342469,0.45703124999999817,0.236,1,1,,,,,,,,,,,,,,,,,,,,,,,,,,,,,,,,,none,none
7-scenes-redkitchen,0,18,0.3126943141697845,0.5898437499999977,0.4745,1,1,,,,,,,,,,,,,,,,,,,,,,,,,,,,,,,,,none,none
7-scenes-redkitchen,0,20,0.3158560362544132,0.7929687499999968,0.535,1,1,,,,,,,,,,,,,,,,,,,,,,,,,,,,,,,,,none,none
7-scenes-redkitchen,0,25,0.32818675238446543,0.03906249999999985,0.0165,1,0,,,,,,,,,,,,,,,,,,,,,,,,,,,,,,,,,none,none
7-scenes-redkitchen,0,30,0.25825999894609264,0.20703124999999917,0.12,1,1,,,,,,,,,,,,,,,,,,,,,,,,,,,,,,,,,none,none
7-scenes-redkitchen,0,31,0.3342467197133372,0.4414062499999982,0.312,1,1,,,,,,,,,,,,,,,,,,,,,,,,,,,,,,,,,none,none
7-scenes-redkitchen,0,32,0.37740422616851976,0.8437499999999967,0.6515,1,1,,,,,,,,,,,,,,,,,,,,,,,,,,,,,,,,,none,none
7-scenes-redkitchen,0,33,0.2711703641249934,0.23046874999999908,0.1535,1,1,,,,,,,,,,,,,,,,,,,,,,,,,,,,,,,,,none,none
7-scenes-redkitchen,0,34,0.1402750698213627,0.5507812499999978,0.5705,1,1,,,,,,,,,,,,,,,,,,,,,,,,,,,,,,,,,none,none
7-scenes-redkitchen,0,36,0.2515149918322179,0.6132812499999976,0.4355,1,1,,,,,,,,,,,,,,,,,,,,,,,,,,,,,,,,,none,none
7-scenes-redkitchen,0,37,0.38878642567318333,0.746093749999997,0.7025,1,1,,,,,,,,,,,,,,,,,,,,,,,,,,,,,,,,,none,none
7-scenes-redkitchen,0,38,0.36992148390156504,0.7148437499999971,0.757,1,1,,,,,,,,,,,,,,,,,,,,,,,,,,,,,,,,,none,none
7-scenes-redkitchen,0,41,0.35342783369341835,0.8359374999999967,0.747,1,1,,,,,,,,,,,,,,,,,,,,,,,,,,,,,,,,,none,none
7-scenes-redkitchen,0,42,0.312167360489013,0.8164062499999968,0.7265,1,1,,,,,,,,,,,,,,,,,,,,,,,,,,,,,,,,,none,none
7-scenes-redkitchen,0,43,0.25952468777994414,0.5703124999999977,0.502,1,1,,,,,,,,,,,,,,,,,,,,,,,,,,,,,,,,,none,none
7-scenes-redkitchen,0,44,0.252621594561838,0.5859374999999977,0.5195,1,1,,,,,,,,,,,,,,,,,,,,,,,,,,,,,,,,,none,none
7-scenes-redkitchen,0,45,0.26769246983190176,0.48437499999999806,0.4795,1,1,,,,,,,,,,,,,,,,,,,,,,,,,,,,,,,,,none,none
7-scenes-redkitchen,0,46,0.2655319597407388,0.6367187499999974,0.531,1,1,,,,,,,,,,,,,,,,,,,,,,,,,,,,,,,,,none,none
7-scenes-redkitchen,0,47,0.22174210886863044,0.5820312499999977,0.48,1,1,,,,,,,,,,,,,,,,,,,,,,,,,,,,,,,,,none,none
7-scenes-redkitchen,0,48,0.1843810929019339,0.4296874999999983,0.3875,1,1,,,,,,,,,,,,,,,,,,,,,,,,,,,,,,,,,none,none
7-scenes-redkitchen,0,49,0.14902250092216895,0.42187499999999833,0.44,1,1,,,,,,,,,,,,,,,,,,,,,,,,,,,,,,,,,none,none
7-scenes-redkitchen,0,50,0.18622543078463402,0.39062499999999845,0.3975,1,1,,,,,,,,,,,,,,,,,,,,,,,,,,,,,,,,,none,none
7-scenes-redkitchen,0,51,0.1869631659377141,0.496093749999998,0.3895,1,1,,,,,,,,,,,,,,,,,,,,,,,,,,,,,,,,,none,none
7-scenes-redkitchen,0,52,0.19054645096696,0.5664062499999978,0.5335,1,1,,,,,,,,,,,,,,,,,,,,,,,,,,,,,,,,,none,none
7-scenes-redkitchen,0,53,0.15808610423143807,0.32812499999999867,0.2865,1,1,,,,,,,,,,,,,,,,,,,,,,,,,,,,,,,,,none,none
7-scenes-redkitchen,0,59,0.18743742425040838,0.027343749999999892,0.0095,1,0,,,,,,,,,,,,,,,,,,,,,,,,,,,,,,,,,none,none
7-scenes-redkitchen,1,6,0.30332250288229745,0.6132812499999976,0.5315,1,1,,,,,,,,,,,,,,,,,,,,,,,,,,,,,,,,,none,none
7-scenes-redkitchen,1,7,0.24426160779792475,0.6289062499999974,0.4895,1,1,,,,,,,,,,,,,,,,,,,,,,,,,,,,,,,,,none,none
7-scenes-redkitchen,1,9,0.18818782098312545,0.5429687499999978,0.521,1,1,,,,,,,,,,,,,,,,,,,,,,,,,,,,,,,,,none,none
7-scenes-redkitchen,1,18,0.20726338958180485,0.5195312499999979,0.444,1,1,,,,,,,,,,,,,,,,,,,,,,,,,,,,,,,,,none,none
7-scenes-redkitchen,1,19,0.356671208468714,0.8242187499999967,0.729,1,1,,,,,,,,,,,,,,,,,,,,,,,,,,,,,,,,,none,none
7-scenes-redkitchen,1,20,0.19652028089298815,0.5351562499999979,0.401,1,1,,,,,,,,,,,,,,,,,,,,,,,,,,,,,,,,,none,none
7-scenes-redkitchen,1,25,0.2545854732208364,0.13281249999999947,0.057,1,0,,,,,,,,,,,,,,,,,,,,,,,,,,,,,,,,,none,none
7-scenes-redkitchen,1,30,0.3118121790168745,0.21874999999999914,0.1975,1,1,,,,,,,,,,,,,,,,,,,,,,,,,,,,,,,,,none,none
7-scenes-redkitchen,1,33,0.2662194738497013,0.21093749999999917,0.128,1,1,,,,,,,,,,,,,,,,,,,,,,,,,,,,,,,,,none,none
7-scenes-redkitchen,1,36,0.1880830101666492,0.3085937499999988,0.207,1,1,,,,,,,,,,,,,,,,,,,,,,,,,,,,,,,,,none,none
7-scenes-redkitchen,1,37,0.3650560737868148,0.6914062499999972,0.5515,1,1,,,,,,,,,,,,,,,,,,,,,,,,,,,,,,,,,none,none
7-scenes-redkitchen,1,38,0.38025364217587254,0.8281249999999967,0.817,1,1,,,,,,,,,,,,,,,,,,,,,,,,,,,,,,,,,none,none
7-scenes-redkitchen,1,39,0.41201131956817943,0.8124999999999968,0.821,1,1,,,,,,,,,,,,,,,,,,,,,,,,,,,,,,,,,none,none
7-scenes-redkitchen,1,41,0.36075883031128814,0.9023437499999964,0.834,1,1,,,,,,,,,,,,,,,,,,,,,,,,,,,,,,,,,none,none
7-scenes-redkitchen,1,42,0.2823603395870454,0.8124999999999968,0.7185,1,1,,,,,,,,,,,,,,,,,,,,,,,,,,,,,,,,,none,none
7-scenes-redkitchen,1,43,0.21297557907976103,0.6367187499999974,0.5785,1,1,,,,,,,,,,,,,,,,,,,,,,,,,,,,,,,,,none,none
7-scenes-redkitchen,1,44,0.1973063620165601,0.6328124999999974,0.664,1,1,,,,,,,,,,,,,,,,,,,,,,,,,,,,,,,,,none,none
7-scenes-redkitchen,1,45,0.21418090346923802,0.6328124999999974,0.5785,1,1,,,,,,,,,,,,,,,,,,,,,,,,,,,,,,,,,none,none
7-scenes-redkitchen,1,46,0.19908814589665655,0.6523437499999974,0.5075,1,1,,,,,,,,,,,,,,,,,,,,,,,,,,,,,,,,,none,none
7-scenes-redkitchen,1,59,0.1657059008489676,0.054687499999999785,0.0425,1,0,,,,,,,,,,,,,,,,,,,,,,,,,,,,,,,,,none,none
7-scenes-redkitchen,2,5,0.25666940283193107,0.5585937499999978,0.433,1,1,,,,,,,,,,,,,,,,,,,,,,,,,,,,,,,,,none,none
7-scenes-redkitchen,2,10,0.3285450441206649,0.7695312499999969,0.755,1,1,,,,,,,,,,,,,,,,,,,,,,,,,,,,,,,,,none,none
7-scenes-redkitchen,2,15,0.21049661399548533,0.09765624999999961,0.105,1,0,,,,,,,,,,,,,,,,,,,,,,,,,,,,,,,,,none,none
7-scenes-redkitchen,2,26,0.3075107736507285,0.23046874999999908,0.139,1,0,,,,,,,,,,,,,,,,,,,,,,,,,,,,,,,,,none,none
7-scenes-redkitchen,2,32,0.33936999794787603,0.6445312499999974,0.4275,1,1,,,,,,,,,,,,,,,,,,,,,,,,,,,,,,,,,none,none
7-scenes-redkitchen,2,44,0.316540119023189,0.8203124999999967,0.817,1,1,,,,,,,,,,,,,,,,,,,,,,,,,,,,,,,,,none,none
7-scenes-redkitchen,2,45,0.2270675148778986,0.6640624999999973,0.7195,1,1,,,,,,,,,,,,,,,,,,,,,,,,,,,,,,,,,none,none
7-scenes-redkitchen,3,6,0.21425492942570842,0.5312499999999979,0.4285,1,1,,,,,,,,,,,,,,,,,,,,,,,,,,,,,,,,,none,none
7-scenes-redkitchen,3,7,0.16690011852171102,0.06640624999999974,0.0705,1,0,,,,,,,,,,,,,,,,,,,,,,,,,,,,,,,,,none,none
7-scenes-redkitchen,3,15,0.3480767158711346,0.8398437499999967,0.656,1,1,,,,,,,,,,,,,,,,,,,,,,,,,,,,,,,,,none,none
7-scenes-redkitchen,3,19,0.21129188665014545,0.5390624999999979,0.5125,1,1,,,,,,,,,,,,,,,,,,,,,,,,,,,,,,,,,none,none
7-scenes-redkitchen,3,25,0.21721797220127143,0.36718749999999856,0.2565,1,1,,,,,,,,,,,,,,,,,,,,,,,,,,,,,,,,,none,none
7-scenes-redkitchen,3,31,0.29080918004525375,0.8554687499999966,0.706,1,1,,,,,,,,,,,,,,,,,,,,,,,,,,,,,,,,,none,none
7-scenes-redkitchen,3,32,0.20547354810903998,0.5937499999999977,0.472,1,1,,,,,,,,,,,,,,,,,,,,,,,,,,,,,,,,,none,none
7-scenes-redkitchen,3,36,0.12757245986423876,0.18749999999999925,0.1915,1,1,,,,,,,,,,,,,,,,,,,,,,,,,,,,,,,,,none,none
7-scenes-redkitchen,3,37,0.23839025967029415,0.5390624999999979,0.4555,1,1,,,,,,,,,,,,,,,,,,,,,,,,,,,,,,,,,none,none
7-scenes-redkitchen,3,38,0.23585820493481305,0.6054687499999976,0.4665,1,1,,,,,,,,,,,,,,,,,,,,,,,,,,,,,,,,,none,none
7-scenes-redkitchen,3,39,0.2089753259347053,0.4726562499999981,0.443,1,1,,,,,,,,,,,,,,,,,,,,,,,,,,,,,,,,,none,none
7-scenes-redkitchen,3,46,0.25923930610925544,0.8046874999999968,0.7315,1,1,,,,,,,,,,,,,,,,,,,,,,,,,,,,,,,,,none,none
7-scenes-redkitchen,3,59,0.14567395754767806,0.26953124999999895,0.2185,1,1,,,,,,,,,,,,,,,,,,,,,,,,,,,,,,,,,none,none
7-scenes-redkitchen,4,8,0.30110539452906115,0.5898437499999977,0.4765,1,1,,,,,,,,,,,,,,,,,,,,,,,,,,,,,,,,,none,none
7-scenes-redkitchen,4,16,0.34124598848759613,0.6406249999999974,0.3295,1,1,,,,,,,,,,,,,,,,,,,,,,,,,,,,,,,,,none,none
7-scenes-redkitchen,4,17,0.34109316896744946,0.5859374999999977,0.25,1,1,,,,,,,,,,,,,,,,,,,,,,,,,,,,,,,,,none,none
7-scenes-redkitchen,4,20,0.3965157149406551,0.8046874999999968,0.6115,1,1,,,,,,,,,,,,,,,,,,,,,,,,,,,,,,,,,none,none
7-scenes-redkitchen,4,21,0.16209057103560695,0.33203124999999867,0.143,1,0,,,,,,,,,,,,,,,,,,,,,,,,,,,,,,,,,none,none
7-scenes-redkitchen,4,24,0.17574244816871276,0.33203124999999867,0.253,1,1,,,,,,,,,,,,,,,,,,,,,,,,,,,,,,,,,none,none
7-scenes-redkitchen,4,28,0.4376751057001681,0.5351562499999979,0.54,1,1,,,,,,,,,,,,,,,,,,,,,,,,,,,,,,,,,none,none
7-scenes-redkitchen,4,29,0.3084407314961031,0.6601562499999973,0.657,1,1,,,,,,,,,,,,,,,,,,,,,,,,,,,,,,,,,none,none
7-scenes-redkitchen,4,35,0.25750089144720084,0.41406249999999833,0.2405,1,1,,,,,,,,,,,,,,,,,,,,,,,,,,,,,,,,,none,none
7-scenes-redkitchen,4,36,0.4036472925475014,0.7265624999999971,0.462,1,1,,,,,,,,,,,,,,,,,,,,,,,,,,,,,,,,,none,none
7-scenes-redkitchen,4,40,0.4036982323875503,0.8085937499999968,0.595,1,1,,,,,,,,,,,,,,,,,,,,,,,,,,,,,,,,,none,none
7-scenes-redkitchen,4,41,0.3636595181091131,0.8124999999999968,0.7485,1,1,,,,,,,,,,,,,,,,,,,,,,,,,,,,,,,,,none,none
7-scenes-redkitchen,4,43,0.3271356527940502,0.8828124999999964,0.852,1,1,,,,,,,,,,,,,,,,,,,,,,,,,,,,,,,,,none,none
7-scenes-redkitchen,4,48,0.34644185217258416,0.6953124999999972,0.759,1,1,,,,,,,,,,,,,,,,,,,,,,,,,,,,,,,,,none,none
7-scenes-redkitchen,4,49,0.29356629820182367,0.7304687499999971,0.687,1,1,,,,,,,,,,,,,,,,,,,,,,,,,,,,,,,,,none,none
7-scenes-redkitchen,4,50,0.30227701085018593,0.6601562499999973,0.63,1,1,,,,,,,,,,,,,,,,,,,,,,,,,,,,,,,,,none,none
7-scenes-redkitchen,4,51,0.21909225205032856,0.5273437499999979,0.4765,1,1,,,,,,,,,,,,,,,,,,,,,,,,,,,,,,,,,none,none
7-scenes-redkitchen,4,52,0.30059599612857213,0.6953124999999972,0.6965,1,1,,,,,,,,,,,,,,,,,,,,,,,,,,,,,,,,,none,none
7-scenes-redkitchen,4,53,0.2608119810503795,0.49218749999999806,0.4265,1,1,,,,,,,,,,,,,,,,,,,,,,,,,,,,,,,,,none,none
7-scenes-redkitchen,4,54,0.21705465844837246,0.33203124999999867,0.169,1,1,,,,,,,,,,,,,,,,,,,,,,,,,,,,,,,,,none,none
7-scenes-redkitchen,4,58,0.14650297998064285,0.3710937499999985,0.2915,1,1,,,,,,,,,,,,,,,,,,,,,,,,,,,,,,,,,none,none
7-scenes-redkitchen,4,59,0.27043961081962203,0.507812499999998,0.2895,1,1,,,,,,,,,,,,,,,,,,,,,,,,,,,,,,,,,none,none
7-scenes-redkitchen,5,13,0.3268706770069168,0.7226562499999971,0.6365,1,1,,,,,,,,,,,,,,,,,,,,,,,,,,,,,,,,,none,none
7-scenes-redkitchen,5,14,0.3595682246908405,0.8124999999999968,0.6245,1,1,,,,,,,,,,,,,,,,,,,,,,,,,,,,,,,,,none,none
7-scenes-redkitchen,5,21,0.31759589184657305,0.6640624999999973,0.4505,1,1,,,,,,,,,,,,,,,,,,,,,,,,,,,,,,,,,none,none
7-scenes-redkitchen,5,24,0.3130894990568015,0.6835937499999972,0.4985,1,1,,,,,,,,,,,,,,,,,,,,,,,,,,,,,,,,,none,none
7-scenes-redkitchen,5,27,0.4696604485432823,0.28515624999999883,0.38,1,1,,,,,,,,,,,,,,,,,,,,,,,,,,,,,,,,,none,none
7-scenes-redkitchen,5,28,0.24638440578495074,0.21093749999999917,0.2385,1,1,,,,,,,,,,,,,,,,,,,,,,,,,,,,,,,,,none,none
7-scenes-redkitchen,5,34,0.14588136658981346,0.4453124999999982,0.35,1,1,,,,,,,,,,,,,,,,,,,,,,,,,,,,,,,,,none,none
7-scenes-redkitchen,5,35,0.40075455879270594,0.6640624999999973,0.471,1,1,,,,,,,,,,,,,,,,,,,,,,,,,,,,,,,,,none,none
7-scenes-redkitchen,5,40,0.2927583315866695,0.49218749999999806,0.3665,1,1,,,,,,,,,,,,,,,,,,,,,,,,,,,,,,,,,none,none
7-scenes-redkitchen,5,41,0.25712638859777825,0.4374999999999983,0.305,1,1,,,,,,,,,,,,,,,,,,,,,,,,,,,,,,,,,none,none
7-scenes-redkitchen,5,42,0.2685495703206875,0.5195312499999979,0.448,1,1,,,,,,,,,,,,,,,,,,,,,,,,,,,,,,,,,none,none
7-scenes-redkitchen,5,43,0.2551875916998533,0.7148437499999971,0.578,1,1,,,,,,,,,,,,,,,,,,,,,,,,,,,,,,,,,none,none
7-scenes-redkitchen,5,44,0.28416474533640745,0.41406249999999833,0.2975,1,1,,,,,,,,,,,,,,,,,,,,,,,,,,,,,,,,,none,none
7-scenes-redkitchen,5,45,0.3561622301404318,0.6523437499999974,0.5045,1,1,,,,,,,,,,,,,,,,,,,,,,,,,,,,,,,,,none,none
7-scenes-redkitchen,5,50,0.35097463844057847,0.6249999999999976,0.643,1,1,,,,,,,,,,,,,,,,,,,,,,,,,,,,,,,,,none,none
7-scenes-redkitchen,5,51,0.22180884510584783,0.4765624999999981,0.419,1,1,,,,,,,,,,,,,,,,,,,,,,,,,,,,,,,,,none,none
7-scenes-redkitchen,5,52,0.39677216516453573,0.7265624999999971,0.681,1,1,,,,,,,,,,,,,,,,,,,,,,,,,,,,,,,,,none,none
7-scenes-redkitchen,5,53,0.3896457765667575,0.5156249999999979,0.4765,1,1,,,,,,,,,,,,,,,,,,,,,,,,,,,,,,,,,none,none
7-scenes-redkitchen,5,54,0.3701006078390275,0.6406249999999974,0.432,1,1,,,,,,,,,,,,,,,,,,,,,,,,,,,,,,,,,none,none
7-scenes-redkitchen,5,55,0.21835045063927896,0.2734374999999989,0.245,1,0,,,,,,,,,,,,,,,,,,,,,,,,,,,,,,,,,none,none
7-scenes-redkitchen,5,57,0.14284217145252567,0.21093749999999917,0.177,1,1,,,,,,,,,,,,,,,,,,,,,,,,,,,,,,,,,none,none
7-scenes-redkitchen,5,58,0.2409348145042968,0.7226562499999971,0.554,1,1,,,,,,,,,,,,,,,,,,,,,,,,,,,,,,,,,none,none
7-scenes-redkitchen,5,59,0.3219974848040243,0.738281249999997,0.546,1,1,,,,,,,,,,,,,,,,,,,,,,,,,,,,,,,,,none,none
7-scenes-redkitchen,6,13,0.23588039867109634,0.4492187499999982,0.4045,1,1,,,,,,,,,,,,,,,,,,,,,,,,,,,,,,,,,none,none
7-scenes-redkitchen,6,14,0.2921707515827744,0.742187499999997,0.521,1,1,,,,,,,,,,,,,,,,,,,,,,,,,,,,,,,,,none,none
7-scenes-redkitchen,6,22,0.18924340249482857,0.14453124999999942,0.1385,1,1,,,,,,,,,,,,,,,,,,,,,,,,,,,,,,,,,none,none
7-scenes-redkitchen,6,27,0.4009904093273992,0.03906249999999985,0.0515,1,0,,,,,,,,,,,,,,,,,,,,,,,,,,,,,,,,,none,none
7-scenes-redkitchen,6,34,0.2206481539522347,0.7343749999999971,0.6075,1,1,,,,,,,,,,,,,,,,,,,,,,,,,,,,,,,,,none,none
7-scenes-redkitchen,6,42,0.13777972795085563,0.1757812499999993,0.0735,1,0,,,,,,,,,,,,,,,,,,,,,,,,,,,,,,,,,none,none
7-scenes-redkitchen,6,44,0.1548298125744374,0.08203124999999967,0.0205,1,0,,,,,,,,,,,,,,,,,,,,,,,,,,,,,,,,,none,none
7-scenes-redkitchen,6,45,0.21883031404751457,0.46093749999999817,0.3645,1,1,,,,,,,,,,,,,,,,,,,,,,,,,,,,,,,,,none,none
7-scenes-redkitchen,6,46,0.28377107754027453,0.6484374999999974,0.499,1,1,,,,,,,,,,,,,,,,,,,,,,,,,,,,,,,,,none,none
7-scenes-redkitchen,6,47,0.3710900771014856,0.6210937499999976,0.5305,1,1,,,,,,,,,,,,,,,,,,,,,,,,,,,,,,,,,none,none
7-scenes-redkitchen,6,48,0.43057732088008527,0.746093749999997,0.558,1,1,,,,,,,,,,,,,,,,,,,,,,,,,,,,,,,,,none,none
7-scenes-redkitchen,6,50,0.3814329593179966,0.742187499999997,0.651,1,1,,,,,,,,,,,,,,,,,,,,,,,,,,,,,,,,,none,none
7-scenes-redkitchen,6,51,0.259888422240331,0.4765624999999981,0.3995,1,1,,,,,,,,,,,,,,,,,,,,,,,,,,,,,,,,,none,none
7-scenes-redkitchen,6,52,0.4315802670344136,0.6992187499999972,0.6345,1,1,,,,,,,,,,,,,,,,,,,,,,,,,,,,,,,,,none,none
7-scenes-redkitchen,6,55,0.3863850059549928,0.7773437499999969,0.6585,1,1,,,,,,,,,,,,,,,,,,,,,,,,,,,,,,,,,none,none
7-scenes-redkitchen,6,56,0.24083244530809253,0.6718749999999973,0.5375,1,1,,,,,,,,,,,,,,,,,,,,,,,,,,,,,,,,,none,none
7-scenes-redkitchen,6,57,0.22196452077979065,0.6640624999999973,0.65,1,1,,,,,,,,,,,,,,,,,,,,,,,,,,,,,,,,,none,none
7-scenes-redkitchen,6,58,0.38180906412586973,0.8437499999999967,0.773,1,1,,,,,,,,,,,,,,,,,,,,,,,,,,,,,,,,,none,none
7-scenes-redkitchen,7,12,0.28386089254609886,0.5507812499999978,0.464,1,1,,,,,,,,,,,,,,,,,,,,,,,,,,,,,,,,,none,none
7-scenes-redkitchen,7,13,0.16223196588383687,0.12109374999999951,0.106,1,0,,,,,,,,,,,,,,,,,,,,,,,,,,,,,,,,,none,none
7-scenes-redkitchen,7,14,0.23502913087873145,0.3789062499999985,0.3285,1,1,,,,,,,,,,,,,,,,,,,,,,,,,,,,,,,,,none,none
7-scenes-redkitchen,7,22,0.3013394197849721,0.742187499999997,0.72,1,1,,,,,,,,,,,,,,,,,,,,,,,,,,,,,,,,,none,none
7-scenes-redkitchen,7,23,0.24151600696738543,0.6210937499999976,0.5635,1,1,,,,,,,,,,,,,,,,,,,,,,,,,,,,,,,,,none,none
7-scenes-redkitchen,7,27,0.32320259475043545,0.08203124999999967,0.086,1,0,,,,,,,,,,,,,,,,,,,,,,,,,,,,,,,,,none,none
7-scenes-redkitchen,7,34,0.24109556129497267,0.6796874999999973,0.583,1,1,,,,,,,,,,,,,,,,,,,,,,,,,,,,,,,,,none,none
7-scenes-redkitchen,7,46,0.20385608745269987,0.45703124999999817,0.32,1,1,,,,,,,,,,,,,,,,,,,,,,,,,,,,,,,,,none,none
7-scenes-redkitchen,7,47,0.2916091056519911,0.1249999999999995,0.0885,1,0,,,,,,,,,,,,,,,,,,,,,,,,,,,,,,,,,none,none
7-scenes-redkitchen,7,48,0.3668688810138747,0.26562499999999895,0.24,1,1,,,,,,,,,,,,,,,,,,,,,,,,,,,,,,,,,none,none
7-scenes-redkitchen,7,49,0.4009850441467956,0.5429687499999978,0.4105,1,1,,,,,,,,,,,,,,,,,,,,,,,,,,,,,,,,,none,none
7-scenes-redkitchen,7,50,0.33359360922577935,0.33203124999999867,0.2995,1,1,,,,,,,,,,,,,,,,,,,,,,,,,,,,,,,,,none,none
7-scenes-redkitchen,7,51,0.2058982521472761,0.33593749999999867,0.236,1,1,,,,,,,,,,,,,,,,,,,,,,,,,,,,,,,,,none,none
7-scenes-redkitchen,7,52,0.382004925220734,0.3242187499999987,0.4,1,1,,,,,,,,,,,,,,,,,,,,,,,,,,,,,,,,,none,none
7-scenes-redkitchen,7,56,0.29833623641059526,0.7226562499999971,0.614,1,1,,,,,,,,,,,,,,,,,,,,,,,,,,,,,,,,,none,none
7-scenes-redkitchen,7,57,0.2446993813442249,0.8398437499999967,0.7505,1,1,,,,,,,,,,,,,,,,,,,,,,,,,,,,,,,,,none,none
7-scenes-redkitchen,8,10,0.3730796750704996,0.8124999999999968,0.7205,1,1,,,,,,,,,,,,,,,,,,,,,,,,,,,,,,,,,none,none
7-scenes-redkitchen,8,11,0.2953407129929711,0.6289062499999974,0.424,1,1,,,,,,,,,,,,,,,,,,,,,,,,,,,,,,,,,none,none
7-scenes-redkitchen,8,15,0.2546824361294667,0.5234374999999979,0.4405,1,1,,,,,,,,,,,,,,,,,,,,,,,,,,,,,,,,,none,none
7-scenes-redkitchen,8,26,0.3951765646702302,0.7343749999999971,0.672,1,1,,,,,,,,,,,,,,,,,,,,,,,,,,,,,,,,,none,none
7-scenes-redkitchen,8,34,0.1403678606001936,0.249999999999999,0.2835,1,1,,,,,,,,,,,,,,,,,,,,,,,,,,,,,,,,,none,none
7-scenes-redkitchen,8,38,0.3386506166084431,0.7343749999999971,0.685,1,1,,,,,,,,,,,,,,,,,,,,,,,,,,,,,,,,,none,none
7-scenes-redkitchen,8,48,0.23683656719558904,0.14843749999999942,0.0995,1,1,,,,,,,,,,,,,,,,,,,,,,,,,,,,,,,,,none,none
7-scenes-redkitchen,8,49,0.30784123910939015,0.25781249999999895,0.1135,1,0,,,,,,,,,,,,,,,,,,,,,,,,,,,,,,,,,none,none
7-scenes-redkitchen,8,50,0.21440296308767204,0.10937499999999957,0.141,1,0,,,,,,,,,,,,,,,,,,,,,,,,,,,,,,,,,none,none
7-scenes-redkitchen,8,52,0.2536302032913843,0.14453124999999942,0.1655,1,1,,,,,,,,,,,,,,,,,,,,,,,,,,,,,,,,,none,none
7-scenes-redkitchen,8,56,0.4024580159097605,0.6484374999999974,0.439,1,0,,,,,,,,,,,,,,,,,,,,,,,,,,,,,,,,,none,none
7-scenes-redkitchen,8,57,0.2879750831263942,0.6562499999999973,0.569,1,1,,,,,,,,,,,,,,,,,,,,,,,,,,,,,,,,,none,none
7-scenes-redkitchen,9,12,0.18286930750928748,0.499999999999998,0.501,1,1,,,,,,,,,,,,,,,,,,,,,,,,,,,,,,,,,none,none
7-scenes-redkitchen,9,15,0.34269733272112535,0.8046874999999968,0.7135,1,1,,,,,,,,,,,,,,,,,,,,,,,,,,,,,,,,,none,none
7-scenes-redkitchen,9,22,0.322953625245231,0.6835937499999972,0.543,1,1,,,,,,,,,,,,,,,,,,,,,,,,,,,,,,,,,none,none
7-scenes-redkitchen,9,23,0.3178194264724298,0.7812499999999969,0.727,1,1,,,,,,,,,,,,,,,,,,,,,,,,,,,,,,,,,none,none
7-scenes-redkitchen,9,27,0.22114622031139125,0.13281249999999947,0.191,1,1,,,,,,,,,,,,,,,,,,,,,,,,,,,,,,,,,none,none
7-scenes-redkitchen,9,34,0.14826564260967567,0.7070312499999972,0.5855,1,1,,,,,,,,,,,,,,,,,,,,,,,,,,,,,,,,,none,none
7-scenes-redkitchen,9,46,0.16542137997245063,0.5976562499999976,0.528,1,1,,,,,,,,,,,,,,,,,,,,,,,,,,,,,,,,,none,none
7-scenes-redkitchen,9,47,0.2548315732353801,0.26171874999999895,0.299,1,1,,,,,,,,,,,,,,,,,,,,,,,,,,,,,,,,,none,none
7-scenes-redkitchen,9,48,0.35225612555829194,0.48828124999999806,0.478,1,1,,,,,,,,,,,,,,,,,,,,,,,,,,,,,,,,,none,none
7-scenes-redkitchen,9,50,0.2938598321993572,0.511718749999998,0.522,1,1,,,,,,,,,,,,,,,,,,,,,,,,,,,,,,,,,none,none
7-scenes-redkitchen,9,52,0.3294652919814668,0.749999999999997,0.7065,1,1,,,,,,,,,,,,,,,,,,,,,,,,,,,,,,,,,none,none
7-scenes-redkitchen,9,55,0.46433192803773427,0.7968749999999968,0.5435,1,1,,,,,,,,,,,,,,,,,,,,,,,,,,,,,,,,,none,none
7-scenes-redkitchen,9,56,0.3171515632174312,0.6953124999999972,0.5205,1,1,,,,,,,,,,,,,,,,,,,,,,,,,,,,,,,,,none,none
7-scenes-redkitchen,9,57,0.23763409441916766,0.6835937499999972,0.628,1,1,,,,,,,,,,,,,,,,,,,,,,,,,,,,,,,,,none,none
7-scenes-redkitchen,9,58,0.42292440622782485,0.8242187499999967,0.703,1,1,,,,,,,,,,,,,,,,,,,,,,,,,,,,,,,,,none,none
7-scenes-redkitchen,10,21,0.28486454334072353,0.5351562499999979,0.36,1,1,,,,,,,,,,,,,,,,,,,,,,,,,,,,,,,,,none,none
7-scenes-redkitchen,10,24,0.3014113448331801,0.6054687499999976,0.436,1,1,,,,,,,,,,,,,,,,,,,,,,,,,,,,,,,,,none,none
7-scenes-redkitchen,10,28,0.3460228194451955,0.33593749999999867,0.392,1,1,,,,,,,,,,,,,,,,,,,,,,,,,,,,,,,,,none,none
7-scenes-redkitchen,10,29,0.23771156653869033,0.45312499999999817,0.456,1,1,,,,,,,,,,,,,,,,,,,,,,,,,,,,,,,,,none,none
7-scenes-redkitchen,10,34,0.14529822094846698,0.4257812499999983,0.324,1,1,,,,,,,,,,,,,,,,,,,,,,,,,,,,,,,,,none,none
7-scenes-redkitchen,10,35,0.34407613691667116,0.5664062499999978,0.4635,1,1,,,,,,,,,,,,,,,,,,,,,,,,,,,,,,,,,none,none
7-scenes-redkitchen,10,40,0.3014113448331801,0.6328124999999974,0.4985,1,1,,,,,,,,,,,,,,,,,,,,,,,,,,,,,,,,,none,none
7-scenes-redkitchen,10,41,0.32412264099929705,0.7968749999999968,0.748,1,1,,,,,,,,,,,,,,,,,,,,,,,,,,,,,,,,,none,none
7-scenes-redkitchen,10,42,0.3279619315416644,0.8320312499999967,0.765,1,1,,,,,,,,,,,,,,,,,,,,,,,,,,,,,,,,,none,none
7-scenes-redkitchen,10,43,0.3043854431406478,0.7343749999999971,0.72,1,1,,,,,,,,,,,,,,,,,,,,,,,,,,,,,,,,,none,none
7-scenes-redkitchen,10,44,0.32185151138268536,0.8046874999999968,0.795,1,1,,,,,,,,,,,,,,,,,,,,,,,,,,,,,,,,,none,none
7-scenes-redkitchen,10,45,0.3738171199913481,0.6914062499999972,0.6935,1,1,,,,,,,,,,,,,,,,,,,,,,,,,,,,,,,,,none,none
7-scenes-redkitchen,10,46,0.3922565294976478,0.7968749999999968,0.7215,1,1,,,,,,,,,,,,,,,,,,,,,,,,,,,,,,,,,none,none
7-scenes-redkitchen,10,47,0.37295192775644836,0.2734374999999989,0.2525,1,1,,,,,,,,,,,,,,,,,,,,,,,,,,,,,,,,,none,none
7-scenes-redkitchen,10,48,0.35656734980803545,0.7812499999999969,0.742,1,1,,,,,,,,,,,,,,,,,,,,,,,,,,,,,,,,,none,none
7-scenes-redkitchen,10,49,0.31995890336884225,0.7187499999999971,0.7375,1,1,,,,,,,,,,,,,,,,,,,,,,,,,,,,,,,,,none,none
7-scenes-redkitchen,10,50,0.35002433353160656,0.6796874999999973,0.658,1,1,,,,,,,,,,,,,,,,,,,,,,,,,,,,,,,,,none,none
7-scenes-redkitchen,10,51,0.23014113448331802,0.46093749999999817,0.4315,1,1,,,,,,,,,,,,,,,,,,,,,,,,,,,,,,,,,none,none
7-scenes-redkitchen,10,52,0.3651111231276699,0.8124999999999968,0.7545,1,1,,,,,,,,,,,,,,,,,,,,,,,,,,,,,,,,,none,none
7-scenes-redkitchen,10,53,0.33926350511004166,0.5507812499999978,0.5185,1,1,,,,,,,,,,,,,,,,,,,,,,,,,,,,,,,,,none,none
7-scenes-redkitchen,10,54,0.3298545395555075,0.3710937499999985,0.256,1,1,,,,,,,,,,,,,,,,,,,,,,,,,,,,,,,,,none,none
7-scenes-redkitchen,10,55,0.17866219650678636,0.08593749999999965,0.0385,1,0,,,,,,,,,,,,,,,,,,,,,,,,,,,,,,,,,none,none
7-scenes-redkitchen,10,56,0.12837289785324177,0.16406249999999933,0.111,1,0,,,,,,,,,,,,,,,,,,,,,,,,,,,,,,,,,none,none
7-scenes-redkitchen,10,57,0.15486941004704483,0.2734374999999989,0.2425,1,1,,,,,,,,,,,,,,,,,,,,,,,,,,,,,,,,,none,none
7-scenes-redkitchen,10,58,0.23576488401016601,0.35546874999999856,0.304,1,1,,,,,,,,,,,,,,,,,,,,,,,,,,,,,,,,,none,none
7-scenes-redkitchen,10,59,0.32715081382144595,0.6249999999999976,0.46,1,1,,,,,,,,,,,,,,,,,,,,,,,,,,,,,,,,,none,none
7-scenes-redkitchen,11,16,0.36967345993515516,0.6679687499999973,0.396,1,1,,,,,,,,,,,,,,,,,,,,,,,,,,,,,,,,,none,none
7-scenes-redkitchen,11,17,0.33580361278369614,0.6015624999999976,0.2415,1,1,,,,,,,,,,,,,,,,,,,,,,,,,,,,,,,,,none,none
7-scenes-redkitchen,11,20,0.4237494210282538,0.8476562499999966,0.5715,1,1,,,,,,,,,,,,,,,,,,,,,,,,,,,,,,,,,none,none
7-scenes-redkitchen,11,21,0.19638721630384437,0.42187499999999833,0.194,1,0,,,,,,,,,,,,,,,,,,,,,,,,,,,,,,,,,none,none
7-scenes-redkitchen,11,24,0.21421954608615099,0.32812499999999867,0.2215,1,1,,,,,,,,,,,,,,,,,,,,,,,,,,,,,,,,,none,none
7-scenes-redkitchen,11,29,0.3738999536822603,0.6093749999999976,0.5215,1,1,,,,,,,,,,,,,,,,,,,,,,,,,,,,,,,,,none,none
7-scenes-redkitchen,11,35,0.24577350625289485,0.3710937499999985,0.255,1,1,,,,,,,,,,,,,,,,,,,,,,,,,,,,,,,,,none,none
7-scenes-redkitchen,11,40,0.44748726262158406,0.8359374999999967,0.704,1,1,,,,,,,,,,,,,,,,,,,,,,,,,,,,,,,,,none,none
7-scenes-redkitchen,11,41,0.37557897174617877,0.8593749999999966,0.805,1,1,,,,,,,,,,,,,,,,,,,,,,,,,,,,,,,,,none,none
7-scenes-redkitchen,11,42,0.33968272348309403,0.8593749999999966,0.823,1,1,,,,,,,,,,,,,,,,,,,,,,,,,,,,,,,,,none,none
7-scenes-redkitchen,11,43,0.2976493747105141,0.8007812499999968,0.785,1,1,,,,,,,,,,,,,,,,,,,,,,,,,,,,,,,,,none,none
7-scenes-redkitchen,11,44,0.3103288559518296,0.7734374999999969,0.7525,1,1,,,,,,,,,,,,,,,,,,,,,,,,,,,,,,,,,none,none
7-scenes-redkitchen,11,45,0.34286706808707734,0.746093749999997,0.722,1,1,,,,,,,,,,,,,,,,,,,,,,,,,,,,,,,,,none,none
7-scenes-redkitchen,11,46,0.3682260305697082,0.753906249999997,0.6925,1,1,,,,,,,,,,,,,,,,,,,,,,,,,,,,,,,,,none,none
7-scenes-redkitchen,11,47,0.33094025011579437,0.6718749999999973,0.5955,1,1,,,,,,,,,,,,,,,,,,,,,,,,,,,,,,,,,none,none
7-scenes-redkitchen,11,48,0.2801065308012969,0.6874999999999972,0.6255,1,1,,,,,,,,,,,,,,,,,,,,,,,,,,,,,,,,,none,none
7-scenes-redkitchen,11,49,0.234251968503937,0.6601562499999973,0.6335,1,1,,,,,,,,,,,,,,,,,,,,,,,,,,,,,,,,,none,none
7-scenes-redkitchen,11,50,0.28734367762853175,0.7226562499999971,0.6695,1,1,,,,,,,,,,,,,,,,,,,,,,,,,,,,,,,,,none,none
7-scenes-redkitchen,11,51,0.23349930523390458,0.4687499999999981,0.428,1,1,,,,,,,,,,,,,,,,,,,,,,,,,,,,,,,,,none,none
7-scenes-redkitchen,11,52,0.29116489115331173,0.6992187499999972,0.6675,1,1,,,,,,,,,,,,,,,,,,,,,,,,,,,,,,,,,none,none
7-scenes-redkitchen,11,53,0.2497684113015285,0.5703124999999977,0.4415,1,1,,,,,,,,,,,,,,,,,,,,,,,,,,,,,,,,,none,none
7-scenes-redkitchen,11,54,0.22996757758221398,0.3085937499999988,0.179,1,1,,,,,,,,,,,,,,,,,,,,,,,,,,,,,,,,,none,none
7-scenes-redkitchen,11,58,0.17791801760074108,0.3164062499999987,0.247,1,1,,,,,,,,,,,,,,,,,,,,,,,,,,,,,,,,,none,none
7-scenes-redkitchen,11,59,0.30268642890226954,0.499999999999998,0.362,1,1,,,,,,,,,,,,,,,,,,,,,,,,,,,,,,,,,none,none
7-scenes-redkitchen,12,16,0.18738143320482223,0.39062499999999845,0.2695,1,1,,,,,,,,,,,,,,,,,,,,,,,,,,,,,,,,,none,none
7-scenes-redkitchen,12,18,0.26467168471941743,0.48828124999999806,0.361,1,1,,,,,,,,,,,,,,,,,,,,,,,,,,,,,,,,,none,none
7-scenes-redkitchen,12,20,0.2121045223670522,0.5546874999999978,0.4255,1,1,,,,,,,,,,,,,,,,,,,,,,,,,,,,,,,,,none,none
7-scenes-redkitchen,12,25,0.35028456030842664,0.6562499999999973,0.4885,1,1,,,,,,,,,,,,,,,,,,,,,,,,,,,,,,,,,none,none
7-scenes-redkitchen,12,30,0.30567284743895723,0.2226562499999991,0.2075,1,1,,,,,,,,,,,,,,,,,,,,,,,,,,,,,,,,,none,none
7-scenes-redkitchen,12,31,0.24876078575362584,0.5781249999999977,0.381,1,1,,,,,,,,,,,,,,,,,,,,,,,,,,,,,,,,,none,none
7-scenes-redkitchen,12,32,0.2121045223670522,0.511718749999998,0.3115,1,1,,,,,,,,,,,,,,,,,,,,,,,,,,,,,,,,,none,none
7-scenes-redkitchen,12,36,0.24710850009179364,0.17968749999999928,0.098,1,0,,,,,,,,,,,,,,,,,,,,,,,,,,,,,,,,,none,none
7-scenes-redkitchen,12,38,0.35175325867449975,0.6718749999999973,0.6075,1,1,,,,,,,,,,,,,,,,,,,,,,,,,,,,,,,,,none,none
7-scenes-redkitchen,12,39,0.3828407074230463,0.7304687499999971,0.601,1,1,,,,,,,,,,,,,,,,,,,,,,,,,,,,,,,,,none,none
7-scenes-redkitchen,12,46,0.3220121167615201,0.7773437499999969,0.679,1,1,,,,,,,,,,,,,,,,,,,,,,,,,,,,,,,,,none,none
7-scenes-redkitchen,12,47,0.22807661709809682,0.6210937499999976,0.561,1,1,,,,,,,,,,,,,,,,,,,,,,,,,,,,,,,,,none,none
7-scenes-redkitchen,12,48,0.17593782510250291,0.46484374999999817,0.4295,1,1,,,,,,,,,,,,,,,,,,,,,,,,,,,,,,,,,none,none
7-scenes-redkitchen,12,50,0.1679211798543541,0.3124999999999988,0.415,1,1,,,,,,,,,,,,,,,,,,,,,,,,,,,,,,,,,none,none
7-scenes-redkitchen,12,51,0.19466372926993453,0.48046874999999806,0.4375,1,1,,,,,,,,,,,,,,,,,,,,,,,,,,,,,,,,,none,none
7-scenes-redkitchen,12,52,0.170552597760235,0.3710937499999985,0.427,1,1,,,,,,,,,,,,,,,,,,,,,,,,,,,,,,,,,none,none
7-scenes-redkitchen,12,59,0.2092283214001591,0.1562499999999994,0.0725,1,1,,,,,,,,,,,,,,,,,,,,,,,,,,,,,,,,,none,none
7-scenes-redkitchen,13,18,0.16151303709144327,0.09765624999999961,0.099,1,0,,,,,,,,,,,,,,,,,,,,,,,,,,,,,,,,,none,none
7-scenes-redkitchen,13,19,0.30488431876606686,0.5937499999999977,0.5235,1,1,,,,,,,,,,,,,,,,,,,,,,,,,,,,,,,,,none,none
7-scenes-redkitchen,13,25,0.2885787734116783,0.21484374999999914,0.1445,1,0,,,,,,,,,,,,,,,,,,,,,,,,,,,,,,,,,none,none
7-scenes-redkitchen,13,30,0.33624678663239077,0.21874999999999914,0.1915,1,0,,,,,,,,,,,,,,,,,,,,,,,,,,,,,,,,,none,none
7-scenes-redkitchen,13,31,0.29173705471905986,0.6328124999999974,0.4655,1,1,,,,,,,,,,,,,,,,,,,,,,,,,,,,,,,,,none,none
7-scenes-redkitchen,13,32,0.22805728975394784,0.4687499999999981,0.3495,1,1,,,,,,,,,,,,,,,,,,,,,,,,,,,,,,,,,none,none
7-scenes-redkitchen,13,36,0.15732647814910025,0.09765624999999961,0.07,1,0,,,,,,,,,,,,,,,,,,,,,,,,,,,,,,,,,none,none
7-scenes-redkitchen,13,37,0.36408373117884685,0.6328124999999974,0.4985,1,1,,,,,,,,,,,,,,,,,,,,,,,,,,,,,,,,,none,none
7-scenes-redkitchen,13,38,0.3338229893499816,0.5976562499999976,0.494,1,1,,,,,,,,,,,,,,,,,,,,,,,,,,,,,,,,,none,none
7-scenes-redkitchen,13,39,0.34094748439221445,0.499999999999998,0.451,1,1,,,,,,,,,,,,,,,,,,,,,,,,,,,,,,,,,none,none
7-scenes-redkitchen,13,46,0.293573264781491,0.6132812499999976,0.5795,1,1,,,,,,,,,,,,,,,,,,,,,,,,,,,,,,,,,none,none
7-scenes-redkitchen,13,47,0.18310686742563348,0.23437499999999906,0.247,1,1,,,,,,,,,,,,,,,,,,,,,,,,,,,,,,,,,none,none
7-scenes-redkitchen,13,59,0.1737789203084833,0.042968749999999827,0.019,1,0,,,,,,,,,,,,,,,,,,,,,,,,,,,,,,,,,none,none
7-scenes-redkitchen,14,16,0.26899434472584216,0.39062499999999845,0.2865,1,1,,,,,,,,,,,,,,,,,,,,,,,,,,,,,,,,,none,none
7-scenes-redkitchen,14,17,0.17031390869600851,0.33593749999999867,0.2345,1,0,,,,,,,,,,,,,,,,,,,,,,,,,,,,,,,,,none,none
7-scenes-redkitchen,14,18,0.2858782067043685,0.6015624999999976,0.416,1,1,,,,,,,,,,,,,,,,,,,,,,,,,,,,,,,,,none,none
7-scenes-redkitchen,14,20,0.21145807720678633,0.21484374999999914,0.1515,1,0,,,,,,,,,,,,,,,,,,,,,,,,,,,,,,,,,none,none
7-scenes-redkitchen,14,30,0.24670109007458405,0.13281249999999947,0.079,1,0,,,,,,,,,,,,,,,,,,,,,,,,,,,,,,,,,none,none
7-scenes-redkitchen,14,31,0.17932956315056142,0.3085937499999988,0.2595,1,1,,,,,,,,,,,,,,,,,,,,,,,,,,,,,,,,,none,none
7-scenes-redkitchen,14,32,0.14834849602491598,0.3710937499999985,0.2825,1,1,,,,,,,,,,,,,,,,,,,,,,,,,,,,,,,,,none,none
7-scenes-redkitchen,14,36,0.31899024670109005,0.5507812499999978,0.337,1,1,,,,,,,,,,,,,,,,,,,,,,,,,,,,,,,,,none,none
7-scenes-redkitchen,14,45,0.38668961560527826,0.738281249999997,0.705,1,1,,,,,,,,,,,,,,,,,,,,,,,,,,,,,,,,,none,none
7-scenes-redkitchen,14,46,0.2844029177936235,0.5585937499999978,0.482,1,1,,,,,,,,,,,,,,,,,,,,,,,,,,,,,,,,,none,none
7-scenes-redkitchen,14,47,0.2026063437423162,0.12890624999999947,0.0935,1,1,,,,,,,,,,,,,,,,,,,,,,,,,,,,,,,,,none,none
7-scenes-redkitchen,14,52,0.16785509384476682,0.253906249999999,0.26,1,1,,,,,,,,,,,,,,,,,,,,,,,,,,,,,,,,,none,none
7-scenes-redkitchen,15,21,0.22663613141900818,0.11328124999999954,0.0425,1,0,,,,,,,,,,,,,,,,,,,,,,,,,,,,,,,,,none,none
7-scenes-redkitchen,15,24,0.26257376904782875,0.1249999999999995,0.1265,1,0,,,,,,,,,,,,,,,,,,,,,,,,,,,,,,,,,none,none
7-scenes-redkitchen,15,28,0.4508940368184621,0.12109374999999951,0.083,1,0,,,,,,,,,,,,,,,,,,,,,,,,,,,,,,,,,none,none
7-scenes-redkitchen,15,29,0.2313925834581168,0.12109374999999951,0.1115,1,0,,,,,,,,,,,,,,,,,,,,,,,,,,,,,,,,,none,none
7-scenes-redkitchen,15,35,0.3758477935347485,0.503906249999998,0.455,1,1,,,,,,,,,,,,,,,,,,,,,,,,,,,,,,,,,none,none
7-scenes-redkitchen,15,40,0.3417598872544702,0.3789062499999985,0.2655,1,1,,,,,,,,,,,,,,,,,,,,,,,,,,,,,,,,,none,none
7-scenes-redkitchen,15,41,0.20206112921694705,0.24609374999999903,0.196,1,1,,,,,,,,,,,,,,,,,,,,,,,,,,,,,,,,,none,none
7-scenes-redkitchen,15,42,0.19774508940368185,0.10546874999999958,0.076,1,0,,,,,,,,,,,,,,,,,,,,,,,,,,,,,,,,,none,none
7-scenes-redkitchen,15,43,0.16700431603981328,0.36328124999999856,0.2345,1,1,,,,,,,,,,,,,,,,,,,,,,,,,,,,,,,,,none,none
7-scenes-redkitchen,15,44,0.196335770280983,0.38671874999999845,0.3135,1,1,,,,,,,,,,,,,,,,,,,,,,,,,,,,,,,,,none,none
7-scenes-redkitchen,15,45,0.24953756716286443,0.5351562499999979,0.4425,1,1,,,,,,,,,,,,,,,,,,,,,,,,,,,,,,,,,none,none
7-scenes-redkitchen,15,46,0.2946357790892275,0.5507812499999978,0.486,1,1,,,,,,,,,,,,,,,,,,,,,,,,,,,,,,,,,none,none
7-scenes-redkitchen,15,47,0.3584074693913503,0.5898437499999977,0.5555,1,1,,,,,,,,,,,,,,,,,,,,,,,,,,,,,,,,,none,none
7-scenes-redkitchen,15,48,0.35259402801021755,0.5585937499999978,0.571,1,1,,,,,,,,,,,,,,,,,,,,,,,,,,,,,,,,,none,none
7-scenes-redkitchen,15,49,0.29454769664405883,0.49218749999999806,0.577,1,1,,,,,,,,,,,,,,,,,,,,,,,,,,,,,,,,,none,none
7-scenes-redkitchen,15,50,0.3532106051263983,0.5585937499999978,0.618,1,1,,,,,,,,,,,,,,,,,,,,,,,,,,,,,,,,,none,none
7-scenes-redkitchen,15,51,0.2588743063507443,0.45312499999999817,0.3375,1,1,,,,,,,,,,,,,,,,,,,,,,,,,,,,,,,,,none,none
7-scenes-redkitchen,15,52,0.3835109662644235,0.6835937499999972,0.7175,1,1,,,,,,,,,,,,,,,,,,,,,,,,,,,,,,,,,none,none
7-scenes-redkitchen,15,53,0.3459878446225667,0.6249999999999976,0.587,1,1,,,,,,,,,,,,,,,,,,,,,,,,,,,,,,,,,none,none
7-scenes-redkitchen,15,54,0.3459878446225667,0.5664062499999978,0.473,1,1,,,,,,,,,,,,,,,,,,,,,,,,,,,,,,,,,none,none
7-scenes-redkitchen,15,55,0.2106932088434775,0.08593749999999965,0.0775,1,0,,,,,,,,,,,,,,,,,,,,,,,,,,,,,,,,,none,none
7-scenes-redkitchen,15,56,0.14410288029595703,0.08203124999999967,0.1205,1,1,,,,,,,,,,,,,,,,,,,,,,,,,,,,,,,,,none,none
7-scenes-redkitchen,15,57,0.16991103673037963,0.3437499999999986,0.339,1,1,,,,,,,,,,,,,,,,,,,,,,,,,,,,,,,,,none,none
7-scenes-redkitchen,15,58,0.29542852109574563,0.5585937499999978,0.449,1,1,,,,,,,,,,,,,,,,,,,,,,,,,,,,,,,,,none,none
7-scenes-redkitchen,16,27,0.28270449743434956,0.4453124999999982,0.4,1,1,,,,,,,,,,,,,,,,,,,,,,,,,,,,,,,,,none,none
7-scenes-redkitchen,16,34,0.1964986417144582,0.6328124999999974,0.5215,1,1,,,,,,,,,,,,,,,,,,,,,,,,,,,,,,,,,none,none
7-scenes-redkitchen,16,48,0.2799879263507395,0.5390624999999979,0.299,1,1,,,,,,,,,,,,,,,,,,,,,,,,,,,,,,,,,none,none
7-scenes-redkitchen,16,49,0.3822517355870812,0.6640624999999973,0.417,1,1,,,,,,,,,,,,,,,,,,,,,,,,,,,,,,,,,none,none
7-scenes-redkitchen,16,50,0.27413220645940234,0.49218749999999806,0.3025,1,1,,,,,,,,,,,,,,,,,,,,,,,,,,,,,,,,,none,none
7-scenes-redkitchen,16,52,0.338122547539994,0.6874999999999972,0.4685,1,1,,,,,,,,,,,,,,,,,,,,,,,,,,,,,,,,,none,none
7-scenes-redkitchen,16,57,0.33244793238756415,0.7226562499999971,0.6795,1,1,,,,,,,,,,,,,,,,,,,,,,,,,,,,,,,,,none,none
7-scenes-redkitchen,17,26,0.3872660486269022,0.8749999999999966,0.7545,1,1,,,,,,,,,,,,,,,,,,,,,,,,,,,,,,,,,none,none
7-scenes-redkitchen,17,48,0.2331205177540668,0.5820312499999977,0.276,1,1,,,,,,,,,,,,,,,,,,,,,,,,,,,,,,,,,none,none
7-scenes-redkitchen,17,49,0.309384292461081,0.6093749999999976,0.329,1,1,,,,,,,,,,,,,,,,,,,,,,,,,,,,,,,,,none,none
7-scenes-redkitchen,17,50,0.22253804442889627,0.5781249999999977,0.331,1,1,,,,,,,,,,,,,,,,,,,,,,,,,,,,,,,,,none,none
7-scenes-redkitchen,17,52,0.2627689347559909,0.6328124999999974,0.3445,1,1,,,,,,,,,,,,,,,,,,,,,,,,,,,,,,,,,none,none
7-scenes-redkitchen,17,56,0.45871960818611157,0.8320312499999967,0.6205,1,1,,,,,,,,,,,,,,,,,,,,,,,,,,,,,,,,,none,none
7-scenes-redkitchen,17,57,0.33470351582998076,0.7343749999999971,0.654,1,1,,,,,,,,,,,,,,,,,,,,,,,,,,,,,,,,,none,none
7-scenes-redkitchen,18,22,0.4387812525122598,0.8554687499999966,0.763,1,1,,,,,,,,,,,,,,,,,,,,,,,,,,,,,,,,,none,none
7-scenes-redkitchen,18,27,0.22377200739609293,0.1249999999999995,0.183,1,0,,,,,,,,,,,,,,,,,,,,,,,,,,,,,,,,,none,none
7-scenes-redkitchen,18,46,0.14386204678832704,0.45312499999999817,0.3515,1,1,,,,,,,,,,,,,,,,,,,,,,,,,,,,,,,,,none,none
7-scenes-redkitchen,18,47,0.220274941715572,0.6484374999999974,0.53,1,1,,,,,,,,,,,,,,,,,,,,,,,,,,,,,,,,,none,none
7-scenes-redkitchen,18,48,0.31734866146796364,0.5546874999999978,0.5115,1,1,,,,,,,,,,,,,,,,,,,,,,,,,,,,,,,,,none,none
7-scenes-redkitchen,18,49,0.39283704477851916,0.8007812499999968,0.5755,1,1,,,,,,,,,,,,,,,,,,,,,,,,,,,,,,,,,none,none
7-scenes-redkitchen,18,50,0.28913095908031194,0.7109374999999971,0.5975,1,1,,,,,,,,,,,,,,,,,,,,,,,,,,,,,,,,,none,none
7-scenes-redkitchen,18,52,0.32804083929576333,0.7304687499999971,0.626,1,1,,,,,,,,,,,,,,,,,,,,,,,,,,,,,,,,,none,none
7-scenes-redkitchen,18,56,0.36031835356539915,0.8085937499999968,0.6495,1,1,,,,,,,,,,,,,,,,,,,,,,,,,,,,,,,,,none,none
7-scenes-redkitchen,18,57,0.2551250100490393,0.7109374999999971,0.735,1,1,,,,,,,,,,,,,,,,,,,,,,,,,,,,,,,,,none,none
7-scenes-redkitchen,18,58,0.41036256933837123,0.8476562499999966,0.778,1,1,,,,,,,,,,,,,,,,,,,,,,,,,,,,,,,,,none,none
7-scenes-redkitchen,19,22,0.2614475627769572,0.6249999999999976,0.4945,1,0,,,,,,,,,,,,,,,,,,,,,,,,,,,,,,,,,none,none
7-scenes-redkitchen,19,23,0.2431620231243315,0.48828124999999806,0.3975,1,0,,,,,,,,,,,,,,,,,,,,,,,,,,,,,,,,,none,none
7-scenes-redkitchen,19,27,0.3445729129526817,0.5195312499999979,0.5845,1,1,,,,,,,,,,,,,,,,,,,,,,,,,,,,,,,,,none,none
7-scenes-redkitchen,19,34,0.1856058676717771,0.5781249999999977,0.5885,1,1,,,,,,,,,,,,,,,,,,,,,,,,,,,,,,,,,none,none
7-scenes-redkitchen,19,45,0.15774461366067336,0.507812499999998,0.4595,1,1,,,,,,,,,,,,,,,,,,,,,,,,,,,,,,,,,none,none
7-scenes-redkitchen,19,46,0.21963021443488004,0.6484374999999974,0.594,1,1,,,,,,,,,,,,,,,,,,,,,,,,,,,,,,,,,none,none
7-scenes-redkitchen,19,47,0.3015840676412163,0.6757812499999973,0.6365,1,1,,,,,,,,,,,,,,,,,,,,,,,,,,,,,,,,,none,none
7-scenes-redkitchen,19,48,0.41180665206540007,0.7968749999999968,0.726,1,1,,,,,,,,,,,,,,,,,,,,,,,,,,,,,,,,,none,none
7-scenes-redkitchen,19,50,0.35791779147353947,0.7265624999999971,0.688,1,1,,,,,,,,,,,,,,,,,,,,,,,,,,,,,,,,,none,none
7-scenes-redkitchen,19,51,0.1940610197117099,0.5507812499999978,0.447,1,1,,,,,,,,,,,,,,,,,,,,,,,,,,,,,,,,,none,none
7-scenes-redkitchen,19,52,0.40732440279121884,0.8007812499999968,0.763,1,1,,,,,,,,,,,,,,,,,,,,,,,,,,,,,,,,,none,none
7-scenes-redkitchen,19,55,0.4121122599704579,0.7695312499999969,0.595,1,1,,,,,,,,,,,,,,,,,,,,,,,,,,,,,,,,,none,none
7-scenes-redkitchen,19,56,0.2566597055977181,0.6406249999999974,0.549,1,1,,,,,,,,,,,,,,,,,,,,,,,,,,,,,,,,,none,none
7-scenes-redkitchen,19,57,0.17450211378800998,0.7148437499999971,0.7135,1,1,,,,,,,,,,,,,,,,,,,,,,,,,,,,,,,,,none,none
7-scenes-redkitchen,19,58,0.3679519176896042,0.757812499999997,0.6905,1,1,,,,,,,,,,,,,,,,,,,,,,,,,,,,,,,,,none,none
7-scenes-redkitchen,20,22,0.35271936185641767,0.8593749999999966,0.839,1,1,,,,,,,,,,,,,,,,,,,,,,,,,,,,,,,,,none,none
7-scenes-redkitchen,20,23,0.2742567077592458,0.6757812499999973,0.5525,1,1,,,,,,,,,,,,,,,,,,,,,,,,,,,,,,,,,none,none
7-scenes-redkitchen,20,24,0.4701957940536621,0.6249999999999976,0.546,1,1,,,,,,,,,,,,,,,,,,,,,,,,,,,,,,,,,none,none
7-scenes-redkitchen,20,27,0.242929659173314,0.03515624999999986,0.035,1,0,,,,,,,,,,,,,,,,,,,,,,,,,,,,,,,,,none,none
7-scenes-redkitchen,20,34,0.2765772298767223,0.6874999999999972,0.5775,1,1,,,,,,,,,,,,,,,,,,,,,,,,,,,,,,,,,none,none
7-scenes-redkitchen,20,38,0.3463379260333575,0.8593749999999966,0.8365,1,1,,,,,,,,,,,,,,,,,,,,,,,,,,,,,,,,,none,none
7-scenes-redkitchen,20,47,0.23930384336475707,0.18359374999999928,0.1525,1,1,,,,,,,,,,,,,,,,,,,,,,,,,,,,,,,,,none,none
7-scenes-redkitchen,20,48,0.2978486826202562,0.249999999999999,0.158,1,1,,,,,,,,,,,,,,,,,,,,,,,,,,,,,,,,,none,none
7-scenes-redkitchen,20,49,0.33062605752961083,0.33593749999999867,0.225,1,1,,,,,,,,,,,,,,,,,,,,,,,,,,,,,,,,,none,none
7-scenes-redkitchen,20,50,0.2873579888808315,0.5195312499999979,0.3585,1,1,,,,,,,,,,,,,,,,,,,,,,,,,,,,,,,,,none,none
7-scenes-redkitchen,20,52,0.33642736282330193,0.4453124999999982,0.3755,1,1,,,,,,,,,,,,,,,,,,,,,,,,,,,,,,,,,none,none
7-scenes-redkitchen,20,53,0.4430263475948755,0.503906249999998,0.4675,1,1,,,,,,,,,,,,,,,,,,,,,,,,,,,,,,,,,none,none
7-scenes-redkitchen,20,55,0.41339134638627023,0.7929687499999968,0.725,1,1,,,,,,,,,,,,,,,,,,,,,,,,,,,,,,,,,none,none
7-scenes-redkitchen,20,56,0.3110949963741842,0.6953124999999972,0.6375,1,1,,,,,,,,,,,,,,,,,,,,,,,,,,,,,,,,,none,none
7-scenes-redkitchen,20,57,0.3047619047619048,0.7812499999999969,0.656,1,1,,,,,,,,,,,,,,,,,,,,,,,,,,,,,,,,,none,none
7-scenes-redkitchen,20,58,0.34227701232777374,0.8632812499999966,0.8125,1,1,,,,,,,,,,,,,,,,,,,,,,,,,,,,,,,,,none,none
7-scenes-redkitchen,20,59,0.3190234469422287,0.8359374999999967,0.7525,1,1,,,,,,,,,,,,,,,,,,,,,,,,,,,,,,,,,none,none
7-scenes-redkitchen,21,25,0.4317401428740577,0.0,0.0,1,0,,,,,,,,,,,,,,,,,,,,,,,,,,,,,,,,,none,none
7-scenes-redkitchen,21,26,0.2819986580889608,0.09374999999999963,0.0705,1,0,,,,,,,,,,,,,,,,,,,,,,,,,,,,,,,,,none,none
7-scenes-redkitchen,21,34,0.17393535146228836,0.20703124999999917,0.206,1,1,,,,,,,,,,,,,,,,,,,,,,,,,,,,,,,,,none,none
7-scenes-redkitchen,21,36,0.41891305205825474,0.28515624999999883,0.2145,1,0,,,,,,,,,,,,,,,,,,,,,,,,,,,,,,,,,none,none
7-scenes-redkitchen,21,37,0.3047716777834787,0.507812499999998,0.3655,1,1,,,,,,,,,,,,,,,,,,,,,,,,,,,,,,,,,none,none
7-scenes-redkitchen,21,38,0.2613174408967123,0.5742187499999977,0.613,1,1,,,,,,,,,,,,,,,,,,,,,,,,,,,,,,,,,none,none
7-scenes-redkitchen,21,49,0.2090223783399771,0.16796874999999933,0.043,1,0,,,,,,,,,,,,,,,,,,,,,,,,,,,,,,,,,none,none
7-scenes-redkitchen,21,52,0.17835576429727276,0.007812499999999969,0.0,1,0,,,,,,,,,,,,,,,,,,,,,,,,,,,,,,,,,none,none
7-scenes-redkitchen,21,53,0.29589138414176896,0.1992187499999992,0.127,1,0,,,,,,,,,,,,,,,,,,,,,,,,,,,,,,,,,none,none
7-scenes-redkitchen,21,56,0.2986146741918933,0.5273437499999979,0.48,1,1,,,,,,,,,,,,,,,,,,,,,,,,,,,,,,,,,none,none
7-scenes-redkitchen,21,57,0.24493823262422545,0.6015624999999976,0.4685,1,1,,,,,,,,,,,,,,,,,,,,,,,,,,,,,,,,,none,none
7-scenes-redkitchen,21,58,0.33437265658917786,0.7226562499999971,0.738,1,1,,,,,,,,,,,,,,,,,,,,,,,,,,,,,,,,,none,none
7-scenes-redkitchen,21,59,0.2922603307416032,0.5273437499999979,0.539,1,1,,,,,,,,,,,,,,,,,,,,,,,,,,,,,,,,,none,none
7-scenes-redkitchen,22,25,0.23746529479013556,0.0039062499999999844,0.0025,1,0,,,,,,,,,,,,,,,,,,,,,,,,,,,,,,,,,none,none
7-scenes-redkitchen,22,37,0.2452637595949698,0.29687499999999883,0.088,1,0,,,,,,,,,,,,,,,,,,,,,,,,,,,,,,,,,none,none
7-scenes-redkitchen,22,38,0.13579944471664218,0.011718749999999953,0.013,1,0,,,,,,,,,,,,,,,,,,,,,,,,,,,,,,,,,none,none
7-scenes-redkitchen,22,39,0.19757471827535522,0.499999999999998,0.394,1,1,,,,,,,,,,,,,,,,,,,,,,,,,,,,,,,,,none,none
7-scenes-redkitchen,22,53,0.21108933529315696,0.5156249999999979,0.275,1,1,,,,,,,,,,,,,,,,,,,,,,,,,,,,,,,,,none,none
7-scenes-redkitchen,22,56,0.4156050955414013,0.6406249999999974,0.3105,1,1,,,,,,,,,,,,,,,,,,,,,,,,,,,,,,,,,none,none
7-scenes-redkitchen,22,57,0.23281071370243345,0.1249999999999995,0.0505,1,0,,,,,,,,,,,,,,,,,,,,,,,,,,,,,,,,,none,none
7-scenes-redkitchen,22,58,0.330801894496162,0.2773437499999989,0.1865,1,1,,,,,,,,,,,,,,,,,,,,,,,,,,,,,,,,,none,none
7-scenes-redkitchen,22,59,0.319369590070227,0.28515624999999883,0.187,1,1,,,,,,,,,,,,,,,,,,,,,,,,,,,,,,,,,none,none
7-scenes-redkitchen,23,25,0.2529580936729663,0.28906249999999883,0.257,1,0,,,,,,,,,,,,,,,,,,,,,,,,,,,,,,,,,none,none
7-scenes-redkitchen,23,37,0.2883319638455218,0.3203124999999987,0.076,1,0,,,,,,,,,,,,,,,,,,,,,,,,,,,,,,,,,none,none
7-scenes-redkitchen,23,38,0.15694330320460148,0.007812499999999969,0.0,1,0,,,,,,,,,,,,,,,,,,,,,,,,,,,,,,,,,none,none
7-scenes-redkitchen,23,39,0.1851684470008217,0.26171874999999895,0.093,1,0,,,,,,,,,,,,,,,,,,,,,,,,,,,,,,,,,none,none
7-scenes-redkitchen,23,53,0.22021364009860311,0.22656249999999908,0.112,1,0,,,,,,,,,,,,,,,,,,,,,,,,,,,,,,,,,none,none
7-scenes-redkitchen,23,56,0.46548890714872637,0.4453124999999982,0.145,1,1,,,,,,,,,,,,,,,,,,,,,,,,,,,,,,,,,none,none
7-scenes-redkitchen,23,57,0.257025472473295,0.015624999999999938,0.004,1,0,,,,,,,,,,,,,,,,,,,,,,,,,,,,,,,,,none,none
7-scenes-redkitchen,23,58,0.35205423171733774,0.3242187499999987,0.1665,1,1,,,,,,,,,,,,,,,,,,,,,,,,,,,,,,,,,none,none
7-scenes-redkitchen,23,59,0.35447822514379623,0.6757812499999973,0.517,1,1,,,,,,,,,,,,,,,,,,,,,,,,,,,,,,,,,none,none
7-scenes-redkitchen,24,38,0.337940379403794,0.746093749999997,0.5555,1,1,,,,,,,,,,,,,,,,,,,,,,,,,,,,,,,,,none,none
7-scenes-redkitchen,24,39,0.44227642276422763,0.8867187499999964,0.718,1,1,,,,,,,,,,,,,,,,,,,,,,,,,,,,,,,,,none,none
7-scenes-redkitchen,24,48,0.1531616982836495,0.08984374999999964,0.028,1,0,,,,,,,,,,,,,,,,,,,,,,,,,,,,,,,,,none,none
7-scenes-redkitchen,24,49,0.22393857271906054,0.21874999999999914,0.068,1,0,,,,,,,,,,,,,,,,,,,,,,,,,,,,,,,,,none,none
7-scenes-redkitchen,24,52,0.18739837398373985,0.1562499999999994,0.087,1,1,,,,,,,,,,,,,,,,,,,,,,,,,,,,,,,,,none,none
7-scenes-redkitchen,24,56,0.49652213188798555,0.6757812499999973,0.2175,1,1,,,,,,,,,,,,,,,,,,,,,,,,,,,,,,,,,none,none
7-scenes-redkitchen,24,57,0.3539747064137308,0.6679687499999973,0.36,1,1,,,,,,,,,,,,,,,,,,,,,,,,,,,,,,,,,none,none
7-scenes-redkitchen,25,27,0.38592683037127484,0.6210937499999976,0.5275,1,1,,,,,,,,,,,,,,,,,,,,,,,,,,,,,,,,,none,none
7-scenes-redkitchen,25,34,0.16605616605616605,0.23828124999999906,0.212,1,0,,,,,,,,,,,,,,,,,,,,,,,,,,,,,,,,,none,none
7-scenes-redkitchen,25,46,0.16976439198661422,0.04687499999999981,0.0235,1,0,,,,,,,,,,,,,,,,,,,,,,,,,,,,,,,,,none,none
7-scenes-redkitchen,25,47,0.2156649934427712,0.5820312499999977,0.468,1,1,,,,,,,,,,,,,,,,,,,,,,,,,,,,,,,,,none,none
7-scenes-redkitchen,25,48,0.2701126034459368,0.5390624999999979,0.4815,1,1,,,,,,,,,,,,,,,,,,,,,,,,,,,,,,,,,none,none
7-scenes-redkitchen,25,49,0.3203545425767648,0.6757812499999973,0.5615,1,1,,,,,,,,,,,,,,,,,,,,,,,,,,,,,,,,,none,none
7-scenes-redkitchen,25,50,0.26663048885271107,0.249999999999999,0.25,1,1,,,,,,,,,,,,,,,,,,,,,,,,,,,,,,,,,none,none
7-scenes-redkitchen,25,52,0.30918464251797584,0.7343749999999971,0.619,1,1,,,,,,,,,,,,,,,,,,,,,,,,,,,,,,,,,none,none
7-scenes-redkitchen,25,56,0.35644191199746755,0.5507812499999978,0.406,1,1,,,,,,,,,,,,,,,,,,,,,,,,,,,,,,,,,none,none
7-scenes-redkitchen,25,57,0.33374033374033374,0.7851562499999969,0.627,1,1,,,,,,,,,,,,,,,,,,,,,,,,,,,,,,,,,none,none
7-scenes-redkitchen,26,28,0.38299260548064373,0.499999999999998,0.3505,1,1,,,,,,,,,,,,,,,,,,,,,,,,,,,,,,,,,none,none
7-scenes-redkitchen,26,29,0.22683775554588953,0.511718749999998,0.374,1,1,,,,,,,,,,,,,,,,,,,,,,,,,,,,,,,,,none,none
7-scenes-redkitchen,26,30,0.10434971726837755,0.07421874999999971,0.034,1,1,,,,,,,,,,,,,,,,,,,,,,,,,,,,,,,,,none,none
7-scenes-redkitchen,26,34,0.19686820356676815,0.6367187499999974,0.517,1,1,,,,,,,,,,,,,,,,,,,,,,,,,,,,,,,,,none,none
7-scenes-redkitchen,26,35,0.33458025228360155,0.7890624999999969,0.696,1,1,,,,,,,,,,,,,,,,,,,,,,,,,,,,,,,,,none,none
7-scenes-redkitchen,26,40,0.3136581122227055,0.1562499999999994,0.07,1,1,,,,,,,,,,,,,,,,,,,,,,,,,,,,,,,,,none,none
7-scenes-redkitchen,26,41,0.24632448890822098,0.19531249999999922,0.101,1,1,,,,,,,,,,,,,,,,,,,,,,,,,,,,,,,,,none,none
7-scenes-redkitchen,26,42,0.228099173553719,0.38671874999999845,0.258,1,1,,,,,,,,,,,,,,,,,,,,,,,,,,,,,,,,,none,none
7-scenes-redkitchen,26,43,0.19708568943018703,0.45312499999999817,0.279,1,1,,,,,,,,,,,,,,,,,,,,,,,,,,,,,,,,,none,none
7-scenes-redkitchen,26,44,0.1998260113092649,0.6054687499999976,0.425,1,1,,,,,,,,,,,,,,,,,,,,,,,,,,,,,,,,,none,none
7-scenes-redkitchen,26,45,0.21252718573292737,0.3515624999999986,0.3345,1,1,,,,,,,,,,,,,,,,,,,,,,,,,,,,,,,,,none,none
7-scenes-redkitchen,26,46,0.22227055241409308,0.6796874999999973,0.5745,1,1,,,,,,,,,,,,,,,,,,,,,,,,,,,,,,,,,none,none
7-scenes-redkitchen,26,47,0.2160069595476294,0.6445312499999974,0.5435,1,1,,,,,,,,,,,,,,,,,,,,,,,,,,,,,,,,,none,none
7-scenes-redkitchen,26,48,0.19504132231404958,0.6406249999999974,0.5685,1,1,,,,,,,,,,,,,,,,,,,,,,,,,,,,,,,,,none,none
7-scenes-redkitchen,26,49,0.1896911700739452,0.7109374999999971,0.6475,1,1,,,,,,,,,,,,,,,,,,,,,,,,,,,,,,,,,none,none
7-scenes-redkitchen,26,50,0.21217920835145715,0.6171874999999976,0.5315,1,1,,,,,,,,,,,,,,,,,,,,,,,,,,,,,,,,,none,none
7-scenes-redkitchen,26,51,0.15793823401478904,0.39453124999999845,0.2765,1,1,,,,,,,,,,,,,,,,,,,,,,,,,,,,,,,,,none,none
7-scenes-redkitchen,26,52,0.23919095258808176,0.6796874999999973,0.664,1,1,,,,,,,,,,,,,,,,,,,,,,,,,,,,,,,,,none,none
7-scenes-redkitchen,26,53,0.23945193562418443,0.7890624999999969,0.6855,1,1,,,,,,,,,,,,,,,,,,,,,,,,,,,,,,,,,none,none
7-scenes-redkitchen,26,54,0.31083079599826013,0.8281249999999967,0.707,1,1,,,,,,,,,,,,,,,,,,,,,,,,,,,,,,,,,none,none
7-scenes-redkitchen,26,55,0.2658547194432362,0.6445312499999974,0.534,1,1,,,,,,,,,,,,,,,,,,,,,,,,,,,,,,,,,none,none
7-scenes-redkitchen,26,56,0.21774684645498044,0.5859374999999977,0.448,1,1,,,,,,,,,,,,,,,,,,,,,,,,,,,,,,,,,none,none
7-scenes-redkitchen,26,57,0.25484993475424095,0.7070312499999972,0.614,1,1,,,,,,,,,,,,,,,,,,,,,,,,,,,,,,,,,none,none
7-scenes-redkitchen,26,58,0.2968682035667682,0.7187499999999971,0.6045,1,1,,,,,,,,,,,,,,,,,,,,,,,,,,,,,,,,,none,none
7-scenes-redkitchen,26,59,0.38421052631578945,0.7929687499999968,0.593,1,1,,,,,,,,,,,,,,,,,,,,,,,,,,,,,,,,,none,none
7-scenes-redkitchen,27,30,0.41904389272248704,0.8320312499999967,0.688,1,1,,,,,,,,,,,,,,,,,,,,,,,,,,,,,,,,,none,none
7-scenes-redkitchen,27,31,0.318240022764459,0.742187499999997,0.5325,1,1,,,,,,,,,,,,,,,,,,,,,,,,,,,,,,,,,none,none
7-scenes-redkitchen,27,32,0.23027673045457778,0.6093749999999976,0.3765,1,1,,,,,,,,,,,,,,,,,,,,,,,,,,,,,,,,,none,none
7-scenes-redkitchen,27,36,0.22725332574518034,0.5546874999999978,0.478,1,1,,,,,,,,,,,,,,,,,,,,,,,,,,,,,,,,,none,none
7-scenes-redkitchen,27,37,0.35213772497687984,0.7695312499999969,0.684,1,1,,,,,,,,,,,,,,,,,,,,,,,,,,,,,,,,,none,none
7-scenes-redkitchen,27,38,0.33175642028882407,0.749999999999997,0.6775,1,1,,,,,,,,,,,,,,,,,,,,,,,,,,,,,,,,,none,none
7-scenes-redkitchen,27,39,0.28078537383509994,0.6562499999999973,0.6105,1,1,,,,,,,,,,,,,,,,,,,,,,,,,,,,,,,,,none,none
7-scenes-redkitchen,27,41,0.5014227786867753,0.7812499999999969,0.648,1,1,,,,,,,,,,,,,,,,,,,,,,,,,,,,,,,,,none,none
7-scenes-redkitchen,27,42,0.38084228498257094,0.5976562499999976,0.4765,1,1,,,,,,,,,,,,,,,,,,,,,,,,,,,,,,,,,none,none
7-scenes-redkitchen,27,43,0.3183823006331365,0.39453124999999845,0.3765,1,1,,,,,,,,,,,,,,,,,,,,,,,,,,,,,,,,,none,none
7-scenes-redkitchen,27,44,0.2509425908799886,0.23828124999999906,0.295,1,1,,,,,,,,,,,,,,,,,,,,,,,,,,,,,,,,,none,none
7-scenes-redkitchen,27,45,0.18577932702568115,0.24218749999999903,0.2725,1,1,,,,,,,,,,,,,,,,,,,,,,,,,,,,,,,,,none,none
7-scenes-redkitchen,27,59,0.23959593085295583,0.1249999999999995,0.0885,1,0,,,,,,,,,,,,,,,,,,,,,,,,,,,,,,,,,none,none
7-scenes-redkitchen,28,32,0.32782315254071503,0.6953124999999972,0.43,1,1,,,,,,,,,,,,,,,,,,,,,,,,,,,,,,,,,none,none
7-scenes-redkitchen,28,37,0.21807600136939403,0.4687499999999981,0.393,1,1,,,,,,,,,,,,,,,,,,,,,,,,,,,,,,,,,none,none
7-scenes-redkitchen,28,38,0.22947131608548932,0.32812499999999867,0.354,1,1,,,,,,,,,,,,,,,,,,,,,,,,,,,,,,,,,none,none
7-scenes-redkitchen,28,43,0.3558957304250012,0.8281249999999967,0.724,1,1,,,,,,,,,,,,,,,,,,,,,,,,,,,,,,,,,none,none
7-scenes-redkitchen,28,44,0.2671785592018389,0.6992187499999972,0.6915,1,1,,,,,,,,,,,,,,,,,,,,,,,,,,,,,,,,,none,none
7-scenes-redkitchen,28,45,0.16941360590795715,0.39062499999999845,0.439,1,1,,,,,,,,,,,,,,,,,,,,,,,,,,,,,,,,,none,none
7-scenes-redkitchen,29,32,0.31099427658724876,0.499999999999998,0.312,1,1,,,,,,,,,,,,,,,,,,,,,,,,,,,,,,,,,none,none
7-scenes-redkitchen,29,44,0.373552508984427,0.8476562499999966,0.8195,1,1,,,,,,,,,,,,,,,,,,,,,,,,,,,,,,,,,none,none
7-scenes-redkitchen,29,45,0.2247437774524158,0.5859374999999977,0.646,1,1,,,,,,,,,,,,,,,,,,,,,,,,,,,,,,,,,none,none
7-scenes-redkitchen,30,33,0.13786864483444908,0.1718749999999993,0.0615,1,1,,,,,,,,,,,,,,,,,,,,,,,,,,,,,,,,,none,none
7-scenes-redkitchen,30,44,0.31707979012122306,0.6171874999999976,0.6315,1,1,,,,,,,,,,,,,,,,,,,,,,,,,,,,,,,,,none,none
7-scenes-redkitchen,31,40,0.4517463996027148,0.5429687499999978,0.4945,1,1,,,,,,,,,,,,,,,,,,,,,,,,,,,,,,,,,none,none
7-scenes-redkitchen,31,41,0.3602052640291343,0.5546874999999978,0.4045,1,1,,,,,,,,,,,,,,,,,,,,,,,,,,,,,,,,,none,none
7-scenes-redkitchen,31,42,0.26047012084092036,0.4726562499999981,0.4035,1,1,,,,,,,,,,,,,,,,,,,,,,,,,,,,,,,,,none,none
7-scenes-redkitchen,31,43,0.18970369144181426,0.3124999999999988,0.2935,1,1,,,,,,,,,,,,,,,,,,,,,,,,,,,,,,,,,none,none
7-scenes-redkitchen,32,34,0.2291968686575819,0.5546874999999978,0.565,1,1,,,,,,,,,,,,,,,,,,,,,,,,,,,,,,,,,none,none
7-scenes-redkitchen,32,38,0.21861409104088142,0.503906249999998,0.495,1,1,,,,,,,,,,,,,,,,,,,,,,,,,,,,,,,,,none,none
7-scenes-redkitchen,32,39,0.20940852420991593,0.511718749999998,0.526,1,1,,,,,,,,,,,,,,,,,,,,,,,,,,,,,,,,,none,none
7-scenes-redkitchen,32,40,0.220063786604813,0.5781249999999977,0.3855,1,1,,,,,,,,,,,,,,,,,,,,,,,,,,,,,,,,,none,none
7-scenes-redkitchen,33,37,0.16333313191129373,0.21874999999999914,0.206,1,1,,,,,,,,,,,,,,,,,,,,,,,,,,,,,,,,,none,none
7-scenes-redkitchen,33,38,0.25209982476282555,0.48828124999999806,0.277,1,1,,,,,,,,,,,,,,,,,,,,,,,,,,,,,,,,,none,none
7-scenes-redkitchen,33,39,0.25669224726569584,0.4257812499999983,0.317,1,1,,,,,,,,,,,,,,,,,,,,,,,,,,,,,,,,,none,none
7-scenes-redkitchen,33,56,0.1365037162366306,0.19531249999999922,0.078,1,0,,,,,,,,,,,,,,,,,,,,,,,,,,,,,,,,,none,none
7-scenes-redkitchen,33,57,0.13916248715934498,0.1015624999999996,0.02,1,0,,,,,,,,,,,,,,,,,,,,,,,,,,,,,,,,,none,none
7-scenes-redkitchen,33,58,0.12502265997945494,0.031249999999999875,0.0135,1,0,,,,,,,,,,,,,,,,,,,,,,,,,,,,,,,,,none,none
7-scenes-redkitchen,34,35,0.32070949185043146,0.6835937499999972,0.6965,1,0,,,,,,,,,,,,,,,,,,,,,,,,,,,,,,,,,none,none
7-scenes-redkitchen,34,36,0.23709080947815367,0.46484374999999817,0.4305,1,1,,,,,,,,,,,,,,,,,,,,,,,,,,,,,,,,,none,none
7-scenes-redkitchen,34,37,0.26790850568415286,0.5781249999999977,0.5845,1,1,,,,,,,,,,,,,,,,,,,,,,,,,,,,,,,,,none,none
7-scenes-redkitchen,34,38,0.3372825640323243,0.8281249999999967,0.8,1,1,,,,,,,,,,,,,,,,,,,,,,,,,,,,,,,,,none,none
7-scenes-redkitchen,34,39,0.3650869743870703,0.8046874999999968,0.709,1,1,,,,,,,,,,,,,,,,,,,,,,,,,,,,,,,,,none,none
7-scenes-redkitchen,34,54,0.30509519243939187,0.6328124999999974,0.65,1,1,,,,,,,,,,,,,,,,,,,,,,,,,,,,,,,,,none,none
7-scenes-redkitchen,34,58,0.3900835501986029,0.746093749999997,0.5985,1,1,,,,,,,,,,,,,,,,,,,,,,,,,,,,,,,,,none,none
7-scenes-redkitchen,34,59,0.24448705656759348,0.5937499999999977,0.5095,1,1,,,,,,,,,,,,,,,,,,,,,,,,,,,,,,,,,none,none
7-scenes-redkitchen,35,38,0.28612821441506703,0.8632812499999966,0.782,1,1,,,,,,,,,,,,,,,,,,,,,,,,,,,,,,,,,none,none
7-scenes-redkitchen,35,39,0.3606181335265001,0.8554687499999966,0.8065,1,1,,,,,,,,,,,,,,,,,,,,,,,,,,,,,,,,,none,none
7-scenes-redkitchen,35,48,0.19489717896092398,0.6484374999999974,0.4885,1,1,,,,,,,,,,,,,,,,,,,,,,,,,,,,,,,,,none,none
7-scenes-redkitchen,35,49,0.25699223308785063,0.7890624999999969,0.592,1,1,,,,,,,,,,,,,,,,,,,,,,,,,,,,,,,,,none,none
7-scenes-redkitchen,35,50,0.18117429272807759,0.5624999999999978,0.4595,1,1,,,,,,,,,,,,,,,,,,,,,,,,,,,,,,,,,none,none
7-scenes-redkitchen,35,52,0.21618576200249506,0.6757812499999973,0.534,1,1,,,,,,,,,,,,,,,,,,,,,,,,,,,,,,,,,none,none
7-scenes-redkitchen,36,47,0.16777868820476805,0.5312499999999979,0.314,1,1,,,,,,,,,,,,,,,,,,,,,,,,,,,,,,,,,none,none
7-scenes-redkitchen,36,48,0.237192243162043,0.6757812499999973,0.466,1,1,,,,,,,,,,,,,,,,,,,,,,,,,,,,,,,,,none,none
7-scenes-redkitchen,36,49,0.29068633188965626,0.742187499999997,0.611,1,1,,,,,,,,,,,,,,,,,,,,,,,,,,,,,,,,,none,none
7-scenes-redkitchen,36,50,0.22681337547309688,0.5976562499999976,0.4965,1,1,,,,,,,,,,,,,,,,,,,,,,,,,,,,,,,,,none,none
7-scenes-redkitchen,36,52,0.2661828397518436,0.6835937499999972,0.5635,1,1,,,,,,,,,,,,,,,,,,,,,,,,,,,,,,,,,none,none
7-scenes-redkitchen,37,47,0.1696580469547465,0.6249999999999976,0.4745,1,1,,,,,,,,,,,,,,,,,,,,,,,,,,,,,,,,,none,none
7-scenes-redkitchen,37,48,0.24051548145627766,0.6835937499999972,0.5905,1,1,,,,,,,,,,,,,,,,,,,,,,,,,,,,,,,,,none,none
7-scenes-redkitchen,37,49,0.2873001020755359,0.7929687499999968,0.712,1,1,,,,,,,,,,,,,,,,,,,,,,,,,,,,,,,,,none,none
7-scenes-redkitchen,37,50,0.2383889077917659,0.6562499999999973,0.6675,1,1,,,,,,,,,,,,,,,,,,,,,,,,,,,,,,,,,none,none
7-scenes-redkitchen,37,52,0.2728819326301463,0.7773437499999969,0.6865,1,1,,,,,,,,,,,,,,,,,,,,,,,,,,,,,,,,,none,none
7-scenes-redkitchen,38,49,0.20104015210826529,0.042968749999999827,0.014,1,0,,,,,,,,,,,,,,,,,,,,,,,,,,,,,,,,,none,none
7-scenes-redkitchen,38,52,0.19757297841404764,0.41796874999999833,0.4125,1,1,,,,,,,,,,,,,,,,,,,,,,,,,,,,,,,,,none,none
7-scenes-redkitchen,38,53,0.3445923274801476,0.6835937499999972,0.5425,1,1,,,,,,,,,,,,,,,,,,,,,,,,,,,,,,,,,none,none
7-scenes-redkitchen,38,57,0.35997092047869367,0.8046874999999968,0.7185,1,1,,,,,,,,,,,,,,,,,,,,,,,,,,,,,,,,,none,none
7-scenes-redkitchen,39,47,0.206289592760181,0.496093749999998,0.3705,1,1,,,,,,,,,,,,,,,,,,,,,,,,,,,,,,,,,none,none
7-scenes-redkitchen,39,48,0.29411764705882354,0.6249999999999976,0.482,1,1,,,,,,,,,,,,,,,,,,,,,,,,,,,,,,,,,none,none
7-scenes-redkitchen,39,49,0.3241176470588235,0.6171874999999976,0.5425,1,1,,,,,,,,,,,,,,,,,,,,,,,,,,,,,,,,,none,none
7-scenes-redkitchen,39,50,0.2718552036199095,0.6484374999999974,0.5675,1,1,,,,,,,,,,,,,,,,,,,,,,,,,,,,,,,,,none,none
7-scenes-redkitchen,39,52,0.32257918552036197,0.7929687499999968,0.6685,1,1,,,,,,,,,,,,,,,,,,,,,,,,,,,,,,,,,none,none
7-scenes-redkitchen,39,53,0.40638009049773754,0.7734374999999969,0.6845,1,1,,,,,,,,,,,,,,,,,,,,,,,,,,,,,,,,,none,none
7-scenes-redkitchen,39,55,0.41923076923076924,0.761718749999997,0.702,1,1,,,,,,,,,,,,,,,,,,,,,,,,,,,,,,,,,none,none
7-scenes-redkitchen,39,56,0.27782805429864255,0.7968749999999968,0.716,1,1,,,,,,,,,,,,,,,,,,,,,,,,,,,,,,,,,none,none
7-scenes-redkitchen,39,57,0.23904977375565611,0.8164062499999968,0.72,1,1,,,,,,,,,,,,,,,,,,,,,,,,,,,,,,,,,none,none
7-scenes-redkitchen,40,44,0.39259328972754226,0.8476562499999966,0.7575,1,1,,,,,,,,,,,,,,,,,,,,,,,,,,,,,,,,,none,none
7-scenes-redkitchen,40,45,0.2641758034916004,0.7070312499999972,0.6045,1,1,,,,,,,,,,,,,,,,,,,,,,,,,,,,,,,,,none,none
7-scenes-redkitchen,40,46,0.18248553009270152,0.4414062499999982,0.436,1,1,,,,,,,,,,,,,,,,,,,,,,,,,,,,,,,,,none,none
7-scenes-redkitchen,41,46,0.22683393181924172,0.5156249999999979,0.45,1,1,,,,,,,,,,,,,,,,,,,,,,,,,,,,,,,,,none,none
7-scenes-redkitchen,42,46,0.30790924240481987,0.5976562499999976,0.5535,1,1,,,,,,,,,,,,,,,,,,,,,,,,,,,,,,,,,none,none
7-scenes-redkitchen,43,47,0.19502237575567244,0.03906249999999985,0.03,1,0,,,,,,,,,,,,,,,,,,,,,,,,,,,,,,,,,none,none
7-scenes-redkitchen,44,47,0.298545101842871,0.42187499999999833,0.4295,1,1,,,,,,,,,,,,,,,,,,,,,,,,,,,,,,,,,none,none
7-scenes-redkitchen,44,48,0.14830261881668283,0.21093749999999917,0.2595,1,1,,,,,,,,,,,,,,,,,,,,,,,,,,,,,,,,,none,none
7-scenes-redkitchen,45,48,0.32369115706115265,0.5546874999999978,0.5115,1,1,,,,,,,,,,,,,,,,,,,,,,,,,,,,,,,,,none,none
7-scenes-redkitchen,45,49,0.212384513858337,0.33203124999999867,0.346,1,1,,,,,,,,,,,,,,,,,,,,,,,,,,,,,,,,,none,none
7-scenes-redkitchen,45,50,0.23504179498460184,0.3749999999999985,0.4515,1,1,,,,,,,,,,,,,,,,,,,,,,,,,,,,,,,,,none,none
7-scenes-redkitchen,45,51,0.23471183457985043,0.4492187499999982,0.469,1,1,,,,,,,,,,,,,,,,,,,,,,,,,,,,,,,,,none,none
7-scenes-redkitchen,45,52,0.2245930488341399,0.3789062499999985,0.415,1,1,,,,,,,,,,,,,,,,,,,,,,,,,,,,,,,,,none,none
7-scenes-redkitchen,46,53,0.3216444981862152,0.48046874999999806,0.4455,1,1,,,,,,,,,,,,,,,,,,,,,,,,,,,,,,,,,none,none
7-scenes-redkitchen,47,54,0.2745179636565404,0.36328124999999856,0.1865,1,1,,,,,,,,,,,,,,,,,,,,,,,,,,,,,,,,,none,none
7-scenes-redkitchen,48,58,0.15258855585831063,0.08984374999999964,0.089,1,0,,,,,,,,,,,,,,,,,,,,,,,,,,,,,,,,,none,none
7-scenes-redkitchen,48,59,0.22506811989100817,0.10937499999999957,0.053,1,0,,,,,,,,,,,,,,,,,,,,,,,,,,,,,,,,,none,none
7-scenes-redkitchen,49,55,0.26413308087638626,0.3242187499999987,0.1755,1,1,,,,,,,,,,,,,,,,,,,,,,,,,,,,,,,,,none,none
7-scenes-redkitchen,49,58,0.2506086015688396,0.1562499999999994,0.091,1,0,,,,,,,,,,,,,,,,,,,,,,,,,,,,,,,,,none,none
7-scenes-redkitchen,49,59,0.2853665133892345,0.16015624999999936,0.0885,1,1,,,,,,,,,,,,,,,,,,,,,,,,,,,,,,,,,none,none
7-scenes-redkitchen,50,59,0.2510295769374766,0.12890624999999947,0.1045,1,0,,,,,,,,,,,,,,,,,,,,,,,,,,,,,,,,,none,none
7-scenes-redkitchen,51,54,0.20861961274203622,0.019531249999999924,0.026,1,0,,,,,,,,,,,,,,,,,,,,,,,,,,,,,,,,,none,none
7-scenes-redkitchen,51,59,0.16926920674578388,0.023437499999999906,0.0105,1,0,,,,,,,,,,,,,,,,,,,,,,,,,,,,,,,,,none,none
7-scenes-redkitchen,52,55,0.19832851173256189,0.09765624999999961,0.0595,1,0,,,,,,,,,,,,,,,,,,,,,,,,,,,,,,,,,none,none
7-scenes-redkitchen,52,58,0.21600771456123433,0.24609374999999903,0.2125,1,1,,,,,,,,,,,,,,,,,,,,,,,,,,,,,,,,,none,none
7-scenes-redkitchen,52,59,0.28238508518161365,0.29296874999999883,0.232,1,1,,,,,,,,,,,,,,,,,,,,,,,,,,,,,,,,,none,none
7-scenes-redkitchen,53,56,0.3365204349456318,0.3984374999999984,0.332,1,1,,,,,,,,,,,,,,,,,,,,,,,,,,,,,,,,,none,none
7-scenes-redkitchen,53,57,0.21100487439070117,0.41406249999999833,0.2985,1,1,,,,,,,,,,,,,,,,,,,,,,,,,,,,,,,,,none,none
sun3d-home_at-home_at_scan1_2013_jan_1,0,30,0.19506980254056094,0.042968749999999827,0.0,1,0,,,,,,,,,,,,,,,,,,,,,,,,,,,,,,,,,none,none
sun3d-home_at-home_at_scan1_2013_jan_1,0,31,0.3842703223913135,0.20703124999999917,0.1615,1,1,,,,,,,,,,,,,,,,,,,,,,,,,,,,,,,,,none,none
sun3d-home_at-home_at_scan1_2013_jan_1,0,33,0.3768917955812686,0.249999999999999,0.246,1,1,,,,,,,,,,,,,,,,,,,,,,,,,,,,,,,,,none,none
sun3d-home_at-home_at_scan1_2013_jan_1,0,34,0.445562403052027,0.3789062499999985,0.1915,1,1,,,,,,,,,,,,,,,,,,,,,,,,,,,,,,,,,none,none
sun3d-home_at-home_at_scan1_2013_jan_1,0,35,0.2939672158638326,0.11718749999999953,0.075,1,0,,,,,,,,,,,,,,,,,,,,,,,,,,,,,,,,,none,none
sun3d-home_at-home_at_scan1_2013_jan_1,0,36,0.44686202993334173,0.5234374999999979,0.407,1,1,,,,,,,,,,,,,,,,,,,,,,,,,,,,,,,,,none,none
sun3d-home_at-home_at_scan1_2013_jan_1,0,37,0.3897203706032784,0.5468749999999978,0.5655,1,1,,,,,,,,,,,,,,,,,,,,,,,,,,,,,,,,,none,none
sun3d-home_at-home_at_scan1_2013_jan_1,0,38,0.30277113989854526,0.503906249999998,0.4785,1,1,,,,,,,,,,,,,,,,,,,,,,,,,,,,,,,,,none,none
sun3d-home_at-home_at_scan1_2013_jan_1,0,41,0.22747662767786023,0.03906249999999985,0.025,1,0,,,,,,,,,,,,,,,,,,,,,,,,,,,,,,,,,none,none
sun3d-home_at-home_at_scan1_2013_jan_1,0,42,0.19377017565924623,0.03906249999999985,0.004,1,0,,,,,,,,,,,,,,,,,,,,,,,,,,,,,,,,,none,none
sun3d-home_at-home_at_scan1_2013_jan_1,0,47,0.36628516329182914,0.12890624999999947,0.057,1,0,,,,,,,,,,,,,,,,,,,,,,,,,,,,,,,,,none,none
sun3d-home_at-home_at_scan1_2013_jan_1,0,49,0.40015930910158054,0.1757812499999993,0.0885,1,0,,,,,,,,,,,,,,,,,,,,,,,,,,,,,,,,,none,none
sun3d-home_at-home_at_scan1_2013_jan_1,0,50,0.2796293967215864,0.2812499999999989,0.087,1,0,,,,,,,,,,,,,,,,,,,,,,,,,,,,,,,,,none,none
sun3d-home_at-home_at_scan1_2013_jan_1,0,51,0.20672452102460906,0.496093749999998,0.244,1,0,,,,,,,,,,,,,,,,,,,,,,,,,,,,,,,,,none,none
sun3d-home_at-home_at_scan1_2013_jan_1,1,3,0.29588077002690955,0.8828124999999964,0.8005,1,1,,,,,,,,,,,,,,,,,,,,,,,,,,,,,,,,,none,none
sun3d-home_at-home_at_scan1_2013_jan_1,1,31,0.2577934175119023,0.09374999999999963,0.024,1,0,,,,,,,,,,,,,,,,,,,,,,,,,,,,,,,,,none,none
sun3d-home_at-home_at_scan1_2013_jan_1,1,33,0.2560960463672118,0.058593749999999764,0.015,1,0,,,,,,,,,,,,,,,,,,,,,,,,,,,,,,,,,none,none
sun3d-home_at-home_at_scan1_2013_jan_1,1,35,0.3494100600289795,0.17968749999999928,0.136,1,0,,,,,,,,,,,,,,,,,,,,,,,,,,,,,,,,,none,none
sun3d-home_at-home_at_scan1_2013_jan_1,1,36,0.532601945766922,0.6835937499999972,0.444,1,1,,,,,,,,,,,,,,,,,,,,,,,,,,,,,,,,,none,none
sun3d-home_at-home_at_scan1_2013_jan_1,1,37,0.5393086317532602,0.8437499999999967,0.684,1,1,,,,,,,,,,,,,,,,,,,,,,,,,,,,,,,,,none,none
sun3d-home_at-home_at_scan1_2013_jan_1,1,38,0.5140964603601739,0.746093749999997,0.614,1,1,,,,,,,,,,,,,,,,,,,,,,,,,,,,,,,,,none,none
sun3d-home_at-home_at_scan1_2013_jan_1,1,39,0.22235561995446076,0.5664062499999978,0.636,1,1,,,,,,,,,,,,,,,,,,,,,,,,,,,,,,,,,none,none
sun3d-home_at-home_at_scan1_2013_jan_1,1,47,0.20144897536741876,0.0039062499999999844,0.0095,1,0,,,,,,,,,,,,,,,,,,,,,,,,,,,,,,,,,none,none
sun3d-home_at-home_at_scan1_2013_jan_1,1,48,0.4351480024839578,0.0781249999999997,0.0435,1,0,,,,,,,,,,,,,,,,,,,,,,,,,,,,,,,,,none,none
sun3d-home_at-home_at_scan1_2013_jan_1,1,49,0.4026909542537777,0.10937499999999957,0.012,1,0,,,,,,,,,,,,,,,,,,,,,,,,,,,,,,,,,none,none
sun3d-home_at-home_at_scan1_2013_jan_1,1,50,0.329041606292693,0.12109374999999951,0.05,1,0,,,,,,,,,,,,,,,,,,,,,,,,,,,,,,,,,none,none
sun3d-home_at-home_at_scan1_2013_jan_1,1,51,0.22343200165597185,0.4414062499999982,0.337,1,1,,,,,,,,,,,,,,,,,,,,,,,,,,,,,,,,,none,none
sun3d-home_at-home_at_scan1_2013_jan_1,2,3,0.264641804434192,0.8164062499999968,0.7895,1,0,,,,,,,,,,,,,,,,,,,,,,,,,,,,,,,,,none,none
sun3d-home_at-home_at_scan1_2013_jan_1,2,31,0.2269212695971635,0.11328124999999954,0.0405,1,0,,,,,,,,,,,,,,,,,,,,,,,,,,,,,,,,,none,none
sun3d-home_at-home_at_scan1_2013_jan_1,2,33,0.26088256653423897,0.08203124999999967,0.03,1,0,,,,,,,,,,,,,,,,,,,,,,,,,,,,,,,,,none,none
sun3d-home_at-home_at_scan1_2013_jan_1,2,35,0.32239736853347,0.42187499999999833,0.338,1,1,,,,,,,,,,,,,,,,,,,,,,,,,,,,,,,,,none,none
sun3d-home_at-home_at_scan1_2013_jan_1,2,37,0.5638002477679525,0.7968749999999968,0.6385,1,1,,,,,,,,,,,,,,,,,,,,,,,,,,,,,,,,,none,none
sun3d-home_at-home_at_scan1_2013_jan_1,2,39,0.24802426417189968,0.6835937499999972,0.6735,1,1,,,,,,,,,,,,,,,,,,,,,,,,,,,,,,,,,none,none
sun3d-home_at-home_at_scan1_2013_jan_1,2,48,0.419838523644752,0.054687499999999785,0.025,1,0,,,,,,,,,,,,,,,,,,,,,,,,,,,,,,,,,none,none
sun3d-home_at-home_at_scan1_2013_jan_1,2,49,0.34256055363321797,0.007812499999999969,0.0,1,0,,,,,,,,,,,,,,,,,,,,,,,,,,,,,,,,,none,none
sun3d-home_at-home_at_scan1_2013_jan_1,2,50,0.2773292323465334,0.0,0.0,1,0,,,,,,,,,,,,,,,,,,,,,,,,,,,,,,,,,none,none
sun3d-home_at-home_at_scan1_2013_jan_1,2,51,0.1541287538980734,0.0,0.0,1,0,,,,,,,,,,,,,,,,,,,,,,,,,,,,,,,,,none,none
sun3d-home_at-home_at_scan1_2013_jan_1,3,24,0.20305829387565008,0.17968749999999928,0.028,1,0,,,,,,,,,,,,,,,,,,,,,,,,,,,,,,,,,none,none
sun3d-home_at-home_at_scan1_2013_jan_1,3,25,0.1829542808352092,0.1718749999999993,0.004,1,0,,,,,,,,,,,,,,,,,,,,,,,,,,,,,,,,,none,none
sun3d-home_at-home_at_scan1_2013_jan_1,3,26,0.14422106652177288,0.13281249999999947,0.019,1,0,,,,,,,,,,,,,,,,,,,,,,,,,,,,,,,,,none,none
sun3d-home_at-home_at_scan1_2013_jan_1,3,29,0.235271287743538,0.2226562499999991,0.071,1,0,,,,,,,,,,,,,,,,,,,,,,,,,,,,,,,,,none,none
sun3d-home_at-home_at_scan1_2013_jan_1,3,30,0.33850811146472093,0.1757812499999993,0.0215,1,0,,,,,,,,,,,,,,,,,,,,,,,,,,,,,,,,,none,none
sun3d-home_at-home_at_scan1_2013_jan_1,3,32,0.2445858883800357,0.35546874999999856,0.322,1,1,,,,,,,,,,,,,,,,,,,,,,,,,,,,,,,,,none,none
sun3d-home_at-home_at_scan1_2013_jan_1,3,33,0.4339051463168517,0.45312499999999817,0.4275,1,1,,,,,,,,,,,,,,,,,,,,,,,,,,,,,,,,,none,none
sun3d-home_at-home_at_scan1_2013_jan_1,3,34,0.364821858262827,0.14453124999999942,0.169,1,0,,,,,,,,,,,,,,,,,,,,,,,,,,,,,,,,,none,none
sun3d-home_at-home_at_scan1_2013_jan_1,3,35,0.29659240860048125,0.4335937499999983,0.433,1,1,,,,,,,,,,,,,,,,,,,,,,,,,,,,,,,,,none,none
sun3d-home_at-home_at_scan1_2013_jan_1,3,36,0.35302336412326324,0.496093749999998,0.4795,1,1,,,,,,,,,,,,,,,,,,,,,,,,,,,,,,,,,none,none
sun3d-home_at-home_at_scan1_2013_jan_1,3,37,0.33742140805712956,0.507812499999998,0.529,1,1,,,,,,,,,,,,,,,,,,,,,,,,,,,,,,,,,none,none
sun3d-home_at-home_at_scan1_2013_jan_1,3,38,0.2650780097803307,0.6406249999999974,0.6245,1,1,,,,,,,,,,,,,,,,,,,,,,,,,,,,,,,,,none,none
sun3d-home_at-home_at_scan1_2013_jan_1,3,40,0.15749437242878211,0.23046874999999908,0.3175,1,1,,,,,,,,,,,,,,,,,,,,,,,,,,,,,,,,,none,none
sun3d-home_at-home_at_scan1_2013_jan_1,3,41,0.3365675696654506,0.48046874999999806,0.4975,1,1,,,,,,,,,,,,,,,,,,,,,,,,,,,,,,,,,none,none
sun3d-home_at-home_at_scan1_2013_jan_1,3,42,0.2660870915159513,0.07031249999999972,0.149,1,1,,,,,,,,,,,,,,,,,,,,,,,,,,,,,,,,,none,none
sun3d-home_at-home_at_scan1_2013_jan_1,3,44,0.17798649382907708,0.3085937499999988,0.34,1,1,,,,,,,,,,,,,,,,,,,,,,,,,,,,,,,,,none,none
sun3d-home_at-home_at_scan1_2013_jan_1,3,45,0.1928122331755026,0.2812499999999989,0.25,1,1,,,,,,,,,,,,,,,,,,,,,,,,,,,,,,,,,none,none
sun3d-home_at-home_at_scan1_2013_jan_1,3,46,0.19188077311185284,0.027343749999999892,0.0855,1,0,,,,,,,,,,,,,,,,,,,,,,,,,,,,,,,,,none,none
sun3d-home_at-home_at_scan1_2013_jan_1,3,48,0.44686796553597763,0.015624999999999938,0.0125,1,0,,,,,,,,,,,,,,,,,,,,,,,,,,,,,,,,,none,none
sun3d-home_at-home_at_scan1_2013_jan_1,3,49,0.26500038810835985,0.08984374999999964,0.0645,1,0,,,,,,,,,,,,,,,,,,,,,,,,,,,,,,,,,none,none
sun3d-home_at-home_at_scan1_2013_jan_1,4,8,0.2645410387345871,0.3242187499999987,0.232,1,1,,,,,,,,,,,,,,,,,,,,,,,,,,,,,,,,,none,none
sun3d-home_at-home_at_scan1_2013_jan_1,4,24,0.2646655872462324,0.21484374999999914,0.027,1,0,,,,,,,,,,,,,,,,,,,,,,,,,,,,,,,,,none,none
sun3d-home_at-home_at_scan1_2013_jan_1,4,25,0.25470170631460953,0.16406249999999933,0.0275,1,0,,,,,,,,,,,,,,,,,,,,,,,,,,,,,,,,,none,none
sun3d-home_at-home_at_scan1_2013_jan_1,4,26,0.20581641549383484,0.058593749999999764,0.002,1,0,,,,,,,,,,,,,,,,,,,,,,,,,,,,,,,,,none,none
sun3d-home_at-home_at_scan1_2013_jan_1,4,29,0.27911321459708555,0.16796874999999933,0.019,1,0,,,,,,,,,,,,,,,,,,,,,,,,,,,,,,,,,none,none
sun3d-home_at-home_at_scan1_2013_jan_1,4,30,0.33073857267405654,0.1718749999999993,0.051,1,0,,,,,,,,,,,,,,,,,,,,,,,,,,,,,,,,,none,none
sun3d-home_at-home_at_scan1_2013_jan_1,4,31,0.2537675924772699,0.058593749999999764,0.001,1,0,,,,,,,,,,,,,,,,,,,,,,,,,,,,,,,,,none,none
sun3d-home_at-home_at_scan1_2013_jan_1,4,32,0.21235521235521235,0.042968749999999827,0.0085,1,0,,,,,,,,,,,,,,,,,,,,,,,,,,,,,,,,,none,none
sun3d-home_at-home_at_scan1_2013_jan_1,4,42,0.3225806451612903,0.019531249999999924,0.0015,1,0,,,,,,,,,,,,,,,,,,,,,,,,,,,,,,,,,none,none
sun3d-home_at-home_at_scan1_2013_jan_1,4,44,0.38311122182089924,0.2031249999999992,0.1315,1,1,,,,,,,,,,,,,,,,,,,,,,,,,,,,,,,,,none,none
sun3d-home_at-home_at_scan1_2013_jan_1,4,45,0.4295055424087682,0.16796874999999933,0.0805,1,0,,,,,,,,,,,,,,,,,,,,,,,,,,,,,,,,,none,none
sun3d-home_at-home_at_scan1_2013_jan_1,4,47,0.24922157180221696,0.058593749999999764,0.0195,1,0,,,,,,,,,,,,,,,,,,,,,,,,,,,,,,,,,none,none
sun3d-home_at-home_at_scan1_2013_jan_1,5,6,0.17891288000859384,0.507812499999998,0.508,1,0,,,,,,,,,,,,,,,,,,,,,,,,,,,,,,,,,none,none
sun3d-home_at-home_at_scan1_2013_jan_1,5,11,0.20480180470512407,0.45312499999999817,0.3905,1,1,,,,,,,,,,,,,,,,,,,,,,,,,,,,,,,,,none,none
sun3d-home_at-home_at_scan1_2013_jan_1,5,15,0.3075518315608551,0.4023437499999984,0.226,1,1,,,,,,,,,,,,,,,,,,,,,,,,,,,,,,,,,none,none
sun3d-home_at-home_at_scan1_2013_jan_1,5,40,0.16639810935653668,0.1757812499999993,0.131,1,0,,,,,,,,,,,,,,,,,,,,,,,,,,,,,,,,,none,none
sun3d-home_at-home_at_scan1_2013_jan_1,6,8,0.34505032296830407,0.48437499999999806,0.2915,1,1,,,,,,,,,,,,,,,,,,,,,,,,,,,,,,,,,none,none
sun3d-home_at-home_at_scan1_2013_jan_1,6,9,0.2558209403635271,0.10937499999999957,0.091,1,0,,,,,,,,,,,,,,,,,,,,,,,,,,,,,,,,,none,none
sun3d-home_at-home_at_scan1_2013_jan_1,6,10,0.20767613038906416,0.0,0.0,1,0,,,,,,,,,,,,,,,,,,,,,,,,,,,,,,,,,none,none
sun3d-home_at-home_at_scan1_2013_jan_1,6,24,0.3373141054529067,0.21484374999999914,0.0565,1,0,,,,,,,,,,,,,,,,,,,,,,,,,,,,,,,,,none,none
sun3d-home_at-home_at_scan1_2013_jan_1,6,25,0.3441490160733063,0.24218749999999903,0.0905,1,0,,,,,,,,,,,,,,,,,,,,,,,,,,,,,,,,,none,none
sun3d-home_at-home_at_scan1_2013_jan_1,6,26,0.26596064293225175,0.1992187499999992,0.047,1,0,,,,,,,,,,,,,,,,,,,,,,,,,,,,,,,,,none,none
sun3d-home_at-home_at_scan1_2013_jan_1,6,29,0.3669821240799159,0.26562499999999895,0.083,1,0,,,,,,,,,,,,,,,,,,,,,,,,,,,,,,,,,none,none
sun3d-home_at-home_at_scan1_2013_jan_1,6,30,0.42541685443893645,0.3085937499999988,0.081,1,0,,,,,,,,,,,,,,,,,,,,,,,,,,,,,,,,,none,none
sun3d-home_at-home_at_scan1_2013_jan_1,6,31,0.28736668168844826,0.10937499999999957,0.0,1,0,,,,,,,,,,,,,,,,,,,,,,,,,,,,,,,,,none,none
sun3d-home_at-home_at_scan1_2013_jan_1,6,42,0.337990085624155,0.031249999999999875,0.0105,1,0,,,,,,,,,,,,,,,,,,,,,,,,,,,,,,,,,none,none
sun3d-home_at-home_at_scan1_2013_jan_1,6,43,0.3669070151719994,0.13281249999999947,0.098,1,1,,,,,,,,,,,,,,,,,,,,,,,,,,,,,,,,,none,none
sun3d-home_at-home_at_scan1_2013_jan_1,6,44,0.4692804566621601,0.249999999999999,0.148,1,0,,,,,,,,,,,,,,,,,,,,,,,,,,,,,,,,,none,none
sun3d-home_at-home_at_scan1_2013_jan_1,6,45,0.5256121375995193,0.13671874999999944,0.0535,1,0,,,,,,,,,,,,,,,,,,,,,,,,,,,,,,,,,none,none
sun3d-home_at-home_at_scan1_2013_jan_1,6,46,0.2712182664864053,0.007812499999999969,0.01,1,0,,,,,,,,,,,,,,,,,,,,,,,,,,,,,,,,,none,none
sun3d-home_at-home_at_scan1_2013_jan_1,6,47,0.30381553252215715,0.10937499999999957,0.0225,1,0,,,,,,,,,,,,,,,,,,,,,,,,,,,,,,,,,none,none
sun3d-home_at-home_at_scan1_2013_jan_1,7,9,0.37208465303771954,0.5624999999999978,0.507,1,1,,,,,,,,,,,,,,,,,,,,,,,,,,,,,,,,,none,none
sun3d-home_at-home_at_scan1_2013_jan_1,7,10,0.2541030809098762,0.14843749999999942,0.1535,1,1,,,,,,,,,,,,,,,,,,,,,,,,,,,,,,,,,none,none
sun3d-home_at-home_at_scan1_2013_jan_1,7,24,0.3745321048085229,0.38281249999999845,0.148,1,0,,,,,,,,,,,,,,,,,,,,,,,,,,,,,,,,,none,none
sun3d-home_at-home_at_scan1_2013_jan_1,7,25,0.3521451194932335,0.26953124999999895,0.1025,1,0,,,,,,,,,,,,,,,,,,,,,,,,,,,,,,,,,none,none
sun3d-home_at-home_at_scan1_2013_jan_1,7,26,0.30801900374316155,0.25781249999999895,0.108,1,0,,,,,,,,,,,,,,,,,,,,,,,,,,,,,,,,,none,none
sun3d-home_at-home_at_scan1_2013_jan_1,7,28,0.2158076590843651,0.24218749999999903,0.067,1,0,,,,,,,,,,,,,,,,,,,,,,,,,,,,,,,,,none,none
sun3d-home_at-home_at_scan1_2013_jan_1,7,29,0.4246328822343795,0.4062499999999984,0.1565,1,0,,,,,,,,,,,,,,,,,,,,,,,,,,,,,,,,,none,none
sun3d-home_at-home_at_scan1_2013_jan_1,7,30,0.38878491217967176,0.4023437499999984,0.1165,1,0,,,,,,,,,,,,,,,,,,,,,,,,,,,,,,,,,none,none
sun3d-home_at-home_at_scan1_2013_jan_1,7,31,0.20889720702562625,0.13281249999999947,0.0115,1,0,,,,,,,,,,,,,,,,,,,,,,,,,,,,,,,,,none,none
sun3d-home_at-home_at_scan1_2013_jan_1,7,43,0.33011805355600343,0.3476562499999986,0.3235,1,1,,,,,,,,,,,,,,,,,,,,,,,,,,,,,,,,,none,none
sun3d-home_at-home_at_scan1_2013_jan_1,7,44,0.34811402245896916,0.36718749999999856,0.3685,1,1,,,,,,,,,,,,,,,,,,,,,,,,,,,,,,,,,none,none
sun3d-home_at-home_at_scan1_2013_jan_1,7,45,0.38223437949899225,0.5507812499999978,0.4365,1,1,,,,,,,,,,,,,,,,,,,,,,,,,,,,,,,,,none,none
sun3d-home_at-home_at_scan1_2013_jan_1,7,47,0.18391880218830983,0.3710937499999985,0.2425,1,1,,,,,,,,,,,,,,,,,,,,,,,,,,,,,,,,,none,none
sun3d-home_at-home_at_scan1_2013_jan_1,8,11,0.14635661666814592,0.12109374999999951,0.0135,1,0,,,,,,,,,,,,,,,,,,,,,,,,,,,,,,,,,none,none
sun3d-home_at-home_at_scan1_2013_jan_1,8,25,0.3734800745540073,0.46484374999999817,0.2825,1,0,,,,,,,,,,,,,,,,,,,,,,,,,,,,,,,,,none,none
sun3d-home_at-home_at_scan1_2013_jan_1,8,30,0.38776959261560306,0.41406249999999833,0.2415,1,1,,,,,,,,,,,,,,,,,,,,,,,,,,,,,,,,,none,none
sun3d-home_at-home_at_scan1_2013_jan_1,8,44,0.2395491257655099,0.3164062499999987,0.182,1,1,,,,,,,,,,,,,,,,,,,,,,,,,,,,,,,,,none,none
sun3d-home_at-home_at_scan1_2013_jan_1,8,45,0.29617466938847964,0.3164062499999987,0.1855,1,1,,,,,,,,,,,,,,,,,,,,,,,,,,,,,,,,,none,none
sun3d-home_at-home_at_scan1_2013_jan_1,9,11,0.25131548844657975,0.6835937499999972,0.6305,1,1,,,,,,,,,,,,,,,,,,,,,,,,,,,,,,,,,none,none
sun3d-home_at-home_at_scan1_2013_jan_1,9,24,0.27962708762296956,0.3710937499999985,0.2395,1,0,,,,,,,,,,,,,,,,,,,,,,,,,,,,,,,,,none,none
sun3d-home_at-home_at_scan1_2013_jan_1,9,26,0.2645275680622283,0.21484374999999914,0.083,1,0,,,,,,,,,,,,,,,,,,,,,,,,,,,,,,,,,none,none
sun3d-home_at-home_at_scan1_2013_jan_1,9,28,0.36044383436284605,0.29687499999999883,0.1,1,0,,,,,,,,,,,,,,,,,,,,,,,,,,,,,,,,,none,none
sun3d-home_at-home_at_scan1_2013_jan_1,9,29,0.39436055822466254,0.36328124999999856,0.199,1,1,,,,,,,,,,,,,,,,,,,,,,,,,,,,,,,,,none,none
sun3d-home_at-home_at_scan1_2013_jan_1,9,30,0.2312971859986273,0.29296874999999883,0.144,1,0,,,,,,,,,,,,,,,,,,,,,,,,,,,,,,,,,none,none
sun3d-home_at-home_at_scan1_2013_jan_1,9,43,0.2175703500343171,0.49218749999999806,0.5165,1,1,,,,,,,,,,,,,,,,,,,,,,,,,,,,,,,,,none,none
sun3d-home_at-home_at_scan1_2013_jan_1,9,44,0.25440402653854954,0.6289062499999974,0.484,1,1,,,,,,,,,,,,,,,,,,,,,,,,,,,,,,,,,none,none
sun3d-home_at-home_at_scan1_2013_jan_1,9,45,0.2832875772134523,0.7226562499999971,0.559,1,1,,,,,,,,,,,,,,,,,,,,,,,,,,,,,,,,,none,none
sun3d-home_at-home_at_scan1_2013_jan_1,10,12,0.3191519839564532,0.8906249999999964,0.783,1,1,,,,,,,,,,,,,,,,,,,,,,,,,,,,,,,,,none,none
sun3d-home_at-home_at_scan1_2013_jan_1,10,13,0.2011650670868548,0.6328124999999974,0.531,1,1,,,,,,,,,,,,,,,,,,,,,,,,,,,,,,,,,none,none
sun3d-home_at-home_at_scan1_2013_jan_1,10,15,0.18115838227570072,0.6992187499999972,0.5045,1,1,,,,,,,,,,,,,,,,,,,,,,,,,,,,,,,,,none,none
sun3d-home_at-home_at_scan1_2013_jan_1,10,17,0.25378408059972307,0.5429687499999978,0.397,1,1,,,,,,,,,,,,,,,,,,,,,,,,,,,,,,,,,none,none
sun3d-home_at-home_at_scan1_2013_jan_1,10,22,0.25282910757771093,0.6445312499999974,0.407,1,1,,,,,,,,,,,,,,,,,,,,,,,,,,,,,,,,,none,none
sun3d-home_at-home_at_scan1_2013_jan_1,10,28,0.192283817982142,0.19140624999999922,0.081,1,1,,,,,,,,,,,,,,,,,,,,,,,,,,,,,,,,,none,none
sun3d-home_at-home_at_scan1_2013_jan_1,10,29,0.24676502888793392,0.6640624999999973,0.308,1,1,,,,,,,,,,,,,,,,,,,,,,,,,,,,,,,,,none,none
sun3d-home_at-home_at_scan1_2013_jan_1,10,43,0.25149214534689396,0.7734374999999969,0.752,1,1,,,,,,,,,,,,,,,,,,,,,,,,,,,,,,,,,none,none
sun3d-home_at-home_at_scan1_2013_jan_1,10,44,0.29231724203791243,0.7929687499999968,0.7195,1,1,,,,,,,,,,,,,,,,,,,,,,,,,,,,,,,,,none,none
sun3d-home_at-home_at_scan1_2013_jan_1,10,45,0.28806761208995846,0.8242187499999967,0.6745,1,1,,,,,,,,,,,,,,,,,,,,,,,,,,,,,,,,,none,none
sun3d-home_at-home_at_scan1_2013_jan_1,11,13,0.38957837470248213,0.9531249999999962,0.8585,1,1,,,,,,,,,,,,,,,,,,,,,,,,,,,,,,,,,none,none
sun3d-home_at-home_at_scan1_2013_jan_1,11,18,0.2583304998299898,0.8593749999999966,0.7935,1,1,,,,,,,,,,,,,,,,,,,,,,,,,,,,,,,,,none,none
sun3d-home_at-home_at_scan1_2013_jan_1,11,20,0.2106426385583135,0.6679687499999973,0.545,1,1,,,,,,,,,,,,,,,,,,,,,,,,,,,,,,,,,none,none
sun3d-home_at-home_at_scan1_2013_jan_1,11,21,0.34231553893233596,0.9062499999999963,0.766,1,1,,,,,,,,,,,,,,,,,,,,,,,,,,,,,,,,,none,none
sun3d-home_at-home_at_scan1_2013_jan_1,11,22,0.3417205032301938,0.9218749999999963,0.7685,1,1,,,,,,,,,,,,,,,,,,,,,,,,,,,,,,,,,none,none
sun3d-home_at-home_at_scan1_2013_jan_1,11,23,0.16724753485209112,0.5156249999999979,0.3835,1,1,,,,,,,,,,,,,,,,,,,,,,,,,,,,,,,,,none,none
sun3d-home_at-home_at_scan1_2013_jan_1,11,44,0.16622747364841892,0.6054687499999976,0.573,1,1,,,,,,,,,,,,,,,,,,,,,,,,,,,,,,,,,none,none
sun3d-home_at-home_at_scan1_2013_jan_1,11,45,0.16027711662699762,0.5546874999999978,0.5505,1,1,,,,,,,,,,,,,,,,,,,,,,,,,,,,,,,,,none,none
sun3d-home_at-home_at_scan1_2013_jan_1,12,19,0.24773907462512398,0.6093749999999976,0.626,1,1,,,,,,,,,,,,,,,,,,,,,,,,,,,,,,,,,none,none
sun3d-home_at-home_at_scan1_2013_jan_1,12,20,0.37055837563451777,0.7968749999999968,0.735,1,1,,,,,,,,,,,,,,,,,,,,,,,,,,,,,,,,,none,none
sun3d-home_at-home_at_scan1_2013_jan_1,12,22,0.3098780558959099,0.9101562499999963,0.7465,1,1,,,,,,,,,,,,,,,,,,,,,,,,,,,,,,,,,none,none
sun3d-home_at-home_at_scan1_2013_jan_1,13,19,0.25212602251559085,0.5546874999999978,0.609,1,1,,,,,,,,,,,,,,,,,,,,,,,,,,,,,,,,,none,none
sun3d-home_at-home_at_scan1_2013_jan_1,13,20,0.36381307200129587,0.7304687499999971,0.754,1,1,,,,,,,,,,,,,,,,,,,,,,,,,,,,,,,,,none,none
sun3d-home_at-home_at_scan1_2013_jan_1,13,21,0.31489430630922494,0.757812499999997,0.71,1,1,,,,,,,,,,,,,,,,,,,,,,,,,,,,,,,,,none,none
sun3d-home_at-home_at_scan1_2013_jan_1,13,22,0.27310277800275373,0.6562499999999973,0.6195,1,1,,,,,,,,,,,,,,,,,,,,,,,,,,,,,,,,,none,none
sun3d-home_at-home_at_scan1_2013_jan_1,14,19,0.3319146061343062,0.757812499999997,0.851,1,1,,,,,,,,,,,,,,,,,,,,,,,,,,,,,,,,,none,none
sun3d-home_at-home_at_scan1_2013_jan_1,14,22,0.2975949196054587,0.757812499999997,0.738,1,1,,,,,,,,,,,,,,,,,,,,,,,,,,,,,,,,,none,none
sun3d-home_at-home_at_scan1_2013_jan_1,15,19,0.17787012987012987,0.6054687499999976,0.611,1,1,,,,,,,,,,,,,,,,,,,,,,,,,,,,,,,,,none,none
sun3d-home_at-home_at_scan1_2013_jan_1,15,22,0.42005194805194807,0.9218749999999963,0.867,1,1,,,,,,,,,,,,,,,,,,,,,,,,,,,,,,,,,none,none
sun3d-home_at-home_at_scan1_2013_jan_1,15,23,0.21584415584415584,0.4765624999999981,0.477,1,1,,,,,,,,,,,,,,,,,,,,,,,,,,,,,,,,,none,none
sun3d-home_at-home_at_scan1_2013_jan_1,16,22,0.3419811320754717,0.753906249999997,0.69,1,1,,,,,,,,,,,,,,,,,,,,,,,,,,,,,,,,,none,none
sun3d-home_at-home_at_scan1_2013_jan_1,17,19,0.1411721878412814,0.4335937499999983,0.4835,1,1,,,,,,,,,,,,,,,,,,,,,,,,,,,,,,,,,none,none
sun3d-home_at-home_at_scan1_2013_jan_1,17,20,0.31634510374954494,0.7851562499999969,0.788,1,1,,,,,,,,,,,,,,,,,,,,,,,,,,,,,,,,,none,none
sun3d-home_at-home_at_scan1_2013_jan_1,17,23,0.2773207135056425,0.46484374999999817,0.4995,1,1,,,,,,,,,,,,,,,,,,,,,,,,,,,,,,,,,none,none
sun3d-home_at-home_at_scan1_2013_jan_1,18,22,0.2961467889908257,0.6679687499999973,0.6025,1,1,,,,,,,,,,,,,,,,,,,,,,,,,,,,,,,,,none,none
sun3d-home_at-home_at_scan1_2013_jan_1,19,21,0.16691367173027047,0.16796874999999933,0.154,1,1,,,,,,,,,,,,,,,,,,,,,,,,,,,,,,,,,none,none
sun3d-home_at-home_at_scan1_2013_jan_1,20,22,0.15977011494252874,0.1992187499999992,0.241,1,1,,,,,,,,,,,,,,,,,,,,,,,,,,,,,,,,,none,none
sun3d-home_at-home_at_scan1_2013_jan_1,21,23,0.3826395039858282,0.5429687499999978,0.5385,1,1,,,,,,,,,,,,,,,,,,,,,,,,,,,,,,,,,none,none
sun3d-home_at-home_at_scan1_2013_jan_1,22,31,0.4180134816860229,0.749999999999997,0.689,1,1,,,,,,,,,,,,,,,,,,,,,,,,,,,,,,,,,none,none
sun3d-home_at-home_at_scan1_2013_jan_1,22,32,0.4401039551693332,0.7031249999999972,0.741,1,1,,,,,,,,,,,,,,,,,,,,,,,,,,,,,,,,,none,none
sun3d-home_at-home_at_scan1_2013_jan_1,22,42,0.28766344513928366,0.06249999999999975,0.0735,1,0,,,,,,,,,,,,,,,,,,,,,,,,,,,,,,,,,none,none
sun3d-home_at-home_at_scan1_2013_jan_1,22,43,0.2736944692601316,0.0507812499999998,0.0435,1,0,,,,,,,,,,,,,,,,,,,,,,,,,,,,,,,,,none,none
sun3d-home_at-home_at_scan1_2013_jan_1,23,24,0.476926717677684,0.7851562499999969,0.819,1,0,,,,,,,,,,,,,,,,,,,,,,,,,,,,,,,,,none,none
sun3d-home_at-home_at_scan1_2013_jan_1,23,30,0.20864557860692592,0.4492187499999982,0.592,1,1,,,,,,,,,,,,,,,,,,,,,,,,,,,,,,,,,none,none
sun3d-home_at-home_at_scan1_2013_jan_1,23,43,0.46690857458389207,0.6796874999999973,0.3235,1,1,,,,,,,,,,,,,,,,,,,,,,,,,,,,,,,,,none,none
sun3d-home_at-home_at_scan1_2013_jan_1,23,44,0.38210933186085033,0.4765624999999981,0.245,1,1,,,,,,,,,,,,,,,,,,,,,,,,,,,,,,,,,none,none
sun3d-home_at-home_at_scan1_2013_jan_1,23,45,0.39504614656464465,0.5429687499999978,0.29,1,1,,,,,,,,,,,,,,,,,,,,,,,,,,,,,,,,,none,none
sun3d-home_at-home_at_scan1_2013_jan_1,23,46,0.42304961741737,0.5624999999999978,0.3875,1,1,,,,,,,,,,,,,,,,,,,,,,,,,,,,,,,,,none,none
sun3d-home_at-home_at_scan1_2013_jan_1,23,47,0.3926796560700481,0.5820312499999977,0.3,1,1,,,,,,,,,,,,,,,,,,,,,,,,,,,,,,,,,none,none
sun3d-home_at-home_at_scan1_2013_jan_1,24,27,0.22333938764919564,0.46484374999999817,0.3355,1,1,,,,,,,,,,,,,,,,,,,,,,,,,,,,,,,,,none,none
sun3d-home_at-home_at_scan1_2013_jan_1,24,32,0.2976128697457187,0.7109374999999971,0.8165,1,1,,,,,,,,,,,,,,,,,,,,,,,,,,,,,,,,,none,none
sun3d-home_at-home_at_scan1_2013_jan_1,24,42,0.3229761286974572,0.2226562499999991,0.132,1,1,,,,,,,,,,,,,,,,,,,,,,,,,,,,,,,,,none,none
sun3d-home_at-home_at_scan1_2013_jan_1,24,43,0.31376491956408925,0.3789062499999985,0.1505,1,1,,,,,,,,,,,,,,,,,,,,,,,,,,,,,,,,,none,none
sun3d-home_at-home_at_scan1_2013_jan_1,24,44,0.2860664244940322,0.18749999999999925,0.08,1,0,,,,,,,,,,,,,,,,,,,,,,,,,,,,,,,,,none,none
sun3d-home_at-home_at_scan1_2013_jan_1,24,45,0.29722366372599895,0.29687499999999883,0.1465,1,1,,,,,,,,,,,,,,,,,,,,,,,,,,,,,,,,,none,none
sun3d-home_at-home_at_scan1_2013_jan_1,24,46,0.23942656979761287,0.07421874999999971,0.0295,1,0,,,,,,,,,,,,,,,,,,,,,,,,,,,,,,,,,none,none
sun3d-home_at-home_at_scan1_2013_jan_1,24,47,0.2429942916450441,0.2226562499999991,0.0935,1,1,,,,,,,,,,,,,,,,,,,,,,,,,,,,,,,,,none,none
sun3d-home_at-home_at_scan1_2013_jan_1,25,31,0.20533865720201125,0.007812499999999969,0.0,1,0,,,,,,,,,,,,,,,,,,,,,,,,,,,,,,,,,none,none
sun3d-home_at-home_at_scan1_2013_jan_1,26,30,0.32969961240310075,0.6718749999999973,0.597,1,1,,,,,,,,,,,,,,,,,,,,,,,,,,,,,,,,,none,none
sun3d-home_at-home_at_scan1_2013_jan_1,27,29,0.2256294964028777,0.32812499999999867,0.2475,1,1,,,,,,,,,,,,,,,,,,,,,,,,,,,,,,,,,none,none
sun3d-home_at-home_at_scan1_2013_jan_1,28,30,0.22503574833174453,0.5820312499999977,0.5855,1,1,,,,,,,,,,,,,,,,,,,,,,,,,,,,,,,,,none,none
sun3d-home_at-home_at_scan1_2013_jan_1,29,32,0.26141520533363216,0.7734374999999969,0.8765,1,1,,,,,,,,,,,,,,,,,,,,,,,,,,,,,,,,,none,none
sun3d-home_at-home_at_scan1_2013_jan_1,29,42,0.3219788223429884,0.18749999999999925,0.1065,1,1,,,,,,,,,,,,,,,,,,,,,,,,,,,,,,,,,none,none
sun3d-home_at-home_at_scan1_2013_jan_1,29,43,0.31738472743571067,0.3710937499999985,0.156,1,1,,,,,,,,,,,,,,,,,,,,,,,,,,,,,,,,,none,none
sun3d-home_at-home_at_scan1_2013_jan_1,29,44,0.3013053952602387,0.1718749999999993,0.08,1,0,,,,,,,,,,,,,,,,,,,,,,,,,,,,,,,,,none,none
sun3d-home_at-home_at_scan1_2013_jan_1,29,45,0.3177769062692588,0.24218749999999903,0.11,1,1,,,,,,,,,,,,,,,,,,,,,,,,,,,,,,,,,none,none
sun3d-home_at-home_at_scan1_2013_jan_1,29,46,0.25060227463723456,0.0781249999999997,0.032,1,0,,,,,,,,,,,,,,,,,,,,,,,,,,,,,,,,,none,none
sun3d-home_at-home_at_scan1_2013_jan_1,29,47,0.24735279287355033,0.12890624999999947,0.044,1,1,,,,,,,,,,,,,,,,,,,,,,,,,,,,,,,,,none,none
sun3d-home_at-home_at_scan1_2013_jan_1,30,33,0.2580944350758853,0.5703124999999977,0.5335,1,1,,,,,,,,,,,,,,,,,,,,,,,,,,,,,,,,,none,none
sun3d-home_at-home_at_scan1_2013_jan_1,30,34,0.11627318718381113,0.21484374999999914,0.3265,1,1,,,,,,,,,,,,,,,,,,,,,,,,,,,,,,,,,none,none
sun3d-home_at-home_at_scan1_2013_jan_1,30,36,0.11500843170320404,0.09374999999999963,0.133,1,1,,,,,,,,,,,,,,,,,,,,,,,,,,,,,,,,,none,none
sun3d-home_at-home_at_scan1_2013_jan_1,30,41,0.16374367622259697,0.29687499999999883,0.33,1,1,,,,,,,,,,,,,,,,,,,,,,,,,,,,,,,,,none,none
sun3d-home_at-home_at_scan1_2013_jan_1,30,42,0.4258010118043845,0.41796874999999833,0.357,1,1,,,,,,,,,,,,,,,,,,,,,,,,,,,,,,,,,none,none
sun3d-home_at-home_at_scan1_2013_jan_1,30,46,0.3095278246205734,0.3789062499999985,0.362,1,1,,,,,,,,,,,,,,,,,,,,,,,,,,,,,,,,,none,none
sun3d-home_at-home_at_scan1_2013_jan_1,30,48,0.23170320404721753,0.3203124999999987,0.4395,1,1,,,,,,,,,,,,,,,,,,,,,,,,,,,,,,,,,none,none
sun3d-home_at-home_at_scan1_2013_jan_1,31,35,0.3309408077045382,0.7265624999999971,0.5975,1,1,,,,,,,,,,,,,,,,,,,,,,,,,,,,,,,,,none,none
sun3d-home_at-home_at_scan1_2013_jan_1,31,37,0.4033071366919547,0.761718749999997,0.653,1,1,,,,,,,,,,,,,,,,,,,,,,,,,,,,,,,,,none,none
sun3d-home_at-home_at_scan1_2013_jan_1,31,38,0.19493026847771772,0.6953124999999972,0.673,1,1,,,,,,,,,,,,,,,,,,,,,,,,,,,,,,,,,none,none
sun3d-home_at-home_at_scan1_2013_jan_1,31,41,0.32885113342116024,0.7929687499999968,0.7245,1,1,,,,,,,,,,,,,,,,,,,,,,,,,,,,,,,,,none,none
sun3d-home_at-home_at_scan1_2013_jan_1,31,42,0.459819197746786,0.7031249999999972,0.446,1,1,,,,,,,,,,,,,,,,,,,,,,,,,,,,,,,,,none,none
sun3d-home_at-home_at_scan1_2013_jan_1,31,46,0.2869213646481624,0.5273437499999979,0.3825,1,1,,,,,,,,,,,,,,,,,,,,,,,,,,,,,,,,,none,none
sun3d-home_at-home_at_scan1_2013_jan_1,31,49,0.30204878935174667,0.11328124999999954,0.136,1,0,,,,,,,,,,,,,,,,,,,,,,,,,,,,,,,,,none,none
sun3d-home_at-home_at_scan1_2013_jan_1,32,34,0.2225609756097561,0.5351562499999979,0.5865,1,1,,,,,,,,,,,,,,,,,,,,,,,,,,,,,,,,,none,none
sun3d-home_at-home_at_scan1_2013_jan_1,32,36,0.20401941264310602,0.507812499999998,0.51,1,1,,,,,,,,,,,,,,,,,,,,,,,,,,,,,,,,,none,none
sun3d-home_at-home_at_scan1_2013_jan_1,32,37,0.1595943255350921,0.1992187499999992,0.2505,1,1,,,,,,,,,,,,,,,,,,,,,,,,,,,,,,,,,none,none
sun3d-home_at-home_at_scan1_2013_jan_1,32,38,0.16942508710801393,0.4492187499999982,0.593,1,1,,,,,,,,,,,,,,,,,,,,,,,,,,,,,,,,,none,none
sun3d-home_at-home_at_scan1_2013_jan_1,32,39,0.20762817322050772,0.4335937499999983,0.559,1,1,,,,,,,,,,,,,,,,,,,,,,,,,,,,,,,,,none,none
sun3d-home_at-home_at_scan1_2013_jan_1,32,40,0.3799776007964161,0.5781249999999977,0.459,1,1,,,,,,,,,,,,,,,,,,,,,,,,,,,,,,,,,none,none
sun3d-home_at-home_at_scan1_2013_jan_1,32,41,0.3478720756595321,0.5703124999999977,0.509,1,1,,,,,,,,,,,,,,,,,,,,,,,,,,,,,,,,,none,none
sun3d-home_at-home_at_scan1_2013_jan_1,32,43,0.3017670482827277,0.4726562499999981,0.229,1,1,,,,,,,,,,,,,,,,,,,,,,,,,,,,,,,,,none,none
sun3d-home_at-home_at_scan1_2013_jan_1,32,44,0.22753857640617223,0.3164062499999987,0.2285,1,1,,,,,,,,,,,,,,,,,,,,,,,,,,,,,,,,,none,none
sun3d-home_at-home_at_scan1_2013_jan_1,32,45,0.23618715778994526,0.3789062499999985,0.245,1,1,,,,,,,,,,,,,,,,,,,,,,,,,,,,,,,,,none,none
sun3d-home_at-home_at_scan1_2013_jan_1,32,46,0.3980836236933798,0.507812499999998,0.4035,1,1,,,,,,,,,,,,,,,,,,,,,,,,,,,,,,,,,none,none
sun3d-home_at-home_at_scan1_2013_jan_1,32,47,0.5480338476854156,0.6562499999999973,0.3595,1,1,,,,,,,,,,,,,,,,,,,,,,,,,,,,,,,,,none,none
sun3d-home_at-home_at_scan1_2013_jan_1,32,48,0.23189397710303633,0.031249999999999875,0.0,1,0,,,,,,,,,,,,,,,,,,,,,,,,,,,,,,,,,none,none
sun3d-home_at-home_at_scan1_2013_jan_1,33,35,0.3080921012872424,0.742187499999997,0.721,1,1,,,,,,,,,,,,,,,,,,,,,,,,,,,,,,,,,none,none
sun3d-home_at-home_at_scan1_2013_jan_1,33,46,0.3254970689550976,0.6328124999999974,0.5965,1,1,,,,,,,,,,,,,,,,,,,,,,,,,,,,,,,,,none,none
sun3d-home_at-home_at_scan1_2013_jan_1,33,49,0.28826977699885176,0.07031249999999972,0.031,1,0,,,,,,,,,,,,,,,,,,,,,,,,,,,,,,,,,none,none
sun3d-home_at-home_at_scan1_2013_jan_1,34,38,0.4699525934188511,0.5820312499999977,0.522,1,1,,,,,,,,,,,,,,,,,,,,,,,,,,,,,,,,,none,none
sun3d-home_at-home_at_scan1_2013_jan_1,34,41,0.18063301728945902,0.749999999999997,0.704,1,1,,,,,,,,,,,,,,,,,,,,,,,,,,,,,,,,,none,none
sun3d-home_at-home_at_scan1_2013_jan_1,34,47,0.2755856107083101,0.8476562499999966,0.75,1,1,,,,,,,,,,,,,,,,,,,,,,,,,,,,,,,,,none,none
sun3d-home_at-home_at_scan1_2013_jan_1,34,51,0.19569157836029002,0.09765624999999961,0.078,1,0,,,,,,,,,,,,,,,,,,,,,,,,,,,,,,,,,none,none
sun3d-home_at-home_at_scan1_2013_jan_1,34,55,0.2180005577244841,0.7265624999999971,0.6855,1,1,,,,,,,,,,,,,,,,,,,,,,,,,,,,,,,,,none,none
sun3d-home_at-home_at_scan1_2013_jan_1,35,36,0.3331676823686344,0.9257812499999963,0.906,1,0,,,,,,,,,,,,,,,,,,,,,,,,,,,,,,,,,none,none
sun3d-home_at-home_at_scan1_2013_jan_1,35,37,0.25773546412784765,0.8749999999999966,0.866,1,1,,,,,,,,,,,,,,,,,,,,,,,,,,,,,,,,,none,none
sun3d-home_at-home_at_scan1_2013_jan_1,35,48,0.2594617215494468,0.8906249999999964,0.823,1,1,,,,,,,,,,,,,,,,,,,,,,,,,,,,,,,,,none,none
sun3d-home_at-home_at_scan1_2013_jan_1,35,51,0.47309915518008006,0.6992187499999972,0.5115,1,1,,,,,,,,,,,,,,,,,,,,,,,,,,,,,,,,,none,none
sun3d-home_at-home_at_scan1_2013_jan_1,35,52,0.2477964062459132,0.6601562499999973,0.4835,1,1,,,,,,,,,,,,,,,,,,,,,,,,,,,,,,,,,none,none
sun3d-home_at-home_at_scan1_2013_jan_1,35,53,0.4043104124709021,0.8867187499999964,0.784,1,1,,,,,,,,,,,,,,,,,,,,,,,,,,,,,,,,,none,none
sun3d-home_at-home_at_scan1_2013_jan_1,35,56,0.3167420814479638,0.8632812499999966,0.7325,1,1,,,,,,,,,,,,,,,,,,,,,,,,,,,,,,,,,none,none
sun3d-home_at-home_at_scan1_2013_jan_1,35,57,0.2372034629770094,0.6992187499999972,0.599,1,1,,,,,,,,,,,,,,,,,,,,,,,,,,,,,,,,,none,none
sun3d-home_at-home_at_scan1_2013_jan_1,35,58,0.27044699605053224,0.6640624999999973,0.5555,1,1,,,,,,,,,,,,,,,,,,,,,,,,,,,,,,,,,none,none
sun3d-home_at-home_at_scan1_2013_jan_1,36,38,0.4200404858299595,0.7929687499999968,0.575,1,1,,,,,,,,,,,,,,,,,,,,,,,,,,,,,,,,,none,none
sun3d-home_at-home_at_scan1_2013_jan_1,36,41,0.20791809405169728,0.8007812499999968,0.778,1,1,,,,,,,,,,,,,,,,,,,,,,,,,,,,,,,,,none,none
sun3d-home_at-home_at_scan1_2013_jan_1,36,47,0.28328402366863903,0.8945312499999964,0.7945,1,1,,,,,,,,,,,,,,,,,,,,,,,,,,,,,,,,,none,none
sun3d-home_at-home_at_scan1_2013_jan_1,36,50,0.35121457489878544,0.6328124999999974,0.6355,1,1,,,,,,,,,,,,,,,,,,,,,,,,,,,,,,,,,none,none
sun3d-home_at-home_at_scan1_2013_jan_1,36,51,0.23544067268763624,0.6562499999999973,0.6035,1,1,,,,,,,,,,,,,,,,,,,,,,,,,,,,,,,,,none,none
sun3d-home_at-home_at_scan1_2013_jan_1,36,55,0.3680706944876985,0.8124999999999968,0.687,1,1,,,,,,,,,,,,,,,,,,,,,,,,,,,,,,,,,none,none
sun3d-home_at-home_at_scan1_2013_jan_1,37,39,0.25366991938905387,0.6835937499999972,0.523,1,1,,,,,,,,,,,,,,,,,,,,,,,,,,,,,,,,,none,none
sun3d-home_at-home_at_scan1_2013_jan_1,37,41,0.18035638523546882,0.7031249999999972,0.72,1,1,,,,,,,,,,,,,,,,,,,,,,,,,,,,,,,,,none,none
sun3d-home_at-home_at_scan1_2013_jan_1,37,47,0.21756470089096308,0.7187499999999971,0.6545,1,1,,,,,,,,,,,,,,,,,,,,,,,,,,,,,,,,,none,none
sun3d-home_at-home_at_scan1_2013_jan_1,37,48,0.42978362324989394,0.8984374999999964,0.7995,1,1,,,,,,,,,,,,,,,,,,,,,,,,,,,,,,,,,none,none
sun3d-home_at-home_at_scan1_2013_jan_1,37,50,0.2672464997878659,0.6289062499999974,0.496,1,1,,,,,,,,,,,,,,,,,,,,,,,,,,,,,,,,,none,none
sun3d-home_at-home_at_scan1_2013_jan_1,37,51,0.2816716164616037,0.5937499999999977,0.3185,1,0,,,,,,,,,,,,,,,,,,,,,,,,,,,,,,,,,none,none
sun3d-home_at-home_at_scan1_2013_jan_1,37,55,0.3068307170131523,0.5429687499999978,0.341,1,1,,,,,,,,,,,,,,,,,,,,,,,,,,,,,,,,,none,none
sun3d-home_at-home_at_scan1_2013_jan_1,38,40,0.18161399637481282,0.6757812499999973,0.757,1,1,,,,,,,,,,,,,,,,,,,,,,,,,,,,,,,,,none,none
sun3d-home_at-home_at_scan1_2013_jan_1,38,41,0.2013555047679092,0.8124999999999968,0.7665,1,1,,,,,,,,,,,,,,,,,,,,,,,,,,,,,,,,,none,none
sun3d-home_at-home_at_scan1_2013_jan_1,38,48,0.3246512727559303,0.5898437499999977,0.639,1,1,,,,,,,,,,,,,,,,,,,,,,,,,,,,,,,,,none,none
sun3d-home_at-home_at_scan1_2013_jan_1,39,41,0.324407039020658,0.8359374999999967,0.857,1,1,,,,,,,,,,,,,,,,,,,,,,,,,,,,,,,,,none,none
sun3d-home_at-home_at_scan1_2013_jan_1,39,42,0.22962329537782977,0.757812499999997,0.6735,1,1,,,,,,,,,,,,,,,,,,,,,,,,,,,,,,,,,none,none
sun3d-home_at-home_at_scan1_2013_jan_1,39,46,0.16836941356496693,0.21874999999999914,0.347,1,1,,,,,,,,,,,,,,,,,,,,,,,,,,,,,,,,,none,none
sun3d-home_at-home_at_scan1_2013_jan_1,39,47,0.16805436788334308,0.5742187499999977,0.521,1,1,,,,,,,,,,,,,,,,,,,,,,,,,,,,,,,,,none,none
sun3d-home_at-home_at_scan1_2013_jan_1,40,42,0.34372703894195444,0.8789062499999964,0.7645,1,1,,,,,,,,,,,,,,,,,,,,,,,,,,,,,,,,,none,none
sun3d-home_at-home_at_scan1_2013_jan_1,40,43,0.16651359294636298,0.6796874999999973,0.4215,1,1,,,,,,,,,,,,,,,,,,,,,,,,,,,,,,,,,none,none
sun3d-home_at-home_at_scan1_2013_jan_1,40,44,0.19819985304922852,0.6328124999999974,0.429,1,1,,,,,,,,,,,,,,,,,,,,,,,,,,,,,,,,,none,none
sun3d-home_at-home_at_scan1_2013_jan_1,40,45,0.20435341660543718,0.5351562499999979,0.2725,1,1,,,,,,,,,,,,,,,,,,,,,,,,,,,,,,,,,none,none
sun3d-home_at-home_at_scan1_2013_jan_1,40,46,0.2678637031594416,0.7890624999999969,0.673,1,1,,,,,,,,,,,,,,,,,,,,,,,,,,,,,,,,,none,none
sun3d-home_at-home_at_scan1_2013_jan_1,40,47,0.23190668626010286,0.8124999999999968,0.662,1,1,,,,,,,,,,,,,,,,,,,,,,,,,,,,,,,,,none,none
sun3d-home_at-home_at_scan1_2013_jan_1,40,48,0.15039493019838354,0.6015624999999976,0.613,1,1,,,,,,,,,,,,,,,,,,,,,,,,,,,,,,,,,none,none
sun3d-home_at-home_at_scan1_2013_jan_1,41,43,0.28257686676427524,0.6835937499999972,0.4875,1,1,,,,,,,,,,,,,,,,,,,,,,,,,,,,,,,,,none,none
sun3d-home_at-home_at_scan1_2013_jan_1,41,44,0.33282576866764274,0.6406249999999974,0.502,1,1,,,,,,,,,,,,,,,,,,,,,,,,,,,,,,,,,none,none
sun3d-home_at-home_at_scan1_2013_jan_1,41,45,0.34371888726207905,0.6953124999999972,0.5365,1,1,,,,,,,,,,,,,,,,,,,,,,,,,,,,,,,,,none,none
sun3d-home_at-home_at_scan1_2013_jan_1,43,48,0.16094124482533226,0.03906249999999985,0.0015,1,0,,,,,,,,,,,,,,,,,,,,,,,,,,,,,,,,,none,none
sun3d-home_at-home_at_scan1_2013_jan_1,44,48,0.13367914505343417,0.019531249999999924,0.001,1,0,,,,,,,,,,,,,,,,,,,,,,,,,,,,,,,,,none,none
sun3d-home_at-home_at_scan1_2013_jan_1,46,48,0.33743421988337363,0.5859374999999977,0.542,1,1,,,,,,,,,,,,,,,,,,,,,,,,,,,,,,,,,none,none
sun3d-home_at-home_at_scan1_2013_jan_1,47,49,0.23367285799880166,0.7656249999999969,0.7405,1,1,,,,,,,,,,,,,,,,,,,,,,,,,,,,,,,,,none,none
sun3d-home_at-home_at_scan1_2013_jan_1,48,50,0.37936788378484493,0.9101562499999963,0.8345,1,1,,,,,,,,,,,,,,,,,,,,,,,,,,,,,,,,,none,none
sun3d-home_at-home_at_scan1_2013_jan_1,48,51,0.16229878288182176,0.5273437499999979,0.5245,1,1,,,,,,,,,,,,,,,,,,,,,,,,,,,,,,,,,none,none
sun3d-home_at-home_at_scan1_2013_jan_1,49,52,0.3041400730400355,0.253906249999999,0.1325,1,1,,,,,,,,,,,,,,,,,,,,,,,,,,,,,,,,,none,none
sun3d-home_at-home_at_scan1_2013_jan_1,49,53,0.2772449571657736,0.5937499999999977,0.36,1,1,,,,,,,,,,,,,,,,,,,,,,,,,,,,,,,,,none,none
sun3d-home_at-home_at_scan1_2013_jan_1,49,54,0.3356769855626472,0.5507812499999978,0.3765,1,1,,,,,,,,,,,,,,,,,,,,,,,,,,,,,,,,,none,none
sun3d-home_at-home_at_scan1_2013_jan_1,49,55,0.5432608621454658,0.6835937499999972,0.4865,1,1,,,,,,,,,,,,,,,,,,,,,,,,,,,,,,,,,none,none
sun3d-home_at-home_at_scan1_2013_jan_1,49,56,0.22618519403392606,0.5859374999999977,0.4295,1,1,,,,,,,,,,,,,,,,,,,,,,,,,,,,,,,,,none,none
sun3d-home_at-home_at_scan1_2013_jan_1,50,52,0.3037093478336162,0.499999999999998,0.3015,1,1,,,,,,,,,,,,,,,,,,,,,,,,,,,,,,,,,none,none
sun3d-home_at-home_at_scan1_2013_jan_1,50,53,0.32057631697433586,0.45312499999999817,0.2075,1,0,,,,,,,,,,,,,,,,,,,,,,,,,,,,,,,,,none,none
sun3d-home_at-home_at_scan1_2013_jan_1,50,54,0.41786444082707025,0.6132812499999976,0.37,1,1,,,,,,,,,,,,,,,,,,,,,,,,,,,,,,,,,none,none
sun3d-home_at-home_at_scan1_2013_jan_1,50,55,0.5314307484501091,0.48046874999999806,0.224,1,0,,,,,,,,,,,,,,,,,,,,,,,,,,,,,,,,,none,none
sun3d-home_at-home_at_scan1_2013_jan_1,50,56,0.26661586949745436,0.5195312499999979,0.3445,1,1,,,,,,,,,,,,,,,,,,,,,,,,,,,,,,,,,none,none
sun3d-home_at-home_at_scan1_2013_jan_1,50,57,0.217365704983895,0.6093749999999976,0.374,1,0,,,,,,,,,,,,,,,,,,,,,,,,,,,,,,,,,none,none
sun3d-home_at-home_at_scan1_2013_jan_1,50,58,0.27066809822325355,0.7109374999999971,0.464,1,1,,,,,,,,,,,,,,,,,,,,,,,,,,,,,,,,,none,none
sun3d-home_at-home_at_scan1_2013_jan_1,51,52,0.4067796610169492,0.6328124999999974,0.4365,1,0,,,,,,,,,,,,,,,,,,,,,,,,,,,,,,,,,none,none
sun3d-home_at-home_at_scan1_2013_jan_1,51,53,0.2904628084657943,0.3789062499999985,0.154,1,0,,,,,,,,,,,,,,,,,,,,,,,,,,,,,,,,,none,none
sun3d-home_at-home_at_scan1_2013_jan_1,51,54,0.47664002810222184,0.6757812499999973,0.384,1,1,,,,,,,,,,,,,,,,,,,,,,,,,,,,,,,,,none,none
sun3d-home_at-home_at_scan1_2013_jan_1,51,57,0.22424694827434793,0.5859374999999977,0.354,1,0,,,,,,,,,,,,,,,,,,,,,,,,,,,,,,,,,none,none
sun3d-home_at-home_at_scan1_2013_jan_1,51,58,0.2396153508386757,0.4453124999999982,0.228,1,0,,,,,,,,,,,,,,,,,,,,,,,,,,,,,,,,,none,none
sun3d-home_at-home_at_scan1_2013_jan_1,52,57,0.22698231219315354,0.32812499999999867,0.153,1,0,,,,,,,,,,,,,,,,,,,,,,,,,,,,,,,,,none,none
sun3d-home_at-home_at_scan1_2013_jan_1,52,58,0.23195910955679602,0.36328124999999856,0.1685,1,1,,,,,,,,,,,,,,,,,,,,,,,,,,,,,,,,,none,none
sun3d-home_at-home_at_scan1_2013_jan_1,53,57,0.3397981517509728,0.7070312499999972,0.5935,1,1,,,,,,,,,,,,,,,,,,,,,,,,,,,,,,,,,none,none
sun3d-home_at-home_at_scan1_2013_jan_1,54,56,0.2427427030456853,0.749999999999997,0.695,1,1,,,,,,,,,,,,,,,,,,,,,,,,,,,,,,,,,none,none
sun3d-home_at-home_at_scan1_2013_jan_1,54,57,0.24472557106598986,0.757812499999997,0.6155,1,1,,,,,,,,,,,,,,,,,,,,,,,,,,,,,,,,,none,none
sun3d-home_at-home_at_scan1_2013_jan_1,54,58,0.2462325507614213,0.7109374999999971,0.623,1,1,,,,,,,,,,,,,,,,,,,,,,,,,,,,,,,,,none,none
sun3d-home_at-home_at_scan1_2013_jan_1,55,56,0.3357180177645593,0.9101562499999963,0.8145,1,0,,,,,,,,,,,,,,,,,,,,,,,,,,,,,,,,,none,none
sun3d-home_at-home_at_scan1_2013_jan_1,55,58,0.24026365499778948,0.7968749999999968,0.6245,1,1,,,,,,,,,,,,,,,,,,,,,,,,,,,,,,,,,none,none
sun3d-home_at-home_at_scan1_2013_jan_1,57,59,0.24604416623195965,0.6249999999999976,0.5895,1,1,,,,,,,,,,,,,,,,,,,,,,,,,,,,,,,,,none,none
sun3d-home_md-home_md_scan9_2012_sep_30,0,1,0.48529476608316063,0.5820312499999977,0.274,1,0,,,,,,,,,,,,,,,,,,,,,,,,,,,,,,,,,none,none
sun3d-home_md-home_md_scan9_2012_sep_30,0,51,0.2804356453106398,0.45703124999999817,0.4685,1,1,,,,,,,,,,,,,,,,,,,,,,,,,,,,,,,,,none,none
sun3d-home_md-home_md_scan9_2012_sep_30,0,52,0.28493319811279155,0.5234374999999979,0.5405,1,1,,,,,,,,,,,,,,,,,,,,,,,,,,,,,,,,,none,none
sun3d-home_md-home_md_scan9_2012_sep_30,0,53,0.2504519599629613,0.6093749999999976,0.65,1,1,,,,,,,,,,,,,,,,,,,,,,,,,,,,,,,,,none,none
sun3d-home_md-home_md_scan9_2012_sep_30,0,54,0.29745579611093964,0.6562499999999973,0.645,1,1,,,,,,,,,,,,,,,,,,,,,,,,,,,,,,,,,none,none
sun3d-home_md-home_md_scan9_2012_sep_30,0,55,0.3097579258344724,0.6757812499999973,0.6235,1,1,,,,,,,,,,,,,,,,,,,,,,,,,,,,,,,,,none,none
sun3d-home_md-home_md_scan9_2012_sep_30,0,56,0.26941223157987565,0.4453124999999982,0.362,1,1,,,,,,,,,,,,,,,,,,,,,,,,,,,,,,,,,none,none
sun3d-home_md-home_md_scan9_2012_sep_30,0,57,0.3258962035363111,0.761718749999997,0.631,1,1,,,,,,,,,,,,,,,,,,,,,,,,,,,,,,,,,none,none
sun3d-home_md-home_md_scan9_2012_sep_30,0,58,0.4353807487102606,0.8359374999999967,0.7875,1,1,,,,,,,,,,,,,,,,,,,,,,,,,,,,,,,,,none,none
sun3d-home_md-home_md_scan9_2012_sep_30,0,59,0.2796419595220248,0.6054687499999976,0.6225,1,1,,,,,,,,,,,,,,,,,,,,,,,,,,,,,,,,,none,none
sun3d-home_md-home_md_scan9_2012_sep_30,1,3,0.25088989321281446,0.6367187499999974,0.436,1,1,,,,,,,,,,,,,,,,,,,,,,,,,,,,,,,,,none,none
sun3d-home_md-home_md_scan9_2012_sep_30,1,4,0.19969603647562292,0.6015624999999976,0.4485,1,1,,,,,,,,,,,,,,,,,,,,,,,,,,,,,,,,,none,none
sun3d-home_md-home_md_scan9_2012_sep_30,1,5,0.270847498300204,0.5976562499999976,0.403,1,1,,,,,,,,,,,,,,,,,,,,,,,,,,,,,,,,,none,none
sun3d-home_md-home_md_scan9_2012_sep_30,1,6,0.23829140503139623,0.35937499999999856,0.1545,1,1,,,,,,,,,,,,,,,,,,,,,,,,,,,,,,,,,none,none
sun3d-home_md-home_md_scan9_2012_sep_30,1,7,0.40263168419789624,0.7656249999999969,0.5505,1,1,,,,,,,,,,,,,,,,,,,,,,,,,,,,,,,,,none,none
sun3d-home_md-home_md_scan9_2012_sep_30,1,8,0.2971643402791665,0.7109374999999971,0.5995,1,1,,,,,,,,,,,,,,,,,,,,,,,,,,,,,,,,,none,none
sun3d-home_md-home_md_scan9_2012_sep_30,1,37,0.17361916570011598,0.48437499999999806,0.2195,1,1,,,,,,,,,,,,,,,,,,,,,,,,,,,,,,,,,none,none
sun3d-home_md-home_md_scan9_2012_sep_30,1,38,0.32400111986561614,0.7851562499999969,0.6425,1,1,,,,,,,,,,,,,,,,,,,,,,,,,,,,,,,,,none,none
sun3d-home_md-home_md_scan9_2012_sep_30,1,46,0.2558892932848058,0.757812499999997,0.6945,1,1,,,,,,,,,,,,,,,,,,,,,,,,,,,,,,,,,none,none
sun3d-home_md-home_md_scan9_2012_sep_30,2,3,0.5594581033617662,0.9062499999999963,0.8385,1,0,,,,,,,,,,,,,,,,,,,,,,,,,,,,,,,,,none,none
sun3d-home_md-home_md_scan9_2012_sep_30,2,4,0.4618306931402767,0.8945312499999964,0.859,1,1,,,,,,,,,,,,,,,,,,,,,,,,,,,,,,,,,none,none
sun3d-home_md-home_md_scan9_2012_sep_30,2,6,0.4523690058060354,0.7968749999999968,0.723,1,1,,,,,,,,,,,,,,,,,,,,,,,,,,,,,,,,,none,none
sun3d-home_md-home_md_scan9_2012_sep_30,2,9,0.20167013117339258,0.2226562499999991,0.099,1,0,,,,,,,,,,,,,,,,,,,,,,,,,,,,,,,,,none,none
sun3d-home_md-home_md_scan9_2012_sep_30,2,36,0.21672281556877643,0.1718749999999993,0.058,1,0,,,,,,,,,,,,,,,,,,,,,,,,,,,,,,,,,none,none
sun3d-home_md-home_md_scan9_2012_sep_30,2,37,0.36130026521396313,0.8007812499999968,0.467,1,1,,,,,,,,,,,,,,,,,,,,,,,,,,,,,,,,,none,none
sun3d-home_md-home_md_scan9_2012_sep_30,2,38,0.5930399254533725,0.8593749999999966,0.777,1,1,,,,,,,,,,,,,,,,,,,,,,,,,,,,,,,,,none,none
sun3d-home_md-home_md_scan9_2012_sep_30,2,39,0.4206508494014766,0.9023437499999964,0.7935,1,1,,,,,,,,,,,,,,,,,,,,,,,,,,,,,,,,,none,none
sun3d-home_md-home_md_scan9_2012_sep_30,2,40,0.3760662318113397,0.8710937499999966,0.833,1,1,,,,,,,,,,,,,,,,,,,,,,,,,,,,,,,,,none,none
sun3d-home_md-home_md_scan9_2012_sep_30,2,41,0.24625474876352949,0.8828124999999964,0.81,1,1,,,,,,,,,,,,,,,,,,,,,,,,,,,,,,,,,none,none
sun3d-home_md-home_md_scan9_2012_sep_30,2,45,0.22041430721812055,0.8359374999999967,0.824,1,1,,,,,,,,,,,,,,,,,,,,,,,,,,,,,,,,,none,none
sun3d-home_md-home_md_scan9_2012_sep_30,2,46,0.4963801878001577,0.9101562499999963,0.822,1,1,,,,,,,,,,,,,,,,,,,,,,,,,,,,,,,,,none,none
sun3d-home_md-home_md_scan9_2012_sep_30,2,47,0.24629058848828042,0.8593749999999966,0.8565,1,1,,,,,,,,,,,,,,,,,,,,,,,,,,,,,,,,,none,none
sun3d-home_md-home_md_scan9_2012_sep_30,2,49,0.17765751559028026,0.7929687499999968,0.777,1,1,,,,,,,,,,,,,,,,,,,,,,,,,,,,,,,,,none,none
sun3d-home_md-home_md_scan9_2012_sep_30,3,8,0.21855385387898568,0.6523437499999974,0.704,1,1,,,,,,,,,,,,,,,,,,,,,,,,,,,,,,,,,none,none
sun3d-home_md-home_md_scan9_2012_sep_30,3,45,0.5147711105531844,0.7304687499999971,0.767,1,1,,,,,,,,,,,,,,,,,,,,,,,,,,,,,,,,,none,none
sun3d-home_md-home_md_scan9_2012_sep_30,3,48,0.2576366223114905,0.7968749999999968,0.714,1,1,,,,,,,,,,,,,,,,,,,,,,,,,,,,,,,,,none,none
sun3d-home_md-home_md_scan9_2012_sep_30,3,49,0.351493848857645,0.8710937499999966,0.7895,1,1,,,,,,,,,,,,,,,,,,,,,,,,,,,,,,,,,none,none
sun3d-home_md-home_md_scan9_2012_sep_30,4,8,0.17579735083436712,0.5507812499999978,0.5915,1,1,,,,,,,,,,,,,,,,,,,,,,,,,,,,,,,,,none,none
sun3d-home_md-home_md_scan9_2012_sep_30,4,30,0.2150146064268278,0.6562499999999973,0.6585,1,1,,,,,,,,,,,,,,,,,,,,,,,,,,,,,,,,,none,none
sun3d-home_md-home_md_scan9_2012_sep_30,4,41,0.5027011885229501,0.9648437499999961,0.888,1,1,,,,,,,,,,,,,,,,,,,,,,,,,,,,,,,,,none,none
sun3d-home_md-home_md_scan9_2012_sep_30,4,45,0.4857337228380487,0.7734374999999969,0.796,1,1,,,,,,,,,,,,,,,,,,,,,,,,,,,,,,,,,none,none
sun3d-home_md-home_md_scan9_2012_sep_30,4,47,0.5033414702469087,0.9648437499999961,0.8945,1,1,,,,,,,,,,,,,,,,,,,,,,,,,,,,,,,,,none,none
sun3d-home_md-home_md_scan9_2012_sep_30,4,48,0.2505502421065269,0.8476562499999966,0.813,1,1,,,,,,,,,,,,,,,,,,,,,,,,,,,,,,,,,none,none
sun3d-home_md-home_md_scan9_2012_sep_30,4,49,0.33766857417263596,0.9609374999999961,0.907,1,1,,,,,,,,,,,,,,,,,,,,,,,,,,,,,,,,,none,none
sun3d-home_md-home_md_scan9_2012_sep_30,5,8,0.23904995632461212,0.6367187499999974,0.721,1,1,,,,,,,,,,,,,,,,,,,,,,,,,,,,,,,,,none,none
sun3d-home_md-home_md_scan9_2012_sep_30,5,37,0.14654132523605506,0.6367187499999974,0.5815,1,1,,,,,,,,,,,,,,,,,,,,,,,,,,,,,,,,,none,none
sun3d-home_md-home_md_scan9_2012_sep_30,5,41,0.39877708913938686,0.9570312499999962,0.9115,1,1,,,,,,,,,,,,,,,,,,,,,,,,,,,,,,,,,none,none
sun3d-home_md-home_md_scan9_2012_sep_30,5,45,0.4912857202279439,0.8085937499999968,0.824,1,1,,,,,,,,,,,,,,,,,,,,,,,,,,,,,,,,,none,none
sun3d-home_md-home_md_scan9_2012_sep_30,5,47,0.3996090012894638,0.9257812499999963,0.9015,1,1,,,,,,,,,,,,,,,,,,,,,,,,,,,,,,,,,none,none
sun3d-home_md-home_md_scan9_2012_sep_30,5,48,0.1876377854498565,0.7890624999999969,0.753,1,1,,,,,,,,,,,,,,,,,,,,,,,,,,,,,,,,,none,none
sun3d-home_md-home_md_scan9_2012_sep_30,5,49,0.25539703007362424,0.8710937499999966,0.868,1,1,,,,,,,,,,,,,,,,,,,,,,,,,,,,,,,,,none,none
sun3d-home_md-home_md_scan9_2012_sep_30,6,8,0.17118033481669845,0.4726562499999981,0.416,1,1,,,,,,,,,,,,,,,,,,,,,,,,,,,,,,,,,none,none
sun3d-home_md-home_md_scan9_2012_sep_30,6,40,0.404619622801441,0.8906249999999964,0.764,1,1,,,,,,,,,,,,,,,,,,,,,,,,,,,,,,,,,none,none
sun3d-home_md-home_md_scan9_2012_sep_30,6,41,0.22008900190718372,0.7734374999999969,0.728,1,1,,,,,,,,,,,,,,,,,,,,,,,,,,,,,,,,,none,none
sun3d-home_md-home_md_scan9_2012_sep_30,6,45,0.46967577876668787,0.757812499999997,0.763,1,1,,,,,,,,,,,,,,,,,,,,,,,,,,,,,,,,,none,none
sun3d-home_md-home_md_scan9_2012_sep_30,6,47,0.218732782369146,0.7929687499999968,0.7435,1,1,,,,,,,,,,,,,,,,,,,,,,,,,,,,,,,,,none,none
sun3d-home_md-home_md_scan9_2012_sep_30,7,8,0.3986041290448533,0.8632812499999966,0.8185,1,0,,,,,,,,,,,,,,,,,,,,,,,,,,,,,,,,,none,none
sun3d-home_md-home_md_scan9_2012_sep_30,7,37,0.28098003806920785,0.8281249999999967,0.7225,1,1,,,,,,,,,,,,,,,,,,,,,,,,,,,,,,,,,none,none
sun3d-home_md-home_md_scan9_2012_sep_30,7,40,0.5237444482405194,0.9218749999999963,0.895,1,1,,,,,,,,,,,,,,,,,,,,,,,,,,,,,,,,,none,none
sun3d-home_md-home_md_scan9_2012_sep_30,7,41,0.29708624139782325,0.8632812499999966,0.801,1,1,,,,,,,,,,,,,,,,,,,,,,,,,,,,,,,,,none,none
sun3d-home_md-home_md_scan9_2012_sep_30,7,45,0.3596075943189028,0.8749999999999966,0.793,1,1,,,,,,,,,,,,,,,,,,,,,,,,,,,,,,,,,none,none
sun3d-home_md-home_md_scan9_2012_sep_30,7,47,0.302845429254722,0.8906249999999964,0.835,1,1,,,,,,,,,,,,,,,,,,,,,,,,,,,,,,,,,none,none
sun3d-home_md-home_md_scan9_2012_sep_30,7,49,0.17565522963541413,0.7304687499999971,0.695,1,1,,,,,,,,,,,,,,,,,,,,,,,,,,,,,,,,,none,none
sun3d-home_md-home_md_scan9_2012_sep_30,8,10,0.2288164088769334,0.2812499999999989,0.155,1,0,,,,,,,,,,,,,,,,,,,,,,,,,,,,,,,,,none,none
sun3d-home_md-home_md_scan9_2012_sep_30,8,32,0.25479152656355075,0.015624999999999938,0.0005,1,0,,,,,,,,,,,,,,,,,,,,,,,,,,,,,,,,,none,none
sun3d-home_md-home_md_scan9_2012_sep_30,8,33,0.19132481506388702,0.26562499999999895,0.098,1,0,,,,,,,,,,,,,,,,,,,,,,,,,,,,,,,,,none,none
sun3d-home_md-home_md_scan9_2012_sep_30,8,39,0.16787155346334903,0.4374999999999983,0.4915,1,1,,,,,,,,,,,,,,,,,,,,,,,,,,,,,,,,,none,none
sun3d-home_md-home_md_scan9_2012_sep_30,8,40,0.18350706119704102,0.4492187499999982,0.513,1,1,,,,,,,,,,,,,,,,,,,,,,,,,,,,,,,,,none,none
sun3d-home_md-home_md_scan9_2012_sep_30,8,46,0.24831876260928043,0.5742187499999977,0.5715,1,1,,,,,,,,,,,,,,,,,,,,,,,,,,,,,,,,,none,none
sun3d-home_md-home_md_scan9_2012_sep_30,9,12,0.36260292938861766,0.6484374999999974,0.5145,1,1,,,,,,,,,,,,,,,,,,,,,,,,,,,,,,,,,none,none
sun3d-home_md-home_md_scan9_2012_sep_30,9,32,0.35910515193470816,0.23437499999999906,0.1655,1,1,,,,,,,,,,,,,,,,,,,,,,,,,,,,,,,,,none,none
sun3d-home_md-home_md_scan9_2012_sep_30,9,33,0.3463528383006631,0.26171874999999895,0.0975,1,0,,,,,,,,,,,,,,,,,,,,,,,,,,,,,,,,,none,none
sun3d-home_md-home_md_scan9_2012_sep_30,10,32,0.3333142398900218,0.3124999999999988,0.1235,1,1,,,,,,,,,,,,,,,,,,,,,,,,,,,,,,,,,none,none
sun3d-home_md-home_md_scan9_2012_sep_30,10,33,0.3624126474968496,0.3007812499999988,0.1485,1,1,,,,,,,,,,,,,,,,,,,,,,,,,,,,,,,,,none,none
sun3d-home_md-home_md_scan9_2012_sep_30,10,35,0.38469469584144805,0.5507812499999978,0.205,1,1,,,,,,,,,,,,,,,,,,,,,,,,,,,,,,,,,none,none
sun3d-home_md-home_md_scan9_2012_sep_30,10,36,0.3112040325352274,0.7929687499999968,0.5535,1,1,,,,,,,,,,,,,,,,,,,,,,,,,,,,,,,,,none,none
sun3d-home_md-home_md_scan9_2012_sep_30,11,32,0.3317339149400218,0.0507812499999998,0.012,1,0,,,,,,,,,,,,,,,,,,,,,,,,,,,,,,,,,none,none
sun3d-home_md-home_md_scan9_2012_sep_30,11,33,0.28695019992729914,0.015624999999999938,0.0015,1,0,,,,,,,,,,,,,,,,,,,,,,,,,,,,,,,,,none,none
sun3d-home_md-home_md_scan9_2012_sep_30,11,35,0.21454016721192293,0.08984374999999964,0.029,1,0,,,,,,,,,,,,,,,,,,,,,,,,,,,,,,,,,none,none
sun3d-home_md-home_md_scan9_2012_sep_30,11,36,0.20617957106506724,0.3203124999999987,0.177,1,1,,,,,,,,,,,,,,,,,,,,,,,,,,,,,,,,,none,none
sun3d-home_md-home_md_scan9_2012_sep_30,12,13,0.37938684953610324,0.11328124999999954,0.0805,1,0,,,,,,,,,,,,,,,,,,,,,,,,,,,,,,,,,none,none
sun3d-home_md-home_md_scan9_2012_sep_30,12,14,0.15873336022589754,0.0,0.0,1,0,,,,,,,,,,,,,,,,,,,,,,,,,,,,,,,,,none,none
sun3d-home_md-home_md_scan9_2012_sep_30,12,32,0.33521581282775315,0.031249999999999875,0.0005,1,0,,,,,,,,,,,,,,,,,,,,,,,,,,,,,,,,,none,none
sun3d-home_md-home_md_scan9_2012_sep_30,12,33,0.37081484469544174,0.0,0.0,1,0,,,,,,,,,,,,,,,,,,,,,,,,,,,,,,,,,none,none
sun3d-home_md-home_md_scan9_2012_sep_30,12,35,0.2734973779749899,0.07031249999999972,0.0415,1,0,,,,,,,,,,,,,,,,,,,,,,,,,,,,,,,,,none,none
sun3d-home_md-home_md_scan9_2012_sep_30,13,17,0.340517864892232,0.6484374999999974,0.505,1,1,,,,,,,,,,,,,,,,,,,,,,,,,,,,,,,,,none,none
sun3d-home_md-home_md_scan9_2012_sep_30,13,18,0.37472877187906845,0.7148437499999971,0.6855,1,1,,,,,,,,,,,,,,,,,,,,,,,,,,,,,,,,,none,none
sun3d-home_md-home_md_scan9_2012_sep_30,13,19,0.33169391002459137,0.6249999999999976,0.5795,1,1,,,,,,,,,,,,,,,,,,,,,,,,,,,,,,,,,none,none
sun3d-home_md-home_md_scan9_2012_sep_30,13,23,0.2213221466801678,0.11718749999999953,0.0935,1,1,,,,,,,,,,,,,,,,,,,,,,,,,,,,,,,,,none,none
sun3d-home_md-home_md_scan9_2012_sep_30,13,54,0.36894257196586144,0.11328124999999954,0.11,1,0,,,,,,,,,,,,,,,,,,,,,,,,,,,,,,,,,none,none
sun3d-home_md-home_md_scan9_2012_sep_30,13,55,0.40337046144944305,0.6640624999999973,0.5955,1,1,,,,,,,,,,,,,,,,,,,,,,,,,,,,,,,,,none,none
sun3d-home_md-home_md_scan9_2012_sep_30,13,56,0.35838275712425866,0.45312499999999817,0.3915,1,1,,,,,,,,,,,,,,,,,,,,,,,,,,,,,,,,,none,none
sun3d-home_md-home_md_scan9_2012_sep_30,13,57,0.3642412845363807,0.6249999999999976,0.508,1,0,,,,,,,,,,,,,,,,,,,,,,,,,,,,,,,,,none,none
sun3d-home_md-home_md_scan9_2012_sep_30,13,58,0.354549399681759,0.5351562499999979,0.418,1,1,,,,,,,,,,,,,,,,,,,,,,,,,,,,,,,,,none,none
sun3d-home_md-home_md_scan9_2012_sep_30,14,17,0.2055777765601885,0.6914062499999972,0.6115,1,1,,,,,,,,,,,,,,,,,,,,,,,,,,,,,,,,,none,none
sun3d-home_md-home_md_scan9_2012_sep_30,14,18,0.25264369075667087,0.746093749999997,0.785,1,1,,,,,,,,,,,,,,,,,,,,,,,,,,,,,,,,,none,none
sun3d-home_md-home_md_scan9_2012_sep_30,14,19,0.22826146512519863,0.6484374999999974,0.722,1,1,,,,,,,,,,,,,,,,,,,,,,,,,,,,,,,,,none,none
sun3d-home_md-home_md_scan9_2012_sep_30,14,23,0.23658977590269026,0.5312499999999979,0.4815,1,1,,,,,,,,,,,,,,,,,,,,,,,,,,,,,,,,,none,none
sun3d-home_md-home_md_scan9_2012_sep_30,14,24,0.3467207276313627,0.7851562499999969,0.7105,1,1,,,,,,,,,,,,,,,,,,,,,,,,,,,,,,,,,none,none
sun3d-home_md-home_md_scan9_2012_sep_30,14,25,0.22683688565010138,0.36328124999999856,0.3765,1,1,,,,,,,,,,,,,,,,,,,,,,,,,,,,,,,,,none,none
sun3d-home_md-home_md_scan9_2012_sep_30,14,54,0.28694318119555096,0.17968749999999928,0.1995,1,1,,,,,,,,,,,,,,,,,,,,,,,,,,,,,,,,,none,none
sun3d-home_md-home_md_scan9_2012_sep_30,14,55,0.34157032491370337,0.6953124999999972,0.602,1,1,,,,,,,,,,,,,,,,,,,,,,,,,,,,,,,,,none,none
sun3d-home_md-home_md_scan9_2012_sep_30,14,56,0.32442057969426336,0.4296874999999983,0.4385,1,1,,,,,,,,,,,,,,,,,,,,,,,,,,,,,,,,,none,none
sun3d-home_md-home_md_scan9_2012_sep_30,14,57,0.311708947454934,0.6718749999999973,0.575,1,1,,,,,,,,,,,,,,,,,,,,,,,,,,,,,,,,,none,none
sun3d-home_md-home_md_scan9_2012_sep_30,14,58,0.2921483754314832,0.21874999999999914,0.206,1,1,,,,,,,,,,,,,,,,,,,,,,,,,,,,,,,,,none,none
sun3d-home_md-home_md_scan9_2012_sep_30,15,17,0.2422879177377892,0.746093749999997,0.7405,1,1,,,,,,,,,,,,,,,,,,,,,,,,,,,,,,,,,none,none
sun3d-home_md-home_md_scan9_2012_sep_30,15,18,0.26998714652956296,0.7656249999999969,0.823,1,1,,,,,,,,,,,,,,,,,,,,,,,,,,,,,,,,,none,none
sun3d-home_md-home_md_scan9_2012_sep_30,15,19,0.25231362467866325,0.7070312499999972,0.7545,1,1,,,,,,,,,,,,,,,,,,,,,,,,,,,,,,,,,none,none
sun3d-home_md-home_md_scan9_2012_sep_30,15,23,0.26253213367609257,0.5624999999999978,0.567,1,1,,,,,,,,,,,,,,,,,,,,,,,,,,,,,,,,,none,none
sun3d-home_md-home_md_scan9_2012_sep_30,15,24,0.39125964010282777,0.7187499999999971,0.73,1,1,,,,,,,,,,,,,,,,,,,,,,,,,,,,,,,,,none,none
sun3d-home_md-home_md_scan9_2012_sep_30,15,25,0.25661953727506426,0.4062499999999984,0.4815,1,1,,,,,,,,,,,,,,,,,,,,,,,,,,,,,,,,,none,none
sun3d-home_md-home_md_scan9_2012_sep_30,15,54,0.30147814910025705,0.4296874999999983,0.399,1,1,,,,,,,,,,,,,,,,,,,,,,,,,,,,,,,,,none,none
sun3d-home_md-home_md_scan9_2012_sep_30,15,55,0.34453727506426735,0.8046874999999968,0.7125,1,1,,,,,,,,,,,,,,,,,,,,,,,,,,,,,,,,,none,none
sun3d-home_md-home_md_scan9_2012_sep_30,15,56,0.35160668380462723,0.6640624999999973,0.58,1,1,,,,,,,,,,,,,,,,,,,,,,,,,,,,,,,,,none,none
sun3d-home_md-home_md_scan9_2012_sep_30,15,57,0.32422879177377895,0.6757812499999973,0.587,1,1,,,,,,,,,,,,,,,,,,,,,,,,,,,,,,,,,none,none
sun3d-home_md-home_md_scan9_2012_sep_30,15,58,0.301413881748072,0.5820312499999977,0.529,1,1,,,,,,,,,,,,,,,,,,,,,,,,,,,,,,,,,none,none
sun3d-home_md-home_md_scan9_2012_sep_30,16,17,0.38430991166220924,0.8124999999999968,0.792,1,0,,,,,,,,,,,,,,,,,,,,,,,,,,,,,,,,,none,none
sun3d-home_md-home_md_scan9_2012_sep_30,16,19,0.3436259016127725,0.746093749999997,0.79,1,1,,,,,,,,,,,,,,,,,,,,,,,,,,,,,,,,,none,none
sun3d-home_md-home_md_scan9_2012_sep_30,16,20,0.20431153253910367,0.4687499999999981,0.4595,1,1,,,,,,,,,,,,,,,,,,,,,,,,,,,,,,,,,none,none
sun3d-home_md-home_md_scan9_2012_sep_30,16,21,0.17667558148958587,0.3476562499999986,0.3235,1,1,,,,,,,,,,,,,,,,,,,,,,,,,,,,,,,,,none,none
sun3d-home_md-home_md_scan9_2012_sep_30,16,22,0.23089391360726153,0.4257812499999983,0.3445,1,1,,,,,,,,,,,,,,,,,,,,,,,,,,,,,,,,,none,none
sun3d-home_md-home_md_scan9_2012_sep_30,16,23,0.3412756301158927,0.5234374999999979,0.54,1,1,,,,,,,,,,,,,,,,,,,,,,,,,,,,,,,,,none,none
sun3d-home_md-home_md_scan9_2012_sep_30,16,25,0.2338114920171813,0.16015624999999936,0.13,1,1,,,,,,,,,,,,,,,,,,,,,,,,,,,,,,,,,none,none
sun3d-home_md-home_md_scan9_2012_sep_30,16,54,0.42807358781100574,0.5585937499999978,0.547,1,1,,,,,,,,,,,,,,,,,,,,,,,,,,,,,,,,,none,none
sun3d-home_md-home_md_scan9_2012_sep_30,16,58,0.42442661479860605,0.6679687499999973,0.572,1,1,,,,,,,,,,,,,,,,,,,,,,,,,,,,,,,,,none,none
sun3d-home_md-home_md_scan9_2012_sep_30,17,23,0.31628242074927954,0.249999999999999,0.288,1,1,,,,,,,,,,,,,,,,,,,,,,,,,,,,,,,,,none,none
sun3d-home_md-home_md_scan9_2012_sep_30,17,34,0.25240153698366957,0.1249999999999995,0.1035,1,1,,,,,,,,,,,,,,,,,,,,,,,,,,,,,,,,,none,none
sun3d-home_md-home_md_scan9_2012_sep_30,18,24,0.2737615548708225,0.13671874999999944,0.169,1,1,,,,,,,,,,,,,,,,,,,,,,,,,,,,,,,,,none,none
sun3d-home_md-home_md_scan9_2012_sep_30,18,59,0.5238208106186301,0.22656249999999908,0.122,1,1,,,,,,,,,,,,,,,,,,,,,,,,,,,,,,,,,none,none
sun3d-home_md-home_md_scan9_2012_sep_30,19,21,0.3492950252726789,0.16796874999999933,0.2065,1,1,,,,,,,,,,,,,,,,,,,,,,,,,,,,,,,,,none,none
sun3d-home_md-home_md_scan9_2012_sep_30,19,24,0.3115190210162277,0.18749999999999925,0.1885,1,1,,,,,,,,,,,,,,,,,,,,,,,,,,,,,,,,,none,none
sun3d-home_md-home_md_scan9_2012_sep_30,19,59,0.5937749401436552,0.23437499999999906,0.169,1,0,,,,,,,,,,,,,,,,,,,,,,,,,,,,,,,,,none,none
sun3d-home_md-home_md_scan9_2012_sep_30,20,23,0.3956185567010309,0.18749999999999925,0.2465,1,1,,,,,,,,,,,,,,,,,,,,,,,,,,,,,,,,,none,none
sun3d-home_md-home_md_scan9_2012_sep_30,21,23,0.310580204778157,0.042968749999999827,0.034,1,0,,,,,,,,,,,,,,,,,,,,,,,,,,,,,,,,,none,none
sun3d-home_md-home_md_scan9_2012_sep_30,21,34,0.26474890297415893,0.03906249999999985,0.026,1,0,,,,,,,,,,,,,,,,,,,,,,,,,,,,,,,,,none,none
sun3d-home_md-home_md_scan9_2012_sep_30,22,59,0.42019271051529117,0.09765624999999961,0.0395,1,0,,,,,,,,,,,,,,,,,,,,,,,,,,,,,,,,,none,none
sun3d-home_md-home_md_scan9_2012_sep_30,23,25,0.21765847347994827,0.04687499999999981,0.003,1,0,,,,,,,,,,,,,,,,,,,,,,,,,,,,,,,,,none,none
sun3d-home_md-home_md_scan9_2012_sep_30,23,59,0.4489003880983182,0.042968749999999827,0.0105,1,0,,,,,,,,,,,,,,,,,,,,,,,,,,,,,,,,,none,none
sun3d-home_md-home_md_scan9_2012_sep_30,24,26,0.27104722792607805,0.10546874999999958,0.12,1,1,,,,,,,,,,,,,,,,,,,,,,,,,,,,,,,,,none,none
sun3d-home_md-home_md_scan9_2012_sep_30,24,52,0.24353182751540042,0.0,0.0,1,0,,,,,,,,,,,,,,,,,,,,,,,,,,,,,,,,,none,none
sun3d-home_md-home_md_scan9_2012_sep_30,24,54,0.2215605749486653,0.03906249999999985,0.0255,1,0,,,,,,,,,,,,,,,,,,,,,,,,,,,,,,,,,none,none
sun3d-home_md-home_md_scan9_2012_sep_30,24,55,0.3020533880903491,0.11718749999999953,0.078,1,0,,,,,,,,,,,,,,,,,,,,,,,,,,,,,,,,,none,none
sun3d-home_md-home_md_scan9_2012_sep_30,24,56,0.33429158110882956,0.06640624999999974,0.0685,1,0,,,,,,,,,,,,,,,,,,,,,,,,,,,,,,,,,none,none
sun3d-home_md-home_md_scan9_2012_sep_30,24,57,0.22114989733059548,0.12890624999999947,0.07,1,0,,,,,,,,,,,,,,,,,,,,,,,,,,,,,,,,,none,none
sun3d-home_md-home_md_scan9_2012_sep_30,25,27,0.3701136678680344,0.14453124999999942,0.1645,1,1,,,,,,,,,,,,,,,,,,,,,,,,,,,,,,,,,none,none
sun3d-home_md-home_md_scan9_2012_sep_30,25,52,0.43415580815081783,0.054687499999999785,0.013,1,0,,,,,,,,,,,,,,,,,,,,,,,,,,,,,,,,,none,none
sun3d-home_md-home_md_scan9_2012_sep_30,25,54,0.308012198502911,0.027343749999999892,0.0205,1,0,,,,,,,,,,,,,,,,,,,,,,,,,,,,,,,,,none,none
sun3d-home_md-home_md_scan9_2012_sep_30,25,55,0.39645134460770726,0.13671874999999944,0.08,1,0,,,,,,,,,,,,,,,,,,,,,,,,,,,,,,,,,none,none
sun3d-home_md-home_md_scan9_2012_sep_30,25,56,0.43138342112558914,0.13281249999999947,0.062,1,0,,,,,,,,,,,,,,,,,,,,,,,,,,,,,,,,,none,none
sun3d-home_md-home_md_scan9_2012_sep_30,25,57,0.33240920432492377,0.058593749999999764,0.042,1,0,,,,,,,,,,,,,,,,,,,,,,,,,,,,,,,,,none,none
sun3d-home_md-home_md_scan9_2012_sep_30,25,58,0.2983088439146105,0.011718749999999953,0.007,1,0,,,,,,,,,,,,,,,,,,,,,,,,,,,,,,,,,none,none
sun3d-home_md-home_md_scan9_2012_sep_30,25,59,0.305794288882728,0.015624999999999938,0.0045,1,0,,,,,,,,,,,,,,,,,,,,,,,,,,,,,,,,,none,none
sun3d-home_md-home_md_scan9_2012_sep_30,26,42,0.2745705435088707,0.4726562499999981,0.569,1,0,,,,,,,,,,,,,,,,,,,,,,,,,,,,,,,,,none,none
sun3d-home_md-home_md_scan9_2012_sep_30,26,43,0.2407772458462405,0.41015624999999833,0.324,1,0,,,,,,,,,,,,,,,,,,,,,,,,,,,,,,,,,none,none
sun3d-home_md-home_md_scan9_2012_sep_30,26,59,0.3327701117056228,0.1249999999999995,0.15,1,0,,,,,,,,,,,,,,,,,,,,,,,,,,,,,,,,,none,none
sun3d-home_md-home_md_scan9_2012_sep_30,27,29,0.184188393608074,0.35546874999999856,0.354,1,1,,,,,,,,,,,,,,,,,,,,,,,,,,,,,,,,,none,none
sun3d-home_md-home_md_scan9_2012_sep_30,27,42,0.4238856181665265,0.5781249999999977,0.5805,1,1,,,,,,,,,,,,,,,,,,,,,,,,,,,,,,,,,none,none
sun3d-home_md-home_md_scan9_2012_sep_30,27,43,0.31118587047939444,0.46093749999999817,0.4075,1,0,,,,,,,,,,,,,,,,,,,,,,,,,,,,,,,,,none,none
sun3d-home_md-home_md_scan9_2012_sep_30,27,59,0.351555929352397,0.007812499999999969,0.011,1,0,,,,,,,,,,,,,,,,,,,,,,,,,,,,,,,,,none,none
sun3d-home_md-home_md_scan9_2012_sep_30,28,42,0.4461829255486716,0.48046874999999806,0.4515,1,1,,,,,,,,,,,,,,,,,,,,,,,,,,,,,,,,,none,none
sun3d-home_md-home_md_scan9_2012_sep_30,28,43,0.3048409114774756,0.36328124999999856,0.358,1,0,,,,,,,,,,,,,,,,,,,,,,,,,,,,,,,,,none,none
sun3d-home_md-home_md_scan9_2012_sep_30,28,44,0.13903181770450487,0.23828124999999906,0.081,1,0,,,,,,,,,,,,,,,,,,,,,,,,,,,,,,,,,none,none
sun3d-home_md-home_md_scan9_2012_sep_30,28,59,0.39304840911477473,0.09765624999999961,0.1215,1,0,,,,,,,,,,,,,,,,,,,,,,,,,,,,,,,,,none,none
sun3d-home_md-home_md_scan9_2012_sep_30,29,39,0.174095124139994,0.07421874999999971,0.0175,1,0,,,,,,,,,,,,,,,,,,,,,,,,,,,,,,,,,none,none
sun3d-home_md-home_md_scan9_2012_sep_30,29,44,0.14896799282081963,0.10546874999999958,0.033,1,0,,,,,,,,,,,,,,,,,,,,,,,,,,,,,,,,,none,none
sun3d-home_md-home_md_scan9_2012_sep_30,29,51,0.34460065809153456,0.22656249999999908,0.3285,1,1,,,,,,,,,,,,,,,,,,,,,,,,,,,,,,,,,none,none
sun3d-home_md-home_md_scan9_2012_sep_30,30,31,0.2570182306229728,0.4296874999999983,0.351,1,0,,,,,,,,,,,,,,,,,,,,,,,,,,,,,,,,,none,none
sun3d-home_md-home_md_scan9_2012_sep_30,30,38,0.360026842635052,0.18359374999999928,0.0585,1,0,,,,,,,,,,,,,,,,,,,,,,,,,,,,,,,,,none,none
sun3d-home_md-home_md_scan9_2012_sep_30,30,39,0.5333855273459345,0.4726562499999981,0.378,1,0,,,,,,,,,,,,,,,,,,,,,,,,,,,,,,,,,none,none
sun3d-home_md-home_md_scan9_2012_sep_30,30,40,0.5397606531707863,0.511718749999998,0.371,1,0,,,,,,,,,,,,,,,,,,,,,,,,,,,,,,,,,none,none
sun3d-home_md-home_md_scan9_2012_sep_30,30,41,0.5388658986690527,0.38671874999999845,0.3,1,1,,,,,,,,,,,,,,,,,,,,,,,,,,,,,,,,,none,none
sun3d-home_md-home_md_scan9_2012_sep_30,30,42,0.4979308802147411,0.5351562499999979,0.4215,1,0,,,,,,,,,,,,,,,,,,,,,,,,,,,,,,,,,none,none
sun3d-home_md-home_md_scan9_2012_sep_30,30,43,0.3821720165529583,0.21484374999999914,0.175,1,0,,,,,,,,,,,,,,,,,,,,,,,,,,,,,,,,,none,none
sun3d-home_md-home_md_scan9_2012_sep_30,30,45,0.5091153114864109,0.48046874999999806,0.3745,1,0,,,,,,,,,,,,,,,,,,,,,,,,,,,,,,,,,none,none
sun3d-home_md-home_md_scan9_2012_sep_30,30,46,0.5455765574320546,0.5273437499999979,0.4405,1,0,,,,,,,,,,,,,,,,,,,,,,,,,,,,,,,,,none,none
sun3d-home_md-home_md_scan9_2012_sep_30,30,47,0.5423330723632703,0.42187499999999833,0.3845,1,1,,,,,,,,,,,,,,,,,,,,,,,,,,,,,,,,,none,none
sun3d-home_md-home_md_scan9_2012_sep_30,30,48,0.39503411251537857,0.4023437499999984,0.395,1,1,,,,,,,,,,,,,,,,,,,,,,,,,,,,,,,,,none,none
sun3d-home_md-home_md_scan9_2012_sep_30,30,49,0.5393132759199195,0.5312499999999979,0.4695,1,1,,,,,,,,,,,,,,,,,,,,,,,,,,,,,,,,,none,none
sun3d-home_md-home_md_scan9_2012_sep_30,30,50,0.3615926630130858,0.45703124999999817,0.534,1,0,,,,,,,,,,,,,,,,,,,,,,,,,,,,,,,,,none,none
sun3d-home_md-home_md_scan9_2012_sep_30,31,33,0.20669500531349627,0.058593749999999764,0.001,1,0,,,,,,,,,,,,,,,,,,,,,,,,,,,,,,,,,none,none
sun3d-home_md-home_md_scan9_2012_sep_30,31,35,0.2504427913567127,0.03515624999999986,0.014,1,0,,,,,,,,,,,,,,,,,,,,,,,,,,,,,,,,,none,none
sun3d-home_md-home_md_scan9_2012_sep_30,31,36,0.2669146298264258,0.023437499999999906,0.0,1,0,,,,,,,,,,,,,,,,,,,,,,,,,,,,,,,,,none,none
sun3d-home_md-home_md_scan9_2012_sep_30,31,37,0.19996457669146298,0.0,0.0,1,0,,,,,,,,,,,,,,,,,,,,,,,,,,,,,,,,,none,none
sun3d-home_md-home_md_scan9_2012_sep_30,32,37,0.26115358919159676,0.3710937499999985,0.126,1,1,,,,,,,,,,,,,,,,,,,,,,,,,,,,,,,,,none,none
sun3d-home_md-home_md_scan9_2012_sep_30,33,37,0.19732595666205624,0.28515624999999883,0.14,1,0,,,,,,,,,,,,,,,,,,,,,,,,,,,,,,,,,none,none
sun3d-home_md-home_md_scan9_2012_sep_30,34,36,0.1891083183722322,0.08984374999999964,0.045,1,0,,,,,,,,,,,,,,,,,,,,,,,,,,,,,,,,,none,none
sun3d-home_md-home_md_scan9_2012_sep_30,34,58,0.16297626171952923,0.0,0.0,1,0,,,,,,,,,,,,,,,,,,,,,,,,,,,,,,,,,none,none
sun3d-home_md-home_md_scan9_2012_sep_30,37,39,0.14980875478113048,0.3242187499999987,0.361,1,1,,,,,,,,,,,,,,,,,,,,,,,,,,,,,,,,,none,none
sun3d-home_md-home_md_scan9_2012_sep_30,37,40,0.17966425839354017,0.1523437499999994,0.21,1,0,,,,,,,,,,,,,,,,,,,,,,,,,,,,,,,,,none,none
sun3d-home_md-home_md_scan9_2012_sep_30,37,46,0.1940076498087548,0.39062499999999845,0.423,1,1,,,,,,,,,,,,,,,,,,,,,,,,,,,,,,,,,none,none
sun3d-home_md-home_md_scan9_2012_sep_30,38,45,0.4976632452500546,0.8515624999999966,0.799,1,1,,,,,,,,,,,,,,,,,,,,,,,,,,,,,,,,,none,none
sun3d-home_md-home_md_scan9_2012_sep_30,38,48,0.2800611487224285,0.8671874999999966,0.8595,1,1,,,,,,,,,,,,,,,,,,,,,,,,,,,,,,,,,none,none
sun3d-home_md-home_md_scan9_2012_sep_30,38,49,0.3563223411225158,0.9023437499999964,0.8175,1,1,,,,,,,,,,,,,,,,,,,,,,,,,,,,,,,,,none,none
sun3d-home_md-home_md_scan9_2012_sep_30,39,42,0.26552672955974843,0.8124999999999968,0.7835,1,1,,,,,,,,,,,,,,,,,,,,,,,,,,,,,,,,,none,none
sun3d-home_md-home_md_scan9_2012_sep_30,39,43,0.17209119496855346,0.6406249999999974,0.6295,1,1,,,,,,,,,,,,,,,,,,,,,,,,,,,,,,,,,none,none
sun3d-home_md-home_md_scan9_2012_sep_30,39,44,0.1441430817610063,0.4492187499999982,0.158,1,0,,,,,,,,,,,,,,,,,,,,,,,,,,,,,,,,,none,none
sun3d-home_md-home_md_scan9_2012_sep_30,39,48,0.3155267295597484,0.9609374999999961,0.924,1,1,,,,,,,,,,,,,,,,,,,,,,,,,,,,,,,,,none,none
sun3d-home_md-home_md_scan9_2012_sep_30,39,49,0.386124213836478,0.9414062499999962,0.93,1,1,,,,,,,,,,,,,,,,,,,,,,,,,,,,,,,,,none,none
sun3d-home_md-home_md_scan9_2012_sep_30,40,42,0.24565041472789803,0.7890624999999969,0.791,1,1,,,,,,,,,,,,,,,,,,,,,,,,,,,,,,,,,none,none
sun3d-home_md-home_md_scan9_2012_sep_30,40,43,0.14965607930406635,0.48437499999999806,0.4865,1,1,,,,,,,,,,,,,,,,,,,,,,,,,,,,,,,,,none,none
sun3d-home_md-home_md_scan9_2012_sep_30,40,48,0.3564636860206352,0.8671874999999966,0.8665,1,1,,,,,,,,,,,,,,,,,,,,,,,,,,,,,,,,,none,none
sun3d-home_md-home_md_scan9_2012_sep_30,41,43,0.2463418644160684,0.753906249999997,0.7635,1,1,,,,,,,,,,,,,,,,,,,,,,,,,,,,,,,,,none,none
sun3d-home_md-home_md_scan9_2012_sep_30,41,50,0.3982024442374089,0.7773437499999969,0.6375,1,1,,,,,,,,,,,,,,,,,,,,,,,,,,,,,,,,,none,none
sun3d-home_md-home_md_scan9_2012_sep_30,42,45,0.3379231804534631,0.6562499999999973,0.6525,1,1,,,,,,,,,,,,,,,,,,,,,,,,,,,,,,,,,none,none
sun3d-home_md-home_md_scan9_2012_sep_30,42,46,0.3007040066259447,0.8359374999999967,0.8645,1,1,,,,,,,,,,,,,,,,,,,,,,,,,,,,,,,,,none,none
sun3d-home_md-home_md_scan9_2012_sep_30,42,47,0.3887566000621182,0.8945312499999964,0.8805,1,1,,,,,,,,,,,,,,,,,,,,,,,,,,,,,,,,,none,none
sun3d-home_md-home_md_scan9_2012_sep_30,43,44,0.4682715106699353,0.5976562499999976,0.448,1,0,,,,,,,,,,,,,,,,,,,,,,,,,,,,,,,,,none,none
sun3d-home_md-home_md_scan9_2012_sep_30,43,45,0.42490857211750993,0.757812499999997,0.792,1,1,,,,,,,,,,,,,,,,,,,,,,,,,,,,,,,,,none,none
sun3d-home_md-home_md_scan9_2012_sep_30,43,47,0.17120122171763855,0.749999999999997,0.7825,1,1,,,,,,,,,,,,,,,,,,,,,,,,,,,,,,,,,none,none
sun3d-home_md-home_md_scan9_2012_sep_30,43,48,0.1501426676847647,0.29687499999999883,0.3335,1,1,,,,,,,,,,,,,,,,,,,,,,,,,,,,,,,,,none,none
sun3d-home_md-home_md_scan9_2012_sep_30,43,49,0.15717558172246113,0.5507812499999978,0.5295,1,1,,,,,,,,,,,,,,,,,,,,,,,,,,,,,,,,,none,none
sun3d-home_md-home_md_scan9_2012_sep_30,43,50,0.3721818108748945,0.8320312499999967,0.6545,1,1,,,,,,,,,,,,,,,,,,,,,,,,,,,,,,,,,none,none
sun3d-home_md-home_md_scan9_2012_sep_30,43,51,0.2575252180203352,0.7031249999999972,0.482,1,0,,,,,,,,,,,,,,,,,,,,,,,,,,,,,,,,,none,none
sun3d-home_md-home_md_scan9_2012_sep_30,45,48,0.22199170124481327,0.8320312499999967,0.8265,1,1,,,,,,,,,,,,,,,,,,,,,,,,,,,,,,,,,none,none
sun3d-home_md-home_md_scan9_2012_sep_30,45,49,0.29437528815122177,0.9023437499999964,0.88,1,1,,,,,,,,,,,,,,,,,,,,,,,,,,,,,,,,,none,none
sun3d-home_md-home_md_scan9_2012_sep_30,45,50,0.16650200882566027,0.5820312499999977,0.508,1,1,,,,,,,,,,,,,,,,,,,,,,,,,,,,,,,,,none,none
sun3d-home_md-home_md_scan9_2012_sep_30,46,48,0.2819823854306613,0.9414062499999962,0.927,1,1,,,,,,,,,,,,,,,,,,,,,,,,,,,,,,,,,none,none
sun3d-home_md-home_md_scan9_2012_sep_30,46,49,0.351768920734438,0.9531249999999962,0.9045,1,1,,,,,,,,,,,,,,,,,,,,,,,,,,,,,,,,,none,none
sun3d-home_md-home_md_scan9_2012_sep_30,47,50,0.37035741356189145,0.8046874999999968,0.737,1,1,,,,,,,,,,,,,,,,,,,,,,,,,,,,,,,,,none,none
sun3d-home_md-home_md_scan9_2012_sep_30,48,51,0.20555167375976624,0.031249999999999875,0.0,1,0,,,,,,,,,,,,,,,,,,,,,,,,,,,,,,,,,none,none
sun3d-home_md-home_md_scan9_2012_sep_30,50,59,0.22870673207958572,0.4335937499999983,0.372,1,1,,,,,,,,,,,,,,,,,,,,,,,,,,,,,,,,,none,none
sun3d-home_md-home_md_scan9_2012_sep_30,51,53,0.14883897982489533,0.738281249999997,0.6375,1,1,,,,,,,,,,,,,,,,,,,,,,,,,,,,,,,,,none,none
sun3d-home_md-home_md_scan9_2012_sep_30,52,53,0.3497323850722194,0.8320312499999967,0.806,1,0,,,,,,,,,,,,,,,,,,,,,,,,,,,,,,,,,none,none
sun3d-home_md-home_md_scan9_2012_sep_30,52,54,0.3648361316812083,0.8203124999999967,0.7385,1,1,,,,,,,,,,,,,,,,,,,,,,,,,,,,,,,,,none,none
sun3d-home_md-home_md_scan9_2012_sep_30,52,55,0.2494317765232055,0.5273437499999979,0.566,1,1,,,,,,,,,,,,,,,,,,,,,,,,,,,,,,,,,none,none
sun3d-home_md-home_md_scan9_2012_sep_30,52,56,0.1827113424737884,0.4296874999999983,0.453,1,1,,,,,,,,,,,,,,,,,,,,,,,,,,,,,,,,,none,none
sun3d-home_md-home_md_scan9_2012_sep_30,52,57,0.30786714568516754,0.5234374999999979,0.568,1,1,,,,,,,,,,,,,,,,,,,,,,,,,,,,,,,,,none,none
sun3d-home_md-home_md_scan9_2012_sep_30,52,58,0.3996627318718381,0.5664062499999978,0.615,1,1,,,,,,,,,,,,,,,,,,,,,,,,,,,,,,,,,none,none
sun3d-home_md-home_md_scan9_2012_sep_30,53,57,0.3082308018667798,0.17968749999999928,0.229,1,1,,,,,,,,,,,,,,,,,,,,,,,,,,,,,,,,,none,none
sun3d-home_md-home_md_scan9_2012_sep_30,56,59,0.4538685907276635,0.4296874999999983,0.415,1,1,,,,,,,,,,,,,,,,,,,,,,,,,,,,,,,,,none,none
sun3d-hotel_uc-scan3,0,4,0.2874129730474943,0.8164062499999968,0.6805,1,1,,,,,,,,,,,,,,,,,,,,,,,,,,,,,,,,,none,none
sun3d-hotel_uc-scan3,0,9,0.4051147721789481,0.9492187499999962,0.7995,1,1,,,,,,,,,,,,,,,,,,,,,,,,,,,,,,,,,none,none
sun3d-hotel_uc-scan3,0,11,0.30054456469290686,0.9023437499999964,0.777,1,1,,,,,,,,,,,,,,,,,,,,,,,,,,,,,,,,,none,none
sun3d-hotel_uc-scan3,0,18,0.3962914455090646,0.8906249999999964,0.7255,1,1,,,,,,,,,,,,,,,,,,,,,,,,,,,,,,,,,none,none
sun3d-hotel_uc-scan3,0,20,0.40142689735989523,0.8359374999999967,0.7015,1,1,,,,,,,,,,,,,,,,,,,,,,,,,,,,,,,,,none,none
sun3d-hotel_uc-scan3,0,34,0.22930309505755841,0.761718749999997,0.6195,1,1,,,,,,,,,,,,,,,,,,,,,,,,,,,,,,,,,none,none
sun3d-hotel_uc-scan3,0,43,0.3647549458881919,0.9570312499999962,0.866,1,1,,,,,,,,,,,,,,,,,,,,,,,,,,,,,,,,,none,none
sun3d-hotel_uc-scan3,0,46,0.30905769628455226,0.8710937499999966,0.7675,1,1,,,,,,,,,,,,,,,,,,,,,,,,,,,,,,,,,none,none
sun3d-hotel_uc-scan3,0,53,0.22913076445853725,0.7070312499999972,0.5845,1,1,,,,,,,,,,,,,,,,,,,,,,,,,,,,,,,,,none,none
sun3d-hotel_uc-scan3,1,9,0.34328358208955223,0.8749999999999966,0.7595,1,1,,,,,,,,,,,,,,,,,,,,,,,,,,,,,,,,,none,none
sun3d-hotel_uc-scan3,1,11,0.3406183368869936,0.9843749999999961,0.8705,1,1,,,,,,,,,,,,,,,,,,,,,,,,,,,,,,,,,none,none
sun3d-hotel_uc-scan3,1,18,0.3451492537313433,0.7968749999999968,0.6595,1,1,,,,,,,,,,,,,,,,,,,,,,,,,,,,,,,,,none,none
sun3d-hotel_uc-scan3,1,20,0.34358342217484006,0.7851562499999969,0.7325,1,1,,,,,,,,,,,,,,,,,,,,,,,,,,,,,,,,,none,none
sun3d-hotel_uc-scan3,1,34,0.3053038379530917,0.7695312499999969,0.6085,1,1,,,,,,,,,,,,,,,,,,,,,,,,,,,,,,,,,none,none
sun3d-hotel_uc-scan3,1,36,0.4245735607675906,0.9492187499999962,0.8765,1,1,,,,,,,,,,,,,,,,,,,,,,,,,,,,,,,,,none,none
sun3d-hotel_uc-scan3,1,43,0.4014192430703625,0.9101562499999963,0.8075,1,1,,,,,,,,,,,,,,,,,,,,,,,,,,,,,,,,,none,none
sun3d-hotel_uc-scan3,1,46,0.357476012793177,0.9179687499999963,0.7885,1,1,,,,,,,,,,,,,,,,,,,,,,,,,,,,,,,,,none,none
sun3d-hotel_uc-scan3,1,53,0.2809168443496802,0.8671874999999966,0.735,1,1,,,,,,,,,,,,,,,,,,,,,,,,,,,,,,,,,none,none
sun3d-hotel_uc-scan3,2,18,0.3632088200146486,0.8242187499999967,0.653,1,1,,,,,,,,,,,,,,,,,,,,,,,,,,,,,,,,,none,none
sun3d-hotel_uc-scan3,2,19,0.3556532130604063,0.7812499999999969,0.6225,1,1,,,,,,,,,,,,,,,,,,,,,,,,,,,,,,,,,none,none
sun3d-hotel_uc-scan3,2,20,0.22778613006437687,0.6289062499999974,0.5505,1,1,,,,,,,,,,,,,,,,,,,,,,,,,,,,,,,,,none,none
sun3d-hotel_uc-scan3,2,21,0.17485833236960796,0.503906249999998,0.299,1,1,,,,,,,,,,,,,,,,,,,,,,,,,,,,,,,,,none,none
sun3d-hotel_uc-scan3,2,36,0.24902663736941522,0.6874999999999972,0.7045,1,1,,,,,,,,,,,,,,,,,,,,,,,,,,,,,,,,,none,none
sun3d-hotel_uc-scan3,2,43,0.3992521491075903,0.9257812499999963,0.863,1,1,,,,,,,,,,,,,,,,,,,,,,,,,,,,,,,,,none,none
sun3d-hotel_uc-scan3,2,47,0.1831463706102309,0.6210937499999976,0.3575,1,0,,,,,,,,,,,,,,,,,,,,,,,,,,,,,,,,,none,none
sun3d-hotel_uc-scan3,3,11,0.38279329608938545,0.9687499999999961,0.851,1,1,,,,,,,,,,,,,,,,,,,,,,,,,,,,,,,,,none,none
sun3d-hotel_uc-scan3,3,18,0.33276935355147647,0.8710937499999966,0.771,1,1,,,,,,,,,,,,,,,,,,,,,,,,,,,,,,,,,none,none
sun3d-hotel_uc-scan3,3,20,0.24478850758180368,0.742187499999997,0.674,1,1,,,,,,,,,,,,,,,,,,,,,,,,,,,,,,,,,none,none
sun3d-hotel_uc-scan3,3,34,0.3114764565043895,0.8085937499999968,0.6215,1,1,,,,,,,,,,,,,,,,,,,,,,,,,,,,,,,,,none,none
sun3d-hotel_uc-scan3,3,36,0.28338387869114123,0.8789062499999964,0.842,1,1,,,,,,,,,,,,,,,,,,,,,,,,,,,,,,,,,none,none
sun3d-hotel_uc-scan3,3,43,0.26100558659217876,0.8710937499999966,0.754,1,1,,,,,,,,,,,,,,,,,,,,,,,,,,,,,,,,,none,none
sun3d-hotel_uc-scan3,3,44,0.4127055067837191,0.9414062499999962,0.8605,1,1,,,,,,,,,,,,,,,,,,,,,,,,,,,,,,,,,none,none
sun3d-hotel_uc-scan3,3,46,0.35297685554668795,0.8906249999999964,0.7345,1,1,,,,,,,,,,,,,,,,,,,,,,,,,,,,,,,,,none,none
sun3d-hotel_uc-scan3,3,53,0.2633679169992019,0.8124999999999968,0.6425,1,1,,,,,,,,,,,,,,,,,,,,,,,,,,,,,,,,,none,none
sun3d-hotel_uc-scan3,4,7,0.28010281052690394,0.6523437499999974,0.4865,1,1,,,,,,,,,,,,,,,,,,,,,,,,,,,,,,,,,none,none
sun3d-hotel_uc-scan3,4,8,0.31474548807062636,0.7695312499999969,0.6165,1,1,,,,,,,,,,,,,,,,,,,,,,,,,,,,,,,,,none,none
sun3d-hotel_uc-scan3,4,10,0.5043862099793261,0.8554687499999966,0.818,1,1,,,,,,,,,,,,,,,,,,,,,,,,,,,,,,,,,none,none
sun3d-hotel_uc-scan3,4,19,0.47276079789908926,0.7890624999999969,0.6185,1,1,,,,,,,,,,,,,,,,,,,,,,,,,,,,,,,,,none,none
sun3d-hotel_uc-scan3,4,38,0.2603788344415265,0.7226562499999971,0.5515,1,1,,,,,,,,,,,,,,,,,,,,,,,,,,,,,,,,,none,none
sun3d-hotel_uc-scan3,4,39,0.28887523048555624,0.49218749999999806,0.344,1,1,,,,,,,,,,,,,,,,,,,,,,,,,,,,,,,,,none,none
sun3d-hotel_uc-scan3,4,40,0.21126445773034586,0.5742187499999977,0.457,1,1,,,,,,,,,,,,,,,,,,,,,,,,,,,,,,,,,none,none
sun3d-hotel_uc-scan3,4,41,0.21372297033022294,0.5156249999999979,0.478,1,1,,,,,,,,,,,,,,,,,,,,,,,,,,,,,,,,,none,none
sun3d-hotel_uc-scan3,4,43,0.17410739230038555,0.38281249999999845,0.304,1,1,,,,,,,,,,,,,,,,,,,,,,,,,,,,,,,,,none,none
sun3d-hotel_uc-scan3,4,44,0.27121863999553,0.5859374999999977,0.479,1,1,,,,,,,,,,,,,,,,,,,,,,,,,,,,,,,,,none,none
sun3d-hotel_uc-scan3,4,45,0.2802704363859865,0.6523437499999974,0.5485,1,1,,,,,,,,,,,,,,,,,,,,,,,,,,,,,,,,,none,none
sun3d-hotel_uc-scan3,5,36,0.3339527278132897,0.6093749999999976,0.3005,1,1,,,,,,,,,,,,,,,,,,,,,,,,,,,,,,,,,none,none
sun3d-hotel_uc-scan3,5,42,0.19369704177196373,0.46093749999999817,0.339,1,1,,,,,,,,,,,,,,,,,,,,,,,,,,,,,,,,,none,none
sun3d-hotel_uc-scan3,5,43,0.18291957782072246,0.5468749999999978,0.5385,1,1,,,,,,,,,,,,,,,,,,,,,,,,,,,,,,,,,none,none
sun3d-hotel_uc-scan3,5,44,0.18581834398691838,0.4374999999999983,0.407,1,1,,,,,,,,,,,,,,,,,,,,,,,,,,,,,,,,,none,none
sun3d-hotel_uc-scan3,6,36,0.34186471663619744,0.4257812499999983,0.239,1,1,,,,,,,,,,,,,,,,,,,,,,,,,,,,,,,,,none,none
sun3d-hotel_uc-scan3,6,42,0.2528749189125435,0.6679687499999973,0.642,1,1,,,,,,,,,,,,,,,,,,,,,,,,,,,,,,,,,none,none
sun3d-hotel_uc-scan3,6,43,0.23824969039334787,0.6484374999999974,0.595,1,1,,,,,,,,,,,,,,,,,,,,,,,,,,,,,,,,,none,none
sun3d-hotel_uc-scan3,6,44,0.21094533231113993,0.5664062499999978,0.503,1,1,,,,,,,,,,,,,,,,,,,,,,,,,,,,,,,,,none,none
sun3d-hotel_uc-scan3,7,36,0.25723812170047233,0.45312499999999817,0.1745,1,1,,,,,,,,,,,,,,,,,,,,,,,,,,,,,,,,,none,none
sun3d-hotel_uc-scan3,7,42,0.3054181717143651,0.7031249999999972,0.623,1,1,,,,,,,,,,,,,,,,,,,,,,,,,,,,,,,,,none,none
sun3d-hotel_uc-scan3,7,43,0.18266185051403167,0.28906249999999883,0.2815,1,1,,,,,,,,,,,,,,,,,,,,,,,,,,,,,,,,,none,none
sun3d-hotel_uc-scan3,8,10,0.2226062910473557,0.6796874999999973,0.509,1,1,,,,,,,,,,,,,,,,,,,,,,,,,,,,,,,,,none,none
sun3d-hotel_uc-scan3,8,18,0.20165917732457656,0.14453124999999942,0.0365,1,0,,,,,,,,,,,,,,,,,,,,,,,,,,,,,,,,,none,none
sun3d-hotel_uc-scan3,8,20,0.2185274801244383,0.06640624999999974,0.0125,1,0,,,,,,,,,,,,,,,,,,,,,,,,,,,,,,,,,none,none
sun3d-hotel_uc-scan3,8,36,0.4336674732111995,0.6328124999999974,0.4805,1,1,,,,,,,,,,,,,,,,,,,,,,,,,,,,,,,,,none,none
sun3d-hotel_uc-scan3,8,43,0.3245074317317663,0.6484374999999974,0.702,1,1,,,,,,,,,,,,,,,,,,,,,,,,,,,,,,,,,none,none
sun3d-hotel_uc-scan3,8,44,0.2544071897684065,0.5976562499999976,0.553,1,1,,,,,,,,,,,,,,,,,,,,,,,,,,,,,,,,,none,none
sun3d-hotel_uc-scan3,9,18,0.32269822891204597,0.6445312499999974,0.4205,1,1,,,,,,,,,,,,,,,,,,,,,,,,,,,,,,,,,none,none
sun3d-hotel_uc-scan3,9,19,0.3355632745829581,0.8320312499999967,0.606,1,1,,,,,,,,,,,,,,,,,,,,,,,,,,,,,,,,,none,none
sun3d-hotel_uc-scan3,9,20,0.43076461254770787,0.8398437499999967,0.685,1,1,,,,,,,,,,,,,,,,,,,,,,,,,,,,,,,,,none,none
sun3d-hotel_uc-scan3,9,37,0.3187529482396329,0.8789062499999964,0.7205,1,1,,,,,,,,,,,,,,,,,,,,,,,,,,,,,,,,,none,none
sun3d-hotel_uc-scan3,9,38,0.23761739354174707,0.8554687499999966,0.733,1,1,,,,,,,,,,,,,,,,,,,,,,,,,,,,,,,,,none,none
sun3d-hotel_uc-scan3,9,39,0.2985977100218706,0.8554687499999966,0.7145,1,1,,,,,,,,,,,,,,,,,,,,,,,,,,,,,,,,,none,none
sun3d-hotel_uc-scan3,9,40,0.2311419872207213,0.8281249999999967,0.7385,1,1,,,,,,,,,,,,,,,,,,,,,,,,,,,,,,,,,none,none
sun3d-hotel_uc-scan3,9,41,0.23697414125820146,0.7929687499999968,0.755,1,1,,,,,,,,,,,,,,,,,,,,,,,,,,,,,,,,,none,none
sun3d-hotel_uc-scan3,9,42,0.2962391183155367,0.757812499999997,0.707,1,1,,,,,,,,,,,,,,,,,,,,,,,,,,,,,,,,,none,none
sun3d-hotel_uc-scan3,10,11,0.23046569937112088,0.738281249999997,0.746,1,0,,,,,,,,,,,,,,,,,,,,,,,,,,,,,,,,,none,none
sun3d-hotel_uc-scan3,10,34,0.24135805006370997,0.7929687499999968,0.706,1,1,,,,,,,,,,,,,,,,,,,,,,,,,,,,,,,,,none,none
sun3d-hotel_uc-scan3,10,46,0.24131694685354926,0.8007812499999968,0.764,1,1,,,,,,,,,,,,,,,,,,,,,,,,,,,,,,,,,none,none
sun3d-hotel_uc-scan3,10,53,0.1734966500883719,0.746093749999997,0.698,1,1,,,,,,,,,,,,,,,,,,,,,,,,,,,,,,,,,none,none
sun3d-hotel_uc-scan3,11,18,0.25052516211526166,0.7343749999999971,0.612,1,1,,,,,,,,,,,,,,,,,,,,,,,,,,,,,,,,,none,none
sun3d-hotel_uc-scan3,11,19,0.16554023198465614,0.5468749999999978,0.4965,1,1,,,,,,,,,,,,,,,,,,,,,,,,,,,,,,,,,none,none
sun3d-hotel_uc-scan3,11,20,0.167092885194995,0.6249999999999976,0.543,1,1,,,,,,,,,,,,,,,,,,,,,,,,,,,,,,,,,none,none
sun3d-hotel_uc-scan3,11,21,0.18851036624349254,0.6562499999999973,0.4595,1,1,,,,,,,,,,,,,,,,,,,,,,,,,,,,,,,,,none,none
sun3d-hotel_uc-scan3,11,33,0.27413462416659057,0.20703124999999917,0.1,1,0,,,,,,,,,,,,,,,,,,,,,,,,,,,,,,,,,none,none
sun3d-hotel_uc-scan3,11,43,0.17152251347154993,0.6015624999999976,0.479,1,1,,,,,,,,,,,,,,,,,,,,,,,,,,,,,,,,,none,none
sun3d-hotel_uc-scan3,11,44,0.20243857886564984,0.5820312499999977,0.5605,1,1,,,,,,,,,,,,,,,,,,,,,,,,,,,,,,,,,none,none
sun3d-hotel_uc-scan3,11,45,0.3463786647182391,0.7812499999999969,0.639,1,1,,,,,,,,,,,,,,,,,,,,,,,,,,,,,,,,,none,none
sun3d-hotel_uc-scan3,11,52,0.20837519408165128,0.6328124999999974,0.453,1,1,,,,,,,,,,,,,,,,,,,,,,,,,,,,,,,,,none,none
sun3d-hotel_uc-scan3,12,22,0.1480852028098799,0.08593749999999965,0.039,1,0,,,,,,,,,,,,,,,,,,,,,,,,,,,,,,,,,none,none
sun3d-hotel_uc-scan3,12,25,0.2291525039655563,0.24609374999999903,0.2175,1,1,,,,,,,,,,,,,,,,,,,,,,,,,,,,,,,,,none,none
sun3d-hotel_uc-scan3,12,30,0.2475073646045774,0.4453124999999982,0.2995,1,1,,,,,,,,,,,,,,,,,,,,,,,,,,,,,,,,,none,none
sun3d-hotel_uc-scan3,12,34,0.3946295037389531,0.6562499999999973,0.483,1,1,,,,,,,,,,,,,,,,,,,,,,,,,,,,,,,,,none,none
sun3d-hotel_uc-scan3,12,46,0.29577384998866985,0.4453124999999982,0.3485,1,1,,,,,,,,,,,,,,,,,,,,,,,,,,,,,,,,,none,none
sun3d-hotel_uc-scan3,13,15,0.42937720329024676,0.9257812499999963,0.8905,1,1,,,,,,,,,,,,,,,,,,,,,,,,,,,,,,,,,none,none
sun3d-hotel_uc-scan3,13,16,0.29997649823736783,0.761718749999997,0.7695,1,1,,,,,,,,,,,,,,,,,,,,,,,,,,,,,,,,,none,none
sun3d-hotel_uc-scan3,13,23,0.16775558166862514,0.5273437499999979,0.5585,1,1,,,,,,,,,,,,,,,,,,,,,,,,,,,,,,,,,none,none
sun3d-hotel_uc-scan3,13,27,0.29146886016451234,0.6796874999999973,0.602,1,1,,,,,,,,,,,,,,,,,,,,,,,,,,,,,,,,,none,none
sun3d-hotel_uc-scan3,13,30,0.19501762632197414,0.49218749999999806,0.449,1,1,,,,,,,,,,,,,,,,,,,,,,,,,,,,,,,,,none,none
sun3d-hotel_uc-scan3,13,31,0.23600470035252644,0.5624999999999978,0.5315,1,1,,,,,,,,,,,,,,,,,,,,,,,,,,,,,,,,,none,none
sun3d-hotel_uc-scan3,13,33,0.37767332549941246,0.8593749999999966,0.7635,1,1,,,,,,,,,,,,,,,,,,,,,,,,,,,,,,,,,none,none
sun3d-hotel_uc-scan3,13,47,0.3143595769682726,0.8476562499999966,0.6925,1,0,,,,,,,,,,,,,,,,,,,,,,,,,,,,,,,,,none,none
sun3d-hotel_uc-scan3,13,51,0.35323149236192714,0.7929687499999968,0.7485,1,1,,,,,,,,,,,,,,,,,,,,,,,,,,,,,,,,,none,none
sun3d-hotel_uc-scan3,14,22,0.17194585920602803,0.746093749999997,0.5625,1,0,,,,,,,,,,,,,,,,,,,,,,,,,,,,,,,,,none,none
sun3d-hotel_uc-scan3,14,27,0.3038093909160678,0.9296874999999963,0.8845,1,1,,,,,,,,,,,,,,,,,,,,,,,,,,,,,,,,,none,none
sun3d-hotel_uc-scan3,14,28,0.20710946766203867,0.8007812499999968,0.715,1,1,,,,,,,,,,,,,,,,,,,,,,,,,,,,,,,,,none,none
sun3d-hotel_uc-scan3,14,48,0.33053094258006,0.8906249999999964,0.77,1,1,,,,,,,,,,,,,,,,,,,,,,,,,,,,,,,,,none,none
sun3d-hotel_uc-scan3,14,50,0.4023581943766134,0.5976562499999976,0.4515,1,1,,,,,,,,,,,,,,,,,,,,,,,,,,,,,,,,,none,none
sun3d-hotel_uc-scan3,14,52,0.2145398730203028,0.6757812499999973,0.672,1,1,,,,,,,,,,,,,,,,,,,,,,,,,,,,,,,,,none,none
sun3d-hotel_uc-scan3,15,17,0.2609306279336216,0.6249999999999976,0.2615,1,1,,,,,,,,,,,,,,,,,,,,,,,,,,,,,,,,,none,none
sun3d-hotel_uc-scan3,15,26,0.20142661788077024,0.8593749999999966,0.7995,1,1,,,,,,,,,,,,,,,,,,,,,,,,,,,,,,,,,none,none
sun3d-hotel_uc-scan3,15,48,0.3937243596851092,0.7968749999999968,0.7885,1,1,,,,,,,,,,,,,,,,,,,,,,,,,,,,,,,,,none,none
sun3d-hotel_uc-scan3,15,50,0.44901504231806927,0.761718749999997,0.6525,1,1,,,,,,,,,,,,,,,,,,,,,,,,,,,,,,,,,none,none
sun3d-hotel_uc-scan3,15,52,0.2516169567949144,0.6640624999999973,0.657,1,1,,,,,,,,,,,,,,,,,,,,,,,,,,,,,,,,,none,none
sun3d-hotel_uc-scan3,16,21,0.2533371086481676,0.757812499999997,0.6325,1,1,,,,,,,,,,,,,,,,,,,,,,,,,,,,,,,,,none,none
sun3d-hotel_uc-scan3,16,25,0.31627700024269884,0.9062499999999963,0.7815,1,1,,,,,,,,,,,,,,,,,,,,,,,,,,,,,,,,,none,none
sun3d-hotel_uc-scan3,16,47,0.15682388156298036,0.4492187499999982,0.5115,1,1,,,,,,,,,,,,,,,,,,,,,,,,,,,,,,,,,none,none
sun3d-hotel_uc-scan3,16,50,0.35818299490332495,0.5390624999999979,0.3705,1,1,,,,,,,,,,,,,,,,,,,,,,,,,,,,,,,,,none,none
sun3d-hotel_uc-scan3,16,52,0.2892160828411941,0.8281249999999967,0.8105,1,1,,,,,,,,,,,,,,,,,,,,,,,,,,,,,,,,,none,none
sun3d-hotel_uc-scan3,17,18,0.21399448128166057,0.5624999999999978,0.234,1,0,,,,,,,,,,,,,,,,,,,,,,,,,,,,,,,,,none,none
sun3d-hotel_uc-scan3,17,23,0.31798525596145133,0.45703124999999817,0.1825,1,1,,,,,,,,,,,,,,,,,,,,,,,,,,,,,,,,,none,none
sun3d-hotel_uc-scan3,17,34,0.14620485153000287,0.6406249999999974,0.457,1,1,,,,,,,,,,,,,,,,,,,,,,,,,,,,,,,,,none,none
sun3d-hotel_uc-scan3,17,47,0.1673736666529385,0.6132812499999976,0.523,1,1,,,,,,,,,,,,,,,,,,,,,,,,,,,,,,,,,none,none
sun3d-hotel_uc-scan3,17,53,0.16996828796178082,0.48046874999999806,0.4065,1,1,,,,,,,,,,,,,,,,,,,,,,,,,,,,,,,,,none,none
sun3d-hotel_uc-scan3,18,21,0.3620526415451619,0.6679687499999973,0.41,1,1,,,,,,,,,,,,,,,,,,,,,,,,,,,,,,,,,none,none
sun3d-hotel_uc-scan3,18,34,0.2544025752698353,0.8437499999999967,0.674,1,1,,,,,,,,,,,,,,,,,,,,,,,,,,,,,,,,,none,none
sun3d-hotel_uc-scan3,18,35,0.2984756674872183,0.8242187499999967,0.686,1,1,,,,,,,,,,,,,,,,,,,,,,,,,,,,,,,,,none,none
sun3d-hotel_uc-scan3,18,43,0.3799943192577163,0.5585937499999978,0.523,1,1,,,,,,,,,,,,,,,,,,,,,,,,,,,,,,,,,none,none
sun3d-hotel_uc-scan3,18,44,0.4809221738307139,0.7812499999999969,0.672,1,1,,,,,,,,,,,,,,,,,,,,,,,,,,,,,,,,,none,none
sun3d-hotel_uc-scan3,18,46,0.21681499715962885,0.7812499999999969,0.738,1,1,,,,,,,,,,,,,,,,,,,,,,,,,,,,,,,,,none,none
sun3d-hotel_uc-scan3,18,53,0.18396137095247111,0.4335937499999983,0.4305,1,1,,,,,,,,,,,,,,,,,,,,,,,,,,,,,,,,,none,none
sun3d-hotel_uc-scan3,18,54,0.2733857224010604,0.4023437499999984,0.3725,1,1,,,,,,,,,,,,,,,,,,,,,,,,,,,,,,,,,none,none
sun3d-hotel_uc-scan3,19,35,0.3396952519631806,0.8124999999999968,0.6405,1,1,,,,,,,,,,,,,,,,,,,,,,,,,,,,,,,,,none,none
sun3d-hotel_uc-scan3,19,44,0.3871236153726143,0.8554687499999966,0.7205,1,1,,,,,,,,,,,,,,,,,,,,,,,,,,,,,,,,,none,none
sun3d-hotel_uc-scan3,19,45,0.44422486868791927,0.7929687499999968,0.6105,1,1,,,,,,,,,,,,,,,,,,,,,,,,,,,,,,,,,none,none
sun3d-hotel_uc-scan3,19,54,0.22128035779291694,0.7343749999999971,0.5955,1,1,,,,,,,,,,,,,,,,,,,,,,,,,,,,,,,,,none,none
sun3d-hotel_uc-scan3,20,21,0.28422797164165364,0.6523437499999974,0.47,1,0,,,,,,,,,,,,,,,,,,,,,,,,,,,,,,,,,none,none
sun3d-hotel_uc-scan3,20,34,0.1517355676272903,0.6835937499999972,0.6035,1,1,,,,,,,,,,,,,,,,,,,,,,,,,,,,,,,,,none,none
sun3d-hotel_uc-scan3,20,35,0.17056440475094375,0.6523437499999974,0.5705,1,1,,,,,,,,,,,,,,,,,,,,,,,,,,,,,,,,,none,none
sun3d-hotel_uc-scan3,20,37,0.2049535033606482,0.20703124999999917,0.168,1,1,,,,,,,,,,,,,,,,,,,,,,,,,,,,,,,,,none,none
sun3d-hotel_uc-scan3,20,43,0.3524997698186171,0.4023437499999984,0.4455,1,1,,,,,,,,,,,,,,,,,,,,,,,,,,,,,,,,,none,none
sun3d-hotel_uc-scan3,20,44,0.4073289752324832,0.6523437499999974,0.6155,1,1,,,,,,,,,,,,,,,,,,,,,,,,,,,,,,,,,none,none
sun3d-hotel_uc-scan3,20,45,0.45304299788233127,0.5898437499999977,0.5255,1,1,,,,,,,,,,,,,,,,,,,,,,,,,,,,,,,,,none,none
sun3d-hotel_uc-scan3,20,46,0.14731608507503913,0.4687499999999981,0.511,1,1,,,,,,,,,,,,,,,,,,,,,,,,,,,,,,,,,none,none
sun3d-hotel_uc-scan3,20,53,0.1411011877359359,0.18749999999999925,0.199,1,1,,,,,,,,,,,,,,,,,,,,,,,,,,,,,,,,,none,none
sun3d-hotel_uc-scan3,20,54,0.16536230549673142,0.29296874999999883,0.293,1,1,,,,,,,,,,,,,,,,,,,,,,,,,,,,,,,,,none,none
sun3d-hotel_uc-scan3,21,34,0.25470774546501584,0.8359374999999967,0.602,1,1,,,,,,,,,,,,,,,,,,,,,,,,,,,,,,,,,none,none
sun3d-hotel_uc-scan3,21,35,0.18491217967175352,0.511718749999998,0.2365,1,0,,,,,,,,,,,,,,,,,,,,,,,,,,,,,,,,,none,none
sun3d-hotel_uc-scan3,21,36,0.274690469334869,0.5390624999999979,0.3275,1,1,,,,,,,,,,,,,,,,,,,,,,,,,,,,,,,,,none,none
sun3d-hotel_uc-scan3,21,43,0.21888856896055284,0.03515624999999986,0.0115,1,0,,,,,,,,,,,,,,,,,,,,,,,,,,,,,,,,,none,none
sun3d-hotel_uc-scan3,21,45,0.2339763892887993,0.0781249999999997,0.0345,1,0,,,,,,,,,,,,,,,,,,,,,,,,,,,,,,,,,none,none
sun3d-hotel_uc-scan3,21,46,0.2606968039159228,0.7109374999999971,0.6505,1,1,,,,,,,,,,,,,,,,,,,,,,,,,,,,,,,,,none,none
sun3d-hotel_uc-scan3,21,47,0.18001727613014684,0.5507812499999978,0.5515,1,1,,,,,,,,,,,,,,,,,,,,,,,,,,,,,,,,,none,none
sun3d-hotel_uc-scan3,21,53,0.27382666282752666,0.4492187499999982,0.3995,1,1,,,,,,,,,,,,,,,,,,,,,,,,,,,,,,,,,none,none
sun3d-hotel_uc-scan3,21,54,0.1993665418946156,0.42187499999999833,0.198,1,1,,,,,,,,,,,,,,,,,,,,,,,,,,,,,,,,,none,none
sun3d-hotel_uc-scan3,22,24,0.2207693284245271,0.6249999999999976,0.556,1,1,,,,,,,,,,,,,,,,,,,,,,,,,,,,,,,,,none,none
sun3d-hotel_uc-scan3,22,33,0.13613473826752995,0.12890624999999947,0.059,1,0,,,,,,,,,,,,,,,,,,,,,,,,,,,,,,,,,none,none
sun3d-hotel_uc-scan3,22,47,0.2269899708010664,0.5234374999999979,0.4355,1,1,,,,,,,,,,,,,,,,,,,,,,,,,,,,,,,,,none,none
sun3d-hotel_uc-scan3,22,48,0.3073081968600567,0.48046874999999806,0.468,1,1,,,,,,,,,,,,,,,,,,,,,,,,,,,,,,,,,none,none
sun3d-hotel_uc-scan3,22,49,0.22627057678473192,0.6171874999999976,0.4575,1,1,,,,,,,,,,,,,,,,,,,,,,,,,,,,,,,,,none,none
sun3d-hotel_uc-scan3,22,51,0.21285599424484786,0.5585937499999978,0.442,1,1,,,,,,,,,,,,,,,,,,,,,,,,,,,,,,,,,none,none
sun3d-hotel_uc-scan3,22,52,0.22229275104735305,0.3789062499999985,0.3445,1,1,,,,,,,,,,,,,,,,,,,,,,,,,,,,,,,,,none,none
sun3d-hotel_uc-scan3,23,25,0.18792725396620663,0.8828124999999964,0.8045,1,1,,,,,,,,,,,,,,,,,,,,,,,,,,,,,,,,,none,none
sun3d-hotel_uc-scan3,23,48,0.1871211144073262,0.5585937499999978,0.64,1,0,,,,,,,,,,,,,,,,,,,,,,,,,,,,,,,,,none,none
sun3d-hotel_uc-scan3,23,50,0.6328517993034954,0.761718749999997,0.6795,1,1,,,,,,,,,,,,,,,,,,,,,,,,,,,,,,,,,none,none
sun3d-hotel_uc-scan3,24,26,0.24732693625771077,0.9335937499999962,0.8675,1,1,,,,,,,,,,,,,,,,,,,,,,,,,,,,,,,,,none,none
sun3d-hotel_uc-scan3,24,48,0.31271418779986293,0.7929687499999968,0.7255,1,1,,,,,,,,,,,,,,,,,,,,,,,,,,,,,,,,,none,none
sun3d-hotel_uc-scan3,24,50,0.5125771076079506,0.6914062499999972,0.587,1,1,,,,,,,,,,,,,,,,,,,,,,,,,,,,,,,,,none,none
sun3d-hotel_uc-scan3,24,52,0.2068882796435915,0.761718749999997,0.7325,1,1,,,,,,,,,,,,,,,,,,,,,,,,,,,,,,,,,none,none
sun3d-hotel_uc-scan3,25,27,0.30826639681234586,0.749999999999997,0.774,1,1,,,,,,,,,,,,,,,,,,,,,,,,,,,,,,,,,none,none
sun3d-hotel_uc-scan3,25,28,0.16842704446271584,0.46484374999999817,0.485,1,1,,,,,,,,,,,,,,,,,,,,,,,,,,,,,,,,,none,none
sun3d-hotel_uc-scan3,25,31,0.14382392005565744,0.14453124999999942,0.152,1,0,,,,,,,,,,,,,,,,,,,,,,,,,,,,,,,,,none,none
sun3d-hotel_uc-scan3,25,32,0.331414837771172,0.7031249999999972,0.561,1,1,,,,,,,,,,,,,,,,,,,,,,,,,,,,,,,,,none,none
sun3d-hotel_uc-scan3,25,33,0.24697995066725698,0.5781249999999977,0.4995,1,1,,,,,,,,,,,,,,,,,,,,,,,,,,,,,,,,,none,none
sun3d-hotel_uc-scan3,25,47,0.17291758902030233,0.1015624999999996,0.078,1,0,,,,,,,,,,,,,,,,,,,,,,,,,,,,,,,,,none,none
sun3d-hotel_uc-scan3,25,50,0.215293150338372,0.507812499999998,0.338,1,1,,,,,,,,,,,,,,,,,,,,,,,,,,,,,,,,,none,none
sun3d-hotel_uc-scan3,26,29,0.318000488480013,0.9218749999999963,0.854,1,1,,,,,,,,,,,,,,,,,,,,,,,,,,,,,,,,,none,none
sun3d-hotel_uc-scan3,26,49,0.17308475128226003,0.42187499999999833,0.275,1,1,,,,,,,,,,,,,,,,,,,,,,,,,,,,,,,,,none,none
sun3d-hotel_uc-scan3,29,30,0.3408356482793809,0.011718749999999953,0.014,1,0,,,,,,,,,,,,,,,,,,,,,,,,,,,,,,,,,none,none
sun3d-hotel_uc-scan3,30,31,0.30366884888161483,0.6992187499999972,0.674,1,0,,,,,,,,,,,,,,,,,,,,,,,,,,,,,,,,,none,none
sun3d-hotel_uc-scan3,30,32,0.40323240589198034,0.7070312499999972,0.7175,1,1,,,,,,,,,,,,,,,,,,,,,,,,,,,,,,,,,none,none
sun3d-hotel_uc-scan3,30,33,0.32746863066012,0.6523437499999974,0.497,1,1,,,,,,,,,,,,,,,,,,,,,,,,,,,,,,,,,none,none
sun3d-hotel_uc-scan3,30,48,0.2051963993453355,0.249999999999999,0.2225,1,0,,,,,,,,,,,,,,,,,,,,,,,,,,,,,,,,,none,none
sun3d-hotel_uc-scan3,31,34,0.2994182288299935,0.3046874999999988,0.323,1,1,,,,,,,,,,,,,,,,,,,,,,,,,,,,,,,,,none,none
sun3d-hotel_uc-scan3,31,53,0.4156431803490627,0.511718749999998,0.318,1,1,,,,,,,,,,,,,,,,,,,,,,,,,,,,,,,,,none,none
sun3d-hotel_uc-scan3,32,34,0.2272797887214541,0.3984374999999984,0.256,1,1,,,,,,,,,,,,,,,,,,,,,,,,,,,,,,,,,none,none
sun3d-hotel_uc-scan3,32,53,0.35117290663352496,0.6210937499999976,0.3405,1,1,,,,,,,,,,,,,,,,,,,,,,,,,,,,,,,,,none,none
sun3d-hotel_uc-scan3,33,35,0.1924838739833598,0.23437499999999906,0.082,1,1,,,,,,,,,,,,,,,,,,,,,,,,,,,,,,,,,none,none
sun3d-hotel_uc-scan3,33,46,0.2918107880714219,0.5195312499999979,0.1965,1,1,,,,,,,,,,,,,,,,,,,,,,,,,,,,,,,,,none,none
sun3d-hotel_uc-scan3,34,43,0.19575552428402998,0.4726562499999981,0.2825,1,0,,,,,,,,,,,,,,,,,,,,,,,,,,,,,,,,,none,none
sun3d-hotel_uc-scan3,34,44,0.19727684174495114,0.46093749999999817,0.359,1,1,,,,,,,,,,,,,,,,,,,,,,,,,,,,,,,,,none,none
sun3d-hotel_uc-scan3,34,45,0.360057810063515,0.7890624999999969,0.6305,1,1,,,,,,,,,,,,,,,,,,,,,,,,,,,,,,,,,none,none
sun3d-hotel_uc-scan3,34,52,0.2928916441638459,0.8359374999999967,0.607,1,1,,,,,,,,,,,,,,,,,,,,,,,,,,,,,,,,,none,none
sun3d-hotel_uc-scan3,35,36,0.1680547385367968,0.6523437499999974,0.6835,1,0,,,,,,,,,,,,,,,,,,,,,,,,,,,,,,,,,none,none
sun3d-hotel_uc-scan3,35,43,0.16737360289792252,0.7929687499999968,0.5855,1,1,,,,,,,,,,,,,,,,,,,,,,,,,,,,,,,,,none,none
sun3d-hotel_uc-scan3,35,44,0.2636923743769157,0.8945312499999964,0.7685,1,1,,,,,,,,,,,,,,,,,,,,,,,,,,,,,,,,,none,none
sun3d-hotel_uc-scan3,35,45,0.38230285767361216,0.9843749999999961,0.892,1,1,,,,,,,,,,,,,,,,,,,,,,,,,,,,,,,,,none,none
sun3d-hotel_uc-scan3,35,46,0.40313941608099324,0.9101562499999963,0.7245,1,1,,,,,,,,,,,,,,,,,,,,,,,,,,,,,,,,,none,none
sun3d-hotel_uc-scan3,35,53,0.3369763769776154,0.8710937499999966,0.6865,1,1,,,,,,,,,,,,,,,,,,,,,,,,,,,,,,,,,none,none
sun3d-hotel_uc-scan3,36,37,0.28350672676132704,0.8476562499999966,0.721,1,0,,,,,,,,,,,,,,,,,,,,,,,,,,,,,,,,,none,none
sun3d-hotel_uc-scan3,36,43,0.3875427835575587,0.7773437499999969,0.63,1,1,,,,,,,,,,,,,,,,,,,,,,,,,,,,,,,,,none,none
sun3d-hotel_uc-scan3,36,44,0.44552509403910673,0.9101562499999963,0.7635,1,1,,,,,,,,,,,,,,,,,,,,,,,,,,,,,,,,,none,none
sun3d-hotel_uc-scan3,36,45,0.4303432850994612,0.9414062499999962,0.793,1,1,,,,,,,,,,,,,,,,,,,,,,,,,,,,,,,,,none,none
sun3d-hotel_uc-scan3,37,42,0.27874057415001985,0.6093749999999976,0.5545,1,1,,,,,,,,,,,,,,,,,,,,,,,,,,,,,,,,,none,none
sun3d-hotel_uc-scan3,37,43,0.25281121841513426,0.4453124999999982,0.3625,1,1,,,,,,,,,,,,,,,,,,,,,,,,,,,,,,,,,none,none
sun3d-hotel_uc-scan3,37,44,0.21060986903029502,0.35546874999999856,0.2775,1,1,,,,,,,,,,,,,,,,,,,,,,,,,,,,,,,,,none,none
sun3d-hotel_uc-scan3,38,42,0.33199799699549326,0.6406249999999974,0.6065,1,1,,,,,,,,,,,,,,,,,,,,,,,,,,,,,,,,,none,none
sun3d-hotel_uc-scan3,39,44,0.3367253392005867,0.6249999999999976,0.5365,1,1,,,,,,,,,,,,,,,,,,,,,,,,,,,,,,,,,none,none
sun3d-hotel_uc-scan3,40,43,0.41191254083940687,0.6679687499999973,0.6435,1,1,,,,,,,,,,,,,,,,,,,,,,,,,,,,,,,,,none,none
sun3d-hotel_uc-scan3,40,44,0.26288012063332494,0.5234374999999979,0.5515,1,1,,,,,,,,,,,,,,,,,,,,,,,,,,,,,,,,,none,none
sun3d-hotel_uc-scan3,41,44,0.30549418176461923,0.6328124999999974,0.6275,1,1,,,,,,,,,,,,,,,,,,,,,,,,,,,,,,,,,none,none
sun3d-hotel_uc-scan3,42,45,0.39525227908656013,0.5273437499999979,0.436,1,1,,,,,,,,,,,,,,,,,,,,,,,,,,,,,,,,,none,none
sun3d-hotel_uc-scan3,42,54,0.21680657099016157,0.015624999999999938,0.013,1,0,,,,,,,,,,,,,,,,,,,,,,,,,,,,,,,,,none,none
sun3d-hotel_uc-scan3,43,46,0.2400377799766124,0.7656249999999969,0.659,1,1,,,,,,,,,,,,,,,,,,,,,,,,,,,,,,,,,none,none
sun3d-hotel_uc-scan3,43,53,0.26603400197895116,0.746093749999997,0.693,1,1,,,,,,,,,,,,,,,,,,,,,,,,,,,,,,,,,none,none
sun3d-hotel_uc-scan3,44,46,0.2558703712180162,0.6992187499999972,0.6985,1,1,,,,,,,,,,,,,,,,,,,,,,,,,,,,,,,,,none,none
sun3d-hotel_uc-scan3,44,53,0.20057673822492791,0.6171874999999976,0.6405,1,1,,,,,,,,,,,,,,,,,,,,,,,,,,,,,,,,,none,none
sun3d-hotel_uc-scan3,45,53,0.329443701632835,0.8828124999999964,0.795,1,1,,,,,,,,,,,,,,,,,,,,,,,,,,,,,,,,,none,none
sun3d-hotel_uc-scan3,46,48,0.17126404755270735,0.03515624999999986,0.004,1,0,,,,,,,,,,,,,,,,,,,,,,,,,,,,,,,,,none,none
sun3d-hotel_uc-scan3,47,54,0.23186032037212959,0.5781249999999977,0.373,1,1,,,,,,,,,,,,,,,,,,,,,,,,,,,,,,,,,none,none
sun3d-hotel_uc-scan3,48,53,0.32899334442595674,0.3085937499999988,0.097,1,0,,,,,,,,,,,,,,,,,,,,,,,,,,,,,,,,,none,none
sun3d-hotel_uc-scan3,49,52,0.21231961517904863,0.7890624999999969,0.824,1,1,,,,,,,,,,,,,,,,,,,,,,,,,,,,,,,,,none,none
sun3d-hotel_uc-scan3,51,52,0.25842587809917356,0.8593749999999966,0.8375,1,0,,,,,,,,,,,,,,,,,,,,,,,,,,,,,,,,,none,none
sun3d-hotel_umd-maryland_hotel1,0,8,0.23247975046536198,0.6914062499999972,0.655,1,1,,,,,,,,,,,,,,,,,,,,,,,,,,,,,,,,,none,none
sun3d-hotel_umd-maryland_hotel1,0,9,0.32364038838858983,0.8945312499999964,0.8485,1,1,,,,,,,,,,,,,,,,,,,,,,,,,,,,,,,,,none,none
sun3d-hotel_umd-maryland_hotel1,0,10,0.35005282487296874,0.8398437499999967,0.7985,1,1,,,,,,,,,,,,,,,,,,,,,,,,,,,,,,,,,none,none
sun3d-hotel_umd-maryland_hotel1,0,15,0.24364843789304222,0.8046874999999968,0.778,1,1,,,,,,,,,,,,,,,,,,,,,,,,,,,,,,,,,none,none
sun3d-hotel_umd-maryland_hotel1,0,23,0.4582180409518539,0.8398437499999967,0.702,1,1,,,,,,,,,,,,,,,,,,,,,,,,,,,,,,,,,none,none
sun3d-hotel_umd-maryland_hotel1,0,29,0.1757810534788952,0.6054687499999976,0.4685,1,1,,,,,,,,,,,,,,,,,,,,,,,,,,,,,,,,,none,none
sun3d-hotel_umd-maryland_hotel1,1,26,0.2950057089694253,0.7656249999999969,0.668,1,1,,,,,,,,,,,,,,,,,,,,,,,,,,,,,,,,,none,none
sun3d-hotel_umd-maryland_hotel1,2,3,0.22090560421317762,0.8945312499999964,0.86,1,0,,,,,,,,,,,,,,,,,,,,,,,,,,,,,,,,,none,none
sun3d-hotel_umd-maryland_hotel1,2,12,0.2397103440380102,0.4296874999999983,0.307,1,1,,,,,,,,,,,,,,,,,,,,,,,,,,,,,,,,,none,none
sun3d-hotel_umd-maryland_hotel1,2,23,0.43039097830442496,0.9023437499999964,0.756,1,1,,,,,,,,,,,,,,,,,,,,,,,,,,,,,,,,,none,none
sun3d-hotel_umd-maryland_hotel1,2,24,0.1873604671131719,0.7304687499999971,0.4675,1,0,,,,,,,,,,,,,,,,,,,,,,,,,,,,,,,,,none,none
sun3d-hotel_umd-maryland_hotel1,2,25,0.1860724712347587,0.7265624999999971,0.7365,1,1,,,,,,,,,,,,,,,,,,,,,,,,,,,,,,,,,none,none
sun3d-hotel_umd-maryland_hotel1,3,11,0.2800623180681399,0.7695312499999969,0.7485,1,1,,,,,,,,,,,,,,,,,,,,,,,,,,,,,,,,,none,none
sun3d-hotel_umd-maryland_hotel1,3,15,0.16682382846131769,0.5976562499999976,0.4945,1,1,,,,,,,,,,,,,,,,,,,,,,,,,,,,,,,,,none,none
sun3d-hotel_umd-maryland_hotel1,3,23,0.22869091058177196,0.20703124999999917,0.1055,1,0,,,,,,,,,,,,,,,,,,,,,,,,,,,,,,,,,none,none
sun3d-hotel_umd-maryland_hotel1,3,27,0.25296215817309664,0.7109374999999971,0.574,1,1,,,,,,,,,,,,,,,,,,,,,,,,,,,,,,,,,none,none
sun3d-hotel_umd-maryland_hotel1,3,28,0.2794063384035095,0.6835937499999972,0.6415,1,1,,,,,,,,,,,,,,,,,,,,,,,,,,,,,,,,,none,none
sun3d-hotel_umd-maryland_hotel1,4,11,0.37040904508137695,0.7226562499999971,0.6845,1,1,,,,,,,,,,,,,,,,,,,,,,,,,,,,,,,,,none,none
sun3d-hotel_umd-maryland_hotel1,4,12,0.4037879879014835,0.6835937499999972,0.5755,1,1,,,,,,,,,,,,,,,,,,,,,,,,,,,,,,,,,none,none
sun3d-hotel_umd-maryland_hotel1,4,16,0.30206682990061934,0.8007812499999968,0.6365,1,1,,,,,,,,,,,,,,,,,,,,,,,,,,,,,,,,,none,none
sun3d-hotel_umd-maryland_hotel1,4,28,0.25802967017139566,0.5312499999999979,0.471,1,1,,,,,,,,,,,,,,,,,,,,,,,,,,,,,,,,,none,none
sun3d-hotel_umd-maryland_hotel1,5,7,0.12417035398230089,0.0,0.0,1,0,,,,,,,,,,,,,,,,,,,,,,,,,,,,,,,,,none,none
sun3d-hotel_umd-maryland_hotel1,5,27,0.3077433628318584,0.8437499999999967,0.7685,1,1,,,,,,,,,,,,,,,,,,,,,,,,,,,,,,,,,none,none
sun3d-hotel_umd-maryland_hotel1,5,33,0.34513274336283184,0.8046874999999968,0.667,1,1,,,,,,,,,,,,,,,,,,,,,,,,,,,,,,,,,none,none
sun3d-hotel_umd-maryland_hotel1,5,34,0.13185840707964602,0.03906249999999985,0.0,1,0,,,,,,,,,,,,,,,,,,,,,,,,,,,,,,,,,none,none
sun3d-hotel_umd-maryland_hotel1,5,35,0.23390486725663717,0.6601562499999973,0.5895,1,1,,,,,,,,,,,,,,,,,,,,,,,,,,,,,,,,,none,none
sun3d-hotel_umd-maryland_hotel1,6,7,0.20685316557355107,0.8242187499999967,0.592,1,0,,,,,,,,,,,,,,,,,,,,,,,,,,,,,,,,,none,none
sun3d-hotel_umd-maryland_hotel1,6,19,0.2694686119662696,0.6914062499999972,0.6115,1,1,,,,,,,,,,,,,,,,,,,,,,,,,,,,,,,,,none,none
sun3d-hotel_umd-maryland_hotel1,6,22,0.39333422567260073,0.8710937499999966,0.6875,1,1,,,,,,,,,,,,,,,,,,,,,,,,,,,,,,,,,none,none
sun3d-hotel_umd-maryland_hotel1,6,33,0.33526970954356844,0.9531249999999962,0.863,1,1,,,,,,,,,,,,,,,,,,,,,,,,,,,,,,,,,none,none
sun3d-hotel_umd-maryland_hotel1,6,34,0.3238120733502878,0.253906249999999,0.319,1,1,,,,,,,,,,,,,,,,,,,,,,,,,,,,,,,,,none,none
sun3d-hotel_umd-maryland_hotel1,6,35,0.340811136394057,0.9101562499999963,0.7835,1,1,,,,,,,,,,,,,,,,,,,,,,,,,,,,,,,,,none,none
sun3d-hotel_umd-maryland_hotel1,6,36,0.16463659483335563,0.1757812499999993,0.0825,1,1,,,,,,,,,,,,,,,,,,,,,,,,,,,,,,,,,none,none
sun3d-hotel_umd-maryland_hotel1,6,37,0.16284299290590282,0.007812499999999969,0.001,1,0,,,,,,,,,,,,,,,,,,,,,,,,,,,,,,,,,none,none
sun3d-hotel_umd-maryland_hotel1,7,8,0.35683310125323253,0.8671874999999966,0.6275,1,0,,,,,,,,,,,,,,,,,,,,,,,,,,,,,,,,,none,none
sun3d-hotel_umd-maryland_hotel1,7,9,0.21651084145613686,0.8554687499999966,0.6075,1,1,,,,,,,,,,,,,,,,,,,,,,,,,,,,,,,,,none,none
sun3d-hotel_umd-maryland_hotel1,7,10,0.22399045156156752,0.6328124999999974,0.4475,1,1,,,,,,,,,,,,,,,,,,,,,,,,,,,,,,,,,none,none
sun3d-hotel_umd-maryland_hotel1,7,11,0.1643127113586632,0.6210937499999976,0.5405,1,1,,,,,,,,,,,,,,,,,,,,,,,,,,,,,,,,,none,none
sun3d-hotel_umd-maryland_hotel1,7,13,0.23719912472647703,0.6093749999999976,0.499,1,1,,,,,,,,,,,,,,,,,,,,,,,,,,,,,,,,,none,none
sun3d-hotel_umd-maryland_hotel1,7,18,0.4027451760493336,0.8320312499999967,0.6755,1,1,,,,,,,,,,,,,,,,,,,,,,,,,,,,,,,,,none,none
sun3d-hotel_umd-maryland_hotel1,7,20,0.1564750348120151,0.5468749999999978,0.461,1,1,,,,,,,,,,,,,,,,,,,,,,,,,,,,,,,,,none,none
sun3d-hotel_umd-maryland_hotel1,7,21,0.29723493137059875,0.742187499999997,0.6325,1,1,,,,,,,,,,,,,,,,,,,,,,,,,,,,,,,,,none,none
sun3d-hotel_umd-maryland_hotel1,7,22,0.24077978913865128,0.5585937499999978,0.6005,1,1,,,,,,,,,,,,,,,,,,,,,,,,,,,,,,,,,none,none
sun3d-hotel_umd-maryland_hotel1,7,29,0.2200915058683111,0.04687499999999981,0.0425,1,0,,,,,,,,,,,,,,,,,,,,,,,,,,,,,,,,,none,none
sun3d-hotel_umd-maryland_hotel1,7,30,0.45506266162721304,0.7265624999999971,0.7095,1,1,,,,,,,,,,,,,,,,,,,,,,,,,,,,,,,,,none,none
sun3d-hotel_umd-maryland_hotel1,7,31,0.3723890988661229,0.8398437499999967,0.6475,1,1,,,,,,,,,,,,,,,,,,,,,,,,,,,,,,,,,none,none
sun3d-hotel_umd-maryland_hotel1,7,32,0.24093892977919237,0.45703124999999817,0.422,1,0,,,,,,,,,,,,,,,,,,,,,,,,,,,,,,,,,none,none
sun3d-hotel_umd-maryland_hotel1,7,36,0.20636562562164312,0.26171874999999895,0.2335,1,1,,,,,,,,,,,,,,,,,,,,,,,,,,,,,,,,,none,none
sun3d-hotel_umd-maryland_hotel1,7,37,0.16729659836880845,0.42187499999999833,0.4315,1,1,,,,,,,,,,,,,,,,,,,,,,,,,,,,,,,,,none,none
sun3d-hotel_umd-maryland_hotel1,8,10,0.38801652892561983,0.9414062499999962,0.8065,1,1,,,,,,,,,,,,,,,,,,,,,,,,,,,,,,,,,none,none
sun3d-hotel_umd-maryland_hotel1,8,19,0.24752066115702478,0.7304687499999971,0.5115,1,1,,,,,,,,,,,,,,,,,,,,,,,,,,,,,,,,,none,none
sun3d-hotel_umd-maryland_hotel1,8,20,0.18334058286211397,0.7226562499999971,0.5625,1,1,,,,,,,,,,,,,,,,,,,,,,,,,,,,,,,,,none,none
sun3d-hotel_umd-maryland_hotel1,8,21,0.304458460200087,0.8320312499999967,0.513,1,1,,,,,,,,,,,,,,,,,,,,,,,,,,,,,,,,,none,none
sun3d-hotel_umd-maryland_hotel1,8,26,0.2338190517616355,0.8515624999999966,0.7205,1,1,,,,,,,,,,,,,,,,,,,,,,,,,,,,,,,,,none,none
sun3d-hotel_umd-maryland_hotel1,8,31,0.3863418877772945,0.5742187499999977,0.3435,1,1,,,,,,,,,,,,,,,,,,,,,,,,,,,,,,,,,none,none
sun3d-hotel_umd-maryland_hotel1,9,14,0.34920944758930317,0.9218749999999963,0.878,1,1,,,,,,,,,,,,,,,,,,,,,,,,,,,,,,,,,none,none
sun3d-hotel_umd-maryland_hotel1,9,19,0.15503611165332812,0.10546874999999958,0.0715,1,1,,,,,,,,,,,,,,,,,,,,,,,,,,,,,,,,,none,none
sun3d-hotel_umd-maryland_hotel1,9,20,0.29323638493070464,0.7265624999999971,0.6355,1,1,,,,,,,,,,,,,,,,,,,,,,,,,,,,,,,,,none,none
sun3d-hotel_umd-maryland_hotel1,9,21,0.231456178020691,0.41406249999999833,0.273,1,0,,,,,,,,,,,,,,,,,,,,,,,,,,,,,,,,,none,none
sun3d-hotel_umd-maryland_hotel1,9,24,0.24863361311731408,0.8906249999999964,0.8675,1,1,,,,,,,,,,,,,,,,,,,,,,,,,,,,,,,,,none,none
sun3d-hotel_umd-maryland_hotel1,9,25,0.3759027913332032,0.9062499999999963,0.884,1,1,,,,,,,,,,,,,,,,,,,,,,,,,,,,,,,,,none,none
sun3d-hotel_umd-maryland_hotel1,9,29,0.25312317001756784,0.6406249999999974,0.4975,1,1,,,,,,,,,,,,,,,,,,,,,,,,,,,,,,,,,none,none
sun3d-hotel_umd-maryland_hotel1,9,31,0.23306656256099942,0.48828124999999806,0.261,1,0,,,,,,,,,,,,,,,,,,,,,,,,,,,,,,,,,none,none
sun3d-hotel_umd-maryland_hotel1,10,13,0.21427554458734754,0.7343749999999971,0.5665,1,1,,,,,,,,,,,,,,,,,,,,,,,,,,,,,,,,,none,none
sun3d-hotel_umd-maryland_hotel1,10,14,0.3660481230126714,0.8789062499999964,0.831,1,1,,,,,,,,,,,,,,,,,,,,,,,,,,,,,,,,,none,none
sun3d-hotel_umd-maryland_hotel1,10,19,0.12291775425940867,0.0,0.0,1,0,,,,,,,,,,,,,,,,,,,,,,,,,,,,,,,,,none,none
sun3d-hotel_umd-maryland_hotel1,10,20,0.21940107256418775,0.41406249999999833,0.373,1,1,,,,,,,,,,,,,,,,,,,,,,,,,,,,,,,,,none,none
sun3d-hotel_umd-maryland_hotel1,10,21,0.17702054957049973,0.0,0.0,1,0,,,,,,,,,,,,,,,,,,,,,,,,,,,,,,,,,none,none
sun3d-hotel_umd-maryland_hotel1,10,23,0.17123060130036544,0.5976562499999976,0.324,1,1,,,,,,,,,,,,,,,,,,,,,,,,,,,,,,,,,none,none
sun3d-hotel_umd-maryland_hotel1,10,24,0.23819467514593518,0.8124999999999968,0.706,1,1,,,,,,,,,,,,,,,,,,,,,,,,,,,,,,,,,none,none
sun3d-hotel_umd-maryland_hotel1,10,25,0.34179678230743676,0.8906249999999964,0.7805,1,1,,,,,,,,,,,,,,,,,,,,,,,,,,,,,,,,,none,none
sun3d-hotel_umd-maryland_hotel1,10,29,0.31275212377200895,0.749999999999997,0.6425,1,1,,,,,,,,,,,,,,,,,,,,,,,,,,,,,,,,,none,none
sun3d-hotel_umd-maryland_hotel1,11,17,0.4536990213284945,0.9179687499999963,0.8565,1,1,,,,,,,,,,,,,,,,,,,,,,,,,,,,,,,,,none,none
sun3d-hotel_umd-maryland_hotel1,11,18,0.33441413570514916,0.9179687499999963,0.7445,1,1,,,,,,,,,,,,,,,,,,,,,,,,,,,,,,,,,none,none
sun3d-hotel_umd-maryland_hotel1,11,27,0.29925335395781893,0.48046874999999806,0.393,1,1,,,,,,,,,,,,,,,,,,,,,,,,,,,,,,,,,none,none
sun3d-hotel_umd-maryland_hotel1,11,28,0.4247850789778981,0.7851562499999969,0.7205,1,1,,,,,,,,,,,,,,,,,,,,,,,,,,,,,,,,,none,none
sun3d-hotel_umd-maryland_hotel1,11,32,0.3021090519677544,0.6874999999999972,0.4745,1,1,,,,,,,,,,,,,,,,,,,,,,,,,,,,,,,,,none,none
sun3d-hotel_umd-maryland_hotel1,12,15,0.18678230534425116,0.3710937499999985,0.271,1,1,,,,,,,,,,,,,,,,,,,,,,,,,,,,,,,,,none,none
sun3d-hotel_umd-maryland_hotel1,12,23,0.2860603711420127,0.5273437499999979,0.3105,1,0,,,,,,,,,,,,,,,,,,,,,,,,,,,,,,,,,none,none
sun3d-hotel_umd-maryland_hotel1,12,27,0.26004166868549833,0.6054687499999976,0.4485,1,1,,,,,,,,,,,,,,,,,,,,,,,,,,,,,,,,,none,none
sun3d-hotel_umd-maryland_hotel1,12,28,0.27472261252967684,0.6679687499999973,0.5995,1,1,,,,,,,,,,,,,,,,,,,,,,,,,,,,,,,,,none,none
sun3d-hotel_umd-maryland_hotel1,12,29,0.17214981345995445,0.13281249999999947,0.0635,1,0,,,,,,,,,,,,,,,,,,,,,,,,,,,,,,,,,none,none
sun3d-hotel_umd-maryland_hotel1,13,25,0.12246711695698542,0.19140624999999922,0.0485,1,0,,,,,,,,,,,,,,,,,,,,,,,,,,,,,,,,,none,none
sun3d-hotel_umd-maryland_hotel1,13,26,0.21320654105936723,0.41796874999999833,0.2685,1,0,,,,,,,,,,,,,,,,,,,,,,,,,,,,,,,,,none,none
sun3d-hotel_umd-maryland_hotel1,14,15,0.359522215929568,0.9179687499999963,0.8405,1,0,,,,,,,,,,,,,,,,,,,,,,,,,,,,,,,,,none,none
sun3d-hotel_umd-maryland_hotel1,14,29,0.17551356639036195,0.5312499999999979,0.351,1,1,,,,,,,,,,,,,,,,,,,,,,,,,,,,,,,,,none,none
sun3d-hotel_umd-maryland_hotel1,15,24,0.278904796920282,0.7890624999999969,0.67,1,1,,,,,,,,,,,,,,,,,,,,,,,,,,,,,,,,,none,none
sun3d-hotel_umd-maryland_hotel1,15,25,0.3457762013927938,0.8398437499999967,0.8145,1,1,,,,,,,,,,,,,,,,,,,,,,,,,,,,,,,,,none,none
sun3d-hotel_umd-maryland_hotel1,17,18,0.1515720035101522,0.8007812499999968,0.64,1,0,,,,,,,,,,,,,,,,,,,,,,,,,,,,,,,,,none,none
sun3d-hotel_umd-maryland_hotel1,17,22,0.23929554876388173,0.9570312499999962,0.882,1,1,,,,,,,,,,,,,,,,,,,,,,,,,,,,,,,,,none,none
sun3d-hotel_umd-maryland_hotel1,17,27,0.38887039670771933,0.9492187499999962,0.8085,1,1,,,,,,,,,,,,,,,,,,,,,,,,,,,,,,,,,none,none
sun3d-hotel_umd-maryland_hotel1,17,29,0.1923926528883106,0.4296874999999983,0.377,1,1,,,,,,,,,,,,,,,,,,,,,,,,,,,,,,,,,none,none
sun3d-hotel_umd-maryland_hotel1,17,32,0.2464671528429207,0.7773437499999969,0.571,1,1,,,,,,,,,,,,,,,,,,,,,,,,,,,,,,,,,none,none
sun3d-hotel_umd-maryland_hotel1,18,19,0.26195822695253623,0.8359374999999967,0.638,1,0,,,,,,,,,,,,,,,,,,,,,,,,,,,,,,,,,none,none
sun3d-hotel_umd-maryland_hotel1,18,27,0.1714294503060691,0.6132812499999976,0.5565,1,1,,,,,,,,,,,,,,,,,,,,,,,,,,,,,,,,,none,none
sun3d-hotel_umd-maryland_hotel1,18,28,0.23661139992002214,0.8437499999999967,0.729,1,1,,,,,,,,,,,,,,,,,,,,,,,,,,,,,,,,,none,none
sun3d-hotel_umd-maryland_hotel1,18,32,0.3370451259651174,0.8398437499999967,0.722,1,1,,,,,,,,,,,,,,,,,,,,,,,,,,,,,,,,,none,none
sun3d-hotel_umd-maryland_hotel1,18,33,0.46217970408194653,0.9374999999999962,0.821,1,1,,,,,,,,,,,,,,,,,,,,,,,,,,,,,,,,,none,none
sun3d-hotel_umd-maryland_hotel1,18,35,0.43126518810175646,0.9140624999999963,0.8205,1,1,,,,,,,,,,,,,,,,,,,,,,,,,,,,,,,,,none,none
sun3d-hotel_umd-maryland_hotel1,18,36,0.17444400012304284,0.23437499999999906,0.1095,1,0,,,,,,,,,,,,,,,,,,,,,,,,,,,,,,,,,none,none
sun3d-hotel_umd-maryland_hotel1,19,20,0.22721153428583837,0.8515624999999966,0.728,1,0,,,,,,,,,,,,,,,,,,,,,,,,,,,,,,,,,none,none
sun3d-hotel_umd-maryland_hotel1,19,30,0.4781777912884874,0.8749999999999966,0.627,1,1,,,,,,,,,,,,,,,,,,,,,,,,,,,,,,,,,none,none
sun3d-hotel_umd-maryland_hotel1,19,35,0.15273374734007905,0.03906249999999985,0.038,1,0,,,,,,,,,,,,,,,,,,,,,,,,,,,,,,,,,none,none
sun3d-hotel_umd-maryland_hotel1,19,36,0.16710817735701566,0.058593749999999764,0.0375,1,0,,,,,,,,,,,,,,,,,,,,,,,,,,,,,,,,,none,none
sun3d-hotel_umd-maryland_hotel1,19,37,0.16272202197420418,0.023437499999999906,0.006,1,0,,,,,,,,,,,,,,,,,,,,,,,,,,,,,,,,,none,none
sun3d-hotel_umd-maryland_hotel1,22,27,0.3105183184197197,0.8710937499999966,0.7505,1,1,,,,,,,,,,,,,,,,,,,,,,,,,,,,,,,,,none,none
sun3d-hotel_umd-maryland_hotel1,22,33,0.45497214249535706,0.8437499999999967,0.743,1,1,,,,,,,,,,,,,,,,,,,,,,,,,,,,,,,,,none,none
sun3d-hotel_umd-maryland_hotel1,22,35,0.3637683606280601,0.8164062499999968,0.646,1,1,,,,,,,,,,,,,,,,,,,,,,,,,,,,,,,,,none,none
sun3d-hotel_umd-maryland_hotel1,23,24,0.46661050696890793,0.9257812499999963,0.7855,1,0,,,,,,,,,,,,,,,,,,,,,,,,,,,,,,,,,none,none
sun3d-hotel_umd-maryland_hotel1,23,25,0.5259228059427171,0.9296874999999963,0.7555,1,1,,,,,,,,,,,,,,,,,,,,,,,,,,,,,,,,,none,none
sun3d-hotel_umd-maryland_hotel1,23,26,0.31451983458416294,0.8203124999999967,0.5505,1,1,,,,,,,,,,,,,,,,,,,,,,,,,,,,,,,,,none,none
sun3d-hotel_umd-maryland_hotel1,23,29,0.2003369581865523,0.3476562499999986,0.1805,1,1,,,,,,,,,,,,,,,,,,,,,,,,,,,,,,,,,none,none
sun3d-hotel_umd-maryland_hotel1,25,27,0.1651856413865916,0.503906249999998,0.3015,1,0,,,,,,,,,,,,,,,,,,,,,,,,,,,,,,,,,none,none
sun3d-hotel_umd-maryland_hotel1,25,29,0.3311191272215379,0.8242187499999967,0.689,1,1,,,,,,,,,,,,,,,,,,,,,,,,,,,,,,,,,none,none
sun3d-hotel_umd-maryland_hotel1,25,32,0.18295794474749252,0.0039062499999999844,0.0,1,0,,,,,,,,,,,,,,,,,,,,,,,,,,,,,,,,,none,none
sun3d-hotel_umd-maryland_hotel1,26,27,0.27962692677369977,0.9179687499999963,0.803,1,0,,,,,,,,,,,,,,,,,,,,,,,,,,,,,,,,,none,none
sun3d-hotel_umd-maryland_hotel1,26,32,0.33249083336299884,0.9374999999999962,0.8265,1,1,,,,,,,,,,,,,,,,,,,,,,,,,,,,,,,,,none,none
sun3d-hotel_umd-maryland_hotel1,28,33,0.12201423197207996,0.5507812499999978,0.5925,1,1,,,,,,,,,,,,,,,,,,,,,,,,,,,,,,,,,none,none
sun3d-hotel_umd-maryland_hotel1,32,33,0.1942625877871682,0.8203124999999967,0.7365,1,0,,,,,,,,,,,,,,,,,,,,,,,,,,,,,,,,,none,none
sun3d-hotel_umd-maryland_hotel1,35,36,0.24311218867092793,0.24609374999999903,0.15,1,0,,,,,,,,,,,,,,,,,,,,,,,,,,,,,,,,,none,none
sun3d-hotel_umd-maryland_hotel1,35,37,0.19296892219528322,0.29296874999999883,0.2355,1,0,,,,,,,,,,,,,,,,,,,,,,,,,,,,,,,,,none,none
sun3d-hotel_umd-maryland_hotel1,36,38,0.4166449934980494,0.8359374999999967,0.7615,1,1,,,,,,,,,,,,,,,,,,,,,,,,,,,,,,,,,none,none
sun3d-hotel_umd-maryland_hotel1,36,39,0.3025357607282185,0.6328124999999974,0.696,1,1,,,,,,,,,,,,,,,,,,,,,,,,,,,,,,,,,none,none
sun3d-hotel_umd-maryland_hotel1,36,42,0.24271781534460338,0.41796874999999833,0.4765,1,1,,,,,,,,,,,,,,,,,,,,,,,,,,,,,,,,,none,none
sun3d-hotel_umd-maryland_hotel1,36,53,0.19375812743823148,0.011718749999999953,0.002,1,0,,,,,,,,,,,,,,,,,,,,,,,,,,,,,,,,,none,none
sun3d-hotel_umd-maryland_hotel1,36,55,0.4384915474642393,0.007812499999999969,0.0,1,0,,,,,,,,,,,,,,,,,,,,,,,,,,,,,,,,,none,none
sun3d-hotel_umd-maryland_hotel1,36,56,0.3561768530559168,0.6718749999999973,0.6365,1,1,,,,,,,,,,,,,,,,,,,,,,,,,,,,,,,,,none,none
sun3d-hotel_umd-maryland_hotel1,37,38,0.4217168149927014,0.757812499999997,0.7325,1,0,,,,,,,,,,,,,,,,,,,,,,,,,,,,,,,,,none,none
sun3d-hotel_umd-maryland_hotel1,37,39,0.34731835946696804,0.6445312499999974,0.622,1,1,,,,,,,,,,,,,,,,,,,,,,,,,,,,,,,,,none,none
sun3d-hotel_umd-maryland_hotel1,37,41,0.484484625888779,0.8203124999999967,0.813,1,1,,,,,,,,,,,,,,,,,,,,,,,,,,,,,,,,,none,none
sun3d-hotel_umd-maryland_hotel1,37,42,0.21956961906107267,0.4453124999999982,0.465,1,1,,,,,,,,,,,,,,,,,,,,,,,,,,,,,,,,,none,none
sun3d-hotel_umd-maryland_hotel1,37,55,0.34162075622733906,0.019531249999999924,0.0,1,0,,,,,,,,,,,,,,,,,,,,,,,,,,,,,,,,,none,none
sun3d-hotel_umd-maryland_hotel1,37,56,0.44511936714225175,0.6640624999999973,0.5565,1,1,,,,,,,,,,,,,,,,,,,,,,,,,,,,,,,,,none,none
sun3d-hotel_umd-maryland_hotel1,38,55,0.2777777777777778,0.06249999999999975,0.0025,1,0,,,,,,,,,,,,,,,,,,,,,,,,,,,,,,,,,none,none
sun3d-hotel_umd-maryland_hotel1,40,41,0.2957247889625125,0.6835937499999972,0.669,1,0,,,,,,,,,,,,,,,,,,,,,,,,,,,,,,,,,none,none
sun3d-hotel_umd-maryland_hotel1,41,42,0.18089659833295788,0.08203124999999967,0.163,1,0,,,,,,,,,,,,,,,,,,,,,,,,,,,,,,,,,none,none
sun3d-hotel_umd-maryland_hotel1,41,53,0.1582563640459563,0.011718749999999953,0.0005,1,0,,,,,,,,,,,,,,,,,,,,,,,,,,,,,,,,,none,none
sun3d-hotel_umd-maryland_hotel1,41,55,0.3646091462041,0.03515624999999986,0.0055,1,0,,,,,,,,,,,,,,,,,,,,,,,,,,,,,,,,,none,none
sun3d-hotel_umd-maryland_hotel1,42,53,0.3116740723642449,0.06249999999999975,0.041,1,0,,,,,,,,,,,,,,,,,,,,,,,,,,,,,,,,,none,none
sun3d-hotel_umd-maryland_hotel1,42,55,0.4225864158347279,0.11718749999999953,0.1045,1,0,,,,,,,,,,,,,,,,,,,,,,,,,,,,,,,,,none,none
sun3d-hotel_umd-maryland_hotel1,43,45,0.26413086101618954,0.6445312499999974,0.606,1,1,,,,,,,,,,,,,,,,,,,,,,,,,,,,,,,,,none,none
sun3d-hotel_umd-maryland_hotel1,43,48,0.3281048680746177,0.6914062499999972,0.5595,1,1,,,,,,,,,,,,,,,,,,,,,,,,,,,,,,,,,none,none
sun3d-hotel_umd-maryland_hotel1,43,49,0.3025040613971206,0.7695312499999969,0.7655,1,1,,,,,,,,,,,,,,,,,,,,,,,,,,,,,,,,,none,none
sun3d-hotel_umd-maryland_hotel1,43,53,0.17758108789423563,0.03515624999999986,0.01,1,0,,,,,,,,,,,,,,,,,,,,,,,,,,,,,,,,,none,none
sun3d-hotel_umd-maryland_hotel1,43,55,0.27774354377906,0.48046874999999806,0.4385,1,1,,,,,,,,,,,,,,,,,,,,,,,,,,,,,,,,,none,none
sun3d-hotel_umd-maryland_hotel1,44,45,0.21344451759198302,0.6054687499999976,0.687,1,0,,,,,,,,,,,,,,,,,,,,,,,,,,,,,,,,,none,none
sun3d-hotel_umd-maryland_hotel1,44,47,0.23209713993124131,0.6367187499999974,0.679,1,1,,,,,,,,,,,,,,,,,,,,,,,,,,,,,,,,,none,none
sun3d-hotel_umd-maryland_hotel1,44,52,0.1361275693072928,0.011718749999999953,0.0,1,0,,,,,,,,,,,,,,,,,,,,,,,,,,,,,,,,,none,none
sun3d-hotel_umd-maryland_hotel1,45,46,0.20908427961245962,0.39062499999999845,0.5065,1,0,,,,,,,,,,,,,,,,,,,,,,,,,,,,,,,,,none,none
sun3d-hotel_umd-maryland_hotel1,47,48,0.27680525164113784,0.33984374999999867,0.4455,1,0,,,,,,,,,,,,,,,,,,,,,,,,,,,,,,,,,none,none
sun3d-hotel_umd-maryland_hotel1,47,56,0.22606673960612692,0.29296874999999883,0.375,1,1,,,,,,,,,,,,,,,,,,,,,,,,,,,,,,,,,none,none
sun3d-hotel_umd-maryland_hotel1,48,49,0.14729315628192033,0.2734374999999989,0.16,1,0,,,,,,,,,,,,,,,,,,,,,,,,,,,,,,,,,none,none
sun3d-hotel_umd-maryland_hotel1,49,54,0.21461682611697405,0.19140624999999922,0.1785,1,0,,,,,,,,,,,,,,,,,,,,,,,,,,,,,,,,,none,none
sun3d-hotel_umd-maryland_hotel1,50,55,0.3039901995099755,0.5742187499999977,0.5565,1,1,,,,,,,,,,,,,,,,,,,,,,,,,,,,,,,,,none,none
sun3d-hotel_umd-maryland_hotel1,51,55,0.24418367346938777,0.3124999999999988,0.304,1,1,,,,,,,,,,,,,,,,,,,,,,,,,,,,,,,,,none,none
sun3d-hotel_umd-maryland_hotel1,52,53,0.12660403299725023,0.10546874999999958,0.1415,1,0,,,,,,,,,,,,,,,,,,,,,,,,,,,,,,,,,none,none
sun3d-hotel_umd-maryland_hotel1,52,54,0.13508249312557286,0.007812499999999969,0.0,1,0,,,,,,,,,,,,,,,,,,,,,,,,,,,,,,,,,none,none
sun3d-hotel_umd-maryland_hotel1,54,55,0.298956931359354,0.26562499999999895,0.1955,1,0,,,,,,,,,,,,,,,,,,,,,,,,,,,,,,,,,none,none
sun3d-hotel_umd-maryland_hotel3,0,11,0.36623012160898033,0.761718749999997,0.6205,1,1,,,,,,,,,,,,,,,,,,,,,,,,,,,,,,,,,none,none
sun3d-hotel_umd-maryland_hotel3,0,27,0.21436506080449017,0.011718749999999953,0.0105,1,0,,,,,,,,,,,,,,,,,,,,,,,,,,,,,,,,,none,none
sun3d-hotel_umd-maryland_hotel3,1,11,0.15139650221874185,0.2812499999999989,0.223,1,1,,,,,,,,,,,,,,,,,,,,,,,,,,,,,,,,,none,none
sun3d-hotel_umd-maryland_hotel3,1,12,0.3698773166275124,0.6484374999999974,0.586,1,1,,,,,,,,,,,,,,,,,,,,,,,,,,,,,,,,,none,none
sun3d-hotel_umd-maryland_hotel3,1,13,0.28008352910467244,0.8593749999999966,0.7325,1,1,,,,,,,,,,,,,,,,,,,,,,,,,,,,,,,,,none,none
sun3d-hotel_umd-maryland_hotel3,3,5,0.3735763097949886,0.9804687499999961,0.9465,1,1,,,,,,,,,,,,,,,,,,,,,,,,,,,,,,,,,none,none
sun3d-hotel_umd-maryland_hotel3,5,7,0.18159289336230888,0.8203124999999967,0.8655,1,1,,,,,,,,,,,,,,,,,,,,,,,,,,,,,,,,,none,none
sun3d-hotel_umd-maryland_hotel3,8,14,0.24105138026680756,0.746093749999997,0.7045,1,1,,,,,,,,,,,,,,,,,,,,,,,,,,,,,,,,,none,none
sun3d-hotel_umd-maryland_hotel3,8,16,0.355919517456963,0.9335937499999962,0.83,1,1,,,,,,,,,,,,,,,,,,,,,,,,,,,,,,,,,none,none
sun3d-hotel_umd-maryland_hotel3,9,10,0.31309606885322167,0.9687499999999961,0.8205,1,0,,,,,,,,,,,,,,,,,,,,,,,,,,,,,,,,,none,none
sun3d-hotel_umd-maryland_hotel3,9,15,0.3484531286345662,0.9257812499999963,0.791,1,1,,,,,,,,,,,,,,,,,,,,,,,,,,,,,,,,,none,none
sun3d-hotel_umd-maryland_hotel3,9,16,0.267271458478716,0.7695312499999969,0.606,1,1,,,,,,,,,,,,,,,,,,,,,,,,,,,,,,,,,none,none
sun3d-hotel_umd-maryland_hotel3,10,11,0.33451536643026003,0.9570312499999962,0.7705,1,0,,,,,,,,,,,,,,,,,,,,,,,,,,,,,,,,,none,none
sun3d-hotel_umd-maryland_hotel3,10,13,0.18644602048857367,0.8085937499999968,0.631,1,1,,,,,,,,,,,,,,,,,,,,,,,,,,,,,,,,,none,none
sun3d-hotel_umd-maryland_hotel3,10,17,0.2843971631205674,0.4374999999999983,0.279,1,1,,,,,,,,,,,,,,,,,,,,,,,,,,,,,,,,,none,none
sun3d-hotel_umd-maryland_hotel3,11,14,0.4131683248402491,0.9570312499999962,0.826,1,1,,,,,,,,,,,,,,,,,,,,,,,,,,,,,,,,,none,none
sun3d-hotel_umd-maryland_hotel3,11,27,0.30292000323546064,0.0,0.0,1,0,,,,,,,,,,,,,,,,,,,,,,,,,,,,,,,,,none,none
sun3d-hotel_umd-maryland_hotel3,12,27,0.25799520008930066,0.0039062499999999844,0.0005,1,0,,,,,,,,,,,,,,,,,,,,,,,,,,,,,,,,,none,none
sun3d-hotel_umd-maryland_hotel3,13,14,0.24925630186315953,0.8242187499999967,0.6845,1,0,,,,,,,,,,,,,,,,,,,,,,,,,,,,,,,,,none,none
sun3d-hotel_umd-maryland_hotel3,13,27,0.2605605135431345,0.0039062499999999844,0.003,1,0,,,,,,,,,,,,,,,,,,,,,,,,,,,,,,,,,none,none
sun3d-hotel_umd-maryland_hotel3,14,16,0.3214442332992253,0.5898437499999977,0.5015,1,1,,,,,,,,,,,,,,,,,,,,,,,,,,,,,,,,,none,none
sun3d-hotel_umd-maryland_hotel3,14,17,0.28709253033182286,0.054687499999999785,0.028,1,0,,,,,,,,,,,,,,,,,,,,,,,,,,,,,,,,,none,none
sun3d-hotel_umd-maryland_hotel3,16,18,0.22853469212819658,0.5937499999999977,0.591,1,1,,,,,,,,,,,,,,,,,,,,,,,,,,,,,,,,,none,none
sun3d-hotel_umd-maryland_hotel3,16,19,0.23324920234296873,0.5703124999999977,0.489,1,1,,,,,,,,,,,,,,,,,,,,,,,,,,,,,,,,,none,none
sun3d-hotel_umd-maryland_hotel3,18,20,0.3306987399770905,0.753906249999997,0.624,1,1,,,,,,,,,,,,,,,,,,,,,,,,,,,,,,,,,none,none
sun3d-hotel_umd-maryland_hotel3,20,33,0.25012821452121037,0.06640624999999974,0.0325,1,0,,,,,,,,,,,,,,,,,,,,,,,,,,,,,,,,,none,none
sun3d-hotel_umd-maryland_hotel3,20,34,0.33240530441790606,0.17968749999999928,0.078,1,0,,,,,,,,,,,,,,,,,,,,,,,,,,,,,,,,,none,none
sun3d-hotel_umd-maryland_hotel3,20,36,0.21994285295626054,0.0039062499999999844,0.0055,1,0,,,,,,,,,,,,,,,,,,,,,,,,,,,,,,,,,none,none
sun3d-hotel_umd-maryland_hotel3,21,24,0.3521063210139874,0.8476562499999966,0.8195,1,1,,,,,,,,,,,,,,,,,,,,,,,,,,,,,,,,,none,none
sun3d-hotel_umd-maryland_hotel3,21,29,0.33311456581484067,0.8554687499999966,0.779,1,1,,,,,,,,,,,,,,,,,,,,,,,,,,,,,,,,,none,none
sun3d-hotel_umd-maryland_hotel3,21,30,0.3345502276549489,0.8085937499999968,0.771,1,1,,,,,,,,,,,,,,,,,,,,,,,,,,,,,,,,,none,none
sun3d-hotel_umd-maryland_hotel3,21,31,0.38246031420484844,0.7148437499999971,0.7275,1,1,,,,,,,,,,,,,,,,,,,,,,,,,,,,,,,,,none,none
sun3d-hotel_umd-maryland_hotel3,22,24,0.3589230826204496,0.8671874999999966,0.8785,1,1,,,,,,,,,,,,,,,,,,,,,,,,,,,,,,,,,none,none
sun3d-hotel_umd-maryland_hotel3,22,27,0.318112802281228,0.742187499999997,0.6775,1,1,,,,,,,,,,,,,,,,,,,,,,,,,,,,,,,,,none,none
sun3d-hotel_umd-maryland_hotel3,22,30,0.39521534644298784,0.8828124999999964,0.7735,1,1,,,,,,,,,,,,,,,,,,,,,,,,,,,,,,,,,none,none
sun3d-hotel_umd-maryland_hotel3,22,31,0.15179794837610636,0.5624999999999978,0.5915,1,1,,,,,,,,,,,,,,,,,,,,,,,,,,,,,,,,,none,none
sun3d-hotel_umd-maryland_hotel3,23,24,0.3455223880597015,0.8749999999999966,0.8965,1,0,,,,,,,,,,,,,,,,,,,,,,,,,,,,,,,,,none,none
sun3d-hotel_umd-maryland_hotel3,23,27,0.37078891257995733,0.7187499999999971,0.653,1,1,,,,,,,,,,,,,,,,,,,,,,,,,,,,,,,,,none,none
sun3d-hotel_umd-maryland_hotel3,24,25,0.33755087595115907,0.5312499999999979,0.5735,1,0,,,,,,,,,,,,,,,,,,,,,,,,,,,,,,,,,none,none
sun3d-hotel_umd-maryland_hotel3,24,30,0.17660591045832597,0.23437499999999906,0.2375,1,1,,,,,,,,,,,,,,,,,,,,,,,,,,,,,,,,,none,none
sun3d-hotel_umd-maryland_hotel3,25,26,0.28335243083974465,0.26171874999999895,0.2825,1,0,,,,,,,,,,,,,,,,,,,,,,,,,,,,,,,,,none,none
sun3d-hotel_umd-maryland_hotel3,25,28,0.29202815518088066,0.29687499999999883,0.299,1,1,,,,,,,,,,,,,,,,,,,,,,,,,,,,,,,,,none,none
sun3d-hotel_umd-maryland_hotel3,27,28,0.24098474341192788,0.6484374999999974,0.643,1,0,,,,,,,,,,,,,,,,,,,,,,,,,,,,,,,,,none,none
sun3d-hotel_umd-maryland_hotel3,28,31,0.2119738072965388,0.4726562499999981,0.5725,1,1,,,,,,,,,,,,,,,,,,,,,,,,,,,,,,,,,none,none
sun3d-hotel_umd-maryland_hotel3,29,31,0.18839232913745035,0.28906249999999883,0.324,1,1,,,,,,,,,,,,,,,,,,,,,,,,,,,,,,,,,none,none
sun3d-hotel_umd-maryland_hotel3,30,32,0.32413793103448274,0.6835937499999972,0.698,1,1,,,,,,,,,,,,,,,,,,,,,,,,,,,,,,,,,none,none
sun3d-hotel_umd-maryland_hotel3,30,33,0.21962864721485412,0.4374999999999983,0.4225,1,1,,,,,,,,,,,,,,,,,,,,,,,,,,,,,,,,,none,none
sun3d-hotel_umd-maryland_hotel3,31,35,0.1419500375971259,0.19140624999999922,0.107,1,0,,,,,,,,,,,,,,,,,,,,,,,,,,,,,,,,,none,none
sun3d-hotel_umd-maryland_hotel3,31,36,0.26301278302280895,0.503906249999998,0.2805,1,1,,,,,,,,,,,,,,,,,,,,,,,,,,,,,,,,,none,none
sun3d-mit_76_studyroom-76-1studyroom2,0,3,0.4174110411480451,0.749999999999997,0.6695,1,1,,,,,,,,,,,,,,,,,,,,,,,,,,,,,,,,,none,none
sun3d-mit_76_studyroom-76-1studyroom2,0,8,0.3512959437692195,0.6757812499999973,0.676,1,1,,,,,,,,,,,,,,,,,,,,,,,,,,,,,,,,,none,none
sun3d-mit_76_studyroom-76-1studyroom2,0,18,0.15404890906428467,0.0,0.0,1,0,,,,,,,,,,,,,,,,,,,,,,,,,,,,,,,,,none,none
sun3d-mit_76_studyroom-76-1studyroom2,0,19,0.3042173085371211,0.18359374999999928,0.143,1,1,,,,,,,,,,,,,,,,,,,,,,,,,,,,,,,,,none,none
sun3d-mit_76_studyroom-76-1studyroom2,0,21,0.40613559818421435,0.6874999999999972,0.718,1,1,,,,,,,,,,,,,,,,,,,,,,,,,,,,,,,,,none,none
sun3d-mit_76_studyroom-76-1studyroom2,0,22,0.21130472982867185,0.4492187499999982,0.647,1,1,,,,,,,,,,,,,,,,,,,,,,,,,,,,,,,,,none,none
sun3d-mit_76_studyroom-76-1studyroom2,0,33,0.22602137941133402,0.5312499999999979,0.5505,1,1,,,,,,,,,,,,,,,,,,,,,,,,,,,,,,,,,none,none
sun3d-mit_76_studyroom-76-1studyroom2,0,39,0.15880802460096646,0.0,0.0,1,0,,,,,,,,,,,,,,,,,,,,,,,,,,,,,,,,,none,none
sun3d-mit_76_studyroom-76-1studyroom2,0,44,0.17345145702152584,0.21484374999999914,0.1715,1,0,,,,,,,,,,,,,,,,,,,,,,,,,,,,,,,,,none,none
sun3d-mit_76_studyroom-76-1studyroom2,0,45,0.33299165324352026,0.6367187499999974,0.7475,1,1,,,,,,,,,,,,,,,,,,,,,,,,,,,,,,,,,none,none
sun3d-mit_76_studyroom-76-1studyroom2,0,50,0.2825450285546932,0.5273437499999979,0.649,1,1,,,,,,,,,,,,,,,,,,,,,,,,,,,,,,,,,none,none
sun3d-mit_76_studyroom-76-1studyroom2,0,51,0.18721628349685165,0.35937499999999856,0.445,1,1,,,,,,,,,,,,,,,,,,,,,,,,,,,,,,,,,none,none
sun3d-mit_76_studyroom-76-1studyroom2,0,64,0.1746229316151706,0.0,0.0,1,0,,,,,,,,,,,,,,,,,,,,,,,,,,,,,,,,,none,none
sun3d-mit_76_studyroom-76-1studyroom2,1,8,0.39552182733488617,0.7343749999999971,0.7905,1,1,,,,,,,,,,,,,,,,,,,,,,,,,,,,,,,,,none,none
sun3d-mit_76_studyroom-76-1studyroom2,1,19,0.30362912314974827,0.2031249999999992,0.1465,1,1,,,,,,,,,,,,,,,,,,,,,,,,,,,,,,,,,none,none
sun3d-mit_76_studyroom-76-1studyroom2,1,20,0.4335412127132016,0.5312499999999979,0.3475,1,1,,,,,,,,,,,,,,,,,,,,,,,,,,,,,,,,,none,none
sun3d-mit_76_studyroom-76-1studyroom2,1,21,0.3837252986700729,0.6757812499999973,0.643,1,1,,,,,,,,,,,,,,,,,,,,,,,,,,,,,,,,,none,none
sun3d-mit_76_studyroom-76-1studyroom2,1,22,0.2012172214291081,0.46484374999999817,0.6415,1,1,,,,,,,,,,,,,,,,,,,,,,,,,,,,,,,,,none,none
sun3d-mit_76_studyroom-76-1studyroom2,1,33,0.17153805695394095,0.4023437499999984,0.4875,1,1,,,,,,,,,,,,,,,,,,,,,,,,,,,,,,,,,none,none
sun3d-mit_76_studyroom-76-1studyroom2,1,39,0.19392892027951011,0.0,0.0,1,0,,,,,,,,,,,,,,,,,,,,,,,,,,,,,,,,,none,none
sun3d-mit_76_studyroom-76-1studyroom2,1,44,0.20174318130588323,0.21874999999999914,0.189,1,0,,,,,,,,,,,,,,,,,,,,,,,,,,,,,,,,,none,none
sun3d-mit_76_studyroom-76-1studyroom2,1,50,0.3133969494327147,0.5742187499999977,0.7185,1,1,,,,,,,,,,,,,,,,,,,,,,,,,,,,,,,,,none,none
sun3d-mit_76_studyroom-76-1studyroom2,1,51,0.1995642046735292,0.4062499999999984,0.4715,1,1,,,,,,,,,,,,,,,,,,,,,,,,,,,,,,,,,none,none
sun3d-mit_76_studyroom-76-1studyroom2,1,64,0.15230295288902246,0.0,0.0,1,0,,,,,,,,,,,,,,,,,,,,,,,,,,,,,,,,,none,none
sun3d-mit_76_studyroom-76-1studyroom2,2,4,0.3503499879314506,0.06249999999999975,0.0,1,0,,,,,,,,,,,,,,,,,,,,,,,,,,,,,,,,,none,none
sun3d-mit_76_studyroom-76-1studyroom2,2,21,0.19382090272749217,0.33593749999999867,0.296,1,1,,,,,,,,,,,,,,,,,,,,,,,,,,,,,,,,,none,none
sun3d-mit_76_studyroom-76-1studyroom2,2,34,0.41914071928554186,0.8046874999999968,0.7585,1,1,,,,,,,,,,,,,,,,,,,,,,,,,,,,,,,,,none,none
sun3d-mit_76_studyroom-76-1studyroom2,2,43,0.14590876176683562,0.0,0.0,1,0,,,,,,,,,,,,,,,,,,,,,,,,,,,,,,,,,none,none
sun3d-mit_76_studyroom-76-1studyroom2,2,51,0.20854453294713976,0.4335937499999983,0.538,1,1,,,,,,,,,,,,,,,,,,,,,,,,,,,,,,,,,none,none
sun3d-mit_76_studyroom-76-1studyroom2,3,8,0.1803001876172608,0.5624999999999978,0.595,1,1,,,,,,,,,,,,,,,,,,,,,,,,,,,,,,,,,none,none
sun3d-mit_76_studyroom-76-1studyroom2,3,35,0.2773452157598499,0.6757812499999973,0.67,1,1,,,,,,,,,,,,,,,,,,,,,,,,,,,,,,,,,none,none
sun3d-mit_76_studyroom-76-1studyroom2,3,36,0.31350844277673545,0.8359374999999967,0.7485,1,1,,,,,,,,,,,,,,,,,,,,,,,,,,,,,,,,,none,none
sun3d-mit_76_studyroom-76-1studyroom2,3,37,0.3430112570356473,0.8085937499999968,0.7225,1,1,,,,,,,,,,,,,,,,,,,,,,,,,,,,,,,,,none,none
sun3d-mit_76_studyroom-76-1studyroom2,3,41,0.3294559099437148,0.33593749999999867,0.1595,1,1,,,,,,,,,,,,,,,,,,,,,,,,,,,,,,,,,none,none
sun3d-mit_76_studyroom-76-1studyroom2,3,42,0.3923545966228893,0.4062499999999984,0.1885,1,1,,,,,,,,,,,,,,,,,,,,,,,,,,,,,,,,,none,none
sun3d-mit_76_studyroom-76-1studyroom2,4,6,0.3543828789211375,0.015624999999999938,0.004,1,0,,,,,,,,,,,,,,,,,,,,,,,,,,,,,,,,,none,none
sun3d-mit_76_studyroom-76-1studyroom2,4,7,0.30624450307827616,0.0039062499999999844,0.0,1,0,,,,,,,,,,,,,,,,,,,,,,,,,,,,,,,,,none,none
sun3d-mit_76_studyroom-76-1studyroom2,4,38,0.28836118440340075,0.0,0.0,1,0,,,,,,,,,,,,,,,,,,,,,,,,,,,,,,,,,none,none
sun3d-mit_76_studyroom-76-1studyroom2,4,45,0.30425095279976544,0.0,0.0,1,0,,,,,,,,,,,,,,,,,,,,,,,,,,,,,,,,,none,none
sun3d-mit_76_studyroom-76-1studyroom2,4,49,0.2610964526531809,0.011718749999999953,0.0005,1,0,,,,,,,,,,,,,,,,,,,,,,,,,,,,,,,,,none,none
sun3d-mit_76_studyroom-76-1studyroom2,5,8,0.19800825408218195,0.5234374999999979,0.6295,1,1,,,,,,,,,,,,,,,,,,,,,,,,,,,,,,,,,none,none
sun3d-mit_76_studyroom-76-1studyroom2,5,34,0.18477480710568814,0.6132812499999976,0.5335,1,1,,,,,,,,,,,,,,,,,,,,,,,,,,,,,,,,,none,none
sun3d-mit_76_studyroom-76-1studyroom2,5,35,0.3050870267360488,0.742187499999997,0.6075,1,1,,,,,,,,,,,,,,,,,,,,,,,,,,,,,,,,,none,none
sun3d-mit_76_studyroom-76-1studyroom2,5,36,0.33787905975237753,0.8085937499999968,0.636,1,1,,,,,,,,,,,,,,,,,,,,,,,,,,,,,,,,,none,none
sun3d-mit_76_studyroom-76-1studyroom2,5,41,0.34312757940068184,0.4335937499999983,0.334,1,1,,,,,,,,,,,,,,,,,,,,,,,,,,,,,,,,,none,none
sun3d-mit_76_studyroom-76-1studyroom2,5,42,0.4502512111968419,0.5585937499999978,0.4495,1,1,,,,,,,,,,,,,,,,,,,,,,,,,,,,,,,,,none,none
sun3d-mit_76_studyroom-76-1studyroom2,5,50,0.18544769424008614,0.33984374999999867,0.4205,1,1,,,,,,,,,,,,,,,,,,,,,,,,,,,,,,,,,none,none
sun3d-mit_76_studyroom-76-1studyroom2,6,34,0.3427922814982974,0.8046874999999968,0.725,1,1,,,,,,,,,,,,,,,,,,,,,,,,,,,,,,,,,none,none
sun3d-mit_76_studyroom-76-1studyroom2,6,40,0.3170828603859251,0.023437499999999906,0.0005,1,0,,,,,,,,,,,,,,,,,,,,,,,,,,,,,,,,,none,none
sun3d-mit_76_studyroom-76-1studyroom2,6,43,0.37009080590238363,0.0,0.0,1,0,,,,,,,,,,,,,,,,,,,,,,,,,,,,,,,,,none,none
sun3d-mit_76_studyroom-76-1studyroom2,6,50,0.35629965947786607,0.5468749999999978,0.757,1,1,,,,,,,,,,,,,,,,,,,,,,,,,,,,,,,,,none,none
sun3d-mit_76_studyroom-76-1studyroom2,6,51,0.16288308740068105,0.4414062499999982,0.5235,1,1,,,,,,,,,,,,,,,,,,,,,,,,,,,,,,,,,none,none
sun3d-mit_76_studyroom-76-1studyroom2,7,34,0.2619605680408107,0.7109374999999971,0.703,1,1,,,,,,,,,,,,,,,,,,,,,,,,,,,,,,,,,none,none
sun3d-mit_76_studyroom-76-1studyroom2,7,40,0.3275885840341927,0.0,0.0,1,0,,,,,,,,,,,,,,,,,,,,,,,,,,,,,,,,,none,none
sun3d-mit_76_studyroom-76-1studyroom2,7,43,0.30580449469185167,0.0,0.0,1,0,,,,,,,,,,,,,,,,,,,,,,,,,,,,,,,,,none,none
sun3d-mit_76_studyroom-76-1studyroom2,8,9,0.3558749927253681,0.41406249999999833,0.4815,1,0,,,,,,,,,,,,,,,,,,,,,,,,,,,,,,,,,none,none
sun3d-mit_76_studyroom-76-1studyroom2,8,10,0.18151661525926788,0.249999999999999,0.185,1,1,,,,,,,,,,,,,,,,,,,,,,,,,,,,,,,,,none,none
sun3d-mit_76_studyroom-76-1studyroom2,8,34,0.1762788802886574,0.6289062499999974,0.6595,1,1,,,,,,,,,,,,,,,,,,,,,,,,,,,,,,,,,none,none
sun3d-mit_76_studyroom-76-1studyroom2,8,35,0.3082698015480417,0.742187499999997,0.7585,1,1,,,,,,,,,,,,,,,,,,,,,,,,,,,,,,,,,none,none
sun3d-mit_76_studyroom-76-1studyroom2,8,36,0.4126171215736484,0.8085937499999968,0.7215,1,1,,,,,,,,,,,,,,,,,,,,,,,,,,,,,,,,,none,none
sun3d-mit_76_studyroom-76-1studyroom2,8,52,0.3022755048594541,0.26562499999999895,0.3395,1,1,,,,,,,,,,,,,,,,,,,,,,,,,,,,,,,,,none,none
sun3d-mit_76_studyroom-76-1studyroom2,8,53,0.17703544200663446,0.023437499999999906,0.0335,1,0,,,,,,,,,,,,,,,,,,,,,,,,,,,,,,,,,none,none
sun3d-mit_76_studyroom-76-1studyroom2,8,55,0.16481406040854332,0.1718749999999993,0.2005,1,1,,,,,,,,,,,,,,,,,,,,,,,,,,,,,,,,,none,none
sun3d-mit_76_studyroom-76-1studyroom2,9,12,0.3521578574359357,0.7734374999999969,0.7135,1,1,,,,,,,,,,,,,,,,,,,,,,,,,,,,,,,,,none,none
sun3d-mit_76_studyroom-76-1studyroom2,9,36,0.21194375023313067,0.41796874999999833,0.1325,1,1,,,,,,,,,,,,,,,,,,,,,,,,,,,,,,,,,none,none
sun3d-mit_76_studyroom-76-1studyroom2,9,37,0.24260509530381588,0.4453124999999982,0.2315,1,1,,,,,,,,,,,,,,,,,,,,,,,,,,,,,,,,,none,none
sun3d-mit_76_studyroom-76-1studyroom2,9,38,0.28039091349919804,0.6249999999999976,0.6285,1,1,,,,,,,,,,,,,,,,,,,,,,,,,,,,,,,,,none,none
sun3d-mit_76_studyroom-76-1studyroom2,9,39,0.258681785967399,0.7851562499999969,0.749,1,1,,,,,,,,,,,,,,,,,,,,,,,,,,,,,,,,,none,none
sun3d-mit_76_studyroom-76-1studyroom2,9,50,0.22910216718266255,0.38671874999999845,0.5515,1,1,,,,,,,,,,,,,,,,,,,,,,,,,,,,,,,,,none,none
sun3d-mit_76_studyroom-76-1studyroom2,9,54,0.1828117423253385,0.5468749999999978,0.504,1,1,,,,,,,,,,,,,,,,,,,,,,,,,,,,,,,,,none,none
sun3d-mit_76_studyroom-76-1studyroom2,9,56,0.29773583498079004,0.6249999999999976,0.555,1,1,,,,,,,,,,,,,,,,,,,,,,,,,,,,,,,,,none,none
sun3d-mit_76_studyroom-76-1studyroom2,10,13,0.18719750195160031,0.13671874999999944,0.0395,1,0,,,,,,,,,,,,,,,,,,,,,,,,,,,,,,,,,none,none
sun3d-mit_76_studyroom-76-1studyroom2,10,37,0.17892271662763465,0.45312499999999817,0.1445,1,1,,,,,,,,,,,,,,,,,,,,,,,,,,,,,,,,,none,none
sun3d-mit_76_studyroom-76-1studyroom2,10,39,0.21002341920374706,0.7226562499999971,0.6645,1,1,,,,,,,,,,,,,,,,,,,,,,,,,,,,,,,,,none,none
sun3d-mit_76_studyroom-76-1studyroom2,10,56,0.3607806401249024,0.33203124999999867,0.4215,1,1,,,,,,,,,,,,,,,,,,,,,,,,,,,,,,,,,none,none
sun3d-mit_76_studyroom-76-1studyroom2,11,13,0.22203801945181256,0.2773437499999989,0.1515,1,1,,,,,,,,,,,,,,,,,,,,,,,,,,,,,,,,,none,none
sun3d-mit_76_studyroom-76-1studyroom2,11,51,0.18597111700559976,0.7109374999999971,0.68,1,1,,,,,,,,,,,,,,,,,,,,,,,,,,,,,,,,,none,none
sun3d-mit_76_studyroom-76-1studyroom2,11,56,0.30507662835249044,0.1249999999999995,0.0515,1,0,,,,,,,,,,,,,,,,,,,,,,,,,,,,,,,,,none,none
sun3d-mit_76_studyroom-76-1studyroom2,12,14,0.28919364174718376,0.8593749999999966,0.709,1,1,,,,,,,,,,,,,,,,,,,,,,,,,,,,,,,,,none,none
sun3d-mit_76_studyroom-76-1studyroom2,12,15,0.16781691081526337,0.6562499999999973,0.6505,1,1,,,,,,,,,,,,,,,,,,,,,,,,,,,,,,,,,none,none
sun3d-mit_76_studyroom-76-1studyroom2,12,51,0.1998308027962064,0.5664062499999978,0.564,1,1,,,,,,,,,,,,,,,,,,,,,,,,,,,,,,,,,none,none
sun3d-mit_76_studyroom-76-1studyroom2,12,52,0.33981922614542054,0.8203124999999967,0.7535,1,1,,,,,,,,,,,,,,,,,,,,,,,,,,,,,,,,,none,none
sun3d-mit_76_studyroom-76-1studyroom2,12,57,0.2063315374682755,0.7929687499999968,0.763,1,1,,,,,,,,,,,,,,,,,,,,,,,,,,,,,,,,,none,none
sun3d-mit_76_studyroom-76-1studyroom2,13,53,0.18042411496670172,0.12890624999999947,0.041,1,0,,,,,,,,,,,,,,,,,,,,,,,,,,,,,,,,,none,none
sun3d-mit_76_studyroom-76-1studyroom2,13,58,0.20986680686996145,0.0,0.0,1,0,,,,,,,,,,,,,,,,,,,,,,,,,,,,,,,,,none,none
sun3d-mit_76_studyroom-76-1studyroom2,14,18,0.39040534577318287,0.5429687499999978,0.472,1,1,,,,,,,,,,,,,,,,,,,,,,,,,,,,,,,,,none,none
sun3d-mit_76_studyroom-76-1studyroom2,14,55,0.3716825316774885,0.753906249999997,0.608,1,1,,,,,,,,,,,,,,,,,,,,,,,,,,,,,,,,,none,none
sun3d-mit_76_studyroom-76-1studyroom2,14,61,0.18811069785034357,0.019531249999999924,0.0055,1,0,,,,,,,,,,,,,,,,,,,,,,,,,,,,,,,,,none,none
sun3d-mit_76_studyroom-76-1studyroom2,14,62,0.31198386181680643,0.33203124999999867,0.27,1,0,,,,,,,,,,,,,,,,,,,,,,,,,,,,,,,,,none,none
sun3d-mit_76_studyroom-76-1studyroom2,14,63,0.19283868120784214,0.28906249999999883,0.275,1,0,,,,,,,,,,,,,,,,,,,,,,,,,,,,,,,,,none,none
sun3d-mit_76_studyroom-76-1studyroom2,15,16,0.34517981547731125,0.6914062499999972,0.668,1,0,,,,,,,,,,,,,,,,,,,,,,,,,,,,,,,,,none,none
sun3d-mit_76_studyroom-76-1studyroom2,15,17,0.32409150819054794,0.7070312499999972,0.6505,1,1,,,,,,,,,,,,,,,,,,,,,,,,,,,,,,,,,none,none
sun3d-mit_76_studyroom-76-1studyroom2,15,19,0.3251741668235737,0.6992187499999972,0.686,1,1,,,,,,,,,,,,,,,,,,,,,,,,,,,,,,,,,none,none
sun3d-mit_76_studyroom-76-1studyroom2,15,55,0.18711165505554508,0.5976562499999976,0.5425,1,1,,,,,,,,,,,,,,,,,,,,,,,,,,,,,,,,,none,none
sun3d-mit_76_studyroom-76-1studyroom2,15,60,0.21483713048390135,0.023437499999999906,0.055,1,0,,,,,,,,,,,,,,,,,,,,,,,,,,,,,,,,,none,none
sun3d-mit_76_studyroom-76-1studyroom2,15,61,0.35967802673696103,0.7265624999999971,0.533,1,1,,,,,,,,,,,,,,,,,,,,,,,,,,,,,,,,,none,none
sun3d-mit_76_studyroom-76-1studyroom2,15,63,0.4607418565241951,0.10546874999999958,0.136,1,0,,,,,,,,,,,,,,,,,,,,,,,,,,,,,,,,,none,none
sun3d-mit_76_studyroom-76-1studyroom2,15,64,0.3049802297119187,0.249999999999999,0.3155,1,1,,,,,,,,,,,,,,,,,,,,,,,,,,,,,,,,,none,none
sun3d-mit_76_studyroom-76-1studyroom2,16,18,0.311283707129767,0.5742187499999977,0.589,1,1,,,,,,,,,,,,,,,,,,,,,,,,,,,,,,,,,none,none
sun3d-mit_76_studyroom-76-1studyroom2,16,19,0.2953137272013265,0.28906249999999883,0.363,1,1,,,,,,,,,,,,,,,,,,,,,,,,,,,,,,,,,none,none
sun3d-mit_76_studyroom-76-1studyroom2,16,57,0.31800331617069555,0.4062499999999984,0.2775,1,1,,,,,,,,,,,,,,,,,,,,,,,,,,,,,,,,,none,none
sun3d-mit_76_studyroom-76-1studyroom2,16,58,0.32926084300549785,0.28906249999999883,0.299,1,1,,,,,,,,,,,,,,,,,,,,,,,,,,,,,,,,,none,none
sun3d-mit_76_studyroom-76-1studyroom2,16,61,0.34837245832969715,0.12109374999999951,0.0725,1,1,,,,,,,,,,,,,,,,,,,,,,,,,,,,,,,,,none,none
sun3d-mit_76_studyroom-76-1studyroom2,16,62,0.38799197137621083,0.019531249999999924,0.01,1,0,,,,,,,,,,,,,,,,,,,,,,,,,,,,,,,,,none,none
sun3d-mit_76_studyroom-76-1studyroom2,16,63,0.3646042412077843,0.058593749999999764,0.093,1,0,,,,,,,,,,,,,,,,,,,,,,,,,,,,,,,,,none,none
sun3d-mit_76_studyroom-76-1studyroom2,16,64,0.3299589842045554,0.07031249999999972,0.092,1,0,,,,,,,,,,,,,,,,,,,,,,,,,,,,,,,,,none,none
sun3d-mit_76_studyroom-76-1studyroom2,17,20,0.25359923216380503,0.2226562499999991,0.2695,1,1,,,,,,,,,,,,,,,,,,,,,,,,,,,,,,,,,none,none
sun3d-mit_76_studyroom-76-1studyroom2,17,57,0.3006291991041911,0.3007812499999988,0.278,1,1,,,,,,,,,,,,,,,,,,,,,,,,,,,,,,,,,none,none
sun3d-mit_76_studyroom-76-1studyroom2,17,58,0.2361096299456116,0.19531249999999922,0.094,1,0,,,,,,,,,,,,,,,,,,,,,,,,,,,,,,,,,none,none
sun3d-mit_76_studyroom-76-1studyroom2,17,61,0.30500159965873946,0.18359374999999928,0.075,1,0,,,,,,,,,,,,,,,,,,,,,,,,,,,,,,,,,none,none
sun3d-mit_76_studyroom-76-1studyroom2,17,62,0.4819238562440013,0.3046874999999988,0.1755,1,1,,,,,,,,,,,,,,,,,,,,,,,,,,,,,,,,,none,none
sun3d-mit_76_studyroom-76-1studyroom2,17,63,0.5102911378905833,0.3046874999999988,0.254,1,0,,,,,,,,,,,,,,,,,,,,,,,,,,,,,,,,,none,none
sun3d-mit_76_studyroom-76-1studyroom2,17,65,0.34829902954036474,0.23828124999999906,0.246,1,1,,,,,,,,,,,,,,,,,,,,,,,,,,,,,,,,,none,none
sun3d-mit_76_studyroom-76-1studyroom2,18,21,0.2939156243375026,0.35546874999999856,0.3575,1,1,,,,,,,,,,,,,,,,,,,,,,,,,,,,,,,,,none,none
sun3d-mit_76_studyroom-76-1studyroom2,18,34,0.27449650201399195,0.14453124999999942,0.0935,1,0,,,,,,,,,,,,,,,,,,,,,,,,,,,,,,,,,none,none
sun3d-mit_76_studyroom-76-1studyroom2,18,56,0.14585541657833367,0.042968749999999827,0.032,1,0,,,,,,,,,,,,,,,,,,,,,,,,,,,,,,,,,none,none
sun3d-mit_76_studyroom-76-1studyroom2,18,57,0.3236379054483782,0.761718749999997,0.568,1,1,,,,,,,,,,,,,,,,,,,,,,,,,,,,,,,,,none,none
sun3d-mit_76_studyroom-76-1studyroom2,18,58,0.254186983252067,0.507812499999998,0.51,1,1,,,,,,,,,,,,,,,,,,,,,,,,,,,,,,,,,none,none
sun3d-mit_76_studyroom-76-1studyroom2,18,61,0.28959084163663346,0.35937499999999856,0.217,1,1,,,,,,,,,,,,,,,,,,,,,,,,,,,,,,,,,none,none
sun3d-mit_76_studyroom-76-1studyroom2,18,65,0.4188255246979012,0.23437499999999906,0.264,1,1,,,,,,,,,,,,,,,,,,,,,,,,,,,,,,,,,none,none
sun3d-mit_76_studyroom-76-1studyroom2,19,22,0.2775770712909441,0.14843749999999942,0.249,1,0,,,,,,,,,,,,,,,,,,,,,,,,,,,,,,,,,none,none
sun3d-mit_76_studyroom-76-1studyroom2,19,23,0.30740205523442515,0.26171874999999895,0.2315,1,1,,,,,,,,,,,,,,,,,,,,,,,,,,,,,,,,,none,none
sun3d-mit_76_studyroom-76-1studyroom2,19,24,0.17702312138728324,0.0,0.0,1,0,,,,,,,,,,,,,,,,,,,,,,,,,,,,,,,,,none,none
sun3d-mit_76_studyroom-76-1studyroom2,19,33,0.2984906872190109,0.0,0.0,1,0,,,,,,,,,,,,,,,,,,,,,,,,,,,,,,,,,none,none
sun3d-mit_76_studyroom-76-1studyroom2,19,34,0.45917630057803466,0.249999999999999,0.2075,1,1,,,,,,,,,,,,,,,,,,,,,,,,,,,,,,,,,none,none
sun3d-mit_76_studyroom-76-1studyroom2,19,62,0.3544877970456005,0.0,0.0,1,0,,,,,,,,,,,,,,,,,,,,,,,,,,,,,,,,,none,none
sun3d-mit_76_studyroom-76-1studyroom2,20,24,0.28582459562708284,0.0,0.0,1,0,,,,,,,,,,,,,,,,,,,,,,,,,,,,,,,,,none,none
sun3d-mit_76_studyroom-76-1studyroom2,20,25,0.12440055271072097,0.0,0.0,1,0,,,,,,,,,,,,,,,,,,,,,,,,,,,,,,,,,none,none
sun3d-mit_76_studyroom-76-1studyroom2,20,32,0.12375030480370641,0.0,0.0,1,0,,,,,,,,,,,,,,,,,,,,,,,,,,,,,,,,,none,none
sun3d-mit_76_studyroom-76-1studyroom2,20,33,0.38795415752255547,0.06640624999999974,0.13,1,0,,,,,,,,,,,,,,,,,,,,,,,,,,,,,,,,,none,none
sun3d-mit_76_studyroom-76-1studyroom2,20,35,0.1619930098349996,0.5898437499999977,0.6365,1,1,,,,,,,,,,,,,,,,,,,,,,,,,,,,,,,,,none,none
sun3d-mit_76_studyroom-76-1studyroom2,20,63,0.33341461432171016,0.3046874999999988,0.201,1,1,,,,,,,,,,,,,,,,,,,,,,,,,,,,,,,,,none,none
sun3d-mit_76_studyroom-76-1studyroom2,21,25,0.16322657176749703,0.0,0.0,1,0,,,,,,,,,,,,,,,,,,,,,,,,,,,,,,,,,none,none
sun3d-mit_76_studyroom-76-1studyroom2,21,32,0.22011862396204032,0.0,0.0,1,0,,,,,,,,,,,,,,,,,,,,,,,,,,,,,,,,,none,none
sun3d-mit_76_studyroom-76-1studyroom2,21,35,0.2111506524317912,0.7695312499999969,0.7825,1,1,,,,,,,,,,,,,,,,,,,,,,,,,,,,,,,,,none,none
sun3d-mit_76_studyroom-76-1studyroom2,21,47,0.16640569395017793,0.04687499999999981,0.0455,1,0,,,,,,,,,,,,,,,,,,,,,,,,,,,,,,,,,none,none
sun3d-mit_76_studyroom-76-1studyroom2,21,48,0.23966785290628706,0.042968749999999827,0.025,1,0,,,,,,,,,,,,,,,,,,,,,,,,,,,,,,,,,none,none
sun3d-mit_76_studyroom-76-1studyroom2,21,63,0.2599762752075919,0.10937499999999957,0.032,1,0,,,,,,,,,,,,,,,,,,,,,,,,,,,,,,,,,none,none
sun3d-mit_76_studyroom-76-1studyroom2,21,64,0.3829181494661922,0.5156249999999979,0.2695,1,1,,,,,,,,,,,,,,,,,,,,,,,,,,,,,,,,,none,none
sun3d-mit_76_studyroom-76-1studyroom2,21,65,0.4172716488730724,0.5585937499999978,0.387,1,1,,,,,,,,,,,,,,,,,,,,,,,,,,,,,,,,,none,none
sun3d-mit_76_studyroom-76-1studyroom2,22,25,0.25207965717166625,0.10937499999999957,0.059,1,0,,,,,,,,,,,,,,,,,,,,,,,,,,,,,,,,,none,none
sun3d-mit_76_studyroom-76-1studyroom2,22,26,0.16580539450466347,0.058593749999999764,0.0565,1,0,,,,,,,,,,,,,,,,,,,,,,,,,,,,,,,,,none,none
sun3d-mit_76_studyroom-76-1studyroom2,22,27,0.21212503150995715,0.09765624999999961,0.059,1,0,,,,,,,,,,,,,,,,,,,,,,,,,,,,,,,,,none,none
sun3d-mit_76_studyroom-76-1studyroom2,22,32,0.3235442399798336,0.054687499999999785,0.0165,1,0,,,,,,,,,,,,,,,,,,,,,,,,,,,,,,,,,none,none
sun3d-mit_76_studyroom-76-1studyroom2,22,35,0.19895386942273757,0.6406249999999974,0.7765,1,1,,,,,,,,,,,,,,,,,,,,,,,,,,,,,,,,,none,none
sun3d-mit_76_studyroom-76-1studyroom2,22,48,0.18282077136375094,0.25781249999999895,0.254,1,1,,,,,,,,,,,,,,,,,,,,,,,,,,,,,,,,,none,none
sun3d-mit_76_studyroom-76-1studyroom2,22,64,0.32745147466599445,0.011718749999999953,0.003,1,0,,,,,,,,,,,,,,,,,,,,,,,,,,,,,,,,,none,none
sun3d-mit_76_studyroom-76-1studyroom2,23,26,0.3891146785883628,0.0507812499999998,0.0465,1,0,,,,,,,,,,,,,,,,,,,,,,,,,,,,,,,,,none,none
sun3d-mit_76_studyroom-76-1studyroom2,23,28,0.27910993700467385,0.027343749999999892,0.0,1,0,,,,,,,,,,,,,,,,,,,,,,,,,,,,,,,,,none,none
sun3d-mit_76_studyroom-76-1studyroom2,23,31,0.17554020185599134,0.0039062499999999844,0.0,1,0,,,,,,,,,,,,,,,,,,,,,,,,,,,,,,,,,none,none
sun3d-mit_76_studyroom-76-1studyroom2,23,34,0.44950213371266,0.7226562499999971,0.544,1,1,,,,,,,,,,,,,,,,,,,,,,,,,,,,,,,,,none,none
sun3d-mit_76_studyroom-76-1studyroom2,23,64,0.198130461288356,0.011718749999999953,0.0015,1,0,,,,,,,,,,,,,,,,,,,,,,,,,,,,,,,,,none,none
sun3d-mit_76_studyroom-76-1studyroom2,24,28,0.41896586278308506,0.8984374999999964,0.8155,1,1,,,,,,,,,,,,,,,,,,,,,,,,,,,,,,,,,none,none
sun3d-mit_76_studyroom-76-1studyroom2,24,29,0.20575856770659362,0.6406249999999974,0.726,1,1,,,,,,,,,,,,,,,,,,,,,,,,,,,,,,,,,none,none
sun3d-mit_76_studyroom-76-1studyroom2,24,31,0.2741332086311711,0.7656249999999969,0.697,1,1,,,,,,,,,,,,,,,,,,,,,,,,,,,,,,,,,none,none
sun3d-mit_76_studyroom-76-1studyroom2,24,34,0.2563631505110562,0.249999999999999,0.355,1,1,,,,,,,,,,,,,,,,,,,,,,,,,,,,,,,,,none,none
sun3d-mit_76_studyroom-76-1studyroom2,24,65,0.2912686218184247,0.0,0.0,1,0,,,,,,,,,,,,,,,,,,,,,,,,,,,,,,,,,none,none
sun3d-mit_76_studyroom-76-1studyroom2,25,29,0.20360236491131584,0.9257812499999963,0.858,1,1,,,,,,,,,,,,,,,,,,,,,,,,,,,,,,,,,none,none
sun3d-mit_76_studyroom-76-1studyroom2,25,31,0.22815894403959852,0.8671874999999966,0.814,1,1,,,,,,,,,,,,,,,,,,,,,,,,,,,,,,,,,none,none
sun3d-mit_76_studyroom-76-1studyroom2,26,28,0.31704183998042573,0.9648437499999961,0.8195,1,1,,,,,,,,,,,,,,,,,,,,,,,,,,,,,,,,,none,none
sun3d-mit_76_studyroom-76-1studyroom2,26,33,0.3998450371095343,0.9531249999999962,0.853,1,1,,,,,,,,,,,,,,,,,,,,,,,,,,,,,,,,,none,none
sun3d-mit_76_studyroom-76-1studyroom2,27,29,0.29231999174747264,0.9609374999999961,0.906,1,1,,,,,,,,,,,,,,,,,,,,,,,,,,,,,,,,,none,none
sun3d-mit_76_studyroom-76-1studyroom2,27,30,0.16804208788941613,0.8710937499999966,0.8015,1,1,,,,,,,,,,,,,,,,,,,,,,,,,,,,,,,,,none,none
sun3d-mit_76_studyroom-76-1studyroom2,27,31,0.3318805446668042,0.992187499999996,0.9695,1,1,,,,,,,,,,,,,,,,,,,,,,,,,,,,,,,,,none,none
sun3d-mit_76_studyroom-76-1studyroom2,28,33,0.3416747876931644,0.8671874999999966,0.801,1,1,,,,,,,,,,,,,,,,,,,,,,,,,,,,,,,,,none,none
sun3d-mit_76_studyroom-76-1studyroom2,30,32,0.3002630809704765,0.5156249999999979,0.515,1,1,,,,,,,,,,,,,,,,,,,,,,,,,,,,,,,,,none,none
sun3d-mit_76_studyroom-76-1studyroom2,33,34,0.3213842292959979,0.8437499999999967,0.701,1,0,,,,,,,,,,,,,,,,,,,,,,,,,,,,,,,,,none,none
sun3d-mit_76_studyroom-76-1studyroom2,33,65,0.3087570994584599,0.08203124999999967,0.0295,1,0,,,,,,,,,,,,,,,,,,,,,,,,,,,,,,,,,none,none
sun3d-mit_76_studyroom-76-1studyroom2,34,36,0.3278424515713431,0.9453124999999962,0.878,1,1,,,,,,,,,,,,,,,,,,,,,,,,,,,,,,,,,none,none
sun3d-mit_76_studyroom-76-1studyroom2,34,37,0.3007868218837712,0.9414062499999962,0.8705,1,1,,,,,,,,,,,,,,,,,,,,,,,,,,,,,,,,,none,none
sun3d-mit_76_studyroom-76-1studyroom2,34,38,0.20218101504624303,0.7734374999999969,0.7715,1,1,,,,,,,,,,,,,,,,,,,,,,,,,,,,,,,,,none,none
sun3d-mit_76_studyroom-76-1studyroom2,34,46,0.23885335664657434,0.7851562499999969,0.7905,1,1,,,,,,,,,,,,,,,,,,,,,,,,,,,,,,,,,none,none
sun3d-mit_76_studyroom-76-1studyroom2,34,47,0.2823356186444577,0.8828124999999964,0.7855,1,1,,,,,,,,,,,,,,,,,,,,,,,,,,,,,,,,,none,none
sun3d-mit_76_studyroom-76-1studyroom2,34,48,0.3504348226199788,0.9335937499999962,0.871,1,1,,,,,,,,,,,,,,,,,,,,,,,,,,,,,,,,,none,none
sun3d-mit_76_studyroom-76-1studyroom2,34,49,0.32020429761192654,0.8437499999999967,0.8295,1,1,,,,,,,,,,,,,,,,,,,,,,,,,,,,,,,,,none,none
sun3d-mit_76_studyroom-76-1studyroom2,34,63,0.14908204113560025,0.011718749999999953,0.008,1,0,,,,,,,,,,,,,,,,,,,,,,,,,,,,,,,,,none,none
sun3d-mit_76_studyroom-76-1studyroom2,34,64,0.39525146091197716,0.1718749999999993,0.0745,1,0,,,,,,,,,,,,,,,,,,,,,,,,,,,,,,,,,none,none
sun3d-mit_76_studyroom-76-1studyroom2,35,39,0.26671005532053366,0.12890624999999947,0.1095,1,0,,,,,,,,,,,,,,,,,,,,,,,,,,,,,,,,,none,none
sun3d-mit_76_studyroom-76-1studyroom2,35,44,0.25688252521965504,0.09374999999999963,0.1405,1,0,,,,,,,,,,,,,,,,,,,,,,,,,,,,,,,,,none,none
sun3d-mit_76_studyroom-76-1studyroom2,35,50,0.36641718190693134,0.5859374999999977,0.6505,1,1,,,,,,,,,,,,,,,,,,,,,,,,,,,,,,,,,none,none
sun3d-mit_76_studyroom-76-1studyroom2,35,51,0.2834363813862675,0.4257812499999983,0.4675,1,1,,,,,,,,,,,,,,,,,,,,,,,,,,,,,,,,,none,none
sun3d-mit_76_studyroom-76-1studyroom2,35,52,0.1807354376830459,0.16015624999999936,0.2575,1,1,,,,,,,,,,,,,,,,,,,,,,,,,,,,,,,,,none,none
sun3d-mit_76_studyroom-76-1studyroom2,36,44,0.363288490284006,0.742187499999997,0.4695,1,0,,,,,,,,,,,,,,,,,,,,,,,,,,,,,,,,,none,none
sun3d-mit_76_studyroom-76-1studyroom2,36,50,0.40741405082212256,0.742187499999997,0.6845,1,1,,,,,,,,,,,,,,,,,,,,,,,,,,,,,,,,,none,none
sun3d-mit_76_studyroom-76-1studyroom2,36,51,0.39144992526158445,0.4023437499999984,0.4215,1,1,,,,,,,,,,,,,,,,,,,,,,,,,,,,,,,,,none,none
sun3d-mit_76_studyroom-76-1studyroom2,36,52,0.34218236173393124,0.35546874999999856,0.125,1,0,,,,,,,,,,,,,,,,,,,,,,,,,,,,,,,,,none,none
sun3d-mit_76_studyroom-76-1studyroom2,36,53,0.28221225710014947,0.23437499999999906,0.022,1,0,,,,,,,,,,,,,,,,,,,,,,,,,,,,,,,,,none,none
sun3d-mit_76_studyroom-76-1studyroom2,37,44,0.4005713520510646,0.6992187499999972,0.4255,1,1,,,,,,,,,,,,,,,,,,,,,,,,,,,,,,,,,none,none
sun3d-mit_76_studyroom-76-1studyroom2,37,50,0.4215060482971031,0.8320312499999967,0.7225,1,1,,,,,,,,,,,,,,,,,,,,,,,,,,,,,,,,,none,none
sun3d-mit_76_studyroom-76-1studyroom2,37,51,0.3707539168861313,0.5898437499999977,0.4235,1,1,,,,,,,,,,,,,,,,,,,,,,,,,,,,,,,,,none,none
sun3d-mit_76_studyroom-76-1studyroom2,37,52,0.3500870419140294,0.5468749999999978,0.214,1,0,,,,,,,,,,,,,,,,,,,,,,,,,,,,,,,,,none,none
sun3d-mit_76_studyroom-76-1studyroom2,37,53,0.33499977681560505,0.4453124999999982,0.1285,1,0,,,,,,,,,,,,,,,,,,,,,,,,,,,,,,,,,none,none
sun3d-mit_76_studyroom-76-1studyroom2,38,40,0.17997196791220588,0.011718749999999953,0.001,1,0,,,,,,,,,,,,,,,,,,,,,,,,,,,,,,,,,none,none
sun3d-mit_76_studyroom-76-1studyroom2,38,43,0.1455581069394328,0.0,0.0,1,0,,,,,,,,,,,,,,,,,,,,,,,,,,,,,,,,,none,none
sun3d-mit_76_studyroom-76-1studyroom2,38,51,0.3609280410342051,0.7929687499999968,0.815,1,1,,,,,,,,,,,,,,,,,,,,,,,,,,,,,,,,,none,none
sun3d-mit_76_studyroom-76-1studyroom2,38,52,0.2965138818477321,0.29687499999999883,0.3435,1,1,,,,,,,,,,,,,,,,,,,,,,,,,,,,,,,,,none,none
sun3d-mit_76_studyroom-76-1studyroom2,39,41,0.17124787156409632,0.11328124999999954,0.025,1,0,,,,,,,,,,,,,,,,,,,,,,,,,,,,,,,,,none,none
sun3d-mit_76_studyroom-76-1studyroom2,39,42,0.2490878131841401,0.23046874999999908,0.105,1,0,,,,,,,,,,,,,,,,,,,,,,,,,,,,,,,,,none,none
sun3d-mit_76_studyroom-76-1studyroom2,39,48,0.2881467838899121,0.7265624999999971,0.4585,1,1,,,,,,,,,,,,,,,,,,,,,,,,,,,,,,,,,none,none
sun3d-mit_76_studyroom-76-1studyroom2,39,49,0.3373179970115022,0.8593749999999966,0.7015,1,1,,,,,,,,,,,,,,,,,,,,,,,,,,,,,,,,,none,none
sun3d-mit_76_studyroom-76-1studyroom2,39,50,0.35545748340688743,0.9414062499999962,0.8305,1,1,,,,,,,,,,,,,,,,,,,,,,,,,,,,,,,,,none,none
sun3d-mit_76_studyroom-76-1studyroom2,39,51,0.28613128540153593,0.7968749999999968,0.7185,1,1,,,,,,,,,,,,,,,,,,,,,,,,,,,,,,,,,none,none
sun3d-mit_76_studyroom-76-1studyroom2,39,52,0.30055252458560655,0.7734374999999969,0.72,1,1,,,,,,,,,,,,,,,,,,,,,,,,,,,,,,,,,none,none
sun3d-mit_76_studyroom-76-1studyroom2,39,53,0.29516627862529105,0.7656249999999969,0.682,1,1,,,,,,,,,,,,,,,,,,,,,,,,,,,,,,,,,none,none
sun3d-mit_76_studyroom-76-1studyroom2,40,45,0.37531303912293396,0.0,0.0,1,0,,,,,,,,,,,,,,,,,,,,,,,,,,,,,,,,,none,none
sun3d-mit_76_studyroom-76-1studyroom2,40,46,0.33157103901163115,0.0,0.0,1,0,,,,,,,,,,,,,,,,,,,,,,,,,,,,,,,,,none,none
sun3d-mit_76_studyroom-76-1studyroom2,40,47,0.28187433913962934,0.0,0.0,1,0,,,,,,,,,,,,,,,,,,,,,,,,,,,,,,,,,none,none
sun3d-mit_76_studyroom-76-1studyroom2,40,48,0.17296455005843397,0.0,0.0,1,0,,,,,,,,,,,,,,,,,,,,,,,,,,,,,,,,,none,none
sun3d-mit_76_studyroom-76-1studyroom2,40,49,0.15621347876899103,0.0,0.0,1,0,,,,,,,,,,,,,,,,,,,,,,,,,,,,,,,,,none,none
sun3d-mit_76_studyroom-76-1studyroom2,41,44,0.17944619810604548,0.0,0.0,1,0,,,,,,,,,,,,,,,,,,,,,,,,,,,,,,,,,none,none
sun3d-mit_76_studyroom-76-1studyroom2,42,44,0.23154497781363453,0.0,0.0,1,0,,,,,,,,,,,,,,,,,,,,,,,,,,,,,,,,,none,none
sun3d-mit_76_studyroom-76-1studyroom2,43,45,0.30201531640467555,0.0,0.0,1,0,,,,,,,,,,,,,,,,,,,,,,,,,,,,,,,,,none,none
sun3d-mit_76_studyroom-76-1studyroom2,43,46,0.2332124143490528,0.0,0.0,1,0,,,,,,,,,,,,,,,,,,,,,,,,,,,,,,,,,none,none
sun3d-mit_76_studyroom-76-1studyroom2,43,47,0.22011285771866182,0.0,0.0,1,0,,,,,,,,,,,,,,,,,,,,,,,,,,,,,,,,,none,none
sun3d-mit_76_studyroom-76-1studyroom2,43,48,0.1430874647319629,0.0,0.0,1,0,,,,,,,,,,,,,,,,,,,,,,,,,,,,,,,,,none,none
sun3d-mit_76_studyroom-76-1studyroom2,44,48,0.3146919073836639,0.7929687499999968,0.593,1,1,,,,,,,,,,,,,,,,,,,,,,,,,,,,,,,,,none,none
sun3d-mit_76_studyroom-76-1studyroom2,44,51,0.1685647484727355,0.49218749999999806,0.4835,1,1,,,,,,,,,,,,,,,,,,,,,,,,,,,,,,,,,none,none
sun3d-mit_76_studyroom-76-1studyroom2,47,50,0.3762627930009904,0.8749999999999966,0.8435,1,1,,,,,,,,,,,,,,,,,,,,,,,,,,,,,,,,,none,none
sun3d-mit_76_studyroom-76-1studyroom2,48,50,0.33319945377138727,0.7695312499999969,0.821,1,1,,,,,,,,,,,,,,,,,,,,,,,,,,,,,,,,,none,none
sun3d-mit_76_studyroom-76-1studyroom2,49,51,0.21818749349703465,0.5624999999999978,0.602,1,1,,,,,,,,,,,,,,,,,,,,,,,,,,,,,,,,,none,none
sun3d-mit_76_studyroom-76-1studyroom2,50,52,0.23260910400100182,0.21874999999999914,0.2585,1,1,,,,,,,,,,,,,,,,,,,,,,,,,,,,,,,,,none,none
sun3d-mit_76_studyroom-76-1studyroom2,51,55,0.40681956257594165,0.6953124999999972,0.6345,1,1,,,,,,,,,,,,,,,,,,,,,,,,,,,,,,,,,none,none
sun3d-mit_76_studyroom-76-1studyroom2,51,56,0.25277187120291617,0.4687499999999981,0.351,1,1,,,,,,,,,,,,,,,,,,,,,,,,,,,,,,,,,none,none
sun3d-mit_76_studyroom-76-1studyroom2,52,54,0.2505049121966248,0.761718749999997,0.6735,1,1,,,,,,,,,,,,,,,,,,,,,,,,,,,,,,,,,none,none
sun3d-mit_76_studyroom-76-1studyroom2,52,56,0.2613904768425016,0.38281249999999845,0.329,1,1,,,,,,,,,,,,,,,,,,,,,,,,,,,,,,,,,none,none
sun3d-mit_76_studyroom-76-1studyroom2,53,56,0.21168902775225143,0.019531249999999924,0.0,1,0,,,,,,,,,,,,,,,,,,,,,,,,,,,,,,,,,none,none
sun3d-mit_76_studyroom-76-1studyroom2,54,56,0.28604605392639243,0.11328124999999954,0.0395,1,0,,,,,,,,,,,,,,,,,,,,,,,,,,,,,,,,,none,none
sun3d-mit_76_studyroom-76-1studyroom2,55,57,0.2174163783160323,0.8320312499999967,0.784,1,1,,,,,,,,,,,,,,,,,,,,,,,,,,,,,,,,,none,none
sun3d-mit_76_studyroom-76-1studyroom2,57,59,0.2726050565939546,0.023437499999999906,0.0005,1,0,,,,,,,,,,,,,,,,,,,,,,,,,,,,,,,,,none,none
sun3d-mit_76_studyroom-76-1studyroom2,57,60,0.24302875233097707,0.14062499999999944,0.0035,1,0,,,,,,,,,,,,,,,,,,,,,,,,,,,,,,,,,none,none
sun3d-mit_76_studyroom-76-1studyroom2,57,61,0.31488789626610003,0.5156249999999979,0.2945,1,1,,,,,,,,,,,,,,,,,,,,,,,,,,,,,,,,,none,none
sun3d-mit_76_studyroom-76-1studyroom2,57,62,0.3478468277028492,0.6367187499999974,0.418,1,1,,,,,,,,,,,,,,,,,,,,,,,,,,,,,,,,,none,none
sun3d-mit_76_studyroom-76-1studyroom2,57,63,0.22798039810919815,0.3749999999999985,0.2475,1,1,,,,,,,,,,,,,,,,,,,,,,,,,,,,,,,,,none,none
sun3d-mit_76_studyroom-76-1studyroom2,58,62,0.4746009199134199,0.8437499999999967,0.7375,1,1,,,,,,,,,,,,,,,,,,,,,,,,,,,,,,,,,none,none
sun3d-mit_76_studyroom-76-1studyroom2,58,63,0.31040313852813856,0.7929687499999968,0.7565,1,1,,,,,,,,,,,,,,,,,,,,,,,,,,,,,,,,,none,none
sun3d-mit_76_studyroom-76-1studyroom2,59,63,0.3532522736259391,0.9218749999999963,0.868,1,1,,,,,,,,,,,,,,,,,,,,,,,,,,,,,,,,,none,none
sun3d-mit_76_studyroom-76-1studyroom2,60,64,0.21883408071748878,0.14843749999999942,0.094,1,0,,,,,,,,,,,,,,,,,,,,,,,,,,,,,,,,,none,none
sun3d-mit_76_studyroom-76-1studyroom2,61,64,0.4212825189593933,0.6328124999999974,0.6315,1,1,,,,,,,,,,,,,,,,,,,,,,,,,,,,,,,,,none,none
sun3d-mit_76_studyroom-76-1studyroom2,62,65,0.2898912462114459,0.13281249999999947,0.097,1,0,,,,,,,,,,,,,,,,,,,,,,,,,,,,,,,,,none,none
sun3d-mit_76_studyroom-76-1studyroom2,63,65,0.38377830645871885,0.3476562499999986,0.365,1,0,,,,,,,,,,,,,,,,,,,,,,,,,,,,,,,,,none,none
sun3d-mit_lab_hj-lab_hj_tea_nov_2_2012_scan1_erika,0,2,0.27534014974639726,0.26171874999999895,0.198,1,1,,,,,,,,,,,,,,,,,,,,,,,,,,,,,,,,,none,none
sun3d-mit_lab_hj-lab_hj_tea_nov_2_2012_scan1_erika,0,6,0.3545608244102729,0.1523437499999994,0.0395,1,0,,,,,,,,,,,,,,,,,,,,,,,,,,,,,,,,,none,none
sun3d-mit_lab_hj-lab_hj_tea_nov_2_2012_scan1_erika,0,7,0.5861846872232509,0.1992187499999992,0.1015,1,1,,,,,,,,,,,,,,,,,,,,,,,,,,,,,,,,,none,none
sun3d-mit_lab_hj-lab_hj_tea_nov_2_2012_scan1_erika,0,11,0.30818774655824815,0.5234374999999979,0.5195,1,1,,,,,,,,,,,,,,,,,,,,,,,,,,,,,,,,,none,none
sun3d-mit_lab_hj-lab_hj_tea_nov_2_2012_scan1_erika,0,24,0.15900491103775863,0.26171874999999895,0.152,1,0,,,,,,,,,,,,,,,,,,,,,,,,,,,,,,,,,none,none
sun3d-mit_lab_hj-lab_hj_tea_nov_2_2012_scan1_erika,0,26,0.2519925931889542,0.3124999999999988,0.2055,1,1,,,,,,,,,,,,,,,,,,,,,,,,,,,,,,,,,none,none
sun3d-mit_lab_hj-lab_hj_tea_nov_2_2012_scan1_erika,1,5,0.28876235355716995,0.511718749999998,0.509,1,1,,,,,,,,,,,,,,,,,,,,,,,,,,,,,,,,,none,none
sun3d-mit_lab_hj-lab_hj_tea_nov_2_2012_scan1_erika,1,7,0.6240591661757968,0.17968749999999928,0.138,1,1,,,,,,,,,,,,,,,,,,,,,,,,,,,,,,,,,none,none
sun3d-mit_lab_hj-lab_hj_tea_nov_2_2012_scan1_erika,1,26,0.2263237122848354,0.4374999999999983,0.256,1,1,,,,,,,,,,,,,,,,,,,,,,,,,,,,,,,,,none,none
sun3d-mit_lab_hj-lab_hj_tea_nov_2_2012_scan1_erika,2,6,0.5661935049071227,0.8476562499999966,0.783,1,1,,,,,,,,,,,,,,,,,,,,,,,,,,,,,,,,,none,none
sun3d-mit_lab_hj-lab_hj_tea_nov_2_2012_scan1_erika,2,7,0.5162377321932522,0.8085937499999968,0.732,1,1,,,,,,,,,,,,,,,,,,,,,,,,,,,,,,,,,none,none
sun3d-mit_lab_hj-lab_hj_tea_nov_2_2012_scan1_erika,2,9,0.19249399772545386,0.6757812499999973,0.7725,1,1,,,,,,,,,,,,,,,,,,,,,,,,,,,,,,,,,none,none
sun3d-mit_lab_hj-lab_hj_tea_nov_2_2012_scan1_erika,2,28,0.22054673349901016,0.6171874999999976,0.7585,1,1,,,,,,,,,,,,,,,,,,,,,,,,,,,,,,,,,none,none
sun3d-mit_lab_hj-lab_hj_tea_nov_2_2012_scan1_erika,2,30,0.20769975990901815,0.12890624999999947,0.0245,1,0,,,,,,,,,,,,,,,,,,,,,,,,,,,,,,,,,none,none
sun3d-mit_lab_hj-lab_hj_tea_nov_2_2012_scan1_erika,3,5,0.6553669309775957,0.8437499999999967,0.802,1,1,,,,,,,,,,,,,,,,,,,,,,,,,,,,,,,,,none,none
sun3d-mit_lab_hj-lab_hj_tea_nov_2_2012_scan1_erika,3,6,0.621840242669363,0.757812499999997,0.8265,1,1,,,,,,,,,,,,,,,,,,,,,,,,,,,,,,,,,none,none
sun3d-mit_lab_hj-lab_hj_tea_nov_2_2012_scan1_erika,3,7,0.44457453036027883,0.742187499999997,0.758,1,1,,,,,,,,,,,,,,,,,,,,,,,,,,,,,,,,,none,none
sun3d-mit_lab_hj-lab_hj_tea_nov_2_2012_scan1_erika,3,8,0.32217550955244534,0.7773437499999969,0.744,1,1,,,,,,,,,,,,,,,,,,,,,,,,,,,,,,,,,none,none
sun3d-mit_lab_hj-lab_hj_tea_nov_2_2012_scan1_erika,3,30,0.18806875631951467,0.042968749999999827,0.0,1,0,,,,,,,,,,,,,,,,,,,,,,,,,,,,,,,,,none,none
sun3d-mit_lab_hj-lab_hj_tea_nov_2_2012_scan1_erika,4,7,0.5041542846746315,0.7734374999999969,0.7685,1,1,,,,,,,,,,,,,,,,,,,,,,,,,,,,,,,,,none,none
sun3d-mit_lab_hj-lab_hj_tea_nov_2_2012_scan1_erika,4,8,0.325792952877676,0.6992187499999972,0.643,1,1,,,,,,,,,,,,,,,,,,,,,,,,,,,,,,,,,none,none
sun3d-mit_lab_hj-lab_hj_tea_nov_2_2012_scan1_erika,5,9,0.15011195274165118,0.4687499999999981,0.5175,1,1,,,,,,,,,,,,,,,,,,,,,,,,,,,,,,,,,none,none
sun3d-mit_lab_hj-lab_hj_tea_nov_2_2012_scan1_erika,6,9,0.3485151447826409,0.6562499999999973,0.6025,1,1,,,,,,,,,,,,,,,,,,,,,,,,,,,,,,,,,none,none
sun3d-mit_lab_hj-lab_hj_tea_nov_2_2012_scan1_erika,6,10,0.24624157594608606,0.4335937499999983,0.3595,1,1,,,,,,,,,,,,,,,,,,,,,,,,,,,,,,,,,none,none
sun3d-mit_lab_hj-lab_hj_tea_nov_2_2012_scan1_erika,8,9,0.3710435998474641,0.9531249999999962,0.921,1,0,,,,,,,,,,,,,,,,,,,,,,,,,,,,,,,,,none,none
sun3d-mit_lab_hj-lab_hj_tea_nov_2_2012_scan1_erika,8,10,0.3161052497775518,0.6874999999999972,0.7295,1,1,,,,,,,,,,,,,,,,,,,,,,,,,,,,,,,,,none,none
sun3d-mit_lab_hj-lab_hj_tea_nov_2_2012_scan1_erika,9,11,0.3933503230012446,0.41015624999999833,0.3395,1,1,,,,,,,,,,,,,,,,,,,,,,,,,,,,,,,,,none,none
sun3d-mit_lab_hj-lab_hj_tea_nov_2_2012_scan1_erika,9,27,0.3767557636460618,0.4374999999999983,0.4165,1,1,,,,,,,,,,,,,,,,,,,,,,,,,,,,,,,,,none,none
sun3d-mit_lab_hj-lab_hj_tea_nov_2_2012_scan1_erika,9,28,0.26592781366680496,0.7070312499999972,0.7415,1,1,,,,,,,,,,,,,,,,,,,,,,,,,,,,,,,,,none,none
sun3d-mit_lab_hj-lab_hj_tea_nov_2_2012_scan1_erika,10,27,0.4113391984359726,0.5312499999999979,0.4075,1,1,,,,,,,,,,,,,,,,,,,,,,,,,,,,,,,,,none,none
sun3d-mit_lab_hj-lab_hj_tea_nov_2_2012_scan1_erika,10,28,0.22567611599869664,0.39062499999999845,0.4605,1,1,,,,,,,,,,,,,,,,,,,,,,,,,,,,,,,,,none,none
sun3d-mit_lab_hj-lab_hj_tea_nov_2_2012_scan1_erika,13,16,0.3673024290112898,0.26171874999999895,0.1825,1,1,,,,,,,,,,,,,,,,,,,,,,,,,,,,,,,,,none,none
sun3d-mit_lab_hj-lab_hj_tea_nov_2_2012_scan1_erika,13,17,0.2710400273691413,0.011718749999999953,0.0115,1,0,,,,,,,,,,,,,,,,,,,,,,,,,,,,,,,,,none,none
sun3d-mit_lab_hj-lab_hj_tea_nov_2_2012_scan1_erika,13,18,0.18829113924050633,0.0,0.0,1,0,,,,,,,,,,,,,,,,,,,,,,,,,,,,,,,,,none,none
sun3d-mit_lab_hj-lab_hj_tea_nov_2_2012_scan1_erika,14,18,0.3777698195980124,0.8359374999999967,0.5665,1,1,,,,,,,,,,,,,,,,,,,,,,,,,,,,,,,,,none,none
sun3d-mit_lab_hj-lab_hj_tea_nov_2_2012_scan1_erika,15,18,0.4183399952974371,0.8007812499999968,0.468,1,1,,,,,,,,,,,,,,,,,,,,,,,,,,,,,,,,,none,none
sun3d-mit_lab_hj-lab_hj_tea_nov_2_2012_scan1_erika,17,20,0.4061531343974092,0.6679687499999973,0.5105,1,0,,,,,,,,,,,,,,,,,,,,,,,,,,,,,,,,,none,none
sun3d-mit_lab_hj-lab_hj_tea_nov_2_2012_scan1_erika,19,21,0.42125555276171317,0.19140624999999922,0.0575,1,0,,,,,,,,,,,,,,,,,,,,,,,,,,,,,,,,,none,none
sun3d-mit_lab_hj-lab_hj_tea_nov_2_2012_scan1_erika,20,22,0.3574844225474569,0.45312499999999817,0.099,1,1,,,,,,,,,,,,,,,,,,,,,,,,,,,,,,,,,none,none
sun3d-mit_lab_hj-lab_hj_tea_nov_2_2012_scan1_erika,21,23,0.420972296420667,0.7070312499999972,0.578,1,1,,,,,,,,,,,,,,,,,,,,,,,,,,,,,,,,,none,none
sun3d-mit_lab_hj-lab_hj_tea_nov_2_2012_scan1_erika,21,24,0.22475768907883692,0.6132812499999976,0.493,1,1,,,,,,,,,,,,,,,,,,,,,,,,,,,,,,,,,none,none
sun3d-mit_lab_hj-lab_hj_tea_nov_2_2012_scan1_erika,21,25,0.18259177287644052,0.4374999999999983,0.418,1,0,,,,,,,,,,,,,,,,,,,,,,,,,,,,,,,,,none,none
sun3d-mit_lab_hj-lab_hj_tea_nov_2_2012_scan1_erika,22,25,0.3711137941442801,0.6328124999999974,0.55,1,1,,,,,,,,,,,,,,,,,,,,,,,,,,,,,,,,,none,none
sun3d-mit_lab_hj-lab_hj_tea_nov_2_2012_scan1_erika,22,26,0.2661736593218634,0.5468749999999978,0.3755,1,1,,,,,,,,,,,,,,,,,,,,,,,,,,,,,,,,,none,none
sun3d-mit_lab_hj-lab_hj_tea_nov_2_2012_scan1_erika,23,26,0.4086771145425213,0.49218749999999806,0.3305,1,1,,,,,,,,,,,,,,,,,,,,,,,,,,,,,,,,,none,none
sun3d-mit_lab_hj-lab_hj_tea_nov_2_2012_scan1_erika,23,27,0.29914726895598065,0.4687499999999981,0.303,1,1,,,,,,,,,,,,,,,,,,,,,,,,,,,,,,,,,none,none
sun3d-mit_lab_hj-lab_hj_tea_nov_2_2012_scan1_erika,24,26,0.4866763719222736,0.6835937499999972,0.4785,1,1,,,,,,,,,,,,,,,,,,,,,,,,,,,,,,,,,none,none
sun3d-mit_lab_hj-lab_hj_tea_nov_2_2012_scan1_erika,24,27,0.3611620988670169,0.5429687499999978,0.379,1,1,,,,,,,,,,,,,,,,,,,,,,,,,,,,,,,,,none,none
sun3d-mit_lab_hj-lab_hj_tea_nov_2_2012_scan1_erika,24,33,0.24210393062852079,0.5468749999999978,0.386,1,1,,,,,,,,,,,,,,,,,,,,,,,,,,,,,,,,,none,none
sun3d-mit_lab_hj-lab_hj_tea_nov_2_2012_scan1_erika,24,34,0.20140515222482436,0.3085937499999988,0.254,1,1,,,,,,,,,,,,,,,,,,,,,,,,,,,,,,,,,none,none
sun3d-mit_lab_hj-lab_hj_tea_nov_2_2012_scan1_erika,24,35,0.19051838723969872,0.3789062499999985,0.283,1,1,,,,,,,,,,,,,,,,,,,,,,,,,,,,,,,,,none,none
sun3d-mit_lab_hj-lab_hj_tea_nov_2_2012_scan1_erika,24,36,0.15614912336223813,0.3007812499999988,0.25,1,1,,,,,,,,,,,,,,,,,,,,,,,,,,,,,,,,,none,none
sun3d-mit_lab_hj-lab_hj_tea_nov_2_2012_scan1_erika,24,37,0.20912715994683206,0.0507812499999998,0.016,1,0,,,,,,,,,,,,,,,,,,,,,,,,,,,,,,,,,none,none
sun3d-mit_lab_hj-lab_hj_tea_nov_2_2012_scan1_erika,25,27,0.3565896560777107,0.511718749999998,0.404,1,1,,,,,,,,,,,,,,,,,,,,,,,,,,,,,,,,,none,none
sun3d-mit_lab_hj-lab_hj_tea_nov_2_2012_scan1_erika,25,30,0.11899448674192702,0.0,0.0,1,0,,,,,,,,,,,,,,,,,,,,,,,,,,,,,,,,,none,none
sun3d-mit_lab_hj-lab_hj_tea_nov_2_2012_scan1_erika,25,31,0.11459700708847466,0.0,0.0,1,0,,,,,,,,,,,,,,,,,,,,,,,,,,,,,,,,,none,none
sun3d-mit_lab_hj-lab_hj_tea_nov_2_2012_scan1_erika,25,32,0.24100813861906012,0.3124999999999988,0.156,1,1,,,,,,,,,,,,,,,,,,,,,,,,,,,,,,,,,none,none
sun3d-mit_lab_hj-lab_hj_tea_nov_2_2012_scan1_erika,25,33,0.30014439485429245,0.5468749999999978,0.449,1,1,,,,,,,,,,,,,,,,,,,,,,,,,,,,,,,,,none,none
sun3d-mit_lab_hj-lab_hj_tea_nov_2_2012_scan1_erika,25,34,0.2601076398004726,0.38281249999999845,0.2915,1,1,,,,,,,,,,,,,,,,,,,,,,,,,,,,,,,,,none,none
sun3d-mit_lab_hj-lab_hj_tea_nov_2_2012_scan1_erika,25,35,0.22046468889472304,0.23828124999999906,0.1005,1,1,,,,,,,,,,,,,,,,,,,,,,,,,,,,,,,,,none,none
sun3d-mit_lab_hj-lab_hj_tea_nov_2_2012_scan1_erika,25,36,0.25826988710947757,0.33593749999999867,0.2345,1,1,,,,,,,,,,,,,,,,,,,,,,,,,,,,,,,,,none,none
sun3d-mit_lab_hj-lab_hj_tea_nov_2_2012_scan1_erika,25,37,0.28137306379627197,0.4765624999999981,0.4105,1,1,,,,,,,,,,,,,,,,,,,,,,,,,,,,,,,,,none,none
sun3d-mit_lab_hj-lab_hj_tea_nov_2_2012_scan1_erika,28,29,0.15405571068582716,0.015624999999999938,0.0075,1,0,,,,,,,,,,,,,,,,,,,,,,,,,,,,,,,,,none,none
sun3d-mit_lab_hj-lab_hj_tea_nov_2_2012_scan1_erika,28,30,0.1697881904243002,0.0,0.0,1,0,,,,,,,,,,,,,,,,,,,,,,,,,,,,,,,,,none,none
sun3d-mit_lab_hj-lab_hj_tea_nov_2_2012_scan1_erika,29,31,0.47226990233796984,0.36328124999999856,0.2725,1,1,,,,,,,,,,,,,,,,,,,,,,,,,,,,,,,,,none,none
sun3d-mit_lab_hj-lab_hj_tea_nov_2_2012_scan1_erika,30,32,0.3418745966874597,0.8515624999999966,0.8545,1,1,,,,,,,,,,,,,,,,,,,,,,,,,,,,,,,,,none,none
sun3d-mit_lab_hj-lab_hj_tea_nov_2_2012_scan1_erika,30,33,0.3196386319638632,0.8007812499999968,0.797,1,1,,,,,,,,,,,,,,,,,,,,,,,,,,,,,,,,,none,none
sun3d-mit_lab_hj-lab_hj_tea_nov_2_2012_scan1_erika,30,34,0.21160464616046462,0.7304687499999971,0.631,1,1,,,,,,,,,,,,,,,,,,,,,,,,,,,,,,,,,none,none
sun3d-mit_lab_hj-lab_hj_tea_nov_2_2012_scan1_erika,30,35,0.2089158958915896,0.753906249999997,0.7735,1,1,,,,,,,,,,,,,,,,,,,,,,,,,,,,,,,,,none,none
sun3d-mit_lab_hj-lab_hj_tea_nov_2_2012_scan1_erika,30,36,0.35316734781673476,0.7812499999999969,0.825,1,1,,,,,,,,,,,,,,,,,,,,,,,,,,,,,,,,,none,none
sun3d-mit_lab_hj-lab_hj_tea_nov_2_2012_scan1_erika,30,37,0.26548720154872013,0.8046874999999968,0.7185,1,1,,,,,,,,,,,,,,,,,,,,,,,,,,,,,,,,,none,none
sun3d-mit_lab_hj-lab_hj_tea_nov_2_2012_scan1_erika,31,35,0.5236403119139276,0.8906249999999964,0.8505,1,1,,,,,,,,,,,,,,,,,,,,,,,,,,,,,,,,,none,none
