pair_index,scene,ref_frame,src_frame,benchmark,variant,dtype,rotation_index,stage,global_relative_error,point_median_relative_error,point_p95_relative_error,point_max_relative_error
0,7-scenes-redkitchen,0,7,3DLoMatch,mspki,float64,0,S2,9.72496905128157e-14,3.0908090901596046e-14,1.403508224668388e-13,4.148411092012085e-12
0,7-scenes-redkitchen,0,7,3DLoMatch,mspki,float64,0,S3,1.2838616382443852e-13,4.899662650374684e-14,1.821696837723298e-13,3.9655962293937195e-12
0,7-scenes-redkitchen,0,7,3DLoMatch,mspki,float64,0,S4_pre_context,9.654117506295136e-14,5.564843187481183e-14,1.701820901781649e-13,6.883169605245826e-13
0,7-scenes-redkitchen,0,7,3DLoMatch,mspki,float64,0,S4_post_context,9.654117506295136e-14,5.564843187481183e-14,1.701820901781649e-13,6.883169605245826e-13
0,7-scenes-redkitchen,0,7,3DLoMatch,mspki,float64,0,D3,8.811716365454502e-14,4.5478377618220757e-14,1.4592988511216701e-13,1.6056300845620097e-12
0,7-scenes-redkitchen,0,7,3DLoMatch,mspki,float64,0,D2_pre_context,6.949205243975485e-14,3.391209811321563e-14,1.1576449233171442e-13,1.5793885070309305e-12
0,7-scenes-redkitchen,0,7,3DLoMatch,mspki,float64,0,D2_post_context,7.459891222871823e-14,4.1014300348390765e-14,1.4541716275049164e-13,1.1238179370827706e-12
0,7-scenes-redkitchen,0,7,3DLoMatch,mspki,float64,0,final_RE,5.567010280182786e-14,2.189730916817489e-14,1.4781834413297627e-13,3.820465143961233e-12
0,7-scenes-redkitchen,0,7,3DLoMatch,mspki,float64,0,fine_RI,6.307708931268334e-14,nan,nan,nan
0,7-scenes-redkitchen,0,7,3DLoMatch,mspki,float64,0,coarse_RI,9.011890759774144e-14,nan,nan,nan
0,7-scenes-redkitchen,0,7,3DLoMatch,mspki,float64,1,S2,9.790743700285493e-14,3.050398282741397e-14,1.5589502907998951e-13,2.87867674173409e-12
0,7-scenes-redkitchen,0,7,3DLoMatch,mspki,float64,1,S3,1.1699232497073742e-13,4.740465961902228e-14,2.0999134804536703e-13,2.613214000442328e-12
0,7-scenes-redkitchen,0,7,3DLoMatch,mspki,float64,1,S4_pre_context,9.983697916071745e-14,5.4637600164473085e-14,1.8743778675838267e-13,7.604428222139225e-13
0,7-scenes-redkitchen,0,7,3DLoMatch,mspki,float64,1,S4_post_context,9.983697916071745e-14,5.4637600164473085e-14,1.8743778675838267e-13,7.604428222139225e-13
0,7-scenes-redkitchen,0,7,3DLoMatch,mspki,float64,1,D3,8.578921684786388e-14,4.5689626297155885e-14,1.6160491160664832e-13,1.0668564762348932e-12
0,7-scenes-redkitchen,0,7,3DLoMatch,mspki,float64,1,D2_pre_context,7.515035036203664e-14,3.4819212186493774e-14,1.258668862216646e-13,3.0840498094421215e-12
0,7-scenes-redkitchen,0,7,3DLoMatch,mspki,float64,1,D2_post_context,8.211483229107443e-14,4.3302982772656985e-14,1.5390112131574086e-13,2.0751958270991722e-12
0,7-scenes-redkitchen,0,7,3DLoMatch,mspki,float64,1,final_RE,5.694991190847279e-14,2.2983995992186923e-14,1.480575383579715e-13,1.9073273532696125e-12
0,7-scenes-redkitchen,0,7,3DLoMatch,mspki,float64,1,fine_RI,8.580728789887478e-14,nan,nan,nan
0,7-scenes-redkitchen,0,7,3DLoMatch,mspki,float64,1,coarse_RI,1.2333385402629183e-13,nan,nan,nan
0,7-scenes-redkitchen,0,7,3DLoMatch,mspki,float64,2,S2,1.4841038875781344e-13,3.162540966363522e-14,1.4207863606388678e-13,1.0130944214527578e-11
0,7-scenes-redkitchen,0,7,3DLoMatch,mspki,float64,2,S3,2.518287633068859e-13,4.9212847120059465e-14,2.191370303078025e-13,9.601527551413665e-12
0,7-scenes-redkitchen,0,7,3DLoMatch,mspki,float64,2,S4_pre_context,1.5854145437786243e-13,5.376445401982262e-14,2.7270796138590903e-13,1.6650906117622216e-12
0,7-scenes-redkitchen,0,7,3DLoMatch,mspki,float64,2,S4_post_context,1.5854145437786243e-13,5.376445401982262e-14,2.7270796138590903e-13,1.6650906117622216e-12
0,7-scenes-redkitchen,0,7,3DLoMatch,mspki,float64,2,D3,1.5839524544732347e-13,4.467672588181492e-14,2.136530439109978e-13,3.9467279000500764e-12
0,7-scenes-redkitchen,0,7,3DLoMatch,mspki,float64,2,D2_pre_context,1.1130654677713944e-13,3.3938190675612143e-14,1.5969480218074783e-13,3.568567915838262e-12
0,7-scenes-redkitchen,0,7,3DLoMatch,mspki,float64,2,D2_post_context,1.2543122638802154e-13,4.0160046745425593e-14,2.3735157625064856e-13,2.6757519165276063e-12
0,7-scenes-redkitchen,0,7,3DLoMatch,mspki,float64,2,final_RE,1.0290438995883758e-13,2.1947315670005256e-14,2.1631936291354673e-13,9.226417439668924e-12
0,7-scenes-redkitchen,0,7,3DLoMatch,mspki,float64,2,fine_RI,1.0764319443017874e-13,nan,nan,nan
0,7-scenes-redkitchen,0,7,3DLoMatch,mspki,float64,2,coarse_RI,1.520628439104249e-13,nan,nan,nan
0,7-scenes-redkitchen,0,7,3DLoMatch,mspki,float64,3,S2,1.0146387139551168e-13,3.137545547457298e-14,1.4673419060044254e-13,3.7869548363339355e-12
0,7-scenes-redkitchen,0,7,3DLoMatch,mspki,float64,3,S3,1.3268489001220143e-13,5.019583414819153e-14,2.047428869155082e-13,3.691065740760987e-12
0,7-scenes-redkitchen,0,7,3DLoMatch,mspki,float64,3,S4_pre_context,9.546129692685346e-14,5.677506419517505e-14,1.7739460945684577e-13,6.310164086352415e-13
0,7-scenes-redkitchen,0,7,3DLoMatch,mspki,float64,3,S4_post_context,9.546129692685346e-14,5.677506419517505e-14,1.7739460945684577e-13,6.310164086352415e-13
0,7-scenes-redkitchen,0,7,3DLoMatch,mspki,float64,3,D3,8.825157190567717e-14,4.539337479621289e-14,1.5026430141851132e-13,1.4756629366872331e-12
0,7-scenes-redkitchen,0,7,3DLoMatch,mspki,float64,3,D2_pre_context,7.084077363050601e-14,3.39255272357865e-14,1.2017911724048545e-13,1.4790784202433644e-12
0,7-scenes-redkitchen,0,7,3DLoMatch,mspki,float64,3,D2_post_context,7.910653960116671e-14,4.085917925457773e-14,1.5458112306984687e-13,1.0128921753378625e-12
0,7-scenes-redkitchen,0,7,3DLoMatch,mspki,float64,3,final_RE,6.143581859327154e-14,2.1421179955407316e-14,1.5722973220026563e-13,4.680831293146898e-12
0,7-scenes-redkitchen,0,7,3DLoMatch,mspki,float64,3,fine_RI,7.450741260029565e-14,nan,nan,nan
0,7-scenes-redkitchen,0,7,3DLoMatch,mspki,float64,3,coarse_RI,9.54150483498651e-14,nan,nan,nan
1,7-scenes-redkitchen,4,29,3DLoMatch,mspki,float64,0,S2,1.0641208181811161e-13,3.116625679297778e-14,1.554224677149128e-13,3.539599232091764e-12
1,7-scenes-redkitchen,4,29,3DLoMatch,mspki,float64,0,S3,1.0284063621787752e-13,5.2367780446802604e-14,1.916074268019027e-13,9.840698763256797e-13
1,7-scenes-redkitchen,4,29,3DLoMatch,mspki,float64,0,S4_pre_context,8.420959858780418e-14,5.4246937375703594e-14,1.5239245987233184e-13,4.3281935686700237e-13
1,7-scenes-redkitchen,4,29,3DLoMatch,mspki,float64,0,S4_post_context,8.420959858780418e-14,5.4246937375703594e-14,1.5239245987233184e-13,4.3281935686700237e-13
1,7-scenes-redkitchen,4,29,3DLoMatch,mspki,float64,0,D3,6.904531091065264e-14,4.046615069041489e-14,1.315936435793815e-13,6.283519575915242e-13
1,7-scenes-redkitchen,4,29,3DLoMatch,mspki,float64,0,D2_pre_context,6.097768399379651e-14,3.006842660488451e-14,1.0601661169356368e-13,1.547105412236041e-12
1,7-scenes-redkitchen,4,29,3DLoMatch,mspki,float64,0,D2_post_context,6.14802726705176e-14,3.560850998322669e-14,1.1298963999738707e-13,1.1131234656099818e-12
1,7-scenes-redkitchen,4,29,3DLoMatch,mspki,float64,0,final_RE,3.3568787087739066e-14,1.6378370766425908e-14,8.583222909592636e-14,8.162936648837808e-13
1,7-scenes-redkitchen,4,29,3DLoMatch,mspki,float64,0,fine_RI,7.691604116717279e-14,nan,nan,nan
1,7-scenes-redkitchen,4,29,3DLoMatch,mspki,float64,0,coarse_RI,7.510701521724074e-14,nan,nan,nan
1,7-scenes-redkitchen,4,29,3DLoMatch,mspki,float64,1,S2,1.0765303854408775e-13,3.04279056425245e-14,1.5350950606398598e-13,3.954161507120711e-12
1,7-scenes-redkitchen,4,29,3DLoMatch,mspki,float64,1,S3,1.133479814316061e-13,4.8183279826602295e-14,1.9840144464536555e-13,2.4299973830280565e-12
1,7-scenes-redkitchen,4,29,3DLoMatch,mspki,float64,1,S4_pre_context,9.213734508865297e-14,5.208592423996841e-14,1.774024675141853e-13,5.494483234717113e-13
1,7-scenes-redkitchen,4,29,3DLoMatch,mspki,float64,1,S4_post_context,9.213734508865297e-14,5.208592423996841e-14,1.774024675141853e-13,5.494483234717113e-13
1,7-scenes-redkitchen,4,29,3DLoMatch,mspki,float64,1,D3,7.259398547461899e-14,3.87036375747758e-14,1.3518150441000723e-13,1.1714688819558704e-12
1,7-scenes-redkitchen,4,29,3DLoMatch,mspki,float64,1,D2_pre_context,6.213714879589373e-14,2.79389671461702e-14,1.0303853144430372e-13,1.851827674440618e-12
1,7-scenes-redkitchen,4,29,3DLoMatch,mspki,float64,1,D2_post_context,6.065750077413769e-14,3.254249429873706e-14,1.0832722940291986e-13,1.179587285370834e-12
1,7-scenes-redkitchen,4,29,3DLoMatch,mspki,float64,1,final_RE,3.654372608731705e-14,1.523717484501252e-14,8.54780517749481e-14,1.3643003776081317e-12
1,7-scenes-redkitchen,4,29,3DLoMatch,mspki,float64,1,fine_RI,4.700477723168657e-14,nan,nan,nan
1,7-scenes-redkitchen,4,29,3DLoMatch,mspki,float64,1,coarse_RI,8.255610702946882e-14,nan,nan,nan
1,7-scenes-redkitchen,4,29,3DLoMatch,mspki,float64,2,S2,7.994565368338078e-14,3.0412184155035217e-14,1.2940931021643335e-13,1.7359106654025463e-12
1,7-scenes-redkitchen,4,29,3DLoMatch,mspki,float64,2,S3,8.502041057259106e-14,4.5266521946455006e-14,1.4610832680981467e-13,1.5159793467942385e-12
1,7-scenes-redkitchen,4,29,3DLoMatch,mspki,float64,2,S4_pre_context,6.940776230770474e-14,4.454061020820094e-14,1.1515324663122103e-13,5.819190605721904e-13
1,7-scenes-redkitchen,4,29,3DLoMatch,mspki,float64,2,S4_post_context,6.940776230770474e-14,4.454061020820094e-14,1.1515324663122103e-13,5.819190605721904e-13
1,7-scenes-redkitchen,4,29,3DLoMatch,mspki,float64,2,D3,5.499776775560393e-14,3.377911764080117e-14,9.318046555927388e-14,5.470168442324046e-13
1,7-scenes-redkitchen,4,29,3DLoMatch,mspki,float64,2,D2_pre_context,4.7586887612126686e-14,2.5506695968606133e-14,7.7597035614609e-14,7.738635440648005e-13
1,7-scenes-redkitchen,4,29,3DLoMatch,mspki,float64,2,D2_post_context,4.776210413662987e-14,2.968676345969439e-14,8.778336992106482e-14,5.793089892148674e-13
1,7-scenes-redkitchen,4,29,3DLoMatch,mspki,float64,2,final_RE,2.8352813727517007e-14,1.397839199358686e-14,6.634214929571316e-14,4.567297509865621e-13
1,7-scenes-redkitchen,4,29,3DLoMatch,mspki,float64,2,fine_RI,6.056628824744586e-14,nan,nan,nan
1,7-scenes-redkitchen,4,29,3DLoMatch,mspki,float64,2,coarse_RI,6.153737558713718e-14,nan,nan,nan
1,7-scenes-redkitchen,4,29,3DLoMatch,mspki,float64,3,S2,1.0616145049002512e-13,3.1156287571687886e-14,1.53924363368409e-13,3.504155233935781e-12
1,7-scenes-redkitchen,4,29,3DLoMatch,mspki,float64,3,S3,1.2120688681824754e-13,4.875461684779646e-14,1.9689717701770002e-13,2.882080976498353e-12
1,7-scenes-redkitchen,4,29,3DLoMatch,mspki,float64,3,S4_pre_context,9.486017610747365e-14,5.5660255533352636e-14,1.621725860212385e-13,7.296608859402602e-13
1,7-scenes-redkitchen,4,29,3DLoMatch,mspki,float64,3,S4_post_context,9.486017610747365e-14,5.5660255533352636e-14,1.621725860212385e-13,7.296608859402602e-13
1,7-scenes-redkitchen,4,29,3DLoMatch,mspki,float64,3,D3,7.697936597426409e-14,4.132425716149954e-14,1.3637927878526356e-13,1.0482076236279183e-12
1,7-scenes-redkitchen,4,29,3DLoMatch,mspki,float64,3,D2_pre_context,6.680639506250104e-14,3.0362716099232757e-14,1.0194474820914163e-13,1.8902369601335587e-12
1,7-scenes-redkitchen,4,29,3DLoMatch,mspki,float64,3,D2_post_context,6.397601925694824e-14,3.5693109517568055e-14,1.1512073744580557e-13,1.1185667405488497e-12
1,7-scenes-redkitchen,4,29,3DLoMatch,mspki,float64,3,final_RE,4.2084295585137026e-14,1.6795448473691433e-14,9.167453122357848e-14,8.842328785829794e-13
1,7-scenes-redkitchen,4,29,3DLoMatch,mspki,float64,3,fine_RI,6.143557397719883e-14,nan,nan,nan
1,7-scenes-redkitchen,4,29,3DLoMatch,mspki,float64,3,coarse_RI,8.468960343323734e-14,nan,nan,nan
2,7-scenes-redkitchen,8,38,3DLoMatch,mspki,float64,0,S2,1.9550806420778236e-12,3.4336638178943846e-14,1.7153024502447168e-13,1.5197833834636132e-10
2,7-scenes-redkitchen,8,38,3DLoMatch,mspki,float64,0,S3,1.3594897841018562e-12,5.2484598624757913e-14,4.3623817393941806e-13,3.35969742583721e-11
2,7-scenes-redkitchen,8,38,3DLoMatch,mspki,float64,0,S4_pre_context,9.241035994986019e-13,5.934102650668007e-14,1.343287843467136e-12,1.122776218734558e-11
2,7-scenes-redkitchen,8,38,3DLoMatch,mspki,float64,0,S4_post_context,9.241035994986019e-13,5.934102650668007e-14,1.343287843467136e-12,1.122776218734558e-11
2,7-scenes-redkitchen,8,38,3DLoMatch,mspki,float64,0,D3,7.689817679965714e-13,4.676288719436813e-14,1.014049523343074e-12,1.2518123645646185e-11
2,7-scenes-redkitchen,8,38,3DLoMatch,mspki,float64,0,D2_pre_context,8.468616849739169e-13,3.558098090016095e-14,6.606576451795248e-13,5.849091779098106e-11
2,7-scenes-redkitchen,8,38,3DLoMatch,mspki,float64,0,D2_post_context,9.081368426894955e-13,4.169204573384195e-14,9.301697433425313e-13,3.995549807211948e-11
2,7-scenes-redkitchen,8,38,3DLoMatch,mspki,float64,0,final_RE,3.906673379482531e-13,2.1709473317257462e-14,5.183159775038096e-13,2.6772056039333278e-11
2,7-scenes-redkitchen,8,38,3DLoMatch,mspki,float64,0,fine_RI,7.181430683942258e-13,nan,nan,nan
2,7-scenes-redkitchen,8,38,3DLoMatch,mspki,float64,0,coarse_RI,8.265649447988178e-13,nan,nan,nan
2,7-scenes-redkitchen,8,38,3DLoMatch,mspki,float64,1,S2,1.009727713606105e-12,3.355094627424934e-14,1.794332851332137e-13,7.069683257319822e-11
2,7-scenes-redkitchen,8,38,3DLoMatch,mspki,float64,1,S3,6.592407136966314e-13,5.2565642481440447e-14,3.6063225151547297e-13,1.5036844176673482e-11
2,7-scenes-redkitchen,8,38,3DLoMatch,mspki,float64,1,S4_pre_context,4.557906681879193e-13,6.021258917322329e-14,6.882038601338054e-13,4.285379821897315e-12
2,7-scenes-redkitchen,8,38,3DLoMatch,mspki,float64,1,S4_post_context,4.557906681879193e-13,6.021258917322329e-14,6.882038601338054e-13,4.285379821897315e-12
2,7-scenes-redkitchen,8,38,3DLoMatch,mspki,float64,1,D3,3.722427131799824e-13,4.60782086034443e-14,4.982924560209272e-13,5.52965679389912e-12
2,7-scenes-redkitchen,8,38,3DLoMatch,mspki,float64,1,D2_pre_context,3.9802712451841683e-13,3.4483992992204794e-14,3.4874046364931127e-13,2.1991576404453936e-11
2,7-scenes-redkitchen,8,38,3DLoMatch,mspki,float64,1,D2_post_context,4.268421838397188e-13,4.0533650356655796e-14,4.989880198933889e-13,1.9127727867619126e-11
2,7-scenes-redkitchen,8,38,3DLoMatch,mspki,float64,1,final_RE,2.2506797027678796e-13,2.1759613569535227e-14,3.0070478191015486e-13,1.9660609617426007e-11
2,7-scenes-redkitchen,8,38,3DLoMatch,mspki,float64,1,fine_RI,3.320870189617013e-13,nan,nan,nan
2,7-scenes-redkitchen,8,38,3DLoMatch,mspki,float64,1,coarse_RI,4.0246287518195704e-13,nan,nan,nan
2,7-scenes-redkitchen,8,38,3DLoMatch,mspki,float64,2,S2,2.381299018232578e-12,3.550999496478578e-14,2.0020236589340794e-13,1.909458591465937e-10
2,7-scenes-redkitchen,8,38,3DLoMatch,mspki,float64,2,S3,1.5623815650575313e-12,5.628227763394604e-14,6.070651787676659e-13,3.9826970960007675e-11
2,7-scenes-redkitchen,8,38,3DLoMatch,mspki,float64,2,S4_pre_context,1.1607969350480752e-12,6.778806753862449e-14,1.6858660167279637e-12,1.295447905618263e-11
2,7-scenes-redkitchen,8,38,3DLoMatch,mspki,float64,2,S4_post_context,1.1607969350480752e-12,6.778806753862449e-14,1.6858660167279637e-12,1.295447905618263e-11
2,7-scenes-redkitchen,8,38,3DLoMatch,mspki,float64,2,D3,8.868239107735043e-13,5.1017549451260257e-14,1.2618553597568548e-12,1.4653037099550487e-11
2,7-scenes-redkitchen,8,38,3DLoMatch,mspki,float64,2,D2_pre_context,1.0158188674272224e-12,3.798418092715135e-14,8.563430884153938e-13,7.158515553749837e-11
2,7-scenes-redkitchen,8,38,3DLoMatch,mspki,float64,2,D2_post_context,1.221720175051672e-12,4.368471784833238e-14,1.2553618178647407e-12,5.214532390654699e-11
2,7-scenes-redkitchen,8,38,3DLoMatch,mspki,float64,2,final_RE,4.283905188570377e-13,2.334256124820831e-14,6.075747789687697e-13,3.8474474844085426e-11
2,7-scenes-redkitchen,8,38,3DLoMatch,mspki,float64,2,fine_RI,9.83704870522195e-13,nan,nan,nan
2,7-scenes-redkitchen,8,38,3DLoMatch,mspki,float64,2,coarse_RI,9.951398073209556e-13,nan,nan,nan
2,7-scenes-redkitchen,8,38,3DLoMatch,mspki,float64,3,S2,1.891940265610739e-12,3.2842758411234046e-14,1.654607576963818e-13,1.4153329343882633e-10
2,7-scenes-redkitchen,8,38,3DLoMatch,mspki,float64,3,S3,1.2024712305194211e-12,4.859772973255001e-14,3.726267824260562e-13,2.7837878430759617e-11
2,7-scenes-redkitchen,8,38,3DLoMatch,mspki,float64,3,S4_pre_context,8.854745333671241e-13,5.386452306566936e-14,1.3406056285457345e-12,8.320855607662695e-12
2,7-scenes-redkitchen,8,38,3DLoMatch,mspki,float64,3,S4_post_context,8.854745333671241e-13,5.386452306566936e-14,1.3406056285457345e-12,8.320855607662695e-12
2,7-scenes-redkitchen,8,38,3DLoMatch,mspki,float64,3,D3,7.070208185298303e-13,4.174805739045798e-14,8.974968173448247e-13,1.08720489299805e-11
2,7-scenes-redkitchen,8,38,3DLoMatch,mspki,float64,3,D2_pre_context,6.812724066130572e-13,3.200874421956514e-14,5.533780175550292e-13,3.674515881453166e-11
2,7-scenes-redkitchen,8,38,3DLoMatch,mspki,float64,3,D2_post_context,8.110995857830964e-13,3.807974247263471e-14,8.430854639413958e-13,3.518142657424941e-11
2,7-scenes-redkitchen,8,38,3DLoMatch,mspki,float64,3,final_RE,3.9275273438160824e-13,2.0477590785538794e-14,5.296970052267003e-13,3.7977968796174217e-11
2,7-scenes-redkitchen,8,38,3DLoMatch,mspki,float64,3,fine_RI,6.496137311323811e-13,nan,nan,nan
2,7-scenes-redkitchen,8,38,3DLoMatch,mspki,float64,3,coarse_RI,7.694568302358026e-13,nan,nan,nan
3,7-scenes-redkitchen,12,32,3DLoMatch,mspki,float64,0,S2,1.2349592459011484e-13,3.6445661797311e-14,1.91506515961671e-13,3.0884550339316526e-12
3,7-scenes-redkitchen,12,32,3DLoMatch,mspki,float64,0,S3,1.2903610894866993e-13,5.859598511520934e-14,2.6273549075387314e-13,1.3038125489111071e-12
3,7-scenes-redkitchen,12,32,3DLoMatch,mspki,float64,0,S4_pre_context,1.104112156750503e-13,5.89199665476867e-14,2.3340976374874523e-13,4.651529622647756e-13
3,7-scenes-redkitchen,12,32,3DLoMatch,mspki,float64,0,S4_post_context,1.104112156750503e-13,5.89199665476867e-14,2.3340976374874523e-13,4.651529622647756e-13
3,7-scenes-redkitchen,12,32,3DLoMatch,mspki,float64,0,D3,9.807880612453298e-14,4.779746343416298e-14,2.1523560645705735e-13,6.203237566068125e-13
3,7-scenes-redkitchen,12,32,3DLoMatch,mspki,float64,0,D2_pre_context,8.3031346487073e-14,3.5081771847498246e-14,1.5799192476288865e-13,1.5301223091408992e-12
3,7-scenes-redkitchen,12,32,3DLoMatch,mspki,float64,0,D2_post_context,9.67616366309995e-14,4.28998583988567e-14,1.9954118024198288e-13,1.618794939028445e-12
3,7-scenes-redkitchen,12,32,3DLoMatch,mspki,float64,0,final_RE,9.511801688334161e-14,2.0438046205659462e-14,2.856430287415512e-13,4.494382346091405e-12
3,7-scenes-redkitchen,12,32,3DLoMatch,mspki,float64,0,fine_RI,8.435805971558027e-14,nan,nan,nan
3,7-scenes-redkitchen,12,32,3DLoMatch,mspki,float64,0,coarse_RI,1.2931746025896436e-13,nan,nan,nan
3,7-scenes-redkitchen,12,32,3DLoMatch,mspki,float64,1,S2,1.654109075592581e-13,3.454864792243353e-14,2.0231535249351637e-13,7.884300835345047e-12
3,7-scenes-redkitchen,12,32,3DLoMatch,mspki,float64,1,S3,1.5516421633298048e-13,5.606234957154986e-14,3.0858192795930784e-13,2.190414244365251e-12
3,7-scenes-redkitchen,12,32,3DLoMatch,mspki,float64,1,S4_pre_context,1.3890414852137325e-13,5.96039594917e-14,2.7134295902487013e-13,1.5453342714579507e-12
3,7-scenes-redkitchen,12,32,3DLoMatch,mspki,float64,1,S4_post_context,1.3890414852137325e-13,5.96039594917e-14,2.7134295902487013e-13,1.5453342714579507e-12
3,7-scenes-redkitchen,12,32,3DLoMatch,mspki,float64,1,D3,1.282384098326682e-13,4.703121510125612e-14,2.486163938575961e-13,1.7503371014296477e-12
3,7-scenes-redkitchen,12,32,3DLoMatch,mspki,float64,1,D2_pre_context,1.1359819467044756e-13,3.4957151706143966e-14,1.795943231332248e-13,4.171135907952412e-12
3,7-scenes-redkitchen,12,32,3DLoMatch,mspki,float64,1,D2_post_context,1.2265887292071607e-13,4.327650608623205e-14,2.548698964834717e-13,2.9888939673536423e-12
3,7-scenes-redkitchen,12,32,3DLoMatch,mspki,float64,1,final_RE,1.2097475905677276e-13,2.1237595250264242e-14,3.377922692349644e-13,6.566795060131326e-12
3,7-scenes-redkitchen,12,32,3DLoMatch,mspki,float64,1,fine_RI,9.387383263279659e-14,nan,nan,nan
3,7-scenes-redkitchen,12,32,3DLoMatch,mspki,float64,1,coarse_RI,1.504483892285261e-13,nan,nan,nan
3,7-scenes-redkitchen,12,32,3DLoMatch,mspki,float64,2,S2,1.4600415826158785e-13,3.696749332544548e-14,2.1709389377812696e-13,5.018796589718626e-12
3,7-scenes-redkitchen,12,32,3DLoMatch,mspki,float64,2,S3,2.168561212409834e-13,5.776000357926336e-14,3.4920402504162724e-13,6.18388125116637e-12
3,7-scenes-redkitchen,12,32,3DLoMatch,mspki,float64,2,S4_pre_context,1.6708652345509913e-13,6.039105758530888e-14,3.1273468084151066e-13,9.55444059333892e-13
3,7-scenes-redkitchen,12,32,3DLoMatch,mspki,float64,2,S4_post_context,1.6708652345509913e-13,6.039105758530888e-14,3.1273468084151066e-13,9.55444059333892e-13
3,7-scenes-redkitchen,12,32,3DLoMatch,mspki,float64,2,D3,1.6019032271144364e-13,4.9853970315610243e-14,3.137103249437423e-13,2.1578457141887527e-12
3,7-scenes-redkitchen,12,32,3DLoMatch,mspki,float64,2,D2_pre_context,1.268056499491619e-13,3.868872731598807e-14,2.4548698417028706e-13,2.732941921617942e-12
3,7-scenes-redkitchen,12,32,3DLoMatch,mspki,float64,2,D2_post_context,1.584644667149363e-13,4.730902273225012e-14,3.4620259946862543e-13,2.9757122174834487e-12
3,7-scenes-redkitchen,12,32,3DLoMatch,mspki,float64,2,final_RE,1.4662037202361223e-13,2.3633877787892293e-14,4.863667785241082e-13,1.9854400994802432e-11
3,7-scenes-redkitchen,12,32,3DLoMatch,mspki,float64,2,fine_RI,1.4390562676733857e-13,nan,nan,nan
3,7-scenes-redkitchen,12,32,3DLoMatch,mspki,float64,2,coarse_RI,1.8978440915801e-13,nan,nan,nan
3,7-scenes-redkitchen,12,32,3DLoMatch,mspki,float64,3,S2,1.202015927012758e-13,3.602446653919347e-14,1.901584734535635e-13,2.102557284435653e-12
3,7-scenes-redkitchen,12,32,3DLoMatch,mspki,float64,3,S3,1.6518852572638888e-13,6.035184969561417e-14,3.246010212771209e-13,2.4861893924441894e-12
3,7-scenes-redkitchen,12,32,3DLoMatch,mspki,float64,3,S4_pre_context,1.3626341741443526e-13,5.899707944691617e-14,3.017475567655917e-13,7.001284576716917e-13
3,7-scenes-redkitchen,12,32,3DLoMatch,mspki,float64,3,S4_post_context,1.3626341741443526e-13,5.899707944691617e-14,3.017475567655917e-13,7.001284576716917e-13
3,7-scenes-redkitchen,12,32,3DLoMatch,mspki,float64,3,D3,1.2854536436705768e-13,4.835385850072928e-14,2.72201182525914e-13,1.1805589780448353e-12
3,7-scenes-redkitchen,12,32,3DLoMatch,mspki,float64,3,D2_pre_context,9.64443196498183e-14,3.549384173002848e-14,1.949706170564165e-13,9.92262305849217e-13
3,7-scenes-redkitchen,12,32,3DLoMatch,mspki,float64,3,D2_post_context,1.1848101339454287e-13,4.299358336595962e-14,2.6426623663617246e-13,2.2371781814939197e-12
3,7-scenes-redkitchen,12,32,3DLoMatch,mspki,float64,3,final_RE,1.1868218224825034e-13,2.0696128198184067e-14,3.59415281112503e-13,1.2108858046702095e-11
3,7-scenes-redkitchen,12,32,3DLoMatch,mspki,float64,3,fine_RI,1.0778417990972422e-13,nan,nan,nan
3,7-scenes-redkitchen,12,32,3DLoMatch,mspki,float64,3,coarse_RI,1.6298476768591896e-13,nan,nan,nan
4,7-scenes-redkitchen,18,47,3DLoMatch,mspki,float64,0,S2,8.330918869208496e-14,2.924957421116899e-14,1.2757046202687485e-13,2.820787176116704e-12
4,7-scenes-redkitchen,18,47,3DLoMatch,mspki,float64,0,S3,8.707776437334997e-14,4.330118686489357e-14,1.5273350906642526e-13,1.6393598365623085e-12
4,7-scenes-redkitchen,18,47,3DLoMatch,mspki,float64,0,S4_pre_context,6.855172688839849e-14,4.4452462424295194e-14,1.3215132387800233e-13,2.909506406187805e-13
4,7-scenes-redkitchen,18,47,3DLoMatch,mspki,float64,0,S4_post_context,6.855172688839849e-14,4.4452462424295194e-14,1.3215132387800233e-13,2.909506406187805e-13
4,7-scenes-redkitchen,18,47,3DLoMatch,mspki,float64,0,D3,5.829282132379891e-14,3.5985660099167034e-14,1.0506108471836794e-13,5.805754034480503e-13
4,7-scenes-redkitchen,18,47,3DLoMatch,mspki,float64,0,D2_pre_context,4.962346520207747e-14,2.700042491203928e-14,8.518080308523008e-14,8.936552581713236e-13
4,7-scenes-redkitchen,18,47,3DLoMatch,mspki,float64,0,D2_post_context,4.8836611785184777e-14,3.178049937430052e-14,8.833629099347205e-14,6.360286096562599e-13
4,7-scenes-redkitchen,18,47,3DLoMatch,mspki,float64,0,final_RE,2.8112468990521962e-14,1.632162159815754e-14,6.912003943692688e-14,2.611890101929627e-12
4,7-scenes-redkitchen,18,47,3DLoMatch,mspki,float64,0,fine_RI,3.852746853117843e-14,nan,nan,nan
4,7-scenes-redkitchen,18,47,3DLoMatch,mspki,float64,0,coarse_RI,6.255909864670856e-14,nan,nan,nan
4,7-scenes-redkitchen,18,47,3DLoMatch,mspki,float64,1,S2,7.782784035698699e-14,2.7775952130187463e-14,1.1887298298521397e-13,2.1034583675233025e-12
4,7-scenes-redkitchen,18,47,3DLoMatch,mspki,float64,1,S3,9.55612762924792e-14,4.329331920501011e-14,1.5390180485938473e-13,1.9261346718871605e-12
4,7-scenes-redkitchen,18,47,3DLoMatch,mspki,float64,1,S4_pre_context,7.389703268199618e-14,4.554552008856734e-14,1.3567056236636496e-13,3.774260161144098e-13
4,7-scenes-redkitchen,18,47,3DLoMatch,mspki,float64,1,S4_post_context,7.389703268199618e-14,4.554552008856734e-14,1.3567056236636496e-13,3.774260161144098e-13
4,7-scenes-redkitchen,18,47,3DLoMatch,mspki,float64,1,D3,6.470075835541197e-14,3.8086226774491535e-14,1.151723889684335e-13,8.88273611692384e-13
4,7-scenes-redkitchen,18,47,3DLoMatch,mspki,float64,1,D2_pre_context,5.206712435026451e-14,2.763013204676479e-14,8.667002143963132e-14,8.040795928285298e-13
4,7-scenes-redkitchen,18,47,3DLoMatch,mspki,float64,1,D2_post_context,5.3591541085576296e-14,3.3051667538780227e-14,9.130994633901274e-14,6.522886131274659e-13
4,7-scenes-redkitchen,18,47,3DLoMatch,mspki,float64,1,final_RE,2.945105378460139e-14,1.7001409422946047e-14,7.044830947687827e-14,8.30872463461309e-13
4,7-scenes-redkitchen,18,47,3DLoMatch,mspki,float64,1,fine_RI,4.309233573842624e-14,nan,nan,nan
4,7-scenes-redkitchen,18,47,3DLoMatch,mspki,float64,1,coarse_RI,6.848195146057093e-14,nan,nan,nan
4,7-scenes-redkitchen,18,47,3DLoMatch,mspki,float64,2,S2,7.247044984573614e-14,2.938008066572412e-14,1.159117155162542e-13,1.363162291632955e-12
4,7-scenes-redkitchen,18,47,3DLoMatch,mspki,float64,2,S3,1.1143488881352693e-13,4.4305793838064296e-14,1.6528221367390883e-13,2.513067515774296e-12
4,7-scenes-redkitchen,18,47,3DLoMatch,mspki,float64,2,S4_pre_context,8.958360761963998e-14,4.942483571450324e-14,1.5129329318279405e-13,7.84216760349723e-13
4,7-scenes-redkitchen,18,47,3DLoMatch,mspki,float64,2,S4_post_context,8.958360761963998e-14,4.942483571450324e-14,1.5129329318279405e-13,7.84216760349723e-13
4,7-scenes-redkitchen,18,47,3DLoMatch,mspki,float64,2,D3,7.664076334921837e-14,3.831186794849412e-14,1.3527860563937123e-13,1.177587799730065e-12
4,7-scenes-redkitchen,18,47,3DLoMatch,mspki,float64,2,D2_pre_context,5.84911117597334e-14,2.870433869156246e-14,9.948320462343464e-14,1.055770974604878e-12
4,7-scenes-redkitchen,18,47,3DLoMatch,mspki,float64,2,D2_post_context,6.239121718017696e-14,3.414848452277554e-14,1.1106956799444762e-13,8.646357584692723e-13
4,7-scenes-redkitchen,18,47,3DLoMatch,mspki,float64,2,final_RE,3.47807371100076e-14,1.7735604923836582e-14,8.956334957404264e-14,1.2236871461405546e-12
4,7-scenes-redkitchen,18,47,3DLoMatch,mspki,float64,2,fine_RI,5.045140906966656e-14,nan,nan,nan
4,7-scenes-redkitchen,18,47,3DLoMatch,mspki,float64,2,coarse_RI,8.280252387949214e-14,nan,nan,nan
4,7-scenes-redkitchen,18,47,3DLoMatch,mspki,float64,3,S2,6.984936824883459e-14,2.6573117007873294e-14,1.0771229013775078e-13,1.4799789183616097e-12
4,7-scenes-redkitchen,18,47,3DLoMatch,mspki,float64,3,S3,6.803997982737765e-14,3.924190324593656e-14,1.24260537287172e-13,8.898084864688445e-13
4,7-scenes-redkitchen,18,47,3DLoMatch,mspki,float64,3,S4_pre_context,5.535878797847855e-14,3.7317731430735375e-14,9.924309635584467e-14,2.0063059739047705e-13
4,7-scenes-redkitchen,18,47,3DLoMatch,mspki,float64,3,S4_post_context,5.535878797847855e-14,3.7317731430735375e-14,9.924309635584467e-14,2.0063059739047705e-13
4,7-scenes-redkitchen,18,47,3DLoMatch,mspki,float64,3,D3,4.770125968580607e-14,3.163224078510539e-14,9.117148839543795e-14,3.3614782122090566e-13
4,7-scenes-redkitchen,18,47,3DLoMatch,mspki,float64,3,D2_pre_context,4.304003744119457e-14,2.378821176699159e-14,7.535784351217708e-14,7.847988375192203e-13
4,7-scenes-redkitchen,18,47,3DLoMatch,mspki,float64,3,D2_post_context,4.2995427458119286e-14,2.7566525915024336e-14,7.954539599855285e-14,4.64037742388927e-13
4,7-scenes-redkitchen,18,47,3DLoMatch,mspki,float64,3,final_RE,2.3284606374251997e-14,1.3970627005633538e-14,5.817064723656174e-14,7.110035677358903e-13
4,7-scenes-redkitchen,18,47,3DLoMatch,mspki,float64,3,fine_RI,3.4064283335372836e-14,nan,nan,nan
4,7-scenes-redkitchen,18,47,3DLoMatch,mspki,float64,3,coarse_RI,5.232435114363095e-14,nan,nan,nan
5,7-scenes-redkitchen,24,57,3DLoMatch,mspki,float64,0,S2,1.3867154823993118e-13,3.897749741089594e-14,1.9168775176661088e-13,4.164902417641925e-12
5,7-scenes-redkitchen,24,57,3DLoMatch,mspki,float64,0,S3,1.217936567646643e-13,6.426972240839948e-14,2.3672683606550103e-13,1.2139070930908584e-12
5,7-scenes-redkitchen,24,57,3DLoMatch,mspki,float64,0,S4_pre_context,9.40192292925138e-14,6.019554505040172e-14,1.7988632995879626e-13,4.351489305401657e-13
5,7-scenes-redkitchen,24,57,3DLoMatch,mspki,float64,0,S4_post_context,9.40192292925138e-14,6.019554505040172e-14,1.7988632995879626e-13,4.351489305401657e-13
5,7-scenes-redkitchen,24,57,3DLoMatch,mspki,float64,0,D3,8.725044133209108e-14,4.808626980680212e-14,1.5243373802059112e-13,1.2679913369713986e-12
5,7-scenes-redkitchen,24,57,3DLoMatch,mspki,float64,0,D2_pre_context,7.203358083806723e-14,3.466059838776335e-14,1.16022569201657e-13,1.4776580149083106e-12
5,7-scenes-redkitchen,24,57,3DLoMatch,mspki,float64,0,D2_post_context,7.205085208451321e-14,3.984713774323578e-14,1.3946526542077944e-13,1.207153047597598e-12
5,7-scenes-redkitchen,24,57,3DLoMatch,mspki,float64,0,final_RE,5.1686133135190205e-14,2.1166318761488467e-14,1.551088632612306e-13,5.1115418522078716e-12
5,7-scenes-redkitchen,24,57,3DLoMatch,mspki,float64,0,fine_RI,5.6180515251455556e-14,nan,nan,nan
5,7-scenes-redkitchen,24,57,3DLoMatch,mspki,float64,0,coarse_RI,9.946782236349668e-14,nan,nan,nan
5,7-scenes-redkitchen,24,57,3DLoMatch,mspki,float64,1,S2,1.258931597672311e-13,3.6876089854709176e-14,1.6634597477210933e-13,5.539054683431462e-12
5,7-scenes-redkitchen,24,57,3DLoMatch,mspki,float64,1,S3,1.1142961141044853e-13,5.958225369999138e-14,1.9927395122261998e-13,1.0567865130208348e-12
5,7-scenes-redkitchen,24,57,3DLoMatch,mspki,float64,1,S4_pre_context,9.025701862590927e-14,5.523287413095455e-14,1.6345270410711998e-13,5.663342567896985e-13
5,7-scenes-redkitchen,24,57,3DLoMatch,mspki,float64,1,S4_post_context,9.025701862590927e-14,5.523287413095455e-14,1.6345270410711998e-13,5.663342567896985e-13
5,7-scenes-redkitchen,24,57,3DLoMatch,mspki,float64,1,D3,7.589795945861112e-14,4.431264359110094e-14,1.3801395990032737e-13,6.219131151033983e-13
5,7-scenes-redkitchen,24,57,3DLoMatch,mspki,float64,1,D2_pre_context,6.494359045759641e-14,3.1597210805207046e-14,1.0899423641835589e-13,1.9839041693343145e-12
5,7-scenes-redkitchen,24,57,3DLoMatch,mspki,float64,1,D2_post_context,6.714155809744098e-14,3.686504625963581e-14,1.2381886124581824e-13,1.6830921205163263e-12
5,7-scenes-redkitchen,24,57,3DLoMatch,mspki,float64,1,final_RE,4.685891789126352e-14,1.98180269605799e-14,1.3478329132813332e-13,5.003648287962753e-12
5,7-scenes-redkitchen,24,57,3DLoMatch,mspki,float64,1,fine_RI,5.623140720574244e-14,nan,nan,nan
5,7-scenes-redkitchen,24,57,3DLoMatch,mspki,float64,1,coarse_RI,8.648322128195e-14,nan,nan,nan
5,7-scenes-redkitchen,24,57,3DLoMatch,mspki,float64,2,S2,1.2485058585198816e-13,3.766607775067356e-14,1.8016701517037852e-13,4.474764522599521e-12
5,7-scenes-redkitchen,24,57,3DLoMatch,mspki,float64,2,S3,1.1307909798881435e-13,6.026071765088432e-14,2.1785356973802303e-13,8.540753506599792e-13
5,7-scenes-redkitchen,24,57,3DLoMatch,mspki,float64,2,S4_pre_context,9.266240799189521e-14,5.824963044391049e-14,1.7181916048324033e-13,4.162210878849959e-13
5,7-scenes-redkitchen,24,57,3DLoMatch,mspki,float64,2,S4_post_context,9.266240799189521e-14,5.824963044391049e-14,1.7181916048324033e-13,4.162210878849959e-13
5,7-scenes-redkitchen,24,57,3DLoMatch,mspki,float64,2,D3,7.609984325216272e-14,4.5397406439047505e-14,1.4261784049662514e-13,5.678392690189972e-13
5,7-scenes-redkitchen,24,57,3DLoMatch,mspki,float64,2,D2_pre_context,6.561740195876516e-14,3.331924238918445e-14,1.0910734440637637e-13,1.696256003367832e-12
5,7-scenes-redkitchen,24,57,3DLoMatch,mspki,float64,2,D2_post_context,6.392708996277565e-14,3.8772601938494977e-14,1.1815157790550611e-13,1.1596750407786747e-12
5,7-scenes-redkitchen,24,57,3DLoMatch,mspki,float64,2,final_RE,4.430331301174865e-14,2.0212114939434337e-14,1.2758184027974994e-13,1.3734661374780278e-12
5,7-scenes-redkitchen,24,57,3DLoMatch,mspki,float64,2,fine_RI,4.9030051669096e-14,nan,nan,nan
5,7-scenes-redkitchen,24,57,3DLoMatch,mspki,float64,2,coarse_RI,8.476852995130162e-14,nan,nan,nan
5,7-scenes-redkitchen,24,57,3DLoMatch,mspki,float64,3,S2,1.140511608453595e-13,3.7438070748300173e-14,1.8383831539731285e-13,2.7599946551935303e-12
5,7-scenes-redkitchen,24,57,3DLoMatch,mspki,float64,3,S3,1.1501888147540304e-13,5.616771837034614e-14,2.1439757969473295e-13,1.2839770346026037e-12
5,7-scenes-redkitchen,24,57,3DLoMatch,mspki,float64,3,S4_pre_context,9.374189597097651e-14,5.695083455939181e-14,1.636674989329523e-13,7.117476448363708e-13
5,7-scenes-redkitchen,24,57,3DLoMatch,mspki,float64,3,S4_post_context,9.374189597097651e-14,5.695083455939181e-14,1.636674989329523e-13,7.117476448363708e-13
5,7-scenes-redkitchen,24,57,3DLoMatch,mspki,float64,3,D3,7.824277873974961e-14,4.332179004572331e-14,1.4745613904626906e-13,5.789864387892119e-13
5,7-scenes-redkitchen,24,57,3DLoMatch,mspki,float64,3,D2_pre_context,6.121686391301673e-14,3.1877171799683885e-14,1.099168635928505e-13,1.0130274506183798e-12
5,7-scenes-redkitchen,24,57,3DLoMatch,mspki,float64,3,D2_post_context,6.315784373240206e-14,3.679669685209783e-14,1.263571633469949e-13,6.80441480642543e-13
5,7-scenes-redkitchen,24,57,3DLoMatch,mspki,float64,3,final_RE,4.4239240012317e-14,1.957575808419262e-14,1.1877267520804906e-13,1.8571139684093943e-12
5,7-scenes-redkitchen,24,57,3DLoMatch,mspki,float64,3,fine_RI,4.9471795318150476e-14,nan,nan,nan
5,7-scenes-redkitchen,24,57,3DLoMatch,mspki,float64,3,coarse_RI,9.862333222279987e-14,nan,nan,nan
6,7-scenes-redkitchen,34,39,3DLoMatch,mspki,float64,0,S2,1.0466220820013038e-13,3.167842432477182e-14,1.5341573364531977e-13,4.1254367846886595e-12
6,7-scenes-redkitchen,34,39,3DLoMatch,mspki,float64,0,S3,1.1216628497602115e-13,5.028967520758861e-14,2.153211173154458e-13,1.832669927359751e-12
6,7-scenes-redkitchen,34,39,3DLoMatch,mspki,float64,0,S4_pre_context,9.163358890198854e-14,5.5605309605067177e-14,1.7701860445964558e-13,6.125764982631975e-13
6,7-scenes-redkitchen,34,39,3DLoMatch,mspki,float64,0,S4_post_context,9.163358890198854e-14,5.5605309605067177e-14,1.7701860445964558e-13,6.125764982631975e-13
6,7-scenes-redkitchen,34,39,3DLoMatch,mspki,float64,0,D3,8.020185712678039e-14,4.5743248784809604e-14,1.559667436561675e-13,1.0272846663742473e-12
6,7-scenes-redkitchen,34,39,3DLoMatch,mspki,float64,0,D2_pre_context,7.102103469173261e-14,3.340545000602853e-14,1.182308218072919e-13,2.105674638575842e-12
6,7-scenes-redkitchen,34,39,3DLoMatch,mspki,float64,0,D2_post_context,7.286982034483886e-14,4.045563648051533e-14,1.3463432178200206e-13,1.476411521526429e-12
6,7-scenes-redkitchen,34,39,3DLoMatch,mspki,float64,0,final_RE,6.272165596160117e-14,2.4863596794751286e-14,1.653648371236363e-13,4.410518786121296e-12
6,7-scenes-redkitchen,34,39,3DLoMatch,mspki,float64,0,fine_RI,5.5287010857654693e-14,nan,nan,nan
6,7-scenes-redkitchen,34,39,3DLoMatch,mspki,float64,0,coarse_RI,8.656918067024239e-14,nan,nan,nan
6,7-scenes-redkitchen,34,39,3DLoMatch,mspki,float64,1,S2,1.3751591190509368e-13,3.30600510687459e-14,1.6025394846807383e-13,5.7924114140591086e-12
6,7-scenes-redkitchen,34,39,3DLoMatch,mspki,float64,1,S3,1.3591581107405182e-13,5.258843088846721e-14,2.407198478973732e-13,1.5953409639244649e-12
6,7-scenes-redkitchen,34,39,3DLoMatch,mspki,float64,1,S4_pre_context,1.0526114581832881e-13,5.758160611401145e-14,1.963491164836783e-13,6.0923880235424e-13
6,7-scenes-redkitchen,34,39,3DLoMatch,mspki,float64,1,S4_post_context,1.0526114581832881e-13,5.758160611401145e-14,1.963491164836783e-13,6.0923880235424e-13
6,7-scenes-redkitchen,34,39,3DLoMatch,mspki,float64,1,D3,9.703394013791774e-14,4.7597766380058415e-14,1.7650630187344863e-13,8.165923702165182e-13
6,7-scenes-redkitchen,34,39,3DLoMatch,mspki,float64,1,D2_pre_context,8.183195611848147e-14,3.6128956678955565e-14,1.370689622918202e-13,2.547898771952696e-12
6,7-scenes-redkitchen,34,39,3DLoMatch,mspki,float64,1,D2_post_context,8.141338588193524e-14,4.432451448190362e-14,1.5233560856643403e-13,1.7495797579588634e-12
6,7-scenes-redkitchen,34,39,3DLoMatch,mspki,float64,1,final_RE,7.5203107123091e-14,2.7942483951007582e-14,2.0148749133286965e-13,2.4430104871034986e-12
6,7-scenes-redkitchen,34,39,3DLoMatch,mspki,float64,1,fine_RI,6.042127751717033e-14,nan,nan,nan
6,7-scenes-redkitchen,34,39,3DLoMatch,mspki,float64,1,coarse_RI,9.491726209218299e-14,nan,nan,nan
6,7-scenes-redkitchen,34,39,3DLoMatch,mspki,float64,2,S2,1.564172394106574e-13,3.1412207219800644e-14,1.6460408541720876e-13,6.0290066415606495e-12
6,7-scenes-redkitchen,34,39,3DLoMatch,mspki,float64,2,S3,1.6210974268108656e-13,5.192864355373066e-14,2.7932430649465515e-13,3.5713792279033923e-12
6,7-scenes-redkitchen,34,39,3DLoMatch,mspki,float64,2,S4_pre_context,1.3158868206184588e-13,6.21673519227822e-14,2.297090001470395e-13,1.003370372438387e-12
6,7-scenes-redkitchen,34,39,3DLoMatch,mspki,float64,2,S4_post_context,1.3158868206184588e-13,6.21673519227822e-14,2.297090001470395e-13,1.003370372438387e-12
6,7-scenes-redkitchen,34,39,3DLoMatch,mspki,float64,2,D3,1.1658732707693473e-13,5.0050293533988103e-14,2.193474599343618e-13,1.6031967032032428e-12
6,7-scenes-redkitchen,34,39,3DLoMatch,mspki,float64,2,D2_pre_context,9.607623451104944e-14,3.6974138547089425e-14,1.682798664835811e-13,2.5007528010678387e-12
6,7-scenes-redkitchen,34,39,3DLoMatch,mspki,float64,2,D2_post_context,9.999357599960394e-14,4.5171237861795554e-14,1.9528958054148232e-13,1.7106182681187817e-12
6,7-scenes-redkitchen,34,39,3DLoMatch,mspki,float64,2,final_RE,8.59023196882361e-14,2.903630548590675e-14,2.140246719075608e-13,2.7864761222298136e-12
6,7-scenes-redkitchen,34,39,3DLoMatch,mspki,float64,2,fine_RI,7.718556868465998e-14,nan,nan,nan
6,7-scenes-redkitchen,34,39,3DLoMatch,mspki,float64,2,coarse_RI,1.2012044796817593e-13,nan,nan,nan
6,7-scenes-redkitchen,34,39,3DLoMatch,mspki,float64,3,S2,1.1532716292578592e-13,3.155273429832138e-14,1.5652657046672057e-13,5.0521804916399076e-12
6,7-scenes-redkitchen,34,39,3DLoMatch,mspki,float64,3,S3,1.127469368704576e-13,4.9864875349817946e-14,2.164415152928846e-13,1.2751094652566463e-12
6,7-scenes-redkitchen,34,39,3DLoMatch,mspki,float64,3,S4_pre_context,9.155149233989469e-14,5.2248264481933784e-14,1.8421135776792252e-13,5.471254643365625e-13
6,7-scenes-redkitchen,34,39,3DLoMatch,mspki,float64,3,S4_post_context,9.155149233989469e-14,5.2248264481933784e-14,1.8421135776792252e-13,5.471254643365625e-13
6,7-scenes-redkitchen,34,39,3DLoMatch,mspki,float64,3,D3,8.294635386147315e-14,4.40358588039135e-14,1.6720150958479232e-13,5.316286802257452e-13
6,7-scenes-redkitchen,34,39,3DLoMatch,mspki,float64,3,D2_pre_context,6.724526038642546e-14,3.3114879845158465e-14,1.1894837619217308e-13,1.0393012797545234e-12
6,7-scenes-redkitchen,34,39,3DLoMatch,mspki,float64,3,D2_post_context,7.236751950331568e-14,3.990946886811557e-14,1.3871174327287604e-13,1.4724812641897451e-12
6,7-scenes-redkitchen,34,39,3DLoMatch,mspki,float64,3,final_RE,6.660808094789994e-14,2.3820559863362756e-14,1.816232839556076e-13,3.82492774800987e-12
6,7-scenes-redkitchen,34,39,3DLoMatch,mspki,float64,3,fine_RI,5.812718046441746e-14,nan,nan,nan
6,7-scenes-redkitchen,34,39,3DLoMatch,mspki,float64,3,coarse_RI,8.315198721714628e-14,nan,nan,nan
7,sun3d-home_at-home_at_scan1_2013_jan_1,1,33,3DLoMatch,mspki,float64,0,S2,1.5336443633074244e-13,3.055829601956036e-14,1.507898832723843e-13,9.383357479252514e-12
7,sun3d-home_at-home_at_scan1_2013_jan_1,1,33,3DLoMatch,mspki,float64,0,S3,1.501756869642489e-13,4.9792027822010875e-14,2.4272491135804693e-13,2.0781630444586317e-12
7,sun3d-home_at-home_at_scan1_2013_jan_1,1,33,3DLoMatch,mspki,float64,0,S4_pre_context,1.0896285664508435e-13,5.382262906928832e-14,2.038996237143721e-13,7.503085435314017e-13
7,sun3d-home_at-home_at_scan1_2013_jan_1,1,33,3DLoMatch,mspki,float64,0,S4_post_context,1.0896285664508435e-13,5.382262906928832e-14,2.038996237143721e-13,7.503085435314017e-13
7,sun3d-home_at-home_at_scan1_2013_jan_1,1,33,3DLoMatch,mspki,float64,0,D3,1.0134513268015157e-13,4.3377933632358115e-14,1.7160134460923087e-13,1.141365946922146e-12
7,sun3d-home_at-home_at_scan1_2013_jan_1,1,33,3DLoMatch,mspki,float64,0,D2_pre_context,8.953253583197657e-14,3.1895315110919194e-14,1.2970152150681697e-13,3.1201498611911605e-12
7,sun3d-home_at-home_at_scan1_2013_jan_1,1,33,3DLoMatch,mspki,float64,0,D2_post_context,9.580184534804232e-14,3.9360745421880484e-14,1.5766781266918751e-13,2.027605984626374e-12
7,sun3d-home_at-home_at_scan1_2013_jan_1,1,33,3DLoMatch,mspki,float64,0,final_RE,7.157396693426309e-14,2.1469617529672932e-14,1.9371090071023887e-13,1.2248606659474086e-11
7,sun3d-home_at-home_at_scan1_2013_jan_1,1,33,3DLoMatch,mspki,float64,0,fine_RI,7.459991806144459e-14,nan,nan,nan
7,sun3d-home_at-home_at_scan1_2013_jan_1,1,33,3DLoMatch,mspki,float64,0,coarse_RI,2.0134465425235927e-13,nan,nan,nan
7,sun3d-home_at-home_at_scan1_2013_jan_1,1,33,3DLoMatch,mspki,float64,1,S2,2.726250463127496e-13,2.891987416099134e-14,1.536309465706419e-13,2.051393176504949e-11
7,sun3d-home_at-home_at_scan1_2013_jan_1,1,33,3DLoMatch,mspki,float64,1,S3,2.379141428218672e-13,4.762879504810113e-14,2.971612305041825e-13,4.556080008827617e-12
7,sun3d-home_at-home_at_scan1_2013_jan_1,1,33,3DLoMatch,mspki,float64,1,S4_pre_context,1.720171399908948e-13,5.693593854361853e-14,2.7345315834569986e-13,1.6228680135958273e-12
7,sun3d-home_at-home_at_scan1_2013_jan_1,1,33,3DLoMatch,mspki,float64,1,S4_post_context,1.720171399908948e-13,5.693593854361853e-14,2.7345315834569986e-13,1.6228680135958273e-12
7,sun3d-home_at-home_at_scan1_2013_jan_1,1,33,3DLoMatch,mspki,float64,1,D3,1.6221007133341633e-13,4.742754714229681e-14,2.2476919105218449e-13,2.583006789851182e-12
7,sun3d-home_at-home_at_scan1_2013_jan_1,1,33,3DLoMatch,mspki,float64,1,D2_pre_context,1.4870876817949456e-13,3.541173613955891e-14,1.7177107005321634e-13,6.5646581977780945e-12
7,sun3d-home_at-home_at_scan1_2013_jan_1,1,33,3DLoMatch,mspki,float64,1,D2_post_context,1.6403099609395546e-13,4.3893948676512975e-14,2.1827273136007692e-13,4.247250810630064e-12
7,sun3d-home_at-home_at_scan1_2013_jan_1,1,33,3DLoMatch,mspki,float64,1,final_RE,1.080132154314088e-13,2.431196009205019e-14,2.290800994804322e-13,6.542100314801564e-12
7,sun3d-home_at-home_at_scan1_2013_jan_1,1,33,3DLoMatch,mspki,float64,1,fine_RI,1.3210067191081148e-13,nan,nan,nan
7,sun3d-home_at-home_at_scan1_2013_jan_1,1,33,3DLoMatch,mspki,float64,1,coarse_RI,2.4597767928127546e-13,nan,nan,nan
7,sun3d-home_at-home_at_scan1_2013_jan_1,1,33,3DLoMatch,mspki,float64,2,S2,1.3826967328070488e-13,3.040989547455823e-14,1.5013066117757121e-13,7.4691078875109e-12
7,sun3d-home_at-home_at_scan1_2013_jan_1,1,33,3DLoMatch,mspki,float64,2,S3,1.6910253005231907e-13,5.121323099180728e-14,2.794923818729879e-13,3.770626184057048e-12
7,sun3d-home_at-home_at_scan1_2013_jan_1,1,33,3DLoMatch,mspki,float64,2,S4_pre_context,1.224086906446337e-13,5.350023622746003e-14,2.4649091776083377e-13,6.555087435013829e-13
7,sun3d-home_at-home_at_scan1_2013_jan_1,1,33,3DLoMatch,mspki,float64,2,S4_post_context,1.224086906446337e-13,5.350023622746003e-14,2.4649091776083377e-13,6.555087435013829e-13
7,sun3d-home_at-home_at_scan1_2013_jan_1,1,33,3DLoMatch,mspki,float64,2,D3,1.1603102815043818e-13,4.272419450216459e-14,2.1283002179903065e-13,2.3851314197076257e-12
7,sun3d-home_at-home_at_scan1_2013_jan_1,1,33,3DLoMatch,mspki,float64,2,D2_pre_context,9.177282763153774e-14,3.155461071124538e-14,1.4329983806736041e-13,2.4269444790082498e-12
7,sun3d-home_at-home_at_scan1_2013_jan_1,1,33,3DLoMatch,mspki,float64,2,D2_post_context,1.0342109970432559e-13,3.832464724636184e-14,1.7355310284051894e-13,1.571221181873316e-12
7,sun3d-home_at-home_at_scan1_2013_jan_1,1,33,3DLoMatch,mspki,float64,2,final_RE,6.735264047698405e-14,2.1943448423273943e-14,1.6942579851456006e-13,1.308268002560528e-11
7,sun3d-home_at-home_at_scan1_2013_jan_1,1,33,3DLoMatch,mspki,float64,2,fine_RI,8.089837156002907e-14,nan,nan,nan
7,sun3d-home_at-home_at_scan1_2013_jan_1,1,33,3DLoMatch,mspki,float64,2,coarse_RI,1.5871214519262877e-13,nan,nan,nan
7,sun3d-home_at-home_at_scan1_2013_jan_1,1,33,3DLoMatch,mspki,float64,3,S2,1.2527988364134414e-13,2.917420772320122e-14,1.3206428434726155e-13,6.849311945508296e-12
7,sun3d-home_at-home_at_scan1_2013_jan_1,1,33,3DLoMatch,mspki,float64,3,S3,1.3092223740219212e-13,4.545624905261156e-14,2.2515183523874504e-13,1.884528090895113e-12
7,sun3d-home_at-home_at_scan1_2013_jan_1,1,33,3DLoMatch,mspki,float64,3,S4_pre_context,1.0597309565283312e-13,4.9560987380761296e-14,1.745371185734462e-13,9.79459156578803e-13
7,sun3d-home_at-home_at_scan1_2013_jan_1,1,33,3DLoMatch,mspki,float64,3,S4_post_context,1.0597309565283312e-13,4.9560987380761296e-14,1.745371185734462e-13,9.79459156578803e-13
7,sun3d-home_at-home_at_scan1_2013_jan_1,1,33,3DLoMatch,mspki,float64,3,D3,9.245486333520057e-14,4.109185792073403e-14,1.5408466081025204e-13,1.3412766010368751e-12
7,sun3d-home_at-home_at_scan1_2013_jan_1,1,33,3DLoMatch,mspki,float64,3,D2_pre_context,7.48720595424831e-14,3.024316373475586e-14,1.1714903834405566e-13,2.175096301585473e-12
7,sun3d-home_at-home_at_scan1_2013_jan_1,1,33,3DLoMatch,mspki,float64,3,D2_post_context,8.002177647744137e-14,3.6969729517088634e-14,1.3631027252200888e-13,1.3985619646479247e-12
7,sun3d-home_at-home_at_scan1_2013_jan_1,1,33,3DLoMatch,mspki,float64,3,final_RE,6.290159449136357e-14,1.9739564612137423e-14,1.5812959754121527e-13,1.9460773711367983e-11
7,sun3d-home_at-home_at_scan1_2013_jan_1,1,33,3DLoMatch,mspki,float64,3,fine_RI,6.378530962141171e-14,nan,nan,nan
7,sun3d-home_at-home_at_scan1_2013_jan_1,1,33,3DLoMatch,mspki,float64,3,coarse_RI,1.261686840107444e-13,nan,nan,nan
8,sun3d-home_at-home_at_scan1_2013_jan_1,7,29,3DLoMatch,mspki,float64,0,S2,1.8353585194731705e-13,3.5157469868606633e-14,1.889681021970725e-13,9.754353022945647e-12
8,sun3d-home_at-home_at_scan1_2013_jan_1,7,29,3DLoMatch,mspki,float64,0,S3,2.056674681287347e-13,5.384018584581391e-14,2.9482980525458644e-13,5.0698279477744e-12
8,sun3d-home_at-home_at_scan1_2013_jan_1,7,29,3DLoMatch,mspki,float64,0,S4_pre_context,1.2385109217774925e-13,5.3825247380728816e-14,2.444925036298648e-13,8.937158526229339e-13
8,sun3d-home_at-home_at_scan1_2013_jan_1,7,29,3DLoMatch,mspki,float64,0,S4_post_context,1.2385109217774925e-13,5.3825247380728816e-14,2.444925036298648e-13,8.937158526229339e-13
8,sun3d-home_at-home_at_scan1_2013_jan_1,7,29,3DLoMatch,mspki,float64,0,D3,1.1075778872846636e-13,4.1743876273623476e-14,1.846320145351973e-13,1.5180692533561262e-12
8,sun3d-home_at-home_at_scan1_2013_jan_1,7,29,3DLoMatch,mspki,float64,0,D2_pre_context,8.856408378209476e-14,3.097195667849248e-14,1.3767594648626647e-13,2.897998791433399e-12
8,sun3d-home_at-home_at_scan1_2013_jan_1,7,29,3DLoMatch,mspki,float64,0,D2_post_context,8.60197646398906e-14,3.754585661144056e-14,1.672140352737676e-13,2.1280358431929344e-12
8,sun3d-home_at-home_at_scan1_2013_jan_1,7,29,3DLoMatch,mspki,float64,0,final_RE,5.162161794622967e-14,1.7852820505784658e-14,1.4139098831181023e-13,1.1484491204732968e-12
8,sun3d-home_at-home_at_scan1_2013_jan_1,7,29,3DLoMatch,mspki,float64,0,fine_RI,6.37171702838692e-14,nan,nan,nan
8,sun3d-home_at-home_at_scan1_2013_jan_1,7,29,3DLoMatch,mspki,float64,0,coarse_RI,1.070418402734962e-13,nan,nan,nan
8,sun3d-home_at-home_at_scan1_2013_jan_1,7,29,3DLoMatch,mspki,float64,1,S2,1.1694334548437908e-13,3.38168388476724e-14,1.7840469279543909e-13,3.756615009479093e-12
8,sun3d-home_at-home_at_scan1_2013_jan_1,7,29,3DLoMatch,mspki,float64,1,S3,1.2587705842725954e-13,5.3060531740255634e-14,2.4587920065115795e-13,1.5183530365571535e-12
8,sun3d-home_at-home_at_scan1_2013_jan_1,7,29,3DLoMatch,mspki,float64,1,S4_pre_context,1.0754476686329484e-13,5.657595431780985e-14,1.9125841343585695e-13,8.865931735446677e-13
8,sun3d-home_at-home_at_scan1_2013_jan_1,7,29,3DLoMatch,mspki,float64,1,S4_post_context,1.0754476686329484e-13,5.657595431780985e-14,1.9125841343585695e-13,8.865931735446677e-13
8,sun3d-home_at-home_at_scan1_2013_jan_1,7,29,3DLoMatch,mspki,float64,1,D3,8.255821002422173e-14,4.5083256812616324e-14,1.5729294105843266e-13,9.144808167968925e-13
8,sun3d-home_at-home_at_scan1_2013_jan_1,7,29,3DLoMatch,mspki,float64,1,D2_pre_context,6.973168624480191e-14,3.345815676577718e-14,1.168692651681165e-13,1.935711412653766e-12
8,sun3d-home_at-home_at_scan1_2013_jan_1,7,29,3DLoMatch,mspki,float64,1,D2_post_context,7.112923914529055e-14,4.06821392145713e-14,1.287194803970801e-13,1.2886019041973419e-12
8,sun3d-home_at-home_at_scan1_2013_jan_1,7,29,3DLoMatch,mspki,float64,1,final_RE,4.1245113379377356e-14,1.9190164894047937e-14,1.1574450639414611e-13,1.1207181508821173e-12
8,sun3d-home_at-home_at_scan1_2013_jan_1,7,29,3DLoMatch,mspki,float64,1,fine_RI,5.302581822425697e-14,nan,nan,nan
8,sun3d-home_at-home_at_scan1_2013_jan_1,7,29,3DLoMatch,mspki,float64,1,coarse_RI,9.3207032677011e-14,nan,nan,nan
8,sun3d-home_at-home_at_scan1_2013_jan_1,7,29,3DLoMatch,mspki,float64,2,S2,1.252737111796901e-13,3.514472804810904e-14,1.8457616803688296e-13,4.344028952583132e-12
8,sun3d-home_at-home_at_scan1_2013_jan_1,7,29,3DLoMatch,mspki,float64,2,S3,1.637303791709801e-13,5.38965974013109e-14,3.083684652292783e-13,2.4247007724051332e-12
8,sun3d-home_at-home_at_scan1_2013_jan_1,7,29,3DLoMatch,mspki,float64,2,S4_pre_context,1.4805980327752777e-13,6.178307554370994e-14,2.425636266875464e-13,1.5980578671498415e-12
8,sun3d-home_at-home_at_scan1_2013_jan_1,7,29,3DLoMatch,mspki,float64,2,S4_post_context,1.4805980327752777e-13,6.178307554370994e-14,2.425636266875464e-13,1.5980578671498415e-12
8,sun3d-home_at-home_at_scan1_2013_jan_1,7,29,3DLoMatch,mspki,float64,2,D3,1.1133893812595836e-13,4.663566477286124e-14,1.9332613843087196e-13,1.4720461638548946e-12
8,sun3d-home_at-home_at_scan1_2013_jan_1,7,29,3DLoMatch,mspki,float64,2,D2_pre_context,8.381062770651177e-14,3.4967457835770164e-14,1.4076994390349154e-13,1.7210736348238742e-12
8,sun3d-home_at-home_at_scan1_2013_jan_1,7,29,3DLoMatch,mspki,float64,2,D2_post_context,9.241740533548599e-14,4.1814596785891917e-14,1.616994774129573e-13,1.1879460204058608e-12
8,sun3d-home_at-home_at_scan1_2013_jan_1,7,29,3DLoMatch,mspki,float64,2,final_RE,6.2830338255496e-14,2.2692183641398603e-14,1.592883660656022e-13,1.9108370079673777e-12
8,sun3d-home_at-home_at_scan1_2013_jan_1,7,29,3DLoMatch,mspki,float64,2,fine_RI,7.481965142638849e-14,nan,nan,nan
8,sun3d-home_at-home_at_scan1_2013_jan_1,7,29,3DLoMatch,mspki,float64,2,coarse_RI,1.2692673525111516e-13,nan,nan,nan
8,sun3d-home_at-home_at_scan1_2013_jan_1,7,29,3DLoMatch,mspki,float64,3,S2,2.4138401949426724e-13,3.487368756091672e-14,2.1715270762805325e-13,1.3154621321649162e-11
8,sun3d-home_at-home_at_scan1_2013_jan_1,7,29,3DLoMatch,mspki,float64,3,S3,2.672752425470437e-13,5.745337616809424e-14,3.514594429393387e-13,6.805497846936971e-12
8,sun3d-home_at-home_at_scan1_2013_jan_1,7,29,3DLoMatch,mspki,float64,3,S4_pre_context,1.5467765805520217e-13,6.181718998810392e-14,2.751933769521197e-13,1.2171126673920608e-12
8,sun3d-home_at-home_at_scan1_2013_jan_1,7,29,3DLoMatch,mspki,float64,3,S4_post_context,1.5467765805520217e-13,6.181718998810392e-14,2.751933769521197e-13,1.2171126673920608e-12
8,sun3d-home_at-home_at_scan1_2013_jan_1,7,29,3DLoMatch,mspki,float64,3,D3,1.3852498354175568e-13,4.98166177472836e-14,2.2284976832623273e-13,2.045531401195589e-12
8,sun3d-home_at-home_at_scan1_2013_jan_1,7,29,3DLoMatch,mspki,float64,3,D2_pre_context,1.1090419391250855e-13,3.6358642412616474e-14,1.5174024944924747e-13,3.922597211240367e-12
8,sun3d-home_at-home_at_scan1_2013_jan_1,7,29,3DLoMatch,mspki,float64,3,D2_post_context,1.026363077418957e-13,4.3673414889848546e-14,1.760696596482134e-13,2.865171836848352e-12
8,sun3d-home_at-home_at_scan1_2013_jan_1,7,29,3DLoMatch,mspki,float64,3,final_RE,5.750714287105758e-14,2.1308200160271783e-14,1.39203217299555e-13,1.6516030806863666e-12
8,sun3d-home_at-home_at_scan1_2013_jan_1,7,29,3DLoMatch,mspki,float64,3,fine_RI,7.314946485680574e-14,nan,nan,nan
8,sun3d-home_at-home_at_scan1_2013_jan_1,7,29,3DLoMatch,mspki,float64,3,coarse_RI,1.316206354019849e-13,nan,nan,nan
9,sun3d-home_at-home_at_scan1_2013_jan_1,24,47,3DLoMatch,mspki,float64,0,S2,9.70750789537946e-14,3.0456395970958025e-14,1.6193062202738885e-13,2.164621164761588e-12
9,sun3d-home_at-home_at_scan1_2013_jan_1,24,47,3DLoMatch,mspki,float64,0,S3,1.110735175599335e-13,4.5642973376601726e-14,2.3268129578763657e-13,1.1685196111746968e-12
9,sun3d-home_at-home_at_scan1_2013_jan_1,24,47,3DLoMatch,mspki,float64,0,S4_pre_context,8.62132598940017e-14,4.320654804637159e-14,1.6816722613582005e-13,4.387358556128909e-13
9,sun3d-home_at-home_at_scan1_2013_jan_1,24,47,3DLoMatch,mspki,float64,0,S4_post_context,8.62132598940017e-14,4.320654804637159e-14,1.6816722613582005e-13,4.387358556128909e-13
9,sun3d-home_at-home_at_scan1_2013_jan_1,24,47,3DLoMatch,mspki,float64,0,D3,6.825646267243865e-14,3.383528110315476e-14,1.4046376115668998e-13,4.349563394073949e-13
9,sun3d-home_at-home_at_scan1_2013_jan_1,24,47,3DLoMatch,mspki,float64,0,D2_pre_context,5.244628356961119e-14,2.4640613185347003e-14,9.975628530100674e-14,7.771086452823265e-13
9,sun3d-home_at-home_at_scan1_2013_jan_1,24,47,3DLoMatch,mspki,float64,0,D2_post_context,5.2912268542763756e-14,2.98250485462336e-14,1.0537097453014397e-13,5.414567351256653e-13
9,sun3d-home_at-home_at_scan1_2013_jan_1,24,47,3DLoMatch,mspki,float64,0,final_RE,4.023689651009622e-14,1.554480587869067e-14,1.0090929535774706e-13,2.126484034693698e-12
9,sun3d-home_at-home_at_scan1_2013_jan_1,24,47,3DLoMatch,mspki,float64,0,fine_RI,3.996208926234501e-14,nan,nan,nan
9,sun3d-home_at-home_at_scan1_2013_jan_1,24,47,3DLoMatch,mspki,float64,0,coarse_RI,8.344649034840104e-14,nan,nan,nan
9,sun3d-home_at-home_at_scan1_2013_jan_1,24,47,3DLoMatch,mspki,float64,1,S2,9.689227715102784e-14,3.0333476925729144e-14,1.5304322683723773e-13,2.315424807748794e-12
9,sun3d-home_at-home_at_scan1_2013_jan_1,24,47,3DLoMatch,mspki,float64,1,S3,1.0275230630015705e-13,4.778497260714955e-14,2.1437803998035783e-13,1.0761851890568871e-12
9,sun3d-home_at-home_at_scan1_2013_jan_1,24,47,3DLoMatch,mspki,float64,1,S4_pre_context,7.791691236215722e-14,4.770319841410758e-14,1.495186555472035e-13,4.343259517753249e-13
9,sun3d-home_at-home_at_scan1_2013_jan_1,24,47,3DLoMatch,mspki,float64,1,S4_post_context,7.791691236215722e-14,4.770319841410758e-14,1.495186555472035e-13,4.343259517753249e-13
9,sun3d-home_at-home_at_scan1_2013_jan_1,24,47,3DLoMatch,mspki,float64,1,D3,6.264663946361841e-14,3.5515150163748994e-14,1.2268291134072273e-13,3.9171992825597835e-13
9,sun3d-home_at-home_at_scan1_2013_jan_1,24,47,3DLoMatch,mspki,float64,1,D2_pre_context,5.346500314562702e-14,2.6250609045075215e-14,9.225369115816937e-14,1.0797683568141473e-12
9,sun3d-home_at-home_at_scan1_2013_jan_1,24,47,3DLoMatch,mspki,float64,1,D2_post_context,5.271653399409612e-14,3.151670683188976e-14,1.034502724578865e-13,6.599019002210093e-13
9,sun3d-home_at-home_at_scan1_2013_jan_1,24,47,3DLoMatch,mspki,float64,1,final_RE,3.656961109716356e-14,1.5796702682155133e-14,1.0699841106707918e-13,3.5628956848747057e-12
9,sun3d-home_at-home_at_scan1_2013_jan_1,24,47,3DLoMatch,mspki,float64,1,fine_RI,3.830973779901022e-14,nan,nan,nan
9,sun3d-home_at-home_at_scan1_2013_jan_1,24,47,3DLoMatch,mspki,float64,1,coarse_RI,8.636911887959908e-14,nan,nan,nan
9,sun3d-home_at-home_at_scan1_2013_jan_1,24,47,3DLoMatch,mspki,float64,2,S2,1.0133325088708953e-13,2.9469631874223465e-14,1.6823984602737843e-13,2.2662180241462653e-12
9,sun3d-home_at-home_at_scan1_2013_jan_1,24,47,3DLoMatch,mspki,float64,2,S3,1.0907019929179628e-13,4.393742567890194e-14,2.3740777945310994e-13,8.952792419134906e-13
9,sun3d-home_at-home_at_scan1_2013_jan_1,24,47,3DLoMatch,mspki,float64,2,S4_pre_context,8.169995149002636e-14,4.1805099783364336e-14,1.6813551340028415e-13,4.252425935618897e-13
9,sun3d-home_at-home_at_scan1_2013_jan_1,24,47,3DLoMatch,mspki,float64,2,S4_post_context,8.169995149002636e-14,4.1805099783364336e-14,1.6813551340028415e-13,4.252425935618897e-13
9,sun3d-home_at-home_at_scan1_2013_jan_1,24,47,3DLoMatch,mspki,float64,2,D3,6.727180371548008e-14,3.244856114809329e-14,1.41999699276015e-13,4.701726967542717e-13
9,sun3d-home_at-home_at_scan1_2013_jan_1,24,47,3DLoMatch,mspki,float64,2,D2_pre_context,5.243123957115085e-14,2.3953242143474972e-14,1.0126901435233152e-13,9.260022523771383e-13
9,sun3d-home_at-home_at_scan1_2013_jan_1,24,47,3DLoMatch,mspki,float64,2,D2_post_context,5.070308360617119e-14,2.851367550358502e-14,1.0367292901027937e-13,6.097050359235988e-13
9,sun3d-home_at-home_at_scan1_2013_jan_1,24,47,3DLoMatch,mspki,float64,2,final_RE,4.1173737025551355e-14,1.4618741524289615e-14,1.0941793222158606e-13,5.002099269562231e-12
9,sun3d-home_at-home_at_scan1_2013_jan_1,24,47,3DLoMatch,mspki,float64,2,fine_RI,3.617693916130544e-14,nan,nan,nan
9,sun3d-home_at-home_at_scan1_2013_jan_1,24,47,3DLoMatch,mspki,float64,2,coarse_RI,8.09666416931473e-14,nan,nan,nan
9,sun3d-home_at-home_at_scan1_2013_jan_1,24,47,3DLoMatch,mspki,float64,3,S2,9.305827451094606e-14,3.0083323009811105e-14,1.5122573024828366e-13,2.301001705040965e-12
9,sun3d-home_at-home_at_scan1_2013_jan_1,24,47,3DLoMatch,mspki,float64,3,S3,9.67383506678724e-14,4.476663710835616e-14,1.9487259815208436e-13,9.228253953402555e-13
9,sun3d-home_at-home_at_scan1_2013_jan_1,24,47,3DLoMatch,mspki,float64,3,S4_pre_context,7.049235384223981e-14,4.1338394775346483e-14,1.3936663111032026e-13,4.2603441784307045e-13
9,sun3d-home_at-home_at_scan1_2013_jan_1,24,47,3DLoMatch,mspki,float64,3,S4_post_context,7.049235384223981e-14,4.1338394775346483e-14,1.3936663111032026e-13,4.2603441784307045e-13
9,sun3d-home_at-home_at_scan1_2013_jan_1,24,47,3DLoMatch,mspki,float64,3,D3,5.996387121626814e-14,3.204389872029675e-14,1.1607804073881763e-13,4.57076717219404e-13
9,sun3d-home_at-home_at_scan1_2013_jan_1,24,47,3DLoMatch,mspki,float64,3,D2_pre_context,5.0396224573214906e-14,2.4938066900312566e-14,8.851948442017205e-14,8.316777970079952e-13
9,sun3d-home_at-home_at_scan1_2013_jan_1,24,47,3DLoMatch,mspki,float64,3,D2_post_context,4.88849491097333e-14,2.8863931850457236e-14,9.522882635959037e-14,5.151280070141593e-13
9,sun3d-home_at-home_at_scan1_2013_jan_1,24,47,3DLoMatch,mspki,float64,3,final_RE,3.369605946878524e-14,1.4780860593780997e-14,1.0629220447809815e-13,2.127463156739932e-12
9,sun3d-home_at-home_at_scan1_2013_jan_1,24,47,3DLoMatch,mspki,float64,3,fine_RI,3.62219873212087e-14,nan,nan,nan
9,sun3d-home_at-home_at_scan1_2013_jan_1,24,47,3DLoMatch,mspki,float64,3,coarse_RI,6.597376481774165e-14,nan,nan,nan
10,sun3d-home_at-home_at_scan1_2013_jan_1,40,43,3DLoMatch,mspki,float64,0,S2,1.50632730283318e-13,3.8526664187487355e-14,1.7788979597824657e-13,6.549828440118389e-12
10,sun3d-home_at-home_at_scan1_2013_jan_1,40,43,3DLoMatch,mspki,float64,0,S3,1.9448098190854712e-13,6.602863371343909e-14,2.849568899261411e-13,4.0532345487289484e-12
10,sun3d-home_at-home_at_scan1_2013_jan_1,40,43,3DLoMatch,mspki,float64,0,S4_pre_context,1.4310740799913752e-13,7.984577846625244e-14,2.7614663560721655e-13,9.206771511555435e-13
10,sun3d-home_at-home_at_scan1_2013_jan_1,40,43,3DLoMatch,mspki,float64,0,S4_post_context,1.4310740799913752e-13,7.984577846625244e-14,2.7614663560721655e-13,9.206771511555435e-13
10,sun3d-home_at-home_at_scan1_2013_jan_1,40,43,3DLoMatch,mspki,float64,0,D3,1.2353166235131628e-13,6.575450483245219e-14,2.0160539847231114e-13,1.7132144992864013e-12
10,sun3d-home_at-home_at_scan1_2013_jan_1,40,43,3DLoMatch,mspki,float64,0,D2_pre_context,9.947214601097512e-14,4.6569983732903146e-14,1.5008634698596706e-13,2.875574666583615e-12
10,sun3d-home_at-home_at_scan1_2013_jan_1,40,43,3DLoMatch,mspki,float64,0,D2_post_context,1.0922897938568098e-13,5.805774578199499e-14,1.9111878850951134e-13,1.7652983396937403e-12
10,sun3d-home_at-home_at_scan1_2013_jan_1,40,43,3DLoMatch,mspki,float64,0,final_RE,1.0065181928066958e-13,4.3054136796820774e-14,2.8900876678755913e-13,2.4586790711922752e-12
10,sun3d-home_at-home_at_scan1_2013_jan_1,40,43,3DLoMatch,mspki,float64,0,fine_RI,9.908219045868285e-14,nan,nan,nan
10,sun3d-home_at-home_at_scan1_2013_jan_1,40,43,3DLoMatch,mspki,float64,0,coarse_RI,1.7095991579091258e-13,nan,nan,nan
10,sun3d-home_at-home_at_scan1_2013_jan_1,40,43,3DLoMatch,mspki,float64,1,S2,1.3834182692979827e-13,3.579689151732431e-14,1.5722189121814125e-13,8.445897696940187e-12
10,sun3d-home_at-home_at_scan1_2013_jan_1,40,43,3DLoMatch,mspki,float64,1,S3,1.9861914980499308e-13,5.965197114749207e-14,2.67545507160441e-13,5.215717433608852e-12
10,sun3d-home_at-home_at_scan1_2013_jan_1,40,43,3DLoMatch,mspki,float64,1,S4_pre_context,1.364485888729882e-13,6.907724681153686e-14,2.3855480201545037e-13,1.4302253186028947e-12
10,sun3d-home_at-home_at_scan1_2013_jan_1,40,43,3DLoMatch,mspki,float64,1,S4_post_context,1.364485888729882e-13,6.907724681153686e-14,2.3855480201545037e-13,1.4302253186028947e-12
10,sun3d-home_at-home_at_scan1_2013_jan_1,40,43,3DLoMatch,mspki,float64,1,D3,1.2051919009728862e-13,5.73172485867877e-14,1.964093365579385e-13,2.192103707167072e-12
10,sun3d-home_at-home_at_scan1_2013_jan_1,40,43,3DLoMatch,mspki,float64,1,D2_pre_context,8.6439315569241e-14,4.1726591992895175e-14,1.3736266677658476e-13,2.7159548135203744e-12
10,sun3d-home_at-home_at_scan1_2013_jan_1,40,43,3DLoMatch,mspki,float64,1,D2_post_context,9.533832679422345e-14,5.243816058417831e-14,1.861493483880853e-13,1.7931490578556411e-12
10,sun3d-home_at-home_at_scan1_2013_jan_1,40,43,3DLoMatch,mspki,float64,1,final_RE,9.598276069174384e-14,3.817405101359948e-14,2.878379589096598e-13,5.613002318870707e-12
10,sun3d-home_at-home_at_scan1_2013_jan_1,40,43,3DLoMatch,mspki,float64,1,fine_RI,8.402223086917991e-14,nan,nan,nan
10,sun3d-home_at-home_at_scan1_2013_jan_1,40,43,3DLoMatch,mspki,float64,1,coarse_RI,1.29178617182137e-13,nan,nan,nan
10,sun3d-home_at-home_at_scan1_2013_jan_1,40,43,3DLoMatch,mspki,float64,2,S2,1.0250574913066374e-13,3.759627293679137e-14,1.6879468004470647e-13,2.216489957505725e-12
10,sun3d-home_at-home_at_scan1_2013_jan_1,40,43,3DLoMatch,mspki,float64,2,S3,1.1784956541340754e-13,6.017427046459553e-14,2.1599593767131614e-13,1.4004650419361886e-12
10,sun3d-home_at-home_at_scan1_2013_jan_1,40,43,3DLoMatch,mspki,float64,2,S4_pre_context,1.0041779880888494e-13,6.378066564242805e-14,1.8877596674068943e-13,5.70896720907668e-13
10,sun3d-home_at-home_at_scan1_2013_jan_1,40,43,3DLoMatch,mspki,float64,2,S4_post_context,1.0041779880888494e-13,6.378066564242805e-14,1.8877596674068943e-13,5.70896720907668e-13
10,sun3d-home_at-home_at_scan1_2013_jan_1,40,43,3DLoMatch,mspki,float64,2,D3,8.697364130478247e-14,5.39441691746335e-14,1.6404326801040685e-13,5.470614845900981e-13
10,sun3d-home_at-home_at_scan1_2013_jan_1,40,43,3DLoMatch,mspki,float64,2,D2_pre_context,7.142270709981384e-14,4.033328294118903e-14,1.275944074384964e-13,1.4019118486198937e-12
10,sun3d-home_at-home_at_scan1_2013_jan_1,40,43,3DLoMatch,mspki,float64,2,D2_post_context,8.385251043417308e-14,5.073964988222928e-14,1.6793705515777e-13,1.0907063931987242e-12
10,sun3d-home_at-home_at_scan1_2013_jan_1,40,43,3DLoMatch,mspki,float64,2,final_RE,1.0007930286644953e-13,3.260053409794977e-14,2.908452472308744e-13,4.120354606391899e-12
10,sun3d-home_at-home_at_scan1_2013_jan_1,40,43,3DLoMatch,mspki,float64,2,fine_RI,7.188632789894768e-14,nan,nan,nan
10,sun3d-home_at-home_at_scan1_2013_jan_1,40,43,3DLoMatch,mspki,float64,2,coarse_RI,1.1865274447053798e-13,nan,nan,nan
10,sun3d-home_at-home_at_scan1_2013_jan_1,40,43,3DLoMatch,mspki,float64,3,S2,1.1374374853054797e-13,3.4971412037706686e-14,1.6086362750503538e-13,4.479651914335614e-12
10,sun3d-home_at-home_at_scan1_2013_jan_1,40,43,3DLoMatch,mspki,float64,3,S3,1.4506430334107923e-13,5.5257753207837885e-14,2.465222469503486e-13,3.186666685542575e-12
10,sun3d-home_at-home_at_scan1_2013_jan_1,40,43,3DLoMatch,mspki,float64,3,S4_pre_context,1.1912734439779766e-13,6.06920643257805e-14,2.0821678870893538e-13,8.007284402523835e-13
10,sun3d-home_at-home_at_scan1_2013_jan_1,40,43,3DLoMatch,mspki,float64,3,S4_post_context,1.1912734439779766e-13,6.06920643257805e-14,2.0821678870893538e-13,8.007284402523835e-13
10,sun3d-home_at-home_at_scan1_2013_jan_1,40,43,3DLoMatch,mspki,float64,3,D3,1.0005633404505264e-13,5.1699469269385496e-14,1.7195735412743546e-13,1.2743989264919542e-12
10,sun3d-home_at-home_at_scan1_2013_jan_1,40,43,3DLoMatch,mspki,float64,3,D2_pre_context,7.966658720875941e-14,3.718855452694949e-14,1.227608244896526e-13,2.4223491657310547e-12
10,sun3d-home_at-home_at_scan1_2013_jan_1,40,43,3DLoMatch,mspki,float64,3,D2_post_context,8.96495710328013e-14,4.70868854014544e-14,1.6252038369380659e-13,1.6888331872650985e-12
10,sun3d-home_at-home_at_scan1_2013_jan_1,40,43,3DLoMatch,mspki,float64,3,final_RE,9.072949619535233e-14,3.3951876407841845e-14,2.643331733621103e-13,3.549091135906124e-12
10,sun3d-home_at-home_at_scan1_2013_jan_1,40,43,3DLoMatch,mspki,float64,3,fine_RI,8.06812816688538e-14,nan,nan,nan
10,sun3d-home_at-home_at_scan1_2013_jan_1,40,43,3DLoMatch,mspki,float64,3,coarse_RI,2.209525877645356e-13,nan,nan,nan
11,sun3d-home_md-home_md_scan9_2012_sep_30,4,8,3DLoMatch,mspki,float64,0,S2,1.3126766410949593e-13,3.601252961811488e-14,1.6779747852975283e-13,4.972819922487923e-12
11,sun3d-home_md-home_md_scan9_2012_sep_30,4,8,3DLoMatch,mspki,float64,0,S3,1.1293614218916252e-13,5.90194569607808e-14,2.114519621542977e-13,1.4419719012112075e-12
11,sun3d-home_md-home_md_scan9_2012_sep_30,4,8,3DLoMatch,mspki,float64,0,S4_pre_context,8.983572204271438e-14,5.685119540031574e-14,1.6531908867836922e-13,4.15259830819414e-13
11,sun3d-home_md-home_md_scan9_2012_sep_30,4,8,3DLoMatch,mspki,float64,0,S4_post_context,8.983572204271438e-14,5.685119540031574e-14,1.6531908867836922e-13,4.15259830819414e-13
11,sun3d-home_md-home_md_scan9_2012_sep_30,4,8,3DLoMatch,mspki,float64,0,D3,7.353703230397715e-14,4.20672513648117e-14,1.3500371064805106e-13,6.340131432303344e-13
11,sun3d-home_md-home_md_scan9_2012_sep_30,4,8,3DLoMatch,mspki,float64,0,D2_pre_context,8.370694767696914e-14,3.130411934276612e-14,1.0568756062097127e-13,3.881426414478794e-12
11,sun3d-home_md-home_md_scan9_2012_sep_30,4,8,3DLoMatch,mspki,float64,0,D2_post_context,7.53731510281112e-14,3.6308995964817324e-14,1.239793658393024e-13,2.3918664510944496e-12
11,sun3d-home_md-home_md_scan9_2012_sep_30,4,8,3DLoMatch,mspki,float64,0,final_RE,4.404597524117092e-14,1.6145645151921374e-14,1.0881332162048693e-13,3.186907788077652e-12
11,sun3d-home_md-home_md_scan9_2012_sep_30,4,8,3DLoMatch,mspki,float64,0,fine_RI,5.314254814031233e-14,nan,nan,nan
11,sun3d-home_md-home_md_scan9_2012_sep_30,4,8,3DLoMatch,mspki,float64,0,coarse_RI,8.61772696324972e-14,nan,nan,nan
11,sun3d-home_md-home_md_scan9_2012_sep_30,4,8,3DLoMatch,mspki,float64,1,S2,1.0753244743579016e-13,3.60818652452583e-14,1.6476564035606038e-13,3.0858394848935396e-12
11,sun3d-home_md-home_md_scan9_2012_sep_30,4,8,3DLoMatch,mspki,float64,1,S3,1.0218198146163907e-13,5.56864833924827e-14,1.9326113507695264e-13,1.093359698574086e-12
11,sun3d-home_md-home_md_scan9_2012_sep_30,4,8,3DLoMatch,mspki,float64,1,S4_pre_context,8.163051231058851e-14,5.0689356223926844e-14,1.610594675112897e-13,3.2540551442512844e-13
11,sun3d-home_md-home_md_scan9_2012_sep_30,4,8,3DLoMatch,mspki,float64,1,S4_post_context,8.163051231058851e-14,5.0689356223926844e-14,1.610594675112897e-13,3.2540551442512844e-13
11,sun3d-home_md-home_md_scan9_2012_sep_30,4,8,3DLoMatch,mspki,float64,1,D3,6.764318229785727e-14,3.878893855054256e-14,1.3037594597949295e-13,4.856700191947782e-13
11,sun3d-home_md-home_md_scan9_2012_sep_30,4,8,3DLoMatch,mspki,float64,1,D2_pre_context,6.07653165311118e-14,2.9377292937283316e-14,1.0027360396845193e-13,1.2805810848166824e-12
11,sun3d-home_md-home_md_scan9_2012_sep_30,4,8,3DLoMatch,mspki,float64,1,D2_post_context,7.136457553015588e-14,3.286712896703627e-14,1.217631461328758e-13,1.2943071913037769e-12
11,sun3d-home_md-home_md_scan9_2012_sep_30,4,8,3DLoMatch,mspki,float64,1,final_RE,4.160470085197273e-14,1.5740341278735803e-14,1.0873969485351638e-13,6.433180026633592e-12
11,sun3d-home_md-home_md_scan9_2012_sep_30,4,8,3DLoMatch,mspki,float64,1,fine_RI,5.41489285244358e-14,nan,nan,nan
11,sun3d-home_md-home_md_scan9_2012_sep_30,4,8,3DLoMatch,mspki,float64,1,coarse_RI,8.258106529156121e-14,nan,nan,nan
11,sun3d-home_md-home_md_scan9_2012_sep_30,4,8,3DLoMatch,mspki,float64,2,S2,1.1624633688485057e-13,3.553948378660196e-14,1.6209792723819875e-13,4.8549079710963715e-12
11,sun3d-home_md-home_md_scan9_2012_sep_30,4,8,3DLoMatch,mspki,float64,2,S3,1.300154794208429e-13,5.5738152960017275e-14,2.2908446525456886e-13,2.717317437019992e-12
11,sun3d-home_md-home_md_scan9_2012_sep_30,4,8,3DLoMatch,mspki,float64,2,S4_pre_context,9.869115793877238e-14,5.88554843785182e-14,1.8041917660026128e-13,6.204903458716265e-13
11,sun3d-home_md-home_md_scan9_2012_sep_30,4,8,3DLoMatch,mspki,float64,2,S4_post_context,9.869115793877238e-14,5.88554843785182e-14,1.8041917660026128e-13,6.204903458716265e-13
11,sun3d-home_md-home_md_scan9_2012_sep_30,4,8,3DLoMatch,mspki,float64,2,D3,8.641479782153325e-14,4.127327911388828e-14,1.492281837183894e-13,1.4082786345049888e-12
11,sun3d-home_md-home_md_scan9_2012_sep_30,4,8,3DLoMatch,mspki,float64,2,D2_pre_context,9.936193502560254e-14,3.050505450208194e-14,1.0856806774370044e-13,4.572848362507838e-12
11,sun3d-home_md-home_md_scan9_2012_sep_30,4,8,3DLoMatch,mspki,float64,2,D2_post_context,8.493273765710022e-14,3.394858595231676e-14,1.282772160803299e-13,3.0923984175967625e-12
11,sun3d-home_md-home_md_scan9_2012_sep_30,4,8,3DLoMatch,mspki,float64,2,final_RE,4.7609785948731696e-14,1.612416592033898e-14,1.2263259882483226e-13,1.3216364048038758e-11
11,sun3d-home_md-home_md_scan9_2012_sep_30,4,8,3DLoMatch,mspki,float64,2,fine_RI,5.764575200631902e-14,nan,nan,nan
11,sun3d-home_md-home_md_scan9_2012_sep_30,4,8,3DLoMatch,mspki,float64,2,coarse_RI,9.866927730767247e-14,nan,nan,nan
11,sun3d-home_md-home_md_scan9_2012_sep_30,4,8,3DLoMatch,mspki,float64,3,S2,1.1897448189647208e-13,3.567452939971848e-14,1.4819338925005218e-13,6.5063527292631136e-12
11,sun3d-home_md-home_md_scan9_2012_sep_30,4,8,3DLoMatch,mspki,float64,3,S3,9.453721802354363e-14,5.365269245602018e-14,1.7553916325996277e-13,8.234617581737065e-13
11,sun3d-home_md-home_md_scan9_2012_sep_30,4,8,3DLoMatch,mspki,float64,3,S4_pre_context,7.602012315739582e-14,5.069947104152879e-14,1.3368275836016848e-13,4.868129421349788e-13
11,sun3d-home_md-home_md_scan9_2012_sep_30,4,8,3DLoMatch,mspki,float64,3,S4_post_context,7.602012315739582e-14,5.069947104152879e-14,1.3368275836016848e-13,4.868129421349788e-13
11,sun3d-home_md-home_md_scan9_2012_sep_30,4,8,3DLoMatch,mspki,float64,3,D3,6.186401117927984e-14,3.82519371439059e-14,1.1306180958211394e-13,6.709407712933357e-13
11,sun3d-home_md-home_md_scan9_2012_sep_30,4,8,3DLoMatch,mspki,float64,3,D2_pre_context,8.668861463012213e-14,2.7794011422380834e-14,8.783634821191845e-14,6.233109012282212e-12
11,sun3d-home_md-home_md_scan9_2012_sep_30,4,8,3DLoMatch,mspki,float64,3,D2_post_context,7.457646834159473e-14,3.131142294607317e-14,9.546676478643765e-14,3.843382145412006e-12
11,sun3d-home_md-home_md_scan9_2012_sep_30,4,8,3DLoMatch,mspki,float64,3,final_RE,4.23524114482891e-14,1.4796504961961675e-14,9.192799191825798e-14,7.515212915712643e-12
11,sun3d-home_md-home_md_scan9_2012_sep_30,4,8,3DLoMatch,mspki,float64,3,fine_RI,5.05393699078985e-14,nan,nan,nan
11,sun3d-home_md-home_md_scan9_2012_sep_30,4,8,3DLoMatch,mspki,float64,3,coarse_RI,6.747224439510043e-14,nan,nan,nan
12,sun3d-home_md-home_md_scan9_2012_sep_30,15,57,3DLoMatch,mspki,float64,0,S2,1.7728957454336404e-13,2.6421658037076798e-14,1.5201055829088368e-13,1.042242947363781e-11
12,sun3d-home_md-home_md_scan9_2012_sep_30,15,57,3DLoMatch,mspki,float64,0,S3,1.4020980791698273e-13,4.627403172400263e-14,2.2076980408076988e-13,3.556001449911263e-12
12,sun3d-home_md-home_md_scan9_2012_sep_30,15,57,3DLoMatch,mspki,float64,0,S4_pre_context,9.997102309027395e-14,5.908713690260135e-14,1.7585513898135284e-13,6.308836353919914e-13
12,sun3d-home_md-home_md_scan9_2012_sep_30,15,57,3DLoMatch,mspki,float64,0,S4_post_context,9.997102309027395e-14,5.908713690260135e-14,1.7585513898135284e-13,6.308836353919914e-13
12,sun3d-home_md-home_md_scan9_2012_sep_30,15,57,3DLoMatch,mspki,float64,0,D3,9.611891513823308e-14,4.493595262711571e-14,1.5755098642168032e-13,2.2227393204045576e-12
12,sun3d-home_md-home_md_scan9_2012_sep_30,15,57,3DLoMatch,mspki,float64,0,D2_pre_context,9.826490515593998e-14,3.287615471113622e-14,1.1533229544727567e-13,5.2276735094439886e-12
12,sun3d-home_md-home_md_scan9_2012_sep_30,15,57,3DLoMatch,mspki,float64,0,D2_post_context,8.687666126865262e-14,3.887744733997829e-14,1.3618293271199312e-13,3.652519004950724e-12
12,sun3d-home_md-home_md_scan9_2012_sep_30,15,57,3DLoMatch,mspki,float64,0,final_RE,4.5154428567480017e-14,1.819113737061659e-14,1.0305187428698235e-13,1.989295634059968e-12
12,sun3d-home_md-home_md_scan9_2012_sep_30,15,57,3DLoMatch,mspki,float64,0,fine_RI,7.471323118693987e-14,nan,nan,nan
12,sun3d-home_md-home_md_scan9_2012_sep_30,15,57,3DLoMatch,mspki,float64,0,coarse_RI,2.412868814686228e-13,nan,nan,nan
12,sun3d-home_md-home_md_scan9_2012_sep_30,15,57,3DLoMatch,mspki,float64,1,S2,1.285825563197065e-13,2.4868356829937844e-14,1.4845749569087278e-13,7.733822593307492e-12
12,sun3d-home_md-home_md_scan9_2012_sep_30,15,57,3DLoMatch,mspki,float64,1,S3,1.197097534326456e-13,4.2679232003652035e-14,1.8545965899870934e-13,2.2732124928199414e-12
12,sun3d-home_md-home_md_scan9_2012_sep_30,15,57,3DLoMatch,mspki,float64,1,S4_pre_context,1.0476474002584475e-13,5.928315013292001e-14,1.6252724310024714e-13,1.146279554124655e-12
12,sun3d-home_md-home_md_scan9_2012_sep_30,15,57,3DLoMatch,mspki,float64,1,S4_post_context,1.0476474002584475e-13,5.928315013292001e-14,1.6252724310024714e-13,1.146279554124655e-12
12,sun3d-home_md-home_md_scan9_2012_sep_30,15,57,3DLoMatch,mspki,float64,1,D3,8.496400693899117e-14,4.290696006942887e-14,1.396868590618188e-13,1.40775962775498e-12
12,sun3d-home_md-home_md_scan9_2012_sep_30,15,57,3DLoMatch,mspki,float64,1,D2_pre_context,7.963259053100691e-14,3.0892159651338415e-14,1.0545137986603161e-13,3.9476540076138885e-12
12,sun3d-home_md-home_md_scan9_2012_sep_30,15,57,3DLoMatch,mspki,float64,1,D2_post_context,7.486688177223755e-14,3.702971739228806e-14,1.3295917369731143e-13,2.7603808008372906e-12
12,sun3d-home_md-home_md_scan9_2012_sep_30,15,57,3DLoMatch,mspki,float64,1,final_RE,4.063143524862469e-14,1.7432349115546257e-14,9.792442933528649e-14,1.2248502415478904e-12
12,sun3d-home_md-home_md_scan9_2012_sep_30,15,57,3DLoMatch,mspki,float64,1,fine_RI,6.156174441706603e-14,nan,nan,nan
12,sun3d-home_md-home_md_scan9_2012_sep_30,15,57,3DLoMatch,mspki,float64,1,coarse_RI,1.9491029774444389e-13,nan,nan,nan
12,sun3d-home_md-home_md_scan9_2012_sep_30,15,57,3DLoMatch,mspki,float64,2,S2,1.4516802672423713e-13,2.6934768757514594e-14,1.415316186322973e-13,8.272960591801217e-12
12,sun3d-home_md-home_md_scan9_2012_sep_30,15,57,3DLoMatch,mspki,float64,2,S3,1.098618164210567e-13,4.8150182368690585e-14,1.7882368273230482e-13,1.20703106139351e-12
12,sun3d-home_md-home_md_scan9_2012_sep_30,15,57,3DLoMatch,mspki,float64,2,S4_pre_context,9.83976505307914e-14,5.609106202349461e-14,1.5207480578978476e-13,7.120480259604016e-13
12,sun3d-home_md-home_md_scan9_2012_sep_30,15,57,3DLoMatch,mspki,float64,2,S4_post_context,9.83976505307914e-14,5.609106202349461e-14,1.5207480578978476e-13,7.120480259604016e-13
12,sun3d-home_md-home_md_scan9_2012_sep_30,15,57,3DLoMatch,mspki,float64,2,D3,7.746669599902715e-14,4.181944734564748e-14,1.2815843855548924e-13,1.0454479271135325e-12
12,sun3d-home_md-home_md_scan9_2012_sep_30,15,57,3DLoMatch,mspki,float64,2,D2_pre_context,8.451234069532136e-14,3.05597933584297e-14,1.0024869067667726e-13,4.2438305124290454e-12
12,sun3d-home_md-home_md_scan9_2012_sep_30,15,57,3DLoMatch,mspki,float64,2,D2_post_context,7.619768535762836e-14,3.604056264917574e-14,1.236223745335399e-13,2.96598699110184e-12
12,sun3d-home_md-home_md_scan9_2012_sep_30,15,57,3DLoMatch,mspki,float64,2,final_RE,3.9884066050595313e-14,1.7767015010602086e-14,9.007771884271245e-14,1.2360423273337754e-12
12,sun3d-home_md-home_md_scan9_2012_sep_30,15,57,3DLoMatch,mspki,float64,2,fine_RI,6.526718449800308e-14,nan,nan,nan
12,sun3d-home_md-home_md_scan9_2012_sep_30,15,57,3DLoMatch,mspki,float64,2,coarse_RI,2.0266613204018162e-13,nan,nan,nan
12,sun3d-home_md-home_md_scan9_2012_sep_30,15,57,3DLoMatch,mspki,float64,3,S2,1.4417874301774407e-13,2.5160762243775897e-14,1.375425394125862e-13,9.582672468743251e-12
12,sun3d-home_md-home_md_scan9_2012_sep_30,15,57,3DLoMatch,mspki,float64,3,S3,1.0667374446300938e-13,4.2511093275911156e-14,1.8169849957048944e-13,1.262322961744693e-12
12,sun3d-home_md-home_md_scan9_2012_sep_30,15,57,3DLoMatch,mspki,float64,3,S4_pre_context,9.281978358402369e-14,5.2163051331566886e-14,1.6475016248472083e-13,7.487042160606031e-13
12,sun3d-home_md-home_md_scan9_2012_sep_30,15,57,3DLoMatch,mspki,float64,3,S4_post_context,9.281978358402369e-14,5.2163051331566886e-14,1.6475016248472083e-13,7.487042160606031e-13
12,sun3d-home_md-home_md_scan9_2012_sep_30,15,57,3DLoMatch,mspki,float64,3,D3,7.556839701339561e-14,3.8211290255365714e-14,1.2902695164089734e-13,9.859066346310905e-13
12,sun3d-home_md-home_md_scan9_2012_sep_30,15,57,3DLoMatch,mspki,float64,3,D2_pre_context,8.235914175337733e-14,2.7514075332784806e-14,9.636780565433389e-14,4.839044084867008e-12
12,sun3d-home_md-home_md_scan9_2012_sep_30,15,57,3DLoMatch,mspki,float64,3,D2_post_context,7.351045272892203e-14,3.2780049128626905e-14,1.1531166180153283e-13,3.3795286487261102e-12
12,sun3d-home_md-home_md_scan9_2012_sep_30,15,57,3DLoMatch,mspki,float64,3,final_RE,3.882387198035178e-14,1.6237133625074847e-14,9.579422038184755e-14,1.259653692466504e-12
12,sun3d-home_md-home_md_scan9_2012_sep_30,15,57,3DLoMatch,mspki,float64,3,fine_RI,5.3967220880715186e-14,nan,nan,nan
12,sun3d-home_md-home_md_scan9_2012_sep_30,15,57,3DLoMatch,mspki,float64,3,coarse_RI,2.303028496705155e-13,nan,nan,nan
13,sun3d-home_md-home_md_scan9_2012_sep_30,38,49,3DLoMatch,mspki,float64,0,S2,9.462450165835584e-14,3.343714236117044e-14,1.3858992702018228e-13,3.0005379711144416e-12
13,sun3d-home_md-home_md_scan9_2012_sep_30,38,49,3DLoMatch,mspki,float64,0,S3,9.570613384401085e-14,4.9380784930293345e-14,1.6294111019378155e-13,1.399589000593822e-12
13,sun3d-home_md-home_md_scan9_2012_sep_30,38,49,3DLoMatch,mspki,float64,0,S4_pre_context,8.101979397818414e-14,4.810474418377249e-14,1.2497434103359524e-13,9.915064703373582e-13
13,sun3d-home_md-home_md_scan9_2012_sep_30,38,49,3DLoMatch,mspki,float64,0,S4_post_context,8.101979397818414e-14,4.810474418377249e-14,1.2497434103359524e-13,9.915064703373582e-13
13,sun3d-home_md-home_md_scan9_2012_sep_30,38,49,3DLoMatch,mspki,float64,0,D3,6.245274501424502e-14,3.641449347588873e-14,1.0653165807327528e-13,6.858716204335754e-13
13,sun3d-home_md-home_md_scan9_2012_sep_30,38,49,3DLoMatch,mspki,float64,0,D2_pre_context,5.2964727877081786e-14,2.6996648969206568e-14,8.272480488700585e-14,1.4544429613327404e-12
13,sun3d-home_md-home_md_scan9_2012_sep_30,38,49,3DLoMatch,mspki,float64,0,D2_post_context,5.1306991421169e-14,3.100398964386248e-14,8.665368064477201e-14,9.178355697812797e-13
13,sun3d-home_md-home_md_scan9_2012_sep_30,38,49,3DLoMatch,mspki,float64,0,final_RE,2.8502039359858804e-14,1.5131589665178413e-14,7.607220142093582e-14,1.1324988644797633e-12
13,sun3d-home_md-home_md_scan9_2012_sep_30,38,49,3DLoMatch,mspki,float64,0,fine_RI,3.91482028049554e-14,nan,nan,nan
13,sun3d-home_md-home_md_scan9_2012_sep_30,38,49,3DLoMatch,mspki,float64,0,coarse_RI,6.825900542883008e-14,nan,nan,nan
13,sun3d-home_md-home_md_scan9_2012_sep_30,38,49,3DLoMatch,mspki,float64,1,S2,1.0834582779832816e-13,3.4593767613266884e-14,1.551684662617702e-13,3.2866897075597707e-12
13,sun3d-home_md-home_md_scan9_2012_sep_30,38,49,3DLoMatch,mspki,float64,1,S3,1.1707135330814631e-13,4.911019563784648e-14,2.0175078312058577e-13,1.638574256496161e-12
13,sun3d-home_md-home_md_scan9_2012_sep_30,38,49,3DLoMatch,mspki,float64,1,S4_pre_context,1.1075831933592292e-13,5.175568499473054e-14,1.6646568674104942e-13,1.2413509596791811e-12
13,sun3d-home_md-home_md_scan9_2012_sep_30,38,49,3DLoMatch,mspki,float64,1,S4_post_context,1.1075831933592292e-13,5.175568499473054e-14,1.6646568674104942e-13,1.2413509596791811e-12
13,sun3d-home_md-home_md_scan9_2012_sep_30,38,49,3DLoMatch,mspki,float64,1,D3,8.197071900868271e-14,4.025309540546443e-14,1.394596600737561e-13,8.836776180700229e-13
13,sun3d-home_md-home_md_scan9_2012_sep_30,38,49,3DLoMatch,mspki,float64,1,D2_pre_context,6.40975222318028e-14,3.0167741102959534e-14,1.0459664264284764e-13,1.3315036526385331e-12
13,sun3d-home_md-home_md_scan9_2012_sep_30,38,49,3DLoMatch,mspki,float64,1,D2_post_context,6.45342068222184e-14,3.543311766760248e-14,1.1987322573788465e-13,7.437352168226492e-13
13,sun3d-home_md-home_md_scan9_2012_sep_30,38,49,3DLoMatch,mspki,float64,1,final_RE,4.616526979375349e-14,1.617093264167903e-14,1.2073019884886324e-13,2.117539301565361e-12
13,sun3d-home_md-home_md_scan9_2012_sep_30,38,49,3DLoMatch,mspki,float64,1,fine_RI,4.72991696603851e-14,nan,nan,nan
13,sun3d-home_md-home_md_scan9_2012_sep_30,38,49,3DLoMatch,mspki,float64,1,coarse_RI,9.546070853999842e-14,nan,nan,nan
13,sun3d-home_md-home_md_scan9_2012_sep_30,38,49,3DLoMatch,mspki,float64,2,S2,9.585397353284548e-14,3.3637779571050936e-14,1.4215035999807623e-13,2.803102841519028e-12
13,sun3d-home_md-home_md_scan9_2012_sep_30,38,49,3DLoMatch,mspki,float64,2,S3,9.84306969131874e-14,4.810935946814495e-14,1.7482410040541645e-13,1.4127326860149437e-12
13,sun3d-home_md-home_md_scan9_2012_sep_30,38,49,3DLoMatch,mspki,float64,2,S4_pre_context,9.338013536355759e-14,4.5956212459683494e-14,1.416824099812639e-13,1.064910663471758e-12
13,sun3d-home_md-home_md_scan9_2012_sep_30,38,49,3DLoMatch,mspki,float64,2,S4_post_context,9.338013536355759e-14,4.5956212459683494e-14,1.416824099812639e-13,1.064910663471758e-12
13,sun3d-home_md-home_md_scan9_2012_sep_30,38,49,3DLoMatch,mspki,float64,2,D3,6.759764445375884e-14,3.554363083776562e-14,1.1907332285792765e-13,6.73756291769588e-13
13,sun3d-home_md-home_md_scan9_2012_sep_30,38,49,3DLoMatch,mspki,float64,2,D2_pre_context,5.58062924849796e-14,2.7124884786850215e-14,8.920399462794661e-14,1.4528740067521874e-12
13,sun3d-home_md-home_md_scan9_2012_sep_30,38,49,3DLoMatch,mspki,float64,2,D2_post_context,5.4704311550028e-14,3.072703107252176e-14,9.717880797915805e-14,9.180302271982113e-13
13,sun3d-home_md-home_md_scan9_2012_sep_30,38,49,3DLoMatch,mspki,float64,2,final_RE,3.661980916279833e-14,1.5171862697274507e-14,9.771187463871994e-14,1.1778628563608366e-12
13,sun3d-home_md-home_md_scan9_2012_sep_30,38,49,3DLoMatch,mspki,float64,2,fine_RI,4.098595557244866e-14,nan,nan,nan
13,sun3d-home_md-home_md_scan9_2012_sep_30,38,49,3DLoMatch,mspki,float64,2,coarse_RI,7.943068168498031e-14,nan,nan,nan
13,sun3d-home_md-home_md_scan9_2012_sep_30,38,49,3DLoMatch,mspki,float64,3,S2,1.0365020489016904e-13,3.334057102749491e-14,1.5074413400828488e-13,3.1896705947161605e-12
13,sun3d-home_md-home_md_scan9_2012_sep_30,38,49,3DLoMatch,mspki,float64,3,S3,1.145004338008514e-13,5.1169343605252876e-14,1.9274510583652053e-13,1.704269149155046e-12
13,sun3d-home_md-home_md_scan9_2012_sep_30,38,49,3DLoMatch,mspki,float64,3,S4_pre_context,1.0603870598064551e-13,5.2953416885810075e-14,1.6019677870000462e-13,1.0623651506836075e-12
13,sun3d-home_md-home_md_scan9_2012_sep_30,38,49,3DLoMatch,mspki,float64,3,S4_post_context,1.0603870598064551e-13,5.2953416885810075e-14,1.6019677870000462e-13,1.0623651506836075e-12
13,sun3d-home_md-home_md_scan9_2012_sep_30,38,49,3DLoMatch,mspki,float64,3,D3,7.975651292373075e-14,4.08269472035837e-14,1.3864188720309016e-13,9.61258843095076e-13
13,sun3d-home_md-home_md_scan9_2012_sep_30,38,49,3DLoMatch,mspki,float64,3,D2_pre_context,5.977508454980536e-14,2.9657713178829654e-14,1.0069789092336332e-13,1.0200327348832392e-12
13,sun3d-home_md-home_md_scan9_2012_sep_30,38,49,3DLoMatch,mspki,float64,3,D2_post_context,6.124107080330961e-14,3.4669626667770236e-14,1.1518908770863426e-13,6.443345955101622e-13
13,sun3d-home_md-home_md_scan9_2012_sep_30,38,49,3DLoMatch,mspki,float64,3,final_RE,4.2498916267064203e-14,1.6131743399593445e-14,1.1067498837569625e-13,1.1743668510754507e-12
13,sun3d-home_md-home_md_scan9_2012_sep_30,38,49,3DLoMatch,mspki,float64,3,fine_RI,4.7425108377018415e-14,nan,nan,nan
13,sun3d-home_md-home_md_scan9_2012_sep_30,38,49,3DLoMatch,mspki,float64,3,coarse_RI,9.074111560149781e-14,nan,nan,nan
14,sun3d-hotel_uc-scan3,4,39,3DLoMatch,mspki,float64,0,S2,5.82261906675143e-14,2.2757606614202725e-14,9.499900370389758e-14,1.8039043274326292e-12
14,sun3d-hotel_uc-scan3,4,39,3DLoMatch,mspki,float64,0,S3,8.652289241962583e-14,3.533608632343332e-14,1.424149197760245e-13,2.168882082283607e-12
14,sun3d-hotel_uc-scan3,4,39,3DLoMatch,mspki,float64,0,S4_pre_context,7.288744755823224e-14,3.914243331760388e-14,1.2429168946792728e-13,4.5454524285561606e-13
14,sun3d-hotel_uc-scan3,4,39,3DLoMatch,mspki,float64,0,S4_post_context,7.288744755823224e-14,3.914243331760388e-14,1.2429168946792728e-13,4.5454524285561606e-13
14,sun3d-hotel_uc-scan3,4,39,3DLoMatch,mspki,float64,0,D3,6.029124687167575e-14,3.03692232960224e-14,1.0925833575921153e-13,8.729059465436791e-13
14,sun3d-hotel_uc-scan3,4,39,3DLoMatch,mspki,float64,0,D2_pre_context,5.283677425271973e-14,2.382841565065246e-14,8.690294536161132e-14,1.216549064175458e-12
14,sun3d-hotel_uc-scan3,4,39,3DLoMatch,mspki,float64,0,D2_post_context,5.597102071593297e-14,2.7940991921746166e-14,1.0031972330191618e-13,8.882365551032773e-13
14,sun3d-hotel_uc-scan3,4,39,3DLoMatch,mspki,float64,0,final_RE,3.9035876906384394e-14,1.5108709504626805e-14,1.0298823951321121e-13,2.187625299963437e-12
14,sun3d-hotel_uc-scan3,4,39,3DLoMatch,mspki,float64,0,fine_RI,4.355774905225974e-14,nan,nan,nan
14,sun3d-hotel_uc-scan3,4,39,3DLoMatch,mspki,float64,0,coarse_RI,7.385666166230256e-14,nan,nan,nan
14,sun3d-hotel_uc-scan3,4,39,3DLoMatch,mspki,float64,1,S2,6.094580322673313e-14,2.265175034497979e-14,9.167743526927618e-14,2.2237313627442237e-12
14,sun3d-hotel_uc-scan3,4,39,3DLoMatch,mspki,float64,1,S3,6.215481754223366e-14,3.186078012822266e-14,1.0852489011681077e-13,8.184643331192468e-13
14,sun3d-hotel_uc-scan3,4,39,3DLoMatch,mspki,float64,1,S4_pre_context,8.44522650305327e-14,3.5527103579190347e-14,1.085623322233811e-13,1.2494452793036147e-12
14,sun3d-hotel_uc-scan3,4,39,3DLoMatch,mspki,float64,1,S4_post_context,8.44522650305327e-14,3.5527103579190347e-14,1.085623322233811e-13,1.2494452793036147e-12
14,sun3d-hotel_uc-scan3,4,39,3DLoMatch,mspki,float64,1,D3,6.048957125916055e-14,2.891808549437967e-14,9.38144960838356e-14,7.717717931522473e-13
14,sun3d-hotel_uc-scan3,4,39,3DLoMatch,mspki,float64,1,D2_pre_context,5.01634581234564e-14,2.2984217660944934e-14,7.589845004531312e-14,1.1308556786930668e-12
14,sun3d-hotel_uc-scan3,4,39,3DLoMatch,mspki,float64,1,D2_post_context,5.843265290224856e-14,2.755973058513658e-14,1.0904720854922656e-13,7.940156606903747e-13
14,sun3d-hotel_uc-scan3,4,39,3DLoMatch,mspki,float64,1,final_RE,4.2037426739769125e-14,1.5569137408015452e-14,9.847124596839183e-14,1.1279826292083721e-12
14,sun3d-hotel_uc-scan3,4,39,3DLoMatch,mspki,float64,1,fine_RI,4.637344491281563e-14,nan,nan,nan
14,sun3d-hotel_uc-scan3,4,39,3DLoMatch,mspki,float64,1,coarse_RI,7.605897537697249e-14,nan,nan,nan
14,sun3d-hotel_uc-scan3,4,39,3DLoMatch,mspki,float64,2,S2,5.768426462774351e-14,2.2288319156880663e-14,9.515694007402729e-14,1.1289365337569529e-12
14,sun3d-hotel_uc-scan3,4,39,3DLoMatch,mspki,float64,2,S3,6.983121180903972e-14,3.432565338669526e-14,1.246354292744125e-13,1.0893006502245072e-12
14,sun3d-hotel_uc-scan3,4,39,3DLoMatch,mspki,float64,2,S4_pre_context,6.110441729382613e-14,3.6286528584891726e-14,1.0205366564586907e-13,3.173280446520013e-13
14,sun3d-hotel_uc-scan3,4,39,3DLoMatch,mspki,float64,2,S4_post_context,6.110441729382613e-14,3.6286528584891726e-14,1.0205366564586907e-13,3.173280446520013e-13
14,sun3d-hotel_uc-scan3,4,39,3DLoMatch,mspki,float64,2,D3,4.974987557193373e-14,2.99251945828607e-14,9.411112252682483e-14,4.1911458261290833e-13
14,sun3d-hotel_uc-scan3,4,39,3DLoMatch,mspki,float64,2,D2_pre_context,4.450930668541509e-14,2.2988223953736583e-14,7.581093342964776e-14,9.320578072689483e-13
14,sun3d-hotel_uc-scan3,4,39,3DLoMatch,mspki,float64,2,D2_post_context,4.929096290653071e-14,2.690105364052189e-14,9.457777688544619e-14,6.252777406712748e-13
14,sun3d-hotel_uc-scan3,4,39,3DLoMatch,mspki,float64,2,final_RE,3.5492362205771887e-14,1.4761177842255316e-14,9.611408392680544e-14,2.2550796707229543e-12
14,sun3d-hotel_uc-scan3,4,39,3DLoMatch,mspki,float64,2,fine_RI,3.834855044962215e-14,nan,nan,nan
14,sun3d-hotel_uc-scan3,4,39,3DLoMatch,mspki,float64,2,coarse_RI,5.827505032460102e-14,nan,nan,nan
14,sun3d-hotel_uc-scan3,4,39,3DLoMatch,mspki,float64,3,S2,6.283800811769038e-14,2.2509712733084834e-14,9.642818748210756e-14,2.513431672353153e-12
14,sun3d-hotel_uc-scan3,4,39,3DLoMatch,mspki,float64,3,S3,6.259038355043439e-14,3.175924783381351e-14,1.1366696226303153e-13,8.218103829870163e-13
14,sun3d-hotel_uc-scan3,4,39,3DLoMatch,mspki,float64,3,S4_pre_context,5.5714283178911964e-14,3.450856519254111e-14,1.0558699154689182e-13,2.5996891183368555e-13
14,sun3d-hotel_uc-scan3,4,39,3DLoMatch,mspki,float64,3,S4_post_context,5.5714283178911964e-14,3.450856519254111e-14,1.0558699154689182e-13,2.5996891183368555e-13
14,sun3d-hotel_uc-scan3,4,39,3DLoMatch,mspki,float64,3,D3,4.4231481949116726e-14,2.6898815411209483e-14,8.442180191728748e-14,3.443612468884341e-13
14,sun3d-hotel_uc-scan3,4,39,3DLoMatch,mspki,float64,3,D2_pre_context,4.079974485673533e-14,2.1033893150857067e-14,6.821526244286102e-14,9.333605838280545e-13
14,sun3d-hotel_uc-scan3,4,39,3DLoMatch,mspki,float64,3,D2_post_context,4.4177777806851046e-14,2.541950751632148e-14,7.779181457862299e-14,7.371419379645327e-13
14,sun3d-hotel_uc-scan3,4,39,3DLoMatch,mspki,float64,3,final_RE,2.68629468615358e-14,1.3646360695759189e-14,7.323176128896063e-14,1.0943723029272127e-12
14,sun3d-hotel_uc-scan3,4,39,3DLoMatch,mspki,float64,3,fine_RI,3.4959128613914625e-14,nan,nan,nan
14,sun3d-hotel_uc-scan3,4,39,3DLoMatch,mspki,float64,3,coarse_RI,5.084141111254349e-14,nan,nan,nan
15,sun3d-hotel_uc-scan3,17,34,3DLoMatch,mspki,float64,0,S2,1.0265544752143887e-13,3.9147916644726266e-14,1.5371070544614616e-13,4.079021340310765e-12
15,sun3d-hotel_uc-scan3,17,34,3DLoMatch,mspki,float64,0,S3,1.0964274408369486e-13,6.359916885551786e-14,2.0536286150985807e-13,1.5460295988916648e-12
15,sun3d-hotel_uc-scan3,17,34,3DLoMatch,mspki,float64,0,S4_pre_context,8.994878279798722e-14,6.231738412832568e-14,1.6348130239528942e-13,3.9940939038794077e-13
15,sun3d-hotel_uc-scan3,17,34,3DLoMatch,mspki,float64,0,S4_post_context,8.994878279798722e-14,6.231738412832568e-14,1.6348130239528942e-13,3.9940939038794077e-13
15,sun3d-hotel_uc-scan3,17,34,3DLoMatch,mspki,float64,0,D3,7.640717008482232e-14,5.026831832954274e-14,1.447751341860345e-13,6.825856861510269e-13
15,sun3d-hotel_uc-scan3,17,34,3DLoMatch,mspki,float64,0,D2_pre_context,6.447848930298656e-14,3.515384997792244e-14,1.0610653129631758e-13,2.0914548078207882e-12
15,sun3d-hotel_uc-scan3,17,34,3DLoMatch,mspki,float64,0,D2_post_context,7.041192895325516e-14,4.1351976349476525e-14,1.238666220964917e-13,1.3200846813199992e-12
15,sun3d-hotel_uc-scan3,17,34,3DLoMatch,mspki,float64,0,final_RE,4.8590926242176204e-14,2.2901437257784057e-14,1.2971489193501628e-13,1.730027092723558e-12
15,sun3d-hotel_uc-scan3,17,34,3DLoMatch,mspki,float64,0,fine_RI,5.873925147481823e-14,nan,nan,nan
15,sun3d-hotel_uc-scan3,17,34,3DLoMatch,mspki,float64,0,coarse_RI,1.6255282530158835e-13,nan,nan,nan
15,sun3d-hotel_uc-scan3,17,34,3DLoMatch,mspki,float64,1,S2,1.186290758633193e-13,3.917293173594238e-14,1.6065798576917192e-13,4.33754841788077e-12
15,sun3d-hotel_uc-scan3,17,34,3DLoMatch,mspki,float64,1,S3,1.389624879793465e-13,6.311618055260429e-14,2.4228971957412504e-13,1.9106368710538434e-12
15,sun3d-hotel_uc-scan3,17,34,3DLoMatch,mspki,float64,1,S4_pre_context,1.2155947361013989e-13,6.614728532265429e-14,2.310126206765468e-13,7.505177915524717e-13
15,sun3d-hotel_uc-scan3,17,34,3DLoMatch,mspki,float64,1,S4_post_context,1.2155947361013989e-13,6.614728532265429e-14,2.310126206765468e-13,7.505177915524717e-13
15,sun3d-hotel_uc-scan3,17,34,3DLoMatch,mspki,float64,1,D3,1.0815430024558787e-13,5.188877563935746e-14,1.9451827284445825e-13,1.3541879203155273e-12
15,sun3d-hotel_uc-scan3,17,34,3DLoMatch,mspki,float64,1,D2_pre_context,8.62195036239119e-14,3.655391915725252e-14,1.3623029120200062e-13,2.1329863944465644e-12
15,sun3d-hotel_uc-scan3,17,34,3DLoMatch,mspki,float64,1,D2_post_context,9.308623772149239e-14,4.3896205477794234e-14,1.5573514816708987e-13,1.5641155633739705e-12
15,sun3d-hotel_uc-scan3,17,34,3DLoMatch,mspki,float64,1,final_RE,7.056542767911713e-14,2.4038733419284565e-14,1.560027529264027e-13,5.607000185983423e-12
15,sun3d-hotel_uc-scan3,17,34,3DLoMatch,mspki,float64,1,fine_RI,7.375483789767242e-14,nan,nan,nan
15,sun3d-hotel_uc-scan3,17,34,3DLoMatch,mspki,float64,1,coarse_RI,1.5408078846103348e-13,nan,nan,nan
15,sun3d-hotel_uc-scan3,17,34,3DLoMatch,mspki,float64,2,S2,9.729389682583619e-14,3.9380115598595534e-14,1.518079993622535e-13,2.027301690454297e-12
15,sun3d-hotel_uc-scan3,17,34,3DLoMatch,mspki,float64,2,S3,1.11632113982909e-13,6.138843294993496e-14,2.1179654272161678e-13,1.093227031527618e-12
15,sun3d-hotel_uc-scan3,17,34,3DLoMatch,mspki,float64,2,S4_pre_context,9.336207427108458e-14,6.172448405318218e-14,1.7939237702628043e-13,4.3223538836297425e-13
15,sun3d-hotel_uc-scan3,17,34,3DLoMatch,mspki,float64,2,S4_post_context,9.336207427108458e-14,6.172448405318218e-14,1.7939237702628043e-13,4.3223538836297425e-13
15,sun3d-hotel_uc-scan3,17,34,3DLoMatch,mspki,float64,2,D3,7.810360185034916e-14,4.835046176964998e-14,1.540387943223632e-13,6.399082344143226e-13
15,sun3d-hotel_uc-scan3,17,34,3DLoMatch,mspki,float64,2,D2_pre_context,6.271451569195439e-14,3.474515378379206e-14,1.1115484033371727e-13,9.67482060927107e-13
15,sun3d-hotel_uc-scan3,17,34,3DLoMatch,mspki,float64,2,D2_post_context,6.77307479229651e-14,4.1588464050324506e-14,1.2957783720458618e-13,9.977622525059284e-13
15,sun3d-hotel_uc-scan3,17,34,3DLoMatch,mspki,float64,2,final_RE,4.8498566457404816e-14,2.2798167577446157e-14,1.2800404309604786e-13,1.6235610988362631e-12
15,sun3d-hotel_uc-scan3,17,34,3DLoMatch,mspki,float64,2,fine_RI,5.372305449834144e-14,nan,nan,nan
15,sun3d-hotel_uc-scan3,17,34,3DLoMatch,mspki,float64,2,coarse_RI,1.4801688822528243e-13,nan,nan,nan
15,sun3d-hotel_uc-scan3,17,34,3DLoMatch,mspki,float64,3,S2,1.164131644518566e-13,3.887717509173627e-14,1.6359553197165586e-13,4.966551665500892e-12
15,sun3d-hotel_uc-scan3,17,34,3DLoMatch,mspki,float64,3,S3,1.322085923499805e-13,6.457317686062164e-14,2.483665963232854e-13,1.246728695241241e-12
15,sun3d-hotel_uc-scan3,17,34,3DLoMatch,mspki,float64,3,S4_pre_context,1.175594261876204e-13,6.552870611300266e-14,2.2085386239218152e-13,6.665734888803047e-13
15,sun3d-hotel_uc-scan3,17,34,3DLoMatch,mspki,float64,3,S4_post_context,1.175594261876204e-13,6.552870611300266e-14,2.2085386239218152e-13,6.665734888803047e-13
15,sun3d-hotel_uc-scan3,17,34,3DLoMatch,mspki,float64,3,D3,1.0170253804656647e-13,5.312628654272575e-14,1.8623325348651568e-13,9.650518794883094e-13
15,sun3d-hotel_uc-scan3,17,34,3DLoMatch,mspki,float64,3,D2_pre_context,8.071002790219435e-14,3.714403318018215e-14,1.334693225040588e-13,1.5612187758947505e-12
15,sun3d-hotel_uc-scan3,17,34,3DLoMatch,mspki,float64,3,D2_post_context,9.151757744221573e-14,4.413678538841751e-14,1.5707980185565115e-13,1.2552688502921395e-12
15,sun3d-hotel_uc-scan3,17,34,3DLoMatch,mspki,float64,3,final_RE,6.339919993433839e-14,2.405426679954774e-14,1.5153161295590623e-13,3.1479065613083842e-12
15,sun3d-hotel_uc-scan3,17,34,3DLoMatch,mspki,float64,3,fine_RI,7.773078822017778e-14,nan,nan,nan
15,sun3d-hotel_uc-scan3,17,34,3DLoMatch,mspki,float64,3,coarse_RI,1.2687884499733134e-13,nan,nan,nan
16,sun3d-hotel_uc-scan3,36,37,3DLoMatch,mspki,float64,0,S2,7.874427198901191e-14,2.85773319975069e-14,1.176468606047144e-13,3.4803080283486014e-12
16,sun3d-hotel_uc-scan3,36,37,3DLoMatch,mspki,float64,0,S3,7.82503880543888e-14,4.455045239219023e-14,1.3830650053146126e-13,1.217327011069038e-12
16,sun3d-hotel_uc-scan3,36,37,3DLoMatch,mspki,float64,0,S4_pre_context,6.26105052668539e-14,4.293138573701799e-14,1.2487328539424578e-13,2.5607858470039863e-13
16,sun3d-hotel_uc-scan3,36,37,3DLoMatch,mspki,float64,0,S4_post_context,6.26105052668539e-14,4.293138573701799e-14,1.2487328539424578e-13,2.5607858470039863e-13
16,sun3d-hotel_uc-scan3,36,37,3DLoMatch,mspki,float64,0,D3,5.4926008588346364e-14,3.5234350804053354e-14,1.013771682507845e-13,4.1687415543594537e-13
16,sun3d-hotel_uc-scan3,36,37,3DLoMatch,mspki,float64,0,D2_pre_context,4.9713022720340954e-14,2.647868113786659e-14,7.698890830161954e-14,2.105082153201379e-12
16,sun3d-hotel_uc-scan3,36,37,3DLoMatch,mspki,float64,0,D2_post_context,5.096330713655789e-14,3.100702894501109e-14,8.800179166446445e-14,1.3271148782880696e-12
16,sun3d-hotel_uc-scan3,36,37,3DLoMatch,mspki,float64,0,final_RE,3.5243099201256694e-14,1.7216851431803925e-14,8.579707235595437e-14,1.8659976725455227e-12
16,sun3d-hotel_uc-scan3,36,37,3DLoMatch,mspki,float64,0,fine_RI,3.869449017707139e-14,nan,nan,nan
16,sun3d-hotel_uc-scan3,36,37,3DLoMatch,mspki,float64,0,coarse_RI,5.778558403594728e-14,nan,nan,nan
16,sun3d-hotel_uc-scan3,36,37,3DLoMatch,mspki,float64,1,S2,8.370128607567691e-14,2.8278672709168908e-14,1.1213157130002706e-13,4.8464418057301975e-12
16,sun3d-hotel_uc-scan3,36,37,3DLoMatch,mspki,float64,1,S3,8.982850200715572e-14,4.4092484572046763e-14,1.3726783962555064e-13,1.8114689547699495e-12
16,sun3d-hotel_uc-scan3,36,37,3DLoMatch,mspki,float64,1,S4_pre_context,7.501614057909293e-14,4.4047391577252207e-14,1.2680223176927455e-13,7.023525392673522e-13
16,sun3d-hotel_uc-scan3,36,37,3DLoMatch,mspki,float64,1,S4_post_context,7.501614057909293e-14,4.4047391577252207e-14,1.2680223176927455e-13,7.023525392673522e-13
16,sun3d-hotel_uc-scan3,36,37,3DLoMatch,mspki,float64,1,D3,6.279168649946468e-14,3.6352909309504235e-14,1.1163335134649874e-13,5.587450411731698e-13
16,sun3d-hotel_uc-scan3,36,37,3DLoMatch,mspki,float64,1,D2_pre_context,5.5554259944822995e-14,2.7108039395196257e-14,8.613963439776453e-14,3.0037036903037217e-12
16,sun3d-hotel_uc-scan3,36,37,3DLoMatch,mspki,float64,1,D2_post_context,5.850661091737084e-14,3.195671592751121e-14,1.0152377906781913e-13,1.9261753778579162e-12
16,sun3d-hotel_uc-scan3,36,37,3DLoMatch,mspki,float64,1,final_RE,3.6239481402924816e-14,1.803094567258352e-14,9.201367318945774e-14,1.2252041734089184e-12
16,sun3d-hotel_uc-scan3,36,37,3DLoMatch,mspki,float64,1,fine_RI,4.530886420392576e-14,nan,nan,nan
16,sun3d-hotel_uc-scan3,36,37,3DLoMatch,mspki,float64,1,coarse_RI,7.058980442869215e-14,nan,nan,nan
16,sun3d-hotel_uc-scan3,36,37,3DLoMatch,mspki,float64,2,S2,7.564351836786396e-14,2.850664543610636e-14,1.133916142151879e-13,3.626676104712167e-12
16,sun3d-hotel_uc-scan3,36,37,3DLoMatch,mspki,float64,2,S3,7.928781064896277e-14,4.277846838529665e-14,1.3643843194304624e-13,1.287409366531663e-12
16,sun3d-hotel_uc-scan3,36,37,3DLoMatch,mspki,float64,2,S4_pre_context,6.269937145476674e-14,4.158743589193231e-14,1.2096292230165916e-13,3.764861982549718e-13
16,sun3d-hotel_uc-scan3,36,37,3DLoMatch,mspki,float64,2,S4_post_context,6.269937145476674e-14,4.158743589193231e-14,1.2096292230165916e-13,3.764861982549718e-13
16,sun3d-hotel_uc-scan3,36,37,3DLoMatch,mspki,float64,2,D3,5.360049891025897e-14,3.4574479932286584e-14,9.645985120440331e-14,4.0424796517685285e-13
16,sun3d-hotel_uc-scan3,36,37,3DLoMatch,mspki,float64,2,D2_pre_context,4.8560548397519215e-14,2.659336917385307e-14,7.476972010219052e-14,2.2450700581707922e-12
16,sun3d-hotel_uc-scan3,36,37,3DLoMatch,mspki,float64,2,D2_post_context,5.017604183719074e-14,3.2248849799522077e-14,8.394644804778144e-14,1.4356395207912074e-12
16,sun3d-hotel_uc-scan3,36,37,3DLoMatch,mspki,float64,2,final_RE,3.316697143624796e-14,1.7968335042715267e-14,8.587486076509058e-14,2.4138914474839956e-12
16,sun3d-hotel_uc-scan3,36,37,3DLoMatch,mspki,float64,2,fine_RI,5.2442370829913363e-14,nan,nan,nan
16,sun3d-hotel_uc-scan3,36,37,3DLoMatch,mspki,float64,2,coarse_RI,5.992372547166061e-14,nan,nan,nan
16,sun3d-hotel_uc-scan3,36,37,3DLoMatch,mspki,float64,3,S2,6.674988877145648e-14,2.8317258498729013e-14,1.0861536285388557e-13,1.944307133595524e-12
16,sun3d-hotel_uc-scan3,36,37,3DLoMatch,mspki,float64,3,S3,8.380950034250226e-14,4.354012779863124e-14,1.3802343924439284e-13,1.7688519381011723e-12
16,sun3d-hotel_uc-scan3,36,37,3DLoMatch,mspki,float64,3,S4_pre_context,8.071930846090623e-14,4.2770020623931686e-14,1.0580202123206173e-13,1.1460170633788787e-12
16,sun3d-hotel_uc-scan3,36,37,3DLoMatch,mspki,float64,3,S4_post_context,8.071930846090623e-14,4.2770020623931686e-14,1.0580202123206173e-13,1.1460170633788787e-12
16,sun3d-hotel_uc-scan3,36,37,3DLoMatch,mspki,float64,3,D3,5.899211216309968e-14,3.4848487685310844e-14,9.913261823060387e-14,7.501534794880425e-13
16,sun3d-hotel_uc-scan3,36,37,3DLoMatch,mspki,float64,3,D2_pre_context,4.7535661054270276e-14,2.590250299760438e-14,7.711758236533232e-14,1.1825922940223361e-12
16,sun3d-hotel_uc-scan3,36,37,3DLoMatch,mspki,float64,3,D2_post_context,5.307968352175034e-14,3.0536253143622504e-14,8.581885622199813e-14,8.559836533397552e-13
16,sun3d-hotel_uc-scan3,36,37,3DLoMatch,mspki,float64,3,final_RE,3.498916669613737e-14,1.6606357823580186e-14,8.368424971703794e-14,1.6748295084132839e-12
16,sun3d-hotel_uc-scan3,36,37,3DLoMatch,mspki,float64,3,fine_RI,4.148736627255208e-14,nan,nan,nan
16,sun3d-hotel_uc-scan3,36,37,3DLoMatch,mspki,float64,3,coarse_RI,7.465582740954131e-14,nan,nan,nan
17,sun3d-hotel_umd-maryland_hotel1,8,26,3DLoMatch,mspki,float64,0,S2,1.4209517354641318e-13,4.309150206019906e-14,1.8096084307006302e-13,8.424114184102219e-12
17,sun3d-hotel_umd-maryland_hotel1,8,26,3DLoMatch,mspki,float64,0,S3,1.8875033187145106e-13,6.823270197685203e-14,2.9404376343937484e-13,5.3487015935769705e-12
17,sun3d-hotel_umd-maryland_hotel1,8,26,3DLoMatch,mspki,float64,0,S4_pre_context,2.021884839144269e-13,7.166226032163146e-14,3.5845445430334645e-13,2.880753627790943e-12
17,sun3d-hotel_umd-maryland_hotel1,8,26,3DLoMatch,mspki,float64,0,S4_post_context,2.021884839144269e-13,7.166226032163146e-14,3.5845445430334645e-13,2.880753627790943e-12
17,sun3d-hotel_umd-maryland_hotel1,8,26,3DLoMatch,mspki,float64,0,D3,1.6974259294715296e-13,5.558093256521869e-14,3.168963831443253e-13,3.0750649342882233e-12
17,sun3d-hotel_umd-maryland_hotel1,8,26,3DLoMatch,mspki,float64,0,D2_pre_context,1.2399609593334067e-13,4.052919071293776e-14,2.1907521137019546e-13,5.008784350792413e-12
17,sun3d-hotel_umd-maryland_hotel1,8,26,3DLoMatch,mspki,float64,0,D2_post_context,1.3702518222413393e-13,4.6331122431741954e-14,2.699273224435954e-13,3.5449982070473338e-12
17,sun3d-hotel_umd-maryland_hotel1,8,26,3DLoMatch,mspki,float64,0,final_RE,1.2320072403802124e-13,2.4142430431158245e-14,2.871068605158776e-13,6.260346113858246e-12
17,sun3d-hotel_umd-maryland_hotel1,8,26,3DLoMatch,mspki,float64,0,fine_RI,1.1527078397803963e-13,nan,nan,nan
17,sun3d-hotel_umd-maryland_hotel1,8,26,3DLoMatch,mspki,float64,0,coarse_RI,1.858302512035558e-13,nan,nan,nan
17,sun3d-hotel_umd-maryland_hotel1,8,26,3DLoMatch,mspki,float64,1,S2,1.465687692595456e-13,4.234522173388198e-14,1.843782523628655e-13,7.917720652582152e-12
17,sun3d-hotel_umd-maryland_hotel1,8,26,3DLoMatch,mspki,float64,1,S3,2.093128181547294e-13,7.030894228831924e-14,3.4373277476639663e-13,6.011335885069417e-12
17,sun3d-hotel_umd-maryland_hotel1,8,26,3DLoMatch,mspki,float64,1,S4_pre_context,2.1162685798356112e-13,7.950741835421534e-14,3.4774020765044137e-13,3.246127623370407e-12
17,sun3d-hotel_umd-maryland_hotel1,8,26,3DLoMatch,mspki,float64,1,S4_post_context,2.1162685798356112e-13,7.950741835421534e-14,3.4774020765044137e-13,3.246127623370407e-12
17,sun3d-hotel_umd-maryland_hotel1,8,26,3DLoMatch,mspki,float64,1,D3,1.7248203823944926e-13,6.178722258142664e-14,3.130300692701359e-13,3.444415529963899e-12
17,sun3d-hotel_umd-maryland_hotel1,8,26,3DLoMatch,mspki,float64,1,D2_pre_context,1.2537235453212744e-13,4.4613619282533175e-14,2.2076994976047017e-13,3.937975563590376e-12
17,sun3d-hotel_umd-maryland_hotel1,8,26,3DLoMatch,mspki,float64,1,D2_post_context,1.4158451631990777e-13,5.228548287427294e-14,2.83543469873633e-13,3.747293100695287e-12
17,sun3d-hotel_umd-maryland_hotel1,8,26,3DLoMatch,mspki,float64,1,final_RE,1.5633174117186978e-13,2.6331561600685138e-14,3.2931386265110924e-13,2.154107698993603e-11
17,sun3d-hotel_umd-maryland_hotel1,8,26,3DLoMatch,mspki,float64,1,fine_RI,1.0719503183417401e-13,nan,nan,nan
17,sun3d-hotel_umd-maryland_hotel1,8,26,3DLoMatch,mspki,float64,1,coarse_RI,1.8893213429444178e-13,nan,nan,nan
17,sun3d-hotel_umd-maryland_hotel1,8,26,3DLoMatch,mspki,float64,2,S2,1.4448173944334675e-13,4.26015274612466e-14,1.8196609821323391e-13,6.899108068919828e-12
17,sun3d-hotel_umd-maryland_hotel1,8,26,3DLoMatch,mspki,float64,2,S3,2.045903746165103e-13,6.832709722012739e-14,3.4490171996078957e-13,5.7493194703302044e-12
17,sun3d-hotel_umd-maryland_hotel1,8,26,3DLoMatch,mspki,float64,2,S4_pre_context,2.2245804623199155e-13,7.40959916523572e-14,4.0095177295342596e-13,3.102240858031093e-12
17,sun3d-hotel_umd-maryland_hotel1,8,26,3DLoMatch,mspki,float64,2,S4_post_context,2.2245804623199155e-13,7.40959916523572e-14,4.0095177295342596e-13,3.102240858031093e-12
17,sun3d-hotel_umd-maryland_hotel1,8,26,3DLoMatch,mspki,float64,2,D3,1.7297766756071015e-13,5.821671110440315e-14,3.512448098998615e-13,3.3239787649874575e-12
17,sun3d-hotel_umd-maryland_hotel1,8,26,3DLoMatch,mspki,float64,2,D2_pre_context,1.2052729661599967e-13,4.3242208481970903e-14,2.2858522522775185e-13,2.3042388255577257e-12
17,sun3d-hotel_umd-maryland_hotel1,8,26,3DLoMatch,mspki,float64,2,D2_post_context,1.3955114780004438e-13,4.9733557968374235e-14,2.9846114758454843e-13,3.1579839867048093e-12
17,sun3d-hotel_umd-maryland_hotel1,8,26,3DLoMatch,mspki,float64,2,final_RE,1.445438091668254e-13,2.526474219582189e-14,3.149401820749818e-13,1.802153812691774e-11
17,sun3d-hotel_umd-maryland_hotel1,8,26,3DLoMatch,mspki,float64,2,fine_RI,1.1744744094609467e-13,nan,nan,nan
17,sun3d-hotel_umd-maryland_hotel1,8,26,3DLoMatch,mspki,float64,2,coarse_RI,2.050127588278337e-13,nan,nan,nan
17,sun3d-hotel_umd-maryland_hotel1,8,26,3DLoMatch,mspki,float64,3,S2,1.529954867550822e-13,4.251960824057298e-14,1.8677227800259633e-13,7.95382850866766e-12
17,sun3d-hotel_umd-maryland_hotel1,8,26,3DLoMatch,mspki,float64,3,S3,2.3551523527697706e-13,6.92803678968287e-14,3.363049955054187e-13,7.666461680956405e-12
17,sun3d-hotel_umd-maryland_hotel1,8,26,3DLoMatch,mspki,float64,3,S4_pre_context,2.424701051382057e-13,7.659878047238401e-14,3.664710441011204e-13,4.129627409695562e-12
17,sun3d-hotel_umd-maryland_hotel1,8,26,3DLoMatch,mspki,float64,3,S4_post_context,2.424701051382057e-13,7.659878047238401e-14,3.664710441011204e-13,4.129627409695562e-12
17,sun3d-hotel_umd-maryland_hotel1,8,26,3DLoMatch,mspki,float64,3,D3,1.9526769485045164e-13,5.98948441815453e-14,3.3141529711603275e-13,4.40597657367122e-12
17,sun3d-hotel_umd-maryland_hotel1,8,26,3DLoMatch,mspki,float64,3,D2_pre_context,1.3844137063438892e-13,4.4254515003134916e-14,2.28656839848692e-13,4.669991903866968e-12
17,sun3d-hotel_umd-maryland_hotel1,8,26,3DLoMatch,mspki,float64,3,D2_post_context,1.5381077476352158e-13,5.100232762583938e-14,2.8749343757539767e-13,3.29448226591432e-12
17,sun3d-hotel_umd-maryland_hotel1,8,26,3DLoMatch,mspki,float64,3,final_RE,1.402478577301406e-13,2.763049249468912e-14,3.336476798521097e-13,9.456569994061403e-12
17,sun3d-hotel_umd-maryland_hotel1,8,26,3DLoMatch,mspki,float64,3,fine_RI,1.2479438597353484e-13,nan,nan,nan
17,sun3d-hotel_umd-maryland_hotel1,8,26,3DLoMatch,mspki,float64,3,coarse_RI,2.1909363262408857e-13,nan,nan,nan
18,sun3d-hotel_umd-maryland_hotel1,37,55,3DLoMatch,mspki,float64,0,S2,1.1172570459389069e-13,3.748124008922482e-14,1.5544467906767277e-13,4.608206729999967e-12
18,sun3d-hotel_umd-maryland_hotel1,37,55,3DLoMatch,mspki,float64,0,S3,1.329491869061743e-13,5.971832345294085e-14,2.193175705407129e-13,1.9833864585568357e-12
18,sun3d-hotel_umd-maryland_hotel1,37,55,3DLoMatch,mspki,float64,0,S4_pre_context,9.58050511524694e-14,6.681347881965156e-14,1.5683855837955012e-13,5.095360201583928e-13
18,sun3d-hotel_umd-maryland_hotel1,37,55,3DLoMatch,mspki,float64,0,S4_post_context,9.58050511524694e-14,6.681347881965156e-14,1.5683855837955012e-13,5.095360201583928e-13
18,sun3d-hotel_umd-maryland_hotel1,37,55,3DLoMatch,mspki,float64,0,D3,8.53539186284698e-14,5.02786301641922e-14,1.4143184498132942e-13,9.70474956157002e-13
18,sun3d-hotel_umd-maryland_hotel1,37,55,3DLoMatch,mspki,float64,0,D2_pre_context,6.744573810146026e-14,3.524448580487228e-14,1.1065670949069613e-13,1.6788006793656511e-12
18,sun3d-hotel_umd-maryland_hotel1,37,55,3DLoMatch,mspki,float64,0,D2_post_context,6.77067350620064e-14,4.120483894037382e-14,1.2228849701111614e-13,1.058987826103111e-12
18,sun3d-hotel_umd-maryland_hotel1,37,55,3DLoMatch,mspki,float64,0,final_RE,4.876803667857806e-14,2.186604920542106e-14,1.2697079699751729e-13,8.354440446140343e-13
18,sun3d-hotel_umd-maryland_hotel1,37,55,3DLoMatch,mspki,float64,0,fine_RI,5.2290595931816244e-14,nan,nan,nan
18,sun3d-hotel_umd-maryland_hotel1,37,55,3DLoMatch,mspki,float64,0,coarse_RI,8.711032416961966e-14,nan,nan,nan
18,sun3d-hotel_umd-maryland_hotel1,37,55,3DLoMatch,mspki,float64,1,S2,9.35309387708828e-14,3.758392796275931e-14,1.5257760501448153e-13,2.287083615235968e-12
18,sun3d-hotel_umd-maryland_hotel1,37,55,3DLoMatch,mspki,float64,1,S3,1.1306133943270055e-13,5.90113583358796e-14,1.9616302301188422e-13,1.6504732010177896e-12
18,sun3d-hotel_umd-maryland_hotel1,37,55,3DLoMatch,mspki,float64,1,S4_pre_context,9.324594725783925e-14,6.105126319788808e-14,1.5918302416448638e-13,5.713894974211145e-13
18,sun3d-hotel_umd-maryland_hotel1,37,55,3DLoMatch,mspki,float64,1,S4_post_context,9.324594725783925e-14,6.105126319788808e-14,1.5918302416448638e-13,5.713894974211145e-13
18,sun3d-hotel_umd-maryland_hotel1,37,55,3DLoMatch,mspki,float64,1,D3,7.674216356571418e-14,4.6318130463456243e-14,1.3536126795934798e-13,8.046813272681916e-13
18,sun3d-hotel_umd-maryland_hotel1,37,55,3DLoMatch,mspki,float64,1,D2_pre_context,6.260925531234618e-14,3.2809232467519924e-14,1.109140751896858e-13,1.0590171309462383e-12
18,sun3d-hotel_umd-maryland_hotel1,37,55,3DLoMatch,mspki,float64,1,D2_post_context,6.328542186760087e-14,3.883539908790959e-14,1.1653387915568055e-13,7.626500343773001e-13
18,sun3d-hotel_umd-maryland_hotel1,37,55,3DLoMatch,mspki,float64,1,final_RE,4.299356741746869e-14,2.0822747881383338e-14,1.1699043555530425e-13,7.878913887565743e-13
18,sun3d-hotel_umd-maryland_hotel1,37,55,3DLoMatch,mspki,float64,1,fine_RI,5.878917368369223e-14,nan,nan,nan
18,sun3d-hotel_umd-maryland_hotel1,37,55,3DLoMatch,mspki,float64,1,coarse_RI,9.037580546297274e-14,nan,nan,nan
18,sun3d-hotel_umd-maryland_hotel1,37,55,3DLoMatch,mspki,float64,2,S2,1.1859715033083763e-13,3.779451803482978e-14,1.6963723862843235e-13,3.227084647487111e-12
18,sun3d-hotel_umd-maryland_hotel1,37,55,3DLoMatch,mspki,float64,2,S3,1.213511360027075e-13,5.726154887966497e-14,2.1769771270156773e-13,1.3572686743808896e-12
18,sun3d-hotel_umd-maryland_hotel1,37,55,3DLoMatch,mspki,float64,2,S4_pre_context,9.82493603641689e-14,5.875537349598452e-14,1.693620327000617e-13,5.827194943269648e-13
18,sun3d-hotel_umd-maryland_hotel1,37,55,3DLoMatch,mspki,float64,2,S4_post_context,9.82493603641689e-14,5.875537349598452e-14,1.693620327000617e-13,5.827194943269648e-13
18,sun3d-hotel_umd-maryland_hotel1,37,55,3DLoMatch,mspki,float64,2,D3,8.273397356152577e-14,4.467220985540083e-14,1.5653192242124143e-13,6.702760120310692e-13
18,sun3d-hotel_umd-maryland_hotel1,37,55,3DLoMatch,mspki,float64,2,D2_pre_context,7.020723957592958e-14,3.233033954800725e-14,1.2132653889925506e-13,1.4459815320853843e-12
18,sun3d-hotel_umd-maryland_hotel1,37,55,3DLoMatch,mspki,float64,2,D2_post_context,6.886211750719318e-14,3.753982254826436e-14,1.3435116801620178e-13,1.015196649146711e-12
18,sun3d-hotel_umd-maryland_hotel1,37,55,3DLoMatch,mspki,float64,2,final_RE,4.8867102071115024e-14,2.0824518618297724e-14,1.362679223549111e-13,9.645125674766736e-13
18,sun3d-hotel_umd-maryland_hotel1,37,55,3DLoMatch,mspki,float64,2,fine_RI,9.18111335770282e-14,nan,nan,nan
18,sun3d-hotel_umd-maryland_hotel1,37,55,3DLoMatch,mspki,float64,2,coarse_RI,1.0274177691785489e-13,nan,nan,nan
18,sun3d-hotel_umd-maryland_hotel1,37,55,3DLoMatch,mspki,float64,3,S2,1.1555817088852236e-13,3.687881349551034e-14,1.586664297095358e-13,4.513720019799855e-12
18,sun3d-hotel_umd-maryland_hotel1,37,55,3DLoMatch,mspki,float64,3,S3,1.7553498882988215e-13,5.96095119454798e-14,2.236931181807036e-13,5.216829123747979e-12
18,sun3d-hotel_umd-maryland_hotel1,37,55,3DLoMatch,mspki,float64,3,S4_pre_context,1.1687700014049493e-13,6.158768710839686e-14,1.682997987867428e-13,1.116991365594048e-12
18,sun3d-hotel_umd-maryland_hotel1,37,55,3DLoMatch,mspki,float64,3,S4_post_context,1.1687700014049493e-13,6.158768710839686e-14,1.682997987867428e-13,1.116991365594048e-12
18,sun3d-hotel_umd-maryland_hotel1,37,55,3DLoMatch,mspki,float64,3,D3,1.1264747593574856e-13,4.7719375601653386e-14,1.588619189181296e-13,2.3316717802560576e-12
18,sun3d-hotel_umd-maryland_hotel1,37,55,3DLoMatch,mspki,float64,3,D2_pre_context,8.950311346420323e-14,3.495700384240268e-14,1.2309581926877617e-13,2.2960822381439554e-12
18,sun3d-hotel_umd-maryland_hotel1,37,55,3DLoMatch,mspki,float64,3,D2_post_context,9.299867496749692e-14,4.0787215738832443e-14,1.3497514460386953e-13,1.6565291153413582e-12
18,sun3d-hotel_umd-maryland_hotel1,37,55,3DLoMatch,mspki,float64,3,final_RE,7.232033495578336e-14,2.2363697254472855e-14,1.562027500377088e-13,1.6937302596026566e-12
18,sun3d-hotel_umd-maryland_hotel1,37,55,3DLoMatch,mspki,float64,3,fine_RI,7.226994295310794e-14,nan,nan,nan
18,sun3d-hotel_umd-maryland_hotel1,37,55,3DLoMatch,mspki,float64,3,coarse_RI,1.135284081492524e-13,nan,nan,nan
19,sun3d-mit_76_studyroom-76-1studyroom2,0,8,3DLoMatch,mspki,float64,0,S2,1.0462005143707358e-13,3.6029246847669207e-14,1.4318256728028584e-13,4.5157751772957065e-12
19,sun3d-mit_76_studyroom-76-1studyroom2,0,8,3DLoMatch,mspki,float64,0,S3,1.1332785619512506e-13,5.4407395107172914e-14,1.9264525444096118e-13,1.7277928971784576e-12
19,sun3d-mit_76_studyroom-76-1studyroom2,0,8,3DLoMatch,mspki,float64,0,S4_pre_context,9.204438762234734e-14,5.3371962132228156e-14,1.6337532251268497e-13,5.035812509088804e-13
19,sun3d-mit_76_studyroom-76-1studyroom2,0,8,3DLoMatch,mspki,float64,0,S4_post_context,9.204438762234734e-14,5.3371962132228156e-14,1.6337532251268497e-13,5.035812509088804e-13
19,sun3d-mit_76_studyroom-76-1studyroom2,0,8,3DLoMatch,mspki,float64,0,D3,8.02270688633011e-14,4.268673843759575e-14,1.377697538637684e-13,8.964608474734169e-13
19,sun3d-mit_76_studyroom-76-1studyroom2,0,8,3DLoMatch,mspki,float64,0,D2_pre_context,6.39135723726345e-14,3.2229088916034016e-14,1.0702003106578721e-13,1.6821980124765068e-12
19,sun3d-mit_76_studyroom-76-1studyroom2,0,8,3DLoMatch,mspki,float64,0,D2_post_context,7.23785062653741e-14,3.966704432383925e-14,1.4674784379985502e-13,1.2911291164882795e-12
19,sun3d-mit_76_studyroom-76-1studyroom2,0,8,3DLoMatch,mspki,float64,0,final_RE,6.674103468492453e-14,2.4215879234276373e-14,2.0823016743190123e-13,1.700878595495216e-12
19,sun3d-mit_76_studyroom-76-1studyroom2,0,8,3DLoMatch,mspki,float64,0,fine_RI,5.625639294529311e-14,nan,nan,nan
19,sun3d-mit_76_studyroom-76-1studyroom2,0,8,3DLoMatch,mspki,float64,0,coarse_RI,8.176069982757734e-14,nan,nan,nan
19,sun3d-mit_76_studyroom-76-1studyroom2,0,8,3DLoMatch,mspki,float64,1,S2,8.53837223714785e-14,3.4666497369474123e-14,1.2628891143015582e-13,2.4806471320725076e-12
19,sun3d-mit_76_studyroom-76-1studyroom2,0,8,3DLoMatch,mspki,float64,1,S3,9.545855530336747e-14,5.376006015396482e-14,1.7074654796774008e-13,9.023994734110424e-13
19,sun3d-mit_76_studyroom-76-1studyroom2,0,8,3DLoMatch,mspki,float64,1,S4_pre_context,8.693916037669454e-14,5.2976676660210904e-14,1.4342495597174795e-13,6.833891835643776e-13
19,sun3d-mit_76_studyroom-76-1studyroom2,0,8,3DLoMatch,mspki,float64,1,S4_post_context,8.693916037669454e-14,5.2976676660210904e-14,1.4342495597174795e-13,6.833891835643776e-13
19,sun3d-mit_76_studyroom-76-1studyroom2,0,8,3DLoMatch,mspki,float64,1,D3,6.826068927407906e-14,4.32152257542804e-14,1.231020264395973e-13,5.867911252508659e-13
19,sun3d-mit_76_studyroom-76-1studyroom2,0,8,3DLoMatch,mspki,float64,1,D2_pre_context,5.887217490315748e-14,3.184383470115454e-14,9.82706857583038e-14,1.3954149705808583e-12
19,sun3d-mit_76_studyroom-76-1studyroom2,0,8,3DLoMatch,mspki,float64,1,D2_post_context,6.264199640637929e-14,3.9115768846719e-14,1.2019583835717078e-13,9.091351166220322e-13
19,sun3d-mit_76_studyroom-76-1studyroom2,0,8,3DLoMatch,mspki,float64,1,final_RE,6.114327378368925e-14,2.330164418248683e-14,1.9730912914327218e-13,3.1750143905530937e-12
19,sun3d-mit_76_studyroom-76-1studyroom2,0,8,3DLoMatch,mspki,float64,1,fine_RI,4.626655418242826e-14,nan,nan,nan
19,sun3d-mit_76_studyroom-76-1studyroom2,0,8,3DLoMatch,mspki,float64,1,coarse_RI,7.550396594972498e-14,nan,nan,nan
19,sun3d-mit_76_studyroom-76-1studyroom2,0,8,3DLoMatch,mspki,float64,2,S2,1.1401377877799305e-13,3.4900299182783797e-14,1.3726223481587244e-13,5.6077878539684594e-12
19,sun3d-mit_76_studyroom-76-1studyroom2,0,8,3DLoMatch,mspki,float64,2,S3,1.1385454036832482e-13,5.1367152805440194e-14,2.0054557443177126e-13,2.0976289038493577e-12
19,sun3d-mit_76_studyroom-76-1studyroom2,0,8,3DLoMatch,mspki,float64,2,S4_pre_context,8.087945330075632e-14,4.974506064430866e-14,1.5291837739472795e-13,4.4445046684543573e-13
19,sun3d-mit_76_studyroom-76-1studyroom2,0,8,3DLoMatch,mspki,float64,2,S4_post_context,8.087945330075632e-14,4.974506064430866e-14,1.5291837739472795e-13,4.4445046684543573e-13
19,sun3d-mit_76_studyroom-76-1studyroom2,0,8,3DLoMatch,mspki,float64,2,D3,7.440271450741366e-14,3.99960594239245e-14,1.3447300998394026e-13,1.042657193953891e-12
19,sun3d-mit_76_studyroom-76-1studyroom2,0,8,3DLoMatch,mspki,float64,2,D2_pre_context,7.336801315277796e-14,3.019666841788985e-14,9.691281920883514e-14,3.0827644398800408e-12
19,sun3d-mit_76_studyroom-76-1studyroom2,0,8,3DLoMatch,mspki,float64,2,D2_post_context,7.446002773190302e-14,3.6237671488372264e-14,1.1980535138978486e-13,2.2656204946128716e-12
19,sun3d-mit_76_studyroom-76-1studyroom2,0,8,3DLoMatch,mspki,float64,2,final_RE,5.326134410936997e-14,2.3159523328630198e-14,1.486539496846319e-13,2.5135915193395236e-12
19,sun3d-mit_76_studyroom-76-1studyroom2,0,8,3DLoMatch,mspki,float64,2,fine_RI,6.191960526364146e-14,nan,nan,nan
19,sun3d-mit_76_studyroom-76-1studyroom2,0,8,3DLoMatch,mspki,float64,2,coarse_RI,7.389139051904719e-14,nan,nan,nan
19,sun3d-mit_76_studyroom-76-1studyroom2,0,8,3DLoMatch,mspki,float64,3,S2,8.967738051193201e-14,3.4422469716982617e-14,1.332802653592525e-13,2.7716356019523316e-12
19,sun3d-mit_76_studyroom-76-1studyroom2,0,8,3DLoMatch,mspki,float64,3,S3,1.0653083342288498e-13,5.172736404843948e-14,1.9323146186240403e-13,1.4699318809979672e-12
19,sun3d-mit_76_studyroom-76-1studyroom2,0,8,3DLoMatch,mspki,float64,3,S4_pre_context,9.143103871592895e-14,5.089647097980372e-14,1.5727362979042706e-13,8.175228536217771e-13
19,sun3d-mit_76_studyroom-76-1studyroom2,0,8,3DLoMatch,mspki,float64,3,S4_post_context,9.143103871592895e-14,5.089647097980372e-14,1.5727362979042706e-13,8.175228536217771e-13
19,sun3d-mit_76_studyroom-76-1studyroom2,0,8,3DLoMatch,mspki,float64,3,D3,7.267573990884525e-14,4.039843522234728e-14,1.3085811450967577e-13,6.160365130007789e-13
19,sun3d-mit_76_studyroom-76-1studyroom2,0,8,3DLoMatch,mspki,float64,3,D2_pre_context,5.829430152485989e-14,3.089205821475862e-14,9.966752050718069e-14,1.1777075312655866e-12
19,sun3d-mit_76_studyroom-76-1studyroom2,0,8,3DLoMatch,mspki,float64,3,D2_post_context,6.289393966789079e-14,3.777831520072239e-14,1.29577207164271e-13,8.006239331888525e-13
19,sun3d-mit_76_studyroom-76-1studyroom2,0,8,3DLoMatch,mspki,float64,3,final_RE,5.462127672711473e-14,2.4409800274079266e-14,1.6215604404632206e-13,1.662505624711172e-12
19,sun3d-mit_76_studyroom-76-1studyroom2,0,8,3DLoMatch,mspki,float64,3,fine_RI,5.886905053711035e-14,nan,nan,nan
19,sun3d-mit_76_studyroom-76-1studyroom2,0,8,3DLoMatch,mspki,float64,3,coarse_RI,7.947416541903914e-14,nan,nan,nan
20,sun3d-mit_76_studyroom-76-1studyroom2,12,14,3DLoMatch,mspki,float64,0,S2,1.2059463906566688e-13,3.613847662557661e-14,1.6000301664379753e-13,6.129795963961683e-12
20,sun3d-mit_76_studyroom-76-1studyroom2,12,14,3DLoMatch,mspki,float64,0,S3,1.5474918126050117e-13,6.165369117997735e-14,2.4955987578830764e-13,3.572940826718235e-12
20,sun3d-mit_76_studyroom-76-1studyroom2,12,14,3DLoMatch,mspki,float64,0,S4_pre_context,1.2539813270647284e-13,6.783053036159015e-14,2.5628623451550136e-13,6.0920034020237e-13
20,sun3d-mit_76_studyroom-76-1studyroom2,12,14,3DLoMatch,mspki,float64,0,S4_post_context,1.2539813270647284e-13,6.783053036159015e-14,2.5628623451550136e-13,6.0920034020237e-13
20,sun3d-mit_76_studyroom-76-1studyroom2,12,14,3DLoMatch,mspki,float64,0,D3,1.0616462760404357e-13,5.714078476202778e-14,2.0564709274620626e-13,1.0205274363923155e-12
20,sun3d-mit_76_studyroom-76-1studyroom2,12,14,3DLoMatch,mspki,float64,0,D2_pre_context,8.198980052147386e-14,4.4255381614507926e-14,1.450734376252877e-13,2.1439708361158638e-12
20,sun3d-mit_76_studyroom-76-1studyroom2,12,14,3DLoMatch,mspki,float64,0,D2_post_context,9.24047611642976e-14,5.839756700391255e-14,1.797209433813565e-13,1.637221086017807e-12
20,sun3d-mit_76_studyroom-76-1studyroom2,12,14,3DLoMatch,mspki,float64,0,final_RE,1.1634260974758252e-13,4.7274080454943387e-14,3.202929880662255e-13,1.1899047134910867e-11
20,sun3d-mit_76_studyroom-76-1studyroom2,12,14,3DLoMatch,mspki,float64,0,fine_RI,6.890354314626481e-14,nan,nan,nan
20,sun3d-mit_76_studyroom-76-1studyroom2,12,14,3DLoMatch,mspki,float64,0,coarse_RI,1.317569045969984e-13,nan,nan,nan
20,sun3d-mit_76_studyroom-76-1studyroom2,12,14,3DLoMatch,mspki,float64,1,S2,9.680482601266243e-14,3.570859177847491e-14,1.58132465596017e-13,2.122398077534322e-12
20,sun3d-mit_76_studyroom-76-1studyroom2,12,14,3DLoMatch,mspki,float64,1,S3,1.3270991091825457e-13,6.189941950274492e-14,2.348918871645076e-13,1.740392506119812e-12
20,sun3d-mit_76_studyroom-76-1studyroom2,12,14,3DLoMatch,mspki,float64,1,S4_pre_context,1.299319271056893e-13,6.77018017912417e-14,2.2548741850285382e-13,9.712209316645448e-13
20,sun3d-mit_76_studyroom-76-1studyroom2,12,14,3DLoMatch,mspki,float64,1,S4_post_context,1.299319271056893e-13,6.77018017912417e-14,2.2548741850285382e-13,9.712209316645448e-13
20,sun3d-mit_76_studyroom-76-1studyroom2,12,14,3DLoMatch,mspki,float64,1,D3,1.14344828219334e-13,5.969350269730067e-14,2.0534856445532676e-13,1.1358018577067177e-12
20,sun3d-mit_76_studyroom-76-1studyroom2,12,14,3DLoMatch,mspki,float64,1,D2_pre_context,8.27728844237526e-14,4.5628042761869944e-14,1.4863815425662928e-13,1.3226047445506888e-12
20,sun3d-mit_76_studyroom-76-1studyroom2,12,14,3DLoMatch,mspki,float64,1,D2_post_context,9.881897304354115e-14,5.968935107610669e-14,1.871804734290576e-13,1.010314926471744e-12
20,sun3d-mit_76_studyroom-76-1studyroom2,12,14,3DLoMatch,mspki,float64,1,final_RE,1.2441515245665757e-13,4.8655795468537685e-14,3.3007091795915743e-13,4.50286505353348e-12
20,sun3d-mit_76_studyroom-76-1studyroom2,12,14,3DLoMatch,mspki,float64,1,fine_RI,7.408036021929305e-14,nan,nan,nan
20,sun3d-mit_76_studyroom-76-1studyroom2,12,14,3DLoMatch,mspki,float64,1,coarse_RI,1.4432300381475014e-13,nan,nan,nan
20,sun3d-mit_76_studyroom-76-1studyroom2,12,14,3DLoMatch,mspki,float64,2,S2,1.5008627292359003e-13,3.733594587006322e-14,1.6822654846658363e-13,6.991624395724246e-12
20,sun3d-mit_76_studyroom-76-1studyroom2,12,14,3DLoMatch,mspki,float64,2,S3,2.3120896895590617e-13,6.93848200988457e-14,3.2470317150402043e-13,3.937392398496646e-12
20,sun3d-mit_76_studyroom-76-1studyroom2,12,14,3DLoMatch,mspki,float64,2,S4_pre_context,2.2328426027556996e-13,7.795458182433313e-14,3.656206219599428e-13,1.992094623696474e-12
20,sun3d-mit_76_studyroom-76-1studyroom2,12,14,3DLoMatch,mspki,float64,2,S4_post_context,2.2328426027556996e-13,7.795458182433313e-14,3.656206219599428e-13,1.992094623696474e-12
20,sun3d-mit_76_studyroom-76-1studyroom2,12,14,3DLoMatch,mspki,float64,2,D3,1.5547499323665249e-13,6.807442959212894e-14,2.828410489737396e-13,1.5771879431721528e-12
20,sun3d-mit_76_studyroom-76-1studyroom2,12,14,3DLoMatch,mspki,float64,2,D2_pre_context,1.0760151171337376e-13,5.056514019741451e-14,1.8746565648864464e-13,2.413640732236153e-12
20,sun3d-mit_76_studyroom-76-1studyroom2,12,14,3DLoMatch,mspki,float64,2,D2_post_context,1.2120371156979118e-13,6.79370093623815e-14,2.3558499305639734e-13,1.8708005831979245e-12
20,sun3d-mit_76_studyroom-76-1studyroom2,12,14,3DLoMatch,mspki,float64,2,final_RE,1.3964883819550092e-13,5.486587780496446e-14,3.9554552676638453e-13,8.576073456616573e-12
20,sun3d-mit_76_studyroom-76-1studyroom2,12,14,3DLoMatch,mspki,float64,2,fine_RI,9.043418814983874e-14,nan,nan,nan
20,sun3d-mit_76_studyroom-76-1studyroom2,12,14,3DLoMatch,mspki,float64,2,coarse_RI,2.180340711381079e-13,nan,nan,nan
20,sun3d-mit_76_studyroom-76-1studyroom2,12,14,3DLoMatch,mspki,float64,3,S2,1.253679544523215e-13,3.603915628697611e-14,1.6067390573153554e-13,4.753049512867295e-12
20,sun3d-mit_76_studyroom-76-1studyroom2,12,14,3DLoMatch,mspki,float64,3,S3,1.4707436091082763e-13,6.345590846532103e-14,2.5710597475366997e-13,2.306006768088242e-12
20,sun3d-mit_76_studyroom-76-1studyroom2,12,14,3DLoMatch,mspki,float64,3,S4_pre_context,1.273124274814074e-13,6.797883073795879e-14,2.286150674250895e-13,9.173749686149143e-13
20,sun3d-mit_76_studyroom-76-1studyroom2,12,14,3DLoMatch,mspki,float64,3,S4_post_context,1.273124274814074e-13,6.797883073795879e-14,2.286150674250895e-13,9.173749686149143e-13
20,sun3d-mit_76_studyroom-76-1studyroom2,12,14,3DLoMatch,mspki,float64,3,D3,1.1285313113340885e-13,5.88826962206375e-14,2.1214321699230298e-13,8.19018603532802e-13
20,sun3d-mit_76_studyroom-76-1studyroom2,12,14,3DLoMatch,mspki,float64,3,D2_pre_context,9.00837803649535e-14,4.5185254605393124e-14,1.6452479960043573e-13,1.6507707159464947e-12
20,sun3d-mit_76_studyroom-76-1studyroom2,12,14,3DLoMatch,mspki,float64,3,D2_post_context,1.1036325412819761e-13,5.888240653719799e-14,2.312013507932293e-13,1.1405567575002085e-12
20,sun3d-mit_76_studyroom-76-1studyroom2,12,14,3DLoMatch,mspki,float64,3,final_RE,1.2666804005380953e-13,4.832101110204928e-14,3.3856442373208636e-13,1.7775374725437004e-11
20,sun3d-mit_76_studyroom-76-1studyroom2,12,14,3DLoMatch,mspki,float64,3,fine_RI,7.902691064603299e-14,nan,nan,nan
20,sun3d-mit_76_studyroom-76-1studyroom2,12,14,3DLoMatch,mspki,float64,3,coarse_RI,1.696823064121288e-13,nan,nan,nan
21,sun3d-mit_76_studyroom-76-1studyroom2,24,65,3DLoMatch,mspki,float64,0,S2,4.964426864304815e-13,3.583691900774546e-14,1.8306971648283606e-13,4.7147976675768854e-11
21,sun3d-mit_76_studyroom-76-1studyroom2,24,65,3DLoMatch,mspki,float64,0,S3,3.7718948165955885e-13,6.634180928240932e-14,5.095127693872297e-13,6.048000889441112e-12
21,sun3d-mit_76_studyroom-76-1studyroom2,24,65,3DLoMatch,mspki,float64,0,S4_pre_context,2.763037577402674e-13,7.877546058590787e-14,5.567126225179023e-13,2.0222180291930536e-12
21,sun3d-mit_76_studyroom-76-1studyroom2,24,65,3DLoMatch,mspki,float64,0,S4_post_context,2.763037577402674e-13,7.877546058590787e-14,5.567126225179023e-13,2.0222180291930536e-12
21,sun3d-mit_76_studyroom-76-1studyroom2,24,65,3DLoMatch,mspki,float64,0,D3,2.6138148141251e-13,6.400224755048767e-14,4.636454389522056e-13,2.7489120629721043e-12
21,sun3d-mit_76_studyroom-76-1studyroom2,24,65,3DLoMatch,mspki,float64,0,D2_pre_context,2.61465318002392e-13,4.68894445898055e-14,3.1930909552697865e-13,1.7437322711122903e-11
21,sun3d-mit_76_studyroom-76-1studyroom2,24,65,3DLoMatch,mspki,float64,0,D2_post_context,2.590182378895788e-13,5.5103178960238175e-14,4.493850391132341e-13,1.1420935950982944e-11
21,sun3d-mit_76_studyroom-76-1studyroom2,24,65,3DLoMatch,mspki,float64,0,final_RE,2.521400938182115e-13,3.426065240287086e-14,5.944871704702822e-13,7.792916054056899e-12
21,sun3d-mit_76_studyroom-76-1studyroom2,24,65,3DLoMatch,mspki,float64,0,fine_RI,1.884438615158316e-13,nan,nan,nan
21,sun3d-mit_76_studyroom-76-1studyroom2,24,65,3DLoMatch,mspki,float64,0,coarse_RI,7.306243789912621e-13,nan,nan,nan
21,sun3d-mit_76_studyroom-76-1studyroom2,24,65,3DLoMatch,mspki,float64,1,S2,3.1716795290760254e-13,3.648649036067887e-14,1.7291909995332212e-13,2.3497256733227844e-11
21,sun3d-mit_76_studyroom-76-1studyroom2,24,65,3DLoMatch,mspki,float64,1,S3,2.6400101853388066e-13,6.126299965246714e-14,3.759904270423879e-13,6.360084474638436e-12
21,sun3d-mit_76_studyroom-76-1studyroom2,24,65,3DLoMatch,mspki,float64,1,S4_pre_context,1.9020317615298332e-13,6.87909967037634e-14,4.200458823308008e-13,1.0323477553877576e-12
21,sun3d-mit_76_studyroom-76-1studyroom2,24,65,3DLoMatch,mspki,float64,1,S4_post_context,1.9020317615298332e-13,6.87909967037634e-14,4.200458823308008e-13,1.0323477553877576e-12
21,sun3d-mit_76_studyroom-76-1studyroom2,24,65,3DLoMatch,mspki,float64,1,D3,1.7610513429889967e-13,5.690931933031503e-14,3.425351760451772e-13,2.2226521036789205e-12
21,sun3d-mit_76_studyroom-76-1studyroom2,24,65,3DLoMatch,mspki,float64,1,D2_pre_context,1.725293448937203e-13,4.2792543231923866e-14,2.358274465694298e-13,8.735477009741779e-12
21,sun3d-mit_76_studyroom-76-1studyroom2,24,65,3DLoMatch,mspki,float64,1,D2_post_context,1.701609822821889e-13,4.968436887758758e-14,3.053216850272545e-13,5.7263344252730145e-12
21,sun3d-mit_76_studyroom-76-1studyroom2,24,65,3DLoMatch,mspki,float64,1,final_RE,1.758155891278399e-13,3.134219425641617e-14,4.2297235440271e-13,8.823731321566436e-12
21,sun3d-mit_76_studyroom-76-1studyroom2,24,65,3DLoMatch,mspki,float64,1,fine_RI,1.2973887565214782e-13,nan,nan,nan
21,sun3d-mit_76_studyroom-76-1studyroom2,24,65,3DLoMatch,mspki,float64,1,coarse_RI,3.8171869507932576e-13,nan,nan,nan
21,sun3d-mit_76_studyroom-76-1studyroom2,24,65,3DLoMatch,mspki,float64,2,S2,1.7296756023844262e-13,3.631971743819656e-14,1.6157930151988718e-13,9.614537251814855e-12
21,sun3d-mit_76_studyroom-76-1studyroom2,24,65,3DLoMatch,mspki,float64,2,S3,2.1353606256539345e-13,6.390455090042779e-14,2.995461917717204e-13,6.316270638430369e-12
21,sun3d-mit_76_studyroom-76-1studyroom2,24,65,3DLoMatch,mspki,float64,2,S4_pre_context,1.4634874689731528e-13,6.857816619933145e-14,2.990957913713571e-13,9.368745386261555e-13
21,sun3d-mit_76_studyroom-76-1studyroom2,24,65,3DLoMatch,mspki,float64,2,S4_post_context,1.4634874689731528e-13,6.857816619933145e-14,2.990957913713571e-13,9.368745386261555e-13
21,sun3d-mit_76_studyroom-76-1studyroom2,24,65,3DLoMatch,mspki,float64,2,D3,1.3355298002762027e-13,5.5882501195143193e-14,2.5294918692043516e-13,2.2034458697164084e-12
21,sun3d-mit_76_studyroom-76-1studyroom2,24,65,3DLoMatch,mspki,float64,2,D2_pre_context,1.1202267476073507e-13,3.990557600954488e-14,1.7661950029145873e-13,4.520873146016637e-12
21,sun3d-mit_76_studyroom-76-1studyroom2,24,65,3DLoMatch,mspki,float64,2,D2_post_context,1.1577039725556144e-13,4.731071857258153e-14,2.2098642536852447e-13,3.029685817171033e-12
21,sun3d-mit_76_studyroom-76-1studyroom2,24,65,3DLoMatch,mspki,float64,2,final_RE,1.4671807593348373e-13,2.9451597473167145e-14,3.1297485230172214e-13,9.104251377986396e-12
21,sun3d-mit_76_studyroom-76-1studyroom2,24,65,3DLoMatch,mspki,float64,2,fine_RI,8.290681568877265e-14,nan,nan,nan
21,sun3d-mit_76_studyroom-76-1studyroom2,24,65,3DLoMatch,mspki,float64,2,coarse_RI,1.6360186158618902e-13,nan,nan,nan
21,sun3d-mit_76_studyroom-76-1studyroom2,24,65,3DLoMatch,mspki,float64,3,S2,2.276684209106979e-13,3.618326181209522e-14,1.740097399333027e-13,1.8113538639341453e-11
21,sun3d-mit_76_studyroom-76-1studyroom2,24,65,3DLoMatch,mspki,float64,3,S3,3.319658105098449e-13,6.244979628605925e-14,3.8247215950534453e-13,1.1973995384007899e-11
21,sun3d-mit_76_studyroom-76-1studyroom2,24,65,3DLoMatch,mspki,float64,3,S4_pre_context,2.0790250532050626e-13,6.81699328344837e-14,4.2173056663414655e-13,1.4253276104186362e-12
21,sun3d-mit_76_studyroom-76-1studyroom2,24,65,3DLoMatch,mspki,float64,3,S4_post_context,2.0790250532050626e-13,6.81699328344837e-14,4.2173056663414655e-13,1.4253276104186362e-12
21,sun3d-mit_76_studyroom-76-1studyroom2,24,65,3DLoMatch,mspki,float64,3,D3,1.999996481577224e-13,5.542479125550274e-14,3.2997836234702625e-13,4.184375262938013e-12
21,sun3d-mit_76_studyroom-76-1studyroom2,24,65,3DLoMatch,mspki,float64,3,D2_pre_context,1.6268958829504245e-13,3.9930824319613076e-14,2.2122699038857103e-13,8.532117332370343e-12
21,sun3d-mit_76_studyroom-76-1studyroom2,24,65,3DLoMatch,mspki,float64,3,D2_post_context,1.6991826267307063e-13,4.694696602877754e-14,2.941521205366778e-13,5.705668921952815e-12
21,sun3d-mit_76_studyroom-76-1studyroom2,24,65,3DLoMatch,mspki,float64,3,final_RE,2.289611509041715e-13,2.8819733900280365e-14,4.339012715530904e-13,1.4782070373042477e-11
21,sun3d-mit_76_studyroom-76-1studyroom2,24,65,3DLoMatch,mspki,float64,3,fine_RI,1.1946806274464554e-13,nan,nan,nan
21,sun3d-mit_76_studyroom-76-1studyroom2,24,65,3DLoMatch,mspki,float64,3,coarse_RI,2.031421500924618e-13,nan,nan,nan
22,sun3d-mit_76_studyroom-76-1studyroom2,58,62,3DLoMatch,mspki,float64,0,S2,1.0854416636022782e-13,4.036349991562037e-14,1.6569656470386497e-13,2.8158692532492706e-12
22,sun3d-mit_76_studyroom-76-1studyroom2,58,62,3DLoMatch,mspki,float64,0,S3,1.1830736475566508e-13,6.247114798235377e-14,2.1688665827028051e-13,1.7580913144743095e-12
22,sun3d-mit_76_studyroom-76-1studyroom2,58,62,3DLoMatch,mspki,float64,0,S4_pre_context,9.750011592200836e-14,6.309275432062187e-14,1.7760242601399343e-13,7.049094548705118e-13
22,sun3d-mit_76_studyroom-76-1studyroom2,58,62,3DLoMatch,mspki,float64,0,S4_post_context,9.750011592200836e-14,6.309275432062187e-14,1.7760242601399343e-13,7.049094548705118e-13
22,sun3d-mit_76_studyroom-76-1studyroom2,58,62,3DLoMatch,mspki,float64,0,D3,8.46357049615564e-14,4.722748815112836e-14,1.509697381124944e-13,1.175553744400477e-12
22,sun3d-mit_76_studyroom-76-1studyroom2,58,62,3DLoMatch,mspki,float64,0,D2_pre_context,6.471243837462362e-14,3.351274935183244e-14,1.0708186861152904e-13,1.1912973406510618e-12
22,sun3d-mit_76_studyroom-76-1studyroom2,58,62,3DLoMatch,mspki,float64,0,D2_post_context,6.704146408692903e-14,3.761149845529894e-14,1.2386109015688851e-13,8.064530448468371e-13
22,sun3d-mit_76_studyroom-76-1studyroom2,58,62,3DLoMatch,mspki,float64,0,final_RE,4.863769239812292e-14,2.0690059755792806e-14,1.4437107241304583e-13,1.7968914810717663e-12
22,sun3d-mit_76_studyroom-76-1studyroom2,58,62,3DLoMatch,mspki,float64,0,fine_RI,5.1023733330384593e-14,nan,nan,nan
22,sun3d-mit_76_studyroom-76-1studyroom2,58,62,3DLoMatch,mspki,float64,0,coarse_RI,9.540195486728729e-14,nan,nan,nan
22,sun3d-mit_76_studyroom-76-1studyroom2,58,62,3DLoMatch,mspki,float64,1,S2,1.3505704916853315e-13,4.1894552337381104e-14,1.9204951721704396e-13,6.269915312318415e-12
22,sun3d-mit_76_studyroom-76-1studyroom2,58,62,3DLoMatch,mspki,float64,1,S3,1.5807534056494424e-13,6.831419007713296e-14,2.7727105430066356e-13,3.076452732534095e-12
22,sun3d-mit_76_studyroom-76-1studyroom2,58,62,3DLoMatch,mspki,float64,1,S4_pre_context,1.4059901898382217e-13,6.584561630735822e-14,2.603234629884143e-13,1.240073843496877e-12
22,sun3d-mit_76_studyroom-76-1studyroom2,58,62,3DLoMatch,mspki,float64,1,S4_post_context,1.4059901898382217e-13,6.584561630735822e-14,2.603234629884143e-13,1.240073843496877e-12
22,sun3d-mit_76_studyroom-76-1studyroom2,58,62,3DLoMatch,mspki,float64,1,D3,1.3554141245261544e-13,5.162775199677283e-14,2.1668345818457516e-13,3.2253546246388763e-12
22,sun3d-mit_76_studyroom-76-1studyroom2,58,62,3DLoMatch,mspki,float64,1,D2_pre_context,8.840129315116235e-14,3.633550792743741e-14,1.4672468451359805e-13,2.2211277387818615e-12
22,sun3d-mit_76_studyroom-76-1studyroom2,58,62,3DLoMatch,mspki,float64,1,D2_post_context,9.172539474885203e-14,4.046032162258664e-14,1.7867423752508687e-13,1.4209017019886318e-12
22,sun3d-mit_76_studyroom-76-1studyroom2,58,62,3DLoMatch,mspki,float64,1,final_RE,8.055090215999524e-14,2.2519483608304907e-14,2.0959995808746852e-13,4.384293663885335e-12
22,sun3d-mit_76_studyroom-76-1studyroom2,58,62,3DLoMatch,mspki,float64,1,fine_RI,6.940272211932927e-14,nan,nan,nan
22,sun3d-mit_76_studyroom-76-1studyroom2,58,62,3DLoMatch,mspki,float64,1,coarse_RI,1.2716943472397844e-13,nan,nan,nan
22,sun3d-mit_76_studyroom-76-1studyroom2,58,62,3DLoMatch,mspki,float64,2,S2,1.6563055087895113e-13,4.022775682584465e-14,1.769557438062596e-13,1.1870947467123047e-11
22,sun3d-mit_76_studyroom-76-1studyroom2,58,62,3DLoMatch,mspki,float64,2,S3,1.7498382826917017e-13,6.358429212397266e-14,2.714971733241669e-13,2.4541689562786147e-12
22,sun3d-mit_76_studyroom-76-1studyroom2,58,62,3DLoMatch,mspki,float64,2,S4_pre_context,1.4880435047927672e-13,6.047617500279475e-14,2.7485375815216875e-13,1.0825331870123022e-12
22,sun3d-mit_76_studyroom-76-1studyroom2,58,62,3DLoMatch,mspki,float64,2,S4_post_context,1.4880435047927672e-13,6.047617500279475e-14,2.7485375815216875e-13,1.0825331870123022e-12
22,sun3d-mit_76_studyroom-76-1studyroom2,58,62,3DLoMatch,mspki,float64,2,D3,1.2822156230323555e-13,4.721471907181974e-14,2.3151738065988237e-13,1.4840136300818323e-12
22,sun3d-mit_76_studyroom-76-1studyroom2,58,62,3DLoMatch,mspki,float64,2,D2_pre_context,9.740695608282352e-14,3.331584609756291e-14,1.5082812942107313e-13,2.874940279128719e-12
22,sun3d-mit_76_studyroom-76-1studyroom2,58,62,3DLoMatch,mspki,float64,2,D2_post_context,1.0012032616769857e-13,3.700783276590541e-14,1.9017764706247905e-13,1.979880986104166e-12
22,sun3d-mit_76_studyroom-76-1studyroom2,58,62,3DLoMatch,mspki,float64,2,final_RE,7.64084500297e-14,2.0573884702847323e-14,1.8568484474370303e-13,4.289064643843714e-12
22,sun3d-mit_76_studyroom-76-1studyroom2,58,62,3DLoMatch,mspki,float64,2,fine_RI,8.113940822044914e-14,nan,nan,nan
22,sun3d-mit_76_studyroom-76-1studyroom2,58,62,3DLoMatch,mspki,float64,2,coarse_RI,1.3917399898048532e-13,nan,nan,nan
22,sun3d-mit_76_studyroom-76-1studyroom2,58,62,3DLoMatch,mspki,float64,3,S2,1.1079589016955651e-13,3.9731377212974796e-14,1.6355244513937706e-13,3.481072346262189e-12
22,sun3d-mit_76_studyroom-76-1studyroom2,58,62,3DLoMatch,mspki,float64,3,S3,1.3598138870901932e-13,6.135288712594822e-14,2.440786622158343e-13,3.4508942375230598e-12
22,sun3d-mit_76_studyroom-76-1studyroom2,58,62,3DLoMatch,mspki,float64,3,S4_pre_context,1.3831696883484127e-13,5.851186100869525e-14,2.0961496971428082e-13,2.661967111145161e-12
22,sun3d-mit_76_studyroom-76-1studyroom2,58,62,3DLoMatch,mspki,float64,3,S4_post_context,1.3831696883484127e-13,5.851186100869525e-14,2.0961496971428082e-13,2.661967111145161e-12
22,sun3d-mit_76_studyroom-76-1studyroom2,58,62,3DLoMatch,mspki,float64,3,D3,1.8527128249637909e-13,4.5734940591489565e-14,1.7664518239182472e-13,7.853348602561035e-12
22,sun3d-mit_76_studyroom-76-1studyroom2,58,62,3DLoMatch,mspki,float64,3,D2_pre_context,1.1127063213547411e-13,3.2614082844628054e-14,1.2204611801106185e-13,5.550874712954476e-12
22,sun3d-mit_76_studyroom-76-1studyroom2,58,62,3DLoMatch,mspki,float64,3,D2_post_context,1.074667436210989e-13,3.679774744322455e-14,1.3918728136076908e-13,3.5321266982909305e-12
22,sun3d-mit_76_studyroom-76-1studyroom2,58,62,3DLoMatch,mspki,float64,3,final_RE,7.152036625853411e-14,2.0783895988931426e-14,1.5645285483209408e-13,3.9441819703231186e-12
22,sun3d-mit_76_studyroom-76-1studyroom2,58,62,3DLoMatch,mspki,float64,3,fine_RI,7.87694214797549e-14,nan,nan,nan
22,sun3d-mit_76_studyroom-76-1studyroom2,58,62,3DLoMatch,mspki,float64,3,coarse_RI,1.1943362187710387e-13,nan,nan,nan
23,sun3d-mit_lab_hj-lab_hj_tea_nov_2_2012_scan1_erika,31,35,3DLoMatch,mspki,float64,0,S2,1.426221670847189e-13,3.3645915919500245e-14,1.584916678888018e-13,5.698148980355977e-12
23,sun3d-mit_lab_hj-lab_hj_tea_nov_2_2012_scan1_erika,31,35,3DLoMatch,mspki,float64,0,S3,2.0522424495239104e-13,5.546387917746018e-14,2.5769160765716044e-13,6.546134095250283e-12
23,sun3d-mit_lab_hj-lab_hj_tea_nov_2_2012_scan1_erika,31,35,3DLoMatch,mspki,float64,0,S4_pre_context,1.3377743329225907e-13,6.26677262581097e-14,2.0784897558914758e-13,1.418835053457849e-12
23,sun3d-mit_lab_hj-lab_hj_tea_nov_2_2012_scan1_erika,31,35,3DLoMatch,mspki,float64,0,S4_post_context,1.3377743329225907e-13,6.26677262581097e-14,2.0784897558914758e-13,1.418835053457849e-12
23,sun3d-mit_lab_hj-lab_hj_tea_nov_2_2012_scan1_erika,31,35,3DLoMatch,mspki,float64,0,D3,1.2610207599600124e-13,5.035806656065631e-14,1.7890278891243007e-13,2.629017228886202e-12
23,sun3d-mit_lab_hj-lab_hj_tea_nov_2_2012_scan1_erika,31,35,3DLoMatch,mspki,float64,0,D2_pre_context,9.65530314303462e-14,3.6402572223784136e-14,1.4261951558360767e-13,2.412945370813125e-12
23,sun3d-mit_lab_hj-lab_hj_tea_nov_2_2012_scan1_erika,31,35,3DLoMatch,mspki,float64,0,D2_post_context,1.018221852331084e-13,4.343774926218652e-14,1.8610552560726118e-13,1.691636847690184e-12
23,sun3d-mit_lab_hj-lab_hj_tea_nov_2_2012_scan1_erika,31,35,3DLoMatch,mspki,float64,0,final_RE,7.50760012989272e-14,2.4903668868550863e-14,1.7040342328552366e-13,4.2363855647628925e-12
23,sun3d-mit_lab_hj-lab_hj_tea_nov_2_2012_scan1_erika,31,35,3DLoMatch,mspki,float64,0,fine_RI,8.038208630227765e-14,nan,nan,nan
23,sun3d-mit_lab_hj-lab_hj_tea_nov_2_2012_scan1_erika,31,35,3DLoMatch,mspki,float64,0,coarse_RI,1.2729820980835848e-13,nan,nan,nan
23,sun3d-mit_lab_hj-lab_hj_tea_nov_2_2012_scan1_erika,31,35,3DLoMatch,mspki,float64,1,S2,1.1554188001980124e-13,3.32217020171379e-14,1.5651924804402264e-13,4.184001036445955e-12
23,sun3d-mit_lab_hj-lab_hj_tea_nov_2_2012_scan1_erika,31,35,3DLoMatch,mspki,float64,1,S3,1.5800199483314265e-13,5.241797186816264e-14,2.1451547327310764e-13,4.769826132655241e-12
23,sun3d-mit_lab_hj-lab_hj_tea_nov_2_2012_scan1_erika,31,35,3DLoMatch,mspki,float64,1,S4_pre_context,1.0641965453946413e-13,5.659884221300292e-14,1.5875730032521605e-13,1.0640817957336406e-12
23,sun3d-mit_lab_hj-lab_hj_tea_nov_2_2012_scan1_erika,31,35,3DLoMatch,mspki,float64,1,S4_post_context,1.0641965453946413e-13,5.659884221300292e-14,1.5875730032521605e-13,1.0640817957336406e-12
23,sun3d-mit_lab_hj-lab_hj_tea_nov_2_2012_scan1_erika,31,35,3DLoMatch,mspki,float64,1,D3,9.710659866672155e-14,4.5704033185118824e-14,1.46313038842485e-13,1.921179665620663e-12
23,sun3d-mit_lab_hj-lab_hj_tea_nov_2_2012_scan1_erika,31,35,3DLoMatch,mspki,float64,1,D2_pre_context,7.813147890626289e-14,3.376864073117395e-14,1.2336929818171394e-13,1.6761001919281276e-12
23,sun3d-mit_lab_hj-lab_hj_tea_nov_2_2012_scan1_erika,31,35,3DLoMatch,mspki,float64,1,D2_post_context,8.154203525786286e-14,4.039956959199101e-14,1.471493826411264e-13,1.1961146668270528e-12
23,sun3d-mit_lab_hj-lab_hj_tea_nov_2_2012_scan1_erika,31,35,3DLoMatch,mspki,float64,1,final_RE,5.869412117117713e-14,2.266413622916618e-14,1.3481290522023155e-13,4.112556241512085e-12
23,sun3d-mit_lab_hj-lab_hj_tea_nov_2_2012_scan1_erika,31,35,3DLoMatch,mspki,float64,1,fine_RI,6.749971829345637e-14,nan,nan,nan
23,sun3d-mit_lab_hj-lab_hj_tea_nov_2_2012_scan1_erika,31,35,3DLoMatch,mspki,float64,1,coarse_RI,1.0351294174478264e-13,nan,nan,nan
23,sun3d-mit_lab_hj-lab_hj_tea_nov_2_2012_scan1_erika,31,35,3DLoMatch,mspki,float64,2,S2,1.4022809079015507e-13,3.311519118592255e-14,1.5924607500281242e-13,7.290264007672254e-12
23,sun3d-mit_lab_hj-lab_hj_tea_nov_2_2012_scan1_erika,31,35,3DLoMatch,mspki,float64,2,S3,2.283107500795067e-13,5.5830489407385935e-14,2.385158782624413e-13,7.812122078564743e-12
23,sun3d-mit_lab_hj-lab_hj_tea_nov_2_2012_scan1_erika,31,35,3DLoMatch,mspki,float64,2,S4_pre_context,1.4611619129851135e-13,6.299042004895503e-14,2.030548433130619e-13,1.6399711155600129e-12
23,sun3d-mit_lab_hj-lab_hj_tea_nov_2_2012_scan1_erika,31,35,3DLoMatch,mspki,float64,2,S4_post_context,1.4611619129851135e-13,6.299042004895503e-14,2.030548433130619e-13,1.6399711155600129e-12
23,sun3d-mit_lab_hj-lab_hj_tea_nov_2_2012_scan1_erika,31,35,3DLoMatch,mspki,float64,2,D3,1.3874045152399494e-13,5.086769684420742e-14,1.861602204351643e-13,3.0802487417749397e-12
23,sun3d-mit_lab_hj-lab_hj_tea_nov_2_2012_scan1_erika,31,35,3DLoMatch,mspki,float64,2,D2_pre_context,1.0283626620361971e-13,3.7256617613006e-14,1.4358657657108047e-13,2.4197939588356206e-12
23,sun3d-mit_lab_hj-lab_hj_tea_nov_2_2012_scan1_erika,31,35,3DLoMatch,mspki,float64,2,D2_post_context,1.1046935060056619e-13,4.490213350000103e-14,1.966237226946587e-13,1.8732183296038973e-12
23,sun3d-mit_lab_hj-lab_hj_tea_nov_2_2012_scan1_erika,31,35,3DLoMatch,mspki,float64,2,final_RE,8.11599365953302e-14,2.3502745924193886e-14,1.8781702505950417e-13,5.591793653100969e-12
23,sun3d-mit_lab_hj-lab_hj_tea_nov_2_2012_scan1_erika,31,35,3DLoMatch,mspki,float64,2,fine_RI,8.710722364677333e-14,nan,nan,nan
23,sun3d-mit_lab_hj-lab_hj_tea_nov_2_2012_scan1_erika,31,35,3DLoMatch,mspki,float64,2,coarse_RI,1.3686170856530467e-13,nan,nan,nan
23,sun3d-mit_lab_hj-lab_hj_tea_nov_2_2012_scan1_erika,31,35,3DLoMatch,mspki,float64,3,S2,1.7070334282871245e-13,3.4702943167653604e-14,1.6157543122080053e-13,1.0228456733808538e-11
23,sun3d-mit_lab_hj-lab_hj_tea_nov_2_2012_scan1_erika,31,35,3DLoMatch,mspki,float64,3,S3,3.007934256267012e-13,5.603317203009228e-14,2.37140166429114e-13,1.077517072446874e-11
23,sun3d-mit_lab_hj-lab_hj_tea_nov_2_2012_scan1_erika,31,35,3DLoMatch,mspki,float64,3,S4_pre_context,1.9182974563661566e-13,6.36104588994514e-14,2.3489256735799684e-13,2.409298608400281e-12
23,sun3d-mit_lab_hj-lab_hj_tea_nov_2_2012_scan1_erika,31,35,3DLoMatch,mspki,float64,3,S4_post_context,1.9182974563661566e-13,6.36104588994514e-14,2.3489256735799684e-13,2.409298608400281e-12
23,sun3d-mit_lab_hj-lab_hj_tea_nov_2_2012_scan1_erika,31,35,3DLoMatch,mspki,float64,3,D3,1.830983750866397e-13,5.076846259262809e-14,2.0139359601839994e-13,4.28528948030031e-12
23,sun3d-mit_lab_hj-lab_hj_tea_nov_2_2012_scan1_erika,31,35,3DLoMatch,mspki,float64,3,D2_pre_context,1.3573270180799958e-13,3.799266245580954e-14,1.5700844097450644e-13,3.447902583457578e-12
23,sun3d-mit_lab_hj-lab_hj_tea_nov_2_2012_scan1_erika,31,35,3DLoMatch,mspki,float64,3,D2_post_context,1.4170483825496004e-13,4.5107528515241307e-14,2.1422278427114063e-13,2.6528048700369036e-12
23,sun3d-mit_lab_hj-lab_hj_tea_nov_2_2012_scan1_erika,31,35,3DLoMatch,mspki,float64,3,final_RE,1.0634574320825145e-13,2.4771796840154796e-14,1.9293486787886484e-13,8.336625044909126e-12
23,sun3d-mit_lab_hj-lab_hj_tea_nov_2_2012_scan1_erika,31,35,3DLoMatch,mspki,float64,3,fine_RI,1.1441670065783946e-13,nan,nan,nan
23,sun3d-mit_lab_hj-lab_hj_tea_nov_2_2012_scan1_erika,31,35,3DLoMatch,mspki,float64,3,coarse_RI,1.792262720431156e-13,nan,nan,nan
