scene,ref_frame,src_frame,overlap,coarse_precision,inlier_ratio,estimation_succeeded,registration_accepted,num_hypotheses,num_encoder_hypotheses,num_decoder_hypotheses,num_successful_hypotheses,num_successful_encoder_hypotheses,num_successful_decoder_hypotheses,oracle_success,encoder_oracle_success,decoder_oracle_success,selected_pose_success,raw_selected_pose_success,shortlist_oracle_success,refined_shortlist_oracle_success,num_shortlisted_hypotheses,num_successful_shortlisted_hypotheses,num_successful_refined_shortlisted_hypotheses,selected_hypothesis_index,selected_hypothesis_source,selected_pre_refine_consensus,selected_pre_refine_inlier_count,best_encoder_consensus,best_decoder_consensus,raw_selected_hypothesis_index,raw_selected_hypothesis_source,raw_selected_pre_refine_consensus,raw_selected_pre_refine_inlier_count,raw_selected_post_refine_weighted_consensus,selected_post_refine_weighted_consensus,best_encoder_post_refine_weighted_consensus,best_decoder_post_refine_weighted_consensus,selection_changed_from_raw_argmax,reranking_applied,selected_hypothesis_source_name,raw_selected_hypothesis_source_name
7-scenes-redkitchen,0,1,0.8852821836960532,0.996093749999996,0.99,1,0,,,,,,,,,,,,,,,,,,,,,,,,,,,,,,,,,none,none
7-scenes-redkitchen,0,2,0.5405490857353639,0.9531249999999962,0.89,1,1,,,,,,,,,,,,,,,,,,,,,,,,,,,,,,,,,none,none
7-scenes-redkitchen,0,3,0.5512989408231016,0.9687499999999961,0.91,1,1,,,,,,,,,,,,,,,,,,,,,,,,,,,,,,,,,none,none
7-scenes-redkitchen,0,4,0.6139010380987511,0.9609374999999961,0.94,1,1,,,,,,,,,,,,,,,,,,,,,,,,,,,,,,,,,none,none
7-scenes-redkitchen,0,5,0.5381777941718923,0.9453124999999962,0.96,1,1,,,,,,,,,,,,,,,,,,,,,,,,,,,,,,,,,none,none
7-scenes-redkitchen,0,6,0.4218264214575539,0.8632812499999966,0.85,1,1,,,,,,,,,,,,,,,,,,,,,,,,,,,,,,,,,none,none
7-scenes-redkitchen,0,10,0.5807556515782263,0.9609374999999961,0.92,1,1,,,,,,,,,,,,,,,,,,,,,,,,,,,,,,,,,none,none
7-scenes-redkitchen,0,11,0.6844601359540496,0.9726562499999961,0.96,1,1,,,,,,,,,,,,,,,,,,,,,,,,,,,,,,,,,none,none
7-scenes-redkitchen,0,12,0.703746640670285,0.9765624999999961,0.96,1,1,,,,,,,,,,,,,,,,,,,,,,,,,,,,,,,,,none,none
7-scenes-redkitchen,0,13,0.5659482531485482,0.9296874999999963,0.91,1,1,,,,,,,,,,,,,,,,,,,,,,,,,,,,,,,,,none,none
7-scenes-redkitchen,0,14,0.552510934288876,0.9218749999999963,0.91,1,1,,,,,,,,,,,,,,,,,,,,,,,,,,,,,,,,,none,none
7-scenes-redkitchen,0,15,0.42651630921641986,0.8632812499999966,0.89,1,1,,,,,,,,,,,,,,,,,,,,,,,,,,,,,,,,,none,none
7-scenes-redkitchen,0,19,0.45249512567845285,0.9335937499999962,0.98,1,1,,,,,,,,,,,,,,,,,,,,,,,,,,,,,,,,,none,none
7-scenes-redkitchen,0,26,0.5807029562101491,0.6874999999999972,0.73,1,1,,,,,,,,,,,,,,,,,,,,,,,,,,,,,,,,,none,none
7-scenes-redkitchen,0,27,0.699741792696422,0.8789062499999964,0.85,1,1,,,,,,,,,,,,,,,,,,,,,,,,,,,,,,,,,none,none
7-scenes-redkitchen,0,28,0.5633134847446909,0.8164062499999968,0.77,1,1,,,,,,,,,,,,,,,,,,,,,,,,,,,,,,,,,none,none
7-scenes-redkitchen,0,29,0.4672498287400538,0.45312499999999817,0.4,1,1,,,,,,,,,,,,,,,,,,,,,,,,,,,,,,,,,none,none
7-scenes-redkitchen,0,31,0.33187542814986565,0.3437499999999986,0.07,1,0,,,,,,,,,,,,,,,,,,,,,,,,,,,,,,,,,none,none
7-scenes-redkitchen,0,32,0.3762976234388997,0.749999999999997,0.85,1,1,,,,,,,,,,,,,,,,,,,,,,,,,,,,,,,,,none,none
7-scenes-redkitchen,0,37,0.38562470358855455,0.761718749999997,0.85,1,1,,,,,,,,,,,,,,,,,,,,,,,,,,,,,,,,,none,none
7-scenes-redkitchen,0,38,0.366654371080782,0.8828124999999964,0.96,1,1,,,,,,,,,,,,,,,,,,,,,,,,,,,,,,,,,none,none
7-scenes-redkitchen,0,39,0.46635400748274225,0.9296874999999963,0.96,1,1,,,,,,,,,,,,,,,,,,,,,,,,,,,,,,,,,none,none
7-scenes-redkitchen,0,41,0.352584707804184,0.8007812499999968,0.9,1,1,,,,,,,,,,,,,,,,,,,,,,,,,,,,,,,,,none,none
7-scenes-redkitchen,1,2,0.6875065506760297,0.9687499999999961,0.98,1,0,,,,,,,,,,,,,,,,,,,,,,,,,,,,,,,,,none,none
7-scenes-redkitchen,1,3,0.6091604653600251,0.9687499999999961,0.93,1,1,,,,,,,,,,,,,,,,,,,,,,,,,,,,,,,,,none,none
7-scenes-redkitchen,1,4,0.5423435698564092,0.9765624999999961,0.96,1,1,,,,,,,,,,,,,,,,,,,,,,,,,,,,,,,,,none,none
7-scenes-redkitchen,1,5,0.4421968347133424,0.9023437499999964,0.9,1,1,,,,,,,,,,,,,,,,,,,,,,,,,,,,,,,,,none,none
7-scenes-redkitchen,1,10,0.46881878209831257,0.9062499999999963,0.91,1,1,,,,,,,,,,,,,,,,,,,,,,,,,,,,,,,,,none,none
7-scenes-redkitchen,1,11,0.6068546273975475,0.9570312499999962,0.94,1,1,,,,,,,,,,,,,,,,,,,,,,,,,,,,,,,,,none,none
7-scenes-redkitchen,1,12,0.6731474688187821,0.9804687499999961,0.92,1,1,,,,,,,,,,,,,,,,,,,,,,,,,,,,,,,,,none,none
7-scenes-redkitchen,1,13,0.5858924641022953,0.9609374999999961,0.9,1,1,,,,,,,,,,,,,,,,,,,,,,,,,,,,,,,,,none,none
7-scenes-redkitchen,1,14,0.5431820563882193,0.9257812499999963,0.94,1,1,,,,,,,,,,,,,,,,,,,,,,,,,,,,,,,,,none,none
7-scenes-redkitchen,1,26,0.4988994864269993,0.6015624999999976,0.8,1,1,,,,,,,,,,,,,,,,,,,,,,,,,,,,,,,,,none,none
7-scenes-redkitchen,1,27,0.7455193375956398,0.7812499999999969,0.85,1,1,,,,,,,,,,,,,,,,,,,,,,,,,,,,,,,,,none,none
7-scenes-redkitchen,1,28,0.681951577402788,0.8281249999999967,0.74,1,1,,,,,,,,,,,,,,,,,,,,,,,,,,,,,,,,,none,none
7-scenes-redkitchen,1,29,0.5663452468294728,0.6757812499999973,0.54,1,1,,,,,,,,,,,,,,,,,,,,,,,,,,,,,,,,,none,none
7-scenes-redkitchen,1,31,0.4020018865946966,0.6015624999999976,0.64,1,1,,,,,,,,,,,,,,,,,,,,,,,,,,,,,,,,,none,none
7-scenes-redkitchen,1,32,0.42065821192747094,0.749999999999997,0.83,1,1,,,,,,,,,,,,,,,,,,,,,,,,,,,,,,,,,none,none
7-scenes-redkitchen,1,40,0.5414002725081228,0.9257812499999963,0.89,1,1,,,,,,,,,,,,,,,,,,,,,,,,,,,,,,,,,none,none
7-scenes-redkitchen,1,41,0.3592390734723824,0.8789062499999964,0.95,1,1,,,,,,,,,,,,,,,,,,,,,,,,,,,,,,,,,none,none
7-scenes-redkitchen,2,3,0.7495895752103428,0.996093749999996,0.99,1,0,,,,,,,,,,,,,,,,,,,,,,,,,,,,,,,,,none,none
7-scenes-redkitchen,2,11,0.46085573568643545,0.9296874999999963,0.98,1,1,,,,,,,,,,,,,,,,,,,,,,,,,,,,,,,,,none,none
7-scenes-redkitchen,2,12,0.6571926944387441,0.992187499999996,0.99,1,1,,,,,,,,,,,,,,,,,,,,,,,,,,,,,,,,,none,none
7-scenes-redkitchen,2,13,0.6383131541145085,0.9609374999999961,0.95,1,1,,,,,,,,,,,,,,,,,,,,,,,,,,,,,,,,,none,none
7-scenes-redkitchen,2,14,0.4990765442232711,0.9335937499999962,0.95,1,1,,,,,,,,,,,,,,,,,,,,,,,,,,,,,,,,,none,none
7-scenes-redkitchen,2,26,0.30556125589985633,0.3085937499999988,0.17,1,0,,,,,,,,,,,,,,,,,,,,,,,,,,,,,,,,,none,none
7-scenes-redkitchen,2,27,0.7895546891032218,0.8789062499999964,0.66,1,0,,,,,,,,,,,,,,,,,,,,,,,,,,,,,,,,,none,none
7-scenes-redkitchen,2,28,0.8008413708187975,0.9765624999999961,0.96,1,1,,,,,,,,,,,,,,,,,,,,,,,,,,,,,,,,,none,none
7-scenes-redkitchen,2,29,0.7848861071208701,0.8789062499999964,0.93,1,1,,,,,,,,,,,,,,,,,,,,,,,,,,,,,,,,,none,none
7-scenes-redkitchen,2,30,0.48440385799302277,0.8085937499999968,0.82,1,1,,,,,,,,,,,,,,,,,,,,,,,,,,,,,,,,,none,none
7-scenes-redkitchen,2,31,0.4731684793761543,0.9218749999999963,0.85,1,1,,,,,,,,,,,,,,,,,,,,,,,,,,,,,,,,,none,none
7-scenes-redkitchen,2,40,0.6976708393186949,0.9062499999999963,0.95,1,1,,,,,,,,,,,,,,,,,,,,,,,,,,,,,,,,,none,none
7-scenes-redkitchen,2,41,0.616611943361379,0.9765624999999961,0.99,1,1,,,,,,,,,,,,,,,,,,,,,,,,,,,,,,,,,none,none
7-scenes-redkitchen,2,42,0.4917402011081469,0.9843749999999961,0.97,1,1,,,,,,,,,,,,,,,,,,,,,,,,,,,,,,,,,none,none
7-scenes-redkitchen,3,4,0.6462665661027907,0.9765624999999961,0.99,1,0,,,,,,,,,,,,,,,,,,,,,,,,,,,,,,,,,none,none
7-scenes-redkitchen,3,5,0.4302338110117444,0.8593749999999966,0.94,1,1,,,,,,,,,,,,,,,,,,,,,,,,,,,,,,,,,none,none
7-scenes-redkitchen,3,10,0.49978450597995905,0.9257812499999963,0.97,1,1,,,,,,,,,,,,,,,,,,,,,,,,,,,,,,,,,none,none
7-scenes-redkitchen,3,11,0.6089861006357074,0.9609374999999961,0.92,1,1,,,,,,,,,,,,,,,,,,,,,,,,,,,,,,,,,none,none
7-scenes-redkitchen,3,12,0.8140825342096757,0.996093749999996,0.98,1,1,,,,,,,,,,,,,,,,,,,,,,,,,,,,,,,,,none,none
7-scenes-redkitchen,3,13,0.7521280034479043,0.996093749999996,0.97,1,1,,,,,,,,,,,,,,,,,,,,,,,,,,,,,,,,,none,none
7-scenes-redkitchen,3,14,0.636515461695938,0.9726562499999961,0.98,1,1,,,,,,,,,,,,,,,,,,,,,,,,,,,,,,,,,none,none
7-scenes-redkitchen,3,26,0.4426785906691089,0.7734374999999969,0.71,1,1,,,,,,,,,,,,,,,,,,,,,,,,,,,,,,,,,none,none
7-scenes-redkitchen,3,27,0.8427432388751213,0.9257812499999963,0.87,1,1,,,,,,,,,,,,,,,,,,,,,,,,,,,,,,,,,none,none
7-scenes-redkitchen,3,28,0.791563409115397,0.9648437499999961,0.93,1,1,,,,,,,,,,,,,,,,,,,,,,,,,,,,,,,,,none,none
7-scenes-redkitchen,3,29,0.695668570197177,0.9257812499999963,0.91,1,1,,,,,,,,,,,,,,,,,,,,,,,,,,,,,,,,,none,none
7-scenes-redkitchen,3,30,0.400226268721043,0.8789062499999964,0.8,1,1,,,,,,,,,,,,,,,,,,,,,,,,,,,,,,,,,none,none
7-scenes-redkitchen,3,40,0.7791725029630427,0.9492187499999962,0.95,1,1,,,,,,,,,,,,,,,,,,,,,,,,,,,,,,,,,none,none
7-scenes-redkitchen,3,41,0.7362353194698847,0.9648437499999961,0.98,1,1,,,,,,,,,,,,,,,,,,,,,,,,,,,,,,,,,none,none
7-scenes-redkitchen,3,42,0.6772438314836763,0.9804687499999961,0.97,1,1,,,,,,,,,,,,,,,,,,,,,,,,,,,,,,,,,none,none
7-scenes-redkitchen,3,43,0.5915849585174011,0.9765624999999961,0.99,1,1,,,,,,,,,,,,,,,,,,,,,,,,,,,,,,,,,none,none
7-scenes-redkitchen,3,44,0.5070035556513307,0.9609374999999961,0.98,1,1,,,,,,,,,,,,,,,,,,,,,,,,,,,,,,,,,none,none
7-scenes-redkitchen,3,45,0.4118090722982437,0.8906249999999964,0.92,1,1,,,,,,,,,,,,,,,,,,,,,,,,,,,,,,,,,none,none
7-scenes-redkitchen,4,5,0.8479955172940757,0.9843749999999961,0.97,1,0,,,,,,,,,,,,,,,,,,,,,,,,,,,,,,,,,none,none
7-scenes-redkitchen,4,6,0.5416942590800264,0.9023437499999964,0.92,1,1,,,,,,,,,,,,,,,,,,,,,,,,,,,,,,,,,none,none
7-scenes-redkitchen,4,7,0.4677296113290204,0.8281249999999967,0.74,1,1,,,,,,,,,,,,,,,,,,,,,,,,,,,,,,,,,none,none
7-scenes-redkitchen,4,9,0.5199938872191942,0.9609374999999961,0.96,1,1,,,,,,,,,,,,,,,,,,,,,,,,,,,,,,,,,none,none
7-scenes-redkitchen,4,10,0.8706637461158372,0.996093749999996,0.98,1,1,,,,,,,,,,,,,,,,,,,,,,,,,,,,,,,,,none,none
7-scenes-redkitchen,4,11,0.8606285976262035,0.988281249999996,0.96,1,1,,,,,,,,,,,,,,,,,,,,,,,,,,,,,,,,,none,none
7-scenes-redkitchen,4,12,0.6675156640008151,0.996093749999996,0.96,1,1,,,,,,,,,,,,,,,,,,,,,,,,,,,,,,,,,none,none
7-scenes-redkitchen,4,13,0.5060363710457949,0.9648437499999961,0.9,1,1,,,,,,,,,,,,,,,,,,,,,,,,,,,,,,,,,none,none
7-scenes-redkitchen,4,14,0.5315572309102949,0.9335937499999962,0.94,1,1,,,,,,,,,,,,,,,,,,,,,,,,,,,,,,,,,none,none
7-scenes-redkitchen,4,15,0.5759258315928888,0.9414062499999962,0.94,1,1,,,,,,,,,,,,,,,,,,,,,,,,,,,,,,,,,none,none
7-scenes-redkitchen,4,18,0.5128623096123478,0.9101562499999963,0.81,1,1,,,,,,,,,,,,,,,,,,,,,,,,,,,,,,,,,none,none
7-scenes-redkitchen,4,19,0.587794814324283,0.9726562499999961,0.99,1,1,,,,,,,,,,,,,,,,,,,,,,,,,,,,,,,,,none,none
7-scenes-redkitchen,4,20,0.3951403392593347,0.8164062499999968,0.71,1,1,,,,,,,,,,,,,,,,,,,,,,,,,,,,,,,,,none,none
7-scenes-redkitchen,4,25,0.5420508379603688,0.8828124999999964,0.79,1,1,,,,,,,,,,,,,,,,,,,,,,,,,,,,,,,,,none,none
7-scenes-redkitchen,4,26,0.7134633997249249,0.9335937499999962,0.89,1,1,,,,,,,,,,,,,,,,,,,,,,,,,,,,,,,,,none,none
7-scenes-redkitchen,4,27,0.6273750700422801,0.7968749999999968,0.82,1,1,,,,,,,,,,,,,,,,,,,,,,,,,,,,,,,,,none,none
7-scenes-redkitchen,4,37,0.5141867454536193,0.9374999999999962,0.77,1,1,,,,,,,,,,,,,,,,,,,,,,,,,,,,,,,,,none,none
7-scenes-redkitchen,4,38,0.40232285670622997,0.8164062499999968,0.76,1,1,,,,,,,,,,,,,,,,,,,,,,,,,,,,,,,,,none,none
7-scenes-redkitchen,4,39,0.5057307320055014,0.8671874999999966,0.88,1,1,,,,,,,,,,,,,,,,,,,,,,,,,,,,,,,,,none,none
7-scenes-redkitchen,4,41,0.3624369619479395,0.8320312499999967,0.89,1,1,,,,,,,,,,,,,,,,,,,,,,,,,,,,,,,,,none,none
7-scenes-redkitchen,5,6,0.7359044225529239,0.9726562499999961,0.99,1,0,,,,,,,,,,,,,,,,,,,,,,,,,,,,,,,,,none,none
7-scenes-redkitchen,5,7,0.6322573883881786,0.9414062499999962,0.9,1,1,,,,,,,,,,,,,,,,,,,,,,,,,,,,,,,,,none,none
7-scenes-redkitchen,5,8,0.4539928736114022,0.7812499999999969,0.8,1,1,,,,,,,,,,,,,,,,,,,,,,,,,,,,,,,,,none,none
7-scenes-redkitchen,5,9,0.6842905051351917,0.9570312499999962,0.96,1,1,,,,,,,,,,,,,,,,,,,,,,,,,,,,,,,,,none,none
7-scenes-redkitchen,5,10,0.8641270173967721,0.992187499999996,0.99,1,1,,,,,,,,,,,,,,,,,,,,,,,,,,,,,,,,,none,none
7-scenes-redkitchen,5,11,0.7375812198700482,0.996093749999996,0.96,1,1,,,,,,,,,,,,,,,,,,,,,,,,,,,,,,,,,none,none
7-scenes-redkitchen,5,12,0.4703416474533641,0.9374999999999962,0.9,1,1,,,,,,,,,,,,,,,,,,,,,,,,,,,,,,,,,none,none
7-scenes-redkitchen,5,15,0.5596835045063928,0.8984374999999964,0.92,1,1,,,,,,,,,,,,,,,,,,,,,,,,,,,,,,,,,none,none
7-scenes-redkitchen,5,16,0.468350450639279,0.8242187499999967,0.65,1,1,,,,,,,,,,,,,,,,,,,,,,,,,,,,,,,,,none,none
7-scenes-redkitchen,5,17,0.48375602599035844,0.7226562499999971,0.52,1,1,,,,,,,,,,,,,,,,,,,,,,,,,,,,,,,,,none,none
7-scenes-redkitchen,5,18,0.6695661286941941,0.9765624999999961,0.97,1,1,,,,,,,,,,,,,,,,,,,,,,,,,,,,,,,,,none,none
7-scenes-redkitchen,5,19,0.7631523789561937,0.988281249999996,0.96,1,1,,,,,,,,,,,,,,,,,,,,,,,,,,,,,,,,,none,none
7-scenes-redkitchen,5,20,0.5183923705722071,0.9101562499999963,0.86,1,1,,,,,,,,,,,,,,,,,,,,,,,,,,,,,,,,,none,none
7-scenes-redkitchen,5,21,0.3163382938587298,0.6484374999999974,0.51,1,1,,,,,,,,,,,,,,,,,,,,,,,,,,,,,,,,,none,none
7-scenes-redkitchen,5,25,0.6512785579543072,0.8867187499999964,0.82,1,1,,,,,,,,,,,,,,,,,,,,,,,,,,,,,,,,,none,none
7-scenes-redkitchen,5,26,0.7338084259065185,0.8515624999999966,0.85,1,1,,,,,,,,,,,,,,,,,,,,,,,,,,,,,,,,,none,none
7-scenes-redkitchen,5,36,0.5122091804653113,0.7890624999999969,0.73,1,1,,,,,,,,,,,,,,,,,,,,,,,,,,,,,,,,,none,none
7-scenes-redkitchen,5,37,0.5555963110459023,0.9414062499999962,0.92,1,1,,,,,,,,,,,,,,,,,,,,,,,,,,,,,,,,,none,none
7-scenes-redkitchen,5,38,0.4200901278557954,0.8671874999999966,0.94,1,1,,,,,,,,,,,,,,,,,,,,,,,,,,,,,,,,,none,none
7-scenes-redkitchen,5,39,0.6095158247746804,0.9374999999999962,0.92,1,1,,,,,,,,,,,,,,,,,,,,,,,,,,,,,,,,,none,none
7-scenes-redkitchen,6,7,0.9507302701686203,0.996093749999996,0.97,1,0,,,,,,,,,,,,,,,,,,,,,,,,,,,,,,,,,none,none
7-scenes-redkitchen,6,8,0.6714724503228233,0.9609374999999961,0.95,1,1,,,,,,,,,,,,,,,,,,,,,,,,,,,,,,,,,none,none
7-scenes-redkitchen,6,9,0.8051777095217201,0.9843749999999961,0.95,1,1,,,,,,,,,,,,,,,,,,,,,,,,,,,,,,,,,none,none
7-scenes-redkitchen,6,10,0.7609853945966276,0.9609374999999961,0.98,1,1,,,,,,,,,,,,,,,,,,,,,,,,,,,,,,,,,none,none
7-scenes-redkitchen,6,11,0.6600639378173384,0.9374999999999962,0.97,1,1,,,,,,,,,,,,,,,,,,,,,,,,,,,,,,,,,none,none
7-scenes-redkitchen,6,12,0.38544474393531,0.738281249999997,0.78,1,1,,,,,,,,,,,,,,,,,,,,,,,,,,,,,,,,,none,none
7-scenes-redkitchen,6,15,0.5617125305585157,0.8867187499999964,0.8,1,1,,,,,,,,,,,,,,,,,,,,,,,,,,,,,,,,,none,none
7-scenes-redkitchen,6,16,0.6731649219582524,0.9570312499999962,0.94,1,1,,,,,,,,,,,,,,,,,,,,,,,,,,,,,,,,,none,none
7-scenes-redkitchen,6,17,0.6537328402181408,0.9062499999999963,0.87,1,1,,,,,,,,,,,,,,,,,,,,,,,,,,,,,,,,,none,none
7-scenes-redkitchen,6,18,0.8026703441358992,0.992187499999996,1.0,1,1,,,,,,,,,,,,,,,,,,,,,,,,,,,,,,,,,none,none
7-scenes-redkitchen,6,19,0.9116153701498151,0.9804687499999961,0.99,1,1,,,,,,,,,,,,,,,,,,,,,,,,,,,,,,,,,none,none
7-scenes-redkitchen,6,20,0.7182348147683821,0.992187499999996,0.97,1,1,,,,,,,,,,,,,,,,,,,,,,,,,,,,,,,,,none,none
7-scenes-redkitchen,6,21,0.5121920641885539,0.8828124999999964,0.95,1,1,,,,,,,,,,,,,,,,,,,,,,,,,,,,,,,,,none,none
7-scenes-redkitchen,6,24,0.4893750391775841,0.7734374999999969,0.66,1,1,,,,,,,,,,,,,,,,,,,,,,,,,,,,,,,,,none,none
7-scenes-redkitchen,6,25,0.8249232119350592,0.9257812499999963,0.91,1,1,,,,,,,,,,,,,,,,,,,,,,,,,,,,,,,,,none,none
7-scenes-redkitchen,6,26,0.7458158340124115,0.9257812499999963,0.98,1,1,,,,,,,,,,,,,,,,,,,,,,,,,,,,,,,,,none,none
7-scenes-redkitchen,6,35,0.54359681564596,0.8789062499999964,0.86,1,1,,,,,,,,,,,,,,,,,,,,,,,,,,,,,,,,,none,none
7-scenes-redkitchen,6,36,0.6448943772331223,0.8945312499999964,0.93,1,1,,,,,,,,,,,,,,,,,,,,,,,,,,,,,,,,,none,none
7-scenes-redkitchen,6,37,0.6415094339622641,0.9609374999999961,0.96,1,1,,,,,,,,,,,,,,,,,,,,,,,,,,,,,,,,,none,none
7-scenes-redkitchen,6,38,0.5058609665893562,0.8828124999999964,0.83,1,1,,,,,,,,,,,,,,,,,,,,,,,,,,,,,,,,,none,none
7-scenes-redkitchen,6,39,0.8102551244280073,0.9570312499999962,0.96,1,1,,,,,,,,,,,,,,,,,,,,,,,,,,,,,,,,,none,none
7-scenes-redkitchen,6,53,0.49783739735472954,0.8320312499999967,0.89,1,1,,,,,,,,,,,,,,,,,,,,,,,,,,,,,,,,,none,none
7-scenes-redkitchen,6,54,0.5407760295869115,0.8437499999999967,0.89,1,1,,,,,,,,,,,,,,,,,,,,,,,,,,,,,,,,,none,none
7-scenes-redkitchen,6,59,0.42988779539898453,0.8242187499999967,0.84,1,1,,,,,,,,,,,,,,,,,,,,,,,,,,,,,,,,,none,none
7-scenes-redkitchen,7,8,0.7604060303922158,0.9804687499999961,1.0,1,0,,,,,,,,,,,,,,,,,,,,,,,,,,,,,,,,,none,none
7-scenes-redkitchen,7,9,0.7986065229142891,0.992187499999996,0.99,1,1,,,,,,,,,,,,,,,,,,,,,,,,,,,,,,,,,none,none
7-scenes-redkitchen,7,10,0.6271247522373716,0.9335937499999962,0.93,1,1,,,,,,,,,,,,,,,,,,,,,,,,,,,,,,,,,none,none
7-scenes-redkitchen,7,11,0.5360682323262659,0.8085937499999968,0.78,1,1,,,,,,,,,,,,,,,,,,,,,,,,,,,,,,,,,none,none
7-scenes-redkitchen,7,15,0.5056159529100847,0.8007812499999968,0.8,1,1,,,,,,,,,,,,,,,,,,,,,,,,,,,,,,,,,none,none
7-scenes-redkitchen,7,16,0.7232266202174304,0.9570312499999962,0.92,1,1,,,,,,,,,,,,,,,,,,,,,,,,,,,,,,,,,none,none
7-scenes-redkitchen,7,17,0.7038861192864436,0.9218749999999963,0.88,1,1,,,,,,,,,,,,,,,,,,,,,,,,,,,,,,,,,none,none
7-scenes-redkitchen,7,18,0.7816685686828038,0.992187499999996,0.98,1,1,,,,,,,,,,,,,,,,,,,,,,,,,,,,,,,,,none,none
7-scenes-redkitchen,7,19,0.847498348249144,0.9609374999999961,0.92,1,1,,,,,,,,,,,,,,,,,,,,,,,,,,,,,,,,,none,none
7-scenes-redkitchen,7,20,0.7380623460868521,0.9609374999999961,0.95,1,1,,,,,,,,,,,,,,,,,,,,,,,,,,,,,,,,,none,none
7-scenes-redkitchen,7,21,0.6108474983482491,0.9414062499999962,0.89,1,1,,,,,,,,,,,,,,,,,,,,,,,,,,,,,,,,,none,none
7-scenes-redkitchen,7,24,0.5635773920355577,0.9296874999999963,0.88,1,1,,,,,,,,,,,,,,,,,,,,,,,,,,,,,,,,,none,none
7-scenes-redkitchen,7,25,0.8041924439906301,0.9726562499999961,0.96,1,1,,,,,,,,,,,,,,,,,,,,,,,,,,,,,,,,,none,none
7-scenes-redkitchen,7,26,0.6266442428974713,0.8828124999999964,0.88,1,1,,,,,,,,,,,,,,,,,,,,,,,,,,,,,,,,,none,none
7-scenes-redkitchen,7,35,0.5944501171241516,0.8906249999999964,0.86,1,1,,,,,,,,,,,,,,,,,,,,,,,,,,,,,,,,,none,none
7-scenes-redkitchen,7,36,0.6276052615772719,0.8632812499999966,0.84,1,1,,,,,,,,,,,,,,,,,,,,,,,,,,,,,,,,,none,none
7-scenes-redkitchen,7,37,0.6060424049492462,0.9179687499999963,0.93,1,1,,,,,,,,,,,,,,,,,,,,,,,,,,,,,,,,,none,none
7-scenes-redkitchen,7,38,0.48627545197909783,0.8242187499999967,0.88,1,1,,,,,,,,,,,,,,,,,,,,,,,,,,,,,,,,,none,none
7-scenes-redkitchen,7,39,0.80809658237732,0.9414062499999962,0.97,1,1,,,,,,,,,,,,,,,,,,,,,,,,,,,,,,,,,none,none
7-scenes-redkitchen,7,53,0.4880773620037239,0.6484374999999974,0.69,1,1,,,,,,,,,,,,,,,,,,,,,,,,,,,,,,,,,none,none
7-scenes-redkitchen,7,54,0.5776923538951289,0.8945312499999964,0.84,1,1,,,,,,,,,,,,,,,,,,,,,,,,,,,,,,,,,none,none
7-scenes-redkitchen,7,58,0.43197789657036456,0.8437499999999967,0.94,1,1,,,,,,,,,,,,,,,,,,,,,,,,,,,,,,,,,none,none
7-scenes-redkitchen,7,59,0.4695777524175626,0.7929687499999968,0.76,1,1,,,,,,,,,,,,,,,,,,,,,,,,,,,,,,,,,none,none
7-scenes-redkitchen,8,9,0.79851845616398,0.992187499999996,0.98,1,0,,,,,,,,,,,,,,,,,,,,,,,,,,,,,,,,,none,none
7-scenes-redkitchen,8,16,0.6594974535965319,0.9023437499999964,0.89,1,1,,,,,,,,,,,,,,,,,,,,,,,,,,,,,,,,,none,none
7-scenes-redkitchen,8,17,0.7869859842585968,0.9687499999999961,0.94,1,1,,,,,,,,,,,,,,,,,,,,,,,,,,,,,,,,,none,none
7-scenes-redkitchen,8,18,0.7965823477419083,0.9609374999999961,0.95,1,1,,,,,,,,,,,,,,,,,,,,,,,,,,,,,,,,,none,none
7-scenes-redkitchen,8,19,0.5842838503304011,0.8984374999999964,0.91,1,1,,,,,,,,,,,,,,,,,,,,,,,,,,,,,,,,,none,none
7-scenes-redkitchen,8,20,0.6205648385874827,0.9335937499999962,0.98,1,1,,,,,,,,,,,,,,,,,,,,,,,,,,,,,,,,,none,none
7-scenes-redkitchen,8,21,0.6100004208931352,0.9648437499999961,0.96,1,1,,,,,,,,,,,,,,,,,,,,,,,,,,,,,,,,,none,none
7-scenes-redkitchen,8,22,0.5548213308640936,0.9648437499999961,0.96,1,1,,,,,,,,,,,,,,,,,,,,,,,,,,,,,,,,,none,none
7-scenes-redkitchen,8,23,0.5352077107622375,0.9765624999999961,0.99,1,1,,,,,,,,,,,,,,,,,,,,,,,,,,,,,,,,,none,none
7-scenes-redkitchen,8,24,0.7984763668504566,0.9687499999999961,0.98,1,1,,,,,,,,,,,,,,,,,,,,,,,,,,,,,,,,,none,none
7-scenes-redkitchen,8,25,0.6187549981059809,0.9531249999999962,1.0,1,1,,,,,,,,,,,,,,,,,,,,,,,,,,,,,,,,,none,none
7-scenes-redkitchen,8,35,0.7748642619638874,0.9648437499999961,0.87,1,1,,,,,,,,,,,,,,,,,,,,,,,,,,,,,,,,,none,none
7-scenes-redkitchen,8,36,0.6774275011574561,0.9257812499999963,0.96,1,1,,,,,,,,,,,,,,,,,,,,,,,,,,,,,,,,,none,none
7-scenes-redkitchen,8,37,0.5190033250557683,0.8046874999999968,0.82,1,1,,,,,,,,,,,,,,,,,,,,,,,,,,,,,,,,,none,none
7-scenes-redkitchen,8,39,0.5498547918683446,0.9257812499999963,0.94,1,1,,,,,,,,,,,,,,,,,,,,,,,,,,,,,,,,,none,none
7-scenes-redkitchen,8,54,0.7588282335115114,0.9570312499999962,0.92,1,1,,,,,,,,,,,,,,,,,,,,,,,,,,,,,,,,,none,none
7-scenes-redkitchen,8,59,0.47863967338692703,0.8554687499999966,0.85,1,1,,,,,,,,,,,,,,,,,,,,,,,,,,,,,,,,,none,none
7-scenes-redkitchen,9,10,0.5559544183328463,0.9765624999999961,0.98,1,0,,,,,,,,,,,,,,,,,,,,,,,,,,,,,,,,,none,none
7-scenes-redkitchen,9,11,0.4342780815628,0.9687499999999961,0.97,1,1,,,,,,,,,,,,,,,,,,,,,,,,,,,,,,,,,none,none
7-scenes-redkitchen,9,16,0.6842676461994407,0.9609374999999961,0.88,1,1,,,,,,,,,,,,,,,,,,,,,,,,,,,,,,,,,none,none
7-scenes-redkitchen,9,17,0.7256334265559127,0.9179687499999963,0.82,1,1,,,,,,,,,,,,,,,,,,,,,,,,,,,,,,,,,none,none
7-scenes-redkitchen,9,18,0.8554493467462537,0.996093749999996,0.97,1,1,,,,,,,,,,,,,,,,,,,,,,,,,,,,,,,,,none,none
7-scenes-redkitchen,9,19,0.7189547940059273,0.988281249999996,0.97,1,1,,,,,,,,,,,,,,,,,,,,,,,,,,,,,,,,,none,none
7-scenes-redkitchen,9,20,0.5787869933631089,0.9335937499999962,0.91,1,1,,,,,,,,,,,,,,,,,,,,,,,,,,,,,,,,,none,none
7-scenes-redkitchen,9,21,0.4537295988646325,0.9023437499999964,0.9,1,1,,,,,,,,,,,,,,,,,,,,,,,,,,,,,,,,,none,none
7-scenes-redkitchen,9,24,0.617606545059899,0.9414062499999962,0.98,1,1,,,,,,,,,,,,,,,,,,,,,,,,,,,,,,,,,none,none
7-scenes-redkitchen,9,25,0.7096047084359477,0.9687499999999961,0.93,1,1,,,,,,,,,,,,,,,,,,,,,,,,,,,,,,,,,none,none
7-scenes-redkitchen,9,26,0.5395082856785073,0.9609374999999961,0.93,1,1,,,,,,,,,,,,,,,,,,,,,,,,,,,,,,,,,none,none
7-scenes-redkitchen,9,35,0.6429018658429686,0.9140624999999963,0.8,1,1,,,,,,,,,,,,,,,,,,,,,,,,,,,,,,,,,none,none
7-scenes-redkitchen,9,36,0.6924072296197353,0.9492187499999962,0.83,1,1,,,,,,,,,,,,,,,,,,,,,,,,,,,,,,,,,none,none
7-scenes-redkitchen,9,37,0.6025378803689945,0.9453124999999962,0.93,1,1,,,,,,,,,,,,,,,,,,,,,,,,,,,,,,,,,none,none
7-scenes-redkitchen,9,38,0.44938848770714196,0.9374999999999962,0.91,1,1,,,,,,,,,,,,,,,,,,,,,,,,,,,,,,,,,none,none
7-scenes-redkitchen,9,39,0.6331761071920524,0.9648437499999961,0.96,1,1,,,,,,,,,,,,,,,,,,,,,,,,,,,,,,,,,none,none
7-scenes-redkitchen,9,54,0.6266644404558167,0.9062499999999963,0.77,1,1,,,,,,,,,,,,,,,,,,,,,,,,,,,,,,,,,none,none
7-scenes-redkitchen,9,59,0.4700922486120967,0.8632812499999966,0.83,1,1,,,,,,,,,,,,,,,,,,,,,,,,,,,,,,,,,none,none
7-scenes-redkitchen,10,11,0.9000702968690856,0.999999999999996,0.99,1,0,,,,,,,,,,,,,,,,,,,,,,,,,,,,,,,,,none,none
7-scenes-redkitchen,10,12,0.5937381711999135,0.9687499999999961,0.96,1,1,,,,,,,,,,,,,,,,,,,,,,,,,,,,,,,,,none,none
7-scenes-redkitchen,10,13,0.4241064186448927,0.8945312499999964,0.89,1,1,,,,,,,,,,,,,,,,,,,,,,,,,,,,,,,,,none,none
7-scenes-redkitchen,10,14,0.45682150002703725,0.8749999999999966,0.9,1,1,,,,,,,,,,,,,,,,,,,,,,,,,,,,,,,,,none,none
7-scenes-redkitchen,10,15,0.583301789866436,0.9414062499999962,0.91,1,1,,,,,,,,,,,,,,,,,,,,,,,,,,,,,,,,,none,none
7-scenes-redkitchen,10,16,0.43200129778835233,0.7851562499999969,0.59,1,1,,,,,,,,,,,,,,,,,,,,,,,,,,,,,,,,,none,none
7-scenes-redkitchen,10,17,0.4330287135672957,0.7109374999999971,0.46,1,1,,,,,,,,,,,,,,,,,,,,,,,,,,,,,,,,,none,none
7-scenes-redkitchen,10,18,0.6106094197804575,0.9335937499999962,0.88,1,1,,,,,,,,,,,,,,,,,,,,,,,,,,,,,,,,,none,none
7-scenes-redkitchen,10,19,0.7085924403828475,0.9843749999999961,0.96,1,1,,,,,,,,,,,,,,,,,,,,,,,,,,,,,,,,,none,none
7-scenes-redkitchen,10,20,0.49835072730222246,0.8203124999999967,0.87,1,1,,,,,,,,,,,,,,,,,,,,,,,,,,,,,,,,,none,none
7-scenes-redkitchen,10,25,0.6583572162439842,0.8984374999999964,0.92,1,1,,,,,,,,,,,,,,,,,,,,,,,,,,,,,,,,,none,none
7-scenes-redkitchen,10,26,0.8052776726328881,0.9374999999999962,0.88,1,1,,,,,,,,,,,,,,,,,,,,,,,,,,,,,,,,,none,none
7-scenes-redkitchen,10,27,0.5760017303844698,0.7929687499999968,0.88,1,1,,,,,,,,,,,,,,,,,,,,,,,,,,,,,,,,,none,none
7-scenes-redkitchen,10,36,0.4798031687665603,0.761718749999997,0.65,1,1,,,,,,,,,,,,,,,,,,,,,,,,,,,,,,,,,none,none
7-scenes-redkitchen,10,37,0.5354458443735467,0.9570312499999962,0.94,1,1,,,,,,,,,,,,,,,,,,,,,,,,,,,,,,,,,none,none
7-scenes-redkitchen,10,38,0.417617476883145,0.8867187499999964,0.94,1,1,,,,,,,,,,,,,,,,,,,,,,,,,,,,,,,,,none,none
7-scenes-redkitchen,10,39,0.583301789866436,0.9492187499999962,0.98,1,1,,,,,,,,,,,,,,,,,,,,,,,,,,,,,,,,,none,none
7-scenes-redkitchen,10,41,0.3233115232790786,0.7812499999999969,0.91,1,1,,,,,,,,,,,,,,,,,,,,,,,,,,,,,,,,,none,none
7-scenes-redkitchen,11,12,0.75,0.992187499999996,0.96,1,0,,,,,,,,,,,,,,,,,,,,,,,,,,,,,,,,,none,none
7-scenes-redkitchen,11,13,0.5737610004631774,0.9531249999999962,0.98,1,1,,,,,,,,,,,,,,,,,,,,,,,,,,,,,,,,,none,none
7-scenes-redkitchen,11,14,0.602593793422881,0.9335937499999962,0.95,1,1,,,,,,,,,,,,,,,,,,,,,,,,,,,,,,,,,none,none
7-scenes-redkitchen,11,15,0.6196734599351552,0.9062499999999963,0.88,1,1,,,,,,,,,,,,,,,,,,,,,,,,,,,,,,,,,none,none
7-scenes-redkitchen,11,18,0.5079898100972673,0.9101562499999963,0.82,1,1,,,,,,,,,,,,,,,,,,,,,,,,,,,,,,,,,none,none
7-scenes-redkitchen,11,19,0.617820750347383,0.9687499999999961,0.98,1,1,,,,,,,,,,,,,,,,,,,,,,,,,,,,,,,,,none,none
7-scenes-redkitchen,11,20,0.4206229735988884,0.8085937499999968,0.71,1,1,,,,,,,,,,,,,,,,,,,,,,,,,,,,,,,,,none,none
7-scenes-redkitchen,11,25,0.5713293191292265,0.8906249999999964,0.84,1,1,,,,,,,,,,,,,,,,,,,,,,,,,,,,,,,,,none,none
7-scenes-redkitchen,11,26,0.8074339972209357,0.9296874999999963,0.91,1,1,,,,,,,,,,,,,,,,,,,,,,,,,,,,,,,,,none,none
7-scenes-redkitchen,11,27,0.7149722093561834,0.8671874999999966,0.85,1,1,,,,,,,,,,,,,,,,,,,,,,,,,,,,,,,,,none,none
7-scenes-redkitchen,11,28,0.4946155627605373,0.738281249999997,0.78,1,1,,,,,,,,,,,,,,,,,,,,,,,,,,,,,,,,,none,none
7-scenes-redkitchen,11,37,0.5493283927744326,0.8984374999999964,0.85,1,1,,,,,,,,,,,,,,,,,,,,,,,,,,,,,,,,,none,none
7-scenes-redkitchen,11,38,0.4333024548402038,0.8867187499999964,0.94,1,1,,,,,,,,,,,,,,,,,,,,,,,,,,,,,,,,,none,none
7-scenes-redkitchen,11,39,0.5616604909680407,0.8984374999999964,0.86,1,1,,,,,,,,,,,,,,,,,,,,,,,,,,,,,,,,,none,none
7-scenes-redkitchen,11,41,0.3733788791106994,0.8593749999999966,0.9,1,1,,,,,,,,,,,,,,,,,,,,,,,,,,,,,,,,,none,none
7-scenes-redkitchen,12,13,0.8767517287803684,0.9726562499999961,0.97,1,0,,,,,,,,,,,,,,,,,,,,,,,,,,,,,,,,,none,none
7-scenes-redkitchen,12,14,0.7804907900373295,0.9687499999999961,0.97,1,1,,,,,,,,,,,,,,,,,,,,,,,,,,,,,,,,,none,none
7-scenes-redkitchen,12,15,0.49984701058686737,0.9023437499999964,0.9,1,1,,,,,,,,,,,,,,,,,,,,,,,,,,,,,,,,,none,none
7-scenes-redkitchen,12,19,0.3898170246618934,0.8476562499999966,0.91,1,1,,,,,,,,,,,,,,,,,,,,,,,,,,,,,,,,,none,none
7-scenes-redkitchen,12,26,0.6223609326234625,0.7773437499999969,0.74,1,1,,,,,,,,,,,,,,,,,,,,,,,,,,,,,,,,,none,none
7-scenes-redkitchen,12,27,0.8978642677926687,0.9179687499999963,0.84,1,1,,,,,,,,,,,,,,,,,,,,,,,,,,,,,,,,,none,none
7-scenes-redkitchen,12,28,0.7747995838687963,0.9335937499999962,0.91,1,1,,,,,,,,,,,,,,,,,,,,,,,,,,,,,,,,,none,none
7-scenes-redkitchen,12,29,0.6280521387919956,0.8554687499999966,0.94,1,1,,,,,,,,,,,,,,,,,,,,,,,,,,,,,,,,,none,none
7-scenes-redkitchen,12,37,0.41405054770209904,0.8867187499999964,0.89,1,1,,,,,,,,,,,,,,,,,,,,,,,,,,,,,,,,,none,none
7-scenes-redkitchen,12,40,0.6486139159170186,0.9414062499999962,0.93,1,1,,,,,,,,,,,,,,,,,,,,,,,,,,,,,,,,,none,none
7-scenes-redkitchen,12,41,0.5565142892111866,0.9414062499999962,0.94,1,1,,,,,,,,,,,,,,,,,,,,,,,,,,,,,,,,,none,none
7-scenes-redkitchen,12,42,0.5233461844440365,0.9531249999999962,0.95,1,1,,,,,,,,,,,,,,,,,,,,,,,,,,,,,,,,,none,none
7-scenes-redkitchen,12,43,0.46368031332231807,0.9179687499999963,0.95,1,1,,,,,,,,,,,,,,,,,,,,,,,,,,,,,,,,,none,none
7-scenes-redkitchen,12,44,0.459396609754605,0.9140624999999963,0.88,1,1,,,,,,,,,,,,,,,,,,,,,,,,,,,,,,,,,none,none
7-scenes-redkitchen,13,14,0.863092177745134,0.9648437499999961,0.98,1,0,,,,,,,,,,,,,,,,,,,,,,,,,,,,,,,,,none,none
7-scenes-redkitchen,13,15,0.49607051046639733,0.6640624999999973,0.54,1,1,,,,,,,,,,,,,,,,,,,,,,,,,,,,,,,,,none,none
7-scenes-redkitchen,13,26,0.5920675725302975,0.46484374999999817,0.42,1,1,,,,,,,,,,,,,,,,,,,,,,,,,,,,,,,,,none,none
7-scenes-redkitchen,13,27,0.9125229526257804,0.8476562499999966,0.87,1,1,,,,,,,,,,,,,,,,,,,,,,,,,,,,,,,,,none,none
7-scenes-redkitchen,13,28,0.8224752111641572,0.9335937499999962,0.92,1,1,,,,,,,,,,,,,,,,,,,,,,,,,,,,,,,,,none,none
7-scenes-redkitchen,13,29,0.7110539845758355,0.8554687499999966,0.91,1,1,,,,,,,,,,,,,,,,,,,,,,,,,,,,,,,,,none,none
7-scenes-redkitchen,13,30,0.3347043701799486,0.3007812499999988,0.33,1,1,,,,,,,,,,,,,,,,,,,,,,,,,,,,,,,,,none,none
7-scenes-redkitchen,13,40,0.7482188762394418,0.9140624999999963,0.91,1,1,,,,,,,,,,,,,,,,,,,,,,,,,,,,,,,,,none,none
7-scenes-redkitchen,13,41,0.6294528094013955,0.9609374999999961,0.99,1,1,,,,,,,,,,,,,,,,,,,,,,,,,,,,,,,,,none,none
7-scenes-redkitchen,13,42,0.5723834006610357,0.9374999999999962,0.96,1,1,,,,,,,,,,,,,,,,,,,,,,,,,,,,,,,,,none,none
7-scenes-redkitchen,13,43,0.49445464561145797,0.8984374999999964,0.95,1,1,,,,,,,,,,,,,,,,,,,,,,,,,,,,,,,,,none,none
7-scenes-redkitchen,13,44,0.49188395152405434,0.8867187499999964,0.99,1,1,,,,,,,,,,,,,,,,,,,,,,,,,,,,,,,,,none,none
7-scenes-redkitchen,13,45,0.4218876239441792,0.7812499999999969,0.92,1,1,,,,,,,,,,,,,,,,,,,,,,,,,,,,,,,,,none,none
7-scenes-redkitchen,14,15,0.6473239898368987,0.8906249999999964,0.83,1,0,,,,,,,,,,,,,,,,,,,,,,,,,,,,,,,,,none,none
7-scenes-redkitchen,14,19,0.40234407015818374,0.6757812499999973,0.71,1,1,,,,,,,,,,,,,,,,,,,,,,,,,,,,,,,,,none,none
7-scenes-redkitchen,14,25,0.42644045570035244,0.48437499999999806,0.32,1,0,,,,,,,,,,,,,,,,,,,,,,,,,,,,,,,,,none,none
7-scenes-redkitchen,14,26,0.7047782968609131,0.5703124999999977,0.66,1,1,,,,,,,,,,,,,,,,,,,,,,,,,,,,,,,,,none,none
7-scenes-redkitchen,14,27,0.912384230800754,0.7968749999999968,0.8,1,1,,,,,,,,,,,,,,,,,,,,,,,,,,,,,,,,,none,none
7-scenes-redkitchen,14,28,0.7661667076469142,0.8710937499999966,0.83,1,1,,,,,,,,,,,,,,,,,,,,,,,,,,,,,,,,,none,none
7-scenes-redkitchen,14,29,0.5898696828128842,0.761718749999997,0.86,1,1,,,,,,,,,,,,,,,,,,,,,,,,,,,,,,,,,none,none
7-scenes-redkitchen,14,37,0.4876649454962708,0.753906249999997,0.72,1,1,,,,,,,,,,,,,,,,,,,,,,,,,,,,,,,,,none,none
7-scenes-redkitchen,14,38,0.46742070322104745,0.7226562499999971,0.76,1,1,,,,,,,,,,,,,,,,,,,,,,,,,,,,,,,,,none,none
7-scenes-redkitchen,14,39,0.4644701253995574,0.8046874999999968,0.79,1,1,,,,,,,,,,,,,,,,,,,,,,,,,,,,,,,,,none,none
7-scenes-redkitchen,14,40,0.6378985329071387,0.8554687499999966,0.83,1,1,,,,,,,,,,,,,,,,,,,,,,,,,,,,,,,,,none,none
7-scenes-redkitchen,14,41,0.5406933857880502,0.8593749999999966,0.87,1,1,,,,,,,,,,,,,,,,,,,,,,,,,,,,,,,,,none,none
7-scenes-redkitchen,14,42,0.48135398737808377,0.8515624999999966,0.92,1,1,,,,,,,,,,,,,,,,,,,,,,,,,,,,,,,,,none,none
7-scenes-redkitchen,14,59,0.34915170887632163,0.5507812499999978,0.31,1,1,,,,,,,,,,,,,,,,,,,,,,,,,,,,,,,,,none,none
7-scenes-redkitchen,15,16,0.6201004139874923,0.8359374999999967,0.79,1,0,,,,,,,,,,,,,,,,,,,,,,,,,,,,,,,,,none,none
7-scenes-redkitchen,15,17,0.5073548841715846,0.6679687499999973,0.6,1,1,,,,,,,,,,,,,,,,,,,,,,,,,,,,,,,,,none,none
7-scenes-redkitchen,15,18,0.6276755042719986,0.8632812499999966,0.89,1,1,,,,,,,,,,,,,,,,,,,,,,,,,,,,,,,,,none,none
7-scenes-redkitchen,15,19,0.7292345635514842,0.9218749999999963,0.96,1,1,,,,,,,,,,,,,,,,,,,,,,,,,,,,,,,,,none,none
7-scenes-redkitchen,15,20,0.4730027305558002,0.7304687499999971,0.67,1,1,,,,,,,,,,,,,,,,,,,,,,,,,,,,,,,,,none,none
7-scenes-redkitchen,15,21,0.22522681229630934,0.03515624999999986,0.02,1,0,,,,,,,,,,,,,,,,,,,,,,,,,,,,,,,,,none,none
7-scenes-redkitchen,15,25,0.795736809653836,0.8710937499999966,0.69,1,1,,,,,,,,,,,,,,,,,,,,,,,,,,,,,,,,,none,none
7-scenes-redkitchen,15,26,0.8681405795824892,0.8124999999999968,0.84,1,1,,,,,,,,,,,,,,,,,,,,,,,,,,,,,,,,,none,none
7-scenes-redkitchen,15,27,0.7021932528847,0.18359374999999928,0.26,1,1,,,,,,,,,,,,,,,,,,,,,,,,,,,,,,,,,none,none
7-scenes-redkitchen,15,36,0.6468774773187703,0.8476562499999966,0.79,1,1,,,,,,,,,,,,,,,,,,,,,,,,,,,,,,,,,none,none
7-scenes-redkitchen,15,37,0.8395137849026689,0.9726562499999961,0.95,1,1,,,,,,,,,,,,,,,,,,,,,,,,,,,,,,,,,none,none
7-scenes-redkitchen,15,38,0.6969963886197481,0.9296874999999963,0.86,1,1,,,,,,,,,,,,,,,,,,,,,,,,,,,,,,,,,none,none
7-scenes-redkitchen,15,39,0.7962653043248481,0.9374999999999962,0.93,1,1,,,,,,,,,,,,,,,,,,,,,,,,,,,,,,,,,none,none
7-scenes-redkitchen,15,59,0.5400334713291641,0.7031249999999972,0.5,1,1,,,,,,,,,,,,,,,,,,,,,,,,,,,,,,,,,none,none
7-scenes-redkitchen,16,17,0.9375188650769695,0.999999999999996,0.98,1,0,,,,,,,,,,,,,,,,,,,,,,,,,,,,,,,,,none,none
7-scenes-redkitchen,16,18,0.9239360096589194,0.9804687499999961,0.97,1,1,,,,,,,,,,,,,,,,,,,,,,,,,,,,,,,,,none,none
7-scenes-redkitchen,16,19,0.7520676124358587,0.8828124999999964,0.76,1,1,,,,,,,,,,,,,,,,,,,,,,,,,,,,,,,,,none,none
7-scenes-redkitchen,16,20,0.6014488379112587,0.9179687499999963,0.91,1,1,,,,,,,,,,,,,,,,,,,,,,,,,,,,,,,,,none,none
7-scenes-redkitchen,16,21,0.5262903712647148,0.8789062499999964,0.91,1,1,,,,,,,,,,,,,,,,,,,,,,,,,,,,,,,,,none,none
7-scenes-redkitchen,16,22,0.3955327497736191,0.753906249999997,0.57,1,1,,,,,,,,,,,,,,,,,,,,,,,,,,,,,,,,,none,none
7-scenes-redkitchen,16,23,0.40863265922124964,0.7968749999999968,0.51,1,1,,,,,,,,,,,,,,,,,,,,,,,,,,,,,,,,,none,none
7-scenes-redkitchen,16,24,0.7241171143978268,0.9179687499999963,0.82,1,1,,,,,,,,,,,,,,,,,,,,,,,,,,,,,,,,,none,none
7-scenes-redkitchen,16,25,0.8181104738907334,0.9765624999999961,0.86,1,1,,,,,,,,,,,,,,,,,,,,,,,,,,,,,,,,,none,none
7-scenes-redkitchen,16,26,0.5809236341684274,0.9140624999999963,0.84,1,1,,,,,,,,,,,,,,,,,,,,,,,,,,,,,,,,,none,none
7-scenes-redkitchen,16,35,0.8058557198913372,0.9765624999999961,0.97,1,1,,,,,,,,,,,,,,,,,,,,,,,,,,,,,,,,,none,none
7-scenes-redkitchen,16,36,0.8968306670691216,0.988281249999996,0.96,1,1,,,,,,,,,,,,,,,,,,,,,,,,,,,,,,,,,none,none
7-scenes-redkitchen,16,37,0.7833987322668277,0.9765624999999961,0.95,1,1,,,,,,,,,,,,,,,,,,,,,,,,,,,,,,,,,none,none
7-scenes-redkitchen,16,38,0.664050709326894,0.9570312499999962,0.95,1,1,,,,,,,,,,,,,,,,,,,,,,,,,,,,,,,,,none,none
7-scenes-redkitchen,16,39,0.8016903108964685,0.9843749999999961,1.0,1,1,,,,,,,,,,,,,,,,,,,,,,,,,,,,,,,,,none,none
7-scenes-redkitchen,16,53,0.5960760639903411,0.9296874999999963,0.87,1,1,,,,,,,,,,,,,,,,,,,,,,,,,,,,,,,,,none,none
7-scenes-redkitchen,16,54,0.8193178388167823,0.9843749999999961,0.99,1,1,,,,,,,,,,,,,,,,,,,,,,,,,,,,,,,,,none,none
7-scenes-redkitchen,16,55,0.6715363718683972,0.9335937499999962,0.94,1,1,,,,,,,,,,,,,,,,,,,,,,,,,,,,,,,,,none,none
7-scenes-redkitchen,16,56,0.4681557500754603,0.7695312499999969,0.73,1,1,,,,,,,,,,,,,,,,,,,,,,,,,,,,,,,,,none,none
7-scenes-redkitchen,16,58,0.5938424388771506,0.9023437499999964,0.89,1,1,,,,,,,,,,,,,,,,,,,,,,,,,,,,,,,,,none,none
7-scenes-redkitchen,16,59,0.6976154542710534,0.9453124999999962,0.88,1,1,,,,,,,,,,,,,,,,,,,,,,,,,,,,,,,,,none,none
7-scenes-redkitchen,17,18,0.8462043029560958,0.9687499999999961,0.95,1,0,,,,,,,,,,,,,,,,,,,,,,,,,,,,,,,,,none,none
7-scenes-redkitchen,17,19,0.5556673080286864,0.8242187499999967,0.71,1,1,,,,,,,,,,,,,,,,,,,,,,,,,,,,,,,,,none,none
7-scenes-redkitchen,17,20,0.5462217946475424,0.9374999999999962,0.95,1,1,,,,,,,,,,,,,,,,,,,,,,,,,,,,,,,,,none,none
7-scenes-redkitchen,17,21,0.5648067168095154,0.9453124999999962,0.87,1,1,,,,,,,,,,,,,,,,,,,,,,,,,,,,,,,,,none,none
7-scenes-redkitchen,17,22,0.5468777330767886,0.9179687499999963,0.73,1,1,,,,,,,,,,,,,,,,,,,,,,,,,,,,,,,,,none,none
7-scenes-redkitchen,17,23,0.5719345810739899,0.9023437499999964,0.69,1,1,,,,,,,,,,,,,,,,,,,,,,,,,,,,,,,,,none,none
7-scenes-redkitchen,17,24,0.769328319048452,0.8867187499999964,0.77,1,1,,,,,,,,,,,,,,,,,,,,,,,,,,,,,,,,,none,none
7-scenes-redkitchen,17,25,0.5834790974287214,0.9335937499999962,0.8,1,1,,,,,,,,,,,,,,,,,,,,,,,,,,,,,,,,,none,none
7-scenes-redkitchen,17,35,0.8226342487318524,0.9804687499999961,0.99,1,1,,,,,,,,,,,,,,,,,,,,,,,,,,,,,,,,,none,none
7-scenes-redkitchen,17,36,0.772126989679902,0.9804687499999961,0.98,1,1,,,,,,,,,,,,,,,,,,,,,,,,,,,,,,,,,none,none
7-scenes-redkitchen,17,37,0.5983470351582998,0.9374999999999962,0.92,1,1,,,,,,,,,,,,,,,,,,,,,,,,,,,,,,,,,none,none
7-scenes-redkitchen,17,38,0.4163897148854294,0.9374999999999962,0.93,1,1,,,,,,,,,,,,,,,,,,,,,,,,,,,,,,,,,none,none
7-scenes-redkitchen,17,39,0.560564981633724,0.9531249999999962,0.99,1,1,,,,,,,,,,,,,,,,,,,,,,,,,,,,,,,,,none,none
7-scenes-redkitchen,17,53,0.45941927584397413,0.9179687499999963,0.83,1,1,,,,,,,,,,,,,,,,,,,,,,,,,,,,,,,,,none,none
7-scenes-redkitchen,17,54,0.8704302956095854,0.988281249999996,1.0,1,1,,,,,,,,,,,,,,,,,,,,,,,,,,,,,,,,,none,none
7-scenes-redkitchen,17,55,0.6732552037782054,0.9414062499999962,0.92,1,1,,,,,,,,,,,,,,,,,,,,,,,,,,,,,,,,,none,none
7-scenes-redkitchen,17,58,0.4993877907993703,0.9101562499999963,0.96,1,1,,,,,,,,,,,,,,,,,,,,,,,,,,,,,,,,,none,none
7-scenes-redkitchen,17,59,0.5718033933881407,0.9374999999999962,0.95,1,1,,,,,,,,,,,,,,,,,,,,,,,,,,,,,,,,,none,none
7-scenes-redkitchen,18,19,0.7229278880938982,0.9843749999999961,0.92,1,0,,,,,,,,,,,,,,,,,,,,,,,,,,,,,,,,,none,none
7-scenes-redkitchen,18,20,0.6613071790336844,0.9726562499999961,0.99,1,1,,,,,,,,,,,,,,,,,,,,,,,,,,,,,,,,,none,none
7-scenes-redkitchen,18,21,0.48585095264892675,0.9453124999999962,0.96,1,1,,,,,,,,,,,,,,,,,,,,,,,,,,,,,,,,,none,none
7-scenes-redkitchen,18,22,0.4363292869201704,0.8945312499999964,0.94,1,1,,,,,,,,,,,,,,,,,,,,,,,,,,,,,,,,,none,none
7-scenes-redkitchen,18,23,0.4459361685022912,0.8828124999999964,0.78,1,1,,,,,,,,,,,,,,,,,,,,,,,,,,,,,,,,,none,none
7-scenes-redkitchen,18,24,0.6871533081437414,0.9570312499999962,0.92,1,1,,,,,,,,,,,,,,,,,,,,,,,,,,,,,,,,,none,none
7-scenes-redkitchen,18,25,0.652182651338532,0.9765624999999961,0.91,1,1,,,,,,,,,,,,,,,,,,,,,,,,,,,,,,,,,none,none
7-scenes-redkitchen,18,26,0.49079507999035293,0.9414062499999962,0.89,1,1,,,,,,,,,,,,,,,,,,,,,,,,,,,,,,,,,none,none
7-scenes-redkitchen,18,35,0.7193102339416352,0.9726562499999961,0.98,1,1,,,,,,,,,,,,,,,,,,,,,,,,,,,,,,,,,none,none
7-scenes-redkitchen,18,36,0.7967280328000643,0.9765624999999961,0.97,1,1,,,,,,,,,,,,,,,,,,,,,,,,,,,,,,,,,none,none
7-scenes-redkitchen,18,37,0.6587748211271003,0.9843749999999961,0.97,1,1,,,,,,,,,,,,,,,,,,,,,,,,,,,,,,,,,none,none
7-scenes-redkitchen,18,38,0.44955382265455424,0.9609374999999961,0.99,1,1,,,,,,,,,,,,,,,,,,,,,,,,,,,,,,,,,none,none
7-scenes-redkitchen,18,39,0.6721199453332262,0.9843749999999961,0.97,1,1,,,,,,,,,,,,,,,,,,,,,,,,,,,,,,,,,none,none
7-scenes-redkitchen,18,54,0.7468446016560817,0.9648437499999961,0.94,1,1,,,,,,,,,,,,,,,,,,,,,,,,,,,,,,,,,none,none
7-scenes-redkitchen,18,59,0.5138676742503416,0.9062499999999963,0.91,1,1,,,,,,,,,,,,,,,,,,,,,,,,,,,,,,,,,none,none
7-scenes-redkitchen,19,20,0.6983649977079407,0.9335937499999962,0.9,1,0,,,,,,,,,,,,,,,,,,,,,,,,,,,,,,,,,none,none
7-scenes-redkitchen,19,21,0.5129119339886925,0.8710937499999966,0.84,1,1,,,,,,,,,,,,,,,,,,,,,,,,,,,,,,,,,none,none
7-scenes-redkitchen,19,24,0.5437783323995314,0.7734374999999969,0.73,1,1,,,,,,,,,,,,,,,,,,,,,,,,,,,,,,,,,none,none
7-scenes-redkitchen,19,25,0.7809300667243926,0.9492187499999962,0.88,1,1,,,,,,,,,,,,,,,,,,,,,,,,,,,,,,,,,none,none
7-scenes-redkitchen,19,26,0.6513523149798808,0.9296874999999963,0.94,1,1,,,,,,,,,,,,,,,,,,,,,,,,,,,,,,,,,none,none
7-scenes-redkitchen,19,36,0.706005195334386,0.8789062499999964,0.84,1,1,,,,,,,,,,,,,,,,,,,,,,,,,,,,,,,,,none,none
7-scenes-redkitchen,19,37,0.6733560841440432,0.9101562499999963,0.97,1,1,,,,,,,,,,,,,,,,,,,,,,,,,,,,,,,,,none,none
7-scenes-redkitchen,19,38,0.5242194264758315,0.9453124999999962,0.96,1,1,,,,,,,,,,,,,,,,,,,,,,,,,,,,,,,,,none,none
7-scenes-redkitchen,19,39,0.817501146029644,0.9687499999999961,0.96,1,1,,,,,,,,,,,,,,,,,,,,,,,,,,,,,,,,,none,none
7-scenes-redkitchen,19,54,0.5796363265929813,0.7812499999999969,0.75,1,1,,,,,,,,,,,,,,,,,,,,,,,,,,,,,,,,,none,none
7-scenes-redkitchen,19,59,0.44639127998777567,0.738281249999997,0.68,1,1,,,,,,,,,,,,,,,,,,,,,,,,,,,,,,,,,none,none
7-scenes-redkitchen,20,21,0.7000241721053904,0.9843749999999961,1.0,1,0,,,,,,,,,,,,,,,,,,,,,,,,,,,,,,,,,none,none
7-scenes-redkitchen,20,35,0.5844331641285956,0.7695312499999969,0.89,1,1,,,,,,,,,,,,,,,,,,,,,,,,,,,,,,,,,none,none
7-scenes-redkitchen,20,36,0.576939811457578,0.7187499999999971,0.8,1,1,,,,,,,,,,,,,,,,,,,,,,,,,,,,,,,,,none,none
7-scenes-redkitchen,20,39,0.666811699299009,0.9179687499999963,0.98,1,1,,,,,,,,,,,,,,,,,,,,,,,,,,,,,,,,,none,none
7-scenes-redkitchen,21,22,0.6060701740537554,0.988281249999996,0.99,1,0,,,,,,,,,,,,,,,,,,,,,,,,,,,,,,,,,none,none
7-scenes-redkitchen,21,23,0.4941784741682125,0.9765624999999961,0.95,1,1,,,,,,,,,,,,,,,,,,,,,,,,,,,,,,,,,none,none
7-scenes-redkitchen,21,24,0.6032284800884082,0.8789062499999964,0.84,1,1,,,,,,,,,,,,,,,,,,,,,,,,,,,,,,,,,none,none
7-scenes-redkitchen,21,35,0.5570904211232585,0.9062499999999963,0.85,1,1,,,,,,,,,,,,,,,,,,,,,,,,,,,,,,,,,none,none
7-scenes-redkitchen,21,39,0.48829774637881357,0.8945312499999964,0.91,1,1,,,,,,,,,,,,,,,,,,,,,,,,,,,,,,,,,none,none
7-scenes-redkitchen,22,23,0.9049077249714192,0.999999999999996,0.98,1,0,,,,,,,,,,,,,,,,,,,,,,,,,,,,,,,,,none,none
7-scenes-redkitchen,22,24,0.6062387718438674,0.9296874999999963,0.95,1,1,,,,,,,,,,,,,,,,,,,,,,,,,,,,,,,,,none,none
7-scenes-redkitchen,22,35,0.5737383635472807,0.9570312499999962,0.67,1,1,,,,,,,,,,,,,,,,,,,,,,,,,,,,,,,,,none,none
7-scenes-redkitchen,22,36,0.4176057488159399,0.7695312499999969,0.43,1,1,,,,,,,,,,,,,,,,,,,,,,,,,,,,,,,,,none,none
7-scenes-redkitchen,22,54,0.5912542871141597,0.9374999999999962,0.8,1,1,,,,,,,,,,,,,,,,,,,,,,,,,,,,,,,,,none,none
7-scenes-redkitchen,22,55,0.5741466601339212,0.9140624999999963,0.76,1,1,,,,,,,,,,,,,,,,,,,,,,,,,,,,,,,,,none,none
7-scenes-redkitchen,23,24,0.6950698438783894,0.996093749999996,0.99,1,0,,,,,,,,,,,,,,,,,,,,,,,,,,,,,,,,,none,none
7-scenes-redkitchen,23,35,0.6246507806080526,0.9765624999999961,0.87,1,1,,,,,,,,,,,,,,,,,,,,,,,,,,,,,,,,,none,none
7-scenes-redkitchen,23,36,0.48212818405916186,0.8554687499999966,0.65,1,1,,,,,,,,,,,,,,,,,,,,,,,,,,,,,,,,,none,none
7-scenes-redkitchen,23,54,0.6391536565324568,0.9648437499999961,0.93,1,1,,,,,,,,,,,,,,,,,,,,,,,,,,,,,,,,,none,none
7-scenes-redkitchen,23,55,0.6045193097781429,0.9062499999999963,0.83,1,1,,,,,,,,,,,,,,,,,,,,,,,,,,,,,,,,,none,none
7-scenes-redkitchen,24,25,0.6324751580849142,0.996093749999996,1.0,1,0,,,,,,,,,,,,,,,,,,,,,,,,,,,,,,,,,none,none
7-scenes-redkitchen,24,35,0.8233965672990063,0.9648437499999961,0.93,1,1,,,,,,,,,,,,,,,,,,,,,,,,,,,,,,,,,none,none
7-scenes-redkitchen,24,36,0.7265582655826558,0.9257812499999963,0.88,1,1,,,,,,,,,,,,,,,,,,,,,,,,,,,,,,,,,none,none
7-scenes-redkitchen,24,37,0.5397018970189702,0.8867187499999964,0.74,1,1,,,,,,,,,,,,,,,,,,,,,,,,,,,,,,,,,none,none
7-scenes-redkitchen,24,39,0.4394308943089431,0.8398437499999967,0.73,1,1,,,,,,,,,,,,,,,,,,,,,,,,,,,,,,,,,none,none
7-scenes-redkitchen,24,54,0.8176603432700994,0.9218749999999963,0.75,1,1,,,,,,,,,,,,,,,,,,,,,,,,,,,,,,,,,none,none
7-scenes-redkitchen,24,55,0.6886178861788618,0.8476562499999966,0.78,1,1,,,,,,,,,,,,,,,,,,,,,,,,,,,,,,,,,none,none
7-scenes-redkitchen,24,59,0.4649954832881662,0.8515624999999966,0.7,1,1,,,,,,,,,,,,,,,,,,,,,,,,,,,,,,,,,none,none
7-scenes-redkitchen,25,26,0.7659295437073215,0.999999999999996,0.93,1,0,,,,,,,,,,,,,,,,,,,,,,,,,,,,,,,,,none,none
7-scenes-redkitchen,25,35,0.6044860489304934,0.9609374999999961,0.89,1,1,,,,,,,,,,,,,,,,,,,,,,,,,,,,,,,,,none,none
7-scenes-redkitchen,25,36,0.7496495274273052,0.996093749999996,0.87,1,1,,,,,,,,,,,,,,,,,,,,,,,,,,,,,,,,,none,none
7-scenes-redkitchen,25,37,0.7446750780084114,0.9804687499999961,0.92,1,1,,,,,,,,,,,,,,,,,,,,,,,,,,,,,,,,,none,none
7-scenes-redkitchen,25,38,0.538144982589427,0.9687499999999961,0.8,1,1,,,,,,,,,,,,,,,,,,,,,,,,,,,,,,,,,none,none
7-scenes-redkitchen,25,39,0.6273232939899607,0.9531249999999962,0.89,1,1,,,,,,,,,,,,,,,,,,,,,,,,,,,,,,,,,none,none
7-scenes-redkitchen,25,53,0.47858725636503413,0.9414062499999962,0.85,1,1,,,,,,,,,,,,,,,,,,,,,,,,,,,,,,,,,none,none
7-scenes-redkitchen,25,54,0.5635598968932303,0.9843749999999961,0.89,1,1,,,,,,,,,,,,,,,,,,,,,,,,,,,,,,,,,none,none
7-scenes-redkitchen,25,59,0.5172070727626283,0.9296874999999963,0.68,1,1,,,,,,,,,,,,,,,,,,,,,,,,,,,,,,,,,none,none
7-scenes-redkitchen,26,27,0.6824271422357546,0.9453124999999962,0.95,1,0,,,,,,,,,,,,,,,,,,,,,,,,,,,,,,,,,none,none
7-scenes-redkitchen,26,36,0.5074380165289256,0.9648437499999961,0.92,1,1,,,,,,,,,,,,,,,,,,,,,,,,,,,,,,,,,none,none
7-scenes-redkitchen,26,37,0.6343627664201826,0.9765624999999961,0.94,1,1,,,,,,,,,,,,,,,,,,,,,,,,,,,,,,,,,none,none
7-scenes-redkitchen,26,38,0.4925619834710744,0.9140624999999963,0.87,1,1,,,,,,,,,,,,,,,,,,,,,,,,,,,,,,,,,none,none
7-scenes-redkitchen,26,39,0.5380165289256198,0.8945312499999964,0.81,1,1,,,,,,,,,,,,,,,,,,,,,,,,,,,,,,,,,none,none
7-scenes-redkitchen,27,28,0.8104503094543644,0.9765624999999961,0.95,1,0,,,,,,,,,,,,,,,,,,,,,,,,,,,,,,,,,none,none
7-scenes-redkitchen,27,29,0.6116881269118588,0.8554687499999966,0.68,1,1,,,,,,,,,,,,,,,,,,,,,,,,,,,,,,,,,none,none
7-scenes-redkitchen,28,29,0.8091162517728763,0.992187499999996,0.96,1,0,,,,,,,,,,,,,,,,,,,,,,,,,,,,,,,,,none,none
7-scenes-redkitchen,28,30,0.5625764170783,0.9531249999999962,0.97,1,1,,,,,,,,,,,,,,,,,,,,,,,,,,,,,,,,,none,none
7-scenes-redkitchen,28,31,0.4515576857240671,0.7695312499999969,0.83,1,1,,,,,,,,,,,,,,,,,,,,,,,,,,,,,,,,,none,none
7-scenes-redkitchen,28,40,0.6485548002151905,0.9414062499999962,0.89,1,1,,,,,,,,,,,,,,,,,,,,,,,,,,,,,,,,,none,none
7-scenes-redkitchen,28,41,0.5524037756150046,0.9531249999999962,0.87,1,1,,,,,,,,,,,,,,,,,,,,,,,,,,,,,,,,,none,none
7-scenes-redkitchen,29,30,0.6990549713829363,0.9765624999999961,0.97,1,0,,,,,,,,,,,,,,,,,,,,,,,,,,,,,,,,,none,none
7-scenes-redkitchen,29,31,0.5031279116198589,0.9218749999999963,0.85,1,1,,,,,,,,,,,,,,,,,,,,,,,,,,,,,,,,,none,none
7-scenes-redkitchen,29,40,0.7344602688672967,0.8515624999999966,0.71,1,1,,,,,,,,,,,,,,,,,,,,,,,,,,,,,,,,,none,none
7-scenes-redkitchen,29,41,0.6896712365233595,0.9414062499999962,0.91,1,1,,,,,,,,,,,,,,,,,,,,,,,,,,,,,,,,,none,none
7-scenes-redkitchen,29,42,0.586982563556502,0.9257812499999963,0.92,1,1,,,,,,,,,,,,,,,,,,,,,,,,,,,,,,,,,none,none
7-scenes-redkitchen,29,43,0.4880873153201118,0.9335937499999962,0.94,1,1,,,,,,,,,,,,,,,,,,,,,,,,,,,,,,,,,none,none
7-scenes-redkitchen,30,31,0.6964899583861046,0.9257812499999963,0.9,1,0,,,,,,,,,,,,,,,,,,,,,,,,,,,,,,,,,none,none
7-scenes-redkitchen,30,32,0.4008503709064592,0.6992187499999972,0.61,1,1,,,,,,,,,,,,,,,,,,,,,,,,,,,,,,,,,none,none
7-scenes-redkitchen,30,40,0.705355527410892,0.499999999999998,0.52,1,1,,,,,,,,,,,,,,,,,,,,,,,,,,,,,,,,,none,none
7-scenes-redkitchen,30,41,0.6815632350280442,0.5234374999999979,0.54,1,1,,,,,,,,,,,,,,,,,,,,,,,,,,,,,,,,,none,none
7-scenes-redkitchen,30,42,0.5698389723177131,0.6132812499999976,0.73,1,1,,,,,,,,,,,,,,,,,,,,,,,,,,,,,,,,,none,none
7-scenes-redkitchen,31,32,0.7720576063565635,0.8359374999999967,0.65,1,0,,,,,,,,,,,,,,,,,,,,,,,,,,,,,,,,,none,none
7-scenes-redkitchen,31,33,0.4178116205926171,0.18359374999999928,0.11,1,1,,,,,,,,,,,,,,,,,,,,,,,,,,,,,,,,,none,none
7-scenes-redkitchen,32,33,0.7604378080603074,0.6679687499999973,0.44,1,0,,,,,,,,,,,,,,,,,,,,,,,,,,,,,,,,,none,none
7-scenes-redkitchen,33,34,0.534896368360626,0.6328124999999974,0.64,1,0,,,,,,,,,,,,,,,,,,,,,,,,,,,,,,,,,none,none
7-scenes-redkitchen,35,36,0.839993561109099,0.992187499999996,0.96,1,0,,,,,,,,,,,,,,,,,,,,,,,,,,,,,,,,,none,none
7-scenes-redkitchen,35,37,0.5735039639422109,0.9453124999999962,0.93,1,1,,,,,,,,,,,,,,,,,,,,,,,,,,,,,,,,,none,none
7-scenes-redkitchen,35,53,0.42339731981166245,0.9843749999999961,0.95,1,1,,,,,,,,,,,,,,,,,,,,,,,,,,,,,,,,,none,none
7-scenes-redkitchen,35,54,0.9337196667873958,0.999999999999996,0.99,1,1,,,,,,,,,,,,,,,,,,,,,,,,,,,,,,,,,none,none
7-scenes-redkitchen,35,55,0.7995090345687955,0.999999999999996,1.0,1,1,,,,,,,,,,,,,,,,,,,,,,,,,,,,,,,,,none,none
7-scenes-redkitchen,35,56,0.6211115135417924,0.9179687499999963,0.88,1,1,,,,,,,,,,,,,,,,,,,,,,,,,,,,,,,,,none,none
7-scenes-redkitchen,35,57,0.4774035172441547,0.8203124999999967,0.91,1,1,,,,,,,,,,,,,,,,,,,,,,,,,,,,,,,,,none,none
7-scenes-redkitchen,35,58,0.49925550323956697,0.9257812499999963,0.96,1,1,,,,,,,,,,,,,,,,,,,,,,,,,,,,,,,,,none,none
7-scenes-redkitchen,35,59,0.5211477323031108,0.9492187499999962,0.88,1,1,,,,,,,,,,,,,,,,,,,,,,,,,,,,,,,,,none,none
7-scenes-redkitchen,36,37,0.7884817979632448,0.992187499999996,0.99,1,0,,,,,,,,,,,,,,,,,,,,,,,,,,,,,,,,,none,none
7-scenes-redkitchen,36,38,0.4123453899879043,0.9570312499999962,0.92,1,1,,,,,,,,,,,,,,,,,,,,,,,,,,,,,,,,,none,none
7-scenes-redkitchen,36,39,0.48078348745561666,0.9257812499999963,0.92,1,1,,,,,,,,,,,,,,,,,,,,,,,,,,,,,,,,,none,none
7-scenes-redkitchen,36,53,0.45686526981154163,0.9609374999999961,0.9,1,1,,,,,,,,,,,,,,,,,,,,,,,,,,,,,,,,,none,none
7-scenes-redkitchen,36,54,0.8251199812712162,0.996093749999996,0.99,1,1,,,,,,,,,,,,,,,,,,,,,,,,,,,,,,,,,none,none
7-scenes-redkitchen,36,55,0.7055288930508409,0.996093749999996,0.98,1,1,,,,,,,,,,,,,,,,,,,,,,,,,,,,,,,,,none,none
7-scenes-redkitchen,36,56,0.5659604354442234,0.8749999999999966,0.81,1,1,,,,,,,,,,,,,,,,,,,,,,,,,,,,,,,,,none,none
7-scenes-redkitchen,36,58,0.520738226228101,0.9296874999999963,0.96,1,1,,,,,,,,,,,,,,,,,,,,,,,,,,,,,,,,,none,none
7-scenes-redkitchen,36,59,0.6057591010183776,0.9726562499999961,0.92,1,1,,,,,,,,,,,,,,,,,,,,,,,,,,,,,,,,,none,none
7-scenes-redkitchen,37,38,0.6839060905069752,0.999999999999996,0.99,1,0,,,,,,,,,,,,,,,,,,,,,,,,,,,,,,,,,none,none
7-scenes-redkitchen,37,39,0.6432460020415107,0.9843749999999961,0.95,1,1,,,,,,,,,,,,,,,,,,,,,,,,,,,,,,,,,none,none
7-scenes-redkitchen,37,54,0.6198962232051718,0.9765624999999961,0.94,1,1,,,,,,,,,,,,,,,,,,,,,,,,,,,,,,,,,none,none
7-scenes-redkitchen,37,55,0.5534195304525349,0.9453124999999962,0.91,1,1,,,,,,,,,,,,,,,,,,,,,,,,,,,,,,,,,none,none
7-scenes-redkitchen,37,58,0.5692412385165022,0.9257812499999963,0.93,1,1,,,,,,,,,,,,,,,,,,,,,,,,,,,,,,,,,none,none
7-scenes-redkitchen,37,59,0.6856073494385846,0.9843749999999961,0.85,1,1,,,,,,,,,,,,,,,,,,,,,,,,,,,,,,,,,none,none
7-scenes-redkitchen,38,39,0.8242366625657085,0.9804687499999961,0.97,1,0,,,,,,,,,,,,,,,,,,,,,,,,,,,,,,,,,none,none
7-scenes-redkitchen,38,54,0.4730455206352757,0.8749999999999966,0.9,1,1,,,,,,,,,,,,,,,,,,,,,,,,,,,,,,,,,none,none
7-scenes-redkitchen,38,58,0.5486522760317638,0.9023437499999964,0.89,1,1,,,,,,,,,,,,,,,,,,,,,,,,,,,,,,,,,none,none
7-scenes-redkitchen,38,59,0.7065764455877419,0.9726562499999961,0.86,1,1,,,,,,,,,,,,,,,,,,,,,,,,,,,,,,,,,none,none
7-scenes-redkitchen,39,59,0.48773755656108597,0.9140624999999963,0.89,1,1,,,,,,,,,,,,,,,,,,,,,,,,,,,,,,,,,none,none
7-scenes-redkitchen,40,41,0.8638652298715355,0.9804687499999961,0.96,1,0,,,,,,,,,,,,,,,,,,,,,,,,,,,,,,,,,none,none
7-scenes-redkitchen,40,42,0.6472636581807915,0.9453124999999962,0.95,1,1,,,,,,,,,,,,,,,,,,,,,,,,,,,,,,,,,none,none
7-scenes-redkitchen,40,43,0.5262340595736671,0.9257812499999963,0.96,1,1,,,,,,,,,,,,,,,,,,,,,,,,,,,,,,,,,none,none
7-scenes-redkitchen,41,42,0.819754698503008,0.999999999999996,0.99,1,0,,,,,,,,,,,,,,,,,,,,,,,,,,,,,,,,,none,none
7-scenes-redkitchen,41,43,0.6764911626171711,0.992187499999996,0.96,1,1,,,,,,,,,,,,,,,,,,,,,,,,,,,,,,,,,none,none
7-scenes-redkitchen,41,44,0.5210091871473208,0.9453124999999962,0.95,1,1,,,,,,,,,,,,,,,,,,,,,,,,,,,,,,,,,none,none
7-scenes-redkitchen,42,43,0.887963081656198,0.996093749999996,0.99,1,0,,,,,,,,,,,,,,,,,,,,,,,,,,,,,,,,,none,none
7-scenes-redkitchen,42,44,0.6869632098448917,0.9531249999999962,0.99,1,1,,,,,,,,,,,,,,,,,,,,,,,,,,,,,,,,,none,none
7-scenes-redkitchen,42,45,0.5132034354569927,0.8671874999999966,0.89,1,1,,,,,,,,,,,,,,,,,,,,,,,,,,,,,,,,,none,none
7-scenes-redkitchen,43,44,0.8440763131035566,0.9843749999999961,0.99,1,0,,,,,,,,,,,,,,,,,,,,,,,,,,,,,,,,,none,none
7-scenes-redkitchen,43,45,0.6359425296380623,0.9453124999999962,0.96,1,1,,,,,,,,,,,,,,,,,,,,,,,,,,,,,,,,,none,none
7-scenes-redkitchen,44,45,0.8368574199806014,0.9843749999999961,0.98,1,0,,,,,,,,,,,,,,,,,,,,,,,,,,,,,,,,,none,none
7-scenes-redkitchen,44,46,0.5231813773035887,0.7968749999999968,0.84,1,1,,,,,,,,,,,,,,,,,,,,,,,,,,,,,,,,,none,none
7-scenes-redkitchen,45,46,0.7519797624285086,0.9218749999999963,0.98,1,0,,,,,,,,,,,,,,,,,,,,,,,,,,,,,,,,,none,none
7-scenes-redkitchen,45,47,0.49406071271447427,0.6679687499999973,0.78,1,1,,,,,,,,,,,,,,,,,,,,,,,,,,,,,,,,,none,none
7-scenes-redkitchen,46,47,0.7991401316673384,0.8320312499999967,0.81,1,0,,,,,,,,,,,,,,,,,,,,,,,,,,,,,,,,,none,none
7-scenes-redkitchen,46,48,0.5845761117828833,0.6796874999999973,0.76,1,1,,,,,,,,,,,,,,,,,,,,,,,,,,,,,,,,,none,none
7-scenes-redkitchen,46,49,0.4420260647588338,0.5507812499999978,0.71,1,1,,,,,,,,,,,,,,,,,,,,,,,,,,,,,,,,,none,none
7-scenes-redkitchen,46,50,0.44525057100631465,0.5820312499999977,0.74,1,1,,,,,,,,,,,,,,,,,,,,,,,,,,,,,,,,,none,none
7-scenes-redkitchen,46,51,0.43665188767969904,0.5781249999999977,0.67,1,1,,,,,,,,,,,,,,,,,,,,,,,,,,,,,,,,,none,none
7-scenes-redkitchen,46,52,0.4302028751847373,0.5703124999999977,0.74,1,1,,,,,,,,,,,,,,,,,,,,,,,,,,,,,,,,,none,none
7-scenes-redkitchen,47,48,0.839090026355944,0.8398437499999967,0.88,1,0,,,,,,,,,,,,,,,,,,,,,,,,,,,,,,,,,none,none
7-scenes-redkitchen,47,49,0.7010681093078097,0.8203124999999967,0.86,1,1,,,,,,,,,,,,,,,,,,,,,,,,,,,,,,,,,none,none
7-scenes-redkitchen,47,50,0.6509918157858233,0.8203124999999967,0.89,1,1,,,,,,,,,,,,,,,,,,,,,,,,,,,,,,,,,none,none
7-scenes-redkitchen,47,51,0.4979886253294493,0.6249999999999976,0.73,1,1,,,,,,,,,,,,,,,,,,,,,,,,,,,,,,,,,none,none
7-scenes-redkitchen,47,52,0.6311555000693577,0.8281249999999967,0.87,1,1,,,,,,,,,,,,,,,,,,,,,,,,,,,,,,,,,none,none
7-scenes-redkitchen,47,53,0.5136634762102927,0.7226562499999971,0.73,1,1,,,,,,,,,,,,,,,,,,,,,,,,,,,,,,,,,none,none
7-scenes-redkitchen,48,49,0.8959128065395096,0.9023437499999964,0.95,1,0,,,,,,,,,,,,,,,,,,,,,,,,,,,,,,,,,none,none
7-scenes-redkitchen,48,50,0.8029972752043597,0.8710937499999966,0.88,1,1,,,,,,,,,,,,,,,,,,,,,,,,,,,,,,,,,none,none
7-scenes-redkitchen,48,51,0.45803814713896457,0.5976562499999976,0.66,1,1,,,,,,,,,,,,,,,,,,,,,,,,,,,,,,,,,none,none
7-scenes-redkitchen,48,52,0.828882833787466,0.8906249999999964,0.92,1,1,,,,,,,,,,,,,,,,,,,,,,,,,,,,,,,,,none,none
7-scenes-redkitchen,48,53,0.7243869209809264,0.7734374999999969,0.82,1,1,,,,,,,,,,,,,,,,,,,,,,,,,,,,,,,,,none,none
7-scenes-redkitchen,48,54,0.47479564032697547,0.5390624999999979,0.48,1,1,,,,,,,,,,,,,,,,,,,,,,,,,,,,,,,,,none,none
7-scenes-redkitchen,49,50,0.718555585609954,0.746093749999997,0.94,1,0,,,,,,,,,,,,,,,,,,,,,,,,,,,,,,,,,none,none
7-scenes-redkitchen,49,52,0.7644035704625372,0.8281249999999967,0.9,1,1,,,,,,,,,,,,,,,,,,,,,,,,,,,,,,,,,none,none
7-scenes-redkitchen,49,53,0.874492832025967,0.8945312499999964,0.91,1,1,,,,,,,,,,,,,,,,,,,,,,,,,,,,,,,,,none,none
7-scenes-redkitchen,49,54,0.6310522044901271,0.6953124999999972,0.81,1,1,,,,,,,,,,,,,,,,,,,,,,,,,,,,,,,,,none,none
7-scenes-redkitchen,49,59,0.2838788206654044,0.2734374999999989,0.23,1,0,,,,,,,,,,,,,,,,,,,,,,,,,,,,,,,,,none,none
7-scenes-redkitchen,50,51,0.636465743167353,0.6328124999999974,0.64,1,0,,,,,,,,,,,,,,,,,,,,,,,,,,,,,,,,,none,none
7-scenes-redkitchen,50,52,0.994945713216024,0.8437499999999967,0.96,1,1,,,,,,,,,,,,,,,,,,,,,,,,,,,,,,,,,none,none
7-scenes-redkitchen,50,53,0.8391988019468364,0.8164062499999968,0.84,1,1,,,,,,,,,,,,,,,,,,,,,,,,,,,,,,,,,none,none
7-scenes-redkitchen,50,54,0.5518532384874579,0.5234374999999979,0.6,1,1,,,,,,,,,,,,,,,,,,,,,,,,,,,,,,,,,none,none
7-scenes-redkitchen,51,52,0.9297314178638351,0.5898437499999977,0.84,1,0,,,,,,,,,,,,,,,,,,,,,,,,,,,,,,,,,none,none
7-scenes-redkitchen,51,53,0.6483447845096815,0.46484374999999817,0.67,1,1,,,,,,,,,,,,,,,,,,,,,,,,,,,,,,,,,none,none
7-scenes-redkitchen,52,53,0.8817100610736097,0.8906249999999964,0.93,1,0,,,,,,,,,,,,,,,,,,,,,,,,,,,,,,,,,none,none
7-scenes-redkitchen,52,54,0.614914818386371,0.7148437499999971,0.73,1,1,,,,,,,,,,,,,,,,,,,,,,,,,,,,,,,,,none,none
7-scenes-redkitchen,53,54,0.8536745406824147,0.9726562499999961,0.92,1,0,,,,,,,,,,,,,,,,,,,,,,,,,,,,,,,,,none,none
7-scenes-redkitchen,53,55,0.5125609298837646,0.8320312499999967,0.9,1,1,,,,,,,,,,,,,,,,,,,,,,,,,,,,,,,,,none,none
7-scenes-redkitchen,53,56,0.33473940757405324,0.507812499999998,0.71,1,1,,,,,,,,,,,,,,,,,,,,,,,,,,,,,,,,,none,none
7-scenes-redkitchen,53,58,0.43025871766029244,0.7343749999999971,0.82,1,1,,,,,,,,,,,,,,,,,,,,,,,,,,,,,,,,,none,none
7-scenes-redkitchen,53,59,0.45003749531308584,0.7812499999999969,0.68,1,1,,,,,,,,,,,,,,,,,,,,,,,,,,,,,,,,,none,none
7-scenes-redkitchen,54,55,0.7823305032607358,0.999999999999996,0.97,1,0,,,,,,,,,,,,,,,,,,,,,,,,,,,,,,,,,none,none
7-scenes-redkitchen,54,56,0.5831180017226529,0.9218749999999963,0.83,1,1,,,,,,,,,,,,,,,,,,,,,,,,,,,,,,,,,none,none
7-scenes-redkitchen,54,57,0.42939173946925885,0.8632812499999966,0.85,1,1,,,,,,,,,,,,,,,,,,,,,,,,,,,,,,,,,none,none
7-scenes-redkitchen,54,58,0.502276362741479,0.9570312499999962,0.96,1,1,,,,,,,,,,,,,,,,,,,,,,,,,,,,,,,,,none,none
7-scenes-redkitchen,54,59,0.5290184980107461,0.9687499999999961,0.96,1,1,,,,,,,,,,,,,,,,,,,,,,,,,,,,,,,,,none,none
7-scenes-redkitchen,55,56,0.8133959587063946,0.9843749999999961,0.94,1,0,,,,,,,,,,,,,,,,,,,,,,,,,,,,,,,,,none,none
7-scenes-redkitchen,55,57,0.6238074269778365,0.9531249999999962,0.96,1,1,,,,,,,,,,,,,,,,,,,,,,,,,,,,,,,,,none,none
7-scenes-redkitchen,55,58,0.6723910171730515,0.9453124999999962,0.94,1,1,,,,,,,,,,,,,,,,,,,,,,,,,,,,,,,,,none,none
7-scenes-redkitchen,55,59,0.6211164929791085,0.9296874999999963,0.87,1,1,,,,,,,,,,,,,,,,,,,,,,,,,,,,,,,,,none,none
7-scenes-redkitchen,56,57,0.7478128565994675,0.9648437499999961,0.97,1,0,,,,,,,,,,,,,,,,,,,,,,,,,,,,,,,,,none,none
7-scenes-redkitchen,56,58,0.7636798348095419,0.9101562499999963,0.97,1,1,,,,,,,,,,,,,,,,,,,,,,,,,,,,,,,,,none,none
7-scenes-redkitchen,56,59,0.6596750529804923,0.8320312499999967,0.9,1,1,,,,,,,,,,,,,,,,,,,,,,,,,,,,,,,,,none,none
7-scenes-redkitchen,57,58,0.8359335316740439,0.8945312499999964,0.87,1,0,,,,,,,,,,,,,,,,,,,,,,,,,,,,,,,,,none,none
7-scenes-redkitchen,57,59,0.6752775560554386,0.746093749999997,0.8,1,1,,,,,,,,,,,,,,,,,,,,,,,,,,,,,,,,,none,none
7-scenes-redkitchen,58,59,0.8428561083351438,0.9726562499999961,0.99,1,0,,,,,,,,,,,,,,,,,,,,,,,,,,,,,,,,,none,none
sun3d-home_at-home_at_scan1_2013_jan_1,0,1,0.7969647423804134,0.9648437499999961,0.97,1,0,,,,,,,,,,,,,,,,,,,,,,,,,,,,,,,,,none,none
sun3d-home_at-home_at_scan1_2013_jan_1,0,2,0.6833941223326206,0.9843749999999961,0.95,1,1,,,,,,,,,,,,,,,,,,,,,,,,,,,,,,,,,none,none
sun3d-home_at-home_at_scan1_2013_jan_1,1,2,0.9242392879321052,0.992187499999996,0.98,1,0,,,,,,,,,,,,,,,,,,,,,,,,,,,,,,,,,none,none
sun3d-home_at-home_at_scan1_2013_jan_1,1,34,0.60695508176361,0.7109374999999971,0.66,1,1,,,,,,,,,,,,,,,,,,,,,,,,,,,,,,,,,none,none
sun3d-home_at-home_at_scan1_2013_jan_1,1,37,0.5356654936866073,0.753906249999997,0.76,1,1,,,,,,,,,,,,,,,,,,,,,,,,,,,,,,,,,none,none
sun3d-home_at-home_at_scan1_2013_jan_1,1,38,0.5119022976609398,0.746093749999997,0.81,1,1,,,,,,,,,,,,,,,,,,,,,,,,,,,,,,,,,none,none
sun3d-home_at-home_at_scan1_2013_jan_1,1,50,0.32713723866694266,0.04687499999999981,0.03,1,0,,,,,,,,,,,,,,,,,,,,,,,,,,,,,,,,,none,none
sun3d-home_at-home_at_scan1_2013_jan_1,2,34,0.6440685206544492,0.6562499999999973,0.65,1,1,,,,,,,,,,,,,,,,,,,,,,,,,,,,,,,,,none,none
sun3d-home_at-home_at_scan1_2013_jan_1,2,36,0.5497031056431287,0.742187499999997,0.56,1,1,,,,,,,,,,,,,,,,,,,,,,,,,,,,,,,,,none,none
sun3d-home_at-home_at_scan1_2013_jan_1,2,37,0.5591866376180101,0.738281249999997,0.71,1,1,,,,,,,,,,,,,,,,,,,,,,,,,,,,,,,,,none,none
sun3d-home_at-home_at_scan1_2013_jan_1,2,38,0.5708488188303644,0.7968749999999968,0.87,1,1,,,,,,,,,,,,,,,,,,,,,,,,,,,,,,,,,none,none
sun3d-home_at-home_at_scan1_2013_jan_1,3,4,0.42179616548940463,0.6054687499999976,0.59,1,0,,,,,,,,,,,,,,,,,,,,,,,,,,,,,,,,,none,none
sun3d-home_at-home_at_scan1_2013_jan_1,3,6,0.4520686175580222,0.5898437499999977,0.58,1,1,,,,,,,,,,,,,,,,,,,,,,,,,,,,,,,,,none,none
sun3d-home_at-home_at_scan1_2013_jan_1,3,31,0.6330047349219902,0.249999999999999,0.18,1,0,,,,,,,,,,,,,,,,,,,,,,,,,,,,,,,,,none,none
sun3d-home_at-home_at_scan1_2013_jan_1,3,47,0.4988744857564232,0.07031249999999972,0.1,1,0,,,,,,,,,,,,,,,,,,,,,,,,,,,,,,,,,none,none
sun3d-home_at-home_at_scan1_2013_jan_1,4,6,0.8355336903724,0.9531249999999962,0.95,1,1,,,,,,,,,,,,,,,,,,,,,,,,,,,,,,,,,none,none
sun3d-home_at-home_at_scan1_2013_jan_1,4,7,0.5438410760991406,0.8320312499999967,0.85,1,1,,,,,,,,,,,,,,,,,,,,,,,,,,,,,,,,,none,none
sun3d-home_at-home_at_scan1_2013_jan_1,6,7,0.6730509238395673,0.8671874999999966,0.89,1,0,,,,,,,,,,,,,,,,,,,,,,,,,,,,,,,,,none,none
sun3d-home_at-home_at_scan1_2013_jan_1,8,9,0.7699476346853643,0.8632812499999966,0.8,1,0,,,,,,,,,,,,,,,,,,,,,,,,,,,,,,,,,none,none
sun3d-home_at-home_at_scan1_2013_jan_1,8,10,0.5370551167125233,0.5312499999999979,0.6,1,1,,,,,,,,,,,,,,,,,,,,,,,,,,,,,,,,,none,none
sun3d-home_at-home_at_scan1_2013_jan_1,8,24,0.44936540339043224,0.5742187499999977,0.64,1,1,,,,,,,,,,,,,,,,,,,,,,,,,,,,,,,,,none,none
sun3d-home_at-home_at_scan1_2013_jan_1,8,26,0.4687139433744564,0.5429687499999978,0.48,1,0,,,,,,,,,,,,,,,,,,,,,,,,,,,,,,,,,none,none
sun3d-home_at-home_at_scan1_2013_jan_1,8,28,0.5745096298926067,0.6015624999999976,0.49,1,1,,,,,,,,,,,,,,,,,,,,,,,,,,,,,,,,,none,none
sun3d-home_at-home_at_scan1_2013_jan_1,8,29,0.5880891097896512,0.6289062499999974,0.56,1,1,,,,,,,,,,,,,,,,,,,,,,,,,,,,,,,,,none,none
sun3d-home_at-home_at_scan1_2013_jan_1,9,10,0.7127659574468085,0.9140624999999963,0.86,1,0,,,,,,,,,,,,,,,,,,,,,,,,,,,,,,,,,none,none
sun3d-home_at-home_at_scan1_2013_jan_1,9,29,0.39293067947838023,0.4453124999999982,0.42,1,1,,,,,,,,,,,,,,,,,,,,,,,,,,,,,,,,,none,none
sun3d-home_at-home_at_scan1_2013_jan_1,10,11,0.4433939741202311,0.9140624999999963,0.92,1,0,,,,,,,,,,,,,,,,,,,,,,,,,,,,,,,,,none,none
sun3d-home_at-home_at_scan1_2013_jan_1,11,12,0.5949931995919755,0.9843749999999961,0.99,1,0,,,,,,,,,,,,,,,,,,,,,,,,,,,,,,,,,none,none
sun3d-home_at-home_at_scan1_2013_jan_1,11,15,0.4712682760965658,0.9804687499999961,0.95,1,1,,,,,,,,,,,,,,,,,,,,,,,,,,,,,,,,,none,none
sun3d-home_at-home_at_scan1_2013_jan_1,11,17,0.45120707242434543,0.9765624999999961,0.97,1,1,,,,,,,,,,,,,,,,,,,,,,,,,,,,,,,,,none,none
sun3d-home_at-home_at_scan1_2013_jan_1,12,13,0.7758328957348737,0.992187499999996,0.95,1,0,,,,,,,,,,,,,,,,,,,,,,,,,,,,,,,,,none,none
sun3d-home_at-home_at_scan1_2013_jan_1,12,14,0.7463679327848766,0.9414062499999962,0.92,1,1,,,,,,,,,,,,,,,,,,,,,,,,,,,,,,,,,none,none
sun3d-home_at-home_at_scan1_2013_jan_1,12,15,0.5093062605752962,0.9531249999999962,0.98,1,1,,,,,,,,,,,,,,,,,,,,,,,,,,,,,,,,,none,none
sun3d-home_at-home_at_scan1_2013_jan_1,12,16,0.5694614621623199,0.8828124999999964,0.95,1,1,,,,,,,,,,,,,,,,,,,,,,,,,,,,,,,,,none,none
sun3d-home_at-home_at_scan1_2013_jan_1,12,17,0.5768714627457845,0.9765624999999961,0.9,1,1,,,,,,,,,,,,,,,,,,,,,,,,,,,,,,,,,none,none
sun3d-home_at-home_at_scan1_2013_jan_1,12,18,0.6119960324406325,0.9257812499999963,0.95,1,1,,,,,,,,,,,,,,,,,,,,,,,,,,,,,,,,,none,none
sun3d-home_at-home_at_scan1_2013_jan_1,12,21,0.38216932143065524,0.9296874999999963,0.88,1,1,,,,,,,,,,,,,,,,,,,,,,,,,,,,,,,,,none,none
sun3d-home_at-home_at_scan1_2013_jan_1,13,14,0.870899813719932,0.9843749999999961,0.96,1,0,,,,,,,,,,,,,,,,,,,,,,,,,,,,,,,,,none,none
sun3d-home_at-home_at_scan1_2013_jan_1,13,15,0.542479954644853,0.9218749999999963,0.95,1,1,,,,,,,,,,,,,,,,,,,,,,,,,,,,,,,,,none,none
sun3d-home_at-home_at_scan1_2013_jan_1,13,16,0.5893739369887422,0.8789062499999964,0.95,1,1,,,,,,,,,,,,,,,,,,,,,,,,,,,,,,,,,none,none
sun3d-home_at-home_at_scan1_2013_jan_1,13,17,0.6227423665667774,0.9531249999999962,0.96,1,1,,,,,,,,,,,,,,,,,,,,,,,,,,,,,,,,,none,none
sun3d-home_at-home_at_scan1_2013_jan_1,13,18,0.7070543451850652,0.9453124999999962,0.96,1,1,,,,,,,,,,,,,,,,,,,,,,,,,,,,,,,,,none,none
sun3d-home_at-home_at_scan1_2013_jan_1,14,15,0.7643561680853939,0.988281249999996,0.98,1,0,,,,,,,,,,,,,,,,,,,,,,,,,,,,,,,,,none,none
sun3d-home_at-home_at_scan1_2013_jan_1,14,16,0.79813538710985,0.9843749999999961,1.0,1,1,,,,,,,,,,,,,,,,,,,,,,,,,,,,,,,,,none,none
sun3d-home_at-home_at_scan1_2013_jan_1,14,17,0.6967977300364816,0.9804687499999961,0.99,1,1,,,,,,,,,,,,,,,,,,,,,,,,,,,,,,,,,none,none
sun3d-home_at-home_at_scan1_2013_jan_1,14,18,0.7762464531820025,0.992187499999996,1.0,1,1,,,,,,,,,,,,,,,,,,,,,,,,,,,,,,,,,none,none
sun3d-home_at-home_at_scan1_2013_jan_1,14,20,0.49162275368193487,0.9179687499999963,0.97,1,1,,,,,,,,,,,,,,,,,,,,,,,,,,,,,,,,,none,none
sun3d-home_at-home_at_scan1_2013_jan_1,14,21,0.394473719767599,0.8476562499999966,0.94,1,1,,,,,,,,,,,,,,,,,,,,,,,,,,,,,,,,,none,none
sun3d-home_at-home_at_scan1_2013_jan_1,15,16,0.6412467532467533,0.9843749999999961,0.96,1,0,,,,,,,,,,,,,,,,,,,,,,,,,,,,,,,,,none,none
sun3d-home_at-home_at_scan1_2013_jan_1,15,17,0.6833766233766234,0.996093749999996,0.98,1,1,,,,,,,,,,,,,,,,,,,,,,,,,,,,,,,,,none,none
sun3d-home_at-home_at_scan1_2013_jan_1,15,18,0.4552727272727273,0.9609374999999961,0.97,1,1,,,,,,,,,,,,,,,,,,,,,,,,,,,,,,,,,none,none
sun3d-home_at-home_at_scan1_2013_jan_1,15,21,0.4158961038961039,0.9140624999999963,0.9,1,1,,,,,,,,,,,,,,,,,,,,,,,,,,,,,,,,,none,none
sun3d-home_at-home_at_scan1_2013_jan_1,16,17,0.6585691823899371,0.9531249999999962,0.99,1,0,,,,,,,,,,,,,,,,,,,,,,,,,,,,,,,,,none,none
sun3d-home_at-home_at_scan1_2013_jan_1,16,18,0.7290094339622641,0.9648437499999961,0.99,1,1,,,,,,,,,,,,,,,,,,,,,,,,,,,,,,,,,none,none
sun3d-home_at-home_at_scan1_2013_jan_1,16,19,0.367374213836478,0.7734374999999969,0.93,1,1,,,,,,,,,,,,,,,,,,,,,,,,,,,,,,,,,none,none
sun3d-home_at-home_at_scan1_2013_jan_1,16,20,0.622877358490566,0.9140624999999963,0.89,1,1,,,,,,,,,,,,,,,,,,,,,,,,,,,,,,,,,none,none
sun3d-home_at-home_at_scan1_2013_jan_1,16,21,0.490251572327044,0.8828124999999964,0.82,1,1,,,,,,,,,,,,,,,,,,,,,,,,,,,,,,,,,none,none
sun3d-home_at-home_at_scan1_2013_jan_1,17,18,0.599053512923189,0.9609374999999961,0.99,1,0,,,,,,,,,,,,,,,,,,,,,,,,,,,,,,,,,none,none
sun3d-home_at-home_at_scan1_2013_jan_1,17,21,0.596286858390972,0.9531249999999962,0.95,1,1,,,,,,,,,,,,,,,,,,,,,,,,,,,,,,,,,none,none
sun3d-home_at-home_at_scan1_2013_jan_1,17,22,0.5630870040043684,0.9335937499999962,0.92,1,1,,,,,,,,,,,,,,,,,,,,,,,,,,,,,,,,,none,none
sun3d-home_at-home_at_scan1_2013_jan_1,18,19,0.4011926605504587,0.738281249999997,0.95,1,0,,,,,,,,,,,,,,,,,,,,,,,,,,,,,,,,,none,none
sun3d-home_at-home_at_scan1_2013_jan_1,18,20,0.5979816513761468,0.8281249999999967,0.99,1,1,,,,,,,,,,,,,,,,,,,,,,,,,,,,,,,,,none,none
sun3d-home_at-home_at_scan1_2013_jan_1,18,21,0.4822935779816514,0.8789062499999964,0.83,1,1,,,,,,,,,,,,,,,,,,,,,,,,,,,,,,,,,none,none
sun3d-home_at-home_at_scan1_2013_jan_1,19,20,0.8258614301593182,0.749999999999997,0.93,1,0,,,,,,,,,,,,,,,,,,,,,,,,,,,,,,,,,none,none
sun3d-home_at-home_at_scan1_2013_jan_1,20,21,0.4593390804597701,0.6093749999999976,0.75,1,0,,,,,,,,,,,,,,,,,,,,,,,,,,,,,,,,,none,none
sun3d-home_at-home_at_scan1_2013_jan_1,21,22,0.7775528280399848,0.9179687499999963,0.95,1,0,,,,,,,,,,,,,,,,,,,,,,,,,,,,,,,,,none,none
sun3d-home_at-home_at_scan1_2013_jan_1,22,23,0.6856980427190774,0.9062499999999963,0.82,1,0,,,,,,,,,,,,,,,,,,,,,,,,,,,,,,,,,none,none
sun3d-home_at-home_at_scan1_2013_jan_1,23,31,0.6102390155399543,0.9296874999999963,0.99,1,1,,,,,,,,,,,,,,,,,,,,,,,,,,,,,,,,,none,none
sun3d-home_at-home_at_scan1_2013_jan_1,23,32,0.6421077542005206,0.9492187499999962,0.98,1,1,,,,,,,,,,,,,,,,,,,,,,,,,,,,,,,,,none,none
sun3d-home_at-home_at_scan1_2013_jan_1,23,42,0.5412163761142226,0.6757812499999973,0.35,1,1,,,,,,,,,,,,,,,,,,,,,,,,,,,,,,,,,none,none
sun3d-home_at-home_at_scan1_2013_jan_1,24,25,0.6440062272963155,0.9531249999999962,0.97,1,0,,,,,,,,,,,,,,,,,,,,,,,,,,,,,,,,,none,none
sun3d-home_at-home_at_scan1_2013_jan_1,24,26,0.6717695900363259,0.9726562499999961,0.96,1,1,,,,,,,,,,,,,,,,,,,,,,,,,,,,,,,,,none,none
sun3d-home_at-home_at_scan1_2013_jan_1,24,28,0.5925661650233524,0.9531249999999962,1.0,1,1,,,,,,,,,,,,,,,,,,,,,,,,,,,,,,,,,none,none
sun3d-home_at-home_at_scan1_2013_jan_1,24,29,0.9349377270368449,0.992187499999996,0.98,1,1,,,,,,,,,,,,,,,,,,,,,,,,,,,,,,,,,none,none
sun3d-home_at-home_at_scan1_2013_jan_1,24,30,0.5487156201349248,0.8828124999999964,0.95,1,1,,,,,,,,,,,,,,,,,,,,,,,,,,,,,,,,,none,none
sun3d-home_at-home_at_scan1_2013_jan_1,24,31,0.439154125583809,0.8749999999999966,0.98,1,1,,,,,,,,,,,,,,,,,,,,,,,,,,,,,,,,,none,none
sun3d-home_at-home_at_scan1_2013_jan_1,25,26,0.8028689736764271,0.9374999999999962,0.96,1,0,,,,,,,,,,,,,,,,,,,,,,,,,,,,,,,,,none,none
sun3d-home_at-home_at_scan1_2013_jan_1,25,27,0.4918663117420881,0.7187499999999971,0.49,1,1,,,,,,,,,,,,,,,,,,,,,,,,,,,,,,,,,none,none
sun3d-home_at-home_at_scan1_2013_jan_1,25,28,0.6837474120082816,0.9335937499999962,0.95,1,1,,,,,,,,,,,,,,,,,,,,,,,,,,,,,,,,,none,none
sun3d-home_at-home_at_scan1_2013_jan_1,25,29,0.5947944395149364,0.9179687499999963,0.98,1,1,,,,,,,,,,,,,,,,,,,,,,,,,,,,,,,,,none,none
sun3d-home_at-home_at_scan1_2013_jan_1,26,27,0.5,0.8867187499999964,0.83,1,0,,,,,,,,,,,,,,,,,,,,,,,,,,,,,,,,,none,none
sun3d-home_at-home_at_scan1_2013_jan_1,26,28,0.9190285852713178,0.992187499999996,0.99,1,1,,,,,,,,,,,,,,,,,,,,,,,,,,,,,,,,,none,none
sun3d-home_at-home_at_scan1_2013_jan_1,26,29,0.6303294573643411,0.9570312499999962,0.96,1,1,,,,,,,,,,,,,,,,,,,,,,,,,,,,,,,,,none,none
sun3d-home_at-home_at_scan1_2013_jan_1,27,28,0.7538669064748201,0.8671874999999966,0.79,1,0,,,,,,,,,,,,,,,,,,,,,,,,,,,,,,,,,none,none
sun3d-home_at-home_at_scan1_2013_jan_1,28,29,0.5864513822688274,0.9687499999999961,0.92,1,0,,,,,,,,,,,,,,,,,,,,,,,,,,,,,,,,,none,none
sun3d-home_at-home_at_scan1_2013_jan_1,29,30,0.5196929799988795,0.8828124999999964,0.94,1,0,,,,,,,,,,,,,,,,,,,,,,,,,,,,,,,,,none,none
sun3d-home_at-home_at_scan1_2013_jan_1,29,31,0.4124040562496498,0.8593749999999966,0.98,1,1,,,,,,,,,,,,,,,,,,,,,,,,,,,,,,,,,none,none
sun3d-home_at-home_at_scan1_2013_jan_1,30,31,0.5780775716694773,0.9257812499999963,0.98,1,0,,,,,,,,,,,,,,,,,,,,,,,,,,,,,,,,,none,none
sun3d-home_at-home_at_scan1_2013_jan_1,30,32,0.3579258010118044,0.7929687499999968,0.93,1,1,,,,,,,,,,,,,,,,,,,,,,,,,,,,,,,,,none,none
sun3d-home_at-home_at_scan1_2013_jan_1,31,32,0.5124244764457366,0.9726562499999961,0.99,1,0,,,,,,,,,,,,,,,,,,,,,,,,,,,,,,,,,none,none
sun3d-home_at-home_at_scan1_2013_jan_1,31,33,0.5006132739744696,0.9453124999999962,0.9,1,1,,,,,,,,,,,,,,,,,,,,,,,,,,,,,,,,,none,none
sun3d-home_at-home_at_scan1_2013_jan_1,31,47,0.7280697769499841,0.8046874999999968,0.48,1,1,,,,,,,,,,,,,,,,,,,,,,,,,,,,,,,,,none,none
sun3d-home_at-home_at_scan1_2013_jan_1,31,48,0.5557625039749239,0.6757812499999973,0.62,1,1,,,,,,,,,,,,,,,,,,,,,,,,,,,,,,,,,none,none
sun3d-home_at-home_at_scan1_2013_jan_1,33,34,0.5921919381156705,0.9687499999999961,0.94,1,0,,,,,,,,,,,,,,,,,,,,,,,,,,,,,,,,,none,none
sun3d-home_at-home_at_scan1_2013_jan_1,33,36,0.5780504018855381,0.9531249999999962,0.94,1,1,,,,,,,,,,,,,,,,,,,,,,,,,,,,,,,,,none,none
sun3d-home_at-home_at_scan1_2013_jan_1,33,38,0.40496766785520033,0.8749999999999966,0.95,1,1,,,,,,,,,,,,,,,,,,,,,,,,,,,,,,,,,none,none
sun3d-home_at-home_at_scan1_2013_jan_1,33,41,0.6482746117120928,0.9062499999999963,0.93,1,1,,,,,,,,,,,,,,,,,,,,,,,,,,,,,,,,,none,none
sun3d-home_at-home_at_scan1_2013_jan_1,33,42,0.5017223665921315,0.8515624999999966,0.8,1,1,,,,,,,,,,,,,,,,,,,,,,,,,,,,,,,,,none,none
sun3d-home_at-home_at_scan1_2013_jan_1,33,47,0.7259926270623074,0.9062499999999963,0.88,1,1,,,,,,,,,,,,,,,,,,,,,,,,,,,,,,,,,none,none
sun3d-home_at-home_at_scan1_2013_jan_1,33,48,0.6708768961140993,0.8593749999999966,0.81,1,1,,,,,,,,,,,,,,,,,,,,,,,,,,,,,,,,,none,none
sun3d-home_at-home_at_scan1_2013_jan_1,34,35,0.5184746235359732,0.9492187499999962,0.96,1,0,,,,,,,,,,,,,,,,,,,,,,,,,,,,,,,,,none,none
sun3d-home_at-home_at_scan1_2013_jan_1,34,36,0.803053541550474,0.996093749999996,1.0,1,1,,,,,,,,,,,,,,,,,,,,,,,,,,,,,,,,,none,none
sun3d-home_at-home_at_scan1_2013_jan_1,34,37,0.5913273842721696,0.9374999999999962,0.84,1,1,,,,,,,,,,,,,,,,,,,,,,,,,,,,,,,,,none,none
sun3d-home_at-home_at_scan1_2013_jan_1,35,50,0.6323333246148615,0.8515624999999966,0.74,1,1,,,,,,,,,,,,,,,,,,,,,,,,,,,,,,,,,none,none
sun3d-home_at-home_at_scan1_2013_jan_1,36,37,0.739411398318281,0.9726562499999961,0.98,1,0,,,,,,,,,,,,,,,,,,,,,,,,,,,,,,,,,none,none
sun3d-home_at-home_at_scan1_2013_jan_1,36,48,0.5304811585175958,0.8984374999999964,0.86,1,1,,,,,,,,,,,,,,,,,,,,,,,,,,,,,,,,,none,none
sun3d-home_at-home_at_scan1_2013_jan_1,36,49,0.49661320460915603,0.6914062499999972,0.82,1,1,,,,,,,,,,,,,,,,,,,,,,,,,,,,,,,,,none,none
sun3d-home_at-home_at_scan1_2013_jan_1,37,38,0.5535850657615613,0.9257812499999963,0.85,1,0,,,,,,,,,,,,,,,,,,,,,,,,,,,,,,,,,none,none
sun3d-home_at-home_at_scan1_2013_jan_1,37,49,0.4846414934238439,0.738281249999997,0.79,1,1,,,,,,,,,,,,,,,,,,,,,,,,,,,,,,,,,none,none
sun3d-home_at-home_at_scan1_2013_jan_1,38,39,0.5769170147371739,0.9531249999999962,0.94,1,0,,,,,,,,,,,,,,,,,,,,,,,,,,,,,,,,,none,none
sun3d-home_at-home_at_scan1_2013_jan_1,39,40,0.5077636257257302,0.749999999999997,0.96,1,0,,,,,,,,,,,,,,,,,,,,,,,,,,,,,,,,,none,none
sun3d-home_at-home_at_scan1_2013_jan_1,40,41,0.5974926524614255,0.9648437499999961,0.95,1,0,,,,,,,,,,,,,,,,,,,,,,,,,,,,,,,,,none,none
sun3d-home_at-home_at_scan1_2013_jan_1,41,42,0.6086676427525622,0.9179687499999963,0.91,1,0,,,,,,,,,,,,,,,,,,,,,,,,,,,,,,,,,none,none
sun3d-home_at-home_at_scan1_2013_jan_1,41,43,0.28070278184480235,0.6992187499999972,0.74,1,1,,,,,,,,,,,,,,,,,,,,,,,,,,,,,,,,,none,none
sun3d-home_at-home_at_scan1_2013_jan_1,41,44,0.33118594436310395,0.5273437499999979,0.66,1,1,,,,,,,,,,,,,,,,,,,,,,,,,,,,,,,,,none,none
sun3d-home_at-home_at_scan1_2013_jan_1,41,45,0.3428404099560761,0.6757812499999973,0.64,1,1,,,,,,,,,,,,,,,,,,,,,,,,,,,,,,,,,none,none
sun3d-home_at-home_at_scan1_2013_jan_1,41,46,0.4808784773060029,0.8984374999999964,0.84,1,1,,,,,,,,,,,,,,,,,,,,,,,,,,,,,,,,,none,none
sun3d-home_at-home_at_scan1_2013_jan_1,41,47,0.5468814055636896,0.9257812499999963,0.96,1,1,,,,,,,,,,,,,,,,,,,,,,,,,,,,,,,,,none,none
sun3d-home_at-home_at_scan1_2013_jan_1,41,48,0.42588579795021964,0.9179687499999963,0.94,1,1,,,,,,,,,,,,,,,,,,,,,,,,,,,,,,,,,none,none
sun3d-home_at-home_at_scan1_2013_jan_1,42,43,0.5860202537539285,0.9648437499999961,0.98,1,0,,,,,,,,,,,,,,,,,,,,,,,,,,,,,,,,,none,none
sun3d-home_at-home_at_scan1_2013_jan_1,42,44,0.5942265161215226,0.8359374999999967,0.87,1,1,,,,,,,,,,,,,,,,,,,,,,,,,,,,,,,,,none,none
sun3d-home_at-home_at_scan1_2013_jan_1,42,45,0.5831102316377604,0.8164062499999968,0.93,1,1,,,,,,,,,,,,,,,,,,,,,,,,,,,,,,,,,none,none
sun3d-home_at-home_at_scan1_2013_jan_1,42,46,0.7708066581306018,0.9687499999999961,0.99,1,1,,,,,,,,,,,,,,,,,,,,,,,,,,,,,,,,,none,none
sun3d-home_at-home_at_scan1_2013_jan_1,42,47,0.7646374112443255,0.9492187499999962,0.95,1,1,,,,,,,,,,,,,,,,,,,,,,,,,,,,,,,,,none,none
sun3d-home_at-home_at_scan1_2013_jan_1,42,48,0.3724828308695146,0.8984374999999964,0.92,1,1,,,,,,,,,,,,,,,,,,,,,,,,,,,,,,,,,none,none
sun3d-home_at-home_at_scan1_2013_jan_1,43,44,0.9370324642312441,0.9570312499999962,1.0,1,0,,,,,,,,,,,,,,,,,,,,,,,,,,,,,,,,,none,none
sun3d-home_at-home_at_scan1_2013_jan_1,43,45,0.9405185561769192,0.9726562499999961,0.99,1,1,,,,,,,,,,,,,,,,,,,,,,,,,,,,,,,,,none,none
sun3d-home_at-home_at_scan1_2013_jan_1,43,46,0.860774202919602,0.9492187499999962,0.99,1,1,,,,,,,,,,,,,,,,,,,,,,,,,,,,,,,,,none,none
sun3d-home_at-home_at_scan1_2013_jan_1,43,47,0.619071828019464,0.9218749999999963,0.97,1,1,,,,,,,,,,,,,,,,,,,,,,,,,,,,,,,,,none,none
sun3d-home_at-home_at_scan1_2013_jan_1,44,45,0.9968126992062996,0.9843749999999961,0.96,1,0,,,,,,,,,,,,,,,,,,,,,,,,,,,,,,,,,none,none
sun3d-home_at-home_at_scan1_2013_jan_1,44,46,0.7437035185300919,0.8945312499999964,0.91,1,1,,,,,,,,,,,,,,,,,,,,,,,,,,,,,,,,,none,none
sun3d-home_at-home_at_scan1_2013_jan_1,44,47,0.46990813074182863,0.8398437499999967,0.88,1,1,,,,,,,,,,,,,,,,,,,,,,,,,,,,,,,,,none,none
sun3d-home_at-home_at_scan1_2013_jan_1,45,46,0.6743664362798594,0.8671874999999966,0.96,1,0,,,,,,,,,,,,,,,,,,,,,,,,,,,,,,,,,none,none
sun3d-home_at-home_at_scan1_2013_jan_1,45,47,0.4382199587728871,0.8007812499999968,0.94,1,1,,,,,,,,,,,,,,,,,,,,,,,,,,,,,,,,,none,none
sun3d-home_at-home_at_scan1_2013_jan_1,46,47,0.7187455553975253,0.9101562499999963,0.92,1,0,,,,,,,,,,,,,,,,,,,,,,,,,,,,,,,,,none,none
sun3d-home_at-home_at_scan1_2013_jan_1,46,48,0.33672308348741287,0.6757812499999973,0.69,1,1,,,,,,,,,,,,,,,,,,,,,,,,,,,,,,,,,none,none
sun3d-home_at-home_at_scan1_2013_jan_1,47,48,0.6565172395010621,0.9804687499999961,0.97,1,0,,,,,,,,,,,,,,,,,,,,,,,,,,,,,,,,,none,none
sun3d-home_at-home_at_scan1_2013_jan_1,48,49,0.5569787985865724,0.9726562499999961,0.99,1,0,,,,,,,,,,,,,,,,,,,,,,,,,,,,,,,,,none,none
sun3d-home_at-home_at_scan1_2013_jan_1,48,50,0.37853356890459366,0.9335937499999962,0.95,1,1,,,,,,,,,,,,,,,,,,,,,,,,,,,,,,,,,none,none
sun3d-home_at-home_at_scan1_2013_jan_1,49,50,0.839346052766306,0.988281249999996,1.0,1,0,,,,,,,,,,,,,,,,,,,,,,,,,,,,,,,,,none,none
sun3d-home_at-home_at_scan1_2013_jan_1,49,51,0.6670193521963207,0.7890624999999969,0.67,1,1,,,,,,,,,,,,,,,,,,,,,,,,,,,,,,,,,none,none
sun3d-home_at-home_at_scan1_2013_jan_1,50,51,0.7299553215807155,0.9570312499999962,0.94,1,0,,,,,,,,,,,,,,,,,,,,,,,,,,,,,,,,,none,none
sun3d-home_at-home_at_scan1_2013_jan_1,51,55,0.6139896373056994,0.7851562499999969,0.81,1,1,,,,,,,,,,,,,,,,,,,,,,,,,,,,,,,,,none,none
sun3d-home_at-home_at_scan1_2013_jan_1,52,53,0.7022664604210102,0.8007812499999968,0.43,1,0,,,,,,,,,,,,,,,,,,,,,,,,,,,,,,,,,none,none
sun3d-home_at-home_at_scan1_2013_jan_1,52,54,0.8451812495796623,0.757812499999997,0.57,1,1,,,,,,,,,,,,,,,,,,,,,,,,,,,,,,,,,none,none
sun3d-home_at-home_at_scan1_2013_jan_1,52,55,0.8758490819826484,0.8437499999999967,0.73,1,1,,,,,,,,,,,,,,,,,,,,,,,,,,,,,,,,,none,none
sun3d-home_at-home_at_scan1_2013_jan_1,53,54,0.8705009727626459,0.9726562499999961,0.98,1,0,,,,,,,,,,,,,,,,,,,,,,,,,,,,,,,,,none,none
sun3d-home_at-home_at_scan1_2013_jan_1,53,55,0.877614299610895,0.9687499999999961,0.93,1,1,,,,,,,,,,,,,,,,,,,,,,,,,,,,,,,,,none,none
sun3d-home_at-home_at_scan1_2013_jan_1,53,56,0.5292436770428015,0.8867187499999964,0.93,1,1,,,,,,,,,,,,,,,,,,,,,,,,,,,,,,,,,none,none
sun3d-home_at-home_at_scan1_2013_jan_1,53,58,0.43056906614785995,0.8359374999999967,0.88,1,1,,,,,,,,,,,,,,,,,,,,,,,,,,,,,,,,,none,none
sun3d-home_at-home_at_scan1_2013_jan_1,54,55,0.6912277918781726,0.9843749999999961,0.9,1,0,,,,,,,,,,,,,,,,,,,,,,,,,,,,,,,,,none,none
sun3d-home_at-home_at_scan1_2013_jan_1,56,57,0.42930119850677845,0.8320312499999967,0.76,1,0,,,,,,,,,,,,,,,,,,,,,,,,,,,,,,,,,none,none
sun3d-home_at-home_at_scan1_2013_jan_1,56,58,0.7770646407754274,0.9765624999999961,0.98,1,1,,,,,,,,,,,,,,,,,,,,,,,,,,,,,,,,,none,none
sun3d-home_at-home_at_scan1_2013_jan_1,56,59,0.5087432051869801,0.9531249999999962,0.97,1,1,,,,,,,,,,,,,,,,,,,,,,,,,,,,,,,,,none,none
sun3d-home_at-home_at_scan1_2013_jan_1,57,58,0.6593635889410537,0.9531249999999962,0.92,1,0,,,,,,,,,,,,,,,,,,,,,,,,,,,,,,,,,none,none
sun3d-home_at-home_at_scan1_2013_jan_1,58,59,0.5089682008876999,0.9648437499999961,0.94,1,0,,,,,,,,,,,,,,,,,,,,,,,,,,,,,,,,,none,none
sun3d-home_md-home_md_scan9_2012_sep_30,1,2,0.49934007919049717,0.7890624999999969,0.92,1,0,,,,,,,,,,,,,,,,,,,,,,,,,,,,,,,,,none,none
sun3d-home_md-home_md_scan9_2012_sep_30,2,3,0.5568059637301985,0.8945312499999964,0.95,1,0,,,,,,,,,,,,,,,,,,,,,,,,,,,,,,,,,none,none
sun3d-home_md-home_md_scan9_2012_sep_30,2,5,0.5601032184072826,0.9296874999999963,0.92,1,1,,,,,,,,,,,,,,,,,,,,,,,,,,,,,,,,,none,none
sun3d-home_md-home_md_scan9_2012_sep_30,2,7,0.7165794566697727,0.992187499999996,0.98,1,1,,,,,,,,,,,,,,,,,,,,,,,,,,,,,,,,,none,none
sun3d-home_md-home_md_scan9_2012_sep_30,3,4,0.8976483387731191,0.999999999999996,0.96,1,0,,,,,,,,,,,,,,,,,,,,,,,,,,,,,,,,,none,none
sun3d-home_md-home_md_scan9_2012_sep_30,3,5,0.9478199012469662,0.999999999999996,0.99,1,1,,,,,,,,,,,,,,,,,,,,,,,,,,,,,,,,,none,none
sun3d-home_md-home_md_scan9_2012_sep_30,3,6,0.6773370156498452,0.9726562499999961,0.98,1,1,,,,,,,,,,,,,,,,,,,,,,,,,,,,,,,,,none,none
sun3d-home_md-home_md_scan9_2012_sep_30,3,7,0.7588501129801657,0.9648437499999961,0.97,1,1,,,,,,,,,,,,,,,,,,,,,,,,,,,,,,,,,none,none
sun3d-home_md-home_md_scan9_2012_sep_30,3,38,0.7832036153653026,0.9687499999999961,0.92,1,1,,,,,,,,,,,,,,,,,,,,,,,,,,,,,,,,,none,none
sun3d-home_md-home_md_scan9_2012_sep_30,3,39,0.7519039250146455,0.8906249999999964,0.83,1,1,,,,,,,,,,,,,,,,,,,,,,,,,,,,,,,,,none,none
sun3d-home_md-home_md_scan9_2012_sep_30,3,40,0.6835300025106703,0.9414062499999962,0.88,1,1,,,,,,,,,,,,,,,,,,,,,,,,,,,,,,,,,none,none
sun3d-home_md-home_md_scan9_2012_sep_30,3,41,0.4904594526738639,0.9296874999999963,0.92,1,1,,,,,,,,,,,,,,,,,,,,,,,,,,,,,,,,,none,none
sun3d-home_md-home_md_scan9_2012_sep_30,3,45,0.5080759896225625,0.7226562499999971,0.89,1,1,,,,,,,,,,,,,,,,,,,,,,,,,,,,,,,,,none,none
sun3d-home_md-home_md_scan9_2012_sep_30,3,46,0.819650179931375,0.8945312499999964,0.79,1,1,,,,,,,,,,,,,,,,,,,,,,,,,,,,,,,,,none,none
sun3d-home_md-home_md_scan9_2012_sep_30,3,47,0.4847685998828354,0.9335937499999962,0.98,1,1,,,,,,,,,,,,,,,,,,,,,,,,,,,,,,,,,none,none
sun3d-home_md-home_md_scan9_2012_sep_30,4,5,0.8387290407779423,0.996093749999996,1.0,1,0,,,,,,,,,,,,,,,,,,,,,,,,,,,,,,,,,none,none
sun3d-home_md-home_md_scan9_2012_sep_30,4,6,0.571011244947777,0.9726562499999961,0.96,1,1,,,,,,,,,,,,,,,,,,,,,,,,,,,,,,,,,none,none
sun3d-home_md-home_md_scan9_2012_sep_30,4,7,0.6305974628836688,0.9374999999999962,0.94,1,1,,,,,,,,,,,,,,,,,,,,,,,,,,,,,,,,,none,none
sun3d-home_md-home_md_scan9_2012_sep_30,4,38,0.7280403377486094,0.9726562499999961,0.92,1,1,,,,,,,,,,,,,,,,,,,,,,,,,,,,,,,,,none,none
sun3d-home_md-home_md_scan9_2012_sep_30,4,39,0.776941854415943,0.9023437499999964,0.8,1,1,,,,,,,,,,,,,,,,,,,,,,,,,,,,,,,,,none,none
sun3d-home_md-home_md_scan9_2012_sep_30,4,40,0.7248789467365641,0.9570312499999962,0.95,1,1,,,,,,,,,,,,,,,,,,,,,,,,,,,,,,,,,none,none
sun3d-home_md-home_md_scan9_2012_sep_30,4,41,0.4994997799031574,0.9414062499999962,0.93,1,1,,,,,,,,,,,,,,,,,,,,,,,,,,,,,,,,,none,none
sun3d-home_md-home_md_scan9_2012_sep_30,4,46,0.7731001640721917,0.9531249999999962,0.89,1,1,,,,,,,,,,,,,,,,,,,,,,,,,,,,,,,,,none,none
sun3d-home_md-home_md_scan9_2012_sep_30,4,47,0.5022609948377286,0.9609374999999961,0.95,1,1,,,,,,,,,,,,,,,,,,,,,,,,,,,,,,,,,none,none
sun3d-home_md-home_md_scan9_2012_sep_30,5,6,0.7472234931991182,0.992187499999996,0.99,1,0,,,,,,,,,,,,,,,,,,,,,,,,,,,,,,,,,none,none
sun3d-home_md-home_md_scan9_2012_sep_30,5,7,0.8251320660538247,0.988281249999996,1.0,1,1,,,,,,,,,,,,,,,,,,,,,,,,,,,,,,,,,none,none
sun3d-home_md-home_md_scan9_2012_sep_30,5,38,0.7595357930202571,0.9765624999999961,0.96,1,1,,,,,,,,,,,,,,,,,,,,,,,,,,,,,,,,,none,none
sun3d-home_md-home_md_scan9_2012_sep_30,5,39,0.7493864647893183,0.9179687499999963,0.89,1,1,,,,,,,,,,,,,,,,,,,,,,,,,,,,,,,,,none,none
sun3d-home_md-home_md_scan9_2012_sep_30,5,40,0.6188178528347407,0.9531249999999962,0.94,1,1,,,,,,,,,,,,,,,,,,,,,,,,,,,,,,,,,none,none
sun3d-home_md-home_md_scan9_2012_sep_30,5,45,0.4837153196622437,0.757812499999997,0.87,1,1,,,,,,,,,,,,,,,,,,,,,,,,,,,,,,,,,none,none
sun3d-home_md-home_md_scan9_2012_sep_30,5,46,0.8202653799758746,0.9140624999999963,0.89,1,1,,,,,,,,,,,,,,,,,,,,,,,,,,,,,,,,,none,none
sun3d-home_md-home_md_scan9_2012_sep_30,6,7,0.6229285865649502,0.9062499999999963,0.9,1,0,,,,,,,,,,,,,,,,,,,,,,,,,,,,,,,,,none,none
sun3d-home_md-home_md_scan9_2012_sep_30,6,46,0.6702267429540156,0.8789062499999964,0.83,1,1,,,,,,,,,,,,,,,,,,,,,,,,,,,,,,,,,none,none
sun3d-home_md-home_md_scan9_2012_sep_30,7,38,0.7671433452096247,0.9765624999999961,0.93,1,1,,,,,,,,,,,,,,,,,,,,,,,,,,,,,,,,,none,none
sun3d-home_md-home_md_scan9_2012_sep_30,7,46,0.6781687734882131,0.9531249999999962,0.95,1,1,,,,,,,,,,,,,,,,,,,,,,,,,,,,,,,,,none,none
sun3d-home_md-home_md_scan9_2012_sep_30,8,9,0.4702420981842636,0.25781249999999895,0.05,1,0,,,,,,,,,,,,,,,,,,,,,,,,,,,,,,,,,none,none
sun3d-home_md-home_md_scan9_2012_sep_30,8,35,0.3367518493611298,0.45703124999999817,0.15,1,0,,,,,,,,,,,,,,,,,,,,,,,,,,,,,,,,,none,none
sun3d-home_md-home_md_scan9_2012_sep_30,8,36,0.45149630127774043,0.23046874999999908,0.05,1,0,,,,,,,,,,,,,,,,,,,,,,,,,,,,,,,,,none,none
sun3d-home_md-home_md_scan9_2012_sep_30,8,37,0.7800100874243443,0.9687499999999961,0.99,1,1,,,,,,,,,,,,,,,,,,,,,,,,,,,,,,,,,none,none
sun3d-home_md-home_md_scan9_2012_sep_30,8,38,0.4828513786146604,0.8789062499999964,0.94,1,1,,,,,,,,,,,,,,,,,,,,,,,,,,,,,,,,,none,none
sun3d-home_md-home_md_scan9_2012_sep_30,9,10,0.8067477956715005,0.9609374999999961,0.94,1,0,,,,,,,,,,,,,,,,,,,,,,,,,,,,,,,,,none,none
sun3d-home_md-home_md_scan9_2012_sep_30,9,11,0.4772280113677767,0.8203124999999967,0.72,1,1,,,,,,,,,,,,,,,,,,,,,,,,,,,,,,,,,none,none
sun3d-home_md-home_md_scan9_2012_sep_30,9,32,0.35750200393499965,0.4453124999999982,0.49,1,0,,,,,,,,,,,,,,,,,,,,,,,,,,,,,,,,,none,none
sun3d-home_md-home_md_scan9_2012_sep_30,9,33,0.34351089411936164,0.28906249999999883,0.14,1,0,,,,,,,,,,,,,,,,,,,,,,,,,,,,,,,,,none,none
sun3d-home_md-home_md_scan9_2012_sep_30,9,35,0.5248852291772936,0.7773437499999969,0.75,1,1,,,,,,,,,,,,,,,,,,,,,,,,,,,,,,,,,none,none
sun3d-home_md-home_md_scan9_2012_sep_30,9,36,0.5641623551701523,0.9140624999999963,0.91,1,1,,,,,,,,,,,,,,,,,,,,,,,,,,,,,,,,,none,none
sun3d-home_md-home_md_scan9_2012_sep_30,9,37,0.35808496684398455,0.7812499999999969,0.6,1,1,,,,,,,,,,,,,,,,,,,,,,,,,,,,,,,,,none,none
sun3d-home_md-home_md_scan9_2012_sep_30,10,11,0.7162905258334288,0.996093749999996,0.95,1,0,,,,,,,,,,,,,,,,,,,,,,,,,,,,,,,,,none,none
sun3d-home_md-home_md_scan9_2012_sep_30,10,12,0.6098063924848207,0.9335937499999962,0.93,1,1,,,,,,,,,,,,,,,,,,,,,,,,,,,,,,,,,none,none
sun3d-home_md-home_md_scan9_2012_sep_30,10,32,0.33010654141367857,0.32812499999999867,0.11,1,1,,,,,,,,,,,,,,,,,,,,,,,,,,,,,,,,,none,none
sun3d-home_md-home_md_scan9_2012_sep_30,10,33,0.35788750143200826,0.23437499999999906,0.11,1,0,,,,,,,,,,,,,,,,,,,,,,,,,,,,,,,,,none,none
sun3d-home_md-home_md_scan9_2012_sep_30,10,35,0.3800549891167373,0.6601562499999973,0.17,1,1,,,,,,,,,,,,,,,,,,,,,,,,,,,,,,,,,none,none
sun3d-home_md-home_md_scan9_2012_sep_30,10,36,0.309371061977317,0.7890624999999969,0.63,1,1,,,,,,,,,,,,,,,,,,,,,,,,,,,,,,,,,none,none
sun3d-home_md-home_md_scan9_2012_sep_30,11,12,0.7333333333333333,0.996093749999996,0.94,1,0,,,,,,,,,,,,,,,,,,,,,,,,,,,,,,,,,none,none
sun3d-home_md-home_md_scan9_2012_sep_30,11,32,0.32744456561250457,0.07421874999999971,0.0,1,0,,,,,,,,,,,,,,,,,,,,,,,,,,,,,,,,,none,none
sun3d-home_md-home_md_scan9_2012_sep_30,11,33,0.2836786623046165,0.03906249999999985,0.0,1,0,,,,,,,,,,,,,,,,,,,,,,,,,,,,,,,,,none,none
sun3d-home_md-home_md_scan9_2012_sep_30,13,14,0.8294517575582236,0.9570312499999962,0.98,1,0,,,,,,,,,,,,,,,,,,,,,,,,,,,,,,,,,none,none
sun3d-home_md-home_md_scan9_2012_sep_30,13,15,0.662013597569796,0.9492187499999962,0.95,1,1,,,,,,,,,,,,,,,,,,,,,,,,,,,,,,,,,none,none
sun3d-home_md-home_md_scan9_2012_sep_30,13,16,0.5922175611167366,0.9335937499999962,0.95,1,1,,,,,,,,,,,,,,,,,,,,,,,,,,,,,,,,,none,none
sun3d-home_md-home_md_scan9_2012_sep_30,14,15,0.845159169360583,0.999999999999996,0.96,1,0,,,,,,,,,,,,,,,,,,,,,,,,,,,,,,,,,none,none
sun3d-home_md-home_md_scan9_2012_sep_30,14,16,0.7029751794422223,0.992187499999996,0.97,1,1,,,,,,,,,,,,,,,,,,,,,,,,,,,,,,,,,none,none
sun3d-home_md-home_md_scan9_2012_sep_30,15,16,0.7994215938303342,0.988281249999996,0.99,1,0,,,,,,,,,,,,,,,,,,,,,,,,,,,,,,,,,none,none
sun3d-home_md-home_md_scan9_2012_sep_30,15,57,0.3210796915167095,0.7343749999999971,0.81,1,1,,,,,,,,,,,,,,,,,,,,,,,,,,,,,,,,,none,none
sun3d-home_md-home_md_scan9_2012_sep_30,16,24,0.46049112569900313,0.7968749999999968,0.78,1,1,,,,,,,,,,,,,,,,,,,,,,,,,,,,,,,,,none,none
sun3d-home_md-home_md_scan9_2012_sep_30,16,55,0.4779155523138018,0.6835937499999972,0.8,1,1,,,,,,,,,,,,,,,,,,,,,,,,,,,,,,,,,none,none
sun3d-home_md-home_md_scan9_2012_sep_30,16,56,0.4589512926493233,0.6328124999999974,0.68,1,1,,,,,,,,,,,,,,,,,,,,,,,,,,,,,,,,,none,none
sun3d-home_md-home_md_scan9_2012_sep_30,16,57,0.45295404814004375,0.7812499999999969,0.81,1,1,,,,,,,,,,,,,,,,,,,,,,,,,,,,,,,,,none,none
sun3d-home_md-home_md_scan9_2012_sep_30,16,58,0.4227246940594862,0.6640624999999973,0.71,1,1,,,,,,,,,,,,,,,,,,,,,,,,,,,,,,,,,none,none
sun3d-home_md-home_md_scan9_2012_sep_30,17,18,0.6697886647454371,0.6054687499999976,0.78,1,0,,,,,,,,,,,,,,,,,,,,,,,,,,,,,,,,,none,none
sun3d-home_md-home_md_scan9_2012_sep_30,17,19,0.5876560999039385,0.5429687499999978,0.71,1,1,,,,,,,,,,,,,,,,,,,,,,,,,,,,,,,,,none,none
sun3d-home_md-home_md_scan9_2012_sep_30,17,20,0.6469740634005764,0.49218749999999806,0.63,1,1,,,,,,,,,,,,,,,,,,,,,,,,,,,,,,,,,none,none
sun3d-home_md-home_md_scan9_2012_sep_30,17,21,0.569164265129683,0.38281249999999845,0.49,1,1,,,,,,,,,,,,,,,,,,,,,,,,,,,,,,,,,none,none
sun3d-home_md-home_md_scan9_2012_sep_30,17,22,0.5919788664745437,0.45703124999999817,0.55,1,1,,,,,,,,,,,,,,,,,,,,,,,,,,,,,,,,,none,none
sun3d-home_md-home_md_scan9_2012_sep_30,17,54,0.8100384245917387,0.49218749999999806,0.63,1,0,,,,,,,,,,,,,,,,,,,,,,,,,,,,,,,,,none,none
sun3d-home_md-home_md_scan9_2012_sep_30,17,55,0.8184438040345822,0.5742187499999977,0.74,1,1,,,,,,,,,,,,,,,,,,,,,,,,,,,,,,,,,none,none
sun3d-home_md-home_md_scan9_2012_sep_30,17,56,0.7598463016330451,0.6210937499999976,0.78,1,0,,,,,,,,,,,,,,,,,,,,,,,,,,,,,,,,,none,none
sun3d-home_md-home_md_scan9_2012_sep_30,17,57,0.8412584053794429,0.6757812499999973,0.53,1,0,,,,,,,,,,,,,,,,,,,,,,,,,,,,,,,,,none,none
sun3d-home_md-home_md_scan9_2012_sep_30,17,58,0.904418828049952,0.5742187499999977,0.45,1,0,,,,,,,,,,,,,,,,,,,,,,,,,,,,,,,,,none,none
sun3d-home_md-home_md_scan9_2012_sep_30,18,19,0.9589950225171842,0.8046874999999968,0.95,1,0,,,,,,,,,,,,,,,,,,,,,,,,,,,,,,,,,none,none
sun3d-home_md-home_md_scan9_2012_sep_30,18,20,0.4783123963024413,0.4062499999999984,0.57,1,1,,,,,,,,,,,,,,,,,,,,,,,,,,,,,,,,,none,none
sun3d-home_md-home_md_scan9_2012_sep_30,18,21,0.37022991230149327,0.2734374999999989,0.62,1,1,,,,,,,,,,,,,,,,,,,,,,,,,,,,,,,,,none,none
sun3d-home_md-home_md_scan9_2012_sep_30,18,22,0.6717231571462432,0.511718749999998,0.73,1,1,,,,,,,,,,,,,,,,,,,,,,,,,,,,,,,,,none,none
sun3d-home_md-home_md_scan9_2012_sep_30,18,23,0.6051196966105712,0.46093749999999817,0.78,1,1,,,,,,,,,,,,,,,,,,,,,,,,,,,,,,,,,none,none
sun3d-home_md-home_md_scan9_2012_sep_30,18,54,0.90471675752548,0.5820312499999977,0.76,1,1,,,,,,,,,,,,,,,,,,,,,,,,,,,,,,,,,none,none
sun3d-home_md-home_md_scan9_2012_sep_30,18,55,0.9438255510784546,0.7343749999999971,0.89,1,1,,,,,,,,,,,,,,,,,,,,,,,,,,,,,,,,,none,none
sun3d-home_md-home_md_scan9_2012_sep_30,18,56,0.9232045508414316,0.7148437499999971,0.8,1,1,,,,,,,,,,,,,,,,,,,,,,,,,,,,,,,,,none,none
sun3d-home_md-home_md_scan9_2012_sep_30,18,57,0.9044797345342498,0.6640624999999973,0.87,1,1,,,,,,,,,,,,,,,,,,,,,,,,,,,,,,,,,none,none
sun3d-home_md-home_md_scan9_2012_sep_30,18,58,0.863474757051434,0.5742187499999977,0.69,1,1,,,,,,,,,,,,,,,,,,,,,,,,,,,,,,,,,none,none
sun3d-home_md-home_md_scan9_2012_sep_30,19,20,0.47539239159350893,0.3515624999999986,0.66,1,0,,,,,,,,,,,,,,,,,,,,,,,,,,,,,,,,,none,none
sun3d-home_md-home_md_scan9_2012_sep_30,19,22,0.6706570896515031,0.4296874999999983,0.67,1,1,,,,,,,,,,,,,,,,,,,,,,,,,,,,,,,,,none,none
sun3d-home_md-home_md_scan9_2012_sep_30,19,23,0.6775738228252195,0.32812499999999867,0.5,1,1,,,,,,,,,,,,,,,,,,,,,,,,,,,,,,,,,none,none
sun3d-home_md-home_md_scan9_2012_sep_30,19,54,0.9034317637669593,0.5624999999999978,0.76,1,1,,,,,,,,,,,,,,,,,,,,,,,,,,,,,,,,,none,none
sun3d-home_md-home_md_scan9_2012_sep_30,19,55,0.9505187549880287,0.6640624999999973,0.75,1,1,,,,,,,,,,,,,,,,,,,,,,,,,,,,,,,,,none,none
sun3d-home_md-home_md_scan9_2012_sep_30,19,56,0.965682362330407,0.6757812499999973,0.81,1,1,,,,,,,,,,,,,,,,,,,,,,,,,,,,,,,,,none,none
sun3d-home_md-home_md_scan9_2012_sep_30,19,57,0.9122106943335994,0.6718749999999973,0.82,1,1,,,,,,,,,,,,,,,,,,,,,,,,,,,,,,,,,none,none
sun3d-home_md-home_md_scan9_2012_sep_30,19,58,0.8507581803671189,0.507812499999998,0.73,1,1,,,,,,,,,,,,,,,,,,,,,,,,,,,,,,,,,none,none
sun3d-home_md-home_md_scan9_2012_sep_30,20,21,0.915807560137457,0.33593749999999867,0.6,1,0,,,,,,,,,,,,,,,,,,,,,,,,,,,,,,,,,none,none
sun3d-home_md-home_md_scan9_2012_sep_30,20,22,0.872852233676976,0.3789062499999985,0.69,1,1,,,,,,,,,,,,,,,,,,,,,,,,,,,,,,,,,none,none
sun3d-home_md-home_md_scan9_2012_sep_30,20,23,0.3917525773195876,0.17968749999999928,0.33,1,1,,,,,,,,,,,,,,,,,,,,,,,,,,,,,,,,,none,none
sun3d-home_md-home_md_scan9_2012_sep_30,20,54,0.9218213058419243,0.23437499999999906,0.31,1,0,,,,,,,,,,,,,,,,,,,,,,,,,,,,,,,,,none,none
sun3d-home_md-home_md_scan9_2012_sep_30,20,55,0.9351374570446735,0.4726562499999981,0.43,1,0,,,,,,,,,,,,,,,,,,,,,,,,,,,,,,,,,none,none
sun3d-home_md-home_md_scan9_2012_sep_30,20,56,0.8582474226804123,0.3710937499999985,0.43,1,0,,,,,,,,,,,,,,,,,,,,,,,,,,,,,,,,,none,none
sun3d-home_md-home_md_scan9_2012_sep_30,20,57,0.9574742268041238,0.38671874999999845,0.42,1,0,,,,,,,,,,,,,,,,,,,,,,,,,,,,,,,,,none,none
sun3d-home_md-home_md_scan9_2012_sep_30,20,58,0.9377147766323024,0.36328124999999856,0.24,1,0,,,,,,,,,,,,,,,,,,,,,,,,,,,,,,,,,none,none
sun3d-home_md-home_md_scan9_2012_sep_30,21,22,0.8283764017552413,0.2773437499999989,0.46,1,0,,,,,,,,,,,,,,,,,,,,,,,,,,,,,,,,,none,none
sun3d-home_md-home_md_scan9_2012_sep_30,21,54,0.856655290102389,0.027343749999999892,0.02,1,0,,,,,,,,,,,,,,,,,,,,,,,,,,,,,,,,,none,none
sun3d-home_md-home_md_scan9_2012_sep_30,21,55,0.8776206728425159,0.17968749999999928,0.15,1,0,,,,,,,,,,,,,,,,,,,,,,,,,,,,,,,,,none,none
sun3d-home_md-home_md_scan9_2012_sep_30,21,56,0.7918088737201365,0.1757812499999993,0.16,1,0,,,,,,,,,,,,,,,,,,,,,,,,,,,,,,,,,none,none
sun3d-home_md-home_md_scan9_2012_sep_30,21,57,0.8971233544612384,0.21484374999999914,0.1,1,0,,,,,,,,,,,,,,,,,,,,,,,,,,,,,,,,,none,none
sun3d-home_md-home_md_scan9_2012_sep_30,21,58,0.89419795221843,0.23828124999999906,0.11,1,0,,,,,,,,,,,,,,,,,,,,,,,,,,,,,,,,,none,none
sun3d-home_md-home_md_scan9_2012_sep_30,22,23,0.6397151235860913,0.3007812499999988,0.45,1,0,,,,,,,,,,,,,,,,,,,,,,,,,,,,,,,,,none,none
sun3d-home_md-home_md_scan9_2012_sep_30,22,54,0.902806870548806,0.33984374999999867,0.38,1,0,,,,,,,,,,,,,,,,,,,,,,,,,,,,,,,,,none,none
sun3d-home_md-home_md_scan9_2012_sep_30,22,55,0.922496857980729,0.3984374999999984,0.43,1,1,,,,,,,,,,,,,,,,,,,,,,,,,,,,,,,,,none,none
sun3d-home_md-home_md_scan9_2012_sep_30,22,56,0.9405111018014244,0.496093749999998,0.5,1,0,,,,,,,,,,,,,,,,,,,,,,,,,,,,,,,,,none,none
sun3d-home_md-home_md_scan9_2012_sep_30,22,57,0.9379974863845831,0.3710937499999985,0.37,1,0,,,,,,,,,,,,,,,,,,,,,,,,,,,,,,,,,none,none
sun3d-home_md-home_md_scan9_2012_sep_30,22,58,0.9124423963133641,0.35546874999999856,0.37,1,0,,,,,,,,,,,,,,,,,,,,,,,,,,,,,,,,,none,none
sun3d-home_md-home_md_scan9_2012_sep_30,23,24,0.6587968952134541,0.36718749999999856,0.55,1,0,,,,,,,,,,,,,,,,,,,,,,,,,,,,,,,,,none,none
sun3d-home_md-home_md_scan9_2012_sep_30,23,54,0.5546571798188874,0.33984374999999867,0.6,1,0,,,,,,,,,,,,,,,,,,,,,,,,,,,,,,,,,none,none
sun3d-home_md-home_md_scan9_2012_sep_30,23,55,0.6044631306597671,0.29296874999999883,0.43,1,0,,,,,,,,,,,,,,,,,,,,,,,,,,,,,,,,,none,none
sun3d-home_md-home_md_scan9_2012_sep_30,23,56,0.6338939197930142,0.3710937499999985,0.52,1,0,,,,,,,,,,,,,,,,,,,,,,,,,,,,,,,,,none,none
sun3d-home_md-home_md_scan9_2012_sep_30,23,57,0.55627425614489,0.1992187499999992,0.27,1,1,,,,,,,,,,,,,,,,,,,,,,,,,,,,,,,,,none,none
sun3d-home_md-home_md_scan9_2012_sep_30,23,58,0.48803363518758086,0.11328124999999954,0.06,1,0,,,,,,,,,,,,,,,,,,,,,,,,,,,,,,,,,none,none
sun3d-home_md-home_md_scan9_2012_sep_30,24,25,0.5691991786447639,0.48828124999999806,0.8,1,0,,,,,,,,,,,,,,,,,,,,,,,,,,,,,,,,,none,none
sun3d-home_md-home_md_scan9_2012_sep_30,25,26,0.6739672858331023,0.46093749999999817,0.66,1,0,,,,,,,,,,,,,,,,,,,,,,,,,,,,,,,,,none,none
sun3d-home_md-home_md_scan9_2012_sep_30,26,27,0.7667323758565662,0.8671874999999966,0.83,1,0,,,,,,,,,,,,,,,,,,,,,,,,,,,,,,,,,none,none
sun3d-home_md-home_md_scan9_2012_sep_30,26,28,0.5484839951187459,0.7226562499999971,0.84,1,0,,,,,,,,,,,,,,,,,,,,,,,,,,,,,,,,,none,none
sun3d-home_md-home_md_scan9_2012_sep_30,26,50,0.46841265371256924,0.7343749999999971,0.91,1,1,,,,,,,,,,,,,,,,,,,,,,,,,,,,,,,,,none,none
sun3d-home_md-home_md_scan9_2012_sep_30,26,51,0.6327794987327513,0.746093749999997,0.79,1,1,,,,,,,,,,,,,,,,,,,,,,,,,,,,,,,,,none,none
sun3d-home_md-home_md_scan9_2012_sep_30,27,28,0.7169423418372115,0.7695312499999969,0.92,1,0,,,,,,,,,,,,,,,,,,,,,,,,,,,,,,,,,none,none
sun3d-home_md-home_md_scan9_2012_sep_30,27,50,0.6680684048219793,0.8124999999999968,0.91,1,1,,,,,,,,,,,,,,,,,,,,,,,,,,,,,,,,,none,none
sun3d-home_md-home_md_scan9_2012_sep_30,27,51,0.6100364451920381,0.6718749999999973,0.82,1,1,,,,,,,,,,,,,,,,,,,,,,,,,,,,,,,,,none,none
sun3d-home_md-home_md_scan9_2012_sep_30,28,50,0.6393993489446603,0.6679687499999973,0.77,1,1,,,,,,,,,,,,,,,,,,,,,,,,,,,,,,,,,none,none
sun3d-home_md-home_md_scan9_2012_sep_30,28,51,0.6766775175889951,0.6796874999999973,0.71,1,1,,,,,,,,,,,,,,,,,,,,,,,,,,,,,,,,,none,none
sun3d-home_md-home_md_scan9_2012_sep_30,29,41,0.4166915943763087,0.06249999999999975,0.0,1,0,,,,,,,,,,,,,,,,,,,,,,,,,,,,,,,,,none,none
sun3d-home_md-home_md_scan9_2012_sep_30,29,42,0.5605743344301526,0.4062499999999984,0.46,1,0,,,,,,,,,,,,,,,,,,,,,,,,,,,,,,,,,none,none
sun3d-home_md-home_md_scan9_2012_sep_30,29,43,0.5064313490876459,0.33984374999999867,0.36,1,0,,,,,,,,,,,,,,,,,,,,,,,,,,,,,,,,,none,none
sun3d-home_md-home_md_scan9_2012_sep_30,29,45,0.42058031708046667,0.023437499999999906,0.0,1,0,,,,,,,,,,,,,,,,,,,,,,,,,,,,,,,,,none,none
sun3d-home_md-home_md_scan9_2012_sep_30,29,47,0.4175889919234221,0.1015624999999996,0.0,1,0,,,,,,,,,,,,,,,,,,,,,,,,,,,,,,,,,none,none
sun3d-home_md-home_md_scan9_2012_sep_30,29,48,0.6595871971283278,0.2773437499999989,0.31,1,0,,,,,,,,,,,,,,,,,,,,,,,,,,,,,,,,,none,none
sun3d-home_md-home_md_scan9_2012_sep_30,29,49,0.5372419982052049,0.07421874999999971,0.0,1,0,,,,,,,,,,,,,,,,,,,,,,,,,,,,,,,,,none,none
sun3d-home_md-home_md_scan9_2012_sep_30,29,50,0.8982949446604845,0.48437499999999806,0.52,1,1,,,,,,,,,,,,,,,,,,,,,,,,,,,,,,,,,none,none
sun3d-home_md-home_md_scan9_2012_sep_30,31,32,0.820403825717322,0.46093749999999817,0.58,1,0,,,,,,,,,,,,,,,,,,,,,,,,,,,,,,,,,none,none
sun3d-home_md-home_md_scan9_2012_sep_30,32,33,0.6292777076683246,0.5664062499999978,0.36,1,0,,,,,,,,,,,,,,,,,,,,,,,,,,,,,,,,,none,none
sun3d-home_md-home_md_scan9_2012_sep_30,32,35,0.5657337985301759,0.7851562499999969,0.77,1,1,,,,,,,,,,,,,,,,,,,,,,,,,,,,,,,,,none,none
sun3d-home_md-home_md_scan9_2012_sep_30,32,36,0.47843515700393435,0.5742187499999977,0.58,1,1,,,,,,,,,,,,,,,,,,,,,,,,,,,,,,,,,none,none
sun3d-home_md-home_md_scan9_2012_sep_30,33,34,0.4598432457353619,0.8007812499999968,0.95,1,0,,,,,,,,,,,,,,,,,,,,,,,,,,,,,,,,,none,none
sun3d-home_md-home_md_scan9_2012_sep_30,33,35,0.6324573536191793,0.738281249999997,0.86,1,1,,,,,,,,,,,,,,,,,,,,,,,,,,,,,,,,,none,none
sun3d-home_md-home_md_scan9_2012_sep_30,33,36,0.42655601659751036,0.5624999999999978,0.43,1,0,,,,,,,,,,,,,,,,,,,,,,,,,,,,,,,,,none,none
sun3d-home_md-home_md_scan9_2012_sep_30,34,35,0.5804907241172951,0.46484374999999817,0.79,1,0,,,,,,,,,,,,,,,,,,,,,,,,,,,,,,,,,none,none
sun3d-home_md-home_md_scan9_2012_sep_30,35,36,0.6707810993249759,0.8437499999999967,0.83,1,0,,,,,,,,,,,,,,,,,,,,,,,,,,,,,,,,,none,none
sun3d-home_md-home_md_scan9_2012_sep_30,35,37,0.3540983606557377,0.4726562499999981,0.23,1,0,,,,,,,,,,,,,,,,,,,,,,,,,,,,,,,,,none,none
sun3d-home_md-home_md_scan9_2012_sep_30,36,37,0.5897130610786998,0.7226562499999971,0.48,1,0,,,,,,,,,,,,,,,,,,,,,,,,,,,,,,,,,none,none
sun3d-home_md-home_md_scan9_2012_sep_30,37,38,0.47163195920101997,0.8593749999999966,0.98,1,0,,,,,,,,,,,,,,,,,,,,,,,,,,,,,,,,,none,none
sun3d-home_md-home_md_scan9_2012_sep_30,38,39,0.8373007206813715,0.992187499999996,1.0,1,0,,,,,,,,,,,,,,,,,,,,,,,,,,,,,,,,,none,none
sun3d-home_md-home_md_scan9_2012_sep_30,38,40,0.8483074907184975,0.992187499999996,1.0,1,1,,,,,,,,,,,,,,,,,,,,,,,,,,,,,,,,,none,none
sun3d-home_md-home_md_scan9_2012_sep_30,38,41,0.5646210963092378,0.9453124999999962,0.93,1,1,,,,,,,,,,,,,,,,,,,,,,,,,,,,,,,,,none,none
sun3d-home_md-home_md_scan9_2012_sep_30,38,46,0.8477396811530902,0.999999999999996,1.0,1,1,,,,,,,,,,,,,,,,,,,,,,,,,,,,,,,,,none,none
sun3d-home_md-home_md_scan9_2012_sep_30,38,47,0.5882070321030792,0.9453124999999962,0.97,1,1,,,,,,,,,,,,,,,,,,,,,,,,,,,,,,,,,none,none
sun3d-home_md-home_md_scan9_2012_sep_30,39,40,0.8017688679245283,0.988281249999996,1.0,1,0,,,,,,,,,,,,,,,,,,,,,,,,,,,,,,,,,none,none
sun3d-home_md-home_md_scan9_2012_sep_30,39,41,0.6173349056603774,0.9843749999999961,0.98,1,1,,,,,,,,,,,,,,,,,,,,,,,,,,,,,,,,,none,none
sun3d-home_md-home_md_scan9_2012_sep_30,39,45,0.714937106918239,0.9726562499999961,1.0,1,1,,,,,,,,,,,,,,,,,,,,,,,,,,,,,,,,,none,none
sun3d-home_md-home_md_scan9_2012_sep_30,39,46,0.9421383647798742,0.999999999999996,1.0,1,1,,,,,,,,,,,,,,,,,,,,,,,,,,,,,,,,,none,none
sun3d-home_md-home_md_scan9_2012_sep_30,39,47,0.6234276729559748,0.9609374999999961,0.99,1,1,,,,,,,,,,,,,,,,,,,,,,,,,,,,,,,,,none,none
sun3d-home_md-home_md_scan9_2012_sep_30,40,41,0.728707262795873,0.9804687499999961,0.96,1,0,,,,,,,,,,,,,,,,,,,,,,,,,,,,,,,,,none,none
sun3d-home_md-home_md_scan9_2012_sep_30,40,45,0.6491503135747522,0.9414062499999962,0.94,1,1,,,,,,,,,,,,,,,,,,,,,,,,,,,,,,,,,none,none
sun3d-home_md-home_md_scan9_2012_sep_30,40,46,0.943151932025086,0.996093749999996,0.98,1,1,,,,,,,,,,,,,,,,,,,,,,,,,,,,,,,,,none,none
sun3d-home_md-home_md_scan9_2012_sep_30,40,47,0.7409467934452761,0.988281249999996,0.98,1,1,,,,,,,,,,,,,,,,,,,,,,,,,,,,,,,,,none,none
sun3d-home_md-home_md_scan9_2012_sep_30,40,49,0.43718389641917865,0.9531249999999962,0.95,1,1,,,,,,,,,,,,,,,,,,,,,,,,,,,,,,,,,none,none
sun3d-home_md-home_md_scan9_2012_sep_30,41,45,0.6382967063078863,0.9765624999999961,0.99,1,1,,,,,,,,,,,,,,,,,,,,,,,,,,,,,,,,,none,none
sun3d-home_md-home_md_scan9_2012_sep_30,41,46,0.7570011508741163,0.992187499999996,0.98,1,1,,,,,,,,,,,,,,,,,,,,,,,,,,,,,,,,,none,none
sun3d-home_md-home_md_scan9_2012_sep_30,41,47,0.9746259659122047,0.992187499999996,1.0,1,1,,,,,,,,,,,,,,,,,,,,,,,,,,,,,,,,,none,none
sun3d-home_md-home_md_scan9_2012_sep_30,41,48,0.5593248205184413,0.988281249999996,0.99,1,1,,,,,,,,,,,,,,,,,,,,,,,,,,,,,,,,,none,none
sun3d-home_md-home_md_scan9_2012_sep_30,41,49,0.6430646133611004,0.9843749999999961,1.0,1,1,,,,,,,,,,,,,,,,,,,,,,,,,,,,,,,,,none,none
sun3d-home_md-home_md_scan9_2012_sep_30,42,43,0.646909617972875,0.9140624999999963,0.93,1,0,,,,,,,,,,,,,,,,,,,,,,,,,,,,,,,,,none,none
sun3d-home_md-home_md_scan9_2012_sep_30,42,48,0.39740138730717467,0.8710937499999966,0.89,1,1,,,,,,,,,,,,,,,,,,,,,,,,,,,,,,,,,none,none
sun3d-home_md-home_md_scan9_2012_sep_30,42,49,0.3730199813645305,0.9179687499999963,0.93,1,1,,,,,,,,,,,,,,,,,,,,,,,,,,,,,,,,,none,none
sun3d-home_md-home_md_scan9_2012_sep_30,42,50,0.8458950201884253,0.9687499999999961,0.97,1,1,,,,,,,,,,,,,,,,,,,,,,,,,,,,,,,,,none,none
sun3d-home_md-home_md_scan9_2012_sep_30,42,51,0.4875763536597992,0.8593749999999966,0.77,1,0,,,,,,,,,,,,,,,,,,,,,,,,,,,,,,,,,none,none
sun3d-home_md-home_md_scan9_2012_sep_30,44,45,0.552345013477089,0.6445312499999974,0.55,1,0,,,,,,,,,,,,,,,,,,,,,,,,,,,,,,,,,none,none
sun3d-home_md-home_md_scan9_2012_sep_30,45,46,0.6202660870710663,0.9648437499999961,0.96,1,0,,,,,,,,,,,,,,,,,,,,,,,,,,,,,,,,,none,none
sun3d-home_md-home_md_scan9_2012_sep_30,46,47,0.5378041498731154,0.988281249999996,0.99,1,0,,,,,,,,,,,,,,,,,,,,,,,,,,,,,,,,,none,none
sun3d-home_md-home_md_scan9_2012_sep_30,47,48,0.562182963092531,0.9726562499999961,0.97,1,0,,,,,,,,,,,,,,,,,,,,,,,,,,,,,,,,,none,none
sun3d-home_md-home_md_scan9_2012_sep_30,47,49,0.6680660019823917,0.9765624999999961,0.98,1,1,,,,,,,,,,,,,,,,,,,,,,,,,,,,,,,,,none,none
sun3d-home_md-home_md_scan9_2012_sep_30,47,50,0.3702991079237362,0.7734374999999969,0.87,1,1,,,,,,,,,,,,,,,,,,,,,,,,,,,,,,,,,none,none
sun3d-home_md-home_md_scan9_2012_sep_30,48,49,0.8399288572698977,0.9843749999999961,0.98,1,0,,,,,,,,,,,,,,,,,,,,,,,,,,,,,,,,,none,none
sun3d-home_md-home_md_scan9_2012_sep_30,48,50,0.6646763640983294,0.8593749999999966,0.88,1,1,,,,,,,,,,,,,,,,,,,,,,,,,,,,,,,,,none,none
sun3d-home_md-home_md_scan9_2012_sep_30,49,50,0.5837216074548631,0.8789062499999964,0.87,1,0,,,,,,,,,,,,,,,,,,,,,,,,,,,,,,,,,none,none
sun3d-home_md-home_md_scan9_2012_sep_30,50,51,0.586603979285909,0.9374999999999962,0.91,1,0,,,,,,,,,,,,,,,,,,,,,,,,,,,,,,,,,none,none
sun3d-home_md-home_md_scan9_2012_sep_30,51,52,0.4861819566044918,0.9726562499999961,0.95,1,0,,,,,,,,,,,,,,,,,,,,,,,,,,,,,,,,,none,none
sun3d-home_md-home_md_scan9_2012_sep_30,51,59,0.5646745336886182,0.8945312499999964,0.85,1,1,,,,,,,,,,,,,,,,,,,,,,,,,,,,,,,,,none,none
sun3d-home_md-home_md_scan9_2012_sep_30,52,59,0.8455165334701957,0.9179687499999963,0.98,1,1,,,,,,,,,,,,,,,,,,,,,,,,,,,,,,,,,none,none
sun3d-home_md-home_md_scan9_2012_sep_30,53,54,0.8928722952906236,0.8124999999999968,0.91,1,0,,,,,,,,,,,,,,,,,,,,,,,,,,,,,,,,,none,none
sun3d-home_md-home_md_scan9_2012_sep_30,53,55,0.44633008061094614,0.2031249999999992,0.63,1,1,,,,,,,,,,,,,,,,,,,,,,,,,,,,,,,,,none,none
sun3d-home_md-home_md_scan9_2012_sep_30,53,58,0.6308867204072974,0.5273437499999979,0.79,1,1,,,,,,,,,,,,,,,,,,,,,,,,,,,,,,,,,none,none
sun3d-home_md-home_md_scan9_2012_sep_30,53,59,0.6790411540093338,0.7187499999999971,0.9,1,1,,,,,,,,,,,,,,,,,,,,,,,,,,,,,,,,,none,none
sun3d-home_md-home_md_scan9_2012_sep_30,54,55,0.8250294233032561,0.8906249999999964,0.96,1,0,,,,,,,,,,,,,,,,,,,,,,,,,,,,,,,,,none,none
sun3d-home_md-home_md_scan9_2012_sep_30,54,56,0.633876029815614,0.6757812499999973,0.82,1,1,,,,,,,,,,,,,,,,,,,,,,,,,,,,,,,,,none,none
sun3d-home_md-home_md_scan9_2012_sep_30,54,57,0.7464692036092585,0.7734374999999969,0.86,1,1,,,,,,,,,,,,,,,,,,,,,,,,,,,,,,,,,none,none
sun3d-home_md-home_md_scan9_2012_sep_30,54,58,0.8609258532757944,0.6953124999999972,0.88,1,1,,,,,,,,,,,,,,,,,,,,,,,,,,,,,,,,,none,none
sun3d-home_md-home_md_scan9_2012_sep_30,54,59,0.6238721067085131,0.7734374999999969,0.84,1,1,,,,,,,,,,,,,,,,,,,,,,,,,,,,,,,,,none,none
sun3d-home_md-home_md_scan9_2012_sep_30,55,56,0.8641895030190432,0.9179687499999963,0.88,1,0,,,,,,,,,,,,,,,,,,,,,,,,,,,,,,,,,none,none
sun3d-home_md-home_md_scan9_2012_sep_30,55,57,0.9423130515559685,0.9023437499999964,0.94,1,1,,,,,,,,,,,,,,,,,,,,,,,,,,,,,,,,,none,none
sun3d-home_md-home_md_scan9_2012_sep_30,55,58,0.9266140269391546,0.8554687499999966,0.84,1,1,,,,,,,,,,,,,,,,,,,,,,,,,,,,,,,,,none,none
sun3d-home_md-home_md_scan9_2012_sep_30,55,59,0.5724105898745936,0.7343749999999971,0.82,1,1,,,,,,,,,,,,,,,,,,,,,,,,,,,,,,,,,none,none
sun3d-home_md-home_md_scan9_2012_sep_30,56,57,0.9619281547436291,0.9414062499999962,0.92,1,0,,,,,,,,,,,,,,,,,,,,,,,,,,,,,,,,,none,none
sun3d-home_md-home_md_scan9_2012_sep_30,56,58,0.8999078906969604,0.8281249999999967,0.82,1,1,,,,,,,,,,,,,,,,,,,,,,,,,,,,,,,,,none,none
sun3d-home_md-home_md_scan9_2012_sep_30,57,58,0.9130934779037293,0.9765624999999961,0.99,1,0,,,,,,,,,,,,,,,,,,,,,,,,,,,,,,,,,none,none
sun3d-home_md-home_md_scan9_2012_sep_30,58,59,0.4799869480095715,0.8476562499999966,0.95,1,0,,,,,,,,,,,,,,,,,,,,,,,,,,,,,,,,,none,none
sun3d-hotel_uc-scan3,0,1,0.9221065692424347,0.996093749999996,0.99,1,0,,,,,,,,,,,,,,,,,,,,,,,,,,,,,,,,,none,none
sun3d-hotel_uc-scan3,0,2,0.6047425380850624,0.9765624999999961,0.98,1,1,,,,,,,,,,,,,,,,,,,,,,,,,,,,,,,,,none,none
sun3d-hotel_uc-scan3,0,3,0.7836906321086372,0.996093749999996,1.0,1,1,,,,,,,,,,,,,,,,,,,,,,,,,,,,,,,,,none,none
sun3d-hotel_uc-scan3,0,10,0.7085200248156063,0.999999999999996,0.99,1,1,,,,,,,,,,,,,,,,,,,,,,,,,,,,,,,,,none,none
sun3d-hotel_uc-scan3,0,19,0.5950920245398773,0.9296874999999963,0.92,1,1,,,,,,,,,,,,,,,,,,,,,,,,,,,,,,,,,none,none
sun3d-hotel_uc-scan3,0,35,0.5471841180119942,0.9492187499999962,0.95,1,1,,,,,,,,,,,,,,,,,,,,,,,,,,,,,,,,,none,none
sun3d-hotel_uc-scan3,0,36,0.4757703177776246,0.9570312499999962,0.98,1,1,,,,,,,,,,,,,,,,,,,,,,,,,,,,,,,,,none,none
sun3d-hotel_uc-scan3,0,43,0.36365203005445645,0.9492187499999962,0.91,1,1,,,,,,,,,,,,,,,,,,,,,,,,,,,,,,,,,none,none
sun3d-hotel_uc-scan3,0,44,0.533949128007169,0.992187499999996,0.97,1,1,,,,,,,,,,,,,,,,,,,,,,,,,,,,,,,,,none,none
sun3d-hotel_uc-scan3,0,45,0.6305921279382367,0.996093749999996,0.99,1,1,,,,,,,,,,,,,,,,,,,,,,,,,,,,,,,,,none,none
sun3d-hotel_uc-scan3,0,54,0.4466809126628524,0.996093749999996,0.98,1,1,,,,,,,,,,,,,,,,,,,,,,,,,,,,,,,,,none,none
sun3d-hotel_uc-scan3,1,2,0.6731076759061834,0.999999999999996,1.0,1,0,,,,,,,,,,,,,,,,,,,,,,,,,,,,,,,,,none,none
sun3d-hotel_uc-scan3,1,3,0.7770189232409381,0.996093749999996,0.98,1,1,,,,,,,,,,,,,,,,,,,,,,,,,,,,,,,,,none,none
sun3d-hotel_uc-scan3,1,10,0.691397921108742,0.996093749999996,1.0,1,1,,,,,,,,,,,,,,,,,,,,,,,,,,,,,,,,,none,none
sun3d-hotel_uc-scan3,1,11,0.3392523987206823,0.9296874999999963,0.93,1,1,,,,,,,,,,,,,,,,,,,,,,,,,,,,,,,,,none,none
sun3d-hotel_uc-scan3,1,35,0.5905517057569296,0.9726562499999961,0.95,1,1,,,,,,,,,,,,,,,,,,,,,,,,,,,,,,,,,none,none
sun3d-hotel_uc-scan3,1,43,0.40001998933901917,0.9374999999999962,0.88,1,1,,,,,,,,,,,,,,,,,,,,,,,,,,,,,,,,,none,none
sun3d-hotel_uc-scan3,1,44,0.556569829424307,0.9570312499999962,0.91,1,1,,,,,,,,,,,,,,,,,,,,,,,,,,,,,,,,,none,none
sun3d-hotel_uc-scan3,1,45,0.689398987206823,0.9765624999999961,0.92,1,1,,,,,,,,,,,,,,,,,,,,,,,,,,,,,,,,,none,none
sun3d-hotel_uc-scan3,1,54,0.49033848614072495,0.9648437499999961,0.93,1,1,,,,,,,,,,,,,,,,,,,,,,,,,,,,,,,,,none,none
sun3d-hotel_uc-scan3,2,3,0.7272657183608959,0.9843749999999961,0.97,1,0,,,,,,,,,,,,,,,,,,,,,,,,,,,,,,,,,none,none
sun3d-hotel_uc-scan3,2,10,0.5677884430052812,0.999999999999996,0.96,1,1,,,,,,,,,,,,,,,,,,,,,,,,,,,,,,,,,none,none
sun3d-hotel_uc-scan3,2,11,0.5451216221425542,0.9726562499999961,0.9,1,1,,,,,,,,,,,,,,,,,,,,,,,,,,,,,,,,,none,none
sun3d-hotel_uc-scan3,2,34,0.5476273081222774,0.761718749999997,0.71,1,1,,,,,,,,,,,,,,,,,,,,,,,,,,,,,,,,,none,none
sun3d-hotel_uc-scan3,2,35,0.7739485756138931,0.996093749999996,0.93,1,1,,,,,,,,,,,,,,,,,,,,,,,,,,,,,,,,,none,none
sun3d-hotel_uc-scan3,2,43,0.39767163948961104,0.9374999999999962,0.94,1,1,,,,,,,,,,,,,,,,,,,,,,,,,,,,,,,,,none,none
sun3d-hotel_uc-scan3,2,44,0.5216067229482286,0.9726562499999961,0.93,1,1,,,,,,,,,,,,,,,,,,,,,,,,,,,,,,,,,none,none
sun3d-hotel_uc-scan3,2,45,0.7089163871863073,0.9843749999999961,0.99,1,1,,,,,,,,,,,,,,,,,,,,,,,,,,,,,,,,,none,none
sun3d-hotel_uc-scan3,2,46,0.6069927913341814,0.8476562499999966,0.88,1,1,,,,,,,,,,,,,,,,,,,,,,,,,,,,,,,,,none,none
sun3d-hotel_uc-scan3,2,53,0.5095408812304846,0.8710937499999966,0.84,1,1,,,,,,,,,,,,,,,,,,,,,,,,,,,,,,,,,none,none
sun3d-hotel_uc-scan3,2,54,0.7860529663467098,0.988281249999996,0.95,1,1,,,,,,,,,,,,,,,,,,,,,,,,,,,,,,,,,none,none
sun3d-hotel_uc-scan3,3,10,0.48156424581005586,0.9804687499999961,0.99,1,1,,,,,,,,,,,,,,,,,,,,,,,,,,,,,,,,,none,none
sun3d-hotel_uc-scan3,3,35,0.6455227454110136,0.988281249999996,0.97,1,1,,,,,,,,,,,,,,,,,,,,,,,,,,,,,,,,,none,none
sun3d-hotel_uc-scan3,3,45,0.5317158818834796,0.988281249999996,0.96,1,1,,,,,,,,,,,,,,,,,,,,,,,,,,,,,,,,,none,none
sun3d-hotel_uc-scan3,3,54,0.4424900239425379,0.9765624999999961,0.98,1,1,,,,,,,,,,,,,,,,,,,,,,,,,,,,,,,,,none,none
sun3d-hotel_uc-scan3,4,5,0.5031569536793876,0.9335937499999962,0.7,1,0,,,,,,,,,,,,,,,,,,,,,,,,,,,,,,,,,none,none
sun3d-hotel_uc-scan3,4,6,0.41615913281555567,0.8242187499999967,0.78,1,1,,,,,,,,,,,,,,,,,,,,,,,,,,,,,,,,,none,none
sun3d-hotel_uc-scan3,4,9,0.733754260490585,0.9374999999999962,0.89,1,1,,,,,,,,,,,,,,,,,,,,,,,,,,,,,,,,,none,none
sun3d-hotel_uc-scan3,4,10,0.5031569536793876,0.8984374999999964,0.91,1,1,,,,,,,,,,,,,,,,,,,,,,,,,,,,,,,,,none,none
sun3d-hotel_uc-scan3,4,18,0.4325864670056434,0.7734374999999969,0.48,1,1,,,,,,,,,,,,,,,,,,,,,,,,,,,,,,,,,none,none
sun3d-hotel_uc-scan3,4,19,0.4719226686036766,0.738281249999997,0.69,1,1,,,,,,,,,,,,,,,,,,,,,,,,,,,,,,,,,none,none
sun3d-hotel_uc-scan3,4,20,0.5856847516343521,0.8906249999999964,0.93,1,1,,,,,,,,,,,,,,,,,,,,,,,,,,,,,,,,,none,none
sun3d-hotel_uc-scan3,4,36,0.6522322176901156,0.9687499999999961,0.86,1,1,,,,,,,,,,,,,,,,,,,,,,,,,,,,,,,,,none,none
sun3d-hotel_uc-scan3,4,37,0.387997988489691,0.9101562499999963,0.92,1,1,,,,,,,,,,,,,,,,,,,,,,,,,,,,,,,,,none,none
sun3d-hotel_uc-scan3,5,6,0.9341459788910361,0.9453124999999962,0.9,1,0,,,,,,,,,,,,,,,,,,,,,,,,,,,,,,,,,none,none
sun3d-hotel_uc-scan3,5,7,0.7171101531143155,0.9492187499999962,0.9,1,1,,,,,,,,,,,,,,,,,,,,,,,,,,,,,,,,,none,none
sun3d-hotel_uc-scan3,5,8,0.5753679203210941,0.8906249999999964,0.92,1,1,,,,,,,,,,,,,,,,,,,,,,,,,,,,,,,,,none,none
sun3d-hotel_uc-scan3,5,9,0.5262375501709529,0.8632812499999966,0.87,1,1,,,,,,,,,,,,,,,,,,,,,,,,,,,,,,,,,none,none
sun3d-hotel_uc-scan3,5,37,0.821391407759774,0.9453124999999962,0.93,1,1,,,,,,,,,,,,,,,,,,,,,,,,,,,,,,,,,none,none
sun3d-hotel_uc-scan3,5,38,0.6421138694811952,0.9140624999999963,0.91,1,1,,,,,,,,,,,,,,,,,,,,,,,,,,,,,,,,,none,none
sun3d-hotel_uc-scan3,5,39,0.6152817006094842,0.8515624999999966,0.88,1,1,,,,,,,,,,,,,,,,,,,,,,,,,,,,,,,,,none,none
sun3d-hotel_uc-scan3,5,40,0.5859967295971459,0.8203124999999967,0.9,1,1,,,,,,,,,,,,,,,,,,,,,,,,,,,,,,,,,none,none
sun3d-hotel_uc-scan3,5,41,0.5226698379664041,0.7929687499999968,0.87,1,1,,,,,,,,,,,,,,,,,,,,,,,,,,,,,,,,,none,none
sun3d-hotel_uc-scan3,6,7,0.8310432269859055,0.9687499999999961,0.95,1,0,,,,,,,,,,,,,,,,,,,,,,,,,,,,,,,,,none,none
sun3d-hotel_uc-scan3,6,8,0.6502919148434275,0.9531249999999962,0.93,1,1,,,,,,,,,,,,,,,,,,,,,,,,,,,,,,,,,none,none
sun3d-hotel_uc-scan3,6,9,0.5389514654714868,0.9140624999999963,0.92,1,1,,,,,,,,,,,,,,,,,,,,,,,,,,,,,,,,,none,none
sun3d-hotel_uc-scan3,6,37,0.8214896502919149,0.9609374999999961,0.91,1,1,,,,,,,,,,,,,,,,,,,,,,,,,,,,,,,,,none,none
sun3d-hotel_uc-scan3,6,38,0.6344872324113935,0.8906249999999964,0.96,1,1,,,,,,,,,,,,,,,,,,,,,,,,,,,,,,,,,none,none
sun3d-hotel_uc-scan3,6,39,0.6423895736274106,0.9023437499999964,0.87,1,1,,,,,,,,,,,,,,,,,,,,,,,,,,,,,,,,,none,none
sun3d-hotel_uc-scan3,6,40,0.6512944506693401,0.9218749999999963,0.89,1,1,,,,,,,,,,,,,,,,,,,,,,,,,,,,,,,,,none,none
sun3d-hotel_uc-scan3,6,41,0.5850091407678245,0.8671874999999966,0.86,1,1,,,,,,,,,,,,,,,,,,,,,,,,,,,,,,,,,none,none
sun3d-hotel_uc-scan3,7,8,0.7748263406501806,0.9726562499999961,0.98,1,0,,,,,,,,,,,,,,,,,,,,,,,,,,,,,,,,,none,none
sun3d-hotel_uc-scan3,7,37,0.8186718532925813,0.9765624999999961,0.98,1,1,,,,,,,,,,,,,,,,,,,,,,,,,,,,,,,,,none,none
sun3d-hotel_uc-scan3,7,38,0.7788274520700195,0.9492187499999962,0.93,1,1,,,,,,,,,,,,,,,,,,,,,,,,,,,,,,,,,none,none
sun3d-hotel_uc-scan3,7,39,0.7001944984717977,0.8945312499999964,0.92,1,1,,,,,,,,,,,,,,,,,,,,,,,,,,,,,,,,,none,none
sun3d-hotel_uc-scan3,7,40,0.7974993053626007,0.9453124999999962,0.96,1,1,,,,,,,,,,,,,,,,,,,,,,,,,,,,,,,,,none,none
sun3d-hotel_uc-scan3,7,41,0.729369269241456,0.9374999999999962,0.96,1,1,,,,,,,,,,,,,,,,,,,,,,,,,,,,,,,,,none,none
sun3d-hotel_uc-scan3,8,9,0.6381610784652609,0.9687499999999961,0.98,1,0,,,,,,,,,,,,,,,,,,,,,,,,,,,,,,,,,none,none
sun3d-hotel_uc-scan3,8,36,0.43249222260629105,0.738281249999997,0.47,1,1,,,,,,,,,,,,,,,,,,,,,,,,,,,,,,,,,none,none
sun3d-hotel_uc-scan3,8,37,0.7187003110957484,0.9492187499999962,0.99,1,1,,,,,,,,,,,,,,,,,,,,,,,,,,,,,,,,,none,none
sun3d-hotel_uc-scan3,8,38,0.6231593501555479,0.9023437499999964,0.95,1,1,,,,,,,,,,,,,,,,,,,,,,,,,,,,,,,,,none,none
sun3d-hotel_uc-scan3,8,39,0.65274801244383,0.9140624999999963,0.96,1,1,,,,,,,,,,,,,,,,,,,,,,,,,,,,,,,,,none,none
sun3d-hotel_uc-scan3,8,40,0.7380573798824749,0.9414062499999962,0.96,1,1,,,,,,,,,,,,,,,,,,,,,,,,,,,,,,,,,none,none
sun3d-hotel_uc-scan3,8,41,0.776218458347736,0.9570312499999962,0.97,1,1,,,,,,,,,,,,,,,,,,,,,,,,,,,,,,,,,none,none
sun3d-hotel_uc-scan3,8,42,0.4325613549948151,0.8124999999999968,0.91,1,1,,,,,,,,,,,,,,,,,,,,,,,,,,,,,,,,,none,none
sun3d-hotel_uc-scan3,9,10,0.6747287619537716,0.9648437499999961,0.97,1,0,,,,,,,,,,,,,,,,,,,,,,,,,,,,,,,,,none,none
sun3d-hotel_uc-scan3,9,20,0.42977829237960463,0.8124999999999968,0.77,1,1,,,,,,,,,,,,,,,,,,,,,,,,,,,,,,,,,none,none
sun3d-hotel_uc-scan3,9,36,0.7112226081735924,0.9492187499999962,0.86,1,1,,,,,,,,,,,,,,,,,,,,,,,,,,,,,,,,,none,none
sun3d-hotel_uc-scan3,9,43,0.4778506797032463,0.8671874999999966,0.79,1,1,,,,,,,,,,,,,,,,,,,,,,,,,,,,,,,,,none,none
sun3d-hotel_uc-scan3,9,44,0.5413611218319825,0.8476562499999966,0.79,1,1,,,,,,,,,,,,,,,,,,,,,,,,,,,,,,,,,none,none
sun3d-hotel_uc-scan3,9,45,0.4796946695827437,0.8984374999999964,0.82,1,1,,,,,,,,,,,,,,,,,,,,,,,,,,,,,,,,,none,none
sun3d-hotel_uc-scan3,10,18,0.5724444079082577,0.9218749999999963,0.86,1,1,,,,,,,,,,,,,,,,,,,,,,,,,,,,,,,,,none,none
sun3d-hotel_uc-scan3,10,19,0.5620041925274364,0.9609374999999961,0.91,1,1,,,,,,,,,,,,,,,,,,,,,,,,,,,,,,,,,none,none
sun3d-hotel_uc-scan3,10,20,0.5591269678161864,0.9296874999999963,0.91,1,1,,,,,,,,,,,,,,,,,,,,,,,,,,,,,,,,,none,none
sun3d-hotel_uc-scan3,10,35,0.37987586830531467,0.9453124999999962,0.95,1,1,,,,,,,,,,,,,,,,,,,,,,,,,,,,,,,,,none,none
sun3d-hotel_uc-scan3,10,36,0.6822721854576842,0.9804687499999961,0.93,1,1,,,,,,,,,,,,,,,,,,,,,,,,,,,,,,,,,none,none
sun3d-hotel_uc-scan3,10,43,0.5231205557154014,0.9765624999999961,0.93,1,1,,,,,,,,,,,,,,,,,,,,,,,,,,,,,,,,,none,none
sun3d-hotel_uc-scan3,10,44,0.7326236179045583,0.9804687499999961,0.95,1,1,,,,,,,,,,,,,,,,,,,,,,,,,,,,,,,,,none,none
sun3d-hotel_uc-scan3,10,45,0.7969912450162357,0.9843749999999961,0.95,1,1,,,,,,,,,,,,,,,,,,,,,,,,,,,,,,,,,none,none
sun3d-hotel_uc-scan3,10,54,0.378396152739529,0.9648437499999961,0.96,1,1,,,,,,,,,,,,,,,,,,,,,,,,,,,,,,,,,none,none
sun3d-hotel_uc-scan3,11,34,0.8377477395195908,0.8984374999999964,0.88,1,1,,,,,,,,,,,,,,,,,,,,,,,,,,,,,,,,,none,none
sun3d-hotel_uc-scan3,11,35,0.8177002465978628,0.9687499999999961,0.95,1,1,,,,,,,,,,,,,,,,,,,,,,,,,,,,,,,,,none,none
sun3d-hotel_uc-scan3,11,46,0.6795141108777057,0.9843749999999961,0.98,1,1,,,,,,,,,,,,,,,,,,,,,,,,,,,,,,,,,none,none
sun3d-hotel_uc-scan3,11,47,0.427116631655859,0.8359374999999967,0.64,1,1,,,,,,,,,,,,,,,,,,,,,,,,,,,,,,,,,none,none
sun3d-hotel_uc-scan3,11,53,0.5852589277559594,0.9492187499999962,0.9,1,1,,,,,,,,,,,,,,,,,,,,,,,,,,,,,,,,,none,none
sun3d-hotel_uc-scan3,11,54,0.6365421499680336,0.9296874999999963,0.86,1,1,,,,,,,,,,,,,,,,,,,,,,,,,,,,,,,,,none,none
sun3d-hotel_uc-scan3,12,13,0.5578971221391343,0.9492187499999962,1.0,1,0,,,,,,,,,,,,,,,,,,,,,,,,,,,,,,,,,none,none
sun3d-hotel_uc-scan3,12,32,0.6180602764559257,0.992187499999996,1.0,1,1,,,,,,,,,,,,,,,,,,,,,,,,,,,,,,,,,none,none
sun3d-hotel_uc-scan3,12,33,0.847892590074779,0.9218749999999963,0.93,1,1,,,,,,,,,,,,,,,,,,,,,,,,,,,,,,,,,none,none
sun3d-hotel_uc-scan3,12,47,0.842794017675051,0.9843749999999961,0.97,1,1,,,,,,,,,,,,,,,,,,,,,,,,,,,,,,,,,none,none
sun3d-hotel_uc-scan3,12,48,0.6630410151824155,0.988281249999996,1.0,1,1,,,,,,,,,,,,,,,,,,,,,,,,,,,,,,,,,none,none
sun3d-hotel_uc-scan3,12,52,0.7089848175844097,0.9609374999999961,0.95,1,1,,,,,,,,,,,,,,,,,,,,,,,,,,,,,,,,,none,none
sun3d-hotel_uc-scan3,12,53,0.5262293224563789,0.7968749999999968,0.51,1,1,,,,,,,,,,,,,,,,,,,,,,,,,,,,,,,,,none,none
sun3d-hotel_uc-scan3,13,14,0.6146650998824912,0.9804687499999961,0.92,1,0,,,,,,,,,,,,,,,,,,,,,,,,,,,,,,,,,none,none
sun3d-hotel_uc-scan3,13,24,0.5498472385428907,0.9453124999999962,0.97,1,1,,,,,,,,,,,,,,,,,,,,,,,,,,,,,,,,,none,none
sun3d-hotel_uc-scan3,13,25,0.5712338425381903,0.9492187499999962,0.96,1,1,,,,,,,,,,,,,,,,,,,,,,,,,,,,,,,,,none,none
sun3d-hotel_uc-scan3,13,26,0.5607050528789659,0.9453124999999962,0.94,1,1,,,,,,,,,,,,,,,,,,,,,,,,,,,,,,,,,none,none
sun3d-hotel_uc-scan3,13,47,0.31388954171562866,0.8906249999999964,0.89,1,1,,,,,,,,,,,,,,,,,,,,,,,,,,,,,,,,,none,none
sun3d-hotel_uc-scan3,13,48,0.6163572267920094,0.9687499999999961,0.99,1,1,,,,,,,,,,,,,,,,,,,,,,,,,,,,,,,,,none,none
sun3d-hotel_uc-scan3,13,49,0.3999529964747356,0.8124999999999968,0.94,1,1,,,,,,,,,,,,,,,,,,,,,,,,,,,,,,,,,none,none
sun3d-hotel_uc-scan3,13,51,0.3514453584018801,0.8046874999999968,0.85,1,0,,,,,,,,,,,,,,,,,,,,,,,,,,,,,,,,,none,none
sun3d-hotel_uc-scan3,13,52,0.5094712103407756,0.9453124999999962,0.94,1,1,,,,,,,,,,,,,,,,,,,,,,,,,,,,,,,,,none,none
sun3d-hotel_uc-scan3,14,15,0.6470034186841555,0.996093749999996,1.0,1,0,,,,,,,,,,,,,,,,,,,,,,,,,,,,,,,,,none,none
sun3d-hotel_uc-scan3,14,16,0.44149863950324425,0.9453124999999962,0.9,1,1,,,,,,,,,,,,,,,,,,,,,,,,,,,,,,,,,none,none
sun3d-hotel_uc-scan3,14,23,0.5079187888090421,0.9609374999999961,0.94,1,1,,,,,,,,,,,,,,,,,,,,,,,,,,,,,,,,,none,none
sun3d-hotel_uc-scan3,14,24,0.7980185585711296,0.999999999999996,0.98,1,1,,,,,,,,,,,,,,,,,,,,,,,,,,,,,,,,,none,none
sun3d-hotel_uc-scan3,14,25,0.47359240912579365,0.999999999999996,0.99,1,1,,,,,,,,,,,,,,,,,,,,,,,,,,,,,,,,,none,none
sun3d-hotel_uc-scan3,14,26,0.4551036070606293,0.9765624999999961,0.93,1,1,,,,,,,,,,,,,,,,,,,,,,,,,,,,,,,,,none,none
sun3d-hotel_uc-scan3,14,49,0.6333286820623736,0.9453124999999962,0.98,1,1,,,,,,,,,,,,,,,,,,,,,,,,,,,,,,,,,none,none
sun3d-hotel_uc-scan3,14,51,0.5599665108490895,0.9453124999999962,0.9,1,1,,,,,,,,,,,,,,,,,,,,,,,,,,,,,,,,,none,none
sun3d-hotel_uc-scan3,15,16,0.6733932069335108,0.996093749999996,0.99,1,0,,,,,,,,,,,,,,,,,,,,,,,,,,,,,,,,,none,none
sun3d-hotel_uc-scan3,15,22,0.3919872860997154,0.9687499999999961,0.99,1,1,,,,,,,,,,,,,,,,,,,,,,,,,,,,,,,,,none,none
sun3d-hotel_uc-scan3,15,23,0.7590272387921795,0.988281249999996,0.98,1,1,,,,,,,,,,,,,,,,,,,,,,,,,,,,,,,,,none,none
sun3d-hotel_uc-scan3,15,24,0.7325645858742654,0.996093749999996,0.98,1,1,,,,,,,,,,,,,,,,,,,,,,,,,,,,,,,,,none,none
sun3d-hotel_uc-scan3,15,49,0.6682559042022397,0.9296874999999963,0.97,1,1,,,,,,,,,,,,,,,,,,,,,,,,,,,,,,,,,none,none
sun3d-hotel_uc-scan3,15,50,0.4463539934212958,0.7070312499999972,0.74,1,1,,,,,,,,,,,,,,,,,,,,,,,,,,,,,,,,,none,none
sun3d-hotel_uc-scan3,15,51,0.6100824185977751,0.9257812499999963,0.91,1,1,,,,,,,,,,,,,,,,,,,,,,,,,,,,,,,,,none,none
sun3d-hotel_uc-scan3,16,17,0.5164226195291644,0.8515624999999966,0.54,1,0,,,,,,,,,,,,,,,,,,,,,,,,,,,,,,,,,none,none
sun3d-hotel_uc-scan3,16,22,0.6632149502467438,0.999999999999996,1.0,1,1,,,,,,,,,,,,,,,,,,,,,,,,,,,,,,,,,none,none
sun3d-hotel_uc-scan3,16,23,0.6799611681902759,0.9726562499999961,0.99,1,1,,,,,,,,,,,,,,,,,,,,,,,,,,,,,,,,,none,none
sun3d-hotel_uc-scan3,16,24,0.5501577542270043,0.9179687499999963,0.94,1,1,,,,,,,,,,,,,,,,,,,,,,,,,,,,,,,,,none,none
sun3d-hotel_uc-scan3,16,48,0.4207992880834884,0.9023437499999964,0.98,1,1,,,,,,,,,,,,,,,,,,,,,,,,,,,,,,,,,none,none
sun3d-hotel_uc-scan3,16,49,0.5479330151282259,0.8867187499999964,0.91,1,1,,,,,,,,,,,,,,,,,,,,,,,,,,,,,,,,,none,none
sun3d-hotel_uc-scan3,16,51,0.5302564517433864,0.8632812499999966,0.88,1,1,,,,,,,,,,,,,,,,,,,,,,,,,,,,,,,,,none,none
sun3d-hotel_uc-scan3,17,21,0.6771137926774021,0.9726562499999961,0.99,1,1,,,,,,,,,,,,,,,,,,,,,,,,,,,,,,,,,none,none
sun3d-hotel_uc-scan3,17,22,0.8691981384621721,0.9296874999999963,0.75,1,1,,,,,,,,,,,,,,,,,,,,,,,,,,,,,,,,,none,none
sun3d-hotel_uc-scan3,18,19,0.49564476424919524,0.9335937499999962,0.98,1,0,,,,,,,,,,,,,,,,,,,,,,,,,,,,,,,,,none,none
sun3d-hotel_uc-scan3,18,20,0.8225241431547056,0.996093749999996,0.99,1,1,,,,,,,,,,,,,,,,,,,,,,,,,,,,,,,,,none,none
sun3d-hotel_uc-scan3,18,36,0.6626585873887522,0.9374999999999962,0.93,1,1,,,,,,,,,,,,,,,,,,,,,,,,,,,,,,,,,none,none
sun3d-hotel_uc-scan3,18,45,0.5228176481726946,0.7031249999999972,0.69,1,1,,,,,,,,,,,,,,,,,,,,,,,,,,,,,,,,,none,none
sun3d-hotel_uc-scan3,19,20,0.6504238389931873,0.9492187499999962,0.98,1,0,,,,,,,,,,,,,,,,,,,,,,,,,,,,,,,,,none,none
sun3d-hotel_uc-scan3,19,35,0.3386031514899371,0.8046874999999968,0.71,1,1,,,,,,,,,,,,,,,,,,,,,,,,,,,,,,,,,none,none
sun3d-hotel_uc-scan3,19,36,0.5285766290498726,0.9531249999999962,0.95,1,1,,,,,,,,,,,,,,,,,,,,,,,,,,,,,,,,,none,none
sun3d-hotel_uc-scan3,20,36,0.7424730687781972,0.9648437499999961,0.94,1,1,,,,,,,,,,,,,,,,,,,,,,,,,,,,,,,,,none,none
sun3d-hotel_uc-scan3,21,22,0.6463000287935502,0.9101562499999963,0.84,1,0,,,,,,,,,,,,,,,,,,,,,,,,,,,,,,,,,none,none
sun3d-hotel_uc-scan3,22,23,0.39867123693453516,0.9414062499999962,0.95,1,0,,,,,,,,,,,,,,,,,,,,,,,,,,,,,,,,,none,none
sun3d-hotel_uc-scan3,23,24,0.5469495679091965,0.996093749999996,0.97,1,0,,,,,,,,,,,,,,,,,,,,,,,,,,,,,,,,,none,none
sun3d-hotel_uc-scan3,23,49,0.5736811556816717,0.9296874999999963,0.92,1,1,,,,,,,,,,,,,,,,,,,,,,,,,,,,,,,,,none,none
sun3d-hotel_uc-scan3,23,50,0.6264349284148072,0.738281249999997,0.89,1,1,,,,,,,,,,,,,,,,,,,,,,,,,,,,,,,,,none,none
sun3d-hotel_uc-scan3,23,51,0.5426931510383077,0.9023437499999964,0.87,1,1,,,,,,,,,,,,,,,,,,,,,,,,,,,,,,,,,none,none
sun3d-hotel_uc-scan3,24,25,0.37686771761480464,0.988281249999996,0.99,1,0,,,,,,,,,,,,,,,,,,,,,,,,,,,,,,,,,none,none
sun3d-hotel_uc-scan3,24,49,0.7517820424948595,0.9648437499999961,0.97,1,1,,,,,,,,,,,,,,,,,,,,,,,,,,,,,,,,,none,none
sun3d-hotel_uc-scan3,24,50,0.5083618917066484,0.5703124999999977,0.59,1,1,,,,,,,,,,,,,,,,,,,,,,,,,,,,,,,,,none,none
sun3d-hotel_uc-scan3,24,51,0.6720013708019191,0.9374999999999962,0.93,1,1,,,,,,,,,,,,,,,,,,,,,,,,,,,,,,,,,none,none
sun3d-hotel_uc-scan3,25,26,0.5505028144962368,0.9609374999999961,0.99,1,0,,,,,,,,,,,,,,,,,,,,,,,,,,,,,,,,,none,none
sun3d-hotel_uc-scan3,25,48,0.48592751881601415,0.7890624999999969,0.95,1,1,,,,,,,,,,,,,,,,,,,,,,,,,,,,,,,,,none,none
sun3d-hotel_uc-scan3,25,49,0.548289165770666,0.9335937499999962,0.98,1,1,,,,,,,,,,,,,,,,,,,,,,,,,,,,,,,,,none,none
sun3d-hotel_uc-scan3,25,51,0.4943393839731832,0.753906249999997,0.59,1,1,,,,,,,,,,,,,,,,,,,,,,,,,,,,,,,,,none,none
sun3d-hotel_uc-scan3,25,52,0.3945986971096072,0.7656249999999969,0.87,1,0,,,,,,,,,,,,,,,,,,,,,,,,,,,,,,,,,none,none
sun3d-hotel_uc-scan3,26,27,0.809289261581047,0.992187499999996,0.99,1,0,,,,,,,,,,,,,,,,,,,,,,,,,,,,,,,,,none,none
sun3d-hotel_uc-scan3,26,28,0.6390539770414394,0.999999999999996,0.98,1,1,,,,,,,,,,,,,,,,,,,,,,,,,,,,,,,,,none,none
sun3d-hotel_uc-scan3,27,28,0.7748381793897051,0.996093749999996,0.99,1,0,,,,,,,,,,,,,,,,,,,,,,,,,,,,,,,,,none,none
sun3d-hotel_uc-scan3,27,29,0.4087639987670811,0.9687499999999961,0.98,1,1,,,,,,,,,,,,,,,,,,,,,,,,,,,,,,,,,none,none
sun3d-hotel_uc-scan3,28,29,0.42016361157400395,0.9101562499999963,0.99,1,0,,,,,,,,,,,,,,,,,,,,,,,,,,,,,,,,,none,none
sun3d-hotel_uc-scan3,29,30,0.3390781790350927,0.21093749999999917,0.19,1,0,,,,,,,,,,,,,,,,,,,,,,,,,,,,,,,,,none,none
sun3d-hotel_uc-scan3,31,32,0.9419521654815772,0.9726562499999961,0.98,1,0,,,,,,,,,,,,,,,,,,,,,,,,,,,,,,,,,none,none
sun3d-hotel_uc-scan3,31,33,0.9835811247575953,0.9335937499999962,0.99,1,1,,,,,,,,,,,,,,,,,,,,,,,,,,,,,,,,,none,none
sun3d-hotel_uc-scan3,31,47,0.7308338720103426,0.7226562499999971,0.91,1,1,,,,,,,,,,,,,,,,,,,,,,,,,,,,,,,,,none,none
sun3d-hotel_uc-scan3,31,48,0.7429864253393665,0.8945312499999964,0.95,1,1,,,,,,,,,,,,,,,,,,,,,,,,,,,,,,,,,none,none
sun3d-hotel_uc-scan3,31,52,0.6280542986425339,0.7226562499999971,0.89,1,1,,,,,,,,,,,,,,,,,,,,,,,,,,,,,,,,,none,none
sun3d-hotel_uc-scan3,31,53,0.4134453781512605,0.5468749999999978,0.36,1,0,,,,,,,,,,,,,,,,,,,,,,,,,,,,,,,,,none,none
sun3d-hotel_uc-scan3,32,33,0.8549790274972814,0.9726562499999961,0.98,1,0,,,,,,,,,,,,,,,,,,,,,,,,,,,,,,,,,none,none
sun3d-hotel_uc-scan3,32,47,0.6084356066490602,0.7968749999999968,0.96,1,1,,,,,,,,,,,,,,,,,,,,,,,,,,,,,,,,,none,none
sun3d-hotel_uc-scan3,32,48,0.6642069286934907,0.9843749999999961,0.99,1,1,,,,,,,,,,,,,,,,,,,,,,,,,,,,,,,,,none,none
sun3d-hotel_uc-scan3,32,52,0.6122417275128166,0.8906249999999964,0.97,1,1,,,,,,,,,,,,,,,,,,,,,,,,,,,,,,,,,none,none
sun3d-hotel_uc-scan3,32,53,0.34961938791362435,0.6484374999999974,0.6,1,1,,,,,,,,,,,,,,,,,,,,,,,,,,,,,,,,,none,none
sun3d-hotel_uc-scan3,33,34,0.5325792278208844,0.749999999999997,0.63,1,0,,,,,,,,,,,,,,,,,,,,,,,,,,,,,,,,,none,none
sun3d-hotel_uc-scan3,33,47,0.7545106104515285,0.9414062499999962,0.87,1,1,,,,,,,,,,,,,,,,,,,,,,,,,,,,,,,,,none,none
sun3d-hotel_uc-scan3,33,48,0.5228568757595587,0.9804687499999961,0.99,1,1,,,,,,,,,,,,,,,,,,,,,,,,,,,,,,,,,none,none
sun3d-hotel_uc-scan3,33,52,0.5823595400579602,0.9648437499999961,0.93,1,1,,,,,,,,,,,,,,,,,,,,,,,,,,,,,,,,,none,none
sun3d-hotel_uc-scan3,33,53,0.4390950733850612,0.749999999999997,0.45,1,0,,,,,,,,,,,,,,,,,,,,,,,,,,,,,,,,,none,none
sun3d-hotel_uc-scan3,34,35,0.6249572129464116,0.8593749999999966,0.74,1,0,,,,,,,,,,,,,,,,,,,,,,,,,,,,,,,,,none,none
sun3d-hotel_uc-scan3,34,46,0.6716996919332142,0.9726562499999961,0.91,1,1,,,,,,,,,,,,,,,,,,,,,,,,,,,,,,,,,none,none
sun3d-hotel_uc-scan3,34,47,0.5143954664739665,0.8749999999999966,0.7,1,1,,,,,,,,,,,,,,,,,,,,,,,,,,,,,,,,,none,none
sun3d-hotel_uc-scan3,34,53,0.6566766820066178,0.9414062499999962,0.92,1,1,,,,,,,,,,,,,,,,,,,,,,,,,,,,,,,,,none,none
sun3d-hotel_uc-scan3,34,54,0.6078043585745255,0.6640624999999973,0.58,1,1,,,,,,,,,,,,,,,,,,,,,,,,,,,,,,,,,none,none
sun3d-hotel_uc-scan3,35,54,0.4635747236756556,0.9687499999999961,0.88,1,1,,,,,,,,,,,,,,,,,,,,,,,,,,,,,,,,,none,none
sun3d-hotel_uc-scan3,37,38,0.7062442121973806,0.8867187499999964,0.94,1,0,,,,,,,,,,,,,,,,,,,,,,,,,,,,,,,,,none,none
sun3d-hotel_uc-scan3,37,39,0.5883053313930414,0.8359374999999967,0.9,1,1,,,,,,,,,,,,,,,,,,,,,,,,,,,,,,,,,none,none
sun3d-hotel_uc-scan3,37,40,0.6306389734091811,0.8124999999999968,0.84,1,1,,,,,,,,,,,,,,,,,,,,,,,,,,,,,,,,,none,none
sun3d-hotel_uc-scan3,37,41,0.6412223839132161,0.8359374999999967,0.8,1,1,,,,,,,,,,,,,,,,,,,,,,,,,,,,,,,,,none,none
sun3d-hotel_uc-scan3,38,39,0.8348522784176264,0.8749999999999966,0.92,1,0,,,,,,,,,,,,,,,,,,,,,,,,,,,,,,,,,none,none
sun3d-hotel_uc-scan3,38,40,0.8799198798197296,0.8867187499999964,0.94,1,1,,,,,,,,,,,,,,,,,,,,,,,,,,,,,,,,,none,none
sun3d-hotel_uc-scan3,38,41,0.8404606910365549,0.9140624999999963,0.96,1,1,,,,,,,,,,,,,,,,,,,,,,,,,,,,,,,,,none,none
sun3d-hotel_uc-scan3,39,40,0.8898973230656398,0.9609374999999961,0.97,1,0,,,,,,,,,,,,,,,,,,,,,,,,,,,,,,,,,none,none
sun3d-hotel_uc-scan3,39,41,0.8177484415108177,0.9687499999999961,0.98,1,1,,,,,,,,,,,,,,,,,,,,,,,,,,,,,,,,,none,none
sun3d-hotel_uc-scan3,39,42,0.5298863219655299,0.8398437499999967,0.96,1,1,,,,,,,,,,,,,,,,,,,,,,,,,,,,,,,,,none,none
sun3d-hotel_uc-scan3,39,43,0.4668133480014668,0.742187499999997,0.84,1,1,,,,,,,,,,,,,,,,,,,,,,,,,,,,,,,,,none,none
sun3d-hotel_uc-scan3,40,41,0.9591187065426824,0.9726562499999961,0.99,1,0,,,,,,,,,,,,,,,,,,,,,,,,,,,,,,,,,none,none
sun3d-hotel_uc-scan3,40,42,0.569657367847868,0.8906249999999964,0.9,1,1,,,,,,,,,,,,,,,,,,,,,,,,,,,,,,,,,none,none
sun3d-hotel_uc-scan3,41,42,0.6179113271468553,0.9414062499999962,0.99,1,0,,,,,,,,,,,,,,,,,,,,,,,,,,,,,,,,,none,none
sun3d-hotel_uc-scan3,41,43,0.45750478715569304,0.8242187499999967,0.93,1,1,,,,,,,,,,,,,,,,,,,,,,,,,,,,,,,,,none,none
sun3d-hotel_uc-scan3,42,43,0.8232692481270872,0.9687499999999961,0.97,1,0,,,,,,,,,,,,,,,,,,,,,,,,,,,,,,,,,none,none
sun3d-hotel_uc-scan3,42,44,0.5691849444895749,0.757812499999997,0.93,1,1,,,,,,,,,,,,,,,,,,,,,,,,,,,,,,,,,none,none
sun3d-hotel_uc-scan3,43,44,0.8383556714941082,0.999999999999996,0.94,1,0,,,,,,,,,,,,,,,,,,,,,,,,,,,,,,,,,none,none
sun3d-hotel_uc-scan3,43,45,0.7579382927048665,0.9687499999999961,0.91,1,1,,,,,,,,,,,,,,,,,,,,,,,,,,,,,,,,,none,none
sun3d-hotel_uc-scan3,43,54,0.4395520374201673,0.8984374999999964,0.92,1,1,,,,,,,,,,,,,,,,,,,,,,,,,,,,,,,,,none,none
sun3d-hotel_uc-scan3,44,45,0.8840573076394929,0.996093749999996,0.98,1,0,,,,,,,,,,,,,,,,,,,,,,,,,,,,,,,,,none,none
sun3d-hotel_uc-scan3,44,54,0.48748111868906485,0.9648437499999961,0.94,1,1,,,,,,,,,,,,,,,,,,,,,,,,,,,,,,,,,none,none
sun3d-hotel_uc-scan3,45,54,0.5932903853166404,0.988281249999996,0.97,1,1,,,,,,,,,,,,,,,,,,,,,,,,,,,,,,,,,none,none
sun3d-hotel_uc-scan3,46,47,0.4559765951518529,0.9023437499999964,0.68,1,0,,,,,,,,,,,,,,,,,,,,,,,,,,,,,,,,,none,none
sun3d-hotel_uc-scan3,46,52,0.36714033621250114,0.749999999999997,0.62,1,1,,,,,,,,,,,,,,,,,,,,,,,,,,,,,,,,,none,none
sun3d-hotel_uc-scan3,46,53,0.876056468839974,0.9843749999999961,0.95,1,1,,,,,,,,,,,,,,,,,,,,,,,,,,,,,,,,,none,none
sun3d-hotel_uc-scan3,46,54,0.808767530417015,0.9492187499999962,0.78,1,1,,,,,,,,,,,,,,,,,,,,,,,,,,,,,,,,,none,none
sun3d-hotel_uc-scan3,47,48,0.649916467389524,0.9570312499999962,0.97,1,0,,,,,,,,,,,,,,,,,,,,,,,,,,,,,,,,,none,none
sun3d-hotel_uc-scan3,47,52,0.787663379958725,0.996093749999996,0.98,1,1,,,,,,,,,,,,,,,,,,,,,,,,,,,,,,,,,none,none
sun3d-hotel_uc-scan3,47,53,0.6277721361417762,0.9062499999999963,0.61,1,1,,,,,,,,,,,,,,,,,,,,,,,,,,,,,,,,,none,none
sun3d-hotel_uc-scan3,48,49,0.431738768718802,0.9335937499999962,0.99,1,0,,,,,,,,,,,,,,,,,,,,,,,,,,,,,,,,,none,none
sun3d-hotel_uc-scan3,48,51,0.3923044925124792,0.9257812499999963,0.93,1,1,,,,,,,,,,,,,,,,,,,,,,,,,,,,,,,,,none,none
sun3d-hotel_uc-scan3,48,52,0.8360648918469218,0.992187499999996,0.99,1,1,,,,,,,,,,,,,,,,,,,,,,,,,,,,,,,,,none,none
sun3d-hotel_uc-scan3,48,53,0.32699667221297835,0.6367187499999974,0.4,1,0,,,,,,,,,,,,,,,,,,,,,,,,,,,,,,,,,none,none
sun3d-hotel_uc-scan3,49,50,0.6850614644575094,0.9765624999999961,0.98,1,0,,,,,,,,,,,,,,,,,,,,,,,,,,,,,,,,,none,none
sun3d-hotel_uc-scan3,49,51,0.8470603955104222,0.992187499999996,0.99,1,1,,,,,,,,,,,,,,,,,,,,,,,,,,,,,,,,,none,none
sun3d-hotel_uc-scan3,50,51,0.8008889723604721,0.9726562499999961,0.98,1,0,,,,,,,,,,,,,,,,,,,,,,,,,,,,,,,,,none,none
sun3d-hotel_uc-scan3,52,53,0.5331580150926137,0.8281249999999967,0.46,1,0,,,,,,,,,,,,,,,,,,,,,,,,,,,,,,,,,none,none
sun3d-hotel_uc-scan3,53,54,0.5327114995760225,0.9218749999999963,0.81,1,0,,,,,,,,,,,,,,,,,,,,,,,,,,,,,,,,,none,none
sun3d-hotel_umd-maryland_hotel1,0,1,0.4865422347436736,0.9765624999999961,0.97,1,0,,,,,,,,,,,,,,,,,,,,,,,,,,,,,,,,,none,none
sun3d-hotel_umd-maryland_hotel1,0,14,0.7910650500578558,0.992187499999996,0.94,1,1,,,,,,,,,,,,,,,,,,,,,,,,,,,,,,,,,none,none
sun3d-hotel_umd-maryland_hotel1,0,24,0.8138552095386627,0.988281249999996,0.95,1,1,,,,,,,,,,,,,,,,,,,,,,,,,,,,,,,,,none,none
sun3d-hotel_umd-maryland_hotel1,0,25,0.6273079438547065,0.9687499999999961,0.96,1,1,,,,,,,,,,,,,,,,,,,,,,,,,,,,,,,,,none,none
sun3d-hotel_umd-maryland_hotel1,0,26,0.532575338330734,0.9140624999999963,0.9,1,1,,,,,,,,,,,,,,,,,,,,,,,,,,,,,,,,,none,none
sun3d-hotel_umd-maryland_hotel1,1,2,0.5902651499133083,0.9609374999999961,0.98,1,0,,,,,,,,,,,,,,,,,,,,,,,,,,,,,,,,,none,none
sun3d-hotel_umd-maryland_hotel1,1,14,0.5740685922104284,0.9765624999999961,1.0,1,1,,,,,,,,,,,,,,,,,,,,,,,,,,,,,,,,,none,none
sun3d-hotel_umd-maryland_hotel1,1,15,0.7353152619782636,0.992187499999996,1.0,1,1,,,,,,,,,,,,,,,,,,,,,,,,,,,,,,,,,none,none
sun3d-hotel_umd-maryland_hotel1,1,16,0.49638431936397853,0.8710937499999966,0.9,1,1,,,,,,,,,,,,,,,,,,,,,,,,,,,,,,,,,none,none
sun3d-hotel_umd-maryland_hotel1,1,23,0.7127754049139425,0.9492187499999962,0.95,1,1,,,,,,,,,,,,,,,,,,,,,,,,,,,,,,,,,none,none
sun3d-hotel_umd-maryland_hotel1,1,24,0.4369264600160697,0.9843749999999961,0.95,1,1,,,,,,,,,,,,,,,,,,,,,,,,,,,,,,,,,none,none
sun3d-hotel_umd-maryland_hotel1,1,25,0.5728845096629593,0.9804687499999961,0.99,1,1,,,,,,,,,,,,,,,,,,,,,,,,,,,,,,,,,none,none
sun3d-hotel_umd-maryland_hotel1,2,15,0.5221821512393383,0.9687499999999961,0.95,1,1,,,,,,,,,,,,,,,,,,,,,,,,,,,,,,,,,none,none
sun3d-hotel_umd-maryland_hotel1,2,16,0.5963134695746751,0.9726562499999961,0.9,1,1,,,,,,,,,,,,,,,,,,,,,,,,,,,,,,,,,none,none
sun3d-hotel_umd-maryland_hotel1,2,23,0.4275860095025474,0.8515624999999966,0.88,1,1,,,,,,,,,,,,,,,,,,,,,,,,,,,,,,,,,none,none
sun3d-hotel_umd-maryland_hotel1,3,4,0.5636505268336681,0.9726562499999961,0.97,1,0,,,,,,,,,,,,,,,,,,,,,,,,,,,,,,,,,none,none
sun3d-hotel_umd-maryland_hotel1,3,12,0.7436759460456726,0.6640624999999973,0.34,1,0,,,,,,,,,,,,,,,,,,,,,,,,,,,,,,,,,none,none
sun3d-hotel_umd-maryland_hotel1,3,16,0.5528268623672666,0.7695312499999969,0.59,1,1,,,,,,,,,,,,,,,,,,,,,,,,,,,,,,,,,none,none
sun3d-hotel_umd-maryland_hotel1,3,17,0.8271083596408512,0.9843749999999961,0.86,1,1,,,,,,,,,,,,,,,,,,,,,,,,,,,,,,,,,none,none
sun3d-hotel_umd-maryland_hotel1,4,17,0.4758389745066974,0.9374999999999962,0.89,1,1,,,,,,,,,,,,,,,,,,,,,,,,,,,,,,,,,none,none
sun3d-hotel_umd-maryland_hotel1,5,6,0.5930862831858407,0.9726562499999961,0.95,1,0,,,,,,,,,,,,,,,,,,,,,,,,,,,,,,,,,none,none
sun3d-hotel_umd-maryland_hotel1,5,11,0.5639380530973451,0.9257812499999963,0.82,1,1,,,,,,,,,,,,,,,,,,,,,,,,,,,,,,,,,none,none
sun3d-hotel_umd-maryland_hotel1,5,13,0.5414269911504425,0.9453124999999962,0.89,1,1,,,,,,,,,,,,,,,,,,,,,,,,,,,,,,,,,none,none
sun3d-hotel_umd-maryland_hotel1,5,17,0.472179203539823,0.9804687499999961,0.94,1,1,,,,,,,,,,,,,,,,,,,,,,,,,,,,,,,,,none,none
sun3d-hotel_umd-maryland_hotel1,5,18,0.7617256637168142,0.996093749999996,0.99,1,1,,,,,,,,,,,,,,,,,,,,,,,,,,,,,,,,,none,none
sun3d-hotel_umd-maryland_hotel1,5,22,0.7886615044247788,0.988281249999996,0.99,1,1,,,,,,,,,,,,,,,,,,,,,,,,,,,,,,,,,none,none
sun3d-hotel_umd-maryland_hotel1,5,32,0.46957964601769914,0.9374999999999962,0.97,1,1,,,,,,,,,,,,,,,,,,,,,,,,,,,,,,,,,none,none
sun3d-hotel_umd-maryland_hotel1,6,18,0.6408780618391112,0.999999999999996,1.0,1,1,,,,,,,,,,,,,,,,,,,,,,,,,,,,,,,,,none,none
sun3d-hotel_umd-maryland_hotel1,7,8,0.35635567933160933,0.8945312499999964,0.64,1,0,,,,,,,,,,,,,,,,,,,,,,,,,,,,,,,,,none,none
sun3d-hotel_umd-maryland_hotel1,7,19,0.4266560572906306,0.8749999999999966,0.92,1,1,,,,,,,,,,,,,,,,,,,,,,,,,,,,,,,,,none,none
sun3d-hotel_umd-maryland_hotel1,8,9,0.3982166159199652,0.992187499999996,0.98,1,0,,,,,,,,,,,,,,,,,,,,,,,,,,,,,,,,,none,none
sun3d-hotel_umd-maryland_hotel1,9,10,0.8049482724965841,0.9843749999999961,0.97,1,0,,,,,,,,,,,,,,,,,,,,,,,,,,,,,,,,,none,none
sun3d-hotel_umd-maryland_hotel1,9,25,0.37429240679289477,0.9101562499999963,0.96,1,1,,,,,,,,,,,,,,,,,,,,,,,,,,,,,,,,,none,none
sun3d-hotel_umd-maryland_hotel1,9,26,0.6115069295334765,0.9570312499999962,0.92,1,1,,,,,,,,,,,,,,,,,,,,,,,,,,,,,,,,,none,none
sun3d-hotel_umd-maryland_hotel1,10,26,0.5762896872478762,0.9140624999999963,0.9,1,1,,,,,,,,,,,,,,,,,,,,,,,,,,,,,,,,,none,none
sun3d-hotel_umd-maryland_hotel1,10,29,0.3111385316311518,0.8554687499999966,0.62,1,1,,,,,,,,,,,,,,,,,,,,,,,,,,,,,,,,,none,none
sun3d-hotel_umd-maryland_hotel1,11,13,0.5662313710325133,0.9335937499999962,0.88,1,1,,,,,,,,,,,,,,,,,,,,,,,,,,,,,,,,,none,none
sun3d-hotel_umd-maryland_hotel1,12,16,0.5861718106497408,0.8593749999999966,0.89,1,1,,,,,,,,,,,,,,,,,,,,,,,,,,,,,,,,,none,none
sun3d-hotel_umd-maryland_hotel1,12,17,0.7578371045108775,0.9218749999999963,0.84,1,1,,,,,,,,,,,,,,,,,,,,,,,,,,,,,,,,,none,none
sun3d-hotel_umd-maryland_hotel1,13,18,0.47551546391752575,0.7695312499999969,0.75,1,1,,,,,,,,,,,,,,,,,,,,,,,,,,,,,,,,,none,none
sun3d-hotel_umd-maryland_hotel1,13,22,0.6420636331318876,0.9726562499999961,0.96,1,1,,,,,,,,,,,,,,,,,,,,,,,,,,,,,,,,,none,none
sun3d-hotel_umd-maryland_hotel1,13,27,0.5436811233558478,0.6484374999999974,0.52,1,1,,,,,,,,,,,,,,,,,,,,,,,,,,,,,,,,,none,none
sun3d-hotel_umd-maryland_hotel1,13,29,0.39117490223960183,0.8242187499999967,0.73,1,1,,,,,,,,,,,,,,,,,,,,,,,,,,,,,,,,,none,none
sun3d-hotel_umd-maryland_hotel1,13,32,0.6666814788482047,0.8007812499999968,0.78,1,1,,,,,,,,,,,,,,,,,,,,,,,,,,,,,,,,,none,none
sun3d-hotel_umd-maryland_hotel1,14,15,0.3576687432425475,0.9101562499999963,0.92,1,0,,,,,,,,,,,,,,,,,,,,,,,,,,,,,,,,,none,none
sun3d-hotel_umd-maryland_hotel1,14,23,0.5743705915666992,0.8867187499999964,0.84,1,1,,,,,,,,,,,,,,,,,,,,,,,,,,,,,,,,,none,none
sun3d-hotel_umd-maryland_hotel1,14,24,0.6733769242650466,0.9492187499999962,0.96,1,1,,,,,,,,,,,,,,,,,,,,,,,,,,,,,,,,,none,none
sun3d-hotel_umd-maryland_hotel1,14,25,0.7494722751377233,0.9726562499999961,0.98,1,1,,,,,,,,,,,,,,,,,,,,,,,,,,,,,,,,,none,none
sun3d-hotel_umd-maryland_hotel1,14,26,0.5656180816557689,0.9062499999999963,0.88,1,1,,,,,,,,,,,,,,,,,,,,,,,,,,,,,,,,,none,none
sun3d-hotel_umd-maryland_hotel1,15,16,0.7261992300705048,0.9140624999999963,1.0,1,0,,,,,,,,,,,,,,,,,,,,,,,,,,,,,,,,,none,none
sun3d-hotel_umd-maryland_hotel1,15,23,0.6648211427829923,0.8984374999999964,0.93,1,1,,,,,,,,,,,,,,,,,,,,,,,,,,,,,,,,,none,none
sun3d-hotel_umd-maryland_hotel1,16,17,0.4203381064744481,0.9179687499999963,0.98,1,0,,,,,,,,,,,,,,,,,,,,,,,,,,,,,,,,,none,none
sun3d-hotel_umd-maryland_hotel1,16,23,0.49658984387626465,0.8749999999999966,0.91,1,1,,,,,,,,,,,,,,,,,,,,,,,,,,,,,,,,,none,none
sun3d-hotel_umd-maryland_hotel1,18,22,0.6702144021655542,0.9062499999999963,0.9,1,1,,,,,,,,,,,,,,,,,,,,,,,,,,,,,,,,,none,none
sun3d-hotel_umd-maryland_hotel1,19,21,0.5499630868111347,0.988281249999996,0.94,1,1,,,,,,,,,,,,,,,,,,,,,,,,,,,,,,,,,none,none
sun3d-hotel_umd-maryland_hotel1,19,31,0.6134971989403744,0.5742187499999977,0.54,1,1,,,,,,,,,,,,,,,,,,,,,,,,,,,,,,,,,none,none
sun3d-hotel_umd-maryland_hotel1,20,21,0.7716472009665727,0.9023437499999964,0.73,1,0,,,,,,,,,,,,,,,,,,,,,,,,,,,,,,,,,none,none
sun3d-hotel_umd-maryland_hotel1,20,30,0.5792723855551081,0.5937499999999977,0.55,1,0,,,,,,,,,,,,,,,,,,,,,,,,,,,,,,,,,none,none
sun3d-hotel_umd-maryland_hotel1,20,31,0.7364746945898778,0.749999999999997,0.67,1,0,,,,,,,,,,,,,,,,,,,,,,,,,,,,,,,,,none,none
sun3d-hotel_umd-maryland_hotel1,21,30,0.6612727854173329,0.757812499999997,0.84,1,1,,,,,,,,,,,,,,,,,,,,,,,,,,,,,,,,,none,none
sun3d-hotel_umd-maryland_hotel1,21,31,0.971730092740646,0.6796874999999973,0.76,1,0,,,,,,,,,,,,,,,,,,,,,,,,,,,,,,,,,none,none
sun3d-hotel_umd-maryland_hotel1,24,25,0.6889914304548451,0.996093749999996,0.99,1,0,,,,,,,,,,,,,,,,,,,,,,,,,,,,,,,,,none,none
sun3d-hotel_umd-maryland_hotel1,24,26,0.46359041968798065,0.9414062499999962,0.98,1,1,,,,,,,,,,,,,,,,,,,,,,,,,,,,,,,,,none,none
sun3d-hotel_umd-maryland_hotel1,25,26,0.7217578743621327,0.999999999999996,0.99,1,0,,,,,,,,,,,,,,,,,,,,,,,,,,,,,,,,,none,none
sun3d-hotel_umd-maryland_hotel1,25,29,0.3301513285236671,0.8789062499999964,0.83,1,1,,,,,,,,,,,,,,,,,,,,,,,,,,,,,,,,,none,none
sun3d-hotel_umd-maryland_hotel1,26,29,0.5158235733864939,0.992187499999996,0.87,1,1,,,,,,,,,,,,,,,,,,,,,,,,,,,,,,,,,none,none
sun3d-hotel_umd-maryland_hotel1,27,28,0.650939533190773,0.988281249999996,0.99,1,0,,,,,,,,,,,,,,,,,,,,,,,,,,,,,,,,,none,none
sun3d-hotel_umd-maryland_hotel1,27,29,0.6787387961235725,0.9374999999999962,0.82,1,1,,,,,,,,,,,,,,,,,,,,,,,,,,,,,,,,,none,none
sun3d-hotel_umd-maryland_hotel1,27,32,0.7090859456754175,0.9453124999999962,0.92,1,1,,,,,,,,,,,,,,,,,,,,,,,,,,,,,,,,,none,none
sun3d-hotel_umd-maryland_hotel1,28,29,0.3892489688618955,0.7304687499999971,0.75,1,0,,,,,,,,,,,,,,,,,,,,,,,,,,,,,,,,,none,none
sun3d-hotel_umd-maryland_hotel1,28,32,0.5524180755110366,0.9687499999999961,0.98,1,1,,,,,,,,,,,,,,,,,,,,,,,,,,,,,,,,,none,none
sun3d-hotel_umd-maryland_hotel1,29,32,0.7034168564920273,0.9765624999999961,0.98,1,1,,,,,,,,,,,,,,,,,,,,,,,,,,,,,,,,,none,none
sun3d-hotel_umd-maryland_hotel1,30,31,0.8498480243161094,0.996093749999996,0.95,1,0,,,,,,,,,,,,,,,,,,,,,,,,,,,,,,,,,none,none
sun3d-hotel_umd-maryland_hotel1,33,35,0.7540339436501965,0.988281249999996,1.0,1,1,,,,,,,,,,,,,,,,,,,,,,,,,,,,,,,,,none,none
sun3d-hotel_umd-maryland_hotel1,36,37,0.961183355006502,0.992187499999996,0.97,1,0,,,,,,,,,,,,,,,,,,,,,,,,,,,,,,,,,none,none
sun3d-hotel_umd-maryland_hotel1,38,39,0.8389694041867954,0.9257812499999963,0.98,1,0,,,,,,,,,,,,,,,,,,,,,,,,,,,,,,,,,none,none
sun3d-hotel_umd-maryland_hotel1,38,40,0.6032896250287555,0.7656249999999969,0.78,1,1,,,,,,,,,,,,,,,,,,,,,,,,,,,,,,,,,none,none
sun3d-hotel_umd-maryland_hotel1,38,41,0.7864044168391995,0.9648437499999961,0.98,1,1,,,,,,,,,,,,,,,,,,,,,,,,,,,,,,,,,none,none
sun3d-hotel_umd-maryland_hotel1,38,56,0.8230963883137796,0.9374999999999962,0.91,1,1,,,,,,,,,,,,,,,,,,,,,,,,,,,,,,,,,none,none
sun3d-hotel_umd-maryland_hotel1,39,40,0.8024297646165528,0.988281249999996,1.0,1,0,,,,,,,,,,,,,,,,,,,,,,,,,,,,,,,,,none,none
sun3d-hotel_umd-maryland_hotel1,39,41,0.3970387243735763,0.9179687499999963,0.98,1,1,,,,,,,,,,,,,,,,,,,,,,,,,,,,,,,,,none,none
sun3d-hotel_umd-maryland_hotel1,39,56,0.9675018982536067,0.988281249999996,0.98,1,1,,,,,,,,,,,,,,,,,,,,,,,,,,,,,,,,,none,none
sun3d-hotel_umd-maryland_hotel1,40,56,0.9561586638830898,0.9726562499999961,0.95,1,1,,,,,,,,,,,,,,,,,,,,,,,,,,,,,,,,,none,none
sun3d-hotel_umd-maryland_hotel1,41,56,0.5783960351430503,0.7695312499999969,0.94,1,1,,,,,,,,,,,,,,,,,,,,,,,,,,,,,,,,,none,none
sun3d-hotel_umd-maryland_hotel1,42,43,0.7184488429799758,0.9765624999999961,0.95,1,0,,,,,,,,,,,,,,,,,,,,,,,,,,,,,,,,,none,none
sun3d-hotel_umd-maryland_hotel1,43,44,0.40832446361548375,0.9062499999999963,0.99,1,0,,,,,,,,,,,,,,,,,,,,,,,,,,,,,,,,,none,none
sun3d-hotel_umd-maryland_hotel1,44,48,0.7782166630092897,0.8437499999999967,0.91,1,1,,,,,,,,,,,,,,,,,,,,,,,,,,,,,,,,,none,none
sun3d-hotel_umd-maryland_hotel1,45,47,0.6808000833420148,0.9453124999999962,0.98,1,1,,,,,,,,,,,,,,,,,,,,,,,,,,,,,,,,,none,none
sun3d-hotel_umd-maryland_hotel1,46,47,0.527027027027027,0.4414062499999982,0.6,1,0,,,,,,,,,,,,,,,,,,,,,,,,,,,,,,,,,none,none
sun3d-hotel_umd-maryland_hotel1,46,56,0.8792792792792793,0.6132812499999976,0.79,1,1,,,,,,,,,,,,,,,,,,,,,,,,,,,,,,,,,none,none
sun3d-hotel_umd-maryland_hotel1,49,50,0.5420652924351514,0.7773437499999969,0.74,1,0,,,,,,,,,,,,,,,,,,,,,,,,,,,,,,,,,none,none
sun3d-hotel_umd-maryland_hotel1,49,51,0.7697997830160765,0.9531249999999962,0.92,1,1,,,,,,,,,,,,,,,,,,,,,,,,,,,,,,,,,none,none
sun3d-hotel_umd-maryland_hotel1,49,52,0.41414340664759836,0.6874999999999972,0.74,1,1,,,,,,,,,,,,,,,,,,,,,,,,,,,,,,,,,none,none
sun3d-hotel_umd-maryland_hotel1,49,53,0.5413748890423119,0.8632812499999966,0.75,1,1,,,,,,,,,,,,,,,,,,,,,,,,,,,,,,,,,none,none
sun3d-hotel_umd-maryland_hotel1,49,55,0.3731137193017063,0.757812499999997,0.84,1,1,,,,,,,,,,,,,,,,,,,,,,,,,,,,,,,,,none,none
sun3d-hotel_umd-maryland_hotel1,50,51,0.7850892544627232,0.8007812499999968,0.75,1,0,,,,,,,,,,,,,,,,,,,,,,,,,,,,,,,,,none,none
sun3d-hotel_umd-maryland_hotel1,50,52,0.397882394119706,0.23046874999999908,0.12,1,0,,,,,,,,,,,,,,,,,,,,,,,,,,,,,,,,,none,none
sun3d-hotel_umd-maryland_hotel1,50,53,0.4376093804690234,0.8203124999999967,0.81,1,1,,,,,,,,,,,,,,,,,,,,,,,,,,,,,,,,,none,none
sun3d-hotel_umd-maryland_hotel1,50,54,0.6183059152957648,0.8828124999999964,0.9,1,1,,,,,,,,,,,,,,,,,,,,,,,,,,,,,,,,,none,none
sun3d-hotel_umd-maryland_hotel1,51,52,0.573265306122449,0.9023437499999964,0.87,1,0,,,,,,,,,,,,,,,,,,,,,,,,,,,,,,,,,none,none
sun3d-hotel_umd-maryland_hotel1,51,53,0.39418367346938776,0.757812499999997,0.76,1,1,,,,,,,,,,,,,,,,,,,,,,,,,,,,,,,,,none,none
sun3d-hotel_umd-maryland_hotel1,51,54,0.38540816326530614,0.5585937499999978,0.53,1,1,,,,,,,,,,,,,,,,,,,,,,,,,,,,,,,,,none,none
sun3d-hotel_umd-maryland_hotel1,53,54,0.4256420878210439,0.7031249999999972,0.92,1,0,,,,,,,,,,,,,,,,,,,,,,,,,,,,,,,,,none,none
sun3d-hotel_umd-maryland_hotel1,53,55,0.8208367854183927,0.9257812499999963,0.94,1,1,,,,,,,,,,,,,,,,,,,,,,,,,,,,,,,,,none,none
sun3d-hotel_umd-maryland_hotel3,0,1,0.6586471000935453,0.9687499999999961,1.0,1,0,,,,,,,,,,,,,,,,,,,,,,,,,,,,,,,,,none,none
sun3d-hotel_umd-maryland_hotel3,0,12,0.6528005144995322,0.8007812499999968,0.95,1,1,,,,,,,,,,,,,,,,,,,,,,,,,,,,,,,,,none,none
sun3d-hotel_umd-maryland_hotel3,2,3,0.594638196915777,0.9726562499999961,0.98,1,0,,,,,,,,,,,,,,,,,,,,,,,,,,,,,,,,,none,none
sun3d-hotel_umd-maryland_hotel3,3,4,0.664726229646503,0.9765624999999961,0.99,1,0,,,,,,,,,,,,,,,,,,,,,,,,,,,,,,,,,none,none
sun3d-hotel_umd-maryland_hotel3,4,5,0.44223788169976513,0.9765624999999961,0.99,1,0,,,,,,,,,,,,,,,,,,,,,,,,,,,,,,,,,none,none
sun3d-hotel_umd-maryland_hotel3,5,6,0.551565061573068,0.992187499999996,0.98,1,0,,,,,,,,,,,,,,,,,,,,,,,,,,,,,,,,,none,none
sun3d-hotel_umd-maryland_hotel3,6,7,0.5153223326842267,0.996093749999996,0.99,1,0,,,,,,,,,,,,,,,,,,,,,,,,,,,,,,,,,none,none
sun3d-hotel_umd-maryland_hotel3,7,8,0.45577254451464677,0.9453124999999962,0.97,1,0,,,,,,,,,,,,,,,,,,,,,,,,,,,,,,,,,none,none
sun3d-hotel_umd-maryland_hotel3,8,9,0.5716549993395853,0.9296874999999963,0.95,1,0,,,,,,,,,,,,,,,,,,,,,,,,,,,,,,,,,none,none
sun3d-hotel_umd-maryland_hotel3,8,10,0.48522872363844494,0.9023437499999964,0.91,1,1,,,,,,,,,,,,,,,,,,,,,,,,,,,,,,,,,none,none
sun3d-hotel_umd-maryland_hotel3,8,15,0.6316646854224452,0.9726562499999961,0.97,1,1,,,,,,,,,,,,,,,,,,,,,,,,,,,,,,,,,none,none
sun3d-hotel_umd-maryland_hotel3,8,16,0.35398230088495575,0.9531249999999962,0.97,1,1,,,,,,,,,,,,,,,,,,,,,,,,,,,,,,,,,none,none
sun3d-hotel_umd-maryland_hotel3,10,14,0.5966903073286052,0.992187499999996,0.99,1,1,,,,,,,,,,,,,,,,,,,,,,,,,,,,,,,,,none,none
sun3d-hotel_umd-maryland_hotel3,10,15,0.6208037825059102,0.9726562499999961,0.97,1,1,,,,,,,,,,,,,,,,,,,,,,,,,,,,,,,,,none,none
sun3d-hotel_umd-maryland_hotel3,10,16,0.5110323089046493,0.9648437499999961,0.96,1,1,,,,,,,,,,,,,,,,,,,,,,,,,,,,,,,,,none,none
sun3d-hotel_umd-maryland_hotel3,11,12,0.7430235379762193,0.996093749999996,0.97,1,0,,,,,,,,,,,,,,,,,,,,,,,,,,,,,,,,,none,none
sun3d-hotel_umd-maryland_hotel3,11,13,0.81622583515328,0.996093749999996,0.97,1,1,,,,,,,,,,,,,,,,,,,,,,,,,,,,,,,,,none,none
sun3d-hotel_umd-maryland_hotel3,12,13,0.6134955628732489,0.9843749999999961,0.97,1,0,,,,,,,,,,,,,,,,,,,,,,,,,,,,,,,,,none,none
sun3d-hotel_umd-maryland_hotel3,14,15,0.3374750280173464,0.9335937499999962,1.0,1,0,,,,,,,,,,,,,,,,,,,,,,,,,,,,,,,,,none,none
sun3d-hotel_umd-maryland_hotel3,15,16,0.7024756633888423,0.999999999999996,1.0,1,0,,,,,,,,,,,,,,,,,,,,,,,,,,,,,,,,,none,none
sun3d-hotel_umd-maryland_hotel3,16,17,0.7192247249869042,0.9843749999999961,0.97,1,0,,,,,,,,,,,,,,,,,,,,,,,,,,,,,,,,,none,none
sun3d-hotel_umd-maryland_hotel3,17,18,0.5301098716765915,0.9570312499999962,0.86,1,0,,,,,,,,,,,,,,,,,,,,,,,,,,,,,,,,,none,none
sun3d-hotel_umd-maryland_hotel3,17,19,0.6327266627526629,0.996093749999996,0.97,1,1,,,,,,,,,,,,,,,,,,,,,,,,,,,,,,,,,none,none
sun3d-hotel_umd-maryland_hotel3,18,19,0.6378006872852233,0.9570312499999962,0.98,1,0,,,,,,,,,,,,,,,,,,,,,,,,,,,,,,,,,none,none
sun3d-hotel_umd-maryland_hotel3,19,20,0.5488091737724199,0.9648437499999961,0.88,1,0,,,,,,,,,,,,,,,,,,,,,,,,,,,,,,,,,none,none
sun3d-hotel_umd-maryland_hotel3,20,21,0.4675800424939556,0.8671874999999966,0.62,1,0,,,,,,,,,,,,,,,,,,,,,,,,,,,,,,,,,none,none
sun3d-hotel_umd-maryland_hotel3,21,22,0.6028549161163296,0.999999999999996,1.0,1,0,,,,,,,,,,,,,,,,,,,,,,,,,,,,,,,,,none,none
sun3d-hotel_umd-maryland_hotel3,21,28,0.4660978711185857,0.9726562499999961,0.95,1,1,,,,,,,,,,,,,,,,,,,,,,,,,,,,,,,,,none,none
sun3d-hotel_umd-maryland_hotel3,22,23,0.8000592526756286,0.996093749999996,0.99,1,0,,,,,,,,,,,,,,,,,,,,,,,,,,,,,,,,,none,none
sun3d-hotel_umd-maryland_hotel3,22,29,0.5584564677998741,0.9687499999999961,0.95,1,1,,,,,,,,,,,,,,,,,,,,,,,,,,,,,,,,,none,none
sun3d-hotel_umd-maryland_hotel3,23,28,0.3784648187633262,0.9609374999999961,0.93,1,1,,,,,,,,,,,,,,,,,,,,,,,,,,,,,,,,,none,none
sun3d-hotel_umd-maryland_hotel3,23,29,0.613912579957356,0.988281249999996,0.91,1,1,,,,,,,,,,,,,,,,,,,,,,,,,,,,,,,,,none,none
sun3d-hotel_umd-maryland_hotel3,23,30,0.4046908315565032,0.8867187499999964,0.91,1,1,,,,,,,,,,,,,,,,,,,,,,,,,,,,,,,,,none,none
sun3d-hotel_umd-maryland_hotel3,24,27,0.5950274287736684,0.8554687499999966,0.91,1,1,,,,,,,,,,,,,,,,,,,,,,,,,,,,,,,,,none,none
sun3d-hotel_umd-maryland_hotel3,24,28,0.7848168465758273,0.9414062499999962,0.94,1,1,,,,,,,,,,,,,,,,,,,,,,,,,,,,,,,,,none,none
sun3d-hotel_umd-maryland_hotel3,25,27,0.5888034048125717,0.503906249999998,0.81,1,1,,,,,,,,,,,,,,,,,,,,,,,,,,,,,,,,,none,none
sun3d-hotel_umd-maryland_hotel3,26,27,0.789795918367347,0.11718749999999953,0.19,1,0,,,,,,,,,,,,,,,,,,,,,,,,,,,,,,,,,none,none
sun3d-hotel_umd-maryland_hotel3,28,29,0.5913002806361085,0.8984374999999964,0.92,1,0,,,,,,,,,,,,,,,,,,,,,,,,,,,,,,,,,none,none
sun3d-hotel_umd-maryland_hotel3,28,30,0.36024321796071096,0.6992187499999972,0.79,1,1,,,,,,,,,,,,,,,,,,,,,,,,,,,,,,,,,none,none
sun3d-hotel_umd-maryland_hotel3,29,30,0.7381093182394187,0.9414062499999962,0.88,1,0,,,,,,,,,,,,,,,,,,,,,,,,,,,,,,,,,none,none
sun3d-hotel_umd-maryland_hotel3,30,31,0.47833775419982316,0.9257812499999963,0.97,1,0,,,,,,,,,,,,,,,,,,,,,,,,,,,,,,,,,none,none
sun3d-hotel_umd-maryland_hotel3,31,32,0.49703400451165514,0.8710937499999966,0.9,1,0,,,,,,,,,,,,,,,,,,,,,,,,,,,,,,,,,none,none
sun3d-hotel_umd-maryland_hotel3,31,33,0.6233603475645417,0.8749999999999966,0.87,1,1,,,,,,,,,,,,,,,,,,,,,,,,,,,,,,,,,none,none
sun3d-hotel_umd-maryland_hotel3,31,34,0.4507477650597377,0.8398437499999967,0.77,1,1,,,,,,,,,,,,,,,,,,,,,,,,,,,,,,,,,none,none
sun3d-hotel_umd-maryland_hotel3,32,33,0.7035248672139063,0.9062499999999963,0.92,1,0,,,,,,,,,,,,,,,,,,,,,,,,,,,,,,,,,none,none
sun3d-hotel_umd-maryland_hotel3,32,34,0.43959439884113954,0.24609374999999903,0.14,1,0,,,,,,,,,,,,,,,,,,,,,,,,,,,,,,,,,none,none
sun3d-hotel_umd-maryland_hotel3,32,35,0.4151617576050217,0.08203124999999967,0.05,1,0,,,,,,,,,,,,,,,,,,,,,,,,,,,,,,,,,none,none
sun3d-hotel_umd-maryland_hotel3,32,36,0.3718010622887494,0.39062499999999845,0.15,1,0,,,,,,,,,,,,,,,,,,,,,,,,,,,,,,,,,none,none
sun3d-hotel_umd-maryland_hotel3,33,34,0.8053564692568842,0.9726562499999961,0.92,1,0,,,,,,,,,,,,,,,,,,,,,,,,,,,,,,,,,none,none
sun3d-hotel_umd-maryland_hotel3,33,35,0.39296491889852886,0.6328124999999974,0.79,1,1,,,,,,,,,,,,,,,,,,,,,,,,,,,,,,,,,none,none
sun3d-hotel_umd-maryland_hotel3,33,36,0.5165032063372312,0.753906249999997,0.86,1,1,,,,,,,,,,,,,,,,,,,,,,,,,,,,,,,,,none,none
sun3d-hotel_umd-maryland_hotel3,34,35,0.5337646583097453,0.8515624999999966,0.8,1,0,,,,,,,,,,,,,,,,,,,,,,,,,,,,,,,,,none,none
sun3d-hotel_umd-maryland_hotel3,34,36,0.605175899716943,0.8789062499999964,0.87,1,1,,,,,,,,,,,,,,,,,,,,,,,,,,,,,,,,,none,none
sun3d-hotel_umd-maryland_hotel3,35,36,0.62604392205382,0.7070312499999972,0.7,1,0,,,,,,,,,,,,,,,,,,,,,,,,,,,,,,,,,none,none
sun3d-mit_76_studyroom-76-1studyroom2,0,1,0.9408405330209401,0.9531249999999962,0.97,1,0,,,,,,,,,,,,,,,,,,,,,,,,,,,,,,,,,none,none
sun3d-mit_76_studyroom-76-1studyroom2,0,2,0.6345731439449407,0.8632812499999966,0.84,1,1,,,,,,,,,,,,,,,,,,,,,,,,,,,,,,,,,none,none
sun3d-mit_76_studyroom-76-1studyroom2,0,5,0.4759847708302826,0.7968749999999968,0.73,1,1,,,,,,,,,,,,,,,,,,,,,,,,,,,,,,,,,none,none
sun3d-mit_76_studyroom-76-1studyroom2,0,6,0.5969395226241031,0.8671874999999966,0.95,1,1,,,,,,,,,,,,,,,,,,,,,,,,,,,,,,,,,none,none
sun3d-mit_76_studyroom-76-1studyroom2,0,7,0.5013179089178503,0.7656249999999969,0.79,1,1,,,,,,,,,,,,,,,,,,,,,,,,,,,,,,,,,none,none
sun3d-mit_76_studyroom-76-1studyroom2,0,34,0.710499341045541,0.9453124999999962,0.97,1,1,,,,,,,,,,,,,,,,,,,,,,,,,,,,,,,,,none,none
sun3d-mit_76_studyroom-76-1studyroom2,0,35,0.7915507394933372,0.9453124999999962,0.98,1,1,,,,,,,,,,,,,,,,,,,,,,,,,,,,,,,,,none,none
sun3d-mit_76_studyroom-76-1studyroom2,0,36,0.6940254795724118,0.9492187499999962,0.97,1,1,,,,,,,,,,,,,,,,,,,,,,,,,,,,,,,,,none,none
sun3d-mit_76_studyroom-76-1studyroom2,0,37,0.6633474886513399,0.9101562499999963,0.92,1,1,,,,,,,,,,,,,,,,,,,,,,,,,,,,,,,,,none,none
sun3d-mit_76_studyroom-76-1studyroom2,0,38,0.47920632596280566,0.8398437499999967,0.95,1,1,,,,,,,,,,,,,,,,,,,,,,,,,,,,,,,,,none,none
sun3d-mit_76_studyroom-76-1studyroom2,0,45,0.33138087567725877,0.6835937499999972,0.92,1,0,,,,,,,,,,,,,,,,,,,,,,,,,,,,,,,,,none,none
sun3d-mit_76_studyroom-76-1studyroom2,0,46,0.5696295211597598,0.8984374999999964,0.93,1,1,,,,,,,,,,,,,,,,,,,,,,,,,,,,,,,,,none,none
sun3d-mit_76_studyroom-76-1studyroom2,0,47,0.5997949919461122,0.9570312499999962,0.96,1,1,,,,,,,,,,,,,,,,,,,,,,,,,,,,,,,,,none,none
sun3d-mit_76_studyroom-76-1studyroom2,0,48,0.6894860155220384,0.9335937499999962,0.92,1,1,,,,,,,,,,,,,,,,,,,,,,,,,,,,,,,,,none,none
sun3d-mit_76_studyroom-76-1studyroom2,0,49,0.6815053448528335,0.9062499999999963,0.88,1,1,,,,,,,,,,,,,,,,,,,,,,,,,,,,,,,,,none,none
sun3d-mit_76_studyroom-76-1studyroom2,1,2,0.6922383349613044,0.9414062499999962,0.93,1,0,,,,,,,,,,,,,,,,,,,,,,,,,,,,,,,,,none,none
sun3d-mit_76_studyroom-76-1studyroom2,1,3,0.45427905928319184,0.746093749999997,0.8,1,1,,,,,,,,,,,,,,,,,,,,,,,,,,,,,,,,,none,none
sun3d-mit_76_studyroom-76-1studyroom2,1,5,0.5163423247426554,0.8554687499999966,0.92,1,1,,,,,,,,,,,,,,,,,,,,,,,,,,,,,,,,,none,none
sun3d-mit_76_studyroom-76-1studyroom2,1,6,0.6498609963182809,0.9257812499999963,0.97,1,1,,,,,,,,,,,,,,,,,,,,,,,,,,,,,,,,,none,none
sun3d-mit_76_studyroom-76-1studyroom2,1,7,0.572544894432339,0.8476562499999966,0.95,1,1,,,,,,,,,,,,,,,,,,,,,,,,,,,,,,,,,none,none
sun3d-mit_76_studyroom-76-1studyroom2,1,34,0.6182282665865204,0.9218749999999963,0.9,1,1,,,,,,,,,,,,,,,,,,,,,,,,,,,,,,,,,none,none
sun3d-mit_76_studyroom-76-1studyroom2,1,35,0.7382973927417537,0.9414062499999962,0.95,1,1,,,,,,,,,,,,,,,,,,,,,,,,,,,,,,,,,none,none
sun3d-mit_76_studyroom-76-1studyroom2,1,36,0.6922383349613044,0.9414062499999962,0.94,1,1,,,,,,,,,,,,,,,,,,,,,,,,,,,,,,,,,none,none
sun3d-mit_76_studyroom-76-1studyroom2,1,37,0.6614321136073333,0.7929687499999968,0.81,1,1,,,,,,,,,,,,,,,,,,,,,,,,,,,,,,,,,none,none
sun3d-mit_76_studyroom-76-1studyroom2,1,38,0.5268615222781576,0.8749999999999966,0.95,1,1,,,,,,,,,,,,,,,,,,,,,,,,,,,,,,,,,none,none
sun3d-mit_76_studyroom-76-1studyroom2,1,45,0.3737320610113457,0.753906249999997,0.87,1,1,,,,,,,,,,,,,,,,,,,,,,,,,,,,,,,,,none,none
sun3d-mit_76_studyroom-76-1studyroom2,1,46,0.578931550078894,0.9101562499999963,0.95,1,1,,,,,,,,,,,,,,,,,,,,,,,,,,,,,,,,,none,none
sun3d-mit_76_studyroom-76-1studyroom2,1,47,0.5992185738973627,0.9531249999999962,0.97,1,1,,,,,,,,,,,,,,,,,,,,,,,,,,,,,,,,,none,none
sun3d-mit_76_studyroom-76-1studyroom2,1,48,0.6827710571793523,0.9687499999999961,0.98,1,1,,,,,,,,,,,,,,,,,,,,,,,,,,,,,,,,,none,none
sun3d-mit_76_studyroom-76-1studyroom2,1,49,0.6977233451048163,0.9335937499999962,0.97,1,1,,,,,,,,,,,,,,,,,,,,,,,,,,,,,,,,,none,none
sun3d-mit_76_studyroom-76-1studyroom2,2,3,0.7108979000724113,0.9179687499999963,0.94,1,0,,,,,,,,,,,,,,,,,,,,,,,,,,,,,,,,,none,none
sun3d-mit_76_studyroom-76-1studyroom2,2,5,0.7573014723630219,0.9726562499999961,0.98,1,1,,,,,,,,,,,,,,,,,,,,,,,,,,,,,,,,,none,none
sun3d-mit_76_studyroom-76-1studyroom2,2,6,0.901580979966208,0.8867187499999964,0.98,1,1,,,,,,,,,,,,,,,,,,,,,,,,,,,,,,,,,none,none
sun3d-mit_76_studyroom-76-1studyroom2,2,7,0.7979724837074583,0.9374999999999962,0.98,1,1,,,,,,,,,,,,,,,,,,,,,,,,,,,,,,,,,none,none
sun3d-mit_76_studyroom-76-1studyroom2,2,8,0.5216027033550568,0.7851562499999969,0.98,1,1,,,,,,,,,,,,,,,,,,,,,,,,,,,,,,,,,none,none
sun3d-mit_76_studyroom-76-1studyroom2,2,35,0.5871349263818489,0.8828124999999964,0.91,1,1,,,,,,,,,,,,,,,,,,,,,,,,,,,,,,,,,none,none
sun3d-mit_76_studyroom-76-1studyroom2,2,36,0.6698648322471639,0.9296874999999963,0.95,1,1,,,,,,,,,,,,,,,,,,,,,,,,,,,,,,,,,none,none
sun3d-mit_76_studyroom-76-1studyroom2,2,37,0.762008206613565,0.9023437499999964,0.98,1,1,,,,,,,,,,,,,,,,,,,,,,,,,,,,,,,,,none,none
sun3d-mit_76_studyroom-76-1studyroom2,2,38,0.7064928795558774,0.9023437499999964,0.95,1,1,,,,,,,,,,,,,,,,,,,,,,,,,,,,,,,,,none,none
sun3d-mit_76_studyroom-76-1studyroom2,2,45,0.6013758146270818,0.9023437499999964,0.97,1,1,,,,,,,,,,,,,,,,,,,,,,,,,,,,,,,,,none,none
sun3d-mit_76_studyroom-76-1studyroom2,2,46,0.8726164615013275,0.9570312499999962,0.97,1,1,,,,,,,,,,,,,,,,,,,,,,,,,,,,,,,,,none,none
sun3d-mit_76_studyroom-76-1studyroom2,2,47,0.9024861211682356,0.9843749999999961,0.97,1,1,,,,,,,,,,,,,,,,,,,,,,,,,,,,,,,,,none,none
sun3d-mit_76_studyroom-76-1studyroom2,2,48,0.9520275162925417,0.9843749999999961,0.99,1,1,,,,,,,,,,,,,,,,,,,,,,,,,,,,,,,,,none,none
sun3d-mit_76_studyroom-76-1studyroom2,2,49,0.909968621771663,0.9804687499999961,0.96,1,1,,,,,,,,,,,,,,,,,,,,,,,,,,,,,,,,,none,none
sun3d-mit_76_studyroom-76-1studyroom2,3,4,0.5187148217636023,0.5898437499999977,0.26,1,0,,,,,,,,,,,,,,,,,,,,,,,,,,,,,,,,,none,none
sun3d-mit_76_studyroom-76-1studyroom2,3,5,0.773733583489681,0.8945312499999964,0.91,1,1,,,,,,,,,,,,,,,,,,,,,,,,,,,,,,,,,none,none
sun3d-mit_76_studyroom-76-1studyroom2,3,6,0.5307223264540337,0.749999999999997,0.91,1,1,,,,,,,,,,,,,,,,,,,,,,,,,,,,,,,,,none,none
sun3d-mit_76_studyroom-76-1studyroom2,3,7,0.4303939962476548,0.5820312499999977,0.85,1,1,,,,,,,,,,,,,,,,,,,,,,,,,,,,,,,,,none,none
sun3d-mit_76_studyroom-76-1studyroom2,3,38,0.43836772983114447,0.7343749999999971,0.79,1,1,,,,,,,,,,,,,,,,,,,,,,,,,,,,,,,,,none,none
sun3d-mit_76_studyroom-76-1studyroom2,3,39,0.5553001876172607,0.6015624999999976,0.55,1,1,,,,,,,,,,,,,,,,,,,,,,,,,,,,,,,,,none,none
sun3d-mit_76_studyroom-76-1studyroom2,3,43,0.5157129455909943,0.5507812499999978,0.43,1,1,,,,,,,,,,,,,,,,,,,,,,,,,,,,,,,,,none,none
sun3d-mit_76_studyroom-76-1studyroom2,3,45,0.4111163227016886,0.6367187499999974,0.85,1,1,,,,,,,,,,,,,,,,,,,,,,,,,,,,,,,,,none,none
sun3d-mit_76_studyroom-76-1studyroom2,3,46,0.551923076923077,0.8710937499999966,0.95,1,1,,,,,,,,,,,,,,,,,,,,,,,,,,,,,,,,,none,none
sun3d-mit_76_studyroom-76-1studyroom2,3,47,0.6156660412757974,0.8710937499999966,0.96,1,1,,,,,,,,,,,,,,,,,,,,,,,,,,,,,,,,,none,none
sun3d-mit_76_studyroom-76-1studyroom2,3,48,0.5839118198874297,0.8867187499999964,0.88,1,1,,,,,,,,,,,,,,,,,,,,,,,,,,,,,,,,,none,none
sun3d-mit_76_studyroom-76-1studyroom2,4,5,0.6463793608912343,0.7148437499999971,0.58,1,0,,,,,,,,,,,,,,,,,,,,,,,,,,,,,,,,,none,none
sun3d-mit_76_studyroom-76-1studyroom2,4,39,0.5255350337144532,0.28906249999999883,0.05,1,0,,,,,,,,,,,,,,,,,,,,,,,,,,,,,,,,,none,none
sun3d-mit_76_studyroom-76-1studyroom2,4,40,0.6752858399296394,0.9257812499999963,0.98,1,1,,,,,,,,,,,,,,,,,,,,,,,,,,,,,,,,,none,none
sun3d-mit_76_studyroom-76-1studyroom2,4,41,0.4890647903840516,0.8906249999999964,0.95,1,1,,,,,,,,,,,,,,,,,,,,,,,,,,,,,,,,,none,none
sun3d-mit_76_studyroom-76-1studyroom2,4,42,0.5414834359425389,0.9179687499999963,0.97,1,1,,,,,,,,,,,,,,,,,,,,,,,,,,,,,,,,,none,none
sun3d-mit_76_studyroom-76-1studyroom2,4,43,0.6178246848431544,0.9023437499999964,0.92,1,1,,,,,,,,,,,,,,,,,,,,,,,,,,,,,,,,,none,none
sun3d-mit_76_studyroom-76-1studyroom2,4,45,0.30389914980944005,0.0,0.0,1,0,,,,,,,,,,,,,,,,,,,,,,,,,,,,,,,,,none,none
sun3d-mit_76_studyroom-76-1studyroom2,4,46,0.3607739665787159,0.0039062499999999844,0.0,1,0,,,,,,,,,,,,,,,,,,,,,,,,,,,,,,,,,none,none
sun3d-mit_76_studyroom-76-1studyroom2,4,47,0.4228085605394313,0.0039062499999999844,0.0,1,0,,,,,,,,,,,,,,,,,,,,,,,,,,,,,,,,,none,none
sun3d-mit_76_studyroom-76-1studyroom2,4,48,0.3892700087950748,0.019531249999999924,0.0,1,0,,,,,,,,,,,,,,,,,,,,,,,,,,,,,,,,,none,none
sun3d-mit_76_studyroom-76-1studyroom2,5,6,0.5634756863448771,0.8945312499999964,0.92,1,0,,,,,,,,,,,,,,,,,,,,,,,,,,,,,,,,,none,none
sun3d-mit_76_studyroom-76-1studyroom2,5,7,0.4640229678808541,0.6289062499999974,0.92,1,1,,,,,,,,,,,,,,,,,,,,,,,,,,,,,,,,,none,none
sun3d-mit_76_studyroom-76-1studyroom2,5,38,0.46164543333931457,0.8984374999999964,0.86,1,1,,,,,,,,,,,,,,,,,,,,,,,,,,,,,,,,,none,none
sun3d-mit_76_studyroom-76-1studyroom2,5,39,0.5777857527364076,0.496093749999998,0.36,1,1,,,,,,,,,,,,,,,,,,,,,,,,,,,,,,,,,none,none
sun3d-mit_76_studyroom-76-1studyroom2,5,43,0.5133680244033734,0.48828124999999806,0.35,1,1,,,,,,,,,,,,,,,,,,,,,,,,,,,,,,,,,none,none
sun3d-mit_76_studyroom-76-1studyroom2,5,45,0.41911896644536156,0.7343749999999971,0.89,1,1,,,,,,,,,,,,,,,,,,,,,,,,,,,,,,,,,none,none
sun3d-mit_76_studyroom-76-1studyroom2,5,46,0.5720886416651714,0.9453124999999962,0.96,1,1,,,,,,,,,,,,,,,,,,,,,,,,,,,,,,,,,none,none
sun3d-mit_76_studyroom-76-1studyroom2,5,47,0.6367755248519649,0.9101562499999963,0.91,1,1,,,,,,,,,,,,,,,,,,,,,,,,,,,,,,,,,none,none
sun3d-mit_76_studyroom-76-1studyroom2,5,48,0.6101291943298044,0.9648437499999961,0.98,1,1,,,,,,,,,,,,,,,,,,,,,,,,,,,,,,,,,none,none
sun3d-mit_76_studyroom-76-1studyroom2,5,49,0.4867665530235062,0.9374999999999962,0.94,1,1,,,,,,,,,,,,,,,,,,,,,,,,,,,,,,,,,none,none
sun3d-mit_76_studyroom-76-1studyroom2,6,7,0.8785471055618616,0.9218749999999963,0.97,1,0,,,,,,,,,,,,,,,,,,,,,,,,,,,,,,,,,none,none
sun3d-mit_76_studyroom-76-1studyroom2,6,35,0.48723041997729855,0.8515624999999966,0.93,1,1,,,,,,,,,,,,,,,,,,,,,,,,,,,,,,,,,none,none
sun3d-mit_76_studyroom-76-1studyroom2,6,36,0.533427922814983,0.8867187499999964,0.95,1,1,,,,,,,,,,,,,,,,,,,,,,,,,,,,,,,,,none,none
sun3d-mit_76_studyroom-76-1studyroom2,6,37,0.5934733257661748,0.8554687499999966,0.97,1,1,,,,,,,,,,,,,,,,,,,,,,,,,,,,,,,,,none,none
sun3d-mit_76_studyroom-76-1studyroom2,6,38,0.7052213393870601,0.8710937499999966,0.92,1,1,,,,,,,,,,,,,,,,,,,,,,,,,,,,,,,,,none,none
sun3d-mit_76_studyroom-76-1studyroom2,6,39,0.5437570942111237,0.0,0.0,1,0,,,,,,,,,,,,,,,,,,,,,,,,,,,,,,,,,none,none
sun3d-mit_76_studyroom-76-1studyroom2,6,44,0.596821793416572,0.26171874999999895,0.58,1,0,,,,,,,,,,,,,,,,,,,,,,,,,,,,,,,,,none,none
sun3d-mit_76_studyroom-76-1studyroom2,6,45,0.7353007945516459,0.8359374999999967,0.97,1,1,,,,,,,,,,,,,,,,,,,,,,,,,,,,,,,,,none,none
sun3d-mit_76_studyroom-76-1studyroom2,6,46,0.9061293984108967,0.9531249999999962,0.97,1,1,,,,,,,,,,,,,,,,,,,,,,,,,,,,,,,,,none,none
sun3d-mit_76_studyroom-76-1studyroom2,6,47,0.8297389330306469,0.9726562499999961,0.98,1,1,,,,,,,,,,,,,,,,,,,,,,,,,,,,,,,,,none,none
sun3d-mit_76_studyroom-76-1studyroom2,6,48,0.8293416572077185,0.992187499999996,0.97,1,1,,,,,,,,,,,,,,,,,,,,,,,,,,,,,,,,,none,none
sun3d-mit_76_studyroom-76-1studyroom2,6,49,0.777355278093076,0.9374999999999962,1.0,1,1,,,,,,,,,,,,,,,,,,,,,,,,,,,,,,,,,none,none
sun3d-mit_76_studyroom-76-1studyroom2,7,37,0.5941449515143159,0.9218749999999963,0.92,1,1,,,,,,,,,,,,,,,,,,,,,,,,,,,,,,,,,none,none
sun3d-mit_76_studyroom-76-1studyroom2,7,38,0.7686474562250103,0.9609374999999961,1.0,1,1,,,,,,,,,,,,,,,,,,,,,,,,,,,,,,,,,none,none
sun3d-mit_76_studyroom-76-1studyroom2,7,39,0.6150098809687945,0.24218749999999903,0.11,1,0,,,,,,,,,,,,,,,,,,,,,,,,,,,,,,,,,none,none
sun3d-mit_76_studyroom-76-1studyroom2,7,44,0.744933131118158,0.6132812499999976,0.58,1,1,,,,,,,,,,,,,,,,,,,,,,,,,,,,,,,,,none,none
sun3d-mit_76_studyroom-76-1studyroom2,7,45,0.8859782159106576,0.8984374999999964,0.95,1,1,,,,,,,,,,,,,,,,,,,,,,,,,,,,,,,,,none,none
sun3d-mit_76_studyroom-76-1studyroom2,7,46,0.8663541523047934,0.9843749999999961,0.98,1,1,,,,,,,,,,,,,,,,,,,,,,,,,,,,,,,,,none,none
sun3d-mit_76_studyroom-76-1studyroom2,7,47,0.7565605036996186,0.9804687499999961,0.93,1,1,,,,,,,,,,,,,,,,,,,,,,,,,,,,,,,,,none,none
sun3d-mit_76_studyroom-76-1studyroom2,7,48,0.7150144767682338,0.9570312499999962,0.99,1,1,,,,,,,,,,,,,,,,,,,,,,,,,,,,,,,,,none,none
sun3d-mit_76_studyroom-76-1studyroom2,7,49,0.7556873018061492,0.9843749999999961,0.96,1,1,,,,,,,,,,,,,,,,,,,,,,,,,,,,,,,,,none,none
sun3d-mit_76_studyroom-76-1studyroom2,8,37,0.537915381481697,0.7929687499999968,0.9,1,1,,,,,,,,,,,,,,,,,,,,,,,,,,,,,,,,,none,none
sun3d-mit_76_studyroom-76-1studyroom2,8,38,0.6855031135424547,0.8554687499999966,0.94,1,1,,,,,,,,,,,,,,,,,,,,,,,,,,,,,,,,,none,none
sun3d-mit_76_studyroom-76-1studyroom2,8,39,0.5183611709247512,0.8164062499999968,0.79,1,1,,,,,,,,,,,,,,,,,,,,,,,,,,,,,,,,,none,none
sun3d-mit_76_studyroom-76-1studyroom2,8,44,0.6824768666705465,0.9140624999999963,0.79,1,1,,,,,,,,,,,,,,,,,,,,,,,,,,,,,,,,,none,none
sun3d-mit_76_studyroom-76-1studyroom2,8,45,0.688005586917302,0.9179687499999963,0.92,1,1,,,,,,,,,,,,,,,,,,,,,,,,,,,,,,,,,none,none
sun3d-mit_76_studyroom-76-1studyroom2,8,46,0.7295000872955828,0.9296874999999963,0.99,1,1,,,,,,,,,,,,,,,,,,,,,,,,,,,,,,,,,none,none
sun3d-mit_76_studyroom-76-1studyroom2,8,47,0.537391607984636,0.9101562499999963,0.98,1,1,,,,,,,,,,,,,,,,,,,,,,,,,,,,,,,,,none,none
sun3d-mit_76_studyroom-76-1studyroom2,8,48,0.4169237036605948,0.8632812499999966,0.97,1,1,,,,,,,,,,,,,,,,,,,,,,,,,,,,,,,,,none,none
sun3d-mit_76_studyroom-76-1studyroom2,8,49,0.5793516848047489,0.9296874999999963,1.0,1,1,,,,,,,,,,,,,,,,,,,,,,,,,,,,,,,,,none,none
sun3d-mit_76_studyroom-76-1studyroom2,8,50,0.8890182156782866,0.9570312499999962,0.97,1,1,,,,,,,,,,,,,,,,,,,,,,,,,,,,,,,,,none,none
sun3d-mit_76_studyroom-76-1studyroom2,8,51,0.5435022987836815,0.746093749999997,0.89,1,1,,,,,,,,,,,,,,,,,,,,,,,,,,,,,,,,,none,none
sun3d-mit_76_studyroom-76-1studyroom2,9,10,0.7216233354470514,0.9531249999999962,0.98,1,0,,,,,,,,,,,,,,,,,,,,,,,,,,,,,,,,,none,none
sun3d-mit_76_studyroom-76-1studyroom2,9,51,0.825245253459659,0.9609374999999961,0.99,1,1,,,,,,,,,,,,,,,,,,,,,,,,,,,,,,,,,none,none
sun3d-mit_76_studyroom-76-1studyroom2,9,52,0.9308068186056921,0.9648437499999961,0.98,1,1,,,,,,,,,,,,,,,,,,,,,,,,,,,,,,,,,none,none
sun3d-mit_76_studyroom-76-1studyroom2,9,53,0.8015218769816107,0.9648437499999961,0.99,1,1,,,,,,,,,,,,,,,,,,,,,,,,,,,,,,,,,none,none
sun3d-mit_76_studyroom-76-1studyroom2,10,11,0.7096643247462919,0.9804687499999961,0.91,1,0,,,,,,,,,,,,,,,,,,,,,,,,,,,,,,,,,none,none
sun3d-mit_76_studyroom-76-1studyroom2,10,51,0.39681498829039813,0.9257812499999963,0.87,1,1,,,,,,,,,,,,,,,,,,,,,,,,,,,,,,,,,none,none
sun3d-mit_76_studyroom-76-1studyroom2,10,52,0.6885870413739266,0.9804687499999961,1.0,1,1,,,,,,,,,,,,,,,,,,,,,,,,,,,,,,,,,none,none
sun3d-mit_76_studyroom-76-1studyroom2,10,53,0.8557064793130367,0.999999999999996,1.0,1,1,,,,,,,,,,,,,,,,,,,,,,,,,,,,,,,,,none,none
sun3d-mit_76_studyroom-76-1studyroom2,10,54,0.5427946916471507,0.9453124999999962,0.92,1,1,,,,,,,,,,,,,,,,,,,,,,,,,,,,,,,,,none,none
sun3d-mit_76_studyroom-76-1studyroom2,11,12,0.48309018567639256,0.9296874999999963,0.96,1,0,,,,,,,,,,,,,,,,,,,,,,,,,,,,,,,,,none,none
sun3d-mit_76_studyroom-76-1studyroom2,11,52,0.3996094901267315,0.9492187499999962,0.89,1,1,,,,,,,,,,,,,,,,,,,,,,,,,,,,,,,,,none,none
sun3d-mit_76_studyroom-76-1studyroom2,11,53,0.6035956380783967,0.9765624999999961,0.95,1,1,,,,,,,,,,,,,,,,,,,,,,,,,,,,,,,,,none,none
sun3d-mit_76_studyroom-76-1studyroom2,11,54,0.7856616563513116,0.9101562499999963,0.95,1,1,,,,,,,,,,,,,,,,,,,,,,,,,,,,,,,,,none,none
sun3d-mit_76_studyroom-76-1studyroom2,11,55,0.7129752431476569,0.9453124999999962,0.93,1,1,,,,,,,,,,,,,,,,,,,,,,,,,,,,,,,,,none,none
sun3d-mit_76_studyroom-76-1studyroom2,12,52,0.3385279843269959,0.8046874999999968,0.91,1,1,,,,,,,,,,,,,,,,,,,,,,,,,,,,,,,,,none,none
sun3d-mit_76_studyroom-76-1studyroom2,12,54,0.4717930451044125,0.8984374999999964,0.83,1,1,,,,,,,,,,,,,,,,,,,,,,,,,,,,,,,,,none,none
sun3d-mit_76_studyroom-76-1studyroom2,12,55,0.7773275746916604,0.9804687499999961,0.97,1,1,,,,,,,,,,,,,,,,,,,,,,,,,,,,,,,,,none,none
sun3d-mit_76_studyroom-76-1studyroom2,12,56,0.6243376819983081,0.9726562499999961,0.94,1,1,,,,,,,,,,,,,,,,,,,,,,,,,,,,,,,,,none,none
sun3d-mit_76_studyroom-76-1studyroom2,13,14,0.7310725552050473,0.8359374999999967,0.88,1,0,,,,,,,,,,,,,,,,,,,,,,,,,,,,,,,,,none,none
sun3d-mit_76_studyroom-76-1studyroom2,13,15,0.4383981773571679,0.6562499999999973,0.72,1,0,,,,,,,,,,,,,,,,,,,,,,,,,,,,,,,,,none,none
sun3d-mit_76_studyroom-76-1studyroom2,13,54,0.4032597266035752,0.18359374999999928,0.16,1,0,,,,,,,,,,,,,,,,,,,,,,,,,,,,,,,,,none,none
sun3d-mit_76_studyroom-76-1studyroom2,13,55,0.634682790045566,0.8007812499999968,0.88,1,1,,,,,,,,,,,,,,,,,,,,,,,,,,,,,,,,,none,none
sun3d-mit_76_studyroom-76-1studyroom2,13,56,0.937521906764809,0.9492187499999962,0.93,1,1,,,,,,,,,,,,,,,,,,,,,,,,,,,,,,,,,none,none
sun3d-mit_76_studyroom-76-1studyroom2,13,57,0.5419733613739923,0.5859374999999977,0.67,1,1,,,,,,,,,,,,,,,,,,,,,,,,,,,,,,,,,none,none
sun3d-mit_76_studyroom-76-1studyroom2,14,15,0.7777847821975666,0.8515624999999966,0.77,1,0,,,,,,,,,,,,,,,,,,,,,,,,,,,,,,,,,none,none
sun3d-mit_76_studyroom-76-1studyroom2,14,18,0.38939670932358317,0.5781249999999977,0.56,1,1,,,,,,,,,,,,,,,,,,,,,,,,,,,,,,,,,none,none
sun3d-mit_76_studyroom-76-1studyroom2,14,56,0.7823866859988653,0.9218749999999963,0.86,1,1,,,,,,,,,,,,,,,,,,,,,,,,,,,,,,,,,none,none
sun3d-mit_76_studyroom-76-1studyroom2,14,57,0.8475067767761457,0.7773437499999969,0.76,1,1,,,,,,,,,,,,,,,,,,,,,,,,,,,,,,,,,none,none
sun3d-mit_76_studyroom-76-1studyroom2,15,18,0.549237431745434,0.8593749999999966,0.88,1,1,,,,,,,,,,,,,,,,,,,,,,,,,,,,,,,,,none,none
sun3d-mit_76_studyroom-76-1studyroom2,15,56,0.44765580869892674,0.8281249999999967,0.87,1,1,,,,,,,,,,,,,,,,,,,,,,,,,,,,,,,,,none,none
sun3d-mit_76_studyroom-76-1studyroom2,15,57,0.668141592920354,0.8671874999999966,0.81,1,1,,,,,,,,,,,,,,,,,,,,,,,,,,,,,,,,,none,none
sun3d-mit_76_studyroom-76-1studyroom2,15,62,0.5066371681415929,0.23828124999999906,0.18,1,0,,,,,,,,,,,,,,,,,,,,,,,,,,,,,,,,,none,none
sun3d-mit_76_studyroom-76-1studyroom2,16,17,0.6168077493673095,0.7148437499999971,0.82,1,0,,,,,,,,,,,,,,,,,,,,,,,,,,,,,,,,,none,none
sun3d-mit_76_studyroom-76-1studyroom2,16,61,0.3468889082817,0.21874999999999914,0.06,1,0,,,,,,,,,,,,,,,,,,,,,,,,,,,,,,,,,none,none
sun3d-mit_76_studyroom-76-1studyroom2,17,18,0.5928335288471792,0.8437499999999967,0.95,1,0,,,,,,,,,,,,,,,,,,,,,,,,,,,,,,,,,none,none
sun3d-mit_76_studyroom-76-1studyroom2,17,19,0.5577476804948278,0.5507812499999978,0.96,1,1,,,,,,,,,,,,,,,,,,,,,,,,,,,,,,,,,none,none
sun3d-mit_76_studyroom-76-1studyroom2,17,64,0.6210941665777967,0.41406249999999833,0.38,1,1,,,,,,,,,,,,,,,,,,,,,,,,,,,,,,,,,none,none
sun3d-mit_76_studyroom-76-1studyroom2,18,19,0.7357642569429722,0.9687499999999961,0.99,1,0,,,,,,,,,,,,,,,,,,,,,,,,,,,,,,,,,none,none
sun3d-mit_76_studyroom-76-1studyroom2,18,20,0.5047275810896756,0.8124999999999968,0.93,1,1,,,,,,,,,,,,,,,,,,,,,,,,,,,,,,,,,none,none
sun3d-mit_76_studyroom-76-1studyroom2,18,62,0.5657409370362518,0.23046874999999908,0.21,1,0,,,,,,,,,,,,,,,,,,,,,,,,,,,,,,,,,none,none
sun3d-mit_76_studyroom-76-1studyroom2,18,63,0.6113631545473818,0.5195312499999979,0.49,1,1,,,,,,,,,,,,,,,,,,,,,,,,,,,,,,,,,none,none
sun3d-mit_76_studyroom-76-1studyroom2,18,64,0.6332838668645325,0.753906249999997,0.84,1,1,,,,,,,,,,,,,,,,,,,,,,,,,,,,,,,,,none,none
sun3d-mit_76_studyroom-76-1studyroom2,19,20,0.7011881824020553,0.9687499999999961,0.95,1,0,,,,,,,,,,,,,,,,,,,,,,,,,,,,,,,,,none,none
sun3d-mit_76_studyroom-76-1studyroom2,19,21,0.4413134232498394,0.7695312499999969,0.77,1,1,,,,,,,,,,,,,,,,,,,,,,,,,,,,,,,,,none,none
sun3d-mit_76_studyroom-76-1studyroom2,19,64,0.6840879897238279,0.49218749999999806,0.46,1,1,,,,,,,,,,,,,,,,,,,,,,,,,,,,,,,,,none,none
sun3d-mit_76_studyroom-76-1studyroom2,19,65,0.522679833012203,0.6484374999999974,0.5,1,1,,,,,,,,,,,,,,,,,,,,,,,,,,,,,,,,,none,none
sun3d-mit_76_studyroom-76-1studyroom2,20,21,0.7451028204502966,0.9687499999999961,0.96,1,0,,,,,,,,,,,,,,,,,,,,,,,,,,,,,,,,,none,none
sun3d-mit_76_studyroom-76-1studyroom2,20,22,0.5086970657563196,0.8320312499999967,0.96,1,1,,,,,,,,,,,,,,,,,,,,,,,,,,,,,,,,,none,none
sun3d-mit_76_studyroom-76-1studyroom2,20,23,0.3834024221734536,0.6640624999999973,0.68,1,1,,,,,,,,,,,,,,,,,,,,,,,,,,,,,,,,,none,none
sun3d-mit_76_studyroom-76-1studyroom2,20,34,0.5205640900593351,0.6914062499999972,0.86,1,1,,,,,,,,,,,,,,,,,,,,,,,,,,,,,,,,,none,none
sun3d-mit_76_studyroom-76-1studyroom2,20,64,0.5110948549134358,0.511718749999998,0.4,1,1,,,,,,,,,,,,,,,,,,,,,,,,,,,,,,,,,none,none
sun3d-mit_76_studyroom-76-1studyroom2,20,65,0.5386491099731773,0.7226562499999971,0.77,1,1,,,,,,,,,,,,,,,,,,,,,,,,,,,,,,,,,none,none
sun3d-mit_76_studyroom-76-1studyroom2,21,22,0.7406880189798339,0.9687499999999961,0.99,1,0,,,,,,,,,,,,,,,,,,,,,,,,,,,,,,,,,none,none
sun3d-mit_76_studyroom-76-1studyroom2,21,23,0.48911032028469753,0.3046874999999988,0.4,1,1,,,,,,,,,,,,,,,,,,,,,,,,,,,,,,,,,none,none
sun3d-mit_76_studyroom-76-1studyroom2,21,24,0.4016132858837485,0.0,0.0,1,0,,,,,,,,,,,,,,,,,,,,,,,,,,,,,,,,,none,none
sun3d-mit_76_studyroom-76-1studyroom2,21,34,0.5975800711743772,0.7734374999999969,0.92,1,1,,,,,,,,,,,,,,,,,,,,,,,,,,,,,,,,,none,none
sun3d-mit_76_studyroom-76-1studyroom2,21,65,0.41466192170818506,0.4023437499999984,0.37,1,1,,,,,,,,,,,,,,,,,,,,,,,,,,,,,,,,,none,none
sun3d-mit_76_studyroom-76-1studyroom2,22,23,0.7111167128812704,0.8398437499999967,0.91,1,0,,,,,,,,,,,,,,,,,,,,,,,,,,,,,,,,,none,none
sun3d-mit_76_studyroom-76-1studyroom2,22,24,0.5734182001512478,0.8007812499999968,0.83,1,0,,,,,,,,,,,,,,,,,,,,,,,,,,,,,,,,,none,none
sun3d-mit_76_studyroom-76-1studyroom2,22,33,0.679039576506176,0.8749999999999966,0.96,1,1,,,,,,,,,,,,,,,,,,,,,,,,,,,,,,,,,none,none
sun3d-mit_76_studyroom-76-1studyroom2,22,34,0.6205570960423494,0.8320312499999967,0.96,1,1,,,,,,,,,,,,,,,,,,,,,,,,,,,,,,,,,none,none
sun3d-mit_76_studyroom-76-1studyroom2,22,65,0.48336274262667,0.007812499999999969,0.0,1,0,,,,,,,,,,,,,,,,,,,,,,,,,,,,,,,,,none,none
sun3d-mit_76_studyroom-76-1studyroom2,23,24,0.8924676556255504,0.8749999999999966,0.95,1,0,,,,,,,,,,,,,,,,,,,,,,,,,,,,,,,,,none,none
sun3d-mit_76_studyroom-76-1studyroom2,23,33,0.9317211948790897,0.3749999999999985,0.52,1,1,,,,,,,,,,,,,,,,,,,,,,,,,,,,,,,,,none,none
sun3d-mit_76_studyroom-76-1studyroom2,24,25,0.7132740998062663,0.988281249999996,0.98,1,0,,,,,,,,,,,,,,,,,,,,,,,,,,,,,,,,,none,none
sun3d-mit_76_studyroom-76-1studyroom2,24,32,0.6785022379584474,0.9687499999999961,0.96,1,1,,,,,,,,,,,,,,,,,,,,,,,,,,,,,,,,,none,none
sun3d-mit_76_studyroom-76-1studyroom2,24,33,0.7894314917496159,0.9296874999999963,0.9,1,1,,,,,,,,,,,,,,,,,,,,,,,,,,,,,,,,,none,none
sun3d-mit_76_studyroom-76-1studyroom2,25,26,0.902873642238416,0.992187499999996,0.99,1,0,,,,,,,,,,,,,,,,,,,,,,,,,,,,,,,,,none,none
sun3d-mit_76_studyroom-76-1studyroom2,25,27,0.8340712223291626,0.988281249999996,0.99,1,1,,,,,,,,,,,,,,,,,,,,,,,,,,,,,,,,,none,none
sun3d-mit_76_studyroom-76-1studyroom2,25,32,0.7077684586827994,0.996093749999996,1.0,1,1,,,,,,,,,,,,,,,,,,,,,,,,,,,,,,,,,none,none
sun3d-mit_76_studyroom-76-1studyroom2,25,33,0.5999725010312114,0.9257812499999963,0.96,1,1,,,,,,,,,,,,,,,,,,,,,,,,,,,,,,,,,none,none
sun3d-mit_76_studyroom-76-1studyroom2,26,27,0.6456243373297447,0.999999999999996,1.0,1,0,,,,,,,,,,,,,,,,,,,,,,,,,,,,,,,,,none,none
sun3d-mit_76_studyroom-76-1studyroom2,26,32,0.4850950167196803,0.996093749999996,0.99,1,1,,,,,,,,,,,,,,,,,,,,,,,,,,,,,,,,,none,none
sun3d-mit_76_studyroom-76-1studyroom2,27,28,0.560681865071178,0.996093749999996,0.99,1,0,,,,,,,,,,,,,,,,,,,,,,,,,,,,,,,,,none,none
sun3d-mit_76_studyroom-76-1studyroom2,27,31,0.33102950278522797,0.988281249999996,1.0,1,1,,,,,,,,,,,,,,,,,,,,,,,,,,,,,,,,,none,none
sun3d-mit_76_studyroom-76-1studyroom2,27,32,0.7590004126263669,0.999999999999996,0.99,1,1,,,,,,,,,,,,,,,,,,,,,,,,,,,,,,,,,none,none
sun3d-mit_76_studyroom-76-1studyroom2,27,33,0.505931504023107,0.9609374999999961,0.91,1,1,,,,,,,,,,,,,,,,,,,,,,,,,,,,,,,,,none,none
sun3d-mit_76_studyroom-76-1studyroom2,28,29,0.6089029653348184,0.996093749999996,1.0,1,0,,,,,,,,,,,,,,,,,,,,,,,,,,,,,,,,,none,none
sun3d-mit_76_studyroom-76-1studyroom2,28,30,0.4251357371571767,0.996093749999996,1.0,1,1,,,,,,,,,,,,,,,,,,,,,,,,,,,,,,,,,none,none
sun3d-mit_76_studyroom-76-1studyroom2,28,31,0.6430808854239176,0.999999999999996,1.0,1,1,,,,,,,,,,,,,,,,,,,,,,,,,,,,,,,,,none,none
sun3d-mit_76_studyroom-76-1studyroom2,28,32,0.706772936099123,0.999999999999996,0.98,1,1,,,,,,,,,,,,,,,,,,,,,,,,,,,,,,,,,none,none
sun3d-mit_76_studyroom-76-1studyroom2,29,30,0.7875341874190298,0.996093749999996,1.0,1,0,,,,,,,,,,,,,,,,,,,,,,,,,,,,,,,,,none,none
sun3d-mit_76_studyroom-76-1studyroom2,29,31,0.8406986229067703,0.992187499999996,0.98,1,1,,,,,,,,,,,,,,,,,,,,,,,,,,,,,,,,,none,none
sun3d-mit_76_studyroom-76-1studyroom2,29,32,0.47094669161748476,0.9492187499999962,0.97,1,1,,,,,,,,,,,,,,,,,,,,,,,,,,,,,,,,,none,none
sun3d-mit_76_studyroom-76-1studyroom2,30,31,0.7503653902367728,0.999999999999996,1.0,1,0,,,,,,,,,,,,,,,,,,,,,,,,,,,,,,,,,none,none
sun3d-mit_76_studyroom-76-1studyroom2,30,32,0.2976322712657118,0.5390624999999979,0.59,1,1,,,,,,,,,,,,,,,,,,,,,,,,,,,,,,,,,none,none
sun3d-mit_76_studyroom-76-1studyroom2,31,32,0.6068909933507959,0.9648437499999961,0.98,1,0,,,,,,,,,,,,,,,,,,,,,,,,,,,,,,,,,none,none
sun3d-mit_76_studyroom-76-1studyroom2,32,33,0.6072382803011902,0.9726562499999961,0.89,1,0,,,,,,,,,,,,,,,,,,,,,,,,,,,,,,,,,none,none
sun3d-mit_76_studyroom-76-1studyroom2,33,65,0.3071456874917448,0.1015624999999996,0.01,1,0,,,,,,,,,,,,,,,,,,,,,,,,,,,,,,,,,none,none
sun3d-mit_76_studyroom-76-1studyroom2,34,35,0.45396401785303453,0.9843749999999961,1.0,1,0,,,,,,,,,,,,,,,,,,,,,,,,,,,,,,,,,none,none
sun3d-mit_76_studyroom-76-1studyroom2,34,36,0.32733630883909265,0.9335937499999962,0.94,1,1,,,,,,,,,,,,,,,,,,,,,,,,,,,,,,,,,none,none
sun3d-mit_76_studyroom-76-1studyroom2,34,37,0.3000966272488842,0.8789062499999964,0.88,1,1,,,,,,,,,,,,,,,,,,,,,,,,,,,,,,,,,none,none
sun3d-mit_76_studyroom-76-1studyroom2,34,64,0.3937330327152257,0.12109374999999951,0.01,1,0,,,,,,,,,,,,,,,,,,,,,,,,,,,,,,,,,none,none
sun3d-mit_76_studyroom-76-1studyroom2,34,65,0.5134127824046381,0.29296874999999883,0.25,1,0,,,,,,,,,,,,,,,,,,,,,,,,,,,,,,,,,none,none
sun3d-mit_76_studyroom-76-1studyroom2,35,36,0.7879596485519037,0.9804687499999961,1.0,1,0,,,,,,,,,,,,,,,,,,,,,,,,,,,,,,,,,none,none
sun3d-mit_76_studyroom-76-1studyroom2,35,37,0.7388870810283111,0.8984374999999964,0.94,1,1,,,,,,,,,,,,,,,,,,,,,,,,,,,,,,,,,none,none
sun3d-mit_76_studyroom-76-1studyroom2,35,38,0.5641392775789131,0.9218749999999963,0.93,1,1,,,,,,,,,,,,,,,,,,,,,,,,,,,,,,,,,none,none
sun3d-mit_76_studyroom-76-1studyroom2,35,45,0.40136674259681093,0.5976562499999976,0.72,1,1,,,,,,,,,,,,,,,,,,,,,,,,,,,,,,,,,none,none
sun3d-mit_76_studyroom-76-1studyroom2,35,46,0.5696062479661569,0.8164062499999968,0.9,1,1,,,,,,,,,,,,,,,,,,,,,,,,,,,,,,,,,none,none
sun3d-mit_76_studyroom-76-1studyroom2,35,47,0.6121054344288969,0.8593749999999966,0.88,1,1,,,,,,,,,,,,,,,,,,,,,,,,,,,,,,,,,none,none
sun3d-mit_76_studyroom-76-1studyroom2,35,48,0.7127888057273023,0.9101562499999963,0.9,1,1,,,,,,,,,,,,,,,,,,,,,,,,,,,,,,,,,none,none
sun3d-mit_76_studyroom-76-1studyroom2,35,49,0.688252521965506,0.8749999999999966,0.96,1,1,,,,,,,,,,,,,,,,,,,,,,,,,,,,,,,,,none,none
sun3d-mit_76_studyroom-76-1studyroom2,36,37,0.9874439461883409,0.992187499999996,0.99,1,0,,,,,,,,,,,,,,,,,,,,,,,,,,,,,,,,,none,none
sun3d-mit_76_studyroom-76-1studyroom2,36,38,0.7429596412556054,0.8867187499999964,0.87,1,1,,,,,,,,,,,,,,,,,,,,,,,,,,,,,,,,,none,none
sun3d-mit_76_studyroom-76-1studyroom2,36,39,0.5455904334828101,0.5898437499999977,0.21,1,1,,,,,,,,,,,,,,,,,,,,,,,,,,,,,,,,,none,none
sun3d-mit_76_studyroom-76-1studyroom2,36,45,0.45351270553064277,0.8632812499999966,0.85,1,1,,,,,,,,,,,,,,,,,,,,,,,,,,,,,,,,,none,none
sun3d-mit_76_studyroom-76-1studyroom2,36,46,0.5731539611360239,0.9062499999999963,0.9,1,1,,,,,,,,,,,,,,,,,,,,,,,,,,,,,,,,,none,none
sun3d-mit_76_studyroom-76-1studyroom2,36,47,0.6013153961136024,0.8906249999999964,0.92,1,1,,,,,,,,,,,,,,,,,,,,,,,,,,,,,,,,,none,none
sun3d-mit_76_studyroom-76-1studyroom2,36,48,0.6022122571001495,0.9335937499999962,0.98,1,1,,,,,,,,,,,,,,,,,,,,,,,,,,,,,,,,,none,none
sun3d-mit_76_studyroom-76-1studyroom2,36,49,0.6136322869955156,0.9101562499999963,0.99,1,1,,,,,,,,,,,,,,,,,,,,,,,,,,,,,,,,,none,none
sun3d-mit_76_studyroom-76-1studyroom2,36,52,0.3388938714499253,0.20703124999999917,0.05,1,0,,,,,,,,,,,,,,,,,,,,,,,,,,,,,,,,,none,none
sun3d-mit_76_studyroom-76-1studyroom2,37,38,0.8242646074186493,0.9609374999999961,0.91,1,0,,,,,,,,,,,,,,,,,,,,,,,,,,,,,,,,,none,none
sun3d-mit_76_studyroom-76-1studyroom2,37,39,0.657902959425077,0.8164062499999968,0.42,1,1,,,,,,,,,,,,,,,,,,,,,,,,,,,,,,,,,none,none
sun3d-mit_76_studyroom-76-1studyroom2,37,45,0.4748471186894612,0.9062499999999963,0.78,1,1,,,,,,,,,,,,,,,,,,,,,,,,,,,,,,,,,none,none
sun3d-mit_76_studyroom-76-1studyroom2,37,46,0.5736731687720394,0.9570312499999962,0.91,1,1,,,,,,,,,,,,,,,,,,,,,,,,,,,,,,,,,none,none
sun3d-mit_76_studyroom-76-1studyroom2,37,47,0.5859036736151408,0.9062499999999963,0.95,1,1,,,,,,,,,,,,,,,,,,,,,,,,,,,,,,,,,none,none
sun3d-mit_76_studyroom-76-1studyroom2,37,48,0.5290809266616078,0.9609374999999961,0.98,1,1,,,,,,,,,,,,,,,,,,,,,,,,,,,,,,,,,none,none
sun3d-mit_76_studyroom-76-1studyroom2,37,49,0.5713520510645895,0.9726562499999961,0.99,1,1,,,,,,,,,,,,,,,,,,,,,,,,,,,,,,,,,none,none
sun3d-mit_76_studyroom-76-1studyroom2,38,39,0.8242030238869174,0.9765624999999961,0.92,1,0,,,,,,,,,,,,,,,,,,,,,,,,,,,,,,,,,none,none
sun3d-mit_76_studyroom-76-1studyroom2,38,44,0.6836250857364388,0.9648437499999961,0.95,1,1,,,,,,,,,,,,,,,,,,,,,,,,,,,,,,,,,none,none
sun3d-mit_76_studyroom-76-1studyroom2,38,45,0.7224226880982912,0.992187499999996,0.96,1,1,,,,,,,,,,,,,,,,,,,,,,,,,,,,,,,,,none,none
sun3d-mit_76_studyroom-76-1studyroom2,38,46,0.7376912295350848,0.9804687499999961,0.98,1,1,,,,,,,,,,,,,,,,,,,,,,,,,,,,,,,,,none,none
sun3d-mit_76_studyroom-76-1studyroom2,38,47,0.6490919392836907,0.9765624999999961,0.92,1,1,,,,,,,,,,,,,,,,,,,,,,,,,,,,,,,,,none,none
sun3d-mit_76_studyroom-76-1studyroom2,38,48,0.4921718903766439,0.9296874999999963,0.9,1,1,,,,,,,,,,,,,,,,,,,,,,,,,,,,,,,,,none,none
sun3d-mit_76_studyroom-76-1studyroom2,38,49,0.583514746667462,0.9570312499999962,0.92,1,1,,,,,,,,,,,,,,,,,,,,,,,,,,,,,,,,,none,none
sun3d-mit_76_studyroom-76-1studyroom2,39,40,0.40459394655454006,0.4023437499999984,0.4,1,0,,,,,,,,,,,,,,,,,,,,,,,,,,,,,,,,,none,none
sun3d-mit_76_studyroom-76-1studyroom2,39,43,0.36379747715189215,0.28515624999999883,0.28,1,1,,,,,,,,,,,,,,,,,,,,,,,,,,,,,,,,,none,none
sun3d-mit_76_studyroom-76-1studyroom2,39,44,0.6993432254925809,0.9843749999999961,0.9,1,1,,,,,,,,,,,,,,,,,,,,,,,,,,,,,,,,,none,none
sun3d-mit_76_studyroom-76-1studyroom2,39,45,0.5627410779441916,0.9648437499999961,0.93,1,1,,,,,,,,,,,,,,,,,,,,,,,,,,,,,,,,,none,none
sun3d-mit_76_studyroom-76-1studyroom2,39,46,0.5246203565347326,0.9609374999999961,0.95,1,1,,,,,,,,,,,,,,,,,,,,,,,,,,,,,,,,,none,none
sun3d-mit_76_studyroom-76-1studyroom2,39,47,0.4492476630642527,0.5585937499999978,0.43,1,1,,,,,,,,,,,,,,,,,,,,,,,,,,,,,,,,,none,none
sun3d-mit_76_studyroom-76-1studyroom2,39,48,0.2876255342808493,0.011718749999999953,0.0,1,0,,,,,,,,,,,,,,,,,,,,,,,,,,,,,,,,,none,none
sun3d-mit_76_studyroom-76-1studyroom2,39,49,0.33589324808006393,0.9023437499999964,0.77,1,1,,,,,,,,,,,,,,,,,,,,,,,,,,,,,,,,,none,none
sun3d-mit_76_studyroom-76-1studyroom2,40,41,0.6432745283543881,0.999999999999996,0.99,1,0,,,,,,,,,,,,,,,,,,,,,,,,,,,,,,,,,none,none
sun3d-mit_76_studyroom-76-1studyroom2,40,42,0.7254716456118872,0.996093749999996,0.98,1,1,,,,,,,,,,,,,,,,,,,,,,,,,,,,,,,,,none,none
sun3d-mit_76_studyroom-76-1studyroom2,40,43,0.8534142133674661,0.999999999999996,0.96,1,1,,,,,,,,,,,,,,,,,,,,,,,,,,,,,,,,,none,none
sun3d-mit_76_studyroom-76-1studyroom2,40,44,0.5419889810228727,0.015624999999999938,0.0,1,0,,,,,,,,,,,,,,,,,,,,,,,,,,,,,,,,,none,none
sun3d-mit_76_studyroom-76-1studyroom2,40,45,0.3744782681284434,0.0,0.0,1,0,,,,,,,,,,,,,,,,,,,,,,,,,,,,,,,,,none,none
sun3d-mit_76_studyroom-76-1studyroom2,40,46,0.33029105682007903,0.0,0.0,1,0,,,,,,,,,,,,,,,,,,,,,,,,,,,,,,,,,none,none
sun3d-mit_76_studyroom-76-1studyroom2,40,47,0.28087261394624075,0.0,0.0,1,0,,,,,,,,,,,,,,,,,,,,,,,,,,,,,,,,,none,none
sun3d-mit_76_studyroom-76-1studyroom2,41,42,0.9739481360131058,0.999999999999996,0.97,1,0,,,,,,,,,,,,,,,,,,,,,,,,,,,,,,,,,none,none
sun3d-mit_76_studyroom-76-1studyroom2,41,43,0.7443960522635553,0.999999999999996,0.99,1,1,,,,,,,,,,,,,,,,,,,,,,,,,,,,,,,,,none,none
sun3d-mit_76_studyroom-76-1studyroom2,42,43,0.6445571370944505,0.996093749999996,0.97,1,0,,,,,,,,,,,,,,,,,,,,,,,,,,,,,,,,,none,none
sun3d-mit_76_studyroom-76-1studyroom2,44,45,0.8297760012067275,0.9726562499999961,0.99,1,0,,,,,,,,,,,,,,,,,,,,,,,,,,,,,,,,,none,none
sun3d-mit_76_studyroom-76-1studyroom2,44,46,0.718040576212384,0.9843749999999961,0.89,1,1,,,,,,,,,,,,,,,,,,,,,,,,,,,,,,,,,none,none
sun3d-mit_76_studyroom-76-1studyroom2,44,47,0.5193830605626367,0.9492187499999962,0.9,1,1,,,,,,,,,,,,,,,,,,,,,,,,,,,,,,,,,none,none
sun3d-mit_76_studyroom-76-1studyroom2,44,48,0.31303265706312694,0.8242187499999967,0.84,1,0,,,,,,,,,,,,,,,,,,,,,,,,,,,,,,,,,none,none
sun3d-mit_76_studyroom-76-1studyroom2,44,49,0.4100610905799834,0.9609374999999961,0.92,1,1,,,,,,,,,,,,,,,,,,,,,,,,,,,,,,,,,none,none
sun3d-mit_76_studyroom-76-1studyroom2,44,50,0.4894034240892978,0.9296874999999963,0.83,1,1,,,,,,,,,,,,,,,,,,,,,,,,,,,,,,,,,none,none
sun3d-mit_76_studyroom-76-1studyroom2,45,46,0.8485975212002609,0.992187499999996,0.98,1,0,,,,,,,,,,,,,,,,,,,,,,,,,,,,,,,,,none,none
sun3d-mit_76_studyroom-76-1studyroom2,45,47,0.6625570776255708,0.9765624999999961,0.99,1,1,,,,,,,,,,,,,,,,,,,,,,,,,,,,,,,,,none,none
sun3d-mit_76_studyroom-76-1studyroom2,45,48,0.4893998695368558,0.9374999999999962,0.93,1,1,,,,,,,,,,,,,,,,,,,,,,,,,,,,,,,,,none,none
sun3d-mit_76_studyroom-76-1studyroom2,45,49,0.5825505544683627,0.9453124999999962,0.98,1,1,,,,,,,,,,,,,,,,,,,,,,,,,,,,,,,,,none,none
sun3d-mit_76_studyroom-76-1studyroom2,46,47,0.8289881099826604,0.999999999999996,0.99,1,0,,,,,,,,,,,,,,,,,,,,,,,,,,,,,,,,,none,none
sun3d-mit_76_studyroom-76-1studyroom2,46,48,0.6694637106762448,0.9843749999999961,0.98,1,1,,,,,,,,,,,,,,,,,,,,,,,,,,,,,,,,,none,none
sun3d-mit_76_studyroom-76-1studyroom2,46,49,0.7240525142432499,0.9843749999999961,0.98,1,1,,,,,,,,,,,,,,,,,,,,,,,,,,,,,,,,,none,none
sun3d-mit_76_studyroom-76-1studyroom2,47,48,0.866160448993067,0.999999999999996,0.99,1,0,,,,,,,,,,,,,,,,,,,,,,,,,,,,,,,,,none,none
sun3d-mit_76_studyroom-76-1studyroom2,47,49,0.746649059095411,0.992187499999996,0.99,1,1,,,,,,,,,,,,,,,,,,,,,,,,,,,,,,,,,none,none
sun3d-mit_76_studyroom-76-1studyroom2,48,49,0.758334002731143,0.988281249999996,0.99,1,0,,,,,,,,,,,,,,,,,,,,,,,,,,,,,,,,,none,none
sun3d-mit_76_studyroom-76-1studyroom2,49,50,0.5634169181146603,0.9140624999999963,0.97,1,0,,,,,,,,,,,,,,,,,,,,,,,,,,,,,,,,,none,none
sun3d-mit_76_studyroom-76-1studyroom2,50,51,0.493957798509799,0.7265624999999971,0.95,1,0,,,,,,,,,,,,,,,,,,,,,,,,,,,,,,,,,none,none
sun3d-mit_76_studyroom-76-1studyroom2,51,52,0.8928842648845686,0.9531249999999962,0.94,1,0,,,,,,,,,,,,,,,,,,,,,,,,,,,,,,,,,none,none
sun3d-mit_76_studyroom-76-1studyroom2,51,53,0.6665021263669502,0.8867187499999964,0.86,1,1,,,,,,,,,,,,,,,,,,,,,,,,,,,,,,,,,none,none
sun3d-mit_76_studyroom-76-1studyroom2,52,53,0.9030910895834047,0.988281249999996,1.0,1,0,,,,,,,,,,,,,,,,,,,,,,,,,,,,,,,,,none,none
sun3d-mit_76_studyroom-76-1studyroom2,53,54,0.43326594376033817,0.8945312499999964,0.96,1,0,,,,,,,,,,,,,,,,,,,,,,,,,,,,,,,,,none,none
sun3d-mit_76_studyroom-76-1studyroom2,54,55,0.5300137768155875,0.9296874999999963,0.97,1,0,,,,,,,,,,,,,,,,,,,,,,,,,,,,,,,,,none,none
sun3d-mit_76_studyroom-76-1studyroom2,55,56,0.5594826165760421,0.9843749999999961,0.97,1,0,,,,,,,,,,,,,,,,,,,,,,,,,,,,,,,,,none,none
sun3d-mit_76_studyroom-76-1studyroom2,56,57,0.5669459718949114,0.9531249999999962,0.87,1,0,,,,,,,,,,,,,,,,,,,,,,,,,,,,,,,,,none,none
sun3d-mit_76_studyroom-76-1studyroom2,58,59,0.6730925324675324,0.9687499999999961,0.98,1,0,,,,,,,,,,,,,,,,,,,,,,,,,,,,,,,,,none,none
sun3d-mit_76_studyroom-76-1studyroom2,58,60,0.6104910714285714,0.9296874999999963,0.94,1,1,,,,,,,,,,,,,,,,,,,,,,,,,,,,,,,,,none,none
sun3d-mit_76_studyroom-76-1studyroom2,58,61,0.5977069805194806,0.6718749999999973,0.52,1,1,,,,,,,,,,,,,,,,,,,,,,,,,,,,,,,,,none,none
sun3d-mit_76_studyroom-76-1studyroom2,58,62,0.4712188852813853,0.8593749999999966,0.98,1,1,,,,,,,,,,,,,,,,,,,,,,,,,,,,,,,,,none,none
sun3d-mit_76_studyroom-76-1studyroom2,59,60,0.7752075919335706,0.992187499999996,1.0,1,0,,,,,,,,,,,,,,,,,,,,,,,,,,,,,,,,,none,none
sun3d-mit_76_studyroom-76-1studyroom2,59,61,0.663898774219059,0.9648437499999961,0.99,1,1,,,,,,,,,,,,,,,,,,,,,,,,,,,,,,,,,none,none
sun3d-mit_76_studyroom-76-1studyroom2,59,62,0.5349446421510479,0.9414062499999962,0.95,1,1,,,,,,,,,,,,,,,,,,,,,,,,,,,,,,,,,none,none
sun3d-mit_76_studyroom-76-1studyroom2,60,61,0.9112748238308777,0.992187499999996,1.0,1,0,,,,,,,,,,,,,,,,,,,,,,,,,,,,,,,,,none,none
sun3d-mit_76_studyroom-76-1studyroom2,60,62,0.7573991031390135,0.9296874999999963,0.91,1,1,,,,,,,,,,,,,,,,,,,,,,,,,,,,,,,,,none,none
sun3d-mit_76_studyroom-76-1studyroom2,60,63,0.5314541960281871,0.9687499999999961,0.97,1,1,,,,,,,,,,,,,,,,,,,,,,,,,,,,,,,,,none,none
sun3d-mit_76_studyroom-76-1studyroom2,61,62,0.9073149659210905,0.996093749999996,0.99,1,0,,,,,,,,,,,,,,,,,,,,,,,,,,,,,,,,,none,none
sun3d-mit_76_studyroom-76-1studyroom2,61,63,0.724344820965729,0.9648437499999961,0.98,1,1,,,,,,,,,,,,,,,,,,,,,,,,,,,,,,,,,none,none
sun3d-mit_76_studyroom-76-1studyroom2,62,63,0.8620788019254769,0.988281249999996,1.0,1,0,,,,,,,,,,,,,,,,,,,,,,,,,,,,,,,,,none,none
sun3d-mit_76_studyroom-76-1studyroom2,62,64,0.5919415225530398,0.9414062499999962,0.95,1,1,,,,,,,,,,,,,,,,,,,,,,,,,,,,,,,,,none,none
sun3d-mit_76_studyroom-76-1studyroom2,63,64,0.7392721825711517,0.9804687499999961,0.96,1,0,,,,,,,,,,,,,,,,,,,,,,,,,,,,,,,,,none,none
sun3d-mit_76_studyroom-76-1studyroom2,63,65,0.38126707198872145,0.35546874999999856,0.47,1,1,,,,,,,,,,,,,,,,,,,,,,,,,,,,,,,,,none,none
sun3d-mit_76_studyroom-76-1studyroom2,64,65,0.7025134707837254,0.988281249999996,0.98,1,0,,,,,,,,,,,,,,,,,,,,,,,,,,,,,,,,,none,none
sun3d-mit_lab_hj-lab_hj_tea_nov_2_2012_scan1_erika,0,1,0.7840753562515096,0.8867187499999964,0.98,1,0,,,,,,,,,,,,,,,,,,,,,,,,,,,,,,,,,none,none
sun3d-mit_lab_hj-lab_hj_tea_nov_2_2012_scan1_erika,0,6,0.3524675952016746,0.26562499999999895,0.14,1,0,,,,,,,,,,,,,,,,,,,,,,,,,,,,,,,,,none,none
sun3d-mit_lab_hj-lab_hj_tea_nov_2_2012_scan1_erika,0,8,0.6753079462201111,0.14843749999999942,0.33,1,1,,,,,,,,,,,,,,,,,,,,,,,,,,,,,,,,,none,none
sun3d-mit_lab_hj-lab_hj_tea_nov_2_2012_scan1_erika,0,9,0.603494082602045,0.3515624999999986,0.43,1,1,,,,,,,,,,,,,,,,,,,,,,,,,,,,,,,,,none,none
sun3d-mit_lab_hj-lab_hj_tea_nov_2_2012_scan1_erika,0,10,0.6601722888656308,0.503906249999998,0.59,1,1,,,,,,,,,,,,,,,,,,,,,,,,,,,,,,,,,none,none
sun3d-mit_lab_hj-lab_hj_tea_nov_2_2012_scan1_erika,0,11,0.3048063762982047,0.5742187499999977,0.68,1,1,,,,,,,,,,,,,,,,,,,,,,,,,,,,,,,,,none,none
sun3d-mit_lab_hj-lab_hj_tea_nov_2_2012_scan1_erika,0,27,0.5719346268416392,0.7304687499999971,0.72,1,0,,,,,,,,,,,,,,,,,,,,,,,,,,,,,,,,,none,none
sun3d-mit_lab_hj-lab_hj_tea_nov_2_2012_scan1_erika,0,28,0.3938491264793495,0.5351562499999979,0.47,1,0,,,,,,,,,,,,,,,,,,,,,,,,,,,,,,,,,none,none
sun3d-mit_lab_hj-lab_hj_tea_nov_2_2012_scan1_erika,1,2,0.5448655016689574,0.8867187499999964,0.89,1,0,,,,,,,,,,,,,,,,,,,,,,,,,,,,,,,,,none,none
sun3d-mit_lab_hj-lab_hj_tea_nov_2_2012_scan1_erika,1,6,0.5448000523594476,0.738281249999997,0.74,1,1,,,,,,,,,,,,,,,,,,,,,,,,,,,,,,,,,none,none
sun3d-mit_lab_hj-lab_hj_tea_nov_2_2012_scan1_erika,1,8,0.6779893972118595,0.23046874999999908,0.32,1,0,,,,,,,,,,,,,,,,,,,,,,,,,,,,,,,,,none,none
sun3d-mit_lab_hj-lab_hj_tea_nov_2_2012_scan1_erika,1,9,0.5986648340860004,0.48046874999999806,0.58,1,1,,,,,,,,,,,,,,,,,,,,,,,,,,,,,,,,,none,none
sun3d-mit_lab_hj-lab_hj_tea_nov_2_2012_scan1_erika,1,10,0.4928333006086786,0.5507812499999978,0.84,1,1,,,,,,,,,,,,,,,,,,,,,,,,,,,,,,,,,none,none
sun3d-mit_lab_hj-lab_hj_tea_nov_2_2012_scan1_erika,1,27,0.5798808822566922,0.7929687499999968,0.74,1,1,,,,,,,,,,,,,,,,,,,,,,,,,,,,,,,,,none,none
sun3d-mit_lab_hj-lab_hj_tea_nov_2_2012_scan1_erika,1,28,0.4381831271680084,0.8984374999999964,0.98,1,1,,,,,,,,,,,,,,,,,,,,,,,,,,,,,,,,,none,none
sun3d-mit_lab_hj-lab_hj_tea_nov_2_2012_scan1_erika,2,3,0.6444547407438608,0.9570312499999962,0.96,1,0,,,,,,,,,,,,,,,,,,,,,,,,,,,,,,,,,none,none
sun3d-mit_lab_hj-lab_hj_tea_nov_2_2012_scan1_erika,2,5,0.4870056021229097,0.8632812499999966,0.9,1,1,,,,,,,,,,,,,,,,,,,,,,,,,,,,,,,,,none,none
sun3d-mit_lab_hj-lab_hj_tea_nov_2_2012_scan1_erika,2,8,0.5427741038709406,0.8828124999999964,0.86,1,1,,,,,,,,,,,,,,,,,,,,,,,,,,,,,,,,,none,none
sun3d-mit_lab_hj-lab_hj_tea_nov_2_2012_scan1_erika,3,4,0.768612633707626,0.988281249999996,0.95,1,0,,,,,,,,,,,,,,,,,,,,,,,,,,,,,,,,,none,none
sun3d-mit_lab_hj-lab_hj_tea_nov_2_2012_scan1_erika,3,5,0.6527592996647331,0.8281249999999967,0.97,1,1,,,,,,,,,,,,,,,,,,,,,,,,,,,,,,,,,none,none
sun3d-mit_lab_hj-lab_hj_tea_nov_2_2012_scan1_erika,3,6,0.6125804906604225,0.742187499999997,0.99,1,1,,,,,,,,,,,,,,,,,,,,,,,,,,,,,,,,,none,none
sun3d-mit_lab_hj-lab_hj_tea_nov_2_2012_scan1_erika,4,5,0.8526290254108799,0.9687499999999961,0.96,1,0,,,,,,,,,,,,,,,,,,,,,,,,,,,,,,,,,none,none
sun3d-mit_lab_hj-lab_hj_tea_nov_2_2012_scan1_erika,4,6,0.7387955606768148,0.8476562499999966,0.93,1,1,,,,,,,,,,,,,,,,,,,,,,,,,,,,,,,,,none,none
sun3d-mit_lab_hj-lab_hj_tea_nov_2_2012_scan1_erika,4,7,0.5011219600946085,0.7929687499999968,0.86,1,1,,,,,,,,,,,,,,,,,,,,,,,,,,,,,,,,,none,none
sun3d-mit_lab_hj-lab_hj_tea_nov_2_2012_scan1_erika,5,6,0.9302081844600066,0.999999999999996,0.99,1,0,,,,,,,,,,,,,,,,,,,,,,,,,,,,,,,,,none,none
sun3d-mit_lab_hj-lab_hj_tea_nov_2_2012_scan1_erika,5,7,0.7537039683673955,0.9296874999999963,0.99,1,1,,,,,,,,,,,,,,,,,,,,,,,,,,,,,,,,,none,none
sun3d-mit_lab_hj-lab_hj_tea_nov_2_2012_scan1_erika,5,8,0.5829164880186747,0.8749999999999966,0.97,1,1,,,,,,,,,,,,,,,,,,,,,,,,,,,,,,,,,none,none
sun3d-mit_lab_hj-lab_hj_tea_nov_2_2012_scan1_erika,6,7,0.8972080278456639,0.9765624999999961,1.0,1,0,,,,,,,,,,,,,,,,,,,,,,,,,,,,,,,,,none,none
sun3d-mit_lab_hj-lab_hj_tea_nov_2_2012_scan1_erika,6,8,0.7367622009923721,0.9492187499999962,0.98,1,1,,,,,,,,,,,,,,,,,,,,,,,,,,,,,,,,,none,none
sun3d-mit_lab_hj-lab_hj_tea_nov_2_2012_scan1_erika,7,8,0.8797056418642681,0.9687499999999961,0.94,1,0,,,,,,,,,,,,,,,,,,,,,,,,,,,,,,,,,none,none
sun3d-mit_lab_hj-lab_hj_tea_nov_2_2012_scan1_erika,9,10,0.7926865406270373,0.7187499999999971,0.71,1,0,,,,,,,,,,,,,,,,,,,,,,,,,,,,,,,,,none,none
sun3d-mit_lab_hj-lab_hj_tea_nov_2_2012_scan1_erika,9,11,0.3910982042316126,0.49218749999999806,0.48,1,1,,,,,,,,,,,,,,,,,,,,,,,,,,,,,,,,,none,none
sun3d-mit_lab_hj-lab_hj_tea_nov_2_2012_scan1_erika,10,11,0.42059302704463997,0.22656249999999908,0.29,1,0,,,,,,,,,,,,,,,,,,,,,,,,,,,,,,,,,none,none
sun3d-mit_lab_hj-lab_hj_tea_nov_2_2012_scan1_erika,14,15,0.9424325171225212,0.988281249999996,0.96,1,0,,,,,,,,,,,,,,,,,,,,,,,,,,,,,,,,,none,none
sun3d-mit_lab_hj-lab_hj_tea_nov_2_2012_scan1_erika,14,16,0.8295805541877435,0.9648437499999961,0.9,1,1,,,,,,,,,,,,,,,,,,,,,,,,,,,,,,,,,none,none
sun3d-mit_lab_hj-lab_hj_tea_nov_2_2012_scan1_erika,14,17,0.600340212184968,0.9414062499999962,0.93,1,1,,,,,,,,,,,,,,,,,,,,,,,,,,,,,,,,,none,none
sun3d-mit_lab_hj-lab_hj_tea_nov_2_2012_scan1_erika,15,16,0.94027745121091,0.9687499999999961,0.88,1,0,,,,,,,,,,,,,,,,,,,,,,,,,,,,,,,,,none,none
sun3d-mit_lab_hj-lab_hj_tea_nov_2_2012_scan1_erika,15,17,0.6737361862214907,0.9335937499999962,0.94,1,1,,,,,,,,,,,,,,,,,,,,,,,,,,,,,,,,,none,none
sun3d-mit_lab_hj-lab_hj_tea_nov_2_2012_scan1_erika,16,17,0.7461137347500983,0.9374999999999962,0.82,1,0,,,,,,,,,,,,,,,,,,,,,,,,,,,,,,,,,none,none
sun3d-mit_lab_hj-lab_hj_tea_nov_2_2012_scan1_erika,17,18,0.7811242192921583,0.9374999999999962,0.86,1,0,,,,,,,,,,,,,,,,,,,,,,,,,,,,,,,,,none,none
sun3d-mit_lab_hj-lab_hj_tea_nov_2_2012_scan1_erika,18,19,0.8373480049932961,0.9374999999999962,0.9,1,0,,,,,,,,,,,,,,,,,,,,,,,,,,,,,,,,,none,none
sun3d-mit_lab_hj-lab_hj_tea_nov_2_2012_scan1_erika,19,20,0.8391165870421591,0.9804687499999961,0.93,1,0,,,,,,,,,,,,,,,,,,,,,,,,,,,,,,,,,none,none
sun3d-mit_lab_hj-lab_hj_tea_nov_2_2012_scan1_erika,19,21,0.4193278015254379,0.2812499999999989,0.02,1,1,,,,,,,,,,,,,,,,,,,,,,,,,,,,,,,,,none,none
sun3d-mit_lab_hj-lab_hj_tea_nov_2_2012_scan1_erika,20,21,0.6539269671062165,0.49218749999999806,0.01,1,0,,,,,,,,,,,,,,,,,,,,,,,,,,,,,,,,,none,none
sun3d-mit_lab_hj-lab_hj_tea_nov_2_2012_scan1_erika,21,22,0.6530183927344883,0.8710937499999966,0.74,1,0,,,,,,,,,,,,,,,,,,,,,,,,,,,,,,,,,none,none
sun3d-mit_lab_hj-lab_hj_tea_nov_2_2012_scan1_erika,22,23,0.7795552872522387,0.8515624999999966,0.93,1,0,,,,,,,,,,,,,,,,,,,,,,,,,,,,,,,,,none,none
sun3d-mit_lab_hj-lab_hj_tea_nov_2_2012_scan1_erika,22,24,0.44773116007646646,0.7929687499999968,0.83,1,1,,,,,,,,,,,,,,,,,,,,,,,,,,,,,,,,,none,none
sun3d-mit_lab_hj-lab_hj_tea_nov_2_2012_scan1_erika,23,24,0.6149458400553123,0.8593749999999966,0.86,1,0,,,,,,,,,,,,,,,,,,,,,,,,,,,,,,,,,none,none
sun3d-mit_lab_hj-lab_hj_tea_nov_2_2012_scan1_erika,23,25,0.5254666973957133,0.6874999999999972,0.75,1,1,,,,,,,,,,,,,,,,,,,,,,,,,,,,,,,,,none,none
sun3d-mit_lab_hj-lab_hj_tea_nov_2_2012_scan1_erika,24,25,0.7763782517880878,0.6953124999999972,0.88,1,0,,,,,,,,,,,,,,,,,,,,,,,,,,,,,,,,,none,none
sun3d-mit_lab_hj-lab_hj_tea_nov_2_2012_scan1_erika,25,26,0.5261223418220006,0.7031249999999972,0.76,1,0,,,,,,,,,,,,,,,,,,,,,,,,,,,,,,,,,none,none
sun3d-mit_lab_hj-lab_hj_tea_nov_2_2012_scan1_erika,26,27,0.78688019710502,0.5742187499999977,0.65,1,0,,,,,,,,,,,,,,,,,,,,,,,,,,,,,,,,,none,none
sun3d-mit_lab_hj-lab_hj_tea_nov_2_2012_scan1_erika,26,28,0.4409198234267529,0.20703124999999917,0.21,1,0,,,,,,,,,,,,,,,,,,,,,,,,,,,,,,,,,none,none
sun3d-mit_lab_hj-lab_hj_tea_nov_2_2012_scan1_erika,27,28,0.6915650026195644,0.7890624999999969,0.78,1,0,,,,,,,,,,,,,,,,,,,,,,,,,,,,,,,,,none,none
sun3d-mit_lab_hj-lab_hj_tea_nov_2_2012_scan1_erika,29,30,0.6186445693992305,0.3789062499999985,0.53,1,0,,,,,,,,,,,,,,,,,,,,,,,,,,,,,,,,,none,none
sun3d-mit_lab_hj-lab_hj_tea_nov_2_2012_scan1_erika,30,31,0.548343729834373,0.9609374999999961,1.0,1,0,,,,,,,,,,,,,,,,,,,,,,,,,,,,,,,,,none,none
sun3d-mit_lab_hj-lab_hj_tea_nov_2_2012_scan1_erika,31,32,0.7189319909189616,0.9179687499999963,0.99,1,0,,,,,,,,,,,,,,,,,,,,,,,,,,,,,,,,,none,none
sun3d-mit_lab_hj-lab_hj_tea_nov_2_2012_scan1_erika,31,33,0.6663211923798243,0.8828124999999964,0.9,1,1,,,,,,,,,,,,,,,,,,,,,,,,,,,,,,,,,none,none
sun3d-mit_lab_hj-lab_hj_tea_nov_2_2012_scan1_erika,31,34,0.4873655117954792,0.8906249999999964,0.94,1,1,,,,,,,,,,,,,,,,,,,,,,,,,,,,,,,,,none,none
sun3d-mit_lab_hj-lab_hj_tea_nov_2_2012_scan1_erika,31,35,0.5176191886289606,0.8632812499999966,0.92,1,1,,,,,,,,,,,,,,,,,,,,,,,,,,,,,,,,,none,none
sun3d-mit_lab_hj-lab_hj_tea_nov_2_2012_scan1_erika,31,36,0.7367485934261179,0.9023437499999964,0.93,1,1,,,,,,,,,,,,,,,,,,,,,,,,,,,,,,,,,none,none
sun3d-mit_lab_hj-lab_hj_tea_nov_2_2012_scan1_erika,31,37,0.5903662027440529,0.8398437499999967,0.81,1,1,,,,,,,,,,,,,,,,,,,,,,,,,,,,,,,,,none,none
sun3d-mit_lab_hj-lab_hj_tea_nov_2_2012_scan1_erika,32,33,0.9730117146952696,0.996093749999996,0.98,1,0,,,,,,,,,,,,,,,,,,,,,,,,,,,,,,,,,none,none
sun3d-mit_lab_hj-lab_hj_tea_nov_2_2012_scan1_erika,32,34,0.822648410854629,0.996093749999996,0.97,1,1,,,,,,,,,,,,,,,,,,,,,,,,,,,,,,,,,none,none
sun3d-mit_lab_hj-lab_hj_tea_nov_2_2012_scan1_erika,32,35,0.761455192526321,0.996093749999996,0.98,1,1,,,,,,,,,,,,,,,,,,,,,,,,,,,,,,,,,none,none
sun3d-mit_lab_hj-lab_hj_tea_nov_2_2012_scan1_erika,32,36,0.9905096139587761,0.996093749999996,1.0,1,1,,,,,,,,,,,,,,,,,,,,,,,,,,,,,,,,,none,none
sun3d-mit_lab_hj-lab_hj_tea_nov_2_2012_scan1_erika,32,37,0.9166625475755029,0.992187499999996,0.98,1,1,,,,,,,,,,,,,,,,,,,,,,,,,,,,,,,,,none,none
sun3d-mit_lab_hj-lab_hj_tea_nov_2_2012_scan1_erika,33,34,0.8846685082872928,0.992187499999996,0.98,1,0,,,,,,,,,,,,,,,,,,,,,,,,,,,,,,,,,none,none
sun3d-mit_lab_hj-lab_hj_tea_nov_2_2012_scan1_erika,33,35,0.7754434428612968,0.988281249999996,0.97,1,1,,,,,,,,,,,,,,,,,,,,,,,,,,,,,,,,,none,none
sun3d-mit_lab_hj-lab_hj_tea_nov_2_2012_scan1_erika,33,36,0.9317025298051759,0.996093749999996,0.99,1,1,,,,,,,,,,,,,,,,,,,,,,,,,,,,,,,,,none,none
sun3d-mit_lab_hj-lab_hj_tea_nov_2_2012_scan1_erika,33,37,0.9597993602791509,0.992187499999996,1.0,1,1,,,,,,,,,,,,,,,,,,,,,,,,,,,,,,,,,none,none
sun3d-mit_lab_hj-lab_hj_tea_nov_2_2012_scan1_erika,34,35,0.9190571586888879,0.9804687499999961,0.98,1,0,,,,,,,,,,,,,,,,,,,,,,,,,,,,,,,,,none,none
sun3d-mit_lab_hj-lab_hj_tea_nov_2_2012_scan1_erika,34,36,0.9741272750522143,0.9765624999999961,0.98,1,1,,,,,,,,,,,,,,,,,,,,,,,,,,,,,,,,,none,none
sun3d-mit_lab_hj-lab_hj_tea_nov_2_2012_scan1_erika,34,37,0.893823792677209,0.9765624999999961,1.0,1,1,,,,,,,,,,,,,,,,,,,,,,,,,,,,,,,,,none,none
sun3d-mit_lab_hj-lab_hj_tea_nov_2_2012_scan1_erika,35,36,0.9222759535137665,0.996093749999996,0.96,1,0,,,,,,,,,,,,,,,,,,,,,,,,,,,,,,,,,none,none
sun3d-mit_lab_hj-lab_hj_tea_nov_2_2012_scan1_erika,35,37,0.7776694485609547,0.992187499999996,0.97,1,1,,,,,,,,,,,,,,,,,,,,,,,,,,,,,,,,,none,none
sun3d-mit_lab_hj-lab_hj_tea_nov_2_2012_scan1_erika,36,37,0.8063734862970044,0.996093749999996,0.98,1,0,,,,,,,,,,,,,,,,,,,,,,,,,,,,,,,,,none,none
