scene,ref_frame,src_frame,overlap,bin,PIR,FMR,IR,is_official_gt_pair,RR_success,RRE,RTE_m
7-scenes-redkitchen,0,16,0.20292986246508932,"[0.20,0.25)",0.36718749999999856,1.0,0.238,1,1.0,2.6125441759119497,0.08216152340173721
7-scenes-redkitchen,0,17,0.17057490646572165,"[0.15,0.20)",0.24218749999999903,1.0,0.135,1,1.0,2.828954586480809,0.07286473363637924
7-scenes-redkitchen,0,18,0.312167360489013,"[0.30,1.00]",0.6992187499999972,1.0,0.627,1,1.0,2.61628762056323,0.009818513877689838
7-scenes-redkitchen,0,20,0.31369552616325025,"[0.30,1.00]",0.7695312499999969,1.0,0.6185,1,1.0,2.0038882449001263,0.024215741083025932
7-scenes-redkitchen,0,25,0.3271855403909996,"[0.30,1.00]",0.3984374999999984,1.0,0.321,1,1.0,4.784218161634932,0.10231702029705048
7-scenes-redkitchen,0,30,0.25688991937608685,"[0.25,0.30)",0.09765624999999961,0.0,0.034,1,0.0,,
7-scenes-redkitchen,0,31,0.33187542814986565,"[0.30,1.00]",0.13671874999999944,1.0,0.0885,1,0.0,,
7-scenes-redkitchen,0,32,0.3762976234388997,"[0.30,1.00]",0.4492187499999982,1.0,0.3055,1,1.0,1.5944639492822117,0.012628120370209217
7-scenes-redkitchen,0,33,0.2698529799230648,"[0.25,0.30)",0.08203124999999967,0.0,0.041,1,0.0,,
7-scenes-redkitchen,0,34,0.1396954207725141,"[0.00,0.15)",0.4453124999999982,1.0,0.5175,1,1.0,2.6207727009600212,0.058472055941820145
7-scenes-redkitchen,0,36,0.24935448174105496,"[0.20,0.25)",0.3203124999999987,1.0,0.2965,1,1.0,3.510228377636413,0.04873041808605194
7-scenes-redkitchen,0,37,0.38562470358855455,"[0.30,1.00]",0.5859374999999977,1.0,0.571,1,1.0,3.17237264879122,0.028918229043483734
7-scenes-redkitchen,0,38,0.366654371080782,"[0.30,1.00]",0.7304687499999971,1.0,0.7385,1,1.0,2.8831010268065524,0.03561602905392647
7-scenes-redkitchen,0,41,0.352584707804184,"[0.30,1.00]",0.7304687499999971,1.0,0.624,1,1.0,2.9845217311255796,0.11098464578390121
7-scenes-redkitchen,0,42,0.3115877114401644,"[0.30,1.00]",0.7265624999999971,1.0,0.695,1,1.0,3.186411740746068,0.0979849323630333
7-scenes-redkitchen,0,43,0.2592085155714813,"[0.25,0.30)",0.4492187499999982,1.0,0.414,1,1.0,3.049793608240128,0.08558715879917145
7-scenes-redkitchen,0,44,0.2522000316172208,"[0.25,0.30)",0.5429687499999978,1.0,0.547,1,1.0,3.297525092254766,0.09158656001091003
7-scenes-redkitchen,0,45,0.26637508562997314,"[0.25,0.30)",0.4492187499999982,1.0,0.423,1,1.0,2.950880677738495,0.08168210089206696
7-scenes-redkitchen,0,46,0.2641091848026558,"[0.25,0.30)",0.6640624999999973,1.0,0.6125,1,1.0,1.929858329294643,0.05289755389094353
7-scenes-redkitchen,0,47,0.22126785055593615,"[0.20,0.25)",0.6015624999999976,1.0,0.502,1,1.0,3.7055988819793533,0.11038951575756073
7-scenes-redkitchen,0,48,0.18290562259577384,"[0.15,0.20)",0.48828124999999806,1.0,0.4385,1,1.0,3.153929190620555,0.0841410905122757
7-scenes-redkitchen,0,49,0.147599725984086,"[0.00,0.15)",0.4414062499999982,1.0,0.457,1,1.0,1.895684833711461,0.0605025552213192
7-scenes-redkitchen,0,50,0.18580386784001687,"[0.15,0.20)",0.46093749999999817,1.0,0.4985,1,1.0,3.8780790557766194,0.09295285493135452
7-scenes-redkitchen,0,51,0.18543500026347684,"[0.15,0.20)",0.5234374999999979,1.0,0.514,1,1.0,3.622987329615943,0.0884559378027916
7-scenes-redkitchen,0,52,0.1892817621331085,"[0.15,0.20)",0.5507812499999978,1.0,0.523,1,1.0,3.3273138595227763,0.08456286787986755
7-scenes-redkitchen,0,53,0.15729567371028086,"[0.15,0.20)",0.41406249999999833,1.0,0.32,1,1.0,3.739369043710731,0.1218002438545227
7-scenes-redkitchen,0,59,0.18622543078463402,"[0.15,0.20)",0.23437499999999906,1.0,0.161,1,1.0,2.5049907359427035,0.07237176597118378
7-scenes-redkitchen,0,7,0.36465194709385046,"[0.30,1.00]",0.7890624999999969,1.0,0.6955,1,1.0,1.2633104549404865,0.07954560220241547
7-scenes-redkitchen,0,8,0.16657005849185857,"[0.15,0.20)",0.08203124999999967,1.0,0.077,1,0.0,,
7-scenes-redkitchen,0,9,0.3021552405543553,"[0.30,1.00]",0.8124999999999968,1.0,0.7445,1,1.0,1.7822400982786748,0.0782090276479721
7-scenes-redkitchen,10,21,0.28264748823879304,"[0.25,0.30)",0.742187499999997,1.0,0.506,1,1.0,1.3104500079924948,0.11098217964172363
7-scenes-redkitchen,10,24,0.3004920780835992,"[0.30,1.00]",0.5703124999999977,1.0,0.443,1,1.0,3.759319068426438,0.1555897444486618
7-scenes-redkitchen,10,28,0.3432109446817715,"[0.30,1.00]",0.496093749999998,1.0,0.488,1,1.0,2.769938766686305,0.10498055070638657
7-scenes-redkitchen,10,29,0.23727897042124046,"[0.20,0.25)",0.5156249999999979,1.0,0.4115,1,1.0,4.569175502860574,0.15217402577400208
7-scenes-redkitchen,10,34,0.1451359974044233,"[0.00,0.15)",0.41015624999999833,1.0,0.3745,1,1.0,2.248901475754744,0.0513954758644104
7-scenes-redkitchen,10,35,0.3434813172551776,"[0.30,1.00]",0.507812499999998,1.0,0.4405,1,1.0,1.4149920077109632,0.07451596856117249
7-scenes-redkitchen,10,40,0.3004920780835992,"[0.30,1.00]",0.5624999999999978,1.0,0.5215,1,1.0,2.2631293292271892,0.08826404064893723
7-scenes-redkitchen,10,41,0.3233115232790786,"[0.30,1.00]",0.5390624999999979,1.0,0.592,1,1.0,0.851338293583514,0.03428441658616066
7-scenes-redkitchen,10,42,0.3265559941599524,"[0.30,1.00]",0.6718749999999973,1.0,0.639,1,1.0,1.0553615552343818,0.011000548489391804
7-scenes-redkitchen,10,43,0.30357432542042934,"[0.30,1.00]",0.7734374999999969,1.0,0.7785,1,1.0,0.7077590450788087,0.013427402824163437
7-scenes-redkitchen,10,44,0.3210403936624669,"[0.30,1.00]",0.757812499999997,1.0,0.7495,1,1.0,0.9056863929616209,0.02328917384147644
7-scenes-redkitchen,10,45,0.3725734061536798,"[0.30,1.00]",0.7148437499999971,1.0,0.716,1,1.0,1.0715540112019857,0.01714622788131237
7-scenes-redkitchen,10,46,0.39085059211593576,"[0.30,1.00]",0.8124999999999968,1.0,0.7495,1,1.0,0.6058723384365376,0.022266993299126625
7-scenes-redkitchen,10,47,0.37246525712431733,"[0.30,1.00]",0.6874999999999972,1.0,0.694,1,1.0,2.015768214429985,0.04007093235850334
7-scenes-redkitchen,10,48,0.35581030660249824,"[0.30,1.00]",0.7656249999999969,1.0,0.7565,1,1.0,0.7359506833594192,0.03328836336731911
7-scenes-redkitchen,10,49,0.3193640837073487,"[0.30,1.00]",0.746093749999997,1.0,0.7445,1,1.0,0.43341040806586695,0.024618474766612053
7-scenes-redkitchen,10,50,0.34829394906180716,"[0.30,1.00]",0.757812499999997,1.0,0.75,1,1.0,1.891964626165099,0.047672469168901443
7-scenes-redkitchen,10,51,0.226626291029038,"[0.20,0.25)",0.6015624999999976,1.0,0.5905,1,1.0,1.9072124235822945,0.05070885270833969
7-scenes-redkitchen,10,52,0.36348888768723303,"[0.30,1.00]",0.8124999999999968,1.0,0.7675,1,1.0,1.7377625668179373,0.025158381089568138
7-scenes-redkitchen,10,53,0.3381279403017358,"[0.30,1.00]",0.8007812499999968,1.0,0.699,1,1.0,1.4030479899891068,0.04329410940408707
7-scenes-redkitchen,10,54,0.3284486021737955,"[0.30,1.00]",0.5234374999999979,1.0,0.371,1,1.0,2.16012041844485,0.06929454207420349
7-scenes-redkitchen,10,55,0.17795922781593035,"[0.15,0.20)",0.04687499999999981,0.0,0.019,1,0.0,,
7-scenes-redkitchen,10,56,0.12761585464770453,"[0.00,0.15)",0.09765624999999961,0.0,0.0485,1,0.0,,
7-scenes-redkitchen,10,57,0.15449088844427622,"[0.15,0.20)",0.14062499999999944,1.0,0.07,1,0.0,,
7-scenes-redkitchen,10,58,0.23446709565781648,"[0.20,0.25)",0.5546874999999978,1.0,0.4355,1,1.0,4.105702197058675,0.0869230106472969
7-scenes-redkitchen,10,59,0.3253122803222841,"[0.30,1.00]",0.5351562499999979,1.0,0.3785,1,1.0,2.93478288746915,0.05042252317070961
7-scenes-redkitchen,11,16,0.3668364983788791,"[0.30,1.00]",0.6171874999999976,1.0,0.315,1,1.0,1.7105211832733094,0.08454905450344086
7-scenes-redkitchen,11,17,0.3337772116720704,"[0.30,1.00]",0.5390624999999979,1.0,0.1865,1,1.0,1.5239273193852005,0.09182395786046982
7-scenes-redkitchen,11,20,0.4206229735988884,"[0.30,1.00]",0.7968749999999968,1.0,0.564,1,1.0,0.98754541517878,0.0706741139292717
7-scenes-redkitchen,11,21,0.19557665585919407,"[0.15,0.20)",0.499999999999998,1.0,0.3115,1,0.0,,
7-scenes-redkitchen,11,24,0.2128879110699398,"[0.20,0.25)",0.4023437499999984,1.0,0.379,1,1.0,3.246908865752955,0.20156414806842804
7-scenes-redkitchen,11,29,0.3733788791106994,"[0.30,1.00]",0.6132812499999976,1.0,0.502,1,1.0,3.283364334950013,0.1314736157655716
7-scenes-redkitchen,11,35,0.24276285317276516,"[0.20,0.25)",0.48437499999999806,1.0,0.332,1,1.0,1.431764958658816,0.0897318497300148
7-scenes-redkitchen,11,40,0.4466188050023159,"[0.30,1.00]",0.8320312499999967,1.0,0.7365,1,1.0,3.1298779488329065,0.11213527619838715
7-scenes-redkitchen,11,41,0.3733788791106994,"[0.30,1.00]",0.8242187499999967,1.0,0.7875,1,1.0,2.5851286398554256,0.09191219508647919
7-scenes-redkitchen,11,42,0.3391616489115331,"[0.30,1.00]",0.8671874999999966,1.0,0.8295,1,1.0,1.3637229511361137,0.03786606341600418
7-scenes-redkitchen,11,43,0.2966651227420102,"[0.25,0.30)",0.749999999999997,1.0,0.753,1,1.0,0.9151434704912962,0.033707696944475174
7-scenes-redkitchen,11,44,0.3103867531264474,"[0.30,1.00]",0.7265624999999971,1.0,0.693,1,1.0,1.222693502798649,0.03508252277970314
7-scenes-redkitchen,11,45,0.3419407132931913,"[0.30,1.00]",0.7226562499999971,1.0,0.7035,1,1.0,0.6142119740515842,0.022367138415575027
7-scenes-redkitchen,11,46,0.36764705882352944,"[0.30,1.00]",0.7695312499999969,1.0,0.681,1,1.0,1.1853119178504932,0.009030700661242008
7-scenes-redkitchen,11,47,0.3285085687818434,"[0.30,1.00]",0.6601562499999973,1.0,0.574,1,1.0,1.7879409367001438,0.03033803403377533
7-scenes-redkitchen,11,48,0.27912227883279295,"[0.25,0.30)",0.6640624999999973,1.0,0.662,1,1.0,0.0,0.021046245470643044
7-scenes-redkitchen,11,49,0.23361509958314033,"[0.20,0.25)",0.6210937499999976,1.0,0.636,1,1.0,0.5921525719660353,0.032437022775411606
7-scenes-redkitchen,11,50,0.2865331171838814,"[0.25,0.30)",0.6914062499999972,1.0,0.6805,1,1.0,2.1435669831275614,0.06102587282657623
7-scenes-redkitchen,11,51,0.23205187586845763,"[0.20,0.25)",0.499999999999998,1.0,0.512,1,1.0,2.0781073437760957,0.04429011046886444
7-scenes-redkitchen,11,52,0.2893121815655396,"[0.25,0.30)",0.6992187499999972,1.0,0.7075,1,1.0,1.6721060459825055,0.04319852963089943
7-scenes-redkitchen,11,53,0.24878415933302456,"[0.20,0.25)",0.5976562499999976,1.0,0.489,1,1.0,1.1504606789220722,0.07216125726699829
7-scenes-redkitchen,11,54,0.22852014821676703,"[0.20,0.25)",0.48046874999999806,1.0,0.3175,1,1.0,2.496224043648654,0.07962394505739212
7-scenes-redkitchen,11,58,0.1770495599814729,"[0.15,0.20)",0.4492187499999982,1.0,0.336,1,1.0,3.6788708355476607,0.08348243683576584
7-scenes-redkitchen,11,59,0.30193376563223717,"[0.30,1.00]",0.4453124999999982,1.0,0.2375,1,1.0,2.9983948978484185,0.07001838833093643
7-scenes-redkitchen,12,16,0.18701425861330395,"[0.15,0.20)",0.39062499999999845,1.0,0.2755,1,1.0,1.9592464592931678,0.08818206936120987
7-scenes-redkitchen,12,18,0.2646104889541644,"[0.25,0.30)",0.6523437499999974,1.0,0.5305,1,1.0,1.664128504753313,0.043051376938819885
7-scenes-redkitchen,12,20,0.21130897741876262,"[0.20,0.25)",0.16015624999999936,1.0,0.155,1,1.0,0.7246976201746335,0.08883443474769592
7-scenes-redkitchen,12,25,0.34985618995165535,"[0.30,1.00]",0.5234374999999979,1.0,0.426,1,1.0,3.6211493658225433,0.08152658492326736
7-scenes-redkitchen,12,30,0.3045101278991494,"[0.30,1.00]",0.4687499999999981,1.0,0.464,1,1.0,2.4959103783560126,0.0846065878868103
7-scenes-redkitchen,12,31,0.24778165350957715,"[0.20,0.25)",0.6132812499999976,1.0,0.3895,1,1.0,3.848782996650768,0.030410226434469223
7-scenes-redkitchen,12,32,0.21185973930604002,"[0.20,0.25)",0.41406249999999833,1.0,0.26,1,1.0,3.0046560351870677,0.053599342703819275
7-scenes-redkitchen,12,36,0.24612936784774495,"[0.20,0.25)",0.6093749999999976,1.0,0.3615,1,1.0,2.1554038318725026,0.05985039100050926
7-scenes-redkitchen,12,38,0.3491218407686188,"[0.30,1.00]",0.7265624999999971,1.0,0.6455,1,1.0,3.3733618324823467,0.05455061420798302
7-scenes-redkitchen,12,39,0.3794749403341289,"[0.30,1.00]",0.8007812499999968,1.0,0.6635,1,1.0,3.535128645656052,0.04848216101527214
7-scenes-redkitchen,12,46,0.3202374395691818,"[0.30,1.00]",0.7109374999999971,1.0,0.624,1,1.0,2.2118702992913026,0.05720864236354828
7-scenes-redkitchen,12,47,0.22691389755828897,"[0.20,0.25)",0.25781249999999895,1.0,0.262,1,1.0,1.731896618229932,0.03994612768292427
7-scenes-redkitchen,12,48,0.17544825898047856,"[0.15,0.20)",0.29687499999999883,1.0,0.296,1,1.0,1.1806803189923893,0.03498285636305809
7-scenes-redkitchen,12,50,0.1670032433755584,"[0.15,0.20)",0.3242187499999987,1.0,0.376,1,1.0,2.958433610732407,0.06483133882284164
7-scenes-redkitchen,12,51,0.1951532953919589,"[0.15,0.20)",0.49218749999999806,1.0,0.501,1,1.0,2.66285749355914,0.06027338281273842
7-scenes-redkitchen,12,52,0.170552597760235,"[0.15,0.20)",0.36328124999999856,1.0,0.3745,1,1.0,2.831721042248949,0.05916973575949669
7-scenes-redkitchen,12,59,0.20806560186035125,"[0.20,0.25)",0.10546874999999958,1.0,0.059,1,0.0,,
7-scenes-redkitchen,13,18,0.16107234667645978,"[0.15,0.20)",0.26953124999999895,1.0,0.201,1,0.0,,
7-scenes-redkitchen,13,19,0.3024605214836577,"[0.30,1.00]",0.6484374999999974,1.0,0.545,1,1.0,2.119695089154914,0.03584775701165199
7-scenes-redkitchen,13,25,0.28718325376423065,"[0.25,0.30)",0.3515624999999986,1.0,0.275,1,0.0,,
7-scenes-redkitchen,13,30,0.3347043701799486,"[0.30,1.00]",0.46093749999999817,1.0,0.4065,1,1.0,3.4099597094256096,0.09302379190921783
7-scenes-redkitchen,13,31,0.29026808666911497,"[0.25,0.30)",0.48437499999999806,1.0,0.3405,1,1.0,3.087559834826925,0.029652295634150505
7-scenes-redkitchen,13,32,0.22791039294895335,"[0.20,0.25)",0.4023437499999984,1.0,0.2585,1,1.0,1.9131547801157207,0.10292518138885498
7-scenes-redkitchen,13,36,0.15600440690414982,"[0.15,0.20)",0.19531249999999922,1.0,0.101,1,1.0,8.068205071436438,0.14950931072235107
7-scenes-redkitchen,13,37,0.36202717590892397,"[0.30,1.00]",0.6679687499999973,1.0,0.5015,1,1.0,3.924458667141327,0.04448851943016052
7-scenes-redkitchen,13,38,0.331839882482556,"[0.30,1.00]",0.49218749999999806,1.0,0.4545,1,1.0,2.4370276710278773,0.038321949541568756
7-scenes-redkitchen,13,39,0.3390378259272861,"[0.30,1.00]",0.5859374999999977,1.0,0.4695,1,1.0,2.4191321077759875,0.024976154789328575
7-scenes-redkitchen,13,46,0.2921777451340433,"[0.25,0.30)",0.5781249999999977,1.0,0.5535,1,1.0,1.992526872305217,0.03230747580528259
7-scenes-redkitchen,13,47,0.18053617333822988,"[0.15,0.20)",0.015624999999999938,0.0,0.028,1,0.0,,
7-scenes-redkitchen,13,59,0.17150201983106866,"[0.15,0.20)",0.06249999999999975,0.0,0.0265,1,0.0,,
7-scenes-redkitchen,14,16,0.26784689779526266,"[0.25,0.30)",0.5273437499999979,1.0,0.4095,1,1.0,4.594569542888116,0.14586667716503143
7-scenes-redkitchen,14,17,0.1689205802803049,"[0.15,0.20)",0.35546874999999856,1.0,0.238,1,0.0,,
7-scenes-redkitchen,14,18,0.285140562248996,"[0.25,0.30)",0.6601562499999973,1.0,0.528,1,1.0,2.5320365571026358,0.10535603016614914
7-scenes-redkitchen,14,20,0.21014670928612408,"[0.20,0.25)",0.17968749999999928,1.0,0.1575,1,1.0,3.570180245678257,0.2042226344347
7-scenes-redkitchen,14,30,0.2445701172035079,"[0.20,0.25)",0.06640624999999974,0.0,0.0475,1,0.0,,
7-scenes-redkitchen,14,31,0.18006720760593395,"[0.15,0.20)",0.21484374999999914,1.0,0.1625,1,1.0,5.110135981743543,0.09358979016542435
7-scenes-redkitchen,14,32,0.1474469305794607,"[0.00,0.15)",0.20703124999999917,1.0,0.1405,1,0.0,,
7-scenes-redkitchen,14,36,0.31694123432505533,"[0.30,1.00]",0.5390624999999979,1.0,0.328,1,1.0,4.070637013137406,0.11866266280412674
7-scenes-redkitchen,14,45,0.38513236619949187,"[0.30,1.00]",0.7304687499999971,1.0,0.654,1,1.0,4.072657100399427,0.07120513170957565
7-scenes-redkitchen,14,46,0.2829276288828785,"[0.25,0.30)",0.41796874999999833,1.0,0.3585,1,1.0,4.297648065063562,0.05681733042001724
7-scenes-redkitchen,14,47,0.19981968691090896,"[0.15,0.20)",0.3515624999999986,1.0,0.2755,1,1.0,2.3778401443854014,0.07297486066818237
7-scenes-redkitchen,14,52,0.16760921235964266,"[0.15,0.20)",0.3203124999999987,1.0,0.252,1,1.0,9.444896722824275,0.06753379106521606
7-scenes-redkitchen,15,21,0.22522681229630934,"[0.20,0.25)",0.3476562499999986,1.0,0.1555,1,1.0,4.717170041356827,0.23720261454582214
7-scenes-redkitchen,15,24,0.2604597903637805,"[0.25,0.30)",0.04687499999999981,1.0,0.0525,1,0.0,,
7-scenes-redkitchen,15,28,0.44974896503126927,"[0.30,1.00]",0.18359374999999928,1.0,0.1735,1,0.0,,
7-scenes-redkitchen,15,29,0.22989518189024927,"[0.20,0.25)",0.3203124999999987,1.0,0.2705,1,1.0,2.961872417501083,0.08753222227096558
7-scenes-redkitchen,15,35,0.37531929886373644,"[0.30,1.00]",0.5468749999999978,1.0,0.486,1,1.0,2.8114633704931,0.04603632912039757
7-scenes-redkitchen,15,40,0.34008632079626533,"[0.30,1.00]",0.5585937499999978,1.0,0.373,1,1.0,2.8216103716532035,0.09821541607379913
7-scenes-redkitchen,15,41,0.19977098564256143,"[0.15,0.20)",0.3085937499999988,1.0,0.2065,1,1.0,3.52781019981211,0.1099030002951622
7-scenes-redkitchen,15,42,0.19607152294547697,"[0.15,0.20)",0.4296874999999983,1.0,0.308,1,1.0,0.0,0.07658921182155609
7-scenes-redkitchen,15,43,0.16612349158812648,"[0.15,0.20)",0.3437499999999986,1.0,0.2845,1,1.0,1.8853328049948392,0.060349564999341965
7-scenes-redkitchen,15,44,0.19615960539064564,"[0.15,0.20)",0.41796874999999833,1.0,0.3585,1,1.0,1.5599707500998445,0.08379021286964417
7-scenes-redkitchen,15,45,0.24804016559499692,"[0.20,0.25)",0.45703124999999817,1.0,0.396,1,1.0,3.7899258777745155,0.08553406596183777
7-scenes-redkitchen,15,46,0.29401920197304676,"[0.25,0.30)",0.511718749999998,1.0,0.4555,1,1.0,3.4924460383916935,0.07461097091436386
7-scenes-redkitchen,15,47,0.3545318418039285,"[0.30,1.00]",0.5507812499999978,1.0,0.5035,1,1.0,2.378333969951798,0.04342411085963249
7-scenes-redkitchen,15,48,0.3519774508940368,"[0.30,1.00]",0.5273437499999979,1.0,0.5695,1,1.0,2.2501195589635454,0.04956553503870964
7-scenes-redkitchen,15,49,0.29313837752136,"[0.25,0.30)",0.4726562499999981,1.0,0.5335,1,1.0,3.0512054378473774,0.05376119911670685
7-scenes-redkitchen,15,50,0.35003963710032593,"[0.30,1.00]",0.5390624999999979,1.0,0.5605,1,1.0,4.54924068135877,0.0723322406411171
7-scenes-redkitchen,15,51,0.256231832995684,"[0.25,0.30)",0.41796874999999833,1.0,0.3665,1,1.0,3.4545675573334895,0.050457656383514404
7-scenes-redkitchen,15,52,0.3794591737866643,"[0.30,1.00]",0.6132812499999976,1.0,0.6695,1,1.0,3.6110780876965145,0.05026742070913315
7-scenes-redkitchen,15,53,0.34493085528054257,"[0.30,1.00]",0.6289062499999974,1.0,0.578,1,1.0,2.039128683257284,0.04138079285621643
7-scenes-redkitchen,15,54,0.34466660794503656,"[0.30,1.00]",0.5390624999999979,1.0,0.469,1,1.0,2.908518251013639,0.05714339017868042
7-scenes-redkitchen,15,55,0.20937197216594733,"[0.20,0.25)",0.18359374999999928,1.0,0.1555,1,1.0,6.422846401753251,0.1310601383447647
7-scenes-redkitchen,15,56,0.14357438562494496,"[0.00,0.15)",0.054687499999999785,1.0,0.0815,1,0.0,,
7-scenes-redkitchen,15,57,0.16876596494318682,"[0.15,0.20)",0.23437499999999906,1.0,0.296,1,1.0,1.595445523368911,0.03546927124261856
7-scenes-redkitchen,15,58,0.29260988285034795,"[0.25,0.30)",0.5156249999999979,1.0,0.4485,1,1.0,2.579974783353429,0.06062858924269676
7-scenes-redkitchen,16,27,0.28240265620283733,"[0.25,0.30)",0.16796874999999933,1.0,0.2055,1,1.0,5.704957152274302,0.14524877071380615
7-scenes-redkitchen,16,34,0.1963779052218533,"[0.15,0.20)",0.6406249999999974,1.0,0.543,1,1.0,4.341357993947615,0.05984535068273544
7-scenes-redkitchen,16,48,0.27950498038031996,"[0.25,0.30)",0.5156249999999979,1.0,0.2525,1,1.0,1.1487585042241961,0.10281987488269806
7-scenes-redkitchen,16,49,0.37893148204044674,"[0.30,1.00]",0.6367187499999974,1.0,0.35,1,1.0,1.5185243564100575,0.09976396709680557
7-scenes-redkitchen,16,50,0.27238152731663146,"[0.25,0.30)",0.507812499999998,1.0,0.328,1,1.0,2.7009562489395806,0.08916834741830826
7-scenes-redkitchen,16,52,0.3366133413824328,"[0.30,1.00]",0.6484374999999974,1.0,0.41,1,1.0,3.3309599698130152,0.09056111425161362
7-scenes-redkitchen,16,57,0.3302143072743737,"[0.30,1.00]",0.7265624999999971,1.0,0.703,1,1.0,3.2054014455779667,0.048595815896987915
7-scenes-redkitchen,17,26,0.3863914640545741,"[0.30,1.00]",0.738281249999997,1.0,0.629,1,1.0,2.024874113043727,0.059952862560749054
7-scenes-redkitchen,17,48,0.2323333916389715,"[0.20,0.25)",0.503906249999998,1.0,0.1835,1,1.0,0.6904050412510266,0.11609040200710297
7-scenes-redkitchen,17,49,0.30741647717334264,"[0.30,1.00]",0.499999999999998,1.0,0.267,1,1.0,1.6657740620053632,0.11177601665258408
7-scenes-redkitchen,17,50,0.22070141682700717,"[0.20,0.25)",0.5624999999999978,1.0,0.2815,1,1.0,2.3376614877292363,0.10675394535064697
7-scenes-redkitchen,17,52,0.26123841175441664,"[0.25,0.30)",0.5624999999999978,1.0,0.294,1,1.0,3.305826645407105,0.10981380939483643
7-scenes-redkitchen,17,56,0.45657687598390767,"[0.30,1.00]",0.6914062499999972,1.0,0.626,1,1.0,1.0623840253406536,0.03606228902935982
7-scenes-redkitchen,17,57,0.3322109497988455,"[0.30,1.00]",0.7109374999999971,1.0,0.636,1,1.0,3.494351609814632,0.04829597845673561
7-scenes-redkitchen,18,22,0.4363292869201704,"[0.30,1.00]",0.9257812499999963,1.0,0.747,1,1.0,2.493713617306635,0.12661464512348175
7-scenes-redkitchen,18,27,0.22260631883591928,"[0.20,0.25)",0.38671874999999845,1.0,0.301,1,1.0,4.086386424596226,0.13325625658035278
7-scenes-redkitchen,18,46,0.1430581236433797,"[0.00,0.15)",0.5156249999999979,1.0,0.42,1,1.0,1.3035628007534232,0.11326815187931061
7-scenes-redkitchen,18,47,0.21910925315539834,"[0.20,0.25)",0.24218749999999903,1.0,0.233,1,1.0,2.1005886781736782,0.051718298345804214
7-scenes-redkitchen,18,48,0.31549963823458477,"[0.30,1.00]",0.6757812499999973,1.0,0.5565,1,1.0,0.0,0.07075736671686172
7-scenes-redkitchen,18,49,0.3905860599726666,"[0.30,1.00]",0.6289062499999974,1.0,0.5395,1,1.0,0.6915377957711447,0.07399857044219971
7-scenes-redkitchen,18,50,0.2872417396896857,"[0.25,0.30)",0.45312499999999817,1.0,0.4185,1,1.0,2.788953979245355,0.06859934329986572
7-scenes-redkitchen,18,52,0.3259908352761476,"[0.30,1.00]",0.6796874999999973,1.0,0.5715,1,1.0,2.1130367506904024,0.07244609296321869
7-scenes-redkitchen,18,56,0.3592330573197202,"[0.30,1.00]",0.39453124999999845,1.0,0.2935,1,0.0,,
7-scenes-redkitchen,18,57,0.25363775223088675,"[0.25,0.30)",0.6796874999999973,1.0,0.6205,1,1.0,2.002715918180535,0.034421369433403015
7-scenes-redkitchen,18,58,0.40770962296004504,"[0.30,1.00]",0.8398437499999967,1.0,0.7705,1,1.0,2.8719443965285665,0.08366837352514267
7-scenes-redkitchen,19,22,0.2608872816176845,"[0.25,0.30)",0.6093749999999976,1.0,0.4875,1,0.0,,
7-scenes-redkitchen,19,23,0.24367136963276118,"[0.20,0.25)",0.5703124999999977,1.0,0.5035,1,1.0,5.096621959830282,0.24467608332633972
7-scenes-redkitchen,19,27,0.3418224418071614,"[0.30,1.00]",0.46093749999999817,1.0,0.483,1,1.0,2.974929984443988,0.11284348368644714
7-scenes-redkitchen,19,34,0.18535119441756226,"[0.15,0.20)",0.4335937499999983,1.0,0.4725,1,1.0,2.1311134853929823,0.05733029544353485
7-scenes-redkitchen,19,45,0.15703152854887178,"[0.15,0.20)",0.46484374999999817,1.0,0.4935,1,1.0,3.109546399785569,0.06542057543992996
7-scenes-redkitchen,19,46,0.2189171293230785,"[0.20,0.25)",0.6210937499999976,1.0,0.632,1,1.0,1.0527625226197905,0.04142364114522934
7-scenes-redkitchen,19,47,0.2991901390515968,"[0.25,0.30)",0.6210937499999976,1.0,0.6105,1,1.0,0.0,0.03138226270675659
7-scenes-redkitchen,19,48,0.4104823511434829,"[0.30,1.00]",0.8203124999999967,1.0,0.7685,1,1.0,0.0,0.019366905093193054
7-scenes-redkitchen,19,50,0.3555747975347629,"[0.30,1.00]",0.6874999999999972,1.0,0.703,1,1.0,2.0641218585645826,0.04400472715497017
7-scenes-redkitchen,19,51,0.1919217643763052,"[0.15,0.20)",0.5156249999999979,1.0,0.475,1,1.0,2.4880559026351587,0.05205314978957176
7-scenes-redkitchen,19,52,0.40656038302857433,"[0.30,1.00]",0.757812499999997,1.0,0.739,1,1.0,2.0996567596433855,0.03400475159287453
7-scenes-redkitchen,19,55,0.4111954362552845,"[0.30,1.00]",0.5703124999999977,1.0,0.4295,1,1.0,2.889069765084012,0.08017288893461227
7-scenes-redkitchen,19,56,0.2562012937401314,"[0.25,0.30)",0.18359374999999928,1.0,0.1835,1,1.0,4.304660503303682,0.14214284718036652
7-scenes-redkitchen,19,57,0.17404370193042326,"[0.15,0.20)",0.6757812499999973,1.0,0.605,1,1.0,1.0392934189930005,0.03411330282688141
7-scenes-redkitchen,19,58,0.36601640095757143,"[0.30,1.00]",0.7812499999999969,1.0,0.6965,1,1.0,3.3390612284918157,0.08843126147985458
7-scenes-redkitchen,1,18,0.206529713866471,"[0.20,0.25)",0.6796874999999973,1.0,0.5435,1,1.0,3.0680967668669923,0.017557743936777115
7-scenes-redkitchen,1,19,0.3546273975474269,"[0.30,1.00]",0.8281249999999967,1.0,0.796,1,1.0,1.6156786590366656,0.024503935128450394
7-scenes-redkitchen,1,20,0.1946860916046536,"[0.15,0.20)",0.5937499999999977,1.0,0.448,1,1.0,3.9542844534968857,0.09277673810720444
7-scenes-redkitchen,1,25,0.2521224190336443,"[0.25,0.30)",0.6249999999999976,1.0,0.4505,1,1.0,2.9128225172933835,0.03076663240790367
7-scenes-redkitchen,1,30,0.31076407085211194,"[0.30,1.00]",0.0,0.0,0.0,1,0.0,,
7-scenes-redkitchen,1,33,0.26323236558012786,"[0.25,0.30)",0.13671874999999944,1.0,0.074,1,1.0,7.374056768739271,0.10903524607419968
7-scenes-redkitchen,1,36,0.18734933445131538,"[0.15,0.20)",0.42187499999999833,1.0,0.226,1,1.0,3.4624930376068432,0.05133601650595665
7-scenes-redkitchen,1,37,0.3629598574572896,"[0.30,1.00]",0.7656249999999969,1.0,0.626,1,1.0,3.4716413965309725,0.023254090920090675
7-scenes-redkitchen,1,38,0.37810502043810923,"[0.30,1.00]",0.8007812499999968,1.0,0.775,1,1.0,3.577740499818877,0.03946532681584358
7-scenes-redkitchen,1,39,0.410229535688083,"[0.30,1.00]",0.8632812499999966,1.0,0.8285,1,1.0,3.1968394035478735,0.046451129019260406
7-scenes-redkitchen,1,41,0.3592390734723824,"[0.30,1.00]",0.8710937499999966,1.0,0.8425,1,1.0,2.101892670275001,0.07373832911252975
7-scenes-redkitchen,1,42,0.280997798972854,"[0.25,0.30)",0.8046874999999968,1.0,0.712,1,1.0,1.791877049735168,0.047238919883966446
7-scenes-redkitchen,1,43,0.21266114663033225,"[0.20,0.25)",0.7031249999999972,1.0,0.6555,1,1.0,1.2580328443510846,0.028200620785355568
7-scenes-redkitchen,1,44,0.1961010376270831,"[0.15,0.20)",0.6601562499999973,1.0,0.633,1,1.0,1.314326816116147,0.02819227986037731
7-scenes-redkitchen,1,45,0.21292317367152291,"[0.20,0.25)",0.6328124999999974,1.0,0.5555,1,1.0,2.85910157680651,0.05704879015684128
7-scenes-redkitchen,1,46,0.1979876323236558,"[0.15,0.20)",0.5859374999999977,1.0,0.519,1,1.0,3.3023899596250916,0.06270354986190796
7-scenes-redkitchen,1,59,0.16450057645949062,"[0.15,0.20)",0.054687499999999785,1.0,0.068,1,0.0,,
7-scenes-redkitchen,1,6,0.3025364217587255,"[0.30,1.00]",0.7109374999999971,1.0,0.676,1,1.0,1.9205059287441748,0.011175205931067467
7-scenes-redkitchen,1,7,0.2434755266743528,"[0.20,0.25)",0.6796874999999973,1.0,0.572,1,1.0,4.176170088756238,0.1186954528093338
7-scenes-redkitchen,1,9,0.1870349020018866,"[0.15,0.20)",0.6289062499999974,1.0,0.5705,1,1.0,3.2431683680243943,0.1268874853849411
7-scenes-redkitchen,20,22,0.3508339376359681,"[0.30,1.00]",0.7851562499999969,1.0,0.814,1,1.0,1.1696904281476586,0.020853331312537193
7-scenes-redkitchen,20,23,0.2729030698573846,"[0.25,0.30)",0.49218749999999806,1.0,0.4995,1,1.0,1.6492446274210038,0.019951609894633293
7-scenes-redkitchen,20,24,0.4671017645636935,"[0.30,1.00]",0.5312499999999979,1.0,0.509,1,1.0,2.3054561477199753,0.03921139985322952
7-scenes-redkitchen,20,27,0.2412859560067682,"[0.20,0.25)",0.11328124999999954,1.0,0.129,1,0.0,,
7-scenes-redkitchen,20,34,0.27575537829344937,"[0.25,0.30)",0.5976562499999976,1.0,0.524,1,1.0,3.2936042536992605,0.06825102865695953
7-scenes-redkitchen,20,38,0.34498428813149623,"[0.30,1.00]",0.9062499999999963,1.0,0.878,1,1.0,1.6351829494549972,0.034978631883859634
7-scenes-redkitchen,20,47,0.23693497703649988,"[0.20,0.25)",0.4023437499999984,1.0,0.217,1,1.0,3.87565458377865,0.09957350790500641
7-scenes-redkitchen,20,48,0.29654338892917576,"[0.25,0.30)",0.48046874999999806,1.0,0.303,1,1.0,2.343180940988496,0.11037570238113403
7-scenes-redkitchen,20,49,0.3279671259366691,"[0.30,1.00]",0.5624999999999978,1.0,0.3585,1,1.0,1.7134932445087916,0.09474578499794006
7-scenes-redkitchen,20,50,0.28518249939569734,"[0.25,0.30)",0.5820312499999977,1.0,0.3785,1,1.0,1.5934817707087603,0.10703770816326141
7-scenes-redkitchen,20,52,0.33459028281363307,"[0.30,1.00]",0.5898437499999977,1.0,0.4235,1,1.0,1.9482276133437542,0.10802498459815979
7-scenes-redkitchen,20,53,0.441527677060672,"[0.30,1.00]",0.746093749999997,1.0,0.638,1,1.0,0.9977959199269456,0.04319858178496361
7-scenes-redkitchen,20,55,0.41252115059221656,"[0.30,1.00]",0.6015624999999976,1.0,0.5885,1,1.0,1.5402766292616843,0.056044597178697586
7-scenes-redkitchen,20,56,0.3104665216340343,"[0.30,1.00]",0.23828124999999906,1.0,0.2455,1,1.0,2.775727519749683,0.11481400579214096
7-scenes-redkitchen,20,57,0.3049552816050278,"[0.30,1.00]",0.761718749999997,1.0,0.7335,1,1.0,2.2817331538190024,0.03645465150475502
7-scenes-redkitchen,20,58,0.3412617839013778,"[0.30,1.00]",0.8515624999999966,1.0,0.8295,1,1.0,1.7831183362839356,0.04236976429820061
7-scenes-redkitchen,20,59,0.31834662799129804,"[0.30,1.00]",0.7773437499999969,1.0,0.8045,1,1.0,1.5102541109894083,0.03289136663079262
7-scenes-redkitchen,21,25,0.43000355211745667,"[0.30,1.00]",0.6679687499999973,1.0,0.4485,1,1.0,1.681442945622702,0.03918647766113281
7-scenes-redkitchen,21,26,0.27899909223665,"[0.25,0.30)",0.499999999999998,1.0,0.332,1,1.0,4.981928289896413,0.145782932639122
7-scenes-redkitchen,21,34,0.17365907566010183,"[0.15,0.20)",0.1523437499999994,1.0,0.1345,1,0.0,,
7-scenes-redkitchen,21,36,0.41575561431898017,"[0.30,1.00]",0.7343749999999971,1.0,0.656,1,1.0,2.0054502815938933,0.041999805718660355
7-scenes-redkitchen,21,37,0.3029956190551368,"[0.30,1.00]",0.6562499999999973,1.0,0.5765,1,1.0,2.1851634037972865,0.0787617415189743
7-scenes-redkitchen,21,38,0.2594624462248885,"[0.25,0.30)",0.746093749999997,1.0,0.748,1,1.0,1.2936171215656689,0.02588707022368908
7-scenes-redkitchen,21,49,0.2074041914985989,"[0.20,0.25)",0.33593749999999867,1.0,0.1635,1,1.0,5.460630538189564,0.14398948848247528
7-scenes-redkitchen,21,52,0.1774085329754904,"[0.15,0.20)",0.12109374999999951,1.0,0.0565,1,0.0,,
7-scenes-redkitchen,21,53,0.29403638946994515,"[0.25,0.30)",0.4765624999999981,1.0,0.365,1,1.0,1.4748537057259108,0.053127221763134
7-scenes-redkitchen,21,56,0.2960887240004736,"[0.25,0.30)",0.511718749999998,1.0,0.49,1,1.0,1.6809773319957206,0.09296336770057678
7-scenes-redkitchen,21,57,0.2420570706871374,"[0.20,0.25)",0.738281249999997,1.0,0.5575,1,1.0,1.7672432991310312,0.04702932387590408
7-scenes-redkitchen,21,58,0.33176777045427636,"[0.30,1.00]",0.7343749999999971,1.0,0.7225,1,1.0,1.412777509075511,0.0567290224134922
7-scenes-redkitchen,21,59,0.28937916880451514,"[0.25,0.30)",0.5507812499999978,1.0,0.585,1,1.0,1.8254202878371542,0.07420723140239716
7-scenes-redkitchen,22,25,0.2356687898089172,"[0.20,0.25)",0.4453124999999982,1.0,0.299,1,1.0,3.932832651659308,0.03279702737927437
7-scenes-redkitchen,22,37,0.24399804017638413,"[0.20,0.25)",0.48046874999999806,1.0,0.2215,1,1.0,1.7364106446871683,0.11891435086727142
7-scenes-redkitchen,22,38,0.13424791768740812,"[0.00,0.15)",0.16406249999999933,0.0,0.0385,1,0.0,,
7-scenes-redkitchen,22,39,0.1962681691981055,"[0.15,0.20)",0.46093749999999817,1.0,0.292,1,1.0,1.6823737863981016,0.052181780338287354
7-scenes-redkitchen,22,53,0.21064020904785236,"[0.20,0.25)",0.4492187499999982,1.0,0.229,1,0.0,,
7-scenes-redkitchen,22,56,0.4142168871468235,"[0.30,1.00]",0.41796874999999833,1.0,0.1625,1,1.0,2.221053767723375,0.07555565983057022
7-scenes-redkitchen,22,57,0.2305650824759105,"[0.20,0.25)",0.19140624999999922,1.0,0.073,1,0.0,,
7-scenes-redkitchen,22,58,0.3297811530295607,"[0.30,1.00]",0.38281249999999845,1.0,0.2555,1,1.0,3.641316011459088,0.14611370861530304
7-scenes-redkitchen,22,59,0.31773640372366485,"[0.30,1.00]",0.6171874999999976,1.0,0.427,1,1.0,3.2297394848812924,0.1388840526342392
7-scenes-redkitchen,23,25,0.25267050123253904,"[0.25,0.30)",0.6445312499999974,1.0,0.467,1,1.0,1.492003173366906,0.035608626902103424
7-scenes-redkitchen,23,37,0.2854149548069022,"[0.25,0.30)",0.6445312499999974,1.0,0.312,1,1.0,3.9709878254872804,0.16500438749790192
7-scenes-redkitchen,23,38,0.15562859490550535,"[0.15,0.20)",0.22656249999999908,0.0,0.019,1,0.0,,
7-scenes-redkitchen,23,39,0.18557929334428924,"[0.15,0.20)",0.16015624999999936,1.0,0.128,1,0.0,,
7-scenes-redkitchen,23,53,0.21984387838948233,"[0.20,0.25)",0.4414062499999982,1.0,0.304,1,1.0,4.708690851462217,0.1569431573152542
7-scenes-redkitchen,23,56,0.46380443714050945,"[0.30,1.00]",0.253906249999999,1.0,0.0605,1,0.0,,
7-scenes-redkitchen,23,57,0.25521774856203777,"[0.25,0.30)",0.253906249999999,1.0,0.064,1,0.0,,
7-scenes-redkitchen,23,58,0.35049301561216106,"[0.30,1.00]",0.49218749999999806,1.0,0.3045,1,1.0,2.972296711692078,0.10115280747413635
7-scenes-redkitchen,23,59,0.35246507806080524,"[0.30,1.00]",0.6562499999999973,1.0,0.4775,1,1.0,2.2515108475456485,0.09669196605682373
7-scenes-redkitchen,24,38,0.3363595302619693,"[0.30,1.00]",0.7773437499999969,1.0,0.6345,1,1.0,1.3181922245763928,0.04213894158601761
7-scenes-redkitchen,24,39,0.4394308943089431,"[0.30,1.00]",0.7890624999999969,1.0,0.604,1,1.0,1.9709982198497407,0.052675917744636536
7-scenes-redkitchen,24,48,0.1525293586269196,"[0.15,0.20)",0.0039062499999999844,0.0,0.0005,1,0.0,,
7-scenes-redkitchen,24,49,0.22249322493224932,"[0.20,0.25)",0.11718749999999953,0.0,0.0385,1,0.0,,
7-scenes-redkitchen,24,52,0.18748870822041555,"[0.15,0.20)",0.019531249999999924,0.0,0.011,1,0.0,,
7-scenes-redkitchen,24,56,0.49372177055103883,"[0.30,1.00]",0.29296874999999883,1.0,0.074,1,0.0,,
7-scenes-redkitchen,24,57,0.3503613369467028,"[0.30,1.00]",0.21874999999999914,1.0,0.0755,1,0.0,,
7-scenes-redkitchen,25,27,0.3856102744991634,"[0.30,1.00]",0.8554687499999966,1.0,0.6635,1,1.0,3.948634862664089,0.12344701588153839
7-scenes-redkitchen,25,34,0.164111608556053,"[0.15,0.20)",0.08203124999999967,1.0,0.063,1,0.0,,
7-scenes-redkitchen,25,46,0.1688599466377244,"[0.15,0.20)",0.6484374999999974,1.0,0.6065,1,1.0,3.7164681777578044,0.047875501215457916
7-scenes-redkitchen,25,47,0.21322299100076877,"[0.20,0.25)",0.38281249999999845,1.0,0.3475,1,1.0,5.249117756857057,0.03458283096551895
7-scenes-redkitchen,25,48,0.2688011576900466,"[0.25,0.30)",0.41796874999999833,1.0,0.3855,1,1.0,2.0275786067000423,0.018359914422035217
7-scenes-redkitchen,25,49,0.3186360964138742,"[0.30,1.00]",0.3515624999999986,1.0,0.3645,1,1.0,0.8613922078970248,0.022435445338487625
7-scenes-redkitchen,25,50,0.26450504228282007,"[0.25,0.30)",0.3242187499999987,1.0,0.3815,1,1.0,2.8229975337816224,0.060759104788303375
7-scenes-redkitchen,25,52,0.3069235291457514,"[0.30,1.00]",0.48046874999999806,1.0,0.512,1,1.0,0.8939432638422496,0.018498195335268974
7-scenes-redkitchen,25,56,0.3541355763577986,"[0.30,1.00]",0.3046874999999988,1.0,0.1485,1,0.0,,
7-scenes-redkitchen,25,57,0.33161488717044274,"[0.30,1.00]",0.46484374999999817,1.0,0.3405,1,1.0,2.7410974178034473,0.023899085819721222
7-scenes-redkitchen,26,28,0.3805567638103523,"[0.30,1.00]",0.6328124999999974,1.0,0.444,1,1.0,1.4967175228386544,0.08064201474189758
7-scenes-redkitchen,26,29,0.22592431491953022,"[0.20,0.25)",0.5312499999999979,1.0,0.3405,1,1.0,6.230643502371921,0.2302866131067276
7-scenes-redkitchen,26,30,0.10413223140495868,"[0.00,0.15)",0.0781249999999997,0.0,0.036,1,0.0,,
7-scenes-redkitchen,26,34,0.1953892996955198,"[0.15,0.20)",0.36328124999999856,1.0,0.3375,1,1.0,2.842484514329692,0.07203353196382523
7-scenes-redkitchen,26,35,0.33227490213136146,"[0.30,1.00]",0.7187499999999971,1.0,0.645,1,1.0,1.7436087869883725,0.024522649124264717
7-scenes-redkitchen,26,40,0.31304915180513265,"[0.30,1.00]",0.742187499999997,1.0,0.5215,1,1.0,2.833794113171592,0.11416836082935333
7-scenes-redkitchen,26,41,0.2453675511091779,"[0.20,0.25)",0.6601562499999973,1.0,0.45,1,1.0,3.4238262081965627,0.15574486553668976
7-scenes-redkitchen,26,42,0.22709873858199217,"[0.20,0.25)",0.4374999999999983,1.0,0.3195,1,1.0,2.8438615028739953,0.1753605455160141
7-scenes-redkitchen,26,43,0.1959112657677251,"[0.15,0.20)",0.5585937499999978,1.0,0.5005,1,1.0,1.5732120193086183,0.06728503853082657
7-scenes-redkitchen,26,44,0.19865158764680296,"[0.15,0.20)",0.4374999999999983,1.0,0.425,1,1.0,0.9362816754175644,0.06586071848869324
7-scenes-redkitchen,26,45,0.21152675076120053,"[0.20,0.25)",0.49218749999999806,1.0,0.4915,1,1.0,1.5040215905127357,0.08001137524843216
7-scenes-redkitchen,26,46,0.22105263157894736,"[0.20,0.25)",0.6328124999999974,1.0,0.6475,1,1.0,2.1889219757421214,0.09250853210687637
7-scenes-redkitchen,26,47,0.21396259243149196,"[0.20,0.25)",0.5507812499999978,1.0,0.5185,1,1.0,3.3904976454697837,0.059763915836811066
7-scenes-redkitchen,26,48,0.19334493257938234,"[0.15,0.20)",0.5703124999999977,1.0,0.5285,1,1.0,1.7532347683983927,0.060609977692365646
7-scenes-redkitchen,26,49,0.18882122662026968,"[0.15,0.20)",0.5664062499999978,1.0,0.569,1,1.0,1.3440658302900879,0.05136032775044441
7-scenes-redkitchen,26,50,0.2113962592431492,"[0.20,0.25)",0.6015624999999976,1.0,0.5715,1,1.0,1.4751190534243486,0.03894674777984619
7-scenes-redkitchen,26,51,0.15632883862548935,"[0.15,0.20)",0.5351562499999979,1.0,0.471,1,1.0,1.9516400786683152,0.03615950420498848
7-scenes-redkitchen,26,52,0.23784254023488474,"[0.20,0.25)",0.7226562499999971,1.0,0.6625,1,1.0,1.9648323258487583,0.04275437816977501
7-scenes-redkitchen,26,53,0.23779904306220095,"[0.20,0.25)",0.7109374999999971,1.0,0.6535,1,1.0,1.4019317463579029,0.020818129181861877
7-scenes-redkitchen,26,54,0.3085689430187038,"[0.30,1.00]",0.7695312499999969,1.0,0.6755,1,1.0,3.4549075932142106,0.06337825208902359
7-scenes-redkitchen,26,55,0.26376685515441495,"[0.25,0.30)",0.6640624999999973,1.0,0.47,1,1.0,2.520880353081599,0.07779772579669952
7-scenes-redkitchen,26,56,0.21561548499347544,"[0.20,0.25)",0.1249999999999995,1.0,0.1045,1,0.0,,
7-scenes-redkitchen,26,57,0.25393649412788166,"[0.25,0.30)",0.6835937499999972,1.0,0.5505,1,1.0,1.9498342230412518,0.06579642742872238
7-scenes-redkitchen,26,58,0.29469334493257937,"[0.25,0.30)",0.7304687499999971,1.0,0.6405,1,1.0,4.396677424281899,0.0986151397228241
7-scenes-redkitchen,26,59,0.38212266202696826,"[0.30,1.00]",0.16015624999999936,1.0,0.153,1,1.0,3.645078138327316,0.07905104011297226
7-scenes-redkitchen,27,30,0.417834530838728,"[0.30,1.00]",0.738281249999997,1.0,0.6675,1,1.0,2.7771375817743005,0.10640637576580048
7-scenes-redkitchen,27,31,0.31514547912072277,"[0.30,1.00]",0.4023437499999984,1.0,0.3955,1,1.0,2.3448509390098593,0.11538644880056381
7-scenes-redkitchen,27,32,0.22920964643949635,"[0.20,0.25)",0.2773437499999989,1.0,0.1875,1,1.0,3.8312411059192537,0.03421650826931
7-scenes-redkitchen,27,36,0.22679092267197837,"[0.20,0.25)",0.33593749999999867,1.0,0.3295,1,1.0,5.561478428616918,0.06682965904474258
7-scenes-redkitchen,27,37,0.3508216546916127,"[0.30,1.00]",0.6289062499999974,1.0,0.651,1,1.0,3.6878016786867027,0.06685686856508255
7-scenes-redkitchen,27,38,0.3291598491854592,"[0.30,1.00]",0.2812499999999989,1.0,0.3035,1,1.0,3.8608729608375474,0.12376771867275238
7-scenes-redkitchen,27,39,0.2799317066230348,"[0.25,0.30)",0.511718749999998,1.0,0.505,1,1.0,4.667911110901389,0.13780248165130615
7-scenes-redkitchen,27,41,0.4980081098385146,"[0.30,1.00]",0.8281249999999967,1.0,0.723,1,1.0,1.7532347683983927,0.0890568420290947
7-scenes-redkitchen,27,42,0.3786014085508999,"[0.30,1.00]",0.7929687499999968,1.0,0.6015,1,1.0,2.5820982045560927,0.10327049344778061
7-scenes-redkitchen,27,43,0.31713736928220815,"[0.30,1.00]",0.7265624999999971,1.0,0.6235,1,1.0,2.427209493377988,0.09328918904066086
7-scenes-redkitchen,27,44,0.2486661449811482,"[0.20,0.25)",0.6328124999999974,1.0,0.6055,1,1.0,2.0555706671547593,0.05410390347242355
7-scenes-redkitchen,27,45,0.18417870100305897,"[0.15,0.20)",0.503906249999998,1.0,0.491,1,1.0,2.5795195372639435,0.05770536884665489
7-scenes-redkitchen,27,59,0.23820872163334994,"[0.20,0.25)",0.13671874999999944,1.0,0.0865,1,0.0,,
7-scenes-redkitchen,28,32,0.3261114099867951,"[0.30,1.00]",0.33593749999999867,1.0,0.214,1,1.0,3.451505728748253,0.09271767735481262
7-scenes-redkitchen,28,37,0.21763583899838607,"[0.20,0.25)",0.24218749999999903,1.0,0.221,1,1.0,4.823285985664007,0.09330087900161743
7-scenes-redkitchen,28,38,0.22815082897246539,"[0.20,0.25)",0.249999999999999,1.0,0.273,1,1.0,4.994104381859329,0.12305717915296555
7-scenes-redkitchen,28,43,0.35389054629040934,"[0.30,1.00]",0.7890624999999969,1.0,0.7585,1,1.0,1.7312184994094928,0.05738211050629616
7-scenes-redkitchen,28,44,0.26527118892747104,"[0.25,0.30)",0.6718749999999973,1.0,0.6915,1,1.0,1.8842944752746473,0.040676649659872055
7-scenes-redkitchen,28,45,0.16809311879493324,"[0.15,0.20)",0.3085937499999988,1.0,0.388,1,1.0,3.1843221147459313,0.06833469122648239
7-scenes-redkitchen,29,32,0.31026221216557964,"[0.30,1.00]",0.4765624999999981,1.0,0.3325,1,1.0,2.0861909951340105,0.10651710629463196
7-scenes-redkitchen,29,44,0.37228803407427125,"[0.30,1.00]",0.8242187499999967,1.0,0.794,1,1.0,1.806669446222464,0.03560113161802292
7-scenes-redkitchen,29,45,0.22427791827499002,"[0.20,0.25)",0.5976562499999976,1.0,0.621,1,1.0,4.121032716201058,0.08240730315446854
7-scenes-redkitchen,2,10,0.32700595115945,"[0.30,1.00]",0.749999999999997,1.0,0.7735,1,1.0,1.9331007360536172,0.12785255908966064
7-scenes-redkitchen,2,15,0.20870100554073467,"[0.20,0.25)",0.3476562499999986,1.0,0.325,1,1.0,2.1990914478710906,0.12247252464294434
7-scenes-redkitchen,2,26,0.30556125589985633,"[0.30,1.00]",0.6757812499999973,1.0,0.526,1,1.0,1.6723401036164562,0.07512721419334412
7-scenes-redkitchen,2,32,0.33777960188795403,"[0.30,1.00]",0.7070312499999972,1.0,0.4755,1,1.0,2.968210526299371,0.05469959229230881
7-scenes-redkitchen,2,44,0.3150523291606813,"[0.30,1.00]",0.8515624999999966,1.0,0.8375,1,1.0,2.6832149202489552,0.04598310962319374
7-scenes-redkitchen,2,45,0.226554483890827,"[0.20,0.25)",0.7148437499999971,1.0,0.7315,1,1.0,2.4850646967480885,0.0359819196164608
7-scenes-redkitchen,2,5,0.2544633695875231,"[0.25,0.30)",0.5195312499999979,1.0,0.479,1,1.0,1.5262370211945002,0.034438103437423706
7-scenes-redkitchen,30,33,0.13768771485435136,"[0.00,0.15)",0.12109374999999951,0.0,0.0435,1,1.0,6.998799859804873,0.22018037736415863
7-scenes-redkitchen,30,44,0.3146372353899041,"[0.30,1.00]",0.511718749999998,1.0,0.4895,1,1.0,2.89056002551886,0.04877246171236038
7-scenes-redkitchen,31,40,0.44777354742592285,"[0.30,1.00]",0.32812499999999867,1.0,0.2825,1,1.0,3.0123342038792114,0.14975403249263763
7-scenes-redkitchen,31,41,0.35664625062075817,"[0.30,1.00]",0.3007812499999988,1.0,0.212,1,1.0,2.1030097345366565,0.08554429560899734
7-scenes-redkitchen,31,42,0.2588147657672571,"[0.25,0.30)",0.41015624999999833,1.0,0.32,1,1.0,4.174575335487747,0.07591720670461655
7-scenes-redkitchen,31,43,0.18978645919549744,"[0.15,0.20)",0.4335937499999983,1.0,0.4095,1,1.0,4.587999370295926,0.05051492154598236
7-scenes-redkitchen,32,34,0.2281820817628298,"[0.20,0.25)",0.5429687499999978,1.0,0.613,1,1.0,7.875393503286886,0.16270406544208527
7-scenes-redkitchen,32,38,0.21759930414612932,"[0.20,0.25)",0.48437499999999806,1.0,0.549,1,1.0,5.785130111927887,0.009441610425710678
7-scenes-redkitchen,32,39,0.2083937373151638,"[0.20,0.25)",0.4726562499999981,1.0,0.549,1,1.0,7.024314546487915,0.052053045481443405
7-scenes-redkitchen,32,40,0.2179617280371122,"[0.20,0.25)",0.22656249999999908,1.0,0.1525,1,1.0,4.593802084575721,0.1833650767803192
7-scenes-redkitchen,33,37,0.16236630612121578,"[0.15,0.20)",0.16015624999999936,1.0,0.138,1,1.0,9.288571233725445,0.04756347835063934
7-scenes-redkitchen,33,38,0.2510725723608677,"[0.25,0.30)",0.1718749999999993,1.0,0.1265,1,0.0,,
7-scenes-redkitchen,33,39,0.25542328841621853,"[0.25,0.30)",0.13281249999999947,1.0,0.09,1,0.0,,
7-scenes-redkitchen,33,56,0.13505347755151367,"[0.00,0.15)",0.29296874999999883,1.0,0.1405,1,1.0,5.628452439051988,0.13335618376731873
7-scenes-redkitchen,33,57,0.13813523475738715,"[0.00,0.15)",0.14453124999999942,1.0,0.0585,1,0.0,,
7-scenes-redkitchen,33,58,0.12502265997945494,"[0.00,0.15)",0.10546874999999958,0.0,0.0145,1,0.0,,
7-scenes-redkitchen,34,35,0.31906588138611147,"[0.30,1.00]",0.7070312499999972,1.0,0.6765,0,,,
7-scenes-redkitchen,34,36,0.23551568278318039,"[0.20,0.25)",0.4296874999999983,1.0,0.4095,1,1.0,3.382750957542972,0.04849429056048393
7-scenes-redkitchen,34,37,0.2664703465278729,"[0.25,0.30)",0.5273437499999979,1.0,0.512,1,1.0,3.2724942205183276,0.02411949448287487
7-scenes-redkitchen,34,38,0.33632379126147105,"[0.30,1.00]",0.8398437499999967,1.0,0.809,1,1.0,2.1769076764006408,0.022628283128142357
7-scenes-redkitchen,34,39,0.3648130393096836,"[0.30,1.00]",0.8085937499999968,1.0,0.788,1,1.0,2.3576703249052056,0.0388888381421566
7-scenes-redkitchen,34,54,0.3042049034378852,"[0.30,1.00]",0.6132812499999976,1.0,0.638,1,1.0,4.17382465289382,0.08410169184207916
7-scenes-redkitchen,34,58,0.3880975208875497,"[0.30,1.00]",0.7187499999999971,1.0,0.635,1,1.0,3.442417674703697,0.06104106456041336
7-scenes-redkitchen,34,59,0.24421312149020682,"[0.20,0.25)",0.5898437499999977,1.0,0.546,1,1.0,4.46466741999549,0.0826774314045906
7-scenes-redkitchen,35,38,0.2841563040766228,"[0.25,0.30)",0.7695312499999969,1.0,0.7265,1,1.0,3.078670417983531,0.11744102835655212
7-scenes-redkitchen,35,39,0.36001448750452736,"[0.30,1.00]",0.8203124999999967,1.0,0.8095,1,1.0,2.263993990520052,0.09236922860145569
7-scenes-redkitchen,35,48,0.1949374220290555,"[0.15,0.20)",0.6445312499999974,1.0,0.542,1,1.0,0.0,0.07475685328245163
7-scenes-redkitchen,35,49,0.2564690732021409,"[0.25,0.30)",0.7734374999999969,1.0,0.663,1,1.0,0.0,0.07077080756425858
7-scenes-redkitchen,35,50,0.18097307738742002,"[0.15,0.20)",0.6171874999999976,1.0,0.4865,1,1.0,2.2345830805202556,0.07760560512542725
7-scenes-redkitchen,35,52,0.21445531007283997,"[0.20,0.25)",0.6796874999999973,1.0,0.604,1,1.0,2.012658938349676,0.06987810879945755
7-scenes-redkitchen,36,47,0.1673494869093605,"[0.15,0.20)",0.5234374999999979,1.0,0.3625,1,1.0,0.0,0.09083500504493713
7-scenes-redkitchen,36,48,0.23672402356705294,"[0.20,0.25)",0.6054687499999976,1.0,0.4015,1,1.0,0.0,0.09640321135520935
7-scenes-redkitchen,36,49,0.28982792929884116,"[0.25,0.30)",0.7148437499999971,1.0,0.5825,1,1.0,0.0,0.08616142719984055
7-scenes-redkitchen,36,50,0.2251746068906317,"[0.20,0.25)",0.6015624999999976,1.0,0.4965,1,1.0,2.0050598864583313,0.08524620532989502
7-scenes-redkitchen,36,52,0.265129345663116,"[0.25,0.30)",0.6679687499999973,1.0,0.582,1,1.0,2.0589954035500986,0.08270263671875
7-scenes-redkitchen,37,47,0.16825450833616876,"[0.15,0.20)",0.6054687499999976,1.0,0.5015,1,1.0,1.1770284218772618,0.07112975418567657
7-scenes-redkitchen,37,48,0.2391119428376999,"[0.20,0.25)",0.7226562499999971,1.0,0.569,1,1.0,1.0294561538197802,0.0833999365568161
7-scenes-redkitchen,37,49,0.28572643756379723,"[0.25,0.30)",0.8046874999999968,1.0,0.686,1,1.0,0.9926838972217669,0.07483700662851334
7-scenes-redkitchen,37,50,0.23651752296699557,"[0.20,0.25)",0.6679687499999973,1.0,0.6255,1,1.0,2.9721649868676603,0.08382720500230789
7-scenes-redkitchen,37,52,0.27109561075195643,"[0.25,0.30)",0.7812499999999969,1.0,0.6905,1,1.0,2.340171943024654,0.07402922958135605
7-scenes-redkitchen,38,49,0.20008947545017336,"[0.20,0.25)",0.058593749999999764,0.0,0.046,1,0.0,,
7-scenes-redkitchen,38,52,0.19572754725422212,"[0.15,0.20)",0.4023437499999984,1.0,0.3335,1,1.0,3.5122358066760664,0.08617226034402847
7-scenes-redkitchen,38,53,0.34358572866569737,"[0.30,1.00]",0.6445312499999974,1.0,0.5175,1,1.0,1.5282871597383476,0.0403396300971508
7-scenes-redkitchen,38,57,0.3588524773515267,"[0.30,1.00]",0.7304687499999971,1.0,0.725,1,1.0,1.1626427827474484,0.014420978724956512
7-scenes-redkitchen,39,47,0.20484162895927602,"[0.20,0.25)",0.5390624999999979,1.0,0.453,1,1.0,1.3966174080982696,0.06319993734359741
7-scenes-redkitchen,39,48,0.2932579185520362,"[0.25,0.30)",0.5703124999999977,1.0,0.472,1,1.0,1.7196495792407211,0.07383783161640167
7-scenes-redkitchen,39,49,0.32099547511312215,"[0.30,1.00]",0.4257812499999983,1.0,0.409,1,1.0,2.782489305726518,0.06631859391927719
7-scenes-redkitchen,39,50,0.2690045248868778,"[0.25,0.30)",0.6367187499999974,1.0,0.546,1,1.0,4.287701795296322,0.07842785865068436
7-scenes-redkitchen,39,52,0.32063348416289594,"[0.30,1.00]",0.7148437499999971,1.0,0.622,1,1.0,3.362898762037711,0.06884711235761642
7-scenes-redkitchen,39,53,0.4049321266968326,"[0.30,1.00]",0.8476562499999966,1.0,0.754,1,1.0,0.4579955236952982,0.017499908804893494
7-scenes-redkitchen,39,55,0.4169683257918552,"[0.30,1.00]",0.757812499999997,1.0,0.68,1,1.0,1.299653890061475,0.06303223222494125
7-scenes-redkitchen,39,56,0.27592760180995474,"[0.25,0.30)",0.6445312499999974,1.0,0.601,1,1.0,1.3596991238826872,0.09247216582298279
7-scenes-redkitchen,39,57,0.2383257918552036,"[0.20,0.25)",0.7851562499999969,1.0,0.711,1,1.0,1.442115089682387,0.03303835913538933
7-scenes-redkitchen,3,15,0.3458679021657149,"[0.30,1.00]",0.8398437499999967,1.0,0.7205,1,1.0,3.009863709517357,0.04192317649722099
7-scenes-redkitchen,3,19,0.21026829005495098,"[0.20,0.25)",0.6328124999999974,1.0,0.6005,1,1.0,2.912553686847527,0.0653049498796463
7-scenes-redkitchen,3,25,0.21597888158603598,"[0.20,0.25)",0.496093749999998,1.0,0.396,1,1.0,2.571006823879315,0.1046178862452507
7-scenes-redkitchen,3,31,0.2905936860252128,"[0.25,0.30)",0.8242187499999967,1.0,0.6795,1,1.0,1.959845706205955,0.03377898409962654
7-scenes-redkitchen,3,32,0.20444995151384548,"[0.20,0.25)",0.5156249999999979,1.0,0.3975,1,1.0,2.0760343792761575,0.06167168170213699
7-scenes-redkitchen,3,36,0.12665661027906475,"[0.00,0.15)",0.4453124999999982,1.0,0.3495,1,1.0,4.785855751065877,0.05470873787999153
7-scenes-redkitchen,3,37,0.2375821570951406,"[0.20,0.25)",0.7265624999999971,1.0,0.5935,1,1.0,3.706021584678161,0.02643502689898014
7-scenes-redkitchen,3,38,0.23494235534963906,"[0.20,0.25)",0.5312499999999979,1.0,0.448,1,1.0,5.64097393839729,0.10334300249814987
7-scenes-redkitchen,3,39,0.20741299428940846,"[0.20,0.25)",0.6445312499999974,1.0,0.5635,1,1.0,4.268106958604527,0.07122553139925003
7-scenes-redkitchen,3,46,0.2578385949789893,"[0.25,0.30)",0.6718749999999973,1.0,0.6035,1,1.0,3.497487937573644,0.034876640886068344
7-scenes-redkitchen,3,59,0.14491972847753476,"[0.00,0.15)",0.24609374999999903,1.0,0.219,1,1.0,4.292267160370627,0.044897470623254776
7-scenes-redkitchen,3,6,0.21323133283051396,"[0.20,0.25)",0.4765624999999981,1.0,0.385,1,1.0,2.176727856490655,0.04249849542975426
7-scenes-redkitchen,3,7,0.16603814244154724,"[0.15,0.20)",0.1249999999999995,1.0,0.141,1,1.0,6.3481683514269776,0.15385761857032776
7-scenes-redkitchen,40,44,0.39066396875441156,"[0.30,1.00]",0.8437499999999967,1.0,0.78,1,1.0,2.6176339510226354,0.050550054758787155
7-scenes-redkitchen,40,45,0.2634228977459884,"[0.25,0.30)",0.7187499999999971,1.0,0.6095,1,1.0,3.495584073758024,0.03951045870780945
7-scenes-redkitchen,40,46,0.1814032280833843,"[0.15,0.20)",0.42187499999999833,1.0,0.362,1,1.0,4.414105719973464,0.03629636764526367
7-scenes-redkitchen,41,46,0.22576132071072144,"[0.20,0.25)",0.5195312499999979,1.0,0.4665,1,1.0,5.021022233547095,0.03735252842307091
7-scenes-redkitchen,42,46,0.3059223176515831,"[0.30,1.00]",0.6093749999999976,1.0,0.5515,1,1.0,4.701613204932545,0.03223622217774391
7-scenes-redkitchen,43,47,0.19290256732354558,"[0.15,0.20)",0.35937499999999856,1.0,0.313,1,1.0,4.740699048060967,0.047263290733098984
7-scenes-redkitchen,44,47,0.2963142580019399,"[0.25,0.30)",0.45703124999999817,1.0,0.442,1,1.0,3.8490882515626224,0.0464450977742672
7-scenes-redkitchen,44,48,0.14655674102812802,"[0.00,0.15)",0.23828124999999906,1.0,0.251,1,1.0,7.41137425632041,0.09858573228120804
7-scenes-redkitchen,45,48,0.3224813022437307,"[0.30,1.00]",0.5703124999999977,1.0,0.578,1,1.0,2.630017646546708,0.008909027092158794
7-scenes-redkitchen,45,49,0.2111746590409151,"[0.20,0.25)",0.33984374999999867,1.0,0.3815,1,1.0,1.6156786590366656,0.025735782459378242
7-scenes-redkitchen,45,50,0.23372195336559612,"[0.20,0.25)",0.41015624999999833,1.0,0.481,1,1.0,2.0217788351072556,0.0276655200868845
7-scenes-redkitchen,45,51,0.23196216454025517,"[0.20,0.25)",0.3046874999999988,1.0,0.3705,1,1.0,1.865295926534333,0.026287255808711052
7-scenes-redkitchen,45,52,0.2237131544214694,"[0.20,0.25)",0.36328124999999856,1.0,0.432,1,1.0,2.0225530984964517,0.052035365253686905
7-scenes-redkitchen,46,53,0.31936047292758296,"[0.30,1.00]",0.48046874999999806,1.0,0.4515,1,1.0,3.6154132540178185,0.07759493589401245
7-scenes-redkitchen,47,54,0.2711887917880427,"[0.25,0.30)",0.36328124999999856,1.0,0.179,1,1.0,1.1528395017772766,0.10538128763437271
7-scenes-redkitchen,48,58,0.1508174386920981,"[0.15,0.20)",0.023437499999999906,0.0,0.002,1,0.0,,
7-scenes-redkitchen,48,59,0.2239782016348774,"[0.20,0.25)",0.07421874999999971,0.0,0.006,1,0.0,,
7-scenes-redkitchen,49,55,0.2638625912902353,"[0.25,0.30)",0.26953124999999895,1.0,0.144,1,1.0,4.667743249395877,0.20776532590389252
7-scenes-redkitchen,49,58,0.25074384636191505,"[0.25,0.30)",0.14843749999999942,1.0,0.114,1,1.0,4.932685847082665,0.16276031732559204
7-scenes-redkitchen,49,59,0.2838788206654044,"[0.25,0.30)",0.14062499999999944,1.0,0.061,1,0.0,,
7-scenes-redkitchen,4,16,0.3382405379247109,"[0.30,1.00]",0.5507812499999978,1.0,0.2445,1,1.0,2.4081034098878544,0.08094359189271927
7-scenes-redkitchen,4,17,0.3365595232030971,"[0.30,1.00]",0.46093749999999817,1.0,0.187,1,1.0,2.546835528016529,0.08037074655294418
7-scenes-redkitchen,4,20,0.3951403392593347,"[0.30,1.00]",0.7968749999999968,1.0,0.621,1,1.0,1.019523984779001,0.06446781009435654
7-scenes-redkitchen,4,21,0.1611227140746778,"[0.15,0.20)",0.503906249999998,1.0,0.284,1,0.0,,
7-scenes-redkitchen,4,24,0.17497835056797922,"[0.15,0.20)",0.18749999999999925,1.0,0.156,1,1.0,4.068327115819611,0.18049174547195435
7-scenes-redkitchen,4,28,0.43696194793948345,"[0.30,1.00]",0.6796874999999973,1.0,0.6685,1,1.0,3.203201961202314,0.12238406389951706
7-scenes-redkitchen,4,29,0.30716723549488056,"[0.30,1.00]",0.7226562499999971,1.0,0.617,1,1.0,3.2386982538778506,0.11353908479213715
7-scenes-redkitchen,4,35,0.25449544088431564,"[0.25,0.30)",0.496093749999998,1.0,0.336,1,1.0,2.3543473210628174,0.08404858410358429
7-scenes-redkitchen,4,36,0.4016096989455453,"[0.30,1.00]",0.5742187499999977,1.0,0.4175,1,1.0,3.190709607198562,0.06695336848497391
7-scenes-redkitchen,4,40,0.4015078192654475,"[0.30,1.00]",0.7343749999999971,1.0,0.6165,1,1.0,3.6440036407367313,0.10641127824783325
7-scenes-redkitchen,4,41,0.3624369619479395,"[0.30,1.00]",0.8203124999999967,1.0,0.7745,1,1.0,1.7440576847723235,0.06316383928060532
7-scenes-redkitchen,4,43,0.325709337272681,"[0.30,1.00]",0.8281249999999967,1.0,0.8315,1,1.0,1.1490991408529052,0.013117940165102482
7-scenes-redkitchen,4,48,0.3449136569711171,"[0.30,1.00]",0.7265624999999971,1.0,0.719,1,1.0,1.3264794696044877,0.04315344989299774
7-scenes-redkitchen,4,49,0.2917834038001121,"[0.25,0.30)",0.6835937499999972,1.0,0.701,1,1.0,0.5616256598688398,0.031198546290397644
7-scenes-redkitchen,4,50,0.2996790790076919,"[0.25,0.30)",0.5976562499999976,1.0,0.6155,1,1.0,1.53722437569007,0.0546884648501873
7-scenes-redkitchen,4,51,0.21674901940807906,"[0.20,0.25)",0.3984374999999984,1.0,0.427,1,1.0,2.904477213236404,0.03407950699329376
7-scenes-redkitchen,4,52,0.29815088380622484,"[0.25,0.30)",0.6171874999999976,1.0,0.666,1,1.0,1.118726204311276,0.03671041876077652
7-scenes-redkitchen,4,53,0.2593347256889613,"[0.25,0.30)",0.6132812499999976,1.0,0.498,1,1.0,0.902656546429246,0.061012718826532364
7-scenes-redkitchen,4,54,0.2155774030869543,"[0.20,0.25)",0.4062499999999984,1.0,0.2485,1,1.0,3.038861919691723,0.08347072452306747
7-scenes-redkitchen,4,58,0.14584076206000712,"[0.00,0.15)",0.33203124999999867,1.0,0.234,1,1.0,4.9394331662240285,0.10521294176578522
7-scenes-redkitchen,4,59,0.26901329529825274,"[0.25,0.30)",0.35937499999999856,1.0,0.203,1,1.0,2.767535003731841,0.10036300122737885
7-scenes-redkitchen,4,8,0.30049411644847435,"[0.30,1.00]",0.45703124999999817,1.0,0.307,1,1.0,2.4849071651805743,0.16091781854629517
7-scenes-redkitchen,50,59,0.2502807937102209,"[0.25,0.30)",0.0781249999999997,1.0,0.0715,1,0.0,,
7-scenes-redkitchen,51,54,0.20830730793254215,"[0.20,0.25)",0.11328124999999954,1.0,0.084,1,1.0,3.7068668456721463,0.15876229107379913
7-scenes-redkitchen,51,59,0.16833229231730168,"[0.15,0.20)",0.011718749999999953,0.0,0.0055,1,0.0,,
7-scenes-redkitchen,52,55,0.19704275152684025,"[0.15,0.20)",0.0781249999999997,1.0,0.066,1,0.0,,
7-scenes-redkitchen,52,58,0.21552555448408872,"[0.20,0.25)",0.20703124999999917,1.0,0.2015,1,1.0,2.390482726124605,0.14138029515743256
7-scenes-redkitchen,52,59,0.2806171648987464,"[0.25,0.30)",0.10546874999999958,1.0,0.0535,1,0.0,,
7-scenes-redkitchen,53,56,0.33473940757405324,"[0.30,1.00]",0.5429687499999978,1.0,0.3915,1,1.0,2.364798980144152,0.06290611624717712
7-scenes-redkitchen,53,57,0.21034870641169853,"[0.20,0.25)",0.41406249999999833,1.0,0.322,1,1.0,2.4142727124949257,0.03674786537885666
7-scenes-redkitchen,5,13,0.3252986795221128,"[0.30,1.00]",0.8242187499999967,1.0,0.737,1,1.0,0.8122881254097551,0.018967751413583755
7-scenes-redkitchen,5,14,0.358205826870677,"[0.30,1.00]",0.8046874999999968,1.0,0.6695,1,1.0,2.216466787363205,0.041067104786634445
7-scenes-redkitchen,5,21,0.3163382938587298,"[0.30,1.00]",0.7890624999999969,1.0,0.5965,1,1.0,2.546835528016529,0.04198792949318886
7-scenes-redkitchen,5,24,0.3111507021588765,"[0.30,1.00]",0.5624999999999978,1.0,0.4415,1,1.0,3.561394668788465,0.09342041611671448
7-scenes-redkitchen,5,27,0.4661496541605533,"[0.30,1.00]",0.6484374999999974,1.0,0.671,1,1.0,3.387146773612989,0.11285506188869476
7-scenes-redkitchen,5,28,0.24350241039614337,"[0.20,0.25)",0.3710937499999985,1.0,0.3645,1,1.0,3.3360108875748415,0.1343795657157898
7-scenes-redkitchen,5,34,0.14535736742821212,"[0.00,0.15)",0.3203124999999987,1.0,0.3225,1,1.0,2.321024420716739,0.052578940987586975
7-scenes-redkitchen,5,35,0.39750576399077764,"[0.30,1.00]",0.6093749999999976,1.0,0.4405,1,1.0,2.1235694832811065,0.0615699365735054
7-scenes-redkitchen,5,40,0.29155313351498635,"[0.25,0.30)",0.5703124999999977,1.0,0.4955,1,1.0,3.559194890433083,0.057297009974718094
7-scenes-redkitchen,5,41,0.25686438901697756,"[0.25,0.30)",0.4296874999999983,1.0,0.344,1,1.0,1.705020694345723,0.01968759298324585
7-scenes-redkitchen,5,42,0.26802557115908615,"[0.25,0.30)",0.5195312499999979,1.0,0.444,1,1.0,2.108400538951032,0.11519719660282135
7-scenes-redkitchen,5,43,0.25382519387968977,"[0.25,0.30)",0.5859374999999977,1.0,0.5395,1,1.0,3.469723368098668,0.1026226207613945
7-scenes-redkitchen,5,44,0.2838503458394467,"[0.25,0.30)",0.6679687499999973,1.0,0.568,1,1.0,2.6939899850026126,0.09054358303546906
7-scenes-redkitchen,5,45,0.35537623139802976,"[0.30,1.00]",0.6874999999999972,1.0,0.597,1,1.0,1.5662305766418076,0.05112094059586525
7-scenes-redkitchen,5,50,0.3495598407042549,"[0.30,1.00]",0.5585937499999978,1.0,0.569,1,1.0,1.8813841045302688,0.04631408303976059
7-scenes-redkitchen,5,51,0.2196080486271222,"[0.20,0.25)",0.4374999999999983,1.0,0.413,1,1.0,2.410702934155295,0.05150394141674042
7-scenes-redkitchen,5,52,0.3939425696918885,"[0.30,1.00]",0.6015624999999976,1.0,0.6105,1,1.0,1.556957095945173,0.03481007367372513
7-scenes-redkitchen,5,53,0.38833577866275415,"[0.30,1.00]",0.6445312499999974,1.0,0.542,1,1.0,1.1405527093492278,0.043760430067777634
7-scenes-redkitchen,5,54,0.3687906099350241,"[0.30,1.00]",0.5664062499999978,1.0,0.421,1,1.0,2.729504299646004,0.0702027678489685
7-scenes-redkitchen,5,55,0.21756445189687695,"[0.20,0.25)",0.19531249999999922,1.0,0.153,1,0.0,,
7-scenes-redkitchen,5,57,0.14216097254244392,"[0.00,0.15)",0.28906249999999883,1.0,0.2525,1,1.0,1.3912827746329162,0.028294501826167107
7-scenes-redkitchen,5,58,0.23962481660029344,"[0.20,0.25)",0.6093749999999976,1.0,0.496,1,1.0,4.215843213596486,0.09902911633253098
7-scenes-redkitchen,5,59,0.32063508698386084,"[0.30,1.00]",0.5781249999999977,1.0,0.4425,1,1.0,2.457183711842503,0.06021495535969734
7-scenes-redkitchen,6,13,0.2356923462671598,"[0.20,0.25)",0.5507812499999978,1.0,0.445,1,1.0,1.2835943957432459,0.08327452093362808
7-scenes-redkitchen,6,14,0.2889738607158528,"[0.25,0.30)",0.6953124999999972,1.0,0.5465,1,1.0,1.7879409367001438,0.06618175655603409
7-scenes-redkitchen,6,22,0.18811508807120916,"[0.15,0.20)",0.2812499999999989,1.0,0.2655,1,1.0,1.2908913671306814,0.05729714781045914
7-scenes-redkitchen,6,27,0.39954867423055224,"[0.30,1.00]",0.3046874999999988,1.0,0.2295,1,1.0,4.651600403241947,0.12008638679981232
7-scenes-redkitchen,6,34,0.22083620635617127,"[0.20,0.25)",0.5468749999999978,1.0,0.5255,1,1.0,1.937348162781958,0.057285964488983154
7-scenes-redkitchen,6,42,0.1377170438162101,"[0.00,0.15)",0.12890624999999947,1.0,0.0925,1,0.0,,
7-scenes-redkitchen,6,44,0.15370149815081802,"[0.15,0.20)",0.29296874999999883,1.0,0.23,1,1.0,4.972481212999017,0.15997828543186188
7-scenes-redkitchen,6,45,0.21776468375854072,"[0.20,0.25)",0.41406249999999833,1.0,0.384,1,1.0,3.2938420129902224,0.06836139410734177
7-scenes-redkitchen,6,46,0.2824547107127186,"[0.25,0.30)",0.6015624999999976,1.0,0.543,1,1.0,0.8713301306531138,0.0388818122446537
7-scenes-redkitchen,6,47,0.36939760546605654,"[0.30,1.00]",0.499999999999998,1.0,0.4065,1,1.0,1.1941935672502628,0.036438457667827606
7-scenes-redkitchen,6,48,0.4277565348210368,"[0.30,1.00]",0.5273437499999979,1.0,0.447,1,1.0,1.8751323905120345,0.03378340229392052
7-scenes-redkitchen,6,50,0.3791763304707578,"[0.30,1.00]",0.6523437499999974,1.0,0.624,1,1.0,3.718153764775317,0.04096442088484764
7-scenes-redkitchen,6,51,0.25807058233561087,"[0.25,0.30)",0.5546874999999978,1.0,0.545,1,1.0,2.1193257300051145,0.04630258306860924
7-scenes-redkitchen,6,52,0.4307653732840218,"[0.30,1.00]",0.7109374999999971,1.0,0.627,1,1.0,3.597932452417301,0.03695075586438179
7-scenes-redkitchen,6,55,0.38312543095342566,"[0.30,1.00]",0.3789062499999985,1.0,0.357,1,1.0,3.268303791223449,0.09639016538858414
7-scenes-redkitchen,6,56,0.23982949915376417,"[0.20,0.25)",0.1523437499999994,1.0,0.1465,1,1.0,4.6687503280992555,0.13905811309814453
7-scenes-redkitchen,6,57,0.2212749952986899,"[0.20,0.25)",0.5468749999999978,1.0,0.5065,1,1.0,1.3089558711032416,0.061505477875471115
7-scenes-redkitchen,6,58,0.38043001316366826,"[0.30,1.00]",0.7734374999999969,1.0,0.7125,1,1.0,3.9925292387074536,0.10074055194854736
7-scenes-redkitchen,7,12,0.2823593008589104,"[0.25,0.30)",0.4492187499999982,1.0,0.435,1,1.0,1.3754393140818195,0.056149594485759735
7-scenes-redkitchen,7,13,0.16139107453901136,"[0.15,0.20)",0.33984374999999867,1.0,0.334,1,1.0,1.354219095535003,0.0745660662651062
7-scenes-redkitchen,7,14,0.23370773019400565,"[0.20,0.25)",0.22656249999999908,1.0,0.173,1,1.0,4.947992991100288,0.12744420766830444
7-scenes-redkitchen,7,22,0.3000180191002463,"[0.30,1.00]",0.7070312499999972,1.0,0.67,1,1.0,1.6134969658022036,0.060402385890483856
7-scenes-redkitchen,7,23,0.24073517929004745,"[0.20,0.25)",0.6328124999999974,1.0,0.6065,1,1.0,1.2691829949462077,0.045093271881341934
7-scenes-redkitchen,7,27,0.32122049372334677,"[0.30,1.00]",0.18359374999999928,1.0,0.1735,1,0.0,,
7-scenes-redkitchen,7,34,0.24091537029251006,"[0.20,0.25)",0.249999999999999,1.0,0.232,1,1.0,2.5187053565648543,0.046281639486551285
7-scenes-redkitchen,7,46,0.20337557811279958,"[0.20,0.25)",0.41796874999999833,1.0,0.3265,1,1.0,1.3080585699034293,0.04538814350962639
7-scenes-redkitchen,7,47,0.28878611328007686,"[0.25,0.30)",0.17968749999999928,1.0,0.117,1,1.0,2.561243387167563,0.05180078744888306
7-scenes-redkitchen,7,48,0.364886779986786,"[0.30,1.00]",0.13281249999999947,1.0,0.0905,1,0.0,,
7-scenes-redkitchen,7,49,0.3991831341221695,"[0.30,1.00]",0.17968749999999928,1.0,0.1105,1,1.0,0.811806190203439,0.046500351279973984
7-scenes-redkitchen,7,50,0.33239233587602857,"[0.30,1.00]",0.14843749999999942,1.0,0.1195,1,1.0,4.038566360504458,0.052634455263614655
7-scenes-redkitchen,7,51,0.20463691513003784,"[0.20,0.25)",0.21093749999999917,1.0,0.222,1,1.0,3.8659415142858458,0.055205337703228
7-scenes-redkitchen,7,52,0.37996276052615774,"[0.30,1.00]",0.14062499999999944,1.0,0.151,1,0.0,,
7-scenes-redkitchen,7,56,0.2973151540633071,"[0.25,0.30)",0.23437499999999906,1.0,0.1915,1,1.0,2.0959249437597878,0.07149556279182434
7-scenes-redkitchen,7,57,0.24385848999939935,"[0.20,0.25)",0.6796874999999973,1.0,0.594,1,1.0,1.1007402240858055,0.03879540041089058
7-scenes-redkitchen,8,10,0.3719853529188939,"[0.30,1.00]",0.8554687499999966,1.0,0.731,1,1.0,1.903309099750042,0.10688226670026779
7-scenes-redkitchen,8,11,0.2928153541815733,"[0.25,0.30)",0.5742187499999977,1.0,0.4375,1,1.0,2.2207012592906015,0.15189312398433685
7-scenes-redkitchen,8,15,0.2530830422155815,"[0.25,0.30)",0.45703124999999817,1.0,0.357,1,1.0,4.383650180477486,0.12610545754432678
7-scenes-redkitchen,8,26,0.3933246348752052,"[0.30,1.00]",0.8515624999999966,1.0,0.8095,1,1.0,1.7013438251129556,0.03162108361721039
7-scenes-redkitchen,8,34,0.14066248579485668,"[0.00,0.15)",0.3085937499999988,1.0,0.2515,1,1.0,2.7655538666780726,0.053763967007398605
7-scenes-redkitchen,8,38,0.33684077612694135,"[0.30,1.00]",0.749999999999997,1.0,0.7105,1,1.0,2.026033623628547,0.0549822673201561
7-scenes-redkitchen,8,48,0.23481628014647082,"[0.20,0.25)",0.06640624999999974,0.0,0.0355,1,0.0,,
7-scenes-redkitchen,8,49,0.30636811313607476,"[0.30,1.00]",0.26953124999999895,1.0,0.178,1,0.0,,
7-scenes-redkitchen,8,50,0.21347699819015953,"[0.20,0.25)",0.11718749999999953,1.0,0.1215,1,0.0,,
7-scenes-redkitchen,8,52,0.25081021928532343,"[0.25,0.30)",0.17968749999999928,1.0,0.194,1,1.0,4.038275406263035,0.09592027217149734
7-scenes-redkitchen,8,56,0.40102697924996844,"[0.30,1.00]",0.3437499999999986,1.0,0.268,1,1.0,2.642935904172657,0.10947059839963913
7-scenes-redkitchen,8,57,0.2857022601961362,"[0.25,0.30)",0.6171874999999976,1.0,0.542,1,1.0,1.0678954648937065,0.05493433028459549
7-scenes-redkitchen,9,12,0.18165880535960263,"[0.15,0.20)",0.5468749999999978,1.0,0.4715,1,1.0,2.337326556741104,0.11971811205148697
7-scenes-redkitchen,9,15,0.34035981132863047,"[0.30,1.00]",0.8007812499999968,1.0,0.696,1,1.0,3.191077726685811,0.0807652398943901
7-scenes-redkitchen,9,22,0.32191008890929584,"[0.30,1.00]",0.7812499999999969,1.0,0.6155,1,1.0,4.255975521757619,0.16894683241844177
7-scenes-redkitchen,9,23,0.3160662854280586,"[0.30,1.00]",0.7929687499999968,1.0,0.7185,1,1.0,3.45909862403554,0.042128562927246094
7-scenes-redkitchen,9,27,0.22135492757857828,"[0.20,0.25)",0.38281249999999845,1.0,0.3845,1,1.0,1.9590466696043793,0.07023628801107407
7-scenes-redkitchen,9,34,0.14876654005092457,"[0.00,0.15)",0.4726562499999981,1.0,0.403,1,1.0,2.8756226968422394,0.07639078795909882
7-scenes-redkitchen,9,46,0.1648369996243269,"[0.15,0.20)",0.6132812499999976,1.0,0.572,1,1.0,0.9446045305585116,0.035409051924943924
7-scenes-redkitchen,9,47,0.25387151980631967,"[0.25,0.30)",0.3437499999999986,1.0,0.2935,1,1.0,2.43268680530416,0.052775703370571136
7-scenes-redkitchen,9,48,0.35104562340860707,"[0.30,1.00]",0.33984374999999867,1.0,0.373,1,1.0,0.0,0.023694848641753197
7-scenes-redkitchen,9,50,0.2915223108068623,"[0.25,0.30)",0.5742187499999977,1.0,0.565,1,1.0,1.6459188262049742,0.01924918405711651
7-scenes-redkitchen,9,52,0.3270025462286597,"[0.30,1.00]",0.5468749999999978,1.0,0.5705,1,1.0,1.6142245244215934,0.009479466825723648
7-scenes-redkitchen,9,55,0.4622031139124264,"[0.30,1.00]",0.6367187499999974,1.0,0.387,1,1.0,2.9700565958614717,0.17792455852031708
7-scenes-redkitchen,9,56,0.31544016362649746,"[0.30,1.00]",0.253906249999999,1.0,0.207,1,1.0,2.169342412732646,0.08945611864328384
7-scenes-redkitchen,9,57,0.23592269482823391,"[0.20,0.25)",0.6914062499999972,1.0,0.6915,1,1.0,1.3745854048571438,0.0401981957256794
7-scenes-redkitchen,9,58,0.4207538506490796,"[0.30,1.00]",0.7968749999999968,1.0,0.7625,1,1.0,3.782996203155118,0.09360319375991821
sun3d-home_at-home_at_scan1_2013_jan_1,0,30,0.19372825221146187,"[0.15,0.20)",0.0,0.0,0.0,1,0.0,,
sun3d-home_at-home_at_scan1_2013_jan_1,0,31,0.3832641596444892,"[0.30,1.00]",0.1523437499999994,1.0,0.078,1,0.0,,
sun3d-home_at-home_at_scan1_2013_jan_1,0,33,0.37546639835660084,"[0.30,1.00]",0.28515624999999883,1.0,0.19,1,0.0,,
sun3d-home_at-home_at_scan1_2013_jan_1,0,34,0.4406992831090429,"[0.30,1.00]",0.4414062499999982,1.0,0.303,1,1.0,2.497008034607672,0.12116599082946777
sun3d-home_at-home_at_scan1_2013_jan_1,0,35,0.29249989519138053,"[0.25,0.30)",0.26171874999999895,1.0,0.2035,1,1.0,2.235633875924595,0.08619101345539093
sun3d-home_at-home_at_scan1_2013_jan_1,0,36,0.4438435416928688,"[0.30,1.00]",0.48437499999999806,1.0,0.4205,1,1.0,2.7486565942454875,0.11732614785432816
sun3d-home_at-home_at_scan1_2013_jan_1,0,37,0.3880853561396889,"[0.30,1.00]",0.3749999999999985,1.0,0.4425,1,1.0,2.3156212344101066,0.0825003981590271
sun3d-home_at-home_at_scan1_2013_jan_1,0,38,0.30075881440489666,"[0.30,1.00]",0.5390624999999979,1.0,0.4715,1,1.0,2.895837501670555,0.031395960599184036
sun3d-home_at-home_at_scan1_2013_jan_1,0,41,0.2263446945876829,"[0.20,0.25)",0.08984374999999964,1.0,0.069,1,0.0,,
sun3d-home_at-home_at_scan1_2013_jan_1,0,42,0.19226093153900978,"[0.15,0.20)",0.011718749999999953,0.0,0.002,1,0.0,,
sun3d-home_at-home_at_scan1_2013_jan_1,0,47,0.36402129711147446,"[0.30,1.00]",0.13671874999999944,0.0,0.0395,1,0.0,,
sun3d-home_at-home_at_scan1_2013_jan_1,0,49,0.397308514652245,"[0.30,1.00]",0.33203124999999867,1.0,0.281,1,1.0,2.4698958789776686,0.16257332265377045
sun3d-home_at-home_at_scan1_2013_jan_1,0,50,0.2773655305412317,"[0.25,0.30)",0.26562499999999895,1.0,0.118,1,0.0,,
sun3d-home_at-home_at_scan1_2013_jan_1,0,51,0.20668259757682472,"[0.20,0.25)",0.29687499999999883,1.0,0.168,1,0.0,,
sun3d-home_at-home_at_scan1_2013_jan_1,10,12,0.31762402712123383,"[0.30,1.00]",0.9101562499999963,1.0,0.793,1,1.0,1.928032080145544,0.01767919398844242
sun3d-home_at-home_at_scan1_2013_jan_1,10,13,0.19939836699613236,"[0.15,0.20)",0.6914062499999972,1.0,0.5795,1,1.0,2.687588392566163,0.016019584611058235
sun3d-home_at-home_at_scan1_2013_jan_1,10,15,0.18101513632239888,"[0.15,0.20)",0.46484374999999817,1.0,0.3475,1,1.0,2.633736272790946,0.06373342871665955
sun3d-home_at-home_at_scan1_2013_jan_1,10,17,0.2525426156711073,"[0.25,0.30)",0.5468749999999978,1.0,0.3875,1,1.0,3.2561812080347137,0.06914547830820084
sun3d-home_at-home_at_scan1_2013_jan_1,10,22,0.25077591558038487,"[0.25,0.30)",0.45312499999999817,1.0,0.4365,1,1.0,3.63173192907392,0.07179035991430283
sun3d-home_at-home_at_scan1_2013_jan_1,10,28,0.19123334765792865,"[0.15,0.20)",0.3437499999999986,1.0,0.1475,1,0.0,,
sun3d-home_at-home_at_scan1_2013_jan_1,10,29,0.24604879912142483,"[0.20,0.25)",0.48046874999999806,1.0,0.225,1,1.0,3.985263408916632,0.1701776683330536
sun3d-home_at-home_at_scan1_2013_jan_1,10,43,0.2502506804182782,"[0.25,0.30)",0.7734374999999969,1.0,0.7135,1,1.0,0.853175089694614,0.023954035714268684
sun3d-home_at-home_at_scan1_2013_jan_1,10,44,0.29078928520269304,"[0.25,0.30)",0.753906249999997,1.0,0.642,1,1.0,1.3654438192741192,0.058688051998615265
sun3d-home_at-home_at_scan1_2013_jan_1,10,45,0.2874946282767512,"[0.25,0.30)",0.7695312499999969,1.0,0.643,1,1.0,0.9827783574770644,0.03098180703818798
sun3d-home_at-home_at_scan1_2013_jan_1,11,13,0.3872832369942196,"[0.30,1.00]",0.9374999999999962,1.0,0.8575,1,1.0,1.4380384088475724,0.05968673899769783
sun3d-home_at-home_at_scan1_2013_jan_1,11,18,0.25688541312478747,"[0.25,0.30)",0.8398437499999967,1.0,0.758,1,1.0,1.2851180142968424,0.042423758655786514
sun3d-home_at-home_at_scan1_2013_jan_1,11,20,0.20958007480448826,"[0.20,0.25)",0.6171874999999976,1.0,0.528,1,1.0,2.0295081822922048,0.04292503744363785
sun3d-home_at-home_at_scan1_2013_jan_1,11,21,0.33968038082284935,"[0.30,1.00]",0.7968749999999968,1.0,0.6765,1,1.0,2.781785719295218,0.03697427734732628
sun3d-home_at-home_at_scan1_2013_jan_1,11,22,0.34014790887453245,"[0.30,1.00]",0.9101562499999963,1.0,0.78,1,1.0,1.9129501784440424,0.025261398404836655
sun3d-home_at-home_at_scan1_2013_jan_1,11,23,0.16580244814688883,"[0.15,0.20)",0.5703124999999977,1.0,0.438,1,1.0,2.1830127443456364,0.0680665522813797
sun3d-home_at-home_at_scan1_2013_jan_1,11,44,0.16597245834750085,"[0.15,0.20)",0.4726562499999981,1.0,0.4275,1,0.0,,
sun3d-home_at-home_at_scan1_2013_jan_1,11,45,0.15929955797347842,"[0.15,0.20)",0.5312499999999979,1.0,0.4795,1,1.0,3.0932609829212225,0.17906734347343445
sun3d-home_at-home_at_scan1_2013_jan_1,12,19,0.24540521617363906,"[0.20,0.25)",0.5195312499999979,1.0,0.6035,1,1.0,3.3910750477291978,0.06641744077205658
sun3d-home_at-home_at_scan1_2013_jan_1,12,20,0.36991656456035943,"[0.30,1.00]",0.7890624999999969,1.0,0.748,1,1.0,1.9889877388658155,0.06953436136245728
sun3d-home_at-home_at_scan1_2013_jan_1,12,22,0.30766089036699923,"[0.30,1.00]",0.9062499999999963,1.0,0.794,1,1.0,0.9022228806807954,0.01594720035791397
sun3d-home_at-home_at_scan1_2013_jan_1,13,19,0.2522070138495181,"[0.25,0.30)",0.5351562499999979,1.0,0.6275,1,1.0,2.958962917821062,0.04964543133974075
sun3d-home_at-home_at_scan1_2013_jan_1,13,20,0.36308414999595046,"[0.30,1.00]",0.6835937499999972,1.0,0.783,1,1.0,1.4344959160937756,0.04296695813536644
sun3d-home_at-home_at_scan1_2013_jan_1,13,21,0.31367943630031586,"[0.30,1.00]",0.757812499999997,1.0,0.7095,1,1.0,0.8686310632110152,0.022067969664931297
sun3d-home_at-home_at_scan1_2013_jan_1,13,22,0.27107799465457194,"[0.25,0.30)",0.6835937499999972,1.0,0.6245,1,1.0,0.49967704426341886,0.02626066282391548
sun3d-home_at-home_at_scan1_2013_jan_1,14,19,0.331306580191866,"[0.30,1.00]",0.7187499999999971,1.0,0.809,1,1.0,3.004134771696773,0.06266649067401886
sun3d-home_at-home_at_scan1_2013_jan_1,14,22,0.2964464261586272,"[0.25,0.30)",0.7968749999999968,1.0,0.7805,1,1.0,0.7105183853589107,0.02093450166285038
sun3d-home_at-home_at_scan1_2013_jan_1,15,19,0.17657142857142857,"[0.15,0.20)",0.6367187499999974,1.0,0.6655,1,1.0,0.201741189079591,0.008031017147004604
sun3d-home_at-home_at_scan1_2013_jan_1,15,22,0.4176103896103896,"[0.30,1.00]",0.9335937499999962,1.0,0.8735,1,1.0,0.9610340489986936,0.02667778916656971
sun3d-home_at-home_at_scan1_2013_jan_1,15,23,0.21475324675324675,"[0.20,0.25)",0.5468749999999978,1.0,0.5715,1,1.0,1.3329547380407436,0.10125435888767242
sun3d-home_at-home_at_scan1_2013_jan_1,16,22,0.340251572327044,"[0.30,1.00]",0.7773437499999969,1.0,0.7115,1,1.0,0.4414621031156184,0.016393529251217842
sun3d-home_at-home_at_scan1_2013_jan_1,17,19,0.14073534765198398,"[0.00,0.15)",0.39453124999999845,1.0,0.5075,1,1.0,1.9866248152648722,0.04146943613886833
sun3d-home_at-home_at_scan1_2013_jan_1,17,20,0.3145977429923553,"[0.30,1.00]",0.8085937499999968,1.0,0.8015,1,1.0,1.3637229511361137,0.026558969169855118
sun3d-home_at-home_at_scan1_2013_jan_1,17,23,0.275937386239534,"[0.25,0.30)",0.503906249999998,1.0,0.539,1,1.0,4.270400704721968,0.15401847660541534
sun3d-home_at-home_at_scan1_2013_jan_1,18,22,0.2953211009174312,"[0.25,0.30)",0.6328124999999974,1.0,0.576,1,1.0,0.7343536599167114,0.03045988827943802
sun3d-home_at-home_at_scan1_2013_jan_1,19,21,0.16376435716932197,"[0.15,0.20)",0.1249999999999995,1.0,0.096,1,0.0,,
sun3d-home_at-home_at_scan1_2013_jan_1,1,3,0.2950113848064583,"[0.25,0.30)",0.8749999999999966,1.0,0.8325,1,1.0,2.584371363944486,0.0617704764008522
sun3d-home_at-home_at_scan1_2013_jan_1,1,31,0.2566342372179673,"[0.25,0.30)",0.1718749999999993,1.0,0.091,1,0.0,,
sun3d-home_at-home_at_scan1_2013_jan_1,1,33,0.25539225833160834,"[0.25,0.30)",0.36718749999999856,1.0,0.298,1,1.0,6.138012422969151,0.2787407636642456
sun3d-home_at-home_at_scan1_2013_jan_1,1,35,0.3482508797350445,"[0.30,1.00]",0.1015624999999996,1.0,0.0525,1,0.0,,
sun3d-home_at-home_at_scan1_2013_jan_1,1,36,0.5294969985510246,"[0.30,1.00]",0.8164062499999968,1.0,0.568,1,1.0,1.1106509343474469,0.040045835077762604
sun3d-home_at-home_at_scan1_2013_jan_1,1,37,0.5356654936866073,"[0.30,1.00]",0.742187499999997,1.0,0.6445,1,1.0,1.4706016326017046,0.01114837545901537
sun3d-home_at-home_at_scan1_2013_jan_1,1,38,0.5119022976609398,"[0.30,1.00]",0.7695312499999969,1.0,0.672,1,1.0,2.071126400857844,0.07880090177059174
sun3d-home_at-home_at_scan1_2013_jan_1,1,39,0.22136203684537362,"[0.20,0.25)",0.5859374999999977,1.0,0.584,1,1.0,1.5244408888051508,0.02408728376030922
sun3d-home_at-home_at_scan1_2013_jan_1,1,47,0.19975160422272822,"[0.15,0.20)",0.019531249999999924,0.0,0.005,1,0.0,,
sun3d-home_at-home_at_scan1_2013_jan_1,1,48,0.43307803767335956,"[0.30,1.00]",0.06249999999999975,0.0,0.001,1,0.0,,
sun3d-home_at-home_at_scan1_2013_jan_1,1,49,0.4004553922583316,"[0.30,1.00]",0.10937499999999957,1.0,0.0675,1,0.0,,
sun3d-home_at-home_at_scan1_2013_jan_1,1,50,0.32713723866694266,"[0.30,1.00]",0.08593749999999965,0.0,0.0435,1,0.0,,
sun3d-home_at-home_at_scan1_2013_jan_1,1,51,0.2233492030635479,"[0.20,0.25)",0.0039062499999999844,0.0,0.005,1,0.0,,
sun3d-home_at-home_at_scan1_2013_jan_1,20,22,0.15775862068965518,"[0.15,0.20)",0.2226562499999991,1.0,0.2965,1,1.0,1.5275186801571743,0.03294672071933746
sun3d-home_at-home_at_scan1_2013_jan_1,21,23,0.3811210932557257,"[0.30,1.00]",0.5312499999999979,1.0,0.6055,1,1.0,3.5422108986811525,0.1358390897512436
sun3d-home_at-home_at_scan1_2013_jan_1,22,31,0.4163891821651913,"[0.30,1.00]",0.749999999999997,1.0,0.7555,1,1.0,0.7732904657466316,0.051525719463825226
sun3d-home_at-home_at_scan1_2013_jan_1,22,32,0.4373426459839194,"[0.30,1.00]",0.7968749999999968,1.0,0.802,1,1.0,0.7252374394618605,0.0617973767220974
sun3d-home_at-home_at_scan1_2013_jan_1,22,42,0.2870949403069926,"[0.25,0.30)",0.253906249999999,1.0,0.255,1,0.0,,
sun3d-home_at-home_at_scan1_2013_jan_1,22,43,0.27077073012263464,"[0.25,0.30)",0.06640624999999974,1.0,0.1025,1,0.0,,
sun3d-home_at-home_at_scan1_2013_jan_1,23,24,0.47605900449633193,"[0.30,1.00]",0.757812499999997,1.0,0.814,0,,,
sun3d-home_at-home_at_scan1_2013_jan_1,23,30,0.20848781257395282,"[0.20,0.25)",0.4335937499999983,1.0,0.594,1,1.0,3.4872845720223262,0.12585072219371796
sun3d-home_at-home_at_scan1_2013_jan_1,23,43,0.4658042123530804,"[0.30,1.00]",0.48828124999999806,1.0,0.2335,1,1.0,1.889687561859999,0.1022762805223465
sun3d-home_at-home_at_scan1_2013_jan_1,23,44,0.3801372564486866,"[0.30,1.00]",0.0781249999999997,0.0,0.021,1,0.0,,
sun3d-home_at-home_at_scan1_2013_jan_1,23,45,0.39228524098761536,"[0.30,1.00]",0.3007812499999988,1.0,0.1425,1,1.0,2.274516405095413,0.1089664176106453
sun3d-home_at-home_at_scan1_2013_jan_1,23,46,0.41942099865898874,"[0.30,1.00]",0.48437499999999806,1.0,0.3215,1,1.0,1.906596640366118,0.04146966338157654
sun3d-home_at-home_at_scan1_2013_jan_1,23,47,0.3918908259051826,"[0.30,1.00]",0.5312499999999979,1.0,0.2665,1,1.0,0.9557254325989598,0.08171529322862625
sun3d-home_at-home_at_scan1_2013_jan_1,24,27,0.22327451997924236,"[0.20,0.25)",0.24609374999999903,1.0,0.136,1,0.0,,
sun3d-home_at-home_at_scan1_2013_jan_1,24,32,0.2968993253762325,"[0.25,0.30)",0.7812499999999969,1.0,0.8645,1,1.0,3.2648276512177614,0.08385150134563446
sun3d-home_at-home_at_scan1_2013_jan_1,24,42,0.31940840685002597,"[0.30,1.00]",0.09374999999999963,0.0,0.0175,1,0.0,,
sun3d-home_at-home_at_scan1_2013_jan_1,24,43,0.30844577062791906,"[0.30,1.00]",0.3476562499999986,1.0,0.15,1,1.0,3.2938420129902224,0.14030525088310242
sun3d-home_at-home_at_scan1_2013_jan_1,24,44,0.2831473793461339,"[0.25,0.30)",0.26953124999999895,1.0,0.131,1,1.0,5.69340218555745,0.2727692127227783
sun3d-home_at-home_at_scan1_2013_jan_1,24,45,0.2924883238194084,"[0.25,0.30)",0.3789062499999985,1.0,0.2015,1,1.0,3.451051893759977,0.1534893661737442
sun3d-home_at-home_at_scan1_2013_jan_1,24,46,0.2376102750389206,"[0.20,0.25)",0.3085937499999988,1.0,0.201,1,1.0,3.4736710972366573,0.08452195674180984
sun3d-home_at-home_at_scan1_2013_jan_1,24,47,0.2405941878567722,"[0.20,0.25)",0.08984374999999964,0.0,0.021,1,0.0,,
sun3d-home_at-home_at_scan1_2013_jan_1,25,31,0.20326826382727003,"[0.20,0.25)",0.19531249999999922,1.0,0.0825,1,1.0,10.006652854606553,0.06389355659484863
sun3d-home_at-home_at_scan1_2013_jan_1,26,30,0.32945736434108525,"[0.30,1.00]",0.6328124999999974,1.0,0.6175,1,1.0,0.9553158557302979,0.061447229236364365
sun3d-home_at-home_at_scan1_2013_jan_1,27,29,0.2221223021582734,"[0.20,0.25)",0.3203124999999987,1.0,0.263,1,0.0,,
sun3d-home_at-home_at_scan1_2013_jan_1,28,30,0.2233079122974261,"[0.20,0.25)",0.5273437499999979,1.0,0.5805,1,1.0,1.3181922245763928,0.07106886059045792
sun3d-home_at-home_at_scan1_2013_jan_1,29,32,0.2603507199282873,"[0.25,0.30)",0.8007812499999968,1.0,0.8735,1,1.0,2.7264906358803644,0.07056225836277008
sun3d-home_at-home_at_scan1_2013_jan_1,29,42,0.3171606252451118,"[0.30,1.00]",0.10546874999999958,0.0,0.0475,1,0.0,,
sun3d-home_at-home_at_scan1_2013_jan_1,29,43,0.31491960333912267,"[0.30,1.00]",0.28906249999999883,1.0,0.143,1,1.0,4.605470691590553,0.20157913863658905
sun3d-home_at-home_at_scan1_2013_jan_1,29,44,0.30007283321194467,"[0.30,1.00]",0.23437499999999906,1.0,0.12,1,1.0,6.401011977778569,0.23088452219963074
sun3d-home_at-home_at_scan1_2013_jan_1,29,45,0.3144153734102751,"[0.30,1.00]",0.4765624999999981,1.0,0.276,1,1.0,4.254134412906331,0.14358273148536682
sun3d-home_at-home_at_scan1_2013_jan_1,29,46,0.2472407417782509,"[0.20,0.25)",0.23828124999999906,1.0,0.189,1,1.0,4.048446383692586,0.06402070075273514
sun3d-home_at-home_at_scan1_2013_jan_1,29,47,0.24438343884811475,"[0.20,0.25)",0.0781249999999997,0.0,0.031,1,0.0,,
sun3d-home_at-home_at_scan1_2013_jan_1,2,3,0.2640010252467,"[0.25,0.30)",0.8476562499999966,1.0,0.8275,0,,,
sun3d-home_at-home_at_scan1_2013_jan_1,2,31,0.22722029988465975,"[0.20,0.25)",0.14453124999999942,1.0,0.086,1,0.0,,
sun3d-home_at-home_at_scan1_2013_jan_1,2,33,0.2601136315092486,"[0.25,0.30)",0.32812499999999867,1.0,0.2165,1,0.0,,
sun3d-home_at-home_at_scan1_2013_jan_1,2,35,0.31983425178350205,"[0.30,1.00]",0.2773437499999989,1.0,0.273,1,1.0,4.069770955022101,0.160138338804245
sun3d-home_at-home_at_scan1_2013_jan_1,2,37,0.5591866376180101,"[0.30,1.00]",0.749999999999997,1.0,0.621,1,1.0,2.1659113548785416,0.023915039375424385
sun3d-home_at-home_at_scan1_2013_jan_1,2,39,0.24768251527190396,"[0.20,0.25)",0.6640624999999973,1.0,0.671,1,1.0,1.7384381337508283,0.035429298877716064
sun3d-home_at-home_at_scan1_2013_jan_1,2,48,0.4165919090947926,"[0.30,1.00]",0.015624999999999938,0.0,0.0045,1,0.0,,
sun3d-home_at-home_at_scan1_2013_jan_1,2,49,0.3399119996582511,"[0.30,1.00]",0.015624999999999938,0.0,0.007,1,0.0,,
sun3d-home_at-home_at_scan1_2013_jan_1,2,50,0.27485155282156437,"[0.25,0.30)",0.0,0.0,0.0,1,0.0,,
sun3d-home_at-home_at_scan1_2013_jan_1,2,51,0.153359818873083,"[0.15,0.20)",0.0,0.0,0.0,1,0.0,,
sun3d-home_at-home_at_scan1_2013_jan_1,30,33,0.2573355817875211,"[0.25,0.30)",0.38281249999999845,1.0,0.382,1,1.0,1.806669446222464,0.0665556937456131
sun3d-home_at-home_at_scan1_2013_jan_1,30,34,0.1163575042158516,"[0.00,0.15)",0.07421874999999971,1.0,0.176,1,1.0,7.336871439022247,0.22670137882232666
sun3d-home_at-home_at_scan1_2013_jan_1,30,36,0.11475548060708263,"[0.00,0.15)",0.0,0.0,0.0,1,0.0,,
sun3d-home_at-home_at_scan1_2013_jan_1,30,41,0.1627318718381113,"[0.15,0.20)",0.0,0.0,0.002,1,0.0,,
sun3d-home_at-home_at_scan1_2013_jan_1,30,42,0.42377740303541317,"[0.30,1.00]",0.015624999999999938,0.0,0.0175,1,0.0,,
sun3d-home_at-home_at_scan1_2013_jan_1,30,46,0.3038785834738617,"[0.30,1.00]",0.33593749999999867,1.0,0.297,1,1.0,1.7232874026416694,0.1450350135564804
sun3d-home_at-home_at_scan1_2013_jan_1,30,48,0.23086003372681282,"[0.20,0.25)",0.06640624999999974,1.0,0.108,1,1.0,5.121472517668718,0.22104525566101074
sun3d-home_at-home_at_scan1_2013_jan_1,31,35,0.32880570571934764,"[0.30,1.00]",0.742187499999997,1.0,0.7035,1,1.0,1.3038630008848078,0.041202351450920105
sun3d-home_at-home_at_scan1_2013_jan_1,31,37,0.40121746240857675,"[0.30,1.00]",0.7773437499999969,1.0,0.7185,1,1.0,1.301760146398713,0.0434960275888443
sun3d-home_at-home_at_scan1_2013_jan_1,31,38,0.19424885295052924,"[0.15,0.20)",0.6484374999999974,1.0,0.6775,1,1.0,1.2172398292478888,0.029958833009004593
sun3d-home_at-home_at_scan1_2013_jan_1,31,41,0.32844228410484716,"[0.30,1.00]",0.6640624999999973,1.0,0.6655,1,1.0,1.0586937943016446,0.016945941373705864
sun3d-home_at-home_at_scan1_2013_jan_1,31,42,0.4565029755144687,"[0.30,1.00]",0.6601562499999973,1.0,0.4275,1,1.0,1.4033269121918215,0.0383203960955143
sun3d-home_at-home_at_scan1_2013_jan_1,31,46,0.2849225457684096,"[0.25,0.30)",0.5976562499999976,1.0,0.462,1,1.0,0.4656222870847321,0.06634927541017532
sun3d-home_at-home_at_scan1_2013_jan_1,31,49,0.3012310907191205,"[0.30,1.00]",0.058593749999999764,1.0,0.0665,1,0.0,,
sun3d-home_at-home_at_scan1_2013_jan_1,32,34,0.2221254355400697,"[0.20,0.25)",0.503906249999998,1.0,0.642,1,1.0,1.3751547365777526,0.022072212770581245
sun3d-home_at-home_at_scan1_2013_jan_1,32,36,0.20321055251368841,"[0.20,0.25)",0.4765624999999981,1.0,0.5625,1,1.0,0.9779880660258967,0.022748230025172234
sun3d-home_at-home_at_scan1_2013_jan_1,32,37,0.15946988551518168,"[0.15,0.20)",0.33593749999999867,1.0,0.422,1,1.0,2.0679110426391456,0.042741041630506516
sun3d-home_at-home_at_scan1_2013_jan_1,32,38,0.16886510701841712,"[0.15,0.20)",0.49218749999999806,1.0,0.6295,1,1.0,2.7168532837272514,0.0787782147526741
sun3d-home_at-home_at_scan1_2013_jan_1,32,39,0.2066948730711797,"[0.20,0.25)",0.507812499999998,1.0,0.647,1,1.0,2.809234477282887,0.07867618650197983
sun3d-home_at-home_at_scan1_2013_jan_1,32,40,0.37611996017919364,"[0.30,1.00]",0.5390624999999979,1.0,0.478,1,1.0,1.5707222082331047,0.023905381560325623
sun3d-home_at-home_at_scan1_2013_jan_1,32,41,0.3462543554006969,"[0.30,1.00]",0.5937499999999977,1.0,0.5655,1,1.0,1.992526872305217,0.05144163966178894
sun3d-home_at-home_at_scan1_2013_jan_1,32,43,0.3006470881035341,"[0.30,1.00]",0.42187499999999833,1.0,0.2055,1,1.0,2.983996953663246,0.15651214122772217
sun3d-home_at-home_at_scan1_2013_jan_1,32,44,0.2261075161772026,"[0.20,0.25)",0.3749999999999985,1.0,0.1675,1,1.0,3.9422818289747212,0.15188448131084442
sun3d-home_at-home_at_scan1_2013_jan_1,32,45,0.23550273768043803,"[0.20,0.25)",0.4023437499999984,1.0,0.2035,1,1.0,4.17241675964704,0.12949837744235992
sun3d-home_at-home_at_scan1_2013_jan_1,32,46,0.3950970632155301,"[0.30,1.00]",0.5820312499999977,1.0,0.4785,1,1.0,1.3229341488322446,0.02781960926949978
sun3d-home_at-home_at_scan1_2013_jan_1,32,47,0.5452961672473867,"[0.30,1.00]",0.6796874999999973,1.0,0.457,1,1.0,1.0634885979959645,0.12900401651859283
sun3d-home_at-home_at_scan1_2013_jan_1,32,48,0.22853409656545545,"[0.20,0.25)",0.10546874999999958,1.0,0.1575,1,0.0,,
sun3d-home_at-home_at_scan1_2013_jan_1,33,35,0.30694385689248804,"[0.30,1.00]",0.7187499999999971,1.0,0.695,1,1.0,4.316655372614655,0.1150294691324234
sun3d-home_at-home_at_scan1_2013_jan_1,33,46,0.3215688644467275,"[0.30,1.00]",0.6054687499999976,1.0,0.5285,1,1.0,2.805050532736396,0.10119420289993286
sun3d-home_at-home_at_scan1_2013_jan_1,33,49,0.28772587175923126,"[0.25,0.30)",0.16015624999999936,1.0,0.051,1,0.0,,
sun3d-home_at-home_at_scan1_2013_jan_1,34,38,0.4660833798103737,"[0.30,1.00]",0.6289062499999974,1.0,0.5345,1,1.0,4.635232427528565,0.053593095391988754
sun3d-home_at-home_at_scan1_2013_jan_1,34,41,0.17948271054099274,"[0.15,0.20)",0.7187499999999971,1.0,0.693,1,1.0,1.4423864588162316,0.012515019625425339
sun3d-home_at-home_at_scan1_2013_jan_1,34,47,0.2740170105967652,"[0.25,0.30)",0.8007812499999968,1.0,0.7465,1,1.0,0.6608641404578295,0.04422520473599434
sun3d-home_at-home_at_scan1_2013_jan_1,34,51,0.19520356943669828,"[0.15,0.20)",0.23828124999999906,1.0,0.2615,1,1.0,3.386337446279341,0.1018417626619339
sun3d-home_at-home_at_scan1_2013_jan_1,34,55,0.2180702732849972,"[0.20,0.25)",0.738281249999997,1.0,0.694,1,1.0,1.223973189154822,0.050258539617061615
sun3d-home_at-home_at_scan1_2013_jan_1,35,36,0.3327753511364528,"[0.30,1.00]",0.9453124999999962,1.0,0.9135,0,,,
sun3d-home_at-home_at_scan1_2013_jan_1,35,37,0.2564800041848665,"[0.25,0.30)",0.8828124999999964,1.0,0.877,1,1.0,1.35161553921326,0.03715742379426956
sun3d-home_at-home_at_scan1_2013_jan_1,35,48,0.25878168074699864,"[0.25,0.30)",0.8359374999999967,1.0,0.779,1,1.0,2.5315726961946146,0.08682017773389816
sun3d-home_at-home_at_scan1_2013_jan_1,35,51,0.4699866607381058,"[0.30,1.00]",0.7695312499999969,1.0,0.621,1,1.0,1.0689943433473796,0.0335715115070343
sun3d-home_at-home_at_scan1_2013_jan_1,35,52,0.24680250045771976,"[0.20,0.25)",0.7031249999999972,1.0,0.475,1,1.0,1.8211268337174193,0.025219537317752838
sun3d-home_at-home_at_scan1_2013_jan_1,35,53,0.40289802003504827,"[0.30,1.00]",0.8906249999999964,1.0,0.7715,1,1.0,1.52058489118519,0.025796938687562943
sun3d-home_at-home_at_scan1_2013_jan_1,35,56,0.3156173985823765,"[0.30,1.00]",0.8789062499999964,1.0,0.7605,1,1.0,1.3347152692687494,0.04292381554841995
sun3d-home_at-home_at_scan1_2013_jan_1,35,57,0.23545105013993148,"[0.20,0.25)",0.7343749999999971,1.0,0.64,1,1.0,7.778897633494312,0.2404833287000656
sun3d-home_at-home_at_scan1_2013_jan_1,35,58,0.26864227238249677,"[0.25,0.30)",0.8046874999999968,1.0,0.6325,1,1.0,5.299346965473216,0.15495547652244568
sun3d-home_at-home_at_scan1_2013_jan_1,36,38,0.41754905014014326,"[0.30,1.00]",0.8789062499999964,1.0,0.6315,1,1.0,3.3162334323686933,0.030204394832253456
sun3d-home_at-home_at_scan1_2013_jan_1,36,41,0.20682809093740268,"[0.20,0.25)",0.761718749999997,1.0,0.749,1,1.0,0.9843699415359111,0.012171193957328796
sun3d-home_at-home_at_scan1_2013_jan_1,36,47,0.2818047337278107,"[0.25,0.30)",0.8124999999999968,1.0,0.765,1,1.0,1.050529663164357,0.04715712368488312
sun3d-home_at-home_at_scan1_2013_jan_1,36,50,0.3509031454375584,"[0.30,1.00]",0.6445312499999974,1.0,0.661,1,1.0,2.05709347582389,0.09528983384370804
sun3d-home_at-home_at_scan1_2013_jan_1,36,51,0.23473995639987544,"[0.20,0.25)",0.6601562499999973,1.0,0.5945,1,1.0,2.321024420716739,0.1450273096561432
sun3d-home_at-home_at_scan1_2013_jan_1,36,55,0.3668249766427904,"[0.30,1.00]",0.8320312499999967,1.0,0.773,1,1.0,2.673421685705926,0.05836666747927666
sun3d-home_at-home_at_scan1_2013_jan_1,37,39,0.2513364446330081,"[0.25,0.30)",0.6679687499999973,1.0,0.556,1,1.0,2.4905720282013557,0.04851918667554855
sun3d-home_at-home_at_scan1_2013_jan_1,37,41,0.17955027577428936,"[0.15,0.20)",0.6953124999999972,1.0,0.732,1,1.0,1.1746985771325118,0.017267854884266853
sun3d-home_at-home_at_scan1_2013_jan_1,37,47,0.2175222740772168,"[0.20,0.25)",0.7109374999999971,1.0,0.631,1,1.0,1.2322587629212107,0.034836333245038986
sun3d-home_at-home_at_scan1_2013_jan_1,37,48,0.42804412388629615,"[0.30,1.00]",0.7695312499999969,1.0,0.7425,1,1.0,1.5838736196007586,0.06278318911790848
sun3d-home_at-home_at_scan1_2013_jan_1,37,50,0.2652948663555367,"[0.25,0.30)",0.6640624999999973,1.0,0.523,1,1.0,2.2752047002069538,0.06324175000190735
sun3d-home_at-home_at_scan1_2013_jan_1,37,51,0.28120492151039456,"[0.25,0.30)",0.5195312499999979,1.0,0.3435,1,0.0,,
sun3d-home_at-home_at_scan1_2013_jan_1,37,55,0.30593975392448025,"[0.30,1.00]",0.7265624999999971,1.0,0.522,1,1.0,3.6725850152317245,0.0742621198296547
sun3d-home_at-home_at_scan1_2013_jan_1,38,40,0.18090472062416266,"[0.15,0.20)",0.6132812499999976,1.0,0.684,1,1.0,3.744915553011046,0.07630839943885803
sun3d-home_at-home_at_scan1_2013_jan_1,38,41,0.2007644416423674,"[0.20,0.25)",0.7265624999999971,1.0,0.7735,1,1.0,2.4383123702560834,0.07009701430797577
sun3d-home_at-home_at_scan1_2013_jan_1,38,48,0.3217747655449602,"[0.30,1.00]",0.4296874999999983,1.0,0.468,1,1.0,2.013825479219992,0.09821073710918427
sun3d-home_at-home_at_scan1_2013_jan_1,39,41,0.3236869346055178,"[0.30,1.00]",0.8359374999999967,1.0,0.8505,1,1.0,1.2366972365869062,0.040873099118471146
sun3d-home_at-home_at_scan1_2013_jan_1,39,42,0.22903821054052836,"[0.20,0.25)",0.6679687499999973,1.0,0.7045,1,1.0,2.147216037143317,0.07964956760406494
sun3d-home_at-home_at_scan1_2013_jan_1,39,46,0.16778432872766552,"[0.15,0.20)",0.41406249999999833,1.0,0.4945,1,1.0,1.5804102954123154,0.03758600726723671
sun3d-home_at-home_at_scan1_2013_jan_1,39,47,0.16728925694225663,"[0.15,0.20)",0.5429687499999978,1.0,0.5145,1,1.0,1.8659253346748665,0.06719040125608444
sun3d-home_at-home_at_scan1_2013_jan_1,3,24,0.20158348210820462,"[0.20,0.25)",0.17968749999999928,0.0,0.0125,1,0.0,,
sun3d-home_at-home_at_scan1_2013_jan_1,3,25,0.1824109291314135,"[0.15,0.20)",0.16015624999999936,0.0,0.025,1,0.0,,
sun3d-home_at-home_at_scan1_2013_jan_1,3,26,0.14297911977023986,"[0.00,0.15)",0.0507812499999998,0.0,0.005,1,0.0,,
sun3d-home_at-home_at_scan1_2013_jan_1,3,29,0.23441744935185904,"[0.20,0.25)",0.16796874999999933,0.0,0.034,1,0.0,,
sun3d-home_at-home_at_scan1_2013_jan_1,3,30,0.33586897461771326,"[0.30,1.00]",0.21093749999999917,0.0,0.0105,1,0.0,,
sun3d-home_at-home_at_scan1_2013_jan_1,3,32,0.242800589924707,"[0.20,0.25)",0.16406249999999933,1.0,0.102,1,0.0,,
sun3d-home_at-home_at_scan1_2013_jan_1,3,33,0.43274082123728946,"[0.30,1.00]",0.5624999999999978,1.0,0.5745,1,1.0,1.1599467036635716,0.02102087065577507
sun3d-home_at-home_at_scan1_2013_jan_1,3,34,0.3644337499029729,"[0.30,1.00]",0.26953124999999895,1.0,0.335,1,1.0,2.68729704902109,0.13575653731822968
sun3d-home_at-home_at_scan1_2013_jan_1,3,35,0.2958161918807731,"[0.25,0.30)",0.38671874999999845,1.0,0.3455,1,1.0,3.4786276082688037,0.1347690373659134
sun3d-home_at-home_at_scan1_2013_jan_1,3,36,0.35325622913917565,"[0.30,1.00]",0.5351562499999979,1.0,0.6075,1,1.0,1.2505441889034108,0.043523162603378296
sun3d-home_at-home_at_scan1_2013_jan_1,3,37,0.33579135294574247,"[0.30,1.00]",0.45312499999999817,1.0,0.512,1,1.0,1.891964626165099,0.02806210331618786
sun3d-home_at-home_at_scan1_2013_jan_1,3,38,0.2650780097803307,"[0.25,0.30)",0.746093749999997,1.0,0.75,1,1.0,1.9707996210295506,0.031611956655979156
sun3d-home_at-home_at_scan1_2013_jan_1,3,40,0.15726150741286968,"[0.15,0.20)",0.18359374999999928,1.0,0.2355,1,1.0,2.753779304293537,0.04888477548956871
sun3d-home_at-home_at_scan1_2013_jan_1,3,41,0.33633470464953813,"[0.30,1.00]",0.36328124999999856,1.0,0.419,1,1.0,1.1508008117753645,0.05594171583652496
sun3d-home_at-home_at_scan1_2013_jan_1,3,42,0.26399130637273927,"[0.25,0.30)",0.0507812499999998,0.0,0.023,1,0.0,,
sun3d-home_at-home_at_scan1_2013_jan_1,3,44,0.17798649382907708,"[0.15,0.20)",0.35546874999999856,1.0,0.2985,1,1.0,2.7345196975027495,0.06403753906488419
sun3d-home_at-home_at_scan1_2013_jan_1,3,45,0.1911821780641155,"[0.15,0.20)",0.5156249999999979,1.0,0.4895,1,1.0,1.3879029699020853,0.04525856673717499
sun3d-home_at-home_at_scan1_2013_jan_1,3,46,0.19087169137623225,"[0.15,0.20)",0.058593749999999764,1.0,0.093,1,1.0,5.966275401043362,0.16827812790870667
sun3d-home_at-home_at_scan1_2013_jan_1,3,48,0.4450826670806489,"[0.30,1.00]",0.0,0.0,0.0,1,0.0,,
sun3d-home_at-home_at_scan1_2013_jan_1,3,49,0.264922766436389,"[0.25,0.30)",0.007812499999999969,0.0,0.0055,1,0.0,,
sun3d-home_at-home_at_scan1_2013_jan_1,40,42,0.3421656869948567,"[0.30,1.00]",0.8710937499999966,1.0,0.7615,1,1.0,0.8559228936879243,0.03903200477361679
sun3d-home_at-home_at_scan1_2013_jan_1,40,43,0.16646767083027186,"[0.15,0.20)",0.6562499999999973,1.0,0.388,1,1.0,5.209098217618123,0.07152492552995682
sun3d-home_at-home_at_scan1_2013_jan_1,40,44,0.19737325495958855,"[0.15,0.20)",0.3203124999999987,1.0,0.2125,1,1.0,4.299561680341271,0.07067526131868362
sun3d-home_at-home_at_scan1_2013_jan_1,40,45,0.20403196179279942,"[0.20,0.25)",0.28515624999999883,1.0,0.1815,1,1.0,5.541780576656159,0.15061408281326294
sun3d-home_at-home_at_scan1_2013_jan_1,40,46,0.2669452608376194,"[0.25,0.30)",0.8515624999999966,1.0,0.69,1,1.0,0.8261419677360557,0.04731694608926773
sun3d-home_at-home_at_scan1_2013_jan_1,40,47,0.23108008817046288,"[0.20,0.25)",0.8007812499999968,1.0,0.6195,1,1.0,3.9415863456596716,0.16878309845924377
sun3d-home_at-home_at_scan1_2013_jan_1,40,48,0.14975202057310802,"[0.00,0.15)",0.46484374999999817,1.0,0.5345,1,1.0,3.33636299215713,0.14355407655239105
sun3d-home_at-home_at_scan1_2013_jan_1,41,43,0.28070278184480235,"[0.25,0.30)",0.5351562499999979,1.0,0.3635,1,1.0,2.097791681158888,0.0926155149936676
sun3d-home_at-home_at_scan1_2013_jan_1,41,44,0.33118594436310395,"[0.30,1.00]",0.6054687499999976,1.0,0.463,1,1.0,2.136799812991114,0.11259189248085022
sun3d-home_at-home_at_scan1_2013_jan_1,41,45,0.3428404099560761,"[0.30,1.00]",0.5820312499999977,1.0,0.436,1,1.0,4.103984672897835,0.18619853258132935
sun3d-home_at-home_at_scan1_2013_jan_1,43,48,0.1607233640787276,"[0.15,0.20)",0.015624999999999938,0.0,0.0,1,0.0,,
sun3d-home_at-home_at_scan1_2013_jan_1,44,48,0.13317917630148116,"[0.00,0.15)",0.0,0.0,0.0,1,0.0,,
sun3d-home_at-home_at_scan1_2013_jan_1,46,48,0.33672308348741287,"[0.30,1.00]",0.5507812499999978,1.0,0.594,1,1.0,2.5913299604862443,0.11553354561328888
sun3d-home_at-home_at_scan1_2013_jan_1,47,49,0.23378179639413912,"[0.20,0.25)",0.746093749999997,1.0,0.7545,1,1.0,0.5760728898568482,0.022520657628774643
sun3d-home_at-home_at_scan1_2013_jan_1,48,50,0.37853356890459366,"[0.30,1.00]",0.8789062499999964,1.0,0.865,1,1.0,2.1263325874697063,0.04902240261435509
sun3d-home_at-home_at_scan1_2013_jan_1,48,51,0.16249509226541028,"[0.15,0.20)",0.5195312499999979,1.0,0.5405,1,1.0,0.9462603179519173,0.022021997720003128
sun3d-home_at-home_at_scan1_2013_jan_1,49,52,0.3018191747158606,"[0.30,1.00]",0.6171874999999976,1.0,0.465,1,1.0,5.673746365488098,0.12176147848367691
sun3d-home_at-home_at_scan1_2013_jan_1,49,53,0.2762210314345199,"[0.25,0.30)",0.5976562499999976,1.0,0.413,1,1.0,7.91785034352172,0.19254690408706665
sun3d-home_at-home_at_scan1_2013_jan_1,49,54,0.33325369466534693,"[0.30,1.00]",0.499999999999998,1.0,0.335,1,1.0,9.795206757111215,0.29287296533584595
sun3d-home_at-home_at_scan1_2013_jan_1,49,55,0.5421004129833783,"[0.30,1.00]",0.7109374999999971,1.0,0.5695,1,1.0,3.9327330660749786,0.14596806466579437
sun3d-home_at-home_at_scan1_2013_jan_1,49,56,0.2248199597255879,"[0.20,0.25)",0.5312499999999979,1.0,0.3885,1,1.0,6.7429650961058565,0.22049503028392792
sun3d-home_at-home_at_scan1_2013_jan_1,4,24,0.26366919915307013,"[0.25,0.30)",0.23828124999999906,0.0,0.0325,1,0.0,,
sun3d-home_at-home_at_scan1_2013_jan_1,4,25,0.25370531822144726,"[0.25,0.30)",0.21484374999999914,0.0,0.0415,1,0.0,,
sun3d-home_at-home_at_scan1_2013_jan_1,4,26,0.20538049570307634,"[0.20,0.25)",0.14062499999999944,0.0,0.0285,1,0.0,,
sun3d-home_at-home_at_scan1_2013_jan_1,4,29,0.2772449869224063,"[0.25,0.30)",0.23828124999999906,0.0,0.0455,1,0.0,,
sun3d-home_at-home_at_scan1_2013_jan_1,4,30,0.3288080707435546,"[0.30,1.00]",0.35546874999999856,1.0,0.0685,1,0.0,,
sun3d-home_at-home_at_scan1_2013_jan_1,4,31,0.2520239133142359,"[0.25,0.30)",0.13671874999999944,0.0,0.015,1,0.0,,
sun3d-home_at-home_at_scan1_2013_jan_1,4,32,0.20793374019180472,"[0.20,0.25)",0.13281249999999947,1.0,0.061,1,0.0,,
sun3d-home_at-home_at_scan1_2013_jan_1,4,42,0.3196537551376261,"[0.30,1.00]",0.023437499999999906,0.0,0.012,1,0.0,,
sun3d-home_at-home_at_scan1_2013_jan_1,4,44,0.3813052684020426,"[0.30,1.00]",0.1523437499999994,1.0,0.063,1,0.0,,
sun3d-home_at-home_at_scan1_2013_jan_1,4,45,0.4258313613152323,"[0.30,1.00]",0.11718749999999953,1.0,0.0515,1,0.0,,
sun3d-home_at-home_at_scan1_2013_jan_1,4,47,0.2475401668950056,"[0.20,0.25)",0.042968749999999827,0.0,0.017,1,0.0,,
sun3d-home_at-home_at_scan1_2013_jan_1,4,8,0.26354465064142485,"[0.25,0.30)",0.3046874999999988,1.0,0.2285,1,1.0,3.9358190493453105,0.16555319726467133
sun3d-home_at-home_at_scan1_2013_jan_1,50,52,0.3031205624632009,"[0.30,1.00]",0.5234374999999979,1.0,0.377,1,1.0,3.2021016530557493,0.05696416273713112
sun3d-home_at-home_at_scan1_2013_jan_1,50,53,0.3195372839677207,"[0.30,1.00]",0.5781249999999977,1.0,0.3625,1,1.0,6.939637504709599,0.1734541952610016
sun3d-home_at-home_at_scan1_2013_jan_1,50,54,0.41595954698160914,"[0.30,1.00]",0.5429687499999978,1.0,0.391,1,1.0,2.43654573428727,0.07078036665916443
sun3d-home_at-home_at_scan1_2013_jan_1,50,55,0.5292487791362173,"[0.30,1.00]",0.7070312499999972,1.0,0.5345,1,1.0,0.5753931518805643,0.0338224433362484
sun3d-home_at-home_at_scan1_2013_jan_1,50,56,0.26606171856059296,"[0.25,0.30)",0.5351562499999979,1.0,0.374,1,1.0,7.383151259041338,0.24114146828651428
sun3d-home_at-home_at_scan1_2013_jan_1,50,57,0.21646520971149516,"[0.20,0.25)",0.6132812499999976,1.0,0.369,1,0.0,,
sun3d-home_at-home_at_scan1_2013_jan_1,50,58,0.269074914279777,"[0.25,0.30)",0.7890624999999969,1.0,0.476,1,0.0,,
sun3d-home_at-home_at_scan1_2013_jan_1,51,52,0.40414507772020725,"[0.30,1.00]",0.7070312499999972,1.0,0.531,0,,,
sun3d-home_at-home_at_scan1_2013_jan_1,51,53,0.2894967945903223,"[0.25,0.30)",0.4765624999999981,1.0,0.3145,1,1.0,7.859226121588077,0.18241098523139954
sun3d-home_at-home_at_scan1_2013_jan_1,51,54,0.47202950733292354,"[0.30,1.00]",0.6132812499999976,1.0,0.5175,1,1.0,4.064474374649718,0.11807098984718323
sun3d-home_at-home_at_scan1_2013_jan_1,51,57,0.222929656625977,"[0.20,0.25)",0.5234374999999979,1.0,0.3205,1,0.0,,
sun3d-home_at-home_at_scan1_2013_jan_1,51,58,0.23777114253095635,"[0.20,0.25)",0.5859374999999977,1.0,0.359,1,0.0,,
sun3d-home_at-home_at_scan1_2013_jan_1,52,57,0.22684780415629835,"[0.20,0.25)",0.39062499999999845,1.0,0.2505,1,0.0,,
sun3d-home_at-home_at_scan1_2013_jan_1,52,58,0.2310848073172372,"[0.20,0.25)",0.3164062499999987,1.0,0.1575,1,1.0,6.6803159497088505,0.2013135850429535
sun3d-home_at-home_at_scan1_2013_jan_1,53,57,0.3377310311284047,"[0.30,1.00]",0.6679687499999973,1.0,0.5645,1,1.0,3.8033355520823657,0.10301252454519272
sun3d-home_at-home_at_scan1_2013_jan_1,54,56,0.2427030456852792,"[0.20,0.25)",0.7734374999999969,1.0,0.6795,1,1.0,0.8690814898493799,0.029775770381093025
sun3d-home_at-home_at_scan1_2013_jan_1,54,57,0.24373413705583757,"[0.20,0.25)",0.7773437499999969,1.0,0.682,1,1.0,3.1162126651271826,0.08202420920133591
sun3d-home_at-home_at_scan1_2013_jan_1,54,58,0.24547906091370558,"[0.20,0.25)",0.761718749999997,1.0,0.6305,1,1.0,2.4132996599560284,0.05112094804644585
sun3d-home_at-home_at_scan1_2013_jan_1,55,56,0.33547686990072745,"[0.30,1.00]",0.8632812499999966,1.0,0.8355,0,,,
sun3d-home_at-home_at_scan1_2013_jan_1,55,58,0.23833447208713476,"[0.20,0.25)",0.8124999999999968,1.0,0.7005,1,1.0,2.1413745673568694,0.06987055391073227
sun3d-home_at-home_at_scan1_2013_jan_1,57,59,0.245232713151336,"[0.20,0.25)",0.6054687499999976,1.0,0.5425,1,1.0,4.344334527475127,0.05538863688707352
sun3d-home_at-home_at_scan1_2013_jan_1,5,11,0.20356644107852614,"[0.20,0.25)",0.3789062499999985,1.0,0.3185,1,1.0,1.9972359653299299,0.06800023466348648
sun3d-home_at-home_at_scan1_2013_jan_1,5,15,0.3055645074658932,"[0.30,1.00]",0.36718749999999856,1.0,0.277,1,1.0,2.3633087143180624,0.13605409860610962
sun3d-home_at-home_at_scan1_2013_jan_1,5,40,0.16521645719196476,"[0.15,0.20)",0.4453124999999982,1.0,0.4355,1,1.0,1.8092673188509771,0.042448755353689194
sun3d-home_at-home_at_scan1_2013_jan_1,5,6,0.1781609195402299,"[0.15,0.20)",0.499999999999998,1.0,0.515,0,,,
sun3d-home_at-home_at_scan1_2013_jan_1,6,10,0.20737569475739823,"[0.20,0.25)",0.0,0.0,0.0,1,0.0,,
sun3d-home_at-home_at_scan1_2013_jan_1,6,24,0.33513594712332884,"[0.30,1.00]",0.2812499999999989,1.0,0.051,1,0.0,,
sun3d-home_at-home_at_scan1_2013_jan_1,6,25,0.3412197686645636,"[0.30,1.00]",0.2226562499999991,1.0,0.085,1,0.0,,
sun3d-home_at-home_at_scan1_2013_jan_1,6,26,0.26566020730058587,"[0.25,0.30)",0.19140624999999922,1.0,0.0615,1,0.0,,
sun3d-home_at-home_at_scan1_2013_jan_1,6,29,0.3651795102899204,"[0.30,1.00]",0.29296874999999883,1.0,0.061,1,0.0,,
sun3d-home_at-home_at_scan1_2013_jan_1,6,30,0.42226228030644436,"[0.30,1.00]",0.36718749999999856,1.0,0.066,1,0.0,,
sun3d-home_at-home_at_scan1_2013_jan_1,6,31,0.2833108006609584,"[0.25,0.30)",0.08593749999999965,0.0,0.0055,1,0.0,,
sun3d-home_at-home_at_scan1_2013_jan_1,6,42,0.33385909568874866,"[0.30,1.00]",0.0507812499999998,0.0,0.027,1,0.0,,
sun3d-home_at-home_at_scan1_2013_jan_1,6,43,0.36134895598617994,"[0.30,1.00]",0.07421874999999971,0.0,0.046,1,0.0,,
sun3d-home_at-home_at_scan1_2013_jan_1,6,44,0.46875469430674477,"[0.30,1.00]",0.12890624999999947,1.0,0.0595,1,0.0,,
sun3d-home_at-home_at_scan1_2013_jan_1,6,45,0.5217064743878624,"[0.30,1.00]",0.13281249999999947,1.0,0.0605,1,0.0,,
sun3d-home_at-home_at_scan1_2013_jan_1,6,46,0.26603575184016826,"[0.25,0.30)",0.023437499999999906,0.0,0.0175,1,0.0,,
sun3d-home_at-home_at_scan1_2013_jan_1,6,47,0.30201291873216163,"[0.30,1.00]",0.03515624999999986,0.0,0.014,1,0.0,,
sun3d-home_at-home_at_scan1_2013_jan_1,6,8,0.34542586750788645,"[0.30,1.00]",0.23046874999999908,1.0,0.1175,1,1.0,6.175142055176469,0.17446433007717133
sun3d-home_at-home_at_scan1_2013_jan_1,6,9,0.25619648490310953,"[0.25,0.30)",0.0507812499999998,0.0,0.0275,1,0.0,,
sun3d-home_at-home_at_scan1_2013_jan_1,7,10,0.2533112582781457,"[0.25,0.30)",0.3085937499999988,1.0,0.2565,1,1.0,0.9091367115887314,0.05753928795456886
sun3d-home_at-home_at_scan1_2013_jan_1,7,24,0.3723006046645551,"[0.30,1.00]",0.49218749999999806,1.0,0.2025,1,0.0,,
sun3d-home_at-home_at_scan1_2013_jan_1,7,25,0.3507774258566081,"[0.30,1.00]",0.2734374999999989,1.0,0.101,1,0.0,,
sun3d-home_at-home_at_scan1_2013_jan_1,7,26,0.30737114886265476,"[0.30,1.00]",0.26562499999999895,1.0,0.1265,1,0.0,,
sun3d-home_at-home_at_scan1_2013_jan_1,7,28,0.21595162683558883,"[0.20,0.25)",0.23437499999999906,1.0,0.088,1,0.0,,
sun3d-home_at-home_at_scan1_2013_jan_1,7,29,0.4231932047221422,"[0.30,1.00]",0.39453124999999845,1.0,0.2225,1,0.0,,
sun3d-home_at-home_at_scan1_2013_jan_1,7,30,0.3863374604088684,"[0.30,1.00]",0.46484374999999817,1.0,0.1675,1,0.0,,
sun3d-home_at-home_at_scan1_2013_jan_1,7,31,0.20738554563777714,"[0.20,0.25)",0.19140624999999922,1.0,0.061,1,0.0,,
sun3d-home_at-home_at_scan1_2013_jan_1,7,43,0.3263029081485747,"[0.30,1.00]",0.3515624999999986,1.0,0.276,1,1.0,2.5056157552811156,0.10727295279502869
sun3d-home_at-home_at_scan1_2013_jan_1,7,44,0.3463144255686726,"[0.30,1.00]",0.48046874999999806,1.0,0.465,1,1.0,1.6572937950511628,0.09126029908657074
sun3d-home_at-home_at_scan1_2013_jan_1,7,45,0.38237834725021597,"[0.30,1.00]",0.5351562499999979,1.0,0.4405,1,1.0,1.5562027707454271,0.06207526475191116
sun3d-home_at-home_at_scan1_2013_jan_1,7,47,0.18067952778577598,"[0.15,0.20)",0.13671874999999944,1.0,0.0825,1,0.0,,
sun3d-home_at-home_at_scan1_2013_jan_1,7,9,0.37050100777425854,"[0.30,1.00]",0.4374999999999983,1.0,0.4375,1,1.0,2.8217491185278067,0.05189311504364014
sun3d-home_at-home_at_scan1_2013_jan_1,8,11,0.14617910712700807,"[0.00,0.15)",0.11328124999999954,0.0,0.0265,1,0.0,,
sun3d-home_at-home_at_scan1_2013_jan_1,8,25,0.3719712434543357,"[0.30,1.00]",0.38281249999999845,1.0,0.2215,1,0.0,,
sun3d-home_at-home_at_scan1_2013_jan_1,8,30,0.38590574243365583,"[0.30,1.00]",0.3203124999999987,1.0,0.155,1,0.0,,
sun3d-home_at-home_at_scan1_2013_jan_1,8,44,0.23866157805982072,"[0.20,0.25)",0.19531249999999922,1.0,0.143,1,0.0,,
sun3d-home_at-home_at_scan1_2013_jan_1,8,45,0.29377829058311883,"[0.25,0.30)",0.2734374999999989,1.0,0.1655,1,1.0,3.4216525388944814,0.06904464215040207
sun3d-home_at-home_at_scan1_2013_jan_1,9,11,0.25051475634866166,"[0.25,0.30)",0.7148437499999971,1.0,0.646,1,1.0,1.2309876886375508,0.04775445535778999
sun3d-home_at-home_at_scan1_2013_jan_1,9,24,0.27842598947609243,"[0.25,0.30)",0.3749999999999985,1.0,0.202,1,0.0,,
sun3d-home_at-home_at_scan1_2013_jan_1,9,26,0.2639556165637154,"[0.25,0.30)",0.3007812499999988,1.0,0.1535,1,0.0,,
sun3d-home_at-home_at_scan1_2013_jan_1,9,28,0.35861358956760464,"[0.30,1.00]",0.35937499999999856,1.0,0.182,1,0.0,,
sun3d-home_at-home_at_scan1_2013_jan_1,9,29,0.39293067947838023,"[0.30,1.00]",0.3710937499999985,1.0,0.238,1,1.0,2.2950755145567747,0.11008649319410324
sun3d-home_at-home_at_scan1_2013_jan_1,9,30,0.23089681994966826,"[0.20,0.25)",0.35546874999999856,1.0,0.154,1,0.0,,
sun3d-home_at-home_at_scan1_2013_jan_1,9,43,0.2167124227865477,"[0.20,0.25)",0.6406249999999974,1.0,0.579,1,1.0,1.9051590391315705,0.054305728524923325
sun3d-home_at-home_at_scan1_2013_jan_1,9,44,0.25326012354152366,"[0.25,0.30)",0.6484374999999974,1.0,0.5045,1,1.0,2.5009243052509964,0.06863907724618912
sun3d-home_at-home_at_scan1_2013_jan_1,9,45,0.2824868451155342,"[0.25,0.30)",0.6757812499999973,1.0,0.578,1,1.0,1.570223772383389,0.05708886682987213
sun3d-home_md-home_md_scan9_2012_sep_30,0,1,0.48313417699193084,"[0.30,1.00]",0.5312499999999979,1.0,0.2495,0,,,
sun3d-home_md-home_md_scan9_2012_sep_30,0,51,0.27787821332510254,"[0.25,0.30)",0.18359374999999928,1.0,0.2555,1,1.0,5.966341111552635,0.1909036487340927
sun3d-home_md-home_md_scan9_2012_sep_30,0,52,0.2810529564795626,"[0.25,0.30)",0.42187499999999833,1.0,0.469,1,1.0,5.630332433474359,0.14181312918663025
sun3d-home_md-home_md_scan9_2012_sep_30,0,53,0.24793862163234712,"[0.20,0.25)",0.48828124999999806,1.0,0.52,1,1.0,5.696843605327244,0.10882880538702011
sun3d-home_md-home_md_scan9_2012_sep_30,0,54,0.2937960227523259,"[0.25,0.30)",0.6796874999999973,1.0,0.66,1,1.0,4.78528265836291,0.07975348830223083
sun3d-home_md-home_md_scan9_2012_sep_30,0,55,0.30680365095462764,"[0.30,1.00]",0.6093749999999976,1.0,0.544,1,1.0,5.965749691007454,0.1129164770245552
sun3d-home_md-home_md_scan9_2012_sep_30,0,56,0.2666343313197231,"[0.25,0.30)",0.5390624999999979,1.0,0.429,1,1.0,6.136543029039589,0.11261992901563644
sun3d-home_md-home_md_scan9_2012_sep_30,0,57,0.32272146038185107,"[0.30,1.00]",0.7226562499999971,1.0,0.6445,1,1.0,6.464050602619211,0.1818096935749054
sun3d-home_md-home_md_scan9_2012_sep_30,0,58,0.43370518982318446,"[0.30,1.00]",0.8476562499999966,1.0,0.763,1,1.0,6.399296336426909,0.20493817329406738
sun3d-home_md-home_md_scan9_2012_sep_30,0,59,0.2772609021561797,"[0.25,0.30)",0.5820312499999977,1.0,0.61,1,1.0,7.33911746707711,0.19649112224578857
sun3d-home_md-home_md_scan9_2012_sep_30,10,32,0.33010654141367857,"[0.30,1.00]",0.39062499999999845,1.0,0.2395,1,1.0,3.9036458955742668,0.19001160562038422
sun3d-home_md-home_md_scan9_2012_sep_30,10,33,0.35788750143200826,"[0.30,1.00]",0.4023437499999984,1.0,0.1715,1,1.0,3.503528650889628,0.17924067378044128
sun3d-home_md-home_md_scan9_2012_sep_30,10,35,0.3800549891167373,"[0.30,1.00]",0.507812499999998,1.0,0.1885,1,1.0,2.3103748542094267,0.07797297090291977
sun3d-home_md-home_md_scan9_2012_sep_30,10,36,0.309371061977317,"[0.30,1.00]",0.7265624999999971,1.0,0.497,1,1.0,1.640917489076681,0.07033698260784149
sun3d-home_md-home_md_scan9_2012_sep_30,11,32,0.32744456561250457,"[0.30,1.00]",0.1015624999999996,0.0,0.0165,1,0.0,,
sun3d-home_md-home_md_scan9_2012_sep_30,11,33,0.2836786623046165,"[0.25,0.30)",0.08203124999999967,0.0,0.0015,1,0.0,,
sun3d-home_md-home_md_scan9_2012_sep_30,11,35,0.21344965467102872,"[0.20,0.25)",0.23437499999999906,1.0,0.0625,1,1.0,5.992894846588619,0.0992949828505516
sun3d-home_md-home_md_scan9_2012_sep_30,11,36,0.20319883678662304,"[0.20,0.25)",0.3203124999999987,1.0,0.1615,1,1.0,5.477042313353639,0.07445879280567169
sun3d-home_md-home_md_scan9_2012_sep_30,12,13,0.3782775312626059,"[0.30,1.00]",0.38671874999999845,1.0,0.3615,0,,,
sun3d-home_md-home_md_scan9_2012_sep_30,12,14,0.15853166599435256,"[0.15,0.20)",0.019531249999999924,0.0,0.015,1,0.0,,
sun3d-home_md-home_md_scan9_2012_sep_30,12,32,0.32946752722872125,"[0.30,1.00]",0.04687499999999981,0.0,0.0,1,0.0,,
sun3d-home_md-home_md_scan9_2012_sep_30,12,33,0.36789027833803956,"[0.30,1.00]",0.0,0.0,0.0,1,0.0,,
sun3d-home_md-home_md_scan9_2012_sep_30,12,35,0.27117789431222267,"[0.25,0.30)",0.19531249999999922,1.0,0.051,1,1.0,13.249017591462197,0.14161168038845062
sun3d-home_md-home_md_scan9_2012_sep_30,13,17,0.33863734992043976,"[0.30,1.00]",0.6289062499999974,1.0,0.4935,1,1.0,3.2566621675882876,0.05093778297305107
sun3d-home_md-home_md_scan9_2012_sep_30,13,18,0.3721973094170404,"[0.30,1.00]",0.7070312499999972,1.0,0.71,1,1.0,2.1459395737288975,0.047425925731658936
sun3d-home_md-home_md_scan9_2012_sep_30,13,19,0.3303196875452047,"[0.30,1.00]",0.6054687499999976,1.0,0.6155,1,1.0,3.2217282360940858,0.0463104210793972
sun3d-home_md-home_md_scan9_2012_sep_30,13,23,0.22023723419644148,"[0.20,0.25)",0.28515624999999883,1.0,0.2455,1,1.0,3.126748982363226,0.030803292989730835
sun3d-home_md-home_md_scan9_2012_sep_30,13,54,0.36706205699406913,"[0.30,1.00]",0.49218749999999806,1.0,0.503,1,1.0,4.0933773768450505,0.16475656628608704
sun3d-home_md-home_md_scan9_2012_sep_30,13,55,0.4009113264863301,"[0.30,1.00]",0.7265624999999971,1.0,0.659,1,1.0,3.9682252545959606,0.1627698391675949
sun3d-home_md-home_md_scan9_2012_sep_30,13,56,0.3574424996383625,"[0.30,1.00]",0.6328124999999974,1.0,0.6035,1,1.0,5.483264517823274,0.2192891389131546
sun3d-home_md-home_md_scan9_2012_sep_30,13,57,0.36236076956458846,"[0.30,1.00]",0.6484374999999974,1.0,0.6085,1,1.0,6.317703431723104,0.2735128104686737
sun3d-home_md-home_md_scan9_2012_sep_30,13,58,0.35143931722841026,"[0.30,1.00]",0.496093749999998,1.0,0.4735,1,1.0,6.505477210953173,0.3364011347293854
sun3d-home_md-home_md_scan9_2012_sep_30,14,17,0.2036600734206345,"[0.20,0.25)",0.6249999999999976,1.0,0.564,1,1.0,1.7953685747992083,0.03835104778409004
sun3d-home_md-home_md_scan9_2012_sep_30,14,18,0.2522053586104871,"[0.25,0.30)",0.738281249999997,1.0,0.753,1,1.0,0.3102742728505004,0.010741160251200199
sun3d-home_md-home_md_scan9_2012_sep_30,14,19,0.2271656347597392,"[0.20,0.25)",0.6523437499999974,1.0,0.723,1,1.0,1.570473010077456,0.022129159420728683
sun3d-home_md-home_md_scan9_2012_sep_30,14,23,0.2355487370555038,"[0.20,0.25)",0.23828124999999906,1.0,0.2095,1,1.0,4.538550032410067,0.08564633876085281
sun3d-home_md-home_md_scan9_2012_sep_30,14,24,0.34480302449180866,"[0.30,1.00]",0.7695312499999969,1.0,0.7295,1,1.0,2.08581570572639,0.03521309792995453
sun3d-home_md-home_md_scan9_2012_sep_30,14,25,0.22420689277299874,"[0.20,0.25)",0.36718749999999856,1.0,0.337,1,1.0,3.708134376400909,0.04239186272025108
sun3d-home_md-home_md_scan9_2012_sep_30,14,54,0.28491589501945097,"[0.25,0.30)",0.4374999999999983,1.0,0.394,1,1.0,1.5893007419055358,0.0659327581524849
sun3d-home_md-home_md_scan9_2012_sep_30,14,55,0.3397074132924223,"[0.30,1.00]",0.6367187499999974,1.0,0.5065,1,1.0,1.7888163767261183,0.09332196414470673
sun3d-home_md-home_md_scan9_2012_sep_30,14,56,0.3215166292257958,"[0.30,1.00]",0.5234374999999979,1.0,0.4995,1,1.0,0.8623003878631454,0.03657472878694534
sun3d-home_md-home_md_scan9_2012_sep_30,14,57,0.30869541394992056,"[0.30,1.00]",0.6445312499999974,1.0,0.626,1,1.0,4.729943221201087,0.23951317369937897
sun3d-home_md-home_md_scan9_2012_sep_30,14,58,0.2897375486274725,"[0.25,0.30)",0.14843749999999942,1.0,0.148,1,0.0,,
sun3d-home_md-home_md_scan9_2012_sep_30,15,17,0.2416452442159383,"[0.20,0.25)",0.6757812499999973,1.0,0.6325,1,1.0,2.212224214196737,0.03827649727463722
sun3d-home_md-home_md_scan9_2012_sep_30,15,18,0.2685089974293059,"[0.25,0.30)",0.742187499999997,1.0,0.8265,1,1.0,0.7187328507345199,0.010249502956867218
sun3d-home_md-home_md_scan9_2012_sep_30,15,19,0.25089974293059125,"[0.25,0.30)",0.6757812499999973,1.0,0.7235,1,1.0,1.4423864588162316,0.017663950100541115
sun3d-home_md-home_md_scan9_2012_sep_30,15,23,0.26053984575835476,"[0.25,0.30)",0.3046874999999988,1.0,0.334,1,1.0,2.8655301755939018,0.04073139280080795
sun3d-home_md-home_md_scan9_2012_sep_30,15,24,0.38888174807197945,"[0.30,1.00]",0.7695312499999969,1.0,0.8055,1,1.0,2.861428480504074,0.04626784473657608
sun3d-home_md-home_md_scan9_2012_sep_30,15,25,0.25411311053984575,"[0.25,0.30)",0.39062499999999845,1.0,0.448,1,1.0,3.0038741060620713,0.02377248927950859
sun3d-home_md-home_md_scan9_2012_sep_30,15,54,0.29967866323907455,"[0.25,0.30)",0.6367187499999974,1.0,0.5505,1,1.0,1.9584471782972068,0.06315919011831284
sun3d-home_md-home_md_scan9_2012_sep_30,15,55,0.34177377892030847,"[0.30,1.00]",0.753906249999997,1.0,0.6075,1,1.0,2.2724502695656015,0.11643379926681519
sun3d-home_md-home_md_scan9_2012_sep_30,15,56,0.350706940874036,"[0.30,1.00]",0.7226562499999971,1.0,0.6545,1,1.0,2.2860180267346,0.09248054027557373
sun3d-home_md-home_md_scan9_2012_sep_30,15,57,0.3210796915167095,"[0.30,1.00]",0.7187499999999971,1.0,0.6695,1,1.0,4.741029610503907,0.20416831970214844
sun3d-home_md-home_md_scan9_2012_sep_30,15,58,0.2989074550128535,"[0.25,0.30)",0.48437499999999806,1.0,0.4765,1,1.0,2.1577634132793584,0.1173168420791626
sun3d-home_md-home_md_scan9_2012_sep_30,16,17,0.3834994732150093,"[0.30,1.00]",0.8124999999999968,1.0,0.782,0,,,
sun3d-home_md-home_md_scan9_2012_sep_30,16,19,0.34168084933949266,"[0.30,1.00]",0.749999999999997,1.0,0.793,1,1.0,0.9569531115072297,0.017227279022336006
sun3d-home_md-home_md_scan9_2012_sep_30,16,20,0.20285274333414377,"[0.20,0.25)",0.4335937499999983,1.0,0.4685,1,1.0,1.4111143549173972,0.012003472074866295
sun3d-home_md-home_md_scan9_2012_sep_30,16,21,0.17359591539022612,"[0.15,0.20)",0.249999999999999,1.0,0.2385,1,1.0,1.2899815026325026,0.015489145182073116
sun3d-home_md-home_md_scan9_2012_sep_30,16,22,0.22805737904206175,"[0.20,0.25)",0.3164062499999987,1.0,0.2295,1,1.0,7.5109963606324825,0.08073534816503525
sun3d-home_md-home_md_scan9_2012_sep_30,16,23,0.337871788637653,"[0.30,1.00]",0.22656249999999908,1.0,0.223,1,1.0,2.1912454815398026,0.04788227379322052
sun3d-home_md-home_md_scan9_2012_sep_30,16,25,0.23170435205446147,"[0.20,0.25)",0.14062499999999944,1.0,0.091,1,0.0,,
sun3d-home_md-home_md_scan9_2012_sep_30,16,54,0.4262906232271659,"[0.30,1.00]",0.6914062499999972,1.0,0.6715,1,1.0,1.555951247766203,0.07211384922266006
sun3d-home_md-home_md_scan9_2012_sep_30,16,58,0.4227246940594862,"[0.30,1.00]",0.6562499999999973,1.0,0.5775,1,1.0,3.8013786238708898,0.21408511698246002
sun3d-home_md-home_md_scan9_2012_sep_30,17,23,0.31460134486071084,"[0.30,1.00]",0.2226562499999991,1.0,0.262,1,1.0,7.398390123058683,0.08625078201293945
sun3d-home_md-home_md_scan9_2012_sep_30,17,34,0.24687800192122958,"[0.20,0.25)",0.16015624999999936,1.0,0.1535,1,1.0,5.547577144085806,0.14975155889987946
sun3d-home_md-home_md_scan9_2012_sep_30,18,24,0.2716283479497511,"[0.25,0.30)",0.24218749999999903,1.0,0.232,1,1.0,6.626671655038696,0.10558567196130753
sun3d-home_md-home_md_scan9_2012_sep_30,18,59,0.5233467646361697,"[0.30,1.00]",0.29687499999999883,1.0,0.221,1,0.0,,
sun3d-home_md-home_md_scan9_2012_sep_30,19,21,0.3461026868848098,"[0.30,1.00]",0.18749999999999925,1.0,0.202,1,1.0,4.470016463463494,0.055520832538604736
sun3d-home_md-home_md_scan9_2012_sep_30,19,24,0.3115190210162277,"[0.30,1.00]",0.19531249999999922,1.0,0.222,1,1.0,3.847561735186952,0.030852342024445534
sun3d-home_md-home_md_scan9_2012_sep_30,19,59,0.5841979249800479,"[0.30,1.00]",0.29296874999999883,1.0,0.225,1,0.0,,
sun3d-home_md-home_md_scan9_2012_sep_30,1,3,0.2497700275966884,"[0.20,0.25)",0.5742187499999977,1.0,0.3545,1,1.0,3.962200138208355,0.043393976986408234
sun3d-home_md-home_md_scan9_2012_sep_30,1,37,0.17253929528456585,"[0.15,0.20)",0.4296874999999983,1.0,0.2095,1,1.0,5.294907966429389,0.11717809736728668
sun3d-home_md-home_md_scan9_2012_sep_30,1,38,0.32172139343278805,"[0.30,1.00]",0.6289062499999974,1.0,0.4785,1,1.0,2.2386084523640815,0.08499840646982193
sun3d-home_md-home_md_scan9_2012_sep_30,1,4,0.19789625244970604,"[0.15,0.20)",0.5742187499999977,1.0,0.444,1,1.0,3.7289865168058696,0.04431193694472313
sun3d-home_md-home_md_scan9_2012_sep_30,1,46,0.2536095668519778,"[0.25,0.30)",0.5546874999999978,1.0,0.519,1,1.0,1.214342676110388,0.03275598585605621
sun3d-home_md-home_md_scan9_2012_sep_30,1,5,0.2688077430708315,"[0.25,0.30)",0.499999999999998,1.0,0.2955,1,1.0,4.022532677228848,0.04913672059774399
sun3d-home_md-home_md_scan9_2012_sep_30,1,6,0.23673159220893492,"[0.20,0.25)",0.4453124999999982,1.0,0.196,1,1.0,3.8843352816558996,0.15698450803756714
sun3d-home_md-home_md_scan9_2012_sep_30,1,7,0.3999520057593089,"[0.30,1.00]",0.7929687499999968,1.0,0.563,1,1.0,1.3949349905759802,0.059232957661151886
sun3d-home_md-home_md_scan9_2012_sep_30,1,8,0.2961644602647682,"[0.25,0.30)",0.7070312499999972,1.0,0.608,1,1.0,3.328372818679617,0.04426608979701996
sun3d-home_md-home_md_scan9_2012_sep_30,20,23,0.3917525773195876,"[0.30,1.00]",0.20703124999999917,1.0,0.212,1,1.0,5.961476584620548,0.06319985538721085
sun3d-home_md-home_md_scan9_2012_sep_30,21,23,0.30619210141394443,"[0.30,1.00]",0.07421874999999971,1.0,0.0665,1,0.0,,
sun3d-home_md-home_md_scan9_2012_sep_30,21,34,0.2569478303266699,"[0.25,0.30)",0.06249999999999975,0.0,0.035,1,0.0,,
sun3d-home_md-home_md_scan9_2012_sep_30,22,59,0.4151654796816087,"[0.30,1.00]",0.11328124999999954,0.0,0.0335,1,0.0,,
sun3d-home_md-home_md_scan9_2012_sep_30,23,25,0.21410090556274256,"[0.20,0.25)",0.08203124999999967,0.0,0.0065,1,0.0,,
sun3d-home_md-home_md_scan9_2012_sep_30,23,59,0.44663648124191463,"[0.30,1.00]",0.14453124999999942,1.0,0.08,1,0.0,,
sun3d-home_md-home_md_scan9_2012_sep_30,24,26,0.2702258726899384,"[0.25,0.30)",0.09374999999999963,1.0,0.0965,1,1.0,6.007987941967476,0.0823395624756813
sun3d-home_md-home_md_scan9_2012_sep_30,24,52,0.23983572895277208,"[0.20,0.25)",0.0,0.0,0.0,1,0.0,,
sun3d-home_md-home_md_scan9_2012_sep_30,24,54,0.22012320328542095,"[0.20,0.25)",0.14453124999999942,1.0,0.076,1,1.0,6.501436862221331,0.21844156086444855
sun3d-home_md-home_md_scan9_2012_sep_30,24,55,0.2950718685831622,"[0.25,0.30)",0.17968749999999928,1.0,0.0905,1,1.0,4.988373528508468,0.15917949378490448
sun3d-home_md-home_md_scan9_2012_sep_30,24,56,0.33347022587268993,"[0.30,1.00]",0.18749999999999925,1.0,0.1515,1,1.0,3.2258577250762355,0.13899405300617218
sun3d-home_md-home_md_scan9_2012_sep_30,24,57,0.21724845995893224,"[0.20,0.25)",0.019531249999999924,0.0,0.019,1,0.0,,
sun3d-home_md-home_md_scan9_2012_sep_30,25,27,0.36678680343775993,"[0.30,1.00]",0.14453124999999942,1.0,0.1435,1,1.0,5.018290079717346,0.1053820550441742
sun3d-home_md-home_md_scan9_2012_sep_30,25,52,0.43415580815081783,"[0.30,1.00]",0.023437499999999906,0.0,0.0055,1,0.0,,
sun3d-home_md-home_md_scan9_2012_sep_30,25,54,0.3021901857499307,"[0.30,1.00]",0.007812499999999969,0.0,0.011,1,0.0,,
sun3d-home_md-home_md_scan9_2012_sep_30,25,55,0.3956196285001386,"[0.30,1.00]",0.023437499999999906,0.0,0.021,1,0.0,,
sun3d-home_md-home_md_scan9_2012_sep_30,25,56,0.4286110341003604,"[0.30,1.00]",0.0039062499999999844,0.0,0.006,1,0.0,,
sun3d-home_md-home_md_scan9_2012_sep_30,25,57,0.3288051011921264,"[0.30,1.00]",0.0039062499999999844,0.0,0.0005,1,0.0,,
sun3d-home_md-home_md_scan9_2012_sep_30,25,58,0.2980316052120876,"[0.25,0.30)",0.0,0.0,0.0,1,0.0,,
sun3d-home_md-home_md_scan9_2012_sep_30,25,59,0.30191294704740784,"[0.30,1.00]",0.0,0.0,0.0015,1,0.0,,
sun3d-home_md-home_md_scan9_2012_sep_30,26,42,0.2740073218811602,"[0.25,0.30)",0.46484374999999817,1.0,0.5315,1,0.0,,
sun3d-home_md-home_md_scan9_2012_sep_30,26,43,0.2389937106918239,"[0.20,0.25)",0.33593749999999867,1.0,0.2755,1,0.0,,
sun3d-home_md-home_md_scan9_2012_sep_30,26,59,0.32629306298695204,"[0.30,1.00]",0.1523437499999994,1.0,0.1855,1,1.0,4.0154185922549415,0.10746797174215317
sun3d-home_md-home_md_scan9_2012_sep_30,27,29,0.18325390150453227,"[0.15,0.20)",0.36328124999999856,1.0,0.3555,1,1.0,2.7042878956502894,0.14587362110614777
sun3d-home_md-home_md_scan9_2012_sep_30,27,42,0.4211755910662555,"[0.30,1.00]",0.5468749999999978,1.0,0.578,1,1.0,5.278822512426977,0.28427544236183167
sun3d-home_md-home_md_scan9_2012_sep_30,27,43,0.3095972339033735,"[0.30,1.00]",0.4335937499999983,1.0,0.374,1,0.0,,
sun3d-home_md-home_md_scan9_2012_sep_30,27,59,0.34875245304177177,"[0.30,1.00]",0.015624999999999938,0.0,0.006,1,0.0,,
sun3d-home_md-home_md_scan9_2012_sep_30,28,42,0.44408274703349787,"[0.30,1.00]",0.5234374999999979,1.0,0.569,1,1.0,4.84112404748625,0.311495304107666
sun3d-home_md-home_md_scan9_2012_sep_30,28,43,0.3002205187440932,"[0.30,1.00]",0.39062499999999845,1.0,0.3615,1,0.0,,
sun3d-home_md-home_md_scan9_2012_sep_30,28,44,0.1388217998529875,"[0.00,0.15)",0.22656249999999908,1.0,0.1075,1,0.0,,
sun3d-home_md-home_md_scan9_2012_sep_30,28,59,0.3913682663026357,"[0.30,1.00]",0.011718749999999953,0.0,0.006,1,0.0,,
sun3d-home_md-home_md_scan9_2012_sep_30,29,39,0.1714029314986539,"[0.15,0.20)",0.08203124999999967,0.0,0.0005,1,0.0,,
sun3d-home_md-home_md_scan9_2012_sep_30,29,44,0.14687406521088842,"[0.00,0.15)",0.08203124999999967,0.0,0.0365,1,0.0,,
sun3d-home_md-home_md_scan9_2012_sep_30,29,51,0.3422075979658989,"[0.30,1.00]",0.22656249999999908,1.0,0.2975,1,1.0,2.8217491185278067,0.11580722779035568
sun3d-home_md-home_md_scan9_2012_sep_30,2,3,0.5568059637301985,"[0.30,1.00]",0.8476562499999966,1.0,0.8775,0,,,
sun3d-home_md-home_md_scan9_2012_sep_30,2,36,0.21579098272525268,"[0.20,0.25)",0.14062499999999944,1.0,0.05,1,0.0,,
sun3d-home_md-home_md_scan9_2012_sep_30,2,37,0.35968747760017206,"[0.30,1.00]",0.746093749999997,1.0,0.4865,1,1.0,4.4991921603072615,0.11242035776376724
sun3d-home_md-home_md_scan9_2012_sep_30,2,38,0.5905311447208086,"[0.30,1.00]",0.8515624999999966,1.0,0.785,1,1.0,2.1606639777475403,0.08230865001678467
sun3d-home_md-home_md_scan9_2012_sep_30,2,39,0.4188588631639309,"[0.30,1.00]",0.8984374999999964,1.0,0.801,1,1.0,1.5008956272613205,0.06298402696847916
sun3d-home_md-home_md_scan9_2012_sep_30,2,4,0.4596444699304709,"[0.30,1.00]",0.8593749999999966,1.0,0.842,1,1.0,1.9249844828487506,0.04627417400479317
sun3d-home_md-home_md_scan9_2012_sep_30,2,40,0.37359329080352666,"[0.30,1.00]",0.9101562499999963,1.0,0.849,1,1.0,1.5086983940876,0.06607937812805176
sun3d-home_md-home_md_scan9_2012_sep_30,2,41,0.2454662748190094,"[0.20,0.25)",0.8632812499999966,1.0,0.818,1,1.0,1.420788647957974,0.05732567608356476
sun3d-home_md-home_md_scan9_2012_sep_30,2,45,0.21880151960432945,"[0.20,0.25)",0.7695312499999969,1.0,0.754,1,1.0,1.5971618268262247,0.06852543354034424
sun3d-home_md-home_md_scan9_2012_sep_30,2,46,0.49491075908537024,"[0.30,1.00]",0.8945312499999964,1.0,0.811,1,1.0,2.219114278736063,0.09376797080039978
sun3d-home_md-home_md_scan9_2012_sep_30,2,47,0.2449645186724966,"[0.20,0.25)",0.8593749999999966,1.0,0.8335,1,1.0,1.7521181845413274,0.07048022747039795
sun3d-home_md-home_md_scan9_2012_sep_30,2,49,0.17665400329725467,"[0.15,0.20)",0.757812499999997,1.0,0.759,1,1.0,1.721014663859573,0.06887474656105042
sun3d-home_md-home_md_scan9_2012_sep_30,2,6,0.4490000716794495,"[0.30,1.00]",0.8593749999999966,1.0,0.772,1,1.0,2.7879711908073506,0.12434545904397964
sun3d-home_md-home_md_scan9_2012_sep_30,2,9,0.20080997777937065,"[0.20,0.25)",0.16796874999999933,1.0,0.0645,1,0.0,,
sun3d-home_md-home_md_scan9_2012_sep_30,30,31,0.2574656078738396,"[0.25,0.30)",0.3984374999999984,1.0,0.3635,0,,,
sun3d-home_md-home_md_scan9_2012_sep_30,30,38,0.35790180069343475,"[0.30,1.00]",0.2812499999999989,1.0,0.1485,1,0.0,,
sun3d-home_md-home_md_scan9_2012_sep_30,30,39,0.5261156470193491,"[0.30,1.00]",0.5273437499999979,1.0,0.356,1,0.0,,
sun3d-home_md-home_md_scan9_2012_sep_30,30,40,0.5338329045968012,"[0.30,1.00]",0.4765624999999981,1.0,0.359,1,0.0,,
sun3d-home_md-home_md_scan9_2012_sep_30,30,41,0.5284643775863997,"[0.30,1.00]",0.3789062499999985,1.0,0.3375,1,1.0,6.555084357356507,0.32725512981414795
sun3d-home_md-home_md_scan9_2012_sep_30,30,42,0.4967005927748574,"[0.30,1.00]",0.5820312499999977,1.0,0.462,1,0.0,,
sun3d-home_md-home_md_scan9_2012_sep_30,30,43,0.37534951347723966,"[0.30,1.00]",0.1757812499999993,1.0,0.155,1,0.0,,
sun3d-home_md-home_md_scan9_2012_sep_30,30,45,0.4992730119673415,"[0.30,1.00]",0.4765624999999981,1.0,0.3645,1,0.0,,
sun3d-home_md-home_md_scan9_2012_sep_30,30,46,0.5387540543563359,"[0.30,1.00]",0.5312499999999979,1.0,0.399,1,0.0,,
sun3d-home_md-home_md_scan9_2012_sep_30,30,47,0.5324907728442009,"[0.30,1.00]",0.33984374999999867,1.0,0.344,1,1.0,7.192165761271844,0.35349541902542114
sun3d-home_md-home_md_scan9_2012_sep_30,30,48,0.39156693882116095,"[0.30,1.00]",0.45703124999999817,1.0,0.431,1,1.0,5.491478485057904,0.21807590126991272
sun3d-home_md-home_md_scan9_2012_sep_30,30,49,0.5342802818476681,"[0.30,1.00]",0.5234374999999979,1.0,0.4635,1,1.0,6.0922326905470845,0.22011472284793854
sun3d-home_md-home_md_scan9_2012_sep_30,30,50,0.3585728665697349,"[0.30,1.00]",0.4492187499999982,1.0,0.5335,1,0.0,,
sun3d-home_md-home_md_scan9_2012_sep_30,31,33,0.2063407722281261,"[0.20,0.25)",0.07421874999999971,0.0,0.006,1,0.0,,
sun3d-home_md-home_md_scan9_2012_sep_30,31,35,0.24920297555791712,"[0.20,0.25)",0.058593749999999764,0.0,0.0005,1,0.0,,
sun3d-home_md-home_md_scan9_2012_sep_30,31,36,0.2669146298264258,"[0.25,0.30)",0.1015624999999996,0.0,0.0325,1,1.0,21.502427310850944,0.21374791860580444
sun3d-home_md-home_md_scan9_2012_sep_30,31,37,0.19872476089266738,"[0.15,0.20)",0.0,0.0,0.0,1,0.0,,
sun3d-home_md-home_md_scan9_2012_sep_30,32,37,0.25907505010763865,"[0.25,0.30)",0.14843749999999942,1.0,0.123,1,1.0,5.532295106187323,0.05849224328994751
sun3d-home_md-home_md_scan9_2012_sep_30,33,37,0.1950207468879668,"[0.15,0.20)",0.24218749999999903,1.0,0.1365,1,0.0,,
sun3d-home_md-home_md_scan9_2012_sep_30,34,36,0.18890883702373829,"[0.15,0.20)",0.1523437499999994,1.0,0.0895,1,1.0,4.220671777956665,0.06406635791063309
sun3d-home_md-home_md_scan9_2012_sep_30,34,58,0.16337522441651706,"[0.15,0.20)",0.0,0.0,0.0,1,0.0,,
sun3d-home_md-home_md_scan9_2012_sep_30,37,39,0.14970250743731406,"[0.00,0.15)",0.023437499999999906,0.0,0.044,1,0.0,,
sun3d-home_md-home_md_scan9_2012_sep_30,37,40,0.17881427964300892,"[0.15,0.20)",0.2226562499999991,1.0,0.292,1,1.0,2.7729052462750725,0.0374055951833725
sun3d-home_md-home_md_scan9_2012_sep_30,37,46,0.19411389715257119,"[0.15,0.20)",0.3085937499999988,1.0,0.322,1,1.0,3.154053331333854,0.10579562187194824
sun3d-home_md-home_md_scan9_2012_sep_30,38,45,0.49399432190434595,"[0.30,1.00]",0.8046874999999968,1.0,0.786,1,1.0,3.6580545787609577,0.2111366093158722
sun3d-home_md-home_md_scan9_2012_sep_30,38,48,0.2785324306617165,"[0.25,0.30)",0.8593749999999966,1.0,0.8815,1,1.0,1.9779366208945297,0.02960290014743805
sun3d-home_md-home_md_scan9_2012_sep_30,38,49,0.3547499454029264,"[0.30,1.00]",0.9101562499999963,1.0,0.859,1,1.0,2.0289295022181744,0.045601364225149155
sun3d-home_md-home_md_scan9_2012_sep_30,39,42,0.2636792452830189,"[0.25,0.30)",0.7890624999999969,1.0,0.8035,1,1.0,4.229756808655543,0.028962722048163414
sun3d-home_md-home_md_scan9_2012_sep_30,39,43,0.171187106918239,"[0.15,0.20)",0.6054687499999976,1.0,0.5785,1,1.0,3.801275599783209,0.08418132364749908
sun3d-home_md-home_md_scan9_2012_sep_30,39,44,0.14312106918238993,"[0.00,0.15)",0.3164062499999987,1.0,0.0705,1,0.0,,
sun3d-home_md-home_md_scan9_2012_sep_30,39,48,0.3129716981132076,"[0.30,1.00]",0.9257812499999963,1.0,0.919,1,1.0,1.6872522777124308,0.020162811502814293
sun3d-home_md-home_md_scan9_2012_sep_30,39,49,0.38486635220125787,"[0.30,1.00]",0.9531249999999962,1.0,0.9075,1,1.0,1.7282769108563967,0.031246356666088104
sun3d-home_md-home_md_scan9_2012_sep_30,3,45,0.5080759896225625,"[0.30,1.00]",0.757812499999997,1.0,0.813,1,1.0,3.2298607147824994,0.1513504683971405
sun3d-home_md-home_md_scan9_2012_sep_30,3,48,0.2562975981253661,"[0.25,0.30)",0.753906249999997,1.0,0.7075,1,1.0,1.0063878875923913,0.026540806517004967
sun3d-home_md-home_md_scan9_2012_sep_30,3,49,0.34952715708427484,"[0.30,1.00]",0.8593749999999966,1.0,0.8035,1,1.0,1.1849816896296235,0.017338214442133904
sun3d-home_md-home_md_scan9_2012_sep_30,3,8,0.21784249728010713,"[0.20,0.25)",0.6484374999999974,1.0,0.689,1,1.0,3.932832651659308,0.10323932021856308
sun3d-home_md-home_md_scan9_2012_sep_30,40,42,0.24393081124822982,"[0.20,0.25)",0.6796874999999973,1.0,0.748,1,1.0,3.7574434757434885,0.008848782628774643
sun3d-home_md-home_md_scan9_2012_sep_30,40,43,0.1486951244183694,"[0.00,0.15)",0.4257812499999983,1.0,0.378,1,1.0,4.032743293850944,0.153731107711792
sun3d-home_md-home_md_scan9_2012_sep_30,40,48,0.35403601051992717,"[0.30,1.00]",0.8710937499999966,1.0,0.8765,1,1.0,1.8880297907956565,0.03665701299905777
sun3d-home_md-home_md_scan9_2012_sep_30,41,43,0.24612265029867925,"[0.20,0.25)",0.6601562499999973,1.0,0.723,1,1.0,1.347555566262922,0.046571169048547745
sun3d-home_md-home_md_scan9_2012_sep_30,41,50,0.3982024442374089,"[0.30,1.00]",0.738281249999997,1.0,0.633,1,1.0,4.161889462511972,0.07639069855213165
sun3d-home_md-home_md_scan9_2012_sep_30,42,45,0.333626669427477,"[0.30,1.00]",0.7031249999999972,1.0,0.687,1,1.0,4.647555949996317,0.1356763243675232
sun3d-home_md-home_md_scan9_2012_sep_30,42,46,0.30060047623977637,"[0.30,1.00]",0.7890624999999969,1.0,0.834,1,1.0,4.20626260815174,0.10228614509105682
sun3d-home_md-home_md_scan9_2012_sep_30,42,47,0.38854953928978153,"[0.30,1.00]",0.8710937499999966,1.0,0.876,1,1.0,2.723042367765716,0.08348984271287918
sun3d-home_md-home_md_scan9_2012_sep_30,43,44,0.46706586826347307,"[0.30,1.00]",0.4492187499999982,1.0,0.423,0,,,
sun3d-home_md-home_md_scan9_2012_sep_30,43,45,0.42386368203190933,"[0.30,1.00]",0.8085937499999968,1.0,0.7895,1,1.0,3.565899977473601,0.05940871313214302
sun3d-home_md-home_md_scan9_2012_sep_30,43,47,0.17124140979785396,"[0.15,0.20)",0.7109374999999971,1.0,0.7275,1,1.0,1.9709982198497407,0.07336316257715225
sun3d-home_md-home_md_scan9_2012_sep_30,43,48,0.1497005988023952,"[0.00,0.15)",0.2734374999999989,1.0,0.3165,1,1.0,6.518967139600851,0.2642659544944763
sun3d-home_md-home_md_scan9_2012_sep_30,43,49,0.15637182011815295,"[0.15,0.20)",0.5937499999999977,1.0,0.6105,1,1.0,2.159395459971776,0.10711879283189774
sun3d-home_md-home_md_scan9_2012_sep_30,43,50,0.3703331591849857,"[0.30,1.00]",0.8007812499999968,1.0,0.6375,1,1.0,3.9543834971948493,0.19760999083518982
sun3d-home_md-home_md_scan9_2012_sep_30,43,51,0.25652051601494996,"[0.25,0.30)",0.6406249999999974,1.0,0.518,1,0.0,,
sun3d-home_md-home_md_scan9_2012_sep_30,45,48,0.22126720674438516,"[0.20,0.25)",0.8203124999999967,1.0,0.8295,1,1.0,2.1570376630159984,0.028404489159584045
sun3d-home_md-home_md_scan9_2012_sep_30,45,49,0.2937495883553975,"[0.25,0.30)",0.8984374999999964,1.0,0.901,1,1.0,2.4139484052043323,0.06107614189386368
sun3d-home_md-home_md_scan9_2012_sep_30,45,50,0.16594217216623855,"[0.15,0.20)",0.5703124999999977,1.0,0.548,1,1.0,6.599567873786554,0.0938323587179184
sun3d-home_md-home_md_scan9_2012_sep_30,46,48,0.28086281534557395,"[0.25,0.30)",0.9257812499999963,1.0,0.9185,1,1.0,2.042772598880843,0.019623858854174614
sun3d-home_md-home_md_scan9_2012_sep_30,46,49,0.35016420361247946,"[0.30,1.00]",0.9062499999999963,1.0,0.8725,1,1.0,2.118956306501019,0.029523463919758797
sun3d-home_md-home_md_scan9_2012_sep_30,47,50,0.3702991079237362,"[0.30,1.00]",0.7812499999999969,1.0,0.746,1,1.0,3.9632873104622584,0.06664975732564926
sun3d-home_md-home_md_scan9_2012_sep_30,48,51,0.20459886933875374,"[0.20,0.25)",0.007812499999999969,0.0,0.0,1,0.0,,
sun3d-home_md-home_md_scan9_2012_sep_30,4,30,0.21429428948737445,"[0.20,0.25)",0.6015624999999976,1.0,0.639,1,1.0,6.797600152707739,0.2612282335758209
sun3d-home_md-home_md_scan9_2012_sep_30,4,41,0.4994997799031574,"[0.30,1.00]",0.9179687499999963,1.0,0.8745,1,1.0,1.36343592865275,0.0488211028277874
sun3d-home_md-home_md_scan9_2012_sep_30,4,45,0.47969106406819,"[0.30,1.00]",0.7695312499999969,1.0,0.796,1,1.0,3.1567831931684562,0.15261714160442352
sun3d-home_md-home_md_scan9_2012_sep_30,4,47,0.5022609948377286,"[0.30,1.00]",0.9218749999999963,1.0,0.879,1,1.0,1.0392934189930005,0.0326169952750206
sun3d-home_md-home_md_scan9_2012_sep_30,4,48,0.24966985473608388,"[0.20,0.25)",0.8007812499999968,1.0,0.773,1,1.0,0.8308655991652559,0.031576186418533325
sun3d-home_md-home_md_scan9_2012_sep_30,4,49,0.3365480811557085,"[0.30,1.00]",0.8906249999999964,1.0,0.869,1,1.0,0.5712977408518038,0.023005036637187004
sun3d-home_md-home_md_scan9_2012_sep_30,4,8,0.17467685781743966,"[0.15,0.20)",0.5351562499999979,1.0,0.597,1,1.0,2.5551223068521867,0.04469093680381775
sun3d-home_md-home_md_scan9_2012_sep_30,50,59,0.22812755519215044,"[0.20,0.25)",0.6484374999999974,1.0,0.582,1,1.0,1.7685716597682855,0.032899774610996246
sun3d-home_md-home_md_scan9_2012_sep_30,51,53,0.14720213170917396,"[0.00,0.15)",0.7226562499999971,1.0,0.65,1,1.0,1.84779731462378,0.026476124301552773
sun3d-home_md-home_md_scan9_2012_sep_30,52,53,0.3481926827480021,"[0.30,1.00]",0.8203124999999967,1.0,0.805,0,,,
sun3d-home_md-home_md_scan9_2012_sep_30,52,54,0.3636630251484713,"[0.30,1.00]",0.7265624999999971,1.0,0.7185,1,1.0,1.2149870848429127,0.04699740558862686
sun3d-home_md-home_md_scan9_2012_sep_30,52,55,0.24811203167387638,"[0.20,0.25)",0.48437499999999806,1.0,0.562,1,1.0,1.4531996798641684,0.0441351942718029
sun3d-home_md-home_md_scan9_2012_sep_30,52,56,0.1823447466823081,"[0.15,0.20)",0.24218749999999903,1.0,0.228,1,1.0,3.465545170625718,0.07807478308677673
sun3d-home_md-home_md_scan9_2012_sep_30,52,57,0.3042745069286605,"[0.30,1.00]",0.41015624999999833,1.0,0.4555,1,1.0,1.5303345524324348,0.011353380978107452
sun3d-home_md-home_md_scan9_2012_sep_30,52,58,0.3968032846982917,"[0.30,1.00]",0.1523437499999994,1.0,0.231,1,1.0,1.8196217322452541,0.058668769896030426
sun3d-home_md-home_md_scan9_2012_sep_30,53,57,0.305897327110734,"[0.30,1.00]",0.023437499999999906,0.0,0.042,1,0.0,,
sun3d-home_md-home_md_scan9_2012_sep_30,56,59,0.4513355848940743,"[0.30,1.00]",0.6562499999999973,1.0,0.5505,1,1.0,1.655166941363154,0.06486865133047104
sun3d-home_md-home_md_scan9_2012_sep_30,5,37,0.14595898673100122,"[0.00,0.15)",0.5742187499999977,1.0,0.5875,1,0.0,,
sun3d-home_md-home_md_scan9_2012_sep_30,5,41,0.3966973087641945,"[0.30,1.00]",0.8828124999999964,1.0,0.8605,1,1.0,1.2570992016754134,0.03531771898269653
sun3d-home_md-home_md_scan9_2012_sep_30,5,45,0.4837153196622437,"[0.30,1.00]",0.7851562499999969,1.0,0.819,1,1.0,2.969001839396237,0.14395195245742798
sun3d-home_md-home_md_scan9_2012_sep_30,5,47,0.39752922091427145,"[0.30,1.00]",0.9140624999999963,1.0,0.8765,1,1.0,1.305662752451397,0.03865498676896095
sun3d-home_md-home_md_scan9_2012_sep_30,5,48,0.18622353479472567,"[0.15,0.20)",0.6953124999999972,1.0,0.7505,1,1.0,1.3683071242646414,0.04582438990473747
sun3d-home_md-home_md_scan9_2012_sep_30,5,49,0.2544819267085396,"[0.25,0.30)",0.8203124999999967,1.0,0.827,1,1.0,1.0048311755967356,0.024699507281184196
sun3d-home_md-home_md_scan9_2012_sep_30,5,8,0.23855080903456594,"[0.20,0.25)",0.7070312499999972,1.0,0.71,1,1.0,3.636150202091271,0.0826917439699173
sun3d-home_md-home_md_scan9_2012_sep_30,6,40,0.4037296037296037,"[0.30,1.00]",0.9179687499999963,1.0,0.84,1,1.0,2.9476947107407847,0.09828493744134903
sun3d-home_md-home_md_scan9_2012_sep_30,6,41,0.2193261284170375,"[0.20,0.25)",0.738281249999997,1.0,0.76,1,1.0,1.8260634355725913,0.05580659210681915
sun3d-home_md-home_md_scan9_2012_sep_30,6,45,0.46450519177791905,"[0.30,1.00]",0.746093749999997,1.0,0.746,1,0.0,,
sun3d-home_md-home_md_scan9_2012_sep_30,6,47,0.21763085399449036,"[0.20,0.25)",0.7695312499999969,1.0,0.77,1,1.0,1.7614754977426512,0.05281107872724533
sun3d-home_md-home_md_scan9_2012_sep_30,6,8,0.17020555202373383,"[0.15,0.20)",0.48437499999999806,1.0,0.468,1,1.0,4.9470426290383696,0.11710801720619202
sun3d-home_md-home_md_scan9_2012_sep_30,7,37,0.2803455512714139,"[0.25,0.30)",0.8398437499999967,1.0,0.7405,1,1.0,5.482907110527995,0.18336106836795807
sun3d-home_md-home_md_scan9_2012_sep_30,7,40,0.5216945678168774,"[0.30,1.00]",0.9374999999999962,1.0,0.8795,1,1.0,1.0885845088951809,0.04261624068021774
sun3d-home_md-home_md_scan9_2012_sep_30,7,41,0.2959636878324955,"[0.25,0.30)",0.8398437499999967,1.0,0.815,1,1.0,1.1935379335117078,0.02799956314265728
sun3d-home_md-home_md_scan9_2012_sep_30,7,45,0.3581922006930548,"[0.30,1.00]",0.8085937499999968,1.0,0.7865,1,1.0,0.8650192072463376,0.04604952409863472
sun3d-home_md-home_md_scan9_2012_sep_30,7,47,0.3011860022451071,"[0.30,1.00]",0.8515624999999966,1.0,0.815,1,1.0,1.3884668419062633,0.03889590874314308
sun3d-home_md-home_md_scan9_2012_sep_30,7,49,0.1747279027770999,"[0.15,0.20)",0.6601562499999973,1.0,0.6645,1,1.0,1.5714695656576194,0.028628621250391006
sun3d-home_md-home_md_scan9_2012_sep_30,7,8,0.39879935575186687,"[0.30,1.00]",0.9218749999999963,1.0,0.88,0,,,
sun3d-home_md-home_md_scan9_2012_sep_30,8,10,0.22839609952925352,"[0.20,0.25)",0.16015624999999936,1.0,0.083,1,0.0,,
sun3d-home_md-home_md_scan9_2012_sep_30,8,32,0.254034969737727,"[0.25,0.30)",0.04687499999999981,0.0,0.0045,1,0.0,,
sun3d-home_md-home_md_scan9_2012_sep_30,8,33,0.19031607262945527,"[0.15,0.20)",0.25781249999999895,1.0,0.124,1,0.0,,
sun3d-home_md-home_md_scan9_2012_sep_30,8,39,0.16728312037659718,"[0.15,0.20)",0.3164062499999987,1.0,0.409,1,1.0,1.9178545964409597,0.029080914333462715
sun3d-home_md-home_md_scan9_2012_sep_30,8,40,0.18207800941492938,"[0.15,0.20)",0.45312499999999817,1.0,0.512,1,1.0,2.0696139131004307,0.035719141364097595
sun3d-home_md-home_md_scan9_2012_sep_30,8,46,0.2484868863483524,"[0.20,0.25)",0.503906249999998,1.0,0.576,1,1.0,2.6129936722377995,0.062356799840927124
sun3d-home_md-home_md_scan9_2012_sep_30,9,12,0.36070829993441667,"[0.30,1.00]",0.7031249999999972,1.0,0.5015,1,1.0,2.509362604187772,0.06707867980003357
sun3d-home_md-home_md_scan9_2012_sep_30,9,32,0.35750200393499965,"[0.30,1.00]",0.38671874999999845,1.0,0.379,1,1.0,5.70076429807535,0.1317542940378189
sun3d-home_md-home_md_scan9_2012_sep_30,9,33,0.34351089411936164,"[0.30,1.00]",0.2812499999999989,1.0,0.127,1,0.0,,
sun3d-hotel_uc-scan3,0,11,0.29988970841662643,"[0.25,0.30)",0.8906249999999964,1.0,0.8135,1,1.0,1.7694566796898838,0.08132042735815048
sun3d-hotel_uc-scan3,0,18,0.395464258633763,"[0.30,1.00]",0.8281249999999967,1.0,0.782,1,1.0,1.5412927042334497,0.06655877828598022
sun3d-hotel_uc-scan3,0,20,0.400358447645964,"[0.30,1.00]",0.8007812499999968,1.0,0.699,1,1.0,2.953930674512829,0.10264962911605835
sun3d-hotel_uc-scan3,0,34,0.228648238781278,"[0.20,0.25)",0.746093749999997,1.0,0.5905,1,1.0,3.746692885277635,0.18993788957595825
sun3d-hotel_uc-scan3,0,4,0.2861721927345419,"[0.25,0.30)",0.749999999999997,1.0,0.679,1,1.0,1.9504363606220798,0.0534207858145237
sun3d-hotel_uc-scan3,0,43,0.36365203005445645,"[0.30,1.00]",0.9648437499999961,1.0,0.854,1,1.0,2.1758285341315395,0.11917167156934738
sun3d-hotel_uc-scan3,0,46,0.3074377886537534,"[0.30,1.00]",0.8164062499999968,1.0,0.73,1,1.0,4.663376734102716,0.19470393657684326
sun3d-hotel_uc-scan3,0,53,0.22692493279106637,"[0.20,0.25)",0.7265624999999971,1.0,0.5475,1,1.0,4.2124971249701915,0.14926962554454803
sun3d-hotel_uc-scan3,0,9,0.40435651754325497,"[0.30,1.00]",0.9453124999999962,1.0,0.854,1,1.0,2.3604912021776334,0.09337910264730453
sun3d-hotel_uc-scan3,10,11,0.2298491512187102,"[0.20,0.25)",0.7812499999999969,1.0,0.793,0,,,
sun3d-hotel_uc-scan3,10,34,0.24045377944017426,"[0.20,0.25)",0.8359374999999967,1.0,0.7065,1,1.0,3.4266842011627867,0.17036031186580658
sun3d-hotel_uc-scan3,10,46,0.24098812117226356,"[0.20,0.25)",0.8203124999999967,1.0,0.784,1,1.0,2.3835950804191026,0.10318797826766968
sun3d-hotel_uc-scan3,10,53,0.17263348267499692,"[0.15,0.20)",0.7148437499999971,1.0,0.6525,1,1.0,3.039763660452831,0.12155888229608536
sun3d-hotel_uc-scan3,11,18,0.24828751484153805,"[0.20,0.25)",0.757812499999997,1.0,0.579,1,1.0,3.1036228390293967,0.11016274243593216
sun3d-hotel_uc-scan3,11,19,0.16480957165037902,"[0.15,0.20)",0.5546874999999978,1.0,0.493,1,1.0,4.161607115778425,0.13249661028385162
sun3d-hotel_uc-scan3,11,20,0.1662252260480409,"[0.15,0.20)",0.5820312499999977,1.0,0.494,1,1.0,2.695152278483049,0.09786573052406311
sun3d-hotel_uc-scan3,11,21,0.18759704082564618,"[0.15,0.20)",0.5234374999999979,1.0,0.388,1,1.0,2.98727530170932,0.08758238703012466
sun3d-hotel_uc-scan3,11,33,0.2729473011233903,"[0.25,0.30)",0.2812499999999989,1.0,0.1455,1,0.0,,
sun3d-hotel_uc-scan3,11,43,0.17033519042834963,"[0.15,0.20)",0.5820312499999977,1.0,0.457,1,1.0,1.72918254784215,0.05402883514761925
sun3d-hotel_uc-scan3,11,44,0.20097725819709564,"[0.20,0.25)",0.7031249999999972,1.0,0.6975,1,1.0,4.349110765667892,0.15550318360328674
sun3d-hotel_uc-scan3,11,45,0.34669832861448535,"[0.30,1.00]",0.8867187499999964,1.0,0.798,1,1.0,0.7506924269462467,0.03330615535378456
sun3d-hotel_uc-scan3,11,52,0.20796419764362042,"[0.20,0.25)",0.6328124999999974,1.0,0.432,1,1.0,4.53975829925027,0.17115333676338196
sun3d-hotel_uc-scan3,12,22,0.14740539315658283,"[0.00,0.15)",0.1015624999999996,1.0,0.0685,1,1.0,7.431415474180942,0.2134743332862854
sun3d-hotel_uc-scan3,12,25,0.2284160435078178,"[0.20,0.25)",0.14062499999999944,1.0,0.141,1,0.0,,
sun3d-hotel_uc-scan3,12,30,0.24626104690686607,"[0.20,0.25)",0.41406249999999833,1.0,0.2505,1,1.0,2.8032355523229624,0.02813643403351307
sun3d-hotel_uc-scan3,12,34,0.3933831860412418,"[0.30,1.00]",0.5624999999999978,1.0,0.415,1,1.0,6.48676203555621,0.21445883810520172
sun3d-hotel_uc-scan3,12,46,0.29537729435757987,"[0.25,0.30)",0.4257812499999983,1.0,0.3345,1,1.0,2.5284781168460886,0.06408754736185074
sun3d-hotel_uc-scan3,13,15,0.4286721504112809,"[0.30,1.00]",0.9257812499999963,1.0,0.9085,1,1.0,0.9117158823540648,0.031463272869586945
sun3d-hotel_uc-scan3,13,16,0.29856639247943595,"[0.25,0.30)",0.7695312499999969,1.0,0.793,1,1.0,2.0107132002219616,0.06939112395048141
sun3d-hotel_uc-scan3,13,23,0.16578143360752057,"[0.15,0.20)",0.5195312499999979,1.0,0.5735,1,1.0,2.4713219083359643,0.052248768508434296
sun3d-hotel_uc-scan3,13,27,0.29043478260869565,"[0.25,0.30)",0.6445312499999974,1.0,0.577,1,1.0,1.5167190926931746,0.038033727556467056
sun3d-hotel_uc-scan3,13,30,0.19313748531139835,"[0.15,0.20)",0.253906249999999,1.0,0.2475,1,1.0,1.9672214151843055,0.039332762360572815
sun3d-hotel_uc-scan3,13,31,0.23440658049353702,"[0.20,0.25)",0.6796874999999973,1.0,0.6825,1,1.0,2.612094602289179,0.06663428992033005
sun3d-hotel_uc-scan3,13,33,0.37602820211515864,"[0.30,1.00]",0.8320312499999967,1.0,0.769,1,1.0,4.8578483742015,0.1302686333656311
sun3d-hotel_uc-scan3,13,47,0.31388954171562866,"[0.30,1.00]",0.8554687499999966,1.0,0.76,1,0.0,,
sun3d-hotel_uc-scan3,13,51,0.3514453584018801,"[0.30,1.00]",0.8437499999999967,1.0,0.7115,1,1.0,1.314326816116147,0.06613574177026749
sun3d-hotel_uc-scan3,14,22,0.17163189841624224,"[0.15,0.20)",0.6054687499999976,1.0,0.5115,1,0.0,,
sun3d-hotel_uc-scan3,14,27,0.3036349682550757,"[0.30,1.00]",0.9257812499999963,1.0,0.9085,1,1.0,1.1336691821856644,0.03722532093524933
sun3d-hotel_uc-scan3,14,28,0.20641177701807017,"[0.20,0.25)",0.7929687499999968,1.0,0.781,1,1.0,1.3329547380407436,0.02879221923649311
sun3d-hotel_uc-scan3,14,48,0.3287518314379404,"[0.30,1.00]",0.8124999999999968,1.0,0.7685,1,1.0,3.120983495941117,0.18169774115085602
sun3d-hotel_uc-scan3,14,50,0.4000906997837159,"[0.30,1.00]",0.7734374999999969,1.0,0.502,1,1.0,1.8264920749574964,0.026311956346035004
sun3d-hotel_uc-scan3,14,52,0.2134933370543501,"[0.20,0.25)",0.7265624999999971,1.0,0.673,1,1.0,1.8699066681643017,0.07464931160211563
sun3d-hotel_uc-scan3,15,17,0.259230513360683,"[0.25,0.30)",0.6132812499999976,1.0,0.2265,1,1.0,1.0351429071486413,0.09984300285577774
sun3d-hotel_uc-scan3,15,26,0.19957866725801088,"[0.15,0.20)",0.7929687499999968,1.0,0.8275,1,1.0,2.4410401125202115,0.08239572495222092
sun3d-hotel_uc-scan3,15,48,0.3908785157260598,"[0.30,1.00]",0.8789062499999964,1.0,0.834,1,1.0,1.1120595408487872,0.028698062524199486
sun3d-hotel_uc-scan3,15,50,0.4463539934212958,"[0.30,1.00]",0.757812499999997,1.0,0.554,1,1.0,1.5900393691895833,0.05981461703777313
sun3d-hotel_uc-scan3,15,52,0.24932549802269283,"[0.20,0.25)",0.6367187499999974,1.0,0.6195,1,1.0,1.5203274770277386,0.04166279733181
sun3d-hotel_uc-scan3,16,21,0.2528921608284119,"[0.25,0.30)",0.7890624999999969,1.0,0.7015,1,1.0,0.6013338631406743,0.03764980286359787
sun3d-hotel_uc-scan3,16,25,0.314618558369064,"[0.30,1.00]",0.9140624999999963,1.0,0.8065,1,1.0,1.289374569661795,0.04419257119297981
sun3d-hotel_uc-scan3,16,47,0.15629803413963272,"[0.15,0.20)",0.23828124999999906,1.0,0.376,1,1.0,2.0796136570261936,0.05483796447515488
sun3d-hotel_uc-scan3,16,50,0.3560391554081385,"[0.30,1.00]",0.6406249999999974,1.0,0.384,1,1.0,2.611345141038521,0.09042694419622421
sun3d-hotel_uc-scan3,16,52,0.28771944017474316,"[0.25,0.30)",0.7226562499999971,1.0,0.802,1,1.0,0.7433580974589022,0.019235050305724144
sun3d-hotel_uc-scan3,17,18,0.21205881141633376,"[0.20,0.25)",0.511718749999998,1.0,0.274,0,,,
sun3d-hotel_uc-scan3,17,23,0.3165849841439809,"[0.30,1.00]",0.5312499999999979,1.0,0.128,1,1.0,0.9779880660258967,0.09987997263669968
sun3d-hotel_uc-scan3,17,34,0.14575182241258597,"[0.00,0.15)",0.48046874999999806,1.0,0.344,1,1.0,2.918328088748964,0.1835804581642151
sun3d-hotel_uc-scan3,17,47,0.1666735307442033,"[0.15,0.20)",0.4687499999999981,1.0,0.461,1,1.0,2.430432935606155,0.045469075441360474
sun3d-hotel_uc-scan3,17,53,0.16967999670524278,"[0.15,0.20)",0.42187499999999833,1.0,0.3205,1,1.0,2.020616883972869,0.1374116837978363
sun3d-hotel_uc-scan3,18,21,0.35968566559363757,"[0.30,1.00]",0.5468749999999978,1.0,0.3125,1,1.0,1.8234894840564686,0.07431519776582718
sun3d-hotel_uc-scan3,18,34,0.2544025752698353,"[0.25,0.30)",0.7734374999999969,1.0,0.6515,1,1.0,1.3300153416022737,0.06893309205770493
sun3d-hotel_uc-scan3,18,35,0.297954932777883,"[0.25,0.30)",0.8281249999999967,1.0,0.706,1,1.0,4.868885615153445,0.21734370291233063
sun3d-hotel_uc-scan3,18,43,0.3769645900397652,"[0.30,1.00]",0.4414062499999982,1.0,0.357,1,1.0,2.3027378836355936,0.11561587452888489
sun3d-hotel_uc-scan3,18,44,0.4772770308653664,"[0.30,1.00]",0.7226562499999971,1.0,0.623,1,1.0,2.7450935366276936,0.142262265086174
sun3d-hotel_uc-scan3,18,46,0.21624692293126302,"[0.20,0.25)",0.7343749999999971,1.0,0.751,1,1.0,1.8686503210356007,0.0735713467001915
sun3d-hotel_uc-scan3,18,53,0.18391403143344065,"[0.15,0.20)",0.23046874999999908,1.0,0.2455,1,1.0,0.8336869323565506,0.028837749734520912
sun3d-hotel_uc-scan3,18,54,0.27224957394432875,"[0.25,0.30)",0.4023437499999984,1.0,0.3755,1,1.0,3.0550525692053854,0.08497458696365356
sun3d-hotel_uc-scan3,19,35,0.3386031514899371,"[0.30,1.00]",0.8515624999999966,1.0,0.633,1,1.0,2.7819264508060018,0.09927014261484146
sun3d-hotel_uc-scan3,19,44,0.3841073378750845,"[0.30,1.00]",0.7851562499999969,1.0,0.695,1,1.0,3.675356360809618,0.19957348704338074
sun3d-hotel_uc-scan3,19,45,0.4397524572260648,"[0.30,1.00]",0.8007812499999968,1.0,0.6335,1,1.0,2.8955670956558457,0.13402938842773438
sun3d-hotel_uc-scan3,19,54,0.21998023818191273,"[0.20,0.25)",0.6953124999999972,1.0,0.5675,1,1.0,3.8227473725608787,0.14514215290546417
sun3d-hotel_uc-scan3,1,11,0.3392523987206823,"[0.30,1.00]",0.9687499999999961,1.0,0.8765,1,1.0,0.9799868661585099,0.03567168116569519
sun3d-hotel_uc-scan3,1,18,0.3439498933901919,"[0.30,1.00]",0.7265624999999971,1.0,0.6575,1,1.0,2.8607442933726213,0.11460506170988083
sun3d-hotel_uc-scan3,1,20,0.341817697228145,"[0.30,1.00]",0.7265624999999971,1.0,0.6915,1,1.0,2.6439725626283317,0.10960199683904648
sun3d-hotel_uc-scan3,1,34,0.3043043710021322,"[0.30,1.00]",0.8007812499999968,1.0,0.614,1,1.0,3.0962973071318225,0.15043343603610992
sun3d-hotel_uc-scan3,1,36,0.421875,"[0.30,1.00]",0.9335937499999962,1.0,0.872,1,1.0,1.2756422493428021,0.04720252752304077
sun3d-hotel_uc-scan3,1,43,0.40001998933901917,"[0.30,1.00]",0.8085937499999968,1.0,0.72,1,1.0,3.1192266695443944,0.1316235065460205
sun3d-hotel_uc-scan3,1,46,0.3562433368869936,"[0.30,1.00]",0.8593749999999966,1.0,0.7545,1,1.0,4.374705069702083,0.1654418706893921
sun3d-hotel_uc-scan3,1,53,0.2789179104477612,"[0.25,0.30)",0.7656249999999969,1.0,0.707,1,1.0,4.232811673037777,0.12924402952194214
sun3d-hotel_uc-scan3,1,9,0.3422174840085288,"[0.30,1.00]",0.8984374999999964,1.0,0.8405,1,1.0,1.111355460740453,0.01611594296991825
sun3d-hotel_uc-scan3,20,21,0.28293895589724705,"[0.25,0.30)",0.6054687499999976,1.0,0.474,0,,,
sun3d-hotel_uc-scan3,20,34,0.15150538624436055,"[0.15,0.20)",0.6953124999999972,1.0,0.6185,1,1.0,0.9437755476006428,0.05290880426764488
sun3d-hotel_uc-scan3,20,35,0.170334223368014,"[0.15,0.20)",0.6445312499999974,1.0,0.569,1,1.0,6.054272803617422,0.258889764547348
sun3d-hotel_uc-scan3,20,37,0.20361845133965564,"[0.20,0.25)",0.21093749999999917,1.0,0.1405,1,1.0,13.595114152192167,0.4439675509929657
sun3d-hotel_uc-scan3,20,43,0.35107264524445264,"[0.30,1.00]",0.5234374999999979,1.0,0.5315,1,1.0,1.9600454144797728,0.059852782636880875
sun3d-hotel_uc-scan3,20,44,0.40235705736120064,"[0.30,1.00]",0.5937499999999977,1.0,0.5735,1,1.0,2.1590328894937234,0.06673011183738708
sun3d-hotel_uc-scan3,20,45,0.45124758309547924,"[0.30,1.00]",0.6132812499999976,1.0,0.5685,1,1.0,1.820481942548394,0.058282606303691864
sun3d-hotel_uc-scan3,20,46,0.14685572230917962,"[0.00,0.15)",0.4765624999999981,1.0,0.5515,1,1.0,2.4711635012421196,0.07828617095947266
sun3d-hotel_uc-scan3,20,53,0.1411011877359359,"[0.00,0.15)",0.20703124999999917,1.0,0.216,1,0.0,,
sun3d-hotel_uc-scan3,20,54,0.16545437804990332,"[0.15,0.20)",0.26953124999999895,1.0,0.2705,1,1.0,2.895702301816889,0.08390315622091293
sun3d-hotel_uc-scan3,21,34,0.2543046357615894,"[0.25,0.30)",0.6757812499999973,1.0,0.5735,1,1.0,2.4792293665189025,0.14263051748275757
sun3d-hotel_uc-scan3,21,35,0.18491217967175352,"[0.15,0.20)",0.35937499999999856,1.0,0.126,1,0.0,,
sun3d-hotel_uc-scan3,21,36,0.2733083789231212,"[0.25,0.30)",0.4296874999999983,1.0,0.336,1,1.0,2.2217586168840007,0.09714969247579575
sun3d-hotel_uc-scan3,21,43,0.21704578174488914,"[0.20,0.25)",0.23046874999999908,1.0,0.1915,1,0.0,,
sun3d-hotel_uc-scan3,21,45,0.23207601497264613,"[0.20,0.25)",0.3710937499999985,1.0,0.2435,1,0.0,,
sun3d-hotel_uc-scan3,21,46,0.259775410308091,"[0.25,0.30)",0.511718749999998,1.0,0.453,1,1.0,2.398330114591379,0.12314905971288681
sun3d-hotel_uc-scan3,21,47,0.17938381802476244,"[0.15,0.20)",0.4335937499999983,1.0,0.483,1,1.0,2.3608228486218827,0.04943433776497841
sun3d-hotel_uc-scan3,21,53,0.2734235531241002,"[0.25,0.30)",0.41796874999999833,1.0,0.343,1,1.0,2.8395906666904858,0.14286555349826813
sun3d-hotel_uc-scan3,21,54,0.19809962568384681,"[0.15,0.20)",0.45703124999999817,1.0,0.246,1,1.0,5.2893539937835605,0.23399898409843445
sun3d-hotel_uc-scan3,22,24,0.22021920358850663,"[0.20,0.25)",0.6249999999999976,1.0,0.5965,1,1.0,2.2501195589635454,0.09102463722229004
sun3d-hotel_uc-scan3,22,33,0.1345689983496255,"[0.00,0.15)",0.054687499999999785,1.0,0.056,1,0.0,,
sun3d-hotel_uc-scan3,22,47,0.22593203842410392,"[0.20,0.25)",0.4023437499999984,1.0,0.4525,1,1.0,1.3822516010501187,0.058207813650369644
sun3d-hotel_uc-scan3,22,48,0.3052769666962888,"[0.30,1.00]",0.5624999999999978,1.0,0.441,1,1.0,1.8213417467153568,0.06596805155277252
sun3d-hotel_uc-scan3,22,49,0.22538191358808346,"[0.20,0.25)",0.5742187499999977,1.0,0.44,1,1.0,3.128251276464789,0.10456763207912445
sun3d-hotel_uc-scan3,22,51,0.21243282129406288,"[0.20,0.25)",0.48437499999999806,1.0,0.3215,1,1.0,4.089643968830166,0.10258561372756958
sun3d-hotel_uc-scan3,22,52,0.2211925013753121,"[0.20,0.25)",0.19531249999999922,1.0,0.2245,1,1.0,2.802956220338866,0.0870421975851059
sun3d-hotel_uc-scan3,23,25,0.18708886882497097,"[0.15,0.20)",0.8476562499999966,1.0,0.7945,1,1.0,1.564730501621505,0.0326416902244091
sun3d-hotel_uc-scan3,23,48,0.1858312911131175,"[0.15,0.20)",0.8046874999999968,1.0,0.783,1,1.0,0.7138155146885146,0.019066575914621353
sun3d-hotel_uc-scan3,23,50,0.6264349284148072,"[0.30,1.00]",0.753906249999997,1.0,0.607,1,1.0,2.2198197434253797,0.09026627242565155
sun3d-hotel_uc-scan3,24,26,0.2468814256339959,"[0.20,0.25)",0.9218749999999963,1.0,0.922,1,1.0,1.8554073336803953,0.035597220063209534
sun3d-hotel_uc-scan3,24,48,0.31100068540095954,"[0.30,1.00]",0.8124999999999968,1.0,0.7655,1,1.0,0.9450187493641112,0.038499731570482254
sun3d-hotel_uc-scan3,24,50,0.5083618917066484,"[0.30,1.00]",0.6562499999999973,1.0,0.505,1,1.0,2.2012264056720716,0.009341323748230934
sun3d-hotel_uc-scan3,24,52,0.20445510623714874,"[0.20,0.25)",0.742187499999997,1.0,0.693,1,1.0,2.2177026764565024,0.036974333226680756
sun3d-hotel_uc-scan3,25,27,0.30763392574789705,"[0.30,1.00]",0.7695312499999969,1.0,0.747,1,1.0,2.4228510477018252,0.09201554954051971
sun3d-hotel_uc-scan3,25,28,0.16836379735627094,"[0.15,0.20)",0.4062499999999984,1.0,0.386,1,1.0,5.859863874903833,0.06853102892637253
sun3d-hotel_uc-scan3,25,31,0.14325469609765354,"[0.00,0.15)",0.21093749999999917,1.0,0.207,1,1.0,7.612415906882882,0.11491023004055023
sun3d-hotel_uc-scan3,25,32,0.3297704130036051,"[0.30,1.00]",0.753906249999997,1.0,0.575,1,1.0,1.6255804414818324,0.0402563251554966
sun3d-hotel_uc-scan3,25,33,0.245904749857694,"[0.20,0.25)",0.6015624999999976,1.0,0.4535,1,1.0,3.9853616839571915,0.11588582396507263
sun3d-hotel_uc-scan3,25,47,0.1723483650622984,"[0.15,0.20)",0.2226562499999991,1.0,0.1815,1,0.0,,
sun3d-hotel_uc-scan3,25,50,0.2144076908481437,"[0.20,0.25)",0.0039062499999999844,0.0,0.002,1,0.0,,
sun3d-hotel_uc-scan3,26,29,0.31698282178620857,"[0.30,1.00]",0.9374999999999962,1.0,0.912,1,1.0,1.4956711734959287,0.04286879301071167
sun3d-hotel_uc-scan3,26,49,0.17190425791744687,"[0.15,0.20)",0.3710937499999985,1.0,0.307,1,0.0,,
sun3d-hotel_uc-scan3,29,30,0.3390781790350927,"[0.30,1.00]",0.09374999999999963,0.0,0.049,0,,,
sun3d-hotel_uc-scan3,2,18,0.3613584672911607,"[0.30,1.00]",0.8242187499999967,1.0,0.661,1,1.0,4.057626764751874,0.1533707231283188
sun3d-hotel_uc-scan3,2,19,0.35445819359315367,"[0.30,1.00]",0.746093749999997,1.0,0.595,1,1.0,2.950880677738495,0.1075136736035347
sun3d-hotel_uc-scan3,2,20,0.22724644385335954,"[0.20,0.25)",0.6484374999999974,1.0,0.59,1,1.0,4.017076420482976,0.15069955587387085
sun3d-hotel_uc-scan3,2,21,0.17466558729424464,"[0.15,0.20)",0.3515624999999986,1.0,0.194,1,1.0,7.069410757385985,0.1928631067276001
sun3d-hotel_uc-scan3,2,36,0.24779306888708993,"[0.20,0.25)",0.757812499999997,1.0,0.7085,1,1.0,3.082102227546525,0.10812374204397202
sun3d-hotel_uc-scan3,2,43,0.39767163948961104,"[0.30,1.00]",0.8398437499999967,1.0,0.822,1,1.0,2.575266695621786,0.10929477214813232
sun3d-hotel_uc-scan3,2,47,0.1826066843992136,"[0.15,0.20)",0.5976562499999976,1.0,0.292,1,0.0,,
sun3d-hotel_uc-scan3,30,31,0.30407801418439717,"[0.30,1.00]",0.7031249999999972,1.0,0.669,0,,,
sun3d-hotel_uc-scan3,30,32,0.40009547190398254,"[0.30,1.00]",0.746093749999997,1.0,0.742,1,1.0,3.0852764286787533,0.09441892057657242
sun3d-hotel_uc-scan3,30,33,0.3250818330605565,"[0.30,1.00]",0.6601562499999973,1.0,0.468,1,1.0,6.314599209420599,0.2024557739496231
sun3d-hotel_uc-scan3,30,48,0.2041734860883797,"[0.20,0.25)",0.4296874999999983,1.0,0.306,1,0.0,,
sun3d-hotel_uc-scan3,31,34,0.29812540400775694,"[0.25,0.30)",0.3437499999999986,1.0,0.2835,1,1.0,9.074933465777754,0.24210727214813232
sun3d-hotel_uc-scan3,31,53,0.4134453781512605,"[0.30,1.00]",0.48828124999999806,1.0,0.33,1,1.0,5.068867720445036,0.09553374350070953
sun3d-hotel_uc-scan3,32,34,0.22658070529749882,"[0.20,0.25)",0.19531249999999922,1.0,0.1675,1,1.0,8.512208310209822,0.2844944894313812
sun3d-hotel_uc-scan3,32,53,0.34961938791362435,"[0.30,1.00]",0.46093749999999817,1.0,0.2385,1,1.0,3.740625576355164,0.12951794266700745
sun3d-hotel_uc-scan3,33,35,0.19103486958960456,"[0.15,0.20)",0.26171874999999895,1.0,0.1,1,1.0,7.457825767015351,0.2958602011203766
sun3d-hotel_uc-scan3,33,46,0.29073572029540995,"[0.25,0.30)",0.507812499999998,1.0,0.3375,1,1.0,1.7312184994094928,0.08979623764753342
sun3d-hotel_uc-scan3,34,43,0.19472863499790818,"[0.15,0.20)",0.3749999999999985,1.0,0.2895,1,1.0,5.846334538909075,0.2435740828514099
sun3d-hotel_uc-scan3,34,44,0.1969725782527669,"[0.15,0.20)",0.6601562499999973,1.0,0.562,1,1.0,4.203002100280901,0.18503165245056152
sun3d-hotel_uc-scan3,34,45,0.35922108546000836,"[0.30,1.00]",0.8281249999999967,1.0,0.6815,1,1.0,2.674153761565992,0.08811457455158234
sun3d-hotel_uc-scan3,34,52,0.29152245844901686,"[0.25,0.30)",0.7851562499999969,1.0,0.595,1,1.0,3.692683238292647,0.12223968654870987
sun3d-hotel_uc-scan3,35,36,0.1673116814762067,"[0.15,0.20)",0.6484374999999974,1.0,0.6525,0,,,
sun3d-hotel_uc-scan3,35,43,0.167187838632775,"[0.15,0.20)",0.503906249999998,1.0,0.4665,1,1.0,2.717573668317299,0.14343202114105225
sun3d-hotel_uc-scan3,35,44,0.2625468280751726,"[0.25,0.30)",0.8320312499999967,1.0,0.8135,1,1.0,2.503583872288411,0.1366339474916458
sun3d-hotel_uc-scan3,35,45,0.3811263506610112,"[0.30,1.00]",0.9648437499999961,1.0,0.8795,1,1.0,1.8118614678531444,0.10677120834589005
sun3d-hotel_uc-scan3,35,46,0.40205579120096596,"[0.30,1.00]",0.9062499999999963,1.0,0.6735,1,1.0,4.7264630423401,0.1722131073474884
sun3d-hotel_uc-scan3,35,53,0.3342518344221183,"[0.30,1.00]",0.8437499999999967,1.0,0.6025,1,1.0,4.092133285322065,0.13031752407550812
sun3d-hotel_uc-scan3,36,37,0.2826595276017486,"[0.25,0.30)",0.8359374999999967,1.0,0.722,0,,,
sun3d-hotel_uc-scan3,36,43,0.3850011860788234,"[0.30,1.00]",0.746093749999997,1.0,0.6645,1,1.0,2.154132217989101,0.10828613489866257
sun3d-hotel_uc-scan3,36,44,0.4400352434850385,"[0.30,1.00]",0.8710937499999966,1.0,0.777,1,1.0,1.8471617316635651,0.08627087622880936
sun3d-hotel_uc-scan3,36,45,0.4273611440577451,"[0.30,1.00]",0.8906249999999964,1.0,0.756,1,1.0,2.0513771170259654,0.0904185026884079
sun3d-hotel_uc-scan3,37,42,0.2769546236274639,"[0.25,0.30)",0.5468749999999978,1.0,0.571,1,1.0,1.9707996210295506,0.05670107528567314
sun3d-hotel_uc-scan3,37,43,0.25115756052387883,"[0.25,0.30)",0.5273437499999979,1.0,0.4275,1,1.0,1.893618953724838,0.03882182389497757
sun3d-hotel_uc-scan3,37,44,0.21008069850509326,"[0.20,0.25)",0.36328124999999856,1.0,0.2795,1,1.0,4.223362237630882,0.10821504145860672
sun3d-hotel_uc-scan3,38,42,0.33109664496745117,"[0.30,1.00]",0.6093749999999976,1.0,0.683,1,1.0,1.7128078418196595,0.06003696843981743
sun3d-hotel_uc-scan3,39,44,0.3348001466813348,"[0.30,1.00]",0.6249999999999976,1.0,0.5415,1,1.0,4.252660952988121,0.06201240047812462
sun3d-hotel_uc-scan3,3,11,0.38215482841181164,"[0.30,1.00]",0.9492187499999962,1.0,0.8405,1,1.0,2.2684849192414687,0.09616081416606903
sun3d-hotel_uc-scan3,3,18,0.3309816440542698,"[0.30,1.00]",0.7812499999999969,1.0,0.715,1,1.0,2.8556762181018294,0.10801097750663757
sun3d-hotel_uc-scan3,3,20,0.2435434956105347,"[0.20,0.25)",0.6718749999999973,1.0,0.6365,1,1.0,2.932781143285725,0.10534181445837021
sun3d-hotel_uc-scan3,3,34,0.3101675977653631,"[0.30,1.00]",0.7343749999999971,1.0,0.5105,1,1.0,3.8462382649980476,0.208669975399971
sun3d-hotel_uc-scan3,3,36,0.28118116520351155,"[0.25,0.30)",0.8945312499999964,1.0,0.847,1,1.0,1.8963041589965717,0.07197757810354233
sun3d-hotel_uc-scan3,3,43,0.2587709497206704,"[0.25,0.30)",0.8828124999999964,1.0,0.7615,1,1.0,3.5029697626494047,0.1758272349834442
sun3d-hotel_uc-scan3,3,44,0.41136472466081403,"[0.30,1.00]",0.9179687499999963,1.0,0.8765,1,1.0,3.032542233584078,0.1626264899969101
sun3d-hotel_uc-scan3,3,46,0.35195530726256985,"[0.30,1.00]",0.8398437499999967,1.0,0.713,1,1.0,5.02039787199466,0.2046830654144287
sun3d-hotel_uc-scan3,3,53,0.26100558659217876,"[0.25,0.30)",0.6484374999999974,1.0,0.436,1,1.0,5.0596600104556995,0.16733495891094208
sun3d-hotel_uc-scan3,40,43,0.41124235570076234,"[0.30,1.00]",0.7187499999999971,1.0,0.659,1,1.0,3.1367506993754986,0.021884476765990257
sun3d-hotel_uc-scan3,40,44,0.26229370863701096,"[0.25,0.30)",0.5234374999999979,1.0,0.473,1,1.0,3.870295169393345,0.04722651094198227
sun3d-hotel_uc-scan3,41,44,0.3040212107821476,"[0.30,1.00]",0.6289062499999974,1.0,0.602,1,1.0,2.3601595091572447,0.032723162323236465
sun3d-hotel_uc-scan3,42,45,0.39398862713241267,"[0.30,1.00]",0.6562499999999973,1.0,0.5335,1,1.0,2.122094357312796,0.08177674561738968
sun3d-hotel_uc-scan3,42,54,0.21635526672082317,"[0.20,0.25)",0.17968749999999928,1.0,0.1755,1,1.0,7.592746356174214,0.15778522193431854
sun3d-hotel_uc-scan3,43,46,0.23913825672393632,"[0.20,0.25)",0.35546874999999856,1.0,0.4185,1,1.0,1.4464508877287676,0.030421124771237373
sun3d-hotel_uc-scan3,43,53,0.26504452640100745,"[0.25,0.30)",0.5820312499999977,1.0,0.562,1,1.0,4.089452420289472,0.07719659060239792
sun3d-hotel_uc-scan3,44,46,0.2539479104682565,"[0.25,0.30)",0.7265624999999971,1.0,0.677,1,1.0,2.3455186054756214,0.08674982935190201
sun3d-hotel_uc-scan3,44,53,0.19920355197509956,"[0.15,0.20)",0.5664062499999978,1.0,0.517,1,1.0,4.389187011881344,0.15767765045166016
sun3d-hotel_uc-scan3,45,53,0.32851181070459057,"[0.30,1.00]",0.8632812499999966,1.0,0.7665,1,1.0,3.084641849508817,0.09432084113359451
sun3d-hotel_uc-scan3,46,48,0.17010309278350516,"[0.15,0.20)",0.1015624999999996,0.0,0.0215,1,0.0,,
sun3d-hotel_uc-scan3,47,54,0.2307137943459888,"[0.20,0.25)",0.6015624999999976,1.0,0.401,1,1.0,6.274167622177851,0.2393258512020111
sun3d-hotel_uc-scan3,48,53,0.32699667221297835,"[0.30,1.00]",0.6132812499999976,1.0,0.321,1,1.0,5.791090028706932,0.2560555040836334
sun3d-hotel_uc-scan3,49,52,0.21028861571352217,"[0.20,0.25)",0.8437499999999967,1.0,0.8305,1,1.0,4.357389186715032,0.18245340883731842
sun3d-hotel_uc-scan3,4,10,0.5031569536793876,"[0.30,1.00]",0.8828124999999964,1.0,0.8515,1,1.0,1.501677727980025,0.03557782247662544
sun3d-hotel_uc-scan3,4,19,0.4719226686036766,"[0.30,1.00]",0.7890624999999969,1.0,0.7165,1,1.0,0.5524928553197485,0.08012396097183228
sun3d-hotel_uc-scan3,4,38,0.25808794770073196,"[0.25,0.30)",0.49218749999999806,1.0,0.3755,1,1.0,1.3329547380407436,0.01947971247136593
sun3d-hotel_uc-scan3,4,39,0.2880371011901436,"[0.25,0.30)",0.46093749999999817,1.0,0.365,1,1.0,3.0596627476879337,0.0529649592936039
sun3d-hotel_uc-scan3,4,40,0.20981170028496396,"[0.20,0.25)",0.14062499999999944,1.0,0.1695,1,1.0,2.9655712923791193,0.06869937479496002
sun3d-hotel_uc-scan3,4,41,0.21126445773034586,"[0.20,0.25)",0.5195312499999979,1.0,0.491,1,1.0,1.0871454901679325,0.02930981107056141
sun3d-hotel_uc-scan3,4,43,0.17243113370956026,"[0.15,0.20)",0.3515624999999986,1.0,0.284,1,1.0,4.416323780797102,0.07374799251556396
sun3d-hotel_uc-scan3,4,44,0.2695982566910655,"[0.25,0.30)",0.4453124999999982,1.0,0.366,1,1.0,2.6957332374362366,0.07348161935806274
sun3d-hotel_uc-scan3,4,45,0.27719729563614015,"[0.25,0.30)",0.6328124999999974,1.0,0.4875,1,1.0,1.630388763067292,0.04619261249899864
sun3d-hotel_uc-scan3,4,7,0.2787059283678829,"[0.25,0.30)",0.5742187499999977,1.0,0.4765,1,1.0,4.016783912197884,0.07295839488506317
sun3d-hotel_uc-scan3,4,8,0.31301335419344023,"[0.30,1.00]",0.7109374999999971,1.0,0.603,1,1.0,0.8213911741330813,0.02785138413310051
sun3d-hotel_uc-scan3,51,52,0.25661802685950413,"[0.25,0.30)",0.8671874999999966,1.0,0.8765,0,,,
sun3d-hotel_uc-scan3,5,36,0.331945889698231,"[0.30,1.00]",0.5429687499999978,1.0,0.3075,1,1.0,5.847474348542436,0.18343329429626465
sun3d-hotel_uc-scan3,5,42,0.19302809573361082,"[0.15,0.20)",0.46093749999999817,1.0,0.3975,1,1.0,4.565487244395168,0.11378360539674759
sun3d-hotel_uc-scan3,5,43,0.1817303404192062,"[0.15,0.20)",0.48437499999999806,1.0,0.408,1,1.0,3.8146454348660472,0.0807076022028923
sun3d-hotel_uc-scan3,5,44,0.18470343392299687,"[0.15,0.20)",0.39062499999999845,1.0,0.3265,1,1.0,7.1031288297215,0.2001776546239853
sun3d-hotel_uc-scan3,6,36,0.33980067228873034,"[0.30,1.00]",0.5468749999999978,1.0,0.3805,1,1.0,5.668769936166496,0.16863197088241577
sun3d-hotel_uc-scan3,6,42,0.2509288199563602,"[0.25,0.30)",0.6757812499999973,1.0,0.6535,1,1.0,1.5662305766418076,0.039708200842142105
sun3d-hotel_uc-scan3,6,43,0.23594975526331308,"[0.20,0.25)",0.6445312499999974,1.0,0.5795,1,1.0,2.0210042752145703,0.021865753456950188
sun3d-hotel_uc-scan3,6,44,0.20905820605059858,"[0.20,0.25)",0.511718749999998,1.0,0.3875,1,1.0,2.8904245790208467,0.0870189219713211
sun3d-hotel_uc-scan3,7,36,0.2550152820227841,"[0.25,0.30)",0.33593749999999867,1.0,0.2985,1,1.0,4.664048771178313,0.1552949845790863
sun3d-hotel_uc-scan3,7,42,0.3030286190608502,"[0.30,1.00]",0.7343749999999971,1.0,0.7135,1,1.0,1.748540326146783,0.055280718952417374
sun3d-hotel_uc-scan3,7,43,0.1821061405946096,"[0.15,0.20)",0.39062499999999845,1.0,0.451,1,1.0,1.481473143421299,0.02225361205637455
sun3d-hotel_uc-scan3,8,10,0.22177670238506741,"[0.20,0.25)",0.6015624999999976,1.0,0.468,1,1.0,2.311221849631178,0.050718773156404495
sun3d-hotel_uc-scan3,8,18,0.2017283097131006,"[0.20,0.25)",0.09374999999999963,0.0,0.0325,1,0.0,,
sun3d-hotel_uc-scan3,8,20,0.21783615623919805,"[0.20,0.25)",0.042968749999999827,0.0,0.007,1,0.0,,
sun3d-hotel_uc-scan3,8,36,0.43249222260629105,"[0.30,1.00]",0.5976562499999976,1.0,0.4725,1,1.0,5.640209530570632,0.13963191211223602
sun3d-hotel_uc-scan3,8,43,0.3233321811268579,"[0.30,1.00]",0.6445312499999974,1.0,0.665,1,1.0,1.0294561538197802,0.021416286006569862
sun3d-hotel_uc-scan3,8,44,0.25433805737988247,"[0.25,0.30)",0.5234374999999979,1.0,0.4755,1,1.0,3.5931403130817094,0.10144836455583572
sun3d-hotel_uc-scan3,9,18,0.32201209314293067,"[0.30,1.00]",0.749999999999997,1.0,0.517,1,1.0,2.777419508341919,0.05153241008520126
sun3d-hotel_uc-scan3,9,19,0.334705604871564,"[0.30,1.00]",0.8710937499999966,1.0,0.6915,1,1.0,1.5486393155581588,0.026298265904188156
sun3d-hotel_uc-scan3,9,20,0.42977829237960463,"[0.30,1.00]",0.8164062499999968,1.0,0.628,1,1.0,1.814236180312021,0.05107314884662628
sun3d-hotel_uc-scan3,9,37,0.316694540932287,"[0.30,1.00]",0.8515624999999966,1.0,0.7225,1,1.0,1.3582591543608167,0.015292791649699211
sun3d-hotel_uc-scan3,9,38,0.23615935503237703,"[0.20,0.25)",0.8085937499999968,1.0,0.724,1,1.0,0.6148487993810771,0.05742911249399185
sun3d-hotel_uc-scan3,9,39,0.2969681375702217,"[0.25,0.30)",0.8867187499999964,1.0,0.728,1,1.0,2.358500344725326,0.03247017785906792
sun3d-hotel_uc-scan3,9,40,0.2305416184227454,"[0.20,0.25)",0.8007812499999968,1.0,0.732,1,1.0,2.505147005387234,0.058358389884233475
sun3d-hotel_uc-scan3,9,41,0.23615935503237703,"[0.20,0.25)",0.8320312499999967,1.0,0.7695,1,1.0,2.05709347582389,0.0451941080391407
sun3d-hotel_uc-scan3,9,42,0.29405206055148164,"[0.25,0.30)",0.8242187499999967,1.0,0.748,1,1.0,1.3288377628067642,0.031494952738285065
sun3d-hotel_umd-maryland_hotel1,0,10,0.3479901393570458,"[0.30,1.00]",0.8867187499999964,1.0,0.794,1,1.0,2.9259649785043638,0.04706009104847908
sun3d-hotel_umd-maryland_hotel1,0,15,0.2427931780449766,"[0.20,0.25)",0.7773437499999969,1.0,0.751,1,1.0,1.1796854680519475,0.028102746233344078
sun3d-hotel_umd-maryland_hotel1,0,23,0.45545102379634755,"[0.30,1.00]",0.8007812499999968,1.0,0.692,1,1.0,2.4993585329001653,0.0799790471792221
sun3d-hotel_umd-maryland_hotel1,0,29,0.1740202243799366,"[0.15,0.20)",0.5390624999999979,1.0,0.4475,1,1.0,4.577142290608647,0.24945953488349915
sun3d-hotel_umd-maryland_hotel1,0,8,0.23092015897771292,"[0.20,0.25)",0.6757812499999973,1.0,0.707,1,1.0,2.625548347805814,0.03422235697507858
sun3d-hotel_umd-maryland_hotel1,0,9,0.3225838909292147,"[0.30,1.00]",0.8906249999999964,1.0,0.8975,1,1.0,2.7820671752034447,0.0634956955909729
sun3d-hotel_umd-maryland_hotel1,10,13,0.21318399696265009,"[0.20,0.25)",0.5546874999999978,1.0,0.5125,1,1.0,1.783557293169601,0.05144645646214485
sun3d-hotel_umd-maryland_hotel1,10,14,0.36471928242608326,"[0.30,1.00]",0.8906249999999964,1.0,0.8585,1,1.0,2.9708474176805812,0.0874594897031784
sun3d-hotel_umd-maryland_hotel1,10,19,0.12287029566703052,"[0.00,0.15)",0.0,0.0,0.0,1,0.0,,
sun3d-hotel_umd-maryland_hotel1,10,20,0.21854681790138106,"[0.20,0.25)",0.3515624999999986,1.0,0.3555,1,1.0,3.7085567905063357,0.10077779740095139
sun3d-hotel_umd-maryland_hotel1,10,21,0.1752645816525082,"[0.15,0.20)",0.0507812499999998,0.0,0.0055,1,0.0,,
sun3d-hotel_umd-maryland_hotel1,10,23,0.17013905367566798,"[0.15,0.20)",0.42187499999999833,1.0,0.247,1,1.0,1.9787280324859047,0.09784150868654251
sun3d-hotel_umd-maryland_hotel1,10,24,0.23748279626026292,"[0.20,0.25)",0.761718749999997,1.0,0.653,1,1.0,2.3356511817667305,0.08157546818256378
sun3d-hotel_umd-maryland_hotel1,10,25,0.34046794172084854,"[0.30,1.00]",0.8476562499999966,1.0,0.8395,1,1.0,1.7404632616907845,0.06465660035610199
sun3d-hotel_umd-maryland_hotel1,10,29,0.3111385316311518,"[0.30,1.00]",0.19140624999999922,1.0,0.2215,1,1.0,2.9401142148926733,0.19145597517490387
sun3d-hotel_umd-maryland_hotel1,11,17,0.4510515512984502,"[0.30,1.00]",0.9023437499999964,1.0,0.876,1,1.0,1.582142904921682,0.06345544010400772
sun3d-hotel_umd-maryland_hotel1,11,18,0.3331052741172621,"[0.30,1.00]",0.8671874999999966,1.0,0.743,1,1.0,2.194101804845756,0.06819558143615723
sun3d-hotel_umd-maryland_hotel1,11,27,0.29782550495285126,"[0.25,0.30)",0.3085937499999988,1.0,0.304,1,1.0,1.972784709910508,0.05864676460623741
sun3d-hotel_umd-maryland_hotel1,11,28,0.42255406490763603,"[0.30,1.00]",0.41406249999999833,1.0,0.4525,1,1.0,2.5725290158655287,0.10591457784175873
sun3d-hotel_umd-maryland_hotel1,11,32,0.3010381652140286,"[0.30,1.00]",0.5976562499999976,1.0,0.419,1,1.0,2.454792856293814,0.07282919436693192
sun3d-hotel_umd-maryland_hotel1,12,15,0.1852802945879161,"[0.15,0.20)",0.5937499999999977,1.0,0.519,1,1.0,3.2744080611690562,0.034864168614149094
sun3d-hotel_umd-maryland_hotel1,12,23,0.2818450506322981,"[0.25,0.30)",0.3749999999999985,1.0,0.185,1,0.0,,
sun3d-hotel_umd-maryland_hotel1,12,27,0.2574737148117641,"[0.25,0.30)",0.5624999999999978,1.0,0.447,1,1.0,3.2325266235628867,0.1255592554807663
sun3d-hotel_umd-maryland_hotel1,12,28,0.2728814380541693,"[0.25,0.30)",0.6835937499999972,1.0,0.54,1,1.0,2.350186962727243,0.08624278008937836
sun3d-hotel_umd-maryland_hotel1,12,29,0.1709869664227918,"[0.15,0.20)",0.19531249999999922,1.0,0.168,1,0.0,,
sun3d-hotel_umd-maryland_hotel1,13,25,0.12242268041237113,"[0.00,0.15)",0.1015624999999996,0.0,0.042,1,0.0,,
sun3d-hotel_umd-maryland_hotel1,13,26,0.21311766797013865,"[0.20,0.25)",0.14062499999999944,1.0,0.065,1,0.0,,
sun3d-hotel_umd-maryland_hotel1,14,15,0.3576687432425475,"[0.30,1.00]",0.9335937499999962,1.0,0.812,0,,,
sun3d-hotel_umd-maryland_hotel1,14,29,0.17494722751377234,"[0.15,0.20)",0.4492187499999982,1.0,0.3055,1,1.0,2.579064210870551,0.14042384922504425
sun3d-hotel_umd-maryland_hotel1,15,24,0.2767853280851248,"[0.25,0.30)",0.7773437499999969,1.0,0.6595,1,1.0,5.281939638309589,0.208541139960289
sun3d-hotel_umd-maryland_hotel1,15,25,0.34309442449932953,"[0.30,1.00]",0.8398437499999967,1.0,0.7835,1,1.0,4.0982544027670045,0.17092587053775787
sun3d-hotel_umd-maryland_hotel1,17,18,0.15087602505522438,"[0.15,0.20)",0.8007812499999968,1.0,0.668,0,,,
sun3d-hotel_umd-maryland_hotel1,17,22,0.23838775077919327,"[0.20,0.25)",0.9218749999999963,1.0,0.885,1,1.0,0.9185582698009547,0.045302312821149826
sun3d-hotel_umd-maryland_hotel1,17,27,0.3875086997306866,"[0.30,1.00]",0.9062499999999963,1.0,0.7705,1,1.0,2.0151855904393376,0.03700536862015724
sun3d-hotel_umd-maryland_hotel1,17,29,0.19157563470209096,"[0.15,0.20)",0.3164062499999987,1.0,0.304,1,0.0,,
sun3d-hotel_umd-maryland_hotel1,17,32,0.24522649559717977,"[0.20,0.25)",0.6757812499999973,1.0,0.5005,1,1.0,2.8444121117957355,0.03334473818540573
sun3d-hotel_umd-maryland_hotel1,18,19,0.2607585591682303,"[0.25,0.30)",0.7929687499999968,1.0,0.701,0,,,
sun3d-hotel_umd-maryland_hotel1,18,27,0.1710295610446338,"[0.15,0.20)",0.4765624999999981,1.0,0.486,1,1.0,4.7038625500502445,0.0575212799012661
sun3d-hotel_umd-maryland_hotel1,18,28,0.23476575717493617,"[0.20,0.25)",0.761718749999997,1.0,0.6385,1,1.0,1.9233571238535114,0.045240890234708786
sun3d-hotel_umd-maryland_hotel1,18,32,0.33655295456642775,"[0.30,1.00]",0.6484374999999974,1.0,0.6325,1,1.0,0.77531217442608,0.06011490896344185
sun3d-hotel_umd-maryland_hotel1,18,33,0.4592881971146452,"[0.30,1.00]",0.9218749999999963,1.0,0.8165,1,1.0,0.5496522344246391,0.04700250178575516
sun3d-hotel_umd-maryland_hotel1,18,35,0.42945030606908857,"[0.30,1.00]",0.9179687499999963,1.0,0.8185,1,1.0,0.7038777970203032,0.033726997673511505
sun3d-hotel_umd-maryland_hotel1,18,36,0.17376726444984467,"[0.15,0.20)",0.16406249999999933,1.0,0.0895,1,0.0,,
sun3d-hotel_umd-maryland_hotel1,19,20,0.22595214313631823,"[0.20,0.25)",0.8124999999999968,1.0,0.771,0,,,
sun3d-hotel_umd-maryland_hotel1,19,30,0.4763104182047162,"[0.30,1.00]",0.9023437499999964,1.0,0.73,1,1.0,1.1843209569913566,0.06601559370756149
sun3d-hotel_umd-maryland_hotel1,19,35,0.15203891084379206,"[0.15,0.20)",0.3789062499999985,1.0,0.3095,1,1.0,7.002218368334805,0.08733582496643066
sun3d-hotel_umd-maryland_hotel1,19,36,0.16610934989360315,"[0.15,0.20)",0.14843749999999942,1.0,0.085,1,0.0,,
sun3d-hotel_umd-maryland_hotel1,19,37,0.16237460372606072,"[0.15,0.20)",0.09374999999999963,0.0,0.022,1,0.0,,
sun3d-hotel_umd-maryland_hotel1,1,26,0.2913265953397894,"[0.25,0.30)",0.7031249999999972,1.0,0.6905,1,1.0,1.3568176569090908,0.058714859187603
sun3d-hotel_umd-maryland_hotel1,22,27,0.30940401823400304,"[0.30,1.00]",0.4687499999999981,1.0,0.4485,1,1.0,1.2583439046617317,0.016088638454675674
sun3d-hotel_umd-maryland_hotel1,22,33,0.4533175755529293,"[0.30,1.00]",0.8632812499999966,1.0,0.819,1,1.0,2.166453461935583,0.07363366335630417
sun3d-hotel_umd-maryland_hotel1,22,35,0.3618436603072767,"[0.30,1.00]",0.8710937499999966,1.0,0.7105,1,1.0,3.0652880031136998,0.09740165621042252
sun3d-hotel_umd-maryland_hotel1,23,24,0.4644662275999387,"[0.30,1.00]",0.9062499999999963,1.0,0.7925,0,,,
sun3d-hotel_umd-maryland_hotel1,23,25,0.5224383519681421,"[0.30,1.00]",0.8749999999999966,1.0,0.738,1,1.0,2.2879008298826498,0.09007081389427185
sun3d-hotel_umd-maryland_hotel1,23,26,0.31294991576045333,"[0.30,1.00]",0.6757812499999973,1.0,0.4685,1,1.0,0.8430231908366894,0.10404209792613983
sun3d-hotel_umd-maryland_hotel1,23,29,0.19953285342318886,"[0.15,0.20)",0.36718749999999856,1.0,0.1915,1,0.0,,
sun3d-hotel_umd-maryland_hotel1,25,27,0.1641298609889143,"[0.15,0.20)",0.503906249999998,1.0,0.2375,1,0.0,,
sun3d-hotel_umd-maryland_hotel1,25,29,0.3301513285236671,"[0.30,1.00]",0.8437499999999967,1.0,0.735,1,1.0,1.198119836517996,0.07529860734939575
sun3d-hotel_umd-maryland_hotel1,25,32,0.18190216434981524,"[0.15,0.20)",0.5234374999999979,1.0,0.3255,1,1.0,4.1168486683562895,0.11849350482225418
sun3d-hotel_umd-maryland_hotel1,26,27,0.2789505535580791,"[0.25,0.30)",0.9062499999999963,1.0,0.8355,0,,,
sun3d-hotel_umd-maryland_hotel1,26,32,0.3313516784735325,"[0.30,1.00]",0.9570312499999962,1.0,0.797,1,1.0,1.1487585042241961,0.041867952793836594
sun3d-hotel_umd-maryland_hotel1,28,33,0.121878257716539,"[0.00,0.15)",0.5820312499999977,1.0,0.6565,1,1.0,2.761303790385008,0.10124749690294266
sun3d-hotel_umd-maryland_hotel1,2,12,0.23825061537580858,"[0.20,0.25)",0.6523437499999974,1.0,0.483,1,1.0,5.383722487083327,0.1742694079875946
sun3d-hotel_umd-maryland_hotel1,2,23,0.4275860095025474,"[0.30,1.00]",0.8046874999999968,1.0,0.6675,1,1.0,2.40582652340559,0.1227591335773468
sun3d-hotel_umd-maryland_hotel1,2,24,0.18644455893296696,"[0.15,0.20)",0.7031249999999972,1.0,0.534,1,1.0,3.896817647075791,0.20285432040691376
sun3d-hotel_umd-maryland_hotel1,2,25,0.18512794092392237,"[0.15,0.20)",0.738281249999997,1.0,0.713,1,1.0,6.43394927920916,0.2786930203437805
sun3d-hotel_umd-maryland_hotel1,2,3,0.22036178373118095,"[0.20,0.25)",0.9140624999999963,1.0,0.897,0,,,
sun3d-hotel_umd-maryland_hotel1,32,33,0.1940245208903702,"[0.15,0.20)",0.8437499999999967,1.0,0.8185,0,,,
sun3d-hotel_umd-maryland_hotel1,35,36,0.24189993387701125,"[0.20,0.25)",0.35546874999999856,1.0,0.2705,0,,,
sun3d-hotel_umd-maryland_hotel1,35,37,0.19230769230769232,"[0.15,0.20)",0.3203124999999987,1.0,0.222,1,1.0,3.584192433575803,0.0406682975590229
sun3d-hotel_umd-maryland_hotel1,36,38,0.41469440832249677,"[0.30,1.00]",0.7773437499999969,1.0,0.775,1,1.0,0.8613922078970248,0.05305282399058342
sun3d-hotel_umd-maryland_hotel1,36,39,0.3001950585175553,"[0.30,1.00]",0.6093749999999976,1.0,0.7015,1,1.0,2.332632476153277,0.09630715101957321
sun3d-hotel_umd-maryland_hotel1,36,42,0.24226267880364108,"[0.20,0.25)",0.14843749999999942,1.0,0.233,1,0.0,,
sun3d-hotel_umd-maryland_hotel1,36,53,0.19193758127438232,"[0.15,0.20)",0.0,0.0,0.001,1,0.0,,
sun3d-hotel_umd-maryland_hotel1,36,55,0.4334850455136541,"[0.30,1.00]",0.03906249999999985,0.0,0.002,1,0.0,,
sun3d-hotel_umd-maryland_hotel1,36,56,0.3544213263979194,"[0.30,1.00]",0.6054687499999976,1.0,0.6685,1,1.0,2.9422440433408577,0.1587931364774704
sun3d-hotel_umd-maryland_hotel1,37,38,0.41950369637896123,"[0.30,1.00]",0.7031249999999972,1.0,0.7865,0,,,
sun3d-hotel_umd-maryland_hotel1,37,39,0.34388096247115885,"[0.30,1.00]",0.6601562499999973,1.0,0.661,1,1.0,1.4859575217099903,0.0933576300740242
sun3d-hotel_umd-maryland_hotel1,37,41,0.4812826670433677,"[0.30,1.00]",0.8046874999999968,1.0,0.856,1,1.0,2.999700378179316,0.06416195631027222
sun3d-hotel_umd-maryland_hotel1,37,42,0.21848660356924235,"[0.20,0.25)",0.08984374999999964,1.0,0.089,1,0.0,,
sun3d-hotel_umd-maryland_hotel1,37,55,0.33841879738192776,"[0.30,1.00]",0.027343749999999892,0.0,0.0,1,0.0,,
sun3d-hotel_umd-maryland_hotel1,37,56,0.44252954748787493,"[0.30,1.00]",0.6210937499999976,1.0,0.576,1,1.0,2.230550447974965,0.1582770198583603
sun3d-hotel_umd-maryland_hotel1,38,55,0.2781228433402346,"[0.25,0.30)",0.03515624999999986,0.0,0.0,1,0.0,,
sun3d-hotel_umd-maryland_hotel1,3,11,0.2787503587388791,"[0.25,0.30)",0.5703124999999977,1.0,0.578,1,1.0,1.8191914746125883,0.06691187620162964
sun3d-hotel_umd-maryland_hotel1,3,15,0.1662498462547661,"[0.15,0.20)",0.5585937499999978,1.0,0.452,1,1.0,1.9644338619203439,0.028789516538381577
sun3d-hotel_umd-maryland_hotel1,3,23,0.22746094871058997,"[0.20,0.25)",0.1992187499999992,1.0,0.098,1,0.0,,
sun3d-hotel_umd-maryland_hotel1,3,27,0.25124021155344184,"[0.25,0.30)",0.7187499999999971,1.0,0.6125,1,1.0,2.591934173554226,0.1338428407907486
sun3d-hotel_umd-maryland_hotel1,3,28,0.2782173752613669,"[0.25,0.30)",0.6679687499999973,1.0,0.5955,1,1.0,0.9803861372170211,0.08721313625574112
sun3d-hotel_umd-maryland_hotel1,40,41,0.29481710084414997,"[0.25,0.30)",0.6523437499999974,1.0,0.6395,0,,,
sun3d-hotel_umd-maryland_hotel1,41,42,0.1807839603514305,"[0.15,0.20)",0.04687499999999981,1.0,0.1095,0,,,
sun3d-hotel_umd-maryland_hotel1,41,53,0.156341518359991,"[0.15,0.20)",0.023437499999999906,0.0,0.0015,1,0.0,,
sun3d-hotel_umd-maryland_hotel1,41,55,0.36258166253660734,"[0.30,1.00]",0.07421874999999971,0.0,0.002,1,0.0,,
sun3d-hotel_umd-maryland_hotel1,42,53,0.3079808413641872,"[0.30,1.00]",0.0039062499999999844,0.0,0.0,1,0.0,,
sun3d-hotel_umd-maryland_hotel1,42,55,0.4190663050377979,"[0.30,1.00]",0.10937499999999957,1.0,0.108,1,0.0,,
sun3d-hotel_umd-maryland_hotel1,43,45,0.26267435997983307,"[0.25,0.30)",0.6718749999999973,1.0,0.6035,1,1.0,5.180205203521539,0.08152519166469574
sun3d-hotel_umd-maryland_hotel1,43,48,0.3270405019326648,"[0.30,1.00]",0.6953124999999972,1.0,0.6015,1,1.0,2.0974184665339193,0.062414687126874924
sun3d-hotel_umd-maryland_hotel1,43,49,0.3002632905719568,"[0.30,1.00]",0.757812499999997,1.0,0.7855,1,1.0,3.475248934784327,0.054434213787317276
sun3d-hotel_umd-maryland_hotel1,43,53,0.17517225925718446,"[0.15,0.20)",0.06249999999999975,0.0,0.0445,1,0.0,,
sun3d-hotel_umd-maryland_hotel1,43,55,0.2761750042014453,"[0.25,0.30)",0.46484374999999817,1.0,0.4565,1,1.0,2.4048500553835956,0.02218759059906006
sun3d-hotel_umd-maryland_hotel1,44,45,0.2122741569746178,"[0.20,0.25)",0.5234374999999979,1.0,0.5605,0,,,
sun3d-hotel_umd-maryland_hotel1,44,47,0.23173140223831468,"[0.20,0.25)",0.6132812499999976,1.0,0.6455,1,1.0,4.376853560304276,0.08128266036510468
sun3d-hotel_umd-maryland_hotel1,44,52,0.13503035622851292,"[0.00,0.15)",0.0039062499999999844,0.0,0.0,1,0.0,,
sun3d-hotel_umd-maryland_hotel1,45,46,0.20804250442754454,"[0.20,0.25)",0.3749999999999985,1.0,0.4475,0,,,
sun3d-hotel_umd-maryland_hotel1,47,48,0.27543763676148797,"[0.25,0.30)",0.3476562499999986,1.0,0.445,0,,,
sun3d-hotel_umd-maryland_hotel1,47,56,0.22579321663019694,"[0.20,0.25)",0.12890624999999947,1.0,0.207,1,0.0,,
sun3d-hotel_umd-maryland_hotel1,48,49,0.146782431052094,"[0.00,0.15)",0.3124999999999988,1.0,0.242,0,,,
sun3d-hotel_umd-maryland_hotel1,49,54,0.21372916461189467,"[0.20,0.25)",0.19140624999999922,1.0,0.134,1,0.0,,
sun3d-hotel_umd-maryland_hotel1,4,11,0.3683566181765807,"[0.30,1.00]",0.5937499999999977,1.0,0.5715,1,1.0,2.3032478023837153,0.04589662700891495
sun3d-hotel_umd-maryland_hotel1,4,12,0.40295981564165345,"[0.30,1.00]",0.761718749999997,1.0,0.643,1,1.0,1.759696987404027,0.06887194514274597
sun3d-hotel_umd-maryland_hotel1,4,16,0.30055451533919053,"[0.30,1.00]",0.7734374999999969,1.0,0.643,1,1.0,3.1010987463863797,0.08274394273757935
sun3d-hotel_umd-maryland_hotel1,4,28,0.25676940803687165,"[0.25,0.30)",0.6914062499999972,1.0,0.6045,1,1.0,1.7663571705644483,0.0606093630194664
sun3d-hotel_umd-maryland_hotel1,50,55,0.30276513825691287,"[0.30,1.00]",0.6328124999999974,1.0,0.578,1,1.0,1.0978921625229319,0.03900635987520218
sun3d-hotel_umd-maryland_hotel1,51,55,0.24275510204081632,"[0.20,0.25)",0.4765624999999981,1.0,0.4735,1,1.0,2.3393354237701716,0.05822061002254486
sun3d-hotel_umd-maryland_hotel1,52,53,0.125,"[0.00,0.15)",0.12890624999999947,1.0,0.09,0,,,
sun3d-hotel_umd-maryland_hotel1,52,54,0.13370760769935838,"[0.00,0.15)",0.09374999999999963,0.0,0.0155,1,0.0,,
sun3d-hotel_umd-maryland_hotel1,54,55,0.2963492597577389,"[0.25,0.30)",0.33203124999999867,1.0,0.3665,0,,,
sun3d-hotel_umd-maryland_hotel1,5,27,0.3073561946902655,"[0.30,1.00]",0.8359374999999967,1.0,0.8085,1,1.0,2.9755879388436672,0.03750665858387947
sun3d-hotel_umd-maryland_hotel1,5,33,0.3422013274336283,"[0.30,1.00]",0.8554687499999966,1.0,0.7165,1,1.0,2.617334826283502,0.015082570724189281
sun3d-hotel_umd-maryland_hotel1,5,34,0.13113938053097346,"[0.00,0.15)",0.28515624999999883,0.0,0.0345,1,0.0,,
sun3d-hotel_umd-maryland_hotel1,5,35,0.23152654867256636,"[0.20,0.25)",0.6289062499999974,1.0,0.6245,1,1.0,4.159630152965248,0.0499427355825901
sun3d-hotel_umd-maryland_hotel1,5,7,0.1230641592920354,"[0.00,0.15)",0.0,0.0,0.0,1,0.0,,
sun3d-hotel_umd-maryland_hotel1,6,19,0.2672734573684915,"[0.25,0.30)",0.5703124999999977,1.0,0.483,1,1.0,4.389187011881344,0.14937283098697662
sun3d-hotel_umd-maryland_hotel1,6,22,0.39060366751438896,"[0.30,1.00]",0.8359374999999967,1.0,0.6695,1,1.0,2.06980303448635,0.16234543919563293
sun3d-hotel_umd-maryland_hotel1,6,33,0.3340650515325927,"[0.30,1.00]",0.9140624999999963,1.0,0.8415,1,1.0,0.6090934032904693,0.05080766975879669
sun3d-hotel_umd-maryland_hotel1,6,34,0.32250033462722527,"[0.30,1.00]",0.7695312499999969,1.0,0.597,1,1.0,2.6156890291886232,0.05340509116649628
sun3d-hotel_umd-maryland_hotel1,6,35,0.3395261678490162,"[0.30,1.00]",0.8906249999999964,1.0,0.8185,1,1.0,0.9274623057099063,0.03279004991054535
sun3d-hotel_umd-maryland_hotel1,6,36,0.16335162628831482,"[0.15,0.20)",0.16015624999999936,1.0,0.068,1,0.0,,
sun3d-hotel_umd-maryland_hotel1,6,37,0.16217373845536073,"[0.15,0.20)",0.45312499999999817,1.0,0.158,1,1.0,5.870157444201012,0.14369434118270874
sun3d-hotel_umd-maryland_hotel1,6,7,0.20637130236916076,"[0.20,0.25)",0.7031249999999972,1.0,0.5435,0,,,
sun3d-hotel_umd-maryland_hotel1,7,10,0.22347324447980904,"[0.20,0.25)",0.5507812499999978,1.0,0.403,1,1.0,2.2069095341852925,0.13324765861034393
sun3d-hotel_umd-maryland_hotel1,7,11,0.16403421523771633,"[0.15,0.20)",0.6249999999999976,1.0,0.561,1,0.0,,
sun3d-hotel_umd-maryland_hotel1,7,13,0.2369604137656654,"[0.20,0.25)",0.6953124999999972,1.0,0.6365,1,1.0,3.892795444052133,0.22550269961357117
sun3d-hotel_umd-maryland_hotel1,7,18,0.4014322657648697,"[0.30,1.00]",0.7109374999999971,1.0,0.658,1,1.0,0.49018858354876255,0.059230972081422806
sun3d-hotel_umd-maryland_hotel1,7,20,0.15563954644917447,"[0.15,0.20)",0.5195312499999979,1.0,0.49,1,1.0,2.487583845940313,0.09035024791955948
sun3d-hotel_umd-maryland_hotel1,7,21,0.29624030236721705,"[0.25,0.30)",0.7734374999999969,1.0,0.679,1,1.0,1.0653270076852213,0.03500360623002052
sun3d-hotel_umd-maryland_hotel1,7,22,0.23966580465486373,"[0.20,0.25)",0.503906249999998,1.0,0.5185,1,1.0,3.3532205816365646,0.09166138619184494
sun3d-hotel_umd-maryland_hotel1,7,29,0.21889795106425303,"[0.20,0.25)",0.08984374999999964,1.0,0.1105,1,0.0,,
sun3d-hotel_umd-maryland_hotel1,7,30,0.451362641734633,"[0.30,1.00]",0.8320312499999967,1.0,0.785,1,1.0,0.7641265898260194,0.027109919115900993
sun3d-hotel_umd-maryland_hotel1,7,31,0.37067833698030633,"[0.30,1.00]",0.7187499999999971,1.0,0.6775,1,1.0,2.43268680530416,0.045827023684978485
sun3d-hotel_umd-maryland_hotel1,7,32,0.23930773821364631,"[0.20,0.25)",0.3437499999999986,1.0,0.3295,1,0.0,,
sun3d-hotel_umd-maryland_hotel1,7,36,0.2057290630594788,"[0.20,0.25)",0.38281249999999845,1.0,0.2395,1,0.0,,
sun3d-hotel_umd-maryland_hotel1,7,37,0.1665406803262383,"[0.15,0.20)",0.24218749999999903,1.0,0.137,1,0.0,,
sun3d-hotel_umd-maryland_hotel1,7,8,0.35635567933160933,"[0.30,1.00]",0.7695312499999969,1.0,0.5145,0,,,
sun3d-hotel_umd-maryland_hotel1,7,9,0.2152775014919435,"[0.20,0.25)",0.6210937499999976,1.0,0.4555,1,1.0,3.605977616391038,0.14341102540493011
sun3d-hotel_umd-maryland_hotel1,8,10,0.38664636798608093,"[0.30,1.00]",0.9804687499999961,1.0,0.8445,1,1.0,2.4082659623123135,0.09637219458818436
sun3d-hotel_umd-maryland_hotel1,8,19,0.24580252283601567,"[0.20,0.25)",0.8359374999999967,1.0,0.5495,1,1.0,5.741190138701124,0.1757095456123352
sun3d-hotel_umd-maryland_hotel1,8,20,0.18177468464549804,"[0.15,0.20)",0.7656249999999969,1.0,0.6075,1,1.0,3.2815750335796623,0.09871228784322739
sun3d-hotel_umd-maryland_hotel1,8,21,0.3031535450195737,"[0.30,1.00]",0.8867187499999964,1.0,0.6045,1,1.0,5.885697376684444,0.1532275527715683
sun3d-hotel_umd-maryland_hotel1,8,26,0.2326011309264898,"[0.20,0.25)",0.7734374999999969,1.0,0.691,1,1.0,2.630612979743422,0.1208462342619896
sun3d-hotel_umd-maryland_hotel1,8,31,0.3832753371030883,"[0.30,1.00]",0.6289062499999974,1.0,0.3715,1,1.0,8.666101000088783,0.3421899676322937
sun3d-hotel_umd-maryland_hotel1,9,14,0.34828225649033767,"[0.30,1.00]",0.9140624999999963,1.0,0.92,1,1.0,2.4322040089474184,0.03779038041830063
sun3d-hotel_umd-maryland_hotel1,9,19,0.15445051727503417,"[0.15,0.20)",0.16406249999999933,1.0,0.1295,1,1.0,6.980895609707689,0.16392002999782562
sun3d-hotel_umd-maryland_hotel1,9,20,0.29191879757954325,"[0.25,0.30)",0.746093749999997,1.0,0.602,1,1.0,3.3116253642407925,0.08488039672374725
sun3d-hotel_umd-maryland_hotel1,9,21,0.23077298457934803,"[0.20,0.25)",0.2773437499999989,1.0,0.143,1,1.0,3.717943108130947,0.2184489369392395
sun3d-hotel_umd-maryland_hotel1,9,24,0.24721842670310365,"[0.20,0.25)",0.8476562499999966,1.0,0.847,1,1.0,2.5632295930654747,0.045660894364118576
sun3d-hotel_umd-maryland_hotel1,9,25,0.37429240679289477,"[0.30,1.00]",0.9374999999999962,1.0,0.9175,1,1.0,1.60449662419405,0.03918718919157982
sun3d-hotel_umd-maryland_hotel1,9,29,0.2516591840718329,"[0.25,0.30)",0.5429687499999978,1.0,0.4755,1,1.0,3.8490882515626224,0.20361462235450745
sun3d-hotel_umd-maryland_hotel1,9,31,0.23282256490337694,"[0.20,0.25)",0.4414062499999982,1.0,0.2145,1,0.0,,
sun3d-hotel_umd-maryland_hotel3,0,11,0.36473924228250704,"[0.30,1.00]",0.7109374999999971,1.0,0.6085,1,1.0,3.6042396411086974,0.08177145570516586
sun3d-hotel_umd-maryland_hotel3,0,27,0.21167563143124415,"[0.20,0.25)",0.0,0.0,0.0,1,0.0,,
sun3d-hotel_umd-maryland_hotel3,10,11,0.33364854215918044,"[0.30,1.00]",0.9492187499999962,1.0,0.7975,0,,,
sun3d-hotel_umd-maryland_hotel3,10,13,0.18652482269503545,"[0.15,0.20)",0.746093749999997,1.0,0.5995,1,1.0,1.9950790102122025,0.08346836268901825
sun3d-hotel_umd-maryland_hotel3,10,17,0.28286052009456264,"[0.25,0.30)",0.6874999999999972,1.0,0.4445,1,1.0,2.4954398065395442,0.0847703218460083
sun3d-hotel_umd-maryland_hotel3,11,14,0.41151015125778534,"[0.30,1.00]",0.9570312499999962,1.0,0.852,1,1.0,2.3596618822534343,0.0772680789232254
sun3d-hotel_umd-maryland_hotel3,11,27,0.2952762274528836,"[0.25,0.30)",0.027343749999999892,0.0,0.012,1,0.0,,
sun3d-hotel_umd-maryland_hotel3,12,27,0.25419992186191886,"[0.25,0.30)",0.019531249999999924,0.0,0.0055,1,0.0,,
sun3d-hotel_umd-maryland_hotel3,13,14,0.24850477532487866,"[0.20,0.25)",0.8945312499999964,1.0,0.812,0,,,
sun3d-hotel_umd-maryland_hotel3,13,27,0.2580554250821982,"[0.25,0.30)",0.007812499999999969,0.0,0.0045,1,0.0,,
sun3d-hotel_umd-maryland_hotel3,14,16,0.32032353944355113,"[0.30,1.00]",0.511718749999998,1.0,0.4935,1,1.0,1.2987501632904899,0.03950061649084091
sun3d-hotel_umd-maryland_hotel3,14,17,0.2856794815572772,"[0.25,0.30)",0.5390624999999979,1.0,0.3365,1,1.0,3.122739334939707,0.09628036618232727
sun3d-hotel_umd-maryland_hotel3,16,18,0.22767750845278348,"[0.20,0.25)",0.5859374999999977,1.0,0.581,1,1.0,2.233005960739164,0.04073246195912361
sun3d-hotel_umd-maryland_hotel3,16,19,0.23172532025334538,"[0.20,0.25)",0.5937499999999977,1.0,0.535,1,1.0,2.148673924367087,0.06457409262657166
sun3d-hotel_umd-maryland_hotel3,18,20,0.3292668957617411,"[0.30,1.00]",0.7343749999999971,1.0,0.639,1,1.0,2.359164150442773,0.025408511981368065
sun3d-hotel_umd-maryland_hotel3,1,11,0.15012398851474812,"[0.15,0.20)",0.4296874999999983,1.0,0.3645,1,1.0,2.5973657705010607,0.02320677973330021
sun3d-hotel_umd-maryland_hotel3,1,12,0.368474288697468,"[0.30,1.00]",0.6093749999999976,1.0,0.5525,1,1.0,4.888481616657816,0.14002612233161926
sun3d-hotel_umd-maryland_hotel3,1,13,0.27864787261811536,"[0.25,0.30)",0.7656249999999969,1.0,0.686,1,1.0,4.333681768487317,0.14089840650558472
sun3d-hotel_umd-maryland_hotel3,20,33,0.24763718953769506,"[0.20,0.25)",0.0781249999999997,0.0,0.047,1,0.0,,
sun3d-hotel_umd-maryland_hotel3,20,34,0.32837570517986664,"[0.30,1.00]",0.0039062499999999844,0.0,0.0005,1,0.0,,
sun3d-hotel_umd-maryland_hotel3,20,36,0.21686570444721226,"[0.20,0.25)",0.0039062499999999844,0.0,0.006,1,0.0,,
sun3d-hotel_umd-maryland_hotel3,21,24,0.3509577915419008,"[0.30,1.00]",0.8320312499999967,1.0,0.821,1,1.0,2.6906455965534453,0.04403223469853401
sun3d-hotel_umd-maryland_hotel3,21,29,0.33065343123179786,"[0.30,1.00]",0.8437499999999967,1.0,0.7875,1,1.0,2.180321438258068,0.030799012631177902
sun3d-hotel_umd-maryland_hotel3,21,30,0.3324172443496452,"[0.30,1.00]",0.8124999999999968,1.0,0.806,1,1.0,2.3770168739227344,0.05647367984056473
sun3d-hotel_umd-maryland_hotel3,21,31,0.3793428770663276,"[0.30,1.00]",0.6171874999999976,1.0,0.6455,1,1.0,2.5434516976025874,0.04722084105014801
sun3d-hotel_umd-maryland_hotel3,22,24,0.35729363404066217,"[0.30,1.00]",0.8671874999999966,1.0,0.861,1,1.0,2.8406934321633965,0.04574593901634216
sun3d-hotel_umd-maryland_hotel3,22,27,0.3162241232455653,"[0.30,1.00]",0.39453124999999845,1.0,0.4,1,1.0,2.1994474180143397,0.05077366158366203
sun3d-hotel_umd-maryland_hotel3,22,30,0.39421545754175463,"[0.30,1.00]",0.9218749999999963,1.0,0.7935,1,1.0,2.2710718021539584,0.056687016040086746
sun3d-hotel_umd-maryland_hotel3,22,31,0.1506128948635337,"[0.15,0.20)",0.5898437499999977,1.0,0.618,1,1.0,0.7475579535533032,0.009759143926203251
sun3d-hotel_umd-maryland_hotel3,23,24,0.344136460554371,"[0.30,1.00]",0.8671874999999966,1.0,0.8875,0,,,
sun3d-hotel_umd-maryland_hotel3,23,27,0.36908315565031985,"[0.30,1.00]",0.5781249999999977,1.0,0.5385,1,1.0,1.5699744951320729,0.030700815841555595
sun3d-hotel_umd-maryland_hotel3,24,25,0.33586975756503273,"[0.30,1.00]",0.4726562499999981,1.0,0.532,0,,,
sun3d-hotel_umd-maryland_hotel3,24,30,0.17563263139267385,"[0.15,0.20)",0.1718749999999993,1.0,0.206,1,0.0,,
sun3d-hotel_umd-maryland_hotel3,25,26,0.2820428875429694,"[0.25,0.30)",0.08203124999999967,1.0,0.0795,0,,,
sun3d-hotel_umd-maryland_hotel3,25,28,0.2894090685873302,"[0.25,0.30)",0.28515624999999883,1.0,0.311,1,1.0,4.827995129538213,0.06926614046096802
sun3d-hotel_umd-maryland_hotel3,27,28,0.24105409153952842,"[0.20,0.25)",0.6054687499999976,1.0,0.565,0,,,
sun3d-hotel_umd-maryland_hotel3,28,31,0.21085126286248831,"[0.20,0.25)",0.4296874999999983,1.0,0.5225,1,1.0,2.7097833875883093,0.04043290764093399
sun3d-hotel_umd-maryland_hotel3,29,31,0.18847681000253444,"[0.15,0.20)",0.03515624999999986,0.0,0.0285,1,0.0,,
sun3d-hotel_umd-maryland_hotel3,30,32,0.3230769230769231,"[0.30,1.00]",0.6445312499999974,1.0,0.6705,1,1.0,1.9192826918576116,0.03642529621720314
sun3d-hotel_umd-maryland_hotel3,30,33,0.2187444739168877,"[0.20,0.25)",0.3124999999999988,1.0,0.3545,1,1.0,2.5222775753716613,0.06759428232908249
sun3d-hotel_umd-maryland_hotel3,31,35,0.13986130837998162,"[0.00,0.15)",0.249999999999999,1.0,0.182,1,0.0,,
sun3d-hotel_umd-maryland_hotel3,31,36,0.2610911521430362,"[0.25,0.30)",0.3710937499999985,1.0,0.225,1,1.0,10.90410658630583,0.06701590120792389
sun3d-hotel_umd-maryland_hotel3,3,5,0.37188897325571585,"[0.30,1.00]",0.9492187499999962,1.0,0.9085,1,1.0,0.6464956581251252,0.02292018011212349
sun3d-hotel_umd-maryland_hotel3,5,7,0.18090663006595753,"[0.15,0.20)",0.8242187499999967,1.0,0.847,1,1.0,3.01129424253526,0.10895119607448578
sun3d-hotel_umd-maryland_hotel3,8,14,0.24017082727953154,"[0.20,0.25)",0.7304687499999971,1.0,0.6965,1,1.0,4.3142045845973085,0.12622496485710144
sun3d-hotel_umd-maryland_hotel3,8,16,0.35398230088495575,"[0.30,1.00]",0.9687499999999961,1.0,0.8655,1,1.0,2.448725581131811,0.0669228658080101
sun3d-hotel_umd-maryland_hotel3,9,10,0.31183331671817366,"[0.30,1.00]",0.9492187499999962,1.0,0.82,0,,,
sun3d-hotel_umd-maryland_hotel3,9,15,0.34709068554148803,"[0.30,1.00]",0.9531249999999962,1.0,0.81,1,1.0,1.7964582851788615,0.04060648754239082
sun3d-hotel_umd-maryland_hotel3,9,16,0.2659422457049812,"[0.25,0.30)",0.8554687499999966,1.0,0.6605,1,1.0,0.82281929218417,0.039112407714128494
sun3d-mit_76_studyroom-76-1studyroom2,0,18,0.15280421730853713,"[0.15,0.20)",0.13281249999999947,1.0,0.085,1,0.0,,
sun3d-mit_76_studyroom-76-1studyroom2,0,19,0.30114218772880363,"[0.30,1.00]",0.13671874999999944,1.0,0.0735,1,0.0,,
sun3d-mit_76_studyroom-76-1studyroom2,0,21,0.404817689266364,"[0.30,1.00]",0.6718749999999973,1.0,0.6585,1,1.0,1.2744144387890501,0.03795355185866356
sun3d-mit_76_studyroom-76-1studyroom2,0,22,0.2096939522624103,"[0.20,0.25)",0.41406249999999833,1.0,0.6415,1,1.0,2.6699049294197925,0.045935869216918945
sun3d-mit_76_studyroom-76-1studyroom2,0,3,0.4148484404744472,"[0.30,1.00]",0.7109374999999971,1.0,0.621,1,1.0,6.331096252908279,0.23465201258659363
sun3d-mit_76_studyroom-76-1studyroom2,0,33,0.22543564211451164,"[0.20,0.25)",0.48046874999999806,1.0,0.5315,1,1.0,1.3320736000342774,0.030613096430897713
sun3d-mit_76_studyroom-76-1studyroom2,0,39,0.15829550446624688,"[0.15,0.20)",0.0,0.0,0.0,1,0.0,,
sun3d-mit_76_studyroom-76-1studyroom2,0,44,0.1722067652657783,"[0.15,0.20)",0.0,0.0,0.0,1,0.0,,
sun3d-mit_76_studyroom-76-1studyroom2,0,45,0.33138087567725877,"[0.30,1.00]",0.6171874999999976,1.0,0.6455,1,1.0,7.627765346979225,0.2816748321056366
sun3d-mit_76_studyroom-76-1studyroom2,0,50,0.2820325084199736,"[0.25,0.30)",0.49218749999999806,1.0,0.568,1,1.0,7.822728114565574,0.2211611121892929
sun3d-mit_76_studyroom-76-1studyroom2,0,51,0.1860448089032069,"[0.15,0.20)",0.36328124999999856,1.0,0.4295,1,1.0,9.327169089356724,0.23115786910057068
sun3d-mit_76_studyroom-76-1studyroom2,0,64,0.1745497144530678,"[0.15,0.20)",0.0507812499999998,0.0,0.0,1,0.0,,
sun3d-mit_76_studyroom-76-1studyroom2,0,8,0.34756186850197685,"[0.30,1.00]",0.6562499999999973,1.0,0.638,1,1.0,6.871296732787876,0.19021405279636383
sun3d-mit_76_studyroom-76-1studyroom2,10,13,0.18676034348165496,"[0.15,0.20)",0.18749999999999925,1.0,0.178,1,1.0,3.4777269492287046,0.04744013771414757
sun3d-mit_76_studyroom-76-1studyroom2,10,37,0.17742388758782202,"[0.15,0.20)",0.35937499999999856,1.0,0.099,1,1.0,1.2530453793716232,0.1377020627260208
sun3d-mit_76_studyroom-76-1studyroom2,10,39,0.208711943793911,"[0.20,0.25)",0.5820312499999977,1.0,0.5315,1,1.0,3.203201961202314,0.183466374874115
sun3d-mit_76_studyroom-76-1studyroom2,10,56,0.3592505854800937,"[0.30,1.00]",0.5859374999999977,1.0,0.6475,1,1.0,1.8598321365912265,0.019367491826415062
sun3d-mit_76_studyroom-76-1studyroom2,11,13,0.22126436781609196,"[0.20,0.25)",0.24609374999999903,1.0,0.2675,1,1.0,7.657039805849426,0.13210877776145935
sun3d-mit_76_studyroom-76-1studyroom2,11,51,0.18527114647804302,"[0.15,0.20)",0.5859374999999977,1.0,0.615,1,1.0,3.206989024895497,0.045743588358163834
sun3d-mit_76_studyroom-76-1studyroom2,11,56,0.30389773062186853,"[0.30,1.00]",0.24609374999999903,1.0,0.265,1,0.0,,
sun3d-mit_76_studyroom-76-1studyroom2,12,14,0.28767977202903067,"[0.25,0.30)",0.7851562499999969,1.0,0.647,1,1.0,1.458039471906576,0.05255302041769028
sun3d-mit_76_studyroom-76-1studyroom2,12,15,0.16705997595618682,"[0.15,0.20)",0.5156249999999979,1.0,0.559,1,1.0,2.071693299207344,0.04142007976770401
sun3d-mit_76_studyroom-76-1studyroom2,12,51,0.1984505098178904,"[0.15,0.20)",0.5742187499999977,1.0,0.5865,1,0.0,,
sun3d-mit_76_studyroom-76-1studyroom2,12,52,0.3385279843269959,"[0.30,1.00]",0.8828124999999964,1.0,0.7905,1,1.0,4.45192673712559,0.15520961582660675
sun3d-mit_76_studyroom-76-1studyroom2,12,57,0.205574602609199,"[0.20,0.25)",0.8124999999999968,1.0,0.7315,1,1.0,0.9787880758455333,0.03753481060266495
sun3d-mit_76_studyroom-76-1studyroom2,13,53,0.17902208201892744,"[0.15,0.20)",0.21093749999999917,1.0,0.186,1,0.0,,
sun3d-mit_76_studyroom-76-1studyroom2,13,58,0.20907816333683843,"[0.20,0.25)",0.0,0.0,0.0,1,0.0,,
sun3d-mit_76_studyroom-76-1studyroom2,14,18,0.38939670932358317,"[0.30,1.00]",0.503906249999998,1.0,0.453,1,1.0,3.851529421215306,0.12209714949131012
sun3d-mit_76_studyroom-76-1studyroom2,14,55,0.3709890941183887,"[0.30,1.00]",0.6484374999999974,1.0,0.548,1,1.0,1.8155301692621741,0.03350723162293434
sun3d-mit_76_studyroom-76-1studyroom2,14,61,0.18798461829414362,"[0.15,0.20)",0.0039062499999999844,0.0,0.0035,1,0.0,,
sun3d-mit_76_studyroom-76-1studyroom2,14,62,0.31078610603290674,"[0.30,1.00]",0.22656249999999908,1.0,0.24,1,0.0,,
sun3d-mit_76_studyroom-76-1studyroom2,14,63,0.19183004475824245,"[0.15,0.20)",0.1992187499999992,1.0,0.2,1,0.0,,
sun3d-mit_76_studyroom-76-1studyroom2,15,16,0.3433440030126153,"[0.30,1.00]",0.742187499999997,1.0,0.7055,0,,,
sun3d-mit_76_studyroom-76-1studyroom2,15,17,0.3217849745810582,"[0.30,1.00]",0.8320312499999967,1.0,0.84,1,1.0,0.6590852100770279,0.04538336768746376
sun3d-mit_76_studyroom-76-1studyroom2,15,19,0.3212201092073056,"[0.30,1.00]",0.6835937499999972,1.0,0.7095,1,1.0,1.854774357571878,0.04562345892190933
sun3d-mit_76_studyroom-76-1studyroom2,15,55,0.185746563735643,"[0.15,0.20)",0.6796874999999973,1.0,0.644,1,1.0,2.4371882954431654,0.025888659060001373
sun3d-mit_76_studyroom-76-1studyroom2,15,60,0.2122481641875353,"[0.20,0.25)",0.19140624999999922,1.0,0.0855,1,0.0,,
sun3d-mit_76_studyroom-76-1studyroom2,15,61,0.35798343061570326,"[0.30,1.00]",0.749999999999997,1.0,0.543,1,1.0,3.1305033672082265,0.09680163115262985
sun3d-mit_76_studyroom-76-1studyroom2,15,63,0.45961212577668986,"[0.30,1.00]",0.2773437499999989,1.0,0.281,1,1.0,4.683412340462435,0.21968185901641846
sun3d-mit_76_studyroom-76-1studyroom2,15,64,0.30399171530785163,"[0.30,1.00]",0.5781249999999977,1.0,0.564,1,1.0,4.384990376315118,0.13650226593017578
sun3d-mit_76_studyroom-76-1studyroom2,16,18,0.3104982982808273,"[0.30,1.00]",0.5898437499999977,1.0,0.6685,1,1.0,1.8333366802543998,0.06876112520694733
sun3d-mit_76_studyroom-76-1studyroom2,16,19,0.28929225935945546,"[0.25,0.30)",0.3046874999999988,1.0,0.4235,1,1.0,3.445601216972511,0.12152597308158875
sun3d-mit_76_studyroom-76-1studyroom2,16,57,0.3151234837245833,"[0.30,1.00]",0.41406249999999833,1.0,0.329,1,1.0,2.2019375984951406,0.05371818318963051
sun3d-mit_76_studyroom-76-1studyroom2,16,58,0.3257701370102103,"[0.30,1.00]",0.10546874999999958,1.0,0.0785,1,0.0,,
sun3d-mit_76_studyroom-76-1studyroom2,16,61,0.3468889082817,"[0.30,1.00]",0.21093749999999917,1.0,0.053,1,0.0,,
sun3d-mit_76_studyroom-76-1studyroom2,16,62,0.3865956889780958,"[0.30,1.00]",0.1249999999999995,0.0,0.0385,1,0.0,,
sun3d-mit_76_studyroom-76-1studyroom2,16,63,0.362160747011083,"[0.30,1.00]",0.031249999999999875,0.0,0.033,1,0.0,,
sun3d-mit_76_studyroom-76-1studyroom2,16,64,0.32716641940832536,"[0.30,1.00]",0.1249999999999995,1.0,0.1775,1,1.0,5.536190356512701,0.16861286759376526
sun3d-mit_76_studyroom-76-1studyroom2,17,20,0.25125306601258396,"[0.25,0.30)",0.23828124999999906,1.0,0.2945,1,1.0,2.894890970209038,0.11661706864833832
sun3d-mit_76_studyroom-76-1studyroom2,17,57,0.2968966620454303,"[0.25,0.30)",0.3046874999999988,1.0,0.295,1,1.0,1.422715614113262,0.052371375262737274
sun3d-mit_76_studyroom-76-1studyroom2,17,58,0.2326970246347446,"[0.20,0.25)",0.0,0.0,0.0,1,0.0,,
sun3d-mit_76_studyroom-76-1studyroom2,17,61,0.30361522875119973,"[0.30,1.00]",0.007812499999999969,0.0,0.015,1,0.0,,
sun3d-mit_76_studyroom-76-1studyroom2,17,62,0.47915111442892183,"[0.30,1.00]",0.13281249999999947,1.0,0.1075,1,0.0,,
sun3d-mit_76_studyroom-76-1studyroom2,17,63,0.5094379865628665,"[0.30,1.00]",0.3203124999999987,1.0,0.208,1,1.0,3.9528975815674436,0.17861630022525787
sun3d-mit_76_studyroom-76-1studyroom2,17,65,0.34584621947317906,"[0.30,1.00]",0.19140624999999922,1.0,0.1875,1,1.0,3.7216278803156126,0.09155067801475525
sun3d-mit_76_studyroom-76-1studyroom2,18,21,0.2926436294254823,"[0.25,0.30)",0.6523437499999974,1.0,0.6165,1,1.0,3.8463400865404793,0.2410537302494049
sun3d-mit_76_studyroom-76-1studyroom2,18,34,0.2730125079499682,"[0.25,0.30)",0.26562499999999895,1.0,0.104,1,0.0,,
sun3d-mit_76_studyroom-76-1studyroom2,18,56,0.14488022047911808,"[0.00,0.15)",0.019531249999999924,0.0,0.0215,1,0.0,,
sun3d-mit_76_studyroom-76-1studyroom2,18,57,0.32249311002755987,"[0.30,1.00]",0.6015624999999976,1.0,0.5155,1,1.0,2.57283334626454,0.06556887924671173
sun3d-mit_76_studyroom-76-1studyroom2,18,58,0.25295738817044733,"[0.25,0.30)",0.24609374999999903,1.0,0.2825,1,1.0,3.4731074103221387,0.0664852187037468
sun3d-mit_76_studyroom-76-1studyroom2,18,61,0.28768284926860294,"[0.25,0.30)",0.21484374999999914,1.0,0.139,1,0.0,,
sun3d-mit_76_studyroom-76-1studyroom2,18,65,0.4157303370786517,"[0.30,1.00]",0.7656249999999969,1.0,0.7155,1,1.0,1.5133607481351106,0.024002712219953537
sun3d-mit_76_studyroom-76-1studyroom2,19,22,0.2736432241490045,"[0.25,0.30)",0.3046874999999988,1.0,0.3825,1,1.0,2.3857290944022522,0.09547416865825653
sun3d-mit_76_studyroom-76-1studyroom2,19,23,0.3066393705844573,"[0.30,1.00]",0.6601562499999973,1.0,0.534,1,1.0,1.5035010478717044,0.0918600931763649
sun3d-mit_76_studyroom-76-1studyroom2,19,24,0.17694283879254977,"[0.15,0.20)",0.011718749999999953,0.0,0.014,1,0.0,,
sun3d-mit_76_studyroom-76-1studyroom2,19,33,0.297286448298009,"[0.25,0.30)",0.0,0.0,0.0,1,0.0,,
sun3d-mit_76_studyroom-76-1studyroom2,19,34,0.45600513808606297,"[0.30,1.00]",0.738281249999997,1.0,0.493,1,1.0,2.8585537950109514,0.22564952075481415
sun3d-mit_76_studyroom-76-1studyroom2,19,62,0.35027296082209375,"[0.30,1.00]",0.031249999999999875,0.0,0.0275,1,0.0,,
sun3d-mit_76_studyroom-76-1studyroom2,1,19,0.30032308963859045,"[0.30,1.00]",0.0781249999999997,0.0,0.0435,1,0.0,,
sun3d-mit_76_studyroom-76-1studyroom2,1,20,0.4297092193252686,"[0.30,1.00]",0.21093749999999917,1.0,0.158,1,1.0,3.9484364848446516,0.15789714455604553
sun3d-mit_76_studyroom-76-1studyroom2,1,21,0.38139604778721165,"[0.30,1.00]",0.6093749999999976,1.0,0.5705,1,1.0,2.030665047926565,0.0765073224902153
sun3d-mit_76_studyroom-76-1studyroom2,1,22,0.2001653016755579,"[0.20,0.25)",0.38671874999999845,1.0,0.575,1,1.0,4.250818411175173,0.10623323172330856
sun3d-mit_76_studyroom-76-1studyroom2,1,33,0.17011045157412277,"[0.15,0.20)",0.36328124999999856,1.0,0.49,1,1.0,2.890018201471294,0.09955590218305588
sun3d-mit_76_studyroom-76-1studyroom2,1,39,0.19362837177849576,"[0.15,0.20)",0.0,0.0,0.0,1,0.0,,
sun3d-mit_76_studyroom-76-1studyroom2,1,44,0.2006161244270794,"[0.20,0.25)",0.0,0.0,0.0,1,0.0,,
sun3d-mit_76_studyroom-76-1studyroom2,1,50,0.3115936584266286,"[0.30,1.00]",0.5156249999999979,1.0,0.721,1,1.0,4.4283706095898046,0.12427520751953125
sun3d-mit_76_studyroom-76-1studyroom2,1,51,0.1994890675482756,"[0.15,0.20)",0.3710937499999985,1.0,0.478,1,1.0,6.978422470892243,0.16874144971370697
sun3d-mit_76_studyroom-76-1studyroom2,1,64,0.1510256217597115,"[0.15,0.20)",0.042968749999999827,0.0,0.0,1,0.0,,
sun3d-mit_76_studyroom-76-1studyroom2,1,8,0.3939439477045608,"[0.30,1.00]",0.6874999999999972,1.0,0.759,1,1.0,4.247130933891872,0.11358349770307541
sun3d-mit_76_studyroom-76-1studyroom2,20,24,0.285540112167764,"[0.25,0.30)",0.0507812499999998,0.0,0.014,1,0.0,,
sun3d-mit_76_studyroom-76-1studyroom2,20,25,0.1224091684954889,"[0.00,0.15)",0.0,0.0,0.0,1,0.0,,
sun3d-mit_76_studyroom-76-1studyroom2,20,32,0.1232219783792571,"[0.00,0.15)",0.08203124999999967,0.0,0.043,1,0.0,,
sun3d-mit_76_studyroom-76-1studyroom2,20,33,0.3871819881329757,"[0.30,1.00]",0.13671874999999944,1.0,0.2025,1,0.0,,
sun3d-mit_76_studyroom-76-1studyroom2,20,35,0.16126148093960824,"[0.15,0.20)",0.5429687499999978,1.0,0.553,1,1.0,0.3815486793570088,0.028686096891760826
sun3d-mit_76_studyroom-76-1studyroom2,20,63,0.33126066812972443,"[0.30,1.00]",0.19531249999999922,1.0,0.105,1,0.0,,
sun3d-mit_76_studyroom-76-1studyroom2,21,25,0.16294187425860024,"[0.15,0.20)",0.0,0.0,0.0,1,0.0,,
sun3d-mit_76_studyroom-76-1studyroom2,21,32,0.2193594306049822,"[0.20,0.25)",0.007812499999999969,0.0,0.0195,1,0.0,,
sun3d-mit_76_studyroom-76-1studyroom2,21,35,0.21091340450771057,"[0.20,0.25)",0.7070312499999972,1.0,0.759,1,1.0,0.6549155822666806,0.030586816370487213
sun3d-mit_76_studyroom-76-1studyroom2,21,47,0.16588374851720047,"[0.15,0.20)",0.058593749999999764,1.0,0.071,1,0.0,,
sun3d-mit_76_studyroom-76-1studyroom2,21,48,0.238576512455516,"[0.20,0.25)",0.04687499999999981,0.0,0.0315,1,0.0,,
sun3d-mit_76_studyroom-76-1studyroom2,21,63,0.2567497034400949,"[0.25,0.30)",0.26171874999999895,1.0,0.127,1,0.0,,
sun3d-mit_76_studyroom-76-1studyroom2,21,64,0.38249110320284696,"[0.30,1.00]",0.5820312499999977,1.0,0.3675,1,1.0,2.4700543673150146,0.1494913399219513
sun3d-mit_76_studyroom-76-1studyroom2,21,65,0.41466192170818506,"[0.30,1.00]",0.3203124999999987,1.0,0.326,1,1.0,2.4924574565384168,0.12826202809810638
sun3d-mit_76_studyroom-76-1studyroom2,22,25,0.25050415931434333,"[0.25,0.30)",0.054687499999999785,0.0,0.0445,1,0.0,,
sun3d-mit_76_studyroom-76-1studyroom2,22,26,0.1647340559616839,"[0.15,0.20)",0.023437499999999906,0.0,0.0075,1,0.0,,
sun3d-mit_76_studyroom-76-1studyroom2,22,27,0.21168389210990673,"[0.20,0.25)",0.04687499999999981,0.0,0.031,1,0.0,,
sun3d-mit_76_studyroom-76-1studyroom2,22,32,0.3219687421225107,"[0.30,1.00]",0.058593749999999764,0.0,0.026,1,0.0,,
sun3d-mit_76_studyroom-76-1studyroom2,22,35,0.1983236702798084,"[0.15,0.20)",0.5664062499999978,1.0,0.751,1,1.0,1.311047186048632,0.02692314423620701
sun3d-mit_76_studyroom-76-1studyroom2,22,48,0.18168641290647844,"[0.15,0.20)",0.1523437499999994,1.0,0.1285,1,0.0,,
sun3d-mit_76_studyroom-76-1studyroom2,22,64,0.3249306780942778,"[0.30,1.00]",0.019531249999999924,0.0,0.0,1,0.0,,
sun3d-mit_76_studyroom-76-1studyroom2,23,26,0.38775994039151934,"[0.30,1.00]",0.11718749999999953,1.0,0.0935,1,1.0,4.908318889067131,0.20283307135105133
sun3d-mit_76_studyroom-76-1studyroom2,23,28,0.2785003048160943,"[0.25,0.30)",0.019531249999999924,0.0,0.007,1,0.0,,
sun3d-mit_76_studyroom-76-1studyroom2,23,31,0.1751337803969383,"[0.15,0.20)",0.0039062499999999844,0.0,0.0,1,0.0,,
sun3d-mit_76_studyroom-76-1studyroom2,23,34,0.4473684210526316,"[0.30,1.00]",0.7695312499999969,1.0,0.6035,1,1.0,1.875967155693387,0.0573907308280468
sun3d-mit_76_studyroom-76-1studyroom2,23,64,0.1968773284562758,"[0.15,0.20)",0.0,0.0,0.0,1,0.0,,
sun3d-mit_76_studyroom-76-1studyroom2,24,28,0.41699512325472643,"[0.30,1.00]",0.8789062499999964,1.0,0.8155,1,1.0,2.757331146685547,0.10357386618852615
sun3d-mit_76_studyroom-76-1studyroom2,24,29,0.2054245440577193,"[0.20,0.25)",0.7265624999999971,1.0,0.763,1,1.0,1.5318683016127068,0.03705044835805893
sun3d-mit_76_studyroom-76-1studyroom2,24,31,0.2734985636983098,"[0.25,0.30)",0.7929687499999968,1.0,0.751,1,1.0,1.6953519098639007,0.03573773056268692
sun3d-mit_76_studyroom-76-1studyroom2,24,34,0.25425880152314784,"[0.25,0.30)",0.24218749999999903,1.0,0.3785,1,1.0,4.423679783084369,0.1424807608127594
sun3d-mit_76_studyroom-76-1studyroom2,24,65,0.29066737925045094,"[0.25,0.30)",0.0039062499999999844,0.0,0.0,1,0.0,,
sun3d-mit_76_studyroom-76-1studyroom2,25,29,0.20274989687886705,"[0.20,0.25)",0.9101562499999963,1.0,0.86,1,1.0,1.0943216633329491,0.0482516884803772
sun3d-mit_76_studyroom-76-1studyroom2,25,31,0.22771896053897978,"[0.20,0.25)",0.9218749999999963,1.0,0.83,1,1.0,0.6379646213934413,0.04715991020202637
sun3d-mit_76_studyroom-76-1studyroom2,26,28,0.3159000081559416,"[0.30,1.00]",0.9804687499999961,1.0,0.8475,1,1.0,2.6303153299763453,0.13840678334236145
sun3d-mit_76_studyroom-76-1studyroom2,26,33,0.39911100236522307,"[0.30,1.00]",0.9023437499999964,1.0,0.8235,1,1.0,1.8239187281414606,0.09495066106319427
sun3d-mit_76_studyroom-76-1studyroom2,27,29,0.2910821126469981,"[0.25,0.30)",0.9648437499999961,1.0,0.888,1,1.0,1.2546060916691555,0.06218335032463074
sun3d-mit_76_studyroom-76-1studyroom2,27,30,0.16737157004332576,"[0.15,0.20)",0.9101562499999963,1.0,0.8795,1,1.0,1.3510362899117545,0.06639532744884491
sun3d-mit_76_studyroom-76-1studyroom2,27,31,0.33102950278522797,"[0.30,1.00]",0.988281249999996,1.0,0.966,1,1.0,0.5875081255056505,0.016540395095944405
sun3d-mit_76_studyroom-76-1studyroom2,28,33,0.34087428650981483,"[0.30,1.00]",0.8398437499999967,1.0,0.769,1,1.0,1.8824240390093567,0.04969126358628273
sun3d-mit_76_studyroom-76-1studyroom2,2,21,0.1928554187786628,"[0.15,0.20)",0.058593749999999764,1.0,0.075,1,0.0,,
sun3d-mit_76_studyroom-76-1studyroom2,2,34,0.4178131788559015,"[0.30,1.00]",0.7812499999999969,1.0,0.7335,1,1.0,5.443089469423677,0.15402045845985413
sun3d-mit_76_studyroom-76-1studyroom2,2,4,0.34896210475500844,"[0.30,1.00]",0.07421874999999971,0.0,0.0035,1,0.0,,
sun3d-mit_76_studyroom-76-1studyroom2,2,43,0.14452087859039345,"[0.00,0.15)",0.0039062499999999844,0.0,0.0,1,0.0,,
sun3d-mit_76_studyroom-76-1studyroom2,2,51,0.2052860246198407,"[0.20,0.25)",0.4726562499999981,1.0,0.533,1,1.0,4.091367502827919,0.09776977449655533
sun3d-mit_76_studyroom-76-1studyroom2,30,32,0.2976322712657118,"[0.25,0.30)",0.6914062499999972,1.0,0.6905,1,1.0,1.979321383599605,0.07861318439245224
sun3d-mit_76_studyroom-76-1studyroom2,33,34,0.3206973979659226,"[0.30,1.00]",0.7031249999999972,1.0,0.6015,0,,,
sun3d-mit_76_studyroom-76-1studyroom2,33,65,0.3071456874917448,"[0.30,1.00]",0.007812499999999969,0.0,0.002,1,0.0,,
sun3d-mit_76_studyroom-76-1studyroom2,34,36,0.32733630883909265,"[0.30,1.00]",0.9257812499999963,1.0,0.8455,1,1.0,1.4804160219176143,0.04861728101968765
sun3d-mit_76_studyroom-76-1studyroom2,34,37,0.3000966272488842,"[0.30,1.00]",0.9218749999999963,1.0,0.827,1,1.0,1.953844969777453,0.0693158358335495
sun3d-mit_76_studyroom-76-1studyroom2,34,38,0.20176689826531083,"[0.20,0.25)",0.8359374999999967,1.0,0.8185,1,1.0,3.376726367846335,0.14149628579616547
sun3d-mit_76_studyroom-76-1studyroom2,34,46,0.23825518796300557,"[0.20,0.25)",0.7343749999999971,1.0,0.704,1,1.0,3.988014196106737,0.13012905418872833
sun3d-mit_76_studyroom-76-1studyroom2,34,47,0.28127732020429763,"[0.25,0.30)",0.8710937499999966,1.0,0.7835,1,1.0,2.8406934321633965,0.08067979663610458
sun3d-mit_76_studyroom-76-1studyroom2,34,48,0.3493765241798187,"[0.30,1.00]",0.9296874999999963,1.0,0.8515,1,1.0,3.164092570349367,0.10214664787054062
sun3d-mit_76_studyroom-76-1studyroom2,34,49,0.31942207702572123,"[0.30,1.00]",0.8593749999999966,1.0,0.8205,1,1.0,4.32553918075594,0.12337550520896912
sun3d-mit_76_studyroom-76-1studyroom2,34,63,0.14871393733032715,"[0.00,0.15)",0.0507812499999998,0.0,0.0325,1,0.0,,
sun3d-mit_76_studyroom-76-1studyroom2,34,64,0.3937330327152257,"[0.30,1.00]",0.06640624999999974,0.0,0.0185,1,0.0,,
sun3d-mit_76_studyroom-76-1studyroom2,35,39,0.2660592255125285,"[0.25,0.30)",0.031249999999999875,0.0,0.0405,1,0.0,,
sun3d-mit_76_studyroom-76-1studyroom2,35,44,0.2559713634884478,"[0.25,0.30)",0.17968749999999928,1.0,0.187,1,0.0,,
sun3d-mit_76_studyroom-76-1studyroom2,35,50,0.3634233647901074,"[0.30,1.00]",0.5390624999999979,1.0,0.616,1,1.0,4.996222351494761,0.1547732651233673
sun3d-mit_76_studyroom-76-1studyroom2,35,51,0.27920598763423365,"[0.25,0.30)",0.48437499999999806,1.0,0.498,1,1.0,6.246231475966121,0.18127936124801636
sun3d-mit_76_studyroom-76-1studyroom2,35,52,0.17865278229742923,"[0.15,0.20)",0.19140624999999922,1.0,0.2055,1,1.0,12.352354130111769,0.0777483806014061
sun3d-mit_76_studyroom-76-1studyroom2,36,44,0.36035874439461885,"[0.30,1.00]",0.6757812499999973,1.0,0.4325,1,0.0,,
sun3d-mit_76_studyroom-76-1studyroom2,36,50,0.40203288490284006,"[0.30,1.00]",0.753906249999997,1.0,0.7065,1,1.0,4.792318771424487,0.1351291686296463
sun3d-mit_76_studyroom-76-1studyroom2,36,51,0.38726457399103137,"[0.30,1.00]",0.48437499999999806,1.0,0.437,1,1.0,6.311617725476901,0.16933637857437134
sun3d-mit_76_studyroom-76-1studyroom2,36,52,0.3388938714499253,"[0.30,1.00]",0.35546874999999856,1.0,0.112,1,0.0,,
sun3d-mit_76_studyroom-76-1studyroom2,36,53,0.2795814648729447,"[0.25,0.30)",0.22656249999999908,0.0,0.025,1,0.0,,
sun3d-mit_76_studyroom-76-1studyroom2,37,44,0.3988751506494666,"[0.30,1.00]",0.753906249999997,1.0,0.463,1,1.0,3.7474244833136927,0.19706077873706818
sun3d-mit_76_studyroom-76-1studyroom2,37,50,0.41811364549390706,"[0.30,1.00]",0.8671874999999966,1.0,0.7325,1,1.0,3.644218565565899,0.09919540584087372
sun3d-mit_76_studyroom-76-1studyroom2,37,51,0.36615631835022094,"[0.30,1.00]",0.5390624999999979,1.0,0.5025,1,1.0,4.67847427068713,0.14180751144886017
sun3d-mit_76_studyroom-76-1studyroom2,37,52,0.34598044904700265,"[0.30,1.00]",0.4062499999999984,1.0,0.2125,1,1.0,3.1880087668174073,0.09456630796194077
sun3d-mit_76_studyroom-76-1studyroom2,37,53,0.33160737401240903,"[0.30,1.00]",0.23046874999999908,1.0,0.071,1,1.0,8.081042425859737,0.20913778245449066
sun3d-mit_76_studyroom-76-1studyroom2,38,40,0.1794948259923061,"[0.15,0.20)",0.0,0.0,0.0,1,0.0,,
sun3d-mit_76_studyroom-76-1studyroom2,38,43,0.1443652521396833,"[0.00,0.15)",0.0,0.0,0.0,1,0.0,,
sun3d-mit_76_studyroom-76-1studyroom2,38,51,0.3566337637551069,"[0.30,1.00]",0.7851562499999969,1.0,0.8355,1,1.0,1.8376016166181555,0.04504178836941719
sun3d-mit_76_studyroom-76-1studyroom2,38,52,0.29561924074791995,"[0.25,0.30)",0.4726562499999981,1.0,0.4565,1,1.0,2.7182938621388533,0.03286489099264145
sun3d-mit_76_studyroom-76-1studyroom2,39,41,0.17072662195503355,"[0.15,0.20)",0.3085937499999988,1.0,0.1785,1,0.0,,
sun3d-mit_76_studyroom-76-1studyroom2,39,42,0.24783681412238942,"[0.20,0.25)",0.3710937499999985,1.0,0.21,1,1.0,1.7205597559562607,0.19987782835960388
sun3d-mit_76_studyroom-76-1studyroom2,39,48,0.2876255342808493,"[0.25,0.30)",0.5234374999999979,1.0,0.2815,1,1.0,5.097467633052299,0.23392315208911896
sun3d-mit_76_studyroom-76-1studyroom2,39,49,0.33589324808006393,"[0.30,1.00]",0.9335937499999962,1.0,0.792,1,1.0,1.3952155343531787,0.06844011694192886
sun3d-mit_76_studyroom-76-1studyroom2,39,50,0.35420648434513674,"[0.30,1.00]",0.9140624999999963,1.0,0.8785,1,1.0,2.0959249437597878,0.08483552932739258
sun3d-mit_76_studyroom-76-1studyroom2,39,51,0.2830385377210967,"[0.25,0.30)",0.6679687499999973,1.0,0.6965,1,1.0,2.2291460840086526,0.10960473120212555
sun3d-mit_76_studyroom-76-1studyroom2,39,52,0.2996142752892935,"[0.25,0.30)",0.749999999999997,1.0,0.673,1,1.0,3.2386982538778506,0.1908305585384369
sun3d-mit_76_studyroom-76-1studyroom2,39,53,0.29401952948535287,"[0.25,0.30)",0.6523437499999974,1.0,0.582,1,1.0,4.294091949884081,0.21961422264575958
sun3d-mit_76_studyroom-76-1studyroom2,3,35,0.2772514071294559,"[0.25,0.30)",0.6835937499999972,1.0,0.711,1,1.0,6.09860074364015,0.13296237587928772
sun3d-mit_76_studyroom-76-1studyroom2,3,36,0.31350844277673545,"[0.30,1.00]",0.7812499999999969,1.0,0.757,1,1.0,4.102361907617968,0.07803560048341751
sun3d-mit_76_studyroom-76-1studyroom2,3,37,0.3420262664165103,"[0.30,1.00]",0.8281249999999967,1.0,0.7925,1,1.0,3.442076406462018,0.05142595246434212
sun3d-mit_76_studyroom-76-1studyroom2,3,41,0.32926829268292684,"[0.30,1.00]",0.45703124999999817,1.0,0.3185,1,1.0,2.1078435085892036,0.17616750299930573
sun3d-mit_76_studyroom-76-1studyroom2,3,42,0.3908536585365854,"[0.30,1.00]",0.4062499999999984,1.0,0.1995,1,1.0,3.922861598933724,0.21958637237548828
sun3d-mit_76_studyroom-76-1studyroom2,3,8,0.17889305816135084,"[0.15,0.20)",0.507812499999998,1.0,0.549,1,1.0,2.8894762759090558,0.107249915599823
sun3d-mit_76_studyroom-76-1studyroom2,40,45,0.3744782681284434,"[0.30,1.00]",0.0,0.0,0.0,1,0.0,,
sun3d-mit_76_studyroom-76-1studyroom2,40,46,0.33029105682007903,"[0.30,1.00]",0.0,0.0,0.0,1,0.0,,
sun3d-mit_76_studyroom-76-1studyroom2,40,47,0.28087261394624075,"[0.25,0.30)",0.0,0.0,0.0,1,0.0,,
sun3d-mit_76_studyroom-76-1studyroom2,40,48,0.17257499026100506,"[0.15,0.20)",0.0,0.0,0.0,1,0.0,,
sun3d-mit_76_studyroom-76-1studyroom2,40,49,0.15510045077633702,"[0.15,0.20)",0.0,0.0,0.0,1,0.0,,
sun3d-mit_76_studyroom-76-1studyroom2,41,44,0.17840732009429816,"[0.15,0.20)",0.0,0.0,0.0,1,0.0,,
sun3d-mit_76_studyroom-76-1studyroom2,42,44,0.2309398951189996,"[0.20,0.25)",0.007812499999999969,0.0,0.0005,1,0.0,,
sun3d-mit_76_studyroom-76-1studyroom2,43,45,0.3007658202337767,"[0.30,1.00]",0.0,0.0,0.0,1,0.0,,
sun3d-mit_76_studyroom-76-1studyroom2,43,46,0.2320838371624345,"[0.20,0.25)",0.0,0.0,0.0,1,0.0,,
sun3d-mit_76_studyroom-76-1studyroom2,43,47,0.218863361547763,"[0.20,0.25)",0.0,0.0,0.0,1,0.0,,
sun3d-mit_76_studyroom-76-1studyroom2,43,48,0.14268440145102781,"[0.00,0.15)",0.0,0.0,0.0,1,0.0,,
sun3d-mit_76_studyroom-76-1studyroom2,44,48,0.31303265706312694,"[0.30,1.00]",0.8437499999999967,1.0,0.711,1,1.0,2.33431001650637,0.10909345746040344
sun3d-mit_76_studyroom-76-1studyroom2,44,51,0.16694320838675616,"[0.15,0.20)",0.33203124999999867,1.0,0.2965,1,1.0,1.984259078944713,0.09602853655815125
sun3d-mit_76_studyroom-76-1studyroom2,47,50,0.37418289864641796,"[0.30,1.00]",0.8671874999999966,1.0,0.864,1,1.0,1.1938657953811642,0.013922425918281078
sun3d-mit_76_studyroom-76-1studyroom2,48,50,0.3320347015824564,"[0.30,1.00]",0.8124999999999968,1.0,0.853,1,1.0,2.8906954656757744,0.05598917230963707
sun3d-mit_76_studyroom-76-1studyroom2,49,51,0.21574237852460723,"[0.20,0.25)",0.5742187499999977,1.0,0.676,1,1.0,1.5125846868910078,0.05042068287730217
sun3d-mit_76_studyroom-76-1studyroom2,4,38,0.28642626795661097,"[0.25,0.30)",0.0,0.0,0.0,1,0.0,,
sun3d-mit_76_studyroom-76-1studyroom2,4,45,0.30389914980944005,"[0.30,1.00]",0.0,0.0,0.0,1,0.0,,
sun3d-mit_76_studyroom-76-1studyroom2,4,49,0.2602169451773673,"[0.25,0.30)",0.0,0.0,0.0,1,0.0,,
sun3d-mit_76_studyroom-76-1studyroom2,4,6,0.35373790677220757,"[0.30,1.00]",0.054687499999999785,0.0,0.0255,1,0.0,,
sun3d-mit_76_studyroom-76-1studyroom2,4,7,0.3054236294341835,"[0.30,1.00]",0.058593749999999764,0.0,0.0005,1,0.0,,
sun3d-mit_76_studyroom-76-1studyroom2,50,52,0.23091853985348443,"[0.20,0.25)",0.23437499999999906,1.0,0.244,1,1.0,0.9911056630433029,0.04344597086310387
sun3d-mit_76_studyroom-76-1studyroom2,51,55,0.40476913730255165,"[0.30,1.00]",0.4765624999999981,1.0,0.4715,1,1.0,5.528751595455622,0.1330358237028122
sun3d-mit_76_studyroom-76-1studyroom2,51,56,0.2509113001215067,"[0.25,0.30)",0.35937499999999856,1.0,0.2825,1,1.0,6.4449114128675795,0.14552292227745056
sun3d-mit_76_studyroom-76-1studyroom2,52,54,0.2495806661417862,"[0.20,0.25)",0.7734374999999969,1.0,0.7245,1,1.0,0.3647689593917515,0.019741199910640717
sun3d-mit_76_studyroom-76-1studyroom2,52,56,0.2602950741108411,"[0.25,0.30)",0.5937499999999977,1.0,0.533,1,1.0,2.1783457015564385,0.05594450235366821
sun3d-mit_76_studyroom-76-1studyroom2,53,56,0.2108068369784966,"[0.20,0.25)",0.22656249999999908,1.0,0.163,1,0.0,,
sun3d-mit_76_studyroom-76-1studyroom2,54,56,0.28565243062389295,"[0.25,0.30)",0.3164062499999987,1.0,0.258,1,1.0,2.010129111669698,0.053192704916000366
sun3d-mit_76_studyroom-76-1studyroom2,55,57,0.21667490525622013,"[0.20,0.25)",0.8242187499999967,1.0,0.8295,1,1.0,1.3723057164301269,0.024221772328019142
sun3d-mit_76_studyroom-76-1studyroom2,57,59,0.2713907801726007,"[0.25,0.30)",0.18359374999999928,1.0,0.138,1,1.0,7.467396926263965,0.20130926370620728
sun3d-mit_76_studyroom-76-1studyroom2,57,60,0.24207467799991328,"[0.20,0.25)",0.13671874999999944,1.0,0.1175,1,0.0,,
sun3d-mit_76_studyroom-76-1studyroom2,57,61,0.31467106119085825,"[0.30,1.00]",0.35546874999999856,1.0,0.311,1,1.0,2.082059092789438,0.07027000188827515
sun3d-mit_76_studyroom-76-1studyroom2,57,62,0.3466325512814953,"[0.30,1.00]",0.4062499999999984,1.0,0.3095,1,1.0,5.507585132730077,0.22326257824897766
sun3d-mit_76_studyroom-76-1studyroom2,57,63,0.22732989288347283,"[0.20,0.25)",0.1523437499999994,1.0,0.1665,1,0.0,,
sun3d-mit_76_studyroom-76-1studyroom2,58,62,0.4712188852813853,"[0.30,1.00]",0.8046874999999968,1.0,0.767,1,1.0,0.4698058831277078,0.02722841687500477
sun3d-mit_76_studyroom-76-1studyroom2,58,63,0.30874594155844154,"[0.30,1.00]",0.7187499999999971,1.0,0.723,1,1.0,1.820481942548394,0.05073315277695656
sun3d-mit_76_studyroom-76-1studyroom2,59,63,0.352510873863187,"[0.30,1.00]",0.8945312499999964,1.0,0.82,1,1.0,0.4597012948734734,0.024597391486167908
sun3d-mit_76_studyroom-76-1studyroom2,5,34,0.18383276511753097,"[0.15,0.20)",0.6093749999999976,1.0,0.549,1,1.0,6.829839279989067,0.16826844215393066
sun3d-mit_76_studyroom-76-1studyroom2,5,35,0.30418984389018483,"[0.30,1.00]",0.7265624999999971,1.0,0.579,1,1.0,6.2677270143796955,0.1755847930908203
sun3d-mit_76_studyroom-76-1studyroom2,5,36,0.33729589090256595,"[0.30,1.00]",0.7656249999999969,1.0,0.619,1,1.0,4.993162774381028,0.14886657893657684
sun3d-mit_76_studyroom-76-1studyroom2,5,41,0.3402565942939171,"[0.30,1.00]",0.5820312499999977,1.0,0.4335,1,1.0,4.138673173846489,0.1640881448984146
sun3d-mit_76_studyroom-76-1studyroom2,5,42,0.44720078952090436,"[0.30,1.00]",0.6835937499999972,1.0,0.5145,1,1.0,3.8268430879514805,0.16049280762672424
sun3d-mit_76_studyroom-76-1studyroom2,5,50,0.18401220168670376,"[0.15,0.20)",0.4492187499999982,1.0,0.4355,1,1.0,1.7663571705644483,0.025443976745009422
sun3d-mit_76_studyroom-76-1studyroom2,5,8,0.19715593037861115,"[0.15,0.20)",0.45312499999999817,1.0,0.5535,1,1.0,2.969001839396237,0.04243578761816025
sun3d-mit_76_studyroom-76-1studyroom2,60,64,0.2187700192184497,"[0.20,0.25)",0.0039062499999999844,0.0,0.008,1,0.0,,
sun3d-mit_76_studyroom-76-1studyroom2,61,64,0.42017855428626283,"[0.30,1.00]",0.7695312499999969,1.0,0.6935,1,1.0,3.4049033616840623,0.11672161519527435
sun3d-mit_76_studyroom-76-1studyroom2,62,65,0.28796576929934037,"[0.25,0.30)",0.0039062499999999844,0.0,0.0065,1,0.0,,
sun3d-mit_76_studyroom-76-1studyroom2,63,65,0.38126707198872145,"[0.30,1.00]",0.2226562499999991,1.0,0.274,1,0.0,,
sun3d-mit_76_studyroom-76-1studyroom2,6,34,0.34262202043132806,"[0.30,1.00]",0.8476562499999966,1.0,0.786,1,1.0,5.418914230784986,0.16449543833732605
sun3d-mit_76_studyroom-76-1studyroom2,6,40,0.31458569807037456,"[0.30,1.00]",0.007812499999999969,0.0,0.001,1,0.0,,
sun3d-mit_76_studyroom-76-1studyroom2,6,43,0.3634506242905789,"[0.30,1.00]",0.0781249999999997,0.0,0.006,1,0.0,,
sun3d-mit_76_studyroom-76-1studyroom2,6,50,0.35459704880817255,"[0.30,1.00]",0.6562499999999973,1.0,0.759,1,1.0,0.7579557934255702,0.017378168180584908
sun3d-mit_76_studyroom-76-1studyroom2,6,51,0.16106696935300793,"[0.15,0.20)",0.46484374999999817,1.0,0.556,1,1.0,2.4384729100981275,0.04947817698121071
sun3d-mit_76_studyroom-76-1studyroom2,7,34,0.26205248402959697,"[0.25,0.30)",0.742187499999997,1.0,0.7095,1,1.0,5.7784857219848735,0.17541351914405823
sun3d-mit_76_studyroom-76-1studyroom2,7,40,0.32584218024725403,"[0.30,1.00]",0.07031249999999972,0.0,0.0485,1,0.0,,
sun3d-mit_76_studyroom-76-1studyroom2,7,43,0.3011627372581461,"[0.30,1.00]",0.011718749999999953,0.0,0.0005,1,0.0,,
sun3d-mit_76_studyroom-76-1studyroom2,8,10,0.18151661525926788,"[0.15,0.20)",0.2031249999999992,1.0,0.235,1,1.0,7.653399407154928,0.2618962526321411
sun3d-mit_76_studyroom-76-1studyroom2,8,34,0.17604609206774138,"[0.15,0.20)",0.5976562499999976,1.0,0.6505,1,1.0,4.561796010255258,0.14251483976840973
sun3d-mit_76_studyroom-76-1studyroom2,8,35,0.30809521038235466,"[0.30,1.00]",0.7031249999999972,1.0,0.693,1,1.0,5.215563999050418,0.1566646248102188
sun3d-mit_76_studyroom-76-1studyroom2,8,36,0.41028923936448813,"[0.30,1.00]",0.742187499999997,1.0,0.671,1,1.0,5.0033541072989856,0.16148267686367035
sun3d-mit_76_studyroom-76-1studyroom2,8,52,0.3002386079264389,"[0.30,1.00]",0.41796874999999833,1.0,0.4855,1,1.0,1.1412387788297542,0.06626248359680176
sun3d-mit_76_studyroom-76-1studyroom2,8,53,0.17651166850957342,"[0.15,0.20)",0.21093749999999917,1.0,0.261,1,1.0,2.3664537309892886,0.08134432882070541
sun3d-mit_76_studyroom-76-1studyroom2,8,55,0.16475586335331432,"[0.15,0.20)",0.2226562499999991,1.0,0.2215,1,1.0,7.8009692709048615,0.22532743215560913
sun3d-mit_76_studyroom-76-1studyroom2,8,9,0.35442006634464296,"[0.30,1.00]",0.36718749999999856,1.0,0.4215,0,,,
sun3d-mit_76_studyroom-76-1studyroom2,9,12,0.35003170577045023,"[0.30,1.00]",0.7226562499999971,1.0,0.681,1,1.0,5.946068066992464,0.14521852135658264
sun3d-mit_76_studyroom-76-1studyroom2,9,36,0.21019060763176545,"[0.20,0.25)",0.3710937499999985,1.0,0.1275,1,1.0,3.2971688448379264,0.20830799639225006
sun3d-mit_76_studyroom-76-1studyroom2,9,37,0.24137416539221904,"[0.20,0.25)",0.46484374999999817,1.0,0.229,1,1.0,3.2495608032857977,0.18279415369033813
sun3d-mit_76_studyroom-76-1studyroom2,9,38,0.27908538177477715,"[0.25,0.30)",0.5273437499999979,1.0,0.5705,1,1.0,1.918670781073603,0.08490420132875443
sun3d-mit_76_studyroom-76-1studyroom2,9,39,0.2579357678391585,"[0.25,0.30)",0.7734374999999969,1.0,0.753,1,1.0,3.3392957548187874,0.15035150945186615
sun3d-mit_76_studyroom-76-1studyroom2,9,50,0.22757283001976947,"[0.20,0.25)",0.49218749999999806,1.0,0.5345,1,1.0,1.259587377851738,0.03119431622326374
sun3d-mit_76_studyroom-76-1studyroom2,9,54,0.18191652057144989,"[0.15,0.20)",0.2812499999999989,1.0,0.2905,1,1.0,2.364467891086666,0.0264136902987957
sun3d-mit_76_studyroom-76-1studyroom2,9,56,0.29702711775896157,"[0.25,0.30)",0.6132812499999976,1.0,0.54,1,1.0,3.668637572784899,0.08343490958213806
sun3d-mit_lab_hj-lab_hj_tea_nov_2_2012_scan1_erika,0,11,0.3048063762982047,"[0.30,1.00]",0.3749999999999985,1.0,0.4065,1,1.0,1.2642395113432732,0.009117014706134796
sun3d-mit_lab_hj-lab_hj_tea_nov_2_2012_scan1_erika,0,2,0.272522341196361,"[0.25,0.30)",0.28515624999999883,1.0,0.3275,1,1.0,2.2251036028134683,0.07770482450723648
sun3d-mit_lab_hj-lab_hj_tea_nov_2_2012_scan1_erika,0,24,0.15908541985347396,"[0.15,0.20)",0.19531249999999922,1.0,0.151,1,0.0,,
sun3d-mit_lab_hj-lab_hj_tea_nov_2_2012_scan1_erika,0,26,0.24909427582320265,"[0.20,0.25)",0.3789062499999985,1.0,0.23,1,1.0,1.6361401014497894,0.1006881445646286
sun3d-mit_lab_hj-lab_hj_tea_nov_2_2012_scan1_erika,0,6,0.3524675952016746,"[0.30,1.00]",0.3710937499999985,1.0,0.201,1,1.0,4.57748463779617,0.14025633037090302
sun3d-mit_lab_hj-lab_hj_tea_nov_2_2012_scan1_erika,0,7,0.5856211255132437,"[0.30,1.00]",0.1523437499999994,1.0,0.115,1,0.0,,
sun3d-mit_lab_hj-lab_hj_tea_nov_2_2012_scan1_erika,10,27,0.407168458781362,"[0.30,1.00]",0.5507812499999978,1.0,0.449,1,1.0,4.859541836938312,0.22812066972255707
sun3d-mit_lab_hj-lab_hj_tea_nov_2_2012_scan1_erika,10,28,0.2252199413489736,"[0.20,0.25)",0.5820312499999977,1.0,0.619,1,1.0,1.25273300362054,0.0635157972574234
sun3d-mit_lab_hj-lab_hj_tea_nov_2_2012_scan1_erika,13,16,0.36725966472801913,"[0.30,1.00]",0.4062499999999984,1.0,0.2555,1,1.0,3.8700927822428555,0.06701240688562393
sun3d-mit_lab_hj-lab_hj_tea_nov_2_2012_scan1_erika,13,17,0.2704413274033527,"[0.25,0.30)",0.031249999999999875,0.0,0.0465,1,0.0,,
sun3d-mit_lab_hj-lab_hj_tea_nov_2_2012_scan1_erika,13,18,0.1874786178583647,"[0.15,0.20)",0.0,0.0,0.0,1,0.0,,
sun3d-mit_lab_hj-lab_hj_tea_nov_2_2012_scan1_erika,14,18,0.3766059358073325,"[0.30,1.00]",0.8164062499999968,1.0,0.5245,1,1.0,1.5890544565348503,0.07844844460487366
sun3d-mit_lab_hj-lab_hj_tea_nov_2_2012_scan1_erika,15,18,0.41565953444627324,"[0.30,1.00]",0.757812499999997,1.0,0.398,1,1.0,1.6781809381265904,0.07822472602128983
sun3d-mit_lab_hj-lab_hj_tea_nov_2_2012_scan1_erika,17,20,0.40402498265093684,"[0.30,1.00]",0.5976562499999976,1.0,0.575,1,0.0,,
sun3d-mit_lab_hj-lab_hj_tea_nov_2_2012_scan1_erika,19,21,0.4193278015254379,"[0.30,1.00]",0.5351562499999979,1.0,0.2055,1,0.0,,
sun3d-mit_lab_hj-lab_hj_tea_nov_2_2012_scan1_erika,1,26,0.22468747954709078,"[0.20,0.25)",0.35546874999999856,1.0,0.2215,1,1.0,2.4226894732982625,0.14381323754787445
sun3d-mit_lab_hj-lab_hj_tea_nov_2_2012_scan1_erika,1,5,0.28679887427187645,"[0.25,0.30)",0.5976562499999976,1.0,0.624,1,1.0,2.2793301084034048,0.015044692903757095
sun3d-mit_lab_hj-lab_hj_tea_nov_2_2012_scan1_erika,1,7,0.6192813665815826,"[0.30,1.00]",0.5468749999999978,1.0,0.605,1,1.0,1.2313055802014716,0.0621681846678257
sun3d-mit_lab_hj-lab_hj_tea_nov_2_2012_scan1_erika,20,22,0.3542964787711926,"[0.30,1.00]",0.3476562499999986,1.0,0.075,1,1.0,1.7725507706951513,0.15843072533607483
sun3d-mit_lab_hj-lab_hj_tea_nov_2_2012_scan1_erika,21,23,0.4188353812104098,"[0.30,1.00]",0.7031249999999972,1.0,0.5825,1,1.0,1.9594462286188754,0.07055702805519104
sun3d-mit_lab_hj-lab_hj_tea_nov_2_2012_scan1_erika,21,24,0.22437609707700526,"[0.20,0.25)",0.4023437499999984,1.0,0.3905,1,1.0,5.501390351360646,0.21536554396152496
sun3d-mit_lab_hj-lab_hj_tea_nov_2_2012_scan1_erika,21,25,0.1820575440738762,"[0.15,0.20)",0.45703124999999817,1.0,0.4975,1,1.0,8.902208626044771,0.22222064435482025
sun3d-mit_lab_hj-lab_hj_tea_nov_2_2012_scan1_erika,22,25,0.36930274675520675,"[0.30,1.00]",0.6796874999999973,1.0,0.5525,1,1.0,7.723596761098261,0.15635477006435394
sun3d-mit_lab_hj-lab_hj_tea_nov_2_2012_scan1_erika,22,26,0.2650166012677332,"[0.25,0.30)",0.5273437499999979,1.0,0.3735,1,1.0,8.827481906444998,0.1822052001953125
sun3d-mit_lab_hj-lab_hj_tea_nov_2_2012_scan1_erika,23,26,0.40717907351924404,"[0.30,1.00]",0.5351562499999979,1.0,0.4025,1,1.0,9.265310567410646,0.17632383108139038
sun3d-mit_lab_hj-lab_hj_tea_nov_2_2012_scan1_erika,23,27,0.2985134823692095,"[0.25,0.30)",0.3789062499999985,1.0,0.2895,1,1.0,1.940578059970261,0.043040573596954346
sun3d-mit_lab_hj-lab_hj_tea_nov_2_2012_scan1_erika,24,26,0.4847775175644028,"[0.30,1.00]",0.5312499999999979,1.0,0.4185,1,1.0,4.829942400958127,0.06781457364559174
sun3d-mit_lab_hj-lab_hj_tea_nov_2_2012_scan1_erika,24,27,0.3604025571238686,"[0.30,1.00]",0.3749999999999985,1.0,0.2635,1,1.0,3.667356409951369,0.04862723872065544
sun3d-mit_lab_hj-lab_hj_tea_nov_2_2012_scan1_erika,24,33,0.2415975694664219,"[0.20,0.25)",0.5429687499999978,1.0,0.4335,1,1.0,5.267228511501088,0.1460944563150406
sun3d-mit_lab_hj-lab_hj_tea_nov_2_2012_scan1_erika,24,34,0.20007595417431484,"[0.20,0.25)",0.4257812499999983,1.0,0.264,1,1.0,5.549908205883266,0.19797322154045105
sun3d-mit_lab_hj-lab_hj_tea_nov_2_2012_scan1_erika,24,35,0.19007532122286222,"[0.15,0.20)",0.2226562499999991,1.0,0.0985,1,0.0,,
sun3d-mit_lab_hj-lab_hj_tea_nov_2_2012_scan1_erika,24,36,0.1546933350212039,"[0.15,0.20)",0.3437499999999986,1.0,0.254,1,1.0,4.966094302260264,0.2248166799545288
sun3d-mit_lab_hj-lab_hj_tea_nov_2_2012_scan1_erika,24,37,0.20843091334894615,"[0.20,0.25)",0.45703124999999817,1.0,0.352,1,1.0,3.778127513887131,0.13021132349967957
sun3d-mit_lab_hj-lab_hj_tea_nov_2_2012_scan1_erika,25,27,0.35416119716461014,"[0.30,1.00]",0.5234374999999979,1.0,0.3365,1,1.0,1.9088535413520984,0.07359404861927032
sun3d-mit_lab_hj-lab_hj_tea_nov_2_2012_scan1_erika,25,30,0.1182068784457863,"[0.00,0.15)",0.015624999999999938,0.0,0.001,1,0.0,,
sun3d-mit_lab_hj-lab_hj_tea_nov_2_2012_scan1_erika,25,31,0.11374376476765555,"[0.00,0.15)",0.007812499999999969,0.0,0.0025,1,0.0,,
sun3d-mit_lab_hj-lab_hj_tea_nov_2_2012_scan1_erika,25,32,0.24107377264373853,"[0.20,0.25)",0.45703124999999817,1.0,0.2515,1,1.0,4.120652523467128,0.08592038601636887
sun3d-mit_lab_hj-lab_hj_tea_nov_2_2012_scan1_erika,25,33,0.30014439485429245,"[0.30,1.00]",0.4492187499999982,1.0,0.4355,1,1.0,2.713537053208578,0.12732666730880737
sun3d-mit_lab_hj-lab_hj_tea_nov_2_2012_scan1_erika,25,34,0.259516933578367,"[0.25,0.30)",0.3789062499999985,1.0,0.2575,1,1.0,2.7754454214464013,0.1476857215166092
sun3d-mit_lab_hj-lab_hj_tea_nov_2_2012_scan1_erika,25,35,0.22007088474665268,"[0.20,0.25)",0.45312499999999817,1.0,0.241,1,1.0,3.934624761845968,0.11083939671516418
sun3d-mit_lab_hj-lab_hj_tea_nov_2_2012_scan1_erika,25,36,0.258007351010764,"[0.25,0.30)",0.4726562499999981,1.0,0.3015,1,1.0,3.2685433888928355,0.13611069321632385
sun3d-mit_lab_hj-lab_hj_tea_nov_2_2012_scan1_erika,25,37,0.2807823575741665,"[0.25,0.30)",0.4062499999999984,1.0,0.399,1,1.0,3.7949858493789868,0.16196489334106445
sun3d-mit_lab_hj-lab_hj_tea_nov_2_2012_scan1_erika,28,29,0.1541919226316148,"[0.15,0.20)",0.031249999999999875,0.0,0.0065,0,,,
sun3d-mit_lab_hj-lab_hj_tea_nov_2_2012_scan1_erika,28,30,0.16937955458693726,"[0.15,0.20)",0.29687499999999883,1.0,0.1595,1,0.0,,
sun3d-mit_lab_hj-lab_hj_tea_nov_2_2012_scan1_erika,29,31,0.47061260728026044,"[0.30,1.00]",0.19140624999999922,1.0,0.161,1,1.0,0.9095670812225222,0.027344640344381332
sun3d-mit_lab_hj-lab_hj_tea_nov_2_2012_scan1_erika,2,28,0.22042036982435448,"[0.20,0.25)",0.6601562499999973,1.0,0.7165,1,1.0,2.5320365571026358,0.09057886898517609
sun3d-mit_lab_hj-lab_hj_tea_nov_2_2012_scan1_erika,2,30,0.2082052146076408,"[0.20,0.25)",0.07031249999999972,0.0,0.017,1,0.0,,
sun3d-mit_lab_hj-lab_hj_tea_nov_2_2012_scan1_erika,2,6,0.5640453224379764,"[0.30,1.00]",0.8242187499999967,1.0,0.766,1,1.0,1.3596991238826872,0.047485772520303726
sun3d-mit_lab_hj-lab_hj_tea_nov_2_2012_scan1_erika,2,7,0.5125310644033528,"[0.30,1.00]",0.7968749999999968,1.0,0.7715,1,1.0,1.5430692258935301,0.05578050762414932
sun3d-mit_lab_hj-lab_hj_tea_nov_2_2012_scan1_erika,2,9,0.19211490670148687,"[0.15,0.20)",0.6249999999999976,1.0,0.7395,1,1.0,2.652103646573629,0.06707225739955902
sun3d-mit_lab_hj-lab_hj_tea_nov_2_2012_scan1_erika,30,32,0.3389976338997634,"[0.30,1.00]",0.8320312499999967,1.0,0.886,1,1.0,1.0512744765340714,0.03569493815302849
sun3d-mit_lab_hj-lab_hj_tea_nov_2_2012_scan1_erika,30,33,0.3171380942138094,"[0.30,1.00]",0.8124999999999968,1.0,0.778,1,1.0,1.3859276116044117,0.041018594056367874
sun3d-mit_lab_hj-lab_hj_tea_nov_2_2012_scan1_erika,30,34,0.20945364594536459,"[0.20,0.25)",0.7070312499999972,1.0,0.6395,1,1.0,2.9040728004517375,0.0762282982468605
sun3d-mit_lab_hj-lab_hj_tea_nov_2_2012_scan1_erika,30,35,0.20466767046676704,"[0.20,0.25)",0.746093749999997,1.0,0.742,1,1.0,1.3637229511361137,0.04004821553826332
sun3d-mit_lab_hj-lab_hj_tea_nov_2_2012_scan1_erika,30,36,0.3501828350182835,"[0.30,1.00]",0.7695312499999969,1.0,0.8,1,1.0,2.2786430587722686,0.09414633363485336
sun3d-mit_lab_hj-lab_hj_tea_nov_2_2012_scan1_erika,30,37,0.26201871370187135,"[0.25,0.30)",0.8046874999999968,1.0,0.714,1,1.0,2.0519494692120146,0.07679937034845352
sun3d-mit_lab_hj-lab_hj_tea_nov_2_2012_scan1_erika,31,35,0.5176191886289606,"[0.30,1.00]",0.8593749999999966,1.0,0.847,1,1.0,1.095751258973642,0.044181350618600845
sun3d-mit_lab_hj-lab_hj_tea_nov_2_2012_scan1_erika,3,30,0.18758980362939706,"[0.15,0.20)",0.011718749999999953,0.0,0.0005,1,0.0,,
sun3d-mit_lab_hj-lab_hj_tea_nov_2_2012_scan1_erika,3,5,0.6527592996647331,"[0.30,1.00]",0.8515624999999966,1.0,0.827,1,1.0,1.6622458737183385,0.04289757087826729
sun3d-mit_lab_hj-lab_hj_tea_nov_2_2012_scan1_erika,3,6,0.6125804906604225,"[0.30,1.00]",0.742187499999997,1.0,0.7895,1,1.0,1.2722629196009425,0.0492127351462841
sun3d-mit_lab_hj-lab_hj_tea_nov_2_2012_scan1_erika,3,7,0.44143472939173006,"[0.30,1.00]",0.7304687499999971,1.0,0.77,1,1.0,2.4081034098878544,0.08618225902318954
sun3d-mit_lab_hj-lab_hj_tea_nov_2_2012_scan1_erika,3,8,0.32185620775903356,"[0.30,1.00]",0.7070312499999972,1.0,0.7155,1,1.0,1.7601417834110298,0.06597895920276642
sun3d-mit_lab_hj-lab_hj_tea_nov_2_2012_scan1_erika,4,7,0.5011219600946085,"[0.30,1.00]",0.7734374999999969,1.0,0.7215,1,1.0,1.8509719568847587,0.014329301193356514
sun3d-mit_lab_hj-lab_hj_tea_nov_2_2012_scan1_erika,4,8,0.3243980835708654,"[0.30,1.00]",0.6640624999999973,1.0,0.584,1,1.0,1.9082382875244936,0.06972075998783112
sun3d-mit_lab_hj-lab_hj_tea_nov_2_2012_scan1_erika,5,9,0.1488733266638083,"[0.00,0.15)",0.36718749999999856,1.0,0.504,1,0.0,,
sun3d-mit_lab_hj-lab_hj_tea_nov_2_2012_scan1_erika,6,10,0.24524179811893654,"[0.20,0.25)",0.4765624999999981,1.0,0.4035,1,1.0,2.9287735540817468,0.11733736842870712
sun3d-mit_lab_hj-lab_hj_tea_nov_2_2012_scan1_erika,6,9,0.34829297193216324,"[0.30,1.00]",0.7109374999999971,1.0,0.7385,1,1.0,4.164429723194496,0.198264941573143
sun3d-mit_lab_hj-lab_hj_tea_nov_2_2012_scan1_erika,8,10,0.31363925257404346,"[0.30,1.00]",0.7812499999999969,1.0,0.866,1,1.0,0.8577498730614788,0.022116687148809433
sun3d-mit_lab_hj-lab_hj_tea_nov_2_2012_scan1_erika,8,9,0.36895894241769417,"[0.30,1.00]",0.9062499999999963,1.0,0.9375,0,,,
sun3d-mit_lab_hj-lab_hj_tea_nov_2_2012_scan1_erika,9,11,0.3910982042316126,"[0.30,1.00]",0.46484374999999817,1.0,0.4075,1,1.0,0.9091367115887314,0.11103374511003494
sun3d-mit_lab_hj-lab_hj_tea_nov_2_2012_scan1_erika,9,27,0.373081254074557,"[0.30,1.00]",0.4492187499999982,1.0,0.4295,1,1.0,4.176076296568772,0.20588980615139008
sun3d-mit_lab_hj-lab_hj_tea_nov_2_2012_scan1_erika,9,28,0.26503881941563445,"[0.25,0.30)",0.7187499999999971,1.0,0.705,1,1.0,1.634943573925466,0.0900890976190567
