scene,ref_frame,src_frame,overlap,bin,PIR,FMR,IR,is_official_gt_pair,RR_success,RRE,RTE_m
7-scenes-redkitchen,0,16,0.20292986246508932,"[0.20,0.25)",0.45703124999999817,1.0,0.3225,1,1.0,3.391536898842254,0.048452574759721756
7-scenes-redkitchen,0,17,0.17057490646572165,"[0.15,0.20)",0.38281249999999845,1.0,0.2445,1,1.0,3.2795459798282733,0.04984910413622856
7-scenes-redkitchen,0,18,0.312167360489013,"[0.30,1.00]",0.6484374999999974,1.0,0.5595,1,1.0,1.4063914062230138,0.04092208296060562
7-scenes-redkitchen,0,20,0.31369552616325025,"[0.30,1.00]",0.7656249999999969,1.0,0.551,1,1.0,1.9948828077840903,0.027465594932436943
7-scenes-redkitchen,0,25,0.3271855403909996,"[0.30,1.00]",0.5546874999999978,1.0,0.403,1,1.0,2.707470854783463,0.03469523414969444
7-scenes-redkitchen,0,30,0.25688991937608685,"[0.25,0.30)",0.14062499999999944,1.0,0.06,1,1.0,10.67375961447554,0.1588112860918045
7-scenes-redkitchen,0,31,0.33187542814986565,"[0.30,1.00]",0.2773437499999989,1.0,0.123,1,0.0,,
7-scenes-redkitchen,0,32,0.3762976234388997,"[0.30,1.00]",0.2734374999999989,1.0,0.193,1,1.0,2.676641322882265,0.054494548588991165
7-scenes-redkitchen,0,33,0.2698529799230648,"[0.25,0.30)",0.08984374999999964,0.0,0.0255,1,0.0,,
7-scenes-redkitchen,0,34,0.1396954207725141,"[0.00,0.15)",0.5703124999999977,1.0,0.529,1,1.0,3.0912351115102887,0.054674819111824036
7-scenes-redkitchen,0,36,0.24935448174105496,"[0.20,0.25)",0.3789062499999985,1.0,0.3715,1,1.0,3.711406829957963,0.04229665547609329
7-scenes-redkitchen,0,37,0.38562470358855455,"[0.30,1.00]",0.7187499999999971,1.0,0.6595,1,1.0,2.755200590285832,0.017185647040605545
7-scenes-redkitchen,0,38,0.366654371080782,"[0.30,1.00]",0.7812499999999969,1.0,0.7,1,1.0,2.6572650275802356,0.029405225068330765
7-scenes-redkitchen,0,41,0.352584707804184,"[0.30,1.00]",0.8476562499999966,1.0,0.6805,1,1.0,2.9715062752350914,0.11460933089256287
7-scenes-redkitchen,0,42,0.3115877114401644,"[0.30,1.00]",0.7890624999999969,1.0,0.6325,1,1.0,3.5352394148333364,0.11440140753984451
7-scenes-redkitchen,0,43,0.2592085155714813,"[0.25,0.30)",0.36718749999999856,1.0,0.3465,1,1.0,2.8373838510099207,0.084999218583107
7-scenes-redkitchen,0,44,0.2522000316172208,"[0.25,0.30)",0.46484374999999817,1.0,0.389,1,1.0,4.05376387093132,0.1100357323884964
7-scenes-redkitchen,0,45,0.26637508562997314,"[0.25,0.30)",0.5234374999999979,1.0,0.4245,1,1.0,4.098636669594834,0.1019892767071724
7-scenes-redkitchen,0,46,0.2641091848026558,"[0.25,0.30)",0.503906249999998,1.0,0.429,1,1.0,4.026230932970039,0.06387271732091904
7-scenes-redkitchen,0,47,0.22126785055593615,"[0.20,0.25)",0.4492187499999982,1.0,0.3015,1,1.0,2.0398963640916947,0.06897851079702377
7-scenes-redkitchen,0,48,0.18290562259577384,"[0.15,0.20)",0.2226562499999991,1.0,0.157,1,1.0,5.698976245373323,0.05500718206167221
7-scenes-redkitchen,0,49,0.147599725984086,"[0.00,0.15)",0.21484374999999914,1.0,0.2405,1,1.0,2.7938627398483935,0.06000291928648949
7-scenes-redkitchen,0,50,0.18580386784001687,"[0.15,0.20)",0.249999999999999,1.0,0.22,1,1.0,3.520254089799558,0.05768835172057152
7-scenes-redkitchen,0,51,0.18543500026347684,"[0.15,0.20)",0.49218749999999806,1.0,0.3925,1,1.0,5.128354136497884,0.08261449635028839
7-scenes-redkitchen,0,52,0.1892817621331085,"[0.15,0.20)",0.4765624999999981,1.0,0.3895,1,1.0,3.567656605361982,0.0671432688832283
7-scenes-redkitchen,0,53,0.15729567371028086,"[0.15,0.20)",0.2773437499999989,1.0,0.1925,1,1.0,3.6375499988680877,0.12437419593334198
7-scenes-redkitchen,0,59,0.18622543078463402,"[0.15,0.20)",0.058593749999999764,0.0,0.0305,1,0.0,,
7-scenes-redkitchen,0,7,0.36465194709385046,"[0.30,1.00]",0.7929687499999968,1.0,0.665,1,1.0,1.5794193796958875,0.06952016800642014
7-scenes-redkitchen,0,8,0.16657005849185857,"[0.15,0.20)",0.29296874999999883,1.0,0.2445,1,0.0,,
7-scenes-redkitchen,0,9,0.3021552405543553,"[0.30,1.00]",0.8242187499999967,1.0,0.6695,1,1.0,1.685627682287089,0.07545969635248184
7-scenes-redkitchen,10,21,0.28264748823879304,"[0.25,0.30)",0.6601562499999973,1.0,0.4255,1,1.0,1.019523984779001,0.029803352430462837
7-scenes-redkitchen,10,24,0.3004920780835992,"[0.30,1.00]",0.6484374999999974,1.0,0.4525,1,1.0,2.467675974118844,0.12462824583053589
7-scenes-redkitchen,10,28,0.3432109446817715,"[0.30,1.00]",0.22656249999999908,1.0,0.2515,1,0.0,,
7-scenes-redkitchen,10,29,0.23727897042124046,"[0.20,0.25)",0.48828124999999806,1.0,0.3975,1,1.0,4.525064706639567,0.14544589817523956
7-scenes-redkitchen,10,34,0.1451359974044233,"[0.00,0.15)",0.41015624999999833,1.0,0.337,1,1.0,2.8833726009104894,0.044978562742471695
7-scenes-redkitchen,10,35,0.3434813172551776,"[0.30,1.00]",0.5468749999999978,1.0,0.387,1,1.0,1.7601417834110298,0.0670970231294632
7-scenes-redkitchen,10,40,0.3004920780835992,"[0.30,1.00]",0.48828124999999806,1.0,0.48,1,1.0,2.189458388135601,0.043989453464746475
7-scenes-redkitchen,10,41,0.3233115232790786,"[0.30,1.00]",0.7695312499999969,1.0,0.688,1,1.0,1.4160979586528104,0.05645909905433655
7-scenes-redkitchen,10,42,0.3265559941599524,"[0.30,1.00]",0.8046874999999968,1.0,0.6735,1,1.0,0.9354453175168084,0.036796558648347855
7-scenes-redkitchen,10,43,0.30357432542042934,"[0.30,1.00]",0.7812499999999969,1.0,0.6835,1,1.0,1.0531342056527018,0.04390338808298111
7-scenes-redkitchen,10,44,0.3210403936624669,"[0.30,1.00]",0.7226562499999971,1.0,0.674,1,1.0,1.1643246623557775,0.04688773676753044
7-scenes-redkitchen,10,45,0.3725734061536798,"[0.30,1.00]",0.6757812499999973,1.0,0.611,1,1.0,1.1626427827474484,0.03453339636325836
7-scenes-redkitchen,10,46,0.39085059211593576,"[0.30,1.00]",0.7890624999999969,1.0,0.662,1,1.0,1.4044420471740209,0.040987368673086166
7-scenes-redkitchen,10,47,0.37246525712431733,"[0.30,1.00]",0.5624999999999978,1.0,0.487,1,1.0,1.9331007360536172,0.03195186331868172
7-scenes-redkitchen,10,48,0.35581030660249824,"[0.30,1.00]",0.6523437499999974,1.0,0.567,1,1.0,0.6691032853862069,0.02977478690445423
7-scenes-redkitchen,10,49,0.3193640837073487,"[0.30,1.00]",0.742187499999997,1.0,0.6155,1,1.0,1.583132116359585,0.03693463280797005
7-scenes-redkitchen,10,50,0.34829394906180716,"[0.30,1.00]",0.7773437499999969,1.0,0.63,1,1.0,2.1731283350885318,0.05869508907198906
7-scenes-redkitchen,10,51,0.226626291029038,"[0.20,0.25)",0.4492187499999982,1.0,0.3915,1,1.0,2.4795451406489293,0.047282665967941284
7-scenes-redkitchen,10,52,0.36348888768723303,"[0.30,1.00]",0.742187499999997,1.0,0.6295,1,1.0,1.6951210287311238,0.04205282777547836
7-scenes-redkitchen,10,53,0.3381279403017358,"[0.30,1.00]",0.749999999999997,1.0,0.5885,1,1.0,1.5097357167696608,0.049583327025175095
7-scenes-redkitchen,10,54,0.3284486021737955,"[0.30,1.00]",0.503906249999998,1.0,0.3445,1,1.0,3.6364732798773507,0.0739290788769722
7-scenes-redkitchen,10,55,0.17795922781593035,"[0.15,0.20)",0.08984374999999964,1.0,0.0505,1,0.0,,
7-scenes-redkitchen,10,56,0.12761585464770453,"[0.00,0.15)",0.058593749999999764,0.0,0.0165,1,0.0,,
7-scenes-redkitchen,10,57,0.15449088844427622,"[0.15,0.20)",0.10937499999999957,1.0,0.0675,1,0.0,,
7-scenes-redkitchen,10,58,0.23446709565781648,"[0.20,0.25)",0.48828124999999806,1.0,0.398,1,1.0,3.589432920090532,0.0771963819861412
7-scenes-redkitchen,10,59,0.3253122803222841,"[0.30,1.00]",0.39062499999999845,1.0,0.254,1,1.0,3.360569216392602,0.060434214770793915
7-scenes-redkitchen,11,16,0.3668364983788791,"[0.30,1.00]",0.6874999999999972,1.0,0.373,1,1.0,2.3953903548601105,0.04944153502583504
7-scenes-redkitchen,11,17,0.3337772116720704,"[0.30,1.00]",0.5820312499999977,1.0,0.2915,1,1.0,2.181936620068548,0.06292836368083954
7-scenes-redkitchen,11,20,0.4206229735988884,"[0.30,1.00]",0.8320312499999967,1.0,0.5635,1,1.0,1.6110693980617705,0.06628508865833282
7-scenes-redkitchen,11,21,0.19557665585919407,"[0.15,0.20)",0.3789062499999985,1.0,0.174,1,0.0,,
7-scenes-redkitchen,11,24,0.2128879110699398,"[0.20,0.25)",0.5742187499999977,1.0,0.4225,1,1.0,3.381245815302477,0.19964607059955597
7-scenes-redkitchen,11,29,0.3733788791106994,"[0.30,1.00]",0.5859374999999977,1.0,0.5055,1,1.0,3.109672310520047,0.12488918006420135
7-scenes-redkitchen,11,35,0.24276285317276516,"[0.20,0.25)",0.4414062499999982,1.0,0.259,1,1.0,1.311047186048632,0.08758769929409027
7-scenes-redkitchen,11,40,0.4466188050023159,"[0.30,1.00]",0.6835937499999972,1.0,0.63,1,1.0,3.0129839976062973,0.1031791940331459
7-scenes-redkitchen,11,41,0.3733788791106994,"[0.30,1.00]",0.8281249999999967,1.0,0.748,1,1.0,2.3963706752440124,0.0967213436961174
7-scenes-redkitchen,11,42,0.3391616489115331,"[0.30,1.00]",0.8085937499999968,1.0,0.6975,1,1.0,2.026806262315573,0.08063574135303497
7-scenes-redkitchen,11,43,0.2966651227420102,"[0.25,0.30)",0.7812499999999969,1.0,0.6975,1,1.0,1.7992884445405721,0.0778254047036171
7-scenes-redkitchen,11,44,0.3103867531264474,"[0.30,1.00]",0.761718749999997,1.0,0.6645,1,1.0,1.4930520927082143,0.055673301219940186
7-scenes-redkitchen,11,45,0.3419407132931913,"[0.30,1.00]",0.753906249999997,1.0,0.623,1,1.0,1.2651678856187352,0.05920546129345894
7-scenes-redkitchen,11,46,0.36764705882352944,"[0.30,1.00]",0.5898437499999977,1.0,0.4535,1,1.0,0.9622549556405504,0.014462335035204887
7-scenes-redkitchen,11,47,0.3285085687818434,"[0.30,1.00]",0.4414062499999982,1.0,0.295,1,1.0,0.21850322975887923,0.014117490500211716
7-scenes-redkitchen,11,48,0.27912227883279295,"[0.25,0.30)",0.5234374999999979,1.0,0.4655,1,1.0,0.5774299653769867,0.02682318538427353
7-scenes-redkitchen,11,49,0.23361509958314033,"[0.20,0.25)",0.503906249999998,1.0,0.453,1,1.0,1.0225903105233936,0.03875066339969635
7-scenes-redkitchen,11,50,0.2865331171838814,"[0.25,0.30)",0.6914062499999972,1.0,0.549,1,1.0,2.1711460558466955,0.0521913543343544
7-scenes-redkitchen,11,51,0.23205187586845763,"[0.20,0.25)",0.4687499999999981,1.0,0.369,1,1.0,2.2060225099714708,0.04780098423361778
7-scenes-redkitchen,11,52,0.2893121815655396,"[0.25,0.30)",0.6757812499999973,1.0,0.59,1,1.0,2.1718670938952913,0.040957096964120865
7-scenes-redkitchen,11,53,0.24878415933302456,"[0.20,0.25)",0.6093749999999976,1.0,0.46,1,1.0,1.7418120393160186,0.06358518451452255
7-scenes-redkitchen,11,54,0.22852014821676703,"[0.20,0.25)",0.49218749999999806,1.0,0.326,1,1.0,2.9081143997084355,0.07058187574148178
7-scenes-redkitchen,11,58,0.1770495599814729,"[0.15,0.20)",0.28906249999999883,1.0,0.27,1,1.0,3.4944636699309317,0.0692504420876503
7-scenes-redkitchen,11,59,0.30193376563223717,"[0.30,1.00]",0.1992187499999992,1.0,0.154,1,1.0,4.292358418236198,0.057241808623075485
7-scenes-redkitchen,12,16,0.18701425861330395,"[0.15,0.20)",0.3046874999999988,1.0,0.207,1,1.0,2.430432935606155,0.07474260777235031
7-scenes-redkitchen,12,18,0.2646104889541644,"[0.25,0.30)",0.6406249999999974,1.0,0.477,1,1.0,2.246637569987734,0.07041598856449127
7-scenes-redkitchen,12,20,0.21130897741876262,"[0.20,0.25)",0.46093749999999817,1.0,0.3225,1,1.0,2.4624354278938436,0.1473320573568344
7-scenes-redkitchen,12,25,0.34985618995165535,"[0.30,1.00]",0.7226562499999971,1.0,0.5195,1,1.0,3.030605003686727,0.046736087650060654
7-scenes-redkitchen,12,30,0.3045101278991494,"[0.30,1.00]",0.5546874999999978,1.0,0.4315,1,1.0,3.309969622885481,0.10338861495256424
7-scenes-redkitchen,12,31,0.24778165350957715,"[0.20,0.25)",0.5585937499999978,1.0,0.357,1,1.0,3.628387716607934,0.021075699478387833
7-scenes-redkitchen,12,32,0.21185973930604002,"[0.20,0.25)",0.33203124999999867,1.0,0.169,1,1.0,5.355695799556607,0.1014738604426384
7-scenes-redkitchen,12,36,0.24612936784774495,"[0.20,0.25)",0.2734374999999989,1.0,0.2015,1,1.0,2.0624144554613,0.02915584295988083
7-scenes-redkitchen,12,38,0.3491218407686188,"[0.30,1.00]",0.7929687499999968,1.0,0.622,1,1.0,2.6141919515138707,0.03369378671050072
7-scenes-redkitchen,12,39,0.3794749403341289,"[0.30,1.00]",0.761718749999997,1.0,0.617,1,1.0,2.9645149414988143,0.033560577780008316
7-scenes-redkitchen,12,46,0.3202374395691818,"[0.30,1.00]",0.6328124999999974,1.0,0.5595,1,1.0,2.308510370986744,0.06706131994724274
7-scenes-redkitchen,12,47,0.22691389755828897,"[0.20,0.25)",0.09765624999999961,1.0,0.073,1,0.0,,
7-scenes-redkitchen,12,48,0.17544825898047856,"[0.15,0.20)",0.08203124999999967,0.0,0.048,1,0.0,,
7-scenes-redkitchen,12,50,0.1670032433755584,"[0.15,0.20)",0.1562499999999994,1.0,0.1495,1,0.0,,
7-scenes-redkitchen,12,51,0.1951532953919589,"[0.15,0.20)",0.48828124999999806,1.0,0.459,1,1.0,3.8545787124453197,0.07767419517040253
7-scenes-redkitchen,12,52,0.170552597760235,"[0.15,0.20)",0.1757812499999993,1.0,0.1795,1,1.0,3.850410743621809,0.07313087582588196
7-scenes-redkitchen,12,59,0.20806560186035125,"[0.20,0.25)",0.28515624999999883,1.0,0.1585,1,1.0,2.912553686847527,0.05757073312997818
7-scenes-redkitchen,13,18,0.16107234667645978,"[0.15,0.20)",0.3046874999999988,1.0,0.175,1,0.0,,
7-scenes-redkitchen,13,19,0.3024605214836577,"[0.30,1.00]",0.5703124999999977,1.0,0.389,1,1.0,1.735283238589463,0.0612671785056591
7-scenes-redkitchen,13,25,0.28718325376423065,"[0.25,0.30)",0.41406249999999833,1.0,0.243,1,1.0,2.3834308464017036,0.13814686238765717
7-scenes-redkitchen,13,30,0.3347043701799486,"[0.30,1.00]",0.4062499999999984,1.0,0.3525,1,1.0,4.167250422137364,0.07635278254747391
7-scenes-redkitchen,13,31,0.29026808666911497,"[0.25,0.30)",0.49218749999999806,1.0,0.3495,1,1.0,3.3086681026256417,0.007926239632070065
7-scenes-redkitchen,13,32,0.22791039294895335,"[0.20,0.25)",0.33203124999999867,1.0,0.2045,1,1.0,3.808480565372847,0.06850671768188477
7-scenes-redkitchen,13,36,0.15600440690414982,"[0.15,0.20)",0.08984374999999964,0.0,0.0305,1,0.0,,
7-scenes-redkitchen,13,37,0.36202717590892397,"[0.30,1.00]",0.5703124999999977,1.0,0.3715,1,1.0,2.719589730764787,0.05732077360153198
7-scenes-redkitchen,13,38,0.331839882482556,"[0.30,1.00]",0.5703124999999977,1.0,0.4295,1,1.0,1.5697251783046617,0.03121660090982914
7-scenes-redkitchen,13,39,0.3390378259272861,"[0.30,1.00]",0.6289062499999974,1.0,0.4145,1,1.0,3.512681746419818,0.10402871668338776
7-scenes-redkitchen,13,46,0.2921777451340433,"[0.25,0.30)",0.5937499999999977,1.0,0.477,1,1.0,3.290511821301443,0.07376313954591751
7-scenes-redkitchen,13,47,0.18053617333822988,"[0.15,0.20)",0.19140624999999922,1.0,0.138,1,0.0,,
7-scenes-redkitchen,13,59,0.17150201983106866,"[0.15,0.20)",0.16796874999999933,1.0,0.0575,1,1.0,2.8163329295044286,0.1453220397233963
7-scenes-redkitchen,14,16,0.26784689779526266,"[0.25,0.30)",0.3710937499999985,1.0,0.301,1,1.0,4.3370248509395495,0.11886809766292572
7-scenes-redkitchen,14,17,0.1689205802803049,"[0.15,0.20)",0.3124999999999988,1.0,0.1915,1,0.0,,
7-scenes-redkitchen,14,18,0.285140562248996,"[0.25,0.30)",0.5742187499999977,1.0,0.3975,1,1.0,2.2875586172406126,0.09942347556352615
7-scenes-redkitchen,14,20,0.21014670928612408,"[0.20,0.25)",0.14453124999999942,1.0,0.133,1,1.0,4.474921442904273,0.21779267489910126
7-scenes-redkitchen,14,30,0.2445701172035079,"[0.20,0.25)",0.22656249999999908,1.0,0.1155,1,0.0,,
7-scenes-redkitchen,14,31,0.18006720760593395,"[0.15,0.20)",0.41796874999999833,1.0,0.2755,1,1.0,1.474588310289508,0.03808259591460228
7-scenes-redkitchen,14,32,0.1474469305794607,"[0.00,0.15)",0.18749999999999925,1.0,0.101,1,1.0,4.916932746736612,0.11233069747686386
7-scenes-redkitchen,14,36,0.31694123432505533,"[0.30,1.00]",0.28515624999999883,1.0,0.178,1,1.0,6.612154935284344,0.1422181874513626
7-scenes-redkitchen,14,45,0.38513236619949187,"[0.30,1.00]",0.7226562499999971,1.0,0.6235,1,1.0,3.89812397083868,0.07607027143239975
7-scenes-redkitchen,14,46,0.2829276288828785,"[0.25,0.30)",0.45312499999999817,1.0,0.337,1,1.0,5.218042933583225,0.09283436089754105
7-scenes-redkitchen,14,47,0.19981968691090896,"[0.15,0.20)",0.2812499999999989,1.0,0.138,1,1.0,1.643777258804374,0.06870076060295105
7-scenes-redkitchen,14,52,0.16760921235964266,"[0.15,0.20)",0.16796874999999933,1.0,0.162,1,1.0,9.115592330433822,0.03850115090608597
7-scenes-redkitchen,15,21,0.22522681229630934,"[0.20,0.25)",0.32812499999999867,1.0,0.1725,1,1.0,2.498418598775286,0.1362186074256897
7-scenes-redkitchen,15,24,0.2604597903637805,"[0.25,0.30)",0.38281249999999845,1.0,0.2905,1,1.0,3.895913012891307,0.09006860852241516
7-scenes-redkitchen,15,28,0.44974896503126927,"[0.30,1.00]",0.08593749999999965,1.0,0.0625,1,0.0,,
7-scenes-redkitchen,15,29,0.22989518189024927,"[0.20,0.25)",0.3515624999999986,1.0,0.1995,1,1.0,3.22026950642482,0.08661925792694092
7-scenes-redkitchen,15,35,0.37531929886373644,"[0.30,1.00]",0.5351562499999979,1.0,0.43,1,1.0,3.0028312174556144,0.04416479542851448
7-scenes-redkitchen,15,40,0.34008632079626533,"[0.30,1.00]",0.5195312499999979,1.0,0.314,1,1.0,2.570397694850178,0.0957481861114502
7-scenes-redkitchen,15,41,0.19977098564256143,"[0.15,0.20)",0.3749999999999985,1.0,0.2335,1,1.0,1.6676527111548383,0.03091798536479473
7-scenes-redkitchen,15,42,0.19607152294547697,"[0.15,0.20)",0.4414062499999982,1.0,0.2925,1,1.0,1.8279915215553926,0.1253325194120407
7-scenes-redkitchen,15,43,0.16612349158812648,"[0.15,0.20)",0.35546874999999856,1.0,0.278,1,1.0,1.5895469891264045,0.05993322283029556
7-scenes-redkitchen,15,44,0.19615960539064564,"[0.15,0.20)",0.41015624999999833,1.0,0.3055,1,1.0,2.3098665079582155,0.08736366033554077
7-scenes-redkitchen,15,45,0.24804016559499692,"[0.20,0.25)",0.5351562499999979,1.0,0.402,1,1.0,3.3968436784918192,0.08118683099746704
7-scenes-redkitchen,15,46,0.29401920197304676,"[0.25,0.30)",0.511718749999998,1.0,0.4235,1,1.0,4.340636103265011,0.09702620655298233
7-scenes-redkitchen,15,47,0.3545318418039285,"[0.30,1.00]",0.5429687499999978,1.0,0.471,1,1.0,2.8417957700561844,0.054772913455963135
7-scenes-redkitchen,15,48,0.3519774508940368,"[0.30,1.00]",0.5390624999999979,1.0,0.4555,1,1.0,1.479093557804938,0.029865486547350883
7-scenes-redkitchen,15,49,0.29313837752136,"[0.25,0.30)",0.4726562499999981,1.0,0.4685,1,1.0,3.197451737527675,0.04619688540697098
7-scenes-redkitchen,15,50,0.35003963710032593,"[0.30,1.00]",0.5507812499999978,1.0,0.508,1,1.0,4.091367502827919,0.05682423338294029
7-scenes-redkitchen,15,51,0.256231832995684,"[0.25,0.30)",0.4257812499999983,1.0,0.276,1,1.0,4.960015188539258,0.06704691797494888
7-scenes-redkitchen,15,52,0.3794591737866643,"[0.30,1.00]",0.6132812499999976,1.0,0.5835,1,1.0,3.521922270608849,0.04573183134198189
7-scenes-redkitchen,15,53,0.34493085528054257,"[0.30,1.00]",0.6210937499999976,1.0,0.526,1,1.0,2.491043518987087,0.04364553466439247
7-scenes-redkitchen,15,54,0.34466660794503656,"[0.30,1.00]",0.5742187499999977,1.0,0.4385,1,1.0,2.4765436618067764,0.045919839292764664
7-scenes-redkitchen,15,55,0.20937197216594733,"[0.20,0.25)",0.26953124999999895,1.0,0.1915,1,1.0,3.2784712670588982,0.05855945497751236
7-scenes-redkitchen,15,56,0.14357438562494496,"[0.00,0.15)",0.023437499999999906,0.0,0.002,1,0.0,,
7-scenes-redkitchen,15,57,0.16876596494318682,"[0.15,0.20)",0.3046874999999988,1.0,0.323,1,1.0,2.23160314126437,0.03738405928015709
7-scenes-redkitchen,15,58,0.29260988285034795,"[0.25,0.30)",0.5156249999999979,1.0,0.4395,1,1.0,2.5425280536752655,0.05480596050620079
7-scenes-redkitchen,16,27,0.28240265620283733,"[0.25,0.30)",0.3476562499999986,1.0,0.2375,1,1.0,5.152519724929005,0.1365666389465332
7-scenes-redkitchen,16,34,0.1963779052218533,"[0.15,0.20)",0.6640624999999973,1.0,0.5385,1,1.0,3.658910905479796,0.05344122275710106
7-scenes-redkitchen,16,48,0.27950498038031996,"[0.25,0.30)",0.48828124999999806,1.0,0.306,1,1.0,1.2651678856187352,0.0890655517578125
7-scenes-redkitchen,16,49,0.37893148204044674,"[0.30,1.00]",0.7187499999999971,1.0,0.417,1,1.0,1.1035809364529712,0.08634070307016373
7-scenes-redkitchen,16,50,0.27238152731663146,"[0.25,0.30)",0.5195312499999979,1.0,0.3275,1,1.0,3.252571746883094,0.08832533657550812
7-scenes-redkitchen,16,52,0.3366133413824328,"[0.30,1.00]",0.6367187499999974,1.0,0.3935,1,1.0,3.366971593049434,0.09023498743772507
7-scenes-redkitchen,16,57,0.3302143072743737,"[0.30,1.00]",0.746093749999997,1.0,0.6465,1,1.0,2.8855442743841215,0.03967318311333656
7-scenes-redkitchen,17,26,0.3863914640545741,"[0.30,1.00]",0.8242187499999967,1.0,0.5955,1,1.0,1.7576940128991183,0.05348845198750496
7-scenes-redkitchen,17,48,0.2323333916389715,"[0.20,0.25)",0.511718749999998,1.0,0.2255,1,1.0,0.8364987505117037,0.10979634523391724
7-scenes-redkitchen,17,49,0.30741647717334264,"[0.30,1.00]",0.6132812499999976,1.0,0.3155,1,1.0,1.0377860623560624,0.1028972864151001
7-scenes-redkitchen,17,50,0.22070141682700717,"[0.20,0.25)",0.5624999999999978,1.0,0.2845,1,1.0,2.259147627012699,0.11450278013944626
7-scenes-redkitchen,17,52,0.26123841175441664,"[0.25,0.30)",0.6484374999999974,1.0,0.3195,1,1.0,3.086037751605074,0.11069337278604507
7-scenes-redkitchen,17,56,0.45657687598390767,"[0.30,1.00]",0.8632812499999966,1.0,0.608,1,1.0,0.7564052289376826,0.03547447919845581
7-scenes-redkitchen,17,57,0.3322109497988455,"[0.30,1.00]",0.7226562499999971,1.0,0.586,1,1.0,2.979795409871418,0.03916977718472481
7-scenes-redkitchen,18,22,0.4363292869201704,"[0.30,1.00]",0.8945312499999964,1.0,0.6865,1,1.0,1.6615393372840774,0.0720110610127449
7-scenes-redkitchen,18,27,0.22260631883591928,"[0.20,0.25)",0.16015624999999936,1.0,0.1415,1,0.0,,
7-scenes-redkitchen,18,46,0.1430581236433797,"[0.00,0.15)",0.49218749999999806,1.0,0.362,1,1.0,1.9769469110571587,0.1352730095386505
7-scenes-redkitchen,18,47,0.21910925315539834,"[0.20,0.25)",0.14843749999999942,1.0,0.1025,1,1.0,1.3791334790432705,0.07037793099880219
7-scenes-redkitchen,18,48,0.31549963823458477,"[0.30,1.00]",0.5976562499999976,1.0,0.4655,1,1.0,0.0,0.06349574029445648
7-scenes-redkitchen,18,49,0.3905860599726666,"[0.30,1.00]",0.6523437499999974,1.0,0.5425,1,1.0,0.8842594999840747,0.06395724415779114
7-scenes-redkitchen,18,50,0.2872417396896857,"[0.25,0.30)",0.7265624999999971,1.0,0.516,1,1.0,2.4918291388371014,0.06346215307712555
7-scenes-redkitchen,18,52,0.3259908352761476,"[0.30,1.00]",0.7851562499999969,1.0,0.56,1,1.0,2.2245757813565024,0.06726323813199997
7-scenes-redkitchen,18,56,0.3592330573197202,"[0.30,1.00]",0.6640624999999973,1.0,0.541,1,1.0,2.1239381047667,0.0911918357014656
7-scenes-redkitchen,18,57,0.25363775223088675,"[0.25,0.30)",0.6914062499999972,1.0,0.6235,1,1.0,1.9389637836588385,0.02998555451631546
7-scenes-redkitchen,18,58,0.40770962296004504,"[0.30,1.00]",0.8671874999999966,1.0,0.778,1,1.0,2.650922492353255,0.07337639480829239
7-scenes-redkitchen,19,22,0.2608872816176845,"[0.25,0.30)",0.507812499999998,1.0,0.2645,1,0.0,,
7-scenes-redkitchen,19,23,0.24367136963276118,"[0.20,0.25)",0.4687499999999981,1.0,0.2995,1,1.0,4.148787252537611,0.2127862572669983
7-scenes-redkitchen,19,27,0.3418224418071614,"[0.30,1.00]",0.23046874999999908,1.0,0.2755,1,1.0,4.0165888948594795,0.1319158673286438
7-scenes-redkitchen,19,34,0.18535119441756226,"[0.15,0.20)",0.46093749999999817,1.0,0.404,1,1.0,1.9286410219330186,0.04807226359844208
7-scenes-redkitchen,19,45,0.15703152854887178,"[0.15,0.20)",0.4023437499999984,1.0,0.371,1,1.0,4.364485324193477,0.07168357819318771
7-scenes-redkitchen,19,46,0.2189171293230785,"[0.20,0.25)",0.6210937499999976,1.0,0.5325,1,1.0,2.0843138726703714,0.03175165876746178
7-scenes-redkitchen,19,47,0.2991901390515968,"[0.25,0.30)",0.6015624999999976,1.0,0.4435,1,1.0,1.2993527176325912,0.04401790350675583
7-scenes-redkitchen,19,48,0.4104823511434829,"[0.30,1.00]",0.6914062499999972,1.0,0.571,1,1.0,0.3322024604772824,0.024268560111522675
7-scenes-redkitchen,19,50,0.3555747975347629,"[0.30,1.00]",0.757812499999997,1.0,0.639,1,1.0,2.678688169499201,0.05419689789414406
7-scenes-redkitchen,19,51,0.1919217643763052,"[0.15,0.20)",0.503906249999998,1.0,0.395,1,1.0,2.76979742656723,0.04811863973736763
7-scenes-redkitchen,19,52,0.40656038302857433,"[0.30,1.00]",0.6640624999999973,1.0,0.586,1,1.0,2.3714110594440134,0.04583710804581642
7-scenes-redkitchen,19,55,0.4111954362552845,"[0.30,1.00]",0.738281249999997,1.0,0.603,1,1.0,2.8786163582118185,0.0783376693725586
7-scenes-redkitchen,19,56,0.2562012937401314,"[0.25,0.30)",0.5195312499999979,1.0,0.462,1,1.0,2.339502751536422,0.08909904956817627
7-scenes-redkitchen,19,57,0.17404370193042326,"[0.15,0.20)",0.6914062499999972,1.0,0.5945,1,1.0,0.6019843115643858,0.03172244131565094
7-scenes-redkitchen,19,58,0.36601640095757143,"[0.30,1.00]",0.8124999999999968,1.0,0.731,1,1.0,3.263268180851985,0.08621250092983246
7-scenes-redkitchen,1,18,0.206529713866471,"[0.20,0.25)",0.6562499999999973,1.0,0.43,1,1.0,2.4990452607809046,0.0442458838224411
7-scenes-redkitchen,1,19,0.3546273975474269,"[0.30,1.00]",0.8085937499999968,1.0,0.6785,1,1.0,1.3717352024654816,0.00718133058398962
7-scenes-redkitchen,1,20,0.1946860916046536,"[0.15,0.20)",0.6171874999999976,1.0,0.4095,1,1.0,2.651070165389543,0.0467032790184021
7-scenes-redkitchen,1,25,0.2521224190336443,"[0.25,0.30)",0.4687499999999981,1.0,0.3015,1,1.0,4.66421676535103,0.11011645942926407
7-scenes-redkitchen,1,30,0.31076407085211194,"[0.30,1.00]",0.3515624999999986,1.0,0.2475,1,1.0,5.366076841922132,0.14792431890964508
7-scenes-redkitchen,1,33,0.26323236558012786,"[0.25,0.30)",0.19140624999999922,1.0,0.086,1,1.0,8.289155521618875,0.12521278858184814
7-scenes-redkitchen,1,36,0.18734933445131538,"[0.15,0.20)",0.18359374999999928,1.0,0.2055,1,0.0,,
7-scenes-redkitchen,1,37,0.3629598574572896,"[0.30,1.00]",0.5937499999999977,1.0,0.502,1,1.0,3.661692586141583,0.022273987531661987
7-scenes-redkitchen,1,38,0.37810502043810923,"[0.30,1.00]",0.7343749999999971,1.0,0.7355,1,1.0,2.6335876284837214,0.018595851957798004
7-scenes-redkitchen,1,39,0.410229535688083,"[0.30,1.00]",0.8554687499999966,1.0,0.782,1,1.0,3.090221678247182,0.03917204216122627
7-scenes-redkitchen,1,41,0.3592390734723824,"[0.30,1.00]",0.9179687499999963,1.0,0.77,1,1.0,2.382280891439446,0.08322087675333023
7-scenes-redkitchen,1,42,0.280997798972854,"[0.25,0.30)",0.8124999999999968,1.0,0.6605,1,1.0,2.3369915777782495,0.07351221889257431
7-scenes-redkitchen,1,43,0.21266114663033225,"[0.20,0.25)",0.6835937499999972,1.0,0.6035,1,1.0,1.1003846194684392,0.027405401691794395
7-scenes-redkitchen,1,44,0.1961010376270831,"[0.15,0.20)",0.6523437499999974,1.0,0.5465,1,1.0,2.070370295035573,0.04452873393893242
7-scenes-redkitchen,1,45,0.21292317367152291,"[0.20,0.25)",0.6523437499999974,1.0,0.4995,1,1.0,3.3004923270045246,0.06891732662916183
7-scenes-redkitchen,1,46,0.1979876323236558,"[0.15,0.20)",0.4414062499999982,1.0,0.319,1,1.0,4.377658972959083,0.09165441989898682
7-scenes-redkitchen,1,59,0.16450057645949062,"[0.15,0.20)",0.0,0.0,0.0,1,0.0,,
7-scenes-redkitchen,1,6,0.3025364217587255,"[0.30,1.00]",0.5703124999999977,1.0,0.428,1,1.0,1.0114306562809052,0.043450385332107544
7-scenes-redkitchen,1,7,0.2434755266743528,"[0.20,0.25)",0.48437499999999806,1.0,0.3215,1,1.0,2.554815868123205,0.05545937642455101
7-scenes-redkitchen,1,9,0.1870349020018866,"[0.15,0.20)",0.5468749999999978,1.0,0.482,1,1.0,2.1917813255598295,0.10116388648748398
7-scenes-redkitchen,20,22,0.3508339376359681,"[0.30,1.00]",0.7773437499999969,1.0,0.7185,1,1.0,0.973978161209846,0.018934208899736404
7-scenes-redkitchen,20,23,0.2729030698573846,"[0.25,0.30)",0.503906249999998,1.0,0.519,1,1.0,1.5627281622564662,0.020328452810645103
7-scenes-redkitchen,20,24,0.4671017645636935,"[0.30,1.00]",0.6640624999999973,1.0,0.627,1,1.0,1.6062032586633481,0.01533275656402111
7-scenes-redkitchen,20,27,0.2412859560067682,"[0.20,0.25)",0.0781249999999997,0.0,0.0495,1,0.0,,
7-scenes-redkitchen,20,34,0.27575537829344937,"[0.25,0.30)",0.5429687499999978,1.0,0.4295,1,1.0,3.154922179692921,0.061652641743421555
7-scenes-redkitchen,20,38,0.34498428813149623,"[0.30,1.00]",0.8789062499999964,1.0,0.785,1,1.0,1.7984181004894635,0.029616739600896835
7-scenes-redkitchen,20,47,0.23693497703649988,"[0.20,0.25)",0.11328124999999954,1.0,0.0525,1,0.0,,
7-scenes-redkitchen,20,48,0.29654338892917576,"[0.25,0.30)",0.32812499999999867,1.0,0.172,1,1.0,1.8331231730523034,0.12212291359901428
7-scenes-redkitchen,20,49,0.3279671259366691,"[0.30,1.00]",0.25781249999999895,1.0,0.1375,1,1.0,4.549585123632411,0.11662498116493225
7-scenes-redkitchen,20,50,0.28518249939569734,"[0.25,0.30)",0.29687499999999883,1.0,0.169,1,1.0,2.4630712391010117,0.12400960922241211
7-scenes-redkitchen,20,52,0.33459028281363307,"[0.30,1.00]",0.3710937499999985,1.0,0.227,1,1.0,2.8340704081478414,0.13002170622348785
7-scenes-redkitchen,20,53,0.441527677060672,"[0.30,1.00]",0.6210937499999976,1.0,0.4495,1,1.0,1.052390708330764,0.04455076903104782
7-scenes-redkitchen,20,55,0.41252115059221656,"[0.30,1.00]",0.6874999999999972,1.0,0.5965,1,1.0,1.1127631755195844,0.05535080283880234
7-scenes-redkitchen,20,56,0.3104665216340343,"[0.30,1.00]",0.6289062499999974,1.0,0.5055,1,1.0,2.6712242552034904,0.08206939697265625
7-scenes-redkitchen,20,57,0.3049552816050278,"[0.30,1.00]",0.8046874999999968,1.0,0.6655,1,1.0,2.7220358006793197,0.03511211648583412
7-scenes-redkitchen,20,58,0.3412617839013778,"[0.30,1.00]",0.8867187499999964,1.0,0.8,1,1.0,1.9371461154650675,0.04499921202659607
7-scenes-redkitchen,20,59,0.31834662799129804,"[0.30,1.00]",0.749999999999997,1.0,0.6955,1,1.0,1.770783380478238,0.03844812884926796
7-scenes-redkitchen,21,25,0.43000355211745667,"[0.30,1.00]",0.507812499999998,1.0,0.412,1,1.0,2.0473661735281428,0.06511733680963516
7-scenes-redkitchen,21,26,0.27899909223665,"[0.25,0.30)",0.19531249999999922,1.0,0.117,1,1.0,6.4009507127583865,0.1424025297164917
7-scenes-redkitchen,21,34,0.17365907566010183,"[0.15,0.20)",0.14062499999999944,1.0,0.077,1,0.0,,
7-scenes-redkitchen,21,36,0.41575561431898017,"[0.30,1.00]",0.7304687499999971,1.0,0.566,1,1.0,1.7698990237489898,0.017879003658890724
7-scenes-redkitchen,21,37,0.3029956190551368,"[0.30,1.00]",0.5546874999999978,1.0,0.443,1,1.0,2.7948434581998143,0.08489064127206802
7-scenes-redkitchen,21,38,0.2594624462248885,"[0.25,0.30)",0.7265624999999971,1.0,0.6665,1,1.0,1.262690704302172,0.008393627591431141
7-scenes-redkitchen,21,49,0.2074041914985989,"[0.20,0.25)",0.3710937499999985,1.0,0.1675,1,1.0,6.724499683973583,0.21687883138656616
7-scenes-redkitchen,21,52,0.1774085329754904,"[0.15,0.20)",0.015624999999999938,0.0,0.001,1,0.0,,
7-scenes-redkitchen,21,53,0.29403638946994515,"[0.25,0.30)",0.48046874999999806,1.0,0.345,1,1.0,1.6629521100515423,0.03893095254898071
7-scenes-redkitchen,21,56,0.2960887240004736,"[0.25,0.30)",0.6210937499999976,1.0,0.455,1,1.0,1.5934817707087603,0.0911131501197815
7-scenes-redkitchen,21,57,0.2420570706871374,"[0.20,0.25)",0.7031249999999972,1.0,0.4795,1,1.0,1.6074211742047237,0.040059566497802734
7-scenes-redkitchen,21,58,0.33176777045427636,"[0.30,1.00]",0.7343749999999971,1.0,0.678,1,1.0,1.1201246571254462,0.04226537048816681
7-scenes-redkitchen,21,59,0.28937916880451514,"[0.25,0.30)",0.5781249999999977,1.0,0.56,1,1.0,1.7248765385306,0.06655208021402359
7-scenes-redkitchen,22,25,0.2356687898089172,"[0.20,0.25)",0.48437499999999806,1.0,0.3215,1,1.0,3.0255624063794815,0.07288967818021774
7-scenes-redkitchen,22,37,0.24399804017638413,"[0.20,0.25)",0.4726562499999981,1.0,0.129,1,1.0,3.533355867150039,0.1427305042743683
7-scenes-redkitchen,22,38,0.13424791768740812,"[0.00,0.15)",0.18359374999999928,1.0,0.074,1,0.0,,
7-scenes-redkitchen,22,39,0.1962681691981055,"[0.15,0.20)",0.36718749999999856,1.0,0.2695,1,1.0,2.3715761253648275,0.13593147695064545
7-scenes-redkitchen,22,53,0.21064020904785236,"[0.20,0.25)",0.41796874999999833,1.0,0.2,1,0.0,,
7-scenes-redkitchen,22,56,0.4142168871468235,"[0.30,1.00]",0.35546874999999856,1.0,0.0615,1,0.0,,
7-scenes-redkitchen,22,57,0.2305650824759105,"[0.20,0.25)",0.18749999999999925,1.0,0.111,1,0.0,,
7-scenes-redkitchen,22,58,0.3297811530295607,"[0.30,1.00]",0.3789062499999985,1.0,0.262,1,1.0,3.0675862736548574,0.13303256034851074
7-scenes-redkitchen,22,59,0.31773640372366485,"[0.30,1.00]",0.3789062499999985,1.0,0.238,1,1.0,3.1869032185349733,0.12142979353666306
7-scenes-redkitchen,23,25,0.25267050123253904,"[0.25,0.30)",0.5820312499999977,1.0,0.3975,1,1.0,2.1885642944745047,0.05992782115936279
7-scenes-redkitchen,23,37,0.2854149548069022,"[0.25,0.30)",0.39062499999999845,1.0,0.095,1,1.0,3.15665915970287,0.06772363930940628
7-scenes-redkitchen,23,38,0.15562859490550535,"[0.15,0.20)",0.16015624999999936,0.0,0.004,1,0.0,,
7-scenes-redkitchen,23,39,0.18557929334428924,"[0.15,0.20)",0.25781249999999895,1.0,0.1875,1,0.0,,
7-scenes-redkitchen,23,53,0.21984387838948233,"[0.20,0.25)",0.2734374999999989,1.0,0.139,1,0.0,,
7-scenes-redkitchen,23,56,0.46380443714050945,"[0.30,1.00]",0.4335937499999983,1.0,0.186,1,1.0,1.4111143549173972,0.09220170229673386
7-scenes-redkitchen,23,57,0.25521774856203777,"[0.25,0.30)",0.1523437499999994,1.0,0.072,1,0.0,,
7-scenes-redkitchen,23,58,0.35049301561216106,"[0.30,1.00]",0.08593749999999965,0.0,0.015,1,0.0,,
7-scenes-redkitchen,23,59,0.35246507806080524,"[0.30,1.00]",0.3789062499999985,1.0,0.2425,1,1.0,2.9278376613144994,0.11627417802810669
7-scenes-redkitchen,24,38,0.3363595302619693,"[0.30,1.00]",0.7890624999999969,1.0,0.5845,1,1.0,1.3411507818155937,0.051773253828287125
7-scenes-redkitchen,24,39,0.4394308943089431,"[0.30,1.00]",0.8476562499999966,1.0,0.6875,1,1.0,1.6234120517092192,0.06088956072926521
7-scenes-redkitchen,24,48,0.1525293586269196,"[0.15,0.20)",0.12890624999999947,0.0,0.0345,1,0.0,,
7-scenes-redkitchen,24,49,0.22249322493224932,"[0.20,0.25)",0.21093749999999917,1.0,0.0905,1,0.0,,
7-scenes-redkitchen,24,52,0.18748870822041555,"[0.15,0.20)",0.042968749999999827,0.0,0.007,1,0.0,,
7-scenes-redkitchen,24,56,0.49372177055103883,"[0.30,1.00]",0.41796874999999833,1.0,0.133,1,0.0,,
7-scenes-redkitchen,24,57,0.3503613369467028,"[0.30,1.00]",0.13671874999999944,0.0,0.034,1,0.0,,
7-scenes-redkitchen,25,27,0.3856102744991634,"[0.30,1.00]",0.8007812499999968,1.0,0.521,1,1.0,4.428105223519732,0.1338059902191162
7-scenes-redkitchen,25,34,0.164111608556053,"[0.15,0.20)",0.1249999999999995,1.0,0.063,1,0.0,,
7-scenes-redkitchen,25,46,0.1688599466377244,"[0.15,0.20)",0.6210937499999976,1.0,0.4885,1,1.0,1.3895938996220074,0.0382828526198864
7-scenes-redkitchen,25,47,0.21322299100076877,"[0.20,0.25)",0.46484374999999817,1.0,0.3645,1,1.0,4.625756562187614,0.06393333524465561
7-scenes-redkitchen,25,48,0.2688011576900466,"[0.25,0.30)",0.4023437499999984,1.0,0.335,1,1.0,1.66083250036576,0.03154297173023224
7-scenes-redkitchen,25,49,0.3186360964138742,"[0.30,1.00]",0.5351562499999979,1.0,0.4425,1,1.0,1.2744144387890501,0.03456362336874008
7-scenes-redkitchen,25,50,0.26450504228282007,"[0.25,0.30)",0.3789062499999985,1.0,0.387,1,1.0,3.0521035351589956,0.05062036216259003
7-scenes-redkitchen,25,52,0.3069235291457514,"[0.30,1.00]",0.4765624999999981,1.0,0.47,1,1.0,1.3164096000227081,0.03138894960284233
7-scenes-redkitchen,25,56,0.3541355763577986,"[0.30,1.00]",0.031249999999999875,0.0,0.0055,1,0.0,,
7-scenes-redkitchen,25,57,0.33161488717044274,"[0.30,1.00]",0.12890624999999947,1.0,0.0785,1,0.0,,
7-scenes-redkitchen,26,28,0.3805567638103523,"[0.30,1.00]",0.511718749999998,1.0,0.351,1,1.0,0.6596787198665517,0.09188605844974518
7-scenes-redkitchen,26,29,0.22592431491953022,"[0.20,0.25)",0.5273437499999979,1.0,0.297,1,1.0,7.39319012047428,0.26260900497436523
7-scenes-redkitchen,26,30,0.10413223140495868,"[0.00,0.15)",0.23437499999999906,1.0,0.0895,1,0.0,,
7-scenes-redkitchen,26,34,0.1953892996955198,"[0.15,0.20)",0.5781249999999977,1.0,0.3965,1,1.0,1.7018038680842644,0.06859014928340912
7-scenes-redkitchen,26,35,0.33227490213136146,"[0.30,1.00]",0.7890624999999969,1.0,0.6175,1,1.0,1.9811003710923545,0.021234923973679543
7-scenes-redkitchen,26,40,0.31304915180513265,"[0.30,1.00]",0.39062499999999845,1.0,0.2805,1,1.0,3.9856564945632154,0.04356768727302551
7-scenes-redkitchen,26,41,0.2453675511091779,"[0.20,0.25)",0.4296874999999983,1.0,0.2975,1,1.0,1.028315029726156,0.10158057510852814
7-scenes-redkitchen,26,42,0.22709873858199217,"[0.20,0.25)",0.4414062499999982,1.0,0.2665,1,1.0,1.235113898131815,0.050206828862428665
7-scenes-redkitchen,26,43,0.1959112657677251,"[0.15,0.20)",0.48437499999999806,1.0,0.363,1,1.0,2.0233270657225457,0.058683477342128754
7-scenes-redkitchen,26,44,0.19865158764680296,"[0.15,0.20)",0.5351562499999979,1.0,0.3725,1,1.0,0.26392958045578446,0.04910437762737274
7-scenes-redkitchen,26,45,0.21152675076120053,"[0.20,0.25)",0.5312499999999979,1.0,0.414,1,1.0,2.2150534987423174,0.09758761525154114
7-scenes-redkitchen,26,46,0.22105263157894736,"[0.20,0.25)",0.5976562499999976,1.0,0.466,1,1.0,2.5566539499194554,0.09731171280145645
7-scenes-redkitchen,26,47,0.21396259243149196,"[0.20,0.25)",0.5351562499999979,1.0,0.363,1,1.0,4.158029067256425,0.06899217516183853
7-scenes-redkitchen,26,48,0.19334493257938234,"[0.15,0.20)",0.48828124999999806,1.0,0.39,1,1.0,1.223973189154822,0.05435766279697418
7-scenes-redkitchen,26,49,0.18882122662026968,"[0.15,0.20)",0.5781249999999977,1.0,0.51,1,1.0,1.1378042951422889,0.03649212047457695
7-scenes-redkitchen,26,50,0.2113962592431492,"[0.20,0.25)",0.6679687499999973,1.0,0.5125,1,1.0,0.9859589566362197,0.05258283019065857
7-scenes-redkitchen,26,51,0.15632883862548935,"[0.15,0.20)",0.4765624999999981,1.0,0.3735,1,1.0,3.7767797486815855,0.03421616181731224
7-scenes-redkitchen,26,52,0.23784254023488474,"[0.20,0.25)",0.7695312499999969,1.0,0.575,1,1.0,1.2978458073369854,0.0414273776113987
7-scenes-redkitchen,26,53,0.23779904306220095,"[0.20,0.25)",0.7656249999999969,1.0,0.5875,1,1.0,1.4295764372449482,0.02532666176557541
7-scenes-redkitchen,26,54,0.3085689430187038,"[0.30,1.00]",0.7929687499999968,1.0,0.5655,1,1.0,3.8705987303071065,0.0740911141037941
7-scenes-redkitchen,26,55,0.26376685515441495,"[0.25,0.30)",0.7187499999999971,1.0,0.452,1,1.0,3.3926912518796986,0.09658681601285934
7-scenes-redkitchen,26,56,0.21561548499347544,"[0.20,0.25)",0.11718749999999953,1.0,0.1175,1,1.0,9.247518868858304,0.25316882133483887
7-scenes-redkitchen,26,57,0.25393649412788166,"[0.25,0.30)",0.5898437499999977,1.0,0.4565,1,1.0,1.6948901161564613,0.06955210864543915
7-scenes-redkitchen,26,58,0.29469334493257937,"[0.25,0.30)",0.7968749999999968,1.0,0.599,1,1.0,4.376047999701594,0.09599697589874268
7-scenes-redkitchen,26,59,0.38212266202696826,"[0.30,1.00]",0.7265624999999971,1.0,0.489,1,1.0,4.115992317326635,0.07941273599863052
7-scenes-redkitchen,27,30,0.417834530838728,"[0.30,1.00]",0.8046874999999968,1.0,0.6195,1,1.0,2.573898219484174,0.11091548204421997
7-scenes-redkitchen,27,31,0.31514547912072277,"[0.30,1.00]",0.4257812499999983,1.0,0.2735,1,1.0,2.995651539018834,0.1370951384305954
7-scenes-redkitchen,27,32,0.22920964643949635,"[0.20,0.25)",0.46484374999999817,1.0,0.195,1,1.0,1.8882370917439237,0.07263379544019699
7-scenes-redkitchen,27,36,0.22679092267197837,"[0.20,0.25)",0.6874999999999972,1.0,0.473,1,1.0,4.275717465588215,0.026517879217863083
7-scenes-redkitchen,27,37,0.3508216546916127,"[0.30,1.00]",0.9179687499999963,1.0,0.6945,1,1.0,3.4786276082688037,0.05729636549949646
7-scenes-redkitchen,27,38,0.3291598491854592,"[0.30,1.00]",0.3984374999999984,1.0,0.359,1,1.0,4.716837810611239,0.10042828321456909
7-scenes-redkitchen,27,39,0.2799317066230348,"[0.25,0.30)",0.13281249999999947,1.0,0.1835,1,0.0,,
7-scenes-redkitchen,27,41,0.4980081098385146,"[0.30,1.00]",0.6445312499999974,1.0,0.512,1,1.0,1.7034130403471213,0.0918654352426529
7-scenes-redkitchen,27,42,0.3786014085508999,"[0.30,1.00]",0.5351562499999979,1.0,0.3995,1,1.0,3.0391195871852603,0.11660148203372955
7-scenes-redkitchen,27,43,0.31713736928220815,"[0.30,1.00]",0.5624999999999978,1.0,0.4785,1,1.0,2.9169862237677258,0.10455083847045898
7-scenes-redkitchen,27,44,0.2486661449811482,"[0.20,0.25)",0.5624999999999978,1.0,0.5235,1,1.0,2.0062308440555565,0.06260479986667633
7-scenes-redkitchen,27,45,0.18417870100305897,"[0.15,0.20)",0.2734374999999989,1.0,0.268,1,1.0,1.955246788226153,0.05232375115156174
7-scenes-redkitchen,27,59,0.23820872163334994,"[0.20,0.25)",0.14843749999999942,1.0,0.0815,1,0.0,,
7-scenes-redkitchen,28,32,0.3261114099867951,"[0.30,1.00]",0.5351562499999979,1.0,0.297,1,1.0,3.004395414736478,0.10284693539142609
7-scenes-redkitchen,28,37,0.21763583899838607,"[0.20,0.25)",0.36328124999999856,1.0,0.2775,1,1.0,3.6202841192404644,0.06413505226373672
7-scenes-redkitchen,28,38,0.22815082897246539,"[0.20,0.25)",0.24609374999999903,1.0,0.2895,1,1.0,4.985859302226689,0.10632390528917313
7-scenes-redkitchen,28,43,0.35389054629040934,"[0.30,1.00]",0.5781249999999977,1.0,0.5305,1,1.0,1.6354222899568243,0.042282652109861374
7-scenes-redkitchen,28,44,0.26527118892747104,"[0.25,0.30)",0.5781249999999977,1.0,0.571,1,1.0,2.020229418477354,0.04512160271406174
7-scenes-redkitchen,28,45,0.16809311879493324,"[0.15,0.20)",0.3984374999999984,1.0,0.396,1,1.0,2.947429058178542,0.07040602713823318
7-scenes-redkitchen,29,32,0.31026221216557964,"[0.30,1.00]",0.4687499999999981,1.0,0.279,1,1.0,3.1936533762393573,0.10993228107690811
7-scenes-redkitchen,29,44,0.37228803407427125,"[0.30,1.00]",0.8124999999999968,1.0,0.721,1,1.0,1.6948901161564613,0.050152525305747986
7-scenes-redkitchen,29,45,0.22427791827499002,"[0.20,0.25)",0.5820312499999977,1.0,0.5535,1,1.0,3.9088594614886576,0.09453683346509933
7-scenes-redkitchen,2,10,0.32700595115945,"[0.30,1.00]",0.8007812499999968,1.0,0.688,1,1.0,1.2793186119328193,0.07198163866996765
7-scenes-redkitchen,2,15,0.20870100554073467,"[0.20,0.25)",0.5507812499999978,1.0,0.4125,1,1.0,1.9139729681667226,0.03312494605779648
7-scenes-redkitchen,2,26,0.30556125589985633,"[0.30,1.00]",0.5156249999999979,1.0,0.3615,1,1.0,1.8382405039074183,0.06104869395494461
7-scenes-redkitchen,2,32,0.33777960188795403,"[0.30,1.00]",0.6757812499999973,1.0,0.418,1,1.0,2.7128155975041786,0.04870765283703804
7-scenes-redkitchen,2,44,0.3150523291606813,"[0.30,1.00]",0.8320312499999967,1.0,0.7315,1,1.0,3.078670417983531,0.06273198127746582
7-scenes-redkitchen,2,45,0.226554483890827,"[0.20,0.25)",0.6992187499999972,1.0,0.6505,1,1.0,2.045070675400344,0.04377410560846329
7-scenes-redkitchen,2,5,0.2544633695875231,"[0.25,0.30)",0.6210937499999976,1.0,0.4965,1,1.0,1.4700692588906932,0.08097776770591736
7-scenes-redkitchen,30,33,0.13768771485435136,"[0.00,0.15)",0.1757812499999993,1.0,0.1005,1,1.0,10.086875871869674,0.2397293895483017
7-scenes-redkitchen,30,44,0.3146372353899041,"[0.30,1.00]",0.6093749999999976,1.0,0.5275,1,1.0,2.8375218272310065,0.034188732504844666
7-scenes-redkitchen,31,40,0.44777354742592285,"[0.30,1.00]",0.20703124999999917,1.0,0.105,1,1.0,3.8003482574983987,0.17784735560417175
7-scenes-redkitchen,31,41,0.35664625062075817,"[0.30,1.00]",0.14843749999999942,1.0,0.098,1,0.0,,
7-scenes-redkitchen,31,42,0.2588147657672571,"[0.25,0.30)",0.29296874999999883,1.0,0.1765,1,1.0,2.2834480673381323,0.1013893187046051
7-scenes-redkitchen,31,43,0.18978645919549744,"[0.15,0.20)",0.2734374999999989,1.0,0.2405,1,1.0,1.8010278712804175,0.05314742773771286
7-scenes-redkitchen,32,34,0.2281820817628298,"[0.20,0.25)",0.5664062499999978,1.0,0.5405,1,1.0,6.972517135466406,0.15698783099651337
7-scenes-redkitchen,32,38,0.21759930414612932,"[0.20,0.25)",0.4335937499999983,1.0,0.4535,1,1.0,5.726286266509688,0.027851823717355728
7-scenes-redkitchen,32,39,0.2083937373151638,"[0.20,0.25)",0.46484374999999817,1.0,0.479,1,1.0,7.897694224889952,0.06101267412304878
7-scenes-redkitchen,32,40,0.2179617280371122,"[0.20,0.25)",0.41015624999999833,1.0,0.2285,1,1.0,4.351361892005138,0.18345113098621368
7-scenes-redkitchen,33,37,0.16236630612121578,"[0.15,0.20)",0.21484374999999914,1.0,0.1335,1,1.0,10.97859651068422,0.012563863769173622
7-scenes-redkitchen,33,38,0.2510725723608677,"[0.25,0.30)",0.4765624999999981,1.0,0.264,1,1.0,9.34947843221503,0.09181288629770279
7-scenes-redkitchen,33,39,0.25542328841621853,"[0.25,0.30)",0.058593749999999764,0.0,0.0275,1,0.0,,
7-scenes-redkitchen,33,56,0.13505347755151367,"[0.00,0.15)",0.08203124999999967,0.0,0.017,1,0.0,,
7-scenes-redkitchen,33,57,0.13813523475738715,"[0.00,0.15)",0.03906249999999985,0.0,0.0015,1,0.0,,
7-scenes-redkitchen,33,58,0.12502265997945494,"[0.00,0.15)",0.03906249999999985,0.0,0.0005,1,0.0,,
7-scenes-redkitchen,34,35,0.31906588138611147,"[0.30,1.00]",0.6757812499999973,1.0,0.644,0,,,
7-scenes-redkitchen,34,36,0.23551568278318039,"[0.20,0.25)",0.4453124999999982,1.0,0.361,1,1.0,3.240511204720334,0.04527334123849869
7-scenes-redkitchen,34,37,0.2664703465278729,"[0.25,0.30)",0.5781249999999977,1.0,0.5205,1,1.0,2.4371882954431654,0.019745655357837677
7-scenes-redkitchen,34,38,0.33632379126147105,"[0.30,1.00]",0.8320312499999967,1.0,0.7245,1,1.0,2.1488560907564964,0.020768918097019196
7-scenes-redkitchen,34,39,0.3648130393096836,"[0.30,1.00]",0.8398437499999967,1.0,0.7365,1,1.0,2.0444963983341555,0.05151181295514107
7-scenes-redkitchen,34,54,0.3042049034378852,"[0.30,1.00]",0.6757812499999973,1.0,0.6225,1,1.0,4.464842899874322,0.09405610710382462
7-scenes-redkitchen,34,58,0.3880975208875497,"[0.30,1.00]",0.7734374999999969,1.0,0.6155,1,1.0,3.0673309952188914,0.05449717119336128
7-scenes-redkitchen,34,59,0.24421312149020682,"[0.20,0.25)",0.5664062499999978,1.0,0.481,1,1.0,2.9713745154010507,0.057726360857486725
7-scenes-redkitchen,35,38,0.2841563040766228,"[0.25,0.30)",0.8007812499999968,1.0,0.6785,1,1.0,3.08337229974542,0.11890871077775955
7-scenes-redkitchen,35,39,0.36001448750452736,"[0.30,1.00]",0.7187499999999971,1.0,0.6405,1,1.0,2.448405834631882,0.10276433825492859
7-scenes-redkitchen,35,48,0.1949374220290555,"[0.15,0.20)",0.6484374999999974,1.0,0.456,1,1.0,0.0,0.08052336424589157
7-scenes-redkitchen,35,49,0.2564690732021409,"[0.25,0.30)",0.8203124999999967,1.0,0.6485,1,1.0,0.0,0.06980334967374802
7-scenes-redkitchen,35,50,0.18097307738742002,"[0.15,0.20)",0.6289062499999974,1.0,0.4625,1,1.0,2.880655708723612,0.08219287544488907
7-scenes-redkitchen,35,52,0.21445531007283997,"[0.20,0.25)",0.7031249999999972,1.0,0.518,1,1.0,2.6681448143105833,0.07864456623792648
7-scenes-redkitchen,36,47,0.1673494869093605,"[0.15,0.20)",0.5546874999999978,1.0,0.3425,1,1.0,0.6561096082944955,0.09109722077846527
7-scenes-redkitchen,36,48,0.23672402356705294,"[0.20,0.25)",0.6484374999999974,1.0,0.415,1,1.0,0.0,0.09669677168130875
7-scenes-redkitchen,36,49,0.28982792929884116,"[0.25,0.30)",0.8085937499999968,1.0,0.6075,1,1.0,0.2755363910308188,0.08132115006446838
7-scenes-redkitchen,36,50,0.2251746068906317,"[0.20,0.25)",0.6445312499999974,1.0,0.4865,1,1.0,2.6245044170886525,0.09196091443300247
7-scenes-redkitchen,36,52,0.265129345663116,"[0.25,0.30)",0.7773437499999969,1.0,0.5545,1,1.0,2.2813900165056333,0.08984393626451492
7-scenes-redkitchen,37,47,0.16825450833616876,"[0.15,0.20)",0.5664062499999978,1.0,0.3895,1,1.0,1.5463630669921198,0.08669374138116837
7-scenes-redkitchen,37,48,0.2391119428376999,"[0.20,0.25)",0.6953124999999972,1.0,0.4995,1,1.0,0.0,0.07599730044603348
7-scenes-redkitchen,37,49,0.28572643756379723,"[0.25,0.30)",0.7812499999999969,1.0,0.634,1,1.0,0.7788375375894618,0.06800612062215805
7-scenes-redkitchen,37,50,0.23651752296699557,"[0.20,0.25)",0.6562499999999973,1.0,0.569,1,1.0,3.2303455889398127,0.08232780545949936
7-scenes-redkitchen,37,52,0.27109561075195643,"[0.25,0.30)",0.7773437499999969,1.0,0.587,1,1.0,2.6522512538921172,0.07995472848415375
7-scenes-redkitchen,38,49,0.20008947545017336,"[0.20,0.25)",0.12109374999999951,1.0,0.076,1,0.0,,
7-scenes-redkitchen,38,52,0.19572754725422212,"[0.15,0.20)",0.41406249999999833,1.0,0.287,1,1.0,2.566129745830342,0.08868935704231262
7-scenes-redkitchen,38,53,0.34358572866569737,"[0.30,1.00]",0.749999999999997,1.0,0.528,1,1.0,1.8138046455869303,0.042513489723205566
7-scenes-redkitchen,38,57,0.3588524773515267,"[0.30,1.00]",0.746093749999997,1.0,0.643,1,1.0,0.7022078382781342,0.019339611753821373
7-scenes-redkitchen,39,47,0.20484162895927602,"[0.20,0.25)",0.1523437499999994,1.0,0.135,1,1.0,3.215158746157861,0.08998139202594757
7-scenes-redkitchen,39,48,0.2932579185520362,"[0.25,0.30)",0.6914062499999972,1.0,0.48,1,1.0,1.7530115085060414,0.06002865359187126
7-scenes-redkitchen,39,49,0.32099547511312215,"[0.30,1.00]",0.5742187499999977,1.0,0.4605,1,1.0,3.4067429008810084,0.0637611597776413
7-scenes-redkitchen,39,50,0.2690045248868778,"[0.25,0.30)",0.6328124999999974,1.0,0.504,1,1.0,4.902807687438953,0.07566407322883606
7-scenes-redkitchen,39,52,0.32063348416289594,"[0.30,1.00]",0.7343749999999971,1.0,0.5685,1,1.0,3.8758566809484916,0.05672208219766617
7-scenes-redkitchen,39,53,0.4049321266968326,"[0.30,1.00]",0.7695312499999969,1.0,0.6095,1,1.0,0.9642863652170506,0.015273014083504677
7-scenes-redkitchen,39,55,0.4169683257918552,"[0.30,1.00]",0.8242187499999967,1.0,0.67,1,1.0,1.6248579663313427,0.06043894961476326
7-scenes-redkitchen,39,56,0.27592760180995474,"[0.25,0.30)",0.753906249999997,1.0,0.618,1,1.0,1.3086568390523896,0.08832081407308578
7-scenes-redkitchen,39,57,0.2383257918552036,"[0.20,0.25)",0.753906249999997,1.0,0.6815,1,1.0,1.2710318451737836,0.04141128808259964
7-scenes-redkitchen,3,15,0.3458679021657149,"[0.30,1.00]",0.8867187499999964,1.0,0.695,1,1.0,3.109672310520047,0.03632751479744911
7-scenes-redkitchen,3,19,0.21026829005495098,"[0.20,0.25)",0.6132812499999976,1.0,0.5185,1,1.0,3.175086776130655,0.06863148510456085
7-scenes-redkitchen,3,25,0.21597888158603598,"[0.20,0.25)",0.4726562499999981,1.0,0.2785,1,1.0,3.2029574809124175,0.13577702641487122
7-scenes-redkitchen,3,31,0.2905936860252128,"[0.25,0.30)",0.8281249999999967,1.0,0.625,1,1.0,1.9411830676259902,0.031283289194107056
7-scenes-redkitchen,3,32,0.20444995151384548,"[0.20,0.25)",0.5273437499999979,1.0,0.3625,1,1.0,3.3975352567641646,0.04559298977255821
7-scenes-redkitchen,3,36,0.12665661027906475,"[0.00,0.15)",0.38281249999999845,1.0,0.322,1,1.0,5.560985067930464,0.06692934036254883
7-scenes-redkitchen,3,37,0.2375821570951406,"[0.20,0.25)",0.738281249999997,1.0,0.5335,1,1.0,3.639164480840487,0.034650206565856934
7-scenes-redkitchen,3,38,0.23494235534963906,"[0.20,0.25)",0.7187499999999971,1.0,0.548,1,1.0,3.7909590727557534,0.04877925664186478
7-scenes-redkitchen,3,39,0.20741299428940846,"[0.20,0.25)",0.6679687499999973,1.0,0.5385,1,1.0,3.6583757247379927,0.05073558911681175
7-scenes-redkitchen,3,46,0.2578385949789893,"[0.25,0.30)",0.7226562499999971,1.0,0.593,1,1.0,1.6554033933437744,0.0291462242603302
7-scenes-redkitchen,3,59,0.14491972847753476,"[0.00,0.15)",0.23046874999999908,1.0,0.19,1,1.0,5.309173552602958,0.0676337257027626
7-scenes-redkitchen,3,6,0.21323133283051396,"[0.20,0.25)",0.4062499999999984,1.0,0.4065,1,1.0,2.704866893880578,0.054405875504016876
7-scenes-redkitchen,3,7,0.16603814244154724,"[0.15,0.20)",0.13281249999999947,1.0,0.152,1,1.0,8.017777811401114,0.2538796365261078
7-scenes-redkitchen,40,44,0.39066396875441156,"[0.30,1.00]",0.9023437499999964,1.0,0.749,1,1.0,2.5211909137979096,0.05853676423430443
7-scenes-redkitchen,40,45,0.2634228977459884,"[0.25,0.30)",0.7226562499999971,1.0,0.5755,1,1.0,3.2776351359874187,0.04572036489844322
7-scenes-redkitchen,40,46,0.1814032280833843,"[0.15,0.20)",0.48437499999999806,1.0,0.3925,1,1.0,3.7732525515949193,0.04490169137716293
7-scenes-redkitchen,41,46,0.22576132071072144,"[0.20,0.25)",0.45312499999999817,1.0,0.3795,1,1.0,4.153976512478292,0.05275546759366989
7-scenes-redkitchen,42,46,0.3059223176515831,"[0.30,1.00]",0.6367187499999974,1.0,0.5085,1,1.0,3.2013679044128933,0.03959233686327934
7-scenes-redkitchen,43,47,0.19290256732354558,"[0.15,0.20)",0.23828124999999906,1.0,0.189,1,1.0,3.130878558325544,0.012748993001878262
7-scenes-redkitchen,44,47,0.2963142580019399,"[0.25,0.30)",0.38671874999999845,1.0,0.31,1,1.0,2.867169212021546,0.041574571281671524
7-scenes-redkitchen,44,48,0.14655674102812802,"[0.00,0.15)",0.2226562499999991,1.0,0.182,1,1.0,8.9132361913912,0.10648377239704132
7-scenes-redkitchen,45,48,0.3224813022437307,"[0.30,1.00]",0.511718749999998,1.0,0.446,1,1.0,2.3561755528108996,0.028016822412610054
7-scenes-redkitchen,45,49,0.2111746590409151,"[0.20,0.25)",0.33593749999999867,1.0,0.2695,1,1.0,1.4899031198112351,0.04619111865758896
7-scenes-redkitchen,45,50,0.23372195336559612,"[0.20,0.25)",0.3476562499999986,1.0,0.349,1,1.0,3.3047604697867228,0.04384593293070793
7-scenes-redkitchen,45,51,0.23196216454025517,"[0.20,0.25)",0.4257812499999983,1.0,0.361,1,1.0,2.2803602949277013,0.03294890746474266
7-scenes-redkitchen,45,52,0.2237131544214694,"[0.20,0.25)",0.3437499999999986,1.0,0.3225,1,1.0,2.8867651233764398,0.0636570081114769
7-scenes-redkitchen,46,53,0.31936047292758296,"[0.30,1.00]",0.41796874999999833,1.0,0.321,1,1.0,2.331457480119851,0.07767961919307709
7-scenes-redkitchen,47,54,0.2711887917880427,"[0.25,0.30)",0.3710937499999985,1.0,0.187,1,1.0,1.2636202162928591,0.10395057499408722
7-scenes-redkitchen,48,58,0.1508174386920981,"[0.15,0.20)",0.1757812499999993,1.0,0.1155,1,1.0,2.355012296729754,0.1066097691655159
7-scenes-redkitchen,48,59,0.2239782016348774,"[0.20,0.25)",0.19140624999999922,1.0,0.149,1,0.0,,
7-scenes-redkitchen,49,55,0.2638625912902353,"[0.25,0.30)",0.26171874999999895,1.0,0.163,1,0.0,,
7-scenes-redkitchen,49,58,0.25074384636191505,"[0.25,0.30)",0.3046874999999988,1.0,0.182,1,1.0,3.422911147059481,0.14166191220283508
7-scenes-redkitchen,49,59,0.2838788206654044,"[0.25,0.30)",0.21093749999999917,1.0,0.143,1,1.0,10.36245637995556,0.16602545976638794
7-scenes-redkitchen,4,16,0.3382405379247109,"[0.30,1.00]",0.6406249999999974,1.0,0.3275,1,1.0,2.9289072286573563,0.058566026389598846
7-scenes-redkitchen,4,17,0.3365595232030971,"[0.30,1.00]",0.5624999999999978,1.0,0.2575,1,1.0,2.9028592243419333,0.05996977910399437
7-scenes-redkitchen,4,20,0.3951403392593347,"[0.30,1.00]",0.8242187499999967,1.0,0.5905,1,1.0,1.2069072494920456,0.052422426640987396
7-scenes-redkitchen,4,21,0.1611227140746778,"[0.15,0.20)",0.32812499999999867,1.0,0.137,1,0.0,,
7-scenes-redkitchen,4,24,0.17497835056797922,"[0.15,0.20)",0.33203124999999867,1.0,0.1845,1,1.0,3.4623799440368375,0.164763405919075
7-scenes-redkitchen,4,28,0.43696194793948345,"[0.30,1.00]",0.3242187499999987,1.0,0.347,1,1.0,3.438661863492889,0.11928723752498627
7-scenes-redkitchen,4,29,0.30716723549488056,"[0.30,1.00]",0.7265624999999971,1.0,0.5525,1,1.0,3.4177593686380914,0.12245175242424011
7-scenes-redkitchen,4,35,0.25449544088431564,"[0.25,0.30)",0.4257812499999983,1.0,0.2675,1,1.0,2.7408117579673643,0.08641701936721802
7-scenes-redkitchen,4,36,0.4016096989455453,"[0.30,1.00]",0.6054687499999976,1.0,0.412,1,1.0,3.4722053211504864,0.0644620954990387
7-scenes-redkitchen,4,40,0.4015078192654475,"[0.30,1.00]",0.7148437499999971,1.0,0.5685,1,1.0,3.080577450383159,0.07525511085987091
7-scenes-redkitchen,4,41,0.3624369619479395,"[0.30,1.00]",0.8671874999999966,1.0,0.74,1,1.0,2.1597579696119427,0.07131564617156982
7-scenes-redkitchen,4,43,0.325709337272681,"[0.30,1.00]",0.8789062499999964,1.0,0.7685,1,1.0,1.570473010077456,0.03783535584807396
7-scenes-redkitchen,4,48,0.3449136569711171,"[0.30,1.00]",0.6367187499999974,1.0,0.5585,1,1.0,1.7785027500759467,0.049252044409513474
7-scenes-redkitchen,4,49,0.2917834038001121,"[0.25,0.30)",0.6757812499999973,1.0,0.564,1,1.0,0.9711613775380914,0.02620306797325611
7-scenes-redkitchen,4,50,0.2996790790076919,"[0.25,0.30)",0.5898437499999977,1.0,0.459,1,1.0,1.4445555770515253,0.05910809338092804
7-scenes-redkitchen,4,51,0.21674901940807906,"[0.20,0.25)",0.38281249999999845,1.0,0.304,1,1.0,3.3342498075479043,0.03478207066655159
7-scenes-redkitchen,4,52,0.29815088380622484,"[0.25,0.30)",0.5429687499999978,1.0,0.507,1,1.0,1.1284789859266495,0.04505434259772301
7-scenes-redkitchen,4,53,0.2593347256889613,"[0.25,0.30)",0.5546874999999978,1.0,0.4455,1,1.0,1.2921035233161609,0.06088931858539581
7-scenes-redkitchen,4,54,0.2155774030869543,"[0.20,0.25)",0.3789062499999985,1.0,0.257,1,1.0,4.73101990176739,0.09091570973396301
7-scenes-redkitchen,4,58,0.14584076206000712,"[0.00,0.15)",0.3710937499999985,1.0,0.304,1,1.0,4.662452525308969,0.09395395219326019
7-scenes-redkitchen,4,59,0.26901329529825274,"[0.25,0.30)",0.4335937499999983,1.0,0.2475,1,1.0,4.1311899078399295,0.060359448194503784
7-scenes-redkitchen,4,8,0.30049411644847435,"[0.30,1.00]",0.6679687499999973,1.0,0.4575,1,1.0,2.654759323514788,0.15316468477249146
7-scenes-redkitchen,50,59,0.2502807937102209,"[0.25,0.30)",0.2226562499999991,1.0,0.2185,1,1.0,5.305924660277084,0.17131321132183075
7-scenes-redkitchen,51,54,0.20830730793254215,"[0.20,0.25)",0.07031249999999972,1.0,0.057,1,1.0,3.4170718786965253,0.1274738758802414
7-scenes-redkitchen,51,59,0.16833229231730168,"[0.15,0.20)",0.08984374999999964,1.0,0.05,1,0.0,,
7-scenes-redkitchen,52,55,0.19704275152684025,"[0.15,0.20)",0.14453124999999942,1.0,0.088,1,0.0,,
7-scenes-redkitchen,52,58,0.21552555448408872,"[0.20,0.25)",0.249999999999999,1.0,0.243,1,1.0,2.1534052445024527,0.12137587368488312
7-scenes-redkitchen,52,59,0.2806171648987464,"[0.25,0.30)",0.28906249999999883,1.0,0.2295,1,1.0,6.038645729262881,0.16365721821784973
7-scenes-redkitchen,53,56,0.33473940757405324,"[0.30,1.00]",0.507812499999998,1.0,0.3855,1,1.0,1.9198944076857056,0.04242405667901039
7-scenes-redkitchen,53,57,0.21034870641169853,"[0.20,0.25)",0.35546874999999856,1.0,0.243,1,1.0,2.4371882954431654,0.02321096882224083
7-scenes-redkitchen,5,13,0.3252986795221128,"[0.30,1.00]",0.8203124999999967,1.0,0.6475,1,1.0,1.0609094730669855,0.023843061178922653
7-scenes-redkitchen,5,14,0.358205826870677,"[0.30,1.00]",0.8320312499999967,1.0,0.5935,1,1.0,2.999178254174505,0.05106789618730545
7-scenes-redkitchen,5,21,0.3163382938587298,"[0.30,1.00]",0.753906249999997,1.0,0.512,1,1.0,2.609395535079365,0.05316515266895294
7-scenes-redkitchen,5,24,0.3111507021588765,"[0.30,1.00]",0.7148437499999971,1.0,0.448,1,1.0,2.4567057267603865,0.09259968996047974
7-scenes-redkitchen,5,27,0.4661496541605533,"[0.30,1.00]",0.503906249999998,1.0,0.4275,1,1.0,3.2141843476158662,0.09813739359378815
7-scenes-redkitchen,5,28,0.24350241039614337,"[0.20,0.25)",0.21093749999999917,1.0,0.186,1,1.0,5.347493760706223,0.20684677362442017
7-scenes-redkitchen,5,34,0.14535736742821212,"[0.00,0.15)",0.3437499999999986,1.0,0.31,1,1.0,3.485038074826494,0.04220706224441528
7-scenes-redkitchen,5,35,0.39750576399077764,"[0.30,1.00]",0.6562499999999973,1.0,0.482,1,1.0,2.3333036369436164,0.058696672320365906
7-scenes-redkitchen,5,40,0.29155313351498635,"[0.25,0.30)",0.4687499999999981,1.0,0.3665,1,1.0,3.217350065036357,0.02259276993572712
7-scenes-redkitchen,5,41,0.25686438901697756,"[0.25,0.30)",0.6132812499999976,1.0,0.4485,1,1.0,1.2467829965901007,0.044680435210466385
7-scenes-redkitchen,5,42,0.26802557115908615,"[0.25,0.30)",0.6054687499999976,1.0,0.432,1,1.0,1.5074007371343212,0.11725826561450958
7-scenes-redkitchen,5,43,0.25382519387968977,"[0.25,0.30)",0.6523437499999974,1.0,0.523,1,1.0,0.0,0.044358719140291214
7-scenes-redkitchen,5,44,0.2838503458394467,"[0.25,0.30)",0.6289062499999974,1.0,0.4125,1,1.0,1.8541411654502948,0.083598792552948
7-scenes-redkitchen,5,45,0.35537623139802976,"[0.30,1.00]",0.6679687499999973,1.0,0.4765,1,1.0,1.1263962120204047,0.04319419711828232
7-scenes-redkitchen,5,50,0.3495598407042549,"[0.30,1.00]",0.5546874999999978,1.0,0.4745,1,1.0,2.2989950255027445,0.06396422535181046
7-scenes-redkitchen,5,51,0.2196080486271222,"[0.20,0.25)",0.18749999999999925,1.0,0.1465,1,1.0,5.335460949825237,0.042419347912073135
7-scenes-redkitchen,5,52,0.3939425696918885,"[0.30,1.00]",0.5507812499999978,1.0,0.487,1,1.0,1.9785302092541819,0.058634087443351746
7-scenes-redkitchen,5,53,0.38833577866275415,"[0.30,1.00]",0.6992187499999972,1.0,0.517,1,1.0,1.2639299017418615,0.044379960745573044
7-scenes-redkitchen,5,54,0.3687906099350241,"[0.30,1.00]",0.6523437499999974,1.0,0.489,1,1.0,3.0734518311907415,0.07200902700424194
7-scenes-redkitchen,5,55,0.21756445189687695,"[0.20,0.25)",0.3124999999999988,1.0,0.24,1,1.0,4.109897572975094,0.10901914536952972
7-scenes-redkitchen,5,57,0.14216097254244392,"[0.00,0.15)",0.18359374999999928,1.0,0.1345,1,0.0,,
7-scenes-redkitchen,5,58,0.23962481660029344,"[0.20,0.25)",0.6289062499999974,1.0,0.5275,1,1.0,3.8521394722716993,0.08644107729196548
7-scenes-redkitchen,5,59,0.32063508698386084,"[0.30,1.00]",0.5898437499999977,1.0,0.4055,1,1.0,3.2261004717553763,0.06373340636491776
7-scenes-redkitchen,6,13,0.2356923462671598,"[0.20,0.25)",0.3476562499999986,1.0,0.2645,1,1.0,1.6030323488982645,0.11104633659124374
7-scenes-redkitchen,6,14,0.2889738607158528,"[0.25,0.30)",0.3007812499999988,1.0,0.247,1,1.0,2.04487926762379,0.036111414432525635
7-scenes-redkitchen,6,22,0.18811508807120916,"[0.15,0.20)",0.3007812499999988,1.0,0.1565,1,0.0,,
7-scenes-redkitchen,6,27,0.39954867423055224,"[0.30,1.00]",0.2812499999999989,1.0,0.1915,1,1.0,4.872103462667253,0.11847645789384842
7-scenes-redkitchen,6,34,0.22083620635617127,"[0.20,0.25)",0.5624999999999978,1.0,0.398,1,1.0,1.6173734974874727,0.05862768366932869
7-scenes-redkitchen,6,42,0.1377170438162101,"[0.00,0.15)",0.21874999999999914,1.0,0.106,1,0.0,,
7-scenes-redkitchen,6,44,0.15370149815081802,"[0.15,0.20)",0.14453124999999942,1.0,0.087,1,0.0,,
7-scenes-redkitchen,6,45,0.21776468375854072,"[0.20,0.25)",0.36718749999999856,1.0,0.2585,1,1.0,5.070799993610494,0.10990208387374878
7-scenes-redkitchen,6,46,0.2824547107127186,"[0.25,0.30)",0.5703124999999977,1.0,0.448,1,1.0,1.466870960001733,0.051305707544088364
7-scenes-redkitchen,6,47,0.36939760546605654,"[0.30,1.00]",0.19140624999999922,1.0,0.1095,1,0.0,,
7-scenes-redkitchen,6,48,0.4277565348210368,"[0.30,1.00]",0.4374999999999983,1.0,0.2545,1,1.0,0.9009206310478831,0.051073987036943436
7-scenes-redkitchen,6,50,0.3791763304707578,"[0.30,1.00]",0.5742187499999977,1.0,0.4055,1,1.0,4.106179159827296,0.06464912742376328
7-scenes-redkitchen,6,51,0.25807058233561087,"[0.25,0.30)",0.4257812499999983,1.0,0.348,1,1.0,1.920098269670407,0.03691072389483452
7-scenes-redkitchen,6,52,0.4307653732840218,"[0.30,1.00]",0.5468749999999978,1.0,0.4645,1,1.0,4.071599084239103,0.06470060348510742
7-scenes-redkitchen,6,55,0.38312543095342566,"[0.30,1.00]",0.6210937499999976,1.0,0.5015,1,1.0,3.007781720779984,0.08714234083890915
7-scenes-redkitchen,6,56,0.23982949915376417,"[0.20,0.25)",0.45703124999999817,1.0,0.365,1,1.0,3.2937231354877268,0.11421846598386765
7-scenes-redkitchen,6,57,0.2212749952986899,"[0.20,0.25)",0.6367187499999974,1.0,0.5645,1,1.0,1.1218702720501523,0.05781786888837814
7-scenes-redkitchen,6,58,0.38043001316366826,"[0.30,1.00]",0.757812499999997,1.0,0.669,1,1.0,3.728041218945533,0.09281814098358154
7-scenes-redkitchen,7,12,0.2823593008589104,"[0.25,0.30)",0.3476562499999986,1.0,0.269,1,1.0,1.4483437187202322,0.07567588984966278
7-scenes-redkitchen,7,13,0.16139107453901136,"[0.15,0.20)",0.08593749999999965,1.0,0.086,1,1.0,2.387205371829225,0.06064573675394058
7-scenes-redkitchen,7,14,0.23370773019400565,"[0.20,0.25)",0.11328124999999954,1.0,0.1095,1,0.0,,
7-scenes-redkitchen,7,22,0.3000180191002463,"[0.30,1.00]",0.7031249999999972,1.0,0.5305,1,1.0,1.309852557722988,0.046869441866874695
7-scenes-redkitchen,7,23,0.24073517929004745,"[0.20,0.25)",0.5351562499999979,1.0,0.3785,1,1.0,1.080646195564468,0.03863348439335823
7-scenes-redkitchen,7,27,0.32122049372334677,"[0.30,1.00]",0.21093749999999917,1.0,0.1185,1,0.0,,
7-scenes-redkitchen,7,34,0.24091537029251006,"[0.20,0.25)",0.3203124999999987,1.0,0.2585,1,1.0,2.1733084526803625,0.04377485066652298
7-scenes-redkitchen,7,46,0.20337557811279958,"[0.20,0.25)",0.21093749999999917,1.0,0.127,1,1.0,2.879976085539231,0.047789424657821655
7-scenes-redkitchen,7,47,0.28878611328007686,"[0.25,0.30)",0.10546874999999958,1.0,0.05,1,0.0,,
7-scenes-redkitchen,7,48,0.364886779986786,"[0.30,1.00]",0.18359374999999928,1.0,0.0885,1,0.0,,
7-scenes-redkitchen,7,49,0.3991831341221695,"[0.30,1.00]",0.2226562499999991,1.0,0.0935,1,1.0,2.541758094178495,0.04686523228883743
7-scenes-redkitchen,7,50,0.33239233587602857,"[0.30,1.00]",0.32812499999999867,1.0,0.259,1,1.0,2.4476062857472405,0.03425617516040802
7-scenes-redkitchen,7,51,0.20463691513003784,"[0.20,0.25)",0.1249999999999995,1.0,0.094,1,1.0,4.4320843493512365,0.06048889830708504
7-scenes-redkitchen,7,52,0.37996276052615774,"[0.30,1.00]",0.39062499999999845,1.0,0.317,1,1.0,2.823413549630843,0.019802629947662354
7-scenes-redkitchen,7,56,0.2973151540633071,"[0.25,0.30)",0.45312499999999817,1.0,0.4075,1,1.0,2.2471602121120147,0.0817742720246315
7-scenes-redkitchen,7,57,0.24385848999939935,"[0.20,0.25)",0.7343749999999971,1.0,0.5885,1,1.0,0.9134312840115117,0.035305868834257126
7-scenes-redkitchen,8,10,0.3719853529188939,"[0.30,1.00]",0.8242187499999967,1.0,0.673,1,1.0,1.557711055951103,0.08081226050853729
7-scenes-redkitchen,8,11,0.2928153541815733,"[0.25,0.30)",0.7226562499999971,1.0,0.554,1,1.0,2.0843138726703714,0.12757128477096558
7-scenes-redkitchen,8,15,0.2530830422155815,"[0.25,0.30)",0.5742187499999977,1.0,0.465,1,1.0,3.4861615041575873,0.12074565142393112
7-scenes-redkitchen,8,26,0.3933246348752052,"[0.30,1.00]",0.8476562499999966,1.0,0.7345,1,1.0,1.7498828800501784,0.02511497400701046
7-scenes-redkitchen,8,34,0.14066248579485668,"[0.00,0.15)",0.5898437499999977,1.0,0.438,1,1.0,2.4625943960760193,0.046579163521528244
7-scenes-redkitchen,8,38,0.33684077612694135,"[0.30,1.00]",0.8164062499999968,1.0,0.6875,1,1.0,1.9158126141739649,0.042830947786569595
7-scenes-redkitchen,8,48,0.23481628014647082,"[0.20,0.25)",0.49218749999999806,1.0,0.35,1,1.0,1.1895965439430591,0.06891416758298874
7-scenes-redkitchen,8,49,0.30636811313607476,"[0.30,1.00]",0.39453124999999845,1.0,0.23,1,1.0,1.8036338671054972,0.07357370108366013
7-scenes-redkitchen,8,50,0.21347699819015953,"[0.20,0.25)",0.3437499999999986,1.0,0.2385,1,1.0,2.6941352990895195,0.06614962965250015
7-scenes-redkitchen,8,52,0.25081021928532343,"[0.25,0.30)",0.5351562499999979,1.0,0.408,1,1.0,2.737667534012855,0.0751701295375824
7-scenes-redkitchen,8,56,0.40102697924996844,"[0.30,1.00]",0.7265624999999971,1.0,0.5325,1,1.0,1.248351537013624,0.06508650630712509
7-scenes-redkitchen,8,57,0.2857022601961362,"[0.25,0.30)",0.6992187499999972,1.0,0.5695,1,1.0,1.715319646486271,0.03919809311628342
7-scenes-redkitchen,9,12,0.18165880535960263,"[0.15,0.20)",0.6562499999999973,1.0,0.4815,1,1.0,2.8495002047215072,0.10561686009168625
7-scenes-redkitchen,9,15,0.34035981132863047,"[0.30,1.00]",0.8046874999999968,1.0,0.6615,1,1.0,2.5920852048297314,0.070065937936306
7-scenes-redkitchen,9,22,0.32191008890929584,"[0.30,1.00]",0.7851562499999969,1.0,0.5715,1,1.0,3.830423251796503,0.20638488233089447
7-scenes-redkitchen,9,23,0.3160662854280586,"[0.30,1.00]",0.7695312499999969,1.0,0.638,1,1.0,3.183338287191811,0.08584622293710709
7-scenes-redkitchen,9,27,0.22135492757857828,"[0.20,0.25)",0.249999999999999,1.0,0.2385,1,1.0,4.1066560672944945,0.11890797317028046
7-scenes-redkitchen,9,34,0.14876654005092457,"[0.00,0.15)",0.5234374999999979,1.0,0.419,1,1.0,2.3780047642954014,0.06167151778936386
7-scenes-redkitchen,9,46,0.1648369996243269,"[0.15,0.20)",0.5664062499999978,1.0,0.443,1,1.0,0.9981880681648653,0.04197225719690323
7-scenes-redkitchen,9,47,0.25387151980631967,"[0.25,0.30)",0.3437499999999986,1.0,0.258,1,1.0,2.636707400413658,0.05899146571755409
7-scenes-redkitchen,9,48,0.35104562340860707,"[0.30,1.00]",0.42187499999999833,1.0,0.316,1,1.0,0.7517343472094947,0.026464112102985382
7-scenes-redkitchen,9,50,0.2915223108068623,"[0.25,0.30)",0.5273437499999979,1.0,0.411,1,1.0,2.1733084526803625,0.033576201647520065
7-scenes-redkitchen,9,52,0.3270025462286597,"[0.30,1.00]",0.5390624999999979,1.0,0.484,1,1.0,2.1209873398744703,0.026484567672014236
7-scenes-redkitchen,9,55,0.4622031139124264,"[0.30,1.00]",0.8359374999999967,1.0,0.6145,1,1.0,1.1686862233537025,0.03452461212873459
7-scenes-redkitchen,9,56,0.31544016362649746,"[0.30,1.00]",0.35937499999999856,1.0,0.2815,1,1.0,1.713721651172949,0.07011128216981888
7-scenes-redkitchen,9,57,0.23592269482823391,"[0.20,0.25)",0.6679687499999973,1.0,0.6075,1,1.0,1.2908913671306814,0.04045974090695381
7-scenes-redkitchen,9,58,0.4207538506490796,"[0.30,1.00]",0.8164062499999968,1.0,0.737,1,1.0,3.388764849089049,0.08005617558956146
sun3d-home_at-home_at_scan1_2013_jan_1,0,30,0.19372825221146187,"[0.15,0.20)",0.019531249999999924,0.0,0.0,1,0.0,,
sun3d-home_at-home_at_scan1_2013_jan_1,0,31,0.3832641596444892,"[0.30,1.00]",0.32812499999999867,1.0,0.284,1,1.0,2.87494188487866,0.1491067260503769
sun3d-home_at-home_at_scan1_2013_jan_1,0,33,0.37546639835660084,"[0.30,1.00]",0.1523437499999994,1.0,0.093,1,0.0,,
sun3d-home_at-home_at_scan1_2013_jan_1,0,34,0.4406992831090429,"[0.30,1.00]",0.3437499999999986,1.0,0.2085,1,1.0,5.042981716919191,0.21126972138881683
sun3d-home_at-home_at_scan1_2013_jan_1,0,35,0.29249989519138053,"[0.25,0.30)",0.33984374999999867,1.0,0.2635,1,1.0,4.330517022413521,0.1750931739807129
sun3d-home_at-home_at_scan1_2013_jan_1,0,36,0.4438435416928688,"[0.30,1.00]",0.499999999999998,1.0,0.372,1,1.0,3.6014136448157275,0.1755397468805313
sun3d-home_at-home_at_scan1_2013_jan_1,0,37,0.3880853561396889,"[0.30,1.00]",0.499999999999998,1.0,0.4715,1,1.0,0.8379011213981776,0.036393363028764725
sun3d-home_at-home_at_scan1_2013_jan_1,0,38,0.30075881440489666,"[0.30,1.00]",0.6835937499999972,1.0,0.5775,1,1.0,2.605191431810596,0.0117922592908144
sun3d-home_at-home_at_scan1_2013_jan_1,0,41,0.2263446945876829,"[0.20,0.25)",0.0507812499999998,0.0,0.0415,1,0.0,,
sun3d-home_at-home_at_scan1_2013_jan_1,0,42,0.19226093153900978,"[0.15,0.20)",0.18749999999999925,1.0,0.0875,1,0.0,,
sun3d-home_at-home_at_scan1_2013_jan_1,0,47,0.36402129711147446,"[0.30,1.00]",0.0781249999999997,1.0,0.058,1,0.0,,
sun3d-home_at-home_at_scan1_2013_jan_1,0,49,0.397308514652245,"[0.30,1.00]",0.249999999999999,1.0,0.1635,1,1.0,6.359647717702714,0.28373095393180847
sun3d-home_at-home_at_scan1_2013_jan_1,0,50,0.2773655305412317,"[0.25,0.30)",0.3007812499999988,1.0,0.1125,1,0.0,,
sun3d-home_at-home_at_scan1_2013_jan_1,0,51,0.20668259757682472,"[0.20,0.25)",0.45703124999999817,1.0,0.2265,1,0.0,,
sun3d-home_at-home_at_scan1_2013_jan_1,10,12,0.31762402712123383,"[0.30,1.00]",0.8671874999999966,1.0,0.6765,1,1.0,2.343515035743422,0.022141948342323303
sun3d-home_at-home_at_scan1_2013_jan_1,10,13,0.19939836699613236,"[0.15,0.20)",0.5898437499999977,1.0,0.475,1,1.0,3.5521464569589023,0.04182688146829605
sun3d-home_at-home_at_scan1_2013_jan_1,10,15,0.18101513632239888,"[0.15,0.20)",0.32812499999999867,1.0,0.2335,1,1.0,2.93598327945611,0.07080496102571487
sun3d-home_at-home_at_scan1_2013_jan_1,10,17,0.2525426156711073,"[0.25,0.30)",0.39062499999999845,1.0,0.2645,1,1.0,2.0760343792761575,0.06193721666932106
sun3d-home_at-home_at_scan1_2013_jan_1,10,22,0.25077591558038487,"[0.25,0.30)",0.2773437499999989,1.0,0.326,1,1.0,3.736540302508326,0.06539920717477798
sun3d-home_at-home_at_scan1_2013_jan_1,10,28,0.19123334765792865,"[0.15,0.20)",0.45312499999999817,1.0,0.1625,1,0.0,,
sun3d-home_at-home_at_scan1_2013_jan_1,10,29,0.24604879912142483,"[0.20,0.25)",0.496093749999998,1.0,0.195,1,1.0,3.885444206654108,0.1663067489862442
sun3d-home_at-home_at_scan1_2013_jan_1,10,43,0.2502506804182782,"[0.25,0.30)",0.8164062499999968,1.0,0.709,1,1.0,0.8939432638422496,0.021792173385620117
sun3d-home_at-home_at_scan1_2013_jan_1,10,44,0.29078928520269304,"[0.25,0.30)",0.8437499999999967,1.0,0.6365,1,1.0,1.0572140956690281,0.05030296370387077
sun3d-home_at-home_at_scan1_2013_jan_1,10,45,0.2874946282767512,"[0.25,0.30)",0.8046874999999968,1.0,0.6505,1,1.0,0.6801253624345283,0.025503726676106453
sun3d-home_at-home_at_scan1_2013_jan_1,11,13,0.3872832369942196,"[0.30,1.00]",0.9570312499999962,1.0,0.8145,1,1.0,1.1820054845849186,0.049528490751981735
sun3d-home_at-home_at_scan1_2013_jan_1,11,18,0.25688541312478747,"[0.25,0.30)",0.8554687499999966,1.0,0.701,1,1.0,1.397737894959296,0.04374118521809578
sun3d-home_at-home_at_scan1_2013_jan_1,11,20,0.20958007480448826,"[0.20,0.25)",0.5859374999999977,1.0,0.4245,1,1.0,2.43268680530416,0.03070351667702198
sun3d-home_at-home_at_scan1_2013_jan_1,11,21,0.33968038082284935,"[0.30,1.00]",0.8515624999999966,1.0,0.6875,1,1.0,3.005437761062904,0.03499011695384979
sun3d-home_at-home_at_scan1_2013_jan_1,11,22,0.34014790887453245,"[0.30,1.00]",0.8867187499999964,1.0,0.721,1,1.0,1.665539081909614,0.021799059584736824
sun3d-home_at-home_at_scan1_2013_jan_1,11,23,0.16580244814688883,"[0.15,0.20)",0.4335937499999983,1.0,0.311,1,1.0,1.353640960139529,0.06763200461864471
sun3d-home_at-home_at_scan1_2013_jan_1,11,44,0.16597245834750085,"[0.15,0.20)",0.6249999999999976,1.0,0.5325,1,1.0,1.391001437834831,0.07382465153932571
sun3d-home_at-home_at_scan1_2013_jan_1,11,45,0.15929955797347842,"[0.15,0.20)",0.5468749999999978,1.0,0.406,1,1.0,2.7139698346433048,0.14047640562057495
sun3d-home_at-home_at_scan1_2013_jan_1,12,19,0.24540521617363906,"[0.20,0.25)",0.5156249999999979,1.0,0.516,1,1.0,2.2774402234457267,0.051311690360307693
sun3d-home_at-home_at_scan1_2013_jan_1,12,20,0.36991656456035943,"[0.30,1.00]",0.742187499999997,1.0,0.656,1,1.0,1.8422816467160525,0.0688788890838623
sun3d-home_at-home_at_scan1_2013_jan_1,12,22,0.30766089036699923,"[0.30,1.00]",0.8242187499999967,1.0,0.6845,1,1.0,0.5330249753340146,0.007384797558188438
sun3d-home_at-home_at_scan1_2013_jan_1,13,19,0.2522070138495181,"[0.25,0.30)",0.5234374999999979,1.0,0.527,1,1.0,3.4115669776019435,0.06007255241274834
sun3d-home_at-home_at_scan1_2013_jan_1,13,20,0.36308414999595046,"[0.30,1.00]",0.6874999999999972,1.0,0.677,1,1.0,1.5128434181960215,0.03455730527639389
sun3d-home_at-home_at_scan1_2013_jan_1,13,21,0.31367943630031586,"[0.30,1.00]",0.6914062499999972,1.0,0.6095,1,1.0,1.0423015932725639,0.015338383615016937
sun3d-home_at-home_at_scan1_2013_jan_1,13,22,0.27107799465457194,"[0.25,0.30)",0.7343749999999971,1.0,0.6005,1,1.0,0.8708808669414743,0.0244517233222723
sun3d-home_at-home_at_scan1_2013_jan_1,14,19,0.331306580191866,"[0.30,1.00]",0.738281249999997,1.0,0.727,1,1.0,2.9366499520587563,0.06468600779771805
sun3d-home_at-home_at_scan1_2013_jan_1,14,22,0.2964464261586272,"[0.25,0.30)",0.749999999999997,1.0,0.624,1,1.0,0.7449358181401281,0.02156478352844715
sun3d-home_at-home_at_scan1_2013_jan_1,15,19,0.17657142857142857,"[0.15,0.20)",0.6562499999999973,1.0,0.617,1,1.0,1.2117616147653127,0.04272353649139404
sun3d-home_at-home_at_scan1_2013_jan_1,15,22,0.4176103896103896,"[0.30,1.00]",0.9765624999999961,1.0,0.8345,1,1.0,0.8060004926362228,0.027380678802728653
sun3d-home_at-home_at_scan1_2013_jan_1,15,23,0.21475324675324675,"[0.20,0.25)",0.48437499999999806,1.0,0.4255,1,1.0,1.576691151141602,0.115847647190094
sun3d-home_at-home_at_scan1_2013_jan_1,16,22,0.340251572327044,"[0.30,1.00]",0.746093749999997,1.0,0.6325,1,1.0,0.6211811475979176,0.02968580462038517
sun3d-home_at-home_at_scan1_2013_jan_1,17,19,0.14073534765198398,"[0.00,0.15)",0.39453124999999845,1.0,0.444,1,1.0,0.7348863866635044,0.018525781109929085
sun3d-home_at-home_at_scan1_2013_jan_1,17,20,0.3145977429923553,"[0.30,1.00]",0.7734374999999969,1.0,0.6885,1,1.0,1.0590633959652553,0.01757890172302723
sun3d-home_at-home_at_scan1_2013_jan_1,17,23,0.275937386239534,"[0.25,0.30)",0.4414062499999982,1.0,0.4345,1,1.0,4.2175152641867335,0.17512203752994537
sun3d-home_at-home_at_scan1_2013_jan_1,18,22,0.2953211009174312,"[0.25,0.30)",0.6796874999999973,1.0,0.545,1,1.0,0.5381398315483229,0.01590779796242714
sun3d-home_at-home_at_scan1_2013_jan_1,19,21,0.16376435716932197,"[0.15,0.20)",0.1562499999999994,1.0,0.1015,1,1.0,9.790227204287758,0.2330275923013687
sun3d-home_at-home_at_scan1_2013_jan_1,1,3,0.2950113848064583,"[0.25,0.30)",0.8632812499999966,1.0,0.8025,1,1.0,2.7479443520351547,0.06525303423404694
sun3d-home_at-home_at_scan1_2013_jan_1,1,31,0.2566342372179673,"[0.25,0.30)",0.21093749999999917,1.0,0.135,1,0.0,,
sun3d-home_at-home_at_scan1_2013_jan_1,1,33,0.25539225833160834,"[0.25,0.30)",0.5234374999999979,1.0,0.4195,1,1.0,3.4508249539106384,0.17999397218227386
sun3d-home_at-home_at_scan1_2013_jan_1,1,35,0.3482508797350445,"[0.30,1.00]",0.4687499999999981,1.0,0.3255,1,1.0,2.191066837759506,0.012567548081278801
sun3d-home_at-home_at_scan1_2013_jan_1,1,36,0.5294969985510246,"[0.30,1.00]",0.8085937499999968,1.0,0.5175,1,1.0,0.6218108357894713,0.054472267627716064
sun3d-home_at-home_at_scan1_2013_jan_1,1,37,0.5356654936866073,"[0.30,1.00]",0.7070312499999972,1.0,0.555,1,1.0,1.6197916198528408,0.04670729488134384
sun3d-home_at-home_at_scan1_2013_jan_1,1,38,0.5119022976609398,"[0.30,1.00]",0.7773437499999969,1.0,0.5805,1,1.0,1.8625660343441213,0.07089697569608688
sun3d-home_at-home_at_scan1_2013_jan_1,1,39,0.22136203684537362,"[0.20,0.25)",0.5546874999999978,1.0,0.5675,1,1.0,2.2375590531620477,0.05056343227624893
sun3d-home_at-home_at_scan1_2013_jan_1,1,47,0.19975160422272822,"[0.15,0.20)",0.023437499999999906,0.0,0.0055,1,0.0,,
sun3d-home_at-home_at_scan1_2013_jan_1,1,48,0.43307803767335956,"[0.30,1.00]",0.16015624999999936,1.0,0.078,1,0.0,,
sun3d-home_at-home_at_scan1_2013_jan_1,1,49,0.4004553922583316,"[0.30,1.00]",0.33984374999999867,1.0,0.237,1,1.0,3.1715085762211555,0.15728750824928284
sun3d-home_at-home_at_scan1_2013_jan_1,1,50,0.32713723866694266,"[0.30,1.00]",0.5351562499999979,1.0,0.312,1,1.0,2.61434169783248,0.10134628415107727
sun3d-home_at-home_at_scan1_2013_jan_1,1,51,0.2233492030635479,"[0.20,0.25)",0.3046874999999988,1.0,0.2145,1,1.0,3.5886691584786745,0.099877268075943
sun3d-home_at-home_at_scan1_2013_jan_1,20,22,0.15775862068965518,"[0.15,0.20)",0.23828124999999906,1.0,0.2605,1,1.0,2.256200115768952,0.037108998745679855
sun3d-home_at-home_at_scan1_2013_jan_1,21,23,0.3811210932557257,"[0.30,1.00]",0.48828124999999806,1.0,0.516,1,1.0,2.754205767043438,0.11471983045339584
sun3d-home_at-home_at_scan1_2013_jan_1,22,31,0.4163891821651913,"[0.30,1.00]",0.3007812499999988,1.0,0.332,1,1.0,1.6238941662606965,0.04970398545265198
sun3d-home_at-home_at_scan1_2013_jan_1,22,32,0.4373426459839194,"[0.30,1.00]",0.3789062499999985,1.0,0.3815,1,1.0,2.506240618848307,0.09778020530939102
sun3d-home_at-home_at_scan1_2013_jan_1,22,42,0.2870949403069926,"[0.25,0.30)",0.10937499999999957,1.0,0.1015,1,0.0,,
sun3d-home_at-home_at_scan1_2013_jan_1,22,43,0.27077073012263464,"[0.25,0.30)",0.0,0.0,0.0,1,0.0,,
sun3d-home_at-home_at_scan1_2013_jan_1,23,24,0.47605900449633193,"[0.30,1.00]",0.7929687499999968,1.0,0.72,0,,,
sun3d-home_at-home_at_scan1_2013_jan_1,23,30,0.20848781257395282,"[0.20,0.25)",0.4414062499999982,1.0,0.524,1,1.0,3.472994661973934,0.12756389379501343
sun3d-home_at-home_at_scan1_2013_jan_1,23,43,0.4658042123530804,"[0.30,1.00]",0.19140624999999922,1.0,0.0615,1,1.0,6.371845056151365,0.10988135635852814
sun3d-home_at-home_at_scan1_2013_jan_1,23,44,0.3801372564486866,"[0.30,1.00]",0.015624999999999938,0.0,0.0,1,0.0,,
sun3d-home_at-home_at_scan1_2013_jan_1,23,45,0.39228524098761536,"[0.30,1.00]",0.09374999999999963,0.0,0.0465,1,0.0,,
sun3d-home_at-home_at_scan1_2013_jan_1,23,46,0.41942099865898874,"[0.30,1.00]",0.3789062499999985,1.0,0.2195,1,1.0,2.863616781727738,0.040406640619039536
sun3d-home_at-home_at_scan1_2013_jan_1,23,47,0.3918908259051826,"[0.30,1.00]",0.496093749999998,1.0,0.241,1,1.0,0.8820438187623479,0.12352681905031204
sun3d-home_at-home_at_scan1_2013_jan_1,24,27,0.22327451997924236,"[0.20,0.25)",0.45703124999999817,1.0,0.25,1,0.0,,
sun3d-home_at-home_at_scan1_2013_jan_1,24,32,0.2968993253762325,"[0.25,0.30)",0.8124999999999968,1.0,0.805,1,1.0,3.3886492978623557,0.09136077016592026
sun3d-home_at-home_at_scan1_2013_jan_1,24,42,0.31940840685002597,"[0.30,1.00]",0.18749999999999925,1.0,0.082,1,1.0,4.741029610503907,0.0826670378446579
sun3d-home_at-home_at_scan1_2013_jan_1,24,43,0.30844577062791906,"[0.30,1.00]",0.28906249999999883,1.0,0.0895,1,1.0,2.0677217482799914,0.16594156622886658
sun3d-home_at-home_at_scan1_2013_jan_1,24,44,0.2831473793461339,"[0.25,0.30)",0.28906249999999883,1.0,0.1575,1,1.0,5.839356758837717,0.24495656788349152
sun3d-home_at-home_at_scan1_2013_jan_1,24,45,0.2924883238194084,"[0.25,0.30)",0.3476562499999986,1.0,0.1665,1,1.0,6.066693887080629,0.2654884457588196
sun3d-home_at-home_at_scan1_2013_jan_1,24,46,0.2376102750389206,"[0.20,0.25)",0.24609374999999903,1.0,0.128,1,1.0,2.4981052088593847,0.1305055022239685
sun3d-home_at-home_at_scan1_2013_jan_1,24,47,0.2405941878567722,"[0.20,0.25)",0.23437499999999906,1.0,0.0745,1,1.0,2.343180940988496,0.11136896908283234
sun3d-home_at-home_at_scan1_2013_jan_1,25,31,0.20326826382727003,"[0.20,0.25)",0.1757812499999993,1.0,0.0725,1,0.0,,
sun3d-home_at-home_at_scan1_2013_jan_1,26,30,0.32945736434108525,"[0.30,1.00]",0.6484374999999974,1.0,0.506,1,1.0,2.684527709521343,0.11671440303325653
sun3d-home_at-home_at_scan1_2013_jan_1,27,29,0.2221223021582734,"[0.20,0.25)",0.38281249999999845,1.0,0.2575,1,1.0,3.2727335117383536,0.09653901308774948
sun3d-home_at-home_at_scan1_2013_jan_1,28,30,0.2233079122974261,"[0.20,0.25)",0.511718749999998,1.0,0.479,1,1.0,4.8099455854002136,0.16572627425193787
sun3d-home_at-home_at_scan1_2013_jan_1,29,32,0.2603507199282873,"[0.25,0.30)",0.7695312499999969,1.0,0.7925,1,1.0,2.089940184373139,0.05807734280824661
sun3d-home_at-home_at_scan1_2013_jan_1,29,42,0.3171606252451118,"[0.30,1.00]",0.09765624999999961,0.0,0.0145,1,0.0,,
sun3d-home_at-home_at_scan1_2013_jan_1,29,43,0.31491960333912267,"[0.30,1.00]",0.21484374999999914,1.0,0.0705,1,1.0,1.1948488412836344,0.12155558168888092
sun3d-home_at-home_at_scan1_2013_jan_1,29,44,0.30007283321194467,"[0.30,1.00]",0.1249999999999995,1.0,0.1135,1,0.0,,
sun3d-home_at-home_at_scan1_2013_jan_1,29,45,0.3144153734102751,"[0.30,1.00]",0.28906249999999883,1.0,0.1565,1,1.0,4.547001171924116,0.1500844955444336
sun3d-home_at-home_at_scan1_2013_jan_1,29,46,0.2472407417782509,"[0.20,0.25)",0.10937499999999957,1.0,0.052,1,0.0,,
sun3d-home_at-home_at_scan1_2013_jan_1,29,47,0.24438343884811475,"[0.20,0.25)",0.17968749999999928,1.0,0.0645,1,1.0,7.2330213503716685,0.21834324300289154
sun3d-home_at-home_at_scan1_2013_jan_1,2,3,0.2640010252467,"[0.25,0.30)",0.8281249999999967,1.0,0.755,0,,,
sun3d-home_at-home_at_scan1_2013_jan_1,2,31,0.22722029988465975,"[0.20,0.25)",0.21093749999999917,1.0,0.1395,1,0.0,,
sun3d-home_at-home_at_scan1_2013_jan_1,2,33,0.2601136315092486,"[0.25,0.30)",0.14843749999999942,1.0,0.097,1,0.0,,
sun3d-home_at-home_at_scan1_2013_jan_1,2,35,0.31983425178350205,"[0.30,1.00]",0.29296874999999883,1.0,0.224,1,1.0,2.514038317575139,0.06814886629581451
sun3d-home_at-home_at_scan1_2013_jan_1,2,37,0.5591866376180101,"[0.30,1.00]",0.749999999999997,1.0,0.514,1,1.0,1.8103486658734271,0.04376593232154846
sun3d-home_at-home_at_scan1_2013_jan_1,2,39,0.24768251527190396,"[0.20,0.25)",0.5429687499999978,1.0,0.5505,1,1.0,1.685627682287089,0.06490036100149155
sun3d-home_at-home_at_scan1_2013_jan_1,2,48,0.4165919090947926,"[0.30,1.00]",0.16406249999999933,1.0,0.0685,1,0.0,,
sun3d-home_at-home_at_scan1_2013_jan_1,2,49,0.3399119996582511,"[0.30,1.00]",0.0039062499999999844,0.0,0.0,1,0.0,,
sun3d-home_at-home_at_scan1_2013_jan_1,2,50,0.27485155282156437,"[0.25,0.30)",0.0039062499999999844,0.0,0.0045,1,0.0,,
sun3d-home_at-home_at_scan1_2013_jan_1,2,51,0.153359818873083,"[0.15,0.20)",0.0,0.0,0.0,1,0.0,,
sun3d-home_at-home_at_scan1_2013_jan_1,30,33,0.2573355817875211,"[0.25,0.30)",0.4335937499999983,1.0,0.284,1,1.0,1.5988762884064203,0.0734151229262352
sun3d-home_at-home_at_scan1_2013_jan_1,30,34,0.1163575042158516,"[0.00,0.15)",0.0039062499999999844,0.0,0.015,1,0.0,,
sun3d-home_at-home_at_scan1_2013_jan_1,30,36,0.11475548060708263,"[0.00,0.15)",0.0,0.0,0.0,1,0.0,,
sun3d-home_at-home_at_scan1_2013_jan_1,30,41,0.1627318718381113,"[0.15,0.20)",0.0,0.0,0.0,1,0.0,,
sun3d-home_at-home_at_scan1_2013_jan_1,30,42,0.42377740303541317,"[0.30,1.00]",0.16015624999999936,1.0,0.1495,1,0.0,,
sun3d-home_at-home_at_scan1_2013_jan_1,30,46,0.3038785834738617,"[0.30,1.00]",0.08203124999999967,1.0,0.0965,1,0.0,,
sun3d-home_at-home_at_scan1_2013_jan_1,30,48,0.23086003372681282,"[0.20,0.25)",0.18359374999999928,1.0,0.2,1,1.0,5.896477913132937,0.21497821807861328
sun3d-home_at-home_at_scan1_2013_jan_1,31,35,0.32880570571934764,"[0.30,1.00]",0.6249999999999976,1.0,0.49,1,1.0,1.6676527111548383,0.033781182020902634
sun3d-home_at-home_at_scan1_2013_jan_1,31,37,0.40121746240857675,"[0.30,1.00]",0.753906249999997,1.0,0.5535,1,1.0,2.668291534883053,0.07934964448213577
sun3d-home_at-home_at_scan1_2013_jan_1,31,38,0.19424885295052924,"[0.15,0.20)",0.6484374999999974,1.0,0.5915,1,1.0,2.2386084523640815,0.05687436833977699
sun3d-home_at-home_at_scan1_2013_jan_1,31,41,0.32844228410484716,"[0.30,1.00]",0.4765624999999981,1.0,0.4495,1,1.0,2.1517686565783873,0.05292337387800217
sun3d-home_at-home_at_scan1_2013_jan_1,31,42,0.4565029755144687,"[0.30,1.00]",0.6523437499999974,1.0,0.3695,1,1.0,0.6691032853862069,0.08174015581607819
sun3d-home_at-home_at_scan1_2013_jan_1,31,46,0.2849225457684096,"[0.25,0.30)",0.39453124999999845,1.0,0.243,1,1.0,1.5453503250056122,0.10474950075149536
sun3d-home_at-home_at_scan1_2013_jan_1,31,49,0.3012310907191205,"[0.30,1.00]",0.18749999999999925,1.0,0.154,1,0.0,,
sun3d-home_at-home_at_scan1_2013_jan_1,32,34,0.2221254355400697,"[0.20,0.25)",0.49218749999999806,1.0,0.5495,1,1.0,0.7833468365828998,0.017278213053941727
sun3d-home_at-home_at_scan1_2013_jan_1,32,36,0.20321055251368841,"[0.20,0.25)",0.499999999999998,1.0,0.548,1,1.0,1.0028818879105503,0.04064760357141495
sun3d-home_at-home_at_scan1_2013_jan_1,32,37,0.15946988551518168,"[0.15,0.20)",0.2773437499999989,1.0,0.3005,1,1.0,3.1493325476516567,0.10851378738880157
sun3d-home_at-home_at_scan1_2013_jan_1,32,38,0.16886510701841712,"[0.15,0.20)",0.48437499999999806,1.0,0.5435,1,1.0,2.833241442452963,0.07564369589090347
sun3d-home_at-home_at_scan1_2013_jan_1,32,39,0.2066948730711797,"[0.20,0.25)",0.499999999999998,1.0,0.561,1,1.0,3.5719347713116445,0.08411331474781036
sun3d-home_at-home_at_scan1_2013_jan_1,32,40,0.37611996017919364,"[0.30,1.00]",0.499999999999998,1.0,0.428,1,1.0,3.0985725996317153,0.0475800596177578
sun3d-home_at-home_at_scan1_2013_jan_1,32,41,0.3462543554006969,"[0.30,1.00]",0.503906249999998,1.0,0.462,1,1.0,3.1613690138212593,0.08901859074831009
sun3d-home_at-home_at_scan1_2013_jan_1,32,43,0.3006470881035341,"[0.30,1.00]",0.4023437499999984,1.0,0.1825,1,1.0,2.3393354237701716,0.16038945317268372
sun3d-home_at-home_at_scan1_2013_jan_1,32,44,0.2261075161772026,"[0.20,0.25)",0.2812499999999989,1.0,0.1175,1,1.0,4.217793874958012,0.18417347967624664
sun3d-home_at-home_at_scan1_2013_jan_1,32,45,0.23550273768043803,"[0.20,0.25)",0.3789062499999985,1.0,0.1845,1,1.0,4.343252387214971,0.12764546275138855
sun3d-home_at-home_at_scan1_2013_jan_1,32,46,0.3950970632155301,"[0.30,1.00]",0.4335937499999983,1.0,0.346,1,1.0,0.8695316831798835,0.09471960365772247
sun3d-home_at-home_at_scan1_2013_jan_1,32,47,0.5452961672473867,"[0.30,1.00]",0.5976562499999976,1.0,0.366,1,1.0,0.889114564754576,0.12682746350765228
sun3d-home_at-home_at_scan1_2013_jan_1,32,48,0.22853409656545545,"[0.20,0.25)",0.1523437499999994,1.0,0.108,1,0.0,,
sun3d-home_at-home_at_scan1_2013_jan_1,33,35,0.30694385689248804,"[0.30,1.00]",0.6757812499999973,1.0,0.6055,1,1.0,3.5084430332248715,0.028267987072467804
sun3d-home_at-home_at_scan1_2013_jan_1,33,46,0.3215688644467275,"[0.30,1.00]",0.6445312499999974,1.0,0.4945,1,1.0,0.9622549556405504,0.023902785032987595
sun3d-home_at-home_at_scan1_2013_jan_1,33,49,0.28772587175923126,"[0.25,0.30)",0.1562499999999994,1.0,0.074,1,0.0,,
sun3d-home_at-home_at_scan1_2013_jan_1,34,38,0.4660833798103737,"[0.30,1.00]",0.6953124999999972,1.0,0.589,1,1.0,4.227719008307016,0.045090507715940475
sun3d-home_at-home_at_scan1_2013_jan_1,34,41,0.17948271054099274,"[0.15,0.20)",0.6874999999999972,1.0,0.6115,1,1.0,1.0575842143950078,0.02396230213344097
sun3d-home_at-home_at_scan1_2013_jan_1,34,47,0.2740170105967652,"[0.25,0.30)",0.8046874999999968,1.0,0.694,1,1.0,1.5313572225280927,0.06401976943016052
sun3d-home_at-home_at_scan1_2013_jan_1,34,51,0.19520356943669828,"[0.15,0.20)",0.2773437499999989,1.0,0.2965,1,1.0,2.5173061528072895,0.07998967170715332
sun3d-home_at-home_at_scan1_2013_jan_1,34,55,0.2180702732849972,"[0.20,0.25)",0.7968749999999968,1.0,0.706,1,1.0,0.8591175581152894,0.02063813991844654
sun3d-home_at-home_at_scan1_2013_jan_1,35,36,0.3327753511364528,"[0.30,1.00]",0.9453124999999962,1.0,0.8625,0,,,
sun3d-home_at-home_at_scan1_2013_jan_1,35,37,0.2564800041848665,"[0.25,0.30)",0.8632812499999966,1.0,0.767,1,1.0,1.9278290568223169,0.05725959688425064
sun3d-home_at-home_at_scan1_2013_jan_1,35,48,0.25878168074699864,"[0.25,0.30)",0.8124999999999968,1.0,0.7225,1,1.0,2.6729823440193834,0.08831946551799774
sun3d-home_at-home_at_scan1_2013_jan_1,35,51,0.4699866607381058,"[0.30,1.00]",0.757812499999997,1.0,0.515,1,1.0,1.3952155343531787,0.04387294128537178
sun3d-home_at-home_at_scan1_2013_jan_1,35,52,0.24680250045771976,"[0.20,0.25)",0.7070312499999972,1.0,0.4065,1,1.0,3.572592496565169,0.04416683316230774
sun3d-home_at-home_at_scan1_2013_jan_1,35,53,0.40289802003504827,"[0.30,1.00]",0.8554687499999966,1.0,0.6525,1,1.0,2.851697651737493,0.039381034672260284
sun3d-home_at-home_at_scan1_2013_jan_1,35,56,0.3156173985823765,"[0.30,1.00]",0.8046874999999968,1.0,0.6745,1,1.0,1.6042526711004792,0.049057453870773315
sun3d-home_at-home_at_scan1_2013_jan_1,35,57,0.23545105013993148,"[0.20,0.25)",0.761718749999997,1.0,0.598,1,1.0,7.243429661981243,0.2213025689125061
sun3d-home_at-home_at_scan1_2013_jan_1,35,58,0.26864227238249677,"[0.25,0.30)",0.8046874999999968,1.0,0.584,1,1.0,5.572813707398015,0.16053231060504913
sun3d-home_at-home_at_scan1_2013_jan_1,36,38,0.41754905014014326,"[0.30,1.00]",0.9179687499999963,1.0,0.677,1,1.0,2.522122366650187,0.02620372548699379
sun3d-home_at-home_at_scan1_2013_jan_1,36,41,0.20682809093740268,"[0.20,0.25)",0.7812499999999969,1.0,0.715,1,1.0,1.0885845088951809,0.022343242540955544
sun3d-home_at-home_at_scan1_2013_jan_1,36,47,0.2818047337278107,"[0.25,0.30)",0.8554687499999966,1.0,0.6955,1,1.0,1.3596991238826872,0.04364965856075287
sun3d-home_at-home_at_scan1_2013_jan_1,36,50,0.3509031454375584,"[0.30,1.00]",0.8203124999999967,1.0,0.6975,1,1.0,2.54160407430711,0.06460393220186234
sun3d-home_at-home_at_scan1_2013_jan_1,36,51,0.23473995639987544,"[0.20,0.25)",0.6367187499999974,1.0,0.4725,1,1.0,1.9636366915880177,0.13820625841617584
sun3d-home_at-home_at_scan1_2013_jan_1,36,55,0.3668249766427904,"[0.30,1.00]",0.7656249999999969,1.0,0.712,1,1.0,2.7138255818278694,0.06677519530057907
sun3d-home_at-home_at_scan1_2013_jan_1,37,39,0.2513364446330081,"[0.25,0.30)",0.6210937499999976,1.0,0.4665,1,1.0,2.1933880725639603,0.0382317453622818
sun3d-home_at-home_at_scan1_2013_jan_1,37,41,0.17955027577428936,"[0.15,0.20)",0.6914062499999972,1.0,0.6545,1,1.0,0.5482264046987577,0.017139114439487457
sun3d-home_at-home_at_scan1_2013_jan_1,37,47,0.2175222740772168,"[0.20,0.25)",0.6992187499999972,1.0,0.5575,1,1.0,1.9596459775877295,0.03753352537751198
sun3d-home_at-home_at_scan1_2013_jan_1,37,48,0.42804412388629615,"[0.30,1.00]",0.8632812499999966,1.0,0.719,1,1.0,1.6513791065078358,0.06095584109425545
sun3d-home_at-home_at_scan1_2013_jan_1,37,50,0.2652948663555367,"[0.25,0.30)",0.6835937499999972,1.0,0.5015,1,1.0,2.617783500583653,0.07110510021448135
sun3d-home_at-home_at_scan1_2013_jan_1,37,51,0.28120492151039456,"[0.25,0.30)",0.6523437499999974,1.0,0.38,1,1.0,3.195859425398388,0.25659915804862976
sun3d-home_at-home_at_scan1_2013_jan_1,37,55,0.30593975392448025,"[0.30,1.00]",0.5624999999999978,1.0,0.367,1,1.0,3.4495765181908196,0.056814420968294144
sun3d-home_at-home_at_scan1_2013_jan_1,38,40,0.18090472062416266,"[0.15,0.20)",0.6601562499999973,1.0,0.6815,1,1.0,3.0947795170359687,0.05370963364839554
sun3d-home_at-home_at_scan1_2013_jan_1,38,41,0.2007644416423674,"[0.20,0.25)",0.7695312499999969,1.0,0.7415,1,1.0,1.9031034399670146,0.03990072384476662
sun3d-home_at-home_at_scan1_2013_jan_1,38,48,0.3217747655449602,"[0.30,1.00]",0.6445312499999974,1.0,0.6035,1,1.0,1.6516161006194692,0.0815528854727745
sun3d-home_at-home_at_scan1_2013_jan_1,39,41,0.3236869346055178,"[0.30,1.00]",0.8593749999999966,1.0,0.7725,1,1.0,1.6342252370167152,0.038331471383571625
sun3d-home_at-home_at_scan1_2013_jan_1,39,42,0.22903821054052836,"[0.20,0.25)",0.6640624999999973,1.0,0.614,1,1.0,2.127068809333992,0.06867458671331406
sun3d-home_at-home_at_scan1_2013_jan_1,39,46,0.16778432872766552,"[0.15,0.20)",0.38281249999999845,1.0,0.3635,1,1.0,2.359495983309475,0.043196313083171844
sun3d-home_at-home_at_scan1_2013_jan_1,39,47,0.16728925694225663,"[0.15,0.20)",0.5156249999999979,1.0,0.388,1,1.0,2.2243998130525617,0.07672438025474548
sun3d-home_at-home_at_scan1_2013_jan_1,3,24,0.20158348210820462,"[0.20,0.25)",0.09765624999999961,0.0,0.0,1,0.0,,
sun3d-home_at-home_at_scan1_2013_jan_1,3,25,0.1824109291314135,"[0.15,0.20)",0.054687499999999785,0.0,0.0155,1,0.0,,
sun3d-home_at-home_at_scan1_2013_jan_1,3,26,0.14297911977023986,"[0.00,0.15)",0.015624999999999938,0.0,0.0005,1,0.0,,
sun3d-home_at-home_at_scan1_2013_jan_1,3,29,0.23441744935185904,"[0.20,0.25)",0.3085937499999988,0.0,0.039,1,0.0,,
sun3d-home_at-home_at_scan1_2013_jan_1,3,30,0.33586897461771326,"[0.30,1.00]",0.1992187499999992,1.0,0.0665,1,0.0,,
sun3d-home_at-home_at_scan1_2013_jan_1,3,32,0.242800589924707,"[0.20,0.25)",0.20703124999999917,1.0,0.0665,1,0.0,,
sun3d-home_at-home_at_scan1_2013_jan_1,3,33,0.43274082123728946,"[0.30,1.00]",0.5664062499999978,1.0,0.4975,1,1.0,1.5752010353429122,0.029978815466165543
sun3d-home_at-home_at_scan1_2013_jan_1,3,34,0.3644337499029729,"[0.30,1.00]",0.21093749999999917,1.0,0.1755,1,1.0,1.6197916198528408,0.07426711916923523
sun3d-home_at-home_at_scan1_2013_jan_1,3,35,0.2958161918807731,"[0.25,0.30)",0.41796874999999833,1.0,0.336,1,1.0,3.352519872520945,0.1299828737974167
sun3d-home_at-home_at_scan1_2013_jan_1,3,36,0.35325622913917565,"[0.30,1.00]",0.499999999999998,1.0,0.464,1,1.0,1.8878224670920045,0.04652049019932747
sun3d-home_at-home_at_scan1_2013_jan_1,3,37,0.33579135294574247,"[0.30,1.00]",0.507812499999998,1.0,0.4845,1,1.0,1.609124707717104,0.007877140305936337
sun3d-home_at-home_at_scan1_2013_jan_1,3,38,0.2650780097803307,"[0.25,0.30)",0.742187499999997,1.0,0.668,1,1.0,2.3081712123142286,0.019235681742429733
sun3d-home_at-home_at_scan1_2013_jan_1,3,40,0.15726150741286968,"[0.15,0.20)",0.4062499999999984,1.0,0.4,1,1.0,2.4592539076551674,0.04987025633454323
sun3d-home_at-home_at_scan1_2013_jan_1,3,41,0.33633470464953813,"[0.30,1.00]",0.6328124999999974,1.0,0.5845,1,1.0,1.064224342922373,0.03849618881940842
sun3d-home_at-home_at_scan1_2013_jan_1,3,42,0.26399130637273927,"[0.25,0.30)",0.25781249999999895,1.0,0.1515,1,1.0,12.612272764228763,0.187077134847641
sun3d-home_at-home_at_scan1_2013_jan_1,3,44,0.17798649382907708,"[0.15,0.20)",0.5156249999999979,1.0,0.383,1,1.0,0.6348900436663847,0.03996904939413071
sun3d-home_at-home_at_scan1_2013_jan_1,3,45,0.1911821780641155,"[0.15,0.20)",0.499999999999998,1.0,0.4035,1,1.0,1.8213417467153568,0.04323466867208481
sun3d-home_at-home_at_scan1_2013_jan_1,3,46,0.19087169137623225,"[0.15,0.20)",0.2773437499999989,1.0,0.1995,1,1.0,4.059460353773655,0.14642025530338287
sun3d-home_at-home_at_scan1_2013_jan_1,3,48,0.4450826670806489,"[0.30,1.00]",0.023437499999999906,0.0,0.013,1,0.0,,
sun3d-home_at-home_at_scan1_2013_jan_1,3,49,0.264922766436389,"[0.25,0.30)",0.06249999999999975,1.0,0.056,1,0.0,,
sun3d-home_at-home_at_scan1_2013_jan_1,40,42,0.3421656869948567,"[0.30,1.00]",0.8515624999999966,1.0,0.663,1,1.0,1.037408881016954,0.035157784819602966
sun3d-home_at-home_at_scan1_2013_jan_1,40,43,0.16646767083027186,"[0.15,0.20)",0.6523437499999974,1.0,0.4525,1,1.0,4.7444165506601585,0.06569070369005203
sun3d-home_at-home_at_scan1_2013_jan_1,40,44,0.19737325495958855,"[0.15,0.20)",0.5507812499999978,1.0,0.323,1,1.0,0.4949555509769033,0.05201522633433342
sun3d-home_at-home_at_scan1_2013_jan_1,40,45,0.20403196179279942,"[0.20,0.25)",0.4687499999999981,1.0,0.2945,1,1.0,5.4262864200244545,0.07632147520780563
sun3d-home_at-home_at_scan1_2013_jan_1,40,46,0.2669452608376194,"[0.25,0.30)",0.8124999999999968,1.0,0.6275,1,1.0,1.1859720984802329,0.04947732388973236
sun3d-home_at-home_at_scan1_2013_jan_1,40,47,0.23108008817046288,"[0.20,0.25)",0.8320312499999967,1.0,0.553,1,1.0,3.3886492978623557,0.1363210380077362
sun3d-home_at-home_at_scan1_2013_jan_1,40,48,0.14975202057310802,"[0.00,0.15)",0.5468749999999978,1.0,0.491,1,1.0,2.2952460671798938,0.08227241039276123
sun3d-home_at-home_at_scan1_2013_jan_1,41,43,0.28070278184480235,"[0.25,0.30)",0.6757812499999973,1.0,0.4935,1,1.0,2.606393295655073,0.061195939779281616
sun3d-home_at-home_at_scan1_2013_jan_1,41,44,0.33118594436310395,"[0.30,1.00]",0.6640624999999973,1.0,0.441,1,1.0,2.1428364269925293,0.10118893533945084
sun3d-home_at-home_at_scan1_2013_jan_1,41,45,0.3428404099560761,"[0.30,1.00]",0.7070312499999972,1.0,0.449,1,1.0,3.0046560351870677,0.12840457260608673
sun3d-home_at-home_at_scan1_2013_jan_1,43,48,0.1607233640787276,"[0.15,0.20)",0.0,0.0,0.0,1,0.0,,
sun3d-home_at-home_at_scan1_2013_jan_1,44,48,0.13317917630148116,"[0.00,0.15)",0.0,0.0,0.0,1,0.0,,
sun3d-home_at-home_at_scan1_2013_jan_1,46,48,0.33672308348741287,"[0.30,1.00]",0.6757812499999973,1.0,0.608,1,1.0,1.0032720484032422,0.03976744785904884
sun3d-home_at-home_at_scan1_2013_jan_1,47,49,0.23378179639413912,"[0.20,0.25)",0.7304687499999971,1.0,0.6605,1,1.0,1.1716962561291828,0.043079789727926254
sun3d-home_at-home_at_scan1_2013_jan_1,48,50,0.37853356890459366,"[0.30,1.00]",0.9179687499999963,1.0,0.84,1,1.0,2.509206597116668,0.06687303632497787
sun3d-home_at-home_at_scan1_2013_jan_1,48,51,0.16249509226541028,"[0.15,0.20)",0.5507812499999978,1.0,0.4655,1,1.0,1.362574498508327,0.03711427375674248
sun3d-home_at-home_at_scan1_2013_jan_1,49,52,0.3018191747158606,"[0.30,1.00]",0.6015624999999976,1.0,0.326,1,1.0,5.637707109914075,0.1175793707370758
sun3d-home_at-home_at_scan1_2013_jan_1,49,53,0.2762210314345199,"[0.25,0.30)",0.4765624999999981,1.0,0.251,1,0.0,,
sun3d-home_at-home_at_scan1_2013_jan_1,49,54,0.33325369466534693,"[0.30,1.00]",0.39062499999999845,1.0,0.198,1,0.0,,
sun3d-home_at-home_at_scan1_2013_jan_1,49,55,0.5421004129833783,"[0.30,1.00]",0.6093749999999976,1.0,0.4355,1,1.0,1.6791135867249496,0.04627136513590813
sun3d-home_at-home_at_scan1_2013_jan_1,49,56,0.2248199597255879,"[0.20,0.25)",0.35546874999999856,1.0,0.2165,1,0.0,,
sun3d-home_at-home_at_scan1_2013_jan_1,4,24,0.26366919915307013,"[0.25,0.30)",0.16406249999999933,0.0,0.0145,1,0.0,,
sun3d-home_at-home_at_scan1_2013_jan_1,4,25,0.25370531822144726,"[0.25,0.30)",0.1718749999999993,0.0,0.047,1,0.0,,
sun3d-home_at-home_at_scan1_2013_jan_1,4,26,0.20538049570307634,"[0.20,0.25)",0.11328124999999954,0.0,0.027,1,0.0,,
sun3d-home_at-home_at_scan1_2013_jan_1,4,29,0.2772449869224063,"[0.25,0.30)",0.3007812499999988,0.0,0.0485,1,0.0,,
sun3d-home_at-home_at_scan1_2013_jan_1,4,30,0.3288080707435546,"[0.30,1.00]",0.24218749999999903,0.0,0.0365,1,0.0,,
sun3d-home_at-home_at_scan1_2013_jan_1,4,31,0.2520239133142359,"[0.25,0.30)",0.23828124999999906,0.0,0.043,1,0.0,,
sun3d-home_at-home_at_scan1_2013_jan_1,4,32,0.20793374019180472,"[0.20,0.25)",0.17968749999999928,1.0,0.0535,1,0.0,,
sun3d-home_at-home_at_scan1_2013_jan_1,4,42,0.3196537551376261,"[0.30,1.00]",0.18359374999999928,1.0,0.1095,1,0.0,,
sun3d-home_at-home_at_scan1_2013_jan_1,4,44,0.3813052684020426,"[0.30,1.00]",0.5898437499999977,1.0,0.407,1,1.0,2.7867070967849514,0.08258526772260666
sun3d-home_at-home_at_scan1_2013_jan_1,4,45,0.4258313613152323,"[0.30,1.00]",0.5820312499999977,1.0,0.3695,1,1.0,3.1157100478745527,0.08303237706422806
sun3d-home_at-home_at_scan1_2013_jan_1,4,47,0.2475401668950056,"[0.20,0.25)",0.2734374999999989,1.0,0.084,1,0.0,,
sun3d-home_at-home_at_scan1_2013_jan_1,4,8,0.26354465064142485,"[0.25,0.30)",0.3437499999999986,1.0,0.1345,1,1.0,2.2389581428529857,0.10200247913599014
sun3d-home_at-home_at_scan1_2013_jan_1,50,52,0.3031205624632009,"[0.30,1.00]",0.3749999999999985,1.0,0.1745,1,1.0,4.561108940133308,0.060658328235149384
sun3d-home_at-home_at_scan1_2013_jan_1,50,53,0.3195372839677207,"[0.30,1.00]",0.5273437499999979,1.0,0.3125,1,1.0,18.612794172518065,0.4073165953159332
sun3d-home_at-home_at_scan1_2013_jan_1,50,54,0.41595954698160914,"[0.30,1.00]",0.3476562499999986,1.0,0.263,1,1.0,8.159377810373492,0.15994203090667725
sun3d-home_at-home_at_scan1_2013_jan_1,50,55,0.5292487791362173,"[0.30,1.00]",0.6718749999999973,1.0,0.506,1,1.0,0.9147157243063082,0.03436683863401413
sun3d-home_at-home_at_scan1_2013_jan_1,50,56,0.26606171856059296,"[0.25,0.30)",0.4374999999999983,1.0,0.278,1,1.0,9.032092013686693,0.3157462477684021
sun3d-home_at-home_at_scan1_2013_jan_1,50,57,0.21646520971149516,"[0.20,0.25)",0.6210937499999976,1.0,0.352,1,1.0,2.4113523776084094,0.09464696049690247
sun3d-home_at-home_at_scan1_2013_jan_1,50,58,0.269074914279777,"[0.25,0.30)",0.6835937499999972,1.0,0.46,1,0.0,,
sun3d-home_at-home_at_scan1_2013_jan_1,51,52,0.40414507772020725,"[0.30,1.00]",0.3984374999999984,1.0,0.2395,0,,,
sun3d-home_at-home_at_scan1_2013_jan_1,51,53,0.2894967945903223,"[0.25,0.30)",0.4374999999999983,1.0,0.198,1,1.0,24.308576558621056,0.49094223976135254
sun3d-home_at-home_at_scan1_2013_jan_1,51,54,0.47202950733292354,"[0.30,1.00]",0.5820312499999977,1.0,0.437,1,1.0,2.3259102223642585,0.040332406759262085
sun3d-home_at-home_at_scan1_2013_jan_1,51,57,0.222929656625977,"[0.20,0.25)",0.5273437499999979,1.0,0.3205,1,0.0,,
sun3d-home_at-home_at_scan1_2013_jan_1,51,58,0.23777114253095635,"[0.20,0.25)",0.5976562499999976,1.0,0.3625,1,1.0,7.862921582484808,0.2605092525482178
sun3d-home_at-home_at_scan1_2013_jan_1,52,57,0.22684780415629835,"[0.20,0.25)",0.17968749999999928,1.0,0.0945,1,0.0,,
sun3d-home_at-home_at_scan1_2013_jan_1,52,58,0.2310848073172372,"[0.20,0.25)",0.4023437499999984,1.0,0.18,1,1.0,7.369531962844296,0.23073989152908325
sun3d-home_at-home_at_scan1_2013_jan_1,53,57,0.3377310311284047,"[0.30,1.00]",0.7265624999999971,1.0,0.556,1,1.0,2.4579801472166696,0.07536137104034424
sun3d-home_at-home_at_scan1_2013_jan_1,54,56,0.2427030456852792,"[0.20,0.25)",0.8203124999999967,1.0,0.6505,1,1.0,0.6829963477564674,0.036782972514629364
sun3d-home_at-home_at_scan1_2013_jan_1,54,57,0.24373413705583757,"[0.20,0.25)",0.7851562499999969,1.0,0.6235,1,1.0,2.705011624088076,0.06301507353782654
sun3d-home_at-home_at_scan1_2013_jan_1,54,58,0.24547906091370558,"[0.20,0.25)",0.7070312499999972,1.0,0.5635,1,1.0,4.344875496729204,0.09932784736156464
sun3d-home_at-home_at_scan1_2013_jan_1,55,56,0.33547686990072745,"[0.30,1.00]",0.8789062499999964,1.0,0.76,0,,,
sun3d-home_at-home_at_scan1_2013_jan_1,55,58,0.23833447208713476,"[0.20,0.25)",0.7968749999999968,1.0,0.654,1,1.0,1.9274229460442525,0.06758887320756912
sun3d-home_at-home_at_scan1_2013_jan_1,57,59,0.245232713151336,"[0.20,0.25)",0.6132812499999976,1.0,0.547,1,1.0,3.2056457396718763,0.055486418306827545
sun3d-home_at-home_at_scan1_2013_jan_1,5,11,0.20356644107852614,"[0.20,0.25)",0.14062499999999944,1.0,0.075,1,0.0,,
sun3d-home_at-home_at_scan1_2013_jan_1,5,15,0.3055645074658932,"[0.30,1.00]",0.26953124999999895,1.0,0.1585,1,0.0,,
sun3d-home_at-home_at_scan1_2013_jan_1,5,40,0.16521645719196476,"[0.15,0.20)",0.39453124999999845,1.0,0.233,1,1.0,5.773735063641479,0.12948384881019592
sun3d-home_at-home_at_scan1_2013_jan_1,5,6,0.1781609195402299,"[0.15,0.20)",0.5195312499999979,1.0,0.4175,0,,,
sun3d-home_at-home_at_scan1_2013_jan_1,6,10,0.20737569475739823,"[0.20,0.25)",0.007812499999999969,0.0,0.002,1,0.0,,
sun3d-home_at-home_at_scan1_2013_jan_1,6,24,0.33513594712332884,"[0.30,1.00]",0.18359374999999928,0.0,0.038,1,0.0,,
sun3d-home_at-home_at_scan1_2013_jan_1,6,25,0.3412197686645636,"[0.30,1.00]",0.18359374999999928,0.0,0.0395,1,0.0,,
sun3d-home_at-home_at_scan1_2013_jan_1,6,26,0.26566020730058587,"[0.25,0.30)",0.19140624999999922,1.0,0.0745,1,0.0,,
sun3d-home_at-home_at_scan1_2013_jan_1,6,29,0.3651795102899204,"[0.30,1.00]",0.3085937499999988,1.0,0.1185,1,0.0,,
sun3d-home_at-home_at_scan1_2013_jan_1,6,30,0.42226228030644436,"[0.30,1.00]",0.3007812499999988,1.0,0.0555,1,0.0,,
sun3d-home_at-home_at_scan1_2013_jan_1,6,31,0.2833108006609584,"[0.25,0.30)",0.09765624999999961,0.0,0.0115,1,0.0,,
sun3d-home_at-home_at_scan1_2013_jan_1,6,42,0.33385909568874866,"[0.30,1.00]",0.06640624999999974,0.0,0.031,1,0.0,,
sun3d-home_at-home_at_scan1_2013_jan_1,6,43,0.36134895598617994,"[0.30,1.00]",0.2031249999999992,1.0,0.0965,1,0.0,,
sun3d-home_at-home_at_scan1_2013_jan_1,6,44,0.46875469430674477,"[0.30,1.00]",0.4492187499999982,1.0,0.292,1,1.0,3.6008699300579434,0.15852007269859314
sun3d-home_at-home_at_scan1_2013_jan_1,6,45,0.5217064743878624,"[0.30,1.00]",0.39062499999999845,1.0,0.2105,1,1.0,3.8960135381576064,0.11213669180870056
sun3d-home_at-home_at_scan1_2013_jan_1,6,46,0.26603575184016826,"[0.25,0.30)",0.14062499999999944,1.0,0.11,1,0.0,,
sun3d-home_at-home_at_scan1_2013_jan_1,6,47,0.30201291873216163,"[0.30,1.00]",0.1562499999999994,1.0,0.066,1,0.0,,
sun3d-home_at-home_at_scan1_2013_jan_1,6,8,0.34542586750788645,"[0.30,1.00]",0.28515624999999883,1.0,0.144,1,1.0,7.416826143013727,0.2610551416873932
sun3d-home_at-home_at_scan1_2013_jan_1,6,9,0.25619648490310953,"[0.25,0.30)",0.1562499999999994,1.0,0.131,1,0.0,,
sun3d-home_at-home_at_scan1_2013_jan_1,7,10,0.2533112582781457,"[0.25,0.30)",0.4335937499999983,1.0,0.322,1,1.0,0.5496522344246391,0.061476148664951324
sun3d-home_at-home_at_scan1_2013_jan_1,7,24,0.3723006046645551,"[0.30,1.00]",0.3046874999999988,1.0,0.1375,1,0.0,,
sun3d-home_at-home_at_scan1_2013_jan_1,7,25,0.3507774258566081,"[0.30,1.00]",0.21093749999999917,1.0,0.064,1,0.0,,
sun3d-home_at-home_at_scan1_2013_jan_1,7,26,0.30737114886265476,"[0.30,1.00]",0.24218749999999903,1.0,0.121,1,0.0,,
sun3d-home_at-home_at_scan1_2013_jan_1,7,28,0.21595162683558883,"[0.20,0.25)",0.249999999999999,1.0,0.108,1,0.0,,
sun3d-home_at-home_at_scan1_2013_jan_1,7,29,0.4231932047221422,"[0.30,1.00]",0.3476562499999986,1.0,0.1555,1,0.0,,
sun3d-home_at-home_at_scan1_2013_jan_1,7,30,0.3863374604088684,"[0.30,1.00]",0.29687499999999883,1.0,0.086,1,0.0,,
sun3d-home_at-home_at_scan1_2013_jan_1,7,31,0.20738554563777714,"[0.20,0.25)",0.249999999999999,1.0,0.0865,1,0.0,,
sun3d-home_at-home_at_scan1_2013_jan_1,7,43,0.3263029081485747,"[0.30,1.00]",0.5312499999999979,1.0,0.4055,1,1.0,3.7049647376325363,0.13916724920272827
sun3d-home_at-home_at_scan1_2013_jan_1,7,44,0.3463144255686726,"[0.30,1.00]",0.6445312499999974,1.0,0.508,1,1.0,1.8279915215553926,0.09295685589313507
sun3d-home_at-home_at_scan1_2013_jan_1,7,45,0.38237834725021597,"[0.30,1.00]",0.6484374999999974,1.0,0.449,1,1.0,2.7848801710109052,0.14187680184841156
sun3d-home_at-home_at_scan1_2013_jan_1,7,47,0.18067952778577598,"[0.15,0.20)",0.41406249999999833,1.0,0.223,1,1.0,3.788272180539634,0.07819385826587677
sun3d-home_at-home_at_scan1_2013_jan_1,7,9,0.37050100777425854,"[0.30,1.00]",0.5273437499999979,1.0,0.444,1,1.0,2.6231616104230584,0.055285096168518066
sun3d-home_at-home_at_scan1_2013_jan_1,8,11,0.14617910712700807,"[0.00,0.15)",0.09765624999999961,0.0,0.0095,1,0.0,,
sun3d-home_at-home_at_scan1_2013_jan_1,8,25,0.3719712434543357,"[0.30,1.00]",0.36328124999999856,1.0,0.2135,1,0.0,,
sun3d-home_at-home_at_scan1_2013_jan_1,8,30,0.38590574243365583,"[0.30,1.00]",0.3007812499999988,1.0,0.14,1,0.0,,
sun3d-home_at-home_at_scan1_2013_jan_1,8,44,0.23866157805982072,"[0.20,0.25)",0.23437499999999906,1.0,0.1465,1,1.0,3.307247678835941,0.0828990489244461
sun3d-home_at-home_at_scan1_2013_jan_1,8,45,0.29377829058311883,"[0.25,0.30)",0.3007812499999988,1.0,0.195,1,1.0,4.2465775366344065,0.10235659033060074
sun3d-home_at-home_at_scan1_2013_jan_1,9,11,0.25051475634866166,"[0.25,0.30)",0.7304687499999971,1.0,0.5815,1,1.0,0.2654081917510314,0.009168273769319057
sun3d-home_at-home_at_scan1_2013_jan_1,9,24,0.27842598947609243,"[0.25,0.30)",0.4687499999999981,1.0,0.299,1,0.0,,
sun3d-home_at-home_at_scan1_2013_jan_1,9,26,0.2639556165637154,"[0.25,0.30)",0.3437499999999986,1.0,0.2,1,0.0,,
sun3d-home_at-home_at_scan1_2013_jan_1,9,28,0.35861358956760464,"[0.30,1.00]",0.41406249999999833,1.0,0.1745,1,0.0,,
sun3d-home_at-home_at_scan1_2013_jan_1,9,29,0.39293067947838023,"[0.30,1.00]",0.39062499999999845,1.0,0.2355,1,0.0,,
sun3d-home_at-home_at_scan1_2013_jan_1,9,30,0.23089681994966826,"[0.20,0.25)",0.2734374999999989,1.0,0.102,1,0.0,,
sun3d-home_at-home_at_scan1_2013_jan_1,9,43,0.2167124227865477,"[0.20,0.25)",0.6445312499999974,1.0,0.538,1,1.0,3.046068378308042,0.07996903359889984
sun3d-home_at-home_at_scan1_2013_jan_1,9,44,0.25326012354152366,"[0.25,0.30)",0.5820312499999977,1.0,0.4465,1,1.0,2.61628762056323,0.07193280011415482
sun3d-home_at-home_at_scan1_2013_jan_1,9,45,0.2824868451155342,"[0.25,0.30)",0.7070312499999972,1.0,0.5295,1,1.0,2.2800169511114268,0.07517458498477936
sun3d-home_md-home_md_scan9_2012_sep_30,0,1,0.48313417699193084,"[0.30,1.00]",0.5781249999999977,1.0,0.2385,0,,,
sun3d-home_md-home_md_scan9_2012_sep_30,0,51,0.27787821332510254,"[0.25,0.30)",0.29296874999999883,1.0,0.321,1,1.0,5.494903302641886,0.18842506408691406
sun3d-home_md-home_md_scan9_2012_sep_30,0,52,0.2810529564795626,"[0.25,0.30)",0.21093749999999917,1.0,0.235,1,1.0,5.52258048367867,0.13516134023666382
sun3d-home_md-home_md_scan9_2012_sep_30,0,53,0.24793862163234712,"[0.20,0.25)",0.5624999999999978,1.0,0.517,1,1.0,6.262970491675519,0.11183317750692368
sun3d-home_md-home_md_scan9_2012_sep_30,0,54,0.2937960227523259,"[0.25,0.30)",0.496093749999998,1.0,0.457,1,1.0,4.745902738217196,0.0777827650308609
sun3d-home_md-home_md_scan9_2012_sep_30,0,55,0.30680365095462764,"[0.30,1.00]",0.753906249999997,1.0,0.579,1,1.0,5.196972106479393,0.09686781466007233
sun3d-home_md-home_md_scan9_2012_sep_30,0,56,0.2666343313197231,"[0.25,0.30)",0.5585937499999978,1.0,0.3655,1,1.0,5.769659967995343,0.11250671744346619
sun3d-home_md-home_md_scan9_2012_sep_30,0,57,0.32272146038185107,"[0.30,1.00]",0.742187499999997,1.0,0.572,1,1.0,6.406217371946531,0.18086692690849304
sun3d-home_md-home_md_scan9_2012_sep_30,0,58,0.43370518982318446,"[0.30,1.00]",0.8476562499999966,1.0,0.715,1,1.0,6.160456979068543,0.1982392817735672
sun3d-home_md-home_md_scan9_2012_sep_30,0,59,0.2772609021561797,"[0.25,0.30)",0.5507812499999978,1.0,0.532,1,1.0,6.5807019389863735,0.17815648019313812
sun3d-home_md-home_md_scan9_2012_sep_30,10,32,0.33010654141367857,"[0.30,1.00]",0.28906249999999883,1.0,0.1725,1,1.0,2.146486722383227,0.17451678216457367
sun3d-home_md-home_md_scan9_2012_sep_30,10,33,0.35788750143200826,"[0.30,1.00]",0.3164062499999987,1.0,0.1595,1,0.0,,
sun3d-home_md-home_md_scan9_2012_sep_30,10,35,0.3800549891167373,"[0.30,1.00]",0.507812499999998,1.0,0.1935,1,1.0,3.315052486398714,0.04397445172071457
sun3d-home_md-home_md_scan9_2012_sep_30,10,36,0.309371061977317,"[0.30,1.00]",0.6914062499999972,1.0,0.3755,1,1.0,1.9100834546921295,0.03081338107585907
sun3d-home_md-home_md_scan9_2012_sep_30,11,32,0.32744456561250457,"[0.30,1.00]",0.11718749999999953,0.0,0.0155,1,0.0,,
sun3d-home_md-home_md_scan9_2012_sep_30,11,33,0.2836786623046165,"[0.25,0.30)",0.06640624999999974,0.0,0.004,1,0.0,,
sun3d-home_md-home_md_scan9_2012_sep_30,11,35,0.21344965467102872,"[0.20,0.25)",0.28515624999999883,1.0,0.067,1,1.0,7.947396514927993,0.16716252267360687
sun3d-home_md-home_md_scan9_2012_sep_30,11,36,0.20319883678662304,"[0.20,0.25)",0.3984374999999984,1.0,0.1725,1,1.0,8.352541245937427,0.0844634398818016
sun3d-home_md-home_md_scan9_2012_sep_30,12,13,0.3782775312626059,"[0.30,1.00]",0.38281249999999845,1.0,0.2505,0,,,
sun3d-home_md-home_md_scan9_2012_sep_30,12,14,0.15853166599435256,"[0.15,0.20)",0.007812499999999969,0.0,0.002,1,0.0,,
sun3d-home_md-home_md_scan9_2012_sep_30,12,32,0.32946752722872125,"[0.30,1.00]",0.031249999999999875,0.0,0.002,1,0.0,,
sun3d-home_md-home_md_scan9_2012_sep_30,12,33,0.36789027833803956,"[0.30,1.00]",0.023437499999999906,0.0,0.0115,1,0.0,,
sun3d-home_md-home_md_scan9_2012_sep_30,12,35,0.27117789431222267,"[0.25,0.30)",0.21874999999999914,1.0,0.1205,1,1.0,8.583435177329505,0.1610850691795349
sun3d-home_md-home_md_scan9_2012_sep_30,13,17,0.33863734992043976,"[0.30,1.00]",0.5468749999999978,1.0,0.431,1,1.0,3.079051918863157,0.06653543561697006
sun3d-home_md-home_md_scan9_2012_sep_30,13,18,0.3721973094170404,"[0.30,1.00]",0.6874999999999972,1.0,0.639,1,1.0,2.1671760605042745,0.05165452882647514
sun3d-home_md-home_md_scan9_2012_sep_30,13,19,0.3303196875452047,"[0.30,1.00]",0.5976562499999976,1.0,0.5655,1,1.0,2.6572650275802356,0.04602020978927612
sun3d-home_md-home_md_scan9_2012_sep_30,13,23,0.22023723419644148,"[0.20,0.25)",0.23046874999999908,1.0,0.171,1,1.0,3.6545201129502125,0.02042599953711033
sun3d-home_md-home_md_scan9_2012_sep_30,13,54,0.36706205699406913,"[0.30,1.00]",0.5312499999999979,1.0,0.4675,1,1.0,4.594399007651548,0.17820721864700317
sun3d-home_md-home_md_scan9_2012_sep_30,13,55,0.4009113264863301,"[0.30,1.00]",0.6992187499999972,1.0,0.602,1,1.0,3.8020997144344215,0.14184929430484772
sun3d-home_md-home_md_scan9_2012_sep_30,13,56,0.3574424996383625,"[0.30,1.00]",0.6406249999999974,1.0,0.5135,1,1.0,4.297192317011369,0.1641870141029358
sun3d-home_md-home_md_scan9_2012_sep_30,13,57,0.36236076956458846,"[0.30,1.00]",0.6249999999999976,1.0,0.4745,1,1.0,5.816419174051938,0.2400618940591812
sun3d-home_md-home_md_scan9_2012_sep_30,13,58,0.35143931722841026,"[0.30,1.00]",0.5156249999999979,1.0,0.3695,1,0.0,,
sun3d-home_md-home_md_scan9_2012_sep_30,14,17,0.2036600734206345,"[0.20,0.25)",0.5937499999999977,1.0,0.487,1,1.0,1.0355209137632917,0.016105491667985916
sun3d-home_md-home_md_scan9_2012_sep_30,14,18,0.2522053586104871,"[0.25,0.30)",0.742187499999997,1.0,0.695,1,1.0,1.0290759197037276,0.015517217107117176
sun3d-home_md-home_md_scan9_2012_sep_30,14,19,0.2271656347597392,"[0.20,0.25)",0.6523437499999974,1.0,0.6325,1,1.0,0.7574392912627234,0.02461041323840618
sun3d-home_md-home_md_scan9_2012_sep_30,14,23,0.2355487370555038,"[0.20,0.25)",0.38281249999999845,1.0,0.2845,1,1.0,2.499828367516128,0.029965639114379883
sun3d-home_md-home_md_scan9_2012_sep_30,14,24,0.34480302449180866,"[0.30,1.00]",0.757812499999997,1.0,0.5845,1,1.0,2.540987901524954,0.03114449605345726
sun3d-home_md-home_md_scan9_2012_sep_30,14,25,0.22420689277299874,"[0.20,0.25)",0.3710937499999985,1.0,0.3225,1,1.0,3.8921917556479255,0.04765363782644272
sun3d-home_md-home_md_scan9_2012_sep_30,14,54,0.28491589501945097,"[0.25,0.30)",0.45312499999999817,1.0,0.3355,1,1.0,2.3616517610906578,0.07210206240415573
sun3d-home_md-home_md_scan9_2012_sep_30,14,55,0.3397074132924223,"[0.30,1.00]",0.7812499999999969,1.0,0.6,1,1.0,1.2756422493428021,0.0568014420568943
sun3d-home_md-home_md_scan9_2012_sep_30,14,56,0.3215166292257958,"[0.30,1.00]",0.6484374999999974,1.0,0.495,1,1.0,0.8113239687416207,0.022079499438405037
sun3d-home_md-home_md_scan9_2012_sep_30,14,57,0.30869541394992056,"[0.30,1.00]",0.507812499999998,1.0,0.37,1,1.0,4.544588160924171,0.22880519926548004
sun3d-home_md-home_md_scan9_2012_sep_30,14,58,0.2897375486274725,"[0.25,0.30)",0.33593749999999867,1.0,0.213,1,1.0,2.7744578516839336,0.08921431005001068
sun3d-home_md-home_md_scan9_2012_sep_30,15,17,0.2416452442159383,"[0.20,0.25)",0.6796874999999973,1.0,0.601,1,1.0,1.5303345524324348,0.028058677911758423
sun3d-home_md-home_md_scan9_2012_sep_30,15,18,0.2685089974293059,"[0.25,0.30)",0.7343749999999971,1.0,0.7295,1,1.0,0.625575655219384,0.010251305066049099
sun3d-home_md-home_md_scan9_2012_sep_30,15,19,0.25089974293059125,"[0.25,0.30)",0.6640624999999973,1.0,0.6535,1,1.0,1.1589340572278934,0.016796736046671867
sun3d-home_md-home_md_scan9_2012_sep_30,15,23,0.26053984575835476,"[0.25,0.30)",0.5898437499999977,1.0,0.5135,1,1.0,2.8288161927315905,0.037773795425891876
sun3d-home_md-home_md_scan9_2012_sep_30,15,24,0.38888174807197945,"[0.30,1.00]",0.7734374999999969,1.0,0.706,1,1.0,2.381623525166005,0.031044527888298035
sun3d-home_md-home_md_scan9_2012_sep_30,15,25,0.25411311053984575,"[0.25,0.30)",0.26171874999999895,1.0,0.2145,1,1.0,4.735986031991118,0.03835204616189003
sun3d-home_md-home_md_scan9_2012_sep_30,15,54,0.29967866323907455,"[0.25,0.30)",0.6015624999999976,1.0,0.4655,1,1.0,2.15685618731128,0.0747566670179367
sun3d-home_md-home_md_scan9_2012_sep_30,15,55,0.34177377892030847,"[0.30,1.00]",0.7812499999999969,1.0,0.5675,1,1.0,1.6556398115646465,0.07897397875785828
sun3d-home_md-home_md_scan9_2012_sep_30,15,56,0.350706940874036,"[0.30,1.00]",0.761718749999997,1.0,0.5705,1,1.0,1.805152294539046,0.08011405169963837
sun3d-home_md-home_md_scan9_2012_sep_30,15,57,0.3210796915167095,"[0.30,1.00]",0.753906249999997,1.0,0.5555,1,1.0,4.317744166056112,0.1886112093925476
sun3d-home_md-home_md_scan9_2012_sep_30,15,58,0.2989074550128535,"[0.25,0.30)",0.5781249999999977,1.0,0.4305,1,1.0,2.9117470467177604,0.14208172261714935
sun3d-home_md-home_md_scan9_2012_sep_30,16,17,0.3834994732150093,"[0.30,1.00]",0.7929687499999968,1.0,0.702,0,,,
sun3d-home_md-home_md_scan9_2012_sep_30,16,19,0.34168084933949266,"[0.30,1.00]",0.742187499999997,1.0,0.678,1,1.0,1.677247771069125,0.01750664785504341
sun3d-home_md-home_md_scan9_2012_sep_30,16,20,0.20285274333414377,"[0.20,0.25)",0.4414062499999982,1.0,0.346,1,1.0,0.7843453826380878,0.013019051402807236
sun3d-home_md-home_md_scan9_2012_sep_30,16,21,0.17359591539022612,"[0.15,0.20)",0.23046874999999908,1.0,0.2015,1,1.0,3.8698903845240427,0.05126812309026718
sun3d-home_md-home_md_scan9_2012_sep_30,16,22,0.22805737904206175,"[0.20,0.25)",0.4414062499999982,1.0,0.2855,1,1.0,5.060511844231672,0.05587383359670639
sun3d-home_md-home_md_scan9_2012_sep_30,16,23,0.337871788637653,"[0.30,1.00]",0.5351562499999979,1.0,0.4875,1,1.0,1.6183411798968044,0.019663361832499504
sun3d-home_md-home_md_scan9_2012_sep_30,16,25,0.23170435205446147,"[0.20,0.25)",0.10546874999999958,1.0,0.087,1,1.0,10.581393898887335,0.13461244106292725
sun3d-home_md-home_md_scan9_2012_sep_30,16,54,0.4262906232271659,"[0.30,1.00]",0.7031249999999972,1.0,0.5575,1,1.0,1.2707238902441518,0.05893287435173988
sun3d-home_md-home_md_scan9_2012_sep_30,16,58,0.4227246940594862,"[0.30,1.00]",0.6757812499999973,1.0,0.4755,1,1.0,1.4537382300513884,0.09446358680725098
sun3d-home_md-home_md_scan9_2012_sep_30,17,23,0.31460134486071084,"[0.30,1.00]",0.22656249999999908,1.0,0.2515,1,1.0,4.301929741152017,0.05744020640850067
sun3d-home_md-home_md_scan9_2012_sep_30,17,34,0.24687800192122958,"[0.20,0.25)",0.1523437499999994,1.0,0.1075,1,1.0,5.877965875298399,0.14713263511657715
sun3d-home_md-home_md_scan9_2012_sep_30,18,24,0.2716283479497511,"[0.25,0.30)",0.22656249999999908,1.0,0.2155,1,1.0,7.076178248620498,0.07710865885019302
sun3d-home_md-home_md_scan9_2012_sep_30,18,59,0.5233467646361697,"[0.30,1.00]",0.25781249999999895,1.0,0.1315,1,1.0,3.6232034994354607,0.2028234601020813
sun3d-home_md-home_md_scan9_2012_sep_30,19,21,0.3461026868848098,"[0.30,1.00]",0.19140624999999922,1.0,0.1745,1,1.0,3.1761964331652117,0.04424718767404556
sun3d-home_md-home_md_scan9_2012_sep_30,19,24,0.3115190210162277,"[0.30,1.00]",0.19531249999999922,1.0,0.181,1,1.0,7.050238199454477,0.03758300468325615
sun3d-home_md-home_md_scan9_2012_sep_30,19,59,0.5841979249800479,"[0.30,1.00]",0.3007812499999988,1.0,0.178,1,0.0,,
sun3d-home_md-home_md_scan9_2012_sep_30,1,3,0.2497700275966884,"[0.20,0.25)",0.5859374999999977,1.0,0.4105,1,1.0,4.450166544761507,0.03624611347913742
sun3d-home_md-home_md_scan9_2012_sep_30,1,37,0.17253929528456585,"[0.15,0.20)",0.3789062499999985,1.0,0.1375,1,1.0,7.799912458384723,0.14128394424915314
sun3d-home_md-home_md_scan9_2012_sep_30,1,38,0.32172139343278805,"[0.30,1.00]",0.6914062499999972,1.0,0.504,1,1.0,0.9950465554268662,0.07739496231079102
sun3d-home_md-home_md_scan9_2012_sep_30,1,4,0.19789625244970604,"[0.15,0.20)",0.6054687499999976,1.0,0.4905,1,1.0,4.047672350027389,0.05620436742901802
sun3d-home_md-home_md_scan9_2012_sep_30,1,46,0.2536095668519778,"[0.25,0.30)",0.6601562499999973,1.0,0.566,1,1.0,0.47560109772331977,0.028142856433987617
sun3d-home_md-home_md_scan9_2012_sep_30,1,5,0.2688077430708315,"[0.25,0.30)",0.5937499999999977,1.0,0.422,1,1.0,4.769043864288321,0.06894533336162567
sun3d-home_md-home_md_scan9_2012_sep_30,1,6,0.23673159220893492,"[0.20,0.25)",0.4414062499999982,1.0,0.2115,1,1.0,5.0230508739870325,0.16676461696624756
sun3d-home_md-home_md_scan9_2012_sep_30,1,7,0.3999520057593089,"[0.30,1.00]",0.7656249999999969,1.0,0.547,1,1.0,2.367280672901158,0.04819989576935768
sun3d-home_md-home_md_scan9_2012_sep_30,1,8,0.2961644602647682,"[0.25,0.30)",0.7265624999999971,1.0,0.542,1,1.0,2.0019339857945426,0.07596088200807571
sun3d-home_md-home_md_scan9_2012_sep_30,20,23,0.3917525773195876,"[0.30,1.00]",0.2031249999999992,1.0,0.209,1,1.0,6.798811865860697,0.06912168115377426
sun3d-home_md-home_md_scan9_2012_sep_30,21,23,0.30619210141394443,"[0.30,1.00]",0.1015624999999996,1.0,0.0795,1,0.0,,
sun3d-home_md-home_md_scan9_2012_sep_30,21,34,0.2569478303266699,"[0.25,0.30)",0.058593749999999764,0.0,0.0305,1,0.0,,
sun3d-home_md-home_md_scan9_2012_sep_30,22,59,0.4151654796816087,"[0.30,1.00]",0.11718749999999953,0.0,0.0345,1,0.0,,
sun3d-home_md-home_md_scan9_2012_sep_30,23,25,0.21410090556274256,"[0.20,0.25)",0.0781249999999997,0.0,0.0165,1,0.0,,
sun3d-home_md-home_md_scan9_2012_sep_30,23,59,0.44663648124191463,"[0.30,1.00]",0.11328124999999954,0.0,0.038,1,0.0,,
sun3d-home_md-home_md_scan9_2012_sep_30,24,26,0.2702258726899384,"[0.25,0.30)",0.1015624999999996,1.0,0.125,1,1.0,3.7598399005853422,0.07276052236557007
sun3d-home_md-home_md_scan9_2012_sep_30,24,52,0.23983572895277208,"[0.20,0.25)",0.007812499999999969,0.0,0.002,1,0.0,,
sun3d-home_md-home_md_scan9_2012_sep_30,24,54,0.22012320328542095,"[0.20,0.25)",0.06249999999999975,0.0,0.0295,1,0.0,,
sun3d-home_md-home_md_scan9_2012_sep_30,24,55,0.2950718685831622,"[0.25,0.30)",0.17968749999999928,1.0,0.083,1,1.0,5.187915626411009,0.15647447109222412
sun3d-home_md-home_md_scan9_2012_sep_30,24,56,0.33347022587268993,"[0.30,1.00]",0.14062499999999944,1.0,0.102,1,0.0,,
sun3d-home_md-home_md_scan9_2012_sep_30,24,57,0.21724845995893224,"[0.20,0.25)",0.0039062499999999844,0.0,0.0005,1,0.0,,
sun3d-home_md-home_md_scan9_2012_sep_30,25,27,0.36678680343775993,"[0.30,1.00]",0.14062499999999944,1.0,0.1425,1,1.0,5.4542388774030455,0.09362141042947769
sun3d-home_md-home_md_scan9_2012_sep_30,25,52,0.43415580815081783,"[0.30,1.00]",0.031249999999999875,0.0,0.0085,1,0.0,,
sun3d-home_md-home_md_scan9_2012_sep_30,25,54,0.3021901857499307,"[0.30,1.00]",0.023437499999999906,0.0,0.025,1,0.0,,
sun3d-home_md-home_md_scan9_2012_sep_30,25,55,0.3956196285001386,"[0.30,1.00]",0.07031249999999972,1.0,0.0615,1,0.0,,
sun3d-home_md-home_md_scan9_2012_sep_30,25,56,0.4286110341003604,"[0.30,1.00]",0.0,0.0,0.0,1,0.0,,
sun3d-home_md-home_md_scan9_2012_sep_30,25,57,0.3288051011921264,"[0.30,1.00]",0.027343749999999892,0.0,0.0145,1,0.0,,
sun3d-home_md-home_md_scan9_2012_sep_30,25,58,0.2980316052120876,"[0.25,0.30)",0.007812499999999969,0.0,0.0105,1,0.0,,
sun3d-home_md-home_md_scan9_2012_sep_30,25,59,0.30191294704740784,"[0.30,1.00]",0.023437499999999906,0.0,0.019,1,0.0,,
sun3d-home_md-home_md_scan9_2012_sep_30,26,42,0.2740073218811602,"[0.25,0.30)",0.4765624999999981,1.0,0.5045,1,0.0,,
sun3d-home_md-home_md_scan9_2012_sep_30,26,43,0.2389937106918239,"[0.20,0.25)",0.36328124999999856,1.0,0.251,1,0.0,,
sun3d-home_md-home_md_scan9_2012_sep_30,26,59,0.32629306298695204,"[0.30,1.00]",0.08203124999999967,1.0,0.087,1,0.0,,
sun3d-home_md-home_md_scan9_2012_sep_30,27,29,0.18325390150453227,"[0.15,0.20)",0.3749999999999985,1.0,0.309,1,1.0,3.4280551924501084,0.17646567523479462
sun3d-home_md-home_md_scan9_2012_sep_30,27,42,0.4211755910662555,"[0.30,1.00]",0.5664062499999978,1.0,0.52,1,1.0,6.106246516241501,0.33127737045288086
sun3d-home_md-home_md_scan9_2012_sep_30,27,43,0.3095972339033735,"[0.30,1.00]",0.4414062499999982,1.0,0.3495,1,0.0,,
sun3d-home_md-home_md_scan9_2012_sep_30,27,59,0.34875245304177177,"[0.30,1.00]",0.023437499999999906,0.0,0.0335,1,0.0,,
sun3d-home_md-home_md_scan9_2012_sep_30,28,42,0.44408274703349787,"[0.30,1.00]",0.5820312499999977,1.0,0.5165,1,1.0,3.9076569473237623,0.24960660934448242
sun3d-home_md-home_md_scan9_2012_sep_30,28,43,0.3002205187440932,"[0.30,1.00]",0.35937499999999856,1.0,0.3105,1,0.0,,
sun3d-home_md-home_md_scan9_2012_sep_30,28,44,0.1388217998529875,"[0.00,0.15)",0.20703124999999917,1.0,0.1115,1,0.0,,
sun3d-home_md-home_md_scan9_2012_sep_30,28,59,0.3913682663026357,"[0.30,1.00]",0.03906249999999985,0.0,0.0355,1,0.0,,
sun3d-home_md-home_md_scan9_2012_sep_30,29,39,0.1714029314986539,"[0.15,0.20)",0.07421874999999971,0.0,0.011,1,0.0,,
sun3d-home_md-home_md_scan9_2012_sep_30,29,44,0.14687406521088842,"[0.00,0.15)",0.10546874999999958,0.0,0.041,1,0.0,,
sun3d-home_md-home_md_scan9_2012_sep_30,29,51,0.3422075979658989,"[0.30,1.00]",0.21874999999999914,1.0,0.293,1,0.0,,
sun3d-home_md-home_md_scan9_2012_sep_30,2,3,0.5568059637301985,"[0.30,1.00]",0.8867187499999964,1.0,0.8205,0,,,
sun3d-home_md-home_md_scan9_2012_sep_30,2,36,0.21579098272525268,"[0.20,0.25)",0.10546874999999958,0.0,0.0385,1,0.0,,
sun3d-home_md-home_md_scan9_2012_sep_30,2,37,0.35968747760017206,"[0.30,1.00]",0.7968749999999968,1.0,0.455,1,1.0,4.551737298551876,0.11385434120893478
sun3d-home_md-home_md_scan9_2012_sep_30,2,38,0.5905311447208086,"[0.30,1.00]",0.8476562499999966,1.0,0.7165,1,1.0,1.7962403959724609,0.06767147034406662
sun3d-home_md-home_md_scan9_2012_sep_30,2,39,0.4188588631639309,"[0.30,1.00]",0.8828124999999964,1.0,0.7205,1,1.0,1.8252058549144006,0.0719430148601532
sun3d-home_md-home_md_scan9_2012_sep_30,2,4,0.4596444699304709,"[0.30,1.00]",0.8867187499999964,1.0,0.8345,1,1.0,1.9160169102944336,0.04419753700494766
sun3d-home_md-home_md_scan9_2012_sep_30,2,40,0.37359329080352666,"[0.30,1.00]",0.8906249999999964,1.0,0.8015,1,1.0,1.6584742022079608,0.07050317525863647
sun3d-home_md-home_md_scan9_2012_sep_30,2,41,0.2454662748190094,"[0.20,0.25)",0.8242187499999967,1.0,0.7495,1,1.0,1.2561648651828337,0.057955238968133926
sun3d-home_md-home_md_scan9_2012_sep_30,2,45,0.21880151960432945,"[0.20,0.25)",0.742187499999997,1.0,0.674,1,1.0,1.3504567921998532,0.062116630375385284
sun3d-home_md-home_md_scan9_2012_sep_30,2,46,0.49491075908537024,"[0.30,1.00]",0.8945312499999964,1.0,0.744,1,1.0,2.2175261630218435,0.0933518186211586
sun3d-home_md-home_md_scan9_2012_sep_30,2,47,0.2449645186724966,"[0.20,0.25)",0.7968749999999968,1.0,0.676,1,1.0,2.127068809333992,0.0910763069987297
sun3d-home_md-home_md_scan9_2012_sep_30,2,49,0.17665400329725467,"[0.15,0.20)",0.8007812499999968,1.0,0.736,1,1.0,1.1763632227383785,0.0513908751308918
sun3d-home_md-home_md_scan9_2012_sep_30,2,6,0.4490000716794495,"[0.30,1.00]",0.8359374999999967,1.0,0.715,1,1.0,2.9721649868676603,0.14162173867225647
sun3d-home_md-home_md_scan9_2012_sep_30,2,9,0.20080997777937065,"[0.20,0.25)",0.07421874999999971,0.0,0.017,1,0.0,,
sun3d-home_md-home_md_scan9_2012_sep_30,30,31,0.2574656078738396,"[0.25,0.30)",0.4374999999999983,1.0,0.329,0,,,
sun3d-home_md-home_md_scan9_2012_sep_30,30,38,0.35790180069343475,"[0.30,1.00]",0.14843749999999942,1.0,0.0635,1,0.0,,
sun3d-home_md-home_md_scan9_2012_sep_30,30,39,0.5261156470193491,"[0.30,1.00]",0.4687499999999981,1.0,0.3215,1,0.0,,
sun3d-home_md-home_md_scan9_2012_sep_30,30,40,0.5338329045968012,"[0.30,1.00]",0.4492187499999982,1.0,0.3035,1,0.0,,
sun3d-home_md-home_md_scan9_2012_sep_30,30,41,0.5284643775863997,"[0.30,1.00]",0.14453124999999942,1.0,0.1405,1,0.0,,
sun3d-home_md-home_md_scan9_2012_sep_30,30,42,0.4967005927748574,"[0.30,1.00]",0.5820312499999977,1.0,0.4395,1,0.0,,
sun3d-home_md-home_md_scan9_2012_sep_30,30,43,0.37534951347723966,"[0.30,1.00]",0.3242187499999987,1.0,0.1895,1,0.0,,
sun3d-home_md-home_md_scan9_2012_sep_30,30,45,0.4992730119673415,"[0.30,1.00]",0.41796874999999833,1.0,0.3445,1,0.0,,
sun3d-home_md-home_md_scan9_2012_sep_30,30,46,0.5387540543563359,"[0.30,1.00]",0.4492187499999982,1.0,0.289,1,0.0,,
sun3d-home_md-home_md_scan9_2012_sep_30,30,47,0.5324907728442009,"[0.30,1.00]",0.3085937499999988,1.0,0.325,1,1.0,7.758787558267936,0.3747495114803314
sun3d-home_md-home_md_scan9_2012_sep_30,30,48,0.39156693882116095,"[0.30,1.00]",0.29296874999999883,1.0,0.3195,1,1.0,7.5393681391372205,0.27350562810897827
sun3d-home_md-home_md_scan9_2012_sep_30,30,49,0.5342802818476681,"[0.30,1.00]",0.21484374999999914,1.0,0.249,1,1.0,7.861074067824907,0.27155399322509766
sun3d-home_md-home_md_scan9_2012_sep_30,30,50,0.3585728665697349,"[0.30,1.00]",0.4687499999999981,1.0,0.4645,1,0.0,,
sun3d-home_md-home_md_scan9_2012_sep_30,31,33,0.2063407722281261,"[0.20,0.25)",0.0,0.0,0.0,1,0.0,,
sun3d-home_md-home_md_scan9_2012_sep_30,31,35,0.24920297555791712,"[0.20,0.25)",0.015624999999999938,0.0,0.0245,1,0.0,,
sun3d-home_md-home_md_scan9_2012_sep_30,31,36,0.2669146298264258,"[0.25,0.30)",0.007812499999999969,0.0,0.023,1,0.0,,
sun3d-home_md-home_md_scan9_2012_sep_30,31,37,0.19872476089266738,"[0.15,0.20)",0.0,0.0,0.0,1,0.0,,
sun3d-home_md-home_md_scan9_2012_sep_30,32,37,0.25907505010763865,"[0.25,0.30)",0.23437499999999906,1.0,0.112,1,1.0,5.801437629726428,0.13259361684322357
sun3d-home_md-home_md_scan9_2012_sep_30,33,37,0.1950207468879668,"[0.15,0.20)",0.2734374999999989,1.0,0.1235,1,1.0,5.231094306339982,0.2661539614200592
sun3d-home_md-home_md_scan9_2012_sep_30,34,36,0.18890883702373829,"[0.15,0.20)",0.1757812499999993,1.0,0.114,1,1.0,5.173771097414026,0.13445231318473816
sun3d-home_md-home_md_scan9_2012_sep_30,34,58,0.16337522441651706,"[0.15,0.20)",0.023437499999999906,0.0,0.0015,1,0.0,,
sun3d-home_md-home_md_scan9_2012_sep_30,37,39,0.14970250743731406,"[0.00,0.15)",0.23828124999999906,1.0,0.283,1,1.0,1.4875370165226964,0.05633719637989998
sun3d-home_md-home_md_scan9_2012_sep_30,37,40,0.17881427964300892,"[0.15,0.20)",0.16796874999999933,1.0,0.2005,1,1.0,0.7584719438827634,0.020431557670235634
sun3d-home_md-home_md_scan9_2012_sep_30,37,46,0.19411389715257119,"[0.15,0.20)",0.11328124999999954,1.0,0.15,1,1.0,5.375781803007552,0.17224933207035065
sun3d-home_md-home_md_scan9_2012_sep_30,38,45,0.49399432190434595,"[0.30,1.00]",0.8124999999999968,1.0,0.709,1,1.0,3.57981950894444,0.2127525359392166
sun3d-home_md-home_md_scan9_2012_sep_30,38,48,0.2785324306617165,"[0.25,0.30)",0.8710937499999966,1.0,0.801,1,1.0,1.630388763067292,0.029382450506091118
sun3d-home_md-home_md_scan9_2012_sep_30,38,49,0.3547499454029264,"[0.30,1.00]",0.8867187499999964,1.0,0.7795,1,1.0,1.6795797168718836,0.04443701356649399
sun3d-home_md-home_md_scan9_2012_sep_30,39,42,0.2636792452830189,"[0.25,0.30)",0.8124999999999968,1.0,0.7705,1,1.0,4.010733972575691,0.045564375817775726
sun3d-home_md-home_md_scan9_2012_sep_30,39,43,0.171187106918239,"[0.15,0.20)",0.5742187499999977,1.0,0.5145,1,1.0,3.503975697378612,0.07285217195749283
sun3d-home_md-home_md_scan9_2012_sep_30,39,44,0.14312106918238993,"[0.00,0.15)",0.38281249999999845,1.0,0.192,1,0.0,,
sun3d-home_md-home_md_scan9_2012_sep_30,39,48,0.3129716981132076,"[0.30,1.00]",0.9062499999999963,1.0,0.855,1,1.0,1.8016797234994646,0.02815496176481247
sun3d-home_md-home_md_scan9_2012_sep_30,39,49,0.38486635220125787,"[0.30,1.00]",0.9453124999999962,1.0,0.861,1,1.0,1.5756978971454383,0.02899685874581337
sun3d-home_md-home_md_scan9_2012_sep_30,3,45,0.5080759896225625,"[0.30,1.00]",0.7656249999999969,1.0,0.7565,1,1.0,2.8925909625558615,0.12692363560199738
sun3d-home_md-home_md_scan9_2012_sep_30,3,48,0.2562975981253661,"[0.25,0.30)",0.6992187499999972,1.0,0.605,1,1.0,1.280541721047358,0.02711031213402748
sun3d-home_md-home_md_scan9_2012_sep_30,3,49,0.34952715708427484,"[0.30,1.00]",0.8320312499999967,1.0,0.706,1,1.0,1.4005351909852595,0.015735890716314316
sun3d-home_md-home_md_scan9_2012_sep_30,3,8,0.21784249728010713,"[0.20,0.25)",0.6445312499999974,1.0,0.6165,1,1.0,3.5385608798309485,0.09425865113735199
sun3d-home_md-home_md_scan9_2012_sep_30,40,42,0.24393081124822982,"[0.20,0.25)",0.7187499999999971,1.0,0.674,1,1.0,3.6964990987760418,0.010368253104388714
sun3d-home_md-home_md_scan9_2012_sep_30,40,43,0.1486951244183694,"[0.00,0.15)",0.45312499999999817,1.0,0.349,1,1.0,4.800405743419268,0.1781516671180725
sun3d-home_md-home_md_scan9_2012_sep_30,40,48,0.35403601051992717,"[0.30,1.00]",0.9101562499999963,1.0,0.823,1,1.0,1.7045615193061985,0.0425485298037529
sun3d-home_md-home_md_scan9_2012_sep_30,41,43,0.24612265029867925,"[0.20,0.25)",0.6601562499999973,1.0,0.6045,1,1.0,1.7269175651399482,0.03871741518378258
sun3d-home_md-home_md_scan9_2012_sep_30,41,50,0.3982024442374089,"[0.30,1.00]",0.7851562499999969,1.0,0.631,1,1.0,3.5809132400851973,0.0750729888677597
sun3d-home_md-home_md_scan9_2012_sep_30,42,45,0.333626669427477,"[0.30,1.00]",0.6484374999999974,1.0,0.636,1,1.0,4.973663076452543,0.12713469564914703
sun3d-home_md-home_md_scan9_2012_sep_30,42,46,0.30060047623977637,"[0.30,1.00]",0.7929687499999968,1.0,0.7605,1,1.0,4.236141744427861,0.08577209711074829
sun3d-home_md-home_md_scan9_2012_sep_30,42,47,0.38854953928978153,"[0.30,1.00]",0.8359374999999967,1.0,0.8265,1,1.0,2.491357796636651,0.0769219696521759
sun3d-home_md-home_md_scan9_2012_sep_30,43,44,0.46706586826347307,"[0.30,1.00]",0.5546874999999978,1.0,0.4255,0,,,
sun3d-home_md-home_md_scan9_2012_sep_30,43,45,0.42386368203190933,"[0.30,1.00]",0.8124999999999968,1.0,0.7415,1,1.0,3.410419006106722,0.03861348330974579
sun3d-home_md-home_md_scan9_2012_sep_30,43,47,0.17124140979785396,"[0.15,0.20)",0.7031249999999972,1.0,0.669,1,1.0,1.9262041001703631,0.0581415630877018
sun3d-home_md-home_md_scan9_2012_sep_30,43,48,0.1497005988023952,"[0.00,0.15)",0.3437499999999986,1.0,0.2725,1,1.0,8.011213319060873,0.24187970161437988
sun3d-home_md-home_md_scan9_2012_sep_30,43,49,0.15637182011815295,"[0.15,0.20)",0.6015624999999976,1.0,0.5255,1,1.0,2.091999375694657,0.09890471398830414
sun3d-home_md-home_md_scan9_2012_sep_30,43,50,0.3703331591849857,"[0.30,1.00]",0.8164062499999968,1.0,0.5585,1,1.0,4.384096957855697,0.21093738079071045
sun3d-home_md-home_md_scan9_2012_sep_30,43,51,0.25652051601494996,"[0.25,0.30)",0.6562499999999973,1.0,0.4325,1,0.0,,
sun3d-home_md-home_md_scan9_2012_sep_30,45,48,0.22126720674438516,"[0.20,0.25)",0.8007812499999968,1.0,0.7765,1,1.0,1.9907580917450218,0.021153591573238373
sun3d-home_md-home_md_scan9_2012_sep_30,45,49,0.2937495883553975,"[0.25,0.30)",0.8710937499999966,1.0,0.8195,1,1.0,2.181757214443255,0.04648564010858536
sun3d-home_md-home_md_scan9_2012_sep_30,45,50,0.16594217216623855,"[0.15,0.20)",0.5507812499999978,1.0,0.4995,1,1.0,6.311555596312169,0.1045565977692604
sun3d-home_md-home_md_scan9_2012_sep_30,46,48,0.28086281534557395,"[0.25,0.30)",0.8984374999999964,1.0,0.8745,1,1.0,1.9359333889045496,0.025787554681301117
sun3d-home_md-home_md_scan9_2012_sep_30,46,49,0.35016420361247946,"[0.30,1.00]",0.9218749999999963,1.0,0.8345,1,1.0,1.9008397143158986,0.031904008239507675
sun3d-home_md-home_md_scan9_2012_sep_30,47,50,0.3702991079237362,"[0.30,1.00]",0.8007812499999968,1.0,0.6955,1,1.0,3.2338587546874518,0.06832527369260788
sun3d-home_md-home_md_scan9_2012_sep_30,48,51,0.20459886933875374,"[0.20,0.25)",0.007812499999999969,0.0,0.0,1,0.0,,
sun3d-home_md-home_md_scan9_2012_sep_30,4,30,0.21429428948737445,"[0.20,0.25)",0.7148437499999971,1.0,0.631,1,1.0,5.484765374913924,0.21863792836666107
sun3d-home_md-home_md_scan9_2012_sep_30,4,41,0.4994997799031574,"[0.30,1.00]",0.9335937499999962,1.0,0.837,1,1.0,1.6287074647915762,0.06179514527320862
sun3d-home_md-home_md_scan9_2012_sep_30,4,45,0.47969106406819,"[0.30,1.00]",0.7265624999999971,1.0,0.72,1,1.0,3.4624930376068432,0.15795257687568665
sun3d-home_md-home_md_scan9_2012_sep_30,4,47,0.5022609948377286,"[0.30,1.00]",0.9609374999999961,1.0,0.834,1,1.0,1.2645490451528054,0.048821572214365005
sun3d-home_md-home_md_scan9_2012_sep_30,4,48,0.24966985473608388,"[0.20,0.25)",0.8242187499999967,1.0,0.7305,1,1.0,0.9000514179492255,0.023513996973633766
sun3d-home_md-home_md_scan9_2012_sep_30,4,49,0.3365480811557085,"[0.30,1.00]",0.9453124999999962,1.0,0.8155,1,1.0,1.0616470051805962,0.011678073555231094
sun3d-home_md-home_md_scan9_2012_sep_30,4,8,0.17467685781743966,"[0.15,0.20)",0.5664062499999978,1.0,0.553,1,1.0,1.569475821882296,0.03577801585197449
sun3d-home_md-home_md_scan9_2012_sep_30,50,59,0.22812755519215044,"[0.20,0.25)",0.5859374999999977,1.0,0.4605,1,1.0,2.1043122270404617,0.07457970827817917
sun3d-home_md-home_md_scan9_2012_sep_30,51,53,0.14720213170917396,"[0.00,0.15)",0.7070312499999972,1.0,0.554,1,1.0,2.4134618626069817,0.02886175364255905
sun3d-home_md-home_md_scan9_2012_sep_30,52,53,0.3481926827480021,"[0.30,1.00]",0.8437499999999967,1.0,0.736,0,,,
sun3d-home_md-home_md_scan9_2012_sep_30,52,54,0.3636630251484713,"[0.30,1.00]",0.6640624999999973,1.0,0.5865,1,1.0,1.5679788507959738,0.03937150537967682
sun3d-home_md-home_md_scan9_2012_sep_30,52,55,0.24811203167387638,"[0.20,0.25)",0.4687499999999981,1.0,0.4705,1,1.0,0.8961295264989276,0.037196528166532516
sun3d-home_md-home_md_scan9_2012_sep_30,52,56,0.1823447466823081,"[0.15,0.20)",0.41015624999999833,1.0,0.374,1,1.0,3.4001850052486127,0.07669166475534439
sun3d-home_md-home_md_scan9_2012_sep_30,52,57,0.3042745069286605,"[0.30,1.00]",0.5195312499999979,1.0,0.4775,1,1.0,0.9219604223865909,0.028782520443201065
sun3d-home_md-home_md_scan9_2012_sep_30,52,58,0.3968032846982917,"[0.30,1.00]",0.33984374999999867,1.0,0.3295,1,1.0,1.4010939801447984,0.024073198437690735
sun3d-home_md-home_md_scan9_2012_sep_30,53,57,0.305897327110734,"[0.30,1.00]",0.04687499999999981,1.0,0.076,1,0.0,,
sun3d-home_md-home_md_scan9_2012_sep_30,56,59,0.4513355848940743,"[0.30,1.00]",0.6874999999999972,1.0,0.5815,1,1.0,1.5293111986270043,0.059807877987623215
sun3d-home_md-home_md_scan9_2012_sep_30,5,37,0.14595898673100122,"[0.00,0.15)",0.6093749999999976,1.0,0.4735,1,0.0,,
sun3d-home_md-home_md_scan9_2012_sep_30,5,41,0.3966973087641945,"[0.30,1.00]",0.9374999999999962,1.0,0.8135,1,1.0,1.3429005700887042,0.04508249834179878
sun3d-home_md-home_md_scan9_2012_sep_30,5,45,0.4837153196622437,"[0.30,1.00]",0.8007812499999968,1.0,0.781,1,1.0,2.7097833875883093,0.11710263043642044
sun3d-home_md-home_md_scan9_2012_sep_30,5,47,0.39752922091427145,"[0.30,1.00]",0.9062499999999963,1.0,0.785,1,1.0,0.9787880758455333,0.03238920867443085
sun3d-home_md-home_md_scan9_2012_sep_30,5,48,0.18622353479472567,"[0.15,0.20)",0.757812499999997,1.0,0.715,1,1.0,1.1477359878341498,0.03237926587462425
sun3d-home_md-home_md_scan9_2012_sep_30,5,49,0.2544819267085396,"[0.25,0.30)",0.8906249999999964,1.0,0.791,1,1.0,1.2899815026325026,0.01209014467895031
sun3d-home_md-home_md_scan9_2012_sep_30,5,8,0.23855080903456594,"[0.20,0.25)",0.7304687499999971,1.0,0.6505,1,1.0,2.749653423631213,0.0642009824514389
sun3d-home_md-home_md_scan9_2012_sep_30,6,40,0.4037296037296037,"[0.30,1.00]",0.9218749999999963,1.0,0.7895,1,1.0,2.511857400419999,0.08260452002286911
sun3d-home_md-home_md_scan9_2012_sep_30,6,41,0.2193261284170375,"[0.20,0.25)",0.753906249999997,1.0,0.6555,1,1.0,1.6096111005132125,0.052304577082395554
sun3d-home_md-home_md_scan9_2012_sep_30,6,45,0.46450519177791905,"[0.30,1.00]",0.7304687499999971,1.0,0.6405,1,1.0,5.647293720114474,0.26020345091819763
sun3d-home_md-home_md_scan9_2012_sep_30,6,47,0.21763085399449036,"[0.20,0.25)",0.7851562499999969,1.0,0.7095,1,1.0,1.4596491706014678,0.04537082463502884
sun3d-home_md-home_md_scan9_2012_sep_30,6,8,0.17020555202373383,"[0.15,0.20)",0.48046874999999806,1.0,0.4385,1,1.0,7.209384726900721,0.12643694877624512
sun3d-home_md-home_md_scan9_2012_sep_30,7,37,0.2803455512714139,"[0.25,0.30)",0.8632812499999966,1.0,0.629,1,1.0,4.594313737664583,0.15714530646800995
sun3d-home_md-home_md_scan9_2012_sep_30,7,40,0.5216945678168774,"[0.30,1.00]",0.8789062499999964,1.0,0.7875,1,1.0,1.212407395157698,0.04970914497971535
sun3d-home_md-home_md_scan9_2012_sep_30,7,41,0.2959636878324955,"[0.25,0.30)",0.8281249999999967,1.0,0.722,1,1.0,1.1364275957626913,0.03412192314863205
sun3d-home_md-home_md_scan9_2012_sep_30,7,45,0.3581922006930548,"[0.30,1.00]",0.8164062499999968,1.0,0.6875,1,1.0,0.9065502036290334,0.05098803713917732
sun3d-home_md-home_md_scan9_2012_sep_30,7,47,0.3011860022451071,"[0.30,1.00]",0.8710937499999966,1.0,0.7345,1,1.0,1.4072260193441755,0.04363622888922691
sun3d-home_md-home_md_scan9_2012_sep_30,7,49,0.1747279027770999,"[0.15,0.20)",0.6953124999999972,1.0,0.645,1,1.0,1.6582381879791155,0.03411642089486122
sun3d-home_md-home_md_scan9_2012_sep_30,7,8,0.39879935575186687,"[0.30,1.00]",0.9335937499999962,1.0,0.7725,0,,,
sun3d-home_md-home_md_scan9_2012_sep_30,8,10,0.22839609952925352,"[0.20,0.25)",0.14453124999999942,0.0,0.046,1,0.0,,
sun3d-home_md-home_md_scan9_2012_sep_30,8,32,0.254034969737727,"[0.25,0.30)",0.11328124999999954,0.0,0.032,1,0.0,,
sun3d-home_md-home_md_scan9_2012_sep_30,8,33,0.19031607262945527,"[0.15,0.20)",0.16796874999999933,1.0,0.0515,1,0.0,,
sun3d-home_md-home_md_scan9_2012_sep_30,8,39,0.16728312037659718,"[0.15,0.20)",0.36718749999999856,1.0,0.365,1,1.0,1.8795107729910243,0.032182224094867706
sun3d-home_md-home_md_scan9_2012_sep_30,8,40,0.18207800941492938,"[0.15,0.20)",0.4374999999999983,1.0,0.407,1,1.0,1.9522416594772294,0.0045328265987336636
sun3d-home_md-home_md_scan9_2012_sep_30,8,46,0.2484868863483524,"[0.20,0.25)",0.511718749999998,1.0,0.445,1,1.0,2.077730594906107,0.050597723573446274
sun3d-home_md-home_md_scan9_2012_sep_30,9,12,0.36070829993441667,"[0.30,1.00]",0.6406249999999974,1.0,0.422,1,1.0,4.5350960713417345,0.10431856662034988
sun3d-home_md-home_md_scan9_2012_sep_30,9,32,0.35750200393499965,"[0.30,1.00]",0.4414062499999982,1.0,0.3025,1,1.0,4.861637689767861,0.14716504514217377
sun3d-home_md-home_md_scan9_2012_sep_30,9,33,0.34351089411936164,"[0.30,1.00]",0.33593749999999867,1.0,0.1295,1,0.0,,
sun3d-hotel_uc-scan3,0,11,0.29988970841662643,"[0.25,0.30)",0.8749999999999966,1.0,0.6835,1,1.0,1.7269175651399482,0.07610831409692764
sun3d-hotel_uc-scan3,0,18,0.395464258633763,"[0.30,1.00]",0.9023437499999964,1.0,0.692,1,1.0,1.4005351909852595,0.07332044094800949
sun3d-hotel_uc-scan3,0,20,0.400358447645964,"[0.30,1.00]",0.8398437499999967,1.0,0.6315,1,1.0,3.435015947671299,0.14554491639137268
sun3d-hotel_uc-scan3,0,34,0.228648238781278,"[0.20,0.25)",0.5742187499999977,1.0,0.405,1,1.0,3.1871489290379107,0.15805335342884064
sun3d-hotel_uc-scan3,0,4,0.2861721927345419,"[0.25,0.30)",0.742187499999997,1.0,0.5765,1,1.0,2.1544956127895323,0.06359930336475372
sun3d-hotel_uc-scan3,0,43,0.36365203005445645,"[0.30,1.00]",0.9218749999999963,1.0,0.7175,1,1.0,1.529567101251185,0.09285499900579453
sun3d-hotel_uc-scan3,0,46,0.3074377886537534,"[0.30,1.00]",0.8124999999999968,1.0,0.6795,1,1.0,4.276541888879914,0.17511865496635437
sun3d-hotel_uc-scan3,0,53,0.22692493279106637,"[0.20,0.25)",0.6210937499999976,1.0,0.397,1,1.0,3.538228873462058,0.14353901147842407
sun3d-hotel_uc-scan3,0,9,0.40435651754325497,"[0.30,1.00]",0.9335937499999962,1.0,0.749,1,1.0,2.2157602556771385,0.09359373897314072
sun3d-hotel_uc-scan3,10,11,0.2298491512187102,"[0.20,0.25)",0.761718749999997,1.0,0.632,0,,,
sun3d-hotel_uc-scan3,10,34,0.24045377944017426,"[0.20,0.25)",0.7109374999999971,1.0,0.5665,1,1.0,4.1171340791857824,0.20468008518218994
sun3d-hotel_uc-scan3,10,46,0.24098812117226356,"[0.20,0.25)",0.7968749999999968,1.0,0.675,1,1.0,2.794142980188606,0.11026274412870407
sun3d-hotel_uc-scan3,10,53,0.17263348267499692,"[0.15,0.20)",0.7734374999999969,1.0,0.584,1,1.0,3.1543015981182108,0.10854817926883698
sun3d-hotel_uc-scan3,11,18,0.24828751484153805,"[0.20,0.25)",0.7343749999999971,1.0,0.5775,1,1.0,2.47812384039199,0.09578519314527512
sun3d-hotel_uc-scan3,11,19,0.16480957165037902,"[0.15,0.20)",0.5781249999999977,1.0,0.4075,1,1.0,4.113422196404466,0.10341055691242218
sun3d-hotel_uc-scan3,11,20,0.1662252260480409,"[0.15,0.20)",0.503906249999998,1.0,0.3895,1,1.0,1.4116689573083565,0.05540178716182709
sun3d-hotel_uc-scan3,11,21,0.18759704082564618,"[0.15,0.20)",0.4453124999999982,1.0,0.264,1,1.0,4.902567929782178,0.11252130568027496
sun3d-hotel_uc-scan3,11,33,0.2729473011233903,"[0.25,0.30)",0.18749999999999925,1.0,0.102,1,0.0,,
sun3d-hotel_uc-scan3,11,43,0.17033519042834963,"[0.15,0.20)",0.5507812499999978,1.0,0.35,1,1.0,1.8133730082023287,0.05565919354557991
sun3d-hotel_uc-scan3,11,44,0.20097725819709564,"[0.20,0.25)",0.6054687499999976,1.0,0.508,1,1.0,3.2186884706968977,0.12570719420909882
sun3d-hotel_uc-scan3,11,45,0.34669832861448535,"[0.30,1.00]",0.8710937499999966,1.0,0.639,1,1.0,1.1201246571254462,0.03982028737664223
sun3d-hotel_uc-scan3,11,52,0.20796419764362042,"[0.20,0.25)",0.5976562499999976,1.0,0.415,1,1.0,5.1832302620675454,0.18469443917274475
sun3d-hotel_uc-scan3,12,22,0.14740539315658283,"[0.00,0.15)",0.019531249999999924,0.0,0.021,1,0.0,,
sun3d-hotel_uc-scan3,12,25,0.2284160435078178,"[0.20,0.25)",0.1015624999999996,1.0,0.1195,1,0.0,,
sun3d-hotel_uc-scan3,12,30,0.24626104690686607,"[0.20,0.25)",0.21484374999999914,1.0,0.123,1,0.0,,
sun3d-hotel_uc-scan3,12,34,0.3933831860412418,"[0.30,1.00]",0.6484374999999974,1.0,0.419,1,1.0,6.058027680546669,0.20464515686035156
sun3d-hotel_uc-scan3,12,46,0.29537729435757987,"[0.25,0.30)",0.35546874999999856,1.0,0.233,1,1.0,2.611195222993164,0.07616712152957916
sun3d-hotel_uc-scan3,13,15,0.4286721504112809,"[0.30,1.00]",0.9257812499999963,1.0,0.8235,1,1.0,0.7732904657466316,0.027051789686083794
sun3d-hotel_uc-scan3,13,16,0.29856639247943595,"[0.25,0.30)",0.8242187499999967,1.0,0.7455,1,1.0,2.0194542645539153,0.07408925145864487
sun3d-hotel_uc-scan3,13,23,0.16578143360752057,"[0.15,0.20)",0.507812499999998,1.0,0.4855,1,1.0,6.065142637580372,0.155897855758667
sun3d-hotel_uc-scan3,13,27,0.29043478260869565,"[0.25,0.30)",0.41796874999999833,1.0,0.3265,1,1.0,2.7570471675522894,0.04387444257736206
sun3d-hotel_uc-scan3,13,30,0.19313748531139835,"[0.15,0.20)",0.23828124999999906,1.0,0.148,1,1.0,3.390844098610252,0.05820240080356598
sun3d-hotel_uc-scan3,13,31,0.23440658049353702,"[0.20,0.25)",0.48046874999999806,1.0,0.4685,1,1.0,2.2396573601166536,0.05678122118115425
sun3d-hotel_uc-scan3,13,33,0.37602820211515864,"[0.30,1.00]",0.8124999999999968,1.0,0.6825,1,1.0,5.1277428100246,0.13186539709568024
sun3d-hotel_uc-scan3,13,47,0.31388954171562866,"[0.30,1.00]",0.8046874999999968,1.0,0.667,1,0.0,,
sun3d-hotel_uc-scan3,13,51,0.3514453584018801,"[0.30,1.00]",0.8632812499999966,1.0,0.719,1,1.0,0.712168858018636,0.03169986605644226
sun3d-hotel_uc-scan3,14,22,0.17163189841624224,"[0.15,0.20)",0.6015624999999976,1.0,0.432,1,0.0,,
sun3d-hotel_uc-scan3,14,27,0.3036349682550757,"[0.30,1.00]",0.9414062499999962,1.0,0.8195,1,1.0,0.9759851727934119,0.032463375478982925
sun3d-hotel_uc-scan3,14,28,0.20641177701807017,"[0.20,0.25)",0.7851562499999969,1.0,0.6735,1,1.0,1.438854668851116,0.02361515536904335
sun3d-hotel_uc-scan3,14,48,0.3287518314379404,"[0.30,1.00]",0.8593749999999966,1.0,0.6755,1,1.0,2.0992838764473647,0.13791821897029877
sun3d-hotel_uc-scan3,14,50,0.4000906997837159,"[0.30,1.00]",0.48828124999999806,1.0,0.2815,1,1.0,3.3177680344038065,0.08792774379253387
sun3d-hotel_uc-scan3,14,52,0.2134933370543501,"[0.20,0.25)",0.7304687499999971,1.0,0.593,1,1.0,1.4558904390714937,0.11973156034946442
sun3d-hotel_uc-scan3,15,17,0.259230513360683,"[0.25,0.30)",0.6093749999999976,1.0,0.2315,1,1.0,0.9052541785545551,0.08255040645599365
sun3d-hotel_uc-scan3,15,26,0.19957866725801088,"[0.15,0.20)",0.8632812499999966,1.0,0.7845,1,1.0,2.0323991122046765,0.0583503395318985
sun3d-hotel_uc-scan3,15,48,0.3908785157260598,"[0.30,1.00]",0.8398437499999967,1.0,0.6795,1,1.0,0.6679324868169297,0.004910511430352926
sun3d-hotel_uc-scan3,15,50,0.4463539934212958,"[0.30,1.00]",0.6835937499999972,1.0,0.5155,1,1.0,2.007206120446664,0.06456093490123749
sun3d-hotel_uc-scan3,15,52,0.24932549802269283,"[0.20,0.25)",0.6914062499999972,1.0,0.559,1,1.0,1.0878652374431805,0.06767284870147705
sun3d-hotel_uc-scan3,16,21,0.2528921608284119,"[0.25,0.30)",0.7968749999999968,1.0,0.681,1,1.0,1.2567878333450466,0.01888260431587696
sun3d-hotel_uc-scan3,16,25,0.314618558369064,"[0.30,1.00]",0.8984374999999964,1.0,0.7265,1,1.0,2.6507748110960643,0.08279445022344589
sun3d-hotel_uc-scan3,16,47,0.15629803413963272,"[0.15,0.20)",0.2031249999999992,1.0,0.276,1,1.0,2.0318212551478014,0.05799759551882744
sun3d-hotel_uc-scan3,16,50,0.3560391554081385,"[0.30,1.00]",0.5156249999999979,1.0,0.317,1,1.0,2.4226894732982625,0.10630176961421967
sun3d-hotel_uc-scan3,16,52,0.28771944017474316,"[0.25,0.30)",0.7187499999999971,1.0,0.703,1,1.0,1.8604633925198637,0.10305231809616089
sun3d-hotel_uc-scan3,17,18,0.21205881141633376,"[0.20,0.25)",0.5312499999999979,1.0,0.2415,0,,,
sun3d-hotel_uc-scan3,17,23,0.3165849841439809,"[0.30,1.00]",0.48437499999999806,1.0,0.1865,1,1.0,1.0156780610967482,0.09771538525819778
sun3d-hotel_uc-scan3,17,34,0.14575182241258597,"[0.00,0.15)",0.41796874999999833,1.0,0.288,1,1.0,4.89673021735243,0.2268037647008896
sun3d-hotel_uc-scan3,17,47,0.1666735307442033,"[0.15,0.20)",0.07421874999999971,1.0,0.098,1,0.0,,
sun3d-hotel_uc-scan3,17,53,0.16967999670524278,"[0.15,0.20)",0.1992187499999992,1.0,0.1765,1,1.0,3.219296653154206,0.1605309396982193
sun3d-hotel_uc-scan3,18,21,0.35968566559363757,"[0.30,1.00]",0.6601562499999973,1.0,0.402,1,1.0,2.097605082143182,0.036656703799963
sun3d-hotel_uc-scan3,18,34,0.2544025752698353,"[0.25,0.30)",0.8203124999999967,1.0,0.6165,1,1.0,1.1521603392071382,0.0596233569085598
sun3d-hotel_uc-scan3,18,35,0.297954932777883,"[0.25,0.30)",0.8085937499999968,1.0,0.585,1,1.0,5.096160624534554,0.23427574336528778
sun3d-hotel_uc-scan3,18,43,0.3769645900397652,"[0.30,1.00]",0.38671874999999845,1.0,0.32,1,1.0,1.3617125235192715,0.06808175891637802
sun3d-hotel_uc-scan3,18,44,0.4772770308653664,"[0.30,1.00]",0.7070312499999972,1.0,0.517,1,1.0,3.1042535418224806,0.17351031303405762
sun3d-hotel_uc-scan3,18,46,0.21624692293126302,"[0.20,0.25)",0.6445312499999974,1.0,0.5305,1,1.0,2.2323046611405584,0.08947484195232391
sun3d-hotel_uc-scan3,18,53,0.18391403143344065,"[0.15,0.20)",0.26171874999999895,1.0,0.1995,1,1.0,2.6125441759119497,0.12054909020662308
sun3d-hotel_uc-scan3,18,54,0.27224957394432875,"[0.25,0.30)",0.5546874999999978,1.0,0.4345,1,1.0,2.4539953871302096,0.10370133072137833
sun3d-hotel_uc-scan3,19,35,0.3386031514899371,"[0.30,1.00]",0.7773437499999969,1.0,0.5165,1,1.0,2.905555372375784,0.11304455995559692
sun3d-hotel_uc-scan3,19,44,0.3841073378750845,"[0.30,1.00]",0.503906249999998,1.0,0.3725,1,1.0,4.53975829925027,0.24750852584838867
sun3d-hotel_uc-scan3,19,45,0.4397524572260648,"[0.30,1.00]",0.6992187499999972,1.0,0.452,1,1.0,4.186287298217302,0.1869191974401474
sun3d-hotel_uc-scan3,19,54,0.21998023818191273,"[0.20,0.25)",0.6835937499999972,1.0,0.473,1,1.0,3.8281732533656636,0.158050537109375
sun3d-hotel_uc-scan3,1,11,0.3392523987206823,"[0.30,1.00]",0.9804687499999961,1.0,0.7895,1,1.0,1.3059624699526926,0.04753204807639122
sun3d-hotel_uc-scan3,1,18,0.3439498933901919,"[0.30,1.00]",0.8124999999999968,1.0,0.5985,1,1.0,3.6103188991051955,0.14672794938087463
sun3d-hotel_uc-scan3,1,20,0.341817697228145,"[0.30,1.00]",0.7929687499999968,1.0,0.6305,1,1.0,3.080577450383159,0.12813854217529297
sun3d-hotel_uc-scan3,1,34,0.3043043710021322,"[0.30,1.00]",0.7734374999999969,1.0,0.536,1,1.0,3.791888707890668,0.19101905822753906
sun3d-hotel_uc-scan3,1,36,0.421875,"[0.30,1.00]",0.9414062499999962,1.0,0.7845,1,1.0,1.9556471232937247,0.06864167004823685
sun3d-hotel_uc-scan3,1,43,0.40001998933901917,"[0.30,1.00]",0.8867187499999964,1.0,0.6665,1,1.0,2.66285749355914,0.12967830896377563
sun3d-hotel_uc-scan3,1,46,0.3562433368869936,"[0.30,1.00]",0.8671874999999966,1.0,0.7275,1,1.0,4.244547797195757,0.15143418312072754
sun3d-hotel_uc-scan3,1,53,0.2789179104477612,"[0.25,0.30)",0.8281249999999967,1.0,0.6605,1,1.0,4.091654688030171,0.12233266234397888
sun3d-hotel_uc-scan3,1,9,0.3422174840085288,"[0.30,1.00]",0.8710937499999966,1.0,0.676,1,1.0,0.7214502227301817,0.03356053680181503
sun3d-hotel_uc-scan3,20,21,0.28293895589724705,"[0.25,0.30)",0.6562499999999973,1.0,0.455,0,,,
sun3d-hotel_uc-scan3,20,34,0.15150538624436055,"[0.15,0.20)",0.6367187499999974,1.0,0.49,1,1.0,0.6249497602547038,0.03118765726685524
sun3d-hotel_uc-scan3,20,35,0.170334223368014,"[0.15,0.20)",0.5820312499999977,1.0,0.4145,1,0.0,,
sun3d-hotel_uc-scan3,20,37,0.20361845133965564,"[0.20,0.25)",0.08593749999999965,0.0,0.0365,1,0.0,,
sun3d-hotel_uc-scan3,20,43,0.35107264524445264,"[0.30,1.00]",0.41406249999999833,1.0,0.351,1,1.0,2.134233669263218,0.06488627940416336
sun3d-hotel_uc-scan3,20,44,0.40235705736120064,"[0.30,1.00]",0.46093749999999817,1.0,0.3945,1,1.0,2.4352601036489063,0.07370641827583313
sun3d-hotel_uc-scan3,20,45,0.45124758309547924,"[0.30,1.00]",0.49218749999999806,1.0,0.402,1,1.0,2.5743544589706335,0.09043867886066437
sun3d-hotel_uc-scan3,20,46,0.14685572230917962,"[0.00,0.15)",0.507812499999998,1.0,0.4355,1,1.0,2.1534052445024527,0.0873999372124672
sun3d-hotel_uc-scan3,20,53,0.1411011877359359,"[0.00,0.15)",0.2031249999999992,1.0,0.1695,1,1.0,1.1869616810452197,0.03381693735718727
sun3d-hotel_uc-scan3,20,54,0.16545437804990332,"[0.15,0.20)",0.28515624999999883,1.0,0.213,1,1.0,3.6286035651349584,0.11856098473072052
sun3d-hotel_uc-scan3,21,34,0.2543046357615894,"[0.25,0.30)",0.5742187499999977,1.0,0.373,1,1.0,3.546740544639629,0.19885292649269104
sun3d-hotel_uc-scan3,21,35,0.18491217967175352,"[0.15,0.20)",0.3085937499999988,1.0,0.101,1,0.0,,
sun3d-hotel_uc-scan3,21,36,0.2733083789231212,"[0.25,0.30)",0.3515624999999986,1.0,0.2285,1,1.0,1.6999629494394657,0.09608451277017593
sun3d-hotel_uc-scan3,21,43,0.21704578174488914,"[0.20,0.25)",0.007812499999999969,0.0,0.0025,1,0.0,,
sun3d-hotel_uc-scan3,21,45,0.23207601497264613,"[0.20,0.25)",0.12890624999999947,1.0,0.051,1,0.0,,
sun3d-hotel_uc-scan3,21,46,0.259775410308091,"[0.25,0.30)",0.3476562499999986,1.0,0.2805,1,1.0,2.1686205356624377,0.11425705254077911
sun3d-hotel_uc-scan3,21,47,0.17938381802476244,"[0.15,0.20)",0.2226562499999991,1.0,0.1805,1,1.0,1.0456754464777664,0.0500662699341774
sun3d-hotel_uc-scan3,21,53,0.2734235531241002,"[0.25,0.30)",0.35937499999999856,1.0,0.2895,1,1.0,2.1987354201254115,0.1308976709842682
sun3d-hotel_uc-scan3,21,54,0.19809962568384681,"[0.15,0.20)",0.22656249999999908,1.0,0.1355,1,1.0,5.000455606356243,0.21664367616176605
sun3d-hotel_uc-scan3,22,24,0.22021920358850663,"[0.20,0.25)",0.6601562499999973,1.0,0.507,1,1.0,5.227272270476667,0.21452903747558594
sun3d-hotel_uc-scan3,22,33,0.1345689983496255,"[0.00,0.15)",0.07421874999999971,1.0,0.0845,1,0.0,,
sun3d-hotel_uc-scan3,22,47,0.22593203842410392,"[0.20,0.25)",0.33203124999999867,1.0,0.247,1,1.0,1.4588445432250787,0.06282424181699753
sun3d-hotel_uc-scan3,22,48,0.3052769666962888,"[0.30,1.00]",0.35937499999999856,1.0,0.274,1,1.0,1.4254639051278137,0.03624511882662773
sun3d-hotel_uc-scan3,22,49,0.22538191358808346,"[0.20,0.25)",0.49218749999999806,1.0,0.3965,1,1.0,2.5603261574132206,0.08283419162034988
sun3d-hotel_uc-scan3,22,51,0.21243282129406288,"[0.20,0.25)",0.507812499999998,1.0,0.3335,1,1.0,2.730794852488593,0.06766994297504425
sun3d-hotel_uc-scan3,22,52,0.2211925013753121,"[0.20,0.25)",0.18749999999999925,1.0,0.148,1,1.0,0.9962257835041833,0.048842765390872955
sun3d-hotel_uc-scan3,23,25,0.18708886882497097,"[0.15,0.20)",0.8203124999999967,1.0,0.7015,1,1.0,2.3812947740177397,0.04740395024418831
sun3d-hotel_uc-scan3,23,48,0.1858312911131175,"[0.15,0.20)",0.749999999999997,1.0,0.72,1,1.0,0.5706123147313945,0.022704320028424263
sun3d-hotel_uc-scan3,23,50,0.6264349284148072,"[0.30,1.00]",0.761718749999997,1.0,0.553,1,1.0,2.43654573428727,0.08508319407701492
sun3d-hotel_uc-scan3,24,26,0.2468814256339959,"[0.20,0.25)",0.9492187499999962,1.0,0.838,1,1.0,1.4729949337285075,0.016575763002038002
sun3d-hotel_uc-scan3,24,48,0.31100068540095954,"[0.30,1.00]",0.8828124999999964,1.0,0.727,1,1.0,1.0842617238736043,0.05845183879137039
sun3d-hotel_uc-scan3,24,50,0.5083618917066484,"[0.30,1.00]",0.36328124999999856,1.0,0.3685,1,1.0,2.829508093843086,0.07761617004871368
sun3d-hotel_uc-scan3,24,52,0.20445510623714874,"[0.20,0.25)",0.746093749999997,1.0,0.637,1,1.0,0.9520328980005944,0.013505213893949986
sun3d-hotel_uc-scan3,25,27,0.30763392574789705,"[0.30,1.00]",0.757812499999997,1.0,0.6555,1,1.0,1.8473736169385797,0.0657990574836731
sun3d-hotel_uc-scan3,25,28,0.16836379735627094,"[0.15,0.20)",0.3710937499999985,1.0,0.3665,1,1.0,2.5372877245445524,0.043544430285692215
sun3d-hotel_uc-scan3,25,31,0.14325469609765354,"[0.00,0.15)",0.14843749999999942,1.0,0.17,1,0.0,,
sun3d-hotel_uc-scan3,25,32,0.3297704130036051,"[0.30,1.00]",0.7695312499999969,1.0,0.549,1,1.0,1.2185252421579025,0.031210167333483696
sun3d-hotel_uc-scan3,25,33,0.245904749857694,"[0.20,0.25)",0.5156249999999979,1.0,0.368,1,1.0,3.434217888241859,0.10982352495193481
sun3d-hotel_uc-scan3,25,47,0.1723483650622984,"[0.15,0.20)",0.19531249999999922,1.0,0.157,1,0.0,,
sun3d-hotel_uc-scan3,25,50,0.2144076908481437,"[0.20,0.25)",0.1562499999999994,1.0,0.052,1,0.0,,
sun3d-hotel_uc-scan3,26,29,0.31698282178620857,"[0.30,1.00]",0.8789062499999964,1.0,0.741,1,1.0,1.4196863503732466,0.04391788691282272
sun3d-hotel_uc-scan3,26,49,0.17190425791744687,"[0.15,0.20)",0.4492187499999982,1.0,0.2835,1,0.0,,
sun3d-hotel_uc-scan3,29,30,0.3390781790350927,"[0.30,1.00]",0.3124999999999988,1.0,0.1165,0,,,
sun3d-hotel_uc-scan3,2,18,0.3613584672911607,"[0.30,1.00]",0.7812499999999969,1.0,0.5635,1,1.0,4.382130797335954,0.17239171266555786
sun3d-hotel_uc-scan3,2,19,0.35445819359315367,"[0.30,1.00]",0.7148437499999971,1.0,0.531,1,1.0,3.3110341229857045,0.11376861482858658
sun3d-hotel_uc-scan3,2,20,0.22724644385335954,"[0.20,0.25)",0.6367187499999974,1.0,0.4915,1,1.0,4.7248049153830785,0.17568142712116241
sun3d-hotel_uc-scan3,2,21,0.17466558729424464,"[0.15,0.20)",0.24218749999999903,1.0,0.113,1,1.0,8.218741599936722,0.23260338604450226
sun3d-hotel_uc-scan3,2,36,0.24779306888708993,"[0.20,0.25)",0.7812499999999969,1.0,0.6605,1,1.0,3.4990550485609653,0.11599235981702805
sun3d-hotel_uc-scan3,2,43,0.39767163948961104,"[0.30,1.00]",0.9218749999999963,1.0,0.787,1,1.0,2.1563116686021884,0.09588571637868881
sun3d-hotel_uc-scan3,2,47,0.1826066843992136,"[0.15,0.20)",0.5937499999999977,1.0,0.3555,1,1.0,6.867756260099645,0.17884904146194458
sun3d-hotel_uc-scan3,30,31,0.30407801418439717,"[0.30,1.00]",0.6484374999999974,1.0,0.4895,0,,,
sun3d-hotel_uc-scan3,30,32,0.40009547190398254,"[0.30,1.00]",0.6679687499999973,1.0,0.5365,1,1.0,3.050692120789228,0.08246993273496628
sun3d-hotel_uc-scan3,30,33,0.3250818330605565,"[0.30,1.00]",0.5976562499999976,1.0,0.361,1,1.0,5.924071712176751,0.18662720918655396
sun3d-hotel_uc-scan3,30,48,0.2041734860883797,"[0.20,0.25)",0.2812499999999989,1.0,0.1615,1,0.0,,
sun3d-hotel_uc-scan3,31,34,0.29812540400775694,"[0.25,0.30)",0.4062499999999984,1.0,0.333,1,1.0,6.69995644918902,0.18318656086921692
sun3d-hotel_uc-scan3,31,53,0.4134453781512605,"[0.30,1.00]",0.5546874999999978,1.0,0.329,1,1.0,3.755566947702312,0.10255253314971924
sun3d-hotel_uc-scan3,32,34,0.22658070529749882,"[0.20,0.25)",0.08593749999999965,1.0,0.1135,1,0.0,,
sun3d-hotel_uc-scan3,32,53,0.34961938791362435,"[0.30,1.00]",0.48828124999999806,1.0,0.2155,1,1.0,1.8822160980625586,0.13841059803962708
sun3d-hotel_uc-scan3,33,35,0.19103486958960456,"[0.15,0.20)",0.25781249999999895,1.0,0.083,1,1.0,7.555748226345091,0.3049643337726593
sun3d-hotel_uc-scan3,33,46,0.29073572029540995,"[0.25,0.30)",0.4687499999999981,1.0,0.216,1,1.0,4.457730450583011,0.20503593981266022
sun3d-hotel_uc-scan3,34,43,0.19472863499790818,"[0.15,0.20)",0.4374999999999983,1.0,0.2625,1,1.0,5.702758005340872,0.23897093534469604
sun3d-hotel_uc-scan3,34,44,0.1969725782527669,"[0.15,0.20)",0.6640624999999973,1.0,0.514,1,1.0,3.1552944701102517,0.13403430581092834
sun3d-hotel_uc-scan3,34,45,0.35922108546000836,"[0.30,1.00]",0.8593749999999966,1.0,0.6395,1,1.0,2.39064647596783,0.07579878717660904
sun3d-hotel_uc-scan3,34,52,0.29152245844901686,"[0.25,0.30)",0.7070312499999972,1.0,0.508,1,1.0,4.577912535855039,0.14404304325580597
sun3d-hotel_uc-scan3,35,36,0.1673116814762067,"[0.15,0.20)",0.6132812499999976,1.0,0.623,0,,,
sun3d-hotel_uc-scan3,35,43,0.167187838632775,"[0.15,0.20)",0.6249999999999976,1.0,0.408,1,1.0,1.4472624040782176,0.09486865997314453
sun3d-hotel_uc-scan3,35,44,0.2625468280751726,"[0.25,0.30)",0.8398437499999967,1.0,0.712,1,1.0,2.4317211167934,0.1275678277015686
sun3d-hotel_uc-scan3,35,45,0.3811263506610112,"[0.30,1.00]",0.9648437499999961,1.0,0.7625,1,1.0,1.4985468765690224,0.08633027225732803
sun3d-hotel_uc-scan3,35,46,0.40205579120096596,"[0.30,1.00]",0.9531249999999962,1.0,0.666,1,1.0,4.239561597080901,0.1505642980337143
sun3d-hotel_uc-scan3,35,53,0.3342518344221183,"[0.30,1.00]",0.9218749999999963,1.0,0.589,1,1.0,4.031674820842752,0.1240837574005127
sun3d-hotel_uc-scan3,36,37,0.2826595276017486,"[0.25,0.30)",0.8046874999999968,1.0,0.5755,0,,,
sun3d-hotel_uc-scan3,36,43,0.3850011860788234,"[0.30,1.00]",0.7656249999999969,1.0,0.609,1,1.0,2.2487274100336325,0.10826320946216583
sun3d-hotel_uc-scan3,36,44,0.4400352434850385,"[0.30,1.00]",0.8632812499999966,1.0,0.6785,1,1.0,1.9266104677724178,0.09089051187038422
sun3d-hotel_uc-scan3,36,45,0.4273611440577451,"[0.30,1.00]",0.8828124999999964,1.0,0.6705,1,1.0,2.3206870899283905,0.10659252107143402
sun3d-hotel_uc-scan3,37,42,0.2769546236274639,"[0.25,0.30)",0.6093749999999976,1.0,0.532,1,1.0,1.0568438473379882,0.04726468399167061
sun3d-hotel_uc-scan3,37,43,0.25115756052387883,"[0.25,0.30)",0.5703124999999977,1.0,0.417,1,1.0,2.310713689614012,0.04435267671942711
sun3d-hotel_uc-scan3,37,44,0.21008069850509326,"[0.20,0.25)",0.45703124999999817,1.0,0.348,1,1.0,5.272211101064089,0.14386403560638428
sun3d-hotel_uc-scan3,38,42,0.33109664496745117,"[0.30,1.00]",0.6171874999999976,1.0,0.609,1,1.0,1.6837690829670031,0.057790227234363556
sun3d-hotel_uc-scan3,39,44,0.3348001466813348,"[0.30,1.00]",0.6132812499999976,1.0,0.5105,1,1.0,3.083118327121138,0.038937147706747055
sun3d-hotel_uc-scan3,3,11,0.38215482841181164,"[0.30,1.00]",0.9531249999999962,1.0,0.7745,1,1.0,2.449364948986282,0.09414274990558624
sun3d-hotel_uc-scan3,3,18,0.3309816440542698,"[0.30,1.00]",0.8281249999999967,1.0,0.5935,1,1.0,2.6568230161058612,0.12015225738286972
sun3d-hotel_uc-scan3,3,20,0.2435434956105347,"[0.20,0.25)",0.6679687499999973,1.0,0.4995,1,1.0,3.571057616109188,0.1405843198299408
sun3d-hotel_uc-scan3,3,34,0.3101675977653631,"[0.30,1.00]",0.7695312499999969,1.0,0.521,1,1.0,3.913966031336841,0.21090082824230194
sun3d-hotel_uc-scan3,3,36,0.28118116520351155,"[0.25,0.30)",0.8749999999999966,1.0,0.758,1,1.0,1.918058675147091,0.07035286724567413
sun3d-hotel_uc-scan3,3,43,0.2587709497206704,"[0.25,0.30)",0.8046874999999968,1.0,0.5965,1,1.0,3.060046616010802,0.1580076366662979
sun3d-hotel_uc-scan3,3,44,0.41136472466081403,"[0.30,1.00]",0.9023437499999964,1.0,0.723,1,1.0,3.718259088628282,0.19006818532943726
sun3d-hotel_uc-scan3,3,46,0.35195530726256985,"[0.30,1.00]",0.8437499999999967,1.0,0.664,1,1.0,4.857122424145145,0.1888975352048874
sun3d-hotel_uc-scan3,3,53,0.26100558659217876,"[0.25,0.30)",0.7695312499999969,1.0,0.5295,1,1.0,5.15122664759828,0.16418763995170593
sun3d-hotel_uc-scan3,40,43,0.41124235570076234,"[0.30,1.00]",0.749999999999997,1.0,0.6635,1,1.0,2.242452050058579,0.02113017626106739
sun3d-hotel_uc-scan3,40,44,0.26229370863701096,"[0.25,0.30)",0.5624999999999978,1.0,0.4435,1,1.0,2.9940827778628503,0.051776789128780365
sun3d-hotel_uc-scan3,41,44,0.3040212107821476,"[0.30,1.00]",0.6328124999999974,1.0,0.6085,1,1.0,1.6946591721270603,0.031644243746995926
sun3d-hotel_uc-scan3,42,45,0.39398862713241267,"[0.30,1.00]",0.7070312499999972,1.0,0.4995,1,1.0,2.320518406155271,0.08870866894721985
sun3d-hotel_uc-scan3,42,54,0.21635526672082317,"[0.20,0.25)",0.23437499999999906,1.0,0.1525,1,0.0,,
sun3d-hotel_uc-scan3,43,46,0.23913825672393632,"[0.20,0.25)",0.7734374999999969,1.0,0.591,1,1.0,1.6020554220373564,0.044211823493242264
sun3d-hotel_uc-scan3,43,53,0.26504452640100745,"[0.25,0.30)",0.746093749999997,1.0,0.6205,1,1.0,2.800860343193206,0.03529633581638336
sun3d-hotel_uc-scan3,44,46,0.2539479104682565,"[0.25,0.30)",0.742187499999997,1.0,0.6015,1,1.0,2.5283232885172997,0.08834616094827652
sun3d-hotel_uc-scan3,44,53,0.19920355197509956,"[0.15,0.20)",0.6757812499999973,1.0,0.5445,1,1.0,3.101982412209879,0.09143999218940735
sun3d-hotel_uc-scan3,45,53,0.32851181070459057,"[0.30,1.00]",0.9257812499999963,1.0,0.7455,1,1.0,3.1652060777916655,0.06112707778811455
sun3d-hotel_uc-scan3,46,48,0.17010309278350516,"[0.15,0.20)",0.0,0.0,0.0,1,0.0,,
sun3d-hotel_uc-scan3,47,54,0.2307137943459888,"[0.20,0.25)",0.6171874999999976,1.0,0.3915,1,1.0,6.072184720430719,0.23095189034938812
sun3d-hotel_uc-scan3,48,53,0.32699667221297835,"[0.30,1.00]",0.6835937499999972,1.0,0.355,1,1.0,4.719245954813117,0.15856164693832397
sun3d-hotel_uc-scan3,49,52,0.21028861571352217,"[0.20,0.25)",0.8632812499999966,1.0,0.809,1,1.0,3.116840822826924,0.13115306198596954
sun3d-hotel_uc-scan3,4,10,0.5031569536793876,"[0.30,1.00]",0.8671874999999966,1.0,0.7155,1,1.0,2.152859853365154,0.0595724955201149
sun3d-hotel_uc-scan3,4,19,0.4719226686036766,"[0.30,1.00]",0.7734374999999969,1.0,0.5075,1,1.0,0.7600182921835851,0.06795396655797958
sun3d-hotel_uc-scan3,4,38,0.25808794770073196,"[0.25,0.30)",0.6406249999999974,1.0,0.393,1,1.0,0.7656615186241912,0.009567874483764172
sun3d-hotel_uc-scan3,4,39,0.2880371011901436,"[0.25,0.30)",0.48437499999999806,1.0,0.301,1,1.0,1.5400225057963053,0.029026636853814125
sun3d-hotel_uc-scan3,4,40,0.20981170028496396,"[0.20,0.25)",0.3749999999999985,1.0,0.2975,1,1.0,2.1563116686021884,0.0664157047867775
sun3d-hotel_uc-scan3,4,41,0.21126445773034586,"[0.20,0.25)",0.48828124999999806,1.0,0.447,1,1.0,1.4377662192205691,0.03481603413820267
sun3d-hotel_uc-scan3,4,43,0.17243113370956026,"[0.15,0.20)",0.41406249999999833,1.0,0.2985,1,1.0,5.068945025477046,0.09817539155483246
sun3d-hotel_uc-scan3,4,44,0.2695982566910655,"[0.25,0.30)",0.4492187499999982,1.0,0.3175,1,1.0,3.8852426074330717,0.058675721287727356
sun3d-hotel_uc-scan3,4,45,0.27719729563614015,"[0.25,0.30)",0.4414062499999982,1.0,0.3725,1,1.0,1.6356615954463236,0.05555480718612671
sun3d-hotel_uc-scan3,4,7,0.2787059283678829,"[0.25,0.30)",0.7304687499999971,1.0,0.4815,1,1.0,1.2911945128423672,0.03935648873448372
sun3d-hotel_uc-scan3,4,8,0.31301335419344023,"[0.30,1.00]",0.6874999999999972,1.0,0.539,1,1.0,2.1770874814652705,0.06904587894678116
sun3d-hotel_uc-scan3,51,52,0.25661802685950413,"[0.25,0.30)",0.8710937499999966,1.0,0.8225,0,,,
sun3d-hotel_uc-scan3,5,36,0.331945889698231,"[0.30,1.00]",0.5781249999999977,1.0,0.289,1,1.0,2.963722431473177,0.18653292953968048
sun3d-hotel_uc-scan3,5,42,0.19302809573361082,"[0.15,0.20)",0.48828124999999806,1.0,0.396,1,1.0,4.794117052455362,0.12343760579824448
sun3d-hotel_uc-scan3,5,43,0.1817303404192062,"[0.15,0.20)",0.503906249999998,1.0,0.404,1,1.0,4.132611821507474,0.08996015042066574
sun3d-hotel_uc-scan3,5,44,0.18470343392299687,"[0.15,0.20)",0.4335937499999983,1.0,0.3885,1,1.0,6.221637593617895,0.1722961664199829
sun3d-hotel_uc-scan3,6,36,0.33980067228873034,"[0.30,1.00]",0.42187499999999833,1.0,0.2065,1,1.0,7.536973164797842,0.20392853021621704
sun3d-hotel_uc-scan3,6,42,0.2509288199563602,"[0.25,0.30)",0.6484374999999974,1.0,0.5575,1,1.0,1.9729831089921854,0.037049587815999985
sun3d-hotel_uc-scan3,6,43,0.23594975526331308,"[0.20,0.25)",0.6523437499999974,1.0,0.5285,1,1.0,1.5692264258461,0.026426127180457115
sun3d-hotel_uc-scan3,6,44,0.20905820605059858,"[0.20,0.25)",0.5585937499999978,1.0,0.4335,1,1.0,1.2078796830582812,0.045061685144901276
sun3d-hotel_uc-scan3,7,36,0.2550152820227841,"[0.25,0.30)",0.41406249999999833,1.0,0.177,1,0.0,,
sun3d-hotel_uc-scan3,7,42,0.3030286190608502,"[0.30,1.00]",0.753906249999997,1.0,0.629,1,1.0,1.7645835788819082,0.05782287195324898
sun3d-hotel_uc-scan3,7,43,0.1821061405946096,"[0.15,0.20)",0.39062499999999845,1.0,0.4215,1,1.0,1.5737095089381992,0.025914601981639862
sun3d-hotel_uc-scan3,8,10,0.22177670238506741,"[0.20,0.25)",0.5624999999999978,1.0,0.4575,1,1.0,2.680733454405746,0.05934823304414749
sun3d-hotel_uc-scan3,8,18,0.2017283097131006,"[0.20,0.25)",0.16015624999999936,0.0,0.034,1,0.0,,
sun3d-hotel_uc-scan3,8,20,0.21783615623919805,"[0.20,0.25)",0.042968749999999827,0.0,0.009,1,0.0,,
sun3d-hotel_uc-scan3,8,36,0.43249222260629105,"[0.30,1.00]",0.45312499999999817,1.0,0.217,1,0.0,,
sun3d-hotel_uc-scan3,8,43,0.3233321811268579,"[0.30,1.00]",0.6445312499999974,1.0,0.599,1,1.0,1.080283977281945,0.029798658564686775
sun3d-hotel_uc-scan3,8,44,0.25433805737988247,"[0.25,0.30)",0.507812499999998,1.0,0.479,1,1.0,3.4312520443552152,0.08884554356336594
sun3d-hotel_uc-scan3,9,18,0.32201209314293067,"[0.30,1.00]",0.6718749999999973,1.0,0.4445,1,1.0,2.1145181925332253,0.05387016013264656
sun3d-hotel_uc-scan3,9,19,0.334705604871564,"[0.30,1.00]",0.7968749999999968,1.0,0.507,1,1.0,2.2913201467459006,0.03936539590358734
sun3d-hotel_uc-scan3,9,20,0.42977829237960463,"[0.30,1.00]",0.7812499999999969,1.0,0.555,1,1.0,0.6262009246200564,0.05523382127285004
sun3d-hotel_uc-scan3,9,37,0.316694540932287,"[0.30,1.00]",0.8632812499999966,1.0,0.6695,1,1.0,1.2423805497772253,0.013457798399031162
sun3d-hotel_uc-scan3,9,38,0.23615935503237703,"[0.20,0.25)",0.8085937499999968,1.0,0.6605,1,1.0,0.6737661360111492,0.03403829410672188
sun3d-hotel_uc-scan3,9,39,0.2969681375702217,"[0.25,0.30)",0.8632812499999966,1.0,0.642,1,1.0,2.3088494798654717,0.0399223268032074
sun3d-hotel_uc-scan3,9,40,0.2305416184227454,"[0.20,0.25)",0.7734374999999969,1.0,0.6515,1,1.0,2.1082148785094863,0.056342173367738724
sun3d-hotel_uc-scan3,9,41,0.23615935503237703,"[0.20,0.25)",0.8437499999999967,1.0,0.7445,1,1.0,1.663658046665875,0.04095279797911644
sun3d-hotel_uc-scan3,9,42,0.29405206055148164,"[0.25,0.30)",0.7890624999999969,1.0,0.6625,1,1.0,1.9514395105362736,0.03208013251423836
sun3d-hotel_umd-maryland_hotel1,0,10,0.3479901393570458,"[0.30,1.00]",0.8515624999999966,1.0,0.6915,1,1.0,2.604890879264719,0.056617241352796555
sun3d-hotel_umd-maryland_hotel1,0,15,0.2427931780449766,"[0.20,0.25)",0.8281249999999967,1.0,0.6845,1,1.0,0.6065179198591212,0.01300044171512127
sun3d-hotel_umd-maryland_hotel1,0,23,0.45545102379634755,"[0.30,1.00]",0.7929687499999968,1.0,0.6315,1,1.0,2.4544738997014925,0.08476362377405167
sun3d-hotel_umd-maryland_hotel1,0,29,0.1740202243799366,"[0.15,0.20)",0.499999999999998,1.0,0.354,1,1.0,4.73292419950882,0.25014686584472656
sun3d-hotel_umd-maryland_hotel1,0,8,0.23092015897771292,"[0.20,0.25)",0.6484374999999974,1.0,0.568,1,1.0,3.3269607983185807,0.028624143451452255
sun3d-hotel_umd-maryland_hotel1,0,9,0.3225838909292147,"[0.30,1.00]",0.9140624999999963,1.0,0.806,1,1.0,3.0634992684670967,0.06196638196706772
sun3d-hotel_umd-maryland_hotel1,10,13,0.21318399696265009,"[0.20,0.25)",0.7773437499999969,1.0,0.5425,1,1.0,0.6230683031151382,0.019385961815714836
sun3d-hotel_umd-maryland_hotel1,10,14,0.36471928242608326,"[0.30,1.00]",0.8867187499999964,1.0,0.76,1,1.0,2.6534318170471702,0.08659171313047409
sun3d-hotel_umd-maryland_hotel1,10,19,0.12287029566703052,"[0.00,0.15)",0.031249999999999875,0.0,0.002,1,0.0,,
sun3d-hotel_umd-maryland_hotel1,10,20,0.21854681790138106,"[0.20,0.25)",0.14062499999999944,1.0,0.0705,1,0.0,,
sun3d-hotel_umd-maryland_hotel1,10,21,0.1752645816525082,"[0.15,0.20)",0.1249999999999995,0.0,0.0255,1,0.0,,
sun3d-hotel_umd-maryland_hotel1,10,23,0.17013905367566798,"[0.15,0.20)",0.36718749999999856,1.0,0.1995,1,1.0,3.211015512416433,0.11069753021001816
sun3d-hotel_umd-maryland_hotel1,10,24,0.23748279626026292,"[0.20,0.25)",0.753906249999997,1.0,0.608,1,1.0,1.6139820413135357,0.06812353432178497
sun3d-hotel_umd-maryland_hotel1,10,25,0.34046794172084854,"[0.30,1.00]",0.8828124999999964,1.0,0.72,1,1.0,1.5466161488959151,0.06219370290637016
sun3d-hotel_umd-maryland_hotel1,10,29,0.3111385316311518,"[0.30,1.00]",0.3164062499999987,1.0,0.314,1,1.0,0.373253122200151,0.05875073000788689
sun3d-hotel_umd-maryland_hotel1,11,17,0.4510515512984502,"[0.30,1.00]",0.9296874999999963,1.0,0.82,1,1.0,1.6459188262049742,0.06397568434476852
sun3d-hotel_umd-maryland_hotel1,11,18,0.3331052741172621,"[0.30,1.00]",0.8749999999999966,1.0,0.715,1,1.0,2.048704026834047,0.06726463884115219
sun3d-hotel_umd-maryland_hotel1,11,27,0.29782550495285126,"[0.25,0.30)",0.35937499999999856,1.0,0.1965,1,1.0,5.130722340426619,0.11048847436904907
sun3d-hotel_umd-maryland_hotel1,11,28,0.42255406490763603,"[0.30,1.00]",0.48437499999999806,1.0,0.3915,1,1.0,2.2626103739265835,0.08004746586084366
sun3d-hotel_umd-maryland_hotel1,11,32,0.3010381652140286,"[0.30,1.00]",0.5429687499999978,1.0,0.2795,1,1.0,3.746797408016324,0.11127576977014542
sun3d-hotel_umd-maryland_hotel1,12,15,0.1852802945879161,"[0.15,0.20)",0.48046874999999806,1.0,0.3505,1,1.0,7.187527074246245,0.06739790737628937
sun3d-hotel_umd-maryland_hotel1,12,23,0.2818450506322981,"[0.25,0.30)",0.3242187499999987,1.0,0.199,1,0.0,,
sun3d-hotel_umd-maryland_hotel1,12,27,0.2574737148117641,"[0.25,0.30)",0.5742187499999977,1.0,0.345,1,1.0,3.4246266863600887,0.14353406429290771
sun3d-hotel_umd-maryland_hotel1,12,28,0.2728814380541693,"[0.25,0.30)",0.6640624999999973,1.0,0.4645,1,1.0,3.756609578840372,0.1572684645652771
sun3d-hotel_umd-maryland_hotel1,12,29,0.1709869664227918,"[0.15,0.20)",0.28515624999999883,1.0,0.223,1,0.0,,
sun3d-hotel_umd-maryland_hotel1,13,25,0.12242268041237113,"[0.00,0.15)",0.17968749999999928,0.0,0.048,1,0.0,,
sun3d-hotel_umd-maryland_hotel1,13,26,0.21311766797013865,"[0.20,0.25)",0.027343749999999892,0.0,0.0015,1,0.0,,
sun3d-hotel_umd-maryland_hotel1,14,15,0.3576687432425475,"[0.30,1.00]",0.9179687499999963,1.0,0.7335,0,,,
sun3d-hotel_umd-maryland_hotel1,14,29,0.17494722751377234,"[0.15,0.20)",0.32812499999999867,1.0,0.2205,1,1.0,3.1561629771461734,0.16911178827285767
sun3d-hotel_umd-maryland_hotel1,15,24,0.2767853280851248,"[0.25,0.30)",0.7968749999999968,1.0,0.599,1,1.0,3.990763090272134,0.17619331181049347
sun3d-hotel_umd-maryland_hotel1,15,25,0.34309442449932953,"[0.30,1.00]",0.8632812499999966,1.0,0.6875,1,1.0,4.447436872626712,0.18739928305149078
sun3d-hotel_umd-maryland_hotel1,17,18,0.15087602505522438,"[0.15,0.20)",0.8320312499999967,1.0,0.617,0,,,
sun3d-hotel_umd-maryland_hotel1,17,22,0.23838775077919327,"[0.20,0.25)",0.9492187499999962,1.0,0.824,1,1.0,0.9614411901291954,0.04969656467437744
sun3d-hotel_umd-maryland_hotel1,17,27,0.3875086997306866,"[0.30,1.00]",0.9492187499999962,1.0,0.7095,1,1.0,1.7853120417923956,0.02662946656346321
sun3d-hotel_umd-maryland_hotel1,17,29,0.19157563470209096,"[0.15,0.20)",0.32812499999999867,1.0,0.323,1,1.0,2.5938968946803964,0.18548274040222168
sun3d-hotel_umd-maryland_hotel1,17,32,0.24522649559717977,"[0.20,0.25)",0.7812499999999969,1.0,0.484,1,1.0,3.0362840432337617,0.04972749575972557
sun3d-hotel_umd-maryland_hotel1,18,19,0.2607585591682303,"[0.25,0.30)",0.8359374999999967,1.0,0.614,0,,,
sun3d-hotel_umd-maryland_hotel1,18,27,0.1710295610446338,"[0.15,0.20)",0.5195312499999979,1.0,0.436,1,1.0,4.910713139208953,0.06006686016917229
sun3d-hotel_umd-maryland_hotel1,18,28,0.23476575717493617,"[0.20,0.25)",0.8476562499999966,1.0,0.6295,1,1.0,1.5359508136461906,0.021110929548740387
sun3d-hotel_umd-maryland_hotel1,18,32,0.33655295456642775,"[0.30,1.00]",0.6992187499999972,1.0,0.57,1,1.0,1.7121221648295382,0.05504065752029419
sun3d-hotel_umd-maryland_hotel1,18,33,0.4592881971146452,"[0.30,1.00]",0.9101562499999963,1.0,0.725,1,1.0,0.9134312840115117,0.03834180906414986
sun3d-hotel_umd-maryland_hotel1,18,35,0.42945030606908857,"[0.30,1.00]",0.9218749999999963,1.0,0.72,1,1.0,0.40638233191796724,0.038988228887319565
sun3d-hotel_umd-maryland_hotel1,18,36,0.17376726444984467,"[0.15,0.20)",0.12890624999999947,0.0,0.0235,1,0.0,,
sun3d-hotel_umd-maryland_hotel1,19,20,0.22595214313631823,"[0.20,0.25)",0.8124999999999968,1.0,0.667,0,,,
sun3d-hotel_umd-maryland_hotel1,19,30,0.4763104182047162,"[0.30,1.00]",0.9140624999999963,1.0,0.634,1,1.0,2.07754219486198,0.09150786697864532
sun3d-hotel_umd-maryland_hotel1,19,35,0.15203891084379206,"[0.15,0.20)",0.4492187499999982,1.0,0.304,1,1.0,6.2662253430816355,0.07680714130401611
sun3d-hotel_umd-maryland_hotel1,19,36,0.16610934989360315,"[0.15,0.20)",0.26953124999999895,1.0,0.118,1,1.0,3.921064120873034,0.06711166352033615
sun3d-hotel_umd-maryland_hotel1,19,37,0.16237460372606072,"[0.15,0.20)",0.03515624999999986,0.0,0.008,1,0.0,,
sun3d-hotel_umd-maryland_hotel1,1,26,0.2913265953397894,"[0.25,0.30)",0.6992187499999972,1.0,0.6,1,1.0,1.2960352026130788,0.05526750162243843
sun3d-hotel_umd-maryland_hotel1,22,27,0.30940401823400304,"[0.30,1.00]",0.6054687499999976,1.0,0.4285,1,1.0,1.91417746055559,0.04557667672634125
sun3d-hotel_umd-maryland_hotel1,22,33,0.4533175755529293,"[0.30,1.00]",0.7851562499999969,1.0,0.6745,1,1.0,2.2648583218805367,0.08735521882772446
sun3d-hotel_umd-maryland_hotel1,22,35,0.3618436603072767,"[0.30,1.00]",0.8203124999999967,1.0,0.5965,1,1.0,2.6665303555800373,0.09505385160446167
sun3d-hotel_umd-maryland_hotel1,23,24,0.4644662275999387,"[0.30,1.00]",0.8945312499999964,1.0,0.764,0,,,
sun3d-hotel_umd-maryland_hotel1,23,25,0.5224383519681421,"[0.30,1.00]",0.9218749999999963,1.0,0.7265,1,1.0,2.089940184373139,0.0889793261885643
sun3d-hotel_umd-maryland_hotel1,23,26,0.31294991576045333,"[0.30,1.00]",0.7187499999999971,1.0,0.4415,1,1.0,1.4550837336546658,0.12462767958641052
sun3d-hotel_umd-maryland_hotel1,23,29,0.19953285342318886,"[0.15,0.20)",0.23828124999999906,1.0,0.1905,1,0.0,,
sun3d-hotel_umd-maryland_hotel1,25,27,0.1641298609889143,"[0.15,0.20)",0.33984374999999867,1.0,0.1175,1,0.0,,
sun3d-hotel_umd-maryland_hotel1,25,29,0.3301513285236671,"[0.30,1.00]",0.8242187499999967,1.0,0.607,1,1.0,1.4985468765690224,0.09080967307090759
sun3d-hotel_umd-maryland_hotel1,25,32,0.18190216434981524,"[0.15,0.20)",0.5156249999999979,1.0,0.283,1,1.0,3.2297394848812924,0.0639733299612999
sun3d-hotel_umd-maryland_hotel1,26,27,0.2789505535580791,"[0.25,0.30)",0.9179687499999963,1.0,0.703,0,,,
sun3d-hotel_umd-maryland_hotel1,26,32,0.3313516784735325,"[0.30,1.00]",0.8984374999999964,1.0,0.6865,1,1.0,1.4777699104757467,0.05227799713611603
sun3d-hotel_umd-maryland_hotel1,28,33,0.121878257716539,"[0.00,0.15)",0.5781249999999977,1.0,0.504,1,1.0,5.015556441395173,0.18398812413215637
sun3d-hotel_umd-maryland_hotel1,2,12,0.23825061537580858,"[0.20,0.25)",0.511718749999998,1.0,0.2735,1,1.0,5.656379069278307,0.17385099828243256
sun3d-hotel_umd-maryland_hotel1,2,23,0.4275860095025474,"[0.30,1.00]",0.8554687499999966,1.0,0.678,1,1.0,2.3408409433131143,0.12063037604093552
sun3d-hotel_umd-maryland_hotel1,2,24,0.18644455893296696,"[0.15,0.20)",0.7226562499999971,1.0,0.4585,1,0.0,,
sun3d-hotel_umd-maryland_hotel1,2,25,0.18512794092392237,"[0.15,0.20)",0.738281249999997,1.0,0.6165,1,1.0,5.179146016741459,0.24468618631362915
sun3d-hotel_umd-maryland_hotel1,2,3,0.22036178373118095,"[0.20,0.25)",0.8945312499999964,1.0,0.8065,0,,,
sun3d-hotel_umd-maryland_hotel1,32,33,0.1940245208903702,"[0.15,0.20)",0.8320312499999967,1.0,0.6995,0,,,
sun3d-hotel_umd-maryland_hotel1,35,36,0.24189993387701125,"[0.20,0.25)",0.4257812499999983,1.0,0.251,0,,,
sun3d-hotel_umd-maryland_hotel1,35,37,0.19230769230769232,"[0.15,0.20)",0.23046874999999908,1.0,0.1125,1,1.0,6.279977276393138,0.10694385319948196
sun3d-hotel_umd-maryland_hotel1,36,38,0.41469440832249677,"[0.30,1.00]",0.8164062499999968,1.0,0.6805,1,1.0,0.30518745262248165,0.04159114509820938
sun3d-hotel_umd-maryland_hotel1,36,39,0.3001950585175553,"[0.30,1.00]",0.6015624999999976,1.0,0.561,1,1.0,2.119141026299457,0.09418683499097824
sun3d-hotel_umd-maryland_hotel1,36,42,0.24226267880364108,"[0.20,0.25)",0.13281249999999947,1.0,0.2165,1,0.0,,
sun3d-hotel_umd-maryland_hotel1,36,53,0.19193758127438232,"[0.15,0.20)",0.015624999999999938,0.0,0.0005,1,0.0,,
sun3d-hotel_umd-maryland_hotel1,36,55,0.4334850455136541,"[0.30,1.00]",0.011718749999999953,0.0,0.0,1,0.0,,
sun3d-hotel_umd-maryland_hotel1,36,56,0.3544213263979194,"[0.30,1.00]",0.6249999999999976,1.0,0.552,1,1.0,2.7057351590872254,0.16352307796478271
sun3d-hotel_umd-maryland_hotel1,37,38,0.41950369637896123,"[0.30,1.00]",0.7265624999999971,1.0,0.6535,0,,,
sun3d-hotel_umd-maryland_hotel1,37,39,0.34388096247115885,"[0.30,1.00]",0.6679687499999973,1.0,0.5385,1,1.0,2.0715043503211406,0.09855152666568756
sun3d-hotel_umd-maryland_hotel1,37,41,0.4812826670433677,"[0.30,1.00]",0.8242187499999967,1.0,0.735,1,1.0,2.8446873763241256,0.062420979142189026
sun3d-hotel_umd-maryland_hotel1,37,42,0.21848660356924235,"[0.20,0.25)",0.42187499999999833,1.0,0.409,1,1.0,10.04838999776238,0.16696619987487793
sun3d-hotel_umd-maryland_hotel1,37,55,0.33841879738192776,"[0.30,1.00]",0.019531249999999924,0.0,0.0,1,0.0,,
sun3d-hotel_umd-maryland_hotel1,37,56,0.44252954748787493,"[0.30,1.00]",0.6718749999999973,1.0,0.4885,1,1.0,2.2124011504292653,0.16904045641422272
sun3d-hotel_umd-maryland_hotel1,38,55,0.2781228433402346,"[0.25,0.30)",0.0,0.0,0.0,1,0.0,,
sun3d-hotel_umd-maryland_hotel1,3,11,0.2787503587388791,"[0.25,0.30)",0.7148437499999971,1.0,0.629,1,1.0,1.5679788507959738,0.04689355939626694
sun3d-hotel_umd-maryland_hotel1,3,15,0.1662498462547661,"[0.15,0.20)",0.5390624999999979,1.0,0.4665,1,1.0,2.155948579761791,0.04492214322090149
sun3d-hotel_umd-maryland_hotel1,3,23,0.22746094871058997,"[0.20,0.25)",0.08984374999999964,1.0,0.0615,1,0.0,,
sun3d-hotel_umd-maryland_hotel1,3,27,0.25124021155344184,"[0.25,0.30)",0.738281249999997,1.0,0.5575,1,1.0,3.008562635242685,0.13572801649570465
sun3d-hotel_umd-maryland_hotel1,3,28,0.2782173752613669,"[0.25,0.30)",0.7070312499999972,1.0,0.555,1,1.0,1.0711887188002118,0.07764147222042084
sun3d-hotel_umd-maryland_hotel1,40,41,0.29481710084414997,"[0.25,0.30)",0.6640624999999973,1.0,0.56,0,,,
sun3d-hotel_umd-maryland_hotel1,41,42,0.1807839603514305,"[0.15,0.20)",0.21093749999999917,1.0,0.307,0,,,
sun3d-hotel_umd-maryland_hotel1,41,53,0.156341518359991,"[0.15,0.20)",0.0,0.0,0.0,1,0.0,,
sun3d-hotel_umd-maryland_hotel1,41,55,0.36258166253660734,"[0.30,1.00]",0.04687499999999981,0.0,0.0,1,0.0,,
sun3d-hotel_umd-maryland_hotel1,42,53,0.3079808413641872,"[0.30,1.00]",0.1249999999999995,1.0,0.076,1,0.0,,
sun3d-hotel_umd-maryland_hotel1,42,55,0.4190663050377979,"[0.30,1.00]",0.33203124999999867,1.0,0.269,1,1.0,3.567546841426481,0.0390203632414341
sun3d-hotel_umd-maryland_hotel1,43,45,0.26267435997983307,"[0.25,0.30)",0.5937499999999977,1.0,0.4995,1,1.0,6.986569292626842,0.1050998866558075
sun3d-hotel_umd-maryland_hotel1,43,48,0.3270405019326648,"[0.30,1.00]",0.6171874999999976,1.0,0.4465,1,1.0,2.8795682347006504,0.0649925023317337
sun3d-hotel_umd-maryland_hotel1,43,49,0.3002632905719568,"[0.30,1.00]",0.7031249999999972,1.0,0.6515,1,1.0,3.807040661504217,0.05760742351412773
sun3d-hotel_umd-maryland_hotel1,43,53,0.17517225925718446,"[0.15,0.20)",0.054687499999999785,0.0,0.041,1,0.0,,
sun3d-hotel_umd-maryland_hotel1,43,55,0.2761750042014453,"[0.25,0.30)",0.41406249999999833,1.0,0.3615,1,1.0,1.7148632282995582,0.036307841539382935
sun3d-hotel_umd-maryland_hotel1,44,45,0.2122741569746178,"[0.20,0.25)",0.5468749999999978,1.0,0.488,0,,,
sun3d-hotel_umd-maryland_hotel1,44,47,0.23173140223831468,"[0.20,0.25)",0.6210937499999976,1.0,0.5725,1,1.0,4.0271063390201975,0.0709809884428978
sun3d-hotel_umd-maryland_hotel1,44,52,0.13503035622851292,"[0.00,0.15)",0.019531249999999924,0.0,0.011,1,0.0,,
sun3d-hotel_umd-maryland_hotel1,45,46,0.20804250442754454,"[0.20,0.25)",0.3476562499999986,1.0,0.3675,0,,,
sun3d-hotel_umd-maryland_hotel1,47,48,0.27543763676148797,"[0.25,0.30)",0.33984374999999867,1.0,0.373,0,,,
sun3d-hotel_umd-maryland_hotel1,47,56,0.22579321663019694,"[0.20,0.25)",0.2812499999999989,1.0,0.218,1,0.0,,
sun3d-hotel_umd-maryland_hotel1,48,49,0.146782431052094,"[0.00,0.15)",0.3085937499999988,1.0,0.2145,0,,,
sun3d-hotel_umd-maryland_hotel1,49,54,0.21372916461189467,"[0.20,0.25)",0.32812499999999867,1.0,0.271,1,1.0,7.338261917957372,0.07821812480688095
sun3d-hotel_umd-maryland_hotel1,4,11,0.3683566181765807,"[0.30,1.00]",0.7187499999999971,1.0,0.5945,1,1.0,2.391301363274345,0.05901793763041496
sun3d-hotel_umd-maryland_hotel1,4,12,0.40295981564165345,"[0.30,1.00]",0.6054687499999976,1.0,0.449,1,1.0,1.544336919046614,0.03558701276779175
sun3d-hotel_umd-maryland_hotel1,4,16,0.30055451533919053,"[0.30,1.00]",0.7734374999999969,1.0,0.5685,1,1.0,2.5946513923573438,0.06527700275182724
sun3d-hotel_umd-maryland_hotel1,4,28,0.25676940803687165,"[0.25,0.30)",0.6289062499999974,1.0,0.4995,1,1.0,1.770783380478238,0.06632755696773529
sun3d-hotel_umd-maryland_hotel1,50,55,0.30276513825691287,"[0.30,1.00]",0.6132812499999976,1.0,0.5035,1,1.0,1.5223855718699422,0.0491260327398777
sun3d-hotel_umd-maryland_hotel1,51,55,0.24275510204081632,"[0.20,0.25)",0.4765624999999981,1.0,0.4175,1,1.0,2.1907095065171176,0.053491849452257156
sun3d-hotel_umd-maryland_hotel1,52,53,0.125,"[0.00,0.15)",0.1249999999999995,1.0,0.098,0,,,
sun3d-hotel_umd-maryland_hotel1,52,54,0.13370760769935838,"[0.00,0.15)",0.0,0.0,0.0,1,0.0,,
sun3d-hotel_umd-maryland_hotel1,54,55,0.2963492597577389,"[0.25,0.30)",0.38671874999999845,1.0,0.371,0,,,
sun3d-hotel_umd-maryland_hotel1,5,27,0.3073561946902655,"[0.30,1.00]",0.8749999999999966,1.0,0.7035,1,1.0,2.488685172364317,0.030874356627464294
sun3d-hotel_umd-maryland_hotel1,5,33,0.3422013274336283,"[0.30,1.00]",0.738281249999997,1.0,0.5515,1,1.0,4.40335454654393,0.0655306875705719
sun3d-hotel_umd-maryland_hotel1,5,34,0.13113938053097346,"[0.00,0.15)",0.28515624999999883,1.0,0.0795,1,0.0,,
sun3d-hotel_umd-maryland_hotel1,5,35,0.23152654867256636,"[0.20,0.25)",0.6171874999999976,1.0,0.5385,1,1.0,4.239192016044231,0.06678763777017593
sun3d-hotel_umd-maryland_hotel1,5,7,0.1230641592920354,"[0.00,0.15)",0.0,0.0,0.0,1,0.0,,
sun3d-hotel_umd-maryland_hotel1,6,19,0.2672734573684915,"[0.25,0.30)",0.7656249999999969,1.0,0.4725,1,1.0,2.192674108070369,0.09817931056022644
sun3d-hotel_umd-maryland_hotel1,6,22,0.39060366751438896,"[0.30,1.00]",0.8554687499999966,1.0,0.6625,1,1.0,1.932088068242011,0.1462276428937912
sun3d-hotel_umd-maryland_hotel1,6,33,0.3340650515325927,"[0.30,1.00]",0.9257812499999963,1.0,0.7385,1,1.0,0.5941319352659642,0.04128342494368553
sun3d-hotel_umd-maryland_hotel1,6,34,0.32250033462722527,"[0.30,1.00]",0.7695312499999969,1.0,0.4715,1,1.0,3.2056457396718763,0.06244202330708504
sun3d-hotel_umd-maryland_hotel1,6,35,0.3395261678490162,"[0.30,1.00]",0.9218749999999963,1.0,0.713,1,1.0,0.6280729981118316,0.031982265412807465
sun3d-hotel_umd-maryland_hotel1,6,36,0.16335162628831482,"[0.15,0.20)",0.019531249999999924,0.0,0.0,1,0.0,,
sun3d-hotel_umd-maryland_hotel1,6,37,0.16217373845536073,"[0.15,0.20)",0.0,0.0,0.0,1,0.0,,
sun3d-hotel_umd-maryland_hotel1,6,7,0.20637130236916076,"[0.20,0.25)",0.8085937499999968,1.0,0.576,0,,,
sun3d-hotel_umd-maryland_hotel1,7,10,0.22347324447980904,"[0.20,0.25)",0.6718749999999973,1.0,0.4495,1,1.0,1.9172422300336807,0.08446113765239716
sun3d-hotel_umd-maryland_hotel1,7,11,0.16403421523771633,"[0.15,0.20)",0.6249999999999976,1.0,0.536,1,1.0,4.073234084485945,0.1151234433054924
sun3d-hotel_umd-maryland_hotel1,7,13,0.2369604137656654,"[0.20,0.25)",0.7812499999999969,1.0,0.574,1,1.0,2.7544900388900078,0.17214500904083252
sun3d-hotel_umd-maryland_hotel1,7,18,0.4014322657648697,"[0.30,1.00]",0.6757812499999973,1.0,0.5685,1,1.0,0.4571402513232391,0.04850652813911438
sun3d-hotel_umd-maryland_hotel1,7,20,0.15563954644917447,"[0.15,0.20)",0.5546874999999978,1.0,0.405,1,1.0,1.9704023633619394,0.06502654403448105
sun3d-hotel_umd-maryland_hotel1,7,21,0.29624030236721705,"[0.25,0.30)",0.8046874999999968,1.0,0.568,1,1.0,0.8722279639152607,0.040789905935525894
sun3d-hotel_umd-maryland_hotel1,7,22,0.23966580465486373,"[0.20,0.25)",0.4765624999999981,1.0,0.4905,1,1.0,2.3421783709460224,0.08917351067066193
sun3d-hotel_umd-maryland_hotel1,7,29,0.21889795106425303,"[0.20,0.25)",0.13671874999999944,1.0,0.1235,1,0.0,,
sun3d-hotel_umd-maryland_hotel1,7,30,0.451362641734633,"[0.30,1.00]",0.8476562499999966,1.0,0.6755,1,1.0,1.3184890943903003,0.0202438123524189
sun3d-hotel_umd-maryland_hotel1,7,31,0.37067833698030633,"[0.30,1.00]",0.757812499999997,1.0,0.578,1,1.0,1.2918005908850623,0.0447578951716423
sun3d-hotel_umd-maryland_hotel1,7,32,0.23930773821364631,"[0.20,0.25)",0.4335937499999983,1.0,0.352,1,1.0,3.4474190656349006,0.04161860793828964
sun3d-hotel_umd-maryland_hotel1,7,36,0.2057290630594788,"[0.20,0.25)",0.48437499999999806,1.0,0.2865,1,1.0,3.9388031863073647,0.10531917214393616
sun3d-hotel_umd-maryland_hotel1,7,37,0.1665406803262383,"[0.15,0.20)",0.3437499999999986,1.0,0.22,1,1.0,6.350947512367382,0.16328316926956177
sun3d-hotel_umd-maryland_hotel1,7,8,0.35635567933160933,"[0.30,1.00]",0.8164062499999968,1.0,0.4885,0,,,
sun3d-hotel_umd-maryland_hotel1,7,9,0.2152775014919435,"[0.20,0.25)",0.3046874999999988,1.0,0.2125,1,1.0,3.4702876040179618,0.12121129035949707
sun3d-hotel_umd-maryland_hotel1,8,10,0.38664636798608093,"[0.30,1.00]",0.9609374999999961,1.0,0.75,1,1.0,2.0574740019599087,0.0917544737458229
sun3d-hotel_umd-maryland_hotel1,8,19,0.24580252283601567,"[0.20,0.25)",0.8007812499999968,1.0,0.521,1,1.0,5.9328667894541125,0.1774267703294754
sun3d-hotel_umd-maryland_hotel1,8,20,0.18177468464549804,"[0.15,0.20)",0.746093749999997,1.0,0.5305,1,1.0,2.1185868186089607,0.07015720754861832
sun3d-hotel_umd-maryland_hotel1,8,21,0.3031535450195737,"[0.30,1.00]",0.8359374999999967,1.0,0.5465,1,1.0,5.463715973076473,0.14006900787353516
sun3d-hotel_umd-maryland_hotel1,8,26,0.2326011309264898,"[0.20,0.25)",0.7929687499999968,1.0,0.6115,1,1.0,2.6707845523038443,0.11436790227890015
sun3d-hotel_umd-maryland_hotel1,8,31,0.3832753371030883,"[0.30,1.00]",0.7226562499999971,1.0,0.4385,1,1.0,7.535827474777273,0.3046501576900482
sun3d-hotel_umd-maryland_hotel1,9,14,0.34828225649033767,"[0.30,1.00]",0.9062499999999963,1.0,0.856,1,1.0,2.5431438535421207,0.0376320406794548
sun3d-hotel_umd-maryland_hotel1,9,19,0.15445051727503417,"[0.15,0.20)",0.249999999999999,1.0,0.1455,1,0.0,,
sun3d-hotel_umd-maryland_hotel1,9,20,0.29191879757954325,"[0.25,0.30)",0.6523437499999974,1.0,0.5225,1,1.0,2.15267802562775,0.05247700214385986
sun3d-hotel_umd-maryland_hotel1,9,21,0.23077298457934803,"[0.20,0.25)",0.4023437499999984,1.0,0.2505,1,1.0,3.388302620566004,0.13780556619167328
sun3d-hotel_umd-maryland_hotel1,9,24,0.24721842670310365,"[0.20,0.25)",0.8710937499999966,1.0,0.768,1,1.0,1.931480212801516,0.03481503576040268
sun3d-hotel_umd-maryland_hotel1,9,25,0.37429240679289477,"[0.30,1.00]",0.9179687499999963,1.0,0.8335,1,1.0,2.03624730355794,0.04741751030087471
sun3d-hotel_umd-maryland_hotel1,9,29,0.2516591840718329,"[0.25,0.30)",0.6249999999999976,1.0,0.484,1,1.0,3.1716320295576255,0.16033385694026947
sun3d-hotel_umd-maryland_hotel1,9,31,0.23282256490337694,"[0.20,0.25)",0.5468749999999978,1.0,0.2665,1,0.0,,
sun3d-hotel_umd-maryland_hotel3,0,11,0.36473924228250704,"[0.30,1.00]",0.7343749999999971,1.0,0.5155,1,1.0,3.7782311682489027,0.08140386641025543
sun3d-hotel_umd-maryland_hotel3,0,27,0.21167563143124415,"[0.20,0.25)",0.015624999999999938,0.0,0.002,1,0.0,,
sun3d-hotel_umd-maryland_hotel3,10,11,0.33364854215918044,"[0.30,1.00]",0.9414062499999962,1.0,0.705,0,,,
sun3d-hotel_umd-maryland_hotel3,10,13,0.18652482269503545,"[0.15,0.20)",0.7695312499999969,1.0,0.51,1,1.0,1.6707010117758014,0.07774288207292557
sun3d-hotel_umd-maryland_hotel3,10,17,0.28286052009456264,"[0.25,0.30)",0.503906249999998,1.0,0.198,1,1.0,0.7348863866635044,0.06806232780218124
sun3d-hotel_umd-maryland_hotel3,11,14,0.41151015125778534,"[0.30,1.00]",0.9765624999999961,1.0,0.7405,1,1.0,2.038744734485737,0.06707311421632767
sun3d-hotel_umd-maryland_hotel3,11,27,0.2952762274528836,"[0.25,0.30)",0.027343749999999892,0.0,0.0045,1,0.0,,
sun3d-hotel_umd-maryland_hotel3,12,27,0.25419992186191886,"[0.25,0.30)",0.015624999999999938,0.0,0.006,1,0.0,,
sun3d-hotel_umd-maryland_hotel3,13,14,0.24850477532487866,"[0.20,0.25)",0.8554687499999966,1.0,0.6475,0,,,
sun3d-hotel_umd-maryland_hotel3,13,27,0.2580554250821982,"[0.25,0.30)",0.007812499999999969,0.0,0.0015,1,0.0,,
sun3d-hotel_umd-maryland_hotel3,14,16,0.32032353944355113,"[0.30,1.00]",0.6328124999999974,1.0,0.486,1,1.0,1.5415466183574906,0.04460208863019943
sun3d-hotel_umd-maryland_hotel3,14,17,0.2856794815572772,"[0.25,0.30)",0.41406249999999833,1.0,0.2415,1,1.0,3.1298779488329065,0.08165854960680008
sun3d-hotel_umd-maryland_hotel3,16,18,0.22767750845278348,"[0.20,0.25)",0.6249999999999976,1.0,0.4775,1,1.0,1.9286410219330186,0.037319108843803406
sun3d-hotel_umd-maryland_hotel3,16,19,0.23172532025334538,"[0.20,0.25)",0.6054687499999976,1.0,0.451,1,1.0,1.5339109155089745,0.03507338836789131
sun3d-hotel_umd-maryland_hotel3,18,20,0.3292668957617411,"[0.30,1.00]",0.7304687499999971,1.0,0.468,1,1.0,2.9730869381890606,0.05095236003398895
sun3d-hotel_umd-maryland_hotel3,1,11,0.15012398851474812,"[0.15,0.20)",0.21484374999999914,1.0,0.1595,1,0.0,,
sun3d-hotel_umd-maryland_hotel3,1,12,0.368474288697468,"[0.30,1.00]",0.6523437499999974,1.0,0.4625,1,1.0,4.771261492176505,0.135614812374115
sun3d-hotel_umd-maryland_hotel3,1,13,0.27864787261811536,"[0.25,0.30)",0.5898437499999977,1.0,0.5025,1,1.0,4.329702857384535,0.1487346887588501
sun3d-hotel_umd-maryland_hotel3,20,33,0.24763718953769506,"[0.20,0.25)",0.0,0.0,0.0,1,0.0,,
sun3d-hotel_umd-maryland_hotel3,20,34,0.32837570517986664,"[0.30,1.00]",0.21484374999999914,1.0,0.1855,1,1.0,1.8623558769509618,0.07078136503696442
sun3d-hotel_umd-maryland_hotel3,20,36,0.21686570444721226,"[0.20,0.25)",0.015624999999999938,0.0,0.022,1,0.0,,
sun3d-hotel_umd-maryland_hotel3,21,24,0.3509577915419008,"[0.30,1.00]",0.8789062499999964,1.0,0.754,1,1.0,2.636855868977684,0.04129451513290405
sun3d-hotel_umd-maryland_hotel3,21,29,0.33065343123179786,"[0.30,1.00]",0.8554687499999966,1.0,0.714,1,1.0,2.448405834631882,0.026393868029117584
sun3d-hotel_umd-maryland_hotel3,21,30,0.3324172443496452,"[0.30,1.00]",0.7773437499999969,1.0,0.6865,1,1.0,2.0443049368110118,0.039535488933324814
sun3d-hotel_umd-maryland_hotel3,21,31,0.3793428770663276,"[0.30,1.00]",0.6601562499999973,1.0,0.6125,1,1.0,1.9131547801157207,0.03160826116800308
sun3d-hotel_umd-maryland_hotel3,22,24,0.35729363404066217,"[0.30,1.00]",0.8828124999999964,1.0,0.7955,1,1.0,2.569788421533227,0.04112934693694115
sun3d-hotel_umd-maryland_hotel3,22,27,0.3162241232455653,"[0.30,1.00]",0.7031249999999972,1.0,0.582,1,1.0,2.5180835841521083,0.04961726814508438
sun3d-hotel_umd-maryland_hotel3,22,30,0.39421545754175463,"[0.30,1.00]",0.8281249999999967,1.0,0.698,1,1.0,1.4666041203333282,0.0441005565226078
sun3d-hotel_umd-maryland_hotel3,22,31,0.1506128948635337,"[0.15,0.20)",0.6093749999999976,1.0,0.5405,1,1.0,1.294826726462358,0.020854050293564796
sun3d-hotel_umd-maryland_hotel3,23,24,0.344136460554371,"[0.30,1.00]",0.8828124999999964,1.0,0.8465,0,,,
sun3d-hotel_umd-maryland_hotel3,23,27,0.36908315565031985,"[0.30,1.00]",0.6953124999999972,1.0,0.6135,1,1.0,2.249423592141879,0.05788731947541237
sun3d-hotel_umd-maryland_hotel3,24,25,0.33586975756503273,"[0.30,1.00]",0.496093749999998,1.0,0.446,0,,,
sun3d-hotel_umd-maryland_hotel3,24,30,0.17563263139267385,"[0.15,0.20)",0.12890624999999947,1.0,0.109,1,0.0,,
sun3d-hotel_umd-maryland_hotel3,25,26,0.2820428875429694,"[0.25,0.30)",0.10546874999999958,1.0,0.083,0,,,
sun3d-hotel_umd-maryland_hotel3,25,28,0.2894090685873302,"[0.25,0.30)",0.2734374999999989,1.0,0.289,1,1.0,1.4515828307186178,0.027299998328089714
sun3d-hotel_umd-maryland_hotel3,27,28,0.24105409153952842,"[0.20,0.25)",0.6640624999999973,1.0,0.5665,0,,,
sun3d-hotel_umd-maryland_hotel3,28,31,0.21085126286248831,"[0.20,0.25)",0.4335937499999983,1.0,0.445,1,1.0,2.970583833778885,0.03318303823471069
sun3d-hotel_umd-maryland_hotel3,29,31,0.18847681000253444,"[0.15,0.20)",0.4062499999999984,1.0,0.323,1,1.0,4.12350311599694,0.07545768469572067
sun3d-hotel_umd-maryland_hotel3,30,32,0.3230769230769231,"[0.30,1.00]",0.6523437499999974,1.0,0.517,1,1.0,2.4551117714741473,0.035163845866918564
sun3d-hotel_umd-maryland_hotel3,30,33,0.2187444739168877,"[0.20,0.25)",0.39062499999999845,1.0,0.324,1,1.0,1.3417342980759925,0.0406351312994957
sun3d-hotel_umd-maryland_hotel3,31,35,0.13986130837998162,"[0.00,0.15)",0.19140624999999922,1.0,0.086,1,0.0,,
sun3d-hotel_umd-maryland_hotel3,31,36,0.2610911521430362,"[0.25,0.30)",0.41796874999999833,1.0,0.208,1,1.0,6.142482336871809,0.03212665021419525
sun3d-hotel_umd-maryland_hotel3,3,5,0.37188897325571585,"[0.30,1.00]",0.9648437499999961,1.0,0.8815,1,1.0,0.6142119740515842,0.011575229465961456
sun3d-hotel_umd-maryland_hotel3,5,7,0.18090663006595753,"[0.15,0.20)",0.8085937499999968,1.0,0.791,1,1.0,2.7549163917025066,0.10204942524433136
sun3d-hotel_umd-maryland_hotel3,8,14,0.24017082727953154,"[0.20,0.25)",0.757812499999997,1.0,0.6295,1,1.0,3.3910750477291978,0.09392275661230087
sun3d-hotel_umd-maryland_hotel3,8,16,0.35398230088495575,"[0.30,1.00]",0.9492187499999962,1.0,0.737,1,1.0,2.687734052504547,0.05883453041315079
sun3d-hotel_umd-maryland_hotel3,9,10,0.31183331671817366,"[0.30,1.00]",0.9335937499999962,1.0,0.75,0,,,
sun3d-hotel_umd-maryland_hotel3,9,15,0.34709068554148803,"[0.30,1.00]",0.9453124999999962,1.0,0.782,1,1.0,1.283899264077448,0.04746609181165695
sun3d-hotel_umd-maryland_hotel3,9,16,0.2659422457049812,"[0.25,0.30)",0.8593749999999966,1.0,0.587,1,1.0,0.8722279639152607,0.056607987731695175
sun3d-mit_76_studyroom-76-1studyroom2,0,18,0.15280421730853713,"[0.15,0.20)",0.08203124999999967,1.0,0.0545,1,0.0,,
sun3d-mit_76_studyroom-76-1studyroom2,0,19,0.30114218772880363,"[0.30,1.00]",0.28515624999999883,1.0,0.173,1,1.0,6.12458318257839,0.20903953909873962
sun3d-mit_76_studyroom-76-1studyroom2,0,21,0.404817689266364,"[0.30,1.00]",0.6015624999999976,1.0,0.5685,1,1.0,1.770783380478238,0.04506877437233925
sun3d-mit_76_studyroom-76-1studyroom2,0,22,0.2096939522624103,"[0.20,0.25)",0.41406249999999833,1.0,0.5365,1,1.0,3.8932984463270603,0.08089525252580643
sun3d-mit_76_studyroom-76-1studyroom2,0,3,0.4148484404744472,"[0.30,1.00]",0.738281249999997,1.0,0.589,1,1.0,4.887840367484129,0.15110336244106293
sun3d-mit_76_studyroom-76-1studyroom2,0,33,0.22543564211451164,"[0.20,0.25)",0.499999999999998,1.0,0.51,1,1.0,1.0682618832939905,0.04939300939440727
sun3d-mit_76_studyroom-76-1studyroom2,0,39,0.15829550446624688,"[0.15,0.20)",0.0,0.0,0.0,1,0.0,,
sun3d-mit_76_studyroom-76-1studyroom2,0,44,0.1722067652657783,"[0.15,0.20)",0.03906249999999985,1.0,0.065,1,0.0,,
sun3d-mit_76_studyroom-76-1studyroom2,0,45,0.33138087567725877,"[0.30,1.00]",0.6601562499999973,1.0,0.6655,1,1.0,7.390376358211727,0.26158493757247925
sun3d-mit_76_studyroom-76-1studyroom2,0,50,0.2820325084199736,"[0.25,0.30)",0.496093749999998,1.0,0.551,1,1.0,7.5445719973886884,0.22158442437648773
sun3d-mit_76_studyroom-76-1studyroom2,0,51,0.1860448089032069,"[0.15,0.20)",0.3515624999999986,1.0,0.3515,1,1.0,7.862322435809899,0.2078636884689331
sun3d-mit_76_studyroom-76-1studyroom2,0,64,0.1745497144530678,"[0.15,0.20)",0.0,0.0,0.0,1,0.0,,
sun3d-mit_76_studyroom-76-1studyroom2,0,8,0.34756186850197685,"[0.30,1.00]",0.6093749999999976,1.0,0.5785,1,1.0,7.186325987683882,0.20868459343910217
sun3d-mit_76_studyroom-76-1studyroom2,10,13,0.18676034348165496,"[0.15,0.20)",0.015624999999999938,0.0,0.0,1,0.0,,
sun3d-mit_76_studyroom-76-1studyroom2,10,37,0.17742388758782202,"[0.15,0.20)",0.46484374999999817,1.0,0.1355,1,1.0,1.2875520544454508,0.18848419189453125
sun3d-mit_76_studyroom-76-1studyroom2,10,39,0.208711943793911,"[0.20,0.25)",0.6132812499999976,1.0,0.5005,1,1.0,3.003091973529152,0.19699424505233765
sun3d-mit_76_studyroom-76-1studyroom2,10,56,0.3592505854800937,"[0.30,1.00]",0.21093749999999917,1.0,0.284,1,1.0,3.705387512572288,0.06333239376544952
sun3d-mit_76_studyroom-76-1studyroom2,11,13,0.22126436781609196,"[0.20,0.25)",0.21484374999999914,1.0,0.222,1,0.0,,
sun3d-mit_76_studyroom-76-1studyroom2,11,51,0.18527114647804302,"[0.15,0.20)",0.6406249999999974,1.0,0.606,1,1.0,3.1360016759834104,0.09116746485233307
sun3d-mit_76_studyroom-76-1studyroom2,11,56,0.30389773062186853,"[0.30,1.00]",0.07421874999999971,0.0,0.0315,1,0.0,,
sun3d-mit_76_studyroom-76-1studyroom2,12,14,0.28767977202903067,"[0.25,0.30)",0.8554687499999966,1.0,0.621,1,1.0,1.9882004095705674,0.04863087087869644
sun3d-mit_76_studyroom-76-1studyroom2,12,15,0.16705997595618682,"[0.15,0.20)",0.6757812499999973,1.0,0.5875,1,1.0,2.0370160698266244,0.06542064249515533
sun3d-mit_76_studyroom-76-1studyroom2,12,51,0.1984505098178904,"[0.15,0.20)",0.5859374999999977,1.0,0.529,1,0.0,,
sun3d-mit_76_studyroom-76-1studyroom2,12,52,0.3385279843269959,"[0.30,1.00]",0.8281249999999967,1.0,0.7175,1,1.0,3.2861060401804205,0.1147659569978714
sun3d-mit_76_studyroom-76-1studyroom2,12,57,0.205574602609199,"[0.20,0.25)",0.8398437499999967,1.0,0.741,1,1.0,1.61204086372229,0.0455000214278698
sun3d-mit_76_studyroom-76-1studyroom2,13,53,0.17902208201892744,"[0.15,0.20)",0.12890624999999947,1.0,0.08,1,0.0,,
sun3d-mit_76_studyroom-76-1studyroom2,13,58,0.20907816333683843,"[0.20,0.25)",0.007812499999999969,0.0,0.0,1,0.0,,
sun3d-mit_76_studyroom-76-1studyroom2,14,18,0.38939670932358317,"[0.30,1.00]",0.5351562499999979,1.0,0.3905,1,1.0,3.8301165115436233,0.13266347348690033
sun3d-mit_76_studyroom-76-1studyroom2,14,55,0.3709890941183887,"[0.30,1.00]",0.8398437499999967,1.0,0.6285,1,1.0,0.866827016302134,0.03346947580575943
sun3d-mit_76_studyroom-76-1studyroom2,14,61,0.18798461829414362,"[0.15,0.20)",0.0039062499999999844,0.0,0.001,1,0.0,,
sun3d-mit_76_studyroom-76-1studyroom2,14,62,0.31078610603290674,"[0.30,1.00]",0.38281249999999845,1.0,0.3735,1,1.0,6.939015644178687,0.31244412064552307
sun3d-mit_76_studyroom-76-1studyroom2,14,63,0.19183004475824245,"[0.15,0.20)",0.2773437499999989,1.0,0.3345,1,0.0,,
sun3d-mit_76_studyroom-76-1studyroom2,15,16,0.3433440030126153,"[0.30,1.00]",0.7890624999999969,1.0,0.6145,0,,,
sun3d-mit_76_studyroom-76-1studyroom2,15,17,0.3217849745810582,"[0.30,1.00]",0.7148437499999971,1.0,0.685,1,1.0,0.9655031596064269,0.04432317987084389
sun3d-mit_76_studyroom-76-1studyroom2,15,19,0.3212201092073056,"[0.30,1.00]",0.6835937499999972,1.0,0.6275,1,1.0,1.750553771004573,0.02960178814828396
sun3d-mit_76_studyroom-76-1studyroom2,15,55,0.185746563735643,"[0.15,0.20)",0.749999999999997,1.0,0.6195,1,1.0,2.181757214443255,0.04252372682094574
sun3d-mit_76_studyroom-76-1studyroom2,15,60,0.2122481641875353,"[0.20,0.25)",0.16796874999999933,1.0,0.069,1,0.0,,
sun3d-mit_76_studyroom-76-1studyroom2,15,61,0.35798343061570326,"[0.30,1.00]",0.7734374999999969,1.0,0.5165,1,1.0,4.7030295844211665,0.13462628424167633
sun3d-mit_76_studyroom-76-1studyroom2,15,63,0.45961212577668986,"[0.30,1.00]",0.28906249999999883,1.0,0.298,1,1.0,5.096006836846219,0.23099841177463531
sun3d-mit_76_studyroom-76-1studyroom2,15,64,0.30399171530785163,"[0.30,1.00]",0.4335937499999983,1.0,0.4355,1,1.0,3.9038465458886162,0.12438753992319107
sun3d-mit_76_studyroom-76-1studyroom2,16,18,0.3104982982808273,"[0.30,1.00]",0.5976562499999976,1.0,0.5495,1,1.0,1.9972359653299299,0.07865402847528458
sun3d-mit_76_studyroom-76-1studyroom2,16,19,0.28929225935945546,"[0.25,0.30)",0.3164062499999987,1.0,0.369,1,1.0,3.5200316060350016,0.12932933866977692
sun3d-mit_76_studyroom-76-1studyroom2,16,57,0.3151234837245833,"[0.30,1.00]",0.3789062499999985,1.0,0.246,1,1.0,2.589365294970606,0.05915981903672218
sun3d-mit_76_studyroom-76-1studyroom2,16,58,0.3257701370102103,"[0.30,1.00]",0.41796874999999833,1.0,0.215,1,1.0,3.720680715515131,0.09379395097494125
sun3d-mit_76_studyroom-76-1studyroom2,16,61,0.3468889082817,"[0.30,1.00]",0.3085937499999988,1.0,0.08,1,1.0,10.174865985157275,0.3749929964542389
sun3d-mit_76_studyroom-76-1studyroom2,16,62,0.3865956889780958,"[0.30,1.00]",0.019531249999999924,0.0,0.021,1,0.0,,
sun3d-mit_76_studyroom-76-1studyroom2,16,63,0.362160747011083,"[0.30,1.00]",0.042968749999999827,1.0,0.0835,1,0.0,,
sun3d-mit_76_studyroom-76-1studyroom2,16,64,0.32716641940832536,"[0.30,1.00]",0.07421874999999971,1.0,0.1565,1,1.0,6.3493419227056025,0.19545184075832367
sun3d-mit_76_studyroom-76-1studyroom2,17,20,0.25125306601258396,"[0.25,0.30)",0.29296874999999883,1.0,0.292,1,1.0,3.5349070969015743,0.19291570782661438
sun3d-mit_76_studyroom-76-1studyroom2,17,57,0.2968966620454303,"[0.25,0.30)",0.14843749999999942,1.0,0.1485,1,1.0,4.809864128270102,0.10774274170398712
sun3d-mit_76_studyroom-76-1studyroom2,17,58,0.2326970246347446,"[0.20,0.25)",0.0039062499999999844,0.0,0.0045,1,0.0,,
sun3d-mit_76_studyroom-76-1studyroom2,17,61,0.30361522875119973,"[0.30,1.00]",0.0,0.0,0.0,1,0.0,,
sun3d-mit_76_studyroom-76-1studyroom2,17,62,0.47915111442892183,"[0.30,1.00]",0.13281249999999947,1.0,0.0635,1,0.0,,
sun3d-mit_76_studyroom-76-1studyroom2,17,63,0.5094379865628665,"[0.30,1.00]",0.33984374999999867,1.0,0.2375,1,1.0,2.3378289352392247,0.11938648670911789
sun3d-mit_76_studyroom-76-1studyroom2,17,65,0.34584621947317906,"[0.30,1.00]",0.08593749999999965,1.0,0.0585,1,1.0,4.858896777704821,0.10861095786094666
sun3d-mit_76_studyroom-76-1studyroom2,18,21,0.2926436294254823,"[0.25,0.30)",0.5546874999999978,1.0,0.3975,1,1.0,3.496368143078545,0.23682957887649536
sun3d-mit_76_studyroom-76-1studyroom2,18,34,0.2730125079499682,"[0.25,0.30)",0.11328124999999954,0.0,0.0465,1,0.0,,
sun3d-mit_76_studyroom-76-1studyroom2,18,56,0.14488022047911808,"[0.00,0.15)",0.0039062499999999844,0.0,0.001,1,0.0,,
sun3d-mit_76_studyroom-76-1studyroom2,18,57,0.32249311002755987,"[0.30,1.00]",0.6445312499999974,1.0,0.5335,1,1.0,1.8023313400397172,0.040826231241226196
sun3d-mit_76_studyroom-76-1studyroom2,18,58,0.25295738817044733,"[0.25,0.30)",0.4453124999999982,1.0,0.3025,1,1.0,2.652841601094241,0.055579278618097305
sun3d-mit_76_studyroom-76-1studyroom2,18,61,0.28768284926860294,"[0.25,0.30)",0.21093749999999917,0.0,0.0345,1,1.0,6.319689337031321,0.27220895886421204
sun3d-mit_76_studyroom-76-1studyroom2,18,65,0.4157303370786517,"[0.30,1.00]",0.1015624999999996,1.0,0.155,1,0.0,,
sun3d-mit_76_studyroom-76-1studyroom2,19,22,0.2736432241490045,"[0.25,0.30)",0.19531249999999922,1.0,0.271,1,1.0,6.425166163050689,0.19477902352809906
sun3d-mit_76_studyroom-76-1studyroom2,19,23,0.3066393705844573,"[0.30,1.00]",0.5546874999999978,1.0,0.3085,1,1.0,1.7298614645284327,0.10418272018432617
sun3d-mit_76_studyroom-76-1studyroom2,19,24,0.17694283879254977,"[0.15,0.20)",0.0039062499999999844,0.0,0.001,1,0.0,,
sun3d-mit_76_studyroom-76-1studyroom2,19,33,0.297286448298009,"[0.25,0.30)",0.042968749999999827,1.0,0.0685,1,0.0,,
sun3d-mit_76_studyroom-76-1studyroom2,19,34,0.45600513808606297,"[0.30,1.00]",0.03906249999999985,0.0,0.0155,1,0.0,,
sun3d-mit_76_studyroom-76-1studyroom2,19,62,0.35027296082209375,"[0.30,1.00]",0.35546874999999856,1.0,0.208,1,1.0,4.1538822200584775,0.20640455186367035
sun3d-mit_76_studyroom-76-1studyroom2,1,19,0.30032308963859045,"[0.30,1.00]",0.07031249999999972,0.0,0.035,1,0.0,,
sun3d-mit_76_studyroom-76-1studyroom2,1,20,0.4297092193252686,"[0.30,1.00]",0.41015624999999833,1.0,0.272,1,1.0,2.149766691266576,0.09012941271066666
sun3d-mit_76_studyroom-76-1studyroom2,1,21,0.38139604778721165,"[0.30,1.00]",0.6015624999999976,1.0,0.542,1,1.0,2.180321438258068,0.06992722302675247
sun3d-mit_76_studyroom-76-1studyroom2,1,22,0.2001653016755579,"[0.20,0.25)",0.4023437499999984,1.0,0.5185,1,1.0,4.389543987454746,0.09867457300424576
sun3d-mit_76_studyroom-76-1studyroom2,1,33,0.17011045157412277,"[0.15,0.20)",0.35937499999999856,1.0,0.4025,1,1.0,3.397880993177784,0.11725401133298874
sun3d-mit_76_studyroom-76-1studyroom2,1,39,0.19362837177849576,"[0.15,0.20)",0.0,0.0,0.0,1,0.0,,
sun3d-mit_76_studyroom-76-1studyroom2,1,44,0.2006161244270794,"[0.20,0.25)",0.0,0.0,0.0,1,0.0,,
sun3d-mit_76_studyroom-76-1studyroom2,1,50,0.3115936584266286,"[0.30,1.00]",0.5195312499999979,1.0,0.6455,1,1.0,4.750523466260533,0.14312106370925903
sun3d-mit_76_studyroom-76-1studyroom2,1,51,0.1994890675482756,"[0.15,0.20)",0.36718749999999856,1.0,0.4455,1,1.0,6.240139185211916,0.1593596339225769
sun3d-mit_76_studyroom-76-1studyroom2,1,64,0.1510256217597115,"[0.15,0.20)",0.0,0.0,0.0,1,0.0,,
sun3d-mit_76_studyroom-76-1studyroom2,1,8,0.3939439477045608,"[0.30,1.00]",0.6835937499999972,1.0,0.701,1,1.0,4.681739000742119,0.13525566458702087
sun3d-mit_76_studyroom-76-1studyroom2,20,24,0.285540112167764,"[0.25,0.30)",0.0,0.0,0.0,1,0.0,,
sun3d-mit_76_studyroom-76-1studyroom2,20,25,0.1224091684954889,"[0.00,0.15)",0.0,0.0,0.0,1,0.0,,
sun3d-mit_76_studyroom-76-1studyroom2,20,32,0.1232219783792571,"[0.00,0.15)",0.0,0.0,0.0,1,0.0,,
sun3d-mit_76_studyroom-76-1studyroom2,20,33,0.3871819881329757,"[0.30,1.00]",0.03906249999999985,1.0,0.094,1,0.0,,
sun3d-mit_76_studyroom-76-1studyroom2,20,35,0.16126148093960824,"[0.15,0.20)",0.5507812499999978,1.0,0.5355,1,1.0,1.0302162010847105,0.044924572110176086
sun3d-mit_76_studyroom-76-1studyroom2,20,63,0.33126066812972443,"[0.30,1.00]",0.21484374999999914,1.0,0.117,1,0.0,,
sun3d-mit_76_studyroom-76-1studyroom2,21,25,0.16294187425860024,"[0.15,0.20)",0.0,0.0,0.0,1,0.0,,
sun3d-mit_76_studyroom-76-1studyroom2,21,32,0.2193594306049822,"[0.20,0.25)",0.0,0.0,0.0,1,0.0,,
sun3d-mit_76_studyroom-76-1studyroom2,21,35,0.21091340450771057,"[0.20,0.25)",0.6835937499999972,1.0,0.6865,1,1.0,0.456283375837779,0.01757870614528656
sun3d-mit_76_studyroom-76-1studyroom2,21,47,0.16588374851720047,"[0.15,0.20)",0.08203124999999967,1.0,0.0985,1,0.0,,
sun3d-mit_76_studyroom-76-1studyroom2,21,48,0.238576512455516,"[0.20,0.25)",0.031249999999999875,0.0,0.0105,1,0.0,,
sun3d-mit_76_studyroom-76-1studyroom2,21,63,0.2567497034400949,"[0.25,0.30)",0.20703124999999917,1.0,0.105,1,0.0,,
sun3d-mit_76_studyroom-76-1studyroom2,21,64,0.38249110320284696,"[0.30,1.00]",0.5195312499999979,1.0,0.2745,1,1.0,1.7694566796898838,0.10792215913534164
sun3d-mit_76_studyroom-76-1studyroom2,21,65,0.41466192170818506,"[0.30,1.00]",0.3203124999999987,1.0,0.24,1,1.0,2.807422199601712,0.1386786848306656
sun3d-mit_76_studyroom-76-1studyroom2,22,25,0.25050415931434333,"[0.25,0.30)",0.14843749999999942,1.0,0.0985,1,0.0,,
sun3d-mit_76_studyroom-76-1studyroom2,22,26,0.1647340559616839,"[0.15,0.20)",0.023437499999999906,0.0,0.0085,1,0.0,,
sun3d-mit_76_studyroom-76-1studyroom2,22,27,0.21168389210990673,"[0.20,0.25)",0.007812499999999969,0.0,0.0095,1,0.0,,
sun3d-mit_76_studyroom-76-1studyroom2,22,32,0.3219687421225107,"[0.30,1.00]",0.0781249999999997,1.0,0.0615,1,0.0,,
sun3d-mit_76_studyroom-76-1studyroom2,22,35,0.1983236702798084,"[0.15,0.20)",0.5703124999999977,1.0,0.6525,1,1.0,1.8416441608641936,0.04722597822546959
sun3d-mit_76_studyroom-76-1studyroom2,22,48,0.18168641290647844,"[0.15,0.20)",0.1249999999999995,1.0,0.1,1,0.0,,
sun3d-mit_76_studyroom-76-1studyroom2,22,64,0.3249306780942778,"[0.30,1.00]",0.0,0.0,0.0,1,0.0,,
sun3d-mit_76_studyroom-76-1studyroom2,23,26,0.38775994039151934,"[0.30,1.00]",0.0039062499999999844,0.0,0.001,1,0.0,,
sun3d-mit_76_studyroom-76-1studyroom2,23,28,0.2785003048160943,"[0.25,0.30)",0.0,0.0,0.0,1,0.0,,
sun3d-mit_76_studyroom-76-1studyroom2,23,31,0.1751337803969383,"[0.15,0.20)",0.007812499999999969,0.0,0.0,1,0.0,,
sun3d-mit_76_studyroom-76-1studyroom2,23,34,0.4473684210526316,"[0.30,1.00]",0.4726562499999981,1.0,0.398,1,1.0,2.1933880725639603,0.08425614982843399
sun3d-mit_76_studyroom-76-1studyroom2,23,64,0.1968773284562758,"[0.15,0.20)",0.03515624999999986,0.0,0.0285,1,0.0,,
sun3d-mit_76_studyroom-76-1studyroom2,24,28,0.41699512325472643,"[0.30,1.00]",0.8476562499999966,1.0,0.7045,1,1.0,2.6490019942788083,0.0858701691031456
sun3d-mit_76_studyroom-76-1studyroom2,24,29,0.2054245440577193,"[0.20,0.25)",0.7031249999999972,1.0,0.6755,1,1.0,0.5914913123136851,0.014659972861409187
sun3d-mit_76_studyroom-76-1studyroom2,24,31,0.2734985636983098,"[0.25,0.30)",0.7656249999999969,1.0,0.662,1,1.0,1.2094986685184772,0.039692964404821396
sun3d-mit_76_studyroom-76-1studyroom2,24,34,0.25425880152314784,"[0.25,0.30)",0.3437499999999986,1.0,0.3055,1,1.0,2.9943442950789856,0.11959435045719147
sun3d-mit_76_studyroom-76-1studyroom2,24,65,0.29066737925045094,"[0.25,0.30)",0.19140624999999922,1.0,0.089,1,0.0,,
sun3d-mit_76_studyroom-76-1studyroom2,25,29,0.20274989687886705,"[0.20,0.25)",0.9023437499999964,1.0,0.7995,1,1.0,0.82424493599726,0.021767765283584595
sun3d-mit_76_studyroom-76-1studyroom2,25,31,0.22771896053897978,"[0.20,0.25)",0.9140624999999963,1.0,0.749,1,1.0,0.7480812777824694,0.04454062879085541
sun3d-mit_76_studyroom-76-1studyroom2,26,28,0.3159000081559416,"[0.30,1.00]",0.9765624999999961,1.0,0.8265,1,1.0,2.39342851021143,0.1217329129576683
sun3d-mit_76_studyroom-76-1studyroom2,26,33,0.39911100236522307,"[0.30,1.00]",0.8984374999999964,1.0,0.7085,1,1.0,1.4453681573164328,0.08272340148687363
sun3d-mit_76_studyroom-76-1studyroom2,27,29,0.2910821126469981,"[0.25,0.30)",0.9218749999999963,1.0,0.827,1,1.0,1.1703594193885305,0.05796652287244797
sun3d-mit_76_studyroom-76-1studyroom2,27,30,0.16737157004332576,"[0.15,0.20)",0.8476562499999966,1.0,0.744,1,1.0,1.642109664881906,0.07218314707279205
sun3d-mit_76_studyroom-76-1studyroom2,27,31,0.33102950278522797,"[0.30,1.00]",0.9843749999999961,1.0,0.917,1,1.0,0.6336560356559642,0.021402958780527115
sun3d-mit_76_studyroom-76-1studyroom2,28,33,0.34087428650981483,"[0.30,1.00]",0.8671874999999966,1.0,0.7465,1,1.0,1.9076228353362752,0.06072254851460457
sun3d-mit_76_studyroom-76-1studyroom2,2,21,0.1928554187786628,"[0.15,0.20)",0.07421874999999971,0.0,0.0405,1,0.0,,
sun3d-mit_76_studyroom-76-1studyroom2,2,34,0.4178131788559015,"[0.30,1.00]",0.7968749999999968,1.0,0.6345,1,1.0,5.7811986371022375,0.15628798305988312
sun3d-mit_76_studyroom-76-1studyroom2,2,4,0.34896210475500844,"[0.30,1.00]",0.011718749999999953,0.0,0.0,1,0.0,,
sun3d-mit_76_studyroom-76-1studyroom2,2,43,0.14452087859039345,"[0.00,0.15)",0.0,0.0,0.0,1,0.0,,
sun3d-mit_76_studyroom-76-1studyroom2,2,51,0.2052860246198407,"[0.20,0.25)",0.4726562499999981,1.0,0.453,1,1.0,3.073961351240916,0.07451745867729187
sun3d-mit_76_studyroom-76-1studyroom2,30,32,0.2976322712657118,"[0.25,0.30)",0.761718749999997,1.0,0.6635,1,1.0,2.1357004144849325,0.07463841140270233
sun3d-mit_76_studyroom-76-1studyroom2,33,34,0.3206973979659226,"[0.30,1.00]",0.8671874999999966,1.0,0.6915,0,,,
sun3d-mit_76_studyroom-76-1studyroom2,33,65,0.3071456874917448,"[0.30,1.00]",0.1015624999999996,0.0,0.0285,1,0.0,,
sun3d-mit_76_studyroom-76-1studyroom2,34,36,0.32733630883909265,"[0.30,1.00]",0.9453124999999962,1.0,0.7805,1,1.0,1.2673314479626998,0.040540911257267
sun3d-mit_76_studyroom-76-1studyroom2,34,37,0.3000966272488842,"[0.30,1.00]",0.9062499999999963,1.0,0.756,1,1.0,2.091437979040868,0.080825075507164
sun3d-mit_76_studyroom-76-1studyroom2,34,38,0.20176689826531083,"[0.20,0.25)",0.8242187499999967,1.0,0.678,1,1.0,3.3412885647179875,0.14662085473537445
sun3d-mit_76_studyroom-76-1studyroom2,34,46,0.23825518796300557,"[0.20,0.25)",0.7929687499999968,1.0,0.706,1,1.0,3.26338816653984,0.09849900007247925
sun3d-mit_76_studyroom-76-1studyroom2,34,47,0.28127732020429763,"[0.25,0.30)",0.8359374999999967,1.0,0.725,1,1.0,2.42511195970258,0.06335218250751495
sun3d-mit_76_studyroom-76-1studyroom2,34,48,0.3493765241798187,"[0.30,1.00]",0.988281249999996,1.0,0.8015,1,1.0,2.7607366195789713,0.09085918217897415
sun3d-mit_76_studyroom-76-1studyroom2,34,49,0.31942207702572123,"[0.30,1.00]",0.8828124999999964,1.0,0.729,1,1.0,3.9888979754892095,0.11034529656171799
sun3d-mit_76_studyroom-76-1studyroom2,34,63,0.14871393733032715,"[0.00,0.15)",0.015624999999999938,0.0,0.011,1,0.0,,
sun3d-mit_76_studyroom-76-1studyroom2,34,64,0.3937330327152257,"[0.30,1.00]",0.11328124999999954,0.0,0.042,1,0.0,,
sun3d-mit_76_studyroom-76-1studyroom2,35,39,0.2660592255125285,"[0.25,0.30)",0.015624999999999938,0.0,0.0255,1,0.0,,
sun3d-mit_76_studyroom-76-1studyroom2,35,44,0.2559713634884478,"[0.25,0.30)",0.3437499999999986,1.0,0.351,1,0.0,,
sun3d-mit_76_studyroom-76-1studyroom2,35,50,0.3634233647901074,"[0.30,1.00]",0.5703124999999977,1.0,0.5855,1,1.0,4.690851479937952,0.15600864589214325
sun3d-mit_76_studyroom-76-1studyroom2,35,51,0.27920598763423365,"[0.25,0.30)",0.41796874999999833,1.0,0.4145,1,1.0,4.860428653934547,0.1568288654088974
sun3d-mit_76_studyroom-76-1studyroom2,35,52,0.17865278229742923,"[0.15,0.20)",0.019531249999999924,0.0,0.0055,1,0.0,,
sun3d-mit_76_studyroom-76-1studyroom2,36,44,0.36035874439461885,"[0.30,1.00]",0.6249999999999976,1.0,0.402,1,0.0,,
sun3d-mit_76_studyroom-76-1studyroom2,36,50,0.40203288490284006,"[0.30,1.00]",0.6914062499999972,1.0,0.626,1,1.0,5.481477249019394,0.14121538400650024
sun3d-mit_76_studyroom-76-1studyroom2,36,51,0.38726457399103137,"[0.30,1.00]",0.39062499999999845,1.0,0.3345,1,1.0,6.813047822409432,0.17828695476055145
sun3d-mit_76_studyroom-76-1studyroom2,36,52,0.3388938714499253,"[0.30,1.00]",0.4062499999999984,1.0,0.125,1,0.0,,
sun3d-mit_76_studyroom-76-1studyroom2,36,53,0.2795814648729447,"[0.25,0.30)",0.07031249999999972,0.0,0.004,1,0.0,,
sun3d-mit_76_studyroom-76-1studyroom2,37,44,0.3988751506494666,"[0.30,1.00]",0.7773437499999969,1.0,0.5185,1,1.0,4.22660706748594,0.20688137412071228
sun3d-mit_76_studyroom-76-1studyroom2,37,50,0.41811364549390706,"[0.30,1.00]",0.8359374999999967,1.0,0.663,1,1.0,3.7751203011539136,0.10156331956386566
sun3d-mit_76_studyroom-76-1studyroom2,37,51,0.36615631835022094,"[0.30,1.00]",0.4726562499999981,1.0,0.3905,1,1.0,4.893608592380413,0.14424656331539154
sun3d-mit_76_studyroom-76-1studyroom2,37,52,0.34598044904700265,"[0.30,1.00]",0.5234374999999979,1.0,0.2,1,1.0,1.9468207426659359,0.2408362179994583
sun3d-mit_76_studyroom-76-1studyroom2,37,53,0.33160737401240903,"[0.30,1.00]",0.1523437499999994,0.0,0.03,1,1.0,1.5920073669883543,0.1480633020401001
sun3d-mit_76_studyroom-76-1studyroom2,38,40,0.1794948259923061,"[0.15,0.20)",0.0,0.0,0.0,1,0.0,,
sun3d-mit_76_studyroom-76-1studyroom2,38,43,0.1443652521396833,"[0.00,0.15)",0.0,0.0,0.0,1,0.0,,
sun3d-mit_76_studyroom-76-1studyroom2,38,51,0.3566337637551069,"[0.30,1.00]",0.8085937499999968,1.0,0.719,1,1.0,1.98938128671108,0.06605379283428192
sun3d-mit_76_studyroom-76-1studyroom2,38,52,0.29561924074791995,"[0.25,0.30)",0.3476562499999986,1.0,0.2255,1,1.0,1.4620603964054746,0.051656272262334824
sun3d-mit_76_studyroom-76-1studyroom2,39,41,0.17072662195503355,"[0.15,0.20)",0.16796874999999933,1.0,0.079,1,0.0,,
sun3d-mit_76_studyroom-76-1studyroom2,39,42,0.24783681412238942,"[0.20,0.25)",0.18359374999999928,1.0,0.0815,1,0.0,,
sun3d-mit_76_studyroom-76-1studyroom2,39,48,0.2876255342808493,"[0.25,0.30)",0.2734374999999989,1.0,0.1175,1,0.0,,
sun3d-mit_76_studyroom-76-1studyroom2,39,49,0.33589324808006393,"[0.30,1.00]",0.7343749999999971,1.0,0.4485,1,1.0,1.6935039797085238,0.051771875470876694
sun3d-mit_76_studyroom-76-1studyroom2,39,50,0.35420648434513674,"[0.30,1.00]",0.8945312499999964,1.0,0.796,1,1.0,2.14447982847598,0.0835309699177742
sun3d-mit_76_studyroom-76-1studyroom2,39,51,0.2830385377210967,"[0.25,0.30)",0.6015624999999976,1.0,0.5285,1,1.0,1.6504307898431734,0.11280526965856552
sun3d-mit_76_studyroom-76-1studyroom2,39,52,0.2996142752892935,"[0.25,0.30)",0.8242187499999967,1.0,0.664,1,1.0,2.7836146744033035,0.17392520606517792
sun3d-mit_76_studyroom-76-1studyroom2,39,53,0.29401952948535287,"[0.25,0.30)",0.6093749999999976,1.0,0.5235,1,1.0,3.6915164952654376,0.22816252708435059
sun3d-mit_76_studyroom-76-1studyroom2,3,35,0.2772514071294559,"[0.25,0.30)",0.738281249999997,1.0,0.6365,1,1.0,5.390052094078999,0.1101330891251564
sun3d-mit_76_studyroom-76-1studyroom2,3,36,0.31350844277673545,"[0.30,1.00]",0.7734374999999969,1.0,0.637,1,1.0,3.441735104422312,0.05427300184965134
sun3d-mit_76_studyroom-76-1studyroom2,3,37,0.3420262664165103,"[0.30,1.00]",0.8085937499999968,1.0,0.6775,1,1.0,2.8434484762704013,0.019841080531477928
sun3d-mit_76_studyroom-76-1studyroom2,3,41,0.32926829268292684,"[0.30,1.00]",0.3164062499999987,1.0,0.1755,1,0.0,,
sun3d-mit_76_studyroom-76-1studyroom2,3,42,0.3908536585365854,"[0.30,1.00]",0.33984374999999867,1.0,0.169,1,0.0,,
sun3d-mit_76_studyroom-76-1studyroom2,3,8,0.17889305816135084,"[0.15,0.20)",0.5312499999999979,1.0,0.5295,1,1.0,1.998411505445029,0.07230497151613235
sun3d-mit_76_studyroom-76-1studyroom2,40,45,0.3744782681284434,"[0.30,1.00]",0.0,0.0,0.0,1,0.0,,
sun3d-mit_76_studyroom-76-1studyroom2,40,46,0.33029105682007903,"[0.30,1.00]",0.0,0.0,0.0,1,0.0,,
sun3d-mit_76_studyroom-76-1studyroom2,40,47,0.28087261394624075,"[0.25,0.30)",0.0,0.0,0.0,1,0.0,,
sun3d-mit_76_studyroom-76-1studyroom2,40,48,0.17257499026100506,"[0.15,0.20)",0.0,0.0,0.0,1,0.0,,
sun3d-mit_76_studyroom-76-1studyroom2,40,49,0.15510045077633702,"[0.15,0.20)",0.0,0.0,0.0,1,0.0,,
sun3d-mit_76_studyroom-76-1studyroom2,41,44,0.17840732009429816,"[0.15,0.20)",0.0,0.0,0.0,1,0.0,,
sun3d-mit_76_studyroom-76-1studyroom2,42,44,0.2309398951189996,"[0.20,0.25)",0.0,0.0,0.0,1,0.0,,
sun3d-mit_76_studyroom-76-1studyroom2,43,45,0.3007658202337767,"[0.30,1.00]",0.0,0.0,0.0,1,0.0,,
sun3d-mit_76_studyroom-76-1studyroom2,43,46,0.2320838371624345,"[0.20,0.25)",0.0,0.0,0.0,1,0.0,,
sun3d-mit_76_studyroom-76-1studyroom2,43,47,0.218863361547763,"[0.20,0.25)",0.0,0.0,0.0,1,0.0,,
sun3d-mit_76_studyroom-76-1studyroom2,43,48,0.14268440145102781,"[0.00,0.15)",0.0,0.0,0.0,1,0.0,,
sun3d-mit_76_studyroom-76-1studyroom2,44,48,0.31303265706312694,"[0.30,1.00]",0.6249999999999976,1.0,0.436,1,1.0,3.977984329482042,0.19004181027412415
sun3d-mit_76_studyroom-76-1studyroom2,44,51,0.16694320838675616,"[0.15,0.20)",0.39062499999999845,1.0,0.314,1,1.0,1.601811097250022,0.06269869953393936
sun3d-mit_76_studyroom-76-1studyroom2,47,50,0.37418289864641796,"[0.30,1.00]",0.8359374999999967,1.0,0.73,1,1.0,1.0520187626464537,0.039608974009752274
sun3d-mit_76_studyroom-76-1studyroom2,48,50,0.3320347015824564,"[0.30,1.00]",0.7304687499999971,1.0,0.7375,1,1.0,1.9775407963749903,0.03824387490749359
sun3d-mit_76_studyroom-76-1studyroom2,49,51,0.21574237852460723,"[0.20,0.25)",0.4765624999999981,1.0,0.4945,1,1.0,2.116368537220478,0.055895645171403885
sun3d-mit_76_studyroom-76-1studyroom2,4,38,0.28642626795661097,"[0.25,0.30)",0.0039062499999999844,0.0,0.0005,1,0.0,,
sun3d-mit_76_studyroom-76-1studyroom2,4,45,0.30389914980944005,"[0.30,1.00]",0.0,0.0,0.0,1,0.0,,
sun3d-mit_76_studyroom-76-1studyroom2,4,49,0.2602169451773673,"[0.25,0.30)",0.0,0.0,0.0,1,0.0,,
sun3d-mit_76_studyroom-76-1studyroom2,4,6,0.35373790677220757,"[0.30,1.00]",0.08593749999999965,0.0,0.019,1,0.0,,
sun3d-mit_76_studyroom-76-1studyroom2,4,7,0.3054236294341835,"[0.30,1.00]",0.0507812499999998,0.0,0.0085,1,0.0,,
sun3d-mit_76_studyroom-76-1studyroom2,50,52,0.23091853985348443,"[0.20,0.25)",0.2812499999999989,1.0,0.264,1,1.0,0.9030900039477229,0.03796772658824921
sun3d-mit_76_studyroom-76-1studyroom2,51,55,0.40476913730255165,"[0.30,1.00]",0.742187499999997,1.0,0.626,1,1.0,5.094007175514264,0.1211308017373085
sun3d-mit_76_studyroom-76-1studyroom2,51,56,0.2509113001215067,"[0.25,0.30)",0.011718749999999953,0.0,0.022,1,0.0,,
sun3d-mit_76_studyroom-76-1studyroom2,52,54,0.2495806661417862,"[0.20,0.25)",0.761718749999997,1.0,0.724,1,1.0,0.58950308302748,0.017521744593977928
sun3d-mit_76_studyroom-76-1studyroom2,52,56,0.2602950741108411,"[0.25,0.30)",0.042968749999999827,1.0,0.07,1,0.0,,
sun3d-mit_76_studyroom-76-1studyroom2,53,56,0.2108068369784966,"[0.20,0.25)",0.09765624999999961,1.0,0.1055,1,0.0,,
sun3d-mit_76_studyroom-76-1studyroom2,54,56,0.28565243062389295,"[0.25,0.30)",0.12109374999999951,0.0,0.01,1,0.0,,
sun3d-mit_76_studyroom-76-1studyroom2,55,57,0.21667490525622013,"[0.20,0.25)",0.8515624999999966,1.0,0.7985,1,1.0,1.1508008117753645,0.028999976813793182
sun3d-mit_76_studyroom-76-1studyroom2,57,59,0.2713907801726007,"[0.25,0.30)",0.0039062499999999844,0.0,0.016,1,1.0,20.5194519239807,0.5279853343963623
sun3d-mit_76_studyroom-76-1studyroom2,57,60,0.24207467799991328,"[0.20,0.25)",0.07031249999999972,0.0,0.0255,1,0.0,,
sun3d-mit_76_studyroom-76-1studyroom2,57,61,0.31467106119085825,"[0.30,1.00]",0.45312499999999817,1.0,0.2885,1,1.0,8.874535972837263,0.3127332627773285
sun3d-mit_76_studyroom-76-1studyroom2,57,62,0.3466325512814953,"[0.30,1.00]",0.07031249999999972,1.0,0.0705,1,0.0,,
sun3d-mit_76_studyroom-76-1studyroom2,57,63,0.22732989288347283,"[0.20,0.25)",0.3515624999999986,1.0,0.2455,1,1.0,2.6448608038506007,0.11067117750644684
sun3d-mit_76_studyroom-76-1studyroom2,58,62,0.4712188852813853,"[0.30,1.00]",0.6367187499999974,1.0,0.561,1,1.0,2.6999414540981386,0.06464336812496185
sun3d-mit_76_studyroom-76-1studyroom2,58,63,0.30874594155844154,"[0.30,1.00]",0.761718749999997,1.0,0.6695,1,1.0,2.3827737971982015,0.08628363162279129
sun3d-mit_76_studyroom-76-1studyroom2,59,63,0.352510873863187,"[0.30,1.00]",0.9179687499999963,1.0,0.782,1,1.0,0.5059038299257125,0.024148570373654366
sun3d-mit_76_studyroom-76-1studyroom2,5,34,0.18383276511753097,"[0.15,0.20)",0.6054687499999976,1.0,0.464,1,1.0,7.534785788097189,0.19326508045196533
sun3d-mit_76_studyroom-76-1studyroom2,5,35,0.30418984389018483,"[0.30,1.00]",0.7812499999999969,1.0,0.551,1,1.0,6.381438727801949,0.1770678162574768
sun3d-mit_76_studyroom-76-1studyroom2,5,36,0.33729589090256595,"[0.30,1.00]",0.761718749999997,1.0,0.532,1,1.0,5.59036966186688,0.16367973387241364
sun3d-mit_76_studyroom-76-1studyroom2,5,41,0.3402565942939171,"[0.30,1.00]",0.33593749999999867,1.0,0.2305,1,1.0,5.266782080135723,0.2044355273246765
sun3d-mit_76_studyroom-76-1studyroom2,5,42,0.44720078952090436,"[0.30,1.00]",0.5546874999999978,1.0,0.3785,1,1.0,4.948388921557478,0.19576527178287506
sun3d-mit_76_studyroom-76-1studyroom2,5,50,0.18401220168670376,"[0.15,0.20)",0.3085937499999988,1.0,0.3485,1,1.0,3.723942159290801,0.025879325345158577
sun3d-mit_76_studyroom-76-1studyroom2,5,8,0.19715593037861115,"[0.15,0.20)",0.5351562499999979,1.0,0.5265,1,1.0,2.1078435085892036,0.025759031996130943
sun3d-mit_76_studyroom-76-1studyroom2,60,64,0.2187700192184497,"[0.20,0.25)",0.2812499999999989,1.0,0.1235,1,0.0,,
sun3d-mit_76_studyroom-76-1studyroom2,61,64,0.42017855428626283,"[0.30,1.00]",0.7070312499999972,1.0,0.568,1,1.0,2.735950980913516,0.08652672916650772
sun3d-mit_76_studyroom-76-1studyroom2,62,65,0.28796576929934037,"[0.25,0.30)",0.031249999999999875,0.0,0.018,1,0.0,,
sun3d-mit_76_studyroom-76-1studyroom2,63,65,0.38126707198872145,"[0.30,1.00]",0.18359374999999928,1.0,0.186,1,0.0,,
sun3d-mit_76_studyroom-76-1studyroom2,6,34,0.34262202043132806,"[0.30,1.00]",0.8085937499999968,1.0,0.6655,1,1.0,5.760820738500443,0.17202132940292358
sun3d-mit_76_studyroom-76-1studyroom2,6,40,0.31458569807037456,"[0.30,1.00]",0.0,0.0,0.0,1,0.0,,
sun3d-mit_76_studyroom-76-1studyroom2,6,43,0.3634506242905789,"[0.30,1.00]",0.0507812499999998,0.0,0.0,1,0.0,,
sun3d-mit_76_studyroom-76-1studyroom2,6,50,0.35459704880817255,"[0.30,1.00]",0.6249999999999976,1.0,0.737,1,1.0,1.1853119178504932,0.02573404088616371
sun3d-mit_76_studyroom-76-1studyroom2,6,51,0.16106696935300793,"[0.15,0.20)",0.45703124999999817,1.0,0.449,1,1.0,2.735521674462741,0.050372425466775894
sun3d-mit_76_studyroom-76-1studyroom2,7,34,0.26205248402959697,"[0.25,0.30)",0.738281249999997,1.0,0.6035,1,1.0,5.797179082029851,0.17168301343917847
sun3d-mit_76_studyroom-76-1studyroom2,7,40,0.32584218024725403,"[0.30,1.00]",0.0,0.0,0.0,1,0.0,,
sun3d-mit_76_studyroom-76-1studyroom2,7,43,0.3011627372581461,"[0.30,1.00]",0.011718749999999953,0.0,0.001,1,0.0,,
sun3d-mit_76_studyroom-76-1studyroom2,8,10,0.18151661525926788,"[0.15,0.20)",0.21874999999999914,1.0,0.2705,1,1.0,2.374380491299228,0.08617208153009415
sun3d-mit_76_studyroom-76-1studyroom2,8,34,0.17604609206774138,"[0.15,0.20)",0.6210937499999976,1.0,0.567,1,1.0,4.696110280259147,0.14128245413303375
sun3d-mit_76_studyroom-76-1studyroom2,8,35,0.30809521038235466,"[0.30,1.00]",0.6796874999999973,1.0,0.6185,1,1.0,5.387361098399647,0.16935314238071442
sun3d-mit_76_studyroom-76-1studyroom2,8,36,0.41028923936448813,"[0.30,1.00]",0.6953124999999972,1.0,0.589,1,1.0,5.081684292484444,0.1547188013792038
sun3d-mit_76_studyroom-76-1studyroom2,8,52,0.3002386079264389,"[0.30,1.00]",0.49218749999999806,1.0,0.4755,1,1.0,0.9602192488925103,0.024887116625905037
sun3d-mit_76_studyroom-76-1studyroom2,8,53,0.17651166850957342,"[0.15,0.20)",0.26953124999999895,1.0,0.288,1,1.0,2.400777166167517,0.08454512059688568
sun3d-mit_76_studyroom-76-1studyroom2,8,55,0.16475586335331432,"[0.15,0.20)",0.2773437499999989,1.0,0.208,1,1.0,5.381829439857714,0.0819190964102745
sun3d-mit_76_studyroom-76-1studyroom2,8,9,0.35442006634464296,"[0.30,1.00]",0.6757812499999973,1.0,0.568,0,,,
sun3d-mit_76_studyroom-76-1studyroom2,9,12,0.35003170577045023,"[0.30,1.00]",0.746093749999997,1.0,0.6145,1,1.0,5.0910831844647975,0.11276112496852875
sun3d-mit_76_studyroom-76-1studyroom2,9,36,0.21019060763176545,"[0.20,0.25)",0.4023437499999984,1.0,0.192,1,1.0,3.1199797161558456,0.18653343617916107
sun3d-mit_76_studyroom-76-1studyroom2,9,37,0.24137416539221904,"[0.20,0.25)",0.48828124999999806,1.0,0.2885,1,1.0,3.9782796859061156,0.20836982131004333
sun3d-mit_76_studyroom-76-1studyroom2,9,38,0.27908538177477715,"[0.25,0.30)",0.5859374999999977,1.0,0.4435,1,1.0,1.7282769108563967,0.0648292675614357
sun3d-mit_76_studyroom-76-1studyroom2,9,39,0.2579357678391585,"[0.25,0.30)",0.8124999999999968,1.0,0.726,1,1.0,2.3901551928021187,0.11614212393760681
sun3d-mit_76_studyroom-76-1studyroom2,9,50,0.22757283001976947,"[0.20,0.25)",0.5468749999999978,1.0,0.53,1,1.0,0.9618481589369337,0.04582614824175835
sun3d-mit_76_studyroom-76-1studyroom2,9,54,0.18191652057144989,"[0.15,0.20)",0.5507812499999978,1.0,0.4205,1,1.0,2.053284337466655,0.035141199827194214
sun3d-mit_76_studyroom-76-1studyroom2,9,56,0.29702711775896157,"[0.25,0.30)",0.12109374999999951,1.0,0.164,1,0.0,,
sun3d-mit_lab_hj-lab_hj_tea_nov_2_2012_scan1_erika,0,11,0.3048063762982047,"[0.30,1.00]",0.41015624999999833,1.0,0.4075,1,1.0,2.1776268076237884,0.059471797198057175
sun3d-mit_lab_hj-lab_hj_tea_nov_2_2012_scan1_erika,0,2,0.272522341196361,"[0.25,0.30)",0.21484374999999914,1.0,0.1965,1,1.0,3.2735708934112164,0.11058653891086578
sun3d-mit_lab_hj-lab_hj_tea_nov_2_2012_scan1_erika,0,24,0.15908541985347396,"[0.15,0.20)",0.16015624999999936,1.0,0.109,1,1.0,4.574316950765897,0.11206355690956116
sun3d-mit_lab_hj-lab_hj_tea_nov_2_2012_scan1_erika,0,26,0.24909427582320265,"[0.20,0.25)",0.3749999999999985,1.0,0.269,1,1.0,1.696505844348736,0.06199006363749504
sun3d-mit_lab_hj-lab_hj_tea_nov_2_2012_scan1_erika,0,6,0.3524675952016746,"[0.30,1.00]",0.10937499999999957,0.0,0.0415,1,0.0,,
sun3d-mit_lab_hj-lab_hj_tea_nov_2_2012_scan1_erika,0,7,0.5856211255132437,"[0.30,1.00]",0.16015624999999936,1.0,0.0795,1,0.0,,
sun3d-mit_lab_hj-lab_hj_tea_nov_2_2012_scan1_erika,10,27,0.407168458781362,"[0.30,1.00]",0.25781249999999895,1.0,0.2555,1,1.0,4.353881774353604,0.23128066956996918
sun3d-mit_lab_hj-lab_hj_tea_nov_2_2012_scan1_erika,10,28,0.2252199413489736,"[0.20,0.25)",0.32812499999999867,1.0,0.4135,1,1.0,1.4846399926748952,0.06532978266477585
sun3d-mit_lab_hj-lab_hj_tea_nov_2_2012_scan1_erika,13,16,0.36725966472801913,"[0.30,1.00]",0.14843749999999942,1.0,0.1205,1,0.0,,
sun3d-mit_lab_hj-lab_hj_tea_nov_2_2012_scan1_erika,13,17,0.2704413274033527,"[0.25,0.30)",0.03515624999999986,0.0,0.027,1,0.0,,
sun3d-mit_lab_hj-lab_hj_tea_nov_2_2012_scan1_erika,13,18,0.1874786178583647,"[0.15,0.20)",0.0,0.0,0.0,1,0.0,,
sun3d-mit_lab_hj-lab_hj_tea_nov_2_2012_scan1_erika,14,18,0.3766059358073325,"[0.30,1.00]",0.7851562499999969,1.0,0.3775,1,1.0,1.7077731526894546,0.08733884245157242
sun3d-mit_lab_hj-lab_hj_tea_nov_2_2012_scan1_erika,15,18,0.41565953444627324,"[0.30,1.00]",0.749999999999997,1.0,0.4065,1,1.0,1.4027690123374632,0.07797030359506607
sun3d-mit_lab_hj-lab_hj_tea_nov_2_2012_scan1_erika,17,20,0.40402498265093684,"[0.30,1.00]",0.5976562499999976,1.0,0.4555,1,0.0,,
sun3d-mit_lab_hj-lab_hj_tea_nov_2_2012_scan1_erika,19,21,0.4193278015254379,"[0.30,1.00]",0.24218749999999903,1.0,0.0675,1,1.0,13.358395525194602,0.3341675102710724
sun3d-mit_lab_hj-lab_hj_tea_nov_2_2012_scan1_erika,1,26,0.22468747954709078,"[0.20,0.25)",0.38281249999999845,1.0,0.2015,1,1.0,2.403058834085357,0.0755094364285469
sun3d-mit_lab_hj-lab_hj_tea_nov_2_2012_scan1_erika,1,5,0.28679887427187645,"[0.25,0.30)",0.5742187499999977,1.0,0.5225,1,1.0,0.58950308302748,0.024945011362433434
sun3d-mit_lab_hj-lab_hj_tea_nov_2_2012_scan1_erika,1,7,0.6192813665815826,"[0.30,1.00]",0.1757812499999993,1.0,0.18,1,0.0,,
sun3d-mit_lab_hj-lab_hj_tea_nov_2_2012_scan1_erika,20,22,0.3542964787711926,"[0.30,1.00]",0.2812499999999989,1.0,0.1305,1,1.0,3.386799942695602,0.1113879531621933
sun3d-mit_lab_hj-lab_hj_tea_nov_2_2012_scan1_erika,21,23,0.4188353812104098,"[0.30,1.00]",0.7343749999999971,1.0,0.5695,1,1.0,1.2091750448157443,0.0437266007065773
sun3d-mit_lab_hj-lab_hj_tea_nov_2_2012_scan1_erika,21,24,0.22437609707700526,"[0.20,0.25)",0.4687499999999981,1.0,0.455,1,1.0,2.133683379979279,0.03922758996486664
sun3d-mit_lab_hj-lab_hj_tea_nov_2_2012_scan1_erika,21,25,0.1820575440738762,"[0.15,0.20)",0.41796874999999833,1.0,0.4295,1,1.0,6.120228375087734,0.13781140744686127
sun3d-mit_lab_hj-lab_hj_tea_nov_2_2012_scan1_erika,22,25,0.36930274675520675,"[0.30,1.00]",0.7226562499999971,1.0,0.5515,1,1.0,3.8875603682563376,0.08164725452661514
sun3d-mit_lab_hj-lab_hj_tea_nov_2_2012_scan1_erika,22,26,0.2650166012677332,"[0.25,0.30)",0.5859374999999977,1.0,0.427,1,1.0,3.7985959941857383,0.07417157292366028
sun3d-mit_lab_hj-lab_hj_tea_nov_2_2012_scan1_erika,23,26,0.40717907351924404,"[0.30,1.00]",0.6171874999999976,1.0,0.416,1,1.0,2.2928571766079555,0.058409593999385834
sun3d-mit_lab_hj-lab_hj_tea_nov_2_2012_scan1_erika,23,27,0.2985134823692095,"[0.25,0.30)",0.4414062499999982,1.0,0.283,1,1.0,1.7068561596052896,0.04942025616765022
sun3d-mit_lab_hj-lab_hj_tea_nov_2_2012_scan1_erika,24,26,0.4847775175644028,"[0.30,1.00]",0.6367187499999974,1.0,0.431,1,1.0,3.5802570414433537,0.06344933062791824
sun3d-mit_lab_hj-lab_hj_tea_nov_2_2012_scan1_erika,24,27,0.3604025571238686,"[0.30,1.00]",0.4296874999999983,1.0,0.325,1,1.0,8.75961543017216,0.163255974650383
sun3d-mit_lab_hj-lab_hj_tea_nov_2_2012_scan1_erika,24,33,0.2415975694664219,"[0.20,0.25)",0.5156249999999979,1.0,0.3415,1,1.0,5.2189440731964964,0.22528007626533508
sun3d-mit_lab_hj-lab_hj_tea_nov_2_2012_scan1_erika,24,34,0.20007595417431484,"[0.20,0.25)",0.18359374999999928,1.0,0.112,1,0.0,,
sun3d-mit_lab_hj-lab_hj_tea_nov_2_2012_scan1_erika,24,35,0.19007532122286222,"[0.15,0.20)",0.20703124999999917,1.0,0.1135,1,0.0,,
sun3d-mit_lab_hj-lab_hj_tea_nov_2_2012_scan1_erika,24,36,0.1546933350212039,"[0.15,0.20)",0.32812499999999867,1.0,0.2205,1,1.0,4.828644307058804,0.24437417089939117
sun3d-mit_lab_hj-lab_hj_tea_nov_2_2012_scan1_erika,24,37,0.20843091334894615,"[0.20,0.25)",0.41796874999999833,1.0,0.2725,1,1.0,4.431907575025707,0.18982486426830292
sun3d-mit_lab_hj-lab_hj_tea_nov_2_2012_scan1_erika,25,27,0.35416119716461014,"[0.30,1.00]",0.4453124999999982,1.0,0.3495,1,1.0,1.39941694342382,0.06234564259648323
sun3d-mit_lab_hj-lab_hj_tea_nov_2_2012_scan1_erika,25,30,0.1182068784457863,"[0.00,0.15)",0.10546874999999958,0.0,0.017,1,0.0,,
sun3d-mit_lab_hj-lab_hj_tea_nov_2_2012_scan1_erika,25,31,0.11374376476765555,"[0.00,0.15)",0.14062499999999944,0.0,0.0145,1,0.0,,
sun3d-mit_lab_hj-lab_hj_tea_nov_2_2012_scan1_erika,25,32,0.24107377264373853,"[0.20,0.25)",0.33984374999999867,1.0,0.125,1,1.0,9.101570043337052,0.4319397807121277
sun3d-mit_lab_hj-lab_hj_tea_nov_2_2012_scan1_erika,25,33,0.30014439485429245,"[0.30,1.00]",0.48046874999999806,1.0,0.3575,1,1.0,2.313084148426031,0.09511029720306396
sun3d-mit_lab_hj-lab_hj_tea_nov_2_2012_scan1_erika,25,34,0.259516933578367,"[0.25,0.30)",0.35937499999999856,1.0,0.227,1,1.0,2.3576703249052056,0.14506040513515472
sun3d-mit_lab_hj-lab_hj_tea_nov_2_2012_scan1_erika,25,35,0.22007088474665268,"[0.20,0.25)",0.2812499999999989,1.0,0.154,1,1.0,3.5672175293814377,0.09605786949396133
sun3d-mit_lab_hj-lab_hj_tea_nov_2_2012_scan1_erika,25,36,0.258007351010764,"[0.25,0.30)",0.4492187499999982,1.0,0.266,1,1.0,2.653874392932262,0.10803467780351639
sun3d-mit_lab_hj-lab_hj_tea_nov_2_2012_scan1_erika,25,37,0.2807823575741665,"[0.25,0.30)",0.41796874999999833,1.0,0.314,1,1.0,4.198246549466772,0.1917048543691635
sun3d-mit_lab_hj-lab_hj_tea_nov_2_2012_scan1_erika,28,29,0.1541919226316148,"[0.15,0.20)",0.031249999999999875,0.0,0.0,0,,,
sun3d-mit_lab_hj-lab_hj_tea_nov_2_2012_scan1_erika,28,30,0.16937955458693726,"[0.15,0.20)",0.253906249999999,1.0,0.128,1,0.0,,
sun3d-mit_lab_hj-lab_hj_tea_nov_2_2012_scan1_erika,29,31,0.47061260728026044,"[0.30,1.00]",0.3085937499999988,1.0,0.2005,1,1.0,1.5344211442223494,0.04243282601237297
sun3d-mit_lab_hj-lab_hj_tea_nov_2_2012_scan1_erika,2,28,0.22042036982435448,"[0.20,0.25)",0.6093749999999976,1.0,0.6095,1,1.0,3.6851459487546663,0.1656530797481537
sun3d-mit_lab_hj-lab_hj_tea_nov_2_2012_scan1_erika,2,30,0.2082052146076408,"[0.20,0.25)",0.04687499999999981,0.0,0.0,1,0.0,,
sun3d-mit_lab_hj-lab_hj_tea_nov_2_2012_scan1_erika,2,6,0.5640453224379764,"[0.30,1.00]",0.8359374999999967,1.0,0.725,1,1.0,2.0377845461958684,0.062138162553310394
sun3d-mit_lab_hj-lab_hj_tea_nov_2_2012_scan1_erika,2,7,0.5125310644033528,"[0.30,1.00]",0.8124999999999968,1.0,0.712,1,1.0,0.544645500629109,0.027460796758532524
sun3d-mit_lab_hj-lab_hj_tea_nov_2_2012_scan1_erika,2,9,0.19211490670148687,"[0.15,0.20)",0.5624999999999978,1.0,0.6225,1,1.0,3.568205374457137,0.13920818269252777
sun3d-mit_lab_hj-lab_hj_tea_nov_2_2012_scan1_erika,30,32,0.3389976338997634,"[0.30,1.00]",0.8359374999999967,1.0,0.8265,1,1.0,1.080646195564468,0.03320668637752533
sun3d-mit_lab_hj-lab_hj_tea_nov_2_2012_scan1_erika,30,33,0.3171380942138094,"[0.30,1.00]",0.8281249999999967,1.0,0.7135,1,1.0,1.8424940930026286,0.05384339392185211
sun3d-mit_lab_hj-lab_hj_tea_nov_2_2012_scan1_erika,30,34,0.20945364594536459,"[0.20,0.25)",0.6367187499999974,1.0,0.498,1,1.0,3.2257363448936145,0.11050187796354294
sun3d-mit_lab_hj-lab_hj_tea_nov_2_2012_scan1_erika,30,35,0.20466767046676704,"[0.20,0.25)",0.7656249999999969,1.0,0.691,1,1.0,0.9573619879933314,0.04156086966395378
sun3d-mit_lab_hj-lab_hj_tea_nov_2_2012_scan1_erika,30,36,0.3501828350182835,"[0.30,1.00]",0.8085937499999968,1.0,0.742,1,1.0,1.806886078221784,0.05102020129561424
sun3d-mit_lab_hj-lab_hj_tea_nov_2_2012_scan1_erika,30,37,0.26201871370187135,"[0.25,0.30)",0.8007812499999968,1.0,0.6595,1,1.0,2.092934702297947,0.0697452500462532
sun3d-mit_lab_hj-lab_hj_tea_nov_2_2012_scan1_erika,31,35,0.5176191886289606,"[0.30,1.00]",0.8554687499999966,1.0,0.7905,1,1.0,1.1686862233537025,0.05363094434142113
sun3d-mit_lab_hj-lab_hj_tea_nov_2_2012_scan1_erika,3,30,0.18758980362939706,"[0.15,0.20)",0.011718749999999953,0.0,0.0015,1,0.0,,
sun3d-mit_lab_hj-lab_hj_tea_nov_2_2012_scan1_erika,3,5,0.6527592996647331,"[0.30,1.00]",0.8359374999999967,1.0,0.7785,1,1.0,1.8511834061951378,0.041850026696920395
sun3d-mit_lab_hj-lab_hj_tea_nov_2_2012_scan1_erika,3,6,0.6125804906604225,"[0.30,1.00]",0.757812499999997,1.0,0.7845,1,1.0,2.197666990993822,0.0708792507648468
sun3d-mit_lab_hj-lab_hj_tea_nov_2_2012_scan1_erika,3,7,0.44143472939173006,"[0.30,1.00]",0.7031249999999972,1.0,0.717,1,1.0,2.576178609463261,0.08741648495197296
sun3d-mit_lab_hj-lab_hj_tea_nov_2_2012_scan1_erika,3,8,0.32185620775903356,"[0.30,1.00]",0.7656249999999969,1.0,0.6585,1,1.0,1.465536275913684,0.05485689640045166
sun3d-mit_lab_hj-lab_hj_tea_nov_2_2012_scan1_erika,4,7,0.5011219600946085,"[0.30,1.00]",0.753906249999997,1.0,0.677,1,1.0,1.2933145436038633,0.023001879453659058
sun3d-mit_lab_hj-lab_hj_tea_nov_2_2012_scan1_erika,4,8,0.3243980835708654,"[0.30,1.00]",0.6835937499999972,1.0,0.504,1,1.0,2.7583248435911756,0.11453250795602798
sun3d-mit_lab_hj-lab_hj_tea_nov_2_2012_scan1_erika,5,9,0.1488733266638083,"[0.00,0.15)",0.38671874999999845,1.0,0.444,1,0.0,,
sun3d-mit_lab_hj-lab_hj_tea_nov_2_2012_scan1_erika,6,10,0.24524179811893654,"[0.20,0.25)",0.33984374999999867,1.0,0.219,1,1.0,1.663893292332399,0.10545644164085388
sun3d-mit_lab_hj-lab_hj_tea_nov_2_2012_scan1_erika,6,9,0.34829297193216324,"[0.30,1.00]",0.6796874999999973,1.0,0.6275,1,1.0,3.0528731227693937,0.1328132152557373
sun3d-mit_lab_hj-lab_hj_tea_nov_2_2012_scan1_erika,8,10,0.31363925257404346,"[0.30,1.00]",0.7773437499999969,1.0,0.825,1,1.0,0.8722279639152607,0.02591467648744583
sun3d-mit_lab_hj-lab_hj_tea_nov_2_2012_scan1_erika,8,9,0.36895894241769417,"[0.30,1.00]",0.8867187499999964,1.0,0.891,0,,,
sun3d-mit_lab_hj-lab_hj_tea_nov_2_2012_scan1_erika,9,11,0.3910982042316126,"[0.30,1.00]",0.23046874999999908,1.0,0.1795,1,0.0,,
sun3d-mit_lab_hj-lab_hj_tea_nov_2_2012_scan1_erika,9,27,0.373081254074557,"[0.30,1.00]",0.4296874999999983,1.0,0.3975,1,1.0,4.158029067256425,0.21176005899906158
sun3d-mit_lab_hj-lab_hj_tea_nov_2_2012_scan1_erika,9,28,0.26503881941563445,"[0.25,0.30)",0.5664062499999978,1.0,0.5645,1,1.0,1.9626397735231902,0.11102677136659622
