pair_index,scene,ref_frame,src_frame,benchmark,variant,dtype,rotation_index,stage,global_relative_error,point_median_relative_error,point_p95_relative_error,point_max_relative_error
0,7-scenes-redkitchen,0,7,3DLoMatch,baseline,float32,0,S2,4.72845567855984e-05,2.0478006263147108e-05,8.31036755698733e-05,0.0009718291694298387
0,7-scenes-redkitchen,0,7,3DLoMatch,baseline,float32,0,S3,5.20288449479267e-05,2.7530608349479735e-05,9.457179112359877e-05,0.0006832158542238176
0,7-scenes-redkitchen,0,7,3DLoMatch,baseline,float32,0,S4_pre_context,5.178988430998288e-05,2.9416789402603172e-05,8.133843512041492e-05,0.0005502264248207211
0,7-scenes-redkitchen,0,7,3DLoMatch,baseline,float32,0,S4_post_context,5.178988430998288e-05,2.9416789402603172e-05,8.133843512041492e-05,0.0005502264248207211
0,7-scenes-redkitchen,0,7,3DLoMatch,baseline,float32,0,D3,3.389151970623061e-05,1.9795399566646665e-05,5.45724262337898e-05,0.00040360481943935156
0,7-scenes-redkitchen,0,7,3DLoMatch,baseline,float32,0,D2_pre_context,3.732220284291543e-05,1.887844155135099e-05,5.9897654864471365e-05,0.0006199568742886186
0,7-scenes-redkitchen,0,7,3DLoMatch,baseline,float32,0,D2_post_context,3.732220284291543e-05,1.887844155135099e-05,5.9897654864471365e-05,0.0006199568742886186
0,7-scenes-redkitchen,0,7,3DLoMatch,baseline,float32,0,final_RE,2.4325996491825208e-05,1.1525061381689738e-05,6.283791444730013e-05,0.00041018679621629417
0,7-scenes-redkitchen,0,7,3DLoMatch,baseline,float32,0,fine_RI,2.964729537779931e-05,nan,nan,nan
0,7-scenes-redkitchen,0,7,3DLoMatch,baseline,float32,0,coarse_RI,5.180284642847255e-05,nan,nan,nan
0,7-scenes-redkitchen,0,7,3DLoMatch,baseline,float32,1,S2,0.00010321856098016724,2.076553755614441e-05,0.00010622855770634481,0.00652738893404603
0,7-scenes-redkitchen,0,7,3DLoMatch,baseline,float32,1,S3,9.05577908270061e-05,2.882699300243985e-05,0.00012110375973861654,0.0015960864257067442
0,7-scenes-redkitchen,0,7,3DLoMatch,baseline,float32,1,S4_pre_context,0.00013228481111582369,3.058729998883791e-05,0.00015741731476737178,0.0014165214961394668
0,7-scenes-redkitchen,0,7,3DLoMatch,baseline,float32,1,S4_post_context,0.00013228481111582369,3.058729998883791e-05,0.00015741731476737178,0.0014165214961394668
0,7-scenes-redkitchen,0,7,3DLoMatch,baseline,float32,1,D3,9.162328933598474e-05,2.0938608940923586e-05,0.00010672829012037232,0.001441804226487875
0,7-scenes-redkitchen,0,7,3DLoMatch,baseline,float32,1,D2_pre_context,0.00011031264875782654,2.042050618911162e-05,0.00010025574738392604,0.0015914144460111856
0,7-scenes-redkitchen,0,7,3DLoMatch,baseline,float32,1,D2_post_context,0.00011031264875782654,2.042050618911162e-05,0.00010025574738392604,0.0015914144460111856
0,7-scenes-redkitchen,0,7,3DLoMatch,baseline,float32,1,final_RE,5.973519364488311e-05,1.2973147931916174e-05,8.878204826032737e-05,0.0027283078525215387
0,7-scenes-redkitchen,0,7,3DLoMatch,baseline,float32,1,fine_RI,0.00010326672054361552,nan,nan,nan
0,7-scenes-redkitchen,0,7,3DLoMatch,baseline,float32,1,coarse_RI,0.00016389616939704865,nan,nan,nan
0,7-scenes-redkitchen,0,7,3DLoMatch,baseline,float32,2,S2,6.79094300721772e-05,2.1479152565007098e-05,9.963067132048299e-05,0.003976755775511265
0,7-scenes-redkitchen,0,7,3DLoMatch,baseline,float32,2,S3,6.154140282887965e-05,2.8429911253624596e-05,0.00011625061233644368,0.0006603403599001467
0,7-scenes-redkitchen,0,7,3DLoMatch,baseline,float32,2,S4_pre_context,6.553682032972574e-05,3.039059265574906e-05,0.00010299552886863239,0.000556882587261498
0,7-scenes-redkitchen,0,7,3DLoMatch,baseline,float32,2,S4_post_context,6.553682032972574e-05,3.039059265574906e-05,0.00010299552886863239,0.000556882587261498
0,7-scenes-redkitchen,0,7,3DLoMatch,baseline,float32,2,D3,4.2782892705872655e-05,2.013772609643638e-05,7.293570306501337e-05,0.0004568950389511883
0,7-scenes-redkitchen,0,7,3DLoMatch,baseline,float32,2,D2_pre_context,5.0803781050490215e-05,1.9930341295548715e-05,7.425101357512174e-05,0.0010966685367748141
0,7-scenes-redkitchen,0,7,3DLoMatch,baseline,float32,2,D2_post_context,5.0803781050490215e-05,1.9930341295548715e-05,7.425101357512174e-05,0.0010966685367748141
0,7-scenes-redkitchen,0,7,3DLoMatch,baseline,float32,2,final_RE,3.486248533590697e-05,1.2023753697576467e-05,7.598389202030373e-05,0.0011095160152763128
0,7-scenes-redkitchen,0,7,3DLoMatch,baseline,float32,2,fine_RI,4.19393545598723e-05,nan,nan,nan
0,7-scenes-redkitchen,0,7,3DLoMatch,baseline,float32,2,coarse_RI,7.392223051283509e-05,nan,nan,nan
0,7-scenes-redkitchen,0,7,3DLoMatch,baseline,float32,3,S2,8.893000631360337e-05,2.15675936487969e-05,0.00010792873945320022,0.0059505850076675415
0,7-scenes-redkitchen,0,7,3DLoMatch,baseline,float32,3,S3,7.574841583846137e-05,2.9874594474676996e-05,0.0001280039323319215,0.0009918313007801771
0,7-scenes-redkitchen,0,7,3DLoMatch,baseline,float32,3,S4_pre_context,8.021023677429184e-05,3.284876584075391e-05,0.00011531104100868092,0.0005978799308650196
0,7-scenes-redkitchen,0,7,3DLoMatch,baseline,float32,3,S4_post_context,8.021023677429184e-05,3.284876584075391e-05,0.00011531104100868092,0.0005978799308650196
0,7-scenes-redkitchen,0,7,3DLoMatch,baseline,float32,3,D3,5.368168785935268e-05,2.2401254682336003e-05,8.449646811641267e-05,0.0005541598657146096
0,7-scenes-redkitchen,0,7,3DLoMatch,baseline,float32,3,D2_pre_context,6.16116521996446e-05,2.1592577468254603e-05,8.951500640250742e-05,0.0015838432591408491
0,7-scenes-redkitchen,0,7,3DLoMatch,baseline,float32,3,D2_post_context,6.16116521996446e-05,2.1592577468254603e-05,8.951500640250742e-05,0.0015838432591408491
0,7-scenes-redkitchen,0,7,3DLoMatch,baseline,float32,3,final_RE,3.878915958921425e-05,1.3591096831078175e-05,8.52290162583812e-05,0.0011649710359051824
0,7-scenes-redkitchen,0,7,3DLoMatch,baseline,float32,3,fine_RI,5.3474403102882206e-05,nan,nan,nan
0,7-scenes-redkitchen,0,7,3DLoMatch,baseline,float32,3,coarse_RI,8.158541459124535e-05,nan,nan,nan
1,7-scenes-redkitchen,4,29,3DLoMatch,baseline,float32,0,S2,5.986048927297816e-05,2.0333571228547953e-05,8.503278841089921e-05,0.0024614627473056316
1,7-scenes-redkitchen,4,29,3DLoMatch,baseline,float32,0,S3,5.407550270319916e-05,2.5733865186339244e-05,8.755193266551942e-05,0.0004901830106973648
1,7-scenes-redkitchen,4,29,3DLoMatch,baseline,float32,0,S4_pre_context,4.567682117340155e-05,2.4790559109533206e-05,7.990856247488405e-05,0.00028176020714454353
1,7-scenes-redkitchen,4,29,3DLoMatch,baseline,float32,0,S4_post_context,4.567682117340155e-05,2.4790559109533206e-05,7.990856247488405e-05,0.00028176020714454353
1,7-scenes-redkitchen,4,29,3DLoMatch,baseline,float32,0,D3,2.8699636459350586e-05,1.630517544981558e-05,4.933840900775975e-05,0.00020767255045939237
1,7-scenes-redkitchen,4,29,3DLoMatch,baseline,float32,0,D2_pre_context,3.2602561987005174e-05,1.691144279902801e-05,5.171060729480814e-05,0.0009314055787399411
1,7-scenes-redkitchen,4,29,3DLoMatch,baseline,float32,0,D2_post_context,3.2602561987005174e-05,1.691144279902801e-05,5.171060729480814e-05,0.0009314055787399411
1,7-scenes-redkitchen,4,29,3DLoMatch,baseline,float32,0,final_RE,2.098544609907549e-05,8.961394996731542e-06,5.4135652317199506e-05,0.00048183955368585885
1,7-scenes-redkitchen,4,29,3DLoMatch,baseline,float32,0,fine_RI,2.4612370907561854e-05,nan,nan,nan
1,7-scenes-redkitchen,4,29,3DLoMatch,baseline,float32,0,coarse_RI,4.1335850255563855e-05,nan,nan,nan
1,7-scenes-redkitchen,4,29,3DLoMatch,baseline,float32,1,S2,5.7109737099381164e-05,2.005112764891237e-05,9.062766221177288e-05,0.0021635156590491533
1,7-scenes-redkitchen,4,29,3DLoMatch,baseline,float32,1,S3,4.569394513964653e-05,2.6142663045902736e-05,8.73114331625402e-05,0.0003192097065038979
1,7-scenes-redkitchen,4,29,3DLoMatch,baseline,float32,1,S4_pre_context,3.6514829844236374e-05,2.5462264602538198e-05,6.561437185155223e-05,0.00015134074783418328
1,7-scenes-redkitchen,4,29,3DLoMatch,baseline,float32,1,S4_post_context,3.6514829844236374e-05,2.5462264602538198e-05,6.561437185155223e-05,0.00015134074783418328
1,7-scenes-redkitchen,4,29,3DLoMatch,baseline,float32,1,D3,2.3570764824398793e-05,1.6385640265070833e-05,4.2712265349109595e-05,0.00012947704817634076
1,7-scenes-redkitchen,4,29,3DLoMatch,baseline,float32,1,D2_pre_context,3.20311555697117e-05,1.6707148461136967e-05,5.1436970716167624e-05,0.001233076909556985
1,7-scenes-redkitchen,4,29,3DLoMatch,baseline,float32,1,D2_post_context,3.20311555697117e-05,1.6707148461136967e-05,5.1436970716167624e-05,0.001233076909556985
1,7-scenes-redkitchen,4,29,3DLoMatch,baseline,float32,1,final_RE,1.5687888662796468e-05,8.667109796078876e-06,4.668545170716241e-05,0.0002610977680888027
1,7-scenes-redkitchen,4,29,3DLoMatch,baseline,float32,1,fine_RI,2.4727589334361255e-05,nan,nan,nan
1,7-scenes-redkitchen,4,29,3DLoMatch,baseline,float32,1,coarse_RI,3.3973661629715934e-05,nan,nan,nan
1,7-scenes-redkitchen,4,29,3DLoMatch,baseline,float32,2,S2,5.439738743007183e-05,2.1185536752454937e-05,9.691005543572802e-05,0.0014225374907255173
1,7-scenes-redkitchen,4,29,3DLoMatch,baseline,float32,2,S3,4.988657383364625e-05,2.7770502128987573e-05,0.0001014896908600348,0.0002946512249764055
1,7-scenes-redkitchen,4,29,3DLoMatch,baseline,float32,2,S4_pre_context,4.1481980588287115e-05,2.6775902369990945e-05,7.29971099644899e-05,0.00018241042562294751
1,7-scenes-redkitchen,4,29,3DLoMatch,baseline,float32,2,S4_post_context,4.1481980588287115e-05,2.6775902369990945e-05,7.29971099644899e-05,0.00018241042562294751
1,7-scenes-redkitchen,4,29,3DLoMatch,baseline,float32,2,D3,2.9294027626747265e-05,1.734806937747635e-05,4.9958454837906154e-05,0.0003921882889699191
1,7-scenes-redkitchen,4,29,3DLoMatch,baseline,float32,2,D2_pre_context,3.334078792249784e-05,1.779564263415523e-05,5.866180817974964e-05,0.0005111348582431674
1,7-scenes-redkitchen,4,29,3DLoMatch,baseline,float32,2,D2_post_context,3.334078792249784e-05,1.779564263415523e-05,5.866180817974964e-05,0.0005111348582431674
1,7-scenes-redkitchen,4,29,3DLoMatch,baseline,float32,2,final_RE,1.8563006960903294e-05,9.041101293405518e-06,5.090770428068924e-05,0.000492823077365756
1,7-scenes-redkitchen,4,29,3DLoMatch,baseline,float32,2,fine_RI,2.534635495976545e-05,nan,nan,nan
1,7-scenes-redkitchen,4,29,3DLoMatch,baseline,float32,2,coarse_RI,3.832302172668278e-05,nan,nan,nan
1,7-scenes-redkitchen,4,29,3DLoMatch,baseline,float32,3,S2,5.922982745687477e-05,2.1571479010162875e-05,9.381597410538232e-05,0.0028870804235339165
1,7-scenes-redkitchen,4,29,3DLoMatch,baseline,float32,3,S3,4.842856287723407e-05,2.9083337722113356e-05,8.729260589461768e-05,0.0003169782867189497
1,7-scenes-redkitchen,4,29,3DLoMatch,baseline,float32,3,S4_pre_context,4.108242137590423e-05,2.7642854547593743e-05,7.811531395418549e-05,0.0002029987663263455
1,7-scenes-redkitchen,4,29,3DLoMatch,baseline,float32,3,S4_post_context,4.108242137590423e-05,2.7642854547593743e-05,7.811531395418549e-05,0.0002029987663263455
1,7-scenes-redkitchen,4,29,3DLoMatch,baseline,float32,3,D3,2.778025191219058e-05,1.7240932720596902e-05,4.985509331163481e-05,0.0001875401212600991
1,7-scenes-redkitchen,4,29,3DLoMatch,baseline,float32,3,D2_pre_context,3.509745511109941e-05,1.794418494682759e-05,5.514785862033005e-05,0.001457956270314753
1,7-scenes-redkitchen,4,29,3DLoMatch,baseline,float32,3,D2_post_context,3.509745511109941e-05,1.794418494682759e-05,5.514785862033005e-05,0.001457956270314753
1,7-scenes-redkitchen,4,29,3DLoMatch,baseline,float32,3,final_RE,1.7812420992413536e-05,9.762294212123379e-06,5.1227391850261477e-05,0.00044185022125020623
1,7-scenes-redkitchen,4,29,3DLoMatch,baseline,float32,3,fine_RI,2.7280701033305377e-05,nan,nan,nan
1,7-scenes-redkitchen,4,29,3DLoMatch,baseline,float32,3,coarse_RI,3.790766641031951e-05,nan,nan,nan
2,7-scenes-redkitchen,8,38,3DLoMatch,baseline,float32,0,S2,0.0008486404549330473,2.3202290321933106e-05,0.00011589318419282797,0.06465988606214523
2,7-scenes-redkitchen,8,38,3DLoMatch,baseline,float32,0,S3,0.0005412113387137651,3.0448150937445462e-05,0.000233073881827295,0.011125580407679081
2,7-scenes-redkitchen,8,38,3DLoMatch,baseline,float32,0,S4_pre_context,0.00043273137998767197,3.54227886418812e-05,0.0006928352871909745,0.004330805502831936
2,7-scenes-redkitchen,8,38,3DLoMatch,baseline,float32,0,S4_post_context,0.00043273137998767197,3.54227886418812e-05,0.0006928352871909745,0.004330805502831936
2,7-scenes-redkitchen,8,38,3DLoMatch,baseline,float32,0,D3,0.0002757674374151975,2.321589636267163e-05,0.0004543223796645181,0.0037036186549812555
2,7-scenes-redkitchen,8,38,3DLoMatch,baseline,float32,0,D2_pre_context,0.00036888819886371493,2.3431515728589147e-05,0.00036287793045630716,0.018166720867156982
2,7-scenes-redkitchen,8,38,3DLoMatch,baseline,float32,0,D2_post_context,0.00036888819886371493,2.3431515728589147e-05,0.00036287793045630716,0.018166720867156982
2,7-scenes-redkitchen,8,38,3DLoMatch,baseline,float32,0,final_RE,0.00020277631119824946,1.4224532606021967e-05,0.00023331134289037448,0.007647870108485222
2,7-scenes-redkitchen,8,38,3DLoMatch,baseline,float32,0,fine_RI,0.0002802694507408887,nan,nan,nan
2,7-scenes-redkitchen,8,38,3DLoMatch,baseline,float32,0,coarse_RI,0.00039974317769519985,nan,nan,nan
2,7-scenes-redkitchen,8,38,3DLoMatch,baseline,float32,1,S2,0.006033716723322868,2.3163527657743543e-05,0.00012064757283951627,0.4684979021549225
2,7-scenes-redkitchen,8,38,3DLoMatch,baseline,float32,1,S3,0.0029090717434883118,3.183531589456834e-05,0.0004641595471184712,0.04795829951763153
2,7-scenes-redkitchen,8,38,3DLoMatch,baseline,float32,1,S4_pre_context,0.0023251939564943314,3.406584801268764e-05,0.0035556055023334946,0.028346767649054527
2,7-scenes-redkitchen,8,38,3DLoMatch,baseline,float32,1,S4_post_context,0.0023251939564943314,3.406584801268764e-05,0.0035556055023334946,0.028346767649054527
2,7-scenes-redkitchen,8,38,3DLoMatch,baseline,float32,1,D3,0.001809838693588972,2.278197462146636e-05,0.002189170615747572,0.053598254919052124
2,7-scenes-redkitchen,8,38,3DLoMatch,baseline,float32,1,D2_pre_context,0.002461294876411557,2.2194710254552774e-05,0.0017890427843667575,0.13809342682361603
2,7-scenes-redkitchen,8,38,3DLoMatch,baseline,float32,1,D2_post_context,0.002461294876411557,2.2194710254552774e-05,0.0017890427843667575,0.13809342682361603
2,7-scenes-redkitchen,8,38,3DLoMatch,baseline,float32,1,final_RE,0.0009741322137415409,1.4099381587584503e-05,0.0009263362793717533,0.043154310435056686
2,7-scenes-redkitchen,8,38,3DLoMatch,baseline,float32,1,fine_RI,0.001881132135167718,nan,nan,nan
2,7-scenes-redkitchen,8,38,3DLoMatch,baseline,float32,1,coarse_RI,0.0020672024693340063,nan,nan,nan
2,7-scenes-redkitchen,8,38,3DLoMatch,baseline,float32,2,S2,0.0015958900330588222,2.4332324755960144e-05,0.00012623742368305106,0.12146681547164917
2,7-scenes-redkitchen,8,38,3DLoMatch,baseline,float32,2,S3,0.0010517954360693693,3.138974352623336e-05,0.00033297318150289445,0.021445218473672867
2,7-scenes-redkitchen,8,38,3DLoMatch,baseline,float32,2,S4_pre_context,0.0008609243086539209,3.587282117223367e-05,0.001418047607876361,0.009065700694918633
2,7-scenes-redkitchen,8,38,3DLoMatch,baseline,float32,2,S4_post_context,0.0008609243086539209,3.587282117223367e-05,0.001418047607876361,0.009065700694918633
2,7-scenes-redkitchen,8,38,3DLoMatch,baseline,float32,2,D3,0.0005618762224912643,2.2510845155920833e-05,0.0010135765653103593,0.007342744152992964
2,7-scenes-redkitchen,8,38,3DLoMatch,baseline,float32,2,D2_pre_context,0.0006915279664099216,2.3194037567009218e-05,0.0008789594576228418,0.029934408143162727
2,7-scenes-redkitchen,8,38,3DLoMatch,baseline,float32,2,D2_post_context,0.0006915279664099216,2.3194037567009218e-05,0.0008789594576228418,0.029934408143162727
2,7-scenes-redkitchen,8,38,3DLoMatch,baseline,float32,2,final_RE,0.0004333397373557091,1.4358592125063296e-05,0.0004921026207739489,0.015651101246476173
2,7-scenes-redkitchen,8,38,3DLoMatch,baseline,float32,2,fine_RI,0.0005297859897837043,nan,nan,nan
2,7-scenes-redkitchen,8,38,3DLoMatch,baseline,float32,2,coarse_RI,0.0008202283061109483,nan,nan,nan
2,7-scenes-redkitchen,8,38,3DLoMatch,baseline,float32,3,S2,0.00027068943018093705,2.3905702619231306e-05,0.00010848628007806842,0.019999125972390175
2,7-scenes-redkitchen,8,38,3DLoMatch,baseline,float32,3,S3,0.0001717616687528789,3.12886550091207e-05,0.00014614418614655736,0.0030795482452958822
2,7-scenes-redkitchen,8,38,3DLoMatch,baseline,float32,3,S4_pre_context,0.00014048921002540737,3.498228034004569e-05,0.00022321303185890434,0.0014236748684197664
2,7-scenes-redkitchen,8,38,3DLoMatch,baseline,float32,3,S4_post_context,0.00014048921002540737,3.498228034004569e-05,0.00022321303185890434,0.0014236748684197664
2,7-scenes-redkitchen,8,38,3DLoMatch,baseline,float32,3,D3,9.08617876120843e-05,2.2871869077789597e-05,0.0001495598247856835,0.0010564884869381785
2,7-scenes-redkitchen,8,38,3DLoMatch,baseline,float32,3,D2_pre_context,0.00011953011562582105,2.1724288671975955e-05,0.00014507264786516318,0.0054115732200443745
2,7-scenes-redkitchen,8,38,3DLoMatch,baseline,float32,3,D2_post_context,0.00011953011562582105,2.1724288671975955e-05,0.00014507264786516318,0.0054115732200443745
2,7-scenes-redkitchen,8,38,3DLoMatch,baseline,float32,3,final_RE,6.621694046771154e-05,1.3734421372646466e-05,0.00010606845680740668,0.0024310345761477947
2,7-scenes-redkitchen,8,38,3DLoMatch,baseline,float32,3,fine_RI,9.247242996934801e-05,nan,nan,nan
2,7-scenes-redkitchen,8,38,3DLoMatch,baseline,float32,3,coarse_RI,0.00012906792107969522,nan,nan,nan
3,7-scenes-redkitchen,12,32,3DLoMatch,baseline,float32,0,S2,0.00011483976413728669,2.711565321078524e-05,0.0001434374571545048,0.006734190974384546
3,7-scenes-redkitchen,12,32,3DLoMatch,baseline,float32,0,S3,0.00010476671741344035,4.077461926499382e-05,0.0001907320518512278,0.001179555314593017
3,7-scenes-redkitchen,12,32,3DLoMatch,baseline,float32,0,S4_pre_context,8.937742677517235e-05,4.6675435442011803e-05,0.00017575512683833946,0.00042177303112111986
3,7-scenes-redkitchen,12,32,3DLoMatch,baseline,float32,0,S4_post_context,8.937742677517235e-05,4.6675435442011803e-05,0.00017575512683833946,0.00042177303112111986
3,7-scenes-redkitchen,12,32,3DLoMatch,baseline,float32,0,D3,7.738254498690367e-05,3.3249714761041105e-05,0.00015747142460895697,0.0005846676067449152
3,7-scenes-redkitchen,12,32,3DLoMatch,baseline,float32,0,D2_pre_context,9.223221422871575e-05,3.225570253562182e-05,0.00015971111424732941,0.003244821447879076
3,7-scenes-redkitchen,12,32,3DLoMatch,baseline,float32,0,D2_post_context,9.223221422871575e-05,3.225570253562182e-05,0.00015971111424732941,0.003244821447879076
3,7-scenes-redkitchen,12,32,3DLoMatch,baseline,float32,0,final_RE,5.930634870310314e-05,1.7909405869431794e-05,0.00017724223143886764,0.0025405455380678177
3,7-scenes-redkitchen,12,32,3DLoMatch,baseline,float32,0,fine_RI,9.25298299989663e-05,nan,nan,nan
3,7-scenes-redkitchen,12,32,3DLoMatch,baseline,float32,0,coarse_RI,9.543768828734756e-05,nan,nan,nan
3,7-scenes-redkitchen,12,32,3DLoMatch,baseline,float32,1,S2,0.00011136268585687503,2.6532150513958186e-05,0.0001499987585702911,0.006485749967396259
3,7-scenes-redkitchen,12,32,3DLoMatch,baseline,float32,1,S3,9.48408487602137e-05,4.007685856777243e-05,0.00019322684456710693,0.0009245738619938493
3,7-scenes-redkitchen,12,32,3DLoMatch,baseline,float32,1,S4_pre_context,8.490224718116224e-05,4.300886212149635e-05,0.00016833016925374975,0.00047827683738432825
3,7-scenes-redkitchen,12,32,3DLoMatch,baseline,float32,1,S4_post_context,8.490224718116224e-05,4.300886212149635e-05,0.00016833016925374975,0.00047827683738432825
3,7-scenes-redkitchen,12,32,3DLoMatch,baseline,float32,1,D3,7.57281159167178e-05,2.8110101993661374e-05,0.00014147959955153054,0.0012967108050361276
3,7-scenes-redkitchen,12,32,3DLoMatch,baseline,float32,1,D2_pre_context,8.194743713829666e-05,2.7924050300498493e-05,0.0001464858010876923,0.0027067316696047783
3,7-scenes-redkitchen,12,32,3DLoMatch,baseline,float32,1,D2_post_context,8.194743713829666e-05,2.7924050300498493e-05,0.0001464858010876923,0.0027067316696047783
3,7-scenes-redkitchen,12,32,3DLoMatch,baseline,float32,1,final_RE,6.090036185923964e-05,1.7235428458661772e-05,0.0001796072843717411,0.0020129852928221226
3,7-scenes-redkitchen,12,32,3DLoMatch,baseline,float32,1,fine_RI,6.548607052536681e-05,nan,nan,nan
3,7-scenes-redkitchen,12,32,3DLoMatch,baseline,float32,1,coarse_RI,0.0001057919580489397,nan,nan,nan
3,7-scenes-redkitchen,12,32,3DLoMatch,baseline,float32,2,S2,9.281309030484408e-05,2.568060517660342e-05,0.00015371279441751525,0.0038687121123075485
3,7-scenes-redkitchen,12,32,3DLoMatch,baseline,float32,2,S3,0.00010287525219609961,3.9419981476385146e-05,0.00021118836302775885,0.001477488549426198
3,7-scenes-redkitchen,12,32,3DLoMatch,baseline,float32,2,S4_pre_context,8.312722638947889e-05,4.351173993200064e-05,0.00017593598095118056,0.0003201427171006799
3,7-scenes-redkitchen,12,32,3DLoMatch,baseline,float32,2,S4_post_context,8.312722638947889e-05,4.351173993200064e-05,0.00017593598095118056,0.0003201427171006799
3,7-scenes-redkitchen,12,32,3DLoMatch,baseline,float32,2,D3,7.585821731481701e-05,2.8283986466703936e-05,0.00014269133826019242,0.0014272112166509032
3,7-scenes-redkitchen,12,32,3DLoMatch,baseline,float32,2,D2_pre_context,8.315737795783207e-05,2.774943641270511e-05,0.00013503415975719678,0.0036410754546523094
3,7-scenes-redkitchen,12,32,3DLoMatch,baseline,float32,2,D2_post_context,8.315737795783207e-05,2.774943641270511e-05,0.00013503415975719678,0.0036410754546523094
3,7-scenes-redkitchen,12,32,3DLoMatch,baseline,float32,2,final_RE,6.873845995869488e-05,1.6688494724803604e-05,0.000178656313801184,0.002793358638882637
3,7-scenes-redkitchen,12,32,3DLoMatch,baseline,float32,2,fine_RI,7.05165512044914e-05,nan,nan,nan
3,7-scenes-redkitchen,12,32,3DLoMatch,baseline,float32,2,coarse_RI,7.709400961175561e-05,nan,nan,nan
3,7-scenes-redkitchen,12,32,3DLoMatch,baseline,float32,3,S2,0.00010014081635745242,2.638812111399602e-05,0.00018463958986103505,0.0019957097247242928
3,7-scenes-redkitchen,12,32,3DLoMatch,baseline,float32,3,S3,0.00013467087410390377,3.9546510379295796e-05,0.000269723073870409,0.002314347540959716
3,7-scenes-redkitchen,12,32,3DLoMatch,baseline,float32,3,S4_pre_context,0.00011286709195701405,4.648403046303429e-05,0.00023816257089492857,0.0006829832564108074
3,7-scenes-redkitchen,12,32,3DLoMatch,baseline,float32,3,S4_post_context,0.00011286709195701405,4.648403046303429e-05,0.00023816257089492857,0.0006829832564108074
3,7-scenes-redkitchen,12,32,3DLoMatch,baseline,float32,3,D3,0.00011002628889400512,3.111648402409628e-05,0.00018450049756211227,0.002478010021150112
3,7-scenes-redkitchen,12,32,3DLoMatch,baseline,float32,3,D2_pre_context,9.973417036235332e-05,3.1547624530503526e-05,0.0001844438753323628,0.0009247057605534792
3,7-scenes-redkitchen,12,32,3DLoMatch,baseline,float32,3,D2_post_context,9.973417036235332e-05,3.1547624530503526e-05,0.0001844438753323628,0.0009247057605534792
3,7-scenes-redkitchen,12,32,3DLoMatch,baseline,float32,3,final_RE,9.447392949368805e-05,1.7893687981995754e-05,0.000231955212075263,0.004013030789792538
3,7-scenes-redkitchen,12,32,3DLoMatch,baseline,float32,3,fine_RI,8.777918992564082e-05,nan,nan,nan
3,7-scenes-redkitchen,12,32,3DLoMatch,baseline,float32,3,coarse_RI,0.00014149010530672967,nan,nan,nan
4,7-scenes-redkitchen,18,47,3DLoMatch,baseline,float32,0,S2,4.848006210522726e-05,1.9145318219671026e-05,7.499742168874942e-05,0.0020811918657273054
4,7-scenes-redkitchen,18,47,3DLoMatch,baseline,float32,0,S3,5.345997487893328e-05,2.43138856603764e-05,9.535850877000462e-05,0.0010084293317049742
4,7-scenes-redkitchen,18,47,3DLoMatch,baseline,float32,0,S4_pre_context,4.5099423005012795e-05,2.5068260583793744e-05,7.88290504715405e-05,0.00022880856704432517
4,7-scenes-redkitchen,18,47,3DLoMatch,baseline,float32,0,S4_post_context,4.5099423005012795e-05,2.5068260583793744e-05,7.88290504715405e-05,0.00022880856704432517
4,7-scenes-redkitchen,18,47,3DLoMatch,baseline,float32,0,D3,3.170619675074704e-05,1.6459194739582017e-05,6.011600380588787e-05,0.0003558561729732901
4,7-scenes-redkitchen,18,47,3DLoMatch,baseline,float32,0,D2_pre_context,3.161987115163356e-05,1.6605394193902612e-05,5.4609027029073314e-05,0.0006330534815788269
4,7-scenes-redkitchen,18,47,3DLoMatch,baseline,float32,0,D2_post_context,3.161987115163356e-05,1.6605394193902612e-05,5.4609027029073314e-05,0.0006330534815788269
4,7-scenes-redkitchen,18,47,3DLoMatch,baseline,float32,0,final_RE,2.4320510419784114e-05,9.356454029330052e-06,6.169582884467671e-05,0.0007587078725919127
4,7-scenes-redkitchen,18,47,3DLoMatch,baseline,float32,0,fine_RI,2.3684686311753467e-05,nan,nan,nan
4,7-scenes-redkitchen,18,47,3DLoMatch,baseline,float32,0,coarse_RI,4.0069247916108e-05,nan,nan,nan
4,7-scenes-redkitchen,18,47,3DLoMatch,baseline,float32,1,S2,5.151813820702955e-05,1.8298700524610467e-05,7.635278852831105e-05,0.0016836096765473485
4,7-scenes-redkitchen,18,47,3DLoMatch,baseline,float32,1,S3,5.551381764234975e-05,2.3846892872825265e-05,9.751896141096943e-05,0.0007911841385066509
4,7-scenes-redkitchen,18,47,3DLoMatch,baseline,float32,1,S4_pre_context,4.641230043489486e-05,2.5052800992853008e-05,8.64189700223505e-05,0.00026425474788993597
4,7-scenes-redkitchen,18,47,3DLoMatch,baseline,float32,1,S4_post_context,4.641230043489486e-05,2.5052800992853008e-05,8.64189700223505e-05,0.00026425474788993597
4,7-scenes-redkitchen,18,47,3DLoMatch,baseline,float32,1,D3,3.279195516370237e-05,1.6656222214805894e-05,5.876927225472161e-05,0.00030117417918518186
4,7-scenes-redkitchen,18,47,3DLoMatch,baseline,float32,1,D2_pre_context,3.2222749723587185e-05,1.660151974647306e-05,5.888914402021327e-05,0.0005048813764005899
4,7-scenes-redkitchen,18,47,3DLoMatch,baseline,float32,1,D2_post_context,3.2222749723587185e-05,1.660151974647306e-05,5.888914402021327e-05,0.0005048813764005899
4,7-scenes-redkitchen,18,47,3DLoMatch,baseline,float32,1,final_RE,2.4481416403432377e-05,9.623783626011573e-06,6.080303446651664e-05,0.0009858928387984633
4,7-scenes-redkitchen,18,47,3DLoMatch,baseline,float32,1,fine_RI,2.426887112960685e-05,nan,nan,nan
4,7-scenes-redkitchen,18,47,3DLoMatch,baseline,float32,1,coarse_RI,4.2132138332817703e-05,nan,nan,nan
4,7-scenes-redkitchen,18,47,3DLoMatch,baseline,float32,2,S2,4.5924367441330105e-05,1.8818282114807516e-05,8.162259000528132e-05,0.0010641219560056925
4,7-scenes-redkitchen,18,47,3DLoMatch,baseline,float32,2,S3,5.23214548593387e-05,2.552662590460386e-05,0.00010112202908203463,0.0009028328349813819
4,7-scenes-redkitchen,18,47,3DLoMatch,baseline,float32,2,S4_pre_context,4.4511049054563046e-05,2.769476850517094e-05,8.714960567886004e-05,0.00025128613924607635
4,7-scenes-redkitchen,18,47,3DLoMatch,baseline,float32,2,S4_post_context,4.4511049054563046e-05,2.769476850517094e-05,8.714960567886004e-05,0.00025128613924607635
4,7-scenes-redkitchen,18,47,3DLoMatch,baseline,float32,2,D3,3.0734241590835154e-05,1.798759330995381e-05,6.248309146030805e-05,0.0003253942995797843
4,7-scenes-redkitchen,18,47,3DLoMatch,baseline,float32,2,D2_pre_context,3.0931420042179525e-05,1.732430246192962e-05,5.831503603985764e-05,0.0003155817394144833
4,7-scenes-redkitchen,18,47,3DLoMatch,baseline,float32,2,D2_post_context,3.0931420042179525e-05,1.732430246192962e-05,5.831503603985764e-05,0.0003155817394144833
4,7-scenes-redkitchen,18,47,3DLoMatch,baseline,float32,2,final_RE,2.2150543372845277e-05,9.737037544255145e-06,6.177543400553986e-05,0.0005847646971233189
4,7-scenes-redkitchen,18,47,3DLoMatch,baseline,float32,2,fine_RI,2.3002634407021105e-05,nan,nan,nan
4,7-scenes-redkitchen,18,47,3DLoMatch,baseline,float32,2,coarse_RI,4.1455125028733164e-05,nan,nan,nan
4,7-scenes-redkitchen,18,47,3DLoMatch,baseline,float32,3,S2,4.354412158136256e-05,1.841684388637077e-05,7.369743580056817e-05,0.0011558725964277983
4,7-scenes-redkitchen,18,47,3DLoMatch,baseline,float32,3,S3,4.4721051381202415e-05,2.5037303203134798e-05,8.225593555835041e-05,0.00030529758078046143
4,7-scenes-redkitchen,18,47,3DLoMatch,baseline,float32,3,S4_pre_context,3.716051287483424e-05,2.504857002350036e-05,6.49915920803323e-05,0.00017424665566068143
4,7-scenes-redkitchen,18,47,3DLoMatch,baseline,float32,3,S4_post_context,3.716051287483424e-05,2.504857002350036e-05,6.49915920803323e-05,0.00017424665566068143
4,7-scenes-redkitchen,18,47,3DLoMatch,baseline,float32,3,D3,2.6086469006258994e-05,1.651835918892175e-05,4.678505574702277e-05,0.0001501188235124573
4,7-scenes-redkitchen,18,47,3DLoMatch,baseline,float32,3,D2_pre_context,2.687166488613002e-05,1.6558140487177297e-05,4.798181762453168e-05,0.00029748232918791473
4,7-scenes-redkitchen,18,47,3DLoMatch,baseline,float32,3,D2_post_context,2.687166488613002e-05,1.6558140487177297e-05,4.798181762453168e-05,0.00029748232918791473
4,7-scenes-redkitchen,18,47,3DLoMatch,baseline,float32,3,final_RE,1.844764847191982e-05,9.880139259621501e-06,5.1377680938458004e-05,0.0005404601688496768
4,7-scenes-redkitchen,18,47,3DLoMatch,baseline,float32,3,fine_RI,2.0178029444650747e-05,nan,nan,nan
4,7-scenes-redkitchen,18,47,3DLoMatch,baseline,float32,3,coarse_RI,3.518812081892975e-05,nan,nan,nan
5,7-scenes-redkitchen,24,57,3DLoMatch,baseline,float32,0,S2,5.7896264479495585e-05,2.6277628421667032e-05,0.00010859276517294347,0.0007814685814082623
5,7-scenes-redkitchen,24,57,3DLoMatch,baseline,float32,0,S3,6.375880911946297e-05,3.4376702387817204e-05,0.00011462709735496893,0.0007202440756373107
5,7-scenes-redkitchen,24,57,3DLoMatch,baseline,float32,0,S4_pre_context,5.5040269216988236e-05,3.1818810384720564e-05,0.00010133720861631443,0.00044201294076628983
5,7-scenes-redkitchen,24,57,3DLoMatch,baseline,float32,0,S4_post_context,5.5040269216988236e-05,3.1818810384720564e-05,0.00010133720861631443,0.00044201294076628983
5,7-scenes-redkitchen,24,57,3DLoMatch,baseline,float32,0,D3,4.2246330849593505e-05,2.151623266399838e-05,8.951274758146606e-05,0.00028394980472512543
5,7-scenes-redkitchen,24,57,3DLoMatch,baseline,float32,0,D2_pre_context,3.972661215811968e-05,2.2627751604886726e-05,7.989572914084416e-05,0.0003424878232181072
5,7-scenes-redkitchen,24,57,3DLoMatch,baseline,float32,0,D2_post_context,3.972661215811968e-05,2.2627751604886726e-05,7.989572914084416e-05,0.0003424878232181072
5,7-scenes-redkitchen,24,57,3DLoMatch,baseline,float32,0,final_RE,3.431686127441935e-05,1.2865897588199005e-05,0.00011426434066379434,0.0018349005840718746
5,7-scenes-redkitchen,24,57,3DLoMatch,baseline,float32,0,fine_RI,2.8977481633774005e-05,nan,nan,nan
5,7-scenes-redkitchen,24,57,3DLoMatch,baseline,float32,0,coarse_RI,5.0199232646264136e-05,nan,nan,nan
5,7-scenes-redkitchen,24,57,3DLoMatch,baseline,float32,1,S2,5.8283632824895903e-05,2.4994016712298617e-05,0.00011174109786225007,0.0009731604950502515
5,7-scenes-redkitchen,24,57,3DLoMatch,baseline,float32,1,S3,6.142068014014512e-05,3.272042886237614e-05,0.00011380010982975362,0.0007370865205302835
5,7-scenes-redkitchen,24,57,3DLoMatch,baseline,float32,1,S4_pre_context,5.3082261729286984e-05,2.9536338843172416e-05,9.614211921871173e-05,0.00041889454587362707
5,7-scenes-redkitchen,24,57,3DLoMatch,baseline,float32,1,S4_post_context,5.3082261729286984e-05,2.9536338843172416e-05,9.614211921871173e-05,0.00041889454587362707
5,7-scenes-redkitchen,24,57,3DLoMatch,baseline,float32,1,D3,4.014901423943229e-05,1.943797178682871e-05,7.697532200836573e-05,0.0002779075293801725
5,7-scenes-redkitchen,24,57,3DLoMatch,baseline,float32,1,D2_pre_context,4.079124846612103e-05,2.0718982341350056e-05,7.238011567096691e-05,0.0012588241370394826
5,7-scenes-redkitchen,24,57,3DLoMatch,baseline,float32,1,D2_post_context,4.079124846612103e-05,2.0718982341350056e-05,7.238011567096691e-05,0.0012588241370394826
5,7-scenes-redkitchen,24,57,3DLoMatch,baseline,float32,1,final_RE,3.416289109736681e-05,1.2465406143746804e-05,9.905217048071781e-05,0.0014683667104691267
5,7-scenes-redkitchen,24,57,3DLoMatch,baseline,float32,1,fine_RI,2.8813043172704056e-05,nan,nan,nan
5,7-scenes-redkitchen,24,57,3DLoMatch,baseline,float32,1,coarse_RI,4.897144026472233e-05,nan,nan,nan
5,7-scenes-redkitchen,24,57,3DLoMatch,baseline,float32,2,S2,6.340066465782002e-05,2.7529717044671997e-05,0.00012178068609500765,0.0010247036116197705
5,7-scenes-redkitchen,24,57,3DLoMatch,baseline,float32,2,S3,6.619818304898217e-05,3.762992128031328e-05,0.00012273765023564903,0.0005365528631955385
5,7-scenes-redkitchen,24,57,3DLoMatch,baseline,float32,2,S4_pre_context,5.903708006371744e-05,3.6235338484402746e-05,0.00010308336350135505,0.0003370470367372036
5,7-scenes-redkitchen,24,57,3DLoMatch,baseline,float32,2,S4_post_context,5.903708006371744e-05,3.6235338484402746e-05,0.00010308336350135505,0.0003370470367372036
5,7-scenes-redkitchen,24,57,3DLoMatch,baseline,float32,2,D3,4.39066207036376e-05,2.3015216356725432e-05,8.49405318149365e-05,0.00021716854826081544
5,7-scenes-redkitchen,24,57,3DLoMatch,baseline,float32,2,D2_pre_context,4.406226798892021e-05,2.4200246116379276e-05,8.388275164179501e-05,0.0006074545672163367
5,7-scenes-redkitchen,24,57,3DLoMatch,baseline,float32,2,D2_post_context,4.406226798892021e-05,2.4200246116379276e-05,8.388275164179501e-05,0.0006074545672163367
5,7-scenes-redkitchen,24,57,3DLoMatch,baseline,float32,2,final_RE,3.512796320137568e-05,1.4270428437157534e-05,0.00011820777144748712,0.0014744903892278671
5,7-scenes-redkitchen,24,57,3DLoMatch,baseline,float32,2,fine_RI,3.199034836143255e-05,nan,nan,nan
5,7-scenes-redkitchen,24,57,3DLoMatch,baseline,float32,2,coarse_RI,5.827396671520546e-05,nan,nan,nan
5,7-scenes-redkitchen,24,57,3DLoMatch,baseline,float32,3,S2,6.447052874136716e-05,2.6353958674008027e-05,0.00012322724578552865,0.0014072414487600327
5,7-scenes-redkitchen,24,57,3DLoMatch,baseline,float32,3,S3,6.626830145251006e-05,3.512881085043773e-05,0.0001312438158493022,0.0005418027867563069
5,7-scenes-redkitchen,24,57,3DLoMatch,baseline,float32,3,S4_pre_context,5.563882223214023e-05,3.0842318665236235e-05,0.00010772761052066925,0.0003772885538637638
5,7-scenes-redkitchen,24,57,3DLoMatch,baseline,float32,3,S4_post_context,5.563882223214023e-05,3.0842318665236235e-05,0.00010772761052066925,0.0003772885538637638
5,7-scenes-redkitchen,24,57,3DLoMatch,baseline,float32,3,D3,4.399407407618128e-05,2.0577961549861357e-05,8.961593302956313e-05,0.00032026873668655753
5,7-scenes-redkitchen,24,57,3DLoMatch,baseline,float32,3,D2_pre_context,4.331013042246923e-05,2.1776233552373014e-05,8.514438159181729e-05,0.0004724164609797299
5,7-scenes-redkitchen,24,57,3DLoMatch,baseline,float32,3,D2_post_context,4.331013042246923e-05,2.1776233552373014e-05,8.514438159181729e-05,0.0004724164609797299
5,7-scenes-redkitchen,24,57,3DLoMatch,baseline,float32,3,final_RE,3.4844786569010466e-05,1.2610898920684122e-05,0.00010349743897677396,0.0020807681139558554
5,7-scenes-redkitchen,24,57,3DLoMatch,baseline,float32,3,fine_RI,3.1555795430904254e-05,nan,nan,nan
5,7-scenes-redkitchen,24,57,3DLoMatch,baseline,float32,3,coarse_RI,5.73816396354232e-05,nan,nan,nan
6,7-scenes-redkitchen,34,39,3DLoMatch,baseline,float32,0,S2,5.88723887631204e-05,2.2836449716123752e-05,9.531352479825723e-05,0.001445096218958497
6,7-scenes-redkitchen,34,39,3DLoMatch,baseline,float32,0,S3,6.363308057188988e-05,3.102129994658753e-05,0.00011465608113212502,0.0012487745843827724
6,7-scenes-redkitchen,34,39,3DLoMatch,baseline,float32,0,S4_pre_context,5.235516437096521e-05,3.2539741368964314e-05,9.255553704861081e-05,0.0003200928622391075
6,7-scenes-redkitchen,34,39,3DLoMatch,baseline,float32,0,S4_post_context,5.235516437096521e-05,3.2539741368964314e-05,9.255553704861081e-05,0.0003200928622391075
6,7-scenes-redkitchen,34,39,3DLoMatch,baseline,float32,0,D3,4.119592267670669e-05,2.2191370590007864e-05,7.287267726496781e-05,0.0004950401489622891
6,7-scenes-redkitchen,34,39,3DLoMatch,baseline,float32,0,D2_pre_context,4.070560316904448e-05,2.1765948986285366e-05,7.362116157310081e-05,0.00048102030996233225
6,7-scenes-redkitchen,34,39,3DLoMatch,baseline,float32,0,D2_post_context,4.070560316904448e-05,2.1765948986285366e-05,7.362116157310081e-05,0.00048102030996233225
6,7-scenes-redkitchen,34,39,3DLoMatch,baseline,float32,0,final_RE,3.1835657864576206e-05,1.531885027361568e-05,8.846177515806619e-05,0.0011693002888932824
6,7-scenes-redkitchen,34,39,3DLoMatch,baseline,float32,0,fine_RI,3.0847073503537104e-05,nan,nan,nan
6,7-scenes-redkitchen,34,39,3DLoMatch,baseline,float32,0,coarse_RI,8.211909153033048e-05,nan,nan,nan
6,7-scenes-redkitchen,34,39,3DLoMatch,baseline,float32,1,S2,5.520853301277384e-05,2.308257171534933e-05,0.00010360998567193744,0.001153665711171925
6,7-scenes-redkitchen,34,39,3DLoMatch,baseline,float32,1,S3,6.703811959596351e-05,3.3230524422833696e-05,0.00011391013831598682,0.0017493589548394084
6,7-scenes-redkitchen,34,39,3DLoMatch,baseline,float32,1,S4_pre_context,5.242086626822129e-05,3.497922807582654e-05,9.893688256852318e-05,0.00023833051091060042
6,7-scenes-redkitchen,34,39,3DLoMatch,baseline,float32,1,S4_post_context,5.242086626822129e-05,3.497922807582654e-05,9.893688256852318e-05,0.00023833051091060042
6,7-scenes-redkitchen,34,39,3DLoMatch,baseline,float32,1,D3,4.112445458304137e-05,2.457063237670809e-05,8.337440958712231e-05,0.00045704570948146284
6,7-scenes-redkitchen,34,39,3DLoMatch,baseline,float32,1,D2_pre_context,4.617057493305765e-05,2.3133348804549314e-05,8.231579486164262e-05,0.0014658294385299087
6,7-scenes-redkitchen,34,39,3DLoMatch,baseline,float32,1,D2_post_context,4.617057493305765e-05,2.3133348804549314e-05,8.231579486164262e-05,0.0014658294385299087
6,7-scenes-redkitchen,34,39,3DLoMatch,baseline,float32,1,final_RE,3.71897331206128e-05,1.5759213056298904e-05,9.532210460747586e-05,0.0018261526711285114
6,7-scenes-redkitchen,34,39,3DLoMatch,baseline,float32,1,fine_RI,4.0533108403906226e-05,nan,nan,nan
6,7-scenes-redkitchen,34,39,3DLoMatch,baseline,float32,1,coarse_RI,5.839109144289978e-05,nan,nan,nan
6,7-scenes-redkitchen,34,39,3DLoMatch,baseline,float32,2,S2,5.241934195510112e-05,2.3591332137584686e-05,0.0001025692617986351,0.0011086487211287022
6,7-scenes-redkitchen,34,39,3DLoMatch,baseline,float32,2,S3,6.0525631852215156e-05,3.378929977770895e-05,0.00010715853713918439,0.0013514072634279728
6,7-scenes-redkitchen,34,39,3DLoMatch,baseline,float32,2,S4_pre_context,4.8810408770805225e-05,3.6561963497661054e-05,8.573285813326945e-05,0.00024293105525430292
6,7-scenes-redkitchen,34,39,3DLoMatch,baseline,float32,2,S4_post_context,4.8810408770805225e-05,3.6561963497661054e-05,8.573285813326945e-05,0.00024293105525430292
6,7-scenes-redkitchen,34,39,3DLoMatch,baseline,float32,2,D3,3.688947617774829e-05,2.501388189557474e-05,6.76632116665132e-05,0.0003546035150066018
6,7-scenes-redkitchen,34,39,3DLoMatch,baseline,float32,2,D2_pre_context,3.798200486926362e-05,2.436185604892671e-05,7.002399215707555e-05,0.00041611658525653183
6,7-scenes-redkitchen,34,39,3DLoMatch,baseline,float32,2,D2_post_context,3.798200486926362e-05,2.436185604892671e-05,7.002399215707555e-05,0.00041611658525653183
6,7-scenes-redkitchen,34,39,3DLoMatch,baseline,float32,2,final_RE,3.243935861974023e-05,1.623438402020838e-05,9.214846286340612e-05,0.0009445121977478266
6,7-scenes-redkitchen,34,39,3DLoMatch,baseline,float32,2,fine_RI,2.9647149858647026e-05,nan,nan,nan
6,7-scenes-redkitchen,34,39,3DLoMatch,baseline,float32,2,coarse_RI,5.367198173189536e-05,nan,nan,nan
6,7-scenes-redkitchen,34,39,3DLoMatch,baseline,float32,3,S2,6.091305476729758e-05,2.2633967091678642e-05,0.0001027495993184857,0.0016083528753370047
6,7-scenes-redkitchen,34,39,3DLoMatch,baseline,float32,3,S3,6.483165634563193e-05,3.1274255889002234e-05,0.00011829878494609139,0.0012691667070612311
6,7-scenes-redkitchen,34,39,3DLoMatch,baseline,float32,3,S4_pre_context,5.2099014283157885e-05,3.228004425182007e-05,9.679145077825515e-05,0.0003889186482410878
6,7-scenes-redkitchen,34,39,3DLoMatch,baseline,float32,3,S4_post_context,5.2099014283157885e-05,3.228004425182007e-05,9.679145077825515e-05,0.0003889186482410878
6,7-scenes-redkitchen,34,39,3DLoMatch,baseline,float32,3,D3,4.164590427535586e-05,2.22071375901578e-05,6.970622707740404e-05,0.0005621473537757993
6,7-scenes-redkitchen,34,39,3DLoMatch,baseline,float32,3,D2_pre_context,4.236812674207613e-05,2.2075962988310494e-05,7.77322347857989e-05,0.0006507655489258468
6,7-scenes-redkitchen,34,39,3DLoMatch,baseline,float32,3,D2_post_context,4.236812674207613e-05,2.2075962988310494e-05,7.77322347857989e-05,0.0006507655489258468
6,7-scenes-redkitchen,34,39,3DLoMatch,baseline,float32,3,final_RE,3.451188240433112e-05,1.5448496924364008e-05,9.382775460835541e-05,0.001030007260851562
6,7-scenes-redkitchen,34,39,3DLoMatch,baseline,float32,3,fine_RI,3.226767876185477e-05,nan,nan,nan
6,7-scenes-redkitchen,34,39,3DLoMatch,baseline,float32,3,coarse_RI,9.942932956619188e-05,nan,nan,nan
7,sun3d-home_at-home_at_scan1_2013_jan_1,1,33,3DLoMatch,baseline,float32,0,S2,6.0107406170573086e-05,2.265622970298864e-05,0.00011015140589734056,0.0012704862747341394
7,sun3d-home_at-home_at_scan1_2013_jan_1,1,33,3DLoMatch,baseline,float32,0,S3,7.068741251714528e-05,3.2314179406967014e-05,0.00012940914602950214,0.0010505018290132284
7,sun3d-home_at-home_at_scan1_2013_jan_1,1,33,3DLoMatch,baseline,float32,0,S4_pre_context,5.373119347495958e-05,3.257645948906429e-05,0.00010368246876168996,0.00040264238486997783
7,sun3d-home_at-home_at_scan1_2013_jan_1,1,33,3DLoMatch,baseline,float32,0,S4_post_context,5.373119347495958e-05,3.257645948906429e-05,0.00010368246876168996,0.00040264238486997783
7,sun3d-home_at-home_at_scan1_2013_jan_1,1,33,3DLoMatch,baseline,float32,0,D3,5.250342655926943e-05,2.327259790035896e-05,8.874592240317719e-05,0.0006585519877262414
7,sun3d-home_at-home_at_scan1_2013_jan_1,1,33,3DLoMatch,baseline,float32,0,D2_pre_context,6.356494122883305e-05,2.191274325014092e-05,9.631117136450469e-05,0.001376985921524465
7,sun3d-home_at-home_at_scan1_2013_jan_1,1,33,3DLoMatch,baseline,float32,0,D2_post_context,6.356494122883305e-05,2.191274325014092e-05,9.631117136450469e-05,0.001376985921524465
7,sun3d-home_at-home_at_scan1_2013_jan_1,1,33,3DLoMatch,baseline,float32,0,final_RE,4.121729944017716e-05,1.4698149243486114e-05,0.00012220126882311885,0.00136210722848773
7,sun3d-home_at-home_at_scan1_2013_jan_1,1,33,3DLoMatch,baseline,float32,0,fine_RI,6.155910523375496e-05,nan,nan,nan
7,sun3d-home_at-home_at_scan1_2013_jan_1,1,33,3DLoMatch,baseline,float32,0,coarse_RI,5.227455767453648e-05,nan,nan,nan
7,sun3d-home_at-home_at_scan1_2013_jan_1,1,33,3DLoMatch,baseline,float32,1,S2,9.161777416011319e-05,2.179652983613778e-05,0.00011729792749974876,0.0035441715735942125
7,sun3d-home_at-home_at_scan1_2013_jan_1,1,33,3DLoMatch,baseline,float32,1,S3,9.04242042452097e-05,3.1064053473528475e-05,0.00015365750732598826,0.0008843746618367732
7,sun3d-home_at-home_at_scan1_2013_jan_1,1,33,3DLoMatch,baseline,float32,1,S4_pre_context,7.432240090565756e-05,3.4383880120003596e-05,0.00014666646166006103,0.0007097428315319121
7,sun3d-home_at-home_at_scan1_2013_jan_1,1,33,3DLoMatch,baseline,float32,1,S4_post_context,7.432240090565756e-05,3.4383880120003596e-05,0.00014666646166006103,0.0007097428315319121
7,sun3d-home_at-home_at_scan1_2013_jan_1,1,33,3DLoMatch,baseline,float32,1,D3,7.043682126095518e-05,2.2971413272898644e-05,0.00014010670638526745,0.0008750089909881353
7,sun3d-home_at-home_at_scan1_2013_jan_1,1,33,3DLoMatch,baseline,float32,1,D2_pre_context,8.177472773240879e-05,2.220513124484569e-05,0.00013874140058760514,0.0012767936568707228
7,sun3d-home_at-home_at_scan1_2013_jan_1,1,33,3DLoMatch,baseline,float32,1,D2_post_context,8.177472773240879e-05,2.220513124484569e-05,0.00013874140058760514,0.0012767936568707228
7,sun3d-home_at-home_at_scan1_2013_jan_1,1,33,3DLoMatch,baseline,float32,1,final_RE,5.537068864214234e-05,1.4307539458968677e-05,0.0001578756615344897,0.002180717885494232
7,sun3d-home_at-home_at_scan1_2013_jan_1,1,33,3DLoMatch,baseline,float32,1,fine_RI,6.914899131515995e-05,nan,nan,nan
7,sun3d-home_at-home_at_scan1_2013_jan_1,1,33,3DLoMatch,baseline,float32,1,coarse_RI,6.758545350749046e-05,nan,nan,nan
7,sun3d-home_at-home_at_scan1_2013_jan_1,1,33,3DLoMatch,baseline,float32,2,S2,6.702602695440874e-05,2.2261465346673504e-05,0.00010850876751646846,0.0016006622463464737
7,sun3d-home_at-home_at_scan1_2013_jan_1,1,33,3DLoMatch,baseline,float32,2,S3,7.320665463339537e-05,3.182948421454057e-05,0.0001273194146051536,0.0010453236754983664
7,sun3d-home_at-home_at_scan1_2013_jan_1,1,33,3DLoMatch,baseline,float32,2,S4_pre_context,5.307761603035033e-05,3.1647748983232304e-05,0.00010651993579813279,0.00026304140919819474
7,sun3d-home_at-home_at_scan1_2013_jan_1,1,33,3DLoMatch,baseline,float32,2,S4_post_context,5.307761603035033e-05,3.1647748983232304e-05,0.00010651993579813279,0.00026304140919819474
7,sun3d-home_at-home_at_scan1_2013_jan_1,1,33,3DLoMatch,baseline,float32,2,D3,4.8301517381332815e-05,2.1439700503833592e-05,9.080482923309307e-05,0.0005375595646910369
7,sun3d-home_at-home_at_scan1_2013_jan_1,1,33,3DLoMatch,baseline,float32,2,D2_pre_context,5.4256819566944614e-05,2.0691484678536654e-05,9.969105340132932e-05,0.0007981243543326855
7,sun3d-home_at-home_at_scan1_2013_jan_1,1,33,3DLoMatch,baseline,float32,2,D2_post_context,5.4256819566944614e-05,2.0691484678536654e-05,9.969105340132932e-05,0.0007981243543326855
7,sun3d-home_at-home_at_scan1_2013_jan_1,1,33,3DLoMatch,baseline,float32,2,final_RE,4.250701022101566e-05,1.400366090820171e-05,0.00012246122059877937,0.0018525690538808703
7,sun3d-home_at-home_at_scan1_2013_jan_1,1,33,3DLoMatch,baseline,float32,2,fine_RI,4.730721775558777e-05,nan,nan,nan
7,sun3d-home_at-home_at_scan1_2013_jan_1,1,33,3DLoMatch,baseline,float32,2,coarse_RI,5.110389247420244e-05,nan,nan,nan
7,sun3d-home_at-home_at_scan1_2013_jan_1,1,33,3DLoMatch,baseline,float32,3,S2,6.844731251476333e-05,2.117517578881234e-05,0.00010417646335554308,0.0019990154542028904
7,sun3d-home_at-home_at_scan1_2013_jan_1,1,33,3DLoMatch,baseline,float32,3,S3,7.398062007268891e-05,3.062158793909475e-05,0.0001291115331696345,0.0007480182102881372
7,sun3d-home_at-home_at_scan1_2013_jan_1,1,33,3DLoMatch,baseline,float32,3,S4_pre_context,5.634775516227819e-05,3.267591819167137e-05,0.00010403007763670757,0.00040187814738601446
7,sun3d-home_at-home_at_scan1_2013_jan_1,1,33,3DLoMatch,baseline,float32,3,S4_post_context,5.634775516227819e-05,3.267591819167137e-05,0.00010403007763670757,0.00040187814738601446
7,sun3d-home_at-home_at_scan1_2013_jan_1,1,33,3DLoMatch,baseline,float32,3,D3,4.601706677931361e-05,2.3132990463636816e-05,8.84178705746307e-05,0.00030851695919409394
7,sun3d-home_at-home_at_scan1_2013_jan_1,1,33,3DLoMatch,baseline,float32,3,D2_pre_context,5.082719508209266e-05,2.220794340246357e-05,9.666854020906574e-05,0.0006522330222651362
7,sun3d-home_at-home_at_scan1_2013_jan_1,1,33,3DLoMatch,baseline,float32,3,D2_post_context,5.082719508209266e-05,2.220794340246357e-05,9.666854020906574e-05,0.0006522330222651362
7,sun3d-home_at-home_at_scan1_2013_jan_1,1,33,3DLoMatch,baseline,float32,3,final_RE,3.947283039451577e-05,1.4185186955728568e-05,0.00012150243201176625,0.0011757960310205817
7,sun3d-home_at-home_at_scan1_2013_jan_1,1,33,3DLoMatch,baseline,float32,3,fine_RI,4.200343755655922e-05,nan,nan,nan
7,sun3d-home_at-home_at_scan1_2013_jan_1,1,33,3DLoMatch,baseline,float32,3,coarse_RI,7.002909842412919e-05,nan,nan,nan
8,sun3d-home_at-home_at_scan1_2013_jan_1,7,29,3DLoMatch,baseline,float32,0,S2,5.64337387913838e-05,2.3907832655822858e-05,0.00010860621696338057,0.001151423086412251
8,sun3d-home_at-home_at_scan1_2013_jan_1,7,29,3DLoMatch,baseline,float32,0,S3,5.8944355259882286e-05,3.1689189199823886e-05,0.00011787328003265429,0.0006227973499335349
8,sun3d-home_at-home_at_scan1_2013_jan_1,7,29,3DLoMatch,baseline,float32,0,S4_pre_context,4.560952220344916e-05,3.088320227107033e-05,8.62437023897655e-05,0.00014820435899309814
8,sun3d-home_at-home_at_scan1_2013_jan_1,7,29,3DLoMatch,baseline,float32,0,S4_post_context,4.560952220344916e-05,3.088320227107033e-05,8.62437023897655e-05,0.00014820435899309814
8,sun3d-home_at-home_at_scan1_2013_jan_1,7,29,3DLoMatch,baseline,float32,0,D3,4.1230272472603247e-05,2.0106082956772298e-05,6.287482028710656e-05,0.0010484567610546947
8,sun3d-home_at-home_at_scan1_2013_jan_1,7,29,3DLoMatch,baseline,float32,0,D2_pre_context,3.446063055889681e-05,2.0550334738800302e-05,5.958075125818138e-05,0.0006912639946676791
8,sun3d-home_at-home_at_scan1_2013_jan_1,7,29,3DLoMatch,baseline,float32,0,D2_post_context,3.446063055889681e-05,2.0550334738800302e-05,5.958075125818138e-05,0.0006912639946676791
8,sun3d-home_at-home_at_scan1_2013_jan_1,7,29,3DLoMatch,baseline,float32,0,final_RE,2.34295421250863e-05,1.1180987712577917e-05,6.957831792533393e-05,0.00048556632827967405
8,sun3d-home_at-home_at_scan1_2013_jan_1,7,29,3DLoMatch,baseline,float32,0,fine_RI,2.7817655791295692e-05,nan,nan,nan
8,sun3d-home_at-home_at_scan1_2013_jan_1,7,29,3DLoMatch,baseline,float32,0,coarse_RI,4.310708027333021e-05,nan,nan,nan
8,sun3d-home_at-home_at_scan1_2013_jan_1,7,29,3DLoMatch,baseline,float32,1,S2,6.49311114102602e-05,2.321717511222232e-05,0.00011997949623037124,0.0014342769281938672
8,sun3d-home_at-home_at_scan1_2013_jan_1,7,29,3DLoMatch,baseline,float32,1,S3,6.509948434541002e-05,3.381715214345604e-05,0.00012147849520260934,0.0008378305938094854
8,sun3d-home_at-home_at_scan1_2013_jan_1,7,29,3DLoMatch,baseline,float32,1,S4_pre_context,4.8722031351644546e-05,3.5165820008842275e-05,9.248003334505484e-05,0.00017861953529063612
8,sun3d-home_at-home_at_scan1_2013_jan_1,7,29,3DLoMatch,baseline,float32,1,S4_post_context,4.8722031351644546e-05,3.5165820008842275e-05,9.248003334505484e-05,0.00017861953529063612
8,sun3d-home_at-home_at_scan1_2013_jan_1,7,29,3DLoMatch,baseline,float32,1,D3,3.540784018696286e-05,2.1724852558691055e-05,6.835022031737026e-05,0.0003361831186339259
8,sun3d-home_at-home_at_scan1_2013_jan_1,7,29,3DLoMatch,baseline,float32,1,D2_pre_context,3.71187852579169e-05,2.1229228877928108e-05,7.134711631806566e-05,0.0003475556441117078
8,sun3d-home_at-home_at_scan1_2013_jan_1,7,29,3DLoMatch,baseline,float32,1,D2_post_context,3.71187852579169e-05,2.1229228877928108e-05,7.134711631806566e-05,0.0003475556441117078
8,sun3d-home_at-home_at_scan1_2013_jan_1,7,29,3DLoMatch,baseline,float32,1,final_RE,2.6898958822130226e-05,1.2373292520351242e-05,7.516317855333906e-05,0.000851389835588634
8,sun3d-home_at-home_at_scan1_2013_jan_1,7,29,3DLoMatch,baseline,float32,1,fine_RI,3.105419091298245e-05,nan,nan,nan
8,sun3d-home_at-home_at_scan1_2013_jan_1,7,29,3DLoMatch,baseline,float32,1,coarse_RI,4.578800144372508e-05,nan,nan,nan
8,sun3d-home_at-home_at_scan1_2013_jan_1,7,29,3DLoMatch,baseline,float32,2,S2,6.335681973723695e-05,2.562906411185395e-05,0.00011375358444638546,0.0016968611162155867
8,sun3d-home_at-home_at_scan1_2013_jan_1,7,29,3DLoMatch,baseline,float32,2,S3,6.486214260803536e-05,3.464443580014631e-05,0.00012315298954490572,0.0006721003446727991
8,sun3d-home_at-home_at_scan1_2013_jan_1,7,29,3DLoMatch,baseline,float32,2,S4_pre_context,5.212920586927794e-05,3.2736406865296885e-05,0.00010294436651747671,0.0001985754497582093
8,sun3d-home_at-home_at_scan1_2013_jan_1,7,29,3DLoMatch,baseline,float32,2,S4_post_context,5.212920586927794e-05,3.2736406865296885e-05,0.00010294436651747671,0.0001985754497582093
8,sun3d-home_at-home_at_scan1_2013_jan_1,7,29,3DLoMatch,baseline,float32,2,D3,3.933246262022294e-05,2.027826485573314e-05,7.540886508650146e-05,0.0003214040771126747
8,sun3d-home_at-home_at_scan1_2013_jan_1,7,29,3DLoMatch,baseline,float32,2,D2_pre_context,3.88472544727847e-05,2.168410355807282e-05,7.549903966719282e-05,0.0003544645442161709
8,sun3d-home_at-home_at_scan1_2013_jan_1,7,29,3DLoMatch,baseline,float32,2,D2_post_context,3.88472544727847e-05,2.168410355807282e-05,7.549903966719282e-05,0.0003544645442161709
8,sun3d-home_at-home_at_scan1_2013_jan_1,7,29,3DLoMatch,baseline,float32,2,final_RE,3.0262435757322237e-05,1.2346060429990757e-05,8.037468942347912e-05,0.0011132314102724195
8,sun3d-home_at-home_at_scan1_2013_jan_1,7,29,3DLoMatch,baseline,float32,2,fine_RI,3.234974428778514e-05,nan,nan,nan
8,sun3d-home_at-home_at_scan1_2013_jan_1,7,29,3DLoMatch,baseline,float32,2,coarse_RI,4.7103116230573505e-05,nan,nan,nan
8,sun3d-home_at-home_at_scan1_2013_jan_1,7,29,3DLoMatch,baseline,float32,3,S2,6.475570990005508e-05,2.5385026674484834e-05,0.0001188360751257278,0.001249138847924769
8,sun3d-home_at-home_at_scan1_2013_jan_1,7,29,3DLoMatch,baseline,float32,3,S3,6.925519119249657e-05,3.399858542252332e-05,0.0001357833134534303,0.0008088455069810152
8,sun3d-home_at-home_at_scan1_2013_jan_1,7,29,3DLoMatch,baseline,float32,3,S4_pre_context,5.305378363118507e-05,3.531197944539599e-05,0.00010322752350475634,0.00023036013590171933
8,sun3d-home_at-home_at_scan1_2013_jan_1,7,29,3DLoMatch,baseline,float32,3,S4_post_context,5.305378363118507e-05,3.531197944539599e-05,0.00010322752350475634,0.00023036013590171933
8,sun3d-home_at-home_at_scan1_2013_jan_1,7,29,3DLoMatch,baseline,float32,3,D3,4.054440796608105e-05,2.275507358717732e-05,7.532856216130313e-05,0.0005689312820322812
8,sun3d-home_at-home_at_scan1_2013_jan_1,7,29,3DLoMatch,baseline,float32,3,D2_pre_context,3.8641348510282114e-05,2.2084099327912554e-05,7.685976015636695e-05,0.00033610392711125314
8,sun3d-home_at-home_at_scan1_2013_jan_1,7,29,3DLoMatch,baseline,float32,3,D2_post_context,3.8641348510282114e-05,2.2084099327912554e-05,7.685976015636695e-05,0.00033610392711125314
8,sun3d-home_at-home_at_scan1_2013_jan_1,7,29,3DLoMatch,baseline,float32,3,final_RE,2.9145592634449713e-05,1.3324019164429046e-05,8.33168829558417e-05,0.0005974816740490496
8,sun3d-home_at-home_at_scan1_2013_jan_1,7,29,3DLoMatch,baseline,float32,3,fine_RI,3.3637566957622766e-05,nan,nan,nan
8,sun3d-home_at-home_at_scan1_2013_jan_1,7,29,3DLoMatch,baseline,float32,3,coarse_RI,5.905180296394974e-05,nan,nan,nan
9,sun3d-home_at-home_at_scan1_2013_jan_1,24,47,3DLoMatch,baseline,float32,0,S2,0.00012095151032553986,2.1108822693349794e-05,0.00012896875778096713,0.006045271642506123
9,sun3d-home_at-home_at_scan1_2013_jan_1,24,47,3DLoMatch,baseline,float32,0,S3,0.0001798959419829771,2.7723286621039733e-05,0.0002272432539029978,0.004869703669101
9,sun3d-home_at-home_at_scan1_2013_jan_1,24,47,3DLoMatch,baseline,float32,0,S4_pre_context,0.00012198078184155747,2.6541183615336195e-05,0.00022803027968620881,0.0007465497474186122
9,sun3d-home_at-home_at_scan1_2013_jan_1,24,47,3DLoMatch,baseline,float32,0,S4_post_context,0.00012198078184155747,2.6541183615336195e-05,0.00022803027968620881,0.0007465497474186122
9,sun3d-home_at-home_at_scan1_2013_jan_1,24,47,3DLoMatch,baseline,float32,0,D3,0.00010648584429873154,1.6280837371596135e-05,0.0001890334344352594,0.0017262655310332775
9,sun3d-home_at-home_at_scan1_2013_jan_1,24,47,3DLoMatch,baseline,float32,0,D2_pre_context,8.821464871289209e-05,1.690157296252437e-05,0.00014223219404811935,0.0014451207825914025
9,sun3d-home_at-home_at_scan1_2013_jan_1,24,47,3DLoMatch,baseline,float32,0,D2_post_context,8.821464871289209e-05,1.690157296252437e-05,0.00014223219404811935,0.0014451207825914025
9,sun3d-home_at-home_at_scan1_2013_jan_1,24,47,3DLoMatch,baseline,float32,0,final_RE,8.954085933510214e-05,1.0169169399887323e-05,0.00015416661262861409,0.004137241747230291
9,sun3d-home_at-home_at_scan1_2013_jan_1,24,47,3DLoMatch,baseline,float32,0,fine_RI,6.039087020326406e-05,nan,nan,nan
9,sun3d-home_at-home_at_scan1_2013_jan_1,24,47,3DLoMatch,baseline,float32,0,coarse_RI,0.00011417254427215084,nan,nan,nan
9,sun3d-home_at-home_at_scan1_2013_jan_1,24,47,3DLoMatch,baseline,float32,1,S2,0.00015931177767924964,2.0901210518786684e-05,9.975152170227371e-05,0.012155287899076939
9,sun3d-home_at-home_at_scan1_2013_jan_1,24,47,3DLoMatch,baseline,float32,1,S3,0.00032049918081611395,2.671111360541545e-05,0.0001522897400718646,0.010850694961845875
9,sun3d-home_at-home_at_scan1_2013_jan_1,24,47,3DLoMatch,baseline,float32,1,S4_pre_context,0.000224511677515693,2.7543839678401127e-05,0.0003272148678661324,0.0016475780867040157
9,sun3d-home_at-home_at_scan1_2013_jan_1,24,47,3DLoMatch,baseline,float32,1,S4_post_context,0.000224511677515693,2.7543839678401127e-05,0.0003272148678661324,0.0016475780867040157
9,sun3d-home_at-home_at_scan1_2013_jan_1,24,47,3DLoMatch,baseline,float32,1,D3,0.0002039782120846212,1.8475959222996607e-05,0.0002217180357547476,0.003881091019138694
9,sun3d-home_at-home_at_scan1_2013_jan_1,24,47,3DLoMatch,baseline,float32,1,D2_pre_context,0.0001629865146242082,1.8847520550480112e-05,0.0001754999801050871,0.00337861361913383
9,sun3d-home_at-home_at_scan1_2013_jan_1,24,47,3DLoMatch,baseline,float32,1,D2_post_context,0.0001629865146242082,1.8847520550480112e-05,0.0001754999801050871,0.00337861361913383
9,sun3d-home_at-home_at_scan1_2013_jan_1,24,47,3DLoMatch,baseline,float32,1,final_RE,0.0001770036033121869,1.1797830666182563e-05,0.00021290617296472163,0.005917701870203018
9,sun3d-home_at-home_at_scan1_2013_jan_1,24,47,3DLoMatch,baseline,float32,1,fine_RI,0.00011080895637860522,nan,nan,nan
9,sun3d-home_at-home_at_scan1_2013_jan_1,24,47,3DLoMatch,baseline,float32,1,coarse_RI,0.0002066144661512226,nan,nan,nan
9,sun3d-home_at-home_at_scan1_2013_jan_1,24,47,3DLoMatch,baseline,float32,2,S2,0.00019928364781662822,2.1441232092911378e-05,0.00011658599214570131,0.01386069692671299
9,sun3d-home_at-home_at_scan1_2013_jan_1,24,47,3DLoMatch,baseline,float32,2,S3,0.00037918591988272965,2.699825563468039e-05,0.00019967615007772087,0.012688190676271915
9,sun3d-home_at-home_at_scan1_2013_jan_1,24,47,3DLoMatch,baseline,float32,2,S4_pre_context,0.00027049091295339167,2.7332214813213795e-05,0.00039653946441831067,0.001996105071157217
9,sun3d-home_at-home_at_scan1_2013_jan_1,24,47,3DLoMatch,baseline,float32,2,S4_post_context,0.00027049091295339167,2.7332214813213795e-05,0.00039653946441831067,0.001996105071157217
9,sun3d-home_at-home_at_scan1_2013_jan_1,24,47,3DLoMatch,baseline,float32,2,D3,0.00024509045761078596,1.823381899157539e-05,0.00026661806914489704,0.004547137767076492
9,sun3d-home_at-home_at_scan1_2013_jan_1,24,47,3DLoMatch,baseline,float32,2,D2_pre_context,0.0001970251032616943,1.9145620171912014e-05,0.00021763673503301083,0.003864370519295335
9,sun3d-home_at-home_at_scan1_2013_jan_1,24,47,3DLoMatch,baseline,float32,2,D2_post_context,0.0001970251032616943,1.9145620171912014e-05,0.00021763673503301083,0.003864370519295335
9,sun3d-home_at-home_at_scan1_2013_jan_1,24,47,3DLoMatch,baseline,float32,2,final_RE,0.00021405205188784748,1.2077163773938082e-05,0.00023901238455437105,0.0075532966293394566
9,sun3d-home_at-home_at_scan1_2013_jan_1,24,47,3DLoMatch,baseline,float32,2,fine_RI,0.00013380251766648144,nan,nan,nan
9,sun3d-home_at-home_at_scan1_2013_jan_1,24,47,3DLoMatch,baseline,float32,2,coarse_RI,0.0002609357179608196,nan,nan,nan
9,sun3d-home_at-home_at_scan1_2013_jan_1,24,47,3DLoMatch,baseline,float32,3,S2,6.555824802489951e-05,2.0298097297200002e-05,0.00011236253667448145,0.001688464661128819
9,sun3d-home_at-home_at_scan1_2013_jan_1,24,47,3DLoMatch,baseline,float32,3,S3,7.140419620554894e-05,2.566542934800964e-05,0.0001388159558700863,0.0011382611701264977
9,sun3d-home_at-home_at_scan1_2013_jan_1,24,47,3DLoMatch,baseline,float32,3,S4_pre_context,5.011167741031386e-05,2.2393454855773598e-05,0.00010337855746911373,0.0003623026714194566
9,sun3d-home_at-home_at_scan1_2013_jan_1,24,47,3DLoMatch,baseline,float32,3,S4_post_context,5.011167741031386e-05,2.2393454855773598e-05,0.00010337855746911373,0.0003623026714194566
9,sun3d-home_at-home_at_scan1_2013_jan_1,24,47,3DLoMatch,baseline,float32,3,D3,3.831577123492025e-05,1.438566960132448e-05,8.059565807343443e-05,0.000395795184886083
9,sun3d-home_at-home_at_scan1_2013_jan_1,24,47,3DLoMatch,baseline,float32,3,D2_pre_context,3.664843097794801e-05,1.5441062714671716e-05,7.33363725885283e-05,0.0005928692989982665
9,sun3d-home_at-home_at_scan1_2013_jan_1,24,47,3DLoMatch,baseline,float32,3,D2_post_context,3.664843097794801e-05,1.5441062714671716e-05,7.33363725885283e-05,0.0005928692989982665
9,sun3d-home_at-home_at_scan1_2013_jan_1,24,47,3DLoMatch,baseline,float32,3,final_RE,3.054675835301168e-05,9.201520697388332e-06,8.823884236335256e-05,0.002096127951517701
9,sun3d-home_at-home_at_scan1_2013_jan_1,24,47,3DLoMatch,baseline,float32,3,fine_RI,2.6574738512863405e-05,nan,nan,nan
9,sun3d-home_at-home_at_scan1_2013_jan_1,24,47,3DLoMatch,baseline,float32,3,coarse_RI,5.459786189021543e-05,nan,nan,nan
10,sun3d-home_at-home_at_scan1_2013_jan_1,40,43,3DLoMatch,baseline,float32,0,S2,5.649102968163788e-05,2.7138954465044662e-05,0.00010409682945464734,0.0011952267959713936
10,sun3d-home_at-home_at_scan1_2013_jan_1,40,43,3DLoMatch,baseline,float32,0,S3,6.381943239830434e-05,3.691245728987269e-05,0.000123819618602283,0.0006686270935460925
10,sun3d-home_at-home_at_scan1_2013_jan_1,40,43,3DLoMatch,baseline,float32,0,S4_pre_context,5.662516559823416e-05,3.5704295441973954e-05,0.00010690262351999989,0.0002979737473651767
10,sun3d-home_at-home_at_scan1_2013_jan_1,40,43,3DLoMatch,baseline,float32,0,S4_post_context,5.662516559823416e-05,3.5704295441973954e-05,0.00010690262351999989,0.0002979737473651767
10,sun3d-home_at-home_at_scan1_2013_jan_1,40,43,3DLoMatch,baseline,float32,0,D3,5.144215901964344e-05,2.5842120521701872e-05,9.633667650632548e-05,0.0003958067100029439
10,sun3d-home_at-home_at_scan1_2013_jan_1,40,43,3DLoMatch,baseline,float32,0,D2_pre_context,5.171387238078751e-05,2.4459468477289192e-05,9.874062816379589e-05,0.0004405823419801891
10,sun3d-home_at-home_at_scan1_2013_jan_1,40,43,3DLoMatch,baseline,float32,0,D2_post_context,5.171387238078751e-05,2.4459468477289192e-05,9.874062816379589e-05,0.0004405823419801891
10,sun3d-home_at-home_at_scan1_2013_jan_1,40,43,3DLoMatch,baseline,float32,0,final_RE,5.152694211574271e-05,2.0048535589012317e-05,0.00015423557997564774,0.00291131972335279
10,sun3d-home_at-home_at_scan1_2013_jan_1,40,43,3DLoMatch,baseline,float32,0,fine_RI,3.470181763987057e-05,nan,nan,nan
10,sun3d-home_at-home_at_scan1_2013_jan_1,40,43,3DLoMatch,baseline,float32,0,coarse_RI,6.084480628487654e-05,nan,nan,nan
10,sun3d-home_at-home_at_scan1_2013_jan_1,40,43,3DLoMatch,baseline,float32,1,S2,7.02710822224617e-05,2.4647551981615834e-05,0.00010668142167560245,0.002612840849906206
10,sun3d-home_at-home_at_scan1_2013_jan_1,40,43,3DLoMatch,baseline,float32,1,S3,7.460865163011476e-05,3.4938482713187113e-05,0.00013316474214661856,0.001200305763632059
10,sun3d-home_at-home_at_scan1_2013_jan_1,40,43,3DLoMatch,baseline,float32,1,S4_pre_context,6.822470459155738e-05,3.573563662939705e-05,0.00012161119266238528,0.00039111997466534376
10,sun3d-home_at-home_at_scan1_2013_jan_1,40,43,3DLoMatch,baseline,float32,1,S4_post_context,6.822470459155738e-05,3.573563662939705e-05,0.00012161119266238528,0.00039111997466534376
10,sun3d-home_at-home_at_scan1_2013_jan_1,40,43,3DLoMatch,baseline,float32,1,D3,6.701997335767373e-05,2.8834119802922942e-05,0.00013560756924562144,0.0004707060579676181
10,sun3d-home_at-home_at_scan1_2013_jan_1,40,43,3DLoMatch,baseline,float32,1,D2_pre_context,7.702394213993102e-05,2.7881304049515165e-05,0.0001485623761254828,0.0008593059610575438
10,sun3d-home_at-home_at_scan1_2013_jan_1,40,43,3DLoMatch,baseline,float32,1,D2_post_context,7.702394213993102e-05,2.7881304049515165e-05,0.0001485623761254828,0.0008593059610575438
10,sun3d-home_at-home_at_scan1_2013_jan_1,40,43,3DLoMatch,baseline,float32,1,final_RE,6.668873538728803e-05,2.2337015252560377e-05,0.00018486291373847051,0.0034363444428890944
10,sun3d-home_at-home_at_scan1_2013_jan_1,40,43,3DLoMatch,baseline,float32,1,fine_RI,4.605768117471598e-05,nan,nan,nan
10,sun3d-home_at-home_at_scan1_2013_jan_1,40,43,3DLoMatch,baseline,float32,1,coarse_RI,7.4901690823026e-05,nan,nan,nan
10,sun3d-home_at-home_at_scan1_2013_jan_1,40,43,3DLoMatch,baseline,float32,2,S2,6.610903074033558e-05,2.8214028134243563e-05,0.00012754390700138172,0.0013299945276230574
10,sun3d-home_at-home_at_scan1_2013_jan_1,40,43,3DLoMatch,baseline,float32,2,S3,7.196496153483167e-05,4.017348328488879e-05,0.00014503229758702196,0.000677075469866395
10,sun3d-home_at-home_at_scan1_2013_jan_1,40,43,3DLoMatch,baseline,float32,2,S4_pre_context,6.390083581209183e-05,4.037665712530725e-05,0.00011459645720606204,0.00038571670302189887
10,sun3d-home_at-home_at_scan1_2013_jan_1,40,43,3DLoMatch,baseline,float32,2,S4_post_context,6.390083581209183e-05,4.037665712530725e-05,0.00011459645720606204,0.00038571670302189887
10,sun3d-home_at-home_at_scan1_2013_jan_1,40,43,3DLoMatch,baseline,float32,2,D3,6.14129239693284e-05,2.852760189853143e-05,0.00011088088358519599,0.0005588116473518312
10,sun3d-home_at-home_at_scan1_2013_jan_1,40,43,3DLoMatch,baseline,float32,2,D2_pre_context,6.759155803592876e-05,2.671993206604384e-05,0.00011599433601077166,0.0010172738693654537
10,sun3d-home_at-home_at_scan1_2013_jan_1,40,43,3DLoMatch,baseline,float32,2,D2_post_context,6.759155803592876e-05,2.671993206604384e-05,0.00011599433601077166,0.0010172738693654537
10,sun3d-home_at-home_at_scan1_2013_jan_1,40,43,3DLoMatch,baseline,float32,2,final_RE,6.977675366215408e-05,2.154033791157417e-05,0.00019429330859566067,0.006278821732848883
10,sun3d-home_at-home_at_scan1_2013_jan_1,40,43,3DLoMatch,baseline,float32,2,fine_RI,4.124032784602605e-05,nan,nan,nan
10,sun3d-home_at-home_at_scan1_2013_jan_1,40,43,3DLoMatch,baseline,float32,2,coarse_RI,6.900799053255469e-05,nan,nan,nan
10,sun3d-home_at-home_at_scan1_2013_jan_1,40,43,3DLoMatch,baseline,float32,3,S2,5.8581346820574254e-05,2.5479595933575183e-05,0.00010600370078464037,0.0014300178736448288
10,sun3d-home_at-home_at_scan1_2013_jan_1,40,43,3DLoMatch,baseline,float32,3,S3,6.756303628208116e-05,3.451059455983341e-05,0.00013297248515300452,0.0010938819032162428
10,sun3d-home_at-home_at_scan1_2013_jan_1,40,43,3DLoMatch,baseline,float32,3,S4_pre_context,5.3401065088110045e-05,3.4895361750386655e-05,0.0001031006802804768,0.0003442177549004555
10,sun3d-home_at-home_at_scan1_2013_jan_1,40,43,3DLoMatch,baseline,float32,3,S4_post_context,5.3401065088110045e-05,3.4895361750386655e-05,0.0001031006802804768,0.0003442177549004555
10,sun3d-home_at-home_at_scan1_2013_jan_1,40,43,3DLoMatch,baseline,float32,3,D3,4.628005262929946e-05,2.5084716980927624e-05,8.479623065795748e-05,0.0003593472356442362
10,sun3d-home_at-home_at_scan1_2013_jan_1,40,43,3DLoMatch,baseline,float32,3,D2_pre_context,4.567450378090143e-05,2.4208344257203862e-05,8.531504099664743e-05,0.0005257017910480499
10,sun3d-home_at-home_at_scan1_2013_jan_1,40,43,3DLoMatch,baseline,float32,3,D2_post_context,4.567450378090143e-05,2.4208344257203862e-05,8.531504099664743e-05,0.0005257017910480499
10,sun3d-home_at-home_at_scan1_2013_jan_1,40,43,3DLoMatch,baseline,float32,3,final_RE,4.704916864284314e-05,1.9598503058659844e-05,0.00014243279729271292,0.0016668365569785237
10,sun3d-home_at-home_at_scan1_2013_jan_1,40,43,3DLoMatch,baseline,float32,3,fine_RI,3.137660678476095e-05,nan,nan,nan
10,sun3d-home_at-home_at_scan1_2013_jan_1,40,43,3DLoMatch,baseline,float32,3,coarse_RI,5.691609112545848e-05,nan,nan,nan
11,sun3d-home_md-home_md_scan9_2012_sep_30,4,8,3DLoMatch,baseline,float32,0,S2,8.82335370988585e-05,2.474106804584153e-05,0.00012694592296611515,0.0038405347149819136
11,sun3d-home_md-home_md_scan9_2012_sep_30,4,8,3DLoMatch,baseline,float32,0,S3,0.00010287770419381559,3.162055145367049e-05,0.0001778809237293899,0.0016185857821255922
11,sun3d-home_md-home_md_scan9_2012_sep_30,4,8,3DLoMatch,baseline,float32,0,S4_pre_context,7.563005055999383e-05,3.2110045140143484e-05,0.0001482626801589503,0.0006344703724607825
11,sun3d-home_md-home_md_scan9_2012_sep_30,4,8,3DLoMatch,baseline,float32,0,S4_post_context,7.563005055999383e-05,3.2110045140143484e-05,0.0001482626801589503,0.0006344703724607825
11,sun3d-home_md-home_md_scan9_2012_sep_30,4,8,3DLoMatch,baseline,float32,0,D3,5.749683623434976e-05,1.9446057194727473e-05,0.00010484597441973165,0.0005383020616136491
11,sun3d-home_md-home_md_scan9_2012_sep_30,4,8,3DLoMatch,baseline,float32,0,D2_pre_context,5.125092138769105e-05,2.065966691588983e-05,8.651103271404282e-05,0.0009539592429064214
11,sun3d-home_md-home_md_scan9_2012_sep_30,4,8,3DLoMatch,baseline,float32,0,D2_post_context,5.125092138769105e-05,2.065966691588983e-05,8.651103271404282e-05,0.0009539592429064214
11,sun3d-home_md-home_md_scan9_2012_sep_30,4,8,3DLoMatch,baseline,float32,0,final_RE,3.554305658326484e-05,1.111411074816715e-05,0.00010265833116136488,0.001975608989596367
11,sun3d-home_md-home_md_scan9_2012_sep_30,4,8,3DLoMatch,baseline,float32,0,fine_RI,3.827322871075012e-05,nan,nan,nan
11,sun3d-home_md-home_md_scan9_2012_sep_30,4,8,3DLoMatch,baseline,float32,0,coarse_RI,6.763169221812859e-05,nan,nan,nan
11,sun3d-home_md-home_md_scan9_2012_sep_30,4,8,3DLoMatch,baseline,float32,1,S2,6.736638897564262e-05,2.530210440454539e-05,0.00011200546869076787,0.0017280298052355647
11,sun3d-home_md-home_md_scan9_2012_sep_30,4,8,3DLoMatch,baseline,float32,1,S3,6.729771121172234e-05,3.376396853127517e-05,0.00013600655074696988,0.0007010524277575314
11,sun3d-home_md-home_md_scan9_2012_sep_30,4,8,3DLoMatch,baseline,float32,1,S4_pre_context,5.702668204321526e-05,3.301718970760703e-05,0.0001131801182054914,0.00024954587570391595
11,sun3d-home_md-home_md_scan9_2012_sep_30,4,8,3DLoMatch,baseline,float32,1,S4_post_context,5.702668204321526e-05,3.301718970760703e-05,0.0001131801182054914,0.00024954587570391595
11,sun3d-home_md-home_md_scan9_2012_sep_30,4,8,3DLoMatch,baseline,float32,1,D3,5.6413457059534267e-05,1.97061053768266e-05,8.79347717273049e-05,0.0014430403243750334
11,sun3d-home_md-home_md_scan9_2012_sep_30,4,8,3DLoMatch,baseline,float32,1,D2_pre_context,5.163557216292247e-05,1.997561048483476e-05,7.98543289420195e-05,0.0008508592727594078
11,sun3d-home_md-home_md_scan9_2012_sep_30,4,8,3DLoMatch,baseline,float32,1,D2_post_context,5.163557216292247e-05,1.997561048483476e-05,7.98543289420195e-05,0.0008508592727594078
11,sun3d-home_md-home_md_scan9_2012_sep_30,4,8,3DLoMatch,baseline,float32,1,final_RE,3.456401827861555e-05,1.045098360918928e-05,8.955822122516106e-05,0.00230304803699255
11,sun3d-home_md-home_md_scan9_2012_sep_30,4,8,3DLoMatch,baseline,float32,1,fine_RI,4.015245212940499e-05,nan,nan,nan
11,sun3d-home_md-home_md_scan9_2012_sep_30,4,8,3DLoMatch,baseline,float32,1,coarse_RI,5.60268344997894e-05,nan,nan,nan
11,sun3d-home_md-home_md_scan9_2012_sep_30,4,8,3DLoMatch,baseline,float32,2,S2,8.663124026497826e-05,2.6043382604257204e-05,0.0001272742665605619,0.0033319757785648108
11,sun3d-home_md-home_md_scan9_2012_sep_30,4,8,3DLoMatch,baseline,float32,2,S3,9.28512163227424e-05,3.3999465813394636e-05,0.00016526461695320904,0.0013255361700430512
11,sun3d-home_md-home_md_scan9_2012_sep_30,4,8,3DLoMatch,baseline,float32,2,S4_pre_context,6.819522241130471e-05,3.453478711890057e-05,0.00013378383882809428,0.0004559794906526804
11,sun3d-home_md-home_md_scan9_2012_sep_30,4,8,3DLoMatch,baseline,float32,2,S4_post_context,6.819522241130471e-05,3.453478711890057e-05,0.00013378383882809428,0.0004559794906526804
11,sun3d-home_md-home_md_scan9_2012_sep_30,4,8,3DLoMatch,baseline,float32,2,D3,5.8503828768152744e-05,2.0631732695619576e-05,9.747881995281205e-05,0.0012831655330955982
11,sun3d-home_md-home_md_scan9_2012_sep_30,4,8,3DLoMatch,baseline,float32,2,D2_pre_context,5.110172423883341e-05,2.1843163267476484e-05,8.67580063641071e-05,0.0007677376270294189
11,sun3d-home_md-home_md_scan9_2012_sep_30,4,8,3DLoMatch,baseline,float32,2,D2_post_context,5.110172423883341e-05,2.1843163267476484e-05,8.67580063641071e-05,0.0007677376270294189
11,sun3d-home_md-home_md_scan9_2012_sep_30,4,8,3DLoMatch,baseline,float32,2,final_RE,3.9191731048049405e-05,1.1688820450217463e-05,0.00010218676616204891,0.0022433167323470116
11,sun3d-home_md-home_md_scan9_2012_sep_30,4,8,3DLoMatch,baseline,float32,2,fine_RI,3.680894587887451e-05,nan,nan,nan
11,sun3d-home_md-home_md_scan9_2012_sep_30,4,8,3DLoMatch,baseline,float32,2,coarse_RI,6.0925722209503874e-05,nan,nan,nan
11,sun3d-home_md-home_md_scan9_2012_sep_30,4,8,3DLoMatch,baseline,float32,3,S2,6.48165078018792e-05,2.4696739274077117e-05,0.00011920533142983913,0.0012252462329342961
11,sun3d-home_md-home_md_scan9_2012_sep_30,4,8,3DLoMatch,baseline,float32,3,S3,8.248550875578076e-05,3.217784978915006e-05,0.00013968977145850658,0.0024716523475944996
11,sun3d-home_md-home_md_scan9_2012_sep_30,4,8,3DLoMatch,baseline,float32,3,S4_pre_context,5.257883094600402e-05,3.0406083169509657e-05,0.00010317654669051988,0.00023040286032482982
11,sun3d-home_md-home_md_scan9_2012_sep_30,4,8,3DLoMatch,baseline,float32,3,S4_post_context,5.257883094600402e-05,3.0406083169509657e-05,0.00010317654669051988,0.00023040286032482982
11,sun3d-home_md-home_md_scan9_2012_sep_30,4,8,3DLoMatch,baseline,float32,3,D3,5.209914525039494e-05,1.8015471141552553e-05,8.148546476149932e-05,0.0014498617965728045
11,sun3d-home_md-home_md_scan9_2012_sep_30,4,8,3DLoMatch,baseline,float32,3,D2_pre_context,4.281443762010895e-05,1.8720553271123208e-05,7.374958950094878e-05,0.0008528076577931643
11,sun3d-home_md-home_md_scan9_2012_sep_30,4,8,3DLoMatch,baseline,float32,3,D2_post_context,4.281443762010895e-05,1.8720553271123208e-05,7.374958950094878e-05,0.0008528076577931643
11,sun3d-home_md-home_md_scan9_2012_sep_30,4,8,3DLoMatch,baseline,float32,3,final_RE,2.57146566582378e-05,9.847711226029787e-06,7.336863200180228e-05,0.0007686784956604242
11,sun3d-home_md-home_md_scan9_2012_sep_30,4,8,3DLoMatch,baseline,float32,3,fine_RI,3.317692971904762e-05,nan,nan,nan
11,sun3d-home_md-home_md_scan9_2012_sep_30,4,8,3DLoMatch,baseline,float32,3,coarse_RI,4.7815941798035055e-05,nan,nan,nan
12,sun3d-home_md-home_md_scan9_2012_sep_30,15,57,3DLoMatch,baseline,float32,0,S2,0.00012023514864267781,1.903334486996755e-05,0.00010693215335777492,0.0076420605182647705
12,sun3d-home_md-home_md_scan9_2012_sep_30,15,57,3DLoMatch,baseline,float32,0,S3,8.634441473986953e-05,2.8739967092406005e-05,0.00013632448099087924,0.0016273449873551726
12,sun3d-home_md-home_md_scan9_2012_sep_30,15,57,3DLoMatch,baseline,float32,0,S4_pre_context,5.887711813556962e-05,3.2159339752979577e-05,0.00011204713955521575,0.0002658237353898585
12,sun3d-home_md-home_md_scan9_2012_sep_30,15,57,3DLoMatch,baseline,float32,0,S4_post_context,5.887711813556962e-05,3.2159339752979577e-05,0.00011204713955521575,0.0002658237353898585
12,sun3d-home_md-home_md_scan9_2012_sep_30,15,57,3DLoMatch,baseline,float32,0,D3,4.160320895607583e-05,2.13967159652384e-05,7.761035521980375e-05,0.0004608956805896014
12,sun3d-home_md-home_md_scan9_2012_sep_30,15,57,3DLoMatch,baseline,float32,0,D2_pre_context,5.87742033530958e-05,2.083728031720966e-05,8.279857938759959e-05,0.001390058663673699
12,sun3d-home_md-home_md_scan9_2012_sep_30,15,57,3DLoMatch,baseline,float32,0,D2_post_context,5.87742033530958e-05,2.083728031720966e-05,8.279857938759959e-05,0.001390058663673699
12,sun3d-home_md-home_md_scan9_2012_sep_30,15,57,3DLoMatch,baseline,float32,0,final_RE,3.2076655770651996e-05,1.1973247637797613e-05,6.998833960096816e-05,0.001966615440323949
12,sun3d-home_md-home_md_scan9_2012_sep_30,15,57,3DLoMatch,baseline,float32,0,fine_RI,5.577440242632292e-05,nan,nan,nan
12,sun3d-home_md-home_md_scan9_2012_sep_30,15,57,3DLoMatch,baseline,float32,0,coarse_RI,5.234165655565448e-05,nan,nan,nan
12,sun3d-home_md-home_md_scan9_2012_sep_30,15,57,3DLoMatch,baseline,float32,1,S2,9.186936222249642e-05,1.8080811059917323e-05,8.769386986386956e-05,0.00545214070007205
12,sun3d-home_md-home_md_scan9_2012_sep_30,15,57,3DLoMatch,baseline,float32,1,S3,7.018291944405064e-05,2.5863128030323423e-05,0.0001070389298547525,0.0013410885585471988
12,sun3d-home_md-home_md_scan9_2012_sep_30,15,57,3DLoMatch,baseline,float32,1,S4_pre_context,4.766899655805901e-05,2.703112295421306e-05,9.294148912886148e-05,0.00020866657723672688
12,sun3d-home_md-home_md_scan9_2012_sep_30,15,57,3DLoMatch,baseline,float32,1,S4_post_context,4.766899655805901e-05,2.703112295421306e-05,9.294148912886148e-05,0.00020866657723672688
12,sun3d-home_md-home_md_scan9_2012_sep_30,15,57,3DLoMatch,baseline,float32,1,D3,3.3248943509534e-05,1.7961028788704425e-05,6.313223275355995e-05,0.000376658485038206
12,sun3d-home_md-home_md_scan9_2012_sep_30,15,57,3DLoMatch,baseline,float32,1,D2_pre_context,4.545766205410473e-05,1.7810378267313354e-05,6.567830423591656e-05,0.001174118835479021
12,sun3d-home_md-home_md_scan9_2012_sep_30,15,57,3DLoMatch,baseline,float32,1,D2_post_context,4.545766205410473e-05,1.7810378267313354e-05,6.567830423591656e-05,0.001174118835479021
12,sun3d-home_md-home_md_scan9_2012_sep_30,15,57,3DLoMatch,baseline,float32,1,final_RE,2.582897104730364e-05,9.896368283079937e-06,5.6076372857205556e-05,0.0018241661600768566
12,sun3d-home_md-home_md_scan9_2012_sep_30,15,57,3DLoMatch,baseline,float32,1,fine_RI,3.7238365621306e-05,nan,nan,nan
12,sun3d-home_md-home_md_scan9_2012_sep_30,15,57,3DLoMatch,baseline,float32,1,coarse_RI,4.223503128741868e-05,nan,nan,nan
12,sun3d-home_md-home_md_scan9_2012_sep_30,15,57,3DLoMatch,baseline,float32,2,S2,0.00011481190449558198,1.8437018297845498e-05,9.330062712251667e-05,0.007481872104108334
12,sun3d-home_md-home_md_scan9_2012_sep_30,15,57,3DLoMatch,baseline,float32,2,S3,8.242544572567567e-05,2.545038478274364e-05,0.00013535816106013954,0.0014417123747989535
12,sun3d-home_md-home_md_scan9_2012_sep_30,15,57,3DLoMatch,baseline,float32,2,S4_pre_context,5.855477866134606e-05,2.8294074581936002e-05,0.00011714354623109097,0.0003535498399287462
12,sun3d-home_md-home_md_scan9_2012_sep_30,15,57,3DLoMatch,baseline,float32,2,S4_post_context,5.855477866134606e-05,2.8294074581936002e-05,0.00011714354623109097,0.0003535498399287462
12,sun3d-home_md-home_md_scan9_2012_sep_30,15,57,3DLoMatch,baseline,float32,2,D3,4.106192136532627e-05,1.949312718352303e-05,7.659169204998761e-05,0.0003964260104112327
12,sun3d-home_md-home_md_scan9_2012_sep_30,15,57,3DLoMatch,baseline,float32,2,D2_pre_context,5.7443325204076245e-05,1.9035087461816147e-05,7.810098395566444e-05,0.001475172583013773
12,sun3d-home_md-home_md_scan9_2012_sep_30,15,57,3DLoMatch,baseline,float32,2,D2_post_context,5.7443325204076245e-05,1.9035087461816147e-05,7.810098395566444e-05,0.001475172583013773
12,sun3d-home_md-home_md_scan9_2012_sep_30,15,57,3DLoMatch,baseline,float32,2,final_RE,3.072710023843683e-05,1.0730685971793719e-05,6.554509272973513e-05,0.0019299137638881803
12,sun3d-home_md-home_md_scan9_2012_sep_30,15,57,3DLoMatch,baseline,float32,2,fine_RI,4.638685277313925e-05,nan,nan,nan
12,sun3d-home_md-home_md_scan9_2012_sep_30,15,57,3DLoMatch,baseline,float32,2,coarse_RI,5.183032408240251e-05,nan,nan,nan
12,sun3d-home_md-home_md_scan9_2012_sep_30,15,57,3DLoMatch,baseline,float32,3,S2,5.5181633797474205e-05,1.7467984434915707e-05,0.00010000413421948898,0.0016589900478720665
12,sun3d-home_md-home_md_scan9_2012_sep_30,15,57,3DLoMatch,baseline,float32,3,S3,5.2329181926324964e-05,2.515537380531896e-05,9.622147990739904e-05,0.0005901351105421782
12,sun3d-home_md-home_md_scan9_2012_sep_30,15,57,3DLoMatch,baseline,float32,3,S4_pre_context,4.523267489275895e-05,2.712372770474758e-05,8.576589898439118e-05,0.0002402244135737419
12,sun3d-home_md-home_md_scan9_2012_sep_30,15,57,3DLoMatch,baseline,float32,3,S4_post_context,4.523267489275895e-05,2.712372770474758e-05,8.576589898439118e-05,0.0002402244135737419
12,sun3d-home_md-home_md_scan9_2012_sep_30,15,57,3DLoMatch,baseline,float32,3,D3,3.127067975583486e-05,1.8214408555650152e-05,5.532766226679087e-05,0.00025954123702831566
12,sun3d-home_md-home_md_scan9_2012_sep_30,15,57,3DLoMatch,baseline,float32,3,D2_pre_context,3.9568152715219185e-05,1.7249127267859876e-05,6.583478316315449e-05,0.001254469738341868
12,sun3d-home_md-home_md_scan9_2012_sep_30,15,57,3DLoMatch,baseline,float32,3,D2_post_context,3.9568152715219185e-05,1.7249127267859876e-05,6.583478316315449e-05,0.001254469738341868
12,sun3d-home_md-home_md_scan9_2012_sep_30,15,57,3DLoMatch,baseline,float32,3,final_RE,2.1430792912724428e-05,9.436675100005232e-06,6.089636008255175e-05,0.0010918548796325922
12,sun3d-home_md-home_md_scan9_2012_sep_30,15,57,3DLoMatch,baseline,float32,3,fine_RI,3.216566619812511e-05,nan,nan,nan
12,sun3d-home_md-home_md_scan9_2012_sep_30,15,57,3DLoMatch,baseline,float32,3,coarse_RI,4.125292616663501e-05,nan,nan,nan
13,sun3d-home_md-home_md_scan9_2012_sep_30,38,49,3DLoMatch,baseline,float32,0,S2,5.98895967414137e-05,2.5143664970528334e-05,0.00010883539835049301,0.0013298458652570844
13,sun3d-home_md-home_md_scan9_2012_sep_30,38,49,3DLoMatch,baseline,float32,0,S3,6.37199918855913e-05,3.2102874683914706e-05,0.0001242650090716779,0.0009664889657869935
13,sun3d-home_md-home_md_scan9_2012_sep_30,38,49,3DLoMatch,baseline,float32,0,S4_pre_context,4.76700697618071e-05,3.028942592209205e-05,0.00010005746298702432,0.00017285071953665465
13,sun3d-home_md-home_md_scan9_2012_sep_30,38,49,3DLoMatch,baseline,float32,0,S4_post_context,4.76700697618071e-05,3.028942592209205e-05,0.00010005746298702432,0.00017285071953665465
13,sun3d-home_md-home_md_scan9_2012_sep_30,38,49,3DLoMatch,baseline,float32,0,D3,3.366153396200389e-05,1.9139863070449792e-05,6.969678797759111e-05,0.0003176912141498178
13,sun3d-home_md-home_md_scan9_2012_sep_30,38,49,3DLoMatch,baseline,float32,0,D2_pre_context,3.592595749069005e-05,1.9803715986199677e-05,7.279728379216975e-05,0.0004346167261246592
13,sun3d-home_md-home_md_scan9_2012_sep_30,38,49,3DLoMatch,baseline,float32,0,D2_post_context,3.592595749069005e-05,1.9803715986199677e-05,7.279728379216975e-05,0.0004346167261246592
13,sun3d-home_md-home_md_scan9_2012_sep_30,38,49,3DLoMatch,baseline,float32,0,final_RE,2.804094947350677e-05,1.0661204214557074e-05,9.495535523456056e-05,0.0008423687540926039
13,sun3d-home_md-home_md_scan9_2012_sep_30,38,49,3DLoMatch,baseline,float32,0,fine_RI,2.703082463995088e-05,nan,nan,nan
13,sun3d-home_md-home_md_scan9_2012_sep_30,38,49,3DLoMatch,baseline,float32,0,coarse_RI,4.865822847932577e-05,nan,nan,nan
13,sun3d-home_md-home_md_scan9_2012_sep_30,38,49,3DLoMatch,baseline,float32,1,S2,0.00010764209582703188,2.3774056899128482e-05,0.00011521382803039155,0.00564890680834651
13,sun3d-home_md-home_md_scan9_2012_sep_30,38,49,3DLoMatch,baseline,float32,1,S3,9.77053350652568e-05,3.276557617937215e-05,0.00016428097733296452,0.0019329196074977517
13,sun3d-home_md-home_md_scan9_2012_sep_30,38,49,3DLoMatch,baseline,float32,1,S4_pre_context,6.366996967699379e-05,3.309332169010304e-05,0.00013309276982909066,0.00037790907663293183
13,sun3d-home_md-home_md_scan9_2012_sep_30,38,49,3DLoMatch,baseline,float32,1,S4_post_context,6.366996967699379e-05,3.309332169010304e-05,0.00013309276982909066,0.00037790907663293183
13,sun3d-home_md-home_md_scan9_2012_sep_30,38,49,3DLoMatch,baseline,float32,1,D3,4.6244596887845546e-05,2.135010072379373e-05,8.900135435396805e-05,0.0006407676846720278
13,sun3d-home_md-home_md_scan9_2012_sep_30,38,49,3DLoMatch,baseline,float32,1,D2_pre_context,5.788812995888293e-05,2.2062009520595893e-05,8.673723386891652e-05,0.0022195265628397465
13,sun3d-home_md-home_md_scan9_2012_sep_30,38,49,3DLoMatch,baseline,float32,1,D2_post_context,5.788812995888293e-05,2.2062009520595893e-05,8.673723386891652e-05,0.0022195265628397465
13,sun3d-home_md-home_md_scan9_2012_sep_30,38,49,3DLoMatch,baseline,float32,1,final_RE,5.0014135922538117e-05,1.1537085811141878e-05,0.0001131176533817779,0.0027178493328392506
13,sun3d-home_md-home_md_scan9_2012_sep_30,38,49,3DLoMatch,baseline,float32,1,fine_RI,4.33300701843109e-05,nan,nan,nan
13,sun3d-home_md-home_md_scan9_2012_sep_30,38,49,3DLoMatch,baseline,float32,1,coarse_RI,5.894860078115016e-05,nan,nan,nan
13,sun3d-home_md-home_md_scan9_2012_sep_30,38,49,3DLoMatch,baseline,float32,2,S2,6.652332376688719e-05,2.439614399918355e-05,0.0001062080213159788,0.002509407000616193
13,sun3d-home_md-home_md_scan9_2012_sep_30,38,49,3DLoMatch,baseline,float32,2,S3,6.235062755877152e-05,3.069802914978936e-05,0.00012350859178695826,0.0008380486979149282
13,sun3d-home_md-home_md_scan9_2012_sep_30,38,49,3DLoMatch,baseline,float32,2,S4_pre_context,4.51289743068628e-05,2.770001628960017e-05,8.678025769768282e-05,0.00027752885944209993
13,sun3d-home_md-home_md_scan9_2012_sep_30,38,49,3DLoMatch,baseline,float32,2,S4_post_context,4.51289743068628e-05,2.770001628960017e-05,8.678025769768282e-05,0.00027752885944209993
13,sun3d-home_md-home_md_scan9_2012_sep_30,38,49,3DLoMatch,baseline,float32,2,D3,3.186433605151251e-05,1.7741571355145425e-05,6.253368046600371e-05,0.0002872853656299412
13,sun3d-home_md-home_md_scan9_2012_sep_30,38,49,3DLoMatch,baseline,float32,2,D2_pre_context,3.6242458008928224e-05,1.86374454642646e-05,6.435930481529793e-05,0.000857537379488349
13,sun3d-home_md-home_md_scan9_2012_sep_30,38,49,3DLoMatch,baseline,float32,2,D2_post_context,3.6242458008928224e-05,1.86374454642646e-05,6.435930481529793e-05,0.000857537379488349
13,sun3d-home_md-home_md_scan9_2012_sep_30,38,49,3DLoMatch,baseline,float32,2,final_RE,3.0222241548472084e-05,9.670237886894029e-06,8.335978309332857e-05,0.0010259024566039443
13,sun3d-home_md-home_md_scan9_2012_sep_30,38,49,3DLoMatch,baseline,float32,2,fine_RI,2.610760202514939e-05,nan,nan,nan
13,sun3d-home_md-home_md_scan9_2012_sep_30,38,49,3DLoMatch,baseline,float32,2,coarse_RI,4.235149754094891e-05,nan,nan,nan
13,sun3d-home_md-home_md_scan9_2012_sep_30,38,49,3DLoMatch,baseline,float32,3,S2,6.794675573473796e-05,2.4069699065876193e-05,0.00011913913695025256,0.0017211884260177612
13,sun3d-home_md-home_md_scan9_2012_sep_30,38,49,3DLoMatch,baseline,float32,3,S3,7.275230018422008e-05,3.0472714570350945e-05,0.00014686150243505835,0.00118606339674443
13,sun3d-home_md-home_md_scan9_2012_sep_30,38,49,3DLoMatch,baseline,float32,3,S4_pre_context,5.257171505945735e-05,2.7741909434553236e-05,0.00011480327375466003,0.00022533566516358405
13,sun3d-home_md-home_md_scan9_2012_sep_30,38,49,3DLoMatch,baseline,float32,3,S4_post_context,5.257171505945735e-05,2.7741909434553236e-05,0.00011480327375466003,0.00022533566516358405
13,sun3d-home_md-home_md_scan9_2012_sep_30,38,49,3DLoMatch,baseline,float32,3,D3,3.810040288954042e-05,1.7726561054587364e-05,7.949535356601698e-05,0.0003795976808760315
13,sun3d-home_md-home_md_scan9_2012_sep_30,38,49,3DLoMatch,baseline,float32,3,D2_pre_context,4.079987047589384e-05,1.9056396922678687e-05,7.96592838014476e-05,0.0005898993113078177
13,sun3d-home_md-home_md_scan9_2012_sep_30,38,49,3DLoMatch,baseline,float32,3,D2_post_context,4.079987047589384e-05,1.9056396922678687e-05,7.96592838014476e-05,0.0005898993113078177
13,sun3d-home_md-home_md_scan9_2012_sep_30,38,49,3DLoMatch,baseline,float32,3,final_RE,3.312476474093273e-05,1.0501558790565468e-05,9.834743286774019e-05,0.0009810535702854395
13,sun3d-home_md-home_md_scan9_2012_sep_30,38,49,3DLoMatch,baseline,float32,3,fine_RI,3.1228759326040745e-05,nan,nan,nan
13,sun3d-home_md-home_md_scan9_2012_sep_30,38,49,3DLoMatch,baseline,float32,3,coarse_RI,4.8745150706963614e-05,nan,nan,nan
14,sun3d-hotel_uc-scan3,4,39,3DLoMatch,baseline,float32,0,S2,3.538722012308426e-05,1.605482066224795e-05,6.448267231462518e-05,0.0009498277213424444
14,sun3d-hotel_uc-scan3,4,39,3DLoMatch,baseline,float32,0,S3,3.4647557185962796e-05,2.04385014512809e-05,6.460027652792627e-05,0.0002492471830919385
14,sun3d-hotel_uc-scan3,4,39,3DLoMatch,baseline,float32,0,S4_pre_context,2.919542748713866e-05,2.1025633031968027e-05,5.410656376625411e-05,0.00010395433491794392
14,sun3d-hotel_uc-scan3,4,39,3DLoMatch,baseline,float32,0,S4_post_context,2.919542748713866e-05,2.1025633031968027e-05,5.410656376625411e-05,0.00010395433491794392
14,sun3d-hotel_uc-scan3,4,39,3DLoMatch,baseline,float32,0,D3,2.011005017266143e-05,1.3340245459403377e-05,3.9451860720873805e-05,0.00011098208779003471
14,sun3d-hotel_uc-scan3,4,39,3DLoMatch,baseline,float32,0,D2_pre_context,2.2307693143375218e-05,1.3726005818170961e-05,4.201153351459652e-05,0.0002445945283398032
14,sun3d-hotel_uc-scan3,4,39,3DLoMatch,baseline,float32,0,D2_post_context,2.2307693143375218e-05,1.3726005818170961e-05,4.201153351459652e-05,0.0002445945283398032
14,sun3d-hotel_uc-scan3,4,39,3DLoMatch,baseline,float32,0,final_RE,1.4767244465474505e-05,8.279630492324941e-06,4.423289865371767e-05,0.0004576972860377282
14,sun3d-hotel_uc-scan3,4,39,3DLoMatch,baseline,float32,0,fine_RI,1.7216834748978727e-05,nan,nan,nan
14,sun3d-hotel_uc-scan3,4,39,3DLoMatch,baseline,float32,0,coarse_RI,2.9036234991508536e-05,nan,nan,nan
14,sun3d-hotel_uc-scan3,4,39,3DLoMatch,baseline,float32,1,S2,4.989047010894865e-05,1.5867386537138373e-05,7.179106178227804e-05,0.0018461454892531037
14,sun3d-hotel_uc-scan3,4,39,3DLoMatch,baseline,float32,1,S3,4.51591877208557e-05,2.0607258193194866e-05,8.069841132964937e-05,0.0006943535408936441
14,sun3d-hotel_uc-scan3,4,39,3DLoMatch,baseline,float32,1,S4_pre_context,3.72776084986981e-05,2.2306645405478776e-05,6.759985262760893e-05,0.00016264677105937153
14,sun3d-hotel_uc-scan3,4,39,3DLoMatch,baseline,float32,1,S4_post_context,3.72776084986981e-05,2.2306645405478776e-05,6.759985262760893e-05,0.00016264677105937153
14,sun3d-hotel_uc-scan3,4,39,3DLoMatch,baseline,float32,1,D3,2.5357910999446176e-05,1.4930948054825421e-05,4.793794432771391e-05,0.00020416743063833565
14,sun3d-hotel_uc-scan3,4,39,3DLoMatch,baseline,float32,1,D2_pre_context,2.8656375434366055e-05,1.5088519830896985e-05,5.375229811761521e-05,0.00037130177952349186
14,sun3d-hotel_uc-scan3,4,39,3DLoMatch,baseline,float32,1,D2_post_context,2.8656375434366055e-05,1.5088519830896985e-05,5.375229811761521e-05,0.00037130177952349186
14,sun3d-hotel_uc-scan3,4,39,3DLoMatch,baseline,float32,1,final_RE,1.89342099474743e-05,9.379376933793537e-06,5.1823314424836985e-05,0.0005266727530397475
14,sun3d-hotel_uc-scan3,4,39,3DLoMatch,baseline,float32,1,fine_RI,2.2460904801846482e-05,nan,nan,nan
14,sun3d-hotel_uc-scan3,4,39,3DLoMatch,baseline,float32,1,coarse_RI,3.549009852577001e-05,nan,nan,nan
14,sun3d-hotel_uc-scan3,4,39,3DLoMatch,baseline,float32,2,S2,3.614356319303624e-05,1.5682438970543444e-05,6.710148300044236e-05,0.0006023030146025121
14,sun3d-hotel_uc-scan3,4,39,3DLoMatch,baseline,float32,2,S3,3.500283128232695e-05,1.9283614165033214e-05,6.601436907658349e-05,0.00030445613083429635
14,sun3d-hotel_uc-scan3,4,39,3DLoMatch,baseline,float32,2,S4_pre_context,2.9055703635094687e-05,2.0988471078453586e-05,5.435288130684057e-05,0.00013506961113307625
14,sun3d-hotel_uc-scan3,4,39,3DLoMatch,baseline,float32,2,S4_post_context,2.9055703635094687e-05,2.0988471078453586e-05,5.435288130684057e-05,0.00013506961113307625
14,sun3d-hotel_uc-scan3,4,39,3DLoMatch,baseline,float32,2,D3,2.14400643017143e-05,1.3804386071569752e-05,3.9879011455923316e-05,0.0001097756830858998
14,sun3d-hotel_uc-scan3,4,39,3DLoMatch,baseline,float32,2,D2_pre_context,2.4224684239015914e-05,1.4382870176632423e-05,4.63537529867608e-05,0.00026675499975681305
14,sun3d-hotel_uc-scan3,4,39,3DLoMatch,baseline,float32,2,D2_post_context,2.4224684239015914e-05,1.4382870176632423e-05,4.63537529867608e-05,0.00026675499975681305
14,sun3d-hotel_uc-scan3,4,39,3DLoMatch,baseline,float32,2,final_RE,1.7193426174344495e-05,8.344617526745424e-06,4.694490708061487e-05,0.0005703726201318204
14,sun3d-hotel_uc-scan3,4,39,3DLoMatch,baseline,float32,2,fine_RI,1.8603357602842152e-05,nan,nan,nan
14,sun3d-hotel_uc-scan3,4,39,3DLoMatch,baseline,float32,2,coarse_RI,3.0589711968787014e-05,nan,nan,nan
14,sun3d-hotel_uc-scan3,4,39,3DLoMatch,baseline,float32,3,S2,3.744057903531939e-05,1.532177884655539e-05,6.846069882158185e-05,0.0007632015040144324
14,sun3d-hotel_uc-scan3,4,39,3DLoMatch,baseline,float32,3,S3,3.522709812386893e-05,2.0195491742924787e-05,6.754063069820404e-05,0.000334317097440362
14,sun3d-hotel_uc-scan3,4,39,3DLoMatch,baseline,float32,3,S4_pre_context,2.885274079744704e-05,2.0478331862250343e-05,5.4874326451681554e-05,9.922545723384246e-05
14,sun3d-hotel_uc-scan3,4,39,3DLoMatch,baseline,float32,3,S4_post_context,2.885274079744704e-05,2.0478331862250343e-05,5.4874326451681554e-05,9.922545723384246e-05
14,sun3d-hotel_uc-scan3,4,39,3DLoMatch,baseline,float32,3,D3,2.0261282770661637e-05,1.357734618068207e-05,3.713379410328343e-05,0.00011319966870360076
14,sun3d-hotel_uc-scan3,4,39,3DLoMatch,baseline,float32,3,D2_pre_context,2.352913907088805e-05,1.390453599015018e-05,4.446165039553304e-05,0.00027437155949883163
14,sun3d-hotel_uc-scan3,4,39,3DLoMatch,baseline,float32,3,D2_post_context,2.352913907088805e-05,1.390453599015018e-05,4.446165039553304e-05,0.00027437155949883163
14,sun3d-hotel_uc-scan3,4,39,3DLoMatch,baseline,float32,3,final_RE,1.6260744814644568e-05,8.070274816418532e-06,4.636531521100548e-05,0.0003332058840896934
14,sun3d-hotel_uc-scan3,4,39,3DLoMatch,baseline,float32,3,fine_RI,1.844152393459808e-05,nan,nan,nan
14,sun3d-hotel_uc-scan3,4,39,3DLoMatch,baseline,float32,3,coarse_RI,2.654321724548936e-05,nan,nan,nan
15,sun3d-hotel_uc-scan3,17,34,3DLoMatch,baseline,float32,0,S2,6.416519318008795e-05,2.978337579406798e-05,0.00011513846111483872,0.0015178575413301587
15,sun3d-hotel_uc-scan3,17,34,3DLoMatch,baseline,float32,0,S3,6.852416117908433e-05,4.0067410736810416e-05,0.00013685917656403035,0.0006290801684372127
15,sun3d-hotel_uc-scan3,17,34,3DLoMatch,baseline,float32,0,S4_pre_context,5.818440695293248e-05,4.014539081254043e-05,0.00010997886129189282,0.000306519097648561
15,sun3d-hotel_uc-scan3,17,34,3DLoMatch,baseline,float32,0,S4_post_context,5.818440695293248e-05,4.014539081254043e-05,0.00010997886129189282,0.000306519097648561
15,sun3d-hotel_uc-scan3,17,34,3DLoMatch,baseline,float32,0,D3,4.051182258990593e-05,2.6393063308205456e-05,7.650627958355471e-05,0.0003814436786342412
15,sun3d-hotel_uc-scan3,17,34,3DLoMatch,baseline,float32,0,D2_pre_context,4.130074012209661e-05,2.4726341507630423e-05,7.686463468417059e-05,0.0007717503467574716
15,sun3d-hotel_uc-scan3,17,34,3DLoMatch,baseline,float32,0,D2_post_context,4.130074012209661e-05,2.4726341507630423e-05,7.686463468417059e-05,0.0007717503467574716
15,sun3d-hotel_uc-scan3,17,34,3DLoMatch,baseline,float32,0,final_RE,3.462766107986681e-05,1.710623109829612e-05,9.570044858264735e-05,0.0010269057238474488
15,sun3d-hotel_uc-scan3,17,34,3DLoMatch,baseline,float32,0,fine_RI,3.2044870749814436e-05,nan,nan,nan
15,sun3d-hotel_uc-scan3,17,34,3DLoMatch,baseline,float32,0,coarse_RI,5.6455926824128255e-05,nan,nan,nan
15,sun3d-hotel_uc-scan3,17,34,3DLoMatch,baseline,float32,1,S2,8.494857320329174e-05,2.955073068733327e-05,0.00012122427542635699,0.0035750069655478
15,sun3d-hotel_uc-scan3,17,34,3DLoMatch,baseline,float32,1,S3,8.258937305072322e-05,4.14517053286545e-05,0.00015872350195422769,0.0010325090261176229
15,sun3d-hotel_uc-scan3,17,34,3DLoMatch,baseline,float32,1,S4_pre_context,7.166223076637834e-05,4.162999539403245e-05,0.00013473306607920672,0.00046498500159941614
15,sun3d-hotel_uc-scan3,17,34,3DLoMatch,baseline,float32,1,S4_post_context,7.166223076637834e-05,4.162999539403245e-05,0.00013473306607920672,0.00046498500159941614
15,sun3d-hotel_uc-scan3,17,34,3DLoMatch,baseline,float32,1,D3,5.1186143537051976e-05,2.7020074412575923e-05,0.000103296413726639,0.0003827651671599597
15,sun3d-hotel_uc-scan3,17,34,3DLoMatch,baseline,float32,1,D2_pre_context,5.32396043126937e-05,2.6093262931681238e-05,9.210294047079515e-05,0.0015745637938380241
15,sun3d-hotel_uc-scan3,17,34,3DLoMatch,baseline,float32,1,D2_post_context,5.32396043126937e-05,2.6093262931681238e-05,9.210294047079515e-05,0.0015745637938380241
15,sun3d-hotel_uc-scan3,17,34,3DLoMatch,baseline,float32,1,final_RE,4.365824497654103e-05,1.8162299966206774e-05,0.0001231843722052871,0.0014022670220583677
15,sun3d-hotel_uc-scan3,17,34,3DLoMatch,baseline,float32,1,fine_RI,4.244468073011376e-05,nan,nan,nan
15,sun3d-hotel_uc-scan3,17,34,3DLoMatch,baseline,float32,1,coarse_RI,7.059409836074337e-05,nan,nan,nan
15,sun3d-hotel_uc-scan3,17,34,3DLoMatch,baseline,float32,2,S2,6.890035729156807e-05,2.9553826607298106e-05,0.00011800234424299552,0.0017391144065186381
15,sun3d-hotel_uc-scan3,17,34,3DLoMatch,baseline,float32,2,S3,7.990996527951211e-05,3.947340155718848e-05,0.00015512322715949267,0.001141720567829907
15,sun3d-hotel_uc-scan3,17,34,3DLoMatch,baseline,float32,2,S4_pre_context,6.220847717486322e-05,3.907361315214075e-05,0.00011944137222599238,0.00033368414733558893
15,sun3d-hotel_uc-scan3,17,34,3DLoMatch,baseline,float32,2,S4_post_context,6.220847717486322e-05,3.907361315214075e-05,0.00011944137222599238,0.00033368414733558893
15,sun3d-hotel_uc-scan3,17,34,3DLoMatch,baseline,float32,2,D3,4.6311070036608726e-05,2.6121577320736833e-05,9.07869398361072e-05,0.0004919865750707686
15,sun3d-hotel_uc-scan3,17,34,3DLoMatch,baseline,float32,2,D2_pre_context,4.632646596292034e-05,2.4572598704253323e-05,8.413945834035982e-05,0.000644458457827568
15,sun3d-hotel_uc-scan3,17,34,3DLoMatch,baseline,float32,2,D2_post_context,4.632646596292034e-05,2.4572598704253323e-05,8.413945834035982e-05,0.000644458457827568
15,sun3d-hotel_uc-scan3,17,34,3DLoMatch,baseline,float32,2,final_RE,3.5593940992839634e-05,1.7563415894983336e-05,0.00010285216485499402,0.0007925130194053054
15,sun3d-hotel_uc-scan3,17,34,3DLoMatch,baseline,float32,2,fine_RI,3.765268775168806e-05,nan,nan,nan
15,sun3d-hotel_uc-scan3,17,34,3DLoMatch,baseline,float32,2,coarse_RI,6.290114106377587e-05,nan,nan,nan
15,sun3d-hotel_uc-scan3,17,34,3DLoMatch,baseline,float32,3,S2,6.218312046257779e-05,2.805092663038522e-05,0.00010882814276555999,0.00142196798697114
15,sun3d-hotel_uc-scan3,17,34,3DLoMatch,baseline,float32,3,S3,6.473410758189857e-05,3.973479033447802e-05,0.00012536464782897383,0.0005760805797763169
15,sun3d-hotel_uc-scan3,17,34,3DLoMatch,baseline,float32,3,S4_pre_context,5.503246211446822e-05,3.88667504012119e-05,9.707185672596096e-05,0.00023463006073143333
15,sun3d-hotel_uc-scan3,17,34,3DLoMatch,baseline,float32,3,S4_post_context,5.503246211446822e-05,3.88667504012119e-05,9.707185672596096e-05,0.00023463006073143333
15,sun3d-hotel_uc-scan3,17,34,3DLoMatch,baseline,float32,3,D3,3.910295708919875e-05,2.513642903068103e-05,7.428544631693512e-05,0.00022595601330976933
15,sun3d-hotel_uc-scan3,17,34,3DLoMatch,baseline,float32,3,D2_pre_context,4.085753971594386e-05,2.3418762793880887e-05,7.576136449642935e-05,0.0007233492797240615
15,sun3d-hotel_uc-scan3,17,34,3DLoMatch,baseline,float32,3,D2_post_context,4.085753971594386e-05,2.3418762793880887e-05,7.576136449642935e-05,0.0007233492797240615
15,sun3d-hotel_uc-scan3,17,34,3DLoMatch,baseline,float32,3,final_RE,3.361051858519204e-05,1.6298477930831723e-05,9.641270262363817e-05,0.0018440650310367346
15,sun3d-hotel_uc-scan3,17,34,3DLoMatch,baseline,float32,3,fine_RI,3.298093724879436e-05,nan,nan,nan
15,sun3d-hotel_uc-scan3,17,34,3DLoMatch,baseline,float32,3,coarse_RI,5.667220466420986e-05,nan,nan,nan
16,sun3d-hotel_uc-scan3,36,37,3DLoMatch,baseline,float32,0,S2,3.7353107472881675e-05,2.0280005628592335e-05,7.080278519424603e-05,0.0006670869188383222
16,sun3d-hotel_uc-scan3,36,37,3DLoMatch,baseline,float32,0,S3,3.7387027987279e-05,2.496552770026028e-05,6.54940678941784e-05,0.00043301063124090433
16,sun3d-hotel_uc-scan3,36,37,3DLoMatch,baseline,float32,0,S4_pre_context,3.0370654712896794e-05,2.2452431949204765e-05,5.0447559624444604e-05,0.00013092244626022875
16,sun3d-hotel_uc-scan3,36,37,3DLoMatch,baseline,float32,0,S4_post_context,3.0370654712896794e-05,2.2452431949204765e-05,5.0447559624444604e-05,0.00013092244626022875
16,sun3d-hotel_uc-scan3,36,37,3DLoMatch,baseline,float32,0,D3,2.2522754079545848e-05,1.5618552424712107e-05,3.8672940354445006e-05,0.0002069562760880217
16,sun3d-hotel_uc-scan3,36,37,3DLoMatch,baseline,float32,0,D2_pre_context,2.4734954422456212e-05,1.577441071276553e-05,4.3613802517938866e-05,0.00031626358395442367
16,sun3d-hotel_uc-scan3,36,37,3DLoMatch,baseline,float32,0,D2_post_context,2.4734954422456212e-05,1.577441071276553e-05,4.3613802517938866e-05,0.00031626358395442367
16,sun3d-hotel_uc-scan3,36,37,3DLoMatch,baseline,float32,0,final_RE,1.8183944121119566e-05,9.595145456842147e-06,5.160837517905737e-05,0.0008394623291678727
16,sun3d-hotel_uc-scan3,36,37,3DLoMatch,baseline,float32,0,fine_RI,1.8818584067048505e-05,nan,nan,nan
16,sun3d-hotel_uc-scan3,36,37,3DLoMatch,baseline,float32,0,coarse_RI,2.7731673981179483e-05,nan,nan,nan
16,sun3d-hotel_uc-scan3,36,37,3DLoMatch,baseline,float32,1,S2,3.794476288021542e-05,1.9162718672305346e-05,6.916633647051635e-05,0.0009278960060328245
16,sun3d-hotel_uc-scan3,36,37,3DLoMatch,baseline,float32,1,S3,3.682488022604957e-05,2.366475382586941e-05,6.805569391872264e-05,0.0004458230687305331
16,sun3d-hotel_uc-scan3,36,37,3DLoMatch,baseline,float32,1,S4_pre_context,2.9733726478298195e-05,2.19116045627743e-05,5.0999600716750124e-05,0.00019745291501749307
16,sun3d-hotel_uc-scan3,36,37,3DLoMatch,baseline,float32,1,S4_post_context,2.9733726478298195e-05,2.19116045627743e-05,5.0999600716750124e-05,0.00019745291501749307
16,sun3d-hotel_uc-scan3,36,37,3DLoMatch,baseline,float32,1,D3,2.0278774172766134e-05,1.484621679992415e-05,3.563686022971521e-05,0.00013296025281306356
16,sun3d-hotel_uc-scan3,36,37,3DLoMatch,baseline,float32,1,D2_pre_context,2.2281899873632938e-05,1.4919393834134098e-05,4.0228951729659446e-05,0.00031495196162723005
16,sun3d-hotel_uc-scan3,36,37,3DLoMatch,baseline,float32,1,D2_post_context,2.2281899873632938e-05,1.4919393834134098e-05,4.0228951729659446e-05,0.00031495196162723005
16,sun3d-hotel_uc-scan3,36,37,3DLoMatch,baseline,float32,1,final_RE,1.5627689208486117e-05,8.969494956545532e-06,4.682971102738509e-05,0.00044951471500098705
16,sun3d-hotel_uc-scan3,36,37,3DLoMatch,baseline,float32,1,fine_RI,1.6419637177023105e-05,nan,nan,nan
16,sun3d-hotel_uc-scan3,36,37,3DLoMatch,baseline,float32,1,coarse_RI,2.74650301435031e-05,nan,nan,nan
16,sun3d-hotel_uc-scan3,36,37,3DLoMatch,baseline,float32,2,S2,4.328254362917505e-05,2.095813943014946e-05,7.79787453211611e-05,0.0016589420847594738
16,sun3d-hotel_uc-scan3,36,37,3DLoMatch,baseline,float32,2,S3,4.174925197730772e-05,2.6326131774112582e-05,7.570839225081716e-05,0.00033738085767254233
16,sun3d-hotel_uc-scan3,36,37,3DLoMatch,baseline,float32,2,S4_pre_context,3.365391239640303e-05,2.52825648203725e-05,5.961888564343096e-05,0.00015272786549758166
16,sun3d-hotel_uc-scan3,36,37,3DLoMatch,baseline,float32,2,S4_post_context,3.365391239640303e-05,2.52825648203725e-05,5.961888564343096e-05,0.00015272786549758166
16,sun3d-hotel_uc-scan3,36,37,3DLoMatch,baseline,float32,2,D3,2.3241565941134468e-05,1.649339719733689e-05,4.108627090317895e-05,0.0001860618795035407
16,sun3d-hotel_uc-scan3,36,37,3DLoMatch,baseline,float32,2,D2_pre_context,2.577839586592745e-05,1.649317709961906e-05,4.47464821263565e-05,0.0005884799757041037
16,sun3d-hotel_uc-scan3,36,37,3DLoMatch,baseline,float32,2,D2_post_context,2.577839586592745e-05,1.649317709961906e-05,4.47464821263565e-05,0.0005884799757041037
16,sun3d-hotel_uc-scan3,36,37,3DLoMatch,baseline,float32,2,final_RE,1.8778628145810217e-05,1.0183099220739678e-05,5.450746430142315e-05,0.0008773823501542211
16,sun3d-hotel_uc-scan3,36,37,3DLoMatch,baseline,float32,2,fine_RI,2.0763243810506538e-05,nan,nan,nan
16,sun3d-hotel_uc-scan3,36,37,3DLoMatch,baseline,float32,2,coarse_RI,3.0232793506002054e-05,nan,nan,nan
16,sun3d-hotel_uc-scan3,36,37,3DLoMatch,baseline,float32,3,S2,3.939232919947244e-05,2.0678835426224396e-05,7.240731829369893e-05,0.0005717448075301945
16,sun3d-hotel_uc-scan3,36,37,3DLoMatch,baseline,float32,3,S3,4.0416562114842236e-05,2.5969280613935553e-05,7.515891265938973e-05,0.0002953100483864546
16,sun3d-hotel_uc-scan3,36,37,3DLoMatch,baseline,float32,3,S4_pre_context,3.380054477020167e-05,2.5216413632733747e-05,6.092828843975435e-05,0.00015232258010655642
16,sun3d-hotel_uc-scan3,36,37,3DLoMatch,baseline,float32,3,S4_post_context,3.380054477020167e-05,2.5216413632733747e-05,6.092828843975435e-05,0.00015232258010655642
16,sun3d-hotel_uc-scan3,36,37,3DLoMatch,baseline,float32,3,D3,2.5117287805187516e-05,1.6908310499275103e-05,4.403172533784525e-05,0.0001722256711218506
16,sun3d-hotel_uc-scan3,36,37,3DLoMatch,baseline,float32,3,D2_pre_context,2.7334006517776288e-05,1.6839298041304573e-05,4.91868340759538e-05,0.0002265886141685769
16,sun3d-hotel_uc-scan3,36,37,3DLoMatch,baseline,float32,3,D2_post_context,2.7334006517776288e-05,1.6839298041304573e-05,4.91868340759538e-05,0.0002265886141685769
16,sun3d-hotel_uc-scan3,36,37,3DLoMatch,baseline,float32,3,final_RE,1.8297756469110027e-05,9.958475857274607e-06,5.458877039927753e-05,0.0007441561319865286
16,sun3d-hotel_uc-scan3,36,37,3DLoMatch,baseline,float32,3,fine_RI,2.1910607756581157e-05,nan,nan,nan
16,sun3d-hotel_uc-scan3,36,37,3DLoMatch,baseline,float32,3,coarse_RI,3.2209216442424804e-05,nan,nan,nan
17,sun3d-hotel_umd-maryland_hotel1,8,26,3DLoMatch,baseline,float32,0,S2,7.5844771345146e-05,3.260163066443056e-05,0.0001294260728172958,0.0023755445145070553
17,sun3d-hotel_umd-maryland_hotel1,8,26,3DLoMatch,baseline,float32,0,S3,8.024554699659348e-05,4.5048185711493716e-05,0.0001600616014911792,0.0006690341397188604
17,sun3d-hotel_umd-maryland_hotel1,8,26,3DLoMatch,baseline,float32,0,S4_pre_context,8.448027074337006e-05,4.2581046727718785e-05,0.00017111052584368734,0.00041077646892517805
17,sun3d-hotel_umd-maryland_hotel1,8,26,3DLoMatch,baseline,float32,0,S4_post_context,8.448027074337006e-05,4.2581046727718785e-05,0.00017111052584368734,0.00041077646892517805
17,sun3d-hotel_umd-maryland_hotel1,8,26,3DLoMatch,baseline,float32,0,D3,6.69935398036614e-05,2.7810481697088107e-05,0.00013172032340662553,0.0007691953796893358
17,sun3d-hotel_umd-maryland_hotel1,8,26,3DLoMatch,baseline,float32,0,D2_pre_context,6.352161290124059e-05,2.6963634809362702e-05,0.00011449312296463177,0.0011350307613611221
17,sun3d-hotel_umd-maryland_hotel1,8,26,3DLoMatch,baseline,float32,0,D2_post_context,6.352161290124059e-05,2.6963634809362702e-05,0.00011449312296463177,0.0011350307613611221
17,sun3d-hotel_umd-maryland_hotel1,8,26,3DLoMatch,baseline,float32,0,final_RE,5.394509935285896e-05,1.723217428661883e-05,0.00016517606854904443,0.0017147165490314364
17,sun3d-hotel_umd-maryland_hotel1,8,26,3DLoMatch,baseline,float32,0,fine_RI,4.7935642214724794e-05,nan,nan,nan
17,sun3d-hotel_umd-maryland_hotel1,8,26,3DLoMatch,baseline,float32,0,coarse_RI,8.307109237648547e-05,nan,nan,nan
17,sun3d-hotel_umd-maryland_hotel1,8,26,3DLoMatch,baseline,float32,1,S2,7.217919483082369e-05,3.087498407694511e-05,0.00012437370605766773,0.0016246752347797155
17,sun3d-hotel_umd-maryland_hotel1,8,26,3DLoMatch,baseline,float32,1,S3,7.936375186545774e-05,4.1963950934587047e-05,0.00016479585319757457,0.0007192869088612497
17,sun3d-hotel_umd-maryland_hotel1,8,26,3DLoMatch,baseline,float32,1,S4_pre_context,8.823141979519278e-05,4.004286165582016e-05,0.00018619835609570142,0.0004689319175668061
17,sun3d-hotel_umd-maryland_hotel1,8,26,3DLoMatch,baseline,float32,1,S4_post_context,8.823141979519278e-05,4.004286165582016e-05,0.00018619835609570142,0.0004689319175668061
17,sun3d-hotel_umd-maryland_hotel1,8,26,3DLoMatch,baseline,float32,1,D3,6.735264469170943e-05,2.6011623049271293e-05,0.0001521531186881475,0.0005890207830816507
17,sun3d-hotel_umd-maryland_hotel1,8,26,3DLoMatch,baseline,float32,1,D2_pre_context,6.008984200889245e-05,2.633903204696253e-05,0.00012039409921271726,0.000880997278727591
17,sun3d-hotel_umd-maryland_hotel1,8,26,3DLoMatch,baseline,float32,1,D2_post_context,6.008984200889245e-05,2.633903204696253e-05,0.00012039409921271726,0.000880997278727591
17,sun3d-hotel_umd-maryland_hotel1,8,26,3DLoMatch,baseline,float32,1,final_RE,5.867764411959797e-05,1.652127866691444e-05,0.00017388963897246867,0.0027553075924515724
17,sun3d-hotel_umd-maryland_hotel1,8,26,3DLoMatch,baseline,float32,1,fine_RI,4.03166122850962e-05,nan,nan,nan
17,sun3d-hotel_umd-maryland_hotel1,8,26,3DLoMatch,baseline,float32,1,coarse_RI,8.641182648716494e-05,nan,nan,nan
17,sun3d-hotel_umd-maryland_hotel1,8,26,3DLoMatch,baseline,float32,2,S2,7.501846266677603e-05,3.2362000638386235e-05,0.00012951757526025176,0.0031703163404017687
17,sun3d-hotel_umd-maryland_hotel1,8,26,3DLoMatch,baseline,float32,2,S3,8.430045272689313e-05,4.5466087613021955e-05,0.00016322165756719185,0.001467401161789894
17,sun3d-hotel_umd-maryland_hotel1,8,26,3DLoMatch,baseline,float32,2,S4_pre_context,8.875232742866501e-05,4.532019011094235e-05,0.00019051552226301275,0.0005235991557128727
17,sun3d-hotel_umd-maryland_hotel1,8,26,3DLoMatch,baseline,float32,2,S4_post_context,8.875232742866501e-05,4.532019011094235e-05,0.00019051552226301275,0.0005235991557128727
17,sun3d-hotel_umd-maryland_hotel1,8,26,3DLoMatch,baseline,float32,2,D3,6.247581040952355e-05,2.9882252420065925e-05,0.00013081768993288264,0.00040862392052076757
17,sun3d-hotel_umd-maryland_hotel1,8,26,3DLoMatch,baseline,float32,2,D2_pre_context,5.999175482429564e-05,2.817970744217746e-05,0.00011876776989083737,0.000882049323990941
17,sun3d-hotel_umd-maryland_hotel1,8,26,3DLoMatch,baseline,float32,2,D2_post_context,5.999175482429564e-05,2.817970744217746e-05,0.00011876776989083737,0.000882049323990941
17,sun3d-hotel_umd-maryland_hotel1,8,26,3DLoMatch,baseline,float32,2,final_RE,5.614496330963448e-05,1.7680889868643135e-05,0.0001635921944398433,0.00334958010353148
17,sun3d-hotel_umd-maryland_hotel1,8,26,3DLoMatch,baseline,float32,2,fine_RI,4.2970365029759705e-05,nan,nan,nan
17,sun3d-hotel_umd-maryland_hotel1,8,26,3DLoMatch,baseline,float32,2,coarse_RI,8.331405115313828e-05,nan,nan,nan
17,sun3d-hotel_umd-maryland_hotel1,8,26,3DLoMatch,baseline,float32,3,S2,7.462183566531166e-05,3.2624913728795946e-05,0.00013243847934063524,0.00213274615816772
17,sun3d-hotel_umd-maryland_hotel1,8,26,3DLoMatch,baseline,float32,3,S3,8.175997936632484e-05,4.731322769657709e-05,0.00016067099495558054,0.0007796456338837743
17,sun3d-hotel_umd-maryland_hotel1,8,26,3DLoMatch,baseline,float32,3,S4_pre_context,8.274444553535432e-05,4.5619897719006985e-05,0.00017159751732833683,0.0004342168103903532
17,sun3d-hotel_umd-maryland_hotel1,8,26,3DLoMatch,baseline,float32,3,S4_post_context,8.274444553535432e-05,4.5619897719006985e-05,0.00017159751732833683,0.0004342168103903532
17,sun3d-hotel_umd-maryland_hotel1,8,26,3DLoMatch,baseline,float32,3,D3,6.079938975744881e-05,2.997565024998039e-05,0.00013116466579958793,0.0005970282363705337
17,sun3d-hotel_umd-maryland_hotel1,8,26,3DLoMatch,baseline,float32,3,D2_pre_context,5.630644227494486e-05,2.9019214707659557e-05,0.00011440944945206866,0.0007666330202482641
17,sun3d-hotel_umd-maryland_hotel1,8,26,3DLoMatch,baseline,float32,3,D2_post_context,5.630644227494486e-05,2.9019214707659557e-05,0.00011440944945206866,0.0007666330202482641
17,sun3d-hotel_umd-maryland_hotel1,8,26,3DLoMatch,baseline,float32,3,final_RE,5.1959163101855665e-05,1.7712325643515214e-05,0.00016929655976127833,0.005128040444105864
17,sun3d-hotel_umd-maryland_hotel1,8,26,3DLoMatch,baseline,float32,3,fine_RI,4.2948235204676166e-05,nan,nan,nan
17,sun3d-hotel_umd-maryland_hotel1,8,26,3DLoMatch,baseline,float32,3,coarse_RI,7.731783989584073e-05,nan,nan,nan
18,sun3d-hotel_umd-maryland_hotel1,37,55,3DLoMatch,baseline,float32,0,S2,6.589339318452403e-05,2.667022818059195e-05,0.00011109834449598558,0.0011858093785122037
18,sun3d-hotel_umd-maryland_hotel1,37,55,3DLoMatch,baseline,float32,0,S3,8.220180461648852e-05,3.370533886482008e-05,0.00012556795263662934,0.002118845237419009
18,sun3d-hotel_umd-maryland_hotel1,37,55,3DLoMatch,baseline,float32,0,S4_pre_context,5.727519965148531e-05,3.412220030440949e-05,0.00010150374873774125,0.00032175504020415246
18,sun3d-hotel_umd-maryland_hotel1,37,55,3DLoMatch,baseline,float32,0,S4_post_context,5.727519965148531e-05,3.412220030440949e-05,0.00010150374873774125,0.00032175504020415246
18,sun3d-hotel_umd-maryland_hotel1,37,55,3DLoMatch,baseline,float32,0,D3,4.372546391095966e-05,2.2696984160575084e-05,7.922808981675189e-05,0.0006558145396411419
18,sun3d-hotel_umd-maryland_hotel1,37,55,3DLoMatch,baseline,float32,0,D2_pre_context,5.101974602439441e-05,2.1267300326144323e-05,7.906241662567479e-05,0.0018612508429214358
18,sun3d-hotel_umd-maryland_hotel1,37,55,3DLoMatch,baseline,float32,0,D2_post_context,5.101974602439441e-05,2.1267300326144323e-05,7.906241662567479e-05,0.0018612508429214358
18,sun3d-hotel_umd-maryland_hotel1,37,55,3DLoMatch,baseline,float32,0,final_RE,3.812584327533841e-05,1.3710782695852686e-05,0.00010292717051925135,0.0026285736821591854
18,sun3d-hotel_umd-maryland_hotel1,37,55,3DLoMatch,baseline,float32,0,fine_RI,3.750027826754376e-05,nan,nan,nan
18,sun3d-hotel_umd-maryland_hotel1,37,55,3DLoMatch,baseline,float32,0,coarse_RI,5.49232900084462e-05,nan,nan,nan
18,sun3d-hotel_umd-maryland_hotel1,37,55,3DLoMatch,baseline,float32,1,S2,6.477262650150806e-05,2.754484194156248e-05,0.00011401096853660418,0.0014593845698982477
18,sun3d-hotel_umd-maryland_hotel1,37,55,3DLoMatch,baseline,float32,1,S3,7.088473648764193e-05,3.5281664167996496e-05,0.0001348832156509161,0.0011338876793161035
18,sun3d-hotel_umd-maryland_hotel1,37,55,3DLoMatch,baseline,float32,1,S4_pre_context,5.801093720947392e-05,3.535600990289822e-05,0.00010322557427571154,0.00048365560360252857
18,sun3d-hotel_umd-maryland_hotel1,37,55,3DLoMatch,baseline,float32,1,S4_post_context,5.801093720947392e-05,3.535600990289822e-05,0.00010322557427571154,0.00048365560360252857
18,sun3d-hotel_umd-maryland_hotel1,37,55,3DLoMatch,baseline,float32,1,D3,4.172013359493576e-05,2.444735582685098e-05,8.04404953669291e-05,0.00035067176213487983
18,sun3d-hotel_umd-maryland_hotel1,37,55,3DLoMatch,baseline,float32,1,D2_pre_context,4.4968368456466123e-05,2.3872877136454917e-05,8.417021890636533e-05,0.0011185024632140994
18,sun3d-hotel_umd-maryland_hotel1,37,55,3DLoMatch,baseline,float32,1,D2_post_context,4.4968368456466123e-05,2.3872877136454917e-05,8.417021890636533e-05,0.0011185024632140994
18,sun3d-hotel_umd-maryland_hotel1,37,55,3DLoMatch,baseline,float32,1,final_RE,3.601133357733488e-05,1.4443337022385094e-05,0.00010746588086476546,0.001970589393749833
18,sun3d-hotel_umd-maryland_hotel1,37,55,3DLoMatch,baseline,float32,1,fine_RI,3.382503928150982e-05,nan,nan,nan
18,sun3d-hotel_umd-maryland_hotel1,37,55,3DLoMatch,baseline,float32,1,coarse_RI,5.968098048469983e-05,nan,nan,nan
18,sun3d-hotel_umd-maryland_hotel1,37,55,3DLoMatch,baseline,float32,2,S2,7.653944339836016e-05,2.747962025750894e-05,0.00011811802687589079,0.002473524073138833
18,sun3d-hotel_umd-maryland_hotel1,37,55,3DLoMatch,baseline,float32,2,S3,8.78715145518072e-05,3.6648736568167806e-05,0.00014204119361238554,0.002200129209086299
18,sun3d-hotel_umd-maryland_hotel1,37,55,3DLoMatch,baseline,float32,2,S4_pre_context,6.36093900538981e-05,3.719959931913763e-05,0.0001238663200638256,0.00039054511580616236
18,sun3d-hotel_umd-maryland_hotel1,37,55,3DLoMatch,baseline,float32,2,S4_post_context,6.36093900538981e-05,3.719959931913763e-05,0.0001238663200638256,0.00039054511580616236
18,sun3d-hotel_umd-maryland_hotel1,37,55,3DLoMatch,baseline,float32,2,D3,4.821029506274499e-05,2.4118768124026246e-05,9.295825293520465e-05,0.0007064426317811012
18,sun3d-hotel_umd-maryland_hotel1,37,55,3DLoMatch,baseline,float32,2,D2_pre_context,5.128718476044014e-05,2.2959666239330545e-05,9.579656034475188e-05,0.001207956112921238
18,sun3d-hotel_umd-maryland_hotel1,37,55,3DLoMatch,baseline,float32,2,D2_post_context,5.128718476044014e-05,2.2959666239330545e-05,9.579656034475188e-05,0.001207956112921238
18,sun3d-hotel_umd-maryland_hotel1,37,55,3DLoMatch,baseline,float32,2,final_RE,4.460399577510543e-05,1.4494154129351955e-05,0.00013091917790006839,0.0037433949764817953
18,sun3d-hotel_umd-maryland_hotel1,37,55,3DLoMatch,baseline,float32,2,fine_RI,3.7306974263628945e-05,nan,nan,nan
18,sun3d-hotel_umd-maryland_hotel1,37,55,3DLoMatch,baseline,float32,2,coarse_RI,5.966862227069214e-05,nan,nan,nan
18,sun3d-hotel_umd-maryland_hotel1,37,55,3DLoMatch,baseline,float32,3,S2,6.353425851557404e-05,2.7630960175883956e-05,0.00011516741942614314,0.0016331938095390797
18,sun3d-hotel_umd-maryland_hotel1,37,55,3DLoMatch,baseline,float32,3,S3,6.237747584236786e-05,3.545718573150225e-05,0.00011984856064373162,0.0004799894231837243
18,sun3d-hotel_umd-maryland_hotel1,37,55,3DLoMatch,baseline,float32,3,S4_pre_context,5.130848512635566e-05,3.511733666528016e-05,9.658065064286348e-05,0.00026276864809915423
18,sun3d-hotel_umd-maryland_hotel1,37,55,3DLoMatch,baseline,float32,3,S4_post_context,5.130848512635566e-05,3.511733666528016e-05,9.658065064286348e-05,0.00026276864809915423
18,sun3d-hotel_umd-maryland_hotel1,37,55,3DLoMatch,baseline,float32,3,D3,3.583948637242429e-05,2.2997719497652724e-05,6.969464266148861e-05,0.00018059909052681178
18,sun3d-hotel_umd-maryland_hotel1,37,55,3DLoMatch,baseline,float32,3,D2_pre_context,4.576813444145955e-05,2.1943735191598535e-05,6.724628474330528e-05,0.0023207017220556736
18,sun3d-hotel_umd-maryland_hotel1,37,55,3DLoMatch,baseline,float32,3,D2_post_context,4.576813444145955e-05,2.1943735191598535e-05,6.724628474330528e-05,0.0023207017220556736
18,sun3d-hotel_umd-maryland_hotel1,37,55,3DLoMatch,baseline,float32,3,final_RE,3.093406485277228e-05,1.383723156322958e-05,9.148324315901844e-05,0.0023150937631726265
18,sun3d-hotel_umd-maryland_hotel1,37,55,3DLoMatch,baseline,float32,3,fine_RI,3.2969539461191744e-05,nan,nan,nan
18,sun3d-hotel_umd-maryland_hotel1,37,55,3DLoMatch,baseline,float32,3,coarse_RI,4.750383232021704e-05,nan,nan,nan
19,sun3d-mit_76_studyroom-76-1studyroom2,0,8,3DLoMatch,baseline,float32,0,S2,6.324617424979806e-05,2.5811839805101044e-05,0.00010333781247027215,0.0018535703420639038
19,sun3d-mit_76_studyroom-76-1studyroom2,0,8,3DLoMatch,baseline,float32,0,S3,6.546246004290879e-05,3.502437539282255e-05,0.00011505194743222091,0.0009889780776575208
19,sun3d-mit_76_studyroom-76-1studyroom2,0,8,3DLoMatch,baseline,float32,0,S4_pre_context,5.1392667955951765e-05,3.4061475162161514e-05,8.906423609005285e-05,0.0003328588209114969
19,sun3d-mit_76_studyroom-76-1studyroom2,0,8,3DLoMatch,baseline,float32,0,S4_post_context,5.1392667955951765e-05,3.4061475162161514e-05,8.906423609005285e-05,0.0003328588209114969
19,sun3d-mit_76_studyroom-76-1studyroom2,0,8,3DLoMatch,baseline,float32,0,D3,3.653183375718072e-05,2.261695044580847e-05,6.695330921502318e-05,0.0003211339935660362
19,sun3d-mit_76_studyroom-76-1studyroom2,0,8,3DLoMatch,baseline,float32,0,D2_pre_context,4.0768565668258816e-05,2.2562133381143212e-05,6.797144305892287e-05,0.0010308608179911971
19,sun3d-mit_76_studyroom-76-1studyroom2,0,8,3DLoMatch,baseline,float32,0,D2_post_context,4.0768565668258816e-05,2.2562133381143212e-05,6.797144305892287e-05,0.0010308608179911971
19,sun3d-mit_76_studyroom-76-1studyroom2,0,8,3DLoMatch,baseline,float32,0,final_RE,3.409482815186493e-05,1.6492705981363542e-05,0.0001092315971618518,0.0007611356559209526
19,sun3d-mit_76_studyroom-76-1studyroom2,0,8,3DLoMatch,baseline,float32,0,fine_RI,2.919696271419525e-05,nan,nan,nan
19,sun3d-mit_76_studyroom-76-1studyroom2,0,8,3DLoMatch,baseline,float32,0,coarse_RI,5.085242082714103e-05,nan,nan,nan
19,sun3d-mit_76_studyroom-76-1studyroom2,0,8,3DLoMatch,baseline,float32,1,S2,6.293396290857345e-05,2.42126207012916e-05,9.364464058307924e-05,0.0023568258620798588
19,sun3d-mit_76_studyroom-76-1studyroom2,0,8,3DLoMatch,baseline,float32,1,S3,6.698520883219317e-05,3.277264841017313e-05,0.00010771790039143525,0.0012501446763053536
19,sun3d-mit_76_studyroom-76-1studyroom2,0,8,3DLoMatch,baseline,float32,1,S4_pre_context,6.006235707900487e-05,3.3069660275941715e-05,9.14044750970788e-05,0.000533514132257551
19,sun3d-mit_76_studyroom-76-1studyroom2,0,8,3DLoMatch,baseline,float32,1,S4_post_context,6.006235707900487e-05,3.3069660275941715e-05,9.14044750970788e-05,0.000533514132257551
19,sun3d-mit_76_studyroom-76-1studyroom2,0,8,3DLoMatch,baseline,float32,1,D3,4.381929829833098e-05,2.323756052646786e-05,6.749279236828443e-05,0.00046434655087068677
19,sun3d-mit_76_studyroom-76-1studyroom2,0,8,3DLoMatch,baseline,float32,1,D2_pre_context,4.5526794565375894e-05,2.3894648620625958e-05,6.580318004125729e-05,0.001174997421912849
19,sun3d-mit_76_studyroom-76-1studyroom2,0,8,3DLoMatch,baseline,float32,1,D2_post_context,4.5526794565375894e-05,2.3894648620625958e-05,6.580318004125729e-05,0.001174997421912849
19,sun3d-mit_76_studyroom-76-1studyroom2,0,8,3DLoMatch,baseline,float32,1,final_RE,3.596282840589993e-05,1.5549334420938976e-05,0.00011338608601363374,0.0008537456160411239
19,sun3d-mit_76_studyroom-76-1studyroom2,0,8,3DLoMatch,baseline,float32,1,fine_RI,3.2769192330306396e-05,nan,nan,nan
19,sun3d-mit_76_studyroom-76-1studyroom2,0,8,3DLoMatch,baseline,float32,1,coarse_RI,6.715724157402292e-05,nan,nan,nan
19,sun3d-mit_76_studyroom-76-1studyroom2,0,8,3DLoMatch,baseline,float32,2,S2,5.734278602176346e-05,2.4597084120614454e-05,0.00010340439475839946,0.0011268120724707842
19,sun3d-mit_76_studyroom-76-1studyroom2,0,8,3DLoMatch,baseline,float32,2,S3,5.960887938272208e-05,3.1365671020466834e-05,0.00011751329111575615,0.0004903693916276097
19,sun3d-mit_76_studyroom-76-1studyroom2,0,8,3DLoMatch,baseline,float32,2,S4_pre_context,5.3496845794143155e-05,3.1300874979933724e-05,9.224066889146342e-05,0.00032363893114961684
19,sun3d-mit_76_studyroom-76-1studyroom2,0,8,3DLoMatch,baseline,float32,2,S4_post_context,5.3496845794143155e-05,3.1300874979933724e-05,9.224066889146342e-05,0.00032363893114961684
19,sun3d-mit_76_studyroom-76-1studyroom2,0,8,3DLoMatch,baseline,float32,2,D3,3.944997297367081e-05,2.0796480384888127e-05,7.244983135024086e-05,0.00025914120487868786
19,sun3d-mit_76_studyroom-76-1studyroom2,0,8,3DLoMatch,baseline,float32,2,D2_pre_context,3.5982720874017105e-05,2.0703324480564333e-05,6.812082719989119e-05,0.000303522014291957
19,sun3d-mit_76_studyroom-76-1studyroom2,0,8,3DLoMatch,baseline,float32,2,D2_post_context,3.5982720874017105e-05,2.0703324480564333e-05,6.812082719989119e-05,0.000303522014291957
19,sun3d-mit_76_studyroom-76-1studyroom2,0,8,3DLoMatch,baseline,float32,2,final_RE,3.299970558146015e-05,1.3958742783870548e-05,0.00010955007601296522,0.0007495447061955929
19,sun3d-mit_76_studyroom-76-1studyroom2,0,8,3DLoMatch,baseline,float32,2,fine_RI,2.5728075343067758e-05,nan,nan,nan
19,sun3d-mit_76_studyroom-76-1studyroom2,0,8,3DLoMatch,baseline,float32,2,coarse_RI,5.2663945098174736e-05,nan,nan,nan
19,sun3d-mit_76_studyroom-76-1studyroom2,0,8,3DLoMatch,baseline,float32,3,S2,5.43100613867864e-05,2.3594599042553455e-05,9.548460075166075e-05,0.0015362907433882356
19,sun3d-mit_76_studyroom-76-1studyroom2,0,8,3DLoMatch,baseline,float32,3,S3,5.592275192611851e-05,3.0412233172683045e-05,0.00010084285895572975,0.0007918437477201223
19,sun3d-mit_76_studyroom-76-1studyroom2,0,8,3DLoMatch,baseline,float32,3,S4_pre_context,5.008505831938237e-05,2.9318516681087203e-05,8.27533396659419e-05,0.0004686947213485837
19,sun3d-mit_76_studyroom-76-1studyroom2,0,8,3DLoMatch,baseline,float32,3,S4_post_context,5.008505831938237e-05,2.9318516681087203e-05,8.27533396659419e-05,0.0004686947213485837
19,sun3d-mit_76_studyroom-76-1studyroom2,0,8,3DLoMatch,baseline,float32,3,D3,3.851757719530724e-05,1.9938368495786563e-05,6.1003527662251145e-05,0.0004031643329653889
19,sun3d-mit_76_studyroom-76-1studyroom2,0,8,3DLoMatch,baseline,float32,3,D2_pre_context,3.7149558920646086e-05,2.064693399006501e-05,6.125938234617933e-05,0.0006975047872401774
19,sun3d-mit_76_studyroom-76-1studyroom2,0,8,3DLoMatch,baseline,float32,3,D2_post_context,3.7149558920646086e-05,2.064693399006501e-05,6.125938234617933e-05,0.0006975047872401774
19,sun3d-mit_76_studyroom-76-1studyroom2,0,8,3DLoMatch,baseline,float32,3,final_RE,3.408160773687996e-05,1.3766232768830378e-05,0.00010741974256234244,0.0009395557572133839
19,sun3d-mit_76_studyroom-76-1studyroom2,0,8,3DLoMatch,baseline,float32,3,fine_RI,2.624674561957363e-05,nan,nan,nan
19,sun3d-mit_76_studyroom-76-1studyroom2,0,8,3DLoMatch,baseline,float32,3,coarse_RI,5.1435574278002605e-05,nan,nan,nan
20,sun3d-mit_76_studyroom-76-1studyroom2,12,14,3DLoMatch,baseline,float32,0,S2,6.228297570487484e-05,2.8201711756992154e-05,0.0001121719877119176,0.0011533075012266636
20,sun3d-mit_76_studyroom-76-1studyroom2,12,14,3DLoMatch,baseline,float32,0,S3,8.013859769562259e-05,4.7035904572112486e-05,0.00014998432016000152,0.0010956815676763654
20,sun3d-mit_76_studyroom-76-1studyroom2,12,14,3DLoMatch,baseline,float32,0,S4_pre_context,6.392603245330974e-05,4.537250060820952e-05,0.00011987013567704707,0.00023068157315719873
20,sun3d-mit_76_studyroom-76-1studyroom2,12,14,3DLoMatch,baseline,float32,0,S4_post_context,6.392603245330974e-05,4.537250060820952e-05,0.00011987013567704707,0.00023068157315719873
20,sun3d-mit_76_studyroom-76-1studyroom2,12,14,3DLoMatch,baseline,float32,0,D3,5.268422683002427e-05,3.2699619623599574e-05,9.834099910221994e-05,0.0005013247136957943
20,sun3d-mit_76_studyroom-76-1studyroom2,12,14,3DLoMatch,baseline,float32,0,D2_pre_context,4.97542969242204e-05,3.0152383260428905e-05,9.278935940528754e-05,0.0005755731253884733
20,sun3d-mit_76_studyroom-76-1studyroom2,12,14,3DLoMatch,baseline,float32,0,D2_post_context,4.97542969242204e-05,3.0152383260428905e-05,9.278935940528754e-05,0.0005755731253884733
20,sun3d-mit_76_studyroom-76-1studyroom2,12,14,3DLoMatch,baseline,float32,0,final_RE,6.697217031614855e-05,2.9982153137098067e-05,0.00018713870376814152,0.0025064621586352587
20,sun3d-mit_76_studyroom-76-1studyroom2,12,14,3DLoMatch,baseline,float32,0,fine_RI,3.396163083380088e-05,nan,nan,nan
20,sun3d-mit_76_studyroom-76-1studyroom2,12,14,3DLoMatch,baseline,float32,0,coarse_RI,6.375333032337949e-05,nan,nan,nan
20,sun3d-mit_76_studyroom-76-1studyroom2,12,14,3DLoMatch,baseline,float32,1,S2,5.910711479373276e-05,2.5907993403961882e-05,0.00010848811216419556,0.0012700927909463644
20,sun3d-mit_76_studyroom-76-1studyroom2,12,14,3DLoMatch,baseline,float32,1,S3,9.068712097359821e-05,4.2021267290692776e-05,0.00015370546316262335,0.0019219693494960666
20,sun3d-mit_76_studyroom-76-1studyroom2,12,14,3DLoMatch,baseline,float32,1,S4_pre_context,7.04252888681367e-05,4.278567939763889e-05,0.00012795165821444243,0.00036516605177894235
20,sun3d-mit_76_studyroom-76-1studyroom2,12,14,3DLoMatch,baseline,float32,1,S4_post_context,7.04252888681367e-05,4.278567939763889e-05,0.00012795165821444243,0.00036516605177894235
20,sun3d-mit_76_studyroom-76-1studyroom2,12,14,3DLoMatch,baseline,float32,1,D3,6.854524690425023e-05,3.304281199234538e-05,0.00011809057468781248,0.0014313970459625125
20,sun3d-mit_76_studyroom-76-1studyroom2,12,14,3DLoMatch,baseline,float32,1,D2_pre_context,6.708293221890926e-05,3.1198673241306096e-05,0.00011436058484832756,0.0015787187730893493
20,sun3d-mit_76_studyroom-76-1studyroom2,12,14,3DLoMatch,baseline,float32,1,D2_post_context,6.708293221890926e-05,3.1198673241306096e-05,0.00011436058484832756,0.0015787187730893493
20,sun3d-mit_76_studyroom-76-1studyroom2,12,14,3DLoMatch,baseline,float32,1,final_RE,9.793255594559014e-05,3.13579585053958e-05,0.00020054126944160088,0.004552911035716534
20,sun3d-mit_76_studyroom-76-1studyroom2,12,14,3DLoMatch,baseline,float32,1,fine_RI,4.2063373257406056e-05,nan,nan,nan
20,sun3d-mit_76_studyroom-76-1studyroom2,12,14,3DLoMatch,baseline,float32,1,coarse_RI,7.018550968496129e-05,nan,nan,nan
20,sun3d-mit_76_studyroom-76-1studyroom2,12,14,3DLoMatch,baseline,float32,2,S2,6.663729436695576e-05,2.6938854716718197e-05,0.00011811602489615323,0.0014507526066154242
20,sun3d-mit_76_studyroom-76-1studyroom2,12,14,3DLoMatch,baseline,float32,2,S3,9.475764818489552e-05,4.4673368392977864e-05,0.00017464077973272651,0.001533873612061143
20,sun3d-mit_76_studyroom-76-1studyroom2,12,14,3DLoMatch,baseline,float32,2,S4_pre_context,7.946043479023501e-05,4.720547076431103e-05,0.0001539766089990735,0.0003497747238725424
20,sun3d-mit_76_studyroom-76-1studyroom2,12,14,3DLoMatch,baseline,float32,2,S4_post_context,7.946043479023501e-05,4.720547076431103e-05,0.0001539766089990735,0.0003497747238725424
20,sun3d-mit_76_studyroom-76-1studyroom2,12,14,3DLoMatch,baseline,float32,2,D3,6.450120417866856e-05,3.574705624487251e-05,0.00012583992793224752,0.0006093752454034984
20,sun3d-mit_76_studyroom-76-1studyroom2,12,14,3DLoMatch,baseline,float32,2,D2_pre_context,6.280867091845721e-05,3.296614522696473e-05,0.00011680564384732859,0.0015554851852357388
20,sun3d-mit_76_studyroom-76-1studyroom2,12,14,3DLoMatch,baseline,float32,2,D2_post_context,6.280867091845721e-05,3.296614522696473e-05,0.00011680564384732859,0.0015554851852357388
20,sun3d-mit_76_studyroom-76-1studyroom2,12,14,3DLoMatch,baseline,float32,2,final_RE,8.360238280147314e-05,3.187624315614812e-05,0.00022305805396172204,0.0026609771884977818
20,sun3d-mit_76_studyroom-76-1studyroom2,12,14,3DLoMatch,baseline,float32,2,fine_RI,4.1320665332023054e-05,nan,nan,nan
20,sun3d-mit_76_studyroom-76-1studyroom2,12,14,3DLoMatch,baseline,float32,2,coarse_RI,7.777784776408225e-05,nan,nan,nan
20,sun3d-mit_76_studyroom-76-1studyroom2,12,14,3DLoMatch,baseline,float32,3,S2,5.953629806754179e-05,2.592061719042249e-05,0.0001020027713821036,0.001678543514572084
20,sun3d-mit_76_studyroom-76-1studyroom2,12,14,3DLoMatch,baseline,float32,3,S3,8.73806347954087e-05,4.204120341455564e-05,0.0001428277464583516,0.0015614003641530871
20,sun3d-mit_76_studyroom-76-1studyroom2,12,14,3DLoMatch,baseline,float32,3,S4_pre_context,7.450363045791164e-05,4.1391391278011724e-05,0.0001313390675932169,0.0006107636145316064
20,sun3d-mit_76_studyroom-76-1studyroom2,12,14,3DLoMatch,baseline,float32,3,S4_post_context,7.450363045791164e-05,4.1391391278011724e-05,0.0001313390675932169,0.0006107636145316064
20,sun3d-mit_76_studyroom-76-1studyroom2,12,14,3DLoMatch,baseline,float32,3,D3,6.0643378674285486e-05,3.4182397939730436e-05,0.00010805366036947817,0.0006196012836880982
20,sun3d-mit_76_studyroom-76-1studyroom2,12,14,3DLoMatch,baseline,float32,3,D2_pre_context,5.2973169658798724e-05,3.2369905966334045e-05,0.0001005713216727599,0.0004421374178491533
20,sun3d-mit_76_studyroom-76-1studyroom2,12,14,3DLoMatch,baseline,float32,3,D2_post_context,5.2973169658798724e-05,3.2369905966334045e-05,0.0001005713216727599,0.0004421374178491533
20,sun3d-mit_76_studyroom-76-1studyroom2,12,14,3DLoMatch,baseline,float32,3,final_RE,6.455431139329448e-05,3.2870164432097226e-05,0.00019013447381439617,0.001901059877127409
20,sun3d-mit_76_studyroom-76-1studyroom2,12,14,3DLoMatch,baseline,float32,3,fine_RI,3.718959487741813e-05,nan,nan,nan
20,sun3d-mit_76_studyroom-76-1studyroom2,12,14,3DLoMatch,baseline,float32,3,coarse_RI,7.130701851565391e-05,nan,nan,nan
21,sun3d-mit_76_studyroom-76-1studyroom2,24,65,3DLoMatch,baseline,float32,0,S2,5.7582426961744204e-05,2.6789452022057958e-05,9.846572065725917e-05,0.0011699484894052148
21,sun3d-mit_76_studyroom-76-1studyroom2,24,65,3DLoMatch,baseline,float32,0,S3,6.52020244160667e-05,3.5576176742324606e-05,0.00011101239069830616,0.0008601814042776823
21,sun3d-mit_76_studyroom-76-1studyroom2,24,65,3DLoMatch,baseline,float32,0,S4_pre_context,5.804759348393418e-05,3.1661307730246335e-05,9.353025998279916e-05,0.0004571052559185773
21,sun3d-mit_76_studyroom-76-1studyroom2,24,65,3DLoMatch,baseline,float32,0,S4_post_context,5.804759348393418e-05,3.1661307730246335e-05,9.353025998279916e-05,0.0004571052559185773
21,sun3d-mit_76_studyroom-76-1studyroom2,24,65,3DLoMatch,baseline,float32,0,D3,4.364321648608893e-05,2.1536663552979007e-05,8.287005730380767e-05,0.0006063057808205485
21,sun3d-mit_76_studyroom-76-1studyroom2,24,65,3DLoMatch,baseline,float32,0,D2_pre_context,4.142244506510906e-05,2.1323416149243712e-05,7.907915132818739e-05,0.0005467610317282379
21,sun3d-mit_76_studyroom-76-1studyroom2,24,65,3DLoMatch,baseline,float32,0,D2_post_context,4.142244506510906e-05,2.1323416149243712e-05,7.907915132818739e-05,0.0005467610317282379
21,sun3d-mit_76_studyroom-76-1studyroom2,24,65,3DLoMatch,baseline,float32,0,final_RE,4.445035301614553e-05,1.4606653166993055e-05,0.00013665456499438726,0.0013183628907427192
21,sun3d-mit_76_studyroom-76-1studyroom2,24,65,3DLoMatch,baseline,float32,0,fine_RI,2.9469212677213363e-05,nan,nan,nan
21,sun3d-mit_76_studyroom-76-1studyroom2,24,65,3DLoMatch,baseline,float32,0,coarse_RI,5.3200656111584976e-05,nan,nan,nan
21,sun3d-mit_76_studyroom-76-1studyroom2,24,65,3DLoMatch,baseline,float32,1,S2,5.825601328979246e-05,2.6308307496947236e-05,9.802434651646759e-05,0.0015450691571459174
21,sun3d-mit_76_studyroom-76-1studyroom2,24,65,3DLoMatch,baseline,float32,1,S3,6.241929804673418e-05,3.4251374017912894e-05,0.00011997554720437612,0.0008200357551686466
21,sun3d-mit_76_studyroom-76-1studyroom2,24,65,3DLoMatch,baseline,float32,1,S4_pre_context,5.3363150072982535e-05,3.093278064625338e-05,0.00010236921370960772,0.0002813353203237057
21,sun3d-mit_76_studyroom-76-1studyroom2,24,65,3DLoMatch,baseline,float32,1,S4_post_context,5.3363150072982535e-05,3.093278064625338e-05,0.00010236921370960772,0.0002813353203237057
21,sun3d-mit_76_studyroom-76-1studyroom2,24,65,3DLoMatch,baseline,float32,1,D3,4.090254151378758e-05,2.0993349608033895e-05,7.903290352260227e-05,0.00039873848436400294
21,sun3d-mit_76_studyroom-76-1studyroom2,24,65,3DLoMatch,baseline,float32,1,D2_pre_context,4.0770453779259697e-05,2.099372613884043e-05,7.760687294648939e-05,0.000687679392285645
21,sun3d-mit_76_studyroom-76-1studyroom2,24,65,3DLoMatch,baseline,float32,1,D2_post_context,4.0770453779259697e-05,2.099372613884043e-05,7.760687294648939e-05,0.000687679392285645
21,sun3d-mit_76_studyroom-76-1studyroom2,24,65,3DLoMatch,baseline,float32,1,final_RE,4.380130849312991e-05,1.5116463146114256e-05,0.00014478138182312249,0.002602473134174943
21,sun3d-mit_76_studyroom-76-1studyroom2,24,65,3DLoMatch,baseline,float32,1,fine_RI,2.8677597583737224e-05,nan,nan,nan
21,sun3d-mit_76_studyroom-76-1studyroom2,24,65,3DLoMatch,baseline,float32,1,coarse_RI,4.882945358986035e-05,nan,nan,nan
21,sun3d-mit_76_studyroom-76-1studyroom2,24,65,3DLoMatch,baseline,float32,2,S2,5.3354429837781936e-05,2.6269208319718018e-05,9.425763710169111e-05,0.0011192800011485815
21,sun3d-mit_76_studyroom-76-1studyroom2,24,65,3DLoMatch,baseline,float32,2,S3,6.892506644362584e-05,3.3685726521071047e-05,0.0001194810720335225,0.0015494790859520435
21,sun3d-mit_76_studyroom-76-1studyroom2,24,65,3DLoMatch,baseline,float32,2,S4_pre_context,5.007011350244284e-05,2.991689689224586e-05,0.00010450671143189537,0.00025715300580486655
21,sun3d-mit_76_studyroom-76-1studyroom2,24,65,3DLoMatch,baseline,float32,2,S4_post_context,5.007011350244284e-05,2.991689689224586e-05,0.00010450671143189537,0.00025715300580486655
21,sun3d-mit_76_studyroom-76-1studyroom2,24,65,3DLoMatch,baseline,float32,2,D3,4.2421943362569436e-05,2.0674373445217498e-05,8.158580858434984e-05,0.0006868877098895609
21,sun3d-mit_76_studyroom-76-1studyroom2,24,65,3DLoMatch,baseline,float32,2,D2_pre_context,4.1171806515194476e-05,2.0838877389905974e-05,7.988731522345914e-05,0.0006296645733527839
21,sun3d-mit_76_studyroom-76-1studyroom2,24,65,3DLoMatch,baseline,float32,2,D2_post_context,4.1171806515194476e-05,2.0838877389905974e-05,7.988731522345914e-05,0.0006296645733527839
21,sun3d-mit_76_studyroom-76-1studyroom2,24,65,3DLoMatch,baseline,float32,2,final_RE,4.792246545548551e-05,1.442162010789616e-05,0.00014377038460224853,0.0018240384524688125
21,sun3d-mit_76_studyroom-76-1studyroom2,24,65,3DLoMatch,baseline,float32,2,fine_RI,2.9653201636392623e-05,nan,nan,nan
21,sun3d-mit_76_studyroom-76-1studyroom2,24,65,3DLoMatch,baseline,float32,2,coarse_RI,4.8034198698587716e-05,nan,nan,nan
21,sun3d-mit_76_studyroom-76-1studyroom2,24,65,3DLoMatch,baseline,float32,3,S2,5.584811879089102e-05,2.6277846700395457e-05,0.00010068332485388958,0.0012792929774150252
21,sun3d-mit_76_studyroom-76-1studyroom2,24,65,3DLoMatch,baseline,float32,3,S3,6.71596426400356e-05,3.469538933131844e-05,0.0001317856156674678,0.001152128097601235
21,sun3d-mit_76_studyroom-76-1studyroom2,24,65,3DLoMatch,baseline,float32,3,S4_pre_context,5.4890686442377046e-05,2.976542236865498e-05,0.00011297922937956171,0.00028387599741108716
21,sun3d-mit_76_studyroom-76-1studyroom2,24,65,3DLoMatch,baseline,float32,3,S4_post_context,5.4890686442377046e-05,2.976542236865498e-05,0.00011297922937956171,0.00028387599741108716
21,sun3d-mit_76_studyroom-76-1studyroom2,24,65,3DLoMatch,baseline,float32,3,D3,4.3644202378345653e-05,2.0613399101421237e-05,9.195693346555329e-05,0.00032145221484825015
21,sun3d-mit_76_studyroom-76-1studyroom2,24,65,3DLoMatch,baseline,float32,3,D2_pre_context,4.286215698812157e-05,2.0513276467681862e-05,8.676040888531131e-05,0.0004570335731841624
21,sun3d-mit_76_studyroom-76-1studyroom2,24,65,3DLoMatch,baseline,float32,3,D2_post_context,4.286215698812157e-05,2.0513276467681862e-05,8.676040888531131e-05,0.0004570335731841624
21,sun3d-mit_76_studyroom-76-1studyroom2,24,65,3DLoMatch,baseline,float32,3,final_RE,5.1026818255195394e-05,1.4485111023532227e-05,0.00016790504450909738,0.0014316900633275509
21,sun3d-mit_76_studyroom-76-1studyroom2,24,65,3DLoMatch,baseline,float32,3,fine_RI,3.0312734452309087e-05,nan,nan,nan
21,sun3d-mit_76_studyroom-76-1studyroom2,24,65,3DLoMatch,baseline,float32,3,coarse_RI,4.9134931032313034e-05,nan,nan,nan
22,sun3d-mit_76_studyroom-76-1studyroom2,58,62,3DLoMatch,baseline,float32,0,S2,8.29835917102173e-05,2.9947339498903602e-05,0.00011727282108040524,0.0030728804413229227
22,sun3d-mit_76_studyroom-76-1studyroom2,58,62,3DLoMatch,baseline,float32,0,S3,8.321214409079403e-05,4.352106407168321e-05,0.000144051227835007,0.0010866711381822824
22,sun3d-mit_76_studyroom-76-1studyroom2,58,62,3DLoMatch,baseline,float32,0,S4_pre_context,7.010619447100908e-05,4.18366034864448e-05,0.000113105987838935,0.0006930903764441609
22,sun3d-mit_76_studyroom-76-1studyroom2,58,62,3DLoMatch,baseline,float32,0,S4_post_context,7.010619447100908e-05,4.18366034864448e-05,0.000113105987838935,0.0006930903764441609
22,sun3d-mit_76_studyroom-76-1studyroom2,58,62,3DLoMatch,baseline,float32,0,D3,4.92056533403229e-05,2.7763948310166597e-05,8.794158020464238e-05,0.0005200689774937928
22,sun3d-mit_76_studyroom-76-1studyroom2,58,62,3DLoMatch,baseline,float32,0,D2_pre_context,5.005666389479302e-05,2.5225348508683965e-05,8.299685287056489e-05,0.0013058831682428718
22,sun3d-mit_76_studyroom-76-1studyroom2,58,62,3DLoMatch,baseline,float32,0,D2_post_context,5.005666389479302e-05,2.5225348508683965e-05,8.299685287056489e-05,0.0013058831682428718
22,sun3d-mit_76_studyroom-76-1studyroom2,58,62,3DLoMatch,baseline,float32,0,final_RE,4.274396997061558e-05,1.721737498883158e-05,0.0001300846532103605,0.0012742594117298722
22,sun3d-mit_76_studyroom-76-1studyroom2,58,62,3DLoMatch,baseline,float32,0,fine_RI,3.7556077586486936e-05,nan,nan,nan
22,sun3d-mit_76_studyroom-76-1studyroom2,58,62,3DLoMatch,baseline,float32,0,coarse_RI,6.527260120492429e-05,nan,nan,nan
22,sun3d-mit_76_studyroom-76-1studyroom2,58,62,3DLoMatch,baseline,float32,1,S2,8.487187733408064e-05,3.0441644412348978e-05,0.00012451070215320213,0.0038571993354707956
22,sun3d-mit_76_studyroom-76-1studyroom2,58,62,3DLoMatch,baseline,float32,1,S3,0.00012602821516338736,4.4266635086387396e-05,0.00017151986321550794,0.004376118537038565
22,sun3d-mit_76_studyroom-76-1studyroom2,58,62,3DLoMatch,baseline,float32,1,S4_pre_context,0.00014505804574582726,4.353975236881524e-05,0.0001670579164056107,0.0024570890236645937
22,sun3d-mit_76_studyroom-76-1studyroom2,58,62,3DLoMatch,baseline,float32,1,S4_post_context,0.00014505804574582726,4.353975236881524e-05,0.0001670579164056107,0.0024570890236645937
22,sun3d-mit_76_studyroom-76-1studyroom2,58,62,3DLoMatch,baseline,float32,1,D3,0.00010778568685054779,2.8586264306795783e-05,0.00011124225602543447,0.003845513565465808
22,sun3d-mit_76_studyroom-76-1studyroom2,58,62,3DLoMatch,baseline,float32,1,D2_pre_context,9.775397484190762e-05,2.5897115847328678e-05,9.92403394775465e-05,0.0032023375388234854
22,sun3d-mit_76_studyroom-76-1studyroom2,58,62,3DLoMatch,baseline,float32,1,D2_post_context,9.775397484190762e-05,2.5897115847328678e-05,9.92403394775465e-05,0.0032023375388234854
22,sun3d-mit_76_studyroom-76-1studyroom2,58,62,3DLoMatch,baseline,float32,1,final_RE,5.550685818889178e-05,1.825211802497506e-05,0.00014746609376743432,0.0018914653919637203
22,sun3d-mit_76_studyroom-76-1studyroom2,58,62,3DLoMatch,baseline,float32,1,fine_RI,7.575279596494511e-05,nan,nan,nan
22,sun3d-mit_76_studyroom-76-1studyroom2,58,62,3DLoMatch,baseline,float32,1,coarse_RI,0.00013733275409322232,nan,nan,nan
22,sun3d-mit_76_studyroom-76-1studyroom2,58,62,3DLoMatch,baseline,float32,2,S2,7.500321953557432e-05,3.009078136528842e-05,0.00012326693249633535,0.0024878305848687887
22,sun3d-mit_76_studyroom-76-1studyroom2,58,62,3DLoMatch,baseline,float32,2,S3,0.0001059191272361204,4.27520353696309e-05,0.0001516428565082606,0.003601155709475279
22,sun3d-mit_76_studyroom-76-1studyroom2,58,62,3DLoMatch,baseline,float32,2,S4_pre_context,0.00011324793740641326,4.171309410594404e-05,0.000139107325230725,0.0019853117410093546
22,sun3d-mit_76_studyroom-76-1studyroom2,58,62,3DLoMatch,baseline,float32,2,S4_post_context,0.00011324793740641326,4.171309410594404e-05,0.000139107325230725,0.0019853117410093546
22,sun3d-mit_76_studyroom-76-1studyroom2,58,62,3DLoMatch,baseline,float32,2,D3,8.931961929192767e-05,2.7264810341876e-05,9.16116223379504e-05,0.003007315332069993
22,sun3d-mit_76_studyroom-76-1studyroom2,58,62,3DLoMatch,baseline,float32,2,D2_pre_context,7.993276085471734e-05,2.437162766000256e-05,8.718721946934238e-05,0.002610053401440382
22,sun3d-mit_76_studyroom-76-1studyroom2,58,62,3DLoMatch,baseline,float32,2,D2_post_context,7.993276085471734e-05,2.437162766000256e-05,8.718721946934238e-05,0.002610053401440382
22,sun3d-mit_76_studyroom-76-1studyroom2,58,62,3DLoMatch,baseline,float32,2,final_RE,4.665574670070782e-05,1.694973252597265e-05,0.0001224792169523424,0.0020817830227315426
22,sun3d-mit_76_studyroom-76-1studyroom2,58,62,3DLoMatch,baseline,float32,2,fine_RI,6.343160930555314e-05,nan,nan,nan
22,sun3d-mit_76_studyroom-76-1studyroom2,58,62,3DLoMatch,baseline,float32,2,coarse_RI,0.00011084406287409365,nan,nan,nan
22,sun3d-mit_76_studyroom-76-1studyroom2,58,62,3DLoMatch,baseline,float32,3,S2,8.851375605445355e-05,3.0200933906598948e-05,0.0001185744869871996,0.0047652991488575935
22,sun3d-mit_76_studyroom-76-1studyroom2,58,62,3DLoMatch,baseline,float32,3,S3,8.337838517036289e-05,4.208664540783502e-05,0.0001376097534375731,0.0015209962148219347
22,sun3d-mit_76_studyroom-76-1studyroom2,58,62,3DLoMatch,baseline,float32,3,S4_pre_context,7.390396785922348e-05,4.02564910473302e-05,0.00011574647141969751,0.0008578020497225225
22,sun3d-mit_76_studyroom-76-1studyroom2,58,62,3DLoMatch,baseline,float32,3,S4_post_context,7.390396785922348e-05,4.02564910473302e-05,0.00011574647141969751,0.0008578020497225225
22,sun3d-mit_76_studyroom-76-1studyroom2,58,62,3DLoMatch,baseline,float32,3,D3,5.458449959405698e-05,2.6618654374033213e-05,8.240451461460907e-05,0.0012839017435908318
22,sun3d-mit_76_studyroom-76-1studyroom2,58,62,3DLoMatch,baseline,float32,3,D2_pre_context,5.6244298320962116e-05,2.391751331742853e-05,7.969830548972822e-05,0.0020874114707112312
22,sun3d-mit_76_studyroom-76-1studyroom2,58,62,3DLoMatch,baseline,float32,3,D2_post_context,5.6244298320962116e-05,2.391751331742853e-05,7.969830548972822e-05,0.0020874114707112312
22,sun3d-mit_76_studyroom-76-1studyroom2,58,62,3DLoMatch,baseline,float32,3,final_RE,4.142693433095701e-05,1.64065531862434e-05,0.000116510199586628,0.002406820422038436
22,sun3d-mit_76_studyroom-76-1studyroom2,58,62,3DLoMatch,baseline,float32,3,fine_RI,4.138578151469119e-05,nan,nan,nan
22,sun3d-mit_76_studyroom-76-1studyroom2,58,62,3DLoMatch,baseline,float32,3,coarse_RI,7.044677477097139e-05,nan,nan,nan
23,sun3d-mit_lab_hj-lab_hj_tea_nov_2_2012_scan1_erika,31,35,3DLoMatch,baseline,float32,0,S2,5.038753806729801e-05,2.2936756067792885e-05,8.721758786123246e-05,0.0010669701732695103
23,sun3d-mit_lab_hj-lab_hj_tea_nov_2_2012_scan1_erika,31,35,3DLoMatch,baseline,float32,0,S3,6.071579991839826e-05,3.2465501135447994e-05,0.00010783270408865064,0.0012186190579086542
23,sun3d-mit_lab_hj-lab_hj_tea_nov_2_2012_scan1_erika,31,35,3DLoMatch,baseline,float32,0,S4_pre_context,5.0468352128518745e-05,3.405509778531268e-05,8.769667656451929e-05,0.0002561721485108137
23,sun3d-mit_lab_hj-lab_hj_tea_nov_2_2012_scan1_erika,31,35,3DLoMatch,baseline,float32,0,S4_post_context,5.0468352128518745e-05,3.405509778531268e-05,8.769667656451929e-05,0.0002561721485108137
23,sun3d-mit_lab_hj-lab_hj_tea_nov_2_2012_scan1_erika,31,35,3DLoMatch,baseline,float32,0,D3,3.6521520087262616e-05,2.3455557311535813e-05,6.532969564432281e-05,0.00039983357419259846
23,sun3d-mit_lab_hj-lab_hj_tea_nov_2_2012_scan1_erika,31,35,3DLoMatch,baseline,float32,0,D2_pre_context,3.7187226553214714e-05,2.3227523342939094e-05,6.709586523356847e-05,0.0005739645566791296
23,sun3d-mit_lab_hj-lab_hj_tea_nov_2_2012_scan1_erika,31,35,3DLoMatch,baseline,float32,0,D2_post_context,3.7187226553214714e-05,2.3227523342939094e-05,6.709586523356847e-05,0.0005739645566791296
23,sun3d-mit_lab_hj-lab_hj_tea_nov_2_2012_scan1_erika,31,35,3DLoMatch,baseline,float32,0,final_RE,2.8106562240282074e-05,1.3948461855761707e-05,7.711794023634866e-05,0.0006261508096940815
23,sun3d-mit_lab_hj-lab_hj_tea_nov_2_2012_scan1_erika,31,35,3DLoMatch,baseline,float32,0,fine_RI,2.883739216485992e-05,nan,nan,nan
23,sun3d-mit_lab_hj-lab_hj_tea_nov_2_2012_scan1_erika,31,35,3DLoMatch,baseline,float32,0,coarse_RI,5.217544821789488e-05,nan,nan,nan
23,sun3d-mit_lab_hj-lab_hj_tea_nov_2_2012_scan1_erika,31,35,3DLoMatch,baseline,float32,1,S2,5.786577457911335e-05,2.2984118913882412e-05,0.00010325847324565984,0.001415523700416088
23,sun3d-mit_lab_hj-lab_hj_tea_nov_2_2012_scan1_erika,31,35,3DLoMatch,baseline,float32,1,S3,6.566534284502268e-05,3.5688619391294196e-05,0.00011857248027808965,0.0009482524474151433
23,sun3d-mit_lab_hj-lab_hj_tea_nov_2_2012_scan1_erika,31,35,3DLoMatch,baseline,float32,1,S4_pre_context,5.6860691984184086e-05,3.946767174056731e-05,0.00010425218788441258,0.00025485106743872166
23,sun3d-mit_lab_hj-lab_hj_tea_nov_2_2012_scan1_erika,31,35,3DLoMatch,baseline,float32,1,S4_post_context,5.6860691984184086e-05,3.946767174056731e-05,0.00010425218788441258,0.00025485106743872166
23,sun3d-mit_lab_hj-lab_hj_tea_nov_2_2012_scan1_erika,31,35,3DLoMatch,baseline,float32,1,D3,3.9742291846778244e-05,2.629464870551601e-05,7.248290203278886e-05,0.0003041769959963858
23,sun3d-mit_lab_hj-lab_hj_tea_nov_2_2012_scan1_erika,31,35,3DLoMatch,baseline,float32,1,D2_pre_context,4.0944956708699465e-05,2.5477975214016624e-05,7.4764211603906e-05,0.00045150131336413324
23,sun3d-mit_lab_hj-lab_hj_tea_nov_2_2012_scan1_erika,31,35,3DLoMatch,baseline,float32,1,D2_post_context,4.0944956708699465e-05,2.5477975214016624e-05,7.4764211603906e-05,0.00045150131336413324
23,sun3d-mit_lab_hj-lab_hj_tea_nov_2_2012_scan1_erika,31,35,3DLoMatch,baseline,float32,1,final_RE,3.1450130336452276e-05,1.493074705649633e-05,8.599979628343135e-05,0.0008806047262623906
23,sun3d-mit_lab_hj-lab_hj_tea_nov_2_2012_scan1_erika,31,35,3DLoMatch,baseline,float32,1,fine_RI,3.131767516606487e-05,nan,nan,nan
23,sun3d-mit_lab_hj-lab_hj_tea_nov_2_2012_scan1_erika,31,35,3DLoMatch,baseline,float32,1,coarse_RI,5.7131124776788056e-05,nan,nan,nan
23,sun3d-mit_lab_hj-lab_hj_tea_nov_2_2012_scan1_erika,31,35,3DLoMatch,baseline,float32,2,S2,5.258437886368483e-05,2.2841966710984707e-05,9.047870116773993e-05,0.0010286025935783982
23,sun3d-mit_lab_hj-lab_hj_tea_nov_2_2012_scan1_erika,31,35,3DLoMatch,baseline,float32,2,S3,5.669730307999998e-05,3.249067231081426e-05,0.00010459990735398609,0.0006692581227980554
23,sun3d-mit_lab_hj-lab_hj_tea_nov_2_2012_scan1_erika,31,35,3DLoMatch,baseline,float32,2,S4_pre_context,4.9517344450578094e-05,3.529795503709465e-05,8.97786263521993e-05,0.00027089272043667734
23,sun3d-mit_lab_hj-lab_hj_tea_nov_2_2012_scan1_erika,31,35,3DLoMatch,baseline,float32,2,S4_post_context,4.9517344450578094e-05,3.529795503709465e-05,8.97786263521993e-05,0.00027089272043667734
23,sun3d-mit_lab_hj-lab_hj_tea_nov_2_2012_scan1_erika,31,35,3DLoMatch,baseline,float32,2,D3,3.417658808757551e-05,2.314379162271507e-05,6.388105539372192e-05,0.00026722202892415226
23,sun3d-mit_lab_hj-lab_hj_tea_nov_2_2012_scan1_erika,31,35,3DLoMatch,baseline,float32,2,D2_pre_context,3.541619662428275e-05,2.2931953935767524e-05,6.48372879368253e-05,0.0003839218697976321
23,sun3d-mit_lab_hj-lab_hj_tea_nov_2_2012_scan1_erika,31,35,3DLoMatch,baseline,float32,2,D2_post_context,3.541619662428275e-05,2.2931953935767524e-05,6.48372879368253e-05,0.0003839218697976321
23,sun3d-mit_lab_hj-lab_hj_tea_nov_2_2012_scan1_erika,31,35,3DLoMatch,baseline,float32,2,final_RE,2.6177136533078738e-05,1.3216537809057627e-05,7.573541734018363e-05,0.0004369869129732251
23,sun3d-mit_lab_hj-lab_hj_tea_nov_2_2012_scan1_erika,31,35,3DLoMatch,baseline,float32,2,fine_RI,2.715021400945261e-05,nan,nan,nan
23,sun3d-mit_lab_hj-lab_hj_tea_nov_2_2012_scan1_erika,31,35,3DLoMatch,baseline,float32,2,coarse_RI,4.8403053369838744e-05,nan,nan,nan
23,sun3d-mit_lab_hj-lab_hj_tea_nov_2_2012_scan1_erika,31,35,3DLoMatch,baseline,float32,3,S2,6.180025229696184e-05,2.5028011805261485e-05,0.00011027669825125486,0.0016728361370041966
23,sun3d-mit_lab_hj-lab_hj_tea_nov_2_2012_scan1_erika,31,35,3DLoMatch,baseline,float32,3,S3,6.246283737709746e-05,3.637661939137615e-05,0.00011588050110731274,0.0005769405397586524
23,sun3d-mit_lab_hj-lab_hj_tea_nov_2_2012_scan1_erika,31,35,3DLoMatch,baseline,float32,3,S4_pre_context,5.538263212656602e-05,3.7759949918836355e-05,9.557761586620466e-05,0.0002564839378464967
23,sun3d-mit_lab_hj-lab_hj_tea_nov_2_2012_scan1_erika,31,35,3DLoMatch,baseline,float32,3,S4_post_context,5.538263212656602e-05,3.7759949918836355e-05,9.557761586620466e-05,0.0002564839378464967
23,sun3d-mit_lab_hj-lab_hj_tea_nov_2_2012_scan1_erika,31,35,3DLoMatch,baseline,float32,3,D3,3.765467772609554e-05,2.576423139544204e-05,7.048928528092801e-05,0.0001846130471676588
23,sun3d-mit_lab_hj-lab_hj_tea_nov_2_2012_scan1_erika,31,35,3DLoMatch,baseline,float32,3,D2_pre_context,4.198972601443529e-05,2.4988028599182144e-05,7.901015851530246e-05,0.0006325804861262441
23,sun3d-mit_lab_hj-lab_hj_tea_nov_2_2012_scan1_erika,31,35,3DLoMatch,baseline,float32,3,D2_post_context,4.198972601443529e-05,2.4988028599182144e-05,7.901015851530246e-05,0.0006325804861262441
23,sun3d-mit_lab_hj-lab_hj_tea_nov_2_2012_scan1_erika,31,35,3DLoMatch,baseline,float32,3,final_RE,2.8090336854802445e-05,1.4911767721059732e-05,8.186901322915219e-05,0.0007593418704345822
23,sun3d-mit_lab_hj-lab_hj_tea_nov_2_2012_scan1_erika,31,35,3DLoMatch,baseline,float32,3,fine_RI,3.252046735724434e-05,nan,nan,nan
23,sun3d-mit_lab_hj-lab_hj_tea_nov_2_2012_scan1_erika,31,35,3DLoMatch,baseline,float32,3,coarse_RI,7.183410343714058e-05,nan,nan,nan
0,7-scenes-redkitchen,0,7,3DLoMatch,baseline,float64,0,S2,7.196123681226773e-14,2.972853620949382e-14,1.241111842940585e-13,2.312065986069985e-12
0,7-scenes-redkitchen,0,7,3DLoMatch,baseline,float64,0,S3,6.972304861226874e-14,3.761612016827317e-14,1.3136071433539972e-13,5.530977268976061e-13
0,7-scenes-redkitchen,0,7,3DLoMatch,baseline,float64,0,S4_pre_context,7.250465647787066e-14,3.9130496660336233e-14,1.050435963923534e-13,7.176639375556691e-13
0,7-scenes-redkitchen,0,7,3DLoMatch,baseline,float64,0,S4_post_context,7.250465647787066e-14,3.9130496660336233e-14,1.050435963923534e-13,7.176639375556691e-13
0,7-scenes-redkitchen,0,7,3DLoMatch,baseline,float64,0,D3,5.240729571949349e-14,2.4946484942743332e-14,7.560600379201805e-14,7.406402717152369e-13
0,7-scenes-redkitchen,0,7,3DLoMatch,baseline,float64,0,D2_pre_context,7.282367306624854e-14,2.465024842554657e-14,8.16321505683502e-14,2.9640320523296203e-12
0,7-scenes-redkitchen,0,7,3DLoMatch,baseline,float64,0,D2_post_context,7.282367306624854e-14,2.465024842554657e-14,8.16321505683502e-14,2.9640320523296203e-12
0,7-scenes-redkitchen,0,7,3DLoMatch,baseline,float64,0,final_RE,4.62714347213061e-14,1.5679949169860142e-14,8.666484546408304e-14,1.2466966906446414e-12
0,7-scenes-redkitchen,0,7,3DLoMatch,baseline,float64,0,fine_RI,5.39526379204981e-14,nan,nan,nan
0,7-scenes-redkitchen,0,7,3DLoMatch,baseline,float64,0,coarse_RI,8.330632094670251e-14,nan,nan,nan
0,7-scenes-redkitchen,0,7,3DLoMatch,baseline,float64,1,S2,1.0243952520217346e-13,2.895223620386252e-14,1.4061494387263962e-13,5.4383796966162856e-12
0,7-scenes-redkitchen,0,7,3DLoMatch,baseline,float64,1,S3,9.189435980328676e-14,3.9605322089944296e-14,1.614195431894744e-13,9.932617250683231e-13
0,7-scenes-redkitchen,0,7,3DLoMatch,baseline,float64,1,S4_pre_context,1.1189152550165211e-13,4.4204190554740046e-14,1.5747082692193843e-13,1.1548956298041456e-12
0,7-scenes-redkitchen,0,7,3DLoMatch,baseline,float64,1,S4_post_context,1.1189152550165211e-13,4.4204190554740046e-14,1.5747082692193843e-13,1.1548956298041456e-12
0,7-scenes-redkitchen,0,7,3DLoMatch,baseline,float64,1,D3,7.982998736525629e-14,2.95117585710923e-14,1.0936416970185211e-13,1.20419465603724e-12
0,7-scenes-redkitchen,0,7,3DLoMatch,baseline,float64,1,D2_pre_context,1.0228269322382842e-13,2.87695000885367e-14,1.206421778966131e-13,4.081643925052792e-12
0,7-scenes-redkitchen,0,7,3DLoMatch,baseline,float64,1,D2_post_context,1.0228269322382842e-13,2.87695000885367e-14,1.206421778966131e-13,4.081643925052792e-12
0,7-scenes-redkitchen,0,7,3DLoMatch,baseline,float64,1,final_RE,5.9374022891735e-14,1.7092290917975626e-14,1.1085898511803869e-13,1.8869480337682226e-12
0,7-scenes-redkitchen,0,7,3DLoMatch,baseline,float64,1,fine_RI,8.570002848400889e-14,nan,nan,nan
0,7-scenes-redkitchen,0,7,3DLoMatch,baseline,float64,1,coarse_RI,1.2673727572217744e-13,nan,nan,nan
0,7-scenes-redkitchen,0,7,3DLoMatch,baseline,float64,2,S2,1.0740740348945197e-13,2.963806739666748e-14,1.3421800649861227e-13,6.2067687923925535e-12
0,7-scenes-redkitchen,0,7,3DLoMatch,baseline,float64,2,S3,9.258288157183811e-14,3.948153209472202e-14,1.5310626095298217e-13,9.831916029588607e-13
0,7-scenes-redkitchen,0,7,3DLoMatch,baseline,float64,2,S4_pre_context,1.2082004962248286e-13,4.203253358421012e-14,1.673304871976096e-13,1.5169363650953534e-12
0,7-scenes-redkitchen,0,7,3DLoMatch,baseline,float64,2,S4_post_context,1.2082004962248286e-13,4.203253358421012e-14,1.673304871976096e-13,1.5169363650953534e-12
0,7-scenes-redkitchen,0,7,3DLoMatch,baseline,float64,2,D3,8.931585993593944e-14,2.7542663817194626e-14,1.1255978271153151e-13,1.5728658795755047e-12
0,7-scenes-redkitchen,0,7,3DLoMatch,baseline,float64,2,D2_pre_context,1.1713476545423032e-13,2.7531669271425776e-14,1.1171868303843335e-13,2.2372651101086146e-12
0,7-scenes-redkitchen,0,7,3DLoMatch,baseline,float64,2,D2_post_context,1.1713476545423032e-13,2.7531669271425776e-14,1.1171868303843335e-13,2.2372651101086146e-12
0,7-scenes-redkitchen,0,7,3DLoMatch,baseline,float64,2,final_RE,6.680726508581398e-14,1.6890452771465814e-14,1.1291753564277518e-13,2.0170601051024838e-12
0,7-scenes-redkitchen,0,7,3DLoMatch,baseline,float64,2,fine_RI,1.0141698677057114e-13,nan,nan,nan
0,7-scenes-redkitchen,0,7,3DLoMatch,baseline,float64,2,coarse_RI,1.5581131344408156e-13,nan,nan,nan
0,7-scenes-redkitchen,0,7,3DLoMatch,baseline,float64,3,S2,6.947499761439172e-14,2.938840546976527e-14,1.2981955346003563e-13,1.2881804031134984e-12
0,7-scenes-redkitchen,0,7,3DLoMatch,baseline,float64,3,S3,8.440557035179559e-14,4.035146235910076e-14,1.3683526348482192e-13,1.7678631218442402e-12
0,7-scenes-redkitchen,0,7,3DLoMatch,baseline,float64,3,S4_pre_context,1.080687113716463e-13,4.495001022297911e-14,1.3401820941412873e-13,1.5137635927487319e-12
0,7-scenes-redkitchen,0,7,3DLoMatch,baseline,float64,3,S4_post_context,1.080687113716463e-13,4.495001022297911e-14,1.3401820941412873e-13,1.5137635927487319e-12
0,7-scenes-redkitchen,0,7,3DLoMatch,baseline,float64,3,D3,7.54272707425727e-14,3.011806824448686e-14,9.57546744752806e-14,1.4466676850533716e-12
0,7-scenes-redkitchen,0,7,3DLoMatch,baseline,float64,3,D2_pre_context,9.704374574385009e-14,2.940215317145409e-14,1.0574152111064356e-13,4.965036854983129e-12
0,7-scenes-redkitchen,0,7,3DLoMatch,baseline,float64,3,D2_post_context,9.704374574385009e-14,2.940215317145409e-14,1.0574152111064356e-13,4.965036854983129e-12
0,7-scenes-redkitchen,0,7,3DLoMatch,baseline,float64,3,final_RE,7.36274585503241e-14,1.7790672151395078e-14,1.0958200044129961e-13,3.374111362803913e-12
0,7-scenes-redkitchen,0,7,3DLoMatch,baseline,float64,3,fine_RI,7.111129391845592e-14,nan,nan,nan
0,7-scenes-redkitchen,0,7,3DLoMatch,baseline,float64,3,coarse_RI,1.2255114180475963e-13,nan,nan,nan
1,7-scenes-redkitchen,4,29,3DLoMatch,baseline,float64,0,S2,7.255714332598094e-14,2.8280393588139835e-14,1.2370839310020337e-13,1.92269692843789e-12
1,7-scenes-redkitchen,4,29,3DLoMatch,baseline,float64,0,S3,6.767149436812506e-14,3.6604566101408935e-14,1.294413816079688e-13,6.185066409838151e-13
1,7-scenes-redkitchen,4,29,3DLoMatch,baseline,float64,0,S4_pre_context,5.943097520347895e-14,3.696288237893978e-14,1.1445054957613304e-13,3.469519675643131e-13
1,7-scenes-redkitchen,4,29,3DLoMatch,baseline,float64,0,S4_post_context,5.943097520347895e-14,3.696288237893978e-14,1.1445054957613304e-13,3.469519675643131e-13
1,7-scenes-redkitchen,4,29,3DLoMatch,baseline,float64,0,D3,5.492456312070976e-14,2.3527616667080896e-14,7.293565649700168e-14,1.7257507494136673e-12
1,7-scenes-redkitchen,4,29,3DLoMatch,baseline,float64,0,D2_pre_context,6.929997674686471e-14,2.4142245212501954e-14,7.942463192451654e-14,2.0474919631894632e-12
1,7-scenes-redkitchen,4,29,3DLoMatch,baseline,float64,0,D2_post_context,6.929997674686471e-14,2.4142245212501954e-14,7.942463192451654e-14,2.0474919631894632e-12
1,7-scenes-redkitchen,4,29,3DLoMatch,baseline,float64,0,final_RE,3.268167041302064e-14,1.2693226148207054e-14,7.072587918449594e-14,1.2702812560016084e-12
1,7-scenes-redkitchen,4,29,3DLoMatch,baseline,float64,0,fine_RI,5.734366266378456e-14,nan,nan,nan
1,7-scenes-redkitchen,4,29,3DLoMatch,baseline,float64,0,coarse_RI,6.183092612632236e-14,nan,nan,nan
1,7-scenes-redkitchen,4,29,3DLoMatch,baseline,float64,1,S2,7.085685866263319e-14,2.901227938398203e-14,1.230408628498633e-13,2.019073361289331e-12
1,7-scenes-redkitchen,4,29,3DLoMatch,baseline,float64,1,S3,6.44455983249836e-14,3.8128247605084856e-14,1.1801720540637593e-13,7.245174486289222e-13
1,7-scenes-redkitchen,4,29,3DLoMatch,baseline,float64,1,S4_pre_context,5.147865176447942e-14,3.7200122515650807e-14,9.242276554259657e-14,2.058659622586044e-13
1,7-scenes-redkitchen,4,29,3DLoMatch,baseline,float64,1,S4_post_context,5.147865176447942e-14,3.7200122515650807e-14,9.242276554259657e-14,2.058659622586044e-13
1,7-scenes-redkitchen,4,29,3DLoMatch,baseline,float64,1,D3,4.857116189924781e-14,2.471610672162538e-14,6.414458030694863e-14,1.4255253178833916e-12
1,7-scenes-redkitchen,4,29,3DLoMatch,baseline,float64,1,D2_pre_context,6.454961302964751e-14,2.5004920755551915e-14,7.603813685725688e-14,1.832115481056139e-12
1,7-scenes-redkitchen,4,29,3DLoMatch,baseline,float64,1,D2_post_context,6.454961302964751e-14,2.5004920755551915e-14,7.603813685725688e-14,1.832115481056139e-12
1,7-scenes-redkitchen,4,29,3DLoMatch,baseline,float64,1,final_RE,2.5737611681030597e-14,1.3198105236257764e-14,6.906010979965124e-14,8.521960610497686e-13
1,7-scenes-redkitchen,4,29,3DLoMatch,baseline,float64,1,fine_RI,5.227286267962897e-14,nan,nan,nan
1,7-scenes-redkitchen,4,29,3DLoMatch,baseline,float64,1,coarse_RI,5.730540434055344e-14,nan,nan,nan
1,7-scenes-redkitchen,4,29,3DLoMatch,baseline,float64,2,S2,6.794805456457043e-14,2.8998785850501916e-14,1.2502461917478774e-13,1.4249344680958231e-12
1,7-scenes-redkitchen,4,29,3DLoMatch,baseline,float64,2,S3,6.204767332168408e-14,3.6558043169760314e-14,1.1705165427112625e-13,4.3937344629716077e-13
1,7-scenes-redkitchen,4,29,3DLoMatch,baseline,float64,2,S4_pre_context,5.3211877558821137e-14,3.604985306003889e-14,9.794688686527181e-14,2.3879448492991445e-13
1,7-scenes-redkitchen,4,29,3DLoMatch,baseline,float64,2,S4_post_context,5.3211877558821137e-14,3.604985306003889e-14,9.794688686527181e-14,2.3879448492991445e-13
1,7-scenes-redkitchen,4,29,3DLoMatch,baseline,float64,2,D3,5.470769266210279e-14,2.299788900148756e-14,6.469561166776556e-14,1.865133604509441e-12
1,7-scenes-redkitchen,4,29,3DLoMatch,baseline,float64,2,D2_pre_context,6.730174512580666e-14,2.391850420255825e-14,7.407875123590554e-14,2.042567936143304e-12
1,7-scenes-redkitchen,4,29,3DLoMatch,baseline,float64,2,D2_post_context,6.730174512580666e-14,2.391850420255825e-14,7.407875123590554e-14,2.042567936143304e-12
1,7-scenes-redkitchen,4,29,3DLoMatch,baseline,float64,2,final_RE,3.4385657549886366e-14,1.2540532728986815e-14,6.993891473414487e-14,1.5135876640993988e-12
1,7-scenes-redkitchen,4,29,3DLoMatch,baseline,float64,2,fine_RI,5.6518874763880485e-14,nan,nan,nan
1,7-scenes-redkitchen,4,29,3DLoMatch,baseline,float64,2,coarse_RI,5.26929938230193e-14,nan,nan,nan
1,7-scenes-redkitchen,4,29,3DLoMatch,baseline,float64,3,S2,9.474110498610565e-14,2.9172527004974175e-14,1.4289726027241413e-13,3.699579082465901e-12
1,7-scenes-redkitchen,4,29,3DLoMatch,baseline,float64,3,S3,7.450995243268145e-14,3.833528658806224e-14,1.4988171336829778e-13,4.721762345732049e-13
1,7-scenes-redkitchen,4,29,3DLoMatch,baseline,float64,3,S4_pre_context,6.329828581149118e-14,3.709201236608984e-14,1.23763100752919e-13,2.8332474397213087e-13
1,7-scenes-redkitchen,4,29,3DLoMatch,baseline,float64,3,S4_post_context,6.329828581149118e-14,3.709201236608984e-14,1.23763100752919e-13,2.8332474397213087e-13
1,7-scenes-redkitchen,4,29,3DLoMatch,baseline,float64,3,D3,5.722140755904203e-14,2.4307882926647973e-14,7.941716401034538e-14,1.7620619550913667e-12
1,7-scenes-redkitchen,4,29,3DLoMatch,baseline,float64,3,D2_pre_context,7.047335166599327e-14,2.5531792882122735e-14,8.805328860393515e-14,1.9479456038503927e-12
1,7-scenes-redkitchen,4,29,3DLoMatch,baseline,float64,3,D2_post_context,7.047335166599327e-14,2.5531792882122735e-14,8.805328860393515e-14,1.9479456038503927e-12
1,7-scenes-redkitchen,4,29,3DLoMatch,baseline,float64,3,final_RE,3.8066366503627545e-14,1.3606253508616053e-14,7.9071867057579e-14,1.5983286957257713e-12
1,7-scenes-redkitchen,4,29,3DLoMatch,baseline,float64,3,fine_RI,5.774530329756148e-14,nan,nan,nan
1,7-scenes-redkitchen,4,29,3DLoMatch,baseline,float64,3,coarse_RI,6.07558544520007e-14,nan,nan,nan
2,7-scenes-redkitchen,8,38,3DLoMatch,baseline,float64,0,S2,2.235044342252681e-12,3.378073230167065e-14,1.599093132367548e-13,1.8956590767545366e-10
2,7-scenes-redkitchen,8,38,3DLoMatch,baseline,float64,0,S3,8.855354943824043e-13,4.563586893947491e-14,3.2110293645787803e-13,1.731856604005184e-11
2,7-scenes-redkitchen,8,38,3DLoMatch,baseline,float64,0,S4_pre_context,7.762211942234514e-13,5.0247231962825965e-14,1.231323028393344e-12,1.1907557539871194e-11
2,7-scenes-redkitchen,8,38,3DLoMatch,baseline,float64,0,S4_post_context,7.762211942234514e-13,5.0247231962825965e-14,1.231323028393344e-12,1.1907557539871194e-11
2,7-scenes-redkitchen,8,38,3DLoMatch,baseline,float64,0,D3,4.551611211806725e-13,3.2227367396577706e-14,8.320821123541779e-13,6.326180580957781e-12
2,7-scenes-redkitchen,8,38,3DLoMatch,baseline,float64,0,D2_pre_context,7.404956045383953e-13,3.22833008689664e-14,7.663499721331488e-13,4.46175986211268e-11
2,7-scenes-redkitchen,8,38,3DLoMatch,baseline,float64,0,D2_post_context,7.404956045383953e-13,3.22833008689664e-14,7.663499721331488e-13,4.46175986211268e-11
2,7-scenes-redkitchen,8,38,3DLoMatch,baseline,float64,0,final_RE,2.963792210610326e-13,1.999758359789962e-14,4.185377988056863e-13,1.0969605166986732e-11
2,7-scenes-redkitchen,8,38,3DLoMatch,baseline,float64,0,fine_RI,5.38625673030131e-13,nan,nan,nan
2,7-scenes-redkitchen,8,38,3DLoMatch,baseline,float64,0,coarse_RI,6.967886442018273e-13,nan,nan,nan
2,7-scenes-redkitchen,8,38,3DLoMatch,baseline,float64,1,S2,7.414075242919769e-13,3.256579077623799e-14,1.6322468998719714e-13,5.778738907868836e-11
2,7-scenes-redkitchen,8,38,3DLoMatch,baseline,float64,1,S3,4.1768902884175327e-13,4.112699662743618e-14,2.5511158373602904e-13,6.618309773898578e-12
2,7-scenes-redkitchen,8,38,3DLoMatch,baseline,float64,1,S4_pre_context,3.38744626895952e-13,4.551180241276804e-14,5.768730624610225e-13,3.6074238807142588e-12
2,7-scenes-redkitchen,8,38,3DLoMatch,baseline,float64,1,S4_post_context,3.38744626895952e-13,4.551180241276804e-14,5.768730624610225e-13,3.6074238807142588e-12
2,7-scenes-redkitchen,8,38,3DLoMatch,baseline,float64,1,D3,2.2757728872650243e-13,2.969692964825535e-14,3.8785390557989666e-13,3.6042423333657535e-12
2,7-scenes-redkitchen,8,38,3DLoMatch,baseline,float64,1,D2_pre_context,3.0656495132998777e-13,3.078515341424185e-14,3.343593038372708e-13,1.5405575407623322e-11
2,7-scenes-redkitchen,8,38,3DLoMatch,baseline,float64,1,D2_post_context,3.0656495132998777e-13,3.078515341424185e-14,3.343593038372708e-13,1.5405575407623322e-11
2,7-scenes-redkitchen,8,38,3DLoMatch,baseline,float64,1,final_RE,1.6369974988926713e-13,1.9304831494431805e-14,2.1219933268350543e-13,7.213799259771984e-12
2,7-scenes-redkitchen,8,38,3DLoMatch,baseline,float64,1,fine_RI,2.3276128364705303e-13,nan,nan,nan
2,7-scenes-redkitchen,8,38,3DLoMatch,baseline,float64,1,coarse_RI,3.1473704122957455e-13,nan,nan,nan
2,7-scenes-redkitchen,8,38,3DLoMatch,baseline,float64,2,S2,2.467904100034004e-12,3.283842520102637e-14,1.7298516814938687e-13,1.9192600236153095e-10
2,7-scenes-redkitchen,8,38,3DLoMatch,baseline,float64,2,S3,1.4254628530687032e-12,4.374378806822073e-14,4.333662642930251e-13,2.6051392736678693e-11
2,7-scenes-redkitchen,8,38,3DLoMatch,baseline,float64,2,S4_pre_context,1.1093819530569314e-12,4.944416821576923e-14,1.8004322144136344e-12,1.0853065259715804e-11
2,7-scenes-redkitchen,8,38,3DLoMatch,baseline,float64,2,S4_post_context,1.1093819530569314e-12,4.944416821576923e-14,1.8004322144136344e-12,1.0853065259715804e-11
2,7-scenes-redkitchen,8,38,3DLoMatch,baseline,float64,2,D3,7.23373067314808e-13,3.183094370692204e-14,1.1533186623525425e-12,9.596954057942237e-12
2,7-scenes-redkitchen,8,38,3DLoMatch,baseline,float64,2,D2_pre_context,1.0174056691764653e-12,3.1134850070524076e-14,8.719553711327803e-13,5.665497083446646e-11
2,7-scenes-redkitchen,8,38,3DLoMatch,baseline,float64,2,D2_post_context,1.0174056691764653e-12,3.1134850070524076e-14,8.719553711327803e-13,5.665497083446646e-11
2,7-scenes-redkitchen,8,38,3DLoMatch,baseline,float64,2,final_RE,4.969485804719065e-13,1.9812832648386192e-14,5.000451184676911e-13,1.94394936684056e-11
2,7-scenes-redkitchen,8,38,3DLoMatch,baseline,float64,2,fine_RI,7.642382068326945e-13,nan,nan,nan
2,7-scenes-redkitchen,8,38,3DLoMatch,baseline,float64,2,coarse_RI,1.0070108850740455e-12,nan,nan,nan
2,7-scenes-redkitchen,8,38,3DLoMatch,baseline,float64,3,S2,2.2821010415028178e-12,3.3023055931665915e-14,1.5117025886979808e-13,1.7891177397067116e-10
2,7-scenes-redkitchen,8,38,3DLoMatch,baseline,float64,3,S3,1.274368546299834e-12,4.383724644062493e-14,3.8494037669628227e-13,2.1187253360832883e-11
2,7-scenes-redkitchen,8,38,3DLoMatch,baseline,float64,3,S4_pre_context,1.0487916378215115e-12,4.5825317089691866e-14,1.7926476931791187e-12,1.2252566996633396e-11
2,7-scenes-redkitchen,8,38,3DLoMatch,baseline,float64,3,S4_post_context,1.0487916378215115e-12,4.5825317089691866e-14,1.7926476931791187e-12,1.2252566996633396e-11
2,7-scenes-redkitchen,8,38,3DLoMatch,baseline,float64,3,D3,6.891767782048567e-13,2.9789353496432334e-14,1.2052964057601254e-12,1.0196612107665504e-11
2,7-scenes-redkitchen,8,38,3DLoMatch,baseline,float64,3,D2_pre_context,9.238913320190156e-13,2.879398108562258e-14,1.0523570012231883e-12,4.288882180869693e-11
2,7-scenes-redkitchen,8,38,3DLoMatch,baseline,float64,3,D2_post_context,9.238913320190156e-13,2.879398108562258e-14,1.0523570012231883e-12,4.288882180869693e-11
2,7-scenes-redkitchen,8,38,3DLoMatch,baseline,float64,3,final_RE,4.841483918692014e-13,1.7833346122177188e-14,5.932576445820658e-13,1.970426740641623e-11
2,7-scenes-redkitchen,8,38,3DLoMatch,baseline,float64,3,fine_RI,7.038313766577765e-13,nan,nan,nan
2,7-scenes-redkitchen,8,38,3DLoMatch,baseline,float64,3,coarse_RI,9.716720230525856e-13,nan,nan,nan
3,7-scenes-redkitchen,12,32,3DLoMatch,baseline,float64,0,S2,9.593713642667856e-14,3.526556408896812e-14,1.7922176874400274e-13,1.5309304269710622e-12
3,7-scenes-redkitchen,12,32,3DLoMatch,baseline,float64,0,S3,1.1252198498754625e-13,5.16024894498416e-14,2.2441996226063117e-13,1.6946846942712717e-12
3,7-scenes-redkitchen,12,32,3DLoMatch,baseline,float64,0,S4_pre_context,9.474844667054855e-14,5.4635469488878544e-14,1.8525892272118213e-13,3.8148487319239154e-13
3,7-scenes-redkitchen,12,32,3DLoMatch,baseline,float64,0,S4_post_context,9.474844667054855e-14,5.4635469488878544e-14,1.8525892272118213e-13,3.8148487319239154e-13
3,7-scenes-redkitchen,12,32,3DLoMatch,baseline,float64,0,D3,7.993988036543078e-14,3.628592859766063e-14,1.6241044383104387e-13,7.558083310971626e-13
3,7-scenes-redkitchen,12,32,3DLoMatch,baseline,float64,0,D2_pre_context,9.175415901076344e-14,3.5273424140992434e-14,1.6432906529020065e-13,1.8947943224651647e-12
3,7-scenes-redkitchen,12,32,3DLoMatch,baseline,float64,0,D2_post_context,9.175415901076344e-14,3.5273424140992434e-14,1.6432906529020065e-13,1.8947943224651647e-12
3,7-scenes-redkitchen,12,32,3DLoMatch,baseline,float64,0,final_RE,7.094371814345901e-14,2.0745361273271814e-14,1.954659434303133e-13,1.13240444618856e-11
3,7-scenes-redkitchen,12,32,3DLoMatch,baseline,float64,0,fine_RI,9.243498118618717e-14,nan,nan,nan
3,7-scenes-redkitchen,12,32,3DLoMatch,baseline,float64,0,coarse_RI,9.871700228473501e-14,nan,nan,nan
3,7-scenes-redkitchen,12,32,3DLoMatch,baseline,float64,1,S2,1.3102915271906123e-13,3.654683049041474e-14,2.2420010291757666e-13,4.6961026084750175e-12
3,7-scenes-redkitchen,12,32,3DLoMatch,baseline,float64,1,S3,1.3740472488028656e-13,5.828309909338502e-14,2.9649115808595523e-13,1.074844379846152e-12
3,7-scenes-redkitchen,12,32,3DLoMatch,baseline,float64,1,S4_pre_context,1.2786760378345096e-13,6.437815957172562e-14,2.6155262367352206e-13,5.992725078914403e-13
3,7-scenes-redkitchen,12,32,3DLoMatch,baseline,float64,1,S4_post_context,1.2786760378345096e-13,6.437815957172562e-14,2.6155262367352206e-13,5.992725078914403e-13
3,7-scenes-redkitchen,12,32,3DLoMatch,baseline,float64,1,D3,1.1220589689734792e-13,4.153407372488357e-14,2.3413044439475557e-13,1.0291166249831598e-12
3,7-scenes-redkitchen,12,32,3DLoMatch,baseline,float64,1,D2_pre_context,1.6709010080020362e-13,4.040372110381632e-14,2.5648668917606594e-13,7.94366704171021e-12
3,7-scenes-redkitchen,12,32,3DLoMatch,baseline,float64,1,D2_post_context,1.6709010080020362e-13,4.040372110381632e-14,2.5648668917606594e-13,7.94366704171021e-12
3,7-scenes-redkitchen,12,32,3DLoMatch,baseline,float64,1,final_RE,1.1276385633027467e-13,2.6251811888952404e-14,2.688657679767763e-13,4.0856202332377e-11
3,7-scenes-redkitchen,12,32,3DLoMatch,baseline,float64,1,fine_RI,1.2209718395178306e-13,nan,nan,nan
3,7-scenes-redkitchen,12,32,3DLoMatch,baseline,float64,1,coarse_RI,1.4219499729783604e-13,nan,nan,nan
3,7-scenes-redkitchen,12,32,3DLoMatch,baseline,float64,2,S2,1.2586630387153023e-13,3.54493540474266e-14,2.1249406156590607e-13,5.308436008463882e-12
3,7-scenes-redkitchen,12,32,3DLoMatch,baseline,float64,2,S3,1.2256868300579313e-13,5.341602469305856e-14,2.7480514411765547e-13,1.2288321792307731e-12
3,7-scenes-redkitchen,12,32,3DLoMatch,baseline,float64,2,S4_pre_context,1.0741412856120628e-13,6.123014925896511e-14,2.298835075179228e-13,4.3259916282980416e-13
3,7-scenes-redkitchen,12,32,3DLoMatch,baseline,float64,2,S4_post_context,1.0741412856120628e-13,6.123014925896511e-14,2.298835075179228e-13,4.3259916282980416e-13
3,7-scenes-redkitchen,12,32,3DLoMatch,baseline,float64,2,D3,8.79813520070396e-14,3.818762926415952e-14,1.847247998975338e-13,8.241269706266691e-13
3,7-scenes-redkitchen,12,32,3DLoMatch,baseline,float64,2,D2_pre_context,1.24120969094796e-13,3.817545813928346e-14,1.8424429495098384e-13,6.915576345217473e-12
3,7-scenes-redkitchen,12,32,3DLoMatch,baseline,float64,2,D2_post_context,1.24120969094796e-13,3.817545813928346e-14,1.8424429495098384e-13,6.915576345217473e-12
3,7-scenes-redkitchen,12,32,3DLoMatch,baseline,float64,2,final_RE,8.852033396888903e-14,2.376663603882339e-14,2.2091644298494659e-13,6.345956827354615e-12
3,7-scenes-redkitchen,12,32,3DLoMatch,baseline,float64,2,fine_RI,1.0030106802729205e-13,nan,nan,nan
3,7-scenes-redkitchen,12,32,3DLoMatch,baseline,float64,2,coarse_RI,1.0662067581874608e-13,nan,nan,nan
3,7-scenes-redkitchen,12,32,3DLoMatch,baseline,float64,3,S2,1.4260659117290387e-13,3.707147177395383e-14,2.3888896053202657e-13,6.132866911752638e-12
3,7-scenes-redkitchen,12,32,3DLoMatch,baseline,float64,3,S3,1.6125665734336225e-13,5.4984206009455996e-14,3.388093622831165e-13,2.55633965930847e-12
3,7-scenes-redkitchen,12,32,3DLoMatch,baseline,float64,3,S4_pre_context,1.390043070998689e-13,6.517930519289345e-14,2.923779791959908e-13,5.501295157120556e-13
3,7-scenes-redkitchen,12,32,3DLoMatch,baseline,float64,3,S4_post_context,1.390043070998689e-13,6.517930519289345e-14,2.923779791959908e-13,5.501295157120556e-13
3,7-scenes-redkitchen,12,32,3DLoMatch,baseline,float64,3,D3,1.1298862628664641e-13,4.3243357010197986e-14,2.4372125938295224e-13,8.82859706058484e-13
3,7-scenes-redkitchen,12,32,3DLoMatch,baseline,float64,3,D2_pre_context,1.5883347547773762e-13,4.217140121417352e-14,2.3612069228585907e-13,8.688440083548104e-12
3,7-scenes-redkitchen,12,32,3DLoMatch,baseline,float64,3,D2_post_context,1.5883347547773762e-13,4.217140121417352e-14,2.3612069228585907e-13,8.688440083548104e-12
3,7-scenes-redkitchen,12,32,3DLoMatch,baseline,float64,3,final_RE,1.1282417297874333e-13,2.529247645154798e-14,2.893235000104017e-13,1.1553850253180522e-11
3,7-scenes-redkitchen,12,32,3DLoMatch,baseline,float64,3,fine_RI,1.1889943345979597e-13,nan,nan,nan
3,7-scenes-redkitchen,12,32,3DLoMatch,baseline,float64,3,coarse_RI,1.403279245643279e-13,nan,nan,nan
4,7-scenes-redkitchen,18,47,3DLoMatch,baseline,float64,0,S2,7.316628060553197e-14,2.6772985768517913e-14,1.1417427706265415e-13,2.8634443465488763e-12
4,7-scenes-redkitchen,18,47,3DLoMatch,baseline,float64,0,S3,7.06369421145909e-14,3.6458185269461413e-14,1.320986663380479e-13,7.234344929844474e-13
4,7-scenes-redkitchen,18,47,3DLoMatch,baseline,float64,0,S4_pre_context,5.917683612887839e-14,3.5773813789659684e-14,9.613104517048968e-14,4.1091711556744807e-13
4,7-scenes-redkitchen,18,47,3DLoMatch,baseline,float64,0,S4_post_context,5.917683612887839e-14,3.5773813789659684e-14,9.613104517048968e-14,4.1091711556744807e-13
4,7-scenes-redkitchen,18,47,3DLoMatch,baseline,float64,0,D3,4.155454670862075e-14,2.3004028659366387e-14,7.107937958319381e-14,3.6094234270205255e-13
4,7-scenes-redkitchen,18,47,3DLoMatch,baseline,float64,0,D2_pre_context,4.242481930689398e-14,2.316936554388206e-14,7.679562801680903e-14,8.022942505121314e-13
4,7-scenes-redkitchen,18,47,3DLoMatch,baseline,float64,0,D2_post_context,4.242481930689398e-14,2.316936554388206e-14,7.679562801680903e-14,8.022942505121314e-13
4,7-scenes-redkitchen,18,47,3DLoMatch,baseline,float64,0,final_RE,3.070931349403392e-14,1.346813733459225e-14,7.84890843533845e-14,1.3003589053807306e-12
4,7-scenes-redkitchen,18,47,3DLoMatch,baseline,float64,0,fine_RI,3.2019693274084134e-14,nan,nan,nan
4,7-scenes-redkitchen,18,47,3DLoMatch,baseline,float64,0,coarse_RI,5.2744863663966824e-14,nan,nan,nan
4,7-scenes-redkitchen,18,47,3DLoMatch,baseline,float64,1,S2,6.713786710898741e-14,2.595516685416566e-14,1.0158345366732753e-13,2.769611769930389e-12
4,7-scenes-redkitchen,18,47,3DLoMatch,baseline,float64,1,S3,6.621618057567256e-14,3.54382938741056e-14,1.1972044647693268e-13,7.4685212257918e-13
4,7-scenes-redkitchen,18,47,3DLoMatch,baseline,float64,1,S4_pre_context,5.6721842101253825e-14,3.769500192456917e-14,9.83111127159858e-14,3.424122658235293e-13
4,7-scenes-redkitchen,18,47,3DLoMatch,baseline,float64,1,S4_post_context,5.6721842101253825e-14,3.769500192456917e-14,9.83111127159858e-14,3.424122658235293e-13
4,7-scenes-redkitchen,18,47,3DLoMatch,baseline,float64,1,D3,4.253072774317579e-14,2.4964347642921564e-14,7.825756816719693e-14,3.7619750965257764e-13
4,7-scenes-redkitchen,18,47,3DLoMatch,baseline,float64,1,D2_pre_context,4.219129629484035e-14,2.4826022564489492e-14,7.455966065624964e-14,7.425194825737249e-13
4,7-scenes-redkitchen,18,47,3DLoMatch,baseline,float64,1,D2_post_context,4.219129629484035e-14,2.4826022564489492e-14,7.455966065624964e-14,7.425194825737249e-13
4,7-scenes-redkitchen,18,47,3DLoMatch,baseline,float64,1,final_RE,2.9781060209759735e-14,1.446914840793691e-14,7.695689650254396e-14,5.876311917790581e-13
4,7-scenes-redkitchen,18,47,3DLoMatch,baseline,float64,1,fine_RI,3.3197284930672344e-14,nan,nan,nan
4,7-scenes-redkitchen,18,47,3DLoMatch,baseline,float64,1,coarse_RI,5.545364776301159e-14,nan,nan,nan
4,7-scenes-redkitchen,18,47,3DLoMatch,baseline,float64,2,S2,5.999756971512043e-14,2.6499979053985764e-14,1.1146259909845837e-13,1.3593127962992987e-12
4,7-scenes-redkitchen,18,47,3DLoMatch,baseline,float64,2,S3,6.377690832412867e-14,3.462303305090788e-14,1.288805201697632e-13,5.251152640314161e-13
4,7-scenes-redkitchen,18,47,3DLoMatch,baseline,float64,2,S4_pre_context,5.4977495371160867e-14,3.5402250613505656e-14,1.0917326230527559e-13,2.4405157718954244e-13
4,7-scenes-redkitchen,18,47,3DLoMatch,baseline,float64,2,S4_post_context,5.4977495371160867e-14,3.5402250613505656e-14,1.0917326230527559e-13,2.4405157718954244e-13
4,7-scenes-redkitchen,18,47,3DLoMatch,baseline,float64,2,D3,4.324221324523456e-14,2.3484055292524063e-14,7.480784596305683e-14,6.661994009655032e-13
4,7-scenes-redkitchen,18,47,3DLoMatch,baseline,float64,2,D2_pre_context,4.2729424075525e-14,2.35572616051989e-14,7.533408103404858e-14,1.0013846930657942e-12
4,7-scenes-redkitchen,18,47,3DLoMatch,baseline,float64,2,D2_post_context,4.2729424075525e-14,2.35572616051989e-14,7.533408103404858e-14,1.0013846930657942e-12
4,7-scenes-redkitchen,18,47,3DLoMatch,baseline,float64,2,final_RE,2.917283783433033e-14,1.3731202652835584e-14,8.436973196177074e-14,8.955423377796704e-13
4,7-scenes-redkitchen,18,47,3DLoMatch,baseline,float64,2,fine_RI,3.4630076518704285e-14,nan,nan,nan
4,7-scenes-redkitchen,18,47,3DLoMatch,baseline,float64,2,coarse_RI,5.03026132960589e-14,nan,nan,nan
4,7-scenes-redkitchen,18,47,3DLoMatch,baseline,float64,3,S2,6.776437209565319e-14,2.4917512121612352e-14,9.113579261106875e-14,2.279375060131172e-12
4,7-scenes-redkitchen,18,47,3DLoMatch,baseline,float64,3,S3,6.682134313484877e-14,3.238029110340342e-14,1.1161062337823502e-13,6.387158823865673e-13
4,7-scenes-redkitchen,18,47,3DLoMatch,baseline,float64,3,S4_pre_context,5.994129351793168e-14,3.299752158908269e-14,9.656985957871615e-14,3.723532752274248e-13
4,7-scenes-redkitchen,18,47,3DLoMatch,baseline,float64,3,S4_post_context,5.994129351793168e-14,3.299752158908269e-14,9.656985957871615e-14,3.723532752274248e-13
4,7-scenes-redkitchen,18,47,3DLoMatch,baseline,float64,3,D3,4.412699109661148e-14,2.2210983223576762e-14,7.32495802617429e-14,3.9581731361597826e-13
4,7-scenes-redkitchen,18,47,3DLoMatch,baseline,float64,3,D2_pre_context,4.3133233166569425e-14,2.1838696207197163e-14,7.175077602169343e-14,5.460888117610052e-13
4,7-scenes-redkitchen,18,47,3DLoMatch,baseline,float64,3,D2_post_context,4.3133233166569425e-14,2.1838696207197163e-14,7.175077602169343e-14,5.460888117610052e-13
4,7-scenes-redkitchen,18,47,3DLoMatch,baseline,float64,3,final_RE,3.4013366656555936e-14,1.2968872698165152e-14,7.40600483113721e-14,1.510010976887847e-12
4,7-scenes-redkitchen,18,47,3DLoMatch,baseline,float64,3,fine_RI,3.3226141699349895e-14,nan,nan,nan
4,7-scenes-redkitchen,18,47,3DLoMatch,baseline,float64,3,coarse_RI,5.620761320891574e-14,nan,nan,nan
5,7-scenes-redkitchen,24,57,3DLoMatch,baseline,float64,0,S2,8.795340667236855e-14,3.6562162721025456e-14,1.5808314501862154e-13,1.833897576990802e-12
5,7-scenes-redkitchen,24,57,3DLoMatch,baseline,float64,0,S3,9.362786127563198e-14,5.0874385389680375e-14,1.7740781094344478e-13,1.217859714014924e-12
5,7-scenes-redkitchen,24,57,3DLoMatch,baseline,float64,0,S4_pre_context,8.010282357262648e-14,4.831751941803559e-14,1.5694713445520687e-13,7.039756364373729e-13
5,7-scenes-redkitchen,24,57,3DLoMatch,baseline,float64,0,S4_post_context,8.010282357262648e-14,4.831751941803559e-14,1.5694713445520687e-13,7.039756364373729e-13
5,7-scenes-redkitchen,24,57,3DLoMatch,baseline,float64,0,D3,6.671542795194317e-14,3.0512546806048174e-14,1.1817097642289623e-13,1.2959836352766241e-12
5,7-scenes-redkitchen,24,57,3DLoMatch,baseline,float64,0,D2_pre_context,5.839644757451297e-14,3.088525035306843e-14,1.1047987412993234e-13,7.887540137222219e-13
5,7-scenes-redkitchen,24,57,3DLoMatch,baseline,float64,0,D2_post_context,5.839644757451297e-14,3.088525035306843e-14,1.1047987412993234e-13,7.887540137222219e-13
5,7-scenes-redkitchen,24,57,3DLoMatch,baseline,float64,0,final_RE,5.0522339678069125e-14,1.9378830210253665e-14,1.5759314410635067e-13,3.040894543294532e-12
5,7-scenes-redkitchen,24,57,3DLoMatch,baseline,float64,0,fine_RI,4.260690761291053e-14,nan,nan,nan
5,7-scenes-redkitchen,24,57,3DLoMatch,baseline,float64,0,coarse_RI,7.78572698612594e-14,nan,nan,nan
5,7-scenes-redkitchen,24,57,3DLoMatch,baseline,float64,1,S2,8.131732019136181e-14,3.502749932759584e-14,1.5252321194417944e-13,1.3323653103125631e-12
5,7-scenes-redkitchen,24,57,3DLoMatch,baseline,float64,1,S3,9.399239714013659e-14,4.68887542379661e-14,1.6725263826874917e-13,1.3118838433403708e-12
5,7-scenes-redkitchen,24,57,3DLoMatch,baseline,float64,1,S4_pre_context,7.218127085907716e-14,4.270953200208904e-14,1.3785001645826357e-13,3.342677500602429e-13
5,7-scenes-redkitchen,24,57,3DLoMatch,baseline,float64,1,S4_post_context,7.218127085907716e-14,4.270953200208904e-14,1.3785001645826357e-13,3.342677500602429e-13
5,7-scenes-redkitchen,24,57,3DLoMatch,baseline,float64,1,D3,5.725049778439516e-14,2.6800394165044382e-14,1.1847331019919475e-13,4.999495339935342e-13
5,7-scenes-redkitchen,24,57,3DLoMatch,baseline,float64,1,D2_pre_context,5.192455129644598e-14,2.8436023005949866e-14,1.0016082943507486e-13,4.903665402105552e-13
5,7-scenes-redkitchen,24,57,3DLoMatch,baseline,float64,1,D2_post_context,5.192455129644598e-14,2.8436023005949866e-14,1.0016082943507486e-13,4.903665402105552e-13
5,7-scenes-redkitchen,24,57,3DLoMatch,baseline,float64,1,final_RE,4.326960629782526e-14,1.7093475155084613e-14,1.3569762471267965e-13,3.549679109093449e-12
5,7-scenes-redkitchen,24,57,3DLoMatch,baseline,float64,1,fine_RI,3.830147757086135e-14,nan,nan,nan
5,7-scenes-redkitchen,24,57,3DLoMatch,baseline,float64,1,coarse_RI,7.205364893948409e-14,nan,nan,nan
5,7-scenes-redkitchen,24,57,3DLoMatch,baseline,float64,2,S2,8.611688703527014e-14,3.6405962731956204e-14,1.5825702558258498e-13,1.9972716886816443e-12
5,7-scenes-redkitchen,24,57,3DLoMatch,baseline,float64,2,S3,9.435319518991209e-14,4.762728269403318e-14,1.8017921664977156e-13,1.1963182665385162e-12
5,7-scenes-redkitchen,24,57,3DLoMatch,baseline,float64,2,S4_pre_context,8.712131280391048e-14,4.258303114498947e-14,1.5605645395513516e-13,1.0117767975497044e-12
5,7-scenes-redkitchen,24,57,3DLoMatch,baseline,float64,2,S4_post_context,8.712131280391048e-14,4.258303114498947e-14,1.5605645395513516e-13,1.0117767975497044e-12
5,7-scenes-redkitchen,24,57,3DLoMatch,baseline,float64,2,D3,6.638705720224316e-14,2.775403694732519e-14,1.2154935970106464e-13,6.905100018417028e-13
5,7-scenes-redkitchen,24,57,3DLoMatch,baseline,float64,2,D2_pre_context,5.969556083155825e-14,2.916528226388961e-14,1.0456096258489677e-13,7.746369658462601e-13
5,7-scenes-redkitchen,24,57,3DLoMatch,baseline,float64,2,D2_post_context,5.969556083155825e-14,2.916528226388961e-14,1.0456096258489677e-13,7.746369658462601e-13
5,7-scenes-redkitchen,24,57,3DLoMatch,baseline,float64,2,final_RE,5.3647795160713184e-14,1.737224813662903e-14,1.5494413100011298e-13,4.1532830634801755e-12
5,7-scenes-redkitchen,24,57,3DLoMatch,baseline,float64,2,fine_RI,4.1827203464517824e-14,nan,nan,nan
5,7-scenes-redkitchen,24,57,3DLoMatch,baseline,float64,2,coarse_RI,7.764465015084648e-14,nan,nan,nan
5,7-scenes-redkitchen,24,57,3DLoMatch,baseline,float64,3,S2,8.32238673714411e-14,3.505987705645852e-14,1.5819799326698643e-13,1.4284107682895627e-12
5,7-scenes-redkitchen,24,57,3DLoMatch,baseline,float64,3,S3,8.495709944106037e-14,4.5035740708945736e-14,1.616397894243504e-13,8.955680774423273e-13
5,7-scenes-redkitchen,24,57,3DLoMatch,baseline,float64,3,S4_pre_context,6.894479774491105e-14,3.966389156200376e-14,1.3989812044091597e-13,2.530005493852315e-13
5,7-scenes-redkitchen,24,57,3DLoMatch,baseline,float64,3,S4_post_context,6.894479774491105e-14,3.966389156200376e-14,1.3989812044091597e-13,2.530005493852315e-13
5,7-scenes-redkitchen,24,57,3DLoMatch,baseline,float64,3,D3,5.2704580938701615e-14,2.577077927319816e-14,1.1196098562103969e-13,3.177210375847028e-13
5,7-scenes-redkitchen,24,57,3DLoMatch,baseline,float64,3,D2_pre_context,4.947984007233705e-14,2.820627420326071e-14,9.653743278384054e-14,3.950049695236269e-13
5,7-scenes-redkitchen,24,57,3DLoMatch,baseline,float64,3,D2_post_context,4.947984007233705e-14,2.820627420326071e-14,9.653743278384054e-14,3.950049695236269e-13
5,7-scenes-redkitchen,24,57,3DLoMatch,baseline,float64,3,final_RE,4.029290483000209e-14,1.7569900237327608e-14,1.377592688498122e-13,2.0051589542865e-12
5,7-scenes-redkitchen,24,57,3DLoMatch,baseline,float64,3,fine_RI,3.607893879399349e-14,nan,nan,nan
5,7-scenes-redkitchen,24,57,3DLoMatch,baseline,float64,3,coarse_RI,7.049881466889715e-14,nan,nan,nan
6,7-scenes-redkitchen,34,39,3DLoMatch,baseline,float64,0,S2,6.766811111108262e-14,2.995712792519694e-14,1.2663627743205814e-13,1.4368575943136059e-12
6,7-scenes-redkitchen,34,39,3DLoMatch,baseline,float64,0,S3,8.265721350964281e-14,4.069526154451497e-14,1.4025951279399164e-13,1.6760736403476876e-12
6,7-scenes-redkitchen,34,39,3DLoMatch,baseline,float64,0,S4_pre_context,6.145771068946393e-14,4.299772026689201e-14,1.1486456849704645e-13,2.621927182982915e-13
6,7-scenes-redkitchen,34,39,3DLoMatch,baseline,float64,0,S4_post_context,6.145771068946393e-14,4.299772026689201e-14,1.1486456849704645e-13,2.621927182982915e-13
6,7-scenes-redkitchen,34,39,3DLoMatch,baseline,float64,0,D3,4.520332272821259e-14,2.9090107479748036e-14,8.326568464490058e-14,3.86263442477151e-13
6,7-scenes-redkitchen,34,39,3DLoMatch,baseline,float64,0,D2_pre_context,4.864962784799103e-14,2.7986087499504482e-14,8.35487551897969e-14,1.7210123353700999e-12
6,7-scenes-redkitchen,34,39,3DLoMatch,baseline,float64,0,D2_post_context,4.864962784799103e-14,2.7986087499504482e-14,8.35487551897969e-14,1.7210123353700999e-12
6,7-scenes-redkitchen,34,39,3DLoMatch,baseline,float64,0,final_RE,3.950098125156235e-14,1.9817299411336545e-14,1.1404792246150002e-13,2.1573051032002372e-12
6,7-scenes-redkitchen,34,39,3DLoMatch,baseline,float64,0,fine_RI,3.874067840151269e-14,nan,nan,nan
6,7-scenes-redkitchen,34,39,3DLoMatch,baseline,float64,0,coarse_RI,5.778866512675529e-14,nan,nan,nan
6,7-scenes-redkitchen,34,39,3DLoMatch,baseline,float64,1,S2,7.672241455586314e-14,3.134647858110685e-14,1.31394252046633e-13,2.5703739786774188e-12
6,7-scenes-redkitchen,34,39,3DLoMatch,baseline,float64,1,S3,8.219578622176397e-14,4.323306517252761e-14,1.5150529486301257e-13,1.3158992327035882e-12
6,7-scenes-redkitchen,34,39,3DLoMatch,baseline,float64,1,S4_pre_context,6.789160218912847e-14,4.3857765066022515e-14,1.2525055013464256e-13,3.3412443315543606e-13
6,7-scenes-redkitchen,34,39,3DLoMatch,baseline,float64,1,S4_post_context,6.789160218912847e-14,4.3857765066022515e-14,1.2525055013464256e-13,3.3412443315543606e-13
6,7-scenes-redkitchen,34,39,3DLoMatch,baseline,float64,1,D3,5.0510409241832246e-14,3.051053834851923e-14,9.694533178879544e-14,4.4722235479050967e-13
6,7-scenes-redkitchen,34,39,3DLoMatch,baseline,float64,1,D2_pre_context,4.964451232304912e-14,2.9703681142691144e-14,9.531112254519178e-14,5.326752739553152e-13
6,7-scenes-redkitchen,34,39,3DLoMatch,baseline,float64,1,D2_post_context,4.964451232304912e-14,2.9703681142691144e-14,9.531112254519178e-14,5.326752739553152e-13
6,7-scenes-redkitchen,34,39,3DLoMatch,baseline,float64,1,final_RE,4.269377090762192e-14,2.1016173454211395e-14,1.2356482002731473e-13,8.417126768900802e-13
6,7-scenes-redkitchen,34,39,3DLoMatch,baseline,float64,1,fine_RI,3.754018952026854e-14,nan,nan,nan
6,7-scenes-redkitchen,34,39,3DLoMatch,baseline,float64,1,coarse_RI,7.119496882202203e-14,nan,nan,nan
6,7-scenes-redkitchen,34,39,3DLoMatch,baseline,float64,2,S2,7.193014645577705e-14,3.0432392666190644e-14,1.2978788779731616e-13,1.4598914411144761e-12
6,7-scenes-redkitchen,34,39,3DLoMatch,baseline,float64,2,S3,7.680604480168869e-14,4.3729239392423627e-14,1.4654413504009952e-13,7.710006525723785e-13
6,7-scenes-redkitchen,34,39,3DLoMatch,baseline,float64,2,S4_pre_context,6.351136330244229e-14,4.528829184246926e-14,1.1128433007278603e-13,3.2499591848699316e-13
6,7-scenes-redkitchen,34,39,3DLoMatch,baseline,float64,2,S4_post_context,6.351136330244229e-14,4.528829184246926e-14,1.1128433007278603e-13,3.2499591848699316e-13
6,7-scenes-redkitchen,34,39,3DLoMatch,baseline,float64,2,D3,4.676320889522257e-14,3.088483510516687e-14,8.427817315773543e-14,3.154848578193759e-13
6,7-scenes-redkitchen,34,39,3DLoMatch,baseline,float64,2,D2_pre_context,4.970910816039356e-14,2.924447014201346e-14,9.18993748800192e-14,9.437851984119338e-13
6,7-scenes-redkitchen,34,39,3DLoMatch,baseline,float64,2,D2_post_context,4.970910816039356e-14,2.924447014201346e-14,9.18993748800192e-14,9.437851984119338e-13
6,7-scenes-redkitchen,34,39,3DLoMatch,baseline,float64,2,final_RE,4.111107827485703e-14,2.0405033160064554e-14,1.213336019907414e-13,9.065610516060397e-13
6,7-scenes-redkitchen,34,39,3DLoMatch,baseline,float64,2,fine_RI,3.855151543452145e-14,nan,nan,nan
6,7-scenes-redkitchen,34,39,3DLoMatch,baseline,float64,2,coarse_RI,6.856621121248269e-14,nan,nan,nan
6,7-scenes-redkitchen,34,39,3DLoMatch,baseline,float64,3,S2,7.211838308306389e-14,3.099342593673789e-14,1.3156677191582628e-13,1.3684436662473211e-12
6,7-scenes-redkitchen,34,39,3DLoMatch,baseline,float64,3,S3,1.1073160123106286e-13,4.2764259198284047e-14,1.6501245533614973e-13,3.774117237138991e-12
6,7-scenes-redkitchen,34,39,3DLoMatch,baseline,float64,3,S4_pre_context,7.657835787820655e-14,4.503509474401284e-14,1.4710729768848974e-13,4.016607843020017e-13
6,7-scenes-redkitchen,34,39,3DLoMatch,baseline,float64,3,S4_post_context,7.657835787820655e-14,4.503509474401284e-14,1.4710729768848974e-13,4.016607843020017e-13
6,7-scenes-redkitchen,34,39,3DLoMatch,baseline,float64,3,D3,5.917554447740459e-14,3.136456171234823e-14,1.1019466243125615e-13,8.590098293807623e-13
6,7-scenes-redkitchen,34,39,3DLoMatch,baseline,float64,3,D2_pre_context,5.908383600953632e-14,3.0084887302105524e-14,1.0667970324785442e-13,1.0469268190193247e-12
6,7-scenes-redkitchen,34,39,3DLoMatch,baseline,float64,3,D2_post_context,5.908383600953632e-14,3.0084887302105524e-14,1.0667970324785442e-13,1.0469268190193247e-12
6,7-scenes-redkitchen,34,39,3DLoMatch,baseline,float64,3,final_RE,5.079588554577453e-14,2.1436819404256374e-14,1.3684155893248926e-13,3.5552149111910793e-12
6,7-scenes-redkitchen,34,39,3DLoMatch,baseline,float64,3,fine_RI,4.600322480501111e-14,nan,nan,nan
6,7-scenes-redkitchen,34,39,3DLoMatch,baseline,float64,3,coarse_RI,7.317200439507636e-14,nan,nan,nan
7,sun3d-home_at-home_at_scan1_2013_jan_1,1,33,3DLoMatch,baseline,float64,0,S2,1.1289078487223468e-13,3.0487995247116074e-14,1.6495935523538656e-13,3.7319736932498266e-12
7,sun3d-home_at-home_at_scan1_2013_jan_1,1,33,3DLoMatch,baseline,float64,0,S3,1.437018691607381e-13,4.534453581713945e-14,2.4125537474345873e-13,2.8602474888828107e-12
7,sun3d-home_at-home_at_scan1_2013_jan_1,1,33,3DLoMatch,baseline,float64,0,S4_pre_context,9.881047754020222e-14,5.599040205415546e-14,1.966966580478641e-13,5.861215404774227e-13
7,sun3d-home_at-home_at_scan1_2013_jan_1,1,33,3DLoMatch,baseline,float64,0,S4_post_context,9.881047754020222e-14,5.599040205415546e-14,1.966966580478641e-13,5.861215404774227e-13
7,sun3d-home_at-home_at_scan1_2013_jan_1,1,33,3DLoMatch,baseline,float64,0,D3,7.649044506573153e-14,3.8848209728338405e-14,1.5185011805783327e-13,7.448562483594995e-13
7,sun3d-home_at-home_at_scan1_2013_jan_1,1,33,3DLoMatch,baseline,float64,0,D2_pre_context,7.660708514313366e-14,3.5493187747564304e-14,1.522559089322444e-13,1.438576065373046e-12
7,sun3d-home_at-home_at_scan1_2013_jan_1,1,33,3DLoMatch,baseline,float64,0,D2_post_context,7.660708514313366e-14,3.5493187747564304e-14,1.522559089322444e-13,1.438576065373046e-12
7,sun3d-home_at-home_at_scan1_2013_jan_1,1,33,3DLoMatch,baseline,float64,0,final_RE,6.17426848387961e-14,2.2430787584607202e-14,1.8503571546208496e-13,4.280581864775775e-12
7,sun3d-home_at-home_at_scan1_2013_jan_1,1,33,3DLoMatch,baseline,float64,0,fine_RI,7.942458897260939e-14,nan,nan,nan
7,sun3d-home_at-home_at_scan1_2013_jan_1,1,33,3DLoMatch,baseline,float64,0,coarse_RI,9.563608472247307e-14,nan,nan,nan
7,sun3d-home_at-home_at_scan1_2013_jan_1,1,33,3DLoMatch,baseline,float64,1,S2,8.399552858209573e-14,2.885006976495113e-14,1.4495275997395824e-13,1.7404884604303698e-12
7,sun3d-home_at-home_at_scan1_2013_jan_1,1,33,3DLoMatch,baseline,float64,1,S3,8.766945555202668e-14,4.170507864433859e-14,1.6617203731766767e-13,1.0315752221587432e-12
7,sun3d-home_at-home_at_scan1_2013_jan_1,1,33,3DLoMatch,baseline,float64,1,S4_pre_context,6.662971483558214e-14,4.1380986532833683e-14,1.287404430640551e-13,3.8014795508270445e-13
7,sun3d-home_at-home_at_scan1_2013_jan_1,1,33,3DLoMatch,baseline,float64,1,S4_post_context,6.662971483558214e-14,4.1380986532833683e-14,1.287404430640551e-13,3.8014795508270445e-13
7,sun3d-home_at-home_at_scan1_2013_jan_1,1,33,3DLoMatch,baseline,float64,1,D3,5.277507087424335e-14,2.792404340264273e-14,1.0437986495023835e-13,7.760462366181672e-13
7,sun3d-home_at-home_at_scan1_2013_jan_1,1,33,3DLoMatch,baseline,float64,1,D2_pre_context,5.711871553011638e-14,2.724551024187548e-14,1.0213279980246887e-13,6.271446094069902e-13
7,sun3d-home_at-home_at_scan1_2013_jan_1,1,33,3DLoMatch,baseline,float64,1,D2_post_context,5.711871553011638e-14,2.724551024187548e-14,1.0213279980246887e-13,6.271446094069902e-13
7,sun3d-home_at-home_at_scan1_2013_jan_1,1,33,3DLoMatch,baseline,float64,1,final_RE,4.196529234922776e-14,1.7580017180848902e-14,1.3801725197549802e-13,1.5504482275101714e-12
7,sun3d-home_at-home_at_scan1_2013_jan_1,1,33,3DLoMatch,baseline,float64,1,fine_RI,1.2129754384691823e-13,nan,nan,nan
7,sun3d-home_at-home_at_scan1_2013_jan_1,1,33,3DLoMatch,baseline,float64,1,coarse_RI,6.919313192889524e-14,nan,nan,nan
7,sun3d-home_at-home_at_scan1_2013_jan_1,1,33,3DLoMatch,baseline,float64,2,S2,1.0189766905954759e-13,3.021609241919943e-14,1.5434278358446448e-13,2.86359688986354e-12
7,sun3d-home_at-home_at_scan1_2013_jan_1,1,33,3DLoMatch,baseline,float64,2,S3,9.922303616657684e-14,4.215792976817253e-14,1.8269158833414474e-13,1.2580579877988958e-12
7,sun3d-home_at-home_at_scan1_2013_jan_1,1,33,3DLoMatch,baseline,float64,2,S4_pre_context,7.783679174439004e-14,4.457950252016765e-14,1.4925281843255652e-13,5.61172536771071e-13
7,sun3d-home_at-home_at_scan1_2013_jan_1,1,33,3DLoMatch,baseline,float64,2,S4_post_context,7.783679174439004e-14,4.457950252016765e-14,1.4925281843255652e-13,5.61172536771071e-13
7,sun3d-home_at-home_at_scan1_2013_jan_1,1,33,3DLoMatch,baseline,float64,2,D3,6.75132705751978e-14,3.070912291891246e-14,1.3622959531908688e-13,5.700054041824592e-13
7,sun3d-home_at-home_at_scan1_2013_jan_1,1,33,3DLoMatch,baseline,float64,2,D2_pre_context,7.4869468487487e-14,2.929264104852677e-14,1.3925758043184186e-13,1.183497968896309e-12
7,sun3d-home_at-home_at_scan1_2013_jan_1,1,33,3DLoMatch,baseline,float64,2,D2_post_context,7.4869468487487e-14,2.929264104852677e-14,1.3925758043184186e-13,1.183497968896309e-12
7,sun3d-home_at-home_at_scan1_2013_jan_1,1,33,3DLoMatch,baseline,float64,2,final_RE,5.2892195833597786e-14,1.8794585748240323e-14,1.6385435893216812e-13,1.282703788541428e-12
7,sun3d-home_at-home_at_scan1_2013_jan_1,1,33,3DLoMatch,baseline,float64,2,fine_RI,4.3204614974308117e-13,nan,nan,nan
7,sun3d-home_at-home_at_scan1_2013_jan_1,1,33,3DLoMatch,baseline,float64,2,coarse_RI,7.283872984809355e-14,nan,nan,nan
7,sun3d-home_at-home_at_scan1_2013_jan_1,1,33,3DLoMatch,baseline,float64,3,S2,1.0081777280195751e-13,2.860651307402237e-14,1.535401070220088e-13,2.6980439282888684e-12
7,sun3d-home_at-home_at_scan1_2013_jan_1,1,33,3DLoMatch,baseline,float64,3,S3,1.1083089321420271e-13,4.1373509424664775e-14,2.1650740579350522e-13,1.221357952557815e-12
7,sun3d-home_at-home_at_scan1_2013_jan_1,1,33,3DLoMatch,baseline,float64,3,S4_pre_context,8.442868190818218e-14,4.458840120670764e-14,1.6018547368366838e-13,4.773620754578017e-13
7,sun3d-home_at-home_at_scan1_2013_jan_1,1,33,3DLoMatch,baseline,float64,3,S4_post_context,8.442868190818218e-14,4.458840120670764e-14,1.6018547368366838e-13,4.773620754578017e-13
7,sun3d-home_at-home_at_scan1_2013_jan_1,1,33,3DLoMatch,baseline,float64,3,D3,6.300022188265088e-14,3.039770498650518e-14,1.331426383888882e-13,3.470828345566096e-13
7,sun3d-home_at-home_at_scan1_2013_jan_1,1,33,3DLoMatch,baseline,float64,3,D2_pre_context,6.575611071008858e-14,2.989057211489735e-14,1.2685439227890472e-13,7.537013432873198e-13
7,sun3d-home_at-home_at_scan1_2013_jan_1,1,33,3DLoMatch,baseline,float64,3,D2_post_context,6.575611071008858e-14,2.989057211489735e-14,1.2685439227890472e-13,7.537013432873198e-13
7,sun3d-home_at-home_at_scan1_2013_jan_1,1,33,3DLoMatch,baseline,float64,3,final_RE,5.356076526732224e-14,1.8536678194114556e-14,1.5761473532117027e-13,2.3936947959550444e-12
7,sun3d-home_at-home_at_scan1_2013_jan_1,1,33,3DLoMatch,baseline,float64,3,fine_RI,2.3184936699565736e-13,nan,nan,nan
7,sun3d-home_at-home_at_scan1_2013_jan_1,1,33,3DLoMatch,baseline,float64,3,coarse_RI,7.6075149524903e-14,nan,nan,nan
8,sun3d-home_at-home_at_scan1_2013_jan_1,7,29,3DLoMatch,baseline,float64,0,S2,8.749064919143708e-14,3.4077611790054754e-14,1.711114834471624e-13,1.5392694739730228e-12
8,sun3d-home_at-home_at_scan1_2013_jan_1,7,29,3DLoMatch,baseline,float64,0,S3,9.102745193078596e-14,4.460793752274107e-14,1.885334922672465e-13,9.402963073166918e-13
8,sun3d-home_at-home_at_scan1_2013_jan_1,7,29,3DLoMatch,baseline,float64,0,S4_pre_context,7.324186112721727e-14,4.5003950126949586e-14,1.4475408701900712e-13,4.075629047472861e-13
8,sun3d-home_at-home_at_scan1_2013_jan_1,7,29,3DLoMatch,baseline,float64,0,S4_post_context,7.324186112721727e-14,4.5003950126949586e-14,1.4475408701900712e-13,4.075629047472861e-13
8,sun3d-home_at-home_at_scan1_2013_jan_1,7,29,3DLoMatch,baseline,float64,0,D3,5.2364271362643667e-14,2.9492594635525634e-14,1.0536242831634943e-13,4.1827185302367144e-13
8,sun3d-home_at-home_at_scan1_2013_jan_1,7,29,3DLoMatch,baseline,float64,0,D2_pre_context,5.3217968639415144e-14,2.8919279091503866e-14,1.0249889375597876e-13,6.047721117512718e-13
8,sun3d-home_at-home_at_scan1_2013_jan_1,7,29,3DLoMatch,baseline,float64,0,D2_post_context,5.3217968639415144e-14,2.8919279091503866e-14,1.0249889375597876e-13,6.047721117512718e-13
8,sun3d-home_at-home_at_scan1_2013_jan_1,7,29,3DLoMatch,baseline,float64,0,final_RE,4.0470505382120676e-14,1.6136696218986837e-14,1.252915536130696e-13,7.758854286021568e-13
8,sun3d-home_at-home_at_scan1_2013_jan_1,7,29,3DLoMatch,baseline,float64,0,fine_RI,4.282731719681888e-14,nan,nan,nan
8,sun3d-home_at-home_at_scan1_2013_jan_1,7,29,3DLoMatch,baseline,float64,0,coarse_RI,7.131269140146006e-14,nan,nan,nan
8,sun3d-home_at-home_at_scan1_2013_jan_1,7,29,3DLoMatch,baseline,float64,1,S2,9.058096124378934e-14,3.2492614996769916e-14,1.6785103230297363e-13,1.861251496186806e-12
8,sun3d-home_at-home_at_scan1_2013_jan_1,7,29,3DLoMatch,baseline,float64,1,S3,9.411044264194753e-14,4.621974572413484e-14,1.9362576229972582e-13,1.4554267373338715e-12
8,sun3d-home_at-home_at_scan1_2013_jan_1,7,29,3DLoMatch,baseline,float64,1,S4_pre_context,7.675664745508105e-14,4.713014159216505e-14,1.4324269043918778e-13,4.2802942645964306e-13
8,sun3d-home_at-home_at_scan1_2013_jan_1,7,29,3DLoMatch,baseline,float64,1,S4_post_context,7.675664745508105e-14,4.713014159216505e-14,1.4324269043918778e-13,4.2802942645964306e-13
8,sun3d-home_at-home_at_scan1_2013_jan_1,7,29,3DLoMatch,baseline,float64,1,D3,5.316936224458608e-14,2.9657023352317495e-14,1.04402463238304e-13,5.776993710929385e-13
8,sun3d-home_at-home_at_scan1_2013_jan_1,7,29,3DLoMatch,baseline,float64,1,D2_pre_context,5.126570529802851e-14,2.818984702847159e-14,1.0039058171346136e-13,4.981955125953939e-13
8,sun3d-home_at-home_at_scan1_2013_jan_1,7,29,3DLoMatch,baseline,float64,1,D2_post_context,5.126570529802851e-14,2.818984702847159e-14,1.0039058171346136e-13,4.981955125953939e-13
8,sun3d-home_at-home_at_scan1_2013_jan_1,7,29,3DLoMatch,baseline,float64,1,final_RE,4.116334365129816e-14,1.516334646017732e-14,1.1146425071964219e-13,1.5598963691631852e-12
8,sun3d-home_at-home_at_scan1_2013_jan_1,7,29,3DLoMatch,baseline,float64,1,fine_RI,3.8687426660005493e-14,nan,nan,nan
8,sun3d-home_at-home_at_scan1_2013_jan_1,7,29,3DLoMatch,baseline,float64,1,coarse_RI,6.956440305746326e-14,nan,nan,nan
8,sun3d-home_at-home_at_scan1_2013_jan_1,7,29,3DLoMatch,baseline,float64,2,S2,8.215816541897417e-14,3.465757497025171e-14,1.7058350106228021e-13,1.554852569987938e-12
8,sun3d-home_at-home_at_scan1_2013_jan_1,7,29,3DLoMatch,baseline,float64,2,S3,9.089757903119955e-14,4.594590099187912e-14,1.8772990679937757e-13,8.246765066688977e-13
8,sun3d-home_at-home_at_scan1_2013_jan_1,7,29,3DLoMatch,baseline,float64,2,S4_pre_context,7.509234595084654e-14,4.739823581474748e-14,1.442630575631139e-13,4.562862477043752e-13
8,sun3d-home_at-home_at_scan1_2013_jan_1,7,29,3DLoMatch,baseline,float64,2,S4_post_context,7.509234595084654e-14,4.739823581474748e-14,1.442630575631139e-13,4.562862477043752e-13
8,sun3d-home_at-home_at_scan1_2013_jan_1,7,29,3DLoMatch,baseline,float64,2,D3,5.259803420502769e-14,3.0272184563784744e-14,1.0825455028812733e-13,2.883342296359057e-13
8,sun3d-home_at-home_at_scan1_2013_jan_1,7,29,3DLoMatch,baseline,float64,2,D2_pre_context,5.256925632737382e-14,2.968189473119044e-14,1.0136741310644862e-13,4.886172663286598e-13
8,sun3d-home_at-home_at_scan1_2013_jan_1,7,29,3DLoMatch,baseline,float64,2,D2_post_context,5.256925632737382e-14,2.968189473119044e-14,1.0136741310644862e-13,4.886172663286598e-13
8,sun3d-home_at-home_at_scan1_2013_jan_1,7,29,3DLoMatch,baseline,float64,2,final_RE,3.811247803220904e-14,1.6615733538618977e-14,1.1643837091807618e-13,1.0491429210590016e-12
8,sun3d-home_at-home_at_scan1_2013_jan_1,7,29,3DLoMatch,baseline,float64,2,fine_RI,4.1470606417358616e-14,nan,nan,nan
8,sun3d-home_at-home_at_scan1_2013_jan_1,7,29,3DLoMatch,baseline,float64,2,coarse_RI,8.763001959538565e-14,nan,nan,nan
8,sun3d-home_at-home_at_scan1_2013_jan_1,7,29,3DLoMatch,baseline,float64,3,S2,8.126366610784142e-14,3.3695824423039754e-14,1.5503507677942822e-13,1.554682054893977e-12
8,sun3d-home_at-home_at_scan1_2013_jan_1,7,29,3DLoMatch,baseline,float64,3,S3,8.20532931304068e-14,4.538433872118951e-14,1.6276510784054912e-13,7.533276967690966e-13
8,sun3d-home_at-home_at_scan1_2013_jan_1,7,29,3DLoMatch,baseline,float64,3,S4_pre_context,6.63334098809102e-14,4.5945873300353906e-14,1.176852168885009e-13,3.5835482876040375e-13
8,sun3d-home_at-home_at_scan1_2013_jan_1,7,29,3DLoMatch,baseline,float64,3,S4_post_context,6.63334098809102e-14,4.5945873300353906e-14,1.176852168885009e-13,3.5835482876040375e-13
8,sun3d-home_at-home_at_scan1_2013_jan_1,7,29,3DLoMatch,baseline,float64,3,D3,4.914813194435804e-14,2.92359490325384e-14,8.56125509012715e-14,3.166658341129255e-13
8,sun3d-home_at-home_at_scan1_2013_jan_1,7,29,3DLoMatch,baseline,float64,3,D2_pre_context,5.335038125145374e-14,2.9795525244798484e-14,9.218809304255632e-14,6.422573730061007e-13
8,sun3d-home_at-home_at_scan1_2013_jan_1,7,29,3DLoMatch,baseline,float64,3,D2_post_context,5.335038125145374e-14,2.9795525244798484e-14,9.218809304255632e-14,6.422573730061007e-13
8,sun3d-home_at-home_at_scan1_2013_jan_1,7,29,3DLoMatch,baseline,float64,3,final_RE,3.383795947822509e-14,1.6443203945526388e-14,9.987075578798772e-14,6.164812020848705e-13
8,sun3d-home_at-home_at_scan1_2013_jan_1,7,29,3DLoMatch,baseline,float64,3,fine_RI,4.017594512983539e-14,nan,nan,nan
8,sun3d-home_at-home_at_scan1_2013_jan_1,7,29,3DLoMatch,baseline,float64,3,coarse_RI,6.173934361100782e-14,nan,nan,nan
9,sun3d-home_at-home_at_scan1_2013_jan_1,24,47,3DLoMatch,baseline,float64,0,S2,1.0202056223243303e-13,2.8996015556352686e-14,1.5386866325913692e-13,5.119898754250582e-12
9,sun3d-home_at-home_at_scan1_2013_jan_1,24,47,3DLoMatch,baseline,float64,0,S3,1.4941163670915124e-13,3.959157487398451e-14,1.993343229496761e-13,4.327654660936703e-12
9,sun3d-home_at-home_at_scan1_2013_jan_1,24,47,3DLoMatch,baseline,float64,0,S4_pre_context,1.0256441555724795e-13,3.966764046743121e-14,1.7862122740731768e-13,6.3041531294842e-13
9,sun3d-home_at-home_at_scan1_2013_jan_1,24,47,3DLoMatch,baseline,float64,0,S4_post_context,1.0256441555724795e-13,3.966764046743121e-14,1.7862122740731768e-13,6.3041531294842e-13
9,sun3d-home_at-home_at_scan1_2013_jan_1,24,47,3DLoMatch,baseline,float64,0,D3,8.905712232648652e-14,2.6494121203735006e-14,1.3450285356880788e-13,1.524071917259063e-12
9,sun3d-home_at-home_at_scan1_2013_jan_1,24,47,3DLoMatch,baseline,float64,0,D2_pre_context,8.2451511066534e-14,2.6370617244968557e-14,1.1883121074010974e-13,2.814915182985584e-12
9,sun3d-home_at-home_at_scan1_2013_jan_1,24,47,3DLoMatch,baseline,float64,0,D2_post_context,8.2451511066534e-14,2.6370617244968557e-14,1.1883121074010974e-13,2.814915182985584e-12
9,sun3d-home_at-home_at_scan1_2013_jan_1,24,47,3DLoMatch,baseline,float64,0,final_RE,7.335427760822315e-14,1.623847637582169e-14,1.4699195805473377e-13,2.7252004515075322e-12
9,sun3d-home_at-home_at_scan1_2013_jan_1,24,47,3DLoMatch,baseline,float64,0,fine_RI,5.999796993999113e-14,nan,nan,nan
9,sun3d-home_at-home_at_scan1_2013_jan_1,24,47,3DLoMatch,baseline,float64,0,coarse_RI,9.245279247329543e-14,nan,nan,nan
9,sun3d-home_at-home_at_scan1_2013_jan_1,24,47,3DLoMatch,baseline,float64,1,S2,1.5660338971505644e-13,2.8296112267301027e-14,1.5329732078690485e-13,1.0967279066919296e-11
9,sun3d-home_at-home_at_scan1_2013_jan_1,24,47,3DLoMatch,baseline,float64,1,S3,3.0961151067551825e-13,3.7019710652720614e-14,2.2155983721809973e-13,1.0252639481115629e-11
9,sun3d-home_at-home_at_scan1_2013_jan_1,24,47,3DLoMatch,baseline,float64,1,S4_pre_context,2.193055435485005e-13,3.782426589262842e-14,3.384300570178699e-13,1.5717738012211541e-12
9,sun3d-home_at-home_at_scan1_2013_jan_1,24,47,3DLoMatch,baseline,float64,1,S4_post_context,2.193055435485005e-13,3.782426589262842e-14,3.384300570178699e-13,1.5717738012211541e-12
9,sun3d-home_at-home_at_scan1_2013_jan_1,24,47,3DLoMatch,baseline,float64,1,D3,2.0034976836983952e-13,2.5153600073197025e-14,2.2666686613559383e-13,3.67526252572864e-12
9,sun3d-home_at-home_at_scan1_2013_jan_1,24,47,3DLoMatch,baseline,float64,1,D2_pre_context,1.643976379340707e-13,2.5485468940613228e-14,1.8287546332878083e-13,3.838536050617898e-12
9,sun3d-home_at-home_at_scan1_2013_jan_1,24,47,3DLoMatch,baseline,float64,1,D2_post_context,1.643976379340707e-13,2.5485468940613228e-14,1.8287546332878083e-13,3.838536050617898e-12
9,sun3d-home_at-home_at_scan1_2013_jan_1,24,47,3DLoMatch,baseline,float64,1,final_RE,1.6370983646087644e-13,1.6484615760675547e-14,2.3281329452324643e-13,5.8265057816660514e-12
9,sun3d-home_at-home_at_scan1_2013_jan_1,24,47,3DLoMatch,baseline,float64,1,fine_RI,1.165141836315574e-13,nan,nan,nan
9,sun3d-home_at-home_at_scan1_2013_jan_1,24,47,3DLoMatch,baseline,float64,1,coarse_RI,1.879052478748027e-13,nan,nan,nan
9,sun3d-home_at-home_at_scan1_2013_jan_1,24,47,3DLoMatch,baseline,float64,2,S2,2.4629630990228045e-13,2.848846404426542e-14,1.6510145289963562e-13,1.875344089318451e-11
9,sun3d-home_at-home_at_scan1_2013_jan_1,24,47,3DLoMatch,baseline,float64,2,S3,5.159922209688079e-13,3.791356851466653e-14,2.653518067595739e-13,1.747951287738211e-11
9,sun3d-home_at-home_at_scan1_2013_jan_1,24,47,3DLoMatch,baseline,float64,2,S4_pre_context,3.661985493497627e-13,3.947941813713429e-14,5.640168378015231e-13,2.717615332376721e-12
9,sun3d-home_at-home_at_scan1_2013_jan_1,24,47,3DLoMatch,baseline,float64,2,S4_post_context,3.661985493497627e-13,3.947941813713429e-14,5.640168378015231e-13,2.717615332376721e-12
9,sun3d-home_at-home_at_scan1_2013_jan_1,24,47,3DLoMatch,baseline,float64,2,D3,3.3651478849011433e-13,2.5687420991273554e-14,3.7186868306723407e-13,6.2799126157392885e-12
9,sun3d-home_at-home_at_scan1_2013_jan_1,24,47,3DLoMatch,baseline,float64,2,D2_pre_context,2.7311411977826945e-13,2.561080746732263e-14,2.879314540342806e-13,6.1570903544048646e-12
9,sun3d-home_at-home_at_scan1_2013_jan_1,24,47,3DLoMatch,baseline,float64,2,D2_post_context,2.7311411977826945e-13,2.561080746732263e-14,2.879314540342806e-13,6.1570903544048646e-12
9,sun3d-home_at-home_at_scan1_2013_jan_1,24,47,3DLoMatch,baseline,float64,2,final_RE,2.7476400601764886e-13,1.6719871859794743e-14,3.429907378072048e-13,1.0017270071722613e-11
9,sun3d-home_at-home_at_scan1_2013_jan_1,24,47,3DLoMatch,baseline,float64,2,fine_RI,1.8915776634484792e-13,nan,nan,nan
9,sun3d-home_at-home_at_scan1_2013_jan_1,24,47,3DLoMatch,baseline,float64,2,coarse_RI,3.1886917054395806e-13,nan,nan,nan
9,sun3d-home_at-home_at_scan1_2013_jan_1,24,47,3DLoMatch,baseline,float64,3,S2,1.0110307581549618e-13,2.7353904666100172e-14,1.4470764378892815e-13,5.804291686110569e-12
9,sun3d-home_at-home_at_scan1_2013_jan_1,24,47,3DLoMatch,baseline,float64,3,S3,9.451269282525636e-14,3.6314967655004615e-14,1.6390039432902705e-13,1.6142355589173108e-12
9,sun3d-home_at-home_at_scan1_2013_jan_1,24,47,3DLoMatch,baseline,float64,3,S4_pre_context,6.646013113479151e-14,3.5051680440444457e-14,1.3289486186976434e-13,3.1302850876132435e-13
9,sun3d-home_at-home_at_scan1_2013_jan_1,24,47,3DLoMatch,baseline,float64,3,S4_post_context,6.646013113479151e-14,3.5051680440444457e-14,1.3289486186976434e-13,3.1302850876132435e-13
9,sun3d-home_at-home_at_scan1_2013_jan_1,24,47,3DLoMatch,baseline,float64,3,D3,5.083744694761495e-14,2.1983806526204152e-14,9.78211003815613e-14,5.860876872645666e-13
9,sun3d-home_at-home_at_scan1_2013_jan_1,24,47,3DLoMatch,baseline,float64,3,D2_pre_context,5.3418545074532845e-14,2.215195863001367e-14,9.131091981123682e-14,1.6913163148451952e-12
9,sun3d-home_at-home_at_scan1_2013_jan_1,24,47,3DLoMatch,baseline,float64,3,D2_post_context,5.3418545074532845e-14,2.215195863001367e-14,9.131091981123682e-14,1.6913163148451952e-12
9,sun3d-home_at-home_at_scan1_2013_jan_1,24,47,3DLoMatch,baseline,float64,3,final_RE,4.1091442012859497e-14,1.3736676239292643e-14,1.0577201099593517e-13,1.4479149961092287e-12
9,sun3d-home_at-home_at_scan1_2013_jan_1,24,47,3DLoMatch,baseline,float64,3,fine_RI,4.1313867122997956e-14,nan,nan,nan
9,sun3d-home_at-home_at_scan1_2013_jan_1,24,47,3DLoMatch,baseline,float64,3,coarse_RI,6.811266882632385e-14,nan,nan,nan
10,sun3d-home_at-home_at_scan1_2013_jan_1,40,43,3DLoMatch,baseline,float64,0,S2,8.359061666558279e-14,3.713739418998649e-14,1.4581298638363514e-13,1.9433441491335627e-12
10,sun3d-home_at-home_at_scan1_2013_jan_1,40,43,3DLoMatch,baseline,float64,0,S3,9.615620435582718e-14,5.0003620121580845e-14,1.771631200054854e-13,1.6907651507572357e-12
10,sun3d-home_at-home_at_scan1_2013_jan_1,40,43,3DLoMatch,baseline,float64,0,S4_pre_context,8.086184329126354e-14,4.65370955458775e-14,1.47874838989785e-13,5.271020364532623e-13
10,sun3d-home_at-home_at_scan1_2013_jan_1,40,43,3DLoMatch,baseline,float64,0,S4_post_context,8.086184329126354e-14,4.65370955458775e-14,1.47874838989785e-13,5.271020364532623e-13
10,sun3d-home_at-home_at_scan1_2013_jan_1,40,43,3DLoMatch,baseline,float64,0,D3,8.76670867418843e-14,3.462539467184646e-14,1.4926807861230238e-13,1.2041987180547142e-12
10,sun3d-home_at-home_at_scan1_2013_jan_1,40,43,3DLoMatch,baseline,float64,0,D2_pre_context,1.251400483789871e-13,3.232179249750221e-14,1.549570939816441e-13,2.4029810308836857e-12
10,sun3d-home_at-home_at_scan1_2013_jan_1,40,43,3DLoMatch,baseline,float64,0,D2_post_context,1.251400483789871e-13,3.232179249750221e-14,1.549570939816441e-13,2.4029810308836857e-12
10,sun3d-home_at-home_at_scan1_2013_jan_1,40,43,3DLoMatch,baseline,float64,0,final_RE,8.917201853092063e-14,2.5619322341313884e-14,2.3571221486871714e-13,3.903055812760196e-12
10,sun3d-home_at-home_at_scan1_2013_jan_1,40,43,3DLoMatch,baseline,float64,0,fine_RI,7.170475767379843e-14,nan,nan,nan
10,sun3d-home_at-home_at_scan1_2013_jan_1,40,43,3DLoMatch,baseline,float64,0,coarse_RI,8.703678941182802e-14,nan,nan,nan
10,sun3d-home_at-home_at_scan1_2013_jan_1,40,43,3DLoMatch,baseline,float64,1,S2,1.0983825272762916e-13,3.509021300033814e-14,1.5588684268066618e-13,4.347038534714621e-12
10,sun3d-home_at-home_at_scan1_2013_jan_1,40,43,3DLoMatch,baseline,float64,1,S3,1.1919812032099752e-13,4.836313151296957e-14,2.1835427274366716e-13,2.0368598704919596e-12
10,sun3d-home_at-home_at_scan1_2013_jan_1,40,43,3DLoMatch,baseline,float64,1,S4_pre_context,1.0001936611711261e-13,5.0917625964474095e-14,1.9025593689638152e-13,5.85607631468415e-13
10,sun3d-home_at-home_at_scan1_2013_jan_1,40,43,3DLoMatch,baseline,float64,1,S4_post_context,1.0001936611711261e-13,5.0917625964474095e-14,1.9025593689638152e-13,5.85607631468415e-13
10,sun3d-home_at-home_at_scan1_2013_jan_1,40,43,3DLoMatch,baseline,float64,1,D3,8.843629605343967e-14,3.9271962696013447e-14,1.7921464519225584e-13,8.079182098762376e-13
10,sun3d-home_at-home_at_scan1_2013_jan_1,40,43,3DLoMatch,baseline,float64,1,D2_pre_context,9.778256344220848e-14,3.820080763808682e-14,1.7670812613729298e-13,1.010915401772841e-12
10,sun3d-home_at-home_at_scan1_2013_jan_1,40,43,3DLoMatch,baseline,float64,1,D2_post_context,9.778256344220848e-14,3.820080763808682e-14,1.7670812613729298e-13,1.010915401772841e-12
10,sun3d-home_at-home_at_scan1_2013_jan_1,40,43,3DLoMatch,baseline,float64,1,final_RE,9.750101801568468e-14,3.082063509777676e-14,2.7880527479240316e-13,4.542837568098861e-12
10,sun3d-home_at-home_at_scan1_2013_jan_1,40,43,3DLoMatch,baseline,float64,1,fine_RI,6.57612757294377e-14,nan,nan,nan
10,sun3d-home_at-home_at_scan1_2013_jan_1,40,43,3DLoMatch,baseline,float64,1,coarse_RI,1.004856115090477e-13,nan,nan,nan
10,sun3d-home_at-home_at_scan1_2013_jan_1,40,43,3DLoMatch,baseline,float64,2,S2,8.210775532948714e-14,3.718032657703106e-14,1.5876847331443e-13,1.3029317987762503e-12
10,sun3d-home_at-home_at_scan1_2013_jan_1,40,43,3DLoMatch,baseline,float64,2,S3,9.586298566288388e-14,4.942970794900108e-14,1.9222052065223754e-13,9.714107363862922e-13
10,sun3d-home_at-home_at_scan1_2013_jan_1,40,43,3DLoMatch,baseline,float64,2,S4_pre_context,8.841457866007151e-14,5.2419319617770084e-14,1.695475466611583e-13,7.362072549066437e-13
10,sun3d-home_at-home_at_scan1_2013_jan_1,40,43,3DLoMatch,baseline,float64,2,S4_post_context,8.841457866007151e-14,5.2419319617770084e-14,1.695475466611583e-13,7.362072549066437e-13
10,sun3d-home_at-home_at_scan1_2013_jan_1,40,43,3DLoMatch,baseline,float64,2,D3,8.500163373715526e-14,3.833741988113608e-14,1.4249380576777287e-13,1.0058384618674332e-12
10,sun3d-home_at-home_at_scan1_2013_jan_1,40,43,3DLoMatch,baseline,float64,2,D2_pre_context,8.744664559614578e-14,3.5493385573645626e-14,1.5080365717882739e-13,9.993231669168343e-13
10,sun3d-home_at-home_at_scan1_2013_jan_1,40,43,3DLoMatch,baseline,float64,2,D2_post_context,8.744664559614578e-14,3.5493385573645626e-14,1.5080365717882739e-13,9.993231669168343e-13
10,sun3d-home_at-home_at_scan1_2013_jan_1,40,43,3DLoMatch,baseline,float64,2,final_RE,9.740459189805143e-14,2.951812210460127e-14,2.3370842576752745e-13,4.20248053996735e-12
10,sun3d-home_at-home_at_scan1_2013_jan_1,40,43,3DLoMatch,baseline,float64,2,fine_RI,5.4678855004891277e-14,nan,nan,nan
10,sun3d-home_at-home_at_scan1_2013_jan_1,40,43,3DLoMatch,baseline,float64,2,coarse_RI,8.575205637308524e-14,nan,nan,nan
10,sun3d-home_at-home_at_scan1_2013_jan_1,40,43,3DLoMatch,baseline,float64,3,S2,7.737882198075333e-14,3.258301689970072e-14,1.35788143522255e-13,2.3454017450735763e-12
10,sun3d-home_at-home_at_scan1_2013_jan_1,40,43,3DLoMatch,baseline,float64,3,S3,8.577493850635525e-14,4.414373978882355e-14,1.606687692390019e-13,1.113217515640732e-12
10,sun3d-home_at-home_at_scan1_2013_jan_1,40,43,3DLoMatch,baseline,float64,3,S4_pre_context,7.678478155406727e-14,4.263759516029105e-14,1.461960681071524e-13,3.6049443051017327e-13
10,sun3d-home_at-home_at_scan1_2013_jan_1,40,43,3DLoMatch,baseline,float64,3,S4_post_context,7.678478155406727e-14,4.263759516029105e-14,1.461960681071524e-13,3.6049443051017327e-13
10,sun3d-home_at-home_at_scan1_2013_jan_1,40,43,3DLoMatch,baseline,float64,3,D3,6.745353646485373e-14,3.2049916035741586e-14,1.2303196827856323e-13,6.139608412200081e-13
10,sun3d-home_at-home_at_scan1_2013_jan_1,40,43,3DLoMatch,baseline,float64,3,D2_pre_context,6.690671605033811e-14,2.981380415401868e-14,1.2454633340765745e-13,5.907747047395896e-13
10,sun3d-home_at-home_at_scan1_2013_jan_1,40,43,3DLoMatch,baseline,float64,3,D2_post_context,6.690671605033811e-14,2.981380415401868e-14,1.2454633340765745e-13,5.907747047395896e-13
10,sun3d-home_at-home_at_scan1_2013_jan_1,40,43,3DLoMatch,baseline,float64,3,final_RE,6.794344427130435e-14,2.531476336804721e-14,2.0666087273452315e-13,2.495420124885832e-12
10,sun3d-home_at-home_at_scan1_2013_jan_1,40,43,3DLoMatch,baseline,float64,3,fine_RI,4.538258879791207e-14,nan,nan,nan
10,sun3d-home_at-home_at_scan1_2013_jan_1,40,43,3DLoMatch,baseline,float64,3,coarse_RI,8.53896153824443e-14,nan,nan,nan
11,sun3d-home_md-home_md_scan9_2012_sep_30,4,8,3DLoMatch,baseline,float64,0,S2,1.0878094719323253e-13,3.373669597347298e-14,1.611112213241159e-13,4.235408785292315e-12
11,sun3d-home_md-home_md_scan9_2012_sep_30,4,8,3DLoMatch,baseline,float64,0,S3,1.2918347501582273e-13,4.332850882894942e-14,2.2230281280804688e-13,2.8134116335054377e-12
11,sun3d-home_md-home_md_scan9_2012_sep_30,4,8,3DLoMatch,baseline,float64,0,S4_pre_context,9.153053536692624e-14,4.1945009445652185e-14,1.9950416002870976e-13,7.00149469214619e-13
11,sun3d-home_md-home_md_scan9_2012_sep_30,4,8,3DLoMatch,baseline,float64,0,S4_post_context,9.153053536692624e-14,4.1945009445652185e-14,1.9950416002870976e-13,7.00149469214619e-13
11,sun3d-home_md-home_md_scan9_2012_sep_30,4,8,3DLoMatch,baseline,float64,0,D3,7.62219309603625e-14,2.5418834386496887e-14,1.4305884670042323e-13,8.908560678444371e-13
11,sun3d-home_md-home_md_scan9_2012_sep_30,4,8,3DLoMatch,baseline,float64,0,D2_pre_context,6.927342171711428e-14,2.6957419915144867e-14,1.3156052895614698e-13,1.0446223445257007e-12
11,sun3d-home_md-home_md_scan9_2012_sep_30,4,8,3DLoMatch,baseline,float64,0,D2_post_context,6.927342171711428e-14,2.6957419915144867e-14,1.3156052895614698e-13,1.0446223445257007e-12
11,sun3d-home_md-home_md_scan9_2012_sep_30,4,8,3DLoMatch,baseline,float64,0,final_RE,4.621292232841485e-14,1.4216877355586836e-14,1.3300762330269205e-13,1.8955578249286924e-12
11,sun3d-home_md-home_md_scan9_2012_sep_30,4,8,3DLoMatch,baseline,float64,0,fine_RI,5.166757065071278e-14,nan,nan,nan
11,sun3d-home_md-home_md_scan9_2012_sep_30,4,8,3DLoMatch,baseline,float64,0,coarse_RI,8.220405779958396e-14,nan,nan,nan
11,sun3d-home_md-home_md_scan9_2012_sep_30,4,8,3DLoMatch,baseline,float64,1,S2,1.0658781930554573e-13,3.3424291042811925e-14,1.6045412197473632e-13,3.6062098668559203e-12
11,sun3d-home_md-home_md_scan9_2012_sep_30,4,8,3DLoMatch,baseline,float64,1,S3,1.2062820295009256e-13,4.306362093021518e-14,2.1854887209962318e-13,1.702112670354153e-12
11,sun3d-home_md-home_md_scan9_2012_sep_30,4,8,3DLoMatch,baseline,float64,1,S4_pre_context,9.316252234988998e-14,4.297543072842735e-14,1.9324793224775244e-13,5.864424990183661e-13
11,sun3d-home_md-home_md_scan9_2012_sep_30,4,8,3DLoMatch,baseline,float64,1,S4_post_context,9.316252234988998e-14,4.297543072842735e-14,1.9324793224775244e-13,5.864424990183661e-13
11,sun3d-home_md-home_md_scan9_2012_sep_30,4,8,3DLoMatch,baseline,float64,1,D3,7.913938788682969e-14,2.5758468990288456e-14,1.4113321551428774e-13,1.3761477628594755e-12
11,sun3d-home_md-home_md_scan9_2012_sep_30,4,8,3DLoMatch,baseline,float64,1,D2_pre_context,7.219794632305715e-14,2.7377201519662943e-14,1.166815742745736e-13,1.0967780574731192e-12
11,sun3d-home_md-home_md_scan9_2012_sep_30,4,8,3DLoMatch,baseline,float64,1,D2_post_context,7.219794632305715e-14,2.7377201519662943e-14,1.166815742745736e-13,1.0967780574731192e-12
11,sun3d-home_md-home_md_scan9_2012_sep_30,4,8,3DLoMatch,baseline,float64,1,final_RE,4.5374146252848094e-14,1.3767571571230171e-14,1.397784472863284e-13,1.0458318148872205e-12
11,sun3d-home_md-home_md_scan9_2012_sep_30,4,8,3DLoMatch,baseline,float64,1,fine_RI,5.337423838709471e-14,nan,nan,nan
11,sun3d-home_md-home_md_scan9_2012_sep_30,4,8,3DLoMatch,baseline,float64,1,coarse_RI,9.155101550358655e-14,nan,nan,nan
11,sun3d-home_md-home_md_scan9_2012_sep_30,4,8,3DLoMatch,baseline,float64,2,S2,9.394106553847826e-14,3.403795329454527e-14,1.6159703548989236e-13,2.8305165195986665e-12
11,sun3d-home_md-home_md_scan9_2012_sep_30,4,8,3DLoMatch,baseline,float64,2,S3,1.0698188320573919e-13,4.2209503868772135e-14,1.922080285358774e-13,1.9073727624257013e-12
11,sun3d-home_md-home_md_scan9_2012_sep_30,4,8,3DLoMatch,baseline,float64,2,S4_pre_context,7.488980338922547e-14,3.969414132903102e-14,1.4360765290210023e-13,3.585233468353075e-13
11,sun3d-home_md-home_md_scan9_2012_sep_30,4,8,3DLoMatch,baseline,float64,2,S4_post_context,7.488980338922547e-14,3.969414132903102e-14,1.4360765290210023e-13,3.585233468353075e-13
11,sun3d-home_md-home_md_scan9_2012_sep_30,4,8,3DLoMatch,baseline,float64,2,D3,6.221478324769195e-14,2.3759818747708663e-14,1.1269120567631151e-13,1.2853555910803905e-12
11,sun3d-home_md-home_md_scan9_2012_sep_30,4,8,3DLoMatch,baseline,float64,2,D2_pre_context,5.5602119058729257e-14,2.5771046992011106e-14,9.855676952150937e-14,1.220715688002069e-12
11,sun3d-home_md-home_md_scan9_2012_sep_30,4,8,3DLoMatch,baseline,float64,2,D2_post_context,5.5602119058729257e-14,2.5771046992011106e-14,9.855676952150937e-14,1.220715688002069e-12
11,sun3d-home_md-home_md_scan9_2012_sep_30,4,8,3DLoMatch,baseline,float64,2,final_RE,4.095256610416318e-14,1.3613179975379713e-14,1.2872505531934272e-13,3.0749158562740765e-12
11,sun3d-home_md-home_md_scan9_2012_sep_30,4,8,3DLoMatch,baseline,float64,2,fine_RI,4.0001889095627815e-14,nan,nan,nan
11,sun3d-home_md-home_md_scan9_2012_sep_30,4,8,3DLoMatch,baseline,float64,2,coarse_RI,6.838008559722448e-14,nan,nan,nan
11,sun3d-home_md-home_md_scan9_2012_sep_30,4,8,3DLoMatch,baseline,float64,3,S2,9.960281691965761e-14,3.386976344512894e-14,1.5617833535199176e-13,2.9019549755302977e-12
11,sun3d-home_md-home_md_scan9_2012_sep_30,4,8,3DLoMatch,baseline,float64,3,S3,9.826960551330702e-14,4.3543671071853874e-14,1.9212723762990356e-13,1.259682860515466e-12
11,sun3d-home_md-home_md_scan9_2012_sep_30,4,8,3DLoMatch,baseline,float64,3,S4_pre_context,7.518858158008631e-14,4.0198520674311874e-14,1.347246542780699e-13,5.13135422667191e-13
11,sun3d-home_md-home_md_scan9_2012_sep_30,4,8,3DLoMatch,baseline,float64,3,S4_post_context,7.518858158008631e-14,4.0198520674311874e-14,1.347246542780699e-13,5.13135422667191e-13
11,sun3d-home_md-home_md_scan9_2012_sep_30,4,8,3DLoMatch,baseline,float64,3,D3,6.234035458775352e-14,2.387240667928778e-14,1.0836896015252328e-13,1.2110374342325114e-12
11,sun3d-home_md-home_md_scan9_2012_sep_30,4,8,3DLoMatch,baseline,float64,3,D2_pre_context,5.461483224632488e-14,2.543805781164143e-14,1.0346388054365396e-13,7.273712450045621e-13
11,sun3d-home_md-home_md_scan9_2012_sep_30,4,8,3DLoMatch,baseline,float64,3,D2_post_context,5.461483224632488e-14,2.543805781164143e-14,1.0346388054365396e-13,7.273712450045621e-13
11,sun3d-home_md-home_md_scan9_2012_sep_30,4,8,3DLoMatch,baseline,float64,3,final_RE,3.9839420617356575e-14,1.3558250755549716e-14,1.2415602588155757e-13,9.250590618030944e-13
11,sun3d-home_md-home_md_scan9_2012_sep_30,4,8,3DLoMatch,baseline,float64,3,fine_RI,3.9530019333480843e-14,nan,nan,nan
11,sun3d-home_md-home_md_scan9_2012_sep_30,4,8,3DLoMatch,baseline,float64,3,coarse_RI,6.905404057128482e-14,nan,nan,nan
12,sun3d-home_md-home_md_scan9_2012_sep_30,15,57,3DLoMatch,baseline,float64,0,S2,1.0244438958834218e-13,2.4062286373394198e-14,1.2343642432750247e-13,5.68087610369356e-12
12,sun3d-home_md-home_md_scan9_2012_sep_30,15,57,3DLoMatch,baseline,float64,0,S3,8.012040723477417e-14,3.3545943103786944e-14,1.439632004453922e-13,1.2013780109419766e-12
12,sun3d-home_md-home_md_scan9_2012_sep_30,15,57,3DLoMatch,baseline,float64,0,S4_pre_context,6.026964347914051e-14,3.666132818921623e-14,1.210148098278865e-13,3.0291434951737435e-13
12,sun3d-home_md-home_md_scan9_2012_sep_30,15,57,3DLoMatch,baseline,float64,0,S4_post_context,6.026964347914051e-14,3.666132818921623e-14,1.210148098278865e-13,3.0291434951737435e-13
12,sun3d-home_md-home_md_scan9_2012_sep_30,15,57,3DLoMatch,baseline,float64,0,D3,4.13147601659129e-14,2.4584456981157423e-14,8.331062123362418e-14,3.4360285463947986e-13
12,sun3d-home_md-home_md_scan9_2012_sep_30,15,57,3DLoMatch,baseline,float64,0,D2_pre_context,5.2927850090899026e-14,2.4133185223746702e-14,8.498029601555802e-14,1.02817469249123e-12
12,sun3d-home_md-home_md_scan9_2012_sep_30,15,57,3DLoMatch,baseline,float64,0,D2_post_context,5.2927850090899026e-14,2.4133185223746702e-14,8.498029601555802e-14,1.02817469249123e-12
12,sun3d-home_md-home_md_scan9_2012_sep_30,15,57,3DLoMatch,baseline,float64,0,final_RE,2.9114436593428137e-14,1.338615762818201e-14,7.511512975371798e-14,1.3446247664631858e-12
12,sun3d-home_md-home_md_scan9_2012_sep_30,15,57,3DLoMatch,baseline,float64,0,fine_RI,4.1448152130837744e-14,nan,nan,nan
12,sun3d-home_md-home_md_scan9_2012_sep_30,15,57,3DLoMatch,baseline,float64,0,coarse_RI,5.445905999821387e-14,nan,nan,nan
12,sun3d-home_md-home_md_scan9_2012_sep_30,15,57,3DLoMatch,baseline,float64,1,S2,7.111698552425565e-14,2.3856306175575088e-14,1.2437728023049938e-13,1.8137136114883595e-12
12,sun3d-home_md-home_md_scan9_2012_sep_30,15,57,3DLoMatch,baseline,float64,1,S3,6.469955009582515e-14,3.3356946817733514e-14,1.202960582210505e-13,6.420886658984108e-13
12,sun3d-home_md-home_md_scan9_2012_sep_30,15,57,3DLoMatch,baseline,float64,1,S4_pre_context,5.028559794073762e-14,3.590253635144632e-14,9.241015902160926e-14,1.637593501486712e-13
12,sun3d-home_md-home_md_scan9_2012_sep_30,15,57,3DLoMatch,baseline,float64,1,S4_post_context,5.028559794073762e-14,3.590253635144632e-14,9.241015902160926e-14,1.637593501486712e-13
12,sun3d-home_md-home_md_scan9_2012_sep_30,15,57,3DLoMatch,baseline,float64,1,D3,3.472034987800071e-14,2.3598339960078066e-14,6.396589472455513e-14,2.590814053469089e-13
12,sun3d-home_md-home_md_scan9_2012_sep_30,15,57,3DLoMatch,baseline,float64,1,D2_pre_context,4.0647136664821035e-14,2.340511361051702e-14,7.697119279605687e-14,5.04685067391785e-13
12,sun3d-home_md-home_md_scan9_2012_sep_30,15,57,3DLoMatch,baseline,float64,1,D2_post_context,4.0647136664821035e-14,2.340511361051702e-14,7.697119279605687e-14,5.04685067391785e-13
12,sun3d-home_md-home_md_scan9_2012_sep_30,15,57,3DLoMatch,baseline,float64,1,final_RE,2.3483987648218614e-14,1.245269245984346e-14,6.831980154884164e-14,1.3994329388913672e-12
12,sun3d-home_md-home_md_scan9_2012_sep_30,15,57,3DLoMatch,baseline,float64,1,fine_RI,3.134465386229989e-14,nan,nan,nan
12,sun3d-home_md-home_md_scan9_2012_sep_30,15,57,3DLoMatch,baseline,float64,1,coarse_RI,4.5239661939501016e-14,nan,nan,nan
12,sun3d-home_md-home_md_scan9_2012_sep_30,15,57,3DLoMatch,baseline,float64,2,S2,9.918347148044822e-14,2.4565254087235677e-14,1.1924612325087604e-13,5.444999348346442e-12
12,sun3d-home_md-home_md_scan9_2012_sep_30,15,57,3DLoMatch,baseline,float64,2,S3,7.934996732056848e-14,3.5830618385558064e-14,1.360337619010785e-13,1.1281949550228106e-12
12,sun3d-home_md-home_md_scan9_2012_sep_30,15,57,3DLoMatch,baseline,float64,2,S4_pre_context,5.807086219370877e-14,3.838729671773413e-14,1.1124179641288132e-13,2.0472467049601094e-13
12,sun3d-home_md-home_md_scan9_2012_sep_30,15,57,3DLoMatch,baseline,float64,2,S4_post_context,5.807086219370877e-14,3.838729671773413e-14,1.1124179641288132e-13,2.0472467049601094e-13
12,sun3d-home_md-home_md_scan9_2012_sep_30,15,57,3DLoMatch,baseline,float64,2,D3,4.1506668296147e-14,2.5264687965594014e-14,8.020024749026881e-14,3.166640947061797e-13
12,sun3d-home_md-home_md_scan9_2012_sep_30,15,57,3DLoMatch,baseline,float64,2,D2_pre_context,5.272466356139796e-14,2.4811803759056267e-14,8.404522823147926e-14,1.0903849960178517e-12
12,sun3d-home_md-home_md_scan9_2012_sep_30,15,57,3DLoMatch,baseline,float64,2,D2_post_context,5.272466356139796e-14,2.4811803759056267e-14,8.404522823147926e-14,1.0903849960178517e-12
12,sun3d-home_md-home_md_scan9_2012_sep_30,15,57,3DLoMatch,baseline,float64,2,final_RE,2.904424522267521e-14,1.3106208558540003e-14,7.284559671371302e-14,1.706818248503657e-12
12,sun3d-home_md-home_md_scan9_2012_sep_30,15,57,3DLoMatch,baseline,float64,2,fine_RI,4.182726058900158e-14,nan,nan,nan
12,sun3d-home_md-home_md_scan9_2012_sep_30,15,57,3DLoMatch,baseline,float64,2,coarse_RI,5.209423832891625e-14,nan,nan,nan
12,sun3d-home_md-home_md_scan9_2012_sep_30,15,57,3DLoMatch,baseline,float64,3,S2,6.883530026447598e-14,2.3008126263434884e-14,1.0885991867363866e-13,2.8012067070712985e-12
12,sun3d-home_md-home_md_scan9_2012_sep_30,15,57,3DLoMatch,baseline,float64,3,S3,6.038640128252241e-14,3.145654609529198e-14,1.0856014806835604e-13,5.324230260374253e-13
12,sun3d-home_md-home_md_scan9_2012_sep_30,15,57,3DLoMatch,baseline,float64,3,S4_pre_context,4.664170665620902e-14,3.256994818042702e-14,8.33111840465396e-14,1.7058910679342812e-13
12,sun3d-home_md-home_md_scan9_2012_sep_30,15,57,3DLoMatch,baseline,float64,3,S4_post_context,4.664170665620902e-14,3.256994818042702e-14,8.33111840465396e-14,1.7058910679342812e-13
12,sun3d-home_md-home_md_scan9_2012_sep_30,15,57,3DLoMatch,baseline,float64,3,D3,3.176530750673681e-14,2.1872887500218578e-14,5.879606041269248e-14,1.7724629495926165e-13
12,sun3d-home_md-home_md_scan9_2012_sep_30,15,57,3DLoMatch,baseline,float64,3,D2_pre_context,3.8228413310476884e-14,2.175208725709406e-14,6.52378025428009e-14,6.293023628497311e-13
12,sun3d-home_md-home_md_scan9_2012_sep_30,15,57,3DLoMatch,baseline,float64,3,D2_post_context,3.8228413310476884e-14,2.175208725709406e-14,6.52378025428009e-14,6.293023628497311e-13
12,sun3d-home_md-home_md_scan9_2012_sep_30,15,57,3DLoMatch,baseline,float64,3,final_RE,2.2086639381307574e-14,1.1594846159562005e-14,6.050674268087248e-14,4.1014062202856875e-12
12,sun3d-home_md-home_md_scan9_2012_sep_30,15,57,3DLoMatch,baseline,float64,3,fine_RI,3.024083954266026e-14,nan,nan,nan
12,sun3d-home_md-home_md_scan9_2012_sep_30,15,57,3DLoMatch,baseline,float64,3,coarse_RI,4.225705066118266e-14,nan,nan,nan
13,sun3d-home_md-home_md_scan9_2012_sep_30,38,49,3DLoMatch,baseline,float64,0,S2,8.900764283194018e-14,3.226500631618199e-14,1.4699560406862907e-13,2.7122309028209393e-12
13,sun3d-home_md-home_md_scan9_2012_sep_30,38,49,3DLoMatch,baseline,float64,0,S3,9.889982551260669e-14,4.060477562208775e-14,1.776190759645816e-13,1.811870299721349e-12
13,sun3d-home_md-home_md_scan9_2012_sep_30,38,49,3DLoMatch,baseline,float64,0,S4_pre_context,6.740434182006344e-14,3.9910192497911725e-14,1.2913166490219377e-13,3.2667311107034255e-13
13,sun3d-home_md-home_md_scan9_2012_sep_30,38,49,3DLoMatch,baseline,float64,0,S4_post_context,6.740434182006344e-14,3.9910192497911725e-14,1.2913166490219377e-13,3.2667311107034255e-13
13,sun3d-home_md-home_md_scan9_2012_sep_30,38,49,3DLoMatch,baseline,float64,0,D3,4.9516793521379064e-14,2.3905244952898425e-14,9.11409170509861e-14,6.717713084597796e-13
13,sun3d-home_md-home_md_scan9_2012_sep_30,38,49,3DLoMatch,baseline,float64,0,D2_pre_context,5.09625453680465e-14,2.5889653381571244e-14,9.120772675622042e-14,9.36088151722559e-13
13,sun3d-home_md-home_md_scan9_2012_sep_30,38,49,3DLoMatch,baseline,float64,0,D2_post_context,5.09625453680465e-14,2.5889653381571244e-14,9.120772675622042e-14,9.36088151722559e-13
13,sun3d-home_md-home_md_scan9_2012_sep_30,38,49,3DLoMatch,baseline,float64,0,final_RE,4.355480466121755e-14,1.3599536036916041e-14,1.2841013985644189e-13,1.1387190870394598e-12
13,sun3d-home_md-home_md_scan9_2012_sep_30,38,49,3DLoMatch,baseline,float64,0,fine_RI,3.737076299099909e-14,nan,nan,nan
13,sun3d-home_md-home_md_scan9_2012_sep_30,38,49,3DLoMatch,baseline,float64,0,coarse_RI,6.230126762553113e-14,nan,nan,nan
13,sun3d-home_md-home_md_scan9_2012_sep_30,38,49,3DLoMatch,baseline,float64,1,S2,1.4219760450744915e-13,3.578824759601034e-14,1.7772623785789667e-13,6.930223762964615e-12
13,sun3d-home_md-home_md_scan9_2012_sep_30,38,49,3DLoMatch,baseline,float64,1,S3,1.3233903864542525e-13,4.729315625710392e-14,2.470668295119378e-13,2.3775568862479644e-12
13,sun3d-home_md-home_md_scan9_2012_sep_30,38,49,3DLoMatch,baseline,float64,1,S4_pre_context,8.638096173042074e-14,4.6696420542599514e-14,1.730947300170972e-13,4.729252423771763e-13
13,sun3d-home_md-home_md_scan9_2012_sep_30,38,49,3DLoMatch,baseline,float64,1,S4_post_context,8.638096173042074e-14,4.6696420542599514e-14,1.730947300170972e-13,4.729252423771763e-13
13,sun3d-home_md-home_md_scan9_2012_sep_30,38,49,3DLoMatch,baseline,float64,1,D3,6.272517786920331e-14,2.972981952352822e-14,1.2200520084769418e-13,7.855989492338967e-13
13,sun3d-home_md-home_md_scan9_2012_sep_30,38,49,3DLoMatch,baseline,float64,1,D2_pre_context,7.455340521383109e-14,3.078943868359172e-14,1.1612996088722289e-13,2.5993750427341595e-12
13,sun3d-home_md-home_md_scan9_2012_sep_30,38,49,3DLoMatch,baseline,float64,1,D2_post_context,7.455340521383109e-14,3.078943868359172e-14,1.1612996088722289e-13,2.5993750427341595e-12
13,sun3d-home_md-home_md_scan9_2012_sep_30,38,49,3DLoMatch,baseline,float64,1,final_RE,6.660732560507012e-14,1.607896590999389e-14,1.533770755654795e-13,3.1219668330159295e-12
13,sun3d-home_md-home_md_scan9_2012_sep_30,38,49,3DLoMatch,baseline,float64,1,fine_RI,5.443233669445141e-14,nan,nan,nan
13,sun3d-home_md-home_md_scan9_2012_sep_30,38,49,3DLoMatch,baseline,float64,1,coarse_RI,7.632420875041404e-14,nan,nan,nan
13,sun3d-home_md-home_md_scan9_2012_sep_30,38,49,3DLoMatch,baseline,float64,2,S2,1.3282418621398595e-13,3.3580911989651893e-14,1.61160108925023e-13,6.86701491564855e-12
13,sun3d-home_md-home_md_scan9_2012_sep_30,38,49,3DLoMatch,baseline,float64,2,S3,1.3155833915209978e-13,4.3985948021642185e-14,2.2327357068649737e-13,2.3017708883027056e-12
13,sun3d-home_md-home_md_scan9_2012_sep_30,38,49,3DLoMatch,baseline,float64,2,S4_pre_context,8.362234644371138e-14,4.439726239200718e-14,1.7000826779892636e-13,4.3145151339902836e-13
13,sun3d-home_md-home_md_scan9_2012_sep_30,38,49,3DLoMatch,baseline,float64,2,S4_post_context,8.362234644371138e-14,4.439726239200718e-14,1.7000826779892636e-13,4.3145151339902836e-13
13,sun3d-home_md-home_md_scan9_2012_sep_30,38,49,3DLoMatch,baseline,float64,2,D3,6.276595492784449e-14,2.8258118672400936e-14,1.238291315523111e-13,7.274147457518523e-13
13,sun3d-home_md-home_md_scan9_2012_sep_30,38,49,3DLoMatch,baseline,float64,2,D2_pre_context,7.318146817075574e-14,2.91465540790923e-14,1.1584231126714486e-13,2.3811216424526357e-12
13,sun3d-home_md-home_md_scan9_2012_sep_30,38,49,3DLoMatch,baseline,float64,2,D2_post_context,7.318146817075574e-14,2.91465540790923e-14,1.1584231126714486e-13,2.3811216424526357e-12
13,sun3d-home_md-home_md_scan9_2012_sep_30,38,49,3DLoMatch,baseline,float64,2,final_RE,6.277342028183281e-14,1.5635887046075995e-14,1.3583121751937154e-13,2.853404835163509e-12
13,sun3d-home_md-home_md_scan9_2012_sep_30,38,49,3DLoMatch,baseline,float64,2,fine_RI,5.333536623313129e-14,nan,nan,nan
13,sun3d-home_md-home_md_scan9_2012_sep_30,38,49,3DLoMatch,baseline,float64,2,coarse_RI,1.0581683971124289e-13,nan,nan,nan
13,sun3d-home_md-home_md_scan9_2012_sep_30,38,49,3DLoMatch,baseline,float64,3,S2,8.259741778160187e-14,3.446048595282647e-14,1.5879280106013285e-13,1.444667716999943e-12
13,sun3d-home_md-home_md_scan9_2012_sep_30,38,49,3DLoMatch,baseline,float64,3,S3,9.097008745704256e-14,4.3535861155097864e-14,1.8190263310207765e-13,1.2099229774854165e-12
13,sun3d-home_md-home_md_scan9_2012_sep_30,38,49,3DLoMatch,baseline,float64,3,S4_pre_context,6.448206907163528e-14,4.039158028752101e-14,1.4156113458455625e-13,2.6871918892242655e-13
13,sun3d-home_md-home_md_scan9_2012_sep_30,38,49,3DLoMatch,baseline,float64,3,S4_post_context,6.448206907163528e-14,4.039158028752101e-14,1.4156113458455625e-13,2.6871918892242655e-13
13,sun3d-home_md-home_md_scan9_2012_sep_30,38,49,3DLoMatch,baseline,float64,3,D3,4.616359566945245e-14,2.533663064640336e-14,9.404873077138369e-14,4.1300250203861957e-13
13,sun3d-home_md-home_md_scan9_2012_sep_30,38,49,3DLoMatch,baseline,float64,3,D2_pre_context,4.991865845040992e-14,2.6387043196150325e-14,9.663494700048885e-14,4.995361535252695e-13
13,sun3d-home_md-home_md_scan9_2012_sep_30,38,49,3DLoMatch,baseline,float64,3,D2_post_context,4.991865845040992e-14,2.6387043196150325e-14,9.663494700048885e-14,4.995361535252695e-13
13,sun3d-home_md-home_md_scan9_2012_sep_30,38,49,3DLoMatch,baseline,float64,3,final_RE,4.4035627133930014e-14,1.317474149195629e-14,1.3618056777672591e-13,1.3769916380805846e-12
13,sun3d-home_md-home_md_scan9_2012_sep_30,38,49,3DLoMatch,baseline,float64,3,fine_RI,3.564054603213748e-14,nan,nan,nan
13,sun3d-home_md-home_md_scan9_2012_sep_30,38,49,3DLoMatch,baseline,float64,3,coarse_RI,6.759656685292605e-14,nan,nan,nan
14,sun3d-hotel_uc-scan3,4,39,3DLoMatch,baseline,float64,0,S2,5.774281105786487e-14,2.196490215657928e-14,1.0106550955466269e-13,1.6190964516816515e-12
14,sun3d-hotel_uc-scan3,4,39,3DLoMatch,baseline,float64,0,S3,6.757677439803471e-14,2.881349788823952e-14,1.2416402816404594e-13,1.1236554884597308e-12
14,sun3d-hotel_uc-scan3,4,39,3DLoMatch,baseline,float64,0,S4_pre_context,5.480908222696191e-14,3.312723753016973e-14,1.136601988338711e-13,2.1552104206834807e-13
14,sun3d-hotel_uc-scan3,4,39,3DLoMatch,baseline,float64,0,S4_post_context,5.480908222696191e-14,3.312723753016973e-14,1.136601988338711e-13,2.1552104206834807e-13
14,sun3d-hotel_uc-scan3,4,39,3DLoMatch,baseline,float64,0,D3,3.869502032521659e-14,2.134130060353183e-14,7.623655161283554e-14,3.635881592020482e-13
14,sun3d-hotel_uc-scan3,4,39,3DLoMatch,baseline,float64,0,D2_pre_context,4.0280519586890205e-14,2.1728893124721626e-14,8.382952954234986e-14,4.626988106855349e-13
14,sun3d-hotel_uc-scan3,4,39,3DLoMatch,baseline,float64,0,D2_post_context,4.0280519586890205e-14,2.1728893124721626e-14,8.382952954234986e-14,4.626988106855349e-13
14,sun3d-hotel_uc-scan3,4,39,3DLoMatch,baseline,float64,0,final_RE,2.929695008184676e-14,1.3567416487134881e-14,8.242804856001022e-14,1.2483968091598958e-12
14,sun3d-hotel_uc-scan3,4,39,3DLoMatch,baseline,float64,0,fine_RI,3.2916497883656805e-14,nan,nan,nan
14,sun3d-hotel_uc-scan3,4,39,3DLoMatch,baseline,float64,0,coarse_RI,5.180314355337521e-14,nan,nan,nan
14,sun3d-hotel_uc-scan3,4,39,3DLoMatch,baseline,float64,1,S2,4.738163470981263e-14,2.1865063826197567e-14,9.030925922221522e-14,7.138975259624019e-13
14,sun3d-hotel_uc-scan3,4,39,3DLoMatch,baseline,float64,1,S3,4.7423395910486226e-14,2.7364538553999255e-14,8.943573418335346e-14,4.592533391099844e-13
14,sun3d-hotel_uc-scan3,4,39,3DLoMatch,baseline,float64,1,S4_pre_context,3.7237668735478976e-14,2.779013682266849e-14,6.488543544114139e-14,1.1226369802651162e-13
14,sun3d-hotel_uc-scan3,4,39,3DLoMatch,baseline,float64,1,S4_post_context,3.7237668735478976e-14,2.779013682266849e-14,6.488543544114139e-14,1.1226369802651162e-13
14,sun3d-hotel_uc-scan3,4,39,3DLoMatch,baseline,float64,1,D3,2.5943422450228885e-14,1.8266232629615944e-14,4.897132201254345e-14,1.3958012851315152e-13
14,sun3d-hotel_uc-scan3,4,39,3DLoMatch,baseline,float64,1,D2_pre_context,2.915096542913273e-14,1.8736716514403753e-14,5.338965199644241e-14,2.374233247429999e-13
14,sun3d-hotel_uc-scan3,4,39,3DLoMatch,baseline,float64,1,D2_post_context,2.915096542913273e-14,1.8736716514403753e-14,5.338965199644241e-14,2.374233247429999e-13
14,sun3d-hotel_uc-scan3,4,39,3DLoMatch,baseline,float64,1,final_RE,2.0802504668422385e-14,1.1101202443406482e-14,6.10299855777147e-14,6.030337812022459e-13
14,sun3d-hotel_uc-scan3,4,39,3DLoMatch,baseline,float64,1,fine_RI,2.284507032880692e-14,nan,nan,nan
14,sun3d-hotel_uc-scan3,4,39,3DLoMatch,baseline,float64,1,coarse_RI,3.524373040069489e-14,nan,nan,nan
14,sun3d-hotel_uc-scan3,4,39,3DLoMatch,baseline,float64,2,S2,4.7598019806782516e-14,2.1316158072485502e-14,8.96748251047575e-14,8.393382783556749e-13
14,sun3d-hotel_uc-scan3,4,39,3DLoMatch,baseline,float64,2,S3,4.9440441795158904e-14,2.6393510595650872e-14,9.806005129487489e-14,4.798489328684409e-13
14,sun3d-hotel_uc-scan3,4,39,3DLoMatch,baseline,float64,2,S4_pre_context,4.181901638262044e-14,2.6920239998796704e-14,7.70595416461518e-14,2.6913140920780384e-13
14,sun3d-hotel_uc-scan3,4,39,3DLoMatch,baseline,float64,2,S4_post_context,4.181901638262044e-14,2.6920239998796704e-14,7.70595416461518e-14,2.6913140920780384e-13
14,sun3d-hotel_uc-scan3,4,39,3DLoMatch,baseline,float64,2,D3,2.864396617967053e-14,1.815741289129262e-14,5.494179895362351e-14,1.4905383681899238e-13
14,sun3d-hotel_uc-scan3,4,39,3DLoMatch,baseline,float64,2,D2_pre_context,3.132896209309965e-14,1.863863245971924e-14,5.776018122432196e-14,5.322356894502216e-13
14,sun3d-hotel_uc-scan3,4,39,3DLoMatch,baseline,float64,2,D2_post_context,3.132896209309965e-14,1.863863245971924e-14,5.776018122432196e-14,5.322356894502216e-13
14,sun3d-hotel_uc-scan3,4,39,3DLoMatch,baseline,float64,2,final_RE,2.333425704830603e-14,1.0789445284170794e-14,6.322397979422231e-14,8.380669331468367e-13
14,sun3d-hotel_uc-scan3,4,39,3DLoMatch,baseline,float64,2,fine_RI,2.3882258110966683e-14,nan,nan,nan
14,sun3d-hotel_uc-scan3,4,39,3DLoMatch,baseline,float64,2,coarse_RI,3.78240560598753e-14,nan,nan,nan
14,sun3d-hotel_uc-scan3,4,39,3DLoMatch,baseline,float64,3,S2,5.564530733955899e-14,2.1544707587019035e-14,9.530946316238572e-14,1.3670181477965945e-12
14,sun3d-hotel_uc-scan3,4,39,3DLoMatch,baseline,float64,3,S3,5.158050103427591e-14,2.8350880990905897e-14,9.916810055530538e-14,5.243639170852263e-13
14,sun3d-hotel_uc-scan3,4,39,3DLoMatch,baseline,float64,3,S4_pre_context,4.1501684153372394e-14,3.052934692268296e-14,7.892621188121216e-14,1.6160711196467957e-13
14,sun3d-hotel_uc-scan3,4,39,3DLoMatch,baseline,float64,3,S4_post_context,4.1501684153372394e-14,3.052934692268296e-14,7.892621188121216e-14,1.6160711196467957e-13
14,sun3d-hotel_uc-scan3,4,39,3DLoMatch,baseline,float64,3,D3,3.2029272066392896e-14,1.9878219475576013e-14,6.204637749947686e-14,1.982983158963848e-13
14,sun3d-hotel_uc-scan3,4,39,3DLoMatch,baseline,float64,3,D2_pre_context,3.7275959691183014e-14,2.125250276195893e-14,6.901288167623818e-14,4.3889312305445847e-13
14,sun3d-hotel_uc-scan3,4,39,3DLoMatch,baseline,float64,3,D2_post_context,3.7275959691183014e-14,2.125250276195893e-14,6.901288167623818e-14,4.3889312305445847e-13
14,sun3d-hotel_uc-scan3,4,39,3DLoMatch,baseline,float64,3,final_RE,2.419972216496169e-14,1.2206520100386175e-14,7.069804966987033e-14,6.839266460459683e-13
14,sun3d-hotel_uc-scan3,4,39,3DLoMatch,baseline,float64,3,fine_RI,2.9498822596433835e-14,nan,nan,nan
14,sun3d-hotel_uc-scan3,4,39,3DLoMatch,baseline,float64,3,coarse_RI,4.436573464711629e-14,nan,nan,nan
15,sun3d-hotel_uc-scan3,17,34,3DLoMatch,baseline,float64,0,S2,9.283200064717974e-14,4.083689002365506e-14,1.5669321630233985e-13,2.2523927073004697e-12
15,sun3d-hotel_uc-scan3,17,34,3DLoMatch,baseline,float64,0,S3,9.820015673049796e-14,5.508766952627999e-14,1.8709789567103564e-13,1.0864283612273248e-12
15,sun3d-hotel_uc-scan3,17,34,3DLoMatch,baseline,float64,0,S4_pre_context,8.097707900275716e-14,5.4244552254825674e-14,1.409081650931314e-13,4.2813472408456286e-13
15,sun3d-hotel_uc-scan3,17,34,3DLoMatch,baseline,float64,0,S4_post_context,8.097707900275716e-14,5.4244552254825674e-14,1.409081650931314e-13,4.2813472408456286e-13
15,sun3d-hotel_uc-scan3,17,34,3DLoMatch,baseline,float64,0,D3,5.512208705333185e-14,3.594538174525914e-14,1.0058430417926269e-13,3.5482909162950533e-13
15,sun3d-hotel_uc-scan3,17,34,3DLoMatch,baseline,float64,0,D2_pre_context,5.4520632781780863e-14,3.422197580529327e-14,9.940591521130196e-14,8.178611398880058e-13
15,sun3d-hotel_uc-scan3,17,34,3DLoMatch,baseline,float64,0,D2_post_context,5.4520632781780863e-14,3.422197580529327e-14,9.940591521130196e-14,8.178611398880058e-13
15,sun3d-hotel_uc-scan3,17,34,3DLoMatch,baseline,float64,0,final_RE,4.53262494466472e-14,2.340532101424064e-14,1.28606505539819e-13,9.337789925735283e-13
15,sun3d-hotel_uc-scan3,17,34,3DLoMatch,baseline,float64,0,fine_RI,4.4293751770256693e-14,nan,nan,nan
15,sun3d-hotel_uc-scan3,17,34,3DLoMatch,baseline,float64,0,coarse_RI,7.659538461069013e-14,nan,nan,nan
15,sun3d-hotel_uc-scan3,17,34,3DLoMatch,baseline,float64,1,S2,9.34920933962773e-14,4.030726347337074e-14,1.5277704271843228e-13,4.1326676271212706e-12
15,sun3d-hotel_uc-scan3,17,34,3DLoMatch,baseline,float64,1,S3,9.285918672426934e-14,5.4226298714948536e-14,1.9162558636138025e-13,6.682257847396743e-13
15,sun3d-hotel_uc-scan3,17,34,3DLoMatch,baseline,float64,1,S4_pre_context,7.950003487402708e-14,5.403739862860861e-14,1.4737571376902847e-13,5.041565882772088e-13
15,sun3d-hotel_uc-scan3,17,34,3DLoMatch,baseline,float64,1,S4_post_context,7.950003487402708e-14,5.403739862860861e-14,1.4737571376902847e-13,5.041565882772088e-13
15,sun3d-hotel_uc-scan3,17,34,3DLoMatch,baseline,float64,1,D3,5.967194715519159e-14,3.5359188535550595e-14,1.1121588954717864e-13,6.503293009983678e-13
15,sun3d-hotel_uc-scan3,17,34,3DLoMatch,baseline,float64,1,D2_pre_context,6.04242130241397e-14,3.44245398481728e-14,1.0256305047848829e-13,1.6171318330373825e-12
15,sun3d-hotel_uc-scan3,17,34,3DLoMatch,baseline,float64,1,D2_post_context,6.04242130241397e-14,3.44245398481728e-14,1.0256305047848829e-13,1.6171318330373825e-12
15,sun3d-hotel_uc-scan3,17,34,3DLoMatch,baseline,float64,1,final_RE,4.937243330526719e-14,2.3531672338155164e-14,1.3215821777402414e-13,2.5183159729505718e-12
15,sun3d-hotel_uc-scan3,17,34,3DLoMatch,baseline,float64,1,fine_RI,5.385841176203263e-14,nan,nan,nan
15,sun3d-hotel_uc-scan3,17,34,3DLoMatch,baseline,float64,1,coarse_RI,8.071345021075063e-14,nan,nan,nan
15,sun3d-hotel_uc-scan3,17,34,3DLoMatch,baseline,float64,2,S2,8.799347782649128e-14,3.921435778618564e-14,1.5728524147251122e-13,2.0825628369420768e-12
15,sun3d-hotel_uc-scan3,17,34,3DLoMatch,baseline,float64,2,S3,9.731295044825336e-14,5.2308854492336085e-14,1.9887657776785874e-13,8.873415949578659e-13
15,sun3d-hotel_uc-scan3,17,34,3DLoMatch,baseline,float64,2,S4_pre_context,8.255076145750019e-14,5.377890444583592e-14,1.5406986787663537e-13,3.6798988538346e-13
15,sun3d-hotel_uc-scan3,17,34,3DLoMatch,baseline,float64,2,S4_post_context,8.255076145750019e-14,5.377890444583592e-14,1.5406986787663537e-13,3.6798988538346e-13
15,sun3d-hotel_uc-scan3,17,34,3DLoMatch,baseline,float64,2,D3,6.138176843536622e-14,3.526480808054528e-14,1.171907077241778e-13,6.628090377989643e-13
15,sun3d-hotel_uc-scan3,17,34,3DLoMatch,baseline,float64,2,D2_pre_context,5.903774760770959e-14,3.4211241616591755e-14,1.141312717215758e-13,6.30906956294049e-13
15,sun3d-hotel_uc-scan3,17,34,3DLoMatch,baseline,float64,2,D2_post_context,5.903774760770959e-14,3.4211241616591755e-14,1.141312717215758e-13,6.30906956294049e-13
15,sun3d-hotel_uc-scan3,17,34,3DLoMatch,baseline,float64,2,final_RE,5.149482251887956e-14,2.2874949422587606e-14,1.5481997119677695e-13,1.6533999443402567e-12
15,sun3d-hotel_uc-scan3,17,34,3DLoMatch,baseline,float64,2,fine_RI,4.709672070890762e-14,nan,nan,nan
15,sun3d-hotel_uc-scan3,17,34,3DLoMatch,baseline,float64,2,coarse_RI,8.254167735380885e-14,nan,nan,nan
15,sun3d-hotel_uc-scan3,17,34,3DLoMatch,baseline,float64,3,S2,9.266389643615262e-14,3.857185452374518e-14,1.5471389177424014e-13,4.869465152107543e-12
15,sun3d-hotel_uc-scan3,17,34,3DLoMatch,baseline,float64,3,S3,9.473769457335392e-14,5.17707231869428e-14,1.8625816275063702e-13,8.553797987506844e-13
15,sun3d-hotel_uc-scan3,17,34,3DLoMatch,baseline,float64,3,S4_pre_context,8.111904527570167e-14,5.006901576027696e-14,1.621116981308922e-13,5.783743310376207e-13
15,sun3d-hotel_uc-scan3,17,34,3DLoMatch,baseline,float64,3,S4_post_context,8.111904527570167e-14,5.006901576027696e-14,1.621116981308922e-13,5.783743310376207e-13
15,sun3d-hotel_uc-scan3,17,34,3DLoMatch,baseline,float64,3,D3,5.873068210982957e-14,3.314791055373096e-14,1.1331125041921294e-13,4.838570289910329e-13
15,sun3d-hotel_uc-scan3,17,34,3DLoMatch,baseline,float64,3,D2_pre_context,6.257639318881499e-14,3.2131394092456214e-14,1.0900593513338717e-13,1.8801527837714036e-12
15,sun3d-hotel_uc-scan3,17,34,3DLoMatch,baseline,float64,3,D2_post_context,6.257639318881499e-14,3.2131394092456214e-14,1.0900593513338717e-13,1.8801527837714036e-12
15,sun3d-hotel_uc-scan3,17,34,3DLoMatch,baseline,float64,3,final_RE,5.1376214216078283e-14,2.27740046158047e-14,1.3946020154907811e-13,1.89394553183719e-12
15,sun3d-hotel_uc-scan3,17,34,3DLoMatch,baseline,float64,3,fine_RI,5.915402987163581e-14,nan,nan,nan
15,sun3d-hotel_uc-scan3,17,34,3DLoMatch,baseline,float64,3,coarse_RI,8.600869140494008e-14,nan,nan,nan
16,sun3d-hotel_uc-scan3,36,37,3DLoMatch,baseline,float64,0,S2,6.627420196152855e-14,2.8438512514042194e-14,1.0806671283214087e-13,3.1414122459410693e-12
16,sun3d-hotel_uc-scan3,36,37,3DLoMatch,baseline,float64,0,S3,6.060907916366415e-14,3.551124264660602e-14,1.0321563616649918e-13,5.73460626703473e-13
16,sun3d-hotel_uc-scan3,36,37,3DLoMatch,baseline,float64,0,S4_pre_context,4.5276573386247266e-14,3.239528378715505e-14,7.892916426359181e-14,2.036477344575709e-13
16,sun3d-hotel_uc-scan3,36,37,3DLoMatch,baseline,float64,0,S4_post_context,4.5276573386247266e-14,3.239528378715505e-14,7.892916426359181e-14,2.036477344575709e-13
16,sun3d-hotel_uc-scan3,36,37,3DLoMatch,baseline,float64,0,D3,3.2869178935653404e-14,2.2710453682717063e-14,5.702645443403282e-14,2.309559620607719e-13
16,sun3d-hotel_uc-scan3,36,37,3DLoMatch,baseline,float64,0,D2_pre_context,3.7496682496852614e-14,2.3128172782429063e-14,6.222433924250927e-14,1.0245662816239202e-12
16,sun3d-hotel_uc-scan3,36,37,3DLoMatch,baseline,float64,0,D2_post_context,3.7496682496852614e-14,2.3128172782429063e-14,6.222433924250927e-14,1.0245662816239202e-12
16,sun3d-hotel_uc-scan3,36,37,3DLoMatch,baseline,float64,0,final_RE,2.5967952679352388e-14,1.3398659361799808e-14,7.364686275244631e-14,1.1048251434638558e-12
16,sun3d-hotel_uc-scan3,36,37,3DLoMatch,baseline,float64,0,fine_RI,2.8555692995589383e-14,nan,nan,nan
16,sun3d-hotel_uc-scan3,36,37,3DLoMatch,baseline,float64,0,coarse_RI,4.130825190284124e-14,nan,nan,nan
16,sun3d-hotel_uc-scan3,36,37,3DLoMatch,baseline,float64,1,S2,5.55456412300749e-14,2.7006541161678997e-14,9.564539095288725e-14,2.1308689277434236e-12
16,sun3d-hotel_uc-scan3,36,37,3DLoMatch,baseline,float64,1,S3,5.430434441053685e-14,3.3518003674652986e-14,9.705351760140219e-14,4.000451900412088e-13
16,sun3d-hotel_uc-scan3,36,37,3DLoMatch,baseline,float64,1,S4_pre_context,4.0906557834207616e-14,3.0816485501420335e-14,7.22748215625785e-14,1.8473956232701578e-13
16,sun3d-hotel_uc-scan3,36,37,3DLoMatch,baseline,float64,1,S4_post_context,4.0906557834207616e-14,3.0816485501420335e-14,7.22748215625785e-14,1.8473956232701578e-13
16,sun3d-hotel_uc-scan3,36,37,3DLoMatch,baseline,float64,1,D3,3.099450279450904e-14,2.1552039613516e-14,5.71314873592312e-14,1.7271749470086354e-13
16,sun3d-hotel_uc-scan3,36,37,3DLoMatch,baseline,float64,1,D2_pre_context,3.4692461956186684e-14,2.17319212746097e-14,6.165730155046641e-14,7.392923021154439e-13
16,sun3d-hotel_uc-scan3,36,37,3DLoMatch,baseline,float64,1,D2_post_context,3.4692461956186684e-14,2.17319212746097e-14,6.165730155046641e-14,7.392923021154439e-13
16,sun3d-hotel_uc-scan3,36,37,3DLoMatch,baseline,float64,1,final_RE,2.631059602400344e-14,1.2787877750150021e-14,7.405796032840997e-14,1.3267273471879771e-12
16,sun3d-hotel_uc-scan3,36,37,3DLoMatch,baseline,float64,1,fine_RI,2.7527151778024675e-14,nan,nan,nan
16,sun3d-hotel_uc-scan3,36,37,3DLoMatch,baseline,float64,1,coarse_RI,3.873940382450466e-14,nan,nan,nan
16,sun3d-hotel_uc-scan3,36,37,3DLoMatch,baseline,float64,2,S2,5.315432048852458e-14,2.850451976574384e-14,9.917521941314561e-14,7.725665859600313e-13
16,sun3d-hotel_uc-scan3,36,37,3DLoMatch,baseline,float64,2,S3,5.235536830551585e-14,3.53634280496233e-14,9.697091106249982e-14,3.934842020535904e-13
16,sun3d-hotel_uc-scan3,36,37,3DLoMatch,baseline,float64,2,S4_pre_context,4.202907983041284e-14,3.2966647371572414e-14,7.682800326810026e-14,1.5558515854547745e-13
16,sun3d-hotel_uc-scan3,36,37,3DLoMatch,baseline,float64,2,S4_post_context,4.202907983041284e-14,3.2966647371572414e-14,7.682800326810026e-14,1.5558515854547745e-13
16,sun3d-hotel_uc-scan3,36,37,3DLoMatch,baseline,float64,2,D3,3.1637671064113876e-14,2.2539255951320472e-14,5.7609605429519e-14,1.9199240141777754e-13
16,sun3d-hotel_uc-scan3,36,37,3DLoMatch,baseline,float64,2,D2_pre_context,3.695013861347843e-14,2.276202456577415e-14,6.628813167305885e-14,5.560079829574457e-13
16,sun3d-hotel_uc-scan3,36,37,3DLoMatch,baseline,float64,2,D2_post_context,3.695013861347843e-14,2.276202456577415e-14,6.628813167305885e-14,5.560079829574457e-13
16,sun3d-hotel_uc-scan3,36,37,3DLoMatch,baseline,float64,2,final_RE,2.5948831729099455e-14,1.3419146260892773e-14,7.57441474122098e-14,8.203915787278768e-13
16,sun3d-hotel_uc-scan3,36,37,3DLoMatch,baseline,float64,2,fine_RI,3.0468161454284016e-14,nan,nan,nan
16,sun3d-hotel_uc-scan3,36,37,3DLoMatch,baseline,float64,2,coarse_RI,3.9100785640010094e-14,nan,nan,nan
16,sun3d-hotel_uc-scan3,36,37,3DLoMatch,baseline,float64,3,S2,5.004521275484637e-14,2.7982158343318962e-14,9.317119721246865e-14,9.082339493745839e-13
16,sun3d-hotel_uc-scan3,36,37,3DLoMatch,baseline,float64,3,S3,5.1048979250803224e-14,3.541449004854616e-14,9.230612560614797e-14,3.180309231032556e-13
16,sun3d-hotel_uc-scan3,36,37,3DLoMatch,baseline,float64,3,S4_pre_context,4.0983939474908076e-14,3.392020958605463e-14,6.8660924313359e-14,1.3461907552464802e-13
16,sun3d-hotel_uc-scan3,36,37,3DLoMatch,baseline,float64,3,S4_post_context,4.0983939474908076e-14,3.392020958605463e-14,6.8660924313359e-14,1.3461907552464802e-13
16,sun3d-hotel_uc-scan3,36,37,3DLoMatch,baseline,float64,3,D3,3.116112051722443e-14,2.204503554396999e-14,5.845714771507047e-14,2.5962166177544573e-13
16,sun3d-hotel_uc-scan3,36,37,3DLoMatch,baseline,float64,3,D2_pre_context,3.5213532598077815e-14,2.2459047035285008e-14,6.400674969302816e-14,4.157110822739249e-13
16,sun3d-hotel_uc-scan3,36,37,3DLoMatch,baseline,float64,3,D2_post_context,3.5213532598077815e-14,2.2459047035285008e-14,6.400674969302816e-14,4.157110822739249e-13
16,sun3d-hotel_uc-scan3,36,37,3DLoMatch,baseline,float64,3,final_RE,2.6636869140029162e-14,1.2884023162862047e-14,7.790525340360814e-14,1.39984984114862e-12
16,sun3d-hotel_uc-scan3,36,37,3DLoMatch,baseline,float64,3,fine_RI,2.991528103197216e-14,nan,nan,nan
16,sun3d-hotel_uc-scan3,36,37,3DLoMatch,baseline,float64,3,coarse_RI,4.494882085411475e-14,nan,nan,nan
17,sun3d-hotel_umd-maryland_hotel1,8,26,3DLoMatch,baseline,float64,0,S2,9.497249136661833e-14,4.245810150544888e-14,1.763504994312495e-13,1.7610706896059276e-12
17,sun3d-hotel_umd-maryland_hotel1,8,26,3DLoMatch,baseline,float64,0,S3,1.075760395175355e-13,5.639037251492383e-14,2.2071039299732797e-13,1.1064207020155486e-12
17,sun3d-hotel_umd-maryland_hotel1,8,26,3DLoMatch,baseline,float64,0,S4_pre_context,1.1231169136143261e-13,5.673656217128068e-14,2.2996907486185463e-13,6.561913000408043e-13
17,sun3d-hotel_umd-maryland_hotel1,8,26,3DLoMatch,baseline,float64,0,S4_post_context,1.1231169136143261e-13,5.673656217128068e-14,2.2996907486185463e-13,6.561913000408043e-13
17,sun3d-hotel_umd-maryland_hotel1,8,26,3DLoMatch,baseline,float64,0,D3,8.781690541038928e-14,3.697790998553394e-14,1.983768913530341e-13,6.985973150884601e-13
17,sun3d-hotel_umd-maryland_hotel1,8,26,3DLoMatch,baseline,float64,0,D2_pre_context,7.852877479791568e-14,3.535881224348482e-14,1.6506566328661783e-13,6.602798928118822e-13
17,sun3d-hotel_umd-maryland_hotel1,8,26,3DLoMatch,baseline,float64,0,D2_post_context,7.852877479791568e-14,3.535881224348482e-14,1.6506566328661783e-13,6.602798928118822e-13
17,sun3d-hotel_umd-maryland_hotel1,8,26,3DLoMatch,baseline,float64,0,final_RE,7.233544269600593e-14,2.1342622774835676e-14,2.1924769772410267e-13,4.97703636587402e-12
17,sun3d-hotel_umd-maryland_hotel1,8,26,3DLoMatch,baseline,float64,0,fine_RI,5.247935457311336e-14,nan,nan,nan
17,sun3d-hotel_umd-maryland_hotel1,8,26,3DLoMatch,baseline,float64,0,coarse_RI,1.1170400554764146e-13,nan,nan,nan
17,sun3d-hotel_umd-maryland_hotel1,8,26,3DLoMatch,baseline,float64,1,S2,1.0287534389103987e-13,4.281981987907176e-14,1.7279868285424173e-13,2.823208317787927e-12
17,sun3d-hotel_umd-maryland_hotel1,8,26,3DLoMatch,baseline,float64,1,S3,1.1155622336947906e-13,5.858119398969329e-14,2.2284958003544026e-13,1.375978100119425e-12
17,sun3d-hotel_umd-maryland_hotel1,8,26,3DLoMatch,baseline,float64,1,S4_pre_context,1.1437999254258009e-13,5.841292169957952e-14,2.315977799527516e-13,7.841081269922482e-13
17,sun3d-hotel_umd-maryland_hotel1,8,26,3DLoMatch,baseline,float64,1,S4_post_context,1.1437999254258009e-13,5.841292169957952e-14,2.315977799527516e-13,7.841081269922482e-13
17,sun3d-hotel_umd-maryland_hotel1,8,26,3DLoMatch,baseline,float64,1,D3,8.433472954754823e-14,3.7323503044732187e-14,1.7730381535239468e-13,6.166451583038018e-13
17,sun3d-hotel_umd-maryland_hotel1,8,26,3DLoMatch,baseline,float64,1,D2_pre_context,7.92387972892182e-14,3.615735619497455e-14,1.5714192594697163e-13,1.650390740281618e-12
17,sun3d-hotel_umd-maryland_hotel1,8,26,3DLoMatch,baseline,float64,1,D2_post_context,7.92387972892182e-14,3.615735619497455e-14,1.5714192594697163e-13,1.650390740281618e-12
17,sun3d-hotel_umd-maryland_hotel1,8,26,3DLoMatch,baseline,float64,1,final_RE,7.725812340363148e-14,2.1543291717815994e-14,2.2194227907876539e-13,4.474648042239472e-12
17,sun3d-hotel_umd-maryland_hotel1,8,26,3DLoMatch,baseline,float64,1,fine_RI,5.3578185171402513e-14,nan,nan,nan
17,sun3d-hotel_umd-maryland_hotel1,8,26,3DLoMatch,baseline,float64,1,coarse_RI,1.1142540582369946e-13,nan,nan,nan
17,sun3d-hotel_umd-maryland_hotel1,8,26,3DLoMatch,baseline,float64,2,S2,1.3525457266422047e-13,4.30473705538943e-14,1.7182340234100758e-13,7.87740451201208e-12
17,sun3d-hotel_umd-maryland_hotel1,8,26,3DLoMatch,baseline,float64,2,S3,1.3470372284771525e-13,5.923548308220463e-14,2.3810087045806406e-13,2.080270527774007e-12
17,sun3d-hotel_umd-maryland_hotel1,8,26,3DLoMatch,baseline,float64,2,S4_pre_context,1.295142938403136e-13,5.911454556586247e-14,2.4866427748107283e-13,8.807277101440536e-13
17,sun3d-hotel_umd-maryland_hotel1,8,26,3DLoMatch,baseline,float64,2,S4_post_context,1.295142938403136e-13,5.911454556586247e-14,2.4866427748107283e-13,8.807277101440536e-13
17,sun3d-hotel_umd-maryland_hotel1,8,26,3DLoMatch,baseline,float64,2,D3,9.850312146920016e-14,3.8237282977112116e-14,1.946327012241872e-13,9.042750940614926e-13
17,sun3d-hotel_umd-maryland_hotel1,8,26,3DLoMatch,baseline,float64,2,D2_pre_context,9.225163162852724e-14,3.761581299914172e-14,1.6943267363309506e-13,3.1799520110860223e-12
17,sun3d-hotel_umd-maryland_hotel1,8,26,3DLoMatch,baseline,float64,2,D2_post_context,9.225163162852724e-14,3.761581299914172e-14,1.6943267363309506e-13,3.1799520110860223e-12
17,sun3d-hotel_umd-maryland_hotel1,8,26,3DLoMatch,baseline,float64,2,final_RE,7.948334952086702e-14,2.3270538457073565e-14,2.3769799686736023e-13,8.11964498712587e-12
17,sun3d-hotel_umd-maryland_hotel1,8,26,3DLoMatch,baseline,float64,2,fine_RI,6.4605364484526e-14,nan,nan,nan
17,sun3d-hotel_umd-maryland_hotel1,8,26,3DLoMatch,baseline,float64,2,coarse_RI,1.2445764139709748e-13,nan,nan,nan
17,sun3d-hotel_umd-maryland_hotel1,8,26,3DLoMatch,baseline,float64,3,S2,9.037368976795158e-14,4.337144130786083e-14,1.62089510281017e-13,2.568484998177852e-12
17,sun3d-hotel_umd-maryland_hotel1,8,26,3DLoMatch,baseline,float64,3,S3,9.671122089016369e-14,5.826719929538305e-14,2.0190996074138534e-13,8.096886652400978e-13
17,sun3d-hotel_umd-maryland_hotel1,8,26,3DLoMatch,baseline,float64,3,S4_pre_context,1.0199083892517827e-13,5.517104574018238e-14,1.9041634588679914e-13,7.14182502968842e-13
17,sun3d-hotel_umd-maryland_hotel1,8,26,3DLoMatch,baseline,float64,3,S4_post_context,1.0199083892517827e-13,5.517104574018238e-14,1.9041634588679914e-13,7.14182502968842e-13
17,sun3d-hotel_umd-maryland_hotel1,8,26,3DLoMatch,baseline,float64,3,D3,7.665653455065398e-14,3.591274443781569e-14,1.6191589059764435e-13,6.49845261693596e-13
17,sun3d-hotel_umd-maryland_hotel1,8,26,3DLoMatch,baseline,float64,3,D2_pre_context,7.106079187905869e-14,3.5802449454743883e-14,1.4093169304412027e-13,1.478748043755954e-12
17,sun3d-hotel_umd-maryland_hotel1,8,26,3DLoMatch,baseline,float64,3,D2_post_context,7.106079187905869e-14,3.5802449454743883e-14,1.4093169304412027e-13,1.478748043755954e-12
17,sun3d-hotel_umd-maryland_hotel1,8,26,3DLoMatch,baseline,float64,3,final_RE,6.591446545813985e-14,2.202247854357603e-14,1.974341290789589e-13,4.077945550000691e-12
17,sun3d-hotel_umd-maryland_hotel1,8,26,3DLoMatch,baseline,float64,3,fine_RI,4.8211550060150905e-14,nan,nan,nan
17,sun3d-hotel_umd-maryland_hotel1,8,26,3DLoMatch,baseline,float64,3,coarse_RI,9.693748485061812e-14,nan,nan,nan
18,sun3d-hotel_umd-maryland_hotel1,37,55,3DLoMatch,baseline,float64,0,S2,1.1077251507455816e-13,3.7362279512783094e-14,1.6648545972517622e-13,4.4493014109138384e-12
18,sun3d-hotel_umd-maryland_hotel1,37,55,3DLoMatch,baseline,float64,0,S3,1.2049422941686496e-13,5.003386177199836e-14,1.8874754096489166e-13,2.547325827348432e-12
18,sun3d-hotel_umd-maryland_hotel1,37,55,3DLoMatch,baseline,float64,0,S4_pre_context,9.583663302939102e-14,5.461262400784677e-14,1.7109167131934444e-13,9.28783758830501e-13
18,sun3d-hotel_umd-maryland_hotel1,37,55,3DLoMatch,baseline,float64,0,S4_post_context,9.583663302939102e-14,5.461262400784677e-14,1.7109167131934444e-13,9.28783758830501e-13
18,sun3d-hotel_umd-maryland_hotel1,37,55,3DLoMatch,baseline,float64,0,D3,6.770667166586363e-14,3.463778116584282e-14,1.2656532118738063e-13,8.923762347212154e-13
18,sun3d-hotel_umd-maryland_hotel1,37,55,3DLoMatch,baseline,float64,0,D2_pre_context,7.144616120892963e-14,3.2770083972668026e-14,1.2507169094360725e-13,1.593340646953854e-12
18,sun3d-hotel_umd-maryland_hotel1,37,55,3DLoMatch,baseline,float64,0,D2_post_context,7.144616120892963e-14,3.2770083972668026e-14,1.2507169094360725e-13,1.593340646953854e-12
18,sun3d-hotel_umd-maryland_hotel1,37,55,3DLoMatch,baseline,float64,0,final_RE,5.862433692198654e-14,2.0249851410026107e-14,1.5843477966560147e-13,3.8715590087300225e-12
18,sun3d-hotel_umd-maryland_hotel1,37,55,3DLoMatch,baseline,float64,0,fine_RI,5.349157369698939e-14,nan,nan,nan
18,sun3d-hotel_umd-maryland_hotel1,37,55,3DLoMatch,baseline,float64,0,coarse_RI,9.025622564513847e-14,nan,nan,nan
18,sun3d-hotel_umd-maryland_hotel1,37,55,3DLoMatch,baseline,float64,1,S2,9.75691164831653e-14,3.761876714216349e-14,1.568122076252962e-13,3.0509785446667493e-12
18,sun3d-hotel_umd-maryland_hotel1,37,55,3DLoMatch,baseline,float64,1,S3,9.57744479509626e-14,5.062804719112777e-14,1.8345918938038496e-13,1.0021020436276761e-12
18,sun3d-hotel_umd-maryland_hotel1,37,55,3DLoMatch,baseline,float64,1,S4_pre_context,8.080639395452744e-14,4.975494734405009e-14,1.4316540170977602e-13,5.356676875285446e-13
18,sun3d-hotel_umd-maryland_hotel1,37,55,3DLoMatch,baseline,float64,1,S4_post_context,8.080639395452744e-14,4.975494734405009e-14,1.4316540170977602e-13,5.356676875285446e-13
18,sun3d-hotel_umd-maryland_hotel1,37,55,3DLoMatch,baseline,float64,1,D3,5.749937464951417e-14,3.420655253928059e-14,1.112376903603079e-13,4.588434029823988e-13
18,sun3d-hotel_umd-maryland_hotel1,37,55,3DLoMatch,baseline,float64,1,D2_pre_context,6.134414931667059e-14,3.274276079115868e-14,1.1253530588741813e-13,1.0198325859560666e-12
18,sun3d-hotel_umd-maryland_hotel1,37,55,3DLoMatch,baseline,float64,1,D2_post_context,6.134414931667059e-14,3.274276079115868e-14,1.1253530588741813e-13,1.0198325859560666e-12
18,sun3d-hotel_umd-maryland_hotel1,37,55,3DLoMatch,baseline,float64,1,final_RE,4.976779194532099e-14,2.0271212808695268e-14,1.5481095359618964e-13,3.824360002873768e-12
18,sun3d-hotel_umd-maryland_hotel1,37,55,3DLoMatch,baseline,float64,1,fine_RI,4.6813805725025215e-14,nan,nan,nan
18,sun3d-hotel_umd-maryland_hotel1,37,55,3DLoMatch,baseline,float64,1,coarse_RI,7.464571033900639e-14,nan,nan,nan
18,sun3d-hotel_umd-maryland_hotel1,37,55,3DLoMatch,baseline,float64,2,S2,9.95743833463113e-14,3.744214302924492e-14,1.5144040471893995e-13,3.4901233651060887e-12
18,sun3d-hotel_umd-maryland_hotel1,37,55,3DLoMatch,baseline,float64,2,S3,1.0693506520410238e-13,4.9327834197479774e-14,1.7999550818170788e-13,2.214510596096145e-12
18,sun3d-hotel_umd-maryland_hotel1,37,55,3DLoMatch,baseline,float64,2,S4_pre_context,8.133603669053695e-14,4.788452931151163e-14,1.5866471063672462e-13,4.4892718316363517e-13
18,sun3d-hotel_umd-maryland_hotel1,37,55,3DLoMatch,baseline,float64,2,S4_post_context,8.133603669053695e-14,4.788452931151163e-14,1.5866471063672462e-13,4.4892718316363517e-13
18,sun3d-hotel_umd-maryland_hotel1,37,55,3DLoMatch,baseline,float64,2,D3,5.962313612905255e-14,3.147896596866772e-14,1.1131417821121517e-13,7.37245291233228e-13
18,sun3d-hotel_umd-maryland_hotel1,37,55,3DLoMatch,baseline,float64,2,D2_pre_context,6.064836040511765e-14,2.9069274065579655e-14,1.0721613247612471e-13,1.1581723038707135e-12
18,sun3d-hotel_umd-maryland_hotel1,37,55,3DLoMatch,baseline,float64,2,D2_post_context,6.064836040511765e-14,2.9069274065579655e-14,1.0721613247612471e-13,1.1581723038707135e-12
18,sun3d-hotel_umd-maryland_hotel1,37,55,3DLoMatch,baseline,float64,2,final_RE,4.857890962486114e-14,1.8653108638174238e-14,1.4159417305886423e-13,2.0759158767465454e-12
18,sun3d-hotel_umd-maryland_hotel1,37,55,3DLoMatch,baseline,float64,2,fine_RI,4.579558509637731e-14,nan,nan,nan
18,sun3d-hotel_umd-maryland_hotel1,37,55,3DLoMatch,baseline,float64,2,coarse_RI,7.734719770335307e-14,nan,nan,nan
18,sun3d-hotel_umd-maryland_hotel1,37,55,3DLoMatch,baseline,float64,3,S2,9.755238122592818e-14,3.677026670794802e-14,1.4863854193514989e-13,2.6293243044851684e-12
18,sun3d-hotel_umd-maryland_hotel1,37,55,3DLoMatch,baseline,float64,3,S3,9.634430241341823e-14,4.4977281600626285e-14,1.623114875083587e-13,1.3228866134232684e-12
18,sun3d-hotel_umd-maryland_hotel1,37,55,3DLoMatch,baseline,float64,3,S4_pre_context,7.171644978679548e-14,4.421206138158049e-14,1.2651334437467577e-13,5.61098652102284e-13
18,sun3d-hotel_umd-maryland_hotel1,37,55,3DLoMatch,baseline,float64,3,S4_post_context,7.171644978679548e-14,4.421206138158049e-14,1.2651334437467577e-13,5.61098652102284e-13
18,sun3d-hotel_umd-maryland_hotel1,37,55,3DLoMatch,baseline,float64,3,D3,5.1201689901967893e-14,2.915676736738626e-14,9.786976770026088e-14,4.06220187516467e-13
18,sun3d-hotel_umd-maryland_hotel1,37,55,3DLoMatch,baseline,float64,3,D2_pre_context,5.5275139289348895e-14,2.8095458784787873e-14,1.0081193351720714e-13,8.862520310160427e-13
18,sun3d-hotel_umd-maryland_hotel1,37,55,3DLoMatch,baseline,float64,3,D2_post_context,5.5275139289348895e-14,2.8095458784787873e-14,1.0081193351720714e-13,8.862520310160427e-13
18,sun3d-hotel_umd-maryland_hotel1,37,55,3DLoMatch,baseline,float64,3,final_RE,4.414296234316549e-14,1.8051088932700073e-14,1.498182741297605e-13,1.7837162378570634e-12
18,sun3d-hotel_umd-maryland_hotel1,37,55,3DLoMatch,baseline,float64,3,fine_RI,4.112634588680131e-14,nan,nan,nan
18,sun3d-hotel_umd-maryland_hotel1,37,55,3DLoMatch,baseline,float64,3,coarse_RI,6.611046583844562e-14,nan,nan,nan
19,sun3d-mit_76_studyroom-76-1studyroom2,0,8,3DLoMatch,baseline,float64,0,S2,8.387577453833175e-14,3.477348809947175e-14,1.453695033241603e-13,2.239082251306719e-12
19,sun3d-mit_76_studyroom-76-1studyroom2,0,8,3DLoMatch,baseline,float64,0,S3,8.699784475026857e-14,4.735702021461405e-14,1.566497483503914e-13,1.0149391297830473e-12
19,sun3d-mit_76_studyroom-76-1studyroom2,0,8,3DLoMatch,baseline,float64,0,S4_pre_context,6.727234455776793e-14,4.6520987499923085e-14,1.270506412453271e-13,2.78028260551519e-13
19,sun3d-mit_76_studyroom-76-1studyroom2,0,8,3DLoMatch,baseline,float64,0,S4_post_context,6.727234455776793e-14,4.6520987499923085e-14,1.270506412453271e-13,2.78028260551519e-13
19,sun3d-mit_76_studyroom-76-1studyroom2,0,8,3DLoMatch,baseline,float64,0,D3,5.013235523916386e-14,3.0427256238761796e-14,9.453995009264513e-14,2.7642039736976677e-13
19,sun3d-mit_76_studyroom-76-1studyroom2,0,8,3DLoMatch,baseline,float64,0,D2_pre_context,5.3062482911001184e-14,3.046424320118269e-14,9.256167818540275e-14,1.2263477203035201e-12
19,sun3d-mit_76_studyroom-76-1studyroom2,0,8,3DLoMatch,baseline,float64,0,D2_post_context,5.3062482911001184e-14,3.046424320118269e-14,9.256167818540275e-14,1.2263477203035201e-12
19,sun3d-mit_76_studyroom-76-1studyroom2,0,8,3DLoMatch,baseline,float64,0,final_RE,4.836005116547429e-14,2.0998772042051243e-14,1.6311809007705514e-13,2.358834011237634e-12
19,sun3d-mit_76_studyroom-76-1studyroom2,0,8,3DLoMatch,baseline,float64,0,fine_RI,3.739851063914983e-14,nan,nan,nan
19,sun3d-mit_76_studyroom-76-1studyroom2,0,8,3DLoMatch,baseline,float64,0,coarse_RI,6.314674799909325e-14,nan,nan,nan
19,sun3d-mit_76_studyroom-76-1studyroom2,0,8,3DLoMatch,baseline,float64,1,S2,6.681867866671623e-14,3.251607776727271e-14,1.2584178883949805e-13,1.245133615628241e-12
19,sun3d-mit_76_studyroom-76-1studyroom2,0,8,3DLoMatch,baseline,float64,1,S3,7.183958711136639e-14,4.198760121535652e-14,1.4092815839223222e-13,7.387644237497014e-13
19,sun3d-mit_76_studyroom-76-1studyroom2,0,8,3DLoMatch,baseline,float64,1,S4_pre_context,6.749308716740538e-14,3.9221517671686574e-14,1.0554638163816154e-13,4.2209225511795796e-13
19,sun3d-mit_76_studyroom-76-1studyroom2,0,8,3DLoMatch,baseline,float64,1,S4_post_context,6.749308716740538e-14,3.9221517671686574e-14,1.0554638163816154e-13,4.2209225511795796e-13
19,sun3d-mit_76_studyroom-76-1studyroom2,0,8,3DLoMatch,baseline,float64,1,D3,4.594309524120487e-14,2.68917512973217e-14,8.58930661075997e-14,3.138457260823667e-13
19,sun3d-mit_76_studyroom-76-1studyroom2,0,8,3DLoMatch,baseline,float64,1,D2_pre_context,4.59173282576052e-14,2.7087974061956586e-14,8.359712956372952e-14,7.081298567649327e-13
19,sun3d-mit_76_studyroom-76-1studyroom2,0,8,3DLoMatch,baseline,float64,1,D2_post_context,4.59173282576052e-14,2.7087974061956586e-14,8.359712956372952e-14,7.081298567649327e-13
19,sun3d-mit_76_studyroom-76-1studyroom2,0,8,3DLoMatch,baseline,float64,1,final_RE,4.936548727657955e-14,1.8746424632953982e-14,1.5396701324821522e-13,1.7113267762613041e-12
19,sun3d-mit_76_studyroom-76-1studyroom2,0,8,3DLoMatch,baseline,float64,1,fine_RI,3.146345739317212e-14,nan,nan,nan
19,sun3d-mit_76_studyroom-76-1studyroom2,0,8,3DLoMatch,baseline,float64,1,coarse_RI,6.330851096062095e-14,nan,nan,nan
19,sun3d-mit_76_studyroom-76-1studyroom2,0,8,3DLoMatch,baseline,float64,2,S2,7.814059626328538e-14,3.3836485701295527e-14,1.3740174783372245e-13,1.8374822619384967e-12
19,sun3d-mit_76_studyroom-76-1studyroom2,0,8,3DLoMatch,baseline,float64,2,S3,8.315886134689067e-14,4.702198833771294e-14,1.5323890939019676e-13,8.164434802266135e-13
19,sun3d-mit_76_studyroom-76-1studyroom2,0,8,3DLoMatch,baseline,float64,2,S4_pre_context,7.536137551834676e-14,4.72440739836867e-14,1.2614216562626487e-13,5.945543270764415e-13
19,sun3d-mit_76_studyroom-76-1studyroom2,0,8,3DLoMatch,baseline,float64,2,S4_post_context,7.536137551834676e-14,4.72440739836867e-14,1.2614216562626487e-13,5.945543270764415e-13
19,sun3d-mit_76_studyroom-76-1studyroom2,0,8,3DLoMatch,baseline,float64,2,D3,5.322293865472058e-14,3.2537903166781514e-14,9.462031668426437e-14,3.3411278866856757e-13
19,sun3d-mit_76_studyroom-76-1studyroom2,0,8,3DLoMatch,baseline,float64,2,D2_pre_context,5.338099088070127e-14,3.1266097701238506e-14,9.563137678337504e-14,1.1999148954991815e-12
19,sun3d-mit_76_studyroom-76-1studyroom2,0,8,3DLoMatch,baseline,float64,2,D2_post_context,5.338099088070127e-14,3.1266097701238506e-14,9.563137678337504e-14,1.1999148954991815e-12
19,sun3d-mit_76_studyroom-76-1studyroom2,0,8,3DLoMatch,baseline,float64,2,final_RE,5.1168020026224767e-14,2.1376066745550366e-14,1.6589044862344175e-13,2.1957221090940784e-12
19,sun3d-mit_76_studyroom-76-1studyroom2,0,8,3DLoMatch,baseline,float64,2,fine_RI,3.775848511954756e-14,nan,nan,nan
19,sun3d-mit_76_studyroom-76-1studyroom2,0,8,3DLoMatch,baseline,float64,2,coarse_RI,7.430938797666747e-14,nan,nan,nan
19,sun3d-mit_76_studyroom-76-1studyroom2,0,8,3DLoMatch,baseline,float64,3,S2,7.367488946457047e-14,3.459131296301725e-14,1.381654420426295e-13,1.2554621766144704e-12
19,sun3d-mit_76_studyroom-76-1studyroom2,0,8,3DLoMatch,baseline,float64,3,S3,7.762455152696108e-14,4.594423288817935e-14,1.4395411421041097e-13,6.432489367736997e-13
19,sun3d-mit_76_studyroom-76-1studyroom2,0,8,3DLoMatch,baseline,float64,3,S4_pre_context,6.793580374261324e-14,4.471661198376294e-14,1.1447198092277057e-13,3.9893152247343197e-13
19,sun3d-mit_76_studyroom-76-1studyroom2,0,8,3DLoMatch,baseline,float64,3,S4_post_context,6.793580374261324e-14,4.471661198376294e-14,1.1447198092277057e-13,3.9893152247343197e-13
19,sun3d-mit_76_studyroom-76-1studyroom2,0,8,3DLoMatch,baseline,float64,3,D3,5.098045677180579e-14,2.973193567951904e-14,8.42295834393479e-14,4.0247749421322613e-13
19,sun3d-mit_76_studyroom-76-1studyroom2,0,8,3DLoMatch,baseline,float64,3,D2_pre_context,4.843371687103122e-14,2.909242360296267e-14,9.060053471165875e-14,6.829486166924016e-13
19,sun3d-mit_76_studyroom-76-1studyroom2,0,8,3DLoMatch,baseline,float64,3,D2_post_context,4.843371687103122e-14,2.909242360296267e-14,9.060053471165875e-14,6.829486166924016e-13
19,sun3d-mit_76_studyroom-76-1studyroom2,0,8,3DLoMatch,baseline,float64,3,final_RE,4.4624635621515905e-14,2.02121843926798e-14,1.5001943091105525e-13,1.58677622630303e-12
19,sun3d-mit_76_studyroom-76-1studyroom2,0,8,3DLoMatch,baseline,float64,3,fine_RI,3.376587864596741e-14,nan,nan,nan
19,sun3d-mit_76_studyroom-76-1studyroom2,0,8,3DLoMatch,baseline,float64,3,coarse_RI,6.15113722421603e-14,nan,nan,nan
20,sun3d-mit_76_studyroom-76-1studyroom2,12,14,3DLoMatch,baseline,float64,0,S2,8.335978058633465e-14,3.7237160933044687e-14,1.5323362384960805e-13,1.6317502518345783e-12
20,sun3d-mit_76_studyroom-76-1studyroom2,12,14,3DLoMatch,baseline,float64,0,S3,1.0788519290499875e-13,6.303405542233136e-14,1.9759553460815809e-13,1.0004814359320822e-12
20,sun3d-mit_76_studyroom-76-1studyroom2,12,14,3DLoMatch,baseline,float64,0,S4_pre_context,9.353146755389033e-14,6.474186614293394e-14,1.7932000986067502e-13,4.013462977241493e-13
20,sun3d-mit_76_studyroom-76-1studyroom2,12,14,3DLoMatch,baseline,float64,0,S4_post_context,9.353146755389033e-14,6.474186614293394e-14,1.7932000986067502e-13,4.013462977241493e-13
20,sun3d-mit_76_studyroom-76-1studyroom2,12,14,3DLoMatch,baseline,float64,0,D3,7.479051016469945e-14,4.767637814689548e-14,1.347251234626458e-13,1.0996724566172283e-12
20,sun3d-mit_76_studyroom-76-1studyroom2,12,14,3DLoMatch,baseline,float64,0,D2_pre_context,7.110891470703031e-14,4.2414466717994573e-14,1.3482877735144753e-13,9.226056645536356e-13
20,sun3d-mit_76_studyroom-76-1studyroom2,12,14,3DLoMatch,baseline,float64,0,D2_post_context,7.110891470703031e-14,4.2414466717994573e-14,1.3482877735144753e-13,9.226056645536356e-13
20,sun3d-mit_76_studyroom-76-1studyroom2,12,14,3DLoMatch,baseline,float64,0,final_RE,8.530786620034951e-14,4.3021953338139697e-14,2.533280837164608e-13,1.958211726653637e-12
20,sun3d-mit_76_studyroom-76-1studyroom2,12,14,3DLoMatch,baseline,float64,0,fine_RI,4.840844563959139e-14,nan,nan,nan
20,sun3d-mit_76_studyroom-76-1studyroom2,12,14,3DLoMatch,baseline,float64,0,coarse_RI,9.262775527012511e-14,nan,nan,nan
20,sun3d-mit_76_studyroom-76-1studyroom2,12,14,3DLoMatch,baseline,float64,1,S2,8.09761744738511e-14,3.6801803936025105e-14,1.4417991665717623e-13,1.898598321345412e-12
20,sun3d-mit_76_studyroom-76-1studyroom2,12,14,3DLoMatch,baseline,float64,1,S3,1.034528375472995e-13,6.034793452243107e-14,1.8960516847801752e-13,1.1057434166948846e-12
20,sun3d-mit_76_studyroom-76-1studyroom2,12,14,3DLoMatch,baseline,float64,1,S4_pre_context,9.272002613994058e-14,6.183004100754541e-14,1.784560989679518e-13,6.342985689439223e-13
20,sun3d-mit_76_studyroom-76-1studyroom2,12,14,3DLoMatch,baseline,float64,1,S4_post_context,9.272002613994058e-14,6.183004100754541e-14,1.784560989679518e-13,6.342985689439223e-13
20,sun3d-mit_76_studyroom-76-1studyroom2,12,14,3DLoMatch,baseline,float64,1,D3,7.471273953223683e-14,4.638092335607281e-14,1.4143598374449782e-13,7.253384780371826e-13
20,sun3d-mit_76_studyroom-76-1studyroom2,12,14,3DLoMatch,baseline,float64,1,D2_pre_context,6.90582518659671e-14,4.373845495507324e-14,1.2894782133907686e-13,7.951577884361741e-13
20,sun3d-mit_76_studyroom-76-1studyroom2,12,14,3DLoMatch,baseline,float64,1,D2_post_context,6.90582518659671e-14,4.373845495507324e-14,1.2894782133907686e-13,7.951577884361741e-13
20,sun3d-mit_76_studyroom-76-1studyroom2,12,14,3DLoMatch,baseline,float64,1,final_RE,8.733975349616487e-14,4.359412627833019e-14,2.5365142449649646e-13,1.5979039575900408e-12
20,sun3d-mit_76_studyroom-76-1studyroom2,12,14,3DLoMatch,baseline,float64,1,fine_RI,5.2802122499659805e-14,nan,nan,nan
20,sun3d-mit_76_studyroom-76-1studyroom2,12,14,3DLoMatch,baseline,float64,1,coarse_RI,8.873788626107489e-14,nan,nan,nan
20,sun3d-mit_76_studyroom-76-1studyroom2,12,14,3DLoMatch,baseline,float64,2,S2,9.64966786778899e-14,3.814817063245345e-14,1.7422302408786232e-13,2.694913012483045e-12
20,sun3d-mit_76_studyroom-76-1studyroom2,12,14,3DLoMatch,baseline,float64,2,S3,1.209497736067605e-13,6.58793664546654e-14,2.3924186571010314e-13,9.149380217894626e-13
20,sun3d-mit_76_studyroom-76-1studyroom2,12,14,3DLoMatch,baseline,float64,2,S4_pre_context,1.0566765688073311e-13,6.715396480620638e-14,2.0629791796386946e-13,5.443892385543416e-13
20,sun3d-mit_76_studyroom-76-1studyroom2,12,14,3DLoMatch,baseline,float64,2,S4_post_context,1.0566765688073311e-13,6.715396480620638e-14,2.0629791796386946e-13,5.443892385543416e-13
20,sun3d-mit_76_studyroom-76-1studyroom2,12,14,3DLoMatch,baseline,float64,2,D3,7.991025533380342e-14,5.2071848681698286e-14,1.5207054784894543e-13,5.791321390752675e-13
20,sun3d-mit_76_studyroom-76-1studyroom2,12,14,3DLoMatch,baseline,float64,2,D2_pre_context,7.328292736968925e-14,4.6915291753905847e-14,1.3835300004099583e-13,7.764974949976e-13
20,sun3d-mit_76_studyroom-76-1studyroom2,12,14,3DLoMatch,baseline,float64,2,D2_post_context,7.328292736968925e-14,4.6915291753905847e-14,1.3835300004099583e-13,7.764974949976e-13
20,sun3d-mit_76_studyroom-76-1studyroom2,12,14,3DLoMatch,baseline,float64,2,final_RE,9.303772752451435e-14,4.6406835677614323e-14,2.603823256744962e-13,2.8758516111088428e-12
20,sun3d-mit_76_studyroom-76-1studyroom2,12,14,3DLoMatch,baseline,float64,2,fine_RI,5.1124612809328056e-14,nan,nan,nan
20,sun3d-mit_76_studyroom-76-1studyroom2,12,14,3DLoMatch,baseline,float64,2,coarse_RI,1.0204532169399655e-13,nan,nan,nan
20,sun3d-mit_76_studyroom-76-1studyroom2,12,14,3DLoMatch,baseline,float64,3,S2,7.502507836882278e-14,3.543966236979034e-14,1.3311132802702535e-13,2.1414304683511787e-12
20,sun3d-mit_76_studyroom-76-1studyroom2,12,14,3DLoMatch,baseline,float64,3,S3,9.094388860417921e-14,5.497395241692387e-14,1.6916789583911188e-13,8.894643447902487e-13
20,sun3d-mit_76_studyroom-76-1studyroom2,12,14,3DLoMatch,baseline,float64,3,S4_pre_context,7.713996472106532e-14,5.225638765438647e-14,1.3745600936938515e-13,3.9309730105066525e-13
20,sun3d-mit_76_studyroom-76-1studyroom2,12,14,3DLoMatch,baseline,float64,3,S4_post_context,7.713996472106532e-14,5.225638765438647e-14,1.3745600936938515e-13,3.9309730105066525e-13
20,sun3d-mit_76_studyroom-76-1studyroom2,12,14,3DLoMatch,baseline,float64,3,D3,6.402476807954687e-14,3.917652317922371e-14,1.2289569646402404e-13,5.146748383524815e-13
20,sun3d-mit_76_studyroom-76-1studyroom2,12,14,3DLoMatch,baseline,float64,3,D2_pre_context,6.358473422966265e-14,3.7736376416779426e-14,1.2211046692135856e-13,8.919652138933106e-13
20,sun3d-mit_76_studyroom-76-1studyroom2,12,14,3DLoMatch,baseline,float64,3,D2_post_context,6.358473422966265e-14,3.7736376416779426e-14,1.2211046692135856e-13,8.919652138933106e-13
20,sun3d-mit_76_studyroom-76-1studyroom2,12,14,3DLoMatch,baseline,float64,3,final_RE,8.160388045249466e-14,3.7944323474182805e-14,2.2734738770493078e-13,2.791258177224893e-12
20,sun3d-mit_76_studyroom-76-1studyroom2,12,14,3DLoMatch,baseline,float64,3,fine_RI,4.538673873572207e-14,nan,nan,nan
20,sun3d-mit_76_studyroom-76-1studyroom2,12,14,3DLoMatch,baseline,float64,3,coarse_RI,7.36183050147797e-14,nan,nan,nan
21,sun3d-mit_76_studyroom-76-1studyroom2,24,65,3DLoMatch,baseline,float64,0,S2,7.38917740514552e-14,3.5578420706541274e-14,1.3283133887957294e-13,1.6267693561028608e-12
21,sun3d-mit_76_studyroom-76-1studyroom2,24,65,3DLoMatch,baseline,float64,0,S3,8.24827921123563e-14,4.7561960496011833e-14,1.5729164338426835e-13,7.39730377076532e-13
21,sun3d-mit_76_studyroom-76-1studyroom2,24,65,3DLoMatch,baseline,float64,0,S4_pre_context,6.484309128424524e-14,4.307111467151989e-14,1.2045822141247347e-13,4.012402354847189e-13
21,sun3d-mit_76_studyroom-76-1studyroom2,24,65,3DLoMatch,baseline,float64,0,S4_post_context,6.484309128424524e-14,4.307111467151989e-14,1.2045822141247347e-13,4.012402354847189e-13
21,sun3d-mit_76_studyroom-76-1studyroom2,24,65,3DLoMatch,baseline,float64,0,D3,5.2300643839610454e-14,2.882422160485827e-14,1.0186333322092757e-13,3.0855306891260055e-13
21,sun3d-mit_76_studyroom-76-1studyroom2,24,65,3DLoMatch,baseline,float64,0,D2_pre_context,5.170894166175137e-14,2.848093108994615e-14,1.0044859284683455e-13,5.269751069401513e-13
21,sun3d-mit_76_studyroom-76-1studyroom2,24,65,3DLoMatch,baseline,float64,0,D2_post_context,5.170894166175137e-14,2.848093108994615e-14,1.0044859284683455e-13,5.269751069401513e-13
21,sun3d-mit_76_studyroom-76-1studyroom2,24,65,3DLoMatch,baseline,float64,0,final_RE,5.796903280153766e-14,2.1172863140309813e-14,1.8004338902175241e-13,1.827119860804904e-12
21,sun3d-mit_76_studyroom-76-1studyroom2,24,65,3DLoMatch,baseline,float64,0,fine_RI,3.624853239888403e-14,nan,nan,nan
21,sun3d-mit_76_studyroom-76-1studyroom2,24,65,3DLoMatch,baseline,float64,0,coarse_RI,6.071710823776035e-14,nan,nan,nan
21,sun3d-mit_76_studyroom-76-1studyroom2,24,65,3DLoMatch,baseline,float64,1,S2,8.244407295751485e-14,3.594351491404453e-14,1.3722851527324848e-13,2.344649363026537e-12
21,sun3d-mit_76_studyroom-76-1studyroom2,24,65,3DLoMatch,baseline,float64,1,S3,9.393801724983062e-14,4.783631080163825e-14,1.7071218052748847e-13,1.4430780824280824e-12
21,sun3d-mit_76_studyroom-76-1studyroom2,24,65,3DLoMatch,baseline,float64,1,S4_pre_context,7.789415712355434e-14,4.113742211851779e-14,1.4781376440146435e-13,6.609658513497699e-13
21,sun3d-mit_76_studyroom-76-1studyroom2,24,65,3DLoMatch,baseline,float64,1,S4_post_context,7.789415712355434e-14,4.113742211851779e-14,1.4781376440146435e-13,6.609658513497699e-13
21,sun3d-mit_76_studyroom-76-1studyroom2,24,65,3DLoMatch,baseline,float64,1,D3,6.289520065163684e-14,2.823138257273226e-14,1.2422818569545792e-13,6.270873484743874e-13
21,sun3d-mit_76_studyroom-76-1studyroom2,24,65,3DLoMatch,baseline,float64,1,D2_pre_context,6.108969505004672e-14,2.84008596428192e-14,1.1691757886323354e-13,5.286676499629119e-13
21,sun3d-mit_76_studyroom-76-1studyroom2,24,65,3DLoMatch,baseline,float64,1,D2_post_context,6.108969505004672e-14,2.84008596428192e-14,1.1691757886323354e-13,5.286676499629119e-13
21,sun3d-mit_76_studyroom-76-1studyroom2,24,65,3DLoMatch,baseline,float64,1,final_RE,7.079422280522769e-14,1.9374039824402925e-14,2.2359697787935492e-13,2.574609889666334e-12
21,sun3d-mit_76_studyroom-76-1studyroom2,24,65,3DLoMatch,baseline,float64,1,fine_RI,4.17752969693638e-14,nan,nan,nan
21,sun3d-mit_76_studyroom-76-1studyroom2,24,65,3DLoMatch,baseline,float64,1,coarse_RI,7.43599175701701e-14,nan,nan,nan
21,sun3d-mit_76_studyroom-76-1studyroom2,24,65,3DLoMatch,baseline,float64,2,S2,6.901302372101642e-14,3.64752640995565e-14,1.2495902554597426e-13,1.6814453236231522e-12
21,sun3d-mit_76_studyroom-76-1studyroom2,24,65,3DLoMatch,baseline,float64,2,S3,8.378349849076097e-14,4.969901407255386e-14,1.573981247281174e-13,8.689917539929297e-13
21,sun3d-mit_76_studyroom-76-1studyroom2,24,65,3DLoMatch,baseline,float64,2,S4_pre_context,6.650168426352818e-14,4.43502597963104e-14,1.3033516994014247e-13,2.7382170471590077e-13
21,sun3d-mit_76_studyroom-76-1studyroom2,24,65,3DLoMatch,baseline,float64,2,S4_post_context,6.650168426352818e-14,4.43502597963104e-14,1.3033516994014247e-13,2.7382170471590077e-13
21,sun3d-mit_76_studyroom-76-1studyroom2,24,65,3DLoMatch,baseline,float64,2,D3,5.203976597432803e-14,3.006561041388915e-14,1.0308504569955447e-13,3.522572470059064e-13
21,sun3d-mit_76_studyroom-76-1studyroom2,24,65,3DLoMatch,baseline,float64,2,D2_pre_context,4.97052540904611e-14,2.9344390767147896e-14,9.713969732204157e-14,4.855624522526638e-13
21,sun3d-mit_76_studyroom-76-1studyroom2,24,65,3DLoMatch,baseline,float64,2,D2_post_context,4.97052540904611e-14,2.9344390767147896e-14,9.713969732204157e-14,4.855624522526638e-13
21,sun3d-mit_76_studyroom-76-1studyroom2,24,65,3DLoMatch,baseline,float64,2,final_RE,5.57274660428977e-14,2.0386401014291976e-14,1.920897850669747e-13,2.13514098085046e-12
21,sun3d-mit_76_studyroom-76-1studyroom2,24,65,3DLoMatch,baseline,float64,2,fine_RI,3.470936841117206e-14,nan,nan,nan
21,sun3d-mit_76_studyroom-76-1studyroom2,24,65,3DLoMatch,baseline,float64,2,coarse_RI,6.03938493208392e-14,nan,nan,nan
21,sun3d-mit_76_studyroom-76-1studyroom2,24,65,3DLoMatch,baseline,float64,3,S2,7.636189661192708e-14,3.581059421658464e-14,1.3303405159401054e-13,2.382322270032365e-12
21,sun3d-mit_76_studyroom-76-1studyroom2,24,65,3DLoMatch,baseline,float64,3,S3,8.567254666252897e-14,4.73123337149039e-14,1.6329705740409418e-13,1.1663645633417727e-12
21,sun3d-mit_76_studyroom-76-1studyroom2,24,65,3DLoMatch,baseline,float64,3,S4_pre_context,6.562802779849236e-14,3.972880894725578e-14,1.2859917680216738e-13,3.133005564623554e-13
21,sun3d-mit_76_studyroom-76-1studyroom2,24,65,3DLoMatch,baseline,float64,3,S4_post_context,6.562802779849236e-14,3.972880894725578e-14,1.2859917680216738e-13,3.133005564623554e-13
21,sun3d-mit_76_studyroom-76-1studyroom2,24,65,3DLoMatch,baseline,float64,3,D3,5.1781202085173374e-14,2.724741478611431e-14,1.0352876311375501e-13,3.3136407456074816e-13
21,sun3d-mit_76_studyroom-76-1studyroom2,24,65,3DLoMatch,baseline,float64,3,D2_pre_context,5.1647419620364877e-14,2.7331355669932807e-14,1.0072289585649652e-13,7.121947266765549e-13
21,sun3d-mit_76_studyroom-76-1studyroom2,24,65,3DLoMatch,baseline,float64,3,D2_post_context,5.1647419620364877e-14,2.7331355669932807e-14,1.0072289585649652e-13,7.121947266765549e-13
21,sun3d-mit_76_studyroom-76-1studyroom2,24,65,3DLoMatch,baseline,float64,3,final_RE,6.038955648719248e-14,2.0051374155480893e-14,1.930114388111973e-13,2.3033025767365477e-12
21,sun3d-mit_76_studyroom-76-1studyroom2,24,65,3DLoMatch,baseline,float64,3,fine_RI,3.599578903443233e-14,nan,nan,nan
21,sun3d-mit_76_studyroom-76-1studyroom2,24,65,3DLoMatch,baseline,float64,3,coarse_RI,5.883019507467965e-14,nan,nan,nan
22,sun3d-mit_76_studyroom-76-1studyroom2,58,62,3DLoMatch,baseline,float64,0,S2,1.050712502500142e-13,4.1371669097091335e-14,1.6548725816931705e-13,3.233013739112441e-12
22,sun3d-mit_76_studyroom-76-1studyroom2,58,62,3DLoMatch,baseline,float64,0,S3,1.2142782984575658e-13,5.890360831218315e-14,2.0952654863381622e-13,2.3400295592552675e-12
22,sun3d-mit_76_studyroom-76-1studyroom2,58,62,3DLoMatch,baseline,float64,0,S4_pre_context,1.1482934553705695e-13,5.902755844017257e-14,1.734353230165386e-13,1.4773361603273752e-12
22,sun3d-mit_76_studyroom-76-1studyroom2,58,62,3DLoMatch,baseline,float64,0,S4_post_context,1.1482934553705695e-13,5.902755844017257e-14,1.734353230165386e-13,1.4773361603273752e-12
22,sun3d-mit_76_studyroom-76-1studyroom2,58,62,3DLoMatch,baseline,float64,0,D3,8.25449105707841e-14,3.883397526245326e-14,1.1916090324432097e-13,2.1248630236621e-12
22,sun3d-mit_76_studyroom-76-1studyroom2,58,62,3DLoMatch,baseline,float64,0,D2_pre_context,7.881047690844469e-14,3.45713818478893e-14,1.141105388620356e-13,1.523828599972494e-12
22,sun3d-mit_76_studyroom-76-1studyroom2,58,62,3DLoMatch,baseline,float64,0,D2_post_context,7.881047690844469e-14,3.45713818478893e-14,1.141105388620356e-13,1.523828599972494e-12
22,sun3d-mit_76_studyroom-76-1studyroom2,58,62,3DLoMatch,baseline,float64,0,final_RE,5.915816039517081e-14,2.3050380282970378e-14,1.8288066717321428e-13,2.744963352833018e-12
22,sun3d-mit_76_studyroom-76-1studyroom2,58,62,3DLoMatch,baseline,float64,0,fine_RI,6.036422606480707e-14,nan,nan,nan
22,sun3d-mit_76_studyroom-76-1studyroom2,58,62,3DLoMatch,baseline,float64,0,coarse_RI,1.0026461217981984e-13,nan,nan,nan
22,sun3d-mit_76_studyroom-76-1studyroom2,58,62,3DLoMatch,baseline,float64,1,S2,1.2273064250275612e-13,4.1498701515283376e-14,1.716753061700022e-13,5.280999824752548e-12
22,sun3d-mit_76_studyroom-76-1studyroom2,58,62,3DLoMatch,baseline,float64,1,S3,1.3538124874072063e-13,5.918437936150491e-14,2.387993793614151e-13,2.2543592530821142e-12
22,sun3d-mit_76_studyroom-76-1studyroom2,58,62,3DLoMatch,baseline,float64,1,S4_pre_context,1.1744577369263602e-13,5.798913910977346e-14,1.8742084591302816e-13,1.2407688610083503e-12
22,sun3d-mit_76_studyroom-76-1studyroom2,58,62,3DLoMatch,baseline,float64,1,S4_post_context,1.1744577369263602e-13,5.798913910977346e-14,1.8742084591302816e-13,1.2407688610083503e-12
22,sun3d-mit_76_studyroom-76-1studyroom2,58,62,3DLoMatch,baseline,float64,1,D3,8.779484450136946e-14,3.86615922400001e-14,1.3920835493976268e-13,2.107717170603947e-12
22,sun3d-mit_76_studyroom-76-1studyroom2,58,62,3DLoMatch,baseline,float64,1,D2_pre_context,8.477666787588502e-14,3.514378902918011e-14,1.2618272797894606e-13,1.6740024437843009e-12
22,sun3d-mit_76_studyroom-76-1studyroom2,58,62,3DLoMatch,baseline,float64,1,D2_post_context,8.477666787588502e-14,3.514378902918011e-14,1.2618272797894606e-13,1.6740024437843009e-12
22,sun3d-mit_76_studyroom-76-1studyroom2,58,62,3DLoMatch,baseline,float64,1,final_RE,6.641510109008628e-14,2.347623627148568e-14,2.0004682256211158e-13,2.6134385577147963e-12
22,sun3d-mit_76_studyroom-76-1studyroom2,58,62,3DLoMatch,baseline,float64,1,fine_RI,6.516580772836851e-14,nan,nan,nan
22,sun3d-mit_76_studyroom-76-1studyroom2,58,62,3DLoMatch,baseline,float64,1,coarse_RI,1.0387290702124422e-13,nan,nan,nan
22,sun3d-mit_76_studyroom-76-1studyroom2,58,62,3DLoMatch,baseline,float64,2,S2,1.627379990190722e-13,4.090756741602835e-14,1.7995434024558672e-13,9.985855864831584e-12
22,sun3d-mit_76_studyroom-76-1studyroom2,58,62,3DLoMatch,baseline,float64,2,S3,1.4402330732651343e-13,5.816136116444725e-14,2.5308623656840716e-13,2.3448728446876933e-12
22,sun3d-mit_76_studyroom-76-1studyroom2,58,62,3DLoMatch,baseline,float64,2,S4_pre_context,1.3130300761521028e-13,5.717222823575279e-14,2.263283038530921e-13,1.7473567202185932e-12
22,sun3d-mit_76_studyroom-76-1studyroom2,58,62,3DLoMatch,baseline,float64,2,S4_post_context,1.3130300761521028e-13,5.717222823575279e-14,2.263283038530921e-13,1.7473567202185932e-12
22,sun3d-mit_76_studyroom-76-1studyroom2,58,62,3DLoMatch,baseline,float64,2,D3,8.533959696437622e-14,3.7803494536132454e-14,1.6878992802064485e-13,1.193755703072435e-12
22,sun3d-mit_76_studyroom-76-1studyroom2,58,62,3DLoMatch,baseline,float64,2,D2_pre_context,9.162200733899638e-14,3.4264836932510296e-14,1.532372147644146e-13,3.879256090965317e-12
22,sun3d-mit_76_studyroom-76-1studyroom2,58,62,3DLoMatch,baseline,float64,2,D2_post_context,9.162200733899638e-14,3.4264836932510296e-14,1.532372147644146e-13,3.879256090965317e-12
22,sun3d-mit_76_studyroom-76-1studyroom2,58,62,3DLoMatch,baseline,float64,2,final_RE,6.813231553954735e-14,2.2406500780922864e-14,2.09050582711499e-13,2.017827886934199e-12
22,sun3d-mit_76_studyroom-76-1studyroom2,58,62,3DLoMatch,baseline,float64,2,fine_RI,7.291062431604526e-14,nan,nan,nan
22,sun3d-mit_76_studyroom-76-1studyroom2,58,62,3DLoMatch,baseline,float64,2,coarse_RI,1.180452783425946e-13,nan,nan,nan
22,sun3d-mit_76_studyroom-76-1studyroom2,58,62,3DLoMatch,baseline,float64,3,S2,1.0886660256049558e-13,3.9825779882815825e-14,1.810500116551369e-13,4.2754893257003215e-12
22,sun3d-mit_76_studyroom-76-1studyroom2,58,62,3DLoMatch,baseline,float64,3,S3,1.0420946448018404e-13,5.577418575537588e-14,1.9946908193915445e-13,1.0569502820202716e-12
22,sun3d-mit_76_studyroom-76-1studyroom2,58,62,3DLoMatch,baseline,float64,3,S4_pre_context,8.629665810852634e-14,5.2061861411917044e-14,1.6556589035840414e-13,5.672397041812892e-13
22,sun3d-mit_76_studyroom-76-1studyroom2,58,62,3DLoMatch,baseline,float64,3,S4_post_context,8.629665810852634e-14,5.2061861411917044e-14,1.6556589035840414e-13,5.672397041812892e-13
22,sun3d-mit_76_studyroom-76-1studyroom2,58,62,3DLoMatch,baseline,float64,3,D3,6.208102050074355e-14,3.383898312990888e-14,1.145371210863214e-13,9.425881478937753e-13
22,sun3d-mit_76_studyroom-76-1studyroom2,58,62,3DLoMatch,baseline,float64,3,D2_pre_context,6.175600680391411e-14,3.13551013213299e-14,1.1198401353503382e-13,1.0015020173531208e-12
22,sun3d-mit_76_studyroom-76-1studyroom2,58,62,3DLoMatch,baseline,float64,3,D2_post_context,6.175600680391411e-14,3.13551013213299e-14,1.1198401353503382e-13,1.0015020173531208e-12
22,sun3d-mit_76_studyroom-76-1studyroom2,58,62,3DLoMatch,baseline,float64,3,final_RE,5.2900424889778473e-14,2.1872156206105852e-14,1.716376351575049e-13,1.9008582193081886e-12
22,sun3d-mit_76_studyroom-76-1studyroom2,58,62,3DLoMatch,baseline,float64,3,fine_RI,4.5159028863582074e-14,nan,nan,nan
22,sun3d-mit_76_studyroom-76-1studyroom2,58,62,3DLoMatch,baseline,float64,3,coarse_RI,7.651982070998804e-14,nan,nan,nan
23,sun3d-mit_lab_hj-lab_hj_tea_nov_2_2012_scan1_erika,31,35,3DLoMatch,baseline,float64,0,S2,7.752004830538336e-14,3.1840761603847024e-14,1.366898802033659e-13,1.271231523543913e-12
23,sun3d-mit_lab_hj-lab_hj_tea_nov_2_2012_scan1_erika,31,35,3DLoMatch,baseline,float64,0,S3,8.780841775145891e-14,4.782884827989716e-14,1.620185874411859e-13,9.6129546955135e-13
23,sun3d-mit_lab_hj-lab_hj_tea_nov_2_2012_scan1_erika,31,35,3DLoMatch,baseline,float64,0,S4_pre_context,7.814502748805075e-14,5.4222977251526705e-14,1.3810584893151462e-13,4.971417873968971e-13
23,sun3d-mit_lab_hj-lab_hj_tea_nov_2_2012_scan1_erika,31,35,3DLoMatch,baseline,float64,0,S4_post_context,7.814502748805075e-14,5.4222977251526705e-14,1.3810584893151462e-13,4.971417873968971e-13
23,sun3d-mit_lab_hj-lab_hj_tea_nov_2_2012_scan1_erika,31,35,3DLoMatch,baseline,float64,0,D3,5.3174983149166707e-14,3.5583930157381825e-14,9.44768900047858e-14,3.9829620487275055e-13
23,sun3d-mit_lab_hj-lab_hj_tea_nov_2_2012_scan1_erika,31,35,3DLoMatch,baseline,float64,0,D2_pre_context,5.5374332386550134e-14,3.5178109772459024e-14,9.727952876973148e-14,1.2416793353089408e-12
23,sun3d-mit_lab_hj-lab_hj_tea_nov_2_2012_scan1_erika,31,35,3DLoMatch,baseline,float64,0,D2_post_context,5.5374332386550134e-14,3.5178109772459024e-14,9.727952876973148e-14,1.2416793353089408e-12
23,sun3d-mit_lab_hj-lab_hj_tea_nov_2_2012_scan1_erika,31,35,3DLoMatch,baseline,float64,0,final_RE,4.060086689219221e-14,1.94516147820215e-14,1.0795755986602641e-13,2.0244284058386265e-12
23,sun3d-mit_lab_hj-lab_hj_tea_nov_2_2012_scan1_erika,31,35,3DLoMatch,baseline,float64,0,fine_RI,4.438210576213328e-14,nan,nan,nan
23,sun3d-mit_lab_hj-lab_hj_tea_nov_2_2012_scan1_erika,31,35,3DLoMatch,baseline,float64,0,coarse_RI,1.2259366685001557e-13,nan,nan,nan
23,sun3d-mit_lab_hj-lab_hj_tea_nov_2_2012_scan1_erika,31,35,3DLoMatch,baseline,float64,1,S2,6.694712178037988e-14,3.152006908438708e-14,1.2449980894337968e-13,1.0104850460656019e-12
23,sun3d-mit_lab_hj-lab_hj_tea_nov_2_2012_scan1_erika,31,35,3DLoMatch,baseline,float64,1,S3,6.958852951257256e-14,4.4473878928451655e-14,1.3837604024798303e-13,7.593478737615951e-13
23,sun3d-mit_lab_hj-lab_hj_tea_nov_2_2012_scan1_erika,31,35,3DLoMatch,baseline,float64,1,S4_pre_context,6.00160932550423e-14,4.407075275392999e-14,1.0780740512521457e-13,2.3803846435087224e-13
23,sun3d-mit_lab_hj-lab_hj_tea_nov_2_2012_scan1_erika,31,35,3DLoMatch,baseline,float64,1,S4_post_context,6.00160932550423e-14,4.407075275392999e-14,1.0780740512521457e-13,2.3803846435087224e-13
23,sun3d-mit_lab_hj-lab_hj_tea_nov_2_2012_scan1_erika,31,35,3DLoMatch,baseline,float64,1,D3,4.231406407622556e-14,2.984186599573276e-14,7.718457319545542e-14,3.2708987342197163e-13
23,sun3d-mit_lab_hj-lab_hj_tea_nov_2_2012_scan1_erika,31,35,3DLoMatch,baseline,float64,1,D2_pre_context,4.513378400600704e-14,2.918085106490763e-14,8.029566594945591e-14,5.506294121698358e-13
23,sun3d-mit_lab_hj-lab_hj_tea_nov_2_2012_scan1_erika,31,35,3DLoMatch,baseline,float64,1,D2_post_context,4.513378400600704e-14,2.918085106490763e-14,8.029566594945591e-14,5.506294121698358e-13
23,sun3d-mit_lab_hj-lab_hj_tea_nov_2_2012_scan1_erika,31,35,3DLoMatch,baseline,float64,1,final_RE,3.137140911771574e-14,1.7563250851405614e-14,9.361114016350032e-14,8.770763070846912e-13
23,sun3d-mit_lab_hj-lab_hj_tea_nov_2_2012_scan1_erika,31,35,3DLoMatch,baseline,float64,1,fine_RI,3.7449390179969916e-14,nan,nan,nan
23,sun3d-mit_lab_hj-lab_hj_tea_nov_2_2012_scan1_erika,31,35,3DLoMatch,baseline,float64,1,coarse_RI,8.49729912362322e-14,nan,nan,nan
23,sun3d-mit_lab_hj-lab_hj_tea_nov_2_2012_scan1_erika,31,35,3DLoMatch,baseline,float64,2,S2,6.477790126173834e-14,3.03114312103705e-14,1.2162386653161368e-13,1.0926405975919016e-12
23,sun3d-mit_lab_hj-lab_hj_tea_nov_2_2012_scan1_erika,31,35,3DLoMatch,baseline,float64,2,S3,8.412749453652529e-14,4.260804736044481e-14,1.4751381055996175e-13,1.97397498507727e-12
23,sun3d-mit_lab_hj-lab_hj_tea_nov_2_2012_scan1_erika,31,35,3DLoMatch,baseline,float64,2,S4_pre_context,6.692558236265866e-14,4.369272872326167e-14,1.222354812039147e-13,3.771616596502506e-13
23,sun3d-mit_lab_hj-lab_hj_tea_nov_2_2012_scan1_erika,31,35,3DLoMatch,baseline,float64,2,S4_post_context,6.692558236265866e-14,4.369272872326167e-14,1.222354812039147e-13,3.771616596502506e-13
23,sun3d-mit_lab_hj-lab_hj_tea_nov_2_2012_scan1_erika,31,35,3DLoMatch,baseline,float64,2,D3,5.1012899594046477e-14,2.959568873979128e-14,8.850821790824284e-14,6.204449617155985e-13
23,sun3d-mit_lab_hj-lab_hj_tea_nov_2_2012_scan1_erika,31,35,3DLoMatch,baseline,float64,2,D2_pre_context,5.709937296697538e-14,2.914380403191573e-14,9.172612106274686e-14,2.033983160781052e-12
23,sun3d-mit_lab_hj-lab_hj_tea_nov_2_2012_scan1_erika,31,35,3DLoMatch,baseline,float64,2,D2_post_context,5.709937296697538e-14,2.914380403191573e-14,9.172612106274686e-14,2.033983160781052e-12
23,sun3d-mit_lab_hj-lab_hj_tea_nov_2_2012_scan1_erika,31,35,3DLoMatch,baseline,float64,2,final_RE,4.696057311562714e-14,1.6823322226616917e-14,1.1354044678175098e-13,3.329348910938465e-12
23,sun3d-mit_lab_hj-lab_hj_tea_nov_2_2012_scan1_erika,31,35,3DLoMatch,baseline,float64,2,fine_RI,4.194909230536606e-14,nan,nan,nan
23,sun3d-mit_lab_hj-lab_hj_tea_nov_2_2012_scan1_erika,31,35,3DLoMatch,baseline,float64,2,coarse_RI,6.484792782758877e-14,nan,nan,nan
23,sun3d-mit_lab_hj-lab_hj_tea_nov_2_2012_scan1_erika,31,35,3DLoMatch,baseline,float64,3,S2,6.844595193139109e-14,3.3255519023459026e-14,1.2753269457018492e-13,9.518971169179805e-13
23,sun3d-mit_lab_hj-lab_hj_tea_nov_2_2012_scan1_erika,31,35,3DLoMatch,baseline,float64,3,S3,8.248249937202975e-14,4.700968872937884e-14,1.4875408133083442e-13,1.1890301145182745e-12
23,sun3d-mit_lab_hj-lab_hj_tea_nov_2_2012_scan1_erika,31,35,3DLoMatch,baseline,float64,3,S4_pre_context,6.722775841191321e-14,4.789681507794783e-14,1.2931787414290513e-13,3.147018957517178e-13
23,sun3d-mit_lab_hj-lab_hj_tea_nov_2_2012_scan1_erika,31,35,3DLoMatch,baseline,float64,3,S4_post_context,6.722775841191321e-14,4.789681507794783e-14,1.2931787414290513e-13,3.147018957517178e-13
23,sun3d-mit_lab_hj-lab_hj_tea_nov_2_2012_scan1_erika,31,35,3DLoMatch,baseline,float64,3,D3,4.79777186701595e-14,3.182242411006576e-14,8.987744736578403e-14,3.8584235005257736e-13
23,sun3d-mit_lab_hj-lab_hj_tea_nov_2_2012_scan1_erika,31,35,3DLoMatch,baseline,float64,3,D2_pre_context,5.612043139213297e-14,3.1369005246824416e-14,9.17782257047725e-14,2.500126075027469e-12
23,sun3d-mit_lab_hj-lab_hj_tea_nov_2_2012_scan1_erika,31,35,3DLoMatch,baseline,float64,3,D2_post_context,5.612043139213297e-14,3.1369005246824416e-14,9.17782257047725e-14,2.500126075027469e-12
23,sun3d-mit_lab_hj-lab_hj_tea_nov_2_2012_scan1_erika,31,35,3DLoMatch,baseline,float64,3,final_RE,4.4829608254717864e-14,1.7925281182514443e-14,1.0955120558811456e-13,3.9586041778776496e-12
23,sun3d-mit_lab_hj-lab_hj_tea_nov_2_2012_scan1_erika,31,35,3DLoMatch,baseline,float64,3,fine_RI,3.9843611883186964e-14,nan,nan,nan
23,sun3d-mit_lab_hj-lab_hj_tea_nov_2_2012_scan1_erika,31,35,3DLoMatch,baseline,float64,3,coarse_RI,1.1116466485151086e-13,nan,nan,nan
0,7-scenes-redkitchen,0,7,3DLoMatch,mspki,float32,0,S2,8.119445556076244e-05,2.152648266928736e-05,9.919030562741681e-05,0.003940262831747532
0,7-scenes-redkitchen,0,7,3DLoMatch,mspki,float32,0,S3,0.00013050153211224824,3.4343240258749574e-05,0.0001378758155624376,0.0038129796739667654
0,7-scenes-redkitchen,0,7,3DLoMatch,mspki,float32,0,S4_pre_context,8.595258987043053e-05,3.8398520700866356e-05,0.0001538419208372943,0.0006322180852293968
0,7-scenes-redkitchen,0,7,3DLoMatch,mspki,float32,0,S4_post_context,8.595258987043053e-05,3.8398520700866356e-05,0.0001538419208372943,0.0006322180852293968
0,7-scenes-redkitchen,0,7,3DLoMatch,mspki,float32,0,D3,8.238332520704716e-05,3.178619226673618e-05,0.0001225175612489689,0.0015869387425482273
0,7-scenes-redkitchen,0,7,3DLoMatch,mspki,float32,0,D2_pre_context,6.21200815658085e-05,2.3536676962976344e-05,9.646119433455168e-05,0.0018857771065086126
0,7-scenes-redkitchen,0,7,3DLoMatch,mspki,float32,0,D2_post_context,0.001093704137019813,2.7750716981245205e-05,0.00013324884057510638,0.035735104233026505
0,7-scenes-redkitchen,0,7,3DLoMatch,mspki,float32,0,final_RE,0.0008051962940953672,1.5479025023523718e-05,0.00013586596760433166,0.06062430888414383
0,7-scenes-redkitchen,0,7,3DLoMatch,mspki,float32,0,fine_RI,0.000910345115698874,nan,nan,nan
0,7-scenes-redkitchen,0,7,3DLoMatch,mspki,float32,0,coarse_RI,8.943261491367593e-05,nan,nan,nan
0,7-scenes-redkitchen,0,7,3DLoMatch,mspki,float32,1,S2,7.668675971217453e-05,2.1638130419887602e-05,0.00010010391124524173,0.0029420042410492897
0,7-scenes-redkitchen,0,7,3DLoMatch,mspki,float32,1,S3,0.00010539882350713015,3.486759669613093e-05,0.0001582574150233993,0.002869806718081236
0,7-scenes-redkitchen,0,7,3DLoMatch,mspki,float32,1,S4_pre_context,7.57930101826787e-05,4.0306545997736976e-05,0.00015310720191337167,0.0004995438503101468
0,7-scenes-redkitchen,0,7,3DLoMatch,mspki,float32,1,S4_post_context,7.57930101826787e-05,4.0306545997736976e-05,0.00015310720191337167,0.0004995438503101468
0,7-scenes-redkitchen,0,7,3DLoMatch,mspki,float32,1,D3,6.968009984120727e-05,3.2893243769649416e-05,0.00012752117036143298,0.0012000290444120765
0,7-scenes-redkitchen,0,7,3DLoMatch,mspki,float32,1,D2_pre_context,5.382681410992518e-05,2.462840529915411e-05,9.933114488376303e-05,0.0010195273207500577
0,7-scenes-redkitchen,0,7,3DLoMatch,mspki,float32,1,D2_post_context,0.0009744800627231598,2.9612523576361127e-05,0.00011246464273426676,0.05158210173249245
0,7-scenes-redkitchen,0,7,3DLoMatch,mspki,float32,1,final_RE,0.0005679196328856051,1.6094740203698166e-05,0.00011283154744887713,0.046613387763500214
0,7-scenes-redkitchen,0,7,3DLoMatch,mspki,float32,1,fine_RI,0.0008497383096255362,nan,nan,nan
0,7-scenes-redkitchen,0,7,3DLoMatch,mspki,float32,1,coarse_RI,7.566766726085916e-05,nan,nan,nan
0,7-scenes-redkitchen,0,7,3DLoMatch,mspki,float32,2,S2,7.705775351496413e-05,2.3125341613194905e-05,0.00010416410950710986,0.003460048232227564
0,7-scenes-redkitchen,0,7,3DLoMatch,mspki,float32,2,S3,0.00010318921704310924,3.616019239416346e-05,0.0001462511645513586,0.003348641563206911
0,7-scenes-redkitchen,0,7,3DLoMatch,mspki,float32,2,S4_pre_context,7.365439523709938e-05,4.127167267142795e-05,0.00013896321615902702,0.0005511402850970626
0,7-scenes-redkitchen,0,7,3DLoMatch,mspki,float32,2,S4_post_context,7.365439523709938e-05,4.127167267142795e-05,0.00013896321615902702,0.0005511402850970626
0,7-scenes-redkitchen,0,7,3DLoMatch,mspki,float32,2,D3,6.927766662556678e-05,3.4186625271104276e-05,0.00011986228309979197,0.0013897328171879053
0,7-scenes-redkitchen,0,7,3DLoMatch,mspki,float32,2,D2_pre_context,5.457568113342859e-05,2.5561132133589126e-05,8.864741976140063e-05,0.0012183889048174024
0,7-scenes-redkitchen,0,7,3DLoMatch,mspki,float32,2,D2_post_context,0.0010840805480256677,3.126573938061483e-05,0.00011763034708565099,0.03573417291045189
0,7-scenes-redkitchen,0,7,3DLoMatch,mspki,float32,2,final_RE,0.0008293556165881455,1.5700645235483535e-05,0.00011265139037277544,0.06063066050410271
0,7-scenes-redkitchen,0,7,3DLoMatch,mspki,float32,2,fine_RI,0.0009237453923560679,nan,nan,nan
0,7-scenes-redkitchen,0,7,3DLoMatch,mspki,float32,2,coarse_RI,7.393517444143072e-05,nan,nan,nan
0,7-scenes-redkitchen,0,7,3DLoMatch,mspki,float32,3,S2,7.135921623557806e-05,2.2345437173498794e-05,0.00010730774956755328,0.001981146167963743
0,7-scenes-redkitchen,0,7,3DLoMatch,mspki,float32,3,S3,8.179885480785742e-05,3.655343971331604e-05,0.00014400932777789403,0.001783457351848483
0,7-scenes-redkitchen,0,7,3DLoMatch,mspki,float32,3,S4_pre_context,6.160158955026418e-05,4.1510102164465934e-05,0.00011540215855347919,0.0003005657927133143
0,7-scenes-redkitchen,0,7,3DLoMatch,mspki,float32,3,S4_post_context,6.160158955026418e-05,4.1510102164465934e-05,0.00011540215855347919,0.0003005657927133143
0,7-scenes-redkitchen,0,7,3DLoMatch,mspki,float32,3,D3,5.632649845210835e-05,3.385552190593444e-05,0.00010547931196924752,0.0007371847168542445
0,7-scenes-redkitchen,0,7,3DLoMatch,mspki,float32,3,D2_pre_context,4.640255428967066e-05,2.4607887098682113e-05,8.223215118050573e-05,0.0010792393004521728
0,7-scenes-redkitchen,0,7,3DLoMatch,mspki,float32,3,D2_post_context,0.0010456190211698413,3.0238405088311993e-05,9.439359419047832e-05,0.0515393503010273
0,7-scenes-redkitchen,0,7,3DLoMatch,mspki,float32,3,final_RE,0.0005177229759283364,1.623431671760045e-05,9.962005133274942e-05,0.046585649251937866
0,7-scenes-redkitchen,0,7,3DLoMatch,mspki,float32,3,fine_RI,0.000896562123671174,nan,nan,nan
0,7-scenes-redkitchen,0,7,3DLoMatch,mspki,float32,3,coarse_RI,6.052030948922038e-05,nan,nan,nan
1,7-scenes-redkitchen,4,29,3DLoMatch,mspki,float32,0,S2,9.615298768039793e-05,2.2432421246776357e-05,0.00012306474745855662,0.004392805974930525
1,7-scenes-redkitchen,4,29,3DLoMatch,mspki,float32,0,S3,0.00010247164027532563,3.7153713492443785e-05,0.00016165751731023182,0.002234262879937887
1,7-scenes-redkitchen,4,29,3DLoMatch,mspki,float32,0,S4_pre_context,7.453065336449072e-05,4.324550900491886e-05,0.00014925583673175416,0.000371211557649076
1,7-scenes-redkitchen,4,29,3DLoMatch,mspki,float32,0,S4_post_context,7.453065336449072e-05,4.324550900491886e-05,0.00014925583673175416,0.000371211557649076
1,7-scenes-redkitchen,4,29,3DLoMatch,mspki,float32,0,D3,6.125530489953235e-05,3.214871321688406e-05,0.00011535570592968717,0.0008147669723257422
1,7-scenes-redkitchen,4,29,3DLoMatch,mspki,float32,0,D2_pre_context,5.5213233281392604e-05,2.3049458832247183e-05,8.42541201564017e-05,0.0021506305783987045
1,7-scenes-redkitchen,4,29,3DLoMatch,mspki,float32,0,D2_post_context,0.0009999916655942798,2.721427517826669e-05,9.605419108993364e-05,0.0346723347902298
1,7-scenes-redkitchen,4,29,3DLoMatch,mspki,float32,0,final_RE,0.00026590630295686424,1.3170505553716794e-05,7.499528510379602e-05,0.019053319469094276
1,7-scenes-redkitchen,4,29,3DLoMatch,mspki,float32,0,fine_RI,0.0008485156577080488,nan,nan,nan
1,7-scenes-redkitchen,4,29,3DLoMatch,mspki,float32,0,coarse_RI,6.703655526507646e-05,nan,nan,nan
1,7-scenes-redkitchen,4,29,3DLoMatch,mspki,float32,1,S2,9.689731086837128e-05,2.1812400518683717e-05,0.00011310072331980326,0.003841741941869259
1,7-scenes-redkitchen,4,29,3DLoMatch,mspki,float32,1,S3,0.00010216852388111874,3.5929344448959455e-05,0.00014892685576342038,0.0029582621064037085
1,7-scenes-redkitchen,4,29,3DLoMatch,mspki,float32,1,S4_pre_context,6.900577864143997e-05,3.83797159884125e-05,0.0001496342127211391,0.00031009205849841237
1,7-scenes-redkitchen,4,29,3DLoMatch,mspki,float32,1,S4_post_context,6.900577864143997e-05,3.83797159884125e-05,0.0001496342127211391,0.00031009205849841237
1,7-scenes-redkitchen,4,29,3DLoMatch,mspki,float32,1,D3,5.780934588983655e-05,2.9048238502582535e-05,0.00010529681094340049,0.0010791404638439417
1,7-scenes-redkitchen,4,29,3DLoMatch,mspki,float32,1,D2_pre_context,5.4513966460945085e-05,2.1668263798346743e-05,7.608702253492067e-05,0.0017783427610993385
1,7-scenes-redkitchen,4,29,3DLoMatch,mspki,float32,1,D2_post_context,0.0008074302459135652,2.5144465325865895e-05,8.607119598309506e-05,0.034677423536777496
1,7-scenes-redkitchen,4,29,3DLoMatch,mspki,float32,1,final_RE,0.00038244956522248685,1.2156757293269038e-05,6.091489649406857e-05,0.024135828018188477
1,7-scenes-redkitchen,4,29,3DLoMatch,mspki,float32,1,fine_RI,0.0006837856490164995,nan,nan,nan
1,7-scenes-redkitchen,4,29,3DLoMatch,mspki,float32,1,coarse_RI,6.295631465036422e-05,nan,nan,nan
1,7-scenes-redkitchen,4,29,3DLoMatch,mspki,float32,2,S2,8.951295603765175e-05,2.371831396885682e-05,0.00011690748906403293,0.0027654659934341908
1,7-scenes-redkitchen,4,29,3DLoMatch,mspki,float32,2,S3,0.00013555878831539303,3.989960896433331e-05,0.0001766465662512927,0.004184629302471876
1,7-scenes-redkitchen,4,29,3DLoMatch,mspki,float32,2,S4_pre_context,9.236963524017483e-05,4.556544081424363e-05,0.0002112535526975987,0.0005208293441683054
1,7-scenes-redkitchen,4,29,3DLoMatch,mspki,float32,2,S4_post_context,9.236963524017483e-05,4.556544081424363e-05,0.0002112535526975987,0.0005208293441683054
1,7-scenes-redkitchen,4,29,3DLoMatch,mspki,float32,2,D3,7.728438504273072e-05,3.4245182177983224e-05,0.00014021066162968047,0.0015233975136652589
1,7-scenes-redkitchen,4,29,3DLoMatch,mspki,float32,2,D2_pre_context,6.123468483565375e-05,2.447058432153426e-05,9.796623271540705e-05,0.001678941771388054
1,7-scenes-redkitchen,4,29,3DLoMatch,mspki,float32,2,D2_post_context,0.0006678753416053951,2.847544601536356e-05,0.00011557038196769998,0.03187263011932373
1,7-scenes-redkitchen,4,29,3DLoMatch,mspki,float32,2,final_RE,0.0002930219634436071,1.3037337339483202e-05,7.630135805811724e-05,0.017785245552659035
1,7-scenes-redkitchen,4,29,3DLoMatch,mspki,float32,2,fine_RI,0.000553952413611114,nan,nan,nan
1,7-scenes-redkitchen,4,29,3DLoMatch,mspki,float32,2,coarse_RI,8.261972106993198e-05,nan,nan,nan
1,7-scenes-redkitchen,4,29,3DLoMatch,mspki,float32,3,S2,7.495140744140372e-05,2.2947708202991635e-05,0.00011111232888652007,0.0019329620990902185
1,7-scenes-redkitchen,4,29,3DLoMatch,mspki,float32,3,S3,7.7592529123649e-05,3.725850547198206e-05,0.00013036044838372608,0.001297179376706481
1,7-scenes-redkitchen,4,29,3DLoMatch,mspki,float32,3,S4_pre_context,5.8717931096907705e-05,3.856758485198952e-05,0.0001021730393404141,0.00043916699360124767
1,7-scenes-redkitchen,4,29,3DLoMatch,mspki,float32,3,S4_post_context,5.8717931096907705e-05,3.856758485198952e-05,0.0001021730393404141,0.00043916699360124767
1,7-scenes-redkitchen,4,29,3DLoMatch,mspki,float32,3,D3,4.7825185902183875e-05,3.032289350812789e-05,8.31682831631042e-05,0.0004704110324382782
1,7-scenes-redkitchen,4,29,3DLoMatch,mspki,float32,3,D2_pre_context,4.110542795388028e-05,2.181736272177659e-05,6.496671194327061e-05,0.0008950502378866076
1,7-scenes-redkitchen,4,29,3DLoMatch,mspki,float32,3,D2_post_context,0.0011811406584456563,2.6168389013037086e-05,7.257042962010017e-05,0.050672780722379684
1,7-scenes-redkitchen,4,29,3DLoMatch,mspki,float32,3,final_RE,0.0004165499994996935,1.2371971024549566e-05,6.036362992745121e-05,0.023788217455148697
1,7-scenes-redkitchen,4,29,3DLoMatch,mspki,float32,3,fine_RI,0.0009791875490918756,nan,nan,nan
1,7-scenes-redkitchen,4,29,3DLoMatch,mspki,float32,3,coarse_RI,5.4737865866627544e-05,nan,nan,nan
2,7-scenes-redkitchen,8,38,3DLoMatch,mspki,float32,0,S2,0.0010136900236830115,2.4606435545138083e-05,0.00013444679425447256,0.07742322981357574
2,7-scenes-redkitchen,8,38,3DLoMatch,mspki,float32,0,S3,0.0006249290308915079,3.616476169554517e-05,0.00028677138470811666,0.013459633104503155
2,7-scenes-redkitchen,8,38,3DLoMatch,mspki,float32,0,S4_pre_context,0.0004795753338839859,3.8444217352662235e-05,0.0008423223916906867,0.005498876795172691
2,7-scenes-redkitchen,8,38,3DLoMatch,mspki,float32,0,S4_post_context,0.0004795753338839859,3.8444217352662235e-05,0.0008423223916906867,0.005498876795172691
2,7-scenes-redkitchen,8,38,3DLoMatch,mspki,float32,0,D3,0.00036090720095671713,2.998373020091094e-05,0.0005681017937604326,0.00581123773008585
2,7-scenes-redkitchen,8,38,3DLoMatch,mspki,float32,0,D2_pre_context,0.0004729149513877928,2.2493228243547492e-05,0.00040168103296309805,0.034229978919029236
2,7-scenes-redkitchen,8,38,3DLoMatch,mspki,float32,0,D2_post_context,0.00133821414783597,2.5960334824048914e-05,0.0005684593197656796,0.0415901243686676
2,7-scenes-redkitchen,8,38,3DLoMatch,mspki,float32,0,final_RE,0.0006562815979123116,1.3832095646648668e-05,0.00030173918348737084,0.04969378188252449
2,7-scenes-redkitchen,8,38,3DLoMatch,mspki,float32,0,fine_RI,0.0011256460566073656,nan,nan,nan
2,7-scenes-redkitchen,8,38,3DLoMatch,mspki,float32,0,coarse_RI,0.0004255505045875907,nan,nan,nan
2,7-scenes-redkitchen,8,38,3DLoMatch,mspki,float32,1,S2,0.004058998078107834,2.421473072899971e-05,0.00014334746228996666,0.32121655344963074
2,7-scenes-redkitchen,8,38,3DLoMatch,mspki,float32,1,S3,0.0017761776689440012,3.721104803844355e-05,0.00042040491825900945,0.03832189738750458
2,7-scenes-redkitchen,8,38,3DLoMatch,mspki,float32,1,S4_pre_context,0.0012906966730952263,4.199155227979645e-05,0.0017732871638145298,0.013906311243772507
2,7-scenes-redkitchen,8,38,3DLoMatch,mspki,float32,1,S4_post_context,0.0012906966730952263,4.199155227979645e-05,0.0017732871638145298,0.013906311243772507
2,7-scenes-redkitchen,8,38,3DLoMatch,mspki,float32,1,D3,0.0009964043274521828,3.242614184273407e-05,0.0012557656213175493,0.015885010361671448
2,7-scenes-redkitchen,8,38,3DLoMatch,mspki,float32,1,D2_pre_context,0.0013570061419159174,2.4781838874332607e-05,0.0008301428024424241,0.09579286724328995
2,7-scenes-redkitchen,8,38,3DLoMatch,mspki,float32,1,D2_post_context,0.0018715165788307786,2.860942367988173e-05,0.0012747451080940668,0.06795462965965271
2,7-scenes-redkitchen,8,38,3DLoMatch,mspki,float32,1,final_RE,0.0008840300142765045,1.575835995026864e-05,0.0006137337622931227,0.04973423480987549
2,7-scenes-redkitchen,8,38,3DLoMatch,mspki,float32,1,fine_RI,0.0014944785507395864,nan,nan,nan
2,7-scenes-redkitchen,8,38,3DLoMatch,mspki,float32,1,coarse_RI,0.0011465123388916254,nan,nan,nan
2,7-scenes-redkitchen,8,38,3DLoMatch,mspki,float32,2,S2,0.001964269671589136,2.492298517609015e-05,0.00012534325796877965,0.12871451675891876
2,7-scenes-redkitchen,8,38,3DLoMatch,mspki,float32,2,S3,0.0013181339018046856,3.789724360103719e-05,0.0004289200529456121,0.027476206421852112
2,7-scenes-redkitchen,8,38,3DLoMatch,mspki,float32,2,S4_pre_context,0.0009650097345001996,4.3145715608261526e-05,0.0015029632952064283,0.010785785503685474
2,7-scenes-redkitchen,8,38,3DLoMatch,mspki,float32,2,S4_post_context,0.0009650097345001996,4.3145715608261526e-05,0.0015029632952064283,0.010785785503685474
2,7-scenes-redkitchen,8,38,3DLoMatch,mspki,float32,2,D3,0.0007079800707288086,3.234598625567742e-05,0.0010758477728813882,0.010220118798315525
2,7-scenes-redkitchen,8,38,3DLoMatch,mspki,float32,2,D2_pre_context,0.0008712506387382746,2.45090777752921e-05,0.0006524234253447505,0.054151490330696106
2,7-scenes-redkitchen,8,38,3DLoMatch,mspki,float32,2,D2_post_context,0.0013672865461558104,2.8852438845206052e-05,0.0009639415744459257,0.04207928106188774
2,7-scenes-redkitchen,8,38,3DLoMatch,mspki,float32,2,final_RE,0.0006934674456715584,1.5177203749772161e-05,0.0005371087579987946,0.03266151249408722
2,7-scenes-redkitchen,8,38,3DLoMatch,mspki,float32,2,fine_RI,0.0010907058604061604,nan,nan,nan
2,7-scenes-redkitchen,8,38,3DLoMatch,mspki,float32,2,coarse_RI,0.0008478644886054099,nan,nan,nan
2,7-scenes-redkitchen,8,38,3DLoMatch,mspki,float32,3,S2,0.0002526434254832566,2.5365614419570193e-05,0.00012620764318853626,0.019076943397521973
2,7-scenes-redkitchen,8,38,3DLoMatch,mspki,float32,3,S3,0.00016822590259835124,3.762049527722411e-05,0.00017634554533287844,0.0034708529710769653
2,7-scenes-redkitchen,8,38,3DLoMatch,mspki,float32,3,S4_pre_context,0.0001320879382546991,4.236154200043529e-05,0.00021338715741876522,0.0012771983165293932
2,7-scenes-redkitchen,8,38,3DLoMatch,mspki,float32,3,S4_post_context,0.0001320879382546991,4.236154200043529e-05,0.00021338715741876522,0.0012771983165293932
2,7-scenes-redkitchen,8,38,3DLoMatch,mspki,float32,3,D3,0.00010331019439036027,3.265535269747488e-05,0.00016846197249833478,0.0014165497850626707
2,7-scenes-redkitchen,8,38,3DLoMatch,mspki,float32,3,D2_pre_context,0.00010817244037752971,2.376874181209132e-05,0.00012104292727599392,0.006786135025322437
2,7-scenes-redkitchen,8,38,3DLoMatch,mspki,float32,3,D2_post_context,0.0012029253412038088,2.838102045643609e-05,0.00016303008887916807,0.042482081800699234
2,7-scenes-redkitchen,8,38,3DLoMatch,mspki,float32,3,final_RE,0.0007403044728562236,1.4619589819631074e-05,0.00011603564853430728,0.04959598183631897
2,7-scenes-redkitchen,8,38,3DLoMatch,mspki,float32,3,fine_RI,0.0010075782192870975,nan,nan,nan
2,7-scenes-redkitchen,8,38,3DLoMatch,mspki,float32,3,coarse_RI,0.00011927527521038428,nan,nan,nan
3,7-scenes-redkitchen,12,32,3DLoMatch,mspki,float32,0,S2,8.016675565158948e-05,2.708111423999071e-05,0.00012688982533290967,0.0019058618927374482
3,7-scenes-redkitchen,12,32,3DLoMatch,mspki,float32,0,S3,0.00010513820598134771,4.342197280493565e-05,0.0001956850188435055,0.0021068528294563293
3,7-scenes-redkitchen,12,32,3DLoMatch,mspki,float32,0,S4_pre_context,9.278766810894012e-05,4.6505298087140545e-05,0.0001718494131637271,0.0007220146944746375
3,7-scenes-redkitchen,12,32,3DLoMatch,mspki,float32,0,S4_post_context,9.278766810894012e-05,4.6505298087140545e-05,0.0001718494131637271,0.0007220146944746375
3,7-scenes-redkitchen,12,32,3DLoMatch,mspki,float32,0,D3,8.229705417761579e-05,3.881744487443939e-05,0.00015325582062359887,0.0012056536506861448
3,7-scenes-redkitchen,12,32,3DLoMatch,mspki,float32,0,D2_pre_context,6.0491169278975576e-05,2.8106536774430424e-05,0.0001092196442186832,0.0007990117301233113
3,7-scenes-redkitchen,12,32,3DLoMatch,mspki,float32,0,D2_post_context,0.000898275466170162,3.4598648198880255e-05,0.00014417197962757192,0.0452471598982811
3,7-scenes-redkitchen,12,32,3DLoMatch,mspki,float32,0,final_RE,0.00031120359199121594,1.7505753930890933e-05,0.00021791178151033807,0.01906922087073326
3,7-scenes-redkitchen,12,32,3DLoMatch,mspki,float32,0,fine_RI,0.0007083989912644029,nan,nan,nan
3,7-scenes-redkitchen,12,32,3DLoMatch,mspki,float32,0,coarse_RI,0.00010495090100448579,nan,nan,nan
3,7-scenes-redkitchen,12,32,3DLoMatch,mspki,float32,1,S2,9.052497625816613e-05,2.5964807718992233e-05,0.00013836052094120515,0.002824189141392708
3,7-scenes-redkitchen,12,32,3DLoMatch,mspki,float32,1,S3,9.503377077635378e-05,4.09224558097776e-05,0.0001852963410783558,0.0012670791475102305
3,7-scenes-redkitchen,12,32,3DLoMatch,mspki,float32,1,S4_pre_context,7.8044984547887e-05,4.202844138490036e-05,0.0001578761053679045,0.00032058596843853593
3,7-scenes-redkitchen,12,32,3DLoMatch,mspki,float32,1,S4_post_context,7.8044984547887e-05,4.202844138490036e-05,0.0001578761053679045,0.00032058596843853593
3,7-scenes-redkitchen,12,32,3DLoMatch,mspki,float32,1,D3,7.219055260065943e-05,3.448045754339546e-05,0.0001412385143339633,0.0009349503088742495
3,7-scenes-redkitchen,12,32,3DLoMatch,mspki,float32,1,D2_pre_context,5.851607784279622e-05,2.617827158246655e-05,0.00010911087738350033,0.0015155259752646089
3,7-scenes-redkitchen,12,32,3DLoMatch,mspki,float32,1,D2_post_context,0.0008537449175491929,3.3514992537675425e-05,0.00013377206341829144,0.03263925760984421
3,7-scenes-redkitchen,12,32,3DLoMatch,mspki,float32,1,final_RE,0.00034978456096723676,1.5874800737947226e-05,0.0001872676628408952,0.039444584399461746
3,7-scenes-redkitchen,12,32,3DLoMatch,mspki,float32,1,fine_RI,0.0007207687012851238,nan,nan,nan
3,7-scenes-redkitchen,12,32,3DLoMatch,mspki,float32,1,coarse_RI,8.419113146374002e-05,nan,nan,nan
3,7-scenes-redkitchen,12,32,3DLoMatch,mspki,float32,2,S2,8.300920308101922e-05,2.622721513034776e-05,0.00012595359876286234,0.0014932748163118958
3,7-scenes-redkitchen,12,32,3DLoMatch,mspki,float32,2,S3,0.00010119918442796916,3.97015392081812e-05,0.00019044143482460635,0.0010938307968899608
3,7-scenes-redkitchen,12,32,3DLoMatch,mspki,float32,2,S4_pre_context,8.01059213699773e-05,4.213984720990993e-05,0.00016613592306384816,0.0002877629885915667
3,7-scenes-redkitchen,12,32,3DLoMatch,mspki,float32,2,S4_post_context,8.01059213699773e-05,4.213984720990993e-05,0.00016613592306384816,0.0002877629885915667
3,7-scenes-redkitchen,12,32,3DLoMatch,mspki,float32,2,D3,7.299123535631225e-05,3.403626033104956e-05,0.00015144557037274353,0.0005458459490910172
3,7-scenes-redkitchen,12,32,3DLoMatch,mspki,float32,2,D2_pre_context,5.798921483801678e-05,2.6250594601151533e-05,0.00010975679615512475,0.000677306205034256
3,7-scenes-redkitchen,12,32,3DLoMatch,mspki,float32,2,D2_post_context,0.0007603380363434553,3.34655269398354e-05,0.00014558045659214254,0.032647695392370224
3,7-scenes-redkitchen,12,32,3DLoMatch,mspki,float32,2,final_RE,0.00037419309956021607,1.6644371498841792e-05,0.0002296455902978776,0.039210740476846695
3,7-scenes-redkitchen,12,32,3DLoMatch,mspki,float32,2,fine_RI,0.0006121592014096677,nan,nan,nan
3,7-scenes-redkitchen,12,32,3DLoMatch,mspki,float32,2,coarse_RI,8.22145666461438e-05,nan,nan,nan
3,7-scenes-redkitchen,12,32,3DLoMatch,mspki,float32,3,S2,9.72359484876506e-05,2.720485281315632e-05,0.00015315520286094376,0.0022101323120296
3,7-scenes-redkitchen,12,32,3DLoMatch,mspki,float32,3,S3,0.0001235120726050809,4.4945325498702005e-05,0.00024930792569648457,0.0016114609315991402
3,7-scenes-redkitchen,12,32,3DLoMatch,mspki,float32,3,S4_pre_context,0.0001053535524988547,4.625232395483181e-05,0.00023370737180812275,0.0005118483677506447
3,7-scenes-redkitchen,12,32,3DLoMatch,mspki,float32,3,S4_post_context,0.0001053535524988547,4.625232395483181e-05,0.00023370737180812275,0.0005118483677506447
3,7-scenes-redkitchen,12,32,3DLoMatch,mspki,float32,3,D3,9.525008499622345e-05,3.680775625980459e-05,0.00020879614166915408,0.0006490244413726032
3,7-scenes-redkitchen,12,32,3DLoMatch,mspki,float32,3,D2_pre_context,7.435692532453686e-05,2.7639232939691283e-05,0.00014910212194081394,0.001026698388159275
3,7-scenes-redkitchen,12,32,3DLoMatch,mspki,float32,3,D2_post_context,0.0007593480986543,3.409655255381949e-05,0.00021992715192027318,0.030998988077044487
3,7-scenes-redkitchen,12,32,3DLoMatch,mspki,float32,3,final_RE,0.00033922475995495915,1.635054468351882e-05,0.00036574524128809395,0.019845400005578995
3,7-scenes-redkitchen,12,32,3DLoMatch,mspki,float32,3,fine_RI,0.0006507619400508702,nan,nan,nan
3,7-scenes-redkitchen,12,32,3DLoMatch,mspki,float32,3,coarse_RI,0.00011399752838769928,nan,nan,nan
4,7-scenes-redkitchen,18,47,3DLoMatch,mspki,float32,0,S2,6.054071491234936e-05,2.023373599513434e-05,8.727433014428237e-05,0.002118737669661641
4,7-scenes-redkitchen,18,47,3DLoMatch,mspki,float32,0,S3,6.157040479592979e-05,2.9895738407503814e-05,9.907703642966225e-05,0.0011349132983013988
4,7-scenes-redkitchen,18,47,3DLoMatch,mspki,float32,0,S4_pre_context,4.7399218601640314e-05,2.932111055997666e-05,8.424928382737556e-05,0.0002898187667597085
4,7-scenes-redkitchen,18,47,3DLoMatch,mspki,float32,0,S4_post_context,4.7399218601640314e-05,2.932111055997666e-05,8.424928382737556e-05,0.0002898187667597085
4,7-scenes-redkitchen,18,47,3DLoMatch,mspki,float32,0,D3,4.072502633789554e-05,2.3665739718126133e-05,7.204283028841018e-05,0.0004237772664055228
4,7-scenes-redkitchen,18,47,3DLoMatch,mspki,float32,0,D2_pre_context,3.612488944781944e-05,1.8660168279893696e-05,5.746352635469518e-05,0.0008048809831961989
4,7-scenes-redkitchen,18,47,3DLoMatch,mspki,float32,0,D2_post_context,0.0017232229001820087,2.1803400159114972e-05,6.570397745235823e-05,0.10301198065280914
4,7-scenes-redkitchen,18,47,3DLoMatch,mspki,float32,0,final_RE,0.0009523771586827934,1.1461274880275596e-05,5.2198396952007896e-05,0.05449192598462105
4,7-scenes-redkitchen,18,47,3DLoMatch,mspki,float32,0,fine_RI,0.0014838153729215264,nan,nan,nan
4,7-scenes-redkitchen,18,47,3DLoMatch,mspki,float32,0,coarse_RI,4.174094647169113e-05,nan,nan,nan
4,7-scenes-redkitchen,18,47,3DLoMatch,mspki,float32,1,S2,5.21226211276371e-05,1.9081782738794573e-05,7.846332664485087e-05,0.0012796710943803191
4,7-scenes-redkitchen,18,47,3DLoMatch,mspki,float32,1,S3,5.202278771321289e-05,2.8357331757433712e-05,9.151703525276369e-05,0.0006752935005351901
4,7-scenes-redkitchen,18,47,3DLoMatch,mspki,float32,1,S4_pre_context,4.0735616494202986e-05,2.786852746794466e-05,8.00214053015223e-05,0.00020956579828634858
4,7-scenes-redkitchen,18,47,3DLoMatch,mspki,float32,1,S4_post_context,4.0735616494202986e-05,2.786852746794466e-05,8.00214053015223e-05,0.00020956579828634858
4,7-scenes-redkitchen,18,47,3DLoMatch,mspki,float32,1,D3,3.589404150261544e-05,2.2904005163582042e-05,6.551348124048673e-05,0.00030206856899894774
4,7-scenes-redkitchen,18,47,3DLoMatch,mspki,float32,1,D2_pre_context,3.103302151430398e-05,1.703651105344761e-05,5.1966598402941595e-05,0.000572154822293669
4,7-scenes-redkitchen,18,47,3DLoMatch,mspki,float32,1,D2_post_context,0.000850988901220262,2.0158560801064596e-05,5.5644358872086715e-05,0.03213145211338997
4,7-scenes-redkitchen,18,47,3DLoMatch,mspki,float32,1,final_RE,0.0008010166347958148,1.0116949852090329e-05,4.428092070156707e-05,0.10633154213428497
4,7-scenes-redkitchen,18,47,3DLoMatch,mspki,float32,1,fine_RI,0.0007226573070511222,nan,nan,nan
4,7-scenes-redkitchen,18,47,3DLoMatch,mspki,float32,1,coarse_RI,3.7752321077277884e-05,nan,nan,nan
4,7-scenes-redkitchen,18,47,3DLoMatch,mspki,float32,2,S2,6.819223199272528e-05,2.0818190023419447e-05,9.593497961759567e-05,0.0022155153565108776
4,7-scenes-redkitchen,18,47,3DLoMatch,mspki,float32,2,S3,7.29934181435965e-05,3.369070327607915e-05,0.00011979325936408705,0.0011462775291875005
4,7-scenes-redkitchen,18,47,3DLoMatch,mspki,float32,2,S4_pre_context,5.010756285628304e-05,3.424753595027141e-05,9.089580125873904e-05,0.0001692489313427359
4,7-scenes-redkitchen,18,47,3DLoMatch,mspki,float32,2,S4_post_context,5.010756285628304e-05,3.424753595027141e-05,9.089580125873904e-05,0.0001692489313427359
4,7-scenes-redkitchen,18,47,3DLoMatch,mspki,float32,2,D3,4.684461237047799e-05,2.766539910226129e-05,8.544658885512031e-05,0.00047040521167218685
4,7-scenes-redkitchen,18,47,3DLoMatch,mspki,float32,2,D2_pre_context,4.04593265557196e-05,2.0749243049067445e-05,6.569721044797914e-05,0.0010775738628581166
4,7-scenes-redkitchen,18,47,3DLoMatch,mspki,float32,2,D2_post_context,0.001284062280319631,2.401733217993751e-05,7.159932501963338e-05,0.049626030027866364
4,7-scenes-redkitchen,18,47,3DLoMatch,mspki,float32,2,final_RE,0.0006629042909480631,1.2029129720758647e-05,5.4405562696047104e-05,0.05306360125541687
4,7-scenes-redkitchen,18,47,3DLoMatch,mspki,float32,2,fine_RI,0.0010856331791728735,nan,nan,nan
4,7-scenes-redkitchen,18,47,3DLoMatch,mspki,float32,2,coarse_RI,4.714986789622344e-05,nan,nan,nan
4,7-scenes-redkitchen,18,47,3DLoMatch,mspki,float32,3,S2,5.4865115089342e-05,1.961377347470261e-05,8.161276055034248e-05,0.0018922107992693782
4,7-scenes-redkitchen,18,47,3DLoMatch,mspki,float32,3,S3,5.3176128858467564e-05,3.0030911148060113e-05,9.079120718524789e-05,0.0004904683446511626
4,7-scenes-redkitchen,18,47,3DLoMatch,mspki,float32,3,S4_pre_context,4.31138469139114e-05,3.077551809838042e-05,7.321159209823232e-05,0.00025020440807566047
4,7-scenes-redkitchen,18,47,3DLoMatch,mspki,float32,3,S4_post_context,4.31138469139114e-05,3.077551809838042e-05,7.321159209823232e-05,0.00025020440807566047
4,7-scenes-redkitchen,18,47,3DLoMatch,mspki,float32,3,D3,3.727703369804658e-05,2.501354356354568e-05,6.626436152146192e-05,0.00022707633615937084
4,7-scenes-redkitchen,18,47,3DLoMatch,mspki,float32,3,D2_pre_context,3.202380321454257e-05,1.814115785236936e-05,5.46707204193808e-05,0.0006181512726470828
4,7-scenes-redkitchen,18,47,3DLoMatch,mspki,float32,3,D2_post_context,0.0010404757922515273,2.1166626538615674e-05,5.86972731980495e-05,0.047436267137527466
4,7-scenes-redkitchen,18,47,3DLoMatch,mspki,float32,3,final_RE,0.0005334714660421014,1.07741780084325e-05,4.770153427671175e-05,0.04865366593003273
4,7-scenes-redkitchen,18,47,3DLoMatch,mspki,float32,3,fine_RI,0.0008841793169267476,nan,nan,nan
4,7-scenes-redkitchen,18,47,3DLoMatch,mspki,float32,3,coarse_RI,3.922398536815308e-05,nan,nan,nan
5,7-scenes-redkitchen,24,57,3DLoMatch,mspki,float32,0,S2,8.540893031749874e-05,2.7313824830343947e-05,0.00012809430045308535,0.002965392777696252
5,7-scenes-redkitchen,24,57,3DLoMatch,mspki,float32,0,S3,8.179827273124829e-05,4.2500214476604015e-05,0.00015848206094233296,0.0008533050422556698
5,7-scenes-redkitchen,24,57,3DLoMatch,mspki,float32,0,S4_pre_context,6.124305218691006e-05,4.151128086959943e-05,0.00011211301243747576,0.0002601829473860562
5,7-scenes-redkitchen,24,57,3DLoMatch,mspki,float32,0,S4_post_context,6.124305218691006e-05,4.151128086959943e-05,0.00011211301243747576,0.0002601829473860562
5,7-scenes-redkitchen,24,57,3DLoMatch,mspki,float32,0,D3,9.26923385122791e-05,3.293952613603324e-05,0.00010865271760849262,0.0032788529060781
5,7-scenes-redkitchen,24,57,3DLoMatch,mspki,float32,0,D2_pre_context,5.213062831899151e-05,2.3665965272812173e-05,8.132276998367154e-05,0.0012348382733762264
5,7-scenes-redkitchen,24,57,3DLoMatch,mspki,float32,0,D2_post_context,0.0013379185693338513,2.7129070076625794e-05,9.442209047847427e-05,0.041245557367801666
5,7-scenes-redkitchen,24,57,3DLoMatch,mspki,float32,0,final_RE,0.0007525251712650061,1.3552818927564658e-05,0.00010541919145907734,0.044798798859119415
5,7-scenes-redkitchen,24,57,3DLoMatch,mspki,float32,0,fine_RI,0.0011785257374867797,nan,nan,nan
5,7-scenes-redkitchen,24,57,3DLoMatch,mspki,float32,0,coarse_RI,6.561243935720995e-05,nan,nan,nan
5,7-scenes-redkitchen,24,57,3DLoMatch,mspki,float32,1,S2,8.139202691381797e-05,2.6727368094725534e-05,0.00012838273178203963,0.0018783967243507504
5,7-scenes-redkitchen,24,57,3DLoMatch,mspki,float32,1,S3,7.920646021375433e-05,4.223177893436514e-05,0.00014836987757007585,0.0007775972480885684
5,7-scenes-redkitchen,24,57,3DLoMatch,mspki,float32,1,S4_pre_context,6.409935303963721e-05,4.175088906777091e-05,0.00011509110481711103,0.00048433587653562427
5,7-scenes-redkitchen,24,57,3DLoMatch,mspki,float32,1,S4_post_context,6.409935303963721e-05,4.175088906777091e-05,0.00011509110481711103,0.00048433587653562427
5,7-scenes-redkitchen,24,57,3DLoMatch,mspki,float32,1,D3,7.291635847650468e-05,3.3027565223164856e-05,9.800672414712606e-05,0.0021554240956902504
5,7-scenes-redkitchen,24,57,3DLoMatch,mspki,float32,1,D2_pre_context,4.717104820883833e-05,2.362917803111486e-05,7.404815805784892e-05,0.0008286228403449059
5,7-scenes-redkitchen,24,57,3DLoMatch,mspki,float32,1,D2_post_context,0.001115171704441309,2.8024234779877588e-05,8.088948125077875e-05,0.03354362025856972
5,7-scenes-redkitchen,24,57,3DLoMatch,mspki,float32,1,final_RE,0.0007018789183348417,1.477954356232658e-05,8.227734215324744e-05,0.044823601841926575
5,7-scenes-redkitchen,24,57,3DLoMatch,mspki,float32,1,fine_RI,0.0009438330307602882,nan,nan,nan
5,7-scenes-redkitchen,24,57,3DLoMatch,mspki,float32,1,coarse_RI,7.937197369756177e-05,nan,nan,nan
5,7-scenes-redkitchen,24,57,3DLoMatch,mspki,float32,2,S2,8.254022395703942e-05,2.8634243790293112e-05,0.00013275248347781576,0.0018545337952673435
5,7-scenes-redkitchen,24,57,3DLoMatch,mspki,float32,2,S3,8.43043890199624e-05,4.4319087464828044e-05,0.00016144320325111016,0.0009060120210051537
5,7-scenes-redkitchen,24,57,3DLoMatch,mspki,float32,2,S4_pre_context,7.229742186609656e-05,4.24472164013423e-05,0.00012740853999275713,0.0006352535565383732
5,7-scenes-redkitchen,24,57,3DLoMatch,mspki,float32,2,S4_post_context,7.229742186609656e-05,4.24472164013423e-05,0.00012740853999275713,0.0006352535565383732
5,7-scenes-redkitchen,24,57,3DLoMatch,mspki,float32,2,D3,6.563322676811367e-05,3.63970611942932e-05,0.00011148663215863036,0.0010132716270163655
5,7-scenes-redkitchen,24,57,3DLoMatch,mspki,float32,2,D2_pre_context,5.020970638724975e-05,2.6626046746969223e-05,8.51499095006147e-05,0.0007537989295087755
5,7-scenes-redkitchen,24,57,3DLoMatch,mspki,float32,2,D2_post_context,0.0013002328341826797,3.0226776289055124e-05,0.00010076890794152856,0.04124389588832855
5,7-scenes-redkitchen,24,57,3DLoMatch,mspki,float32,2,final_RE,0.0008794385939836502,1.4605009710066952e-05,0.00011334713344695025,0.08094751834869385
5,7-scenes-redkitchen,24,57,3DLoMatch,mspki,float32,2,fine_RI,0.0011227969080209732,nan,nan,nan
5,7-scenes-redkitchen,24,57,3DLoMatch,mspki,float32,2,coarse_RI,8.376237383345142e-05,nan,nan,nan
5,7-scenes-redkitchen,24,57,3DLoMatch,mspki,float32,3,S2,9.482772293267772e-05,2.7973437681794167e-05,0.0001400039953296073,0.002822836162522435
5,7-scenes-redkitchen,24,57,3DLoMatch,mspki,float32,3,S3,8.3891638496425e-05,4.1862767830025405e-05,0.00016946382675087077,0.0006336700753308833
5,7-scenes-redkitchen,24,57,3DLoMatch,mspki,float32,3,S4_pre_context,6.879488500999287e-05,4.363318294053897e-05,0.00011898476623173335,0.0004099019570276141
5,7-scenes-redkitchen,24,57,3DLoMatch,mspki,float32,3,S4_post_context,6.879488500999287e-05,4.363318294053897e-05,0.00011898476623173335,0.0004099019570276141
5,7-scenes-redkitchen,24,57,3DLoMatch,mspki,float32,3,D3,6.150449917186052e-05,3.475730773061514e-05,0.00011290845686744429,0.0006778456154279411
5,7-scenes-redkitchen,24,57,3DLoMatch,mspki,float32,3,D2_pre_context,5.109435005579144e-05,2.4839242541929707e-05,8.510944426234345e-05,0.0012423963053151965
5,7-scenes-redkitchen,24,57,3DLoMatch,mspki,float32,3,D2_post_context,0.0011762186186388135,2.932001370936632e-05,0.00010506799990253055,0.03931539133191109
5,7-scenes-redkitchen,24,57,3DLoMatch,mspki,float32,3,final_RE,0.0006942537147551775,1.5833818906685337e-05,0.00010310824654879966,0.03778813034296036
5,7-scenes-redkitchen,24,57,3DLoMatch,mspki,float32,3,fine_RI,0.001055247033946216,nan,nan,nan
5,7-scenes-redkitchen,24,57,3DLoMatch,mspki,float32,3,coarse_RI,6.745268910890445e-05,nan,nan,nan
6,7-scenes-redkitchen,34,39,3DLoMatch,mspki,float32,0,S2,0.00012144644279032946,2.3738242816762067e-05,0.00011874883057316761,0.0072213588282465935
6,7-scenes-redkitchen,34,39,3DLoMatch,mspki,float32,0,S3,0.0001122789180953987,4.0516024455428123e-05,0.00018984712005476467,0.00202331505715847
6,7-scenes-redkitchen,34,39,3DLoMatch,mspki,float32,0,S4_pre_context,9.105789649765939e-05,4.650295159080997e-05,0.00017200728107127336,0.0007041231147013605
6,7-scenes-redkitchen,34,39,3DLoMatch,mspki,float32,0,S4_post_context,9.105789649765939e-05,4.650295159080997e-05,0.00017200728107127336,0.0007041231147013605
6,7-scenes-redkitchen,34,39,3DLoMatch,mspki,float32,0,D3,7.910881686257198e-05,3.8188183680176735e-05,0.0001502845152572263,0.0007554025505669415
6,7-scenes-redkitchen,34,39,3DLoMatch,mspki,float32,0,D2_pre_context,6.78936266922392e-05,2.8508751711342484e-05,0.0001120832122978754,0.001905938726849854
6,7-scenes-redkitchen,34,39,3DLoMatch,mspki,float32,0,D2_post_context,0.0004895201418548822,3.540816032909788e-05,0.00013872711715521286,0.023262592032551765
6,7-scenes-redkitchen,34,39,3DLoMatch,mspki,float32,0,final_RE,0.0004148180305492133,2.049993781838566e-05,0.00017460103554185478,0.055367905646562576
6,7-scenes-redkitchen,34,39,3DLoMatch,mspki,float32,0,fine_RI,0.0004144450940657407,nan,nan,nan
6,7-scenes-redkitchen,34,39,3DLoMatch,mspki,float32,0,coarse_RI,8.745233935769647e-05,nan,nan,nan
6,7-scenes-redkitchen,34,39,3DLoMatch,mspki,float32,1,S2,0.00010092174488818273,2.3494021661463194e-05,0.00012651071301661426,0.004457293078303337
6,7-scenes-redkitchen,34,39,3DLoMatch,mspki,float32,1,S3,0.0001046039760694839,3.969556564697996e-05,0.00018474658281775191,0.001454116660170257
6,7-scenes-redkitchen,34,39,3DLoMatch,mspki,float32,1,S4_pre_context,8.492670167470351e-05,4.512192026595585e-05,0.00016132469245349023,0.0005427147843874991
6,7-scenes-redkitchen,34,39,3DLoMatch,mspki,float32,1,S4_post_context,8.492670167470351e-05,4.512192026595585e-05,0.00016132469245349023,0.0005427147843874991
6,7-scenes-redkitchen,34,39,3DLoMatch,mspki,float32,1,D3,7.416312291752547e-05,3.690691664814949e-05,0.0001470845854782965,0.0006170761771500111
6,7-scenes-redkitchen,34,39,3DLoMatch,mspki,float32,1,D2_pre_context,5.974858140689321e-05,2.650317946972791e-05,0.00010519096322241237,0.0010369933443143964
6,7-scenes-redkitchen,34,39,3DLoMatch,mspki,float32,1,D2_post_context,0.0010535570327192545,3.2733816624386236e-05,0.00012995595898246393,0.04171805828809738
6,7-scenes-redkitchen,34,39,3DLoMatch,mspki,float32,1,final_RE,0.0009985825745388865,1.9712633729795925e-05,0.00017575476522324604,0.13428199291229248
6,7-scenes-redkitchen,34,39,3DLoMatch,mspki,float32,1,fine_RI,0.0008901793044060469,nan,nan,nan
6,7-scenes-redkitchen,34,39,3DLoMatch,mspki,float32,1,coarse_RI,7.749032374704257e-05,nan,nan,nan
6,7-scenes-redkitchen,34,39,3DLoMatch,mspki,float32,2,S2,8.857839566189796e-05,2.3813983716536313e-05,0.00011780597778852091,0.003549636108800769
6,7-scenes-redkitchen,34,39,3DLoMatch,mspki,float32,2,S3,8.38858904899098e-05,3.858088894048706e-05,0.0001482602092437446,0.0009812796488404274
6,7-scenes-redkitchen,34,39,3DLoMatch,mspki,float32,2,S4_pre_context,6.944345659576356e-05,4.320152584114112e-05,0.00012465949403122064,0.0005110183847136796
6,7-scenes-redkitchen,34,39,3DLoMatch,mspki,float32,2,S4_post_context,6.944345659576356e-05,4.320152584114112e-05,0.00012465949403122064,0.0005110183847136796
6,7-scenes-redkitchen,34,39,3DLoMatch,mspki,float32,2,D3,5.777183469035663e-05,3.431906952755526e-05,0.00010885544179473072,0.0003764864814002067
6,7-scenes-redkitchen,34,39,3DLoMatch,mspki,float32,2,D2_pre_context,4.932680894853547e-05,2.5395673219463788e-05,8.315707382280376e-05,0.0007526931003667414
6,7-scenes-redkitchen,34,39,3DLoMatch,mspki,float32,2,D2_post_context,0.0008824513060972095,3.077885776292533e-05,0.00010378313454566521,0.04171588644385338
6,7-scenes-redkitchen,34,39,3DLoMatch,mspki,float32,2,final_RE,0.0010667486349120736,1.7590731658856384e-05,0.00012873077939730136,0.1342681646347046
6,7-scenes-redkitchen,34,39,3DLoMatch,mspki,float32,2,fine_RI,0.0007408151286654174,nan,nan,nan
6,7-scenes-redkitchen,34,39,3DLoMatch,mspki,float32,2,coarse_RI,6.522518378915265e-05,nan,nan,nan
6,7-scenes-redkitchen,34,39,3DLoMatch,mspki,float32,3,S2,8.579232235206291e-05,2.3506925572291948e-05,0.00012546680518425997,0.0024948446080088615
6,7-scenes-redkitchen,34,39,3DLoMatch,mspki,float32,3,S3,8.457949297735468e-05,3.867276609526016e-05,0.00016042185598053038,0.0009945150231942534
6,7-scenes-redkitchen,34,39,3DLoMatch,mspki,float32,3,S4_pre_context,6.74452239763923e-05,4.120975063415244e-05,0.00013637992742587807,0.000355327851139009
6,7-scenes-redkitchen,34,39,3DLoMatch,mspki,float32,3,S4_post_context,6.74452239763923e-05,4.120975063415244e-05,0.00013637992742587807,0.000355327851139009
6,7-scenes-redkitchen,34,39,3DLoMatch,mspki,float32,3,D3,6.0478312661871314e-05,3.3207732485607266e-05,0.00012109779891034123,0.0004373657866381109
6,7-scenes-redkitchen,34,39,3DLoMatch,mspki,float32,3,D2_pre_context,5.151040022610687e-05,2.5009903765749186e-05,9.134951324085702e-05,0.0009515488636679947
6,7-scenes-redkitchen,34,39,3DLoMatch,mspki,float32,3,D2_post_context,0.0008347653201781213,3.001888580911327e-05,0.00010354264377383512,0.0393509566783905
6,7-scenes-redkitchen,34,39,3DLoMatch,mspki,float32,3,final_RE,0.0008246207144111395,1.8718064893619157e-05,0.00012638108310056848,0.10638654977083206
6,7-scenes-redkitchen,34,39,3DLoMatch,mspki,float32,3,fine_RI,0.0007094959146343172,nan,nan,nan
6,7-scenes-redkitchen,34,39,3DLoMatch,mspki,float32,3,coarse_RI,6.7625951487571e-05,nan,nan,nan
7,sun3d-home_at-home_at_scan1_2013_jan_1,1,33,3DLoMatch,mspki,float32,0,S2,5.997562038828619e-05,2.2025978978490457e-05,9.879139543045299e-05,0.0011402098461985588
7,sun3d-home_at-home_at_scan1_2013_jan_1,1,33,3DLoMatch,mspki,float32,0,S3,6.706868589390069e-05,3.507002838887274e-05,0.0001295354311878324,0.0009589677210897207
7,sun3d-home_at-home_at_scan1_2013_jan_1,1,33,3DLoMatch,mspki,float32,0,S4_pre_context,5.193730248720385e-05,3.271228342782706e-05,0.00010676934834918939,0.00023745356884319335
7,sun3d-home_at-home_at_scan1_2013_jan_1,1,33,3DLoMatch,mspki,float32,0,S4_post_context,5.193730248720385e-05,3.271228342782706e-05,0.00010676934834918939,0.00023745356884319335
7,sun3d-home_at-home_at_scan1_2013_jan_1,1,33,3DLoMatch,mspki,float32,0,D3,4.5988701458554715e-05,2.6807614631252363e-05,9.08733156393282e-05,0.0004496968467719853
7,sun3d-home_at-home_at_scan1_2013_jan_1,1,33,3DLoMatch,mspki,float32,0,D2_pre_context,3.7196470657363534e-05,1.9656301446957514e-05,6.666932276857544e-05,0.0005557725089602172
7,sun3d-home_at-home_at_scan1_2013_jan_1,1,33,3DLoMatch,mspki,float32,0,D2_post_context,0.0013123203534632921,2.368101559113711e-05,8.10083456599386e-05,0.07945156842470169
7,sun3d-home_at-home_at_scan1_2013_jan_1,1,33,3DLoMatch,mspki,float32,0,final_RE,0.0013712390791624784,1.2724427506327629e-05,0.00012080935885023779,0.2097509503364563
7,sun3d-home_at-home_at_scan1_2013_jan_1,1,33,3DLoMatch,mspki,float32,0,fine_RI,0.0010845114011317492,nan,nan,nan
7,sun3d-home_at-home_at_scan1_2013_jan_1,1,33,3DLoMatch,mspki,float32,0,coarse_RI,6.869202479720116e-05,nan,nan,nan
7,sun3d-home_at-home_at_scan1_2013_jan_1,1,33,3DLoMatch,mspki,float32,1,S2,8.077453821897507e-05,2.1287216441123746e-05,9.706178752821853e-05,0.003713190322741866
7,sun3d-home_at-home_at_scan1_2013_jan_1,1,33,3DLoMatch,mspki,float32,1,S3,8.26438918011263e-05,3.432942321524024e-05,0.00014189459834597066,0.00132509705144912
7,sun3d-home_at-home_at_scan1_2013_jan_1,1,33,3DLoMatch,mspki,float32,1,S4_pre_context,6.483300967374817e-05,3.5471337469061837e-05,0.0001202336025016848,0.00045066067832522094
7,sun3d-home_at-home_at_scan1_2013_jan_1,1,33,3DLoMatch,mspki,float32,1,S4_post_context,6.483300967374817e-05,3.5471337469061837e-05,0.0001202336025016848,0.00045066067832522094
7,sun3d-home_at-home_at_scan1_2013_jan_1,1,33,3DLoMatch,mspki,float32,1,D3,5.7192282838514075e-05,2.811762533383444e-05,0.00010061693974421357,0.0008357812184840441
7,sun3d-home_at-home_at_scan1_2013_jan_1,1,33,3DLoMatch,mspki,float32,1,D2_pre_context,4.799485395778902e-05,2.131048677256331e-05,7.983016184880381e-05,0.001249548513442278
7,sun3d-home_at-home_at_scan1_2013_jan_1,1,33,3DLoMatch,mspki,float32,1,D2_post_context,0.0008855109917931259,2.598158607725054e-05,9.483185203862275e-05,0.04127372428774834
7,sun3d-home_at-home_at_scan1_2013_jan_1,1,33,3DLoMatch,mspki,float32,1,final_RE,0.00041316315764561296,1.3812383258482441e-05,0.00011766018906200762,0.03442249819636345
7,sun3d-home_at-home_at_scan1_2013_jan_1,1,33,3DLoMatch,mspki,float32,1,fine_RI,0.00074039027094841,nan,nan,nan
7,sun3d-home_at-home_at_scan1_2013_jan_1,1,33,3DLoMatch,mspki,float32,1,coarse_RI,0.00010255381494062021,nan,nan,nan
7,sun3d-home_at-home_at_scan1_2013_jan_1,1,33,3DLoMatch,mspki,float32,2,S2,0.00013056275201961398,2.27010968956165e-05,0.00011126041208626702,0.008348076604306698
7,sun3d-home_at-home_at_scan1_2013_jan_1,1,33,3DLoMatch,mspki,float32,2,S3,0.00013901774946134537,3.857941919704899e-05,0.00022870352040627032,0.002815479878336191
7,sun3d-home_at-home_at_scan1_2013_jan_1,1,33,3DLoMatch,mspki,float32,2,S4_pre_context,0.00010095761535922065,4.017808896605857e-05,0.00023231729574035853,0.0005727583775296807
7,sun3d-home_at-home_at_scan1_2013_jan_1,1,33,3DLoMatch,mspki,float32,2,S4_post_context,0.00010095761535922065,4.017808896605857e-05,0.00023231729574035853,0.0005727583775296807
7,sun3d-home_at-home_at_scan1_2013_jan_1,1,33,3DLoMatch,mspki,float32,2,D3,9.906428022077307e-05,3.2022770028561354e-05,0.00018122672627214308,0.0017983866855502129
7,sun3d-home_at-home_at_scan1_2013_jan_1,1,33,3DLoMatch,mspki,float32,2,D2_pre_context,8.135103416861966e-05,2.3358032194664702e-05,0.000131046980823157,0.003353627398610115
7,sun3d-home_at-home_at_scan1_2013_jan_1,1,33,3DLoMatch,mspki,float32,2,D2_post_context,0.0012272796593606472,2.8760983695974573e-05,0.00016219506069319316,0.04611068591475487
7,sun3d-home_at-home_at_scan1_2013_jan_1,1,33,3DLoMatch,mspki,float32,2,final_RE,0.0008645720663480461,1.680638342804741e-05,0.00014532404093188191,0.061613235622644424
7,sun3d-home_at-home_at_scan1_2013_jan_1,1,33,3DLoMatch,mspki,float32,2,fine_RI,0.0010033980943262577,nan,nan,nan
7,sun3d-home_at-home_at_scan1_2013_jan_1,1,33,3DLoMatch,mspki,float32,2,coarse_RI,0.00012578551832120866,nan,nan,nan
7,sun3d-home_at-home_at_scan1_2013_jan_1,1,33,3DLoMatch,mspki,float32,3,S2,0.00014604846364818513,2.1306474081939086e-05,0.00010165354979108067,0.010593267157673836
7,sun3d-home_at-home_at_scan1_2013_jan_1,1,33,3DLoMatch,mspki,float32,3,S3,0.0001299587165703997,3.53975010511931e-05,0.00018162501582992104,0.002371139358729124
7,sun3d-home_at-home_at_scan1_2013_jan_1,1,33,3DLoMatch,mspki,float32,3,S4_pre_context,9.290887101087719e-05,4.009560507256538e-05,0.0001523781320429407,0.0007790539530105889
7,sun3d-home_at-home_at_scan1_2013_jan_1,1,33,3DLoMatch,mspki,float32,3,S4_post_context,9.290887101087719e-05,4.009560507256538e-05,0.0001523781320429407,0.0007790539530105889
7,sun3d-home_at-home_at_scan1_2013_jan_1,1,33,3DLoMatch,mspki,float32,3,D3,9.158549073617905e-05,3.267769352532923e-05,0.00012433586380211636,0.0013149568112567067
7,sun3d-home_at-home_at_scan1_2013_jan_1,1,33,3DLoMatch,mspki,float32,3,D2_pre_context,7.965101394802332e-05,2.396423769823741e-05,9.445177711313584e-05,0.004245342221111059
7,sun3d-home_at-home_at_scan1_2013_jan_1,1,33,3DLoMatch,mspki,float32,3,D2_post_context,0.0011948184110224247,2.904299253714271e-05,0.00012456357144401386,0.04125618934631348
7,sun3d-home_at-home_at_scan1_2013_jan_1,1,33,3DLoMatch,mspki,float32,3,final_RE,0.0008793993038125336,1.6373964172089472e-05,0.00012576868175528938,0.05382062867283821
7,sun3d-home_at-home_at_scan1_2013_jan_1,1,33,3DLoMatch,mspki,float32,3,fine_RI,0.0009833357762545347,nan,nan,nan
7,sun3d-home_at-home_at_scan1_2013_jan_1,1,33,3DLoMatch,mspki,float32,3,coarse_RI,0.00015400016854982823,nan,nan,nan
8,sun3d-home_at-home_at_scan1_2013_jan_1,7,29,3DLoMatch,mspki,float32,0,S2,9.097452129935846e-05,2.536215470172465e-05,0.00012595062726177274,0.0027477380353957415
8,sun3d-home_at-home_at_scan1_2013_jan_1,7,29,3DLoMatch,mspki,float32,0,S3,9.634477464715019e-05,3.773685602936894e-05,0.0001578854316903744,0.0014101280830800533
8,sun3d-home_at-home_at_scan1_2013_jan_1,7,29,3DLoMatch,mspki,float32,0,S4_pre_context,7.10272797732614e-05,3.6909434129484e-05,0.0001212668677908368,0.0007418939494527876
8,sun3d-home_at-home_at_scan1_2013_jan_1,7,29,3DLoMatch,mspki,float32,0,S4_post_context,7.10272797732614e-05,3.6909434129484e-05,0.0001212668677908368,0.0007418939494527876
8,sun3d-home_at-home_at_scan1_2013_jan_1,7,29,3DLoMatch,mspki,float32,0,D3,5.7469871535431594e-05,2.8970711355214007e-05,9.988178680941928e-05,0.0005496909143403172
8,sun3d-home_at-home_at_scan1_2013_jan_1,7,29,3DLoMatch,mspki,float32,0,D2_pre_context,4.761737000080757e-05,2.1894515157327987e-05,7.935836183605715e-05,0.0009100240422412753
8,sun3d-home_at-home_at_scan1_2013_jan_1,7,29,3DLoMatch,mspki,float32,0,D2_post_context,0.0008679464226588607,2.5707271561259404e-05,9.323209960712114e-05,0.03976466506719589
8,sun3d-home_at-home_at_scan1_2013_jan_1,7,29,3DLoMatch,mspki,float32,0,final_RE,0.0003825610037893057,1.3012444469495676e-05,8.290746191050855e-05,0.021629957482218742
8,sun3d-home_at-home_at_scan1_2013_jan_1,7,29,3DLoMatch,mspki,float32,0,fine_RI,0.0007162577821873128,nan,nan,nan
8,sun3d-home_at-home_at_scan1_2013_jan_1,7,29,3DLoMatch,mspki,float32,0,coarse_RI,6.085450513637625e-05,nan,nan,nan
8,sun3d-home_at-home_at_scan1_2013_jan_1,7,29,3DLoMatch,mspki,float32,1,S2,9.790367766981944e-05,2.4721275622141548e-05,0.00012310956954024723,0.004862027242779732
8,sun3d-home_at-home_at_scan1_2013_jan_1,7,29,3DLoMatch,mspki,float32,1,S3,0.00011302712664473802,3.8556034269277006e-05,0.00016668123134877533,0.0024929489009082317
8,sun3d-home_at-home_at_scan1_2013_jan_1,7,29,3DLoMatch,mspki,float32,1,S4_pre_context,7.32055414118804e-05,4.062571679241955e-05,0.00013584090920630836,0.00045164485345594585
8,sun3d-home_at-home_at_scan1_2013_jan_1,7,29,3DLoMatch,mspki,float32,1,S4_post_context,7.32055414118804e-05,4.062571679241955e-05,0.00013584090920630836,0.00045164485345594585
8,sun3d-home_at-home_at_scan1_2013_jan_1,7,29,3DLoMatch,mspki,float32,1,D3,6.330104224616662e-05,3.1523319194093347e-05,0.00011314047151245177,0.000743717304430902
8,sun3d-home_at-home_at_scan1_2013_jan_1,7,29,3DLoMatch,mspki,float32,1,D2_pre_context,5.134685488883406e-05,2.3754149879096076e-05,8.539764094166455e-05,0.0014777563046664
8,sun3d-home_at-home_at_scan1_2013_jan_1,7,29,3DLoMatch,mspki,float32,1,D2_post_context,0.0018275972688570619,2.888740891648922e-05,0.0001043754717102274,0.12150201946496964
8,sun3d-home_at-home_at_scan1_2013_jan_1,7,29,3DLoMatch,mspki,float32,1,final_RE,0.0005656148423440754,1.463485932617914e-05,9.549914248054837e-05,0.022966889664530754
8,sun3d-home_at-home_at_scan1_2013_jan_1,7,29,3DLoMatch,mspki,float32,1,fine_RI,0.0014160758582875133,nan,nan,nan
8,sun3d-home_at-home_at_scan1_2013_jan_1,7,29,3DLoMatch,mspki,float32,1,coarse_RI,6.425461469916627e-05,nan,nan,nan
8,sun3d-home_at-home_at_scan1_2013_jan_1,7,29,3DLoMatch,mspki,float32,2,S2,0.0001066928161890246,2.604059045552276e-05,0.00015307269932236518,0.003104465315118432
8,sun3d-home_at-home_at_scan1_2013_jan_1,7,29,3DLoMatch,mspki,float32,2,S3,0.00011199865548405796,4.024399822810665e-05,0.0001981140703719575,0.0016257596435025334
8,sun3d-home_at-home_at_scan1_2013_jan_1,7,29,3DLoMatch,mspki,float32,2,S4_pre_context,7.373769039986655e-05,4.08003616030328e-05,0.00013180361129343509,0.00045469339238479733
8,sun3d-home_at-home_at_scan1_2013_jan_1,7,29,3DLoMatch,mspki,float32,2,S4_post_context,7.373769039986655e-05,4.08003616030328e-05,0.00013180361129343509,0.00045469339238479733
8,sun3d-home_at-home_at_scan1_2013_jan_1,7,29,3DLoMatch,mspki,float32,2,D3,6.346085137920454e-05,3.232016024412587e-05,0.00012012738807243295,0.0004769706283695996
8,sun3d-home_at-home_at_scan1_2013_jan_1,7,29,3DLoMatch,mspki,float32,2,D2_pre_context,5.487376984092407e-05,2.3997281459742226e-05,9.406256867805493e-05,0.0012232959270477295
8,sun3d-home_at-home_at_scan1_2013_jan_1,7,29,3DLoMatch,mspki,float32,2,D2_post_context,0.0016522903461009264,2.8148673663963564e-05,0.00010836284927790972,0.12149084359407425
8,sun3d-home_at-home_at_scan1_2013_jan_1,7,29,3DLoMatch,mspki,float32,2,final_RE,0.0003096797736361623,1.4164680578687694e-05,9.39487916184589e-05,0.01597548834979534
8,sun3d-home_at-home_at_scan1_2013_jan_1,7,29,3DLoMatch,mspki,float32,2,fine_RI,0.0012897038832306862,nan,nan,nan
8,sun3d-home_at-home_at_scan1_2013_jan_1,7,29,3DLoMatch,mspki,float32,2,coarse_RI,6.463041790993884e-05,nan,nan,nan
8,sun3d-home_at-home_at_scan1_2013_jan_1,7,29,3DLoMatch,mspki,float32,3,S2,0.00011554663797141984,2.44133025262272e-05,0.00013690110354218625,0.004398589488118887
8,sun3d-home_at-home_at_scan1_2013_jan_1,7,29,3DLoMatch,mspki,float32,3,S3,0.00012861465802416205,3.854040551232174e-05,0.00021830979312653653,0.0017274169949814677
8,sun3d-home_at-home_at_scan1_2013_jan_1,7,29,3DLoMatch,mspki,float32,3,S4_pre_context,9.126774239121005e-05,3.98600022890605e-05,0.00018637633183971045,0.0008399783982895315
8,sun3d-home_at-home_at_scan1_2013_jan_1,7,29,3DLoMatch,mspki,float32,3,S4_post_context,9.126774239121005e-05,3.98600022890605e-05,0.00018637633183971045,0.0008399783982895315
8,sun3d-home_at-home_at_scan1_2013_jan_1,7,29,3DLoMatch,mspki,float32,3,D3,7.306583574973047e-05,3.0881910788593814e-05,0.00013250618212623522,0.0005686925142072141
8,sun3d-home_at-home_at_scan1_2013_jan_1,7,29,3DLoMatch,mspki,float32,3,D2_pre_context,6.116273289080709e-05,2.3963695639395155e-05,9.181342174997553e-05,0.001818734803237021
8,sun3d-home_at-home_at_scan1_2013_jan_1,7,29,3DLoMatch,mspki,float32,3,D2_post_context,0.0009809338953346014,2.9008395358687267e-05,0.00011697032314259558,0.0350206159055233
8,sun3d-home_at-home_at_scan1_2013_jan_1,7,29,3DLoMatch,mspki,float32,3,final_RE,0.0004683360457420349,1.4624374671257101e-05,0.00010837222507689133,0.022898830473423004
8,sun3d-home_at-home_at_scan1_2013_jan_1,7,29,3DLoMatch,mspki,float32,3,fine_RI,0.0008170478977262974,nan,nan,nan
8,sun3d-home_at-home_at_scan1_2013_jan_1,7,29,3DLoMatch,mspki,float32,3,coarse_RI,8.008794247871265e-05,nan,nan,nan
9,sun3d-home_at-home_at_scan1_2013_jan_1,24,47,3DLoMatch,mspki,float32,0,S2,7.134180486900732e-05,2.2446374714490958e-05,0.000116311467718333,0.001936460961587727
9,sun3d-home_at-home_at_scan1_2013_jan_1,24,47,3DLoMatch,mspki,float32,0,S3,7.862300844863057e-05,3.471369927865453e-05,0.00014836759073659774,0.0008020270033739507
9,sun3d-home_at-home_at_scan1_2013_jan_1,24,47,3DLoMatch,mspki,float32,0,S4_pre_context,5.65028385608457e-05,3.2499250664841384e-05,0.0001029048471536953,0.00032436949550174177
9,sun3d-home_at-home_at_scan1_2013_jan_1,24,47,3DLoMatch,mspki,float32,0,S4_post_context,5.65028385608457e-05,3.2499250664841384e-05,0.0001029048471536953,0.00032436949550174177
9,sun3d-home_at-home_at_scan1_2013_jan_1,24,47,3DLoMatch,mspki,float32,0,D3,4.7308127250289544e-05,2.5900695618474856e-05,9.05188695469405e-05,0.0004120864032302052
9,sun3d-home_at-home_at_scan1_2013_jan_1,24,47,3DLoMatch,mspki,float32,0,D2_pre_context,3.8959064113441855e-05,1.92579573194962e-05,6.801138006267133e-05,0.0009312786860391498
9,sun3d-home_at-home_at_scan1_2013_jan_1,24,47,3DLoMatch,mspki,float32,0,D2_post_context,0.0008381351944990456,2.2890038962941617e-05,7.574786104669325e-05,0.03330225124955177
9,sun3d-home_at-home_at_scan1_2013_jan_1,24,47,3DLoMatch,mspki,float32,0,final_RE,0.00049842509906739,1.1672011169139296e-05,7.837919256417071e-05,0.05941741541028023
9,sun3d-home_at-home_at_scan1_2013_jan_1,24,47,3DLoMatch,mspki,float32,0,fine_RI,0.0007257317192852497,nan,nan,nan
9,sun3d-home_at-home_at_scan1_2013_jan_1,24,47,3DLoMatch,mspki,float32,0,coarse_RI,5.154130849405192e-05,nan,nan,nan
9,sun3d-home_at-home_at_scan1_2013_jan_1,24,47,3DLoMatch,mspki,float32,1,S2,6.694749026792124e-05,2.093487637466751e-05,0.00010929036943707574,0.0015839858679100871
9,sun3d-home_at-home_at_scan1_2013_jan_1,24,47,3DLoMatch,mspki,float32,1,S3,7.654399814782664e-05,3.053935506613925e-05,0.0001526122287032194,0.0010052404832094908
9,sun3d-home_at-home_at_scan1_2013_jan_1,24,47,3DLoMatch,mspki,float32,1,S4_pre_context,5.4819498473079875e-05,2.7247349862591363e-05,9.879213575914036e-05,0.0003416188701521605
9,sun3d-home_at-home_at_scan1_2013_jan_1,24,47,3DLoMatch,mspki,float32,1,S4_post_context,5.4819498473079875e-05,2.7247349862591363e-05,9.879213575914036e-05,0.0003416188701521605
9,sun3d-home_at-home_at_scan1_2013_jan_1,24,47,3DLoMatch,mspki,float32,1,D3,4.663543222704902e-05,2.16659336729208e-05,9.414887317689134e-05,0.0004194292414467782
9,sun3d-home_at-home_at_scan1_2013_jan_1,24,47,3DLoMatch,mspki,float32,1,D2_pre_context,3.5654258681461215e-05,1.670346682658419e-05,6.597946012334426e-05,0.00048554979730397463
9,sun3d-home_at-home_at_scan1_2013_jan_1,24,47,3DLoMatch,mspki,float32,1,D2_post_context,0.0008665695786476135,2.0007975763292052e-05,7.079793977027292e-05,0.047325704246759415
9,sun3d-home_at-home_at_scan1_2013_jan_1,24,47,3DLoMatch,mspki,float32,1,final_RE,0.0005398771027103066,1.0262477189826313e-05,7.442543137585742e-05,0.07633603364229202
9,sun3d-home_at-home_at_scan1_2013_jan_1,24,47,3DLoMatch,mspki,float32,1,fine_RI,0.000734647735953331,nan,nan,nan
9,sun3d-home_at-home_at_scan1_2013_jan_1,24,47,3DLoMatch,mspki,float32,1,coarse_RI,4.921006257063709e-05,nan,nan,nan
9,sun3d-home_at-home_at_scan1_2013_jan_1,24,47,3DLoMatch,mspki,float32,2,S2,7.018172618700191e-05,2.1728719730162993e-05,0.00012193853508506435,0.0019980629440397024
9,sun3d-home_at-home_at_scan1_2013_jan_1,24,47,3DLoMatch,mspki,float32,2,S3,7.775416452204809e-05,3.034896326425951e-05,0.00015771378239151084,0.0007357844151556492
9,sun3d-home_at-home_at_scan1_2013_jan_1,24,47,3DLoMatch,mspki,float32,2,S4_pre_context,6.19992715655826e-05,3.0098322895355523e-05,0.00010994774493156001,0.0003864819009322673
9,sun3d-home_at-home_at_scan1_2013_jan_1,24,47,3DLoMatch,mspki,float32,2,S4_post_context,6.19992715655826e-05,3.0098322895355523e-05,0.00010994774493156001,0.0003864819009322673
9,sun3d-home_at-home_at_scan1_2013_jan_1,24,47,3DLoMatch,mspki,float32,2,D3,4.9320777179673314e-05,2.2843092665425502e-05,9.398034890182315e-05,0.0003096968284808099
9,sun3d-home_at-home_at_scan1_2013_jan_1,24,47,3DLoMatch,mspki,float32,2,D2_pre_context,3.7821329897269607e-05,1.760479062795639e-05,6.96869574312585e-05,0.000621070503257215
9,sun3d-home_at-home_at_scan1_2013_jan_1,24,47,3DLoMatch,mspki,float32,2,D2_post_context,0.0011358214542269707,2.0629351638490334e-05,7.508715170843059e-05,0.047199979424476624
9,sun3d-home_at-home_at_scan1_2013_jan_1,24,47,3DLoMatch,mspki,float32,2,final_RE,0.0009961490286514163,1.1112005267932545e-05,8.095496232272118e-05,0.07614453136920929
9,sun3d-home_at-home_at_scan1_2013_jan_1,24,47,3DLoMatch,mspki,float32,2,fine_RI,0.0009551671682856977,nan,nan,nan
9,sun3d-home_at-home_at_scan1_2013_jan_1,24,47,3DLoMatch,mspki,float32,2,coarse_RI,5.7058434322243556e-05,nan,nan,nan
9,sun3d-home_at-home_at_scan1_2013_jan_1,24,47,3DLoMatch,mspki,float32,3,S2,7.921659562271088e-05,2.124012098647654e-05,0.00011833050448331035,0.0021936355624347925
9,sun3d-home_at-home_at_scan1_2013_jan_1,24,47,3DLoMatch,mspki,float32,3,S3,8.304412040160969e-05,3.097319495282136e-05,0.0001632951709325425,0.0009087296202778816
9,sun3d-home_at-home_at_scan1_2013_jan_1,24,47,3DLoMatch,mspki,float32,3,S4_pre_context,6.232069426914677e-05,2.964972736663185e-05,0.00013254720397526398,0.00027976761339232326
9,sun3d-home_at-home_at_scan1_2013_jan_1,24,47,3DLoMatch,mspki,float32,3,S4_post_context,6.232069426914677e-05,2.964972736663185e-05,0.00013254720397526398,0.00027976761339232326
9,sun3d-home_at-home_at_scan1_2013_jan_1,24,47,3DLoMatch,mspki,float32,3,D3,5.08884149894584e-05,2.322234104212839e-05,0.00011357536423020064,0.00047845998778939247
9,sun3d-home_at-home_at_scan1_2013_jan_1,24,47,3DLoMatch,mspki,float32,3,D2_pre_context,4.2309115087846294e-05,1.7764388758223504e-05,7.545788248535245e-05,0.0010428223758935928
9,sun3d-home_at-home_at_scan1_2013_jan_1,24,47,3DLoMatch,mspki,float32,3,D2_post_context,0.000803680217359215,2.100317033182364e-05,8.247109035437444e-05,0.030274346470832825
9,sun3d-home_at-home_at_scan1_2013_jan_1,24,47,3DLoMatch,mspki,float32,3,final_RE,0.0005232249386608601,1.0921185094048269e-05,8.166299267031713e-05,0.07630449533462524
9,sun3d-home_at-home_at_scan1_2013_jan_1,24,47,3DLoMatch,mspki,float32,3,fine_RI,0.0006849691271781921,nan,nan,nan
9,sun3d-home_at-home_at_scan1_2013_jan_1,24,47,3DLoMatch,mspki,float32,3,coarse_RI,7.644232391612604e-05,nan,nan,nan
10,sun3d-home_at-home_at_scan1_2013_jan_1,40,43,3DLoMatch,mspki,float32,0,S2,0.00010519287752686068,2.81043194263475e-05,0.00012718549478449857,0.0058433604426681995
10,sun3d-home_at-home_at_scan1_2013_jan_1,40,43,3DLoMatch,mspki,float32,0,S3,0.00011277497105766088,4.6158609620761126e-05,0.00019582594977691757,0.002202683361247182
10,sun3d-home_at-home_at_scan1_2013_jan_1,40,43,3DLoMatch,mspki,float32,0,S4_pre_context,8.964767766883597e-05,5.3189236496109515e-05,0.0001620759743673261,0.0004726680926978588
10,sun3d-home_at-home_at_scan1_2013_jan_1,40,43,3DLoMatch,mspki,float32,0,S4_post_context,8.964767766883597e-05,5.3189236496109515e-05,0.0001620759743673261,0.0004726680926978588
10,sun3d-home_at-home_at_scan1_2013_jan_1,40,43,3DLoMatch,mspki,float32,0,D3,7.567008287878707e-05,4.430230546859093e-05,0.00013677715032827078,0.000935430929530412
10,sun3d-home_at-home_at_scan1_2013_jan_1,40,43,3DLoMatch,mspki,float32,0,D2_pre_context,6.942364416318014e-05,3.1392926757689565e-05,0.00010011462909460533,0.0031277898233383894
10,sun3d-home_at-home_at_scan1_2013_jan_1,40,43,3DLoMatch,mspki,float32,0,D2_post_context,0.0008280100882984698,3.8899721403140575e-05,0.00011918184463866048,0.04410483315587044
10,sun3d-home_at-home_at_scan1_2013_jan_1,40,43,3DLoMatch,mspki,float32,0,final_RE,0.0005832287715747952,2.785788274195511e-05,0.000213934462954057,0.06862250715494156
10,sun3d-home_at-home_at_scan1_2013_jan_1,40,43,3DLoMatch,mspki,float32,0,fine_RI,0.0006933254771865904,nan,nan,nan
10,sun3d-home_at-home_at_scan1_2013_jan_1,40,43,3DLoMatch,mspki,float32,0,coarse_RI,0.00010963893873849884,nan,nan,nan
10,sun3d-home_at-home_at_scan1_2013_jan_1,40,43,3DLoMatch,mspki,float32,1,S2,0.0001416663872078061,2.586258233350236e-05,0.0001265825390873942,0.009621008299291134
10,sun3d-home_at-home_at_scan1_2013_jan_1,40,43,3DLoMatch,mspki,float32,1,S3,0.0001452392025385052,4.251945574651472e-05,0.00020133822399657204,0.002809288213029504
10,sun3d-home_at-home_at_scan1_2013_jan_1,40,43,3DLoMatch,mspki,float32,1,S4_pre_context,0.00010897118045249954,5.3679053962696344e-05,0.0002166215133911464,0.000586368259973824
10,sun3d-home_at-home_at_scan1_2013_jan_1,40,43,3DLoMatch,mspki,float32,1,S4_post_context,0.00010897118045249954,5.3679053962696344e-05,0.0002166215133911464,0.000586368259973824
10,sun3d-home_at-home_at_scan1_2013_jan_1,40,43,3DLoMatch,mspki,float32,1,D3,8.95806442713365e-05,4.5166070776758716e-05,0.00016016199660953115,0.0011247097281739116
10,sun3d-home_at-home_at_scan1_2013_jan_1,40,43,3DLoMatch,mspki,float32,1,D2_pre_context,8.802662341622636e-05,3.1911811674945056e-05,0.00010981620944221504,0.005168735049664974
10,sun3d-home_at-home_at_scan1_2013_jan_1,40,43,3DLoMatch,mspki,float32,1,D2_post_context,0.0011315153678879142,3.9985879993764684e-05,0.00014363552181748668,0.04717535898089409
10,sun3d-home_at-home_at_scan1_2013_jan_1,40,43,3DLoMatch,mspki,float32,1,final_RE,0.0010640010004863143,2.8938769901287742e-05,0.00020524603387457276,0.06849488615989685
10,sun3d-home_at-home_at_scan1_2013_jan_1,40,43,3DLoMatch,mspki,float32,1,fine_RI,0.0009301443351432681,nan,nan,nan
10,sun3d-home_at-home_at_scan1_2013_jan_1,40,43,3DLoMatch,mspki,float32,1,coarse_RI,0.0001431599521311,nan,nan,nan
10,sun3d-home_at-home_at_scan1_2013_jan_1,40,43,3DLoMatch,mspki,float32,2,S2,0.0001289913197979331,2.8289607143960893e-05,0.00013915117742726546,0.007069542072713375
10,sun3d-home_at-home_at_scan1_2013_jan_1,40,43,3DLoMatch,mspki,float32,2,S3,0.00017749954713508487,4.8278699978254735e-05,0.00023370599083136757,0.0047295535914599895
10,sun3d-home_at-home_at_scan1_2013_jan_1,40,43,3DLoMatch,mspki,float32,2,S4_pre_context,0.00013411804684437811,5.819234502268955e-05,0.00023959308236953792,0.0009205462993122637
10,sun3d-home_at-home_at_scan1_2013_jan_1,40,43,3DLoMatch,mspki,float32,2,S4_post_context,0.00013411804684437811,5.819234502268955e-05,0.00023959308236953792,0.0009205462993122637
10,sun3d-home_at-home_at_scan1_2013_jan_1,40,43,3DLoMatch,mspki,float32,2,D3,0.00010975182522088289,4.9209309509024024e-05,0.00017127004393842056,0.001890110783278942
10,sun3d-home_at-home_at_scan1_2013_jan_1,40,43,3DLoMatch,mspki,float32,2,D2_pre_context,9.09810041775927e-05,3.4530225093476474e-05,0.00012415542878443375,0.0037814034149050713
10,sun3d-home_at-home_at_scan1_2013_jan_1,40,43,3DLoMatch,mspki,float32,2,D2_post_context,0.0010062986984848976,4.308492498239502e-05,0.00016842212789924804,0.0501411110162735
10,sun3d-home_at-home_at_scan1_2013_jan_1,40,43,3DLoMatch,mspki,float32,2,final_RE,0.0005558400298468769,3.1020608730614185e-05,0.00023565863448311554,0.06860323250293732
10,sun3d-home_at-home_at_scan1_2013_jan_1,40,43,3DLoMatch,mspki,float32,2,fine_RI,0.0008353664889000356,nan,nan,nan
10,sun3d-home_at-home_at_scan1_2013_jan_1,40,43,3DLoMatch,mspki,float32,2,coarse_RI,0.00019508723926264793,nan,nan,nan
10,sun3d-home_at-home_at_scan1_2013_jan_1,40,43,3DLoMatch,mspki,float32,3,S2,9.665889956522733e-05,2.593132376205176e-05,0.00012640100467251603,0.003607465885579586
10,sun3d-home_at-home_at_scan1_2013_jan_1,40,43,3DLoMatch,mspki,float32,3,S3,0.00011160680878674611,4.418499884195626e-05,0.00020641275623347596,0.0022135174367576838
10,sun3d-home_at-home_at_scan1_2013_jan_1,40,43,3DLoMatch,mspki,float32,3,S4_pre_context,8.16521787783131e-05,4.977293428964913e-05,0.0001635405817069113,0.00041049535502679646
10,sun3d-home_at-home_at_scan1_2013_jan_1,40,43,3DLoMatch,mspki,float32,3,S4_post_context,8.16521787783131e-05,4.977293428964913e-05,0.0001635405817069113,0.00041049535502679646
10,sun3d-home_at-home_at_scan1_2013_jan_1,40,43,3DLoMatch,mspki,float32,3,D3,7.434195867972448e-05,3.999764157924801e-05,0.00015119233576115214,0.0009217059705406427
10,sun3d-home_at-home_at_scan1_2013_jan_1,40,43,3DLoMatch,mspki,float32,3,D2_pre_context,6.094715718063526e-05,2.9013579478487372e-05,0.00010124806831299792,0.0017278213053941727
10,sun3d-home_at-home_at_scan1_2013_jan_1,40,43,3DLoMatch,mspki,float32,3,D2_post_context,0.001123217516578734,3.674412437248975e-05,0.00012751683898386544,0.04411206394433975
10,sun3d-home_at-home_at_scan1_2013_jan_1,40,43,3DLoMatch,mspki,float32,3,final_RE,0.0013383476762101054,2.521896385587752e-05,0.0002174500747059937,0.11278093606233597
10,sun3d-home_at-home_at_scan1_2013_jan_1,40,43,3DLoMatch,mspki,float32,3,fine_RI,0.0009038844727911055,nan,nan,nan
10,sun3d-home_at-home_at_scan1_2013_jan_1,40,43,3DLoMatch,mspki,float32,3,coarse_RI,0.00010184596612816676,nan,nan,nan
11,sun3d-home_md-home_md_scan9_2012_sep_30,4,8,3DLoMatch,mspki,float32,0,S2,8.456582145299762e-05,2.6962539777741767e-05,0.00011685933568514883,0.003002007259055972
11,sun3d-home_md-home_md_scan9_2012_sep_30,4,8,3DLoMatch,mspki,float32,0,S3,8.219240407925099e-05,4.253008955856785e-05,0.00013948291598353535,0.0009554858552291989
11,sun3d-home_md-home_md_scan9_2012_sep_30,4,8,3DLoMatch,mspki,float32,0,S4_pre_context,6.43450184725225e-05,4.165053542237729e-05,0.00011353204899933184,0.0004168596351519227
11,sun3d-home_md-home_md_scan9_2012_sep_30,4,8,3DLoMatch,mspki,float32,0,S4_post_context,6.43450184725225e-05,4.165053542237729e-05,0.00011353204899933184,0.0004168596351519227
11,sun3d-home_md-home_md_scan9_2012_sep_30,4,8,3DLoMatch,mspki,float32,0,D3,5.25862087670248e-05,3.0307413908303715e-05,0.00010207737068412825,0.0005078513640910387
11,sun3d-home_md-home_md_scan9_2012_sep_30,4,8,3DLoMatch,mspki,float32,0,D2_pre_context,5.471913027577102e-05,2.2611013264395297e-05,7.510107243433594e-05,0.002681497950106859
11,sun3d-home_md-home_md_scan9_2012_sep_30,4,8,3DLoMatch,mspki,float32,0,D2_post_context,0.0008696190197952092,2.63702586380532e-05,9.306936117354777e-05,0.04193590208888054
11,sun3d-home_md-home_md_scan9_2012_sep_30,4,8,3DLoMatch,mspki,float32,0,final_RE,0.00037884945049881935,1.2449620044208132e-05,7.625007274327799e-05,0.019803930073976517
11,sun3d-home_md-home_md_scan9_2012_sep_30,4,8,3DLoMatch,mspki,float32,0,fine_RI,0.000732779095415026,nan,nan,nan
11,sun3d-home_md-home_md_scan9_2012_sep_30,4,8,3DLoMatch,mspki,float32,0,coarse_RI,5.675321881426498e-05,nan,nan,nan
11,sun3d-home_md-home_md_scan9_2012_sep_30,4,8,3DLoMatch,mspki,float32,1,S2,7.851143163861707e-05,2.6586312742438167e-05,0.00012033939565299077,0.0018613277934491634
11,sun3d-home_md-home_md_scan9_2012_sep_30,4,8,3DLoMatch,mspki,float32,1,S3,8.508364408044145e-05,4.123089456697926e-05,0.00014885318523738533,0.0012514571426436305
11,sun3d-home_md-home_md_scan9_2012_sep_30,4,8,3DLoMatch,mspki,float32,1,S4_pre_context,6.264234980335459e-05,3.9901980926515535e-05,0.00011757590691559015,0.0002734196896199137
11,sun3d-home_md-home_md_scan9_2012_sep_30,4,8,3DLoMatch,mspki,float32,1,S4_post_context,6.264234980335459e-05,3.9901980926515535e-05,0.00011757590691559015,0.0002734196896199137
11,sun3d-home_md-home_md_scan9_2012_sep_30,4,8,3DLoMatch,mspki,float32,1,D3,5.405201591202058e-05,3.012914748978801e-05,9.824502922128886e-05,0.0006298697553575039
11,sun3d-home_md-home_md_scan9_2012_sep_30,4,8,3DLoMatch,mspki,float32,1,D2_pre_context,4.7544246626785025e-05,2.1983005353831686e-05,7.547841087216508e-05,0.0011112242937088013
11,sun3d-home_md-home_md_scan9_2012_sep_30,4,8,3DLoMatch,mspki,float32,1,D2_post_context,0.001128263771533966,2.4657760150148533e-05,8.870825549820439e-05,0.04711063578724861
11,sun3d-home_md-home_md_scan9_2012_sep_30,4,8,3DLoMatch,mspki,float32,1,final_RE,0.0005297485622577369,1.1772725883929525e-05,8.02755064796656e-05,0.023699026554822922
11,sun3d-home_md-home_md_scan9_2012_sep_30,4,8,3DLoMatch,mspki,float32,1,fine_RI,0.0009504005429334939,nan,nan,nan
11,sun3d-home_md-home_md_scan9_2012_sep_30,4,8,3DLoMatch,mspki,float32,1,coarse_RI,7.051220018183812e-05,nan,nan,nan
11,sun3d-home_md-home_md_scan9_2012_sep_30,4,8,3DLoMatch,mspki,float32,2,S2,8.901036198949441e-05,2.692002453841269e-05,0.00012193156289868053,0.003234783886000514
11,sun3d-home_md-home_md_scan9_2012_sep_30,4,8,3DLoMatch,mspki,float32,2,S3,8.047294249990955e-05,4.326401176513173e-05,0.00014637125423178077,0.0007026735111139715
11,sun3d-home_md-home_md_scan9_2012_sep_30,4,8,3DLoMatch,mspki,float32,2,S4_pre_context,6.255543848965317e-05,4.147528306930326e-05,0.00011121109419036656,0.0003356734523549676
11,sun3d-home_md-home_md_scan9_2012_sep_30,4,8,3DLoMatch,mspki,float32,2,S4_post_context,6.255543848965317e-05,4.147528306930326e-05,0.00011121109419036656,0.0003356734523549676
11,sun3d-home_md-home_md_scan9_2012_sep_30,4,8,3DLoMatch,mspki,float32,2,D3,5.135303581482731e-05,3.12226839014329e-05,9.671416773926467e-05,0.0004020997148472816
11,sun3d-home_md-home_md_scan9_2012_sep_30,4,8,3DLoMatch,mspki,float32,2,D2_pre_context,5.682737901224755e-05,2.297926039318554e-05,7.121700036805122e-05,0.002905327593907714
11,sun3d-home_md-home_md_scan9_2012_sep_30,4,8,3DLoMatch,mspki,float32,2,D2_post_context,0.0007619487005285919,2.5954164811992086e-05,8.547281031496823e-05,0.03331049159169197
11,sun3d-home_md-home_md_scan9_2012_sep_30,4,8,3DLoMatch,mspki,float32,2,final_RE,0.00032089039450511336,1.2099270861654077e-05,7.319537107832728e-05,0.014478016644716263
11,sun3d-home_md-home_md_scan9_2012_sep_30,4,8,3DLoMatch,mspki,float32,2,fine_RI,0.0006381210987456143,nan,nan,nan
11,sun3d-home_md-home_md_scan9_2012_sep_30,4,8,3DLoMatch,mspki,float32,2,coarse_RI,5.707233867724426e-05,nan,nan,nan
11,sun3d-home_md-home_md_scan9_2012_sep_30,4,8,3DLoMatch,mspki,float32,3,S2,8.47891642479226e-05,2.5717556127347052e-05,0.00012234449095558373,0.0028912450652569532
11,sun3d-home_md-home_md_scan9_2012_sep_30,4,8,3DLoMatch,mspki,float32,3,S3,7.511079456890002e-05,4.155170245212503e-05,0.0001434339355910197,0.0006231361767277122
11,sun3d-home_md-home_md_scan9_2012_sep_30,4,8,3DLoMatch,mspki,float32,3,S4_pre_context,6.17360055912286e-05,4.2381852836115286e-05,0.00011448615259723718,0.000360522186383605
11,sun3d-home_md-home_md_scan9_2012_sep_30,4,8,3DLoMatch,mspki,float32,3,S4_post_context,6.17360055912286e-05,4.2381852836115286e-05,0.00011448615259723718,0.000360522186383605
11,sun3d-home_md-home_md_scan9_2012_sep_30,4,8,3DLoMatch,mspki,float32,3,D3,4.858133979723789e-05,3.0556613637600094e-05,9.183109796140343e-05,0.00039282534271478653
11,sun3d-home_md-home_md_scan9_2012_sep_30,4,8,3DLoMatch,mspki,float32,3,D2_pre_context,4.921446452499367e-05,2.2154476027935743e-05,7.154322956921532e-05,0.0020559867843985558
11,sun3d-home_md-home_md_scan9_2012_sep_30,4,8,3DLoMatch,mspki,float32,3,D2_post_context,0.0006552208214998245,2.5695859221741557e-05,8.270749822258948e-05,0.04457954689860344
11,sun3d-home_md-home_md_scan9_2012_sep_30,4,8,3DLoMatch,mspki,float32,3,final_RE,0.00031824878533370793,1.1168396667926572e-05,7.332447130465877e-05,0.022978711873292923
11,sun3d-home_md-home_md_scan9_2012_sep_30,4,8,3DLoMatch,mspki,float32,3,fine_RI,0.0005217979196459055,nan,nan,nan
11,sun3d-home_md-home_md_scan9_2012_sep_30,4,8,3DLoMatch,mspki,float32,3,coarse_RI,5.4816457122797146e-05,nan,nan,nan
12,sun3d-home_md-home_md_scan9_2012_sep_30,15,57,3DLoMatch,mspki,float32,0,S2,8.4497376519721e-05,1.914625318022445e-05,0.000106538440013537,0.003938042093068361
12,sun3d-home_md-home_md_scan9_2012_sep_30,15,57,3DLoMatch,mspki,float32,0,S3,7.581829413538799e-05,3.2159678085008636e-05,0.0001273169255000539,0.0016326294280588627
12,sun3d-home_md-home_md_scan9_2012_sep_30,15,57,3DLoMatch,mspki,float32,0,S4_pre_context,5.8249283028999344e-05,3.801171624218114e-05,0.00010038095642812531,0.0003316956863272935
12,sun3d-home_md-home_md_scan9_2012_sep_30,15,57,3DLoMatch,mspki,float32,0,S4_post_context,5.8249283028999344e-05,3.801171624218114e-05,0.00010038095642812531,0.0003316956863272935
12,sun3d-home_md-home_md_scan9_2012_sep_30,15,57,3DLoMatch,mspki,float32,0,D3,5.185426562093198e-05,2.8430398742784746e-05,8.49503485369496e-05,0.0010132059687748551
12,sun3d-home_md-home_md_scan9_2012_sep_30,15,57,3DLoMatch,mspki,float32,0,D2_pre_context,4.867139068664983e-05,2.0600295101758093e-05,6.697594544675667e-05,0.0020125755108892918
12,sun3d-home_md-home_md_scan9_2012_sep_30,15,57,3DLoMatch,mspki,float32,0,D2_post_context,0.0011844332329928875,2.4940381990745664e-05,7.424506111419756e-05,0.047395918518304825
12,sun3d-home_md-home_md_scan9_2012_sep_30,15,57,3DLoMatch,mspki,float32,0,final_RE,0.0005089105106890202,1.1810045180027373e-05,5.852719696122222e-05,0.0746510922908783
12,sun3d-home_md-home_md_scan9_2012_sep_30,15,57,3DLoMatch,mspki,float32,0,fine_RI,0.0010123976971954107,nan,nan,nan
12,sun3d-home_md-home_md_scan9_2012_sep_30,15,57,3DLoMatch,mspki,float32,0,coarse_RI,0.00015378011448774487,nan,nan,nan
12,sun3d-home_md-home_md_scan9_2012_sep_30,15,57,3DLoMatch,mspki,float32,1,S2,8.003714901860803e-05,1.9285589587525465e-05,9.353989771625485e-05,0.002984992926940322
12,sun3d-home_md-home_md_scan9_2012_sep_30,15,57,3DLoMatch,mspki,float32,1,S3,7.22781551303342e-05,3.318884046166204e-05,0.00012079251973773353,0.0007913900772109628
12,sun3d-home_md-home_md_scan9_2012_sep_30,15,57,3DLoMatch,mspki,float32,1,S4_pre_context,7.022713543847203e-05,3.80229321308434e-05,0.0001159646504675037,0.0005564293824136257
12,sun3d-home_md-home_md_scan9_2012_sep_30,15,57,3DLoMatch,mspki,float32,1,S4_post_context,7.022713543847203e-05,3.80229321308434e-05,0.0001159646504675037,0.0005564293824136257
12,sun3d-home_md-home_md_scan9_2012_sep_30,15,57,3DLoMatch,mspki,float32,1,D3,5.089562546345405e-05,2.8246917281649075e-05,8.883104965207167e-05,0.0004050096031278372
12,sun3d-home_md-home_md_scan9_2012_sep_30,15,57,3DLoMatch,mspki,float32,1,D2_pre_context,5.243057603365742e-05,2.0807256078114733e-05,6.574729595740792e-05,0.002224372699856758
12,sun3d-home_md-home_md_scan9_2012_sep_30,15,57,3DLoMatch,mspki,float32,1,D2_post_context,0.0009329020977020264,2.4997631044243462e-05,7.783505679981315e-05,0.031146373599767685
12,sun3d-home_md-home_md_scan9_2012_sep_30,15,57,3DLoMatch,mspki,float32,1,final_RE,0.00042320735519751906,1.1727263881766703e-05,6.490431514976071e-05,0.019686486572027206
12,sun3d-home_md-home_md_scan9_2012_sep_30,15,57,3DLoMatch,mspki,float32,1,fine_RI,0.0007831321563571692,nan,nan,nan
12,sun3d-home_md-home_md_scan9_2012_sep_30,15,57,3DLoMatch,mspki,float32,1,coarse_RI,0.00010539501818129793,nan,nan,nan
12,sun3d-home_md-home_md_scan9_2012_sep_30,15,57,3DLoMatch,mspki,float32,2,S2,8.835986227495596e-05,1.993335536099039e-05,0.00010424319589219507,0.0037065076176077127
12,sun3d-home_md-home_md_scan9_2012_sep_30,15,57,3DLoMatch,mspki,float32,2,S3,7.429469405906275e-05,3.256390118622221e-05,0.00012734645133605227,0.0007838858873583376
12,sun3d-home_md-home_md_scan9_2012_sep_30,15,57,3DLoMatch,mspki,float32,2,S4_pre_context,7.476032624254003e-05,3.962866685469635e-05,0.00010829018428921694,0.0005962165887467563
12,sun3d-home_md-home_md_scan9_2012_sep_30,15,57,3DLoMatch,mspki,float32,2,S4_post_context,7.476032624254003e-05,3.962866685469635e-05,0.00010829018428921694,0.0005962165887467563
12,sun3d-home_md-home_md_scan9_2012_sep_30,15,57,3DLoMatch,mspki,float32,2,D3,5.53715399291832e-05,2.9377184546319768e-05,9.674858665675856e-05,0.00045243778731673956
12,sun3d-home_md-home_md_scan9_2012_sep_30,15,57,3DLoMatch,mspki,float32,2,D2_pre_context,5.1491828344296664e-05,2.1624495275318623e-05,7.209104478533845e-05,0.0017199987778440118
12,sun3d-home_md-home_md_scan9_2012_sep_30,15,57,3DLoMatch,mspki,float32,2,D2_post_context,0.0011362810619175434,2.5265613658120856e-05,8.992351795313875e-05,0.04731735214591026
12,sun3d-home_md-home_md_scan9_2012_sep_30,15,57,3DLoMatch,mspki,float32,2,final_RE,0.0005490020266734064,1.2271357263671234e-05,7.29735653294482e-05,0.0745379850268364
12,sun3d-home_md-home_md_scan9_2012_sep_30,15,57,3DLoMatch,mspki,float32,2,fine_RI,0.0009630193817429245,nan,nan,nan
12,sun3d-home_md-home_md_scan9_2012_sep_30,15,57,3DLoMatch,mspki,float32,2,coarse_RI,0.0001992671168409288,nan,nan,nan
12,sun3d-home_md-home_md_scan9_2012_sep_30,15,57,3DLoMatch,mspki,float32,3,S2,0.00010075821046484634,1.9900015104212798e-05,0.00011367301158315956,0.005280544515699148
12,sun3d-home_md-home_md_scan9_2012_sep_30,15,57,3DLoMatch,mspki,float32,3,S3,8.196115959435701e-05,3.4354608942521736e-05,0.00013253014185465872,0.0011579507263377309
12,sun3d-home_md-home_md_scan9_2012_sep_30,15,57,3DLoMatch,mspki,float32,3,S4_pre_context,7.769001240376383e-05,4.208236714475788e-05,0.00012251752195879793,0.0008478662348352373
12,sun3d-home_md-home_md_scan9_2012_sep_30,15,57,3DLoMatch,mspki,float32,3,S4_post_context,7.769001240376383e-05,4.208236714475788e-05,0.00012251752195879793,0.0008478662348352373
12,sun3d-home_md-home_md_scan9_2012_sep_30,15,57,3DLoMatch,mspki,float32,3,D3,5.806420449516736e-05,3.2235169783234596e-05,0.00010571757593424991,0.0004963210667483509
12,sun3d-home_md-home_md_scan9_2012_sep_30,15,57,3DLoMatch,mspki,float32,3,D2_pre_context,5.802381565445103e-05,2.3378726837108843e-05,8.036688232095909e-05,0.0019341242732480168
12,sun3d-home_md-home_md_scan9_2012_sep_30,15,57,3DLoMatch,mspki,float32,3,D2_post_context,0.0008470240863971412,2.828767173923552e-05,9.840407838055392e-05,0.031102193519473076
12,sun3d-home_md-home_md_scan9_2012_sep_30,15,57,3DLoMatch,mspki,float32,3,final_RE,0.0003343315329402685,1.36944772748393e-05,7.776794118399263e-05,0.018516194075345993
12,sun3d-home_md-home_md_scan9_2012_sep_30,15,57,3DLoMatch,mspki,float32,3,fine_RI,0.0007041998323984444,nan,nan,nan
12,sun3d-home_md-home_md_scan9_2012_sep_30,15,57,3DLoMatch,mspki,float32,3,coarse_RI,0.00015349980094470084,nan,nan,nan
13,sun3d-home_md-home_md_scan9_2012_sep_30,38,49,3DLoMatch,mspki,float32,0,S2,7.134344195947051e-05,2.4700108042452484e-05,0.00011116729401692282,0.0021814682986587286
13,sun3d-home_md-home_md_scan9_2012_sep_30,38,49,3DLoMatch,mspki,float32,0,S3,7.988936704350635e-05,3.5943343391409144e-05,0.00014060476969461884,0.001235839445143938
13,sun3d-home_md-home_md_scan9_2012_sep_30,38,49,3DLoMatch,mspki,float32,0,S4_pre_context,7.336996350204572e-05,3.5068449506070465e-05,0.00010730181675171478,0.0008145766914822161
13,sun3d-home_md-home_md_scan9_2012_sep_30,38,49,3DLoMatch,mspki,float32,0,S4_post_context,7.336996350204572e-05,3.5068449506070465e-05,0.00010730181675171478,0.0008145766914822161
13,sun3d-home_md-home_md_scan9_2012_sep_30,38,49,3DLoMatch,mspki,float32,0,D3,5.412583050201647e-05,2.7489091735333204e-05,9.391875792061908e-05,0.0006332742632366717
13,sun3d-home_md-home_md_scan9_2012_sep_30,38,49,3DLoMatch,mspki,float32,0,D2_pre_context,4.272692967788316e-05,2.0560513803502545e-05,6.967249100853222e-05,0.0012882965384051204
13,sun3d-home_md-home_md_scan9_2012_sep_30,38,49,3DLoMatch,mspki,float32,0,D2_post_context,0.0004760762385558337,2.376220072619617e-05,7.439399450959171e-05,0.023201292380690575
13,sun3d-home_md-home_md_scan9_2012_sep_30,38,49,3DLoMatch,mspki,float32,0,final_RE,0.00021031301002949476,1.1334225746395532e-05,7.346454294747669e-05,0.019957412034273148
13,sun3d-home_md-home_md_scan9_2012_sep_30,38,49,3DLoMatch,mspki,float32,0,fine_RI,0.00040045188507065177,nan,nan,nan
13,sun3d-home_md-home_md_scan9_2012_sep_30,38,49,3DLoMatch,mspki,float32,0,coarse_RI,6.18457343080081e-05,nan,nan,nan
13,sun3d-home_md-home_md_scan9_2012_sep_30,38,49,3DLoMatch,mspki,float32,1,S2,7.491399446735159e-05,2.436701106489636e-05,0.00011383139826648403,0.0025514010339975357
13,sun3d-home_md-home_md_scan9_2012_sep_30,38,49,3DLoMatch,mspki,float32,1,S3,7.472001016139984e-05,3.626020043157041e-05,0.00014321946946438402,0.0006337512168101966
13,sun3d-home_md-home_md_scan9_2012_sep_30,38,49,3DLoMatch,mspki,float32,1,S4_pre_context,6.259599467739463e-05,3.544072387740016e-05,0.00010177179865422659,0.00044073842582292855
13,sun3d-home_md-home_md_scan9_2012_sep_30,38,49,3DLoMatch,mspki,float32,1,S4_post_context,6.259599467739463e-05,3.544072387740016e-05,0.00010177179865422659,0.00044073842582292855
13,sun3d-home_md-home_md_scan9_2012_sep_30,38,49,3DLoMatch,mspki,float32,1,D3,4.9368562031304464e-05,2.7283758754492737e-05,9.151721897069364e-05,0.00032078911317512393
13,sun3d-home_md-home_md_scan9_2012_sep_30,38,49,3DLoMatch,mspki,float32,1,D2_pre_context,4.0964034269563854e-05,2.0069735910510644e-05,7.111119484761729e-05,0.0011069233296439052
13,sun3d-home_md-home_md_scan9_2012_sep_30,38,49,3DLoMatch,mspki,float32,1,D2_post_context,0.000626856810413301,2.2765238099964336e-05,7.44170116377063e-05,0.031217744573950768
13,sun3d-home_md-home_md_scan9_2012_sep_30,38,49,3DLoMatch,mspki,float32,1,final_RE,0.00037193612661212683,1.0822213880601339e-05,7.379799717455171e-05,0.03314798325300217
13,sun3d-home_md-home_md_scan9_2012_sep_30,38,49,3DLoMatch,mspki,float32,1,fine_RI,0.0005073114298284054,nan,nan,nan
13,sun3d-home_md-home_md_scan9_2012_sep_30,38,49,3DLoMatch,mspki,float32,1,coarse_RI,5.368348865886219e-05,nan,nan,nan
13,sun3d-home_md-home_md_scan9_2012_sep_30,38,49,3DLoMatch,mspki,float32,2,S2,7.359185838140547e-05,2.452694570820313e-05,0.00010642951710906345,0.0026380906347185373
13,sun3d-home_md-home_md_scan9_2012_sep_30,38,49,3DLoMatch,mspki,float32,2,S3,8.319429616676643e-05,3.509651287458837e-05,0.00013322502200026066,0.0014936118386685848
13,sun3d-home_md-home_md_scan9_2012_sep_30,38,49,3DLoMatch,mspki,float32,2,S4_pre_context,8.225351484725252e-05,3.6447756428970024e-05,0.00011627750936895608,0.0010042283684015274
13,sun3d-home_md-home_md_scan9_2012_sep_30,38,49,3DLoMatch,mspki,float32,2,S4_post_context,8.225351484725252e-05,3.6447756428970024e-05,0.00011627750936895608,0.0010042283684015274
13,sun3d-home_md-home_md_scan9_2012_sep_30,38,49,3DLoMatch,mspki,float32,2,D3,6.031375960446894e-05,2.884735476982314e-05,9.324832790298384e-05,0.0007766822236590087
13,sun3d-home_md-home_md_scan9_2012_sep_30,38,49,3DLoMatch,mspki,float32,2,D2_pre_context,4.6335411752806976e-05,2.1789539459859952e-05,7.046369428280739e-05,0.0015628589317202568
13,sun3d-home_md-home_md_scan9_2012_sep_30,38,49,3DLoMatch,mspki,float32,2,D2_post_context,0.001228919019922614,2.5185041522490792e-05,8.131931208481541e-05,0.05592721700668335
13,sun3d-home_md-home_md_scan9_2012_sep_30,38,49,3DLoMatch,mspki,float32,2,final_RE,0.0005639362498186529,1.1890963833138812e-05,8.461613870167637e-05,0.033159393817186356
13,sun3d-home_md-home_md_scan9_2012_sep_30,38,49,3DLoMatch,mspki,float32,2,fine_RI,0.0009925051126629114,nan,nan,nan
13,sun3d-home_md-home_md_scan9_2012_sep_30,38,49,3DLoMatch,mspki,float32,2,coarse_RI,6.863516318844631e-05,nan,nan,nan
13,sun3d-home_md-home_md_scan9_2012_sep_30,38,49,3DLoMatch,mspki,float32,3,S2,7.34494169591926e-05,2.3934253476909362e-05,0.00010639596912369594,0.0021557819563895464
13,sun3d-home_md-home_md_scan9_2012_sep_30,38,49,3DLoMatch,mspki,float32,3,S3,7.636891677975655e-05,3.588907566154376e-05,0.0001444324996555224,0.000947889406234026
13,sun3d-home_md-home_md_scan9_2012_sep_30,38,49,3DLoMatch,mspki,float32,3,S4_pre_context,6.77793868817389e-05,3.587676110328175e-05,0.00010037551401183009,0.0006631992873735726
13,sun3d-home_md-home_md_scan9_2012_sep_30,38,49,3DLoMatch,mspki,float32,3,S4_post_context,6.77793868817389e-05,3.587676110328175e-05,0.00010037551401183009,0.0006631992873735726
13,sun3d-home_md-home_md_scan9_2012_sep_30,38,49,3DLoMatch,mspki,float32,3,D3,5.045297439210117e-05,2.754994056886062e-05,9.36846830882132e-05,0.00044076767517253757
13,sun3d-home_md-home_md_scan9_2012_sep_30,38,49,3DLoMatch,mspki,float32,3,D2_pre_context,4.1788563976297155e-05,1.9859755411744118e-05,6.92124362103641e-05,0.0008491845801472664
13,sun3d-home_md-home_md_scan9_2012_sep_30,38,49,3DLoMatch,mspki,float32,3,D2_post_context,0.0007874697912484407,2.300756750628352e-05,7.484801972168496e-05,0.03122860938310623
13,sun3d-home_md-home_md_scan9_2012_sep_30,38,49,3DLoMatch,mspki,float32,3,final_RE,0.00044091351446695626,1.0724834282882512e-05,7.681183960812629e-05,0.03313567489385605
13,sun3d-home_md-home_md_scan9_2012_sep_30,38,49,3DLoMatch,mspki,float32,3,fine_RI,0.0006599767948500812,nan,nan,nan
13,sun3d-home_md-home_md_scan9_2012_sep_30,38,49,3DLoMatch,mspki,float32,3,coarse_RI,5.8703157264972106e-05,nan,nan,nan
14,sun3d-hotel_uc-scan3,4,39,3DLoMatch,mspki,float32,0,S2,4.7292051021941006e-05,1.680557761574164e-05,7.489691925002261e-05,0.0010957596823573112
14,sun3d-hotel_uc-scan3,4,39,3DLoMatch,mspki,float32,0,S3,6.028642746969126e-05,2.5096876925090328e-05,0.00010652093405951743,0.0012760733952745795
14,sun3d-hotel_uc-scan3,4,39,3DLoMatch,mspki,float32,0,S4_pre_context,4.9209644203074276e-05,2.666381078597624e-05,8.501058073306922e-05,0.00029512838227674365
14,sun3d-hotel_uc-scan3,4,39,3DLoMatch,mspki,float32,0,S4_post_context,4.9209644203074276e-05,2.666381078597624e-05,8.501058073306922e-05,0.00029512838227674365
14,sun3d-hotel_uc-scan3,4,39,3DLoMatch,mspki,float32,0,D3,4.161821198067628e-05,2.1446079699671827e-05,7.685633390792643e-05,0.0004982263199053705
14,sun3d-hotel_uc-scan3,4,39,3DLoMatch,mspki,float32,0,D2_pre_context,3.66924396075774e-05,1.685807728790678e-05,6.162318022688847e-05,0.0007900253986008465
14,sun3d-hotel_uc-scan3,4,39,3DLoMatch,mspki,float32,0,D2_post_context,0.0010355288395658135,2.030315954471007e-05,7.449736585840576e-05,0.04113797843456268
14,sun3d-hotel_uc-scan3,4,39,3DLoMatch,mspki,float32,0,final_RE,0.0005825211992487311,1.1841209015983623e-05,7.415323198074458e-05,0.04353275150060654
14,sun3d-hotel_uc-scan3,4,39,3DLoMatch,mspki,float32,0,fine_RI,0.0008690886315889657,nan,nan,nan
14,sun3d-hotel_uc-scan3,4,39,3DLoMatch,mspki,float32,0,coarse_RI,4.831360274692997e-05,nan,nan,nan
14,sun3d-hotel_uc-scan3,4,39,3DLoMatch,mspki,float32,1,S2,4.401792830321938e-05,1.617612906557042e-05,6.665636174147942e-05,0.0014130041236057878
14,sun3d-hotel_uc-scan3,4,39,3DLoMatch,mspki,float32,1,S3,4.669084955821745e-05,2.3799362679710612e-05,8.121076461975461e-05,0.0007384942728094757
14,sun3d-hotel_uc-scan3,4,39,3DLoMatch,mspki,float32,1,S4_pre_context,4.574032573145814e-05,2.6959121896652505e-05,7.680190356040839e-05,0.00037184549728408456
14,sun3d-hotel_uc-scan3,4,39,3DLoMatch,mspki,float32,1,S4_post_context,4.574032573145814e-05,2.6959121896652505e-05,7.680190356040839e-05,0.00037184549728408456
14,sun3d-hotel_uc-scan3,4,39,3DLoMatch,mspki,float32,1,D3,3.5976088838651776e-05,2.109119486704003e-05,6.464690086431796e-05,0.0002925394510384649
14,sun3d-hotel_uc-scan3,4,39,3DLoMatch,mspki,float32,1,D2_pre_context,3.4647382562980056e-05,1.580283606017474e-05,5.357963018468574e-05,0.001175104989670217
14,sun3d-hotel_uc-scan3,4,39,3DLoMatch,mspki,float32,1,D2_post_context,0.0010228287428617477,1.9293725927127525e-05,6.914986006449907e-05,0.05156862735748291
14,sun3d-hotel_uc-scan3,4,39,3DLoMatch,mspki,float32,1,final_RE,0.0006990160909481347,1.0744543033069931e-05,6.391719070961698e-05,0.08159927278757095
14,sun3d-hotel_uc-scan3,4,39,3DLoMatch,mspki,float32,1,fine_RI,0.0008680591126903892,nan,nan,nan
14,sun3d-hotel_uc-scan3,4,39,3DLoMatch,mspki,float32,1,coarse_RI,4.806764627574012e-05,nan,nan,nan
14,sun3d-hotel_uc-scan3,4,39,3DLoMatch,mspki,float32,2,S2,4.937844641972333e-05,1.6505116946063936e-05,6.917787250131366e-05,0.002080892911180854
14,sun3d-hotel_uc-scan3,4,39,3DLoMatch,mspki,float32,2,S3,5.755421443609521e-05,2.449762905598618e-05,9.926175553118802e-05,0.0009328876039944589
14,sun3d-hotel_uc-scan3,4,39,3DLoMatch,mspki,float32,2,S4_pre_context,4.7212168283294886e-05,2.5621329768910073e-05,9.781431799638085e-05,0.00023188270279206336
14,sun3d-hotel_uc-scan3,4,39,3DLoMatch,mspki,float32,2,S4_post_context,4.7212168283294886e-05,2.5621329768910073e-05,9.781431799638085e-05,0.00023188270279206336
14,sun3d-hotel_uc-scan3,4,39,3DLoMatch,mspki,float32,2,D3,4.1164228605339304e-05,2.1075078620924614e-05,8.099006154225207e-05,0.0003633754386100918
14,sun3d-hotel_uc-scan3,4,39,3DLoMatch,mspki,float32,2,D2_pre_context,3.679513611132279e-05,1.6783558749011718e-05,6.383792788255958e-05,0.0007503177621401846
14,sun3d-hotel_uc-scan3,4,39,3DLoMatch,mspki,float32,2,D2_post_context,0.0011464118724688888,2.0465215129661374e-05,8.009190496522932e-05,0.041158828884363174
14,sun3d-hotel_uc-scan3,4,39,3DLoMatch,mspki,float32,2,final_RE,0.000712159147951752,1.088168028218206e-05,8.925895090214886e-05,0.05946509540081024
14,sun3d-hotel_uc-scan3,4,39,3DLoMatch,mspki,float32,2,fine_RI,0.0009750356548465788,nan,nan,nan
14,sun3d-hotel_uc-scan3,4,39,3DLoMatch,mspki,float32,2,coarse_RI,4.4264859752729535e-05,nan,nan,nan
14,sun3d-hotel_uc-scan3,4,39,3DLoMatch,mspki,float32,3,S2,5.415256237029098e-05,1.5779522072989494e-05,6.753985362593084e-05,0.0026131789200007915
14,sun3d-hotel_uc-scan3,4,39,3DLoMatch,mspki,float32,3,S3,7.054612069623545e-05,2.3238957510329783e-05,0.0001032559361192397,0.0019083376973867416
14,sun3d-hotel_uc-scan3,4,39,3DLoMatch,mspki,float32,3,S4_pre_context,5.904031786485575e-05,2.58284380834084e-05,0.0001012456796161132,0.0004094141477253288
14,sun3d-hotel_uc-scan3,4,39,3DLoMatch,mspki,float32,3,S4_post_context,5.904031786485575e-05,2.58284380834084e-05,0.0001012456796161132,0.0004094141477253288
14,sun3d-hotel_uc-scan3,4,39,3DLoMatch,mspki,float32,3,D3,5.010038148611784e-05,2.074563417409081e-05,8.626115813967771e-05,0.0007401920738629997
14,sun3d-hotel_uc-scan3,4,39,3DLoMatch,mspki,float32,3,D2_pre_context,4.5332577428780496e-05,1.6076108295237646e-05,7.130548474378882e-05,0.001101610017940402
14,sun3d-hotel_uc-scan3,4,39,3DLoMatch,mspki,float32,3,D2_post_context,0.0009287446737289429,2.0116818632232025e-05,8.56992497574538e-05,0.041141849011182785
14,sun3d-hotel_uc-scan3,4,39,3DLoMatch,mspki,float32,3,final_RE,0.0007031988934613764,1.1485411960165948e-05,7.305393955903125e-05,0.04355659335851669
14,sun3d-hotel_uc-scan3,4,39,3DLoMatch,mspki,float32,3,fine_RI,0.0007858366006985307,nan,nan,nan
14,sun3d-hotel_uc-scan3,4,39,3DLoMatch,mspki,float32,3,coarse_RI,5.894017158425413e-05,nan,nan,nan
15,sun3d-hotel_uc-scan3,17,34,3DLoMatch,mspki,float32,0,S2,7.77426321292296e-05,2.9559378162957728e-05,0.00011536284218891516,0.0020681044552475214
15,sun3d-hotel_uc-scan3,17,34,3DLoMatch,mspki,float32,0,S3,9.179917105939239e-05,4.613502824213356e-05,0.00016483556828461587,0.0008911731420084834
15,sun3d-hotel_uc-scan3,17,34,3DLoMatch,mspki,float32,0,S4_pre_context,7.871730485931039e-05,4.736723712994717e-05,0.00015492287639062852,0.00037421108572743833
15,sun3d-hotel_uc-scan3,17,34,3DLoMatch,mspki,float32,0,S4_post_context,7.871730485931039e-05,4.736723712994717e-05,0.00015492287639062852,0.00037421108572743833
15,sun3d-hotel_uc-scan3,17,34,3DLoMatch,mspki,float32,0,D3,6.855599349364638e-05,3.866128099616617e-05,0.0001322515745414421,0.000605919340159744
15,sun3d-hotel_uc-scan3,17,34,3DLoMatch,mspki,float32,0,D2_pre_context,5.301290730130859e-05,2.7309626602800563e-05,9.248486712749577e-05,0.0008846881682984531
15,sun3d-hotel_uc-scan3,17,34,3DLoMatch,mspki,float32,0,D2_post_context,0.0007327674538828433,3.267417196184397e-05,0.00010731772272265516,0.03301918879151344
15,sun3d-hotel_uc-scan3,17,34,3DLoMatch,mspki,float32,0,final_RE,0.0005775169702246785,1.8150400137528777e-05,0.00010168968656216745,0.04552203416824341
15,sun3d-hotel_uc-scan3,17,34,3DLoMatch,mspki,float32,0,fine_RI,0.0006204056553542614,nan,nan,nan
15,sun3d-hotel_uc-scan3,17,34,3DLoMatch,mspki,float32,0,coarse_RI,0.00010354343976359814,nan,nan,nan
15,sun3d-hotel_uc-scan3,17,34,3DLoMatch,mspki,float32,1,S2,7.513375021517277e-05,2.869726813514717e-05,0.0001126322109485045,0.001927603385411203
15,sun3d-hotel_uc-scan3,17,34,3DLoMatch,mspki,float32,1,S3,8.639398583909497e-05,4.843704664381221e-05,0.00015799800166860223,0.0010512780863791704
15,sun3d-hotel_uc-scan3,17,34,3DLoMatch,mspki,float32,1,S4_pre_context,7.03686528140679e-05,4.8493278882233426e-05,0.00012346845905994986,0.0003121181798633188
15,sun3d-hotel_uc-scan3,17,34,3DLoMatch,mspki,float32,1,S4_post_context,7.03686528140679e-05,4.8493278882233426e-05,0.00012346845905994986,0.0003121181798633188
15,sun3d-hotel_uc-scan3,17,34,3DLoMatch,mspki,float32,1,D3,5.956901441095397e-05,3.8001413486199453e-05,0.00010817092697834596,0.0006364121218211949
15,sun3d-hotel_uc-scan3,17,34,3DLoMatch,mspki,float32,1,D2_pre_context,4.8566384066361934e-05,2.692345697141718e-05,8.060340733209159e-05,0.0009714862098917365
15,sun3d-hotel_uc-scan3,17,34,3DLoMatch,mspki,float32,1,D2_post_context,0.0009705128031782806,3.2382202334702015e-05,9.398574584338337e-05,0.05145388841629028
15,sun3d-hotel_uc-scan3,17,34,3DLoMatch,mspki,float32,1,final_RE,0.0006675109034404159,1.772026371327229e-05,9.999769026762798e-05,0.045553021132946014
15,sun3d-hotel_uc-scan3,17,34,3DLoMatch,mspki,float32,1,fine_RI,0.0008119958220049739,nan,nan,nan
15,sun3d-hotel_uc-scan3,17,34,3DLoMatch,mspki,float32,1,coarse_RI,7.010673289187253e-05,nan,nan,nan
15,sun3d-hotel_uc-scan3,17,34,3DLoMatch,mspki,float32,2,S2,9.080967720365152e-05,2.9609691409859806e-05,0.0001297207090829033,0.0029928311705589294
15,sun3d-hotel_uc-scan3,17,34,3DLoMatch,mspki,float32,2,S3,0.00010388267401140183,4.8269532271660864e-05,0.00019666313892230392,0.001809460693039
15,sun3d-hotel_uc-scan3,17,34,3DLoMatch,mspki,float32,2,S4_pre_context,8.666852227179334e-05,5.071673513157293e-05,0.0001678129221545532,0.0004450324340723455
15,sun3d-hotel_uc-scan3,17,34,3DLoMatch,mspki,float32,2,S4_post_context,8.666852227179334e-05,5.071673513157293e-05,0.0001678129221545532,0.0004450324340723455
15,sun3d-hotel_uc-scan3,17,34,3DLoMatch,mspki,float32,2,D3,7.463807560270652e-05,4.024617373943329e-05,0.00014018242654856294,0.000810431782156229
15,sun3d-hotel_uc-scan3,17,34,3DLoMatch,mspki,float32,2,D2_pre_context,5.898117524338886e-05,2.7911821234738454e-05,0.00010280585302098187,0.0010512727312743664
15,sun3d-hotel_uc-scan3,17,34,3DLoMatch,mspki,float32,2,D2_post_context,0.0008856081403791904,3.3730699215084314e-05,0.00012627809774130557,0.0515582449734211
15,sun3d-hotel_uc-scan3,17,34,3DLoMatch,mspki,float32,2,final_RE,0.0006775170331820846,1.900352435768582e-05,0.00011062738412874743,0.04001087695360184
15,sun3d-hotel_uc-scan3,17,34,3DLoMatch,mspki,float32,2,fine_RI,0.0007258879486471415,nan,nan,nan
15,sun3d-hotel_uc-scan3,17,34,3DLoMatch,mspki,float32,2,coarse_RI,8.641463500680402e-05,nan,nan,nan
15,sun3d-hotel_uc-scan3,17,34,3DLoMatch,mspki,float32,3,S2,9.208835399476811e-05,2.8012458642479032e-05,0.0001195101642224472,0.003984656184911728
15,sun3d-hotel_uc-scan3,17,34,3DLoMatch,mspki,float32,3,S3,0.00010493688023416325,4.607496885000728e-05,0.00018248040578328073,0.001290051848627627
15,sun3d-hotel_uc-scan3,17,34,3DLoMatch,mspki,float32,3,S4_pre_context,9.387403406435624e-05,4.8434736527269706e-05,0.0001661870890529826,0.0007041504723019898
15,sun3d-hotel_uc-scan3,17,34,3DLoMatch,mspki,float32,3,S4_post_context,9.387403406435624e-05,4.8434736527269706e-05,0.0001661870890529826,0.0007041504723019898
15,sun3d-hotel_uc-scan3,17,34,3DLoMatch,mspki,float32,3,D3,8.647651702631265e-05,3.818351979134604e-05,0.00014213155372999609,0.0016760682919993997
15,sun3d-hotel_uc-scan3,17,34,3DLoMatch,mspki,float32,3,D2_pre_context,6.708590808557346e-05,2.7335827326169237e-05,0.00010382384098193125,0.0023294880520552397
15,sun3d-hotel_uc-scan3,17,34,3DLoMatch,mspki,float32,3,D2_post_context,0.0007197897066362202,3.226072294637561e-05,0.00013405342469923197,0.03491830825805664
15,sun3d-hotel_uc-scan3,17,34,3DLoMatch,mspki,float32,3,final_RE,0.00028694907086901367,1.7819987988332286e-05,0.00012305447380640542,0.02108483389019966
15,sun3d-hotel_uc-scan3,17,34,3DLoMatch,mspki,float32,3,fine_RI,0.000613823183812201,nan,nan,nan
15,sun3d-hotel_uc-scan3,17,34,3DLoMatch,mspki,float32,3,coarse_RI,9.515615238342434e-05,nan,nan,nan
16,sun3d-hotel_uc-scan3,36,37,3DLoMatch,mspki,float32,0,S2,6.083575135562569e-05,2.0446077542146668e-05,8.437419674010007e-05,0.0033202525228261948
16,sun3d-hotel_uc-scan3,36,37,3DLoMatch,mspki,float32,0,S3,5.684068673872389e-05,3.136535087833181e-05,0.00010740052857727274,0.0005900427931919694
16,sun3d-hotel_uc-scan3,36,37,3DLoMatch,mspki,float32,0,S4_pre_context,4.694604285759851e-05,2.9975708457641304e-05,8.586693002143872e-05,0.0003672631282825023
16,sun3d-hotel_uc-scan3,36,37,3DLoMatch,mspki,float32,0,S4_post_context,4.694604285759851e-05,2.9975708457641304e-05,8.586693002143872e-05,0.0003672631282825023
16,sun3d-hotel_uc-scan3,36,37,3DLoMatch,mspki,float32,0,D3,3.9948012272361666e-05,2.503062569303438e-05,7.26631882571382e-05,0.00038293463876470923
16,sun3d-hotel_uc-scan3,36,37,3DLoMatch,mspki,float32,0,D2_pre_context,3.5462297091726214e-05,1.8813781935023144e-05,5.628438520943746e-05,0.001046457327902317
16,sun3d-hotel_uc-scan3,36,37,3DLoMatch,mspki,float32,0,D2_post_context,0.001000508083961904,2.231166399724316e-05,7.033166439214246e-05,0.042238373309373856
16,sun3d-hotel_uc-scan3,36,37,3DLoMatch,mspki,float32,0,final_RE,0.0008167749037966132,1.1805603207903914e-05,6.707330649078338e-05,0.04863964021205902
16,sun3d-hotel_uc-scan3,36,37,3DLoMatch,mspki,float32,0,fine_RI,0.0009113176492974162,nan,nan,nan
16,sun3d-hotel_uc-scan3,36,37,3DLoMatch,mspki,float32,0,coarse_RI,4.2347404814790934e-05,nan,nan,nan
16,sun3d-hotel_uc-scan3,36,37,3DLoMatch,mspki,float32,1,S2,7.707651820965111e-05,1.9939405319746584e-05,8.565507378079925e-05,0.005047131795436144
16,sun3d-hotel_uc-scan3,36,37,3DLoMatch,mspki,float32,1,S3,7.066447142278776e-05,3.185524110449478e-05,0.00011404656288505066,0.0007592770853079855
16,sun3d-hotel_uc-scan3,36,37,3DLoMatch,mspki,float32,1,S4_pre_context,5.961431088508107e-05,3.3763823012122884e-05,0.0001053937805409077,0.000485656491946429
16,sun3d-hotel_uc-scan3,36,37,3DLoMatch,mspki,float32,1,S4_post_context,5.961431088508107e-05,3.3763823012122884e-05,0.0001053937805409077,0.000485656491946429
16,sun3d-hotel_uc-scan3,36,37,3DLoMatch,mspki,float32,1,D3,4.831848127651028e-05,2.7386326109990478e-05,8.935823643696492e-05,0.0003502798790577799
16,sun3d-hotel_uc-scan3,36,37,3DLoMatch,mspki,float32,1,D2_pre_context,4.2224339267704636e-05,2.0360730559332296e-05,6.759944299119517e-05,0.0015638242475688457
16,sun3d-hotel_uc-scan3,36,37,3DLoMatch,mspki,float32,1,D2_post_context,0.0011086063459515572,2.4363653210457414e-05,8.488871535519129e-05,0.04622896760702133
16,sun3d-hotel_uc-scan3,36,37,3DLoMatch,mspki,float32,1,final_RE,0.0011022465769201517,1.3996421330375597e-05,7.209863179014041e-05,0.08483145385980606
16,sun3d-hotel_uc-scan3,36,37,3DLoMatch,mspki,float32,1,fine_RI,0.0009723768453113735,nan,nan,nan
16,sun3d-hotel_uc-scan3,36,37,3DLoMatch,mspki,float32,1,coarse_RI,5.772814620286226e-05,nan,nan,nan
16,sun3d-hotel_uc-scan3,36,37,3DLoMatch,mspki,float32,2,S2,5.8279329095967114e-05,2.129992026311811e-05,9.052799032360778e-05,0.0021527810022234917
16,sun3d-hotel_uc-scan3,36,37,3DLoMatch,mspki,float32,2,S3,6.00142557232175e-05,3.4050190151901916e-05,0.00011407747733755968,0.0005620964802801609
16,sun3d-hotel_uc-scan3,36,37,3DLoMatch,mspki,float32,2,S4_pre_context,4.858332977164537e-05,3.3009968319674954e-05,8.40084161609411e-05,0.00026280005113221705
16,sun3d-hotel_uc-scan3,36,37,3DLoMatch,mspki,float32,2,S4_post_context,4.858332977164537e-05,3.3009968319674954e-05,8.40084161609411e-05,0.00026280005113221705
16,sun3d-hotel_uc-scan3,36,37,3DLoMatch,mspki,float32,2,D3,4.104340769117698e-05,2.7577429136727005e-05,7.413654748233962e-05,0.00027311654412187636
16,sun3d-hotel_uc-scan3,36,37,3DLoMatch,mspki,float32,2,D2_pre_context,3.483478576526977e-05,2.0301498807384633e-05,5.806037006550468e-05,0.0009056743001565337
16,sun3d-hotel_uc-scan3,36,37,3DLoMatch,mspki,float32,2,D2_post_context,0.0007475148304365575,2.3840664653107524e-05,6.915978046890811e-05,0.04214555025100708
16,sun3d-hotel_uc-scan3,36,37,3DLoMatch,mspki,float32,2,final_RE,0.0005608164356090128,1.3175143976695836e-05,7.337233946600458e-05,0.05515796318650246
16,sun3d-hotel_uc-scan3,36,37,3DLoMatch,mspki,float32,2,fine_RI,0.0006131726549938321,nan,nan,nan
16,sun3d-hotel_uc-scan3,36,37,3DLoMatch,mspki,float32,2,coarse_RI,4.4838008761871606e-05,nan,nan,nan
16,sun3d-hotel_uc-scan3,36,37,3DLoMatch,mspki,float32,3,S2,5.078800313640386e-05,2.0965944713680074e-05,8.221379648603021e-05,0.0012571936240419745
16,sun3d-hotel_uc-scan3,36,37,3DLoMatch,mspki,float32,3,S3,5.7186989579349756e-05,3.252393798902631e-05,0.00010403077576484065,0.0006103721098043025
16,sun3d-hotel_uc-scan3,36,37,3DLoMatch,mspki,float32,3,S4_pre_context,4.967108179698698e-05,3.3093288948293775e-05,7.970336155267431e-05,0.0003886737395077944
16,sun3d-hotel_uc-scan3,36,37,3DLoMatch,mspki,float32,3,S4_post_context,4.967108179698698e-05,3.3093288948293775e-05,7.970336155267431e-05,0.0003886737395077944
16,sun3d-hotel_uc-scan3,36,37,3DLoMatch,mspki,float32,3,D3,3.922034375136718e-05,2.6561669073998928e-05,7.345542580878826e-05,0.00023802119540050626
16,sun3d-hotel_uc-scan3,36,37,3DLoMatch,mspki,float32,3,D2_pre_context,3.264098268118687e-05,1.9685243387357332e-05,5.547969067265507e-05,0.0006212619482539594
16,sun3d-hotel_uc-scan3,36,37,3DLoMatch,mspki,float32,3,D2_post_context,0.0013177182991057634,2.3570930352434516e-05,6.423074955819169e-05,0.06308834999799728
16,sun3d-hotel_uc-scan3,36,37,3DLoMatch,mspki,float32,3,final_RE,0.0018826473969966173,1.3212031262810342e-05,6.305373426584991e-05,0.5808276534080505
16,sun3d-hotel_uc-scan3,36,37,3DLoMatch,mspki,float32,3,fine_RI,0.0011025398271158338,nan,nan,nan
16,sun3d-hotel_uc-scan3,36,37,3DLoMatch,mspki,float32,3,coarse_RI,4.391569018480368e-05,nan,nan,nan
17,sun3d-hotel_umd-maryland_hotel1,8,26,3DLoMatch,mspki,float32,0,S2,0.00010913238656939939,3.0481793146464042e-05,0.00013231208140496165,0.005049267318099737
17,sun3d-hotel_umd-maryland_hotel1,8,26,3DLoMatch,mspki,float32,0,S3,0.0001889028208097443,5.010408131056465e-05,0.00023810610582586378,0.007694690488278866
17,sun3d-hotel_umd-maryland_hotel1,8,26,3DLoMatch,mspki,float32,0,S4_pre_context,0.00018934205581899732,5.676758519257419e-05,0.00027224685763940206,0.003956057131290436
17,sun3d-hotel_umd-maryland_hotel1,8,26,3DLoMatch,mspki,float32,0,S4_post_context,0.00018934205581899732,5.676758519257419e-05,0.00027224685763940206,0.003956057131290436
17,sun3d-hotel_umd-maryland_hotel1,8,26,3DLoMatch,mspki,float32,0,D3,0.00013304482854437083,4.491821528063156e-05,0.0002300395586644299,0.003339209361001849
17,sun3d-hotel_umd-maryland_hotel1,8,26,3DLoMatch,mspki,float32,0,D2_pre_context,9.172365389531478e-05,3.2530235330341384e-05,0.00015570403775200248,0.0022636360954493284
17,sun3d-hotel_umd-maryland_hotel1,8,26,3DLoMatch,mspki,float32,0,D2_post_context,0.0006864716415293515,3.7586811231449246e-05,0.0001951820740941912,0.03542618826031685
17,sun3d-hotel_umd-maryland_hotel1,8,26,3DLoMatch,mspki,float32,0,final_RE,0.0003562096389941871,1.8728620489127934e-05,0.0002283112407894805,0.03694544732570648
17,sun3d-hotel_umd-maryland_hotel1,8,26,3DLoMatch,mspki,float32,0,fine_RI,0.0005810782313346863,nan,nan,nan
17,sun3d-hotel_umd-maryland_hotel1,8,26,3DLoMatch,mspki,float32,0,coarse_RI,0.0001692694640951231,nan,nan,nan
17,sun3d-hotel_umd-maryland_hotel1,8,26,3DLoMatch,mspki,float32,1,S2,9.444986062590033e-05,3.068595106014982e-05,0.00012954951671417803,0.0030866560991853476
17,sun3d-hotel_umd-maryland_hotel1,8,26,3DLoMatch,mspki,float32,1,S3,0.00019853911362588406,5.0837919843615964e-05,0.00021363151026889638,0.010140941478312016
17,sun3d-hotel_umd-maryland_hotel1,8,26,3DLoMatch,mspki,float32,1,S4_pre_context,0.00021034717792645097,5.641969619318843e-05,0.0002913538424763828,0.005225073546171188
17,sun3d-hotel_umd-maryland_hotel1,8,26,3DLoMatch,mspki,float32,1,S4_post_context,0.00021034717792645097,5.641969619318843e-05,0.0002913538424763828,0.005225073546171188
17,sun3d-hotel_umd-maryland_hotel1,8,26,3DLoMatch,mspki,float32,1,D3,0.00014136968820821494,4.41819938714616e-05,0.00023310089018195858,0.004419943317770958
17,sun3d-hotel_umd-maryland_hotel1,8,26,3DLoMatch,mspki,float32,1,D2_pre_context,9.494469850324094e-05,3.180983185302466e-05,0.00015774859639350325,0.0029738943558186293
17,sun3d-hotel_umd-maryland_hotel1,8,26,3DLoMatch,mspki,float32,1,D2_post_context,0.0006075420533306897,3.7787071050843224e-05,0.0002007613074965775,0.03542936220765114
17,sun3d-hotel_umd-maryland_hotel1,8,26,3DLoMatch,mspki,float32,1,final_RE,0.00030410310137085617,1.947235614352394e-05,0.0002206128410762176,0.016698379069566727
17,sun3d-hotel_umd-maryland_hotel1,8,26,3DLoMatch,mspki,float32,1,fine_RI,0.0005169383948668838,nan,nan,nan
17,sun3d-hotel_umd-maryland_hotel1,8,26,3DLoMatch,mspki,float32,1,coarse_RI,0.00018171397096011788,nan,nan,nan
17,sun3d-hotel_umd-maryland_hotel1,8,26,3DLoMatch,mspki,float32,2,S2,0.00010636402294039726,3.150977863697335e-05,0.00013997893256600946,0.004397324286401272
17,sun3d-hotel_umd-maryland_hotel1,8,26,3DLoMatch,mspki,float32,2,S3,0.00012526524369604886,5.363309173844755e-05,0.00021777279762318354,0.002159366849809885
17,sun3d-hotel_umd-maryland_hotel1,8,26,3DLoMatch,mspki,float32,2,S4_pre_context,0.00012005334428977221,5.5697055358905345e-05,0.00023375892778858533,0.0011176893021911383
17,sun3d-hotel_umd-maryland_hotel1,8,26,3DLoMatch,mspki,float32,2,S4_post_context,0.00012005334428977221,5.5697055358905345e-05,0.00023375892778858533,0.0011176893021911383
17,sun3d-hotel_umd-maryland_hotel1,8,26,3DLoMatch,mspki,float32,2,D3,0.00010523878881940618,4.3631142034428194e-05,0.00019935598102165363,0.0011702621122822165
17,sun3d-hotel_umd-maryland_hotel1,8,26,3DLoMatch,mspki,float32,2,D2_pre_context,7.81516355345957e-05,3.148461109958589e-05,0.00014364946400746703,0.0015156454173848033
17,sun3d-hotel_umd-maryland_hotel1,8,26,3DLoMatch,mspki,float32,2,D2_post_context,0.0008974526426754892,3.730861863004975e-05,0.00018070187070406973,0.04188723489642143
17,sun3d-hotel_umd-maryland_hotel1,8,26,3DLoMatch,mspki,float32,2,final_RE,0.00045278857578523457,1.8594540961203165e-05,0.00021483378077391535,0.048781756311655045
17,sun3d-hotel_umd-maryland_hotel1,8,26,3DLoMatch,mspki,float32,2,fine_RI,0.0007629022584296763,nan,nan,nan
17,sun3d-hotel_umd-maryland_hotel1,8,26,3DLoMatch,mspki,float32,2,coarse_RI,0.00011638069554464892,nan,nan,nan
17,sun3d-hotel_umd-maryland_hotel1,8,26,3DLoMatch,mspki,float32,3,S2,0.00010968501737806946,3.1515326554654166e-05,0.00014123108121566474,0.005170875694602728
17,sun3d-hotel_umd-maryland_hotel1,8,26,3DLoMatch,mspki,float32,3,S3,0.00014572807413060218,5.2741237595910206e-05,0.00023710925306659185,0.0034929343964904547
17,sun3d-hotel_umd-maryland_hotel1,8,26,3DLoMatch,mspki,float32,3,S4_pre_context,0.00013126523117534816,5.7387522247154266e-05,0.00022591293673031025,0.00196423614397645
17,sun3d-hotel_umd-maryland_hotel1,8,26,3DLoMatch,mspki,float32,3,S4_post_context,0.00013126523117534816,5.7387522247154266e-05,0.00022591293673031025,0.00196423614397645
17,sun3d-hotel_umd-maryland_hotel1,8,26,3DLoMatch,mspki,float32,3,D3,0.00010335633851354942,4.495878965826705e-05,0.00019572892342694095,0.0013484378578141332
17,sun3d-hotel_umd-maryland_hotel1,8,26,3DLoMatch,mspki,float32,3,D2_pre_context,8.088091271929443e-05,3.194105738657527e-05,0.00013731174112763256,0.0037689299788326025
17,sun3d-hotel_umd-maryland_hotel1,8,26,3DLoMatch,mspki,float32,3,D2_post_context,0.0007740799337625504,3.7546033127000555e-05,0.0001730012008920312,0.03542343154549599
17,sun3d-hotel_umd-maryland_hotel1,8,26,3DLoMatch,mspki,float32,3,final_RE,0.00045142180169932544,1.8655651729204692e-05,0.00019617345242295414,0.03699463605880737
17,sun3d-hotel_umd-maryland_hotel1,8,26,3DLoMatch,mspki,float32,3,fine_RI,0.0006443944876082242,nan,nan,nan
17,sun3d-hotel_umd-maryland_hotel1,8,26,3DLoMatch,mspki,float32,3,coarse_RI,0.00013111619045957923,nan,nan,nan
18,sun3d-hotel_umd-maryland_hotel1,37,55,3DLoMatch,mspki,float32,0,S2,9.154176223091781e-05,2.6522178814047948e-05,0.00011591175425564862,0.0041974326595664024
18,sun3d-hotel_umd-maryland_hotel1,37,55,3DLoMatch,mspki,float32,0,S3,9.842159488471225e-05,4.241172064212151e-05,0.00016159992082975805,0.001539865043014288
18,sun3d-hotel_umd-maryland_hotel1,37,55,3DLoMatch,mspki,float32,0,S4_pre_context,7.269448542501777e-05,4.6423912863247097e-05,0.00013111925509292632,0.000467019563075155
18,sun3d-hotel_umd-maryland_hotel1,37,55,3DLoMatch,mspki,float32,0,S4_post_context,7.269448542501777e-05,4.6423912863247097e-05,0.00013111925509292632,0.000467019563075155
18,sun3d-hotel_umd-maryland_hotel1,37,55,3DLoMatch,mspki,float32,0,D3,6.456064875237644e-05,3.468770955805667e-05,0.00011252133663219865,0.0007238484104163945
18,sun3d-hotel_umd-maryland_hotel1,37,55,3DLoMatch,mspki,float32,0,D2_pre_context,5.387588680605404e-05,2.5068429749808274e-05,8.319259941345079e-05,0.0015915684634819627
18,sun3d-hotel_umd-maryland_hotel1,37,55,3DLoMatch,mspki,float32,0,D2_post_context,0.0008610518998466432,2.916175981226843e-05,0.00010364355257479472,0.041694045066833496
18,sun3d-hotel_umd-maryland_hotel1,37,55,3DLoMatch,mspki,float32,0,final_RE,0.0006105623324401677,1.5716517737018876e-05,0.00010411264665890453,0.07874923944473267
18,sun3d-hotel_umd-maryland_hotel1,37,55,3DLoMatch,mspki,float32,0,fine_RI,0.0007159683154895902,nan,nan,nan
18,sun3d-hotel_umd-maryland_hotel1,37,55,3DLoMatch,mspki,float32,0,coarse_RI,6.820361886639148e-05,nan,nan,nan
18,sun3d-hotel_umd-maryland_hotel1,37,55,3DLoMatch,mspki,float32,1,S2,8.406634879065678e-05,2.6645202524377964e-05,0.00012070400989614425,0.003154396079480648
18,sun3d-hotel_umd-maryland_hotel1,37,55,3DLoMatch,mspki,float32,1,S3,0.00010311484948033467,4.3239495425950736e-05,0.00017518353342893533,0.0013667242601513863
18,sun3d-hotel_umd-maryland_hotel1,37,55,3DLoMatch,mspki,float32,1,S4_pre_context,7.609898602822796e-05,4.6538683818653226e-05,0.0001237170050444547,0.0005252676201052964
18,sun3d-hotel_umd-maryland_hotel1,37,55,3DLoMatch,mspki,float32,1,S4_post_context,7.609898602822796e-05,4.6538683818653226e-05,0.0001237170050444547,0.0005252676201052964
18,sun3d-hotel_umd-maryland_hotel1,37,55,3DLoMatch,mspki,float32,1,D3,6.514164851978421e-05,3.697864303831011e-05,0.00011436598833824974,0.0005847208667546511
18,sun3d-hotel_umd-maryland_hotel1,37,55,3DLoMatch,mspki,float32,1,D2_pre_context,5.16437430633232e-05,2.668818888196256e-05,8.829942962620395e-05,0.0012363232672214508
18,sun3d-hotel_umd-maryland_hotel1,37,55,3DLoMatch,mspki,float32,1,D2_post_context,0.0010039827320724726,3.171713979099877e-05,9.665415855124585e-05,0.04731680080294609
18,sun3d-hotel_umd-maryland_hotel1,37,55,3DLoMatch,mspki,float32,1,final_RE,0.0003969003155361861,1.602139491296839e-05,9.61433310294523e-05,0.03272707387804985
18,sun3d-hotel_umd-maryland_hotel1,37,55,3DLoMatch,mspki,float32,1,fine_RI,0.0007975196931511164,nan,nan,nan
18,sun3d-hotel_umd-maryland_hotel1,37,55,3DLoMatch,mspki,float32,1,coarse_RI,7.127963181119412e-05,nan,nan,nan
18,sun3d-hotel_umd-maryland_hotel1,37,55,3DLoMatch,mspki,float32,2,S2,6.924087210791185e-05,2.7610305551206693e-05,0.00011139296402689062,0.0011940753320232034
18,sun3d-hotel_umd-maryland_hotel1,37,55,3DLoMatch,mspki,float32,2,S3,0.0001126060014939867,4.3664789700414985e-05,0.00015298867219826207,0.003579818643629551
18,sun3d-hotel_umd-maryland_hotel1,37,55,3DLoMatch,mspki,float32,2,S4_pre_context,7.581310637760907e-05,4.49229046353139e-05,0.00012436118959158182,0.0005063011776655912
18,sun3d-hotel_umd-maryland_hotel1,37,55,3DLoMatch,mspki,float32,2,S4_post_context,7.581310637760907e-05,4.49229046353139e-05,0.00012436118959158182,0.0005063011776655912
18,sun3d-hotel_umd-maryland_hotel1,37,55,3DLoMatch,mspki,float32,2,D3,7.476458267774433e-05,3.4283682907698676e-05,0.00010437997298140544,0.0016893482534214854
18,sun3d-hotel_umd-maryland_hotel1,37,55,3DLoMatch,mspki,float32,2,D2_pre_context,5.414917541202158e-05,2.4304725229740143e-05,8.059009269345549e-05,0.0012045985786244273
18,sun3d-hotel_umd-maryland_hotel1,37,55,3DLoMatch,mspki,float32,2,D2_post_context,0.0011200369335711002,2.8795335310860537e-05,9.101668983930722e-05,0.04732530564069748
18,sun3d-hotel_umd-maryland_hotel1,37,55,3DLoMatch,mspki,float32,2,final_RE,0.0005923210410401225,1.4809394997428171e-05,0.00010752663220046087,0.0481453500688076
18,sun3d-hotel_umd-maryland_hotel1,37,55,3DLoMatch,mspki,float32,2,fine_RI,0.000906941422726959,nan,nan,nan
18,sun3d-hotel_umd-maryland_hotel1,37,55,3DLoMatch,mspki,float32,2,coarse_RI,8.301641355501488e-05,nan,nan,nan
18,sun3d-hotel_umd-maryland_hotel1,37,55,3DLoMatch,mspki,float32,3,S2,7.41466719773598e-05,2.7130898160976358e-05,0.00011615581752266732,0.0017792393919080496
18,sun3d-hotel_umd-maryland_hotel1,37,55,3DLoMatch,mspki,float32,3,S3,9.14189949980937e-05,4.2986390326404944e-05,0.00015972607434378006,0.0016053678700700402
18,sun3d-hotel_umd-maryland_hotel1,37,55,3DLoMatch,mspki,float32,3,S4_pre_context,6.978397141210735e-05,4.4108222937211394e-05,0.00013441352348309008,0.00038380379555746913
18,sun3d-hotel_umd-maryland_hotel1,37,55,3DLoMatch,mspki,float32,3,S4_post_context,6.978397141210735e-05,4.4108222937211394e-05,0.00013441352348309008,0.00038380379555746913
18,sun3d-hotel_umd-maryland_hotel1,37,55,3DLoMatch,mspki,float32,3,D3,5.944792792433873e-05,3.383029979886487e-05,0.00010750120964075904,0.0007179458043538034
18,sun3d-hotel_umd-maryland_hotel1,37,55,3DLoMatch,mspki,float32,3,D2_pre_context,4.718210038845427e-05,2.4669076083227992e-05,8.66592701640911e-05,0.0006656610639765859
18,sun3d-hotel_umd-maryland_hotel1,37,55,3DLoMatch,mspki,float32,3,D2_post_context,0.0009567334200255573,2.8917347663082182e-05,9.27556597162038e-05,0.038100115954875946
18,sun3d-hotel_umd-maryland_hotel1,37,55,3DLoMatch,mspki,float32,3,final_RE,0.0007137200445868075,1.5036303011584096e-05,0.00010156868520425626,0.07878459244966507
18,sun3d-hotel_umd-maryland_hotel1,37,55,3DLoMatch,mspki,float32,3,fine_RI,0.0007840813486836851,nan,nan,nan
18,sun3d-hotel_umd-maryland_hotel1,37,55,3DLoMatch,mspki,float32,3,coarse_RI,6.784359720768407e-05,nan,nan,nan
19,sun3d-mit_76_studyroom-76-1studyroom2,0,8,3DLoMatch,mspki,float32,0,S2,7.049670966807753e-05,2.67671584879281e-05,0.00010487921535968772,0.0017776413587853312
19,sun3d-mit_76_studyroom-76-1studyroom2,0,8,3DLoMatch,mspki,float32,0,S3,7.882453064667061e-05,4.403919956530444e-05,0.00014480751706287223,0.0008547601173631847
19,sun3d-mit_76_studyroom-76-1studyroom2,0,8,3DLoMatch,mspki,float32,0,S4_pre_context,6.44725005258806e-05,4.402502236189321e-05,0.00012531727261375634,0.0002618402650114149
19,sun3d-mit_76_studyroom-76-1studyroom2,0,8,3DLoMatch,mspki,float32,0,S4_post_context,6.44725005258806e-05,4.402502236189321e-05,0.00012531727261375634,0.0002618402650114149
19,sun3d-mit_76_studyroom-76-1studyroom2,0,8,3DLoMatch,mspki,float32,0,D3,5.644264820148237e-05,3.6266825190978125e-05,0.00010860928596230214,0.0004583131812978536
19,sun3d-mit_76_studyroom-76-1studyroom2,0,8,3DLoMatch,mspki,float32,0,D2_pre_context,4.6834535169182345e-05,2.6371732019470073e-05,7.737728155916556e-05,0.0010007759556174278
19,sun3d-mit_76_studyroom-76-1studyroom2,0,8,3DLoMatch,mspki,float32,0,D2_post_context,0.0008722757920622826,3.234601899748668e-05,9.589009569026525e-05,0.03314509242773056
19,sun3d-mit_76_studyroom-76-1studyroom2,0,8,3DLoMatch,mspki,float32,0,final_RE,0.0006888318457640707,2.0063605916220695e-05,0.00014128749608062198,0.05900192633271217
19,sun3d-mit_76_studyroom-76-1studyroom2,0,8,3DLoMatch,mspki,float32,0,fine_RI,0.0007189039024524391,nan,nan,nan
19,sun3d-mit_76_studyroom-76-1studyroom2,0,8,3DLoMatch,mspki,float32,0,coarse_RI,6.059375300537795e-05,nan,nan,nan
19,sun3d-mit_76_studyroom-76-1studyroom2,0,8,3DLoMatch,mspki,float32,1,S2,6.04188498982694e-05,2.4654555090819485e-05,9.273353061871598e-05,0.001214305404573679
19,sun3d-mit_76_studyroom-76-1studyroom2,0,8,3DLoMatch,mspki,float32,1,S3,6.905164627823979e-05,3.7531386624323204e-05,0.0001276263530598952,0.001091851037926972
19,sun3d-mit_76_studyroom-76-1studyroom2,0,8,3DLoMatch,mspki,float32,1,S4_pre_context,5.4087708122096956e-05,3.642524097813293e-05,0.00010586175922071559,0.00021923030726611614
19,sun3d-mit_76_studyroom-76-1studyroom2,0,8,3DLoMatch,mspki,float32,1,S4_post_context,5.4087708122096956e-05,3.642524097813293e-05,0.00010586175922071559,0.00021923030726611614
19,sun3d-mit_76_studyroom-76-1studyroom2,0,8,3DLoMatch,mspki,float32,1,D3,4.66175697511062e-05,3.0459919798886403e-05,9.035698167281194e-05,0.0003638718044385314
19,sun3d-mit_76_studyroom-76-1studyroom2,0,8,3DLoMatch,mspki,float32,1,D2_pre_context,3.942026887671091e-05,2.26017291424796e-05,6.602404755540191e-05,0.0008036746876314282
19,sun3d-mit_76_studyroom-76-1studyroom2,0,8,3DLoMatch,mspki,float32,1,D2_post_context,0.0005988285411149263,2.7533162210602313e-05,9.231018048012628e-05,0.025251420214772224
19,sun3d-mit_76_studyroom-76-1studyroom2,0,8,3DLoMatch,mspki,float32,1,final_RE,0.0005799845675937831,1.707845694909338e-05,0.00011649540101643637,0.04279628396034241
19,sun3d-mit_76_studyroom-76-1studyroom2,0,8,3DLoMatch,mspki,float32,1,fine_RI,0.0004881326749455184,nan,nan,nan
19,sun3d-mit_76_studyroom-76-1studyroom2,0,8,3DLoMatch,mspki,float32,1,coarse_RI,4.947505658492446e-05,nan,nan,nan
19,sun3d-mit_76_studyroom-76-1studyroom2,0,8,3DLoMatch,mspki,float32,2,S2,7.947280391817912e-05,2.6055837224703282e-05,0.00010349216754548236,0.0035861136857420206
19,sun3d-mit_76_studyroom-76-1studyroom2,0,8,3DLoMatch,mspki,float32,2,S3,8.185625483747572e-05,3.7689900636905804e-05,0.00014458611549343896,0.0015249266289174557
19,sun3d-mit_76_studyroom-76-1studyroom2,0,8,3DLoMatch,mspki,float32,2,S4_pre_context,5.8407233154866844e-05,3.830592686426826e-05,0.00011442206596257162,0.0002863751142285764
19,sun3d-mit_76_studyroom-76-1studyroom2,0,8,3DLoMatch,mspki,float32,2,S4_post_context,5.8407233154866844e-05,3.830592686426826e-05,0.00011442206596257162,0.0002863751142285764
19,sun3d-mit_76_studyroom-76-1studyroom2,0,8,3DLoMatch,mspki,float32,2,D3,5.3763502364745364e-05,3.014058711414691e-05,9.627478430047617e-05,0.0007667210302315652
19,sun3d-mit_76_studyroom-76-1studyroom2,0,8,3DLoMatch,mspki,float32,2,D2_pre_context,5.2193117880960926e-05,2.29582583415322e-05,7.436431624228134e-05,0.00213441695086658
19,sun3d-mit_76_studyroom-76-1studyroom2,0,8,3DLoMatch,mspki,float32,2,D2_post_context,0.0005191114032641053,2.8111060601077043e-05,9.188312396872782e-05,0.028392937034368515
19,sun3d-mit_76_studyroom-76-1studyroom2,0,8,3DLoMatch,mspki,float32,2,final_RE,0.00039433056372217834,1.791903741832357e-05,0.00012662275985348963,0.028984423726797104
19,sun3d-mit_76_studyroom-76-1studyroom2,0,8,3DLoMatch,mspki,float32,2,fine_RI,0.0004391247930470854,nan,nan,nan
19,sun3d-mit_76_studyroom-76-1studyroom2,0,8,3DLoMatch,mspki,float32,2,coarse_RI,5.207286812947132e-05,nan,nan,nan
19,sun3d-mit_76_studyroom-76-1studyroom2,0,8,3DLoMatch,mspki,float32,3,S2,6.593260332010686e-05,2.5400446247658692e-05,9.997856395784764e-05,0.0016550089931115508
19,sun3d-mit_76_studyroom-76-1studyroom2,0,8,3DLoMatch,mspki,float32,3,S3,7.264316809596494e-05,4.0357594116358086e-05,0.00013241458509583018,0.0006346299778670073
19,sun3d-mit_76_studyroom-76-1studyroom2,0,8,3DLoMatch,mspki,float32,3,S4_pre_context,5.898388917557895e-05,4.3716001528082415e-05,0.00011188744829269125,0.00026926209102384746
19,sun3d-mit_76_studyroom-76-1studyroom2,0,8,3DLoMatch,mspki,float32,3,S4_post_context,5.898388917557895e-05,4.3716001528082415e-05,0.00011188744829269125,0.00026926209102384746
19,sun3d-mit_76_studyroom-76-1studyroom2,0,8,3DLoMatch,mspki,float32,3,D3,5.0740196456899866e-05,3.311822729301639e-05,9.382554999319831e-05,0.00032176991226151586
19,sun3d-mit_76_studyroom-76-1studyroom2,0,8,3DLoMatch,mspki,float32,3,D2_pre_context,4.353986514615826e-05,2.477260750310961e-05,7.31321793864481e-05,0.000968571228440851
19,sun3d-mit_76_studyroom-76-1studyroom2,0,8,3DLoMatch,mspki,float32,3,D2_post_context,0.0005341715877875686,3.1389299692818895e-05,9.188397525576871e-05,0.02807937189936638
19,sun3d-mit_76_studyroom-76-1studyroom2,0,8,3DLoMatch,mspki,float32,3,final_RE,0.00023124671133700758,1.9108714695903473e-05,0.00013032724382355807,0.012720237486064434
19,sun3d-mit_76_studyroom-76-1studyroom2,0,8,3DLoMatch,mspki,float32,3,fine_RI,0.0004393664712551981,nan,nan,nan
19,sun3d-mit_76_studyroom-76-1studyroom2,0,8,3DLoMatch,mspki,float32,3,coarse_RI,5.506596789928153e-05,nan,nan,nan
20,sun3d-mit_76_studyroom-76-1studyroom2,12,14,3DLoMatch,mspki,float32,0,S2,8.361084474017844e-05,2.8032567570335232e-05,0.00012821966520277784,0.002153231529518962
20,sun3d-mit_76_studyroom-76-1studyroom2,12,14,3DLoMatch,mspki,float32,0,S3,0.0001010325868264772,4.8399549996247515e-05,0.00018994455458596347,0.0012560308678075671
20,sun3d-mit_76_studyroom-76-1studyroom2,12,14,3DLoMatch,mspki,float32,0,S4_pre_context,8.720644109416753e-05,5.0704624300124124e-05,0.0001542929094284773,0.000488791149109602
20,sun3d-mit_76_studyroom-76-1studyroom2,12,14,3DLoMatch,mspki,float32,0,S4_post_context,8.720644109416753e-05,5.0704624300124124e-05,0.0001542929094284773,0.000488791149109602
20,sun3d-mit_76_studyroom-76-1studyroom2,12,14,3DLoMatch,mspki,float32,0,D3,7.739998545730487e-05,4.31883818237111e-05,0.00015071970701683313,0.00047663948498666286
20,sun3d-mit_76_studyroom-76-1studyroom2,12,14,3DLoMatch,mspki,float32,0,D2_pre_context,6.0960184782743454e-05,3.28229543811176e-05,0.00010799672127177473,0.001034955377690494
20,sun3d-mit_76_studyroom-76-1studyroom2,12,14,3DLoMatch,mspki,float32,0,D2_post_context,0.0012577944435179234,4.1818249883363023e-05,0.00014368159099831243,0.03695281222462654
20,sun3d-mit_76_studyroom-76-1studyroom2,12,14,3DLoMatch,mspki,float32,0,final_RE,0.0009421269060112536,3.446116897976026e-05,0.0002316537058504763,0.06577353924512863
20,sun3d-mit_76_studyroom-76-1studyroom2,12,14,3DLoMatch,mspki,float32,0,fine_RI,0.0010411569382995367,nan,nan,nan
20,sun3d-mit_76_studyroom-76-1studyroom2,12,14,3DLoMatch,mspki,float32,0,coarse_RI,0.00010921371722361073,nan,nan,nan
20,sun3d-mit_76_studyroom-76-1studyroom2,12,14,3DLoMatch,mspki,float32,1,S2,7.578468648716807e-05,2.584500180091709e-05,0.0001117436713684583,0.002065477892756462
20,sun3d-mit_76_studyroom-76-1studyroom2,12,14,3DLoMatch,mspki,float32,1,S3,0.00010119631042471156,4.5011183829046786e-05,0.0001780362450517713,0.0018724867841228843
20,sun3d-mit_76_studyroom-76-1studyroom2,12,14,3DLoMatch,mspki,float32,1,S4_pre_context,7.985829870449379e-05,4.814267231267877e-05,0.00015942480240482837,0.0003784958680626005
20,sun3d-mit_76_studyroom-76-1studyroom2,12,14,3DLoMatch,mspki,float32,1,S4_post_context,7.985829870449379e-05,4.814267231267877e-05,0.00015942480240482837,0.0003784958680626005
20,sun3d-mit_76_studyroom-76-1studyroom2,12,14,3DLoMatch,mspki,float32,1,D3,7.664382428629324e-05,4.066391920787282e-05,0.00014751302951481192,0.0006963679916225374
20,sun3d-mit_76_studyroom-76-1studyroom2,12,14,3DLoMatch,mspki,float32,1,D2_pre_context,5.8735557104228064e-05,3.111566184088588e-05,0.00011272117772023193,0.0007422033231705427
20,sun3d-mit_76_studyroom-76-1studyroom2,12,14,3DLoMatch,mspki,float32,1,D2_post_context,0.0016041656490415335,3.885980186169036e-05,0.00015683546444051897,0.05092671513557434
20,sun3d-mit_76_studyroom-76-1studyroom2,12,14,3DLoMatch,mspki,float32,1,final_RE,0.001528940279968083,3.304193160147406e-05,0.00025639017985668033,0.10186854749917984
20,sun3d-mit_76_studyroom-76-1studyroom2,12,14,3DLoMatch,mspki,float32,1,fine_RI,0.0012920579174533486,nan,nan,nan
20,sun3d-mit_76_studyroom-76-1studyroom2,12,14,3DLoMatch,mspki,float32,1,coarse_RI,0.00013833034608978778,nan,nan,nan
20,sun3d-mit_76_studyroom-76-1studyroom2,12,14,3DLoMatch,mspki,float32,2,S2,8.814389002509415e-05,2.6128876925213262e-05,0.00012021825241390614,0.0033558064606040716
20,sun3d-mit_76_studyroom-76-1studyroom2,12,14,3DLoMatch,mspki,float32,2,S3,9.94552974589169e-05,4.653484938899055e-05,0.00019956209871452302,0.0010397944133728743
20,sun3d-mit_76_studyroom-76-1studyroom2,12,14,3DLoMatch,mspki,float32,2,S4_pre_context,8.180861186701804e-05,5.0437491154298186e-05,0.0001600802643224597,0.0004064725071657449
20,sun3d-mit_76_studyroom-76-1studyroom2,12,14,3DLoMatch,mspki,float32,2,S4_post_context,8.180861186701804e-05,5.0437491154298186e-05,0.0001600802643224597,0.0004064725071657449
20,sun3d-mit_76_studyroom-76-1studyroom2,12,14,3DLoMatch,mspki,float32,2,D3,7.633249333593994e-05,4.1930990846594796e-05,0.000152188148786081,0.0005833278992213309
20,sun3d-mit_76_studyroom-76-1studyroom2,12,14,3DLoMatch,mspki,float32,2,D2_pre_context,6.11980285611935e-05,3.249743167543784e-05,0.00011245373752899468,0.0010527074337005615
20,sun3d-mit_76_studyroom-76-1studyroom2,12,14,3DLoMatch,mspki,float32,2,D2_post_context,0.001456939266063273,4.122849350096658e-05,0.00015021359140519053,0.042264342308044434
20,sun3d-mit_76_studyroom-76-1studyroom2,12,14,3DLoMatch,mspki,float32,2,final_RE,0.001132099307142198,3.345271397847682e-05,0.0002478808921296149,0.0706607922911644
20,sun3d-mit_76_studyroom-76-1studyroom2,12,14,3DLoMatch,mspki,float32,2,fine_RI,0.0012268379796296358,nan,nan,nan
20,sun3d-mit_76_studyroom-76-1studyroom2,12,14,3DLoMatch,mspki,float32,2,coarse_RI,0.00010990097507601604,nan,nan,nan
20,sun3d-mit_76_studyroom-76-1studyroom2,12,14,3DLoMatch,mspki,float32,3,S2,9.163698996417224e-05,2.642295294208452e-05,0.0001198948644741904,0.002575549529865384
20,sun3d-mit_76_studyroom-76-1studyroom2,12,14,3DLoMatch,mspki,float32,3,S3,0.00012546715151984245,4.6974237193353474e-05,0.0002079106459859758,0.0015158694004639983
20,sun3d-mit_76_studyroom-76-1studyroom2,12,14,3DLoMatch,mspki,float32,3,S4_pre_context,0.00012449048517737538,5.216664067120291e-05,0.00021714736067224294,0.0010397840524092317
20,sun3d-mit_76_studyroom-76-1studyroom2,12,14,3DLoMatch,mspki,float32,3,S4_post_context,0.00012449048517737538,5.216664067120291e-05,0.00021714736067224294,0.0010397840524092317
20,sun3d-mit_76_studyroom-76-1studyroom2,12,14,3DLoMatch,mspki,float32,3,D3,9.886347106657922e-05,4.4681895815301687e-05,0.00018576914080767882,0.0009073885739780962
20,sun3d-mit_76_studyroom-76-1studyroom2,12,14,3DLoMatch,mspki,float32,3,D2_pre_context,7.303010352188721e-05,3.4378841519355774e-05,0.00013593488693004472,0.0010299414861947298
20,sun3d-mit_76_studyroom-76-1studyroom2,12,14,3DLoMatch,mspki,float32,3,D2_post_context,0.0015146922087296844,4.55152548965998e-05,0.0001996611666982062,0.0499119758605957
20,sun3d-mit_76_studyroom-76-1studyroom2,12,14,3DLoMatch,mspki,float32,3,final_RE,0.0010073129087686539,3.7258676456985995e-05,0.00028890374233014876,0.06676481664180756
20,sun3d-mit_76_studyroom-76-1studyroom2,12,14,3DLoMatch,mspki,float32,3,fine_RI,0.0012343089329078794,nan,nan,nan
20,sun3d-mit_76_studyroom-76-1studyroom2,12,14,3DLoMatch,mspki,float32,3,coarse_RI,0.0002521228161640465,nan,nan,nan
21,sun3d-mit_76_studyroom-76-1studyroom2,24,65,3DLoMatch,mspki,float32,0,S2,0.00010842143092304468,2.705794213397894e-05,0.00011736910091713059,0.006156746298074722
21,sun3d-mit_76_studyroom-76-1studyroom2,24,65,3DLoMatch,mspki,float32,0,S3,0.00011892506154254079,4.404804349178448e-05,0.00018593599670566616,0.002059044549241662
21,sun3d-mit_76_studyroom-76-1studyroom2,24,65,3DLoMatch,mspki,float32,0,S4_pre_context,0.00010163630940951407,4.687409455073066e-05,0.00018514960538595912,0.0008695305441506207
21,sun3d-mit_76_studyroom-76-1studyroom2,24,65,3DLoMatch,mspki,float32,0,S4_post_context,0.00010163630940951407,4.687409455073066e-05,0.00018514960538595912,0.0008695305441506207
21,sun3d-mit_76_studyroom-76-1studyroom2,24,65,3DLoMatch,mspki,float32,0,D3,8.659939339850098e-05,3.825692692771554e-05,0.0001712973164103459,0.0010260749841108918
21,sun3d-mit_76_studyroom-76-1studyroom2,24,65,3DLoMatch,mspki,float32,0,D2_pre_context,7.335691771004349e-05,2.8886395739391446e-05,0.00012154154974268735,0.0029958700761198997
21,sun3d-mit_76_studyroom-76-1studyroom2,24,65,3DLoMatch,mspki,float32,0,D2_post_context,0.0007513560121878982,3.340492912684567e-05,0.0001585121965035796,0.043330006301403046
21,sun3d-mit_76_studyroom-76-1studyroom2,24,65,3DLoMatch,mspki,float32,0,final_RE,0.0006431570509448647,2.0267469153623097e-05,0.00020776760065928097,0.09199760109186172
21,sun3d-mit_76_studyroom-76-1studyroom2,24,65,3DLoMatch,mspki,float32,0,fine_RI,0.0006332226330414414,nan,nan,nan
21,sun3d-mit_76_studyroom-76-1studyroom2,24,65,3DLoMatch,mspki,float32,0,coarse_RI,9.896865958580747e-05,nan,nan,nan
21,sun3d-mit_76_studyroom-76-1studyroom2,24,65,3DLoMatch,mspki,float32,1,S2,0.00012191346468171105,2.592738383100368e-05,0.0001103512142435646,0.009655662812292576
21,sun3d-mit_76_studyroom-76-1studyroom2,24,65,3DLoMatch,mspki,float32,1,S3,0.00011543630535015836,4.3578489567153156e-05,0.00017238937361980773,0.002368707675486803
21,sun3d-mit_76_studyroom-76-1studyroom2,24,65,3DLoMatch,mspki,float32,1,S4_pre_context,0.00010102531086886302,4.353841723059304e-05,0.00020165931491646904,0.0009126196964643896
21,sun3d-mit_76_studyroom-76-1studyroom2,24,65,3DLoMatch,mspki,float32,1,S4_post_context,0.00010102531086886302,4.353841723059304e-05,0.00020165931491646904,0.0009126196964643896
21,sun3d-mit_76_studyroom-76-1studyroom2,24,65,3DLoMatch,mspki,float32,1,D3,8.601771696703508e-05,3.5529868910089135e-05,0.00016858361559570747,0.0009368362952955067
21,sun3d-mit_76_studyroom-76-1studyroom2,24,65,3DLoMatch,mspki,float32,1,D2_pre_context,7.253415242303163e-05,2.6347370294388384e-05,0.00012254525208845734,0.003395139705389738
21,sun3d-mit_76_studyroom-76-1studyroom2,24,65,3DLoMatch,mspki,float32,1,D2_post_context,0.0006523673655465245,3.0438302928814664e-05,0.0001605133991688489,0.03570736572146416
21,sun3d-mit_76_studyroom-76-1studyroom2,24,65,3DLoMatch,mspki,float32,1,final_RE,0.00041035341564565897,1.9082384824287146e-05,0.00019857604347635016,0.03654509782791138
21,sun3d-mit_76_studyroom-76-1studyroom2,24,65,3DLoMatch,mspki,float32,1,fine_RI,0.0005443614791147411,nan,nan,nan
21,sun3d-mit_76_studyroom-76-1studyroom2,24,65,3DLoMatch,mspki,float32,1,coarse_RI,0.00011632553650997579,nan,nan,nan
21,sun3d-mit_76_studyroom-76-1studyroom2,24,65,3DLoMatch,mspki,float32,2,S2,0.00010368321090936661,2.6741265173768625e-05,0.00012092773540643971,0.0063181547448039055
21,sun3d-mit_76_studyroom-76-1studyroom2,24,65,3DLoMatch,mspki,float32,2,S3,0.0001412975980201736,4.404840001370758e-05,0.00020866348131676202,0.0039808060973882675
21,sun3d-mit_76_studyroom-76-1studyroom2,24,65,3DLoMatch,mspki,float32,2,S4_pre_context,9.76325900410302e-05,4.442268254933879e-05,0.00021637586542055934,0.0005438871448859572
21,sun3d-mit_76_studyroom-76-1studyroom2,24,65,3DLoMatch,mspki,float32,2,S4_post_context,9.76325900410302e-05,4.442268254933879e-05,0.00021637586542055934,0.0005438871448859572
21,sun3d-mit_76_studyroom-76-1studyroom2,24,65,3DLoMatch,mspki,float32,2,D3,9.46405780268833e-05,3.7212179449852556e-05,0.000184799786802614,0.0014627942582592368
21,sun3d-mit_76_studyroom-76-1studyroom2,24,65,3DLoMatch,mspki,float32,2,D2_pre_context,7.576318603241816e-05,2.740991476457566e-05,0.00012848284968640651,0.002986117033287883
21,sun3d-mit_76_studyroom-76-1studyroom2,24,65,3DLoMatch,mspki,float32,2,D2_post_context,0.0007811220712028444,3.250014196964912e-05,0.00015819876280147578,0.04333838075399399
21,sun3d-mit_76_studyroom-76-1studyroom2,24,65,3DLoMatch,mspki,float32,2,final_RE,0.0006561585469171405,1.952122875081841e-05,0.00025348960771225386,0.09212428331375122
21,sun3d-mit_76_studyroom-76-1studyroom2,24,65,3DLoMatch,mspki,float32,2,fine_RI,0.0006471071392297745,nan,nan,nan
21,sun3d-mit_76_studyroom-76-1studyroom2,24,65,3DLoMatch,mspki,float32,2,coarse_RI,0.00010549269063631073,nan,nan,nan
21,sun3d-mit_76_studyroom-76-1studyroom2,24,65,3DLoMatch,mspki,float32,3,S2,0.0002465527504682541,2.621825478854589e-05,0.00012996205769013607,0.018121574074029922
21,sun3d-mit_76_studyroom-76-1studyroom2,24,65,3DLoMatch,mspki,float32,3,S3,0.00024041064898483455,4.584322959999554e-05,0.000283391300763468,0.007649837527424097
21,sun3d-mit_76_studyroom-76-1studyroom2,24,65,3DLoMatch,mspki,float32,3,S4_pre_context,0.00016002879419829696,4.772967076860368e-05,0.00035506402637111014,0.0010081272339448333
21,sun3d-mit_76_studyroom-76-1studyroom2,24,65,3DLoMatch,mspki,float32,3,S4_post_context,0.00016002879419829696,4.772967076860368e-05,0.00035506402637111014,0.0010081272339448333
21,sun3d-mit_76_studyroom-76-1studyroom2,24,65,3DLoMatch,mspki,float32,3,D3,0.0001531566958874464,3.99495693272911e-05,0.00027635852020466606,0.0027761992532759905
21,sun3d-mit_76_studyroom-76-1studyroom2,24,65,3DLoMatch,mspki,float32,3,D2_pre_context,0.00013900121848564595,2.997105912072584e-05,0.0001965007773833349,0.006410200614482164
21,sun3d-mit_76_studyroom-76-1studyroom2,24,65,3DLoMatch,mspki,float32,3,D2_post_context,0.0008428595610894263,3.4456719731679186e-05,0.00025609620497561974,0.043291859328746796
21,sun3d-mit_76_studyroom-76-1studyroom2,24,65,3DLoMatch,mspki,float32,3,final_RE,0.0010477995965629816,2.2230655304156244e-05,0.00037008182844147083,0.16211490333080292
21,sun3d-mit_76_studyroom-76-1studyroom2,24,65,3DLoMatch,mspki,float32,3,fine_RI,0.0006747121806256473,nan,nan,nan
21,sun3d-mit_76_studyroom-76-1studyroom2,24,65,3DLoMatch,mspki,float32,3,coarse_RI,0.00019711120694410056,nan,nan,nan
22,sun3d-mit_76_studyroom-76-1studyroom2,58,62,3DLoMatch,mspki,float32,0,S2,8.764572703512385e-05,3.0123081160127185e-05,0.0001273418733035214,0.0027305055409669876
22,sun3d-mit_76_studyroom-76-1studyroom2,58,62,3DLoMatch,mspki,float32,0,S3,0.00011771533900173381,4.8521949793212116e-05,0.0002170321167795919,0.0027509676292538643
22,sun3d-mit_76_studyroom-76-1studyroom2,58,62,3DLoMatch,mspki,float32,0,S4_pre_context,9.61401965469122e-05,4.8625450290273875e-05,0.00019094511517323546,0.00063619005959481
22,sun3d-mit_76_studyroom-76-1studyroom2,58,62,3DLoMatch,mspki,float32,0,S4_post_context,9.61401965469122e-05,4.8625450290273875e-05,0.00019094511517323546,0.00063619005959481
22,sun3d-mit_76_studyroom-76-1studyroom2,58,62,3DLoMatch,mspki,float32,0,D3,8.930366311687976e-05,3.680749796330929e-05,0.0001646781383897178,0.0014139123959466815
22,sun3d-mit_76_studyroom-76-1studyroom2,58,62,3DLoMatch,mspki,float32,0,D2_pre_context,6.381441198755056e-05,2.567067349446006e-05,0.00011001502498402256,0.0023378801997750998
22,sun3d-mit_76_studyroom-76-1studyroom2,58,62,3DLoMatch,mspki,float32,0,D2_post_context,0.0009888176573440433,2.8384998586261645e-05,0.00014114150690147648,0.045846596360206604
22,sun3d-mit_76_studyroom-76-1studyroom2,58,62,3DLoMatch,mspki,float32,0,final_RE,0.0008056547376327217,1.5364999853773043e-05,0.0001620536306290887,0.07023962587118149
22,sun3d-mit_76_studyroom-76-1studyroom2,58,62,3DLoMatch,mspki,float32,0,fine_RI,0.0008066141745075583,nan,nan,nan
22,sun3d-mit_76_studyroom-76-1studyroom2,58,62,3DLoMatch,mspki,float32,0,coarse_RI,8.713718125363812e-05,nan,nan,nan
22,sun3d-mit_76_studyroom-76-1studyroom2,58,62,3DLoMatch,mspki,float32,1,S2,9.975196007872e-05,2.985005994560197e-05,0.00013422779302345577,0.004566533025354147
22,sun3d-mit_76_studyroom-76-1studyroom2,58,62,3DLoMatch,mspki,float32,1,S3,0.00011793362500611693,4.9486632633488625e-05,0.00019669930770760402,0.0027534104883670807
22,sun3d-mit_76_studyroom-76-1studyroom2,58,62,3DLoMatch,mspki,float32,1,S4_pre_context,9.010593203129247e-05,4.852915299125016e-05,0.0001624656724743544,0.0006910808151587844
22,sun3d-mit_76_studyroom-76-1studyroom2,58,62,3DLoMatch,mspki,float32,1,S4_post_context,9.010593203129247e-05,4.852915299125016e-05,0.0001624656724743544,0.0006910808151587844
22,sun3d-mit_76_studyroom-76-1studyroom2,58,62,3DLoMatch,mspki,float32,1,D3,8.721421909285709e-05,3.782091152970679e-05,0.0001334486332780216,0.001603278098627925
22,sun3d-mit_76_studyroom-76-1studyroom2,58,62,3DLoMatch,mspki,float32,1,D2_pre_context,6.322671106318012e-05,2.6692299798014574e-05,8.88499678694643e-05,0.0020027398131787777
22,sun3d-mit_76_studyroom-76-1studyroom2,58,62,3DLoMatch,mspki,float32,1,D2_post_context,0.0007482250803150237,3.0074050300754607e-05,0.00010653137360350225,0.03727314621210098
22,sun3d-mit_76_studyroom-76-1studyroom2,58,62,3DLoMatch,mspki,float32,1,final_RE,0.0007525847177021205,1.6455858713015914e-05,0.00013362643803702668,0.0702674388885498
22,sun3d-mit_76_studyroom-76-1studyroom2,58,62,3DLoMatch,mspki,float32,1,fine_RI,0.0006014843820594251,nan,nan,nan
22,sun3d-mit_76_studyroom-76-1studyroom2,58,62,3DLoMatch,mspki,float32,1,coarse_RI,8.077064558165148e-05,nan,nan,nan
22,sun3d-mit_76_studyroom-76-1studyroom2,58,62,3DLoMatch,mspki,float32,2,S2,8.042618719628081e-05,3.0180639441823587e-05,0.00012337052903603759,0.0016962570371106267
22,sun3d-mit_76_studyroom-76-1studyroom2,58,62,3DLoMatch,mspki,float32,2,S3,9.305615094490349e-05,4.801774775842205e-05,0.0001772828763932921,0.0012131388066336513
22,sun3d-mit_76_studyroom-76-1studyroom2,58,62,3DLoMatch,mspki,float32,2,S4_pre_context,7.882547652116045e-05,4.61765012005344e-05,0.00014471467366092836,0.0008452323963865638
22,sun3d-mit_76_studyroom-76-1studyroom2,58,62,3DLoMatch,mspki,float32,2,S4_post_context,7.882547652116045e-05,4.61765012005344e-05,0.00014471467366092836,0.0008452323963865638
22,sun3d-mit_76_studyroom-76-1studyroom2,58,62,3DLoMatch,mspki,float32,2,D3,7.398545858450234e-05,3.649751306511462e-05,0.00012476810297812335,0.0017968525644391775
22,sun3d-mit_76_studyroom-76-1studyroom2,58,62,3DLoMatch,mspki,float32,2,D2_pre_context,5.3846120863454416e-05,2.5557925255270675e-05,8.444348277407695e-05,0.0018060726579278708
22,sun3d-mit_76_studyroom-76-1studyroom2,58,62,3DLoMatch,mspki,float32,2,D2_post_context,0.0006917089340277016,2.8561184080899693e-05,0.00010432866038172502,0.04584817960858345
22,sun3d-mit_76_studyroom-76-1studyroom2,58,62,3DLoMatch,mspki,float32,2,final_RE,0.00037927922676317394,1.605455508979503e-05,0.0001189527472888585,0.027758289128541946
22,sun3d-mit_76_studyroom-76-1studyroom2,58,62,3DLoMatch,mspki,float32,2,fine_RI,0.0005813073366880417,nan,nan,nan
22,sun3d-mit_76_studyroom-76-1studyroom2,58,62,3DLoMatch,mspki,float32,2,coarse_RI,6.989564280956984e-05,nan,nan,nan
22,sun3d-mit_76_studyroom-76-1studyroom2,58,62,3DLoMatch,mspki,float32,3,S2,9.587535896571353e-05,3.055600609513931e-05,0.00013195800274843348,0.004252984654158354
22,sun3d-mit_76_studyroom-76-1studyroom2,58,62,3DLoMatch,mspki,float32,3,S3,9.330996545031667e-05,4.862115019932389e-05,0.00017772834326024167,0.0008688190719112754
22,sun3d-mit_76_studyroom-76-1studyroom2,58,62,3DLoMatch,mspki,float32,3,S4_pre_context,8.343577792402357e-05,4.631769479601644e-05,0.00014209676664904687,0.0009603960788808763
22,sun3d-mit_76_studyroom-76-1studyroom2,58,62,3DLoMatch,mspki,float32,3,S4_post_context,8.343577792402357e-05,4.631769479601644e-05,0.00014209676664904687,0.0009603960788808763
22,sun3d-mit_76_studyroom-76-1studyroom2,58,62,3DLoMatch,mspki,float32,3,D3,6.690929149044678e-05,3.6462428397499025e-05,0.0001221946549776476,0.0007936644251458347
22,sun3d-mit_76_studyroom-76-1studyroom2,58,62,3DLoMatch,mspki,float32,3,D2_pre_context,5.574520764639601e-05,2.567955743870698e-05,8.709862668183628e-05,0.0021273784805089235
22,sun3d-mit_76_studyroom-76-1studyroom2,58,62,3DLoMatch,mspki,float32,3,D2_post_context,0.0007271171198226511,2.9186190658947453e-05,9.325785213150082e-05,0.032495126128196716
22,sun3d-mit_76_studyroom-76-1studyroom2,58,62,3DLoMatch,mspki,float32,3,final_RE,0.000725256628356874,1.7393836969858967e-05,0.00010542807140154763,0.07027243077754974
22,sun3d-mit_76_studyroom-76-1studyroom2,58,62,3DLoMatch,mspki,float32,3,fine_RI,0.0005949785117991269,nan,nan,nan
22,sun3d-mit_76_studyroom-76-1studyroom2,58,62,3DLoMatch,mspki,float32,3,coarse_RI,7.594077032990754e-05,nan,nan,nan
23,sun3d-mit_lab_hj-lab_hj_tea_nov_2_2012_scan1_erika,31,35,3DLoMatch,mspki,float32,0,S2,7.505134999519214e-05,2.3841304937377572e-05,0.00011289593385299668,0.0022730680648237467
23,sun3d-mit_lab_hj-lab_hj_tea_nov_2_2012_scan1_erika,31,35,3DLoMatch,mspki,float32,0,S3,7.609420572407544e-05,3.827509863185696e-05,0.0001425527792889626,0.0013823870103806257
23,sun3d-mit_lab_hj-lab_hj_tea_nov_2_2012_scan1_erika,31,35,3DLoMatch,mspki,float32,0,S4_pre_context,5.755150050390512e-05,4.0525192162021995e-05,0.00010657173988874983,0.0002471378247719258
23,sun3d-mit_lab_hj-lab_hj_tea_nov_2_2012_scan1_erika,31,35,3DLoMatch,mspki,float32,0,S4_post_context,5.755150050390512e-05,4.0525192162021995e-05,0.00010657173988874983,0.0002471378247719258
23,sun3d-mit_lab_hj-lab_hj_tea_nov_2_2012_scan1_erika,31,35,3DLoMatch,mspki,float32,0,D3,5.122074799146503e-05,3.28089008689858e-05,9.496304119238631e-05,0.0006580603658221662
23,sun3d-mit_lab_hj-lab_hj_tea_nov_2_2012_scan1_erika,31,35,3DLoMatch,mspki,float32,0,D2_pre_context,4.78531037515495e-05,2.3992555725271814e-05,7.821923281881027e-05,0.0014159531565383077
23,sun3d-mit_lab_hj-lab_hj_tea_nov_2_2012_scan1_erika,31,35,3DLoMatch,mspki,float32,0,D2_post_context,0.0009300798992626369,2.9542294214479625e-05,9.554931966704316e-05,0.06845619529485703
23,sun3d-mit_lab_hj-lab_hj_tea_nov_2_2012_scan1_erika,31,35,3DLoMatch,mspki,float32,0,final_RE,0.00035948085132986307,1.5491128579014912e-05,0.0001019821829686407,0.030426159501075745
23,sun3d-mit_lab_hj-lab_hj_tea_nov_2_2012_scan1_erika,31,35,3DLoMatch,mspki,float32,0,fine_RI,0.0007869226392358541,nan,nan,nan
23,sun3d-mit_lab_hj-lab_hj_tea_nov_2_2012_scan1_erika,31,35,3DLoMatch,mspki,float32,0,coarse_RI,6.115520955063403e-05,nan,nan,nan
23,sun3d-mit_lab_hj-lab_hj_tea_nov_2_2012_scan1_erika,31,35,3DLoMatch,mspki,float32,1,S2,9.197793406201527e-05,2.3864546164986677e-05,0.00011877372890012339,0.0037192178424447775
23,sun3d-mit_lab_hj-lab_hj_tea_nov_2_2012_scan1_erika,31,35,3DLoMatch,mspki,float32,1,S3,0.00010940164065686986,4.011476630694233e-05,0.0001740128966048361,0.0017809619894251227
23,sun3d-mit_lab_hj-lab_hj_tea_nov_2_2012_scan1_erika,31,35,3DLoMatch,mspki,float32,1,S4_pre_context,8.835743210511282e-05,4.397430893732235e-05,0.00015886788678471923,0.0008315835148096085
23,sun3d-mit_lab_hj-lab_hj_tea_nov_2_2012_scan1_erika,31,35,3DLoMatch,mspki,float32,1,S4_post_context,8.835743210511282e-05,4.397430893732235e-05,0.00015886788678471923,0.0008315835148096085
23,sun3d-mit_lab_hj-lab_hj_tea_nov_2_2012_scan1_erika,31,35,3DLoMatch,mspki,float32,1,D3,7.732058293186128e-05,3.605816891649738e-05,0.00013427908415906137,0.0009387673926539719
23,sun3d-mit_lab_hj-lab_hj_tea_nov_2_2012_scan1_erika,31,35,3DLoMatch,mspki,float32,1,D2_pre_context,6.693356408504769e-05,2.6581063139019534e-05,0.00010433740317239426,0.0022846097126603127
23,sun3d-mit_lab_hj-lab_hj_tea_nov_2_2012_scan1_erika,31,35,3DLoMatch,mspki,float32,1,D2_post_context,0.0011343220248818398,3.258294236729853e-05,0.0001383326598443091,0.06845766305923462
23,sun3d-mit_lab_hj-lab_hj_tea_nov_2_2012_scan1_erika,31,35,3DLoMatch,mspki,float32,1,final_RE,0.0004951242008246481,1.7171350918943062e-05,0.00014969658514019102,0.03055429831147194
23,sun3d-mit_lab_hj-lab_hj_tea_nov_2_2012_scan1_erika,31,35,3DLoMatch,mspki,float32,1,fine_RI,0.0009529978851787746,nan,nan,nan
23,sun3d-mit_lab_hj-lab_hj_tea_nov_2_2012_scan1_erika,31,35,3DLoMatch,mspki,float32,1,coarse_RI,0.00011832921882160008,nan,nan,nan
23,sun3d-mit_lab_hj-lab_hj_tea_nov_2_2012_scan1_erika,31,35,3DLoMatch,mspki,float32,2,S2,0.00011634719703579322,2.457449045323301e-05,0.00011524204091983847,0.0069575682282447815
23,sun3d-mit_lab_hj-lab_hj_tea_nov_2_2012_scan1_erika,31,35,3DLoMatch,mspki,float32,2,S3,0.00013830279931426048,4.003594949608669e-05,0.00017143875884357844,0.0024382718838751316
23,sun3d-mit_lab_hj-lab_hj_tea_nov_2_2012_scan1_erika,31,35,3DLoMatch,mspki,float32,2,S4_pre_context,0.0001200749829877168,4.505486140260473e-05,0.00015327654182328832,0.0015770748723298311
23,sun3d-mit_lab_hj-lab_hj_tea_nov_2_2012_scan1_erika,31,35,3DLoMatch,mspki,float32,2,S4_post_context,0.0001200749829877168,4.505486140260473e-05,0.00015327654182328832,0.0015770748723298311
23,sun3d-mit_lab_hj-lab_hj_tea_nov_2_2012_scan1_erika,31,35,3DLoMatch,mspki,float32,2,D3,0.0001048640624503605,3.530498725012876e-05,0.00013827646325808025,0.0017829721327871084
23,sun3d-mit_lab_hj-lab_hj_tea_nov_2_2012_scan1_erika,31,35,3DLoMatch,mspki,float32,2,D2_pre_context,8.3774262748193e-05,2.617654718051199e-05,0.00011478658052510582,0.002232406986877322
23,sun3d-mit_lab_hj-lab_hj_tea_nov_2_2012_scan1_erika,31,35,3DLoMatch,mspki,float32,2,D2_post_context,0.0010613318299874663,3.1917294109007344e-05,0.00015034119132906199,0.07212003320455551
23,sun3d-mit_lab_hj-lab_hj_tea_nov_2_2012_scan1_erika,31,35,3DLoMatch,mspki,float32,2,final_RE,0.0005460791871882975,1.7797994587454014e-05,0.00014060633111512288,0.05072051286697388
23,sun3d-mit_lab_hj-lab_hj_tea_nov_2_2012_scan1_erika,31,35,3DLoMatch,mspki,float32,2,fine_RI,0.0008909967727959156,nan,nan,nan
23,sun3d-mit_lab_hj-lab_hj_tea_nov_2_2012_scan1_erika,31,35,3DLoMatch,mspki,float32,2,coarse_RI,0.00012870381760876626,nan,nan,nan
23,sun3d-mit_lab_hj-lab_hj_tea_nov_2_2012_scan1_erika,31,35,3DLoMatch,mspki,float32,3,S2,0.0001378427114104852,2.6138297471334226e-05,0.00012271173181943595,0.008889958262443542
23,sun3d-mit_lab_hj-lab_hj_tea_nov_2_2012_scan1_erika,31,35,3DLoMatch,mspki,float32,3,S3,0.00016668684838805348,4.365796485217288e-05,0.00015608224784955386,0.003475372213870287
23,sun3d-mit_lab_hj-lab_hj_tea_nov_2_2012_scan1_erika,31,35,3DLoMatch,mspki,float32,3,S4_pre_context,0.00015169136167969555,4.683021325035952e-05,0.00017125106023740898,0.0022287857718765736
23,sun3d-mit_lab_hj-lab_hj_tea_nov_2_2012_scan1_erika,31,35,3DLoMatch,mspki,float32,3,S4_post_context,0.00015169136167969555,4.683021325035952e-05,0.00017125106023740898,0.0022287857718765736
23,sun3d-mit_lab_hj-lab_hj_tea_nov_2_2012_scan1_erika,31,35,3DLoMatch,mspki,float32,3,D3,0.0001319667062489316,3.714010017574765e-05,0.0001454014010960237,0.002576012397184968
23,sun3d-mit_lab_hj-lab_hj_tea_nov_2_2012_scan1_erika,31,35,3DLoMatch,mspki,float32,3,D2_pre_context,0.0001033833614201285,2.739092815318145e-05,0.0001198761019622907,0.0029407746624201536
23,sun3d-mit_lab_hj-lab_hj_tea_nov_2_2012_scan1_erika,31,35,3DLoMatch,mspki,float32,3,D2_post_context,0.0007091188454069197,3.296909198979847e-05,0.00016060968482634053,0.04173837602138519
23,sun3d-mit_lab_hj-lab_hj_tea_nov_2_2012_scan1_erika,31,35,3DLoMatch,mspki,float32,3,final_RE,0.0002827777643688023,1.7876200217870064e-05,0.00015595419972669333,0.016923625022172928
23,sun3d-mit_lab_hj-lab_hj_tea_nov_2_2012_scan1_erika,31,35,3DLoMatch,mspki,float32,3,fine_RI,0.0005954031948931515,nan,nan,nan
23,sun3d-mit_lab_hj-lab_hj_tea_nov_2_2012_scan1_erika,31,35,3DLoMatch,mspki,float32,3,coarse_RI,0.00015966159116942436,nan,nan,nan
0,7-scenes-redkitchen,0,7,3DLoMatch,mspki,float64,0,S2,9.74097868777894e-14,3.053471661523806e-14,1.4041677354444243e-13,4.15780143255436e-12
0,7-scenes-redkitchen,0,7,3DLoMatch,mspki,float64,0,S3,1.284231944548411e-13,4.765555501636894e-14,1.8257296425054613e-13,4.02099686291655e-12
0,7-scenes-redkitchen,0,7,3DLoMatch,mspki,float64,0,S4_pre_context,8.835092821448727e-14,5.1617155393576577e-14,1.5846217128326678e-13,6.504337994247521e-13
0,7-scenes-redkitchen,0,7,3DLoMatch,mspki,float64,0,S4_post_context,8.835092821448727e-14,5.1617155393576577e-14,1.5846217128326678e-13,6.504337994247521e-13
0,7-scenes-redkitchen,0,7,3DLoMatch,mspki,float64,0,D3,8.202553529932947e-14,4.255368810286609e-14,1.35251338696905e-13,1.5740691581752624e-12
0,7-scenes-redkitchen,0,7,3DLoMatch,mspki,float64,0,D2_pre_context,6.675413999706903e-14,3.1618558208373496e-14,1.0754600388638874e-13,1.5766326303846312e-12
0,7-scenes-redkitchen,0,7,3DLoMatch,mspki,float64,0,D2_post_context,0.000394990450272129,3.770780907730951e-14,1.3047865612964166e-13,0.020864219754155783
0,7-scenes-redkitchen,0,7,3DLoMatch,mspki,float64,0,final_RE,0.00022536435417604231,1.9770960849776086e-14,1.3622303191547004e-13,0.022587004630956094
0,7-scenes-redkitchen,0,7,3DLoMatch,mspki,float64,0,fine_RI,0.0003378808566309652,nan,nan,nan
0,7-scenes-redkitchen,0,7,3DLoMatch,mspki,float64,0,coarse_RI,8.395155793866537e-14,nan,nan,nan
0,7-scenes-redkitchen,0,7,3DLoMatch,mspki,float64,1,S2,9.770134698269654e-14,3.0695782201676866e-14,1.5621645650722314e-13,2.888359435020103e-12
0,7-scenes-redkitchen,0,7,3DLoMatch,mspki,float64,1,S3,1.185942838962655e-13,4.959586777779576e-14,2.1019022734691755e-13,2.6433350013767297e-12
0,7-scenes-redkitchen,0,7,3DLoMatch,mspki,float64,1,S4_pre_context,9.82021942021284e-14,5.891411728918071e-14,1.8683686157286715e-13,6.261908828413543e-13
0,7-scenes-redkitchen,0,7,3DLoMatch,mspki,float64,1,S4_post_context,9.82021942021284e-14,5.891411728918071e-14,1.8683686157286715e-13,6.261908828413543e-13
0,7-scenes-redkitchen,0,7,3DLoMatch,mspki,float64,1,D3,8.486023925272111e-14,4.7634149846298006e-14,1.648794721115366e-13,1.0364447198347029e-12
0,7-scenes-redkitchen,0,7,3DLoMatch,mspki,float64,1,D2_pre_context,7.45335316131231e-14,3.54302108220393e-14,1.2586627388669766e-13,3.0835126650586607e-12
0,7-scenes-redkitchen,0,7,3DLoMatch,mspki,float64,1,D2_post_context,0.0007173479134018592,4.3847071087412725e-14,1.515408992643857e-13,0.04315132148506946
0,7-scenes-redkitchen,0,7,3DLoMatch,mspki,float64,1,final_RE,0.0003819365473694069,2.341940662394728e-14,1.439735447419465e-13,0.03544851208779919
0,7-scenes-redkitchen,0,7,3DLoMatch,mspki,float64,1,fine_RI,0.0006043185478912939,nan,nan,nan
0,7-scenes-redkitchen,0,7,3DLoMatch,mspki,float64,1,coarse_RI,1.0882503598391608e-13,nan,nan,nan
0,7-scenes-redkitchen,0,7,3DLoMatch,mspki,float64,2,S2,1.5128937293695152e-13,3.148019910993002e-14,1.4471244480630595e-13,1.0149515849673729e-11
0,7-scenes-redkitchen,0,7,3DLoMatch,mspki,float64,2,S3,2.6005677981527614e-13,4.9403463614951253e-14,2.2193136382100602e-13,9.746130824544332e-12
0,7-scenes-redkitchen,0,7,3DLoMatch,mspki,float64,2,S4_pre_context,1.6297162044003234e-13,5.4074409001733246e-14,2.951364609647906e-13,1.5570490935420869e-12
0,7-scenes-redkitchen,0,7,3DLoMatch,mspki,float64,2,S4_post_context,1.6297162044003234e-13,5.4074409001733246e-14,2.951364609647906e-13,1.5570490935420869e-12
0,7-scenes-redkitchen,0,7,3DLoMatch,mspki,float64,2,D3,1.6022450441781342e-13,4.554521660678499e-14,2.2839819228359606e-13,3.8569169945687975e-12
0,7-scenes-redkitchen,0,7,3DLoMatch,mspki,float64,2,D2_pre_context,1.1544013322978517e-13,3.481085688221611e-14,1.6818114410683034e-13,3.5745694230322188e-12
0,7-scenes-redkitchen,0,7,3DLoMatch,mspki,float64,2,D2_post_context,0.000451324917337803,4.17481853190475e-14,2.313311928943575e-13,0.03046696248666533
0,7-scenes-redkitchen,0,7,3DLoMatch,mspki,float64,2,final_RE,0.00014324000382093453,2.3493126974010887e-14,2.1993491623157877e-13,0.01123838172127944
0,7-scenes-redkitchen,0,7,3DLoMatch,mspki,float64,2,fine_RI,0.0003962454789516922,nan,nan,nan
0,7-scenes-redkitchen,0,7,3DLoMatch,mspki,float64,2,coarse_RI,1.5682143359422567e-13,nan,nan,nan
0,7-scenes-redkitchen,0,7,3DLoMatch,mspki,float64,3,S2,1.0131796551903554e-13,3.102389255582657e-14,1.4532932178784855e-13,3.786019765877831e-12
0,7-scenes-redkitchen,0,7,3DLoMatch,mspki,float64,3,S3,1.344452406527512e-13,4.8914635897443136e-14,1.96564243598628e-13,3.736154429256743e-12
0,7-scenes-redkitchen,0,7,3DLoMatch,mspki,float64,3,S4_pre_context,9.25193345687253e-14,5.584903602008243e-14,1.7015797859329176e-13,5.903505610756719e-13
0,7-scenes-redkitchen,0,7,3DLoMatch,mspki,float64,3,S4_post_context,9.25193345687253e-14,5.584903602008243e-14,1.7015797859329176e-13,5.903505610756719e-13
0,7-scenes-redkitchen,0,7,3DLoMatch,mspki,float64,3,D3,8.659347253945301e-14,4.4424845184643415e-14,1.4774745503583798e-13,1.4430267135575814e-12
0,7-scenes-redkitchen,0,7,3DLoMatch,mspki,float64,3,D2_pre_context,7.100230688595961e-14,3.3405699333698416e-14,1.1734782743356075e-13,1.4716242794776928e-12
0,7-scenes-redkitchen,0,7,3DLoMatch,mspki,float64,3,D2_post_context,0.0005197568399099108,4.0312501099555684e-14,1.4951680644561797e-13,0.04315132148498612
0,7-scenes-redkitchen,0,7,3DLoMatch,mspki,float64,3,final_RE,0.0002910600288250842,2.1175813033768353e-14,1.4508020175435884e-13,0.03544851208776161
0,7-scenes-redkitchen,0,7,3DLoMatch,mspki,float64,3,fine_RI,0.00043376715526035307,nan,nan,nan
0,7-scenes-redkitchen,0,7,3DLoMatch,mspki,float64,3,coarse_RI,9.322707221934764e-14,nan,nan,nan
1,7-scenes-redkitchen,4,29,3DLoMatch,mspki,float64,0,S2,1.0718006736513625e-13,3.120608992471265e-14,1.5246148032192161e-13,3.540245363041508e-12
1,7-scenes-redkitchen,4,29,3DLoMatch,mspki,float64,0,S3,9.821693638612928e-14,5.10857304762896e-14,1.9533868885807898e-13,9.832136915442594e-13
1,7-scenes-redkitchen,4,29,3DLoMatch,mspki,float64,0,S4_pre_context,7.866078478166277e-14,5.372308229972079e-14,1.4407238282808958e-13,3.0076503839680283e-13
1,7-scenes-redkitchen,4,29,3DLoMatch,mspki,float64,0,S4_post_context,7.866078478166277e-14,5.372308229972079e-14,1.4407238282808958e-13,3.0076503839680283e-13
1,7-scenes-redkitchen,4,29,3DLoMatch,mspki,float64,0,D3,6.639397022467689e-14,4.127266627892919e-14,1.2904561310509202e-13,6.968999106222899e-13
1,7-scenes-redkitchen,4,29,3DLoMatch,mspki,float64,0,D2_pre_context,6.031706488956741e-14,3.007997619472379e-14,9.937506572085832e-14,1.5727933493432615e-12
1,7-scenes-redkitchen,4,29,3DLoMatch,mspki,float64,0,D2_post_context,0.00019937218019805595,3.503728623766401e-14,1.090665475802727e-13,0.01596479799194284
1,7-scenes-redkitchen,4,29,3DLoMatch,mspki,float64,0,final_RE,7.979883832603733e-05,1.6429854314444324e-14,8.368587264075796e-14,0.0059751969113240894
1,7-scenes-redkitchen,4,29,3DLoMatch,mspki,float64,0,fine_RI,0.00017403320580992773,nan,nan,nan
1,7-scenes-redkitchen,4,29,3DLoMatch,mspki,float64,0,coarse_RI,7.312255651147512e-14,nan,nan,nan
1,7-scenes-redkitchen,4,29,3DLoMatch,mspki,float64,1,S2,1.1050656584822458e-13,3.100123673658896e-14,1.558188778574121e-13,3.952084821724675e-12
1,7-scenes-redkitchen,4,29,3DLoMatch,mspki,float64,1,S3,1.1996326828334293e-13,4.972319727566155e-14,2.0440381203214012e-13,2.4297369125403557e-12
1,7-scenes-redkitchen,4,29,3DLoMatch,mspki,float64,1,S4_pre_context,9.810779717517347e-14,5.256135401526909e-14,1.8199912371533876e-13,5.466792113567625e-13
1,7-scenes-redkitchen,4,29,3DLoMatch,mspki,float64,1,S4_post_context,9.810779717517347e-14,5.256135401526909e-14,1.8199912371533876e-13,5.466792113567625e-13
1,7-scenes-redkitchen,4,29,3DLoMatch,mspki,float64,1,D3,7.759561545635247e-14,4.012654607089461e-14,1.3811450579198277e-13,1.1958844982362636e-12
1,7-scenes-redkitchen,4,29,3DLoMatch,mspki,float64,1,D2_pre_context,6.602578038691113e-14,2.9533271764318205e-14,1.1102499325112836e-13,1.86575709158203e-12
1,7-scenes-redkitchen,4,29,3DLoMatch,mspki,float64,1,D2_post_context,6.492913844890342e-14,3.4320775708243566e-14,1.1854501966833309e-13,1.1690380901165378e-12
1,7-scenes-redkitchen,4,29,3DLoMatch,mspki,float64,1,final_RE,3.903582136008601e-14,1.6514621175750364e-14,9.379847410332583e-14,3.4928333048872574e-12
1,7-scenes-redkitchen,4,29,3DLoMatch,mspki,float64,1,fine_RI,5.292836655419762e-14,nan,nan,nan
1,7-scenes-redkitchen,4,29,3DLoMatch,mspki,float64,1,coarse_RI,8.702881545534463e-14,nan,nan,nan
1,7-scenes-redkitchen,4,29,3DLoMatch,mspki,float64,2,S2,8.406345836540699e-14,3.0170295110917267e-14,1.3370275099304204e-13,2.2372868416948294e-12
1,7-scenes-redkitchen,4,29,3DLoMatch,mspki,float64,2,S3,9.04840615337823e-14,4.522136957939397e-14,1.612670703098499e-13,1.5077847682658679e-12
1,7-scenes-redkitchen,4,29,3DLoMatch,mspki,float64,2,S4_pre_context,7.084624007612723e-14,4.4951513638065775e-14,1.252033450155564e-13,5.932760157795813e-13
1,7-scenes-redkitchen,4,29,3DLoMatch,mspki,float64,2,S4_post_context,7.084624007612723e-14,4.4951513638065775e-14,1.252033450155564e-13,5.932760157795813e-13
1,7-scenes-redkitchen,4,29,3DLoMatch,mspki,float64,2,D3,5.864034952784209e-14,3.4654277769475086e-14,1.0577057846523179e-13,6.229627263255011e-13
1,7-scenes-redkitchen,4,29,3DLoMatch,mspki,float64,2,D2_pre_context,5.1296807461584124e-14,2.6218441433182053e-14,8.166943810246569e-14,1.1283571345272185e-12
1,7-scenes-redkitchen,4,29,3DLoMatch,mspki,float64,2,D2_post_context,5.0382263116820637e-14,3.0729028321969915e-14,9.482612402999681e-14,7.534626130996546e-13
1,7-scenes-redkitchen,4,29,3DLoMatch,mspki,float64,2,final_RE,3.3648042305052953e-14,1.4409885982312174e-14,7.809190073194288e-14,5.2610564061772335e-12
1,7-scenes-redkitchen,4,29,3DLoMatch,mspki,float64,2,fine_RI,4.143393804008418e-14,nan,nan,nan
1,7-scenes-redkitchen,4,29,3DLoMatch,mspki,float64,2,coarse_RI,6.417881381691244e-14,nan,nan,nan
1,7-scenes-redkitchen,4,29,3DLoMatch,mspki,float64,3,S2,1.0856579400691239e-13,3.1261323613390244e-14,1.62885389181761e-13,3.5090107923239395e-12
1,7-scenes-redkitchen,4,29,3DLoMatch,mspki,float64,3,S3,1.1343344561079598e-13,4.993495369994374e-14,1.898632442987599e-13,2.815642419405252e-12
1,7-scenes-redkitchen,4,29,3DLoMatch,mspki,float64,3,S4_pre_context,7.86879723374218e-14,5.382490131960156e-14,1.4736264934379087e-13,3.6966113419420506e-13
1,7-scenes-redkitchen,4,29,3DLoMatch,mspki,float64,3,S4_post_context,7.86879723374218e-14,5.382490131960156e-14,1.4736264934379087e-13,3.6966113419420506e-13
1,7-scenes-redkitchen,4,29,3DLoMatch,mspki,float64,3,D3,6.783255658160645e-14,4.053522663850347e-14,1.2570648865024346e-13,1.0350467403090153e-12
1,7-scenes-redkitchen,4,29,3DLoMatch,mspki,float64,3,D2_pre_context,6.348556746966977e-14,2.9621021470921236e-14,9.551653420292867e-14,1.8998776219051542e-12
1,7-scenes-redkitchen,4,29,3DLoMatch,mspki,float64,3,D2_post_context,0.0002954940718542889,3.5336286618073463e-14,1.0276647199759201e-13,0.026450490284176283
1,7-scenes-redkitchen,4,29,3DLoMatch,mspki,float64,3,final_RE,6.698915715224825e-05,1.6903927172195647e-14,8.333296389514931e-14,0.0047850321207940725
1,7-scenes-redkitchen,4,29,3DLoMatch,mspki,float64,3,fine_RI,0.00025531372075165466,nan,nan,nan
1,7-scenes-redkitchen,4,29,3DLoMatch,mspki,float64,3,coarse_RI,7.299440062320481e-14,nan,nan,nan
2,7-scenes-redkitchen,8,38,3DLoMatch,mspki,float64,0,S2,1.9487236320610454e-12,3.479806258284367e-14,1.9049082089494137e-13,1.4871743698844156e-10
2,7-scenes-redkitchen,8,38,3DLoMatch,mspki,float64,0,S3,1.4067549561232252e-12,5.4182646292405474e-14,4.419340558947906e-13,3.619277385896241e-11
2,7-scenes-redkitchen,8,38,3DLoMatch,mspki,float64,0,S4_pre_context,9.904147827905897e-13,6.083547406487592e-14,1.335305681611635e-12,1.399087915388999e-11
2,7-scenes-redkitchen,8,38,3DLoMatch,mspki,float64,0,S4_post_context,9.904147827905897e-13,6.083547406487592e-14,1.335305681611635e-12,1.399087915388999e-11
2,7-scenes-redkitchen,8,38,3DLoMatch,mspki,float64,0,D3,7.881013289088047e-13,4.807145865591662e-14,1.051628013798869e-12,1.2964303375285002e-11
2,7-scenes-redkitchen,8,38,3DLoMatch,mspki,float64,0,D2_pre_context,8.583962119732199e-13,3.6248144984953895e-14,6.53156800565954e-13,5.6755991121159754e-11
2,7-scenes-redkitchen,8,38,3DLoMatch,mspki,float64,0,D2_post_context,0.0005436406497525419,4.280240567580727e-14,9.005548703216426e-13,0.02761121771923413
2,7-scenes-redkitchen,8,38,3DLoMatch,mspki,float64,0,final_RE,0.00019142123448249795,2.2276201345994283e-14,5.647194197405615e-13,0.013884346758107163
2,7-scenes-redkitchen,8,38,3DLoMatch,mspki,float64,0,fine_RI,0.0004649214632033848,nan,nan,nan
2,7-scenes-redkitchen,8,38,3DLoMatch,mspki,float64,0,coarse_RI,8.706922965381534e-13,nan,nan,nan
2,7-scenes-redkitchen,8,38,3DLoMatch,mspki,float64,1,S2,1.0047150984820545e-12,3.3114087812039936e-14,1.768012708262926e-13,7.110703176007286e-11
2,7-scenes-redkitchen,8,38,3DLoMatch,mspki,float64,1,S3,6.357439298189609e-13,5.118165159879813e-14,3.395142745921656e-13,1.4598379054192755e-11
2,7-scenes-redkitchen,8,38,3DLoMatch,mspki,float64,1,S4_pre_context,4.534017628911695e-13,5.910387339482526e-14,6.473115737856291e-13,5.250527462219631e-12
2,7-scenes-redkitchen,8,38,3DLoMatch,mspki,float64,1,S4_post_context,4.534017628911695e-13,5.910387339482526e-14,6.473115737856291e-13,5.250527462219631e-12
2,7-scenes-redkitchen,8,38,3DLoMatch,mspki,float64,1,D3,3.554736280347193e-13,4.615999461805754e-14,4.827808658909586e-13,5.515435901518773e-12
2,7-scenes-redkitchen,8,38,3DLoMatch,mspki,float64,1,D2_pre_context,3.907409249159203e-13,3.473495851919645e-14,3.285344955627435e-13,2.198050402735295e-11
2,7-scenes-redkitchen,8,38,3DLoMatch,mspki,float64,1,D2_post_context,0.00051843485786445,4.158293850894699e-14,4.582234424989986e-13,0.01809250280061602
2,7-scenes-redkitchen,8,38,3DLoMatch,mspki,float64,1,final_RE,0.000217672058308545,2.148033986243156e-14,3.092785407086361e-13,0.015601517034289043
2,7-scenes-redkitchen,8,38,3DLoMatch,mspki,float64,1,fine_RI,0.00044214597625346117,nan,nan,nan
2,7-scenes-redkitchen,8,38,3DLoMatch,mspki,float64,1,coarse_RI,3.928020641828178e-13,nan,nan,nan
2,7-scenes-redkitchen,8,38,3DLoMatch,mspki,float64,2,S2,2.3451985317323023e-12,3.52258726733369e-14,2.0130143280457833e-13,1.8617455183873616e-10
2,7-scenes-redkitchen,8,38,3DLoMatch,mspki,float64,2,S3,1.5638840963246947e-12,5.3650218957457314e-14,5.691005934634487e-13,4.054819239380731e-11
2,7-scenes-redkitchen,8,38,3DLoMatch,mspki,float64,2,S4_pre_context,1.2513140333285592e-12,6.54354430548212e-14,1.731005457011165e-12,1.6662872976606936e-11
2,7-scenes-redkitchen,8,38,3DLoMatch,mspki,float64,2,S4_post_context,1.2513140333285592e-12,6.54354430548212e-14,1.731005457011165e-12,1.6662872976606936e-11
2,7-scenes-redkitchen,8,38,3DLoMatch,mspki,float64,2,D3,9.063171209574939e-13,4.9607379548867e-14,1.2492545336030547e-12,1.4609917424221874e-11
2,7-scenes-redkitchen,8,38,3DLoMatch,mspki,float64,2,D2_pre_context,1.0017357547776715e-12,3.6988041811305444e-14,9.326778128825215e-13,6.756650681445072e-11
2,7-scenes-redkitchen,8,38,3DLoMatch,mspki,float64,2,D2_post_context,0.0006274468673982911,4.184007715841987e-14,1.3242775837365204e-12,0.028309552812224165
2,7-scenes-redkitchen,8,38,3DLoMatch,mspki,float64,2,final_RE,0.00028737883653301926,2.2697524038573264e-14,6.742157428765748e-13,0.019356135981186722
2,7-scenes-redkitchen,8,38,3DLoMatch,mspki,float64,2,fine_RI,0.0005254985803297488,nan,nan,nan
2,7-scenes-redkitchen,8,38,3DLoMatch,mspki,float64,2,coarse_RI,1.091197712935154e-12,nan,nan,nan
2,7-scenes-redkitchen,8,38,3DLoMatch,mspki,float64,3,S2,1.8787330302701645e-12,3.3353599236700075e-14,1.6951515337496573e-13,1.4100269311674654e-10
2,7-scenes-redkitchen,8,38,3DLoMatch,mspki,float64,3,S3,1.1615904882136678e-12,4.827504851584015e-14,3.625956876101045e-13,2.6219874849589697e-11
2,7-scenes-redkitchen,8,38,3DLoMatch,mspki,float64,3,S4_pre_context,9.02584916913627e-13,5.287062109963991e-14,1.2764654798896867e-12,1.0573562941418144e-11
2,7-scenes-redkitchen,8,38,3DLoMatch,mspki,float64,3,S4_post_context,9.02584916913627e-13,5.287062109963991e-14,1.2764654798896867e-12,1.0573562941418144e-11
2,7-scenes-redkitchen,8,38,3DLoMatch,mspki,float64,3,D3,6.861443091999006e-13,4.060613341013194e-14,8.751303683102668e-13,1.0264030687197642e-11
2,7-scenes-redkitchen,8,38,3DLoMatch,mspki,float64,3,D2_pre_context,6.611203919959484e-13,3.099486967523454e-14,5.305520644790209e-13,3.635696664886755e-11
2,7-scenes-redkitchen,8,38,3DLoMatch,mspki,float64,3,D2_post_context,0.0007235822517347765,3.707951474515815e-14,8.607125823293108e-13,0.028309552812216778
2,7-scenes-redkitchen,8,38,3DLoMatch,mspki,float64,3,final_RE,0.00030957463039380835,1.9735168480578328e-14,5.204983836530406e-13,0.019356135981191593
2,7-scenes-redkitchen,8,38,3DLoMatch,mspki,float64,3,fine_RI,0.000611653366065445,nan,nan,nan
2,7-scenes-redkitchen,8,38,3DLoMatch,mspki,float64,3,coarse_RI,7.821152069595693e-13,nan,nan,nan
3,7-scenes-redkitchen,12,32,3DLoMatch,mspki,float64,0,S2,1.1631117691321578e-13,3.560707791159688e-14,1.8374547497305543e-13,2.6089700785904954e-12
3,7-scenes-redkitchen,12,32,3DLoMatch,mspki,float64,0,S3,1.2812875448843558e-13,5.621669473672648e-14,2.4632045018646967e-13,1.2824267158732736e-12
3,7-scenes-redkitchen,12,32,3DLoMatch,mspki,float64,0,S4_pre_context,1.0483971425879813e-13,5.726287102727166e-14,2.0950403532088343e-13,5.284968917265769e-13
3,7-scenes-redkitchen,12,32,3DLoMatch,mspki,float64,0,S4_post_context,1.0483971425879813e-13,5.726287102727166e-14,2.0950403532088343e-13,5.284968917265769e-13
3,7-scenes-redkitchen,12,32,3DLoMatch,mspki,float64,0,D3,9.472873170198916e-14,4.5146532591237486e-14,1.9675068783212542e-13,6.423327453570453e-13
3,7-scenes-redkitchen,12,32,3DLoMatch,mspki,float64,0,D2_pre_context,9.134900580794901e-14,3.3714717542697856e-14,1.4970981244043307e-13,3.6259079714484692e-12
3,7-scenes-redkitchen,12,32,3DLoMatch,mspki,float64,0,D2_post_context,0.0004456605624910054,4.189653612237411e-14,1.86083188806439e-13,0.02850327156989408
3,7-scenes-redkitchen,12,32,3DLoMatch,mspki,float64,0,final_RE,0.000249784751615143,2.0278009317658012e-14,3.005080717633199e-13,0.019402586698960802
3,7-scenes-redkitchen,12,32,3DLoMatch,mspki,float64,0,fine_RI,0.0003663125587321082,nan,nan,nan
3,7-scenes-redkitchen,12,32,3DLoMatch,mspki,float64,0,coarse_RI,1.2109569257478983e-13,nan,nan,nan
3,7-scenes-redkitchen,12,32,3DLoMatch,mspki,float64,1,S2,1.3049948669252882e-13,3.409112322562739e-14,1.843197091426495e-13,4.105098108398223e-12
3,7-scenes-redkitchen,12,32,3DLoMatch,mspki,float64,1,S3,1.3889343415040657e-13,5.425123981423781e-14,2.8043885024012043e-13,1.5898943775351762e-12
3,7-scenes-redkitchen,12,32,3DLoMatch,mspki,float64,1,S4_pre_context,1.0691642860093191e-13,5.6165826119051615e-14,2.213067583314543e-13,4.603838428237741e-13
3,7-scenes-redkitchen,12,32,3DLoMatch,mspki,float64,1,S4_post_context,1.0691642860093191e-13,5.6165826119051615e-14,2.213067583314543e-13,4.603838428237741e-13
3,7-scenes-redkitchen,12,32,3DLoMatch,mspki,float64,1,D3,1.0094323543717684e-13,4.527719813451927e-14,2.1521607981947355e-13,6.631789007438476e-13
3,7-scenes-redkitchen,12,32,3DLoMatch,mspki,float64,1,D2_pre_context,9.00127685795391e-14,3.306863986864779e-14,1.5144008224171345e-13,2.333353123945309e-12
3,7-scenes-redkitchen,12,32,3DLoMatch,mspki,float64,1,D2_post_context,0.00024495754331230516,4.1939455907493096e-14,2.0048824223132692e-13,0.020305038469590628
3,7-scenes-redkitchen,12,32,3DLoMatch,mspki,float64,1,final_RE,5.727051187883677e-05,1.9822614721354235e-14,2.5907204247933314e-13,0.00420779432925923
3,7-scenes-redkitchen,12,32,3DLoMatch,mspki,float64,1,fine_RI,0.00020264696414911144,nan,nan,nan
3,7-scenes-redkitchen,12,32,3DLoMatch,mspki,float64,1,coarse_RI,1.1509736996784418e-13,nan,nan,nan
3,7-scenes-redkitchen,12,32,3DLoMatch,mspki,float64,2,S2,1.478302903424408e-13,3.6278484156958026e-14,2.1029852565011886e-13,5.005143355320283e-12
3,7-scenes-redkitchen,12,32,3DLoMatch,mspki,float64,2,S3,2.1655614100973603e-13,5.6307414459881296e-14,3.35069363591754e-13,6.580682465513042e-12
3,7-scenes-redkitchen,12,32,3DLoMatch,mspki,float64,2,S4_pre_context,1.6092822110314647e-13,6.259763160995341e-14,3.1178119395963494e-13,9.785402580837877e-13
3,7-scenes-redkitchen,12,32,3DLoMatch,mspki,float64,2,S4_post_context,1.6092822110314647e-13,6.259763160995341e-14,3.1178119395963494e-13,9.785402580837877e-13
3,7-scenes-redkitchen,12,32,3DLoMatch,mspki,float64,2,D3,1.534651576168856e-13,5.064703817855621e-14,2.8678651762919914e-13,2.2346536119694513e-12
3,7-scenes-redkitchen,12,32,3DLoMatch,mspki,float64,2,D2_pre_context,1.1971591091200854e-13,3.7771424035704465e-14,2.1756491763018193e-13,2.711452587822981e-12
3,7-scenes-redkitchen,12,32,3DLoMatch,mspki,float64,2,D2_post_context,0.0002449575433123123,4.766258652660004e-14,3.260606272236364e-13,0.020305038469591218
3,7-scenes-redkitchen,12,32,3DLoMatch,mspki,float64,2,final_RE,5.7270511878904964e-05,2.4087202809244882e-14,4.543645645487402e-13,0.004207794329264242
3,7-scenes-redkitchen,12,32,3DLoMatch,mspki,float64,2,fine_RI,0.00020264696414912912,nan,nan,nan
3,7-scenes-redkitchen,12,32,3DLoMatch,mspki,float64,2,coarse_RI,1.715479735399919e-13,nan,nan,nan
3,7-scenes-redkitchen,12,32,3DLoMatch,mspki,float64,3,S2,1.1765888003115905e-13,3.6149593962592405e-14,1.8894368788790569e-13,2.5285024848719218e-12
3,7-scenes-redkitchen,12,32,3DLoMatch,mspki,float64,3,S3,1.6160041118434195e-13,5.902190218929568e-14,2.968021262584675e-13,2.56137266242496e-12
3,7-scenes-redkitchen,12,32,3DLoMatch,mspki,float64,3,S4_pre_context,1.2691830259490358e-13,5.5591227713675967e-14,2.7532252531966646e-13,4.809552606425435e-13
3,7-scenes-redkitchen,12,32,3DLoMatch,mspki,float64,3,S4_post_context,1.2691830259490358e-13,5.5591227713675967e-14,2.7532252531966646e-13,4.809552606425435e-13
3,7-scenes-redkitchen,12,32,3DLoMatch,mspki,float64,3,D3,1.1570564446068025e-13,4.7691496396835423e-14,2.5811588101022785e-13,8.537464268207303e-13
3,7-scenes-redkitchen,12,32,3DLoMatch,mspki,float64,3,D2_pre_context,9.252422568235774e-14,3.517865780509159e-14,1.7417578850339996e-13,1.7237799713522847e-12
3,7-scenes-redkitchen,12,32,3DLoMatch,mspki,float64,3,D2_post_context,0.00044566056249099113,4.178544520974042e-14,2.4008985223467533e-13,0.028503271569891707
3,7-scenes-redkitchen,12,32,3DLoMatch,mspki,float64,3,final_RE,0.0002497847516145216,2.0684160848502887e-14,3.4501982962691506e-13,0.0194025866989077
3,7-scenes-redkitchen,12,32,3DLoMatch,mspki,float64,3,fine_RI,0.0003663125587321118,nan,nan,nan
3,7-scenes-redkitchen,12,32,3DLoMatch,mspki,float64,3,coarse_RI,1.304743353315102e-13,nan,nan,nan
4,7-scenes-redkitchen,18,47,3DLoMatch,mspki,float64,0,S2,7.836050096810837e-14,2.904487240349675e-14,1.2562174722530839e-13,1.7409513522243011e-12
4,7-scenes-redkitchen,18,47,3DLoMatch,mspki,float64,0,S3,7.913432272780656e-14,4.3988563235547666e-14,1.4237870708219616e-13,9.483822768039407e-13
4,7-scenes-redkitchen,18,47,3DLoMatch,mspki,float64,0,S4_pre_context,6.45215480049143e-14,4.411565983352183e-14,1.1069179129235616e-13,2.5846950305340296e-13
4,7-scenes-redkitchen,18,47,3DLoMatch,mspki,float64,0,S4_post_context,6.45215480049143e-14,4.411565983352183e-14,1.1069179129235616e-13,2.5846950305340296e-13
4,7-scenes-redkitchen,18,47,3DLoMatch,mspki,float64,0,D3,5.432586594206268e-14,3.6167094204450385e-14,1.0168698088150349e-13,3.1580210135658825e-13
4,7-scenes-redkitchen,18,47,3DLoMatch,mspki,float64,0,D2_pre_context,4.656822334705944e-14,2.670582731188646e-14,8.166308242888108e-14,7.542547066780539e-13
4,7-scenes-redkitchen,18,47,3DLoMatch,mspki,float64,0,D2_post_context,0.0009578063549138548,3.107951139201448e-14,8.399633867050493e-14,0.050793398713785534
4,7-scenes-redkitchen,18,47,3DLoMatch,mspki,float64,0,final_RE,0.000914712731137018,1.6020858168383926e-14,6.770771068763087e-14,0.12205296158004986
4,7-scenes-redkitchen,18,47,3DLoMatch,mspki,float64,0,fine_RI,0.0008207213667168862,nan,nan,nan
4,7-scenes-redkitchen,18,47,3DLoMatch,mspki,float64,0,coarse_RI,5.837278004885227e-14,nan,nan,nan
4,7-scenes-redkitchen,18,47,3DLoMatch,mspki,float64,1,S2,7.207250041843524e-14,2.7247173658235298e-14,1.1206607401444033e-13,1.6576408455418522e-12
4,7-scenes-redkitchen,18,47,3DLoMatch,mspki,float64,1,S3,8.809944157314674e-14,4.083751644720203e-14,1.4455117606059617e-13,1.8239124670083204e-12
4,7-scenes-redkitchen,18,47,3DLoMatch,mspki,float64,1,S4_pre_context,6.727126941183706e-14,4.1823170862367964e-14,1.217476567380394e-13,3.691071385088665e-13
4,7-scenes-redkitchen,18,47,3DLoMatch,mspki,float64,1,S4_post_context,6.727126941183706e-14,4.1823170862367964e-14,1.217476567380394e-13,3.691071385088665e-13
4,7-scenes-redkitchen,18,47,3DLoMatch,mspki,float64,1,D3,5.987349746476418e-14,3.4079474775088484e-14,1.0668323392765558e-13,9.546477614522042e-13
4,7-scenes-redkitchen,18,47,3DLoMatch,mspki,float64,1,D2_pre_context,4.9680837704739805e-14,2.5086962539459606e-14,8.031373830091507e-14,8.192132585334457e-13
4,7-scenes-redkitchen,18,47,3DLoMatch,mspki,float64,1,D2_post_context,0.0004963549170546344,3.0034391861282045e-14,8.52723868336041e-14,0.027223906287899797
4,7-scenes-redkitchen,18,47,3DLoMatch,mspki,float64,1,final_RE,0.00028082887116382283,1.5388245968976702e-14,6.492547783222462e-14,0.02729819122264323
4,7-scenes-redkitchen,18,47,3DLoMatch,mspki,float64,1,fine_RI,0.00041553243793281895,nan,nan,nan
4,7-scenes-redkitchen,18,47,3DLoMatch,mspki,float64,1,coarse_RI,6.296723837081754e-14,nan,nan,nan
4,7-scenes-redkitchen,18,47,3DLoMatch,mspki,float64,2,S2,7.038320917571061e-14,2.95259655909012e-14,1.1595223784408927e-13,1.2126931744164982e-12
4,7-scenes-redkitchen,18,47,3DLoMatch,mspki,float64,2,S3,1.0385385803010214e-13,4.469669825298772e-14,1.61952556101906e-13,2.361871222220075e-12
4,7-scenes-redkitchen,18,47,3DLoMatch,mspki,float64,2,S4_pre_context,7.983452219806084e-14,4.616624477412356e-14,1.4041273784827562e-13,4.917394203482972e-13
4,7-scenes-redkitchen,18,47,3DLoMatch,mspki,float64,2,S4_post_context,7.983452219806084e-14,4.616624477412356e-14,1.4041273784827562e-13,4.917394203482972e-13
4,7-scenes-redkitchen,18,47,3DLoMatch,mspki,float64,2,D3,7.101952427678178e-14,3.6071751806897394e-14,1.245703984181827e-13,1.2522768119035323e-12
4,7-scenes-redkitchen,18,47,3DLoMatch,mspki,float64,2,D2_pre_context,5.65938416491065e-14,2.7742143011143092e-14,9.450667311815969e-14,1.0630131693184425e-12
4,7-scenes-redkitchen,18,47,3DLoMatch,mspki,float64,2,D2_post_context,0.0007386191034589633,3.2855112179167434e-14,1.0573064657108841e-13,0.050793398713813394
4,7-scenes-redkitchen,18,47,3DLoMatch,mspki,float64,2,final_RE,0.0008363825505976973,1.729016459541859e-14,9.01998447490994e-14,0.12205296158004628
4,7-scenes-redkitchen,18,47,3DLoMatch,mspki,float64,2,fine_RI,0.0005902053703081328,nan,nan,nan
4,7-scenes-redkitchen,18,47,3DLoMatch,mspki,float64,2,coarse_RI,7.385835201859519e-14,nan,nan,nan
4,7-scenes-redkitchen,18,47,3DLoMatch,mspki,float64,3,S2,6.558026382798724e-14,2.6617037802214113e-14,1.0493874595376368e-13,1.216546035399812e-12
4,7-scenes-redkitchen,18,47,3DLoMatch,mspki,float64,3,S3,6.216095898653952e-14,3.875961509885358e-14,1.1068302488781731e-13,4.026343415432193e-13
4,7-scenes-redkitchen,18,47,3DLoMatch,mspki,float64,3,S4_pre_context,5.371443039718753e-14,3.7873326529825535e-14,9.503849310059694e-14,2.409956267514063e-13
4,7-scenes-redkitchen,18,47,3DLoMatch,mspki,float64,3,S4_post_context,5.371443039718753e-14,3.7873326529825535e-14,9.503849310059694e-14,2.409956267514063e-13
4,7-scenes-redkitchen,18,47,3DLoMatch,mspki,float64,3,D3,4.532173881303817e-14,3.110573838605004e-14,8.85389998328828e-14,3.308559181158845e-13
4,7-scenes-redkitchen,18,47,3DLoMatch,mspki,float64,3,D2_pre_context,3.999167791851863e-14,2.2949438389767533e-14,6.944829859891047e-14,6.669847178060044e-13
4,7-scenes-redkitchen,18,47,3DLoMatch,mspki,float64,3,D2_post_context,0.0007897351530136487,2.6419261426579857e-14,7.381428478553498e-14,0.050793398713794284
4,7-scenes-redkitchen,18,47,3DLoMatch,mspki,float64,3,final_RE,0.0005359357012328848,1.3410703406791287e-14,5.6815162124690376e-14,0.05783007751819707
4,7-scenes-redkitchen,18,47,3DLoMatch,mspki,float64,3,fine_RI,0.0006799649463035988,nan,nan,nan
4,7-scenes-redkitchen,18,47,3DLoMatch,mspki,float64,3,coarse_RI,4.926981605041859e-14,nan,nan,nan
5,7-scenes-redkitchen,24,57,3DLoMatch,mspki,float64,0,S2,1.3041876063544403e-13,3.869914271680247e-14,1.8772238614323694e-13,4.171279072331241e-12
5,7-scenes-redkitchen,24,57,3DLoMatch,mspki,float64,0,S3,1.156683133086052e-13,6.221592773570967e-14,2.2147913714723293e-13,1.214287089796515e-12
5,7-scenes-redkitchen,24,57,3DLoMatch,mspki,float64,0,S4_pre_context,8.885616953817498e-14,5.835318495388925e-14,1.607571436862526e-13,4.3540245442114133e-13
5,7-scenes-redkitchen,24,57,3DLoMatch,mspki,float64,0,S4_post_context,8.885616953817498e-14,5.835318495388925e-14,1.607571436862526e-13,4.3540245442114133e-13
5,7-scenes-redkitchen,24,57,3DLoMatch,mspki,float64,0,D3,7.921052361759911e-14,4.623837889833501e-14,1.4582899945469607e-13,5.604943681180397e-13
5,7-scenes-redkitchen,24,57,3DLoMatch,mspki,float64,0,D2_pre_context,6.70837232006722e-14,3.379869711860119e-14,1.0764203123900209e-13,1.407984806798293e-12
5,7-scenes-redkitchen,24,57,3DLoMatch,mspki,float64,0,D2_post_context,0.00046086517576371535,4.0005082756071845e-14,1.2611346071423296e-13,0.03188076148988808
5,7-scenes-redkitchen,24,57,3DLoMatch,mspki,float64,0,final_RE,0.00019607285198996582,2.0946917351783046e-14,1.412556895177008e-13,0.0202246444459028
5,7-scenes-redkitchen,24,57,3DLoMatch,mspki,float64,0,fine_RI,0.0003984978776461554,nan,nan,nan
5,7-scenes-redkitchen,24,57,3DLoMatch,mspki,float64,0,coarse_RI,1.0211742037555282e-13,nan,nan,nan
5,7-scenes-redkitchen,24,57,3DLoMatch,mspki,float64,1,S2,1.2671999381480303e-13,3.734836030600824e-14,1.7241360409513908e-13,5.531342794304312e-12
5,7-scenes-redkitchen,24,57,3DLoMatch,mspki,float64,1,S3,1.0877760206249592e-13,5.930037106950154e-14,2.08288550103389e-13,1.0195471480431332e-12
5,7-scenes-redkitchen,24,57,3DLoMatch,mspki,float64,1,S4_pre_context,8.396505528444462e-14,5.589931567047575e-14,1.5772440543703764e-13,4.2634610980243177e-13
5,7-scenes-redkitchen,24,57,3DLoMatch,mspki,float64,1,S4_post_context,8.396505528444462e-14,5.589931567047575e-14,1.5772440543703764e-13,4.2634610980243177e-13
5,7-scenes-redkitchen,24,57,3DLoMatch,mspki,float64,1,D3,7.407118884021824e-14,4.463466617765179e-14,1.351975806730154e-13,6.584041053300825e-13
5,7-scenes-redkitchen,24,57,3DLoMatch,mspki,float64,1,D2_pre_context,6.42707763273063e-14,3.173970194180007e-14,1.0546638728744592e-13,1.9872480270678252e-12
5,7-scenes-redkitchen,24,57,3DLoMatch,mspki,float64,1,D2_post_context,0.0008088824198661627,3.74685564468129e-14,1.24724102252311e-13,0.03433137151540381
5,7-scenes-redkitchen,24,57,3DLoMatch,mspki,float64,1,final_RE,0.0003224878115340967,1.911532765264034e-14,1.3219722621577215e-13,0.0202246444458942
5,7-scenes-redkitchen,24,57,3DLoMatch,mspki,float64,1,fine_RI,0.00068797181664973,nan,nan,nan
5,7-scenes-redkitchen,24,57,3DLoMatch,mspki,float64,1,coarse_RI,7.775232369083294e-14,nan,nan,nan
5,7-scenes-redkitchen,24,57,3DLoMatch,mspki,float64,2,S2,1.2161647017075795e-13,3.766997574767814e-14,1.7830433576982824e-13,4.483987075669354e-12
5,7-scenes-redkitchen,24,57,3DLoMatch,mspki,float64,2,S3,1.1264159148000291e-13,6.060752718727332e-14,2.2371440668174037e-13,8.571167107142687e-13
5,7-scenes-redkitchen,24,57,3DLoMatch,mspki,float64,2,S4_pre_context,9.407550767344367e-14,5.927714525803875e-14,1.7136841794125778e-13,4.4525875989596147e-13
5,7-scenes-redkitchen,24,57,3DLoMatch,mspki,float64,2,S4_post_context,9.407550767344367e-14,5.927714525803875e-14,1.7136841794125778e-13,4.4525875989596147e-13
5,7-scenes-redkitchen,24,57,3DLoMatch,mspki,float64,2,D3,9.230849114552438e-14,4.629599883467355e-14,1.5877250926944693e-13,1.7629498226207973e-12
5,7-scenes-redkitchen,24,57,3DLoMatch,mspki,float64,2,D2_pre_context,6.687630066718611e-14,3.340430621200047e-14,1.1403804932030497e-13,1.497344443710127e-12
5,7-scenes-redkitchen,24,57,3DLoMatch,mspki,float64,2,D2_post_context,0.0006721479420493895,3.806823320953947e-14,1.2563347999323096e-13,0.034331371515397995
5,7-scenes-redkitchen,24,57,3DLoMatch,mspki,float64,2,final_RE,0.0002239796571421182,2.0583748031603017e-14,1.3169218779506156e-13,0.014194877167448987
5,7-scenes-redkitchen,24,57,3DLoMatch,mspki,float64,2,fine_RI,0.0005591684831120556,nan,nan,nan
5,7-scenes-redkitchen,24,57,3DLoMatch,mspki,float64,2,coarse_RI,8.84769134098514e-14,nan,nan,nan
5,7-scenes-redkitchen,24,57,3DLoMatch,mspki,float64,3,S2,1.1626005418427006e-13,3.7717552206840555e-14,1.8418739682693881e-13,2.7455430018775398e-12
5,7-scenes-redkitchen,24,57,3DLoMatch,mspki,float64,3,S3,1.1464778546204695e-13,5.447983199197677e-14,2.207914212981653e-13,1.4391068871606622e-12
5,7-scenes-redkitchen,24,57,3DLoMatch,mspki,float64,3,S4_pre_context,9.412266739306067e-14,5.598573935716419e-14,1.4869852968891252e-13,9.630721414556109e-13
5,7-scenes-redkitchen,24,57,3DLoMatch,mspki,float64,3,S4_post_context,9.412266739306067e-14,5.598573935716419e-14,1.4869852968891252e-13,9.630721414556109e-13
5,7-scenes-redkitchen,24,57,3DLoMatch,mspki,float64,3,D3,9.60907569573264e-14,4.28254538297242e-14,1.374360783581498e-13,2.4315521759959644e-12
5,7-scenes-redkitchen,24,57,3DLoMatch,mspki,float64,3,D2_pre_context,6.45242468945837e-14,3.172247803490494e-14,1.0582399143364026e-13,1.0081768512382414e-12
5,7-scenes-redkitchen,24,57,3DLoMatch,mspki,float64,3,D2_post_context,0.0006103320513363694,3.6746768802124064e-14,1.2225451761376816e-13,0.03188076148985086
5,7-scenes-redkitchen,24,57,3DLoMatch,mspki,float64,3,final_RE,0.00014556105328006523,1.89492500521028e-14,1.2780318720259302e-13,0.009451844964684672
5,7-scenes-redkitchen,24,57,3DLoMatch,mspki,float64,3,fine_RI,0.0005030832495594435,nan,nan,nan
5,7-scenes-redkitchen,24,57,3DLoMatch,mspki,float64,3,coarse_RI,9.708035431668127e-14,nan,nan,nan
6,7-scenes-redkitchen,34,39,3DLoMatch,mspki,float64,0,S2,1.1432495588777478e-13,3.129195087204184e-14,1.525511199812601e-13,5.572029515363647e-12
6,7-scenes-redkitchen,34,39,3DLoMatch,mspki,float64,0,S3,1.0202848288996599e-13,4.851372015118247e-14,1.9574671298321314e-13,1.103171930907426e-12
6,7-scenes-redkitchen,34,39,3DLoMatch,mspki,float64,0,S4_pre_context,8.815416360580558e-14,5.450585179105088e-14,1.6518535949788095e-13,6.761420898593658e-13
6,7-scenes-redkitchen,34,39,3DLoMatch,mspki,float64,0,S4_post_context,8.815416360580558e-14,5.450585179105088e-14,1.6518535949788095e-13,6.761420898593658e-13
6,7-scenes-redkitchen,34,39,3DLoMatch,mspki,float64,0,D3,7.318538492162429e-14,4.4292772194928444e-14,1.4769695964925862e-13,4.892928098051764e-13
6,7-scenes-redkitchen,34,39,3DLoMatch,mspki,float64,0,D2_pre_context,6.923646053708883e-14,3.2543522037628195e-14,1.1286437452442728e-13,2.5197048703326688e-12
6,7-scenes-redkitchen,34,39,3DLoMatch,mspki,float64,0,D2_post_context,0.00016949026232694048,3.844090495946868e-14,1.4020809845415247e-13,0.011649002453866613
6,7-scenes-redkitchen,34,39,3DLoMatch,mspki,float64,0,final_RE,0.0001007599277971799,2.2938154817913913e-14,1.6683039236124537e-13,0.0068454717501309405
6,7-scenes-redkitchen,34,39,3DLoMatch,mspki,float64,0,fine_RI,0.0001598591619593592,nan,nan,nan
6,7-scenes-redkitchen,34,39,3DLoMatch,mspki,float64,0,coarse_RI,8.362697686661159e-14,nan,nan,nan
6,7-scenes-redkitchen,34,39,3DLoMatch,mspki,float64,1,S2,1.2056480899947353e-13,3.268518449851265e-14,1.5023369648244183e-13,5.796293156539518e-12
6,7-scenes-redkitchen,34,39,3DLoMatch,mspki,float64,1,S3,1.2585560205148844e-13,5.116394912194709e-14,2.124430432407253e-13,1.259254900273158e-12
6,7-scenes-redkitchen,34,39,3DLoMatch,mspki,float64,1,S4_pre_context,9.88533481039408e-14,5.391224099101667e-14,1.8446393410124724e-13,5.944860451667509e-13
6,7-scenes-redkitchen,34,39,3DLoMatch,mspki,float64,1,S4_post_context,9.88533481039408e-14,5.391224099101667e-14,1.8446393410124724e-13,5.944860451667509e-13
6,7-scenes-redkitchen,34,39,3DLoMatch,mspki,float64,1,D3,8.940521718623275e-14,4.4153360393141606e-14,1.6179371970469054e-13,6.909283137521026e-13
6,7-scenes-redkitchen,34,39,3DLoMatch,mspki,float64,1,D2_pre_context,7.041688479424616e-14,3.3058137250677265e-14,1.2020796565163998e-13,1.6320475746638932e-12
6,7-scenes-redkitchen,34,39,3DLoMatch,mspki,float64,1,D2_post_context,0.0003357299867216029,4.034028785356982e-14,1.4665541760861824e-13,0.023344212970701116
6,7-scenes-redkitchen,34,39,3DLoMatch,mspki,float64,1,final_RE,0.00022832626333352086,2.3833926568069584e-14,2.0090079449013413e-13,0.015118867581817087
6,7-scenes-redkitchen,34,39,3DLoMatch,mspki,float64,1,fine_RI,0.0002964156937838831,nan,nan,nan
6,7-scenes-redkitchen,34,39,3DLoMatch,mspki,float64,1,coarse_RI,9.355056599688801e-14,nan,nan,nan
6,7-scenes-redkitchen,34,39,3DLoMatch,mspki,float64,2,S2,1.5767358091396858e-13,3.1308875729208665e-14,1.611673863979159e-13,6.027696654871384e-12
6,7-scenes-redkitchen,34,39,3DLoMatch,mspki,float64,2,S3,1.6359987361823468e-13,5.2298737834574217e-14,2.934425971159274e-13,3.37296380886198e-12
6,7-scenes-redkitchen,34,39,3DLoMatch,mspki,float64,2,S4_pre_context,1.4329987527245896e-13,6.33196789141468e-14,2.603344510146246e-13,1.4229746054277863e-12
6,7-scenes-redkitchen,34,39,3DLoMatch,mspki,float64,2,S4_post_context,1.4329987527245896e-13,6.33196789141468e-14,2.603344510146246e-13,1.4229746054277863e-12
6,7-scenes-redkitchen,34,39,3DLoMatch,mspki,float64,2,D3,1.2274963086710001e-13,5.095896670805456e-14,2.293637599240254e-13,1.458340405032916e-12
6,7-scenes-redkitchen,34,39,3DLoMatch,mspki,float64,2,D2_pre_context,1.0184169537318612e-13,3.706923437407067e-14,1.7235641113376095e-13,2.6511887086179e-12
6,7-scenes-redkitchen,34,39,3DLoMatch,mspki,float64,2,D2_post_context,0.00016416964939649532,4.467667014895752e-14,2.1170752249753553e-13,0.011649002453870422
6,7-scenes-redkitchen,34,39,3DLoMatch,mspki,float64,2,final_RE,9.967672339807254e-05,2.963372442669712e-14,2.4076919614941436e-13,0.0068454717501758204
6,7-scenes-redkitchen,34,39,3DLoMatch,mspki,float64,2,fine_RI,0.00015615683680524924,nan,nan,nan
6,7-scenes-redkitchen,34,39,3DLoMatch,mspki,float64,2,coarse_RI,1.2891390029923247e-13,nan,nan,nan
6,7-scenes-redkitchen,34,39,3DLoMatch,mspki,float64,3,S2,1.637451062340055e-13,3.1566613019455975e-14,1.6328687595504807e-13,1.005765033945465e-11
6,7-scenes-redkitchen,34,39,3DLoMatch,mspki,float64,3,S3,1.2315115705645603e-13,5.034930485341559e-14,2.480287778047528e-13,1.0337306042281543e-12
6,7-scenes-redkitchen,34,39,3DLoMatch,mspki,float64,3,S4_pre_context,1.0418695628828124e-13,5.970639815152603e-14,2.1435781272294119e-13,5.338260458486259e-13
6,7-scenes-redkitchen,34,39,3DLoMatch,mspki,float64,3,S4_post_context,1.0418695628828124e-13,5.970639815152603e-14,2.1435781272294119e-13,5.338260458486259e-13
6,7-scenes-redkitchen,34,39,3DLoMatch,mspki,float64,3,D3,9.213169533885733e-14,4.800328403150769e-14,1.9925185395490524e-13,5.294092323626092e-13
6,7-scenes-redkitchen,34,39,3DLoMatch,mspki,float64,3,D2_pre_context,9.146531974082953e-14,3.516982962553101e-14,1.395588109160777e-13,4.533035004684153e-12
6,7-scenes-redkitchen,34,39,3DLoMatch,mspki,float64,3,D2_post_context,0.0003156941897868225,4.331504579168251e-14,1.7739062319463282e-13,0.023344212970706664
6,7-scenes-redkitchen,34,39,3DLoMatch,mspki,float64,3,final_RE,0.00020141422627103394,2.5590890211225947e-14,2.0145114353107335e-13,0.015118867581838096
6,7-scenes-redkitchen,34,39,3DLoMatch,mspki,float64,3,fine_RI,0.0002742845975272115,nan,nan,nan
6,7-scenes-redkitchen,34,39,3DLoMatch,mspki,float64,3,coarse_RI,9.590656322005493e-14,nan,nan,nan
7,sun3d-home_at-home_at_scan1_2013_jan_1,1,33,3DLoMatch,mspki,float64,0,S2,1.568560262041727e-13,3.0697877019471026e-14,1.535289269370963e-13,9.38460005733621e-12
7,sun3d-home_at-home_at_scan1_2013_jan_1,1,33,3DLoMatch,mspki,float64,0,S3,1.6221394802547616e-13,4.9411535046655174e-14,2.5620705474428874e-13,2.56119774380468e-12
7,sun3d-home_at-home_at_scan1_2013_jan_1,1,33,3DLoMatch,mspki,float64,0,S4_pre_context,1.2086044432327027e-13,5.428958931404818e-14,2.1156752097146246e-13,1.3201414589007357e-12
7,sun3d-home_at-home_at_scan1_2013_jan_1,1,33,3DLoMatch,mspki,float64,0,S4_post_context,1.2086044432327027e-13,5.428958931404818e-14,2.1156752097146246e-13,1.3201414589007357e-12
7,sun3d-home_at-home_at_scan1_2013_jan_1,1,33,3DLoMatch,mspki,float64,0,D3,1.0979088922430621e-13,4.3377900618691346e-14,1.8012436109418657e-13,1.1773280705741712e-12
7,sun3d-home_at-home_at_scan1_2013_jan_1,1,33,3DLoMatch,mspki,float64,0,D2_pre_context,9.220180071529754e-14,3.259764587372162e-14,1.4048318993425706e-13,3.784314314932064e-12
7,sun3d-home_at-home_at_scan1_2013_jan_1,1,33,3DLoMatch,mspki,float64,0,D2_post_context,1.0031553958430802e-13,4.020824144573548e-14,1.692611910321566e-13,2.7722282697581722e-12
7,sun3d-home_at-home_at_scan1_2013_jan_1,1,33,3DLoMatch,mspki,float64,0,final_RE,7.22270615480781e-14,2.1914089625100772e-14,1.9701903381051815e-13,3.8931453131589915e-12
7,sun3d-home_at-home_at_scan1_2013_jan_1,1,33,3DLoMatch,mspki,float64,0,fine_RI,8.351805167257314e-14,nan,nan,nan
7,sun3d-home_at-home_at_scan1_2013_jan_1,1,33,3DLoMatch,mspki,float64,0,coarse_RI,1.2990867683509894e-13,nan,nan,nan
7,sun3d-home_at-home_at_scan1_2013_jan_1,1,33,3DLoMatch,mspki,float64,1,S2,2.7153682819837417e-13,2.899159533505015e-14,1.4986759245004929e-13,2.0516437512845245e-11
7,sun3d-home_at-home_at_scan1_2013_jan_1,1,33,3DLoMatch,mspki,float64,1,S3,2.3761211606116747e-13,4.774662636172941e-14,2.8532764409879775e-13,4.735276921034743e-12
7,sun3d-home_at-home_at_scan1_2013_jan_1,1,33,3DLoMatch,mspki,float64,1,S4_pre_context,1.606582940507271e-13,5.6000104599640533e-14,2.556953286434613e-13,1.278011301402097e-12
7,sun3d-home_at-home_at_scan1_2013_jan_1,1,33,3DLoMatch,mspki,float64,1,S4_post_context,1.606582940507271e-13,5.6000104599640533e-14,2.556953286434613e-13,1.278011301402097e-12
7,sun3d-home_at-home_at_scan1_2013_jan_1,1,33,3DLoMatch,mspki,float64,1,D3,1.675962792448219e-13,4.4754878138561264e-14,2.092694751303378e-13,2.587720577984162e-12
7,sun3d-home_at-home_at_scan1_2013_jan_1,1,33,3DLoMatch,mspki,float64,1,D2_pre_context,1.4522886560881387e-13,3.274733721282635e-14,1.6863587483327259e-13,7.921718107989203e-12
7,sun3d-home_at-home_at_scan1_2013_jan_1,1,33,3DLoMatch,mspki,float64,1,D2_post_context,0.0001546176983363458,4.033260062218133e-14,2.1774491799128103e-13,0.01653610163989572
7,sun3d-home_at-home_at_scan1_2013_jan_1,1,33,3DLoMatch,mspki,float64,1,final_RE,8.706484578787467e-05,2.378511172490844e-14,1.8828405180961107e-13,0.013569931873673086
7,sun3d-home_at-home_at_scan1_2013_jan_1,1,33,3DLoMatch,mspki,float64,1,fine_RI,0.0001256295527102135,nan,nan,nan
7,sun3d-home_at-home_at_scan1_2013_jan_1,1,33,3DLoMatch,mspki,float64,1,coarse_RI,1.525752843825248e-13,nan,nan,nan
7,sun3d-home_at-home_at_scan1_2013_jan_1,1,33,3DLoMatch,mspki,float64,2,S2,1.3529102138745297e-13,3.076481863064573e-14,1.4469612687161924e-13,7.47062285084141e-12
7,sun3d-home_at-home_at_scan1_2013_jan_1,1,33,3DLoMatch,mspki,float64,2,S3,1.6503558334205783e-13,4.9076976089260034e-14,2.802682816660196e-13,3.804991827063952e-12
7,sun3d-home_at-home_at_scan1_2013_jan_1,1,33,3DLoMatch,mspki,float64,2,S4_pre_context,1.2068455928997327e-13,4.794696185442302e-14,2.363599296773495e-13,7.788207489529534e-13
7,sun3d-home_at-home_at_scan1_2013_jan_1,1,33,3DLoMatch,mspki,float64,2,S4_post_context,1.2068455928997327e-13,4.794696185442302e-14,2.363599296773495e-13,7.788207489529534e-13
7,sun3d-home_at-home_at_scan1_2013_jan_1,1,33,3DLoMatch,mspki,float64,2,D3,1.1552934350582068e-13,4.0046916506794106e-14,2.0918354153038694e-13,2.38318582287372e-12
7,sun3d-home_at-home_at_scan1_2013_jan_1,1,33,3DLoMatch,mspki,float64,2,D2_pre_context,9.127249780873892e-14,2.990672392224604e-14,1.4788160345267044e-13,2.9379471287575624e-12
7,sun3d-home_at-home_at_scan1_2013_jan_1,1,33,3DLoMatch,mspki,float64,2,D2_post_context,1.0276958189641165e-13,3.5940239753690606e-14,1.771382894289676e-13,2.3097698909820254e-12
7,sun3d-home_at-home_at_scan1_2013_jan_1,1,33,3DLoMatch,mspki,float64,2,final_RE,6.146246856180019e-14,2.1010965114721407e-14,1.51260339805309e-13,3.221709198670132e-12
7,sun3d-home_at-home_at_scan1_2013_jan_1,1,33,3DLoMatch,mspki,float64,2,fine_RI,8.37032954577462e-14,nan,nan,nan
7,sun3d-home_at-home_at_scan1_2013_jan_1,1,33,3DLoMatch,mspki,float64,2,coarse_RI,1.1286432666076863e-13,nan,nan,nan
7,sun3d-home_at-home_at_scan1_2013_jan_1,1,33,3DLoMatch,mspki,float64,3,S2,1.2375477088016128e-13,2.888128277142025e-14,1.338525338833452e-13,6.8499839326285485e-12
7,sun3d-home_at-home_at_scan1_2013_jan_1,1,33,3DLoMatch,mspki,float64,3,S3,1.242064313760084e-13,4.412396622178623e-14,2.1409894402027603e-13,1.7107676672369367e-12
7,sun3d-home_at-home_at_scan1_2013_jan_1,1,33,3DLoMatch,mspki,float64,3,S4_pre_context,9.411351951883969e-14,4.842531357096502e-14,1.7036722935870487e-13,8.924709794276936e-13
7,sun3d-home_at-home_at_scan1_2013_jan_1,1,33,3DLoMatch,mspki,float64,3,S4_post_context,9.411351951883969e-14,4.842531357096502e-14,1.7036722935870487e-13,8.924709794276936e-13
7,sun3d-home_at-home_at_scan1_2013_jan_1,1,33,3DLoMatch,mspki,float64,3,D3,8.600845254320172e-14,3.862723734308585e-14,1.4401376438761143e-13,8.750884599481752e-13
7,sun3d-home_at-home_at_scan1_2013_jan_1,1,33,3DLoMatch,mspki,float64,3,D2_pre_context,7.036379818656867e-14,2.891650540435049e-14,1.0986113255700933e-13,2.609930328936686e-12
7,sun3d-home_at-home_at_scan1_2013_jan_1,1,33,3DLoMatch,mspki,float64,3,D2_post_context,9.779092568399313e-05,3.4387027161529656e-14,1.3587119286382278e-13,0.00908959129528472
7,sun3d-home_at-home_at_scan1_2013_jan_1,1,33,3DLoMatch,mspki,float64,3,final_RE,4.035863900022491e-05,1.9405088623176917e-14,1.4938507559470375e-13,0.0035414106697819886
7,sun3d-home_at-home_at_scan1_2013_jan_1,1,33,3DLoMatch,mspki,float64,3,fine_RI,8.781578232064617e-05,nan,nan,nan
7,sun3d-home_at-home_at_scan1_2013_jan_1,1,33,3DLoMatch,mspki,float64,3,coarse_RI,9.909233274037848e-14,nan,nan,nan
8,sun3d-home_at-home_at_scan1_2013_jan_1,7,29,3DLoMatch,mspki,float64,0,S2,3.1611790942283206e-13,3.554509004706741e-14,2.0321783169582332e-13,2.1607458323093558e-11
8,sun3d-home_at-home_at_scan1_2013_jan_1,7,29,3DLoMatch,mspki,float64,0,S3,3.7599006864048413e-13,5.488785569669206e-14,3.595686676076076e-13,1.1656492814644636e-11
8,sun3d-home_at-home_at_scan1_2013_jan_1,7,29,3DLoMatch,mspki,float64,0,S4_pre_context,1.9094436722180655e-13,5.869647125664957e-14,3.2824040867275987e-13,1.3592575724496659e-12
8,sun3d-home_at-home_at_scan1_2013_jan_1,7,29,3DLoMatch,mspki,float64,0,S4_post_context,1.9094436722180655e-13,5.869647125664957e-14,3.2824040867275987e-13,1.3592575724496659e-12
8,sun3d-home_at-home_at_scan1_2013_jan_1,7,29,3DLoMatch,mspki,float64,0,D3,1.9111161237916242e-13,4.567712196482693e-14,2.5022218432195373e-13,3.3264565695583253e-12
8,sun3d-home_at-home_at_scan1_2013_jan_1,7,29,3DLoMatch,mspki,float64,0,D2_pre_context,1.349748064049842e-13,3.361284969423011e-14,1.7825836276232945e-13,6.143502184392842e-12
8,sun3d-home_at-home_at_scan1_2013_jan_1,7,29,3DLoMatch,mspki,float64,0,D2_post_context,0.0003466239291726354,3.994032621506932e-14,2.3494821001905613e-13,0.020791421761329993
8,sun3d-home_at-home_at_scan1_2013_jan_1,7,29,3DLoMatch,mspki,float64,0,final_RE,6.552760490720877e-05,2.0685192042065256e-14,1.8219795391810664e-13,0.004871114860435749
8,sun3d-home_at-home_at_scan1_2013_jan_1,7,29,3DLoMatch,mspki,float64,0,fine_RI,0.00028380800841431734,nan,nan,nan
8,sun3d-home_at-home_at_scan1_2013_jan_1,7,29,3DLoMatch,mspki,float64,0,coarse_RI,1.685669911861085e-13,nan,nan,nan
8,sun3d-home_at-home_at_scan1_2013_jan_1,7,29,3DLoMatch,mspki,float64,1,S2,1.7635001808892687e-13,3.370096714233369e-14,1.819301719998095e-13,1.0676963953766408e-11
8,sun3d-home_at-home_at_scan1_2013_jan_1,7,29,3DLoMatch,mspki,float64,1,S3,2.1316480573798237e-13,5.255566585036812e-14,2.9363594333218527e-13,5.73736809211275e-12
8,sun3d-home_at-home_at_scan1_2013_jan_1,7,29,3DLoMatch,mspki,float64,1,S4_pre_context,1.3487171457100735e-13,5.6442289438299117e-14,2.502565632902417e-13,1.1924673454902763e-12
8,sun3d-home_at-home_at_scan1_2013_jan_1,7,29,3DLoMatch,mspki,float64,1,S4_post_context,1.3487171457100735e-13,5.6442289438299117e-14,2.502565632902417e-13,1.1924673454902763e-12
8,sun3d-home_at-home_at_scan1_2013_jan_1,7,29,3DLoMatch,mspki,float64,1,D3,1.1817113793564612e-13,4.362971054462182e-14,1.9115421738243072e-13,1.7100928026651845e-12
8,sun3d-home_at-home_at_scan1_2013_jan_1,7,29,3DLoMatch,mspki,float64,1,D2_pre_context,9.108204531056489e-14,3.331531594905461e-14,1.3797936057956755e-13,3.0612344809540586e-12
8,sun3d-home_at-home_at_scan1_2013_jan_1,7,29,3DLoMatch,mspki,float64,1,D2_post_context,0.0003296842189919251,4.01132693828141e-14,1.5738021319376424e-13,0.020791421761272806
8,sun3d-home_at-home_at_scan1_2013_jan_1,7,29,3DLoMatch,mspki,float64,1,final_RE,0.00010784969278401537,2.0831377028456812e-14,1.3085231596381653e-13,0.006410401789861647
8,sun3d-home_at-home_at_scan1_2013_jan_1,7,29,3DLoMatch,mspki,float64,1,fine_RI,0.0002579937924178219,nan,nan,nan
8,sun3d-home_at-home_at_scan1_2013_jan_1,7,29,3DLoMatch,mspki,float64,1,coarse_RI,1.1564365798448232e-13,nan,nan,nan
8,sun3d-home_at-home_at_scan1_2013_jan_1,7,29,3DLoMatch,mspki,float64,2,S2,2.8092781811703694e-13,3.537132649595186e-14,2.0473309096503777e-13,1.8834310979933424e-11
8,sun3d-home_at-home_at_scan1_2013_jan_1,7,29,3DLoMatch,mspki,float64,2,S3,3.358887717056581e-13,5.461484420259506e-14,3.692578961295513e-13,1.008246921809329e-11
8,sun3d-home_at-home_at_scan1_2013_jan_1,7,29,3DLoMatch,mspki,float64,2,S4_pre_context,1.8461908264576303e-13,5.90564005948751e-14,3.2483894558815663e-13,1.6345255286065793e-12
8,sun3d-home_at-home_at_scan1_2013_jan_1,7,29,3DLoMatch,mspki,float64,2,S4_post_context,1.8461908264576303e-13,5.90564005948751e-14,3.2483894558815663e-13,1.6345255286065793e-12
8,sun3d-home_at-home_at_scan1_2013_jan_1,7,29,3DLoMatch,mspki,float64,2,D3,1.7546576272878674e-13,4.528828859144832e-14,2.47173764118756e-13,2.9476802525969452e-12
8,sun3d-home_at-home_at_scan1_2013_jan_1,7,29,3DLoMatch,mspki,float64,2,D2_pre_context,1.2445480859043546e-13,3.3149666705548585e-14,1.6552711235502933e-13,5.389815870815031e-12
8,sun3d-home_at-home_at_scan1_2013_jan_1,7,29,3DLoMatch,mspki,float64,2,D2_post_context,0.00046261972134682466,3.908272625617399e-14,2.0616783597953524e-13,0.026043413770523716
8,sun3d-home_at-home_at_scan1_2013_jan_1,7,29,3DLoMatch,mspki,float64,2,final_RE,0.0001277557589905411,2.147761945646136e-14,1.8481362807534616e-13,0.00641040178984504
8,sun3d-home_at-home_at_scan1_2013_jan_1,7,29,3DLoMatch,mspki,float64,2,fine_RI,0.00038096645569332156,nan,nan,nan
8,sun3d-home_at-home_at_scan1_2013_jan_1,7,29,3DLoMatch,mspki,float64,2,coarse_RI,1.5868167097859185e-13,nan,nan,nan
8,sun3d-home_at-home_at_scan1_2013_jan_1,7,29,3DLoMatch,mspki,float64,3,S2,2.574525264243573e-13,3.467421793195996e-14,2.300196688200275e-13,1.4308716004941051e-11
8,sun3d-home_at-home_at_scan1_2013_jan_1,7,29,3DLoMatch,mspki,float64,3,S3,2.8908941279445746e-13,5.740691603890308e-14,3.6959314507229944e-13,7.719898459083183e-12
8,sun3d-home_at-home_at_scan1_2013_jan_1,7,29,3DLoMatch,mspki,float64,3,S4_pre_context,1.6751770997684538e-13,6.717710735213724e-14,2.9006250680429316e-13,1.1954941310307284e-12
8,sun3d-home_at-home_at_scan1_2013_jan_1,7,29,3DLoMatch,mspki,float64,3,S4_post_context,1.6751770997684538e-13,6.717710735213724e-14,2.9006250680429316e-13,1.1954941310307284e-12
8,sun3d-home_at-home_at_scan1_2013_jan_1,7,29,3DLoMatch,mspki,float64,3,D3,1.5444320440024884e-13,5.256473535569099e-14,2.4923181741994354e-13,2.2453419338335075e-12
8,sun3d-home_at-home_at_scan1_2013_jan_1,7,29,3DLoMatch,mspki,float64,3,D2_pre_context,1.1786874885917997e-13,3.790713028949537e-14,1.7231172371744577e-13,4.0718318232151e-12
8,sun3d-home_at-home_at_scan1_2013_jan_1,7,29,3DLoMatch,mspki,float64,3,D2_post_context,0.00022672569255861971,4.565943036172902e-14,2.1395784547364068e-13,0.0177368622627134
8,sun3d-home_at-home_at_scan1_2013_jan_1,7,29,3DLoMatch,mspki,float64,3,final_RE,4.777884282079775e-05,2.4885690686915386e-14,1.5174886052232976e-13,0.004303988762450951
8,sun3d-home_at-home_at_scan1_2013_jan_1,7,29,3DLoMatch,mspki,float64,3,fine_RI,0.000194562479777149,nan,nan,nan
8,sun3d-home_at-home_at_scan1_2013_jan_1,7,29,3DLoMatch,mspki,float64,3,coarse_RI,1.4538238245056463e-13,nan,nan,nan
9,sun3d-home_at-home_at_scan1_2013_jan_1,24,47,3DLoMatch,mspki,float64,0,S2,9.984759750516597e-14,3.029437312634281e-14,1.6656231440235662e-13,2.159585169909495e-12
9,sun3d-home_at-home_at_scan1_2013_jan_1,24,47,3DLoMatch,mspki,float64,0,S3,1.1686205251203856e-13,4.4727502753948e-14,2.3750272508931825e-13,1.4042542269084489e-12
9,sun3d-home_at-home_at_scan1_2013_jan_1,24,47,3DLoMatch,mspki,float64,0,S4_pre_context,8.922722702154029e-14,4.377490747561526e-14,1.7368905047214766e-13,5.57358773370141e-13
9,sun3d-home_at-home_at_scan1_2013_jan_1,24,47,3DLoMatch,mspki,float64,0,S4_post_context,8.922722702154029e-14,4.377490747561526e-14,1.7368905047214766e-13,5.57358773370141e-13
9,sun3d-home_at-home_at_scan1_2013_jan_1,24,47,3DLoMatch,mspki,float64,0,D3,7.02591287524749e-14,3.3785139636470016e-14,1.4864799596963982e-13,4.767109520609492e-13
9,sun3d-home_at-home_at_scan1_2013_jan_1,24,47,3DLoMatch,mspki,float64,0,D2_pre_context,5.34200982453502e-14,2.4696215944546825e-14,1.059083823356664e-13,7.618548278629762e-13
9,sun3d-home_at-home_at_scan1_2013_jan_1,24,47,3DLoMatch,mspki,float64,0,D2_post_context,0.0001445034490296693,2.9394187345944435e-14,1.1254756618206891e-13,0.012790289511134856
9,sun3d-home_at-home_at_scan1_2013_jan_1,24,47,3DLoMatch,mspki,float64,0,final_RE,1.9963934325780378e-05,1.528985882800732e-14,1.0367542352425996e-13,0.0022403943398557158
9,sun3d-home_at-home_at_scan1_2013_jan_1,24,47,3DLoMatch,mspki,float64,0,fine_RI,0.0001296327173082891,nan,nan,nan
9,sun3d-home_at-home_at_scan1_2013_jan_1,24,47,3DLoMatch,mspki,float64,0,coarse_RI,8.735167874022483e-14,nan,nan,nan
9,sun3d-home_at-home_at_scan1_2013_jan_1,24,47,3DLoMatch,mspki,float64,1,S2,9.508383082626018e-14,3.0201835546500246e-14,1.5266022037624572e-13,2.3140479291246063e-12
9,sun3d-home_at-home_at_scan1_2013_jan_1,24,47,3DLoMatch,mspki,float64,1,S3,1.0318106837642541e-13,4.721502145137591e-14,2.239331222875765e-13,8.159954015338442e-13
9,sun3d-home_at-home_at_scan1_2013_jan_1,24,47,3DLoMatch,mspki,float64,1,S4_pre_context,8.077131649120195e-14,4.6495976809365056e-14,1.4352242723719e-13,5.121946491717381e-13
9,sun3d-home_at-home_at_scan1_2013_jan_1,24,47,3DLoMatch,mspki,float64,1,S4_post_context,8.077131649120195e-14,4.6495976809365056e-14,1.4352242723719e-13,5.121946491717381e-13
9,sun3d-home_at-home_at_scan1_2013_jan_1,24,47,3DLoMatch,mspki,float64,1,D3,6.348708938336087e-14,3.5434768435566595e-14,1.2882784464144795e-13,4.310066544303793e-13
9,sun3d-home_at-home_at_scan1_2013_jan_1,24,47,3DLoMatch,mspki,float64,1,D2_pre_context,5.315497609203411e-14,2.6413839362479082e-14,9.255828266157043e-14,1.0790967190754326e-12
9,sun3d-home_at-home_at_scan1_2013_jan_1,24,47,3DLoMatch,mspki,float64,1,D2_post_context,0.0001550825974166226,3.19055347656823e-14,1.0028231749761356e-13,0.012790289511119319
9,sun3d-home_at-home_at_scan1_2013_jan_1,24,47,3DLoMatch,mspki,float64,1,final_RE,3.0076445106139932e-05,1.6138104342586983e-14,1.088213532711071e-13,0.002240394339850231
9,sun3d-home_at-home_at_scan1_2013_jan_1,24,47,3DLoMatch,mspki,float64,1,fine_RI,0.00013848190385680218,nan,nan,nan
9,sun3d-home_at-home_at_scan1_2013_jan_1,24,47,3DLoMatch,mspki,float64,1,coarse_RI,8.751407408650592e-14,nan,nan,nan
9,sun3d-home_at-home_at_scan1_2013_jan_1,24,47,3DLoMatch,mspki,float64,2,S2,1.0162285057355141e-13,2.9777950507769144e-14,1.6947830587157121e-13,2.276381808926388e-12
9,sun3d-home_at-home_at_scan1_2013_jan_1,24,47,3DLoMatch,mspki,float64,2,S3,1.1918117491517382e-13,4.521217763358104e-14,2.4607803601426273e-13,1.300561127901875e-12
9,sun3d-home_at-home_at_scan1_2013_jan_1,24,47,3DLoMatch,mspki,float64,2,S4_pre_context,9.380852261131027e-14,4.435198098109596e-14,1.774976241193443e-13,6.829269509112398e-13
9,sun3d-home_at-home_at_scan1_2013_jan_1,24,47,3DLoMatch,mspki,float64,2,S4_post_context,9.380852261131027e-14,4.435198098109596e-14,1.774976241193443e-13,6.829269509112398e-13
9,sun3d-home_at-home_at_scan1_2013_jan_1,24,47,3DLoMatch,mspki,float64,2,D3,7.533124287933735e-14,3.462461128806655e-14,1.5392006701558237e-13,6.798574805892957e-13
9,sun3d-home_at-home_at_scan1_2013_jan_1,24,47,3DLoMatch,mspki,float64,2,D2_pre_context,5.666219528849169e-14,2.554495900072294e-14,1.0541173409761545e-13,9.282431857370807e-13
9,sun3d-home_at-home_at_scan1_2013_jan_1,24,47,3DLoMatch,mspki,float64,2,D2_post_context,0.00014450344902988617,3.0195849708236017e-14,1.140492161111368e-13,0.012790289511154048
9,sun3d-home_at-home_at_scan1_2013_jan_1,24,47,3DLoMatch,mspki,float64,2,final_RE,1.996393432601697e-05,1.5381798705801666e-14,1.1309357773333606e-13,0.0022403943398822666
9,sun3d-home_at-home_at_scan1_2013_jan_1,24,47,3DLoMatch,mspki,float64,2,fine_RI,0.00012963271730852383,nan,nan,nan
9,sun3d-home_at-home_at_scan1_2013_jan_1,24,47,3DLoMatch,mspki,float64,2,coarse_RI,8.38636890995311e-14,nan,nan,nan
9,sun3d-home_at-home_at_scan1_2013_jan_1,24,47,3DLoMatch,mspki,float64,3,S2,9.477413237211854e-14,3.0107283851423704e-14,1.481971354776747e-13,2.298124570910161e-12
9,sun3d-home_at-home_at_scan1_2013_jan_1,24,47,3DLoMatch,mspki,float64,3,S3,9.941963611995215e-14,4.6219919830229755e-14,2.062114017767937e-13,9.164126378153528e-13
9,sun3d-home_at-home_at_scan1_2013_jan_1,24,47,3DLoMatch,mspki,float64,3,S4_pre_context,7.629703451217633e-14,4.4436513014782825e-14,1.5077014558282906e-13,4.389715051532561e-13
9,sun3d-home_at-home_at_scan1_2013_jan_1,24,47,3DLoMatch,mspki,float64,3,S4_post_context,7.629703451217633e-14,4.4436513014782825e-14,1.5077014558282906e-13,4.389715051532561e-13
9,sun3d-home_at-home_at_scan1_2013_jan_1,24,47,3DLoMatch,mspki,float64,3,D3,6.200552955692873e-14,3.431542410845472e-14,1.2622408188874686e-13,4.2718451574441247e-13
9,sun3d-home_at-home_at_scan1_2013_jan_1,24,47,3DLoMatch,mspki,float64,3,D2_pre_context,5.286677355400467e-14,2.5578943579536952e-14,8.98764025873679e-14,8.275809829291244e-13
9,sun3d-home_at-home_at_scan1_2013_jan_1,24,47,3DLoMatch,mspki,float64,3,D2_post_context,5.6297115734863404e-05,2.999279072628824e-14,9.608409342828216e-14,0.004847498130520454
9,sun3d-home_at-home_at_scan1_2013_jan_1,24,47,3DLoMatch,mspki,float64,3,final_RE,2.249519674196123e-05,1.5102571775129678e-14,1.0544210440725635e-13,0.0018277958897600253
9,sun3d-home_at-home_at_scan1_2013_jan_1,24,47,3DLoMatch,mspki,float64,3,fine_RI,4.87093040304763e-05,nan,nan,nan
9,sun3d-home_at-home_at_scan1_2013_jan_1,24,47,3DLoMatch,mspki,float64,3,coarse_RI,7.042706085371131e-14,nan,nan,nan
10,sun3d-home_at-home_at_scan1_2013_jan_1,40,43,3DLoMatch,mspki,float64,0,S2,1.8006992009317141e-13,3.8764357870712136e-14,1.9060244573564276e-13,8.978741753581253e-12
10,sun3d-home_at-home_at_scan1_2013_jan_1,40,43,3DLoMatch,mspki,float64,0,S3,2.1446111058233466e-13,6.670839517007433e-14,3.2699256424450873e-13,4.058160419751285e-12
10,sun3d-home_at-home_at_scan1_2013_jan_1,40,43,3DLoMatch,mspki,float64,0,S4_pre_context,1.5953439869501017e-13,8.591526441393402e-14,2.982631996641786e-13,1.4078762420808383e-12
10,sun3d-home_at-home_at_scan1_2013_jan_1,40,43,3DLoMatch,mspki,float64,0,S4_post_context,1.5953439869501017e-13,8.591526441393402e-14,2.982631996641786e-13,1.4078762420808383e-12
10,sun3d-home_at-home_at_scan1_2013_jan_1,40,43,3DLoMatch,mspki,float64,0,D3,1.3183520048470436e-13,7.131394263629996e-14,2.284811632417094e-13,1.6643076041598824e-12
10,sun3d-home_at-home_at_scan1_2013_jan_1,40,43,3DLoMatch,mspki,float64,0,D2_pre_context,1.141292980640231e-13,4.922447531128655e-14,1.626075744866256e-13,4.799545722881569e-12
10,sun3d-home_at-home_at_scan1_2013_jan_1,40,43,3DLoMatch,mspki,float64,0,D2_post_context,0.000411026550628932,6.326953300573914e-14,1.99768977559347e-13,0.025548984049727698
10,sun3d-home_at-home_at_scan1_2013_jan_1,40,43,3DLoMatch,mspki,float64,0,final_RE,0.0005898326778630324,4.636844123948231e-14,2.93846009636647e-13,0.08410224051674668
10,sun3d-home_at-home_at_scan1_2013_jan_1,40,43,3DLoMatch,mspki,float64,0,fine_RI,0.000319843783483593,nan,nan,nan
10,sun3d-home_at-home_at_scan1_2013_jan_1,40,43,3DLoMatch,mspki,float64,0,coarse_RI,1.7347445049819256e-13,nan,nan,nan
10,sun3d-home_at-home_at_scan1_2013_jan_1,40,43,3DLoMatch,mspki,float64,1,S2,1.6872507540549022e-13,3.592767593077939e-14,1.68002912469559e-13,8.447410961679728e-12
10,sun3d-home_at-home_at_scan1_2013_jan_1,40,43,3DLoMatch,mspki,float64,1,S3,1.9182355730180227e-13,6.030696297242855e-14,2.6841556440604284e-13,5.211798964714044e-12
10,sun3d-home_at-home_at_scan1_2013_jan_1,40,43,3DLoMatch,mspki,float64,1,S4_pre_context,1.2843424256124328e-13,6.777923366606436e-14,2.324011262020325e-13,7.429774589412539e-13
10,sun3d-home_at-home_at_scan1_2013_jan_1,40,43,3DLoMatch,mspki,float64,1,S4_post_context,1.2843424256124328e-13,6.777923366606436e-14,2.324011262020325e-13,7.429774589412539e-13
10,sun3d-home_at-home_at_scan1_2013_jan_1,40,43,3DLoMatch,mspki,float64,1,D3,1.1297993410732483e-13,5.615609766129803e-14,1.9032017285858945e-13,2.120978111001887e-12
10,sun3d-home_at-home_at_scan1_2013_jan_1,40,43,3DLoMatch,mspki,float64,1,D2_pre_context,9.655382946116749e-14,4.04336288193783e-14,1.3133801102711527e-13,4.481162879229713e-12
10,sun3d-home_at-home_at_scan1_2013_jan_1,40,43,3DLoMatch,mspki,float64,1,D2_post_context,0.00040857810476758517,5.105762888070377e-14,1.6487806852074576e-13,0.025548984049764172
10,sun3d-home_at-home_at_scan1_2013_jan_1,40,43,3DLoMatch,mspki,float64,1,final_RE,0.0006064360525280422,3.5835569162228177e-14,2.726356304246964e-13,0.08410224051662438
10,sun3d-home_at-home_at_scan1_2013_jan_1,40,43,3DLoMatch,mspki,float64,1,fine_RI,0.00032457373821046496,nan,nan,nan
10,sun3d-home_at-home_at_scan1_2013_jan_1,40,43,3DLoMatch,mspki,float64,1,coarse_RI,1.4390530089880694e-13,nan,nan,nan
10,sun3d-home_at-home_at_scan1_2013_jan_1,40,43,3DLoMatch,mspki,float64,2,S2,1.1216679674001384e-13,3.855896486739727e-14,1.8528987720312701e-13,2.3173709680673165e-12
10,sun3d-home_at-home_at_scan1_2013_jan_1,40,43,3DLoMatch,mspki,float64,2,S3,1.2895442993609315e-13,6.382153884524222e-14,2.398753283873412e-13,2.0598078860793547e-12
10,sun3d-home_at-home_at_scan1_2013_jan_1,40,43,3DLoMatch,mspki,float64,2,S4_pre_context,1.0883945366247588e-13,6.96865939117827e-14,1.9887861933415654e-13,1.0748141285321272e-12
10,sun3d-home_at-home_at_scan1_2013_jan_1,40,43,3DLoMatch,mspki,float64,2,S4_post_context,1.0883945366247588e-13,6.96865939117827e-14,1.9887861933415654e-13,1.0748141285321272e-12
10,sun3d-home_at-home_at_scan1_2013_jan_1,40,43,3DLoMatch,mspki,float64,2,D3,9.066884431340295e-14,5.820490698955348e-14,1.658230031947998e-13,8.849112322501109e-13
10,sun3d-home_at-home_at_scan1_2013_jan_1,40,43,3DLoMatch,mspki,float64,2,D2_pre_context,7.48065230273786e-14,4.312432025309818e-14,1.228177777649385e-13,1.9129328860293262e-12
10,sun3d-home_at-home_at_scan1_2013_jan_1,40,43,3DLoMatch,mspki,float64,2,D2_post_context,0.00034168626738621544,5.559669483196977e-14,1.5680618119323567e-13,0.025548984049759353
10,sun3d-home_at-home_at_scan1_2013_jan_1,40,43,3DLoMatch,mspki,float64,2,final_RE,0.0006056641929080292,3.848846723313756e-14,2.7917856493034793e-13,0.08410224051707803
10,sun3d-home_at-home_at_scan1_2013_jan_1,40,43,3DLoMatch,mspki,float64,2,fine_RI,0.0002568846846194044,nan,nan,nan
10,sun3d-home_at-home_at_scan1_2013_jan_1,40,43,3DLoMatch,mspki,float64,2,coarse_RI,1.3694257615314364e-13,nan,nan,nan
10,sun3d-home_at-home_at_scan1_2013_jan_1,40,43,3DLoMatch,mspki,float64,3,S2,1.1549701532768512e-13,3.5132799305517263e-14,1.5937083112237572e-13,4.989200753534404e-12
10,sun3d-home_at-home_at_scan1_2013_jan_1,40,43,3DLoMatch,mspki,float64,3,S3,1.4680358428954735e-13,5.501148016092055e-14,2.419556891779104e-13,3.2223634690301495e-12
10,sun3d-home_at-home_at_scan1_2013_jan_1,40,43,3DLoMatch,mspki,float64,3,S4_pre_context,1.1512864453917588e-13,6.179715215272805e-14,2.106049636100609e-13,7.327363609334824e-13
10,sun3d-home_at-home_at_scan1_2013_jan_1,40,43,3DLoMatch,mspki,float64,3,S4_post_context,1.1512864453917588e-13,6.179715215272805e-14,2.106049636100609e-13,7.327363609334824e-13
10,sun3d-home_at-home_at_scan1_2013_jan_1,40,43,3DLoMatch,mspki,float64,3,D3,9.710595969638007e-14,5.344764314160245e-14,1.709280967945433e-13,1.3257029026683144e-12
10,sun3d-home_at-home_at_scan1_2013_jan_1,40,43,3DLoMatch,mspki,float64,3,D2_pre_context,7.949531983265197e-14,3.8470986402768294e-14,1.2917691334677354e-13,2.664596540481346e-12
10,sun3d-home_at-home_at_scan1_2013_jan_1,40,43,3DLoMatch,mspki,float64,3,D2_post_context,0.0004013681955397576,4.787981308977066e-14,1.7328348069976892e-13,0.03318123194986756
10,sun3d-home_at-home_at_scan1_2013_jan_1,40,43,3DLoMatch,mspki,float64,3,final_RE,0.0006405266857387133,3.49855320632626e-14,2.5110780419390337e-13,0.06468647275480108
10,sun3d-home_at-home_at_scan1_2013_jan_1,40,43,3DLoMatch,mspki,float64,3,fine_RI,0.00031034450403777137,nan,nan,nan
10,sun3d-home_at-home_at_scan1_2013_jan_1,40,43,3DLoMatch,mspki,float64,3,coarse_RI,1.165426687425973e-13,nan,nan,nan
11,sun3d-home_md-home_md_scan9_2012_sep_30,4,8,3DLoMatch,mspki,float64,0,S2,1.1203764311009836e-13,3.5886144047169476e-14,1.564809700603425e-13,4.137529979832978e-12
11,sun3d-home_md-home_md_scan9_2012_sep_30,4,8,3DLoMatch,mspki,float64,0,S3,1.2277116962372266e-13,5.759851908189432e-14,2.1103308259898764e-13,1.9060740914651833e-12
11,sun3d-home_md-home_md_scan9_2012_sep_30,4,8,3DLoMatch,mspki,float64,0,S4_pre_context,8.862529199704447e-14,5.593404978590122e-14,1.6295858175446139e-13,3.983898170971201e-13
11,sun3d-home_md-home_md_scan9_2012_sep_30,4,8,3DLoMatch,mspki,float64,0,S4_post_context,8.862529199704447e-14,5.593404978590122e-14,1.6295858175446139e-13,3.983898170971201e-13
11,sun3d-home_md-home_md_scan9_2012_sep_30,4,8,3DLoMatch,mspki,float64,0,D3,7.884825940183984e-14,4.27981626705428e-14,1.4208276880711625e-13,8.161447364759577e-13
11,sun3d-home_md-home_md_scan9_2012_sep_30,4,8,3DLoMatch,mspki,float64,0,D2_pre_context,8.059797079973871e-14,3.133996188318138e-14,1.0229232907866906e-13,3.875328781158772e-12
11,sun3d-home_md-home_md_scan9_2012_sep_30,4,8,3DLoMatch,mspki,float64,0,D2_post_context,0.00020157427082016156,3.6029828691761435e-14,1.197895520194059e-13,0.015358318278892788
11,sun3d-home_md-home_md_scan9_2012_sep_30,4,8,3DLoMatch,mspki,float64,0,final_RE,6.047236951423764e-05,1.6438934263960776e-14,1.1197270955644452e-13,0.004533463465867576
11,sun3d-home_md-home_md_scan9_2012_sep_30,4,8,3DLoMatch,mspki,float64,0,fine_RI,0.00017202144433443883,nan,nan,nan
11,sun3d-home_md-home_md_scan9_2012_sep_30,4,8,3DLoMatch,mspki,float64,0,coarse_RI,8.755387890308184e-14,nan,nan,nan
11,sun3d-home_md-home_md_scan9_2012_sep_30,4,8,3DLoMatch,mspki,float64,1,S2,1.214405071579142e-13,3.66182671259433e-14,1.691063366158357e-13,4.436248825418893e-12
11,sun3d-home_md-home_md_scan9_2012_sep_30,4,8,3DLoMatch,mspki,float64,1,S3,1.2460456415930432e-13,5.680685478653801e-14,2.1204648847628e-13,2.2577488801387435e-12
11,sun3d-home_md-home_md_scan9_2012_sep_30,4,8,3DLoMatch,mspki,float64,1,S4_pre_context,9.14081524911764e-14,5.32873457280128e-14,1.7788003023291524e-13,5.49225325635572e-13
11,sun3d-home_md-home_md_scan9_2012_sep_30,4,8,3DLoMatch,mspki,float64,1,S4_post_context,9.14081524911764e-14,5.32873457280128e-14,1.7788003023291524e-13,5.49225325635572e-13
11,sun3d-home_md-home_md_scan9_2012_sep_30,4,8,3DLoMatch,mspki,float64,1,D3,8.173349532198449e-14,4.128013560206503e-14,1.5071085232054828e-13,1.1604511290288775e-12
11,sun3d-home_md-home_md_scan9_2012_sep_30,4,8,3DLoMatch,mspki,float64,1,D2_pre_context,7.754136882762043e-14,3.039513214714536e-14,1.1464853114876181e-13,2.7174654023014e-12
11,sun3d-home_md-home_md_scan9_2012_sep_30,4,8,3DLoMatch,mspki,float64,1,D2_post_context,7.741827653807885e-14,3.456652861864411e-14,1.4177880672597658e-13,1.8508022267151148e-12
11,sun3d-home_md-home_md_scan9_2012_sep_30,4,8,3DLoMatch,mspki,float64,1,final_RE,4.484327902297079e-14,1.6065419559542943e-14,1.2140897712005156e-13,3.832819448206953e-12
11,sun3d-home_md-home_md_scan9_2012_sep_30,4,8,3DLoMatch,mspki,float64,1,fine_RI,5.5992936953966386e-14,nan,nan,nan
11,sun3d-home_md-home_md_scan9_2012_sep_30,4,8,3DLoMatch,mspki,float64,1,coarse_RI,8.337125850193228e-14,nan,nan,nan
11,sun3d-home_md-home_md_scan9_2012_sep_30,4,8,3DLoMatch,mspki,float64,2,S2,1.1693361365181387e-13,3.583837244412878e-14,1.6273401969814013e-13,4.8526247804799935e-12
11,sun3d-home_md-home_md_scan9_2012_sep_30,4,8,3DLoMatch,mspki,float64,2,S3,1.0774315116000962e-13,5.455663605901394e-14,2.0595700864845946e-13,1.2352609002661648e-12
11,sun3d-home_md-home_md_scan9_2012_sep_30,4,8,3DLoMatch,mspki,float64,2,S4_pre_context,8.406599255277478e-14,5.293195129435787e-14,1.621007143555145e-13,3.0606164899689735e-13
11,sun3d-home_md-home_md_scan9_2012_sep_30,4,8,3DLoMatch,mspki,float64,2,S4_post_context,8.406599255277478e-14,5.293195129435787e-14,1.621007143555145e-13,3.0606164899689735e-13
11,sun3d-home_md-home_md_scan9_2012_sep_30,4,8,3DLoMatch,mspki,float64,2,D3,7.02931416778562e-14,3.935679253822521e-14,1.3276799730973365e-13,6.61408517660649e-13
11,sun3d-home_md-home_md_scan9_2012_sep_30,4,8,3DLoMatch,mspki,float64,2,D2_pre_context,8.076220990720087e-14,2.9608681521192086e-14,1.0036014168835652e-13,4.559213825604671e-12
11,sun3d-home_md-home_md_scan9_2012_sep_30,4,8,3DLoMatch,mspki,float64,2,D2_post_context,0.00017917611207543812,3.368905324825685e-14,1.1517380458451897e-13,0.015358318278878662
11,sun3d-home_md-home_md_scan9_2012_sep_30,4,8,3DLoMatch,mspki,float64,2,final_RE,4.309450163856008e-05,1.566256695643346e-14,1.0532794766315915e-13,0.004055083710610959
11,sun3d-home_md-home_md_scan9_2012_sep_30,4,8,3DLoMatch,mspki,float64,2,fine_RI,0.00015446115716081715,nan,nan,nan
11,sun3d-home_md-home_md_scan9_2012_sep_30,4,8,3DLoMatch,mspki,float64,2,coarse_RI,9.919565599996288e-14,nan,nan,nan
11,sun3d-home_md-home_md_scan9_2012_sep_30,4,8,3DLoMatch,mspki,float64,3,S2,1.1540102657320867e-13,3.577047283116522e-14,1.4367849312589126e-13,6.508354545692223e-12
11,sun3d-home_md-home_md_scan9_2012_sep_30,4,8,3DLoMatch,mspki,float64,3,S3,8.972635209699973e-14,5.380885406908152e-14,1.683066676736779e-13,7.054358749075932e-13
11,sun3d-home_md-home_md_scan9_2012_sep_30,4,8,3DLoMatch,mspki,float64,3,S4_pre_context,7.35633667879696e-14,5.019859113798448e-14,1.315177793533434e-13,4.265593510506529e-13
11,sun3d-home_md-home_md_scan9_2012_sep_30,4,8,3DLoMatch,mspki,float64,3,S4_post_context,7.35633667879696e-14,5.019859113798448e-14,1.315177793533434e-13,4.265593510506529e-13
11,sun3d-home_md-home_md_scan9_2012_sep_30,4,8,3DLoMatch,mspki,float64,3,D3,5.985969355257618e-14,3.913956319012103e-14,1.1078959507055071e-13,3.472108623172838e-13
11,sun3d-home_md-home_md_scan9_2012_sep_30,4,8,3DLoMatch,mspki,float64,3,D2_pre_context,8.570300984854028e-14,2.861523818509809e-14,9.024789438634719e-14,6.220133318121689e-12
11,sun3d-home_md-home_md_scan9_2012_sep_30,4,8,3DLoMatch,mspki,float64,3,D2_post_context,8.363186118978765e-14,3.218894610132018e-14,1.1005308046137834e-13,3.835168568745057e-12
11,sun3d-home_md-home_md_scan9_2012_sep_30,4,8,3DLoMatch,mspki,float64,3,final_RE,4.6973872805201986e-14,1.4824896685025674e-14,9.268433247044454e-14,4.626485548239873e-12
11,sun3d-home_md-home_md_scan9_2012_sep_30,4,8,3DLoMatch,mspki,float64,3,fine_RI,6.59670403002608e-14,nan,nan,nan
11,sun3d-home_md-home_md_scan9_2012_sep_30,4,8,3DLoMatch,mspki,float64,3,coarse_RI,6.654285242671928e-14,nan,nan,nan
12,sun3d-home_md-home_md_scan9_2012_sep_30,15,57,3DLoMatch,mspki,float64,0,S2,1.3625961108904176e-13,2.6085479419271038e-14,1.4541990161804562e-13,6.415025654228649e-12
12,sun3d-home_md-home_md_scan9_2012_sep_30,15,57,3DLoMatch,mspki,float64,0,S3,1.2787726000707745e-13,4.4122070695588704e-14,2.0472019845361934e-13,3.587711581036853e-12
12,sun3d-home_md-home_md_scan9_2012_sep_30,15,57,3DLoMatch,mspki,float64,0,S4_pre_context,8.458116694139939e-14,5.4053972188122776e-14,1.5583221100870937e-13,4.1576097809837315e-13
12,sun3d-home_md-home_md_scan9_2012_sep_30,15,57,3DLoMatch,mspki,float64,0,S4_post_context,8.458116694139939e-14,5.4053972188122776e-14,1.5583221100870937e-13,4.1576097809837315e-13
12,sun3d-home_md-home_md_scan9_2012_sep_30,15,57,3DLoMatch,mspki,float64,0,D3,8.557382211052853e-14,4.0243179527197203e-14,1.350117497495283e-13,2.1906660799100926e-12
12,sun3d-home_md-home_md_scan9_2012_sep_30,15,57,3DLoMatch,mspki,float64,0,D2_pre_context,7.74422145205684e-14,2.904376542367833e-14,1.0165112968106563e-13,2.8041025060539265e-12
12,sun3d-home_md-home_md_scan9_2012_sep_30,15,57,3DLoMatch,mspki,float64,0,D2_post_context,0.0004605188429032378,3.4912873555859957e-14,1.1434965348232757e-13,0.029882982588934986
12,sun3d-home_md-home_md_scan9_2012_sep_30,15,57,3DLoMatch,mspki,float64,0,final_RE,0.00023320367830554975,1.7060979776506147e-14,9.246683049996274e-14,0.016587655233114333
12,sun3d-home_md-home_md_scan9_2012_sep_30,15,57,3DLoMatch,mspki,float64,0,fine_RI,0.00040463265933244176,nan,nan,nan
12,sun3d-home_md-home_md_scan9_2012_sep_30,15,57,3DLoMatch,mspki,float64,0,coarse_RI,9.933348552645709e-14,nan,nan,nan
12,sun3d-home_md-home_md_scan9_2012_sep_30,15,57,3DLoMatch,mspki,float64,1,S2,1.6025907397982522e-13,2.5604479927501576e-14,1.5505345886516506e-13,1.1143578721844891e-11
12,sun3d-home_md-home_md_scan9_2012_sep_30,15,57,3DLoMatch,mspki,float64,1,S3,1.2638552024007628e-13,4.6089102612683854e-14,2.0374244239868008e-13,2.262364043896757e-12
12,sun3d-home_md-home_md_scan9_2012_sep_30,15,57,3DLoMatch,mspki,float64,1,S4_pre_context,1.05749534590963e-13,6.104759778088767e-14,1.8935188080235874e-13,7.865572994582376e-13
12,sun3d-home_md-home_md_scan9_2012_sep_30,15,57,3DLoMatch,mspki,float64,1,S4_post_context,1.05749534590963e-13,6.104759778088767e-14,1.8935188080235874e-13,7.865572994582376e-13
12,sun3d-home_md-home_md_scan9_2012_sep_30,15,57,3DLoMatch,mspki,float64,1,D3,8.732545374480553e-14,4.68930730085655e-14,1.4975629728259703e-13,1.3747529258606409e-12
12,sun3d-home_md-home_md_scan9_2012_sep_30,15,57,3DLoMatch,mspki,float64,1,D2_pre_context,9.343189726024827e-14,3.408029569825523e-14,1.1358370719873895e-13,5.657097487027374e-12
12,sun3d-home_md-home_md_scan9_2012_sep_30,15,57,3DLoMatch,mspki,float64,1,D2_post_context,0.0005039741881183829,4.0840768775717176e-14,1.3702791277918066e-13,0.029882982588942595
12,sun3d-home_md-home_md_scan9_2012_sep_30,15,57,3DLoMatch,mspki,float64,1,final_RE,0.00023259358859753273,1.9213436988022388e-14,1.0216937695588805e-13,0.016587655233127985
12,sun3d-home_md-home_md_scan9_2012_sep_30,15,57,3DLoMatch,mspki,float64,1,fine_RI,0.00043977635197384575,nan,nan,nan
12,sun3d-home_md-home_md_scan9_2012_sep_30,15,57,3DLoMatch,mspki,float64,1,coarse_RI,2.43876707331978e-13,nan,nan,nan
12,sun3d-home_md-home_md_scan9_2012_sep_30,15,57,3DLoMatch,mspki,float64,2,S2,1.6963365410245586e-13,2.6930550990745128e-14,1.5907043677820936e-13,1.0305061901584321e-11
12,sun3d-home_md-home_md_scan9_2012_sep_30,15,57,3DLoMatch,mspki,float64,2,S3,1.1734012938882515e-13,4.9865823350823535e-14,1.9628961645523058e-13,1.2037329553175106e-12
12,sun3d-home_md-home_md_scan9_2012_sep_30,15,57,3DLoMatch,mspki,float64,2,S4_pre_context,1.0281148592029006e-13,5.804812208137592e-14,1.7495078789492354e-13,7.023010850805797e-13
12,sun3d-home_md-home_md_scan9_2012_sep_30,15,57,3DLoMatch,mspki,float64,2,S4_post_context,1.0281148592029006e-13,5.804812208137592e-14,1.7495078789492354e-13,7.023010850805797e-13
12,sun3d-home_md-home_md_scan9_2012_sep_30,15,57,3DLoMatch,mspki,float64,2,D3,7.869880395231311e-14,4.4891935809054745e-14,1.3716380158374287e-13,7.146106827023777e-13
12,sun3d-home_md-home_md_scan9_2012_sep_30,15,57,3DLoMatch,mspki,float64,2,D2_pre_context,9.91775159059056e-14,3.1847391169124124e-14,1.0430736042913121e-13,5.280661629324224e-12
12,sun3d-home_md-home_md_scan9_2012_sep_30,15,57,3DLoMatch,mspki,float64,2,D2_post_context,0.00037115250122282645,3.7462008988965095e-14,1.2546669487772562e-13,0.03048958532296099
12,sun3d-home_md-home_md_scan9_2012_sep_30,15,57,3DLoMatch,mspki,float64,2,final_RE,0.00013546444649207946,1.8741585718776413e-14,9.666442557027077e-14,0.01343646628582566
12,sun3d-home_md-home_md_scan9_2012_sep_30,15,57,3DLoMatch,mspki,float64,2,fine_RI,0.0002910399875347342,nan,nan,nan
12,sun3d-home_md-home_md_scan9_2012_sep_30,15,57,3DLoMatch,mspki,float64,2,coarse_RI,2.2367343796851066e-13,nan,nan,nan
12,sun3d-home_md-home_md_scan9_2012_sep_30,15,57,3DLoMatch,mspki,float64,3,S2,1.085890773937912e-13,2.4584327726055938e-14,1.2787814246079072e-13,7.091267545761424e-12
12,sun3d-home_md-home_md_scan9_2012_sep_30,15,57,3DLoMatch,mspki,float64,3,S3,9.393064986539071e-14,3.927637783862683e-14,1.5475223447901304e-13,1.2498604544333302e-12
12,sun3d-home_md-home_md_scan9_2012_sep_30,15,57,3DLoMatch,mspki,float64,3,S4_pre_context,8.211003803621149e-14,4.8372802116212187e-14,1.44791584422489e-13,7.286019296171158e-13
12,sun3d-home_md-home_md_scan9_2012_sep_30,15,57,3DLoMatch,mspki,float64,3,S4_post_context,8.211003803621149e-14,4.8372802116212187e-14,1.44791584422489e-13,7.286019296171158e-13
12,sun3d-home_md-home_md_scan9_2012_sep_30,15,57,3DLoMatch,mspki,float64,3,D3,6.414784125806565e-14,3.629698139603005e-14,1.1335786403406459e-13,7.630003796463058e-13
12,sun3d-home_md-home_md_scan9_2012_sep_30,15,57,3DLoMatch,mspki,float64,3,D2_pre_context,6.83361551045176e-14,2.5635226578761614e-14,8.491780846268781e-14,3.6186580954615354e-12
12,sun3d-home_md-home_md_scan9_2012_sep_30,15,57,3DLoMatch,mspki,float64,3,D2_post_context,0.0004841307958515534,3.070841388756389e-14,1.0254315089345476e-13,0.030489585322958205
12,sun3d-home_md-home_md_scan9_2012_sep_30,15,57,3DLoMatch,mspki,float64,3,final_RE,0.00014941470237956776,1.4738941273713766e-14,8.368566558147957e-14,0.013436466285820355
12,sun3d-home_md-home_md_scan9_2012_sep_30,15,57,3DLoMatch,mspki,float64,3,fine_RI,0.00039233302700375906,nan,nan,nan
12,sun3d-home_md-home_md_scan9_2012_sep_30,15,57,3DLoMatch,mspki,float64,3,coarse_RI,1.5942856629152111e-13,nan,nan,nan
13,sun3d-home_md-home_md_scan9_2012_sep_30,38,49,3DLoMatch,mspki,float64,0,S2,9.610804242790122e-14,3.2838737233427036e-14,1.3716268116304653e-13,3.241021029278832e-12
13,sun3d-home_md-home_md_scan9_2012_sep_30,38,49,3DLoMatch,mspki,float64,0,S3,1.0158062429552924e-13,4.8194489670928144e-14,1.7153212048901535e-13,1.4224061791624445e-12
13,sun3d-home_md-home_md_scan9_2012_sep_30,38,49,3DLoMatch,mspki,float64,0,S4_pre_context,8.448585604923309e-14,4.7327915571181184e-14,1.3335511204511168e-13,9.595097627468555e-13
13,sun3d-home_md-home_md_scan9_2012_sep_30,38,49,3DLoMatch,mspki,float64,0,S4_post_context,8.448585604923309e-14,4.7327915571181184e-14,1.3335511204511168e-13,9.595097627468555e-13
13,sun3d-home_md-home_md_scan9_2012_sep_30,38,49,3DLoMatch,mspki,float64,0,D3,6.40700158931965e-14,3.6872637383065955e-14,1.098305655436482e-13,6.075750681494354e-13
13,sun3d-home_md-home_md_scan9_2012_sep_30,38,49,3DLoMatch,mspki,float64,0,D2_pre_context,5.4911198511881096e-14,2.7050643189231935e-14,8.45787100273804e-14,1.45224656824326e-12
13,sun3d-home_md-home_md_scan9_2012_sep_30,38,49,3DLoMatch,mspki,float64,0,D2_post_context,0.00025084779442829323,3.044049106277272e-14,9.208191515464337e-14,0.016147643682848573
13,sun3d-home_md-home_md_scan9_2012_sep_30,38,49,3DLoMatch,mspki,float64,0,final_RE,7.829290192804701e-05,1.4814438318080485e-14,8.01978544337753e-14,0.005749343334587383
13,sun3d-home_md-home_md_scan9_2012_sep_30,38,49,3DLoMatch,mspki,float64,0,fine_RI,0.00020368500102026026,nan,nan,nan
13,sun3d-home_md-home_md_scan9_2012_sep_30,38,49,3DLoMatch,mspki,float64,0,coarse_RI,7.253695744980245e-14,nan,nan,nan
13,sun3d-home_md-home_md_scan9_2012_sep_30,38,49,3DLoMatch,mspki,float64,1,S2,1.0716759555420077e-13,3.4859724650922936e-14,1.560681281468851e-13,3.2853006768794e-12
13,sun3d-home_md-home_md_scan9_2012_sep_30,38,49,3DLoMatch,mspki,float64,1,S3,1.2091580045600187e-13,5.0552630252808277e-14,2.0406990405168124e-13,1.7588968032923863e-12
13,sun3d-home_md-home_md_scan9_2012_sep_30,38,49,3DLoMatch,mspki,float64,1,S4_pre_context,1.1181708053635546e-13,5.051978340290274e-14,1.6389008400951417e-13,1.2000391956072129e-12
13,sun3d-home_md-home_md_scan9_2012_sep_30,38,49,3DLoMatch,mspki,float64,1,S4_post_context,1.1181708053635546e-13,5.051978340290274e-14,1.6389008400951417e-13,1.2000391956072129e-12
13,sun3d-home_md-home_md_scan9_2012_sep_30,38,49,3DLoMatch,mspki,float64,1,D3,8.406077887166682e-14,4.070113069893869e-14,1.4846007168226192e-13,8.69775727692564e-13
13,sun3d-home_md-home_md_scan9_2012_sep_30,38,49,3DLoMatch,mspki,float64,1,D2_pre_context,6.52685151469075e-14,3.083547697153748e-14,1.0684199534301648e-13,1.3202935190601859e-12
13,sun3d-home_md-home_md_scan9_2012_sep_30,38,49,3DLoMatch,mspki,float64,1,D2_post_context,0.00025084779442838213,3.5495800111124954e-14,1.2346421341678652e-13,0.016147643682847945
13,sun3d-home_md-home_md_scan9_2012_sep_30,38,49,3DLoMatch,mspki,float64,1,final_RE,7.829290192780242e-05,1.6577128509792023e-14,1.2585221929352096e-13,0.0057493433345842376
13,sun3d-home_md-home_md_scan9_2012_sep_30,38,49,3DLoMatch,mspki,float64,1,fine_RI,0.00020368500102035562,nan,nan,nan
13,sun3d-home_md-home_md_scan9_2012_sep_30,38,49,3DLoMatch,mspki,float64,1,coarse_RI,9.782545271411016e-14,nan,nan,nan
13,sun3d-home_md-home_md_scan9_2012_sep_30,38,49,3DLoMatch,mspki,float64,2,S2,9.605691380436344e-14,3.3014043169341344e-14,1.4320513244496046e-13,2.799364199057769e-12
13,sun3d-home_md-home_md_scan9_2012_sep_30,38,49,3DLoMatch,mspki,float64,2,S3,1.037961918988664e-13,4.8658505103144714e-14,1.792073572997116e-13,1.4371644360476522e-12
13,sun3d-home_md-home_md_scan9_2012_sep_30,38,49,3DLoMatch,mspki,float64,2,S4_pre_context,9.352428406156841e-14,4.46874128905875e-14,1.3491486186927494e-13,1.0119315034726445e-12
13,sun3d-home_md-home_md_scan9_2012_sep_30,38,49,3DLoMatch,mspki,float64,2,S4_post_context,9.352428406156841e-14,4.46874128905875e-14,1.3491486186927494e-13,1.0119315034726445e-12
13,sun3d-home_md-home_md_scan9_2012_sep_30,38,49,3DLoMatch,mspki,float64,2,D3,6.801468561922743e-14,3.599959817221221e-14,1.2160650629923212e-13,6.113697620717708e-13
13,sun3d-home_md-home_md_scan9_2012_sep_30,38,49,3DLoMatch,mspki,float64,2,D2_pre_context,6.133618019477054e-14,2.722006384321041e-14,9.057447243628863e-14,2.4220178802437182e-12
13,sun3d-home_md-home_md_scan9_2012_sep_30,38,49,3DLoMatch,mspki,float64,2,D2_post_context,5.80877898332219e-14,3.093741784986748e-14,1.006588667607551e-13,1.210413331814898e-12
13,sun3d-home_md-home_md_scan9_2012_sep_30,38,49,3DLoMatch,mspki,float64,2,final_RE,3.525714717271565e-14,1.4465949611846233e-14,1.0279609156314148e-13,3.350164216311558e-12
13,sun3d-home_md-home_md_scan9_2012_sep_30,38,49,3DLoMatch,mspki,float64,2,fine_RI,4.300492031891255e-14,nan,nan,nan
13,sun3d-home_md-home_md_scan9_2012_sep_30,38,49,3DLoMatch,mspki,float64,2,coarse_RI,7.965512638537365e-14,nan,nan,nan
13,sun3d-home_md-home_md_scan9_2012_sep_30,38,49,3DLoMatch,mspki,float64,3,S2,1.0516426996083623e-13,3.3490472238343576e-14,1.5307328701533535e-13,3.186208574029941e-12
13,sun3d-home_md-home_md_scan9_2012_sep_30,38,49,3DLoMatch,mspki,float64,3,S3,1.1730319274192047e-13,5.233693070824933e-14,1.9273523177750664e-13,1.7665471261761322e-12
13,sun3d-home_md-home_md_scan9_2012_sep_30,38,49,3DLoMatch,mspki,float64,3,S4_pre_context,1.0700918844942913e-13,5.427325993003141e-14,1.6005164340925785e-13,1.0993914930904942e-12
13,sun3d-home_md-home_md_scan9_2012_sep_30,38,49,3DLoMatch,mspki,float64,3,S4_post_context,1.0700918844942913e-13,5.427325993003141e-14,1.6005164340925785e-13,1.0993914930904942e-12
13,sun3d-home_md-home_md_scan9_2012_sep_30,38,49,3DLoMatch,mspki,float64,3,D3,8.109427133304698e-14,4.215985338538036e-14,1.4294255170508248e-13,8.580636003699377e-13
13,sun3d-home_md-home_md_scan9_2012_sep_30,38,49,3DLoMatch,mspki,float64,3,D2_pre_context,6.244937453397922e-14,3.015756128904396e-14,1.0072097346800056e-13,1.0174179135519269e-12
13,sun3d-home_md-home_md_scan9_2012_sep_30,38,49,3DLoMatch,mspki,float64,3,D2_post_context,0.00010357251794170605,3.516704654274464e-14,1.1533571082000657e-13,0.00920012030557568
13,sun3d-home_md-home_md_scan9_2012_sep_30,38,49,3DLoMatch,mspki,float64,3,final_RE,3.470652279691354e-05,1.746783579269896e-14,1.1039523208103588e-13,0.0030143282887557387
13,sun3d-home_md-home_md_scan9_2012_sep_30,38,49,3DLoMatch,mspki,float64,3,fine_RI,9.181673398577085e-05,nan,nan,nan
13,sun3d-home_md-home_md_scan9_2012_sep_30,38,49,3DLoMatch,mspki,float64,3,coarse_RI,9.65529531044996e-14,nan,nan,nan
14,sun3d-hotel_uc-scan3,4,39,3DLoMatch,mspki,float64,0,S2,5.71157739468195e-14,2.28587484066655e-14,9.261687422288723e-14,1.4619643855481957e-12
14,sun3d-hotel_uc-scan3,4,39,3DLoMatch,mspki,float64,0,S3,6.966447770614197e-14,3.446674505534717e-14,1.2345860457478045e-13,1.2897542894878007e-12
14,sun3d-hotel_uc-scan3,4,39,3DLoMatch,mspki,float64,0,S4_pre_context,5.89132165187816e-14,3.7508328658393656e-14,1.1005956101355686e-13,2.826615783513877e-13
14,sun3d-hotel_uc-scan3,4,39,3DLoMatch,mspki,float64,0,S4_post_context,5.89132165187816e-14,3.7508328658393656e-14,1.1005956101355686e-13,2.826615783513877e-13
14,sun3d-hotel_uc-scan3,4,39,3DLoMatch,mspki,float64,0,D3,4.92848576692836e-14,2.9662687850596073e-14,8.933596063996391e-14,5.22046138816501e-13
14,sun3d-hotel_uc-scan3,4,39,3DLoMatch,mspki,float64,0,D2_pre_context,4.344343161978023e-14,2.2743786781758178e-14,7.389418048699851e-14,7.179923251131679e-13
14,sun3d-hotel_uc-scan3,4,39,3DLoMatch,mspki,float64,0,D2_post_context,0.0006845109249769255,2.7376176193339095e-14,8.571084847555501e-14,0.04182637521903078
14,sun3d-hotel_uc-scan3,4,39,3DLoMatch,mspki,float64,0,final_RE,0.0003989731427020281,1.464406118332977e-14,8.49963599026772e-14,0.05443857030160185
14,sun3d-hotel_uc-scan3,4,39,3DLoMatch,mspki,float64,0,fine_RI,0.0006001900824545172,nan,nan,nan
14,sun3d-hotel_uc-scan3,4,39,3DLoMatch,mspki,float64,0,coarse_RI,5.778425771464185e-14,nan,nan,nan
14,sun3d-hotel_uc-scan3,4,39,3DLoMatch,mspki,float64,1,S2,8.702183983838349e-14,2.3129461339829417e-14,9.785442080178841e-14,4.334686234924783e-12
14,sun3d-hotel_uc-scan3,4,39,3DLoMatch,mspki,float64,1,S3,8.22893948551894e-14,3.272905007690395e-14,1.4177955301602514e-13,1.3123496554061752e-12
14,sun3d-hotel_uc-scan3,4,39,3DLoMatch,mspki,float64,1,S4_pre_context,8.133852095622331e-14,3.770429417838662e-14,1.2137901438842236e-13,9.440499076337132e-13
14,sun3d-hotel_uc-scan3,4,39,3DLoMatch,mspki,float64,1,S4_post_context,8.133852095622331e-14,3.770429417838662e-14,1.2137901438842236e-13,9.440499076337132e-13
14,sun3d-hotel_uc-scan3,4,39,3DLoMatch,mspki,float64,1,D3,6.324126567167242e-14,2.9347860132585755e-14,1.1565419905567232e-13,6.232316312939968e-13
14,sun3d-hotel_uc-scan3,4,39,3DLoMatch,mspki,float64,1,D2_pre_context,5.425745385607316e-14,2.383512442268001e-14,8.861331229701942e-14,1.2161913638027358e-12
14,sun3d-hotel_uc-scan3,4,39,3DLoMatch,mspki,float64,1,D2_post_context,0.0006885777200668503,2.9309222114758964e-14,1.1149514199091752e-13,0.04182637521902639
14,sun3d-hotel_uc-scan3,4,39,3DLoMatch,mspki,float64,1,final_RE,0.0004512511959964647,1.629181754762649e-14,1.3194338934584612e-13,0.03132609994542686
14,sun3d-hotel_uc-scan3,4,39,3DLoMatch,mspki,float64,1,fine_RI,0.0005875726798975924,nan,nan,nan
14,sun3d-hotel_uc-scan3,4,39,3DLoMatch,mspki,float64,1,coarse_RI,7.217855274773491e-14,nan,nan,nan
14,sun3d-hotel_uc-scan3,4,39,3DLoMatch,mspki,float64,2,S2,5.989223805387088e-14,2.2065758105612062e-14,9.553086151046125e-14,1.4655624843671365e-12
14,sun3d-hotel_uc-scan3,4,39,3DLoMatch,mspki,float64,2,S3,7.435454141207711e-14,3.391933963175626e-14,1.220597267405467e-13,1.194942460431703e-12
14,sun3d-hotel_uc-scan3,4,39,3DLoMatch,mspki,float64,2,S4_pre_context,6.747302991855912e-14,3.892506849924521e-14,1.273408980330225e-13,4.391541522378116e-13
14,sun3d-hotel_uc-scan3,4,39,3DLoMatch,mspki,float64,2,S4_post_context,6.747302991855912e-14,3.892506849924521e-14,1.273408980330225e-13,4.391541522378116e-13
14,sun3d-hotel_uc-scan3,4,39,3DLoMatch,mspki,float64,2,D3,5.4200781119587625e-14,3.049063382491787e-14,1.0342184560943659e-13,4.732997504451525e-13
14,sun3d-hotel_uc-scan3,4,39,3DLoMatch,mspki,float64,2,D2_pre_context,4.8273703964352065e-14,2.340508357534765e-14,7.885102591857995e-14,1.1827249083028925e-12
14,sun3d-hotel_uc-scan3,4,39,3DLoMatch,mspki,float64,2,D2_post_context,0.0007675138001754826,2.837233963945761e-14,9.61553668046161e-14,0.041826375218989256
14,sun3d-hotel_uc-scan3,4,39,3DLoMatch,mspki,float64,2,final_RE,0.00046090105987423236,1.5334271900421056e-14,1.0258330363089869e-13,0.05443857030104103
14,sun3d-hotel_uc-scan3,4,39,3DLoMatch,mspki,float64,2,fine_RI,0.0006645701123563032,nan,nan,nan
14,sun3d-hotel_uc-scan3,4,39,3DLoMatch,mspki,float64,2,coarse_RI,5.938315639323264e-14,nan,nan,nan
14,sun3d-hotel_uc-scan3,4,39,3DLoMatch,mspki,float64,3,S2,6.326984604121497e-14,2.2103291402243775e-14,9.778945956089434e-14,2.1907247985256807e-12
14,sun3d-hotel_uc-scan3,4,39,3DLoMatch,mspki,float64,3,S3,6.429379634570702e-14,3.221739657011437e-14,1.1784560619171354e-13,1.0313022995597906e-12
14,sun3d-hotel_uc-scan3,4,39,3DLoMatch,mspki,float64,3,S4_pre_context,5.476754474579881e-14,3.60190572890013e-14,1.0253117027974778e-13,2.777381116844776e-13
14,sun3d-hotel_uc-scan3,4,39,3DLoMatch,mspki,float64,3,S4_post_context,5.476754474579881e-14,3.60190572890013e-14,1.0253117027974778e-13,2.777381116844776e-13
14,sun3d-hotel_uc-scan3,4,39,3DLoMatch,mspki,float64,3,D3,4.537928243882151e-14,2.799588678381425e-14,8.615167829990964e-14,4.3410322492524257e-13
14,sun3d-hotel_uc-scan3,4,39,3DLoMatch,mspki,float64,3,D2_pre_context,4.365984804398724e-14,2.2128399080911826e-14,7.255954100330705e-14,1.1462276294772795e-12
14,sun3d-hotel_uc-scan3,4,39,3DLoMatch,mspki,float64,3,D2_post_context,0.0005994640972930848,2.743212013541753e-14,8.616882557815712e-14,0.04182637521902816
14,sun3d-hotel_uc-scan3,4,39,3DLoMatch,mspki,float64,3,final_RE,0.0002933268306204552,1.4586048908399452e-14,8.721060387522047e-14,0.054438570301272145
14,sun3d-hotel_uc-scan3,4,39,3DLoMatch,mspki,float64,3,fine_RI,0.0005209556666874788,nan,nan,nan
14,sun3d-hotel_uc-scan3,4,39,3DLoMatch,mspki,float64,3,coarse_RI,5.036273090812348e-14,nan,nan,nan
15,sun3d-hotel_uc-scan3,17,34,3DLoMatch,mspki,float64,0,S2,1.1644348643724954e-13,3.992976194191056e-14,1.6709735659347481e-13,4.078737803177008e-12
15,sun3d-hotel_uc-scan3,17,34,3DLoMatch,mspki,float64,0,S3,1.3180700003267932e-13,6.549557775593793e-14,2.484274057394003e-13,1.9418784433240685e-12
15,sun3d-hotel_uc-scan3,17,34,3DLoMatch,mspki,float64,0,S4_pre_context,1.0723565515479385e-13,6.451559522309403e-14,2.0750695351506077e-13,5.546048062061629e-13
15,sun3d-hotel_uc-scan3,17,34,3DLoMatch,mspki,float64,0,S4_post_context,1.0723565515479385e-13,6.451559522309403e-14,2.0750695351506077e-13,5.546048062061629e-13
15,sun3d-hotel_uc-scan3,17,34,3DLoMatch,mspki,float64,0,D3,9.393431798741628e-14,5.2660933834565615e-14,1.7849314309610373e-13,1.0179849850301879e-12
15,sun3d-hotel_uc-scan3,17,34,3DLoMatch,mspki,float64,0,D2_pre_context,7.453326500516856e-14,3.650911056934084e-14,1.2754295053592286e-13,2.0834254452172016e-12
15,sun3d-hotel_uc-scan3,17,34,3DLoMatch,mspki,float64,0,D2_post_context,8.015594974319177e-14,4.3025472058289597e-14,1.488517146178956e-13,1.3233153701533838e-12
15,sun3d-hotel_uc-scan3,17,34,3DLoMatch,mspki,float64,0,final_RE,6.043105277603268e-14,2.4072689296800516e-14,1.435334943819747e-13,3.07864415975378e-12
15,sun3d-hotel_uc-scan3,17,34,3DLoMatch,mspki,float64,0,fine_RI,6.980484221368368e-14,nan,nan,nan
15,sun3d-hotel_uc-scan3,17,34,3DLoMatch,mspki,float64,0,coarse_RI,1.0055872953923701e-13,nan,nan,nan
15,sun3d-hotel_uc-scan3,17,34,3DLoMatch,mspki,float64,1,S2,1.1612588572943583e-13,3.974212287999568e-14,1.6100719229368223e-13,4.341163957056302e-12
15,sun3d-hotel_uc-scan3,17,34,3DLoMatch,mspki,float64,1,S3,1.3537313221652583e-13,6.489920496037746e-14,2.4255435590192155e-13,2.031368272792976e-12
15,sun3d-hotel_uc-scan3,17,34,3DLoMatch,mspki,float64,1,S4_pre_context,1.1671455077367652e-13,6.624911035048637e-14,2.2046260208733523e-13,7.177073310882478e-13
15,sun3d-hotel_uc-scan3,17,34,3DLoMatch,mspki,float64,1,S4_post_context,1.1671455077367652e-13,6.624911035048637e-14,2.2046260208733523e-13,7.177073310882478e-13
15,sun3d-hotel_uc-scan3,17,34,3DLoMatch,mspki,float64,1,D3,1.0301609563484436e-13,5.290853507010813e-14,1.8552831906716559e-13,9.2551577125946e-13
15,sun3d-hotel_uc-scan3,17,34,3DLoMatch,mspki,float64,1,D2_pre_context,8.03592328882282e-14,3.658179462455481e-14,1.3140978770762013e-13,1.8727260732719692e-12
15,sun3d-hotel_uc-scan3,17,34,3DLoMatch,mspki,float64,1,D2_post_context,0.00050782118016137,4.4172578531983326e-14,1.5061366945461904e-13,0.0458333887907674
15,sun3d-hotel_uc-scan3,17,34,3DLoMatch,mspki,float64,1,final_RE,0.0003814637449719402,2.3727480181908885e-14,1.4787090460920907e-13,0.04698555104003229
15,sun3d-hotel_uc-scan3,17,34,3DLoMatch,mspki,float64,1,fine_RI,0.00040696317928245253,nan,nan,nan
15,sun3d-hotel_uc-scan3,17,34,3DLoMatch,mspki,float64,1,coarse_RI,1.082297419887584e-13,nan,nan,nan
15,sun3d-hotel_uc-scan3,17,34,3DLoMatch,mspki,float64,2,S2,9.944565695131298e-14,3.983307310911378e-14,1.580330320814029e-13,2.0329149764580275e-12
15,sun3d-hotel_uc-scan3,17,34,3DLoMatch,mspki,float64,2,S3,1.1378773697063664e-13,6.158215107216458e-14,2.0893899126254586e-13,1.0903483751862636e-12
15,sun3d-hotel_uc-scan3,17,34,3DLoMatch,mspki,float64,2,S4_pre_context,9.257897123680943e-14,6.287389479077793e-14,1.7066108907836204e-13,4.4767152255615064e-13
15,sun3d-hotel_uc-scan3,17,34,3DLoMatch,mspki,float64,2,S4_post_context,9.257897123680943e-14,6.287389479077793e-14,1.7066108907836204e-13,4.4767152255615064e-13
15,sun3d-hotel_uc-scan3,17,34,3DLoMatch,mspki,float64,2,D3,7.966837310673674e-14,4.9814051046251944e-14,1.5251456926817838e-13,6.369106946054164e-13
15,sun3d-hotel_uc-scan3,17,34,3DLoMatch,mspki,float64,2,D2_pre_context,6.389842070731455e-14,3.5396593247317026e-14,1.1393831739935356e-13,9.580496249284413e-13
15,sun3d-hotel_uc-scan3,17,34,3DLoMatch,mspki,float64,2,D2_post_context,0.0004564665229481351,4.217363395579962e-14,1.3562809091625795e-13,0.04583338879071337
15,sun3d-hotel_uc-scan3,17,34,3DLoMatch,mspki,float64,2,final_RE,0.0003786266699122878,2.3279612064522745e-14,1.327620034050339e-13,0.04698555103996129
15,sun3d-hotel_uc-scan3,17,34,3DLoMatch,mspki,float64,2,fine_RI,0.0003692662210667539,nan,nan,nan
15,sun3d-hotel_uc-scan3,17,34,3DLoMatch,mspki,float64,2,coarse_RI,8.577573650657968e-14,nan,nan,nan
15,sun3d-hotel_uc-scan3,17,34,3DLoMatch,mspki,float64,3,S2,1.1349062746277626e-13,3.8814559086448257e-14,1.5936027648445828e-13,4.971149385349364e-12
15,sun3d-hotel_uc-scan3,17,34,3DLoMatch,mspki,float64,3,S3,1.2935084153848357e-13,6.090297852277187e-14,2.4405544603336096e-13,1.241374684299796e-12
15,sun3d-hotel_uc-scan3,17,34,3DLoMatch,mspki,float64,3,S4_pre_context,1.2041466639030434e-13,6.221839203621274e-14,2.320875517230345e-13,7.055729411496489e-13
15,sun3d-hotel_uc-scan3,17,34,3DLoMatch,mspki,float64,3,S4_post_context,1.2041466639030434e-13,6.221839203621274e-14,2.320875517230345e-13,7.055729411496489e-13
15,sun3d-hotel_uc-scan3,17,34,3DLoMatch,mspki,float64,3,D3,1.057823982196745e-13,4.9887379893352923e-14,2.0284139510993498e-13,1.2694494230932569e-12
15,sun3d-hotel_uc-scan3,17,34,3DLoMatch,mspki,float64,3,D2_pre_context,8.072402872811849e-14,3.5005675173742017e-14,1.3802475024405634e-13,2.054670796360178e-12
15,sun3d-hotel_uc-scan3,17,34,3DLoMatch,mspki,float64,3,D2_post_context,0.00022253238965971398,4.2432391287455935e-14,1.6159536196406738e-13,0.023042222569311464
15,sun3d-hotel_uc-scan3,17,34,3DLoMatch,mspki,float64,3,final_RE,4.6437415504239043e-05,2.445160764072201e-14,1.4798344301355708e-13,0.00353429258670136
15,sun3d-hotel_uc-scan3,17,34,3DLoMatch,mspki,float64,3,fine_RI,0.00017105989381057716,nan,nan,nan
15,sun3d-hotel_uc-scan3,17,34,3DLoMatch,mspki,float64,3,coarse_RI,1.104656477823682e-13,nan,nan,nan
16,sun3d-hotel_uc-scan3,36,37,3DLoMatch,mspki,float64,0,S2,8.125629326584772e-14,2.8563004348284105e-14,1.1890309348076407e-13,3.49458892293294e-12
16,sun3d-hotel_uc-scan3,36,37,3DLoMatch,mspki,float64,0,S3,8.258460865584982e-14,4.531196749717565e-14,1.4930407892086439e-13,1.1611970655838497e-12
16,sun3d-hotel_uc-scan3,36,37,3DLoMatch,mspki,float64,0,S4_pre_context,6.65511543594952e-14,4.4717602342976786e-14,1.2281451854503083e-13,3.5941068358834697e-13
16,sun3d-hotel_uc-scan3,36,37,3DLoMatch,mspki,float64,0,S4_post_context,6.65511543594952e-14,4.4717602342976786e-14,1.2281451854503083e-13,3.5941068358834697e-13
16,sun3d-hotel_uc-scan3,36,37,3DLoMatch,mspki,float64,0,D3,5.6380622527196075e-14,3.717928256657937e-14,1.0078528851604887e-13,3.684972769692575e-13
16,sun3d-hotel_uc-scan3,36,37,3DLoMatch,mspki,float64,0,D2_pre_context,5.040633307239835e-14,2.773780319974562e-14,7.960845606754172e-14,2.118434844732013e-12
16,sun3d-hotel_uc-scan3,36,37,3DLoMatch,mspki,float64,0,D2_post_context,5.132959303130786e-14,3.287320122870234e-14,9.035052800635128e-14,1.3348718120095649e-12
16,sun3d-hotel_uc-scan3,36,37,3DLoMatch,mspki,float64,0,final_RE,3.442977911297124e-14,1.931479150779785e-14,8.633642862967062e-14,7.483066027462745e-13
16,sun3d-hotel_uc-scan3,36,37,3DLoMatch,mspki,float64,0,fine_RI,3.942481109767505e-14,nan,nan,nan
16,sun3d-hotel_uc-scan3,36,37,3DLoMatch,mspki,float64,0,coarse_RI,6.021384395786858e-14,nan,nan,nan
16,sun3d-hotel_uc-scan3,36,37,3DLoMatch,mspki,float64,1,S2,8.074957166231952e-14,2.824798820013265e-14,1.0500624768098766e-13,4.848410999551654e-12
16,sun3d-hotel_uc-scan3,36,37,3DLoMatch,mspki,float64,1,S3,7.882635464869986e-14,4.327394018309693e-14,1.2395128387897206e-13,1.6460289597999864e-12
16,sun3d-hotel_uc-scan3,36,37,3DLoMatch,mspki,float64,1,S4_pre_context,6.445176329362017e-14,4.120440077829252e-14,1.1390832284191252e-13,3.810574613624035e-13
16,sun3d-hotel_uc-scan3,36,37,3DLoMatch,mspki,float64,1,S4_post_context,6.445176329362017e-14,4.120440077829252e-14,1.1390832284191252e-13,3.810574613624035e-13
16,sun3d-hotel_uc-scan3,36,37,3DLoMatch,mspki,float64,1,D3,5.520477844001646e-14,3.4979684393551623e-14,9.684486634547698e-14,5.099414326746773e-13
16,sun3d-hotel_uc-scan3,36,37,3DLoMatch,mspki,float64,1,D2_pre_context,5.2112609666585757e-14,2.6323842031333323e-14,7.693393494101034e-14,3.014226073968845e-12
16,sun3d-hotel_uc-scan3,36,37,3DLoMatch,mspki,float64,1,D2_post_context,0.00033816353364054207,3.0556498876150394e-14,9.048600009025185e-14,0.0304743419112708
16,sun3d-hotel_uc-scan3,36,37,3DLoMatch,mspki,float64,1,final_RE,0.00018108979323094336,1.6953618879742962e-14,8.29753780837195e-14,0.014610245819410434
16,sun3d-hotel_uc-scan3,36,37,3DLoMatch,mspki,float64,1,fine_RI,0.000374126356733709,nan,nan,nan
16,sun3d-hotel_uc-scan3,36,37,3DLoMatch,mspki,float64,1,coarse_RI,6.016809354359107e-14,nan,nan,nan
16,sun3d-hotel_uc-scan3,36,37,3DLoMatch,mspki,float64,2,S2,7.427497924301892e-14,2.8285348238064637e-14,1.1250657886603738e-13,3.65867802585617e-12
16,sun3d-hotel_uc-scan3,36,37,3DLoMatch,mspki,float64,2,S3,7.782637311967374e-14,4.232411415046033e-14,1.3234531968055003e-13,1.1776299252358806e-12
16,sun3d-hotel_uc-scan3,36,37,3DLoMatch,mspki,float64,2,S4_pre_context,6.109993641374164e-14,4.1093093573316625e-14,1.1139451724883849e-13,3.689341128460231e-13
16,sun3d-hotel_uc-scan3,36,37,3DLoMatch,mspki,float64,2,S4_post_context,6.109993641374164e-14,4.1093093573316625e-14,1.1139451724883849e-13,3.689341128460231e-13
16,sun3d-hotel_uc-scan3,36,37,3DLoMatch,mspki,float64,2,D3,5.1427185816032894e-14,3.404652746315284e-14,9.295149763385736e-14,3.761589918445982e-13
16,sun3d-hotel_uc-scan3,36,37,3DLoMatch,mspki,float64,2,D2_pre_context,4.724396847805288e-14,2.588964528184789e-14,7.285966210829998e-14,2.2751183423919134e-12
16,sun3d-hotel_uc-scan3,36,37,3DLoMatch,mspki,float64,2,D2_post_context,0.00033816353364059167,3.102627332422763e-14,7.932143764070779e-14,0.030474341911275626
16,sun3d-hotel_uc-scan3,36,37,3DLoMatch,mspki,float64,2,final_RE,0.00018108979323111748,1.6993050505149774e-14,8.065006398199413e-14,0.014610245819438105
16,sun3d-hotel_uc-scan3,36,37,3DLoMatch,mspki,float64,2,fine_RI,0.0003741263567338204,nan,nan,nan
16,sun3d-hotel_uc-scan3,36,37,3DLoMatch,mspki,float64,2,coarse_RI,5.5818025568294997e-14,nan,nan,nan
16,sun3d-hotel_uc-scan3,36,37,3DLoMatch,mspki,float64,3,S2,6.614918479055895e-14,2.823605782010083e-14,1.0576206557757151e-13,1.9581716582643753e-12
16,sun3d-hotel_uc-scan3,36,37,3DLoMatch,mspki,float64,3,S3,7.643303209653481e-14,4.182173300280856e-14,1.2906821975011675e-13,1.4022072400535245e-12
16,sun3d-hotel_uc-scan3,36,37,3DLoMatch,mspki,float64,3,S4_pre_context,6.927293918272401e-14,3.984469762249928e-14,1.041294552309467e-13,8.552000683645313e-13
16,sun3d-hotel_uc-scan3,36,37,3DLoMatch,mspki,float64,3,S4_post_context,6.927293918272401e-14,3.984469762249928e-14,1.041294552309467e-13,8.552000683645313e-13
16,sun3d-hotel_uc-scan3,36,37,3DLoMatch,mspki,float64,3,D3,5.1833102410509005e-14,3.2577291545738253e-14,8.88124285567811e-14,5.861125312159575e-13
16,sun3d-hotel_uc-scan3,36,37,3DLoMatch,mspki,float64,3,D2_pre_context,4.485200946787744e-14,2.4420316059247592e-14,7.147835308213867e-14,1.1938492587282947e-12
16,sun3d-hotel_uc-scan3,36,37,3DLoMatch,mspki,float64,3,D2_post_context,0.0002984798632869558,2.874927962302431e-14,8.244210517873496e-14,0.028696164584781483
16,sun3d-hotel_uc-scan3,36,37,3DLoMatch,mspki,float64,3,final_RE,0.00020339431262211455,1.540305332563108e-14,7.93967035311961e-14,0.02544154774677049
16,sun3d-hotel_uc-scan3,36,37,3DLoMatch,mspki,float64,3,fine_RI,0.00033835755319695446,nan,nan,nan
16,sun3d-hotel_uc-scan3,36,37,3DLoMatch,mspki,float64,3,coarse_RI,6.239124958782956e-14,nan,nan,nan
17,sun3d-hotel_umd-maryland_hotel1,8,26,3DLoMatch,mspki,float64,0,S2,1.258713834415758e-13,4.2894591289969196e-14,1.7054479126237105e-13,4.8347804509283935e-12
17,sun3d-hotel_umd-maryland_hotel1,8,26,3DLoMatch,mspki,float64,0,S3,1.8298674216713795e-13,6.849569384208121e-14,2.749837589971128e-13,6.1490693450449945e-12
17,sun3d-hotel_umd-maryland_hotel1,8,26,3DLoMatch,mspki,float64,0,S4_pre_context,1.845580817995965e-13,7.171628964639369e-14,2.9023907417309046e-13,3.2746463897772487e-12
17,sun3d-hotel_umd-maryland_hotel1,8,26,3DLoMatch,mspki,float64,0,S4_post_context,1.845580817995965e-13,7.171628964639369e-14,2.9023907417309046e-13,3.2746463897772487e-12
17,sun3d-hotel_umd-maryland_hotel1,8,26,3DLoMatch,mspki,float64,0,D3,1.4881985913375797e-13,5.489461901361713e-14,2.6392085349586867e-13,3.116771154774739e-12
17,sun3d-hotel_umd-maryland_hotel1,8,26,3DLoMatch,mspki,float64,0,D2_pre_context,1.0457138173179588e-13,3.967860986990123e-14,1.7932655729456986e-13,2.8455656587236215e-12
17,sun3d-hotel_umd-maryland_hotel1,8,26,3DLoMatch,mspki,float64,0,D2_post_context,5.431756072012204e-05,4.5893254574767e-14,2.2286730690484848e-13,0.006990908093762358
17,sun3d-hotel_umd-maryland_hotel1,8,26,3DLoMatch,mspki,float64,0,final_RE,1.2909126453608284e-05,2.4460000468959532e-14,2.5139764364620077e-13,0.0022874088007664066
17,sun3d-hotel_umd-maryland_hotel1,8,26,3DLoMatch,mspki,float64,0,fine_RI,5.11138098302705e-05,nan,nan,nan
17,sun3d-hotel_umd-maryland_hotel1,8,26,3DLoMatch,mspki,float64,0,coarse_RI,1.675343946467417e-13,nan,nan,nan
17,sun3d-hotel_umd-maryland_hotel1,8,26,3DLoMatch,mspki,float64,1,S2,1.6548352093268347e-13,4.244809470790423e-14,1.983132131330122e-13,7.907926739101374e-12
17,sun3d-hotel_umd-maryland_hotel1,8,26,3DLoMatch,mspki,float64,1,S3,2.304183881714732e-13,7.025879241949264e-14,3.94033605334267e-13,7.099794831323933e-12
17,sun3d-hotel_umd-maryland_hotel1,8,26,3DLoMatch,mspki,float64,1,S4_pre_context,2.3865907727986813e-13,8.17654562025079e-14,4.2013348321825717e-13,3.784209803932615e-12
17,sun3d-hotel_umd-maryland_hotel1,8,26,3DLoMatch,mspki,float64,1,S4_post_context,2.3865907727986813e-13,8.17654562025079e-14,4.2013348321825717e-13,3.784209803932615e-12
17,sun3d-hotel_umd-maryland_hotel1,8,26,3DLoMatch,mspki,float64,1,D3,1.7749963988458245e-13,6.208003161688201e-14,3.7444395677938694e-13,3.5472676280702387e-12
17,sun3d-hotel_umd-maryland_hotel1,8,26,3DLoMatch,mspki,float64,1,D2_pre_context,1.2931092466002666e-13,4.456691010522345e-14,2.409334474496367e-13,3.9505458073111796e-12
17,sun3d-hotel_umd-maryland_hotel1,8,26,3DLoMatch,mspki,float64,1,D2_post_context,0.00029232022821552134,5.145937620399867e-14,3.08079279600373e-13,0.03522553718533068
17,sun3d-hotel_umd-maryland_hotel1,8,26,3DLoMatch,mspki,float64,1,final_RE,5.289943704129822e-05,2.6586387908767877e-14,3.702543493624487e-13,0.0084796659975873
17,sun3d-hotel_umd-maryland_hotel1,8,26,3DLoMatch,mspki,float64,1,fine_RI,0.00029489806983409227,nan,nan,nan
17,sun3d-hotel_umd-maryland_hotel1,8,26,3DLoMatch,mspki,float64,1,coarse_RI,2.3245377895427996e-13,nan,nan,nan
17,sun3d-hotel_umd-maryland_hotel1,8,26,3DLoMatch,mspki,float64,2,S2,1.4126944321416816e-13,4.280092242869327e-14,1.759545767401349e-13,6.897787624835145e-12
17,sun3d-hotel_umd-maryland_hotel1,8,26,3DLoMatch,mspki,float64,2,S3,1.9937412610760117e-13,6.759872806341289e-14,3.024130408604024e-13,6.768354842984426e-12
17,sun3d-hotel_umd-maryland_hotel1,8,26,3DLoMatch,mspki,float64,2,S4_pre_context,2.0567913163188354e-13,6.927567451462977e-14,3.575319717764811e-13,3.5921962866525925e-12
17,sun3d-hotel_umd-maryland_hotel1,8,26,3DLoMatch,mspki,float64,2,S4_post_context,2.0567913163188354e-13,6.927567451462977e-14,3.575319717764811e-13,3.5921962866525925e-12
17,sun3d-hotel_umd-maryland_hotel1,8,26,3DLoMatch,mspki,float64,2,D3,1.6176127350091506e-13,5.3946399081800097e-14,3.104305532290776e-13,3.419714183766385e-12
17,sun3d-hotel_umd-maryland_hotel1,8,26,3DLoMatch,mspki,float64,2,D2_pre_context,1.1749505291027012e-13,3.9632361105478435e-14,2.0709465098138844e-13,4.0562818749464465e-12
17,sun3d-hotel_umd-maryland_hotel1,8,26,3DLoMatch,mspki,float64,2,D2_post_context,0.00032214150719753285,4.572233698582229e-14,2.5267325784196143e-13,0.03522553718539892
17,sun3d-hotel_umd-maryland_hotel1,8,26,3DLoMatch,mspki,float64,2,final_RE,5.971500596005083e-05,2.404885652343007e-14,2.801525629574357e-13,0.00847966599757949
17,sun3d-hotel_umd-maryland_hotel1,8,26,3DLoMatch,mspki,float64,2,fine_RI,0.0003151027216135793,nan,nan,nan
17,sun3d-hotel_umd-maryland_hotel1,8,26,3DLoMatch,mspki,float64,2,coarse_RI,1.9309595453575244e-13,nan,nan,nan
17,sun3d-hotel_umd-maryland_hotel1,8,26,3DLoMatch,mspki,float64,3,S2,1.4587892944998518e-13,4.2328812706776994e-14,1.814090424096065e-13,7.141175105555454e-12
17,sun3d-hotel_umd-maryland_hotel1,8,26,3DLoMatch,mspki,float64,3,S3,2.4435242014861686e-13,6.817968265907053e-14,3.446214158546661e-13,8.971358052315677e-12
17,sun3d-hotel_umd-maryland_hotel1,8,26,3DLoMatch,mspki,float64,3,S4_pre_context,2.569912568524718e-13,7.52894639749292e-14,3.930484593986988e-13,4.7558707351940495e-12
17,sun3d-hotel_umd-maryland_hotel1,8,26,3DLoMatch,mspki,float64,3,S4_post_context,2.569912568524718e-13,7.52894639749292e-14,3.930484593986988e-13,4.7558707351940495e-12
17,sun3d-hotel_umd-maryland_hotel1,8,26,3DLoMatch,mspki,float64,3,D3,1.8385551333761861e-13,5.777062712777677e-14,3.481554820579854e-13,4.537147109291104e-12
17,sun3d-hotel_umd-maryland_hotel1,8,26,3DLoMatch,mspki,float64,3,D2_pre_context,1.2711927080359174e-13,4.2290594985994944e-14,2.3541095777403565e-13,2.7735096537843107e-12
17,sun3d-hotel_umd-maryland_hotel1,8,26,3DLoMatch,mspki,float64,3,D2_post_context,0.00013536629874226974,4.8296854491736816e-14,2.9064681581011186e-13,0.016111506936431593
17,sun3d-hotel_umd-maryland_hotel1,8,26,3DLoMatch,mspki,float64,3,final_RE,2.770435881862152e-05,2.5817751178930896e-14,3.3872596710776023e-13,0.004115002934686926
17,sun3d-hotel_umd-maryland_hotel1,8,26,3DLoMatch,mspki,float64,3,fine_RI,0.0001110173570936554,nan,nan,nan
17,sun3d-hotel_umd-maryland_hotel1,8,26,3DLoMatch,mspki,float64,3,coarse_RI,2.2461829508710112e-13,nan,nan,nan
18,sun3d-hotel_umd-maryland_hotel1,37,55,3DLoMatch,mspki,float64,0,S2,1.1252250445403686e-13,3.755944918934662e-14,1.584945811733352e-13,4.645430110625834e-12
18,sun3d-hotel_umd-maryland_hotel1,37,55,3DLoMatch,mspki,float64,0,S3,1.3079697932031297e-13,5.79463041038549e-14,2.2172529790850436e-13,1.9845701609622817e-12
18,sun3d-hotel_umd-maryland_hotel1,37,55,3DLoMatch,mspki,float64,0,S4_pre_context,9.277392493729847e-14,6.098562855029617e-14,1.5532175981881246e-13,5.613118536101463e-13
18,sun3d-hotel_umd-maryland_hotel1,37,55,3DLoMatch,mspki,float64,0,S4_post_context,9.277392493729847e-14,6.098562855029617e-14,1.5532175981881246e-13,5.613118536101463e-13
18,sun3d-hotel_umd-maryland_hotel1,37,55,3DLoMatch,mspki,float64,0,D3,8.30731078481601e-14,4.703855105544034e-14,1.4169480960084835e-13,1.036860244040094e-12
18,sun3d-hotel_umd-maryland_hotel1,37,55,3DLoMatch,mspki,float64,0,D2_pre_context,6.605432805643324e-14,3.378890105440818e-14,1.0546224991978639e-13,1.7026430529801252e-12
18,sun3d-hotel_umd-maryland_hotel1,37,55,3DLoMatch,mspki,float64,0,D2_post_context,0.0005323474781640848,3.9201188404848914e-14,1.159555558705749e-13,0.037415837005272075
18,sun3d-hotel_umd-maryland_hotel1,37,55,3DLoMatch,mspki,float64,0,final_RE,0.0002961294775594887,2.0576968666037278e-14,1.1810712149322484e-13,0.020460806331488085
18,sun3d-hotel_umd-maryland_hotel1,37,55,3DLoMatch,mspki,float64,0,fine_RI,0.00044188188832410756,nan,nan,nan
18,sun3d-hotel_umd-maryland_hotel1,37,55,3DLoMatch,mspki,float64,0,coarse_RI,9.078565791503705e-14,nan,nan,nan
18,sun3d-hotel_umd-maryland_hotel1,37,55,3DLoMatch,mspki,float64,1,S2,9.402826340891574e-14,3.750534271041636e-14,1.5599799467485126e-13,2.2869868825738567e-12
18,sun3d-hotel_umd-maryland_hotel1,37,55,3DLoMatch,mspki,float64,1,S3,1.1468213072118596e-13,5.964186657368543e-14,1.883341876846553e-13,1.556404493701497e-12
18,sun3d-hotel_umd-maryland_hotel1,37,55,3DLoMatch,mspki,float64,1,S4_pre_context,9.292228750388571e-14,6.05359840854824e-14,1.5146620484638165e-13,5.677602618155047e-13
18,sun3d-hotel_umd-maryland_hotel1,37,55,3DLoMatch,mspki,float64,1,S4_post_context,9.292228750388571e-14,6.05359840854824e-14,1.5146620484638165e-13,5.677602618155047e-13
18,sun3d-hotel_umd-maryland_hotel1,37,55,3DLoMatch,mspki,float64,1,D3,7.442533209944841e-14,4.537562546590515e-14,1.325207417077057e-13,7.638395843120601e-13
18,sun3d-hotel_umd-maryland_hotel1,37,55,3DLoMatch,mspki,float64,1,D2_pre_context,6.066439834025292e-14,3.225325491686168e-14,1.0628495730223184e-13,1.1208633461558775e-12
18,sun3d-hotel_umd-maryland_hotel1,37,55,3DLoMatch,mspki,float64,1,D2_post_context,0.0004190011510613497,3.7930720508665645e-14,1.1217341250791384e-13,0.037415837005287826
18,sun3d-hotel_umd-maryland_hotel1,37,55,3DLoMatch,mspki,float64,1,final_RE,0.00023856428151464444,2.0304681930021902e-14,1.091409200377159e-13,0.020460806331447038
18,sun3d-hotel_umd-maryland_hotel1,37,55,3DLoMatch,mspki,float64,1,fine_RI,0.0003485091828350808,nan,nan,nan
18,sun3d-hotel_umd-maryland_hotel1,37,55,3DLoMatch,mspki,float64,1,coarse_RI,8.805549826278745e-14,nan,nan,nan
18,sun3d-hotel_umd-maryland_hotel1,37,55,3DLoMatch,mspki,float64,2,S2,1.143611033672701e-13,3.7774232323983534e-14,1.728761200272916e-13,2.967310645086918e-12
18,sun3d-hotel_umd-maryland_hotel1,37,55,3DLoMatch,mspki,float64,2,S3,1.207820323579654e-13,6.001419616914414e-14,2.129629879700733e-13,1.4043714645817551e-12
18,sun3d-hotel_umd-maryland_hotel1,37,55,3DLoMatch,mspki,float64,2,S4_pre_context,9.812264280692316e-14,6.232205585966685e-14,1.7193523495762838e-13,5.905411029732578e-13
18,sun3d-hotel_umd-maryland_hotel1,37,55,3DLoMatch,mspki,float64,2,S4_post_context,9.812264280692316e-14,6.232205585966685e-14,1.7193523495762838e-13,5.905411029732578e-13
18,sun3d-hotel_umd-maryland_hotel1,37,55,3DLoMatch,mspki,float64,2,D3,8.117812144794486e-14,4.751595909286298e-14,1.467986430913272e-13,6.92788607797176e-13
18,sun3d-hotel_umd-maryland_hotel1,37,55,3DLoMatch,mspki,float64,2,D2_pre_context,6.809677870801335e-14,3.429806007624774e-14,1.1889877737579974e-13,1.232625224667095e-12
18,sun3d-hotel_umd-maryland_hotel1,37,55,3DLoMatch,mspki,float64,2,D2_post_context,0.0005323474781644107,4.02919328111547e-14,1.3081967333019326e-13,0.037415837005287826
18,sun3d-hotel_umd-maryland_hotel1,37,55,3DLoMatch,mspki,float64,2,final_RE,0.00029612947755899003,2.257364497620409e-14,1.3466030456056453e-13,0.020460806331442604
18,sun3d-hotel_umd-maryland_hotel1,37,55,3DLoMatch,mspki,float64,2,fine_RI,0.00044188188832432906,nan,nan,nan
18,sun3d-hotel_umd-maryland_hotel1,37,55,3DLoMatch,mspki,float64,2,coarse_RI,1.1101025910493497e-13,nan,nan,nan
18,sun3d-hotel_umd-maryland_hotel1,37,55,3DLoMatch,mspki,float64,3,S2,1.1921938299057288e-13,3.7144679277550275e-14,1.5866315439705326e-13,4.512858867749749e-12
18,sun3d-hotel_umd-maryland_hotel1,37,55,3DLoMatch,mspki,float64,3,S3,1.7268511246676826e-13,6.070325284339739e-14,2.376665402494867e-13,5.120466112778136e-12
18,sun3d-hotel_umd-maryland_hotel1,37,55,3DLoMatch,mspki,float64,3,S4_pre_context,1.1734829454420085e-13,6.348365286300307e-14,1.7163788671582862e-13,1.1209075073815307e-12
18,sun3d-hotel_umd-maryland_hotel1,37,55,3DLoMatch,mspki,float64,3,S4_post_context,1.1734829454420085e-13,6.348365286300307e-14,1.7163788671582862e-13,1.1209075073815307e-12
18,sun3d-hotel_umd-maryland_hotel1,37,55,3DLoMatch,mspki,float64,3,D3,1.1153555167196257e-13,4.96061896464479e-14,1.5080979720643548e-13,2.3220213144140913e-12
18,sun3d-hotel_umd-maryland_hotel1,37,55,3DLoMatch,mspki,float64,3,D2_pre_context,9.026874775707908e-14,3.578802495680546e-14,1.2114954016334202e-13,2.3129052895408733e-12
18,sun3d-hotel_umd-maryland_hotel1,37,55,3DLoMatch,mspki,float64,3,D2_post_context,0.0005323474781642117,4.181344325649907e-14,1.3364722430074315e-13,0.03741583700527888
18,sun3d-hotel_umd-maryland_hotel1,37,55,3DLoMatch,mspki,float64,3,final_RE,0.0002961294775589797,2.252852567528223e-14,1.5323932832445653e-13,0.020460806331448377
18,sun3d-hotel_umd-maryland_hotel1,37,55,3DLoMatch,mspki,float64,3,fine_RI,0.0004418818883241659,nan,nan,nan
18,sun3d-hotel_umd-maryland_hotel1,37,55,3DLoMatch,mspki,float64,3,coarse_RI,1.1632623652202328e-13,nan,nan,nan
19,sun3d-mit_76_studyroom-76-1studyroom2,0,8,3DLoMatch,mspki,float64,0,S2,1.4388486332000111e-13,3.580488784251128e-14,1.5374422034647956e-13,8.906058600489727e-12
19,sun3d-mit_76_studyroom-76-1studyroom2,0,8,3DLoMatch,mspki,float64,0,S3,1.4667325016364204e-13,5.749805078003131e-14,2.316135438391489e-13,2.577998055014849e-12
19,sun3d-mit_76_studyroom-76-1studyroom2,0,8,3DLoMatch,mspki,float64,0,S4_pre_context,1.0504804293373057e-13,5.948245098628057e-14,2.1186386643240654e-13,6.934643707902085e-13
19,sun3d-mit_76_studyroom-76-1studyroom2,0,8,3DLoMatch,mspki,float64,0,S4_post_context,1.0504804293373057e-13,5.948245098628057e-14,2.1186386643240654e-13,6.934643707902085e-13
19,sun3d-mit_76_studyroom-76-1studyroom2,0,8,3DLoMatch,mspki,float64,0,D3,9.90891706444003e-14,4.873591896527127e-14,1.7188396700294604e-13,1.2838507868618147e-12
19,sun3d-mit_76_studyroom-76-1studyroom2,0,8,3DLoMatch,mspki,float64,0,D2_pre_context,1.0143502305556242e-13,3.614446966825336e-14,1.3595287118712403e-13,5.7100238255804955e-12
19,sun3d-mit_76_studyroom-76-1studyroom2,0,8,3DLoMatch,mspki,float64,0,D2_post_context,0.00027199011584846017,4.5344026306721975e-14,2.095982983195601e-13,0.01764349075021946
19,sun3d-mit_76_studyroom-76-1studyroom2,0,8,3DLoMatch,mspki,float64,0,final_RE,0.00010007917474101009,2.929439594561837e-14,2.4557141080205113e-13,0.006310020282499957
19,sun3d-mit_76_studyroom-76-1studyroom2,0,8,3DLoMatch,mspki,float64,0,fine_RI,0.00023075834576578283,nan,nan,nan
19,sun3d-mit_76_studyroom-76-1studyroom2,0,8,3DLoMatch,mspki,float64,0,coarse_RI,9.330882456320465e-14,nan,nan,nan
19,sun3d-mit_76_studyroom-76-1studyroom2,0,8,3DLoMatch,mspki,float64,1,S2,8.262941013942526e-14,3.416956956172961e-14,1.2489720247388933e-13,2.4791470280684122e-12
19,sun3d-mit_76_studyroom-76-1studyroom2,0,8,3DLoMatch,mspki,float64,1,S3,8.929515849546507e-14,5.244309496539825e-14,1.6883270606271826e-13,5.918399780690366e-13
19,sun3d-mit_76_studyroom-76-1studyroom2,0,8,3DLoMatch,mspki,float64,1,S4_pre_context,7.874159477738892e-14,5.126032880772229e-14,1.5302378593637035e-13,3.6523889357932285e-13
19,sun3d-mit_76_studyroom-76-1studyroom2,0,8,3DLoMatch,mspki,float64,1,S4_post_context,7.874159477738892e-14,5.126032880772229e-14,1.5302378593637035e-13,3.6523889357932285e-13
19,sun3d-mit_76_studyroom-76-1studyroom2,0,8,3DLoMatch,mspki,float64,1,D3,6.413929897021719e-14,4.248785423845226e-14,1.2724268948097214e-13,3.048955082120398e-13
19,sun3d-mit_76_studyroom-76-1studyroom2,0,8,3DLoMatch,mspki,float64,1,D2_pre_context,5.403498219575029e-14,3.1301015614916555e-14,9.462611205448736e-14,1.3934195132937263e-12
19,sun3d-mit_76_studyroom-76-1studyroom2,0,8,3DLoMatch,mspki,float64,1,D2_post_context,0.00024042889208103922,3.8972833254686506e-14,1.1390352951952066e-13,0.017643490750225407
19,sun3d-mit_76_studyroom-76-1studyroom2,0,8,3DLoMatch,mspki,float64,1,final_RE,7.016216440046366e-05,2.319004697375856e-14,1.8558985703972574e-13,0.004629142840926107
19,sun3d-mit_76_studyroom-76-1studyroom2,0,8,3DLoMatch,mspki,float64,1,fine_RI,0.0002100106586209591,nan,nan,nan
19,sun3d-mit_76_studyroom-76-1studyroom2,0,8,3DLoMatch,mspki,float64,1,coarse_RI,6.875580595715275e-14,nan,nan,nan
19,sun3d-mit_76_studyroom-76-1studyroom2,0,8,3DLoMatch,mspki,float64,2,S2,1.1150780416220222e-13,3.5066821482238384e-14,1.3421585373145994e-13,5.3979032463376474e-12
19,sun3d-mit_76_studyroom-76-1studyroom2,0,8,3DLoMatch,mspki,float64,2,S3,1.1020807336816987e-13,5.261459170908704e-14,1.9003225463081598e-13,1.5191431597001573e-12
19,sun3d-mit_76_studyroom-76-1studyroom2,0,8,3DLoMatch,mspki,float64,2,S4_pre_context,8.129668778234753e-14,5.150612413702344e-14,1.682672280067647e-13,3.971976135930148e-13
19,sun3d-mit_76_studyroom-76-1studyroom2,0,8,3DLoMatch,mspki,float64,2,S4_post_context,8.129668778234753e-14,5.150612413702344e-14,1.682672280067647e-13,3.971976135930148e-13
19,sun3d-mit_76_studyroom-76-1studyroom2,0,8,3DLoMatch,mspki,float64,2,D3,7.142552319603653e-14,4.154405314632735e-14,1.3148968155034585e-13,7.581418615467285e-13
19,sun3d-mit_76_studyroom-76-1studyroom2,0,8,3DLoMatch,mspki,float64,2,D2_pre_context,7.335727037235662e-14,3.076700285719126e-14,9.873592571388448e-14,3.372468599185501e-12
19,sun3d-mit_76_studyroom-76-1studyroom2,0,8,3DLoMatch,mspki,float64,2,D2_post_context,0.00027199011584853536,3.7655593226779226e-14,1.3472235660439525e-13,0.017643490750213913
19,sun3d-mit_76_studyroom-76-1studyroom2,0,8,3DLoMatch,mspki,float64,2,final_RE,0.00010007917474126143,2.2905570941353896e-14,1.726138580966774e-13,0.006310020282516264
19,sun3d-mit_76_studyroom-76-1studyroom2,0,8,3DLoMatch,mspki,float64,2,fine_RI,0.00023075834576585544,nan,nan,nan
19,sun3d-mit_76_studyroom-76-1studyroom2,0,8,3DLoMatch,mspki,float64,2,coarse_RI,8.065353590614283e-14,nan,nan,nan
19,sun3d-mit_76_studyroom-76-1studyroom2,0,8,3DLoMatch,mspki,float64,3,S2,8.429074229111043e-14,3.4326219982791217e-14,1.2417005061431372e-13,2.7719368700285555e-12
19,sun3d-mit_76_studyroom-76-1studyroom2,0,8,3DLoMatch,mspki,float64,3,S3,1.0184947693809713e-13,5.247019270632458e-14,1.7897953522073964e-13,1.469876583159695e-12
19,sun3d-mit_76_studyroom-76-1studyroom2,0,8,3DLoMatch,mspki,float64,3,S4_pre_context,8.116761083208614e-14,5.145817001543803e-14,1.4446570203064604e-13,5.051915275281261e-13
19,sun3d-mit_76_studyroom-76-1studyroom2,0,8,3DLoMatch,mspki,float64,3,S4_post_context,8.116761083208614e-14,5.145817001543803e-14,1.4446570203064604e-13,5.051915275281261e-13
19,sun3d-mit_76_studyroom-76-1studyroom2,0,8,3DLoMatch,mspki,float64,3,D3,6.75387412679471e-14,4.247743596436956e-14,1.2083538839486827e-13,5.142155852954595e-13
19,sun3d-mit_76_studyroom-76-1studyroom2,0,8,3DLoMatch,mspki,float64,3,D2_pre_context,5.5740704243507954e-14,3.2642633129878217e-14,9.159599223634501e-14,1.1792182435021975e-12
19,sun3d-mit_76_studyroom-76-1studyroom2,0,8,3DLoMatch,mspki,float64,3,D2_post_context,8.724217930371738e-05,3.9732967563322216e-14,1.1452800426063295e-13,0.006928114622209382
19,sun3d-mit_76_studyroom-76-1studyroom2,0,8,3DLoMatch,mspki,float64,3,final_RE,4.575485867108404e-05,2.4401847429974992e-14,1.7513051266990277e-13,0.003145113681431281
19,sun3d-mit_76_studyroom-76-1studyroom2,0,8,3DLoMatch,mspki,float64,3,fine_RI,7.837151512628112e-05,nan,nan,nan
19,sun3d-mit_76_studyroom-76-1studyroom2,0,8,3DLoMatch,mspki,float64,3,coarse_RI,7.552185978944152e-14,nan,nan,nan
20,sun3d-mit_76_studyroom-76-1studyroom2,12,14,3DLoMatch,mspki,float64,0,S2,1.161650831238716e-13,3.557554797563744e-14,1.5690673814803166e-13,6.130358986094657e-12
20,sun3d-mit_76_studyroom-76-1studyroom2,12,14,3DLoMatch,mspki,float64,0,S3,1.5463904784905658e-13,5.945774783796795e-14,2.577812004213187e-13,3.5841334187473583e-12
20,sun3d-mit_76_studyroom-76-1studyroom2,12,14,3DLoMatch,mspki,float64,0,S4_pre_context,1.2342607840454968e-13,6.508600565996723e-14,2.473798222765861e-13,6.306395823356404e-13
20,sun3d-mit_76_studyroom-76-1studyroom2,12,14,3DLoMatch,mspki,float64,0,S4_post_context,1.2342607840454968e-13,6.508600565996723e-14,2.473798222765861e-13,6.306395823356404e-13
20,sun3d-mit_76_studyroom-76-1studyroom2,12,14,3DLoMatch,mspki,float64,0,D3,1.042966015425854e-13,5.5082505034953544e-14,1.9714872471515106e-13,1.017129005682521e-12
20,sun3d-mit_76_studyroom-76-1studyroom2,12,14,3DLoMatch,mspki,float64,0,D2_pre_context,7.892808448564599e-14,4.285531919649789e-14,1.4060617765245175e-13,2.135315305230401e-12
20,sun3d-mit_76_studyroom-76-1studyroom2,12,14,3DLoMatch,mspki,float64,0,D2_post_context,0.0006095726852809015,5.444150166092732e-14,1.791656874113644e-13,0.026877170602530562
20,sun3d-mit_76_studyroom-76-1studyroom2,12,14,3DLoMatch,mspki,float64,0,final_RE,0.00044980284185727656,4.3886830995964704e-14,3.0795968508389863e-13,0.03238319975534257
20,sun3d-mit_76_studyroom-76-1studyroom2,12,14,3DLoMatch,mspki,float64,0,fine_RI,0.0005051480706709655,nan,nan,nan
20,sun3d-mit_76_studyroom-76-1studyroom2,12,14,3DLoMatch,mspki,float64,0,coarse_RI,1.2492064773517906e-13,nan,nan,nan
20,sun3d-mit_76_studyroom-76-1studyroom2,12,14,3DLoMatch,mspki,float64,1,S2,9.274327520497349e-14,3.4728657370373624e-14,1.4852602661534172e-13,2.3801180982712716e-12
20,sun3d-mit_76_studyroom-76-1studyroom2,12,14,3DLoMatch,mspki,float64,1,S3,1.257852973795544e-13,5.807623720493477e-14,2.3223450193452967e-13,1.7018818978408135e-12
20,sun3d-mit_76_studyroom-76-1studyroom2,12,14,3DLoMatch,mspki,float64,1,S4_pre_context,1.1490792010504137e-13,6.353323697118772e-14,2.0629273501263817e-13,7.150996380156079e-13
20,sun3d-mit_76_studyroom-76-1studyroom2,12,14,3DLoMatch,mspki,float64,1,S4_post_context,1.1490792010504137e-13,6.353323697118772e-14,2.0629273501263817e-13,7.150996380156079e-13
20,sun3d-mit_76_studyroom-76-1studyroom2,12,14,3DLoMatch,mspki,float64,1,D3,1.0234126381295201e-13,5.624067447588933e-14,1.937714090922081e-13,9.419592180242321e-13
20,sun3d-mit_76_studyroom-76-1studyroom2,12,14,3DLoMatch,mspki,float64,1,D2_pre_context,7.712796627194624e-14,4.2904228994397076e-14,1.424191818396398e-13,1.4244394157648332e-12
20,sun3d-mit_76_studyroom-76-1studyroom2,12,14,3DLoMatch,mspki,float64,1,D2_post_context,0.0006460164548003482,5.441917269257081e-14,1.801502723917585e-13,0.026877170602609395
20,sun3d-mit_76_studyroom-76-1studyroom2,12,14,3DLoMatch,mspki,float64,1,final_RE,0.00032566024154613744,4.372968653949792e-14,3.251223456473383e-13,0.01855155057445901
20,sun3d-mit_76_studyroom-76-1studyroom2,12,14,3DLoMatch,mspki,float64,1,fine_RI,0.0005468690488087817,nan,nan,nan
20,sun3d-mit_76_studyroom-76-1studyroom2,12,14,3DLoMatch,mspki,float64,1,coarse_RI,1.180085802772872e-13,nan,nan,nan
20,sun3d-mit_76_studyroom-76-1studyroom2,12,14,3DLoMatch,mspki,float64,2,S2,1.5518984752166582e-13,3.766136367450406e-14,1.8059660211360786e-13,6.993215484448504e-12
20,sun3d-mit_76_studyroom-76-1studyroom2,12,14,3DLoMatch,mspki,float64,2,S3,2.3805774567826777e-13,7.069082469422856e-14,3.63290330480601e-13,3.952264138967866e-12
20,sun3d-mit_76_studyroom-76-1studyroom2,12,14,3DLoMatch,mspki,float64,2,S4_pre_context,2.280724689347671e-13,8.078508358224658e-14,3.746175790677537e-13,1.941803063477109e-12
20,sun3d-mit_76_studyroom-76-1studyroom2,12,14,3DLoMatch,mspki,float64,2,S4_post_context,2.280724689347671e-13,8.078508358224658e-14,3.746175790677537e-13,1.941803063477109e-12
20,sun3d-mit_76_studyroom-76-1studyroom2,12,14,3DLoMatch,mspki,float64,2,D3,1.6228238934007267e-13,6.822457151841871e-14,3.0236609600856463e-13,1.5426690819091335e-12
20,sun3d-mit_76_studyroom-76-1studyroom2,12,14,3DLoMatch,mspki,float64,2,D2_pre_context,1.1197783412386269e-13,5.073180258471282e-14,1.9954321996353282e-13,2.403795342607956e-12
20,sun3d-mit_76_studyroom-76-1studyroom2,12,14,3DLoMatch,mspki,float64,2,D2_post_context,0.0005426692110471204,6.832687800405133e-14,2.6600822112921926e-13,0.024952047959387276
20,sun3d-mit_76_studyroom-76-1studyroom2,12,14,3DLoMatch,mspki,float64,2,final_RE,0.0004599705312321898,5.5759316769346156e-14,4.3251717346424407e-13,0.03238319975535598
20,sun3d-mit_76_studyroom-76-1studyroom2,12,14,3DLoMatch,mspki,float64,2,fine_RI,0.00044392448559064045,nan,nan,nan
20,sun3d-mit_76_studyroom-76-1studyroom2,12,14,3DLoMatch,mspki,float64,2,coarse_RI,2.2798523289686954e-13,nan,nan,nan
20,sun3d-mit_76_studyroom-76-1studyroom2,12,14,3DLoMatch,mspki,float64,3,S2,1.27644952222339e-13,3.6147678710045255e-14,1.6742859804249599e-13,4.757571203410403e-12
20,sun3d-mit_76_studyroom-76-1studyroom2,12,14,3DLoMatch,mspki,float64,3,S3,1.481877819873462e-13,6.27422015535451e-14,2.645820375687916e-13,2.304650436663184e-12
20,sun3d-mit_76_studyroom-76-1studyroom2,12,14,3DLoMatch,mspki,float64,3,S4_pre_context,1.253432344479494e-13,6.540745993597065e-14,2.4713286723845927e-13,6.610685824437987e-13
20,sun3d-mit_76_studyroom-76-1studyroom2,12,14,3DLoMatch,mspki,float64,3,S4_post_context,1.253432344479494e-13,6.540745993597065e-14,2.4713286723845927e-13,6.610685824437987e-13
20,sun3d-mit_76_studyroom-76-1studyroom2,12,14,3DLoMatch,mspki,float64,3,D3,1.1523584652645888e-13,5.663403681971875e-14,2.2730713649134132e-13,9.93606936966453e-13
20,sun3d-mit_76_studyroom-76-1studyroom2,12,14,3DLoMatch,mspki,float64,3,D2_pre_context,9.006340048123324e-14,4.389887405011046e-14,1.701593625971187e-13,1.5991587793367804e-12
20,sun3d-mit_76_studyroom-76-1studyroom2,12,14,3DLoMatch,mspki,float64,3,D2_post_context,0.000835249118053429,5.6342023407820576e-14,2.3105369227124686e-13,0.05019239075657502
20,sun3d-mit_76_studyroom-76-1studyroom2,12,14,3DLoMatch,mspki,float64,3,final_RE,0.00044459285549920766,4.61825970584772e-14,3.627141906966638e-13,0.02180517683969136
20,sun3d-mit_76_studyroom-76-1studyroom2,12,14,3DLoMatch,mspki,float64,3,fine_RI,0.0006696963511282335,nan,nan,nan
20,sun3d-mit_76_studyroom-76-1studyroom2,12,14,3DLoMatch,mspki,float64,3,coarse_RI,1.5251922916440242e-13,nan,nan,nan
21,sun3d-mit_76_studyroom-76-1studyroom2,24,65,3DLoMatch,mspki,float64,0,S2,2.6081468179776835e-13,3.592430437517819e-14,1.7196042070073096e-13,2.1833979650954523e-11
21,sun3d-mit_76_studyroom-76-1studyroom2,24,65,3DLoMatch,mspki,float64,0,S3,2.603322997509139e-13,6.490408722021867e-14,3.8770020357940435e-13,6.030153026738238e-12
21,sun3d-mit_76_studyroom-76-1studyroom2,24,65,3DLoMatch,mspki,float64,0,S4_pre_context,1.7272346485730829e-13,7.329800111898602e-14,3.75272548707115e-13,9.512199882383058e-13
21,sun3d-mit_76_studyroom-76-1studyroom2,24,65,3DLoMatch,mspki,float64,0,S4_post_context,1.7272346485730829e-13,7.329800111898602e-14,3.75272548707115e-13,9.512199882383058e-13
21,sun3d-mit_76_studyroom-76-1studyroom2,24,65,3DLoMatch,mspki,float64,0,D3,1.6870027185290537e-13,5.9796312929142e-14,3.120141613639586e-13,2.236011107785071e-12
21,sun3d-mit_76_studyroom-76-1studyroom2,24,65,3DLoMatch,mspki,float64,0,D2_pre_context,1.5220359711537683e-13,4.413007858299233e-14,2.2018083259895725e-13,7.67906637648554e-12
21,sun3d-mit_76_studyroom-76-1studyroom2,24,65,3DLoMatch,mspki,float64,0,D2_post_context,0.0002577040139760596,5.1082190252047053e-14,2.706134914580864e-13,0.026901748213264676
21,sun3d-mit_76_studyroom-76-1studyroom2,24,65,3DLoMatch,mspki,float64,0,final_RE,0.00022893488238246573,3.050688703374946e-14,3.869906251889567e-13,0.021011481654308047
21,sun3d-mit_76_studyroom-76-1studyroom2,24,65,3DLoMatch,mspki,float64,0,fine_RI,0.0002172244487849869,nan,nan,nan
21,sun3d-mit_76_studyroom-76-1studyroom2,24,65,3DLoMatch,mspki,float64,0,coarse_RI,3.9286316585285697e-13,nan,nan,nan
21,sun3d-mit_76_studyroom-76-1studyroom2,24,65,3DLoMatch,mspki,float64,1,S2,2.1924574446563688e-13,3.613125370337999e-14,1.6251199117235423e-13,1.4510579943507111e-11
21,sun3d-mit_76_studyroom-76-1studyroom2,24,65,3DLoMatch,mspki,float64,1,S3,2.242351386045099e-13,6.084558489761961e-14,3.283627941401809e-13,6.37483430867203e-12
21,sun3d-mit_76_studyroom-76-1studyroom2,24,65,3DLoMatch,mspki,float64,1,S4_pre_context,1.5148167521209565e-13,6.909513467205773e-14,3.041251445495722e-13,7.472936053109673e-13
21,sun3d-mit_76_studyroom-76-1studyroom2,24,65,3DLoMatch,mspki,float64,1,S4_post_context,1.5148167521209565e-13,6.909513467205773e-14,3.041251445495722e-13,7.472936053109673e-13
21,sun3d-mit_76_studyroom-76-1studyroom2,24,65,3DLoMatch,mspki,float64,1,D3,1.434249457583268e-13,5.5393225412459254e-14,2.6945100785277013e-13,2.2466640578864942e-12
21,sun3d-mit_76_studyroom-76-1studyroom2,24,65,3DLoMatch,mspki,float64,1,D2_pre_context,1.2770836233193386e-13,4.028302772143672e-14,1.9295516834734647e-13,5.064672201021399e-12
21,sun3d-mit_76_studyroom-76-1studyroom2,24,65,3DLoMatch,mspki,float64,1,D2_post_context,1.27196247827218e-13,4.676849567441129e-14,2.326191287597759e-13,3.2783423009573247e-12
21,sun3d-mit_76_studyroom-76-1studyroom2,24,65,3DLoMatch,mspki,float64,1,final_RE,1.3981667595238556e-13,2.901958351094987e-14,3.408194008174522e-13,1.1501944962940887e-11
21,sun3d-mit_76_studyroom-76-1studyroom2,24,65,3DLoMatch,mspki,float64,1,fine_RI,8.901027040834277e-14,nan,nan,nan
21,sun3d-mit_76_studyroom-76-1studyroom2,24,65,3DLoMatch,mspki,float64,1,coarse_RI,2.834387684952862e-13,nan,nan,nan
21,sun3d-mit_76_studyroom-76-1studyroom2,24,65,3DLoMatch,mspki,float64,2,S2,1.8873354052566766e-13,3.5888617474477414e-14,1.6164524244431063e-13,1.0967536327297374e-11
21,sun3d-mit_76_studyroom-76-1studyroom2,24,65,3DLoMatch,mspki,float64,2,S3,2.1194297830297101e-13,6.208069591120823e-14,2.97654634350804e-13,6.313880870375203e-12
21,sun3d-mit_76_studyroom-76-1studyroom2,24,65,3DLoMatch,mspki,float64,2,S4_pre_context,1.4741556769357117e-13,7.17368080391482e-14,2.857228398402898e-13,9.3747363607915e-13
21,sun3d-mit_76_studyroom-76-1studyroom2,24,65,3DLoMatch,mspki,float64,2,S4_post_context,1.4741556769357117e-13,7.17368080391482e-14,2.857228398402898e-13,9.3747363607915e-13
21,sun3d-mit_76_studyroom-76-1studyroom2,24,65,3DLoMatch,mspki,float64,2,D3,1.329835689859151e-13,5.522692999566219e-14,2.507944610450564e-13,2.2109386365938474e-12
21,sun3d-mit_76_studyroom-76-1studyroom2,24,65,3DLoMatch,mspki,float64,2,D2_pre_context,1.2214562374076006e-13,4.001880493742244e-14,1.7575357951354482e-13,6.0098379920178224e-12
21,sun3d-mit_76_studyroom-76-1studyroom2,24,65,3DLoMatch,mspki,float64,2,D2_post_context,0.00032884132680414973,4.693555736261337e-14,2.291751796483825e-13,0.026901748213282464
21,sun3d-mit_76_studyroom-76-1studyroom2,24,65,3DLoMatch,mspki,float64,2,final_RE,0.00025580240162491113,2.920668190267698e-14,3.307234717706408e-13,0.02168721917032445
21,sun3d-mit_76_studyroom-76-1studyroom2,24,65,3DLoMatch,mspki,float64,2,fine_RI,0.0002705461647019763,nan,nan,nan
21,sun3d-mit_76_studyroom-76-1studyroom2,24,65,3DLoMatch,mspki,float64,2,coarse_RI,1.6964466772200465e-13,nan,nan,nan
21,sun3d-mit_76_studyroom-76-1studyroom2,24,65,3DLoMatch,mspki,float64,3,S2,2.261404796789916e-13,3.598466834251072e-14,1.6010806256168718e-13,1.8106325811880312e-11
21,sun3d-mit_76_studyroom-76-1studyroom2,24,65,3DLoMatch,mspki,float64,3,S3,3.1902009122933156e-13,6.127342108519032e-14,3.1109037200250966e-13,1.1952279928421752e-11
21,sun3d-mit_76_studyroom-76-1studyroom2,24,65,3DLoMatch,mspki,float64,3,S4_pre_context,1.9416659692605487e-13,6.24733860627676e-14,3.192434943960798e-13,1.392385423914351e-12
21,sun3d-mit_76_studyroom-76-1studyroom2,24,65,3DLoMatch,mspki,float64,3,S4_post_context,1.9416659692605487e-13,6.24733860627676e-14,3.192434943960798e-13,1.392385423914351e-12
21,sun3d-mit_76_studyroom-76-1studyroom2,24,65,3DLoMatch,mspki,float64,3,D3,1.874755732949378e-13,5.08224713990518e-14,2.7186089246263e-13,4.208424475695307e-12
21,sun3d-mit_76_studyroom-76-1studyroom2,24,65,3DLoMatch,mspki,float64,3,D2_pre_context,1.569266230885245e-13,3.736470332049511e-14,1.9488419501868147e-13,8.543960917289715e-12
21,sun3d-mit_76_studyroom-76-1studyroom2,24,65,3DLoMatch,mspki,float64,3,D2_post_context,8.747036596782806e-05,4.365469289068114e-14,2.429443526260819e-13,0.0100703871372355
21,sun3d-mit_76_studyroom-76-1studyroom2,24,65,3DLoMatch,mspki,float64,3,final_RE,0.00010329298994278691,2.745781988775697e-14,3.7712243784103783e-13,0.014504840355756313
21,sun3d-mit_76_studyroom-76-1studyroom2,24,65,3DLoMatch,mspki,float64,3,fine_RI,8.062720298703469e-05,nan,nan,nan
21,sun3d-mit_76_studyroom-76-1studyroom2,24,65,3DLoMatch,mspki,float64,3,coarse_RI,1.9808481328254343e-13,nan,nan,nan
22,sun3d-mit_76_studyroom-76-1studyroom2,58,62,3DLoMatch,mspki,float64,0,S2,1.0835983061568457e-13,4.0493150838042956e-14,1.6270419768119671e-13,2.7989015819599868e-12
22,sun3d-mit_76_studyroom-76-1studyroom2,58,62,3DLoMatch,mspki,float64,0,S3,1.1490624383538892e-13,6.24855559668558e-14,2.189508167195199e-13,1.735032221429649e-12
22,sun3d-mit_76_studyroom-76-1studyroom2,58,62,3DLoMatch,mspki,float64,0,S4_pre_context,8.873561044212501e-14,6.031222698565867e-14,1.7612185949306986e-13,4.2670315865901616e-13
22,sun3d-mit_76_studyroom-76-1studyroom2,58,62,3DLoMatch,mspki,float64,0,S4_post_context,8.873561044212501e-14,6.031222698565867e-14,1.7612185949306986e-13,4.2670315865901616e-13
22,sun3d-mit_76_studyroom-76-1studyroom2,58,62,3DLoMatch,mspki,float64,0,D3,7.742939578589704e-14,4.65422697741582e-14,1.4800999645810846e-13,6.846082051079687e-13
22,sun3d-mit_76_studyroom-76-1studyroom2,58,62,3DLoMatch,mspki,float64,0,D2_pre_context,6.326422754017503e-14,3.250231071359293e-14,1.0737648751711112e-13,1.734915042640594e-12
22,sun3d-mit_76_studyroom-76-1studyroom2,58,62,3DLoMatch,mspki,float64,0,D2_post_context,0.00024875445201648865,3.7216476117821616e-14,1.207231444955728e-13,0.018742138872150507
22,sun3d-mit_76_studyroom-76-1studyroom2,58,62,3DLoMatch,mspki,float64,0,final_RE,0.00018953738603121715,2.00918023758245e-14,1.346887780192826e-13,0.022583129868971215
22,sun3d-mit_76_studyroom-76-1studyroom2,58,62,3DLoMatch,mspki,float64,0,fine_RI,0.00021181715027428672,nan,nan,nan
22,sun3d-mit_76_studyroom-76-1studyroom2,58,62,3DLoMatch,mspki,float64,0,coarse_RI,8.457579070093811e-14,nan,nan,nan
22,sun3d-mit_76_studyroom-76-1studyroom2,58,62,3DLoMatch,mspki,float64,1,S2,1.3457409688969505e-13,4.231453802304186e-14,1.8877590355329416e-13,6.2670680914373385e-12
22,sun3d-mit_76_studyroom-76-1studyroom2,58,62,3DLoMatch,mspki,float64,1,S3,1.5513424282730016e-13,6.708573125119025e-14,2.73109239817893e-13,2.949876031292564e-12
22,sun3d-mit_76_studyroom-76-1studyroom2,58,62,3DLoMatch,mspki,float64,1,S4_pre_context,1.2811427245577017e-13,6.499856438692876e-14,2.5986483721951886e-13,9.273016929066684e-13
22,sun3d-mit_76_studyroom-76-1studyroom2,58,62,3DLoMatch,mspki,float64,1,S4_post_context,1.2811427245577017e-13,6.499856438692876e-14,2.5986483721951886e-13,9.273016929066684e-13
22,sun3d-mit_76_studyroom-76-1studyroom2,58,62,3DLoMatch,mspki,float64,1,D3,1.1530030519875181e-13,5.10568689324919e-14,2.1691337905404811e-13,1.6206016567232415e-12
22,sun3d-mit_76_studyroom-76-1studyroom2,58,62,3DLoMatch,mspki,float64,1,D2_pre_context,8.337387593200172e-14,3.631223835230916e-14,1.462398825384835e-13,2.377194450117021e-12
22,sun3d-mit_76_studyroom-76-1studyroom2,58,62,3DLoMatch,mspki,float64,1,D2_post_context,0.00020311740619527693,4.039169084839198e-14,1.7708213581589414e-13,0.018147244451966575
22,sun3d-mit_76_studyroom-76-1studyroom2,58,62,3DLoMatch,mspki,float64,1,final_RE,0.0001495693291286464,2.3776373292545748e-14,2.0344013312466921e-13,0.0233084875376856
22,sun3d-mit_76_studyroom-76-1studyroom2,58,62,3DLoMatch,mspki,float64,1,fine_RI,0.0001561502382210175,nan,nan,nan
22,sun3d-mit_76_studyroom-76-1studyroom2,58,62,3DLoMatch,mspki,float64,1,coarse_RI,1.1914103526295044e-13,nan,nan,nan
22,sun3d-mit_76_studyroom-76-1studyroom2,58,62,3DLoMatch,mspki,float64,2,S2,1.6667161138818977e-13,4.028017481867284e-14,1.8070932069305012e-13,1.1868498433186985e-11
22,sun3d-mit_76_studyroom-76-1studyroom2,58,62,3DLoMatch,mspki,float64,2,S3,1.8057747577094746e-13,6.447951878121814e-14,2.7263957051675095e-13,2.446774344179889e-12
22,sun3d-mit_76_studyroom-76-1studyroom2,58,62,3DLoMatch,mspki,float64,2,S4_pre_context,1.529033913671283e-13,6.253290429323553e-14,2.8865815786515113e-13,9.177549303196658e-13
22,sun3d-mit_76_studyroom-76-1studyroom2,58,62,3DLoMatch,mspki,float64,2,S4_post_context,1.529033913671283e-13,6.253290429323553e-14,2.8865815786515113e-13,9.177549303196658e-13
22,sun3d-mit_76_studyroom-76-1studyroom2,58,62,3DLoMatch,mspki,float64,2,D3,1.3384840393074704e-13,4.889003819891009e-14,2.2715712080144994e-13,1.4502126199913356e-12
22,sun3d-mit_76_studyroom-76-1studyroom2,58,62,3DLoMatch,mspki,float64,2,D2_pre_context,9.714806184761454e-14,3.415452244746533e-14,1.5802960600174558e-13,2.8846884068948398e-12
22,sun3d-mit_76_studyroom-76-1studyroom2,58,62,3DLoMatch,mspki,float64,2,D2_post_context,0.00014871002463022638,3.7736657044209325e-14,1.8310396502997122e-13,0.018147244451954758
22,sun3d-mit_76_studyroom-76-1studyroom2,58,62,3DLoMatch,mspki,float64,2,final_RE,0.00012489416698518887,2.1711833465397678e-14,1.9208913844651336e-13,0.023308487537528812
22,sun3d-mit_76_studyroom-76-1studyroom2,58,62,3DLoMatch,mspki,float64,2,fine_RI,0.00010967014766924631,nan,nan,nan
22,sun3d-mit_76_studyroom-76-1studyroom2,58,62,3DLoMatch,mspki,float64,2,coarse_RI,1.3600207380321217e-13,nan,nan,nan
22,sun3d-mit_76_studyroom-76-1studyroom2,58,62,3DLoMatch,mspki,float64,3,S2,1.2205495539318091e-13,4.044530409942602e-14,1.742760624405539e-13,3.893880058283806e-12
22,sun3d-mit_76_studyroom-76-1studyroom2,58,62,3DLoMatch,mspki,float64,3,S3,1.2634825780300756e-13,6.28104030076675e-14,2.4003004399775333e-13,1.7152883669169374e-12
22,sun3d-mit_76_studyroom-76-1studyroom2,58,62,3DLoMatch,mspki,float64,3,S4_pre_context,1.0255038761145547e-13,5.961483718603376e-14,1.9390911840017482e-13,8.087052651024944e-13
22,sun3d-mit_76_studyroom-76-1studyroom2,58,62,3DLoMatch,mspki,float64,3,S4_post_context,1.0255038761145547e-13,5.961483718603376e-14,1.9390911840017482e-13,8.087052651024944e-13
22,sun3d-mit_76_studyroom-76-1studyroom2,58,62,3DLoMatch,mspki,float64,3,D3,9.002861524612494e-14,4.735959262755425e-14,1.6956809991256197e-13,9.072407614217567e-13
22,sun3d-mit_76_studyroom-76-1studyroom2,58,62,3DLoMatch,mspki,float64,3,D2_pre_context,6.998912327421232e-14,3.3552911269226154e-14,1.1929844040714306e-13,1.983437660516503e-12
22,sun3d-mit_76_studyroom-76-1studyroom2,58,62,3DLoMatch,mspki,float64,3,D2_post_context,0.00023601517043934136,3.719645888810801e-14,1.3764539323941137e-13,0.01874213887214394
22,sun3d-mit_76_studyroom-76-1studyroom2,58,62,3DLoMatch,mspki,float64,3,final_RE,0.0001809777123448685,2.032703611056045e-14,1.5724212524626373e-13,0.02258312986890953
22,sun3d-mit_76_studyroom-76-1studyroom2,58,62,3DLoMatch,mspki,float64,3,fine_RI,0.00020170544840308053,nan,nan,nan
22,sun3d-mit_76_studyroom-76-1studyroom2,58,62,3DLoMatch,mspki,float64,3,coarse_RI,9.489496499078496e-14,nan,nan,nan
23,sun3d-mit_lab_hj-lab_hj_tea_nov_2_2012_scan1_erika,31,35,3DLoMatch,mspki,float64,0,S2,1.2660377890986255e-13,3.3434508753713156e-14,1.4985518117358992e-13,5.696783537897902e-12
23,sun3d-mit_lab_hj-lab_hj_tea_nov_2_2012_scan1_erika,31,35,3DLoMatch,mspki,float64,0,S3,1.5311321869408837e-13,5.4678406730865514e-14,2.313222018140387e-13,2.398269245995727e-12
23,sun3d-mit_lab_hj-lab_hj_tea_nov_2_2012_scan1_erika,31,35,3DLoMatch,mspki,float64,0,S4_pre_context,1.2546973640004352e-13,5.748706859834018e-14,1.999997940745644e-13,1.5170504384222007e-12
23,sun3d-mit_lab_hj-lab_hj_tea_nov_2_2012_scan1_erika,31,35,3DLoMatch,mspki,float64,0,S4_post_context,1.2546973640004352e-13,5.748706859834018e-14,1.999997940745644e-13,1.5170504384222007e-12
23,sun3d-mit_lab_hj-lab_hj_tea_nov_2_2012_scan1_erika,31,35,3DLoMatch,mspki,float64,0,D3,1.0953317849115396e-13,4.777053417131948e-14,1.7458776890088735e-13,1.785078976460379e-12
23,sun3d-mit_lab_hj-lab_hj_tea_nov_2_2012_scan1_erika,31,35,3DLoMatch,mspki,float64,0,D2_pre_context,8.592101504903454e-14,3.4439009520109385e-14,1.2881244909247173e-13,1.803349885780505e-12
23,sun3d-mit_lab_hj-lab_hj_tea_nov_2_2012_scan1_erika,31,35,3DLoMatch,mspki,float64,0,D2_post_context,0.0005166661656385013,4.1943076094834016e-14,1.596248610000918e-13,0.0417768334546896
23,sun3d-mit_lab_hj-lab_hj_tea_nov_2_2012_scan1_erika,31,35,3DLoMatch,mspki,float64,0,final_RE,0.00017270781600217138,2.299833528751634e-14,1.70179131059085e-13,0.013198977880331718
23,sun3d-mit_lab_hj-lab_hj_tea_nov_2_2012_scan1_erika,31,35,3DLoMatch,mspki,float64,0,fine_RI,0.00041446500782235034,nan,nan,nan
23,sun3d-mit_lab_hj-lab_hj_tea_nov_2_2012_scan1_erika,31,35,3DLoMatch,mspki,float64,0,coarse_RI,1.3799252206507617e-13,nan,nan,nan
23,sun3d-mit_lab_hj-lab_hj_tea_nov_2_2012_scan1_erika,31,35,3DLoMatch,mspki,float64,1,S2,1.1291358786372305e-13,3.316755284477069e-14,1.5458904187315034e-13,4.185121143235527e-12
23,sun3d-mit_lab_hj-lab_hj_tea_nov_2_2012_scan1_erika,31,35,3DLoMatch,mspki,float64,1,S3,1.272764330508077e-13,5.5331650525207374e-14,2.172904126891133e-13,1.6872060107113225e-12
23,sun3d-mit_lab_hj-lab_hj_tea_nov_2_2012_scan1_erika,31,35,3DLoMatch,mspki,float64,1,S4_pre_context,1.0324683135247632e-13,5.739465110138419e-14,1.5870037641457385e-13,1.1092547655763413e-12
23,sun3d-mit_lab_hj-lab_hj_tea_nov_2_2012_scan1_erika,31,35,3DLoMatch,mspki,float64,1,S4_post_context,1.0324683135247632e-13,5.739465110138419e-14,1.5870037641457385e-13,1.1092547655763413e-12
23,sun3d-mit_lab_hj-lab_hj_tea_nov_2_2012_scan1_erika,31,35,3DLoMatch,mspki,float64,1,D3,8.925598463431627e-14,4.726464446024118e-14,1.4427983982452383e-13,1.243631849764673e-12
23,sun3d-mit_lab_hj-lab_hj_tea_nov_2_2012_scan1_erika,31,35,3DLoMatch,mspki,float64,1,D2_pre_context,7.476683086283822e-14,3.5038312116035036e-14,1.203166181354142e-13,1.3491702569723691e-12
23,sun3d-mit_lab_hj-lab_hj_tea_nov_2_2012_scan1_erika,31,35,3DLoMatch,mspki,float64,1,D2_post_context,0.0005217014209389119,4.271498589466251e-14,1.5235445202967317e-13,0.041776833454688425
23,sun3d-mit_lab_hj-lab_hj_tea_nov_2_2012_scan1_erika,31,35,3DLoMatch,mspki,float64,1,final_RE,0.00017707337625250447,2.350081434054355e-14,1.4018725825807794e-13,0.013198977880336325
23,sun3d-mit_lab_hj-lab_hj_tea_nov_2_2012_scan1_erika,31,35,3DLoMatch,mspki,float64,1,fine_RI,0.00041877024487202403,nan,nan,nan
23,sun3d-mit_lab_hj-lab_hj_tea_nov_2_2012_scan1_erika,31,35,3DLoMatch,mspki,float64,1,coarse_RI,1.0681966068627698e-13,nan,nan,nan
23,sun3d-mit_lab_hj-lab_hj_tea_nov_2_2012_scan1_erika,31,35,3DLoMatch,mspki,float64,2,S2,1.3487246958808292e-13,3.309015683920319e-14,1.5252969299396104e-13,7.28674247417541e-12
23,sun3d-mit_lab_hj-lab_hj_tea_nov_2_2012_scan1_erika,31,35,3DLoMatch,mspki,float64,2,S3,1.5954416775042092e-13,5.409979562297034e-14,2.1871463773947748e-13,2.672463772780169e-12
23,sun3d-mit_lab_hj-lab_hj_tea_nov_2_2012_scan1_erika,31,35,3DLoMatch,mspki,float64,2,S4_pre_context,1.3778516738348107e-13,5.765826699498565e-14,1.9347710800968988e-13,1.7431441693996088e-12
23,sun3d-mit_lab_hj-lab_hj_tea_nov_2_2012_scan1_erika,31,35,3DLoMatch,mspki,float64,2,S4_post_context,1.3778516738348107e-13,5.765826699498565e-14,1.9347710800968988e-13,1.7431441693996088e-12
23,sun3d-mit_lab_hj-lab_hj_tea_nov_2_2012_scan1_erika,31,35,3DLoMatch,mspki,float64,2,D3,1.1903724573700212e-13,4.738395945788599e-14,1.7362141506443153e-13,2.0213884121972685e-12
23,sun3d-mit_lab_hj-lab_hj_tea_nov_2_2012_scan1_erika,31,35,3DLoMatch,mspki,float64,2,D2_pre_context,9.401934164082632e-14,3.4791066064266844e-14,1.3746979850717089e-13,2.324345417408314e-12
23,sun3d-mit_lab_hj-lab_hj_tea_nov_2_2012_scan1_erika,31,35,3DLoMatch,mspki,float64,2,D2_post_context,0.0006496358858352292,4.197610797659448e-14,1.7806658181465862e-13,0.041776833454693865
23,sun3d-mit_lab_hj-lab_hj_tea_nov_2_2012_scan1_erika,31,35,3DLoMatch,mspki,float64,2,final_RE,0.0002178009506487786,2.264460664491368e-14,1.7957240874451133e-13,0.013198977880340636
23,sun3d-mit_lab_hj-lab_hj_tea_nov_2_2012_scan1_erika,31,35,3DLoMatch,mspki,float64,2,fine_RI,0.0005290857095254907,nan,nan,nan
23,sun3d-mit_lab_hj-lab_hj_tea_nov_2_2012_scan1_erika,31,35,3DLoMatch,mspki,float64,2,coarse_RI,1.4493749410087587e-13,nan,nan,nan
23,sun3d-mit_lab_hj-lab_hj_tea_nov_2_2012_scan1_erika,31,35,3DLoMatch,mspki,float64,3,S2,1.8259837652735939e-13,3.5709286737200837e-14,1.80372551928242e-13,1.0225522583755651e-11
23,sun3d-mit_lab_hj-lab_hj_tea_nov_2_2012_scan1_erika,31,35,3DLoMatch,mspki,float64,3,S3,2.0773349979460883e-13,6.094414045716449e-14,2.6778701270571347e-13,3.838560916624149e-12
23,sun3d-mit_lab_hj-lab_hj_tea_nov_2_2012_scan1_erika,31,35,3DLoMatch,mspki,float64,3,S4_pre_context,1.8319784484802714e-13,6.854855684093229e-14,2.3161113695980366e-13,2.524550729391076e-12
23,sun3d-mit_lab_hj-lab_hj_tea_nov_2_2012_scan1_erika,31,35,3DLoMatch,mspki,float64,3,S4_post_context,1.8319784484802714e-13,6.854855684093229e-14,2.3161113695980366e-13,2.524550729391076e-12
23,sun3d-mit_lab_hj-lab_hj_tea_nov_2_2012_scan1_erika,31,35,3DLoMatch,mspki,float64,3,D3,1.5907056953900376e-13,5.3887761106531775e-14,2.0824415747266479e-13,2.8497833957095183e-12
23,sun3d-mit_lab_hj-lab_hj_tea_nov_2_2012_scan1_erika,31,35,3DLoMatch,mspki,float64,3,D2_pre_context,1.2822241385247583e-13,3.964748526437611e-14,1.716613784355736e-13,3.3086205703227105e-12
23,sun3d-mit_lab_hj-lab_hj_tea_nov_2_2012_scan1_erika,31,35,3DLoMatch,mspki,float64,3,D2_post_context,0.0004913295219857038,4.751434048498473e-14,2.290217774512407e-13,0.041776833454699826
23,sun3d-mit_lab_hj-lab_hj_tea_nov_2_2012_scan1_erika,31,35,3DLoMatch,mspki,float64,3,final_RE,0.00013410123807821689,2.6159265471158913e-14,2.203057367366359e-13,0.010963681785013427
23,sun3d-mit_lab_hj-lab_hj_tea_nov_2_2012_scan1_erika,31,35,3DLoMatch,mspki,float64,3,fine_RI,0.0003977744486809023,nan,nan,nan
23,sun3d-mit_lab_hj-lab_hj_tea_nov_2_2012_scan1_erika,31,35,3DLoMatch,mspki,float64,3,coarse_RI,1.9592530595513745e-13,nan,nan,nan
