scene,ref_frame,src_frame,overlap,coarse_precision,inlier_ratio,estimation_succeeded,registration_accepted,num_hypotheses,num_encoder_hypotheses,num_decoder_hypotheses,num_successful_hypotheses,num_successful_encoder_hypotheses,num_successful_decoder_hypotheses,oracle_success,encoder_oracle_success,decoder_oracle_success,selected_pose_success,raw_selected_pose_success,shortlist_oracle_success,refined_shortlist_oracle_success,num_shortlisted_hypotheses,num_successful_shortlisted_hypotheses,num_successful_refined_shortlisted_hypotheses,selected_hypothesis_index,selected_hypothesis_source,selected_pre_refine_consensus,selected_pre_refine_inlier_count,best_encoder_consensus,best_decoder_consensus,raw_selected_hypothesis_index,raw_selected_hypothesis_source,raw_selected_pre_refine_consensus,raw_selected_pre_refine_inlier_count,raw_selected_post_refine_weighted_consensus,selected_post_refine_weighted_consensus,best_encoder_post_refine_weighted_consensus,best_decoder_post_refine_weighted_consensus,selection_changed_from_raw_argmax,reranking_applied,selected_hypothesis_source_name,raw_selected_hypothesis_source_name
7-scenes-redkitchen,0,7,0.3587500658692101,0.746093749999997,0.595,1,1,,,,,,,,,,,,,,,,,,,,,,,,,,,,,,,,,none,none
7-scenes-redkitchen,0,8,0.16219634294145543,0.0039062499999999844,0.006,1,0,,,,,,,,,,,,,,,,,,,,,,,,,,,,,,,,,none,none
7-scenes-redkitchen,0,9,0.29651683617010066,0.7109374999999971,0.604,1,1,,,,,,,,,,,,,,,,,,,,,,,,,,,,,,,,,none,none
7-scenes-redkitchen,0,16,0.19439321283659167,0.4062499999999984,0.2445,1,1,,,,,,,,,,,,,,,,,,,,,,,,,,,,,,,,,none,none
7-scenes-redkitchen,0,17,0.16240712441376404,0.249999999999999,0.1315,1,1,,,,,,,,,,,,,,,,,,,,,,,,,,,,,,,,,none,none
7-scenes-redkitchen,0,18,0.3075828634663013,0.7265624999999971,0.5985,1,1,,,,,,,,,,,,,,,,,,,,,,,,,,,,,,,,,none,none
7-scenes-redkitchen,0,20,0.30753016809822414,0.5195312499999979,0.376,1,1,,,,,,,,,,,,,,,,,,,,,,,,,,,,,,,,,none,none
7-scenes-redkitchen,0,25,0.3204932286452021,0.1523437499999994,0.124,1,1,,,,,,,,,,,,,,,,,,,,,,,,,,,,,,,,,none,none
7-scenes-redkitchen,0,30,0.2487221373241292,0.33593749999999867,0.1725,1,1,,,,,,,,,,,,,,,,,,,,,,,,,,,,,,,,,none,none
7-scenes-redkitchen,0,31,0.3257627654529167,0.48828124999999806,0.3275,1,1,,,,,,,,,,,,,,,,,,,,,,,,,,,,,,,,,none,none
7-scenes-redkitchen,0,32,0.3712388681034937,0.24218749999999903,0.133,1,1,,,,,,,,,,,,,,,,,,,,,,,,,,,,,,,,,none,none
7-scenes-redkitchen,0,33,0.2592085155714813,0.08593749999999965,0.03,1,0,,,,,,,,,,,,,,,,,,,,,,,,,,,,,,,,,none,none
7-scenes-redkitchen,0,34,0.13326658586710227,0.3046874999999988,0.245,1,1,,,,,,,,,,,,,,,,,,,,,,,,,,,,,,,,,none,none
7-scenes-redkitchen,0,36,0.2421879116825631,0.17968749999999928,0.1205,1,0,,,,,,,,,,,,,,,,,,,,,,,,,,,,,,,,,none,none
7-scenes-redkitchen,0,37,0.3782473520577541,0.738281249999997,0.624,1,1,,,,,,,,,,,,,,,,,,,,,,,,,,,,,,,,,none,none
7-scenes-redkitchen,0,38,0.35521947620804134,0.6132812499999976,0.579,1,1,,,,,,,,,,,,,,,,,,,,,,,,,,,,,,,,,none,none
7-scenes-redkitchen,0,41,0.34620856826684937,0.6757812499999973,0.5475,1,1,,,,,,,,,,,,,,,,,,,,,,,,,,,,,,,,,none,none
7-scenes-redkitchen,0,42,0.3039995784370554,0.7070312499999972,0.539,1,1,,,,,,,,,,,,,,,,,,,,,,,,,,,,,,,,,none,none
7-scenes-redkitchen,0,43,0.25241081308952945,0.5859374999999977,0.462,1,1,,,,,,,,,,,,,,,,,,,,,,,,,,,,,,,,,none,none
7-scenes-redkitchen,0,44,0.24376877272487749,0.4414062499999982,0.345,1,1,,,,,,,,,,,,,,,,,,,,,,,,,,,,,,,,,none,none
7-scenes-redkitchen,0,45,0.2565210517995468,0.26562499999999895,0.161,1,1,,,,,,,,,,,,,,,,,,,,,,,,,,,,,,,,,none,none
7-scenes-redkitchen,0,46,0.25378089265953524,0.39062499999999845,0.207,1,1,,,,,,,,,,,,,,,,,,,,,,,,,,,,,,,,,none,none
7-scenes-redkitchen,0,47,0.21436475733783,0.4453124999999982,0.272,1,1,,,,,,,,,,,,,,,,,,,,,,,,,,,,,,,,,none,none
7-scenes-redkitchen,0,48,0.17795225799652212,0.32812499999999867,0.249,1,1,,,,,,,,,,,,,,,,,,,,,,,,,,,,,,,,,none,none
7-scenes-redkitchen,0,49,0.14401644095484006,0.023437499999999906,0.0155,1,0,,,,,,,,,,,,,,,,,,,,,,,,,,,,,,,,,none,none
7-scenes-redkitchen,0,50,0.18079780787268798,0.26953124999999895,0.1915,1,1,,,,,,,,,,,,,,,,,,,,,,,,,,,,,,,,,none,none
7-scenes-redkitchen,0,51,0.1787426885176793,0.0,0.0,1,0,,,,,,,,,,,,,,,,,,,,,,,,,,,,,,,,,none,none
7-scenes-redkitchen,0,52,0.18206249670653948,0.14062499999999944,0.1995,1,1,,,,,,,,,,,,,,,,,,,,,,,,,,,,,,,,,none,none
7-scenes-redkitchen,0,53,0.15118301101333192,0.06640624999999974,0.07,1,0,,,,,,,,,,,,,,,,,,,,,,,,,,,,,,,,,none,none
7-scenes-redkitchen,0,59,0.18169362912999948,0.14453124999999942,0.111,1,1,,,,,,,,,,,,,,,,,,,,,,,,,,,,,,,,,none,none
7-scenes-redkitchen,1,6,0.29745309715962687,0.5703124999999977,0.41,1,1,,,,,,,,,,,,,,,,,,,,,,,,,,,,,,,,,none,none
7-scenes-redkitchen,1,7,0.2381301750340635,0.503906249999998,0.325,1,1,,,,,,,,,,,,,,,,,,,,,,,,,,,,,,,,,none,none
7-scenes-redkitchen,1,9,0.18226600985221675,0.42187499999999833,0.3305,1,1,,,,,,,,,,,,,,,,,,,,,,,,,,,,,,,,,none,none
7-scenes-redkitchen,1,18,0.20296614610627817,0.5546874999999978,0.425,1,1,,,,,,,,,,,,,,,,,,,,,,,,,,,,,,,,,none,none
7-scenes-redkitchen,1,19,0.34928204590713763,0.6601562499999973,0.469,1,1,,,,,,,,,,,,,,,,,,,,,,,,,,,,,,,,,none,none
7-scenes-redkitchen,1,20,0.1904936589456032,0.46484374999999817,0.299,1,1,,,,,,,,,,,,,,,,,,,,,,,,,,,,,,,,,none,none
7-scenes-redkitchen,1,25,0.24185095901897075,0.14062499999999944,0.0725,1,1,,,,,,,,,,,,,,,,,,,,,,,,,,,,,,,,,none,none
7-scenes-redkitchen,1,30,0.30300807043286865,0.06640624999999974,0.0345,1,0,,,,,,,,,,,,,,,,,,,,,,,,,,,,,,,,,none,none
7-scenes-redkitchen,1,33,0.25558117597736085,0.1249999999999995,0.0785,1,1,,,,,,,,,,,,,,,,,,,,,,,,,,,,,,,,,none,none
7-scenes-redkitchen,1,36,0.17964573944031023,0.16015624999999936,0.0735,1,0,,,,,,,,,,,,,,,,,,,,,,,,,,,,,,,,,none,none
7-scenes-redkitchen,1,37,0.3563043706110471,0.3749999999999985,0.3125,1,1,,,,,,,,,,,,,,,,,,,,,,,,,,,,,,,,,none,none
7-scenes-redkitchen,1,38,0.3690388848129127,0.6484374999999974,0.639,1,1,,,,,,,,,,,,,,,,,,,,,,,,,,,,,,,,,none,none
7-scenes-redkitchen,1,39,0.40074415679698144,0.7812499999999969,0.645,1,1,,,,,,,,,,,,,,,,,,,,,,,,,,,,,,,,,none,none
7-scenes-redkitchen,1,41,0.35195472172728226,0.8359374999999967,0.658,1,1,,,,,,,,,,,,,,,,,,,,,,,,,,,,,,,,,none,none
7-scenes-redkitchen,1,42,0.27502358243370717,0.7187499999999971,0.5675,1,1,,,,,,,,,,,,,,,,,,,,,,,,,,,,,,,,,none,none
7-scenes-redkitchen,1,43,0.2075254166229955,0.6289062499999974,0.54,1,1,,,,,,,,,,,,,,,,,,,,,,,,,,,,,,,,,none,none
7-scenes-redkitchen,1,44,0.19101771302798448,0.5703124999999977,0.506,1,1,,,,,,,,,,,,,,,,,,,,,,,,,,,,,,,,,none,none
7-scenes-redkitchen,1,45,0.20380463263808826,0.507812499999998,0.4085,1,1,,,,,,,,,,,,,,,,,,,,,,,,,,,,,,,,,none,none
7-scenes-redkitchen,1,46,0.19353317262341474,0.06249999999999975,0.0235,1,0,,,,,,,,,,,,,,,,,,,,,,,,,,,,,,,,,none,none
7-scenes-redkitchen,1,59,0.16093700869929778,0.21484374999999914,0.2065,1,1,,,,,,,,,,,,,,,,,,,,,,,,,,,,,,,,,none,none
7-scenes-redkitchen,2,5,0.24579314590601273,0.09765624999999961,0.045,1,0,,,,,,,,,,,,,,,,,,,,,,,,,,,,,,,,,none,none
7-scenes-redkitchen,2,10,0.3191052739585471,0.6914062499999972,0.6235,1,1,,,,,,,,,,,,,,,,,,,,,,,,,,,,,,,,,none,none
7-scenes-redkitchen,2,15,0.2035193925713113,0.0,0.0,1,0,,,,,,,,,,,,,,,,,,,,,,,,,,,,,,,,,none,none
7-scenes-redkitchen,2,26,0.29412066488815924,0.3476562499999986,0.187,1,1,,,,,,,,,,,,,,,,,,,,,,,,,,,,,,,,,none,none
7-scenes-redkitchen,2,32,0.332700595115945,0.5429687499999978,0.3045,1,1,,,,,,,,,,,,,,,,,,,,,,,,,,,,,,,,,none,none
7-scenes-redkitchen,2,44,0.31135850605376564,0.7773437499999969,0.7005,1,1,,,,,,,,,,,,,,,,,,,,,,,,,,,,,,,,,none,none
7-scenes-redkitchen,2,45,0.22296326698132568,0.5976562499999976,0.542,1,1,,,,,,,,,,,,,,,,,,,,,,,,,,,,,,,,,none,none
7-scenes-redkitchen,3,6,0.20719750026936753,0.33593749999999867,0.2585,1,1,,,,,,,,,,,,,,,,,,,,,,,,,,,,,,,,,none,none
7-scenes-redkitchen,3,7,0.15989656287038034,0.1249999999999995,0.101,1,1,,,,,,,,,,,,,,,,,,,,,,,,,,,,,,,,,none,none
7-scenes-redkitchen,3,15,0.3400495636246094,0.29687499999999883,0.2475,1,1,,,,,,,,,,,,,,,,,,,,,,,,,,,,,,,,,none,none
7-scenes-redkitchen,3,19,0.20348022842366123,0.2773437499999989,0.2475,1,1,,,,,,,,,,,,,,,,,,,,,,,,,,,,,,,,,none,none
7-scenes-redkitchen,3,25,0.21053765758000215,0.3124999999999988,0.201,1,1,,,,,,,,,,,,,,,,,,,,,,,,,,,,,,,,,none,none
7-scenes-redkitchen,3,31,0.28671479366447583,0.10546874999999958,0.121,1,0,,,,,,,,,,,,,,,,,,,,,,,,,,,,,,,,,none,none
7-scenes-redkitchen,3,32,0.20164852925331322,0.36328124999999856,0.2285,1,1,,,,,,,,,,,,,,,,,,,,,,,,,,,,,,,,,none,none
7-scenes-redkitchen,3,36,0.12482491110871673,0.1249999999999995,0.072,1,0,,,,,,,,,,,,,,,,,,,,,,,,,,,,,,,,,none,none
7-scenes-redkitchen,3,37,0.23569658441978236,0.4492187499999982,0.2925,1,1,,,,,,,,,,,,,,,,,,,,,,,,,,,,,,,,,none,none
7-scenes-redkitchen,3,38,0.2311173364939123,0.5390624999999979,0.367,1,1,,,,,,,,,,,,,,,,,,,,,,,,,,,,,,,,,none,none
7-scenes-redkitchen,3,39,0.1998168300829652,0.46484374999999817,0.394,1,1,,,,,,,,,,,,,,,,,,,,,,,,,,,,,,,,,none,none
7-scenes-redkitchen,3,46,0.253205473548109,0.6953124999999972,0.5365,1,1,,,,,,,,,,,,,,,,,,,,,,,,,,,,,,,,,none,none
7-scenes-redkitchen,3,59,0.14060984807671587,0.06249999999999975,0.064,1,0,,,,,,,,,,,,,,,,,,,,,,,,,,,,,,,,,none,none
7-scenes-redkitchen,4,8,0.29366817788192145,0.511718749999998,0.315,1,1,,,,,,,,,,,,,,,,,,,,,,,,,,,,,,,,,none,none
7-scenes-redkitchen,4,16,0.3284091487952728,0.5312499999999979,0.24,1,1,,,,,,,,,,,,,,,,,,,,,,,,,,,,,,,,,none,none
7-scenes-redkitchen,4,17,0.32820538943507716,0.4414062499999982,0.159,1,1,,,,,,,,,,,,,,,,,,,,,,,,,,,,,,,,,none,none
7-scenes-redkitchen,4,20,0.37985838724466403,0.7656249999999969,0.4825,1,1,,,,,,,,,,,,,,,,,,,,,,,,,,,,,,,,,none,none
7-scenes-redkitchen,4,21,0.1585757220722327,0.3710937499999985,0.2395,1,0,,,,,,,,,,,,,,,,,,,,,,,,,,,,,,,,,none,none
7-scenes-redkitchen,4,24,0.17171820080484948,0.07031249999999972,0.072,1,0,,,,,,,,,,,,,,,,,,,,,,,,,,,,,,,,,none,none
7-scenes-redkitchen,4,28,0.4171972900005094,0.35937499999999856,0.314,1,1,,,,,,,,,,,,,,,,,,,,,,,,,,,,,,,,,none,none
7-scenes-redkitchen,4,29,0.30222607101013704,0.6718749999999973,0.4835,1,1,,,,,,,,,,,,,,,,,,,,,,,,,,,,,,,,,none,none
7-scenes-redkitchen,4,35,0.2421170597524324,0.46484374999999817,0.257,1,1,,,,,,,,,,,,,,,,,,,,,,,,,,,,,,,,,none,none
7-scenes-redkitchen,4,36,0.39422342213845446,0.07031249999999972,0.063,1,0,,,,,,,,,,,,,,,,,,,,,,,,,,,,,,,,,none,none
7-scenes-redkitchen,4,40,0.3947328205389435,0.6796874999999973,0.48,1,1,,,,,,,,,,,,,,,,,,,,,,,,,,,,,,,,,none,none
7-scenes-redkitchen,4,41,0.3563241811420712,0.8242187499999967,0.6805,1,1,,,,,,,,,,,,,,,,,,,,,,,,,,,,,,,,,none,none
7-scenes-redkitchen,4,43,0.32341704447048036,0.8476562499999966,0.6975,1,1,,,,,,,,,,,,,,,,,,,,,,,,,,,,,,,,,none,none
7-scenes-redkitchen,4,48,0.3404309510468137,0.0,0.0,1,0,,,,,,,,,,,,,,,,,,,,,,,,,,,,,,,,,none,none
7-scenes-redkitchen,4,49,0.2877082165961999,0.4062499999999984,0.2975,1,1,,,,,,,,,,,,,,,,,,,,,,,,,,,,,,,,,none,none
7-scenes-redkitchen,4,50,0.28745351739595537,0.0039062499999999844,0.0025,1,0,,,,,,,,,,,,,,,,,,,,,,,,,,,,,,,,,none,none
7-scenes-redkitchen,4,51,0.2080892465997657,0.07421874999999971,0.0575,1,0,,,,,,,,,,,,,,,,,,,,,,,,,,,,,,,,,none,none
7-scenes-redkitchen,4,52,0.28949111099791147,0.09374999999999963,0.1075,1,0,,,,,,,,,,,,,,,,,,,,,,,,,,,,,,,,,none,none
7-scenes-redkitchen,4,53,0.25444450104426675,0.4335937499999983,0.317,1,1,,,,,,,,,,,,,,,,,,,,,,,,,,,,,,,,,none,none
7-scenes-redkitchen,4,54,0.20722326931893434,0.3164062499999987,0.181,1,1,,,,,,,,,,,,,,,,,,,,,,,,,,,,,,,,,none,none
7-scenes-redkitchen,4,58,0.1403901991747746,0.2734374999999989,0.1925,1,1,,,,,,,,,,,,,,,,,,,,,,,,,,,,,,,,,none,none
7-scenes-redkitchen,4,59,0.2632061535326779,0.42187499999999833,0.269,1,1,,,,,,,,,,,,,,,,,,,,,,,,,,,,,,,,,none,none
7-scenes-redkitchen,5,13,0.32126388597778244,0.7812499999999969,0.569,1,1,,,,,,,,,,,,,,,,,,,,,,,,,,,,,,,,,none,none
7-scenes-redkitchen,5,14,0.3530182351708237,0.6914062499999972,0.4875,1,1,,,,,,,,,,,,,,,,,,,,,,,,,,,,,,,,,none,none
7-scenes-redkitchen,5,21,0.30978830433871307,0.6171874999999976,0.427,1,1,,,,,,,,,,,,,,,,,,,,,,,,,,,,,,,,,none,none
7-scenes-redkitchen,5,24,0.3061727101236638,0.5976562499999976,0.3785,1,1,,,,,,,,,,,,,,,,,,,,,,,,,,,,,,,,,none,none
7-scenes-redkitchen,5,27,0.4427268916369734,0.499999999999998,0.3715,1,1,,,,,,,,,,,,,,,,,,,,,,,,,,,,,,,,,none,none
7-scenes-redkitchen,5,28,0.23255082791867532,0.253906249999999,0.244,1,1,,,,,,,,,,,,,,,,,,,,,,,,,,,,,,,,,none,none
7-scenes-redkitchen,5,34,0.14095577447076085,0.28906249999999883,0.2125,1,1,,,,,,,,,,,,,,,,,,,,,,,,,,,,,,,,,none,none
7-scenes-redkitchen,5,35,0.3833577866275414,0.023437499999999906,0.01,1,0,,,,,,,,,,,,,,,,,,,,,,,,,,,,,,,,,none,none
7-scenes-redkitchen,5,40,0.28720394047369524,0.42187499999999833,0.2805,1,1,,,,,,,,,,,,,,,,,,,,,,,,,,,,,,,,,none,none
7-scenes-redkitchen,5,41,0.2528819953888074,0.5703124999999977,0.402,1,1,,,,,,,,,,,,,,,,,,,,,,,,,,,,,,,,,none,none
7-scenes-redkitchen,5,42,0.2653007755187592,0.6289062499999974,0.3925,1,1,,,,,,,,,,,,,,,,,,,,,,,,,,,,,,,,,none,none
7-scenes-redkitchen,5,43,0.24916160134143786,0.6210937499999976,0.487,1,1,,,,,,,,,,,,,,,,,,,,,,,,,,,,,,,,,none,none
7-scenes-redkitchen,5,44,0.2799203521274366,0.3984374999999984,0.256,1,1,,,,,,,,,,,,,,,,,,,,,,,,,,,,,,,,,none,none
7-scenes-redkitchen,5,45,0.34856424229721233,0.5898437499999977,0.377,1,1,,,,,,,,,,,,,,,,,,,,,,,,,,,,,,,,,none,none
7-scenes-redkitchen,5,50,0.3397610563823098,0.3749999999999985,0.272,1,1,,,,,,,,,,,,,,,,,,,,,,,,,,,,,,,,,none,none
7-scenes-redkitchen,5,51,0.20697966883252986,0.0039062499999999844,0.0,1,0,,,,,,,,,,,,,,,,,,,,,,,,,,,,,,,,,none,none
7-scenes-redkitchen,5,52,0.37303500314399496,0.253906249999999,0.2255,1,1,,,,,,,,,,,,,,,,,,,,,,,,,,,,,,,,,none,none
7-scenes-redkitchen,5,53,0.3796373925801719,0.10546874999999958,0.1005,1,1,,,,,,,,,,,,,,,,,,,,,,,,,,,,,,,,,none,none
7-scenes-redkitchen,5,54,0.3596206246070006,0.2773437499999989,0.188,1,0,,,,,,,,,,,,,,,,,,,,,,,,,,,,,,,,,none,none
7-scenes-redkitchen,5,55,0.2082896667365332,0.4374999999999983,0.316,1,1,,,,,,,,,,,,,,,,,,,,,,,,,,,,,,,,,none,none
7-scenes-redkitchen,5,57,0.14079857472228044,0.5703124999999977,0.4565,1,1,,,,,,,,,,,,,,,,,,,,,,,,,,,,,,,,,none,none
7-scenes-redkitchen,5,58,0.23244602808635506,0.5585937499999978,0.381,1,1,,,,,,,,,,,,,,,,,,,,,,,,,,,,,,,,,none,none
7-scenes-redkitchen,5,59,0.31429469712848457,0.5820312499999977,0.413,1,1,,,,,,,,,,,,,,,,,,,,,,,,,,,,,,,,,none,none
7-scenes-redkitchen,6,13,0.2316178775152009,0.36328124999999856,0.2555,1,1,,,,,,,,,,,,,,,,,,,,,,,,,,,,,,,,,none,none
7-scenes-redkitchen,6,14,0.2840844982135022,0.6093749999999976,0.4045,1,1,,,,,,,,,,,,,,,,,,,,,,,,,,,,,,,,,none,none
7-scenes-redkitchen,6,22,0.1841033034538958,0.07421874999999971,0.05,1,0,,,,,,,,,,,,,,,,,,,,,,,,,,,,,,,,,none,none
7-scenes-redkitchen,6,27,0.38707453143609355,0.48437499999999806,0.3435,1,1,,,,,,,,,,,,,,,,,,,,,,,,,,,,,,,,,none,none
7-scenes-redkitchen,6,34,0.2171378424120855,0.08984374999999964,0.0545,1,0,,,,,,,,,,,,,,,,,,,,,,,,,,,,,,,,,none,none
7-scenes-redkitchen,6,42,0.13458283708393406,0.22656249999999908,0.1355,1,0,,,,,,,,,,,,,,,,,,,,,,,,,,,,,,,,,none,none
7-scenes-redkitchen,6,44,0.15000313420673228,0.16015624999999936,0.0925,1,0,,,,,,,,,,,,,,,,,,,,,,,,,,,,,,,,,none,none
7-scenes-redkitchen,6,45,0.21112016548611545,0.0781249999999997,0.0595,1,0,,,,,,,,,,,,,,,,,,,,,,,,,,,,,,,,,none,none
7-scenes-redkitchen,6,46,0.27480724628596503,0.33593749999999867,0.224,1,1,,,,,,,,,,,,,,,,,,,,,,,,,,,,,,,,,none,none
7-scenes-redkitchen,6,47,0.35498025449758663,0.0781249999999997,0.06,1,0,,,,,,,,,,,,,,,,,,,,,,,,,,,,,,,,,none,none
7-scenes-redkitchen,6,48,0.4125242901021751,0.28906249999999883,0.2025,1,1,,,,,,,,,,,,,,,,,,,,,,,,,,,,,,,,,none,none
7-scenes-redkitchen,6,50,0.3630038237322134,0.011718749999999953,0.005,1,0,,,,,,,,,,,,,,,,,,,,,,,,,,,,,,,,,none,none
7-scenes-redkitchen,6,51,0.24572180781044317,0.0039062499999999844,0.01,1,0,,,,,,,,,,,,,,,,,,,,,,,,,,,,,,,,,none,none
7-scenes-redkitchen,6,52,0.41929417664389146,0.5468749999999978,0.4245,1,1,,,,,,,,,,,,,,,,,,,,,,,,,,,,,,,,,none,none
7-scenes-redkitchen,6,55,0.3743496521030527,0.6289062499999974,0.42,1,1,,,,,,,,,,,,,,,,,,,,,,,,,,,,,,,,,none,none
7-scenes-redkitchen,6,56,0.23550429386322322,0.5273437499999979,0.428,1,1,,,,,,,,,,,,,,,,,,,,,,,,,,,,,,,,,none,none
7-scenes-redkitchen,6,57,0.21908105058609667,0.6562499999999973,0.4505,1,1,,,,,,,,,,,,,,,,,,,,,,,,,,,,,,,,,none,none
7-scenes-redkitchen,6,58,0.3719676549865229,0.7343749999999971,0.574,1,1,,,,,,,,,,,,,,,,,,,,,,,,,,,,,,,,,none,none
7-scenes-redkitchen,7,12,0.2780347167998078,0.5351562499999979,0.3345,1,1,,,,,,,,,,,,,,,,,,,,,,,,,,,,,,,,,none,none
7-scenes-redkitchen,7,13,0.15808757282719682,0.08203124999999967,0.054,1,0,,,,,,,,,,,,,,,,,,,,,,,,,,,,,,,,,none,none
7-scenes-redkitchen,7,14,0.22800168178268965,0.38671874999999845,0.2525,1,1,,,,,,,,,,,,,,,,,,,,,,,,,,,,,,,,,none,none
7-scenes-redkitchen,7,22,0.2941918433539552,0.6640624999999973,0.463,1,1,,,,,,,,,,,,,,,,,,,,,,,,,,,,,,,,,none,none
7-scenes-redkitchen,7,23,0.23502913087873145,0.5468749999999978,0.369,1,1,,,,,,,,,,,,,,,,,,,,,,,,,,,,,,,,,none,none
7-scenes-redkitchen,7,27,0.3119706889302661,0.20703124999999917,0.113,1,1,,,,,,,,,,,,,,,,,,,,,,,,,,,,,,,,,none,none
7-scenes-redkitchen,7,34,0.23490900354375638,0.21484374999999914,0.147,1,1,,,,,,,,,,,,,,,,,,,,,,,,,,,,,,,,,none,none
7-scenes-redkitchen,7,46,0.19742927503153343,0.0507812499999998,0.0125,1,0,,,,,,,,,,,,,,,,,,,,,,,,,,,,,,,,,none,none
7-scenes-redkitchen,7,47,0.273469878070755,0.03515624999999986,0.0185,1,0,,,,,,,,,,,,,,,,,,,,,,,,,,,,,,,,,none,none
7-scenes-redkitchen,7,48,0.3511922637996276,0.2773437499999989,0.1525,1,1,,,,,,,,,,,,,,,,,,,,,,,,,,,,,,,,,none,none
7-scenes-redkitchen,7,49,0.38098384287344583,0.0781249999999997,0.0415,1,0,,,,,,,,,,,,,,,,,,,,,,,,,,,,,,,,,none,none
7-scenes-redkitchen,7,50,0.3162352093218812,0.16015624999999936,0.1095,1,1,,,,,,,,,,,,,,,,,,,,,,,,,,,,,,,,,none,none
7-scenes-redkitchen,7,51,0.19628806534927024,0.0,0.0,1,0,,,,,,,,,,,,,,,,,,,,,,,,,,,,,,,,,none,none
7-scenes-redkitchen,7,52,0.36548741666166135,0.16406249999999933,0.0935,1,1,,,,,,,,,,,,,,,,,,,,,,,,,,,,,,,,,none,none
7-scenes-redkitchen,7,56,0.2893266862874647,0.6796874999999973,0.448,1,1,,,,,,,,,,,,,,,,,,,,,,,,,,,,,,,,,none,none
7-scenes-redkitchen,7,57,0.24127575229743528,0.6523437499999974,0.461,1,1,,,,,,,,,,,,,,,,,,,,,,,,,,,,,,,,,none,none
7-scenes-redkitchen,8,10,0.3665979207879119,0.742187499999997,0.557,1,1,,,,,,,,,,,,,,,,,,,,,,,,,,,,,,,,,none,none
7-scenes-redkitchen,8,11,0.28603897470432255,0.6249999999999976,0.42,1,1,,,,,,,,,,,,,,,,,,,,,,,,,,,,,,,,,none,none
7-scenes-redkitchen,8,15,0.24567532303548129,0.38281249999999845,0.2435,1,1,,,,,,,,,,,,,,,,,,,,,,,,,,,,,,,,,none,none
7-scenes-redkitchen,8,26,0.38377036070541687,0.6835937499999972,0.5785,1,1,,,,,,,,,,,,,,,,,,,,,,,,,,,,,,,,,none,none
7-scenes-redkitchen,8,34,0.13657982238309693,0.26953124999999895,0.2085,1,1,,,,,,,,,,,,,,,,,,,,,,,,,,,,,,,,,none,none
7-scenes-redkitchen,8,38,0.32606591186497746,0.7304687499999971,0.5915,1,1,,,,,,,,,,,,,,,,,,,,,,,,,,,,,,,,,none,none
7-scenes-redkitchen,8,48,0.2229891830464245,0.18359374999999928,0.1265,1,1,,,,,,,,,,,,,,,,,,,,,,,,,,,,,,,,,none,none
7-scenes-redkitchen,8,49,0.2925628183004335,0.5976562499999976,0.3545,1,1,,,,,,,,,,,,,,,,,,,,,,,,,,,,,,,,,none,none
7-scenes-redkitchen,8,50,0.19866155982995917,0.07031249999999972,0.034,1,0,,,,,,,,,,,,,,,,,,,,,,,,,,,,,,,,,none,none
7-scenes-redkitchen,8,52,0.23578433435750662,0.0,0.0,1,0,,,,,,,,,,,,,,,,,,,,,,,,,,,,,,,,,none,none
7-scenes-redkitchen,8,56,0.3870112378467107,0.757812499999997,0.489,1,1,,,,,,,,,,,,,,,,,,,,,,,,,,,,,,,,,none,none
7-scenes-redkitchen,8,57,0.2742118776042763,0.5898437499999977,0.376,1,1,,,,,,,,,,,,,,,,,,,,,,,,,,,,,,,,,none,none
7-scenes-redkitchen,9,12,0.17619067495930207,0.48828124999999806,0.3335,1,1,,,,,,,,,,,,,,,,,,,,,,,,,,,,,,,,,none,none
7-scenes-redkitchen,9,15,0.3267103560545978,0.6171874999999976,0.374,1,1,,,,,,,,,,,,,,,,,,,,,,,,,,,,,,,,,none,none
7-scenes-redkitchen,9,22,0.31368702258212633,0.5585937499999978,0.4015,1,1,,,,,,,,,,,,,,,,,,,,,,,,,,,,,,,,,none,none
7-scenes-redkitchen,9,23,0.3116416913636933,0.6874999999999972,0.537,1,1,,,,,,,,,,,,,,,,,,,,,,,,,,,,,,,,,none,none
7-scenes-redkitchen,9,27,0.21530241683015403,0.09374999999999963,0.06,1,0,,,,,,,,,,,,,,,,,,,,,,,,,,,,,,,,,none,none
7-scenes-redkitchen,9,34,0.1416704929665651,0.10937499999999957,0.0865,1,0,,,,,,,,,,,,,,,,,,,,,,,,,,,,,,,,,none,none
7-scenes-redkitchen,9,46,0.158408815794966,0.4492187499999982,0.2935,1,1,,,,,,,,,,,,,,,,,,,,,,,,,,,,,,,,,none,none
7-scenes-redkitchen,9,47,0.24777726760445798,0.3515624999999986,0.2525,1,1,,,,,,,,,,,,,,,,,,,,,,,,,,,,,,,,,none,none
7-scenes-redkitchen,9,48,0.34023458696831826,0.25781249999999895,0.1565,1,1,,,,,,,,,,,,,,,,,,,,,,,,,,,,,,,,,none,none
7-scenes-redkitchen,9,50,0.27728847518470595,0.28906249999999883,0.173,1,1,,,,,,,,,,,,,,,,,,,,,,,,,,,,,,,,,none,none
7-scenes-redkitchen,9,52,0.3125182618858789,0.5703124999999977,0.4165,1,1,,,,,,,,,,,,,,,,,,,,,,,,,,,,,,,,,none,none
7-scenes-redkitchen,9,55,0.4500980924155779,0.6640624999999973,0.39,1,1,,,,,,,,,,,,,,,,,,,,,,,,,,,,,,,,,none,none
7-scenes-redkitchen,9,56,0.30103936219059146,0.5937499999999977,0.4165,1,1,,,,,,,,,,,,,,,,,,,,,,,,,,,,,,,,,none,none
7-scenes-redkitchen,9,57,0.22995366698668449,0.5390624999999979,0.396,1,1,,,,,,,,,,,,,,,,,,,,,,,,,,,,,,,,,none,none
7-scenes-redkitchen,9,58,0.4119881454272238,0.7070312499999972,0.619,1,1,,,,,,,,,,,,,,,,,,,,,,,,,,,,,,,,,none,none
7-scenes-redkitchen,10,21,0.27664521710917644,0.3085937499999988,0.103,1,0,,,,,,,,,,,,,,,,,,,,,,,,,,,,,,,,,none,none
7-scenes-redkitchen,10,24,0.2961120423944195,0.41406249999999833,0.3055,1,1,,,,,,,,,,,,,,,,,,,,,,,,,,,,,,,,,none,none
7-scenes-redkitchen,10,28,0.32661006867463366,0.41015624999999833,0.3395,1,1,,,,,,,,,,,,,,,,,,,,,,,,,,,,,,,,,none,none
7-scenes-redkitchen,10,29,0.23354782890823556,0.41015624999999833,0.334,1,1,,,,,,,,,,,,,,,,,,,,,,,,,,,,,,,,,none,none
7-scenes-redkitchen,10,34,0.1428648677878116,0.2734374999999989,0.1775,1,1,,,,,,,,,,,,,,,,,,,,,,,,,,,,,,,,,none,none
7-scenes-redkitchen,10,35,0.33163899853998813,0.48046874999999806,0.308,1,1,,,,,,,,,,,,,,,,,,,,,,,,,,,,,,,,,none,none
7-scenes-redkitchen,10,40,0.296923160114638,0.35546874999999856,0.254,1,1,,,,,,,,,,,,,,,,,,,,,,,,,,,,,,,,,none,none
7-scenes-redkitchen,10,41,0.31871518953117395,0.5976562499999976,0.508,1,1,,,,,,,,,,,,,,,,,,,,,,,,,,,,,,,,,none,none
7-scenes-redkitchen,10,42,0.3210403936624669,0.7304687499999971,0.658,1,1,,,,,,,,,,,,,,,,,,,,,,,,,,,,,,,,,none,none
7-scenes-redkitchen,10,43,0.29551722273292597,0.6835937499999972,0.605,1,1,,,,,,,,,,,,,,,,,,,,,,,,,,,,,,,,,none,none
7-scenes-redkitchen,10,44,0.3142270048126318,0.5312499999999979,0.4715,1,1,,,,,,,,,,,,,,,,,,,,,,,,,,,,,,,,,none,none
7-scenes-redkitchen,10,45,0.36689558211215056,0.5624999999999978,0.4605,1,1,,,,,,,,,,,,,,,,,,,,,,,,,,,,,,,,,none,none
7-scenes-redkitchen,10,46,0.37646677121072836,0.35937499999999856,0.249,1,1,,,,,,,,,,,,,,,,,,,,,,,,,,,,,,,,,none,none
7-scenes-redkitchen,10,47,0.3561347536905856,0.007812499999999969,0.003,1,0,,,,,,,,,,,,,,,,,,,,,,,,,,,,,,,,,none,none
7-scenes-redkitchen,10,48,0.34732060779754503,0.3124999999999988,0.2695,1,1,,,,,,,,,,,,,,,,,,,,,,,,,,,,,,,,,none,none
7-scenes-redkitchen,10,49,0.31146920456388905,0.0781249999999997,0.0515,1,0,,,,,,,,,,,,,,,,,,,,,,,,,,,,,,,,,none,none
7-scenes-redkitchen,10,50,0.33661385389066134,0.5937499999999977,0.47,1,1,,,,,,,,,,,,,,,,,,,,,,,,,,,,,,,,,none,none
7-scenes-redkitchen,10,51,0.21278321527064295,0.0781249999999997,0.0175,1,0,,,,,,,,,,,,,,,,,,,,,,,,,,,,,,,,,none,none
7-scenes-redkitchen,10,52,0.3534310279565241,0.3242187499999987,0.256,1,1,,,,,,,,,,,,,,,,,,,,,,,,,,,,,,,,,none,none
7-scenes-redkitchen,10,53,0.33061158276104474,0.26953124999999895,0.2245,1,1,,,,,,,,,,,,,,,,,,,,,,,,,,,,,,,,,none,none
7-scenes-redkitchen,10,54,0.3195803817660737,0.027343749999999892,0.023,1,0,,,,,,,,,,,,,,,,,,,,,,,,,,,,,,,,,none,none
7-scenes-redkitchen,10,55,0.16990212512842698,0.23828124999999906,0.145,1,1,,,,,,,,,,,,,,,,,,,,,,,,,,,,,,,,,none,none
7-scenes-redkitchen,10,56,0.12464175634023685,0.03906249999999985,0.0115,1,0,,,,,,,,,,,,,,,,,,,,,,,,,,,,,,,,,none,none
7-scenes-redkitchen,10,57,0.15249013140107068,0.14453124999999942,0.1105,1,0,,,,,,,,,,,,,,,,,,,,,,,,,,,,,,,,,none,none
7-scenes-redkitchen,10,58,0.22927594224841832,0.41796874999999833,0.2855,1,1,,,,,,,,,,,,,,,,,,,,,,,,,,,,,,,,,none,none
7-scenes-redkitchen,10,59,0.31968853079543613,0.12109374999999951,0.071,1,0,,,,,,,,,,,,,,,,,,,,,,,,,,,,,,,,,none,none
7-scenes-redkitchen,11,16,0.3587308939323761,0.496093749999998,0.2715,1,1,,,,,,,,,,,,,,,,,,,,,,,,,,,,,,,,,none,none
7-scenes-redkitchen,11,17,0.3259031959240389,0.41796874999999833,0.156,1,1,,,,,,,,,,,,,,,,,,,,,,,,,,,,,,,,,none,none
7-scenes-redkitchen,11,20,0.40707503473830475,0.6484374999999974,0.421,1,1,,,,,,,,,,,,,,,,,,,,,,,,,,,,,,,,,none,none
7-scenes-redkitchen,11,21,0.19123436776285319,0.36328124999999856,0.1925,1,0,,,,,,,,,,,,,,,,,,,,,,,,,,,,,,,,,none,none
7-scenes-redkitchen,11,24,0.21167207040296435,0.5624999999999978,0.378,1,0,,,,,,,,,,,,,,,,,,,,,,,,,,,,,,,,,none,none
7-scenes-redkitchen,11,29,0.3690365910143585,0.4453124999999982,0.302,1,1,,,,,,,,,,,,,,,,,,,,,,,,,,,,,,,,,none,none
7-scenes-redkitchen,11,35,0.23077813802686428,0.09765624999999961,0.0705,1,1,,,,,,,,,,,,,,,,,,,,,,,,,,,,,,,,,none,none
7-scenes-redkitchen,11,40,0.4423344140805929,0.6210937499999976,0.503,1,1,,,,,,,,,,,,,,,,,,,,,,,,,,,,,,,,,none,none
7-scenes-redkitchen,11,41,0.36672070402964335,0.8085937499999968,0.644,1,1,,,,,,,,,,,,,,,,,,,,,,,,,,,,,,,,,none,none
7-scenes-redkitchen,11,42,0.33290875405280224,0.8124999999999968,0.6865,1,1,,,,,,,,,,,,,,,,,,,,,,,,,,,,,,,,,none,none
7-scenes-redkitchen,11,43,0.2896595646132469,0.742187499999997,0.6305,1,1,,,,,,,,,,,,,,,,,,,,,,,,,,,,,,,,,none,none
7-scenes-redkitchen,11,44,0.30453913849004166,0.6874999999999972,0.577,1,1,,,,,,,,,,,,,,,,,,,,,,,,,,,,,,,,,none,none
7-scenes-redkitchen,11,45,0.33221398795738766,0.4492187499999982,0.3515,1,1,,,,,,,,,,,,,,,,,,,,,,,,,,,,,,,,,none,none
7-scenes-redkitchen,11,46,0.3568202871699861,0.6562499999999973,0.466,1,1,,,,,,,,,,,,,,,,,,,,,,,,,,,,,,,,,none,none
7-scenes-redkitchen,11,47,0.32138721630384437,0.5390624999999979,0.39,1,1,,,,,,,,,,,,,,,,,,,,,,,,,,,,,,,,,none,none
7-scenes-redkitchen,11,48,0.2702061139416396,0.23828124999999906,0.237,1,1,,,,,,,,,,,,,,,,,,,,,,,,,,,,,,,,,none,none
7-scenes-redkitchen,11,49,0.22828855951829552,0.5234374999999979,0.4505,1,1,,,,,,,,,,,,,,,,,,,,,,,,,,,,,,,,,none,none
7-scenes-redkitchen,11,50,0.27802223251505326,0.22656249999999908,0.241,1,1,,,,,,,,,,,,,,,,,,,,,,,,,,,,,,,,,none,none
7-scenes-redkitchen,11,51,0.22383047707271886,0.3007812499999988,0.228,1,1,,,,,,,,,,,,,,,,,,,,,,,,,,,,,,,,,none,none
7-scenes-redkitchen,11,52,0.2833487725798981,0.5312499999999979,0.4235,1,1,,,,,,,,,,,,,,,,,,,,,,,,,,,,,,,,,none,none
7-scenes-redkitchen,11,53,0.24201018990273274,0.3242187499999987,0.219,1,1,,,,,,,,,,,,,,,,,,,,,,,,,,,,,,,,,none,none
7-scenes-redkitchen,11,54,0.2215145900880037,0.24609374999999903,0.1365,1,1,,,,,,,,,,,,,,,,,,,,,,,,,,,,,,,,,none,none
7-scenes-redkitchen,11,58,0.1721861973135711,0.28906249999999883,0.1995,1,1,,,,,,,,,,,,,,,,,,,,,,,,,,,,,,,,,none,none
7-scenes-redkitchen,11,59,0.29735988883742476,0.16796874999999933,0.13,1,1,,,,,,,,,,,,,,,,,,,,,,,,,,,,,,,,,none,none
7-scenes-redkitchen,12,16,0.18383207882014566,0.08984374999999964,0.049,1,0,,,,,,,,,,,,,,,,,,,,,,,,,,,,,,,,,none,none
7-scenes-redkitchen,12,18,0.2609999388042347,0.49218749999999806,0.3735,1,1,,,,,,,,,,,,,,,,,,,,,,,,,,,,,,,,,none,none
7-scenes-redkitchen,12,20,0.20696407808579645,0.38671874999999845,0.202,1,0,,,,,,,,,,,,,,,,,,,,,,,,,,,,,,,,,none,none
7-scenes-redkitchen,12,25,0.3360259470044673,0.6406249999999974,0.4,1,1,,,,,,,,,,,,,,,,,,,,,,,,,,,,,,,,,none,none
7-scenes-redkitchen,12,30,0.2931277155620831,0.3046874999999988,0.152,1,1,,,,,,,,,,,,,,,,,,,,,,,,,,,,,,,,,none,none
7-scenes-redkitchen,12,31,0.2436203414723701,0.507812499999998,0.297,1,1,,,,,,,,,,,,,,,,,,,,,,,,,,,,,,,,,none,none
7-scenes-redkitchen,12,32,0.20451624747567468,0.253906249999999,0.1295,1,1,,,,,,,,,,,,,,,,,,,,,,,,,,,,,,,,,none,none
7-scenes-redkitchen,12,36,0.24190686004528486,0.21093749999999917,0.1325,1,0,,,,,,,,,,,,,,,,,,,,,,,,,,,,,,,,,none,none
7-scenes-redkitchen,12,38,0.3439813964873631,0.3437499999999986,0.252,1,1,,,,,,,,,,,,,,,,,,,,,,,,,,,,,,,,,none,none
7-scenes-redkitchen,12,39,0.3740285172266079,0.753906249999997,0.487,1,1,,,,,,,,,,,,,,,,,,,,,,,,,,,,,,,,,none,none
7-scenes-redkitchen,12,46,0.31326112233033476,0.019531249999999924,0.008,1,0,,,,,,,,,,,,,,,,,,,,,,,,,,,,,,,,,none,none
7-scenes-redkitchen,12,47,0.22128388715500888,0.06640624999999974,0.062,1,0,,,,,,,,,,,,,,,,,,,,,,,,,,,,,,,,,none,none
7-scenes-redkitchen,12,48,0.17122575117801847,0.0507812499999998,0.0435,1,0,,,,,,,,,,,,,,,,,,,,,,,,,,,,,,,,,none,none
7-scenes-redkitchen,12,50,0.1625971482773392,0.04687499999999981,0.044,1,0,,,,,,,,,,,,,,,,,,,,,,,,,,,,,,,,,none,none
7-scenes-redkitchen,12,51,0.18964567651918487,0.03906249999999985,0.0275,1,0,,,,,,,,,,,,,,,,,,,,,,,,,,,,,,,,,none,none
7-scenes-redkitchen,12,52,0.16559574077473838,0.23828124999999906,0.1805,1,1,,,,,,,,,,,,,,,,,,,,,,,,,,,,,,,,,none,none
7-scenes-redkitchen,12,59,0.202190808396059,0.10937499999999957,0.0665,1,1,,,,,,,,,,,,,,,,,,,,,,,,,,,,,,,,,none,none
7-scenes-redkitchen,13,18,0.1562982005141388,0.3085937499999988,0.203,1,0,,,,,,,,,,,,,,,,,,,,,,,,,,,,,,,,,none,none
7-scenes-redkitchen,13,19,0.2951891296364304,0.4296874999999983,0.2615,1,1,,,,,,,,,,,,,,,,,,,,,,,,,,,,,,,,,none,none
7-scenes-redkitchen,13,25,0.2772677194271025,0.4257812499999983,0.2425,1,1,,,,,,,,,,,,,,,,,,,,,,,,,,,,,,,,,none,none
7-scenes-redkitchen,13,30,0.32324641939037824,0.42187499999999833,0.249,1,1,,,,,,,,,,,,,,,,,,,,,,,,,,,,,,,,,none,none
7-scenes-redkitchen,13,31,0.28644876973925815,0.23828124999999906,0.1825,1,1,,,,,,,,,,,,,,,,,,,,,,,,,,,,,,,,,none,none
7-scenes-redkitchen,13,32,0.22012486228424533,0.18749999999999925,0.107,1,0,,,,,,,,,,,,,,,,,,,,,,,,,,,,,,,,,none,none
7-scenes-redkitchen,13,36,0.1503488799118619,0.03515624999999986,0.029,1,0,,,,,,,,,,,,,,,,,,,,,,,,,,,,,,,,,none,none
7-scenes-redkitchen,13,37,0.356959236136614,0.5468749999999978,0.453,1,1,,,,,,,,,,,,,,,,,,,,,,,,,,,,,,,,,none,none
7-scenes-redkitchen,13,38,0.32052882849798014,0.3085937499999988,0.2995,1,1,,,,,,,,,,,,,,,,,,,,,,,,,,,,,,,,,none,none
7-scenes-redkitchen,13,39,0.33367609254498715,0.5742187499999977,0.3915,1,1,,,,,,,,,,,,,,,,,,,,,,,,,,,,,,,,,none,none
7-scenes-redkitchen,13,46,0.28556738890929123,0.5156249999999979,0.377,1,1,,,,,,,,,,,,,,,,,,,,,,,,,,,,,,,,,none,none
7-scenes-redkitchen,13,47,0.17723099522585384,0.19140624999999922,0.103,1,1,,,,,,,,,,,,,,,,,,,,,,,,,,,,,,,,,none,none
7-scenes-redkitchen,13,59,0.16716856408373118,0.0,0.0015,1,0,,,,,,,,,,,,,,,,,,,,,,,,,,,,,,,,,none,none
7-scenes-redkitchen,14,16,0.2647323989836899,0.38671874999999845,0.2945,1,1,,,,,,,,,,,,,,,,,,,,,,,,,,,,,,,,,none,none
7-scenes-redkitchen,14,17,0.16523235800344235,0.3085937499999988,0.199,1,0,,,,,,,,,,,,,,,,,,,,,,,,,,,,,,,,,none,none
7-scenes-redkitchen,14,18,0.27981313007130565,0.6132812499999976,0.421,1,1,,,,,,,,,,,,,,,,,,,,,,,,,,,,,,,,,none,none
7-scenes-redkitchen,14,20,0.2019506597819851,0.1249999999999995,0.095,1,0,,,,,,,,,,,,,,,,,,,,,,,,,,,,,,,,,none,none
7-scenes-redkitchen,14,30,0.23432505532333414,0.20703124999999917,0.082,1,0,,,,,,,,,,,,,,,,,,,,,,,,,,,,,,,,,none,none
7-scenes-redkitchen,14,31,0.17646094582411279,0.29296874999999883,0.2395,1,1,,,,,,,,,,,,,,,,,,,,,,,,,,,,,,,,,none,none
7-scenes-redkitchen,14,32,0.1448241947381362,0.13671874999999944,0.0885,1,0,,,,,,,,,,,,,,,,,,,,,,,,,,,,,,,,,none,none
7-scenes-redkitchen,14,36,0.3121875256126547,0.48437499999999806,0.297,1,1,,,,,,,,,,,,,,,,,,,,,,,,,,,,,,,,,none,none
7-scenes-redkitchen,14,45,0.37406769936890416,0.5742187499999977,0.495,1,1,,,,,,,,,,,,,,,,,,,,,,,,,,,,,,,,,none,none
7-scenes-redkitchen,14,46,0.27227276452749777,0.3515624999999986,0.2255,1,1,,,,,,,,,,,,,,,,,,,,,,,,,,,,,,,,,none,none
7-scenes-redkitchen,14,47,0.19227932136710105,0.1249999999999995,0.0735,1,1,,,,,,,,,,,,,,,,,,,,,,,,,,,,,,,,,none,none
7-scenes-redkitchen,14,52,0.16318334562740758,0.16015624999999936,0.131,1,1,,,,,,,,,,,,,,,,,,,,,,,,,,,,,,,,,none,none
7-scenes-redkitchen,15,21,0.22328899850259842,0.26562499999999895,0.1415,1,0,,,,,,,,,,,,,,,,,,,,,,,,,,,,,,,,,none,none
7-scenes-redkitchen,15,24,0.25587950321500924,0.2773437499999989,0.1885,1,1,,,,,,,,,,,,,,,,,,,,,,,,,,,,,,,,,none,none
7-scenes-redkitchen,15,28,0.43028274464899147,0.10546874999999958,0.0895,1,0,,,,,,,,,,,,,,,,,,,,,,,,,,,,,,,,,none,none
7-scenes-redkitchen,15,29,0.22249625649608032,0.17968749999999928,0.1165,1,1,,,,,,,,,,,,,,,,,,,,,,,,,,,,,,,,,none,none
7-scenes-redkitchen,15,35,0.3600810358495552,0.4023437499999984,0.282,1,1,,,,,,,,,,,,,,,,,,,,,,,,,,,,,,,,,none,none
7-scenes-redkitchen,15,40,0.33268739540209635,0.35937499999999856,0.243,1,1,,,,,,,,,,,,,,,,,,,,,,,,,,,,,,,,,none,none
7-scenes-redkitchen,15,41,0.19483836871311547,0.17968749999999928,0.1265,1,1,,,,,,,,,,,,,,,,,,,,,,,,,,,,,,,,,none,none
7-scenes-redkitchen,15,42,0.18911300977715143,0.33984374999999867,0.231,1,1,,,,,,,,,,,,,,,,,,,,,,,,,,,,,,,,,none,none
7-scenes-redkitchen,15,43,0.16057429754249977,0.1249999999999995,0.0865,1,1,,,,,,,,,,,,,,,,,,,,,,,,,,,,,,,,,none,none
7-scenes-redkitchen,15,44,0.19008191667400687,0.3164062499999987,0.2475,1,1,,,,,,,,,,,,,,,,,,,,,,,,,,,,,,,,,none,none
7-scenes-redkitchen,15,45,0.23993658063947856,0.007812499999999969,0.005,1,0,,,,,,,,,,,,,,,,,,,,,,,,,,,,,,,,,none,none
7-scenes-redkitchen,15,46,0.28010217563639567,0.3476562499999986,0.248,1,1,,,,,,,,,,,,,,,,,,,,,,,,,,,,,,,,,none,none
7-scenes-redkitchen,15,47,0.34264071170615695,0.33984374999999867,0.2455,1,1,,,,,,,,,,,,,,,,,,,,,,,,,,,,,,,,,none,none
7-scenes-redkitchen,15,48,0.33841275433806045,0.503906249999998,0.4225,1,1,,,,,,,,,,,,,,,,,,,,,,,,,,,,,,,,,none,none
7-scenes-redkitchen,15,49,0.2855632872368537,0.3984374999999984,0.3035,1,1,,,,,,,,,,,,,,,,,,,,,,,,,,,,,,,,,none,none
7-scenes-redkitchen,15,50,0.3316304060600722,0.13281249999999947,0.133,1,1,,,,,,,,,,,,,,,,,,,,,,,,,,,,,,,,,none,none
7-scenes-redkitchen,15,51,0.24116973487184004,0.0039062499999999844,0.008,1,0,,,,,,,,,,,,,,,,,,,,,,,,,,,,,,,,,none,none
7-scenes-redkitchen,15,52,0.36624680701136264,0.35937499999999856,0.306,1,1,,,,,,,,,,,,,,,,,,,,,,,,,,,,,,,,,none,none
7-scenes-redkitchen,15,53,0.33568219853783143,0.5351562499999979,0.413,1,1,,,,,,,,,,,,,,,,,,,,,,,,,,,,,,,,,none,none
7-scenes-redkitchen,15,54,0.332775477847265,0.3749999999999985,0.286,1,1,,,,,,,,,,,,,,,,,,,,,,,,,,,,,,,,,none,none
7-scenes-redkitchen,15,55,0.20197304677177838,0.21484374999999914,0.114,1,1,,,,,,,,,,,,,,,,,,,,,,,,,,,,,,,,,none,none
7-scenes-redkitchen,15,56,0.14101999471505328,0.015624999999999938,0.033,1,0,,,,,,,,,,,,,,,,,,,,,,,,,,,,,,,,,none,none
7-scenes-redkitchen,15,57,0.16656390381396988,0.21484374999999914,0.1935,1,1,,,,,,,,,,,,,,,,,,,,,,,,,,,,,,,,,none,none
7-scenes-redkitchen,15,58,0.28362547344314276,0.4257812499999983,0.31,1,1,,,,,,,,,,,,,,,,,,,,,,,,,,,,,,,,,none,none
7-scenes-redkitchen,16,27,0.2794446121340175,0.5390624999999979,0.38,1,1,,,,,,,,,,,,,,,,,,,,,,,,,,,,,,,,,none,none
7-scenes-redkitchen,16,34,0.19215212798068215,0.41796874999999833,0.313,1,1,,,,,,,,,,,,,,,,,,,,,,,,,,,,,,,,,none,none
7-scenes-redkitchen,16,48,0.2678539088439481,0.23046874999999908,0.1525,1,1,,,,,,,,,,,,,,,,,,,,,,,,,,,,,,,,,none,none
7-scenes-redkitchen,16,49,0.36389978871113793,0.4765624999999981,0.3115,1,1,,,,,,,,,,,,,,,,,,,,,,,,,,,,,,,,,none,none
7-scenes-redkitchen,16,50,0.2521581648053124,0.36328124999999856,0.195,1,1,,,,,,,,,,,,,,,,,,,,,,,,,,,,,,,,,none,none
7-scenes-redkitchen,16,52,0.32176275279203137,0.007812499999999969,0.0005,1,0,,,,,,,,,,,,,,,,,,,,,,,,,,,,,,,,,none,none
7-scenes-redkitchen,16,57,0.3257470570479928,0.6171874999999976,0.444,1,1,,,,,,,,,,,,,,,,,,,,,,,,,,,,,,,,,none,none
7-scenes-redkitchen,17,26,0.37773307678852547,0.7148437499999971,0.518,1,1,,,,,,,,,,,,,,,,,,,,,,,,,,,,,,,,,none,none
7-scenes-redkitchen,17,48,0.22651740423298933,0.33984374999999867,0.1335,1,1,,,,,,,,,,,,,,,,,,,,,,,,,,,,,,,,,none,none
7-scenes-redkitchen,17,49,0.29630925310477524,0.41406249999999833,0.244,1,1,,,,,,,,,,,,,,,,,,,,,,,,,,,,,,,,,none,none
7-scenes-redkitchen,17,50,0.21016267273045303,0.08203124999999967,0.034,1,0,,,,,,,,,,,,,,,,,,,,,,,,,,,,,,,,,none,none
7-scenes-redkitchen,17,52,0.2516179814588071,0.48828124999999806,0.253,1,1,,,,,,,,,,,,,,,,,,,,,,,,,,,,,,,,,none,none
7-scenes-redkitchen,17,56,0.4454696519153402,0.8671874999999966,0.532,1,1,,,,,,,,,,,,,,,,,,,,,,,,,,,,,,,,,none,none
7-scenes-redkitchen,17,57,0.3241647717334266,0.6601562499999973,0.478,1,1,,,,,,,,,,,,,,,,,,,,,,,,,,,,,,,,,none,none
7-scenes-redkitchen,18,22,0.42933515555912855,0.8242187499999967,0.5605,1,1,,,,,,,,,,,,,,,,,,,,,,,,,,,,,,,,,none,none
7-scenes-redkitchen,18,27,0.2180641530669668,0.1249999999999995,0.062,1,0,,,,,,,,,,,,,,,,,,,,,,,,,,,,,,,,,none,none
7-scenes-redkitchen,18,46,0.13895811560414825,0.06640624999999974,0.0595,1,1,,,,,,,,,,,,,,,,,,,,,,,,,,,,,,,,,none,none
7-scenes-redkitchen,18,47,0.21179355253637752,0.5312499999999979,0.314,1,1,,,,,,,,,,,,,,,,,,,,,,,,,,,,,,,,,none,none
7-scenes-redkitchen,18,48,0.3057319720234746,0.503906249999998,0.4,1,1,,,,,,,,,,,,,,,,,,,,,,,,,,,,,,,,,none,none
7-scenes-redkitchen,18,49,0.37816544738323016,0.6445312499999974,0.43,1,1,,,,,,,,,,,,,,,,,,,,,,,,,,,,,,,,,none,none
7-scenes-redkitchen,18,50,0.27466034247125976,0.507812499999998,0.34,1,1,,,,,,,,,,,,,,,,,,,,,,,,,,,,,,,,,none,none
7-scenes-redkitchen,18,52,0.3134496342149691,0.11328124999999954,0.094,1,1,,,,,,,,,,,,,,,,,,,,,,,,,,,,,,,,,none,none
7-scenes-redkitchen,18,56,0.3497065680520942,0.7070312499999972,0.4945,1,1,,,,,,,,,,,,,,,,,,,,,,,,,,,,,,,,,none,none
7-scenes-redkitchen,18,57,0.24768872095827638,0.6015624999999976,0.4225,1,1,,,,,,,,,,,,,,,,,,,,,,,,,,,,,,,,,none,none
7-scenes-redkitchen,18,58,0.38990272529946135,0.7265624999999971,0.609,1,1,,,,,,,,,,,,,,,,,,,,,,,,,,,,,,,,,none,none
7-scenes-redkitchen,19,22,0.25757652931289154,0.42187499999999833,0.2465,1,0,,,,,,,,,,,,,,,,,,,,,,,,,,,,,,,,,none,none
7-scenes-redkitchen,19,23,0.23898538175520806,0.3203124999999987,0.25,1,1,,,,,,,,,,,,,,,,,,,,,,,,,,,,,,,,,none,none
7-scenes-redkitchen,19,27,0.3333672897672286,0.3164062499999987,0.2455,1,1,,,,,,,,,,,,,,,,,,,,,,,,,,,,,,,,,none,none
7-scenes-redkitchen,19,34,0.18188763816024042,0.3007812499999988,0.2285,1,1,,,,,,,,,,,,,,,,,,,,,,,,,,,,,,,,,none,none
7-scenes-redkitchen,19,45,0.1489329190648398,0.14843749999999942,0.065,1,0,,,,,,,,,,,,,,,,,,,,,,,,,,,,,,,,,none,none
7-scenes-redkitchen,19,46,0.20735496358172464,0.3085937499999988,0.2165,1,1,,,,,,,,,,,,,,,,,,,,,,,,,,,,,,,,,none,none
7-scenes-redkitchen,19,47,0.2895125553914328,0.1757812499999993,0.127,1,0,,,,,,,,,,,,,,,,,,,,,,,,,,,,,,,,,none,none
7-scenes-redkitchen,19,48,0.3956094330973361,0.5937499999999977,0.439,1,1,,,,,,,,,,,,,,,,,,,,,,,,,,,,,,,,,none,none
7-scenes-redkitchen,19,50,0.33988692507512863,0.21093749999999917,0.1625,1,1,,,,,,,,,,,,,,,,,,,,,,,,,,,,,,,,,none,none
7-scenes-redkitchen,19,51,0.18168389955686853,0.015624999999999938,0.001,1,0,,,,,,,,,,,,,,,,,,,,,,,,,,,,,,,,,none,none
7-scenes-redkitchen,19,52,0.3920949421891713,0.39453124999999845,0.3345,1,1,,,,,,,,,,,,,,,,,,,,,,,,,,,,,,,,,none,none
7-scenes-redkitchen,19,55,0.39800336168695566,0.6562499999999973,0.5185,1,1,,,,,,,,,,,,,,,,,,,,,,,,,,,,,,,,,none,none
7-scenes-redkitchen,19,56,0.24932511587633066,0.5742187499999977,0.493,1,1,,,,,,,,,,,,,,,,,,,,,,,,,,,,,,,,,none,none
7-scenes-redkitchen,19,57,0.17210818519839047,0.5820312499999977,0.4515,1,1,,,,,,,,,,,,,,,,,,,,,,,,,,,,,,,,,none,none
7-scenes-redkitchen,19,58,0.35898741914124177,0.753906249999997,0.599,1,1,,,,,,,,,,,,,,,,,,,,,,,,,,,,,,,,,none,none
7-scenes-redkitchen,20,22,0.3471597776166304,0.6054687499999976,0.531,1,1,,,,,,,,,,,,,,,,,,,,,,,,,,,,,,,,,none,none
7-scenes-redkitchen,20,23,0.2663766014019821,0.24609374999999903,0.143,1,1,,,,,,,,,,,,,,,,,,,,,,,,,,,,,,,,,none,none
7-scenes-redkitchen,20,24,0.4588832487309645,0.33203124999999867,0.299,1,1,,,,,,,,,,,,,,,,,,,,,,,,,,,,,,,,,none,none
7-scenes-redkitchen,20,27,0.23495286439448876,0.10546874999999958,0.062,1,0,,,,,,,,,,,,,,,,,,,,,,,,,,,,,,,,,none,none
7-scenes-redkitchen,20,34,0.2667633550882282,0.13671874999999944,0.087,1,0,,,,,,,,,,,,,,,,,,,,,,,,,,,,,,,,,none,none
7-scenes-redkitchen,20,38,0.3390379502054629,0.8164062499999968,0.6705,1,1,,,,,,,,,,,,,,,,,,,,,,,,,,,,,,,,,none,none
7-scenes-redkitchen,20,47,0.22750785593425188,0.0,0.0,1,0,,,,,,,,,,,,,,,,,,,,,,,,,,,,,,,,,none,none
7-scenes-redkitchen,20,48,0.28527918781725886,0.4335937499999983,0.2945,1,1,,,,,,,,,,,,,,,,,,,,,,,,,,,,,,,,,none,none
7-scenes-redkitchen,20,49,0.31660623640319074,0.21093749999999917,0.1325,1,1,,,,,,,,,,,,,,,,,,,,,,,,,,,,,,,,,none,none
7-scenes-redkitchen,20,50,0.27643219724438,0.019531249999999924,0.0045,1,0,,,,,,,,,,,,,,,,,,,,,,,,,,,,,,,,,none,none
7-scenes-redkitchen,20,52,0.32424462170655066,0.054687499999999785,0.0615,1,0,,,,,,,,,,,,,,,,,,,,,,,,,,,,,,,,,none,none
7-scenes-redkitchen,20,53,0.42673434856175974,0.5234374999999979,0.4125,1,1,,,,,,,,,,,,,,,,,,,,,,,,,,,,,,,,,none,none
7-scenes-redkitchen,20,55,0.39463379260333575,0.5898437499999977,0.4405,1,1,,,,,,,,,,,,,,,,,,,,,,,,,,,,,,,,,none,none
7-scenes-redkitchen,20,56,0.302102973168963,0.6874999999999972,0.495,1,1,,,,,,,,,,,,,,,,,,,,,,,,,,,,,,,,,none,none
7-scenes-redkitchen,20,57,0.295286439448876,0.6406249999999974,0.4885,1,1,,,,,,,,,,,,,,,,,,,,,,,,,,,,,,,,,none,none
7-scenes-redkitchen,20,58,0.3347836596567561,0.8320312499999967,0.6865,1,1,,,,,,,,,,,,,,,,,,,,,,,,,,,,,,,,,none,none
7-scenes-redkitchen,20,59,0.30901619531061153,0.7031249999999972,0.5815,1,1,,,,,,,,,,,,,,,,,,,,,,,,,,,,,,,,,none,none
7-scenes-redkitchen,21,25,0.42234676559971585,0.08984374999999964,0.097,1,0,,,,,,,,,,,,,,,,,,,,,,,,,,,,,,,,,none,none
7-scenes-redkitchen,21,26,0.2675139124600387,0.14453124999999942,0.0965,1,0,,,,,,,,,,,,,,,,,,,,,,,,,,,,,,,,,none,none
7-scenes-redkitchen,21,34,0.16900185499467182,0.0781249999999997,0.0855,1,0,,,,,,,,,,,,,,,,,,,,,,,,,,,,,,,,,none,none
7-scenes-redkitchen,21,36,0.4044677744010735,0.6484374999999974,0.473,1,1,,,,,,,,,,,,,,,,,,,,,,,,,,,,,,,,,none,none
7-scenes-redkitchen,21,37,0.29640446777440105,0.5195312499999979,0.2935,1,1,,,,,,,,,,,,,,,,,,,,,,,,,,,,,,,,,none,none
7-scenes-redkitchen,21,38,0.2537001223507124,0.738281249999997,0.53,1,1,,,,,,,,,,,,,,,,,,,,,,,,,,,,,,,,,none,none
7-scenes-redkitchen,21,49,0.20073410427438135,0.0,0.0005,1,0,,,,,,,,,,,,,,,,,,,,,,,,,,,,,,,,,none,none
7-scenes-redkitchen,21,52,0.1715672731578324,0.0,0.0,1,0,,,,,,,,,,,,,,,,,,,,,,,,,,,,,,,,,none,none
7-scenes-redkitchen,21,53,0.28452460828038045,0.21874999999999914,0.124,1,0,,,,,,,,,,,,,,,,,,,,,,,,,,,,,,,,,none,none
7-scenes-redkitchen,21,56,0.2786833484627225,0.5664062499999978,0.418,1,1,,,,,,,,,,,,,,,,,,,,,,,,,,,,,,,,,none,none
7-scenes-redkitchen,21,57,0.23183486600623593,0.5195312499999979,0.3335,1,1,,,,,,,,,,,,,,,,,,,,,,,,,,,,,,,,,none,none
7-scenes-redkitchen,21,58,0.31878280775150963,0.5546874999999978,0.439,1,1,,,,,,,,,,,,,,,,,,,,,,,,,,,,,,,,,none,none
7-scenes-redkitchen,21,59,0.28057781110628727,0.32812499999999867,0.3165,1,1,,,,,,,,,,,,,,,,,,,,,,,,,,,,,,,,,none,none
7-scenes-redkitchen,22,25,0.22962600032663727,0.41015624999999833,0.2375,1,0,,,,,,,,,,,,,,,,,,,,,,,,,,,,,,,,,none,none
7-scenes-redkitchen,22,37,0.2358321084435734,0.503906249999998,0.2035,1,1,,,,,,,,,,,,,,,,,,,,,,,,,,,,,,,,,none,none
7-scenes-redkitchen,22,38,0.1294300179650498,0.11328124999999954,0.029,1,0,,,,,,,,,,,,,,,,,,,,,,,,,,,,,,,,,none,none
7-scenes-redkitchen,22,39,0.1873673036093418,0.23046874999999908,0.105,1,0,,,,,,,,,,,,,,,,,,,,,,,,,,,,,,,,,none,none
7-scenes-redkitchen,22,53,0.20414829332026785,0.3046874999999988,0.134,1,1,,,,,,,,,,,,,,,,,,,,,,,,,,,,,,,,,none,none
7-scenes-redkitchen,22,56,0.4022946268169198,0.6796874999999973,0.3265,1,1,,,,,,,,,,,,,,,,,,,,,,,,,,,,,,,,,none,none
7-scenes-redkitchen,22,57,0.22427731504164625,0.19531249999999922,0.0875,1,1,,,,,,,,,,,,,,,,,,,,,,,,,,,,,,,,,none,none
7-scenes-redkitchen,22,58,0.32039033153682833,0.5585937499999978,0.317,1,1,,,,,,,,,,,,,,,,,,,,,,,,,,,,,,,,,none,none
7-scenes-redkitchen,22,59,0.30773313735097174,0.6718749999999973,0.4055,1,1,,,,,,,,,,,,,,,,,,,,,,,,,,,,,,,,,none,none
7-scenes-redkitchen,23,25,0.24880854560394414,0.3437499999999986,0.263,1,1,,,,,,,,,,,,,,,,,,,,,,,,,,,,,,,,,none,none
7-scenes-redkitchen,23,37,0.27764995891536565,0.45312499999999817,0.1785,1,1,,,,,,,,,,,,,,,,,,,,,,,,,,,,,,,,,none,none
7-scenes-redkitchen,23,38,0.15131470829909613,0.07031249999999972,0.0105,1,0,,,,,,,,,,,,,,,,,,,,,,,,,,,,,,,,,none,none
7-scenes-redkitchen,23,39,0.17838948233360724,0.1992187499999992,0.1185,1,0,,,,,,,,,,,,,,,,,,,,,,,,,,,,,,,,,none,none
7-scenes-redkitchen,23,53,0.21257189811010682,0.41015624999999833,0.198,1,1,,,,,,,,,,,,,,,,,,,,,,,,,,,,,,,,,none,none
7-scenes-redkitchen,23,56,0.44786359901396877,0.6093749999999976,0.269,1,1,,,,,,,,,,,,,,,,,,,,,,,,,,,,,,,,,none,none
7-scenes-redkitchen,23,57,0.24527526705012326,0.23828124999999906,0.061,1,0,,,,,,,,,,,,,,,,,,,,,,,,,,,,,,,,,none,none
7-scenes-redkitchen,23,58,0.33734593262119966,0.5351562499999979,0.284,1,1,,,,,,,,,,,,,,,,,,,,,,,,,,,,,,,,,none,none
7-scenes-redkitchen,23,59,0.34005751848808546,0.7226562499999971,0.4835,1,1,,,,,,,,,,,,,,,,,,,,,,,,,,,,,,,,,none,none
7-scenes-redkitchen,24,38,0.322583559168925,0.38671874999999845,0.2415,1,1,,,,,,,,,,,,,,,,,,,,,,,,,,,,,,,,,none,none
7-scenes-redkitchen,24,39,0.4275971093044264,0.7031249999999972,0.49,1,1,,,,,,,,,,,,,,,,,,,,,,,,,,,,,,,,,none,none
7-scenes-redkitchen,24,48,0.14512195121951219,0.015624999999999938,0.0,1,0,,,,,,,,,,,,,,,,,,,,,,,,,,,,,,,,,none,none
7-scenes-redkitchen,24,49,0.2132791327913279,0.1523437499999994,0.064,1,0,,,,,,,,,,,,,,,,,,,,,,,,,,,,,,,,,none,none
7-scenes-redkitchen,24,52,0.17651309846431798,0.042968749999999827,0.0035,1,0,,,,,,,,,,,,,,,,,,,,,,,,,,,,,,,,,none,none
7-scenes-redkitchen,24,56,0.4785907859078591,0.5976562499999976,0.2755,1,1,,,,,,,,,,,,,,,,,,,,,,,,,,,,,,,,,none,none
7-scenes-redkitchen,24,57,0.3363595302619693,0.3515624999999986,0.205,1,1,,,,,,,,,,,,,,,,,,,,,,,,,,,,,,,,,none,none
7-scenes-redkitchen,25,27,0.3780581558359336,0.7226562499999971,0.4255,1,1,,,,,,,,,,,,,,,,,,,,,,,,,,,,,,,,,none,none
7-scenes-redkitchen,25,34,0.15909193686971465,0.0,0.0,1,0,,,,,,,,,,,,,,,,,,,,,,,,,,,,,,,,,none,none
7-scenes-redkitchen,25,46,0.16438294216071994,0.1992187499999992,0.1385,1,1,,,,,,,,,,,,,,,,,,,,,,,,,,,,,,,,,none,none
7-scenes-redkitchen,25,47,0.20368109256998146,0.1718749999999993,0.104,1,1,,,,,,,,,,,,,,,,,,,,,,,,,,,,,,,,,none,none
7-scenes-redkitchen,25,48,0.2591235924569258,0.4062499999999984,0.268,1,1,,,,,,,,,,,,,,,,,,,,,,,,,,,,,,,,,none,none
7-scenes-redkitchen,25,49,0.3092750870528648,0.19140624999999922,0.102,1,0,,,,,,,,,,,,,,,,,,,,,,,,,,,,,,,,,none,none
7-scenes-redkitchen,25,50,0.24921991588658254,0.06640624999999974,0.025,1,0,,,,,,,,,,,,,,,,,,,,,,,,,,,,,,,,,none,none
7-scenes-redkitchen,25,52,0.2950300728078506,0.28515624999999883,0.253,1,1,,,,,,,,,,,,,,,,,,,,,,,,,,,,,,,,,none,none
7-scenes-redkitchen,25,56,0.3443223443223443,0.38671874999999845,0.159,1,1,,,,,,,,,,,,,,,,,,,,,,,,,,,,,,,,,none,none
7-scenes-redkitchen,25,57,0.32229910007687784,0.5156249999999979,0.2655,1,1,,,,,,,,,,,,,,,,,,,,,,,,,,,,,,,,,none,none
7-scenes-redkitchen,26,28,0.36750761200521964,0.5820312499999977,0.3315,1,1,,,,,,,,,,,,,,,,,,,,,,,,,,,,,,,,,none,none
7-scenes-redkitchen,26,29,0.21809482383645062,0.41015624999999833,0.2845,1,1,,,,,,,,,,,,,,,,,,,,,,,,,,,,,,,,,none,none
7-scenes-redkitchen,26,30,0.10300130491518052,0.0039062499999999844,0.006,1,0,,,,,,,,,,,,,,,,,,,,,,,,,,,,,,,,,none,none
7-scenes-redkitchen,26,34,0.18708133971291865,0.25781249999999895,0.183,1,1,,,,,,,,,,,,,,,,,,,,,,,,,,,,,,,,,none,none
7-scenes-redkitchen,26,35,0.32148760330578513,0.6289062499999974,0.4705,1,1,,,,,,,,,,,,,,,,,,,,,,,,,,,,,,,,,none,none
7-scenes-redkitchen,26,40,0.3064375815571988,0.26171874999999895,0.1605,1,1,,,,,,,,,,,,,,,,,,,,,,,,,,,,,,,,,none,none
7-scenes-redkitchen,26,41,0.24245324053936493,0.4492187499999982,0.27,1,1,,,,,,,,,,,,,,,,,,,,,,,,,,,,,,,,,none,none
7-scenes-redkitchen,26,42,0.22431491953023053,0.46484374999999817,0.291,1,1,,,,,,,,,,,,,,,,,,,,,,,,,,,,,,,,,none,none
7-scenes-redkitchen,26,43,0.19317094388864725,0.36328124999999856,0.249,1,1,,,,,,,,,,,,,,,,,,,,,,,,,,,,,,,,,none,none
7-scenes-redkitchen,26,44,0.19391039582427141,0.249999999999999,0.2115,1,1,,,,,,,,,,,,,,,,,,,,,,,,,,,,,,,,,none,none
7-scenes-redkitchen,26,45,0.20882992605480644,0.48046874999999806,0.367,1,1,,,,,,,,,,,,,,,,,,,,,,,,,,,,,,,,,none,none
7-scenes-redkitchen,26,46,0.2126576772509787,0.23828124999999906,0.2,1,1,,,,,,,,,,,,,,,,,,,,,,,,,,,,,,,,,none,none
7-scenes-redkitchen,26,47,0.20622009569377991,0.10546874999999958,0.0675,1,1,,,,,,,,,,,,,,,,,,,,,,,,,,,,,,,,,none,none
7-scenes-redkitchen,26,48,0.18864723792953458,0.33593749999999867,0.2145,1,1,,,,,,,,,,,,,,,,,,,,,,,,,,,,,,,,,none,none
7-scenes-redkitchen,26,49,0.18477598956067856,0.5820312499999977,0.4165,1,1,,,,,,,,,,,,,,,,,,,,,,,,,,,,,,,,,none,none
7-scenes-redkitchen,26,50,0.2015658982166159,0.08203124999999967,0.054,1,0,,,,,,,,,,,,,,,,,,,,,,,,,,,,,,,,,none,none
7-scenes-redkitchen,26,51,0.1481948673336233,0.0039062499999999844,0.0005,1,0,,,,,,,,,,,,,,,,,,,,,,,,,,,,,,,,,none,none
7-scenes-redkitchen,26,52,0.22888212266202695,0.1249999999999995,0.1255,1,1,,,,,,,,,,,,,,,,,,,,,,,,,,,,,,,,,none,none
7-scenes-redkitchen,26,53,0.23083949543279686,0.4453124999999982,0.3645,1,1,,,,,,,,,,,,,,,,,,,,,,,,,,,,,,,,,none,none
7-scenes-redkitchen,26,54,0.300391474554154,0.761718749999997,0.493,1,1,,,,,,,,,,,,,,,,,,,,,,,,,,,,,,,,,none,none
7-scenes-redkitchen,26,55,0.2560678555893867,0.5390624999999979,0.401,1,1,,,,,,,,,,,,,,,,,,,,,,,,,,,,,,,,,none,none
7-scenes-redkitchen,26,56,0.2051326663766855,0.5351562499999979,0.2905,1,1,,,,,,,,,,,,,,,,,,,,,,,,,,,,,,,,,none,none
7-scenes-redkitchen,26,57,0.24301870378425403,0.6914062499999972,0.4315,1,1,,,,,,,,,,,,,,,,,,,,,,,,,,,,,,,,,none,none
7-scenes-redkitchen,26,58,0.28251413658112223,0.5429687499999978,0.3185,1,1,,,,,,,,,,,,,,,,,,,,,,,,,,,,,,,,,none,none
7-scenes-redkitchen,26,59,0.37076989995650284,0.3164062499999987,0.205,1,1,,,,,,,,,,,,,,,,,,,,,,,,,,,,,,,,,none,none
7-scenes-redkitchen,27,30,0.4059543288041545,0.6562499999999973,0.478,1,1,,,,,,,,,,,,,,,,,,,,,,,,,,,,,,,,,none,none
7-scenes-redkitchen,27,31,0.3028384434801167,0.29687499999999883,0.165,1,1,,,,,,,,,,,,,,,,,,,,,,,,,,,,,,,,,none,none
7-scenes-redkitchen,27,32,0.22408764316710536,0.04687499999999981,0.017,1,0,,,,,,,,,,,,,,,,,,,,,,,,,,,,,,,,,none,none
7-scenes-redkitchen,27,36,0.22191790566977307,0.10937499999999957,0.055,1,1,,,,,,,,,,,,,,,,,,,,,,,,,,,,,,,,,none,none
7-scenes-redkitchen,27,37,0.3448104147399872,0.35546874999999856,0.2365,1,1,,,,,,,,,,,,,,,,,,,,,,,,,,,,,,,,,none,none
7-scenes-redkitchen,27,38,0.3234687344383581,0.249999999999999,0.1615,1,1,,,,,,,,,,,,,,,,,,,,,,,,,,,,,,,,,none,none
7-scenes-redkitchen,27,39,0.27054136729031797,0.3242187499999987,0.166,1,1,,,,,,,,,,,,,,,,,,,,,,,,,,,,,,,,,none,none
7-scenes-redkitchen,27,41,0.48392260083943944,0.5585937499999978,0.3575,1,1,,,,,,,,,,,,,,,,,,,,,,,,,,,,,,,,,none,none
7-scenes-redkitchen,27,42,0.3696734722913851,0.38671874999999845,0.296,1,1,,,,,,,,,,,,,,,,,,,,,,,,,,,,,,,,,none,none
7-scenes-redkitchen,27,43,0.31016575371700933,0.5976562499999976,0.4215,1,1,,,,,,,,,,,,,,,,,,,,,,,,,,,,,,,,,none,none
7-scenes-redkitchen,27,44,0.24560717080458136,0.10546874999999958,0.127,1,1,,,,,,,,,,,,,,,,,,,,,,,,,,,,,,,,,none,none
7-scenes-redkitchen,27,45,0.17927011453368427,0.3007812499999988,0.276,1,1,,,,,,,,,,,,,,,,,,,,,,,,,,,,,,,,,none,none
7-scenes-redkitchen,27,59,0.23376253823717721,0.18359374999999928,0.0935,1,1,,,,,,,,,,,,,,,,,,,,,,,,,,,,,,,,,none,none
7-scenes-redkitchen,28,32,0.32126962390570746,0.24218749999999903,0.1395,1,1,,,,,,,,,,,,,,,,,,,,,,,,,,,,,,,,,none,none
7-scenes-redkitchen,28,37,0.2125495182667384,0.12109374999999951,0.0485,1,0,,,,,,,,,,,,,,,,,,,,,,,,,,,,,,,,,none,none
7-scenes-redkitchen,28,38,0.2233090428913777,0.4257812499999983,0.3685,1,1,,,,,,,,,,,,,,,,,,,,,,,,,,,,,,,,,none,none
7-scenes-redkitchen,28,43,0.344255881058346,0.6679687499999973,0.538,1,1,,,,,,,,,,,,,,,,,,,,,,,,,,,,,,,,,none,none
7-scenes-redkitchen,28,44,0.2574949870396635,0.5546874999999978,0.538,1,1,,,,,,,,,,,,,,,,,,,,,,,,,,,,,,,,,none,none
7-scenes-redkitchen,28,45,0.1624199149019416,0.10546874999999958,0.104,1,1,,,,,,,,,,,,,,,,,,,,,,,,,,,,,,,,,none,none
7-scenes-redkitchen,29,32,0.3060694795687475,0.32812499999999867,0.1955,1,1,,,,,,,,,,,,,,,,,,,,,,,,,,,,,,,,,none,none
7-scenes-redkitchen,29,44,0.3633036070810595,0.7031249999999972,0.57,1,1,,,,,,,,,,,,,,,,,,,,,,,,,,,,,,,,,none,none
7-scenes-redkitchen,29,45,0.21768933847996805,0.33203124999999867,0.264,1,1,,,,,,,,,,,,,,,,,,,,,,,,,,,,,,,,,none,none
7-scenes-redkitchen,30,33,0.13506423014293467,0.10937499999999957,0.0405,1,1,,,,,,,,,,,,,,,,,,,,,,,,,,,,,,,,,none,none
7-scenes-redkitchen,30,44,0.30848561606658226,0.4296874999999983,0.304,1,1,,,,,,,,,,,,,,,,,,,,,,,,,,,,,,,,,none,none
7-scenes-redkitchen,31,40,0.43684820393974505,0.16406249999999933,0.1135,1,0,,,,,,,,,,,,,,,,,,,,,,,,,,,,,,,,,none,none
7-scenes-redkitchen,31,41,0.34390001655355074,0.1992187499999992,0.1425,1,1,,,,,,,,,,,,,,,,,,,,,,,,,,,,,,,,,none,none
7-scenes-redkitchen,31,42,0.24946200960105944,0.23046874999999908,0.147,1,1,,,,,,,,,,,,,,,,,,,,,,,,,,,,,,,,,none,none
7-scenes-redkitchen,31,43,0.18432378745240854,0.38281249999999845,0.3005,1,1,,,,,,,,,,,,,,,,,,,,,,,,,,,,,,,,,none,none
7-scenes-redkitchen,32,34,0.22180342128153088,0.503906249999998,0.4465,1,1,,,,,,,,,,,,,,,,,,,,,,,,,,,,,,,,,none,none
7-scenes-redkitchen,32,38,0.2101333719918817,0.4414062499999982,0.3875,1,1,,,,,,,,,,,,,,,,,,,,,,,,,,,,,,,,,none,none
7-scenes-redkitchen,32,39,0.19882574659321542,0.39453124999999845,0.397,1,1,,,,,,,,,,,,,,,,,,,,,,,,,,,,,,,,,none,none
7-scenes-redkitchen,32,40,0.2094810089881125,0.10546874999999958,0.0655,1,0,,,,,,,,,,,,,,,,,,,,,,,,,,,,,,,,,none,none
7-scenes-redkitchen,33,37,0.15922412230346245,0.042968749999999827,0.006,1,0,,,,,,,,,,,,,,,,,,,,,,,,,,,,,,,,,none,none
7-scenes-redkitchen,33,38,0.24539247084415977,0.28515624999999883,0.18,1,1,,,,,,,,,,,,,,,,,,,,,,,,,,,,,,,,,none,none
7-scenes-redkitchen,33,39,0.2491993473925917,0.17968749999999928,0.098,1,0,,,,,,,,,,,,,,,,,,,,,,,,,,,,,,,,,none,none
7-scenes-redkitchen,33,56,0.1311861743912019,0.08593749999999965,0.0185,1,0,,,,,,,,,,,,,,,,,,,,,,,,,,,,,,,,,none,none
7-scenes-redkitchen,33,57,0.13378451870203636,0.03906249999999985,0.0085,1,0,,,,,,,,,,,,,,,,,,,,,,,,,,,,,,,,,none,none
7-scenes-redkitchen,33,58,0.12109493020726328,0.058593749999999764,0.016,1,0,,,,,,,,,,,,,,,,,,,,,,,,,,,,,,,,,none,none
7-scenes-redkitchen,34,35,0.311806601835365,0.4765624999999981,0.4565,1,0,,,,,,,,,,,,,,,,,,,,,,,,,,,,,,,,,none,none
7-scenes-redkitchen,34,36,0.22688672784550062,0.1249999999999995,0.0885,1,0,,,,,,,,,,,,,,,,,,,,,,,,,,,,,,,,,none,none
7-scenes-redkitchen,34,37,0.2602383235173264,0.3437499999999986,0.2925,1,1,,,,,,,,,,,,,,,,,,,,,,,,,,,,,,,,,none,none
7-scenes-redkitchen,34,38,0.3283796740172579,0.6914062499999972,0.604,1,1,,,,,,,,,,,,,,,,,,,,,,,,,,,,,,,,,none,none
7-scenes-redkitchen,34,39,0.3599506916860704,0.5507812499999978,0.4545,1,1,,,,,,,,,,,,,,,,,,,,,,,,,,,,,,,,,none,none
7-scenes-redkitchen,34,54,0.29537049719216546,0.5937499999999977,0.4765,1,1,,,,,,,,,,,,,,,,,,,,,,,,,,,,,,,,,none,none
7-scenes-redkitchen,34,58,0.3778934392548966,0.6914062499999972,0.5095,1,1,,,,,,,,,,,,,,,,,,,,,,,,,,,,,,,,,none,none
7-scenes-redkitchen,34,59,0.23770716340227366,0.12109374999999951,0.057,1,1,,,,,,,,,,,,,,,,,,,,,,,,,,,,,,,,,none,none
7-scenes-redkitchen,35,38,0.2774357116986599,0.7187499999999971,0.562,1,1,,,,,,,,,,,,,,,,,,,,,,,,,,,,,,,,,none,none
7-scenes-redkitchen,35,39,0.3487061853595718,0.24609374999999903,0.183,1,1,,,,,,,,,,,,,,,,,,,,,,,,,,,,,,,,,none,none
7-scenes-redkitchen,35,48,0.18890096180932833,0.023437499999999906,0.0255,1,0,,,,,,,,,,,,,,,,,,,,,,,,,,,,,,,,,none,none
7-scenes-redkitchen,35,49,0.2491448348022053,0.6445312499999974,0.461,1,1,,,,,,,,,,,,,,,,,,,,,,,,,,,,,,,,,none,none
7-scenes-redkitchen,35,50,0.17425248500945711,0.499999999999998,0.337,1,1,,,,,,,,,,,,,,,,,,,,,,,,,,,,,,,,,none,none
7-scenes-redkitchen,35,52,0.20773471769487706,0.3242187499999987,0.3145,1,1,,,,,,,,,,,,,,,,,,,,,,,,,,,,,,,,,none,none
7-scenes-redkitchen,36,47,0.1637598033477701,0.4023437499999984,0.219,1,1,,,,,,,,,,,,,,,,,,,,,,,,,,,,,,,,,none,none
7-scenes-redkitchen,36,48,0.22989582114011473,0.24609374999999903,0.24,1,1,,,,,,,,,,,,,,,,,,,,,,,,,,,,,,,,,none,none
7-scenes-redkitchen,36,49,0.28350696476647547,0.6718749999999973,0.4265,1,1,,,,,,,,,,,,,,,,,,,,,,,,,,,,,,,,,none,none
7-scenes-redkitchen,36,50,0.21713683717663584,0.019531249999999924,0.0125,1,0,,,,,,,,,,,,,,,,,,,,,,,,,,,,,,,,,none,none
7-scenes-redkitchen,36,52,0.25443833157750984,0.08593749999999965,0.0575,1,0,,,,,,,,,,,,,,,,,,,,,,,,,,,,,,,,,none,none
7-scenes-redkitchen,37,47,0.1657451514120449,0.511718749999998,0.3475,1,1,,,,,,,,,,,,,,,,,,,,,,,,,,,,,,,,,none,none
7-scenes-redkitchen,37,48,0.23307247363048655,0.36328124999999856,0.266,1,1,,,,,,,,,,,,,,,,,,,,,,,,,,,,,,,,,none,none
7-scenes-redkitchen,37,49,0.2807502551888397,0.3789062499999985,0.246,1,1,,,,,,,,,,,,,,,,,,,,,,,,,,,,,,,,,none,none
7-scenes-redkitchen,37,50,0.22728819326301464,0.09374999999999963,0.061,1,1,,,,,,,,,,,,,,,,,,,,,,,,,,,,,,,,,none,none
7-scenes-redkitchen,37,52,0.26433310649880915,0.6835937499999972,0.526,1,1,,,,,,,,,,,,,,,,,,,,,,,,,,,,,,,,,none,none
7-scenes-redkitchen,38,49,0.19198076277821272,0.11718749999999953,0.0555,1,0,,,,,,,,,,,,,,,,,,,,,,,,,,,,,,,,,none,none
7-scenes-redkitchen,38,52,0.18420758304440218,0.04687499999999981,0.0155,1,0,,,,,,,,,,,,,,,,,,,,,,,,,,,,,,,,,none,none
7-scenes-redkitchen,38,53,0.33508556089922825,0.6249999999999976,0.4005,1,1,,,,,,,,,,,,,,,,,,,,,,,,,,,,,,,,,none,none
7-scenes-redkitchen,38,57,0.35504977071915894,0.7070312499999972,0.561,1,1,,,,,,,,,,,,,,,,,,,,,,,,,,,,,,,,,none,none
7-scenes-redkitchen,39,47,0.19647058823529412,0.41796874999999833,0.2925,1,1,,,,,,,,,,,,,,,,,,,,,,,,,,,,,,,,,none,none
7-scenes-redkitchen,39,48,0.2826696832579185,0.29687499999999883,0.2125,1,1,,,,,,,,,,,,,,,,,,,,,,,,,,,,,,,,,none,none
7-scenes-redkitchen,39,49,0.29959276018099545,0.08593749999999965,0.033,1,0,,,,,,,,,,,,,,,,,,,,,,,,,,,,,,,,,none,none
7-scenes-redkitchen,39,50,0.2590950226244344,0.07421874999999971,0.0405,1,0,,,,,,,,,,,,,,,,,,,,,,,,,,,,,,,,,none,none
7-scenes-redkitchen,39,52,0.3132579185520362,0.35546874999999856,0.2755,1,1,,,,,,,,,,,,,,,,,,,,,,,,,,,,,,,,,none,none
7-scenes-redkitchen,39,53,0.3939819004524887,0.28906249999999883,0.212,1,1,,,,,,,,,,,,,,,,,,,,,,,,,,,,,,,,,none,none
7-scenes-redkitchen,39,55,0.40352941176470586,0.6640624999999973,0.5345,1,1,,,,,,,,,,,,,,,,,,,,,,,,,,,,,,,,,none,none
7-scenes-redkitchen,39,56,0.2639366515837104,0.7187499999999971,0.5325,1,1,,,,,,,,,,,,,,,,,,,,,,,,,,,,,,,,,none,none
7-scenes-redkitchen,39,57,0.23312217194570137,0.7031249999999972,0.558,1,1,,,,,,,,,,,,,,,,,,,,,,,,,,,,,,,,,none,none
7-scenes-redkitchen,40,44,0.3842642699167098,0.761718749999997,0.616,1,1,,,,,,,,,,,,,,,,,,,,,,,,,,,,,,,,,none,none
7-scenes-redkitchen,40,45,0.25485859488965223,0.6523437499999974,0.4815,1,1,,,,,,,,,,,,,,,,,,,,,,,,,,,,,,,,,none,none
7-scenes-redkitchen,40,46,0.17646228412780576,0.4023437499999984,0.278,1,1,,,,,,,,,,,,,,,,,,,,,,,,,,,,,,,,,none,none
7-scenes-redkitchen,41,46,0.21820640768549177,0.4765624999999981,0.32,1,1,,,,,,,,,,,,,,,,,,,,,,,,,,,,,,,,,none,none
7-scenes-redkitchen,42,46,0.29964107165747983,0.19531249999999922,0.127,1,1,,,,,,,,,,,,,,,,,,,,,,,,,,,,,,,,,none,none
7-scenes-redkitchen,43,47,0.18897699615294025,0.0,0.0,1,0,,,,,,,,,,,,,,,,,,,,,,,,,,,,,,,,,none,none
7-scenes-redkitchen,44,47,0.2916585838991271,0.0,0.0,1,0,,,,,,,,,,,,,,,,,,,,,,,,,,,,,,,,,none,none
7-scenes-redkitchen,44,48,0.1414161008729389,0.23828124999999906,0.149,1,1,,,,,,,,,,,,,,,,,,,,,,,,,,,,,,,,,none,none
7-scenes-redkitchen,45,48,0.3176418829740431,0.41406249999999833,0.2735,1,1,,,,,,,,,,,,,,,,,,,,,,,,,,,,,,,,,none,none
7-scenes-redkitchen,45,49,0.2068851737791465,0.10546874999999958,0.0755,1,0,,,,,,,,,,,,,,,,,,,,,,,,,,,,,,,,,none,none
7-scenes-redkitchen,45,50,0.22987241531016278,0.249999999999999,0.169,1,1,,,,,,,,,,,,,,,,,,,,,,,,,,,,,,,,,none,none
7-scenes-redkitchen,45,51,0.2278926528816542,0.21484374999999914,0.1475,1,1,,,,,,,,,,,,,,,,,,,,,,,,,,,,,,,,,none,none
7-scenes-redkitchen,45,52,0.2209634843818742,0.11718749999999953,0.0805,1,0,,,,,,,,,,,,,,,,,,,,,,,,,,,,,,,,,none,none
7-scenes-redkitchen,46,53,0.30874647319629184,0.41015624999999833,0.2375,1,1,,,,,,,,,,,,,,,,,,,,,,,,,,,,,,,,,none,none
7-scenes-redkitchen,47,54,0.2677209044250243,0.0039062499999999844,0.002,1,0,,,,,,,,,,,,,,,,,,,,,,,,,,,,,,,,,none,none
7-scenes-redkitchen,48,58,0.1444141689373297,0.054687499999999785,0.033,1,0,,,,,,,,,,,,,,,,,,,,,,,,,,,,,,,,,none,none
7-scenes-redkitchen,48,59,0.21920980926430517,0.07421874999999971,0.0435,1,1,,,,,,,,,,,,,,,,,,,,,,,,,,,,,,,,,none,none
7-scenes-redkitchen,49,55,0.26169867460102786,0.26171874999999895,0.099,1,0,,,,,,,,,,,,,,,,,,,,,,,,,,,,,,,,,none,none
7-scenes-redkitchen,49,58,0.23748985664051933,0.249999999999999,0.1785,1,0,,,,,,,,,,,,,,,,,,,,,,,,,,,,,,,,,none,none
7-scenes-redkitchen,49,59,0.2768460914254801,0.23046874999999908,0.0945,1,0,,,,,,,,,,,,,,,,,,,,,,,,,,,,,,,,,none,none
7-scenes-redkitchen,50,59,0.24316735305129164,0.09374999999999963,0.066,1,0,,,,,,,,,,,,,,,,,,,,,,,,,,,,,,,,,none,none
7-scenes-redkitchen,51,54,0.19487820112429732,0.015624999999999938,0.007,1,0,,,,,,,,,,,,,,,,,,,,,,,,,,,,,,,,,none,none
7-scenes-redkitchen,51,59,0.16114928169893816,0.042968749999999827,0.018,1,1,,,,,,,,,,,,,,,,,,,,,,,,,,,,,,,,,none,none
7-scenes-redkitchen,52,55,0.1914175506268081,0.0781249999999997,0.0465,1,0,,,,,,,,,,,,,,,,,,,,,,,,,,,,,,,,,none,none
7-scenes-redkitchen,52,58,0.20266795242687238,0.19140624999999922,0.155,1,1,,,,,,,,,,,,,,,,,,,,,,,,,,,,,,,,,none,none
7-scenes-redkitchen,52,59,0.27242044358727097,0.18749999999999925,0.1395,1,1,,,,,,,,,,,,,,,,,,,,,,,,,,,,,,,,,none,none
7-scenes-redkitchen,53,56,0.32855268091488565,0.5937499999999977,0.405,1,1,,,,,,,,,,,,,,,,,,,,,,,,,,,,,,,,,none,none
7-scenes-redkitchen,53,57,0.2080989876265467,0.3046874999999988,0.1655,1,1,,,,,,,,,,,,,,,,,,,,,,,,,,,,,,,,,none,none
sun3d-home_at-home_at_scan1_2013_jan_1,0,30,0.18567895023686748,0.03906249999999985,0.0,1,0,,,,,,,,,,,,,,,,,,,,,,,,,,,,,,,,,none,none
sun3d-home_at-home_at_scan1_2013_jan_1,0,31,0.3749213935354044,0.015624999999999938,0.0,1,0,,,,,,,,,,,,,,,,,,,,,,,,,,,,,,,,,none,none
sun3d-home_at-home_at_scan1_2013_jan_1,0,33,0.3657401584706326,0.29296874999999883,0.297,1,1,,,,,,,,,,,,,,,,,,,,,,,,,,,,,,,,,none,none
sun3d-home_at-home_at_scan1_2013_jan_1,0,34,0.42246258332285247,0.36718749999999856,0.232,1,1,,,,,,,,,,,,,,,,,,,,,,,,,,,,,,,,,none,none
sun3d-home_at-home_at_scan1_2013_jan_1,0,35,0.2809709470506854,0.08593749999999965,0.0765,1,0,,,,,,,,,,,,,,,,,,,,,,,,,,,,,,,,,none,none
sun3d-home_at-home_at_scan1_2013_jan_1,0,36,0.42774493774368005,0.4414062499999982,0.3195,1,1,,,,,,,,,,,,,,,,,,,,,,,,,,,,,,,,,none,none
sun3d-home_at-home_at_scan1_2013_jan_1,0,37,0.3765144845512095,0.36328124999999856,0.388,1,1,,,,,,,,,,,,,,,,,,,,,,,,,,,,,,,,,none,none
sun3d-home_at-home_at_scan1_2013_jan_1,0,38,0.2931706703559301,0.5976562499999976,0.5155,1,1,,,,,,,,,,,,,,,,,,,,,,,,,,,,,,,,,none,none
sun3d-home_at-home_at_scan1_2013_jan_1,0,41,0.22227812015260134,0.08984374999999964,0.085,1,0,,,,,,,,,,,,,,,,,,,,,,,,,,,,,,,,,none,none
sun3d-home_at-home_at_scan1_2013_jan_1,0,42,0.18811051020835953,0.09765624999999961,0.0565,1,0,,,,,,,,,,,,,,,,,,,,,,,,,,,,,,,,,none,none
sun3d-home_at-home_at_scan1_2013_jan_1,0,47,0.3555527606590366,0.06640624999999974,0.013,1,0,,,,,,,,,,,,,,,,,,,,,,,,,,,,,,,,,none,none
sun3d-home_at-home_at_scan1_2013_jan_1,0,49,0.38108414035970317,0.16015624999999936,0.0955,1,0,,,,,,,,,,,,,,,,,,,,,,,,,,,,,,,,,none,none
sun3d-home_at-home_at_scan1_2013_jan_1,0,50,0.2701127740745399,0.3242187499999987,0.1475,1,0,,,,,,,,,,,,,,,,,,,,,,,,,,,,,,,,,none,none
sun3d-home_at-home_at_scan1_2013_jan_1,0,51,0.2043768079486857,0.0,0.0,1,0,,,,,,,,,,,,,,,,,,,,,,,,,,,,,,,,,none,none
sun3d-home_at-home_at_scan1_2013_jan_1,1,3,0.2891326847443593,0.8046874999999968,0.687,1,1,,,,,,,,,,,,,,,,,,,,,,,,,,,,,,,,,none,none
sun3d-home_at-home_at_scan1_2013_jan_1,1,31,0.24827157938315048,0.054687499999999785,0.0,1,0,,,,,,,,,,,,,,,,,,,,,,,,,,,,,,,,,none,none
sun3d-home_at-home_at_scan1_2013_jan_1,1,33,0.24537362864831297,0.33203124999999867,0.253,1,1,,,,,,,,,,,,,,,,,,,,,,,,,,,,,,,,,none,none
sun3d-home_at-home_at_scan1_2013_jan_1,1,35,0.33959842682674396,0.3789062499999985,0.2495,1,1,,,,,,,,,,,,,,,,,,,,,,,,,,,,,,,,,none,none
sun3d-home_at-home_at_scan1_2013_jan_1,1,36,0.5144276547298696,0.6367187499999974,0.4185,1,1,,,,,,,,,,,,,,,,,,,,,,,,,,,,,,,,,none,none
sun3d-home_at-home_at_scan1_2013_jan_1,1,37,0.519726764645001,0.5312499999999979,0.3435,1,1,,,,,,,,,,,,,,,,,,,,,,,,,,,,,,,,,none,none
sun3d-home_at-home_at_scan1_2013_jan_1,1,38,0.501138480645829,0.6953124999999972,0.481,1,1,,,,,,,,,,,,,,,,,,,,,,,,,,,,,,,,,none,none
sun3d-home_at-home_at_scan1_2013_jan_1,1,39,0.21424135789691576,0.4296874999999983,0.386,1,1,,,,,,,,,,,,,,,,,,,,,,,,,,,,,,,,,none,none
sun3d-home_at-home_at_scan1_2013_jan_1,1,47,0.1855930449182364,0.0039062499999999844,0.0,1,0,,,,,,,,,,,,,,,,,,,,,,,,,,,,,,,,,none,none
sun3d-home_at-home_at_scan1_2013_jan_1,1,48,0.4080314634651211,0.1562499999999994,0.181,1,1,,,,,,,,,,,,,,,,,,,,,,,,,,,,,,,,,none,none
sun3d-home_at-home_at_scan1_2013_jan_1,1,49,0.3811633202235562,0.19531249999999922,0.139,1,1,,,,,,,,,,,,,,,,,,,,,,,,,,,,,,,,,none,none
sun3d-home_at-home_at_scan1_2013_jan_1,1,50,0.3153384392465328,0.6171874999999976,0.3665,1,1,,,,,,,,,,,,,,,,,,,,,,,,,,,,,,,,,none,none
sun3d-home_at-home_at_scan1_2013_jan_1,1,51,0.21958186710825917,0.0,0.0,1,0,,,,,,,,,,,,,,,,,,,,,,,,,,,,,,,,,none,none
sun3d-home_at-home_at_scan1_2013_jan_1,2,3,0.2576359519842796,0.7226562499999971,0.598,1,0,,,,,,,,,,,,,,,,,,,,,,,,,,,,,,,,,none,none
sun3d-home_at-home_at_scan1_2013_jan_1,2,31,0.2155581186723055,0.0,0.0,1,0,,,,,,,,,,,,,,,,,,,,,,,,,,,,,,,,,none,none
sun3d-home_at-home_at_scan1_2013_jan_1,2,33,0.25447477465931906,0.3085937499999988,0.236,1,1,,,,,,,,,,,,,,,,,,,,,,,,,,,,,,,,,none,none
sun3d-home_at-home_at_scan1_2013_jan_1,2,35,0.3066342005211671,0.16796874999999933,0.1495,1,1,,,,,,,,,,,,,,,,,,,,,,,,,,,,,,,,,none,none
sun3d-home_at-home_at_scan1_2013_jan_1,2,37,0.5469263958306634,0.5664062499999978,0.346,1,1,,,,,,,,,,,,,,,,,,,,,,,,,,,,,,,,,none,none
sun3d-home_at-home_at_scan1_2013_jan_1,2,39,0.24063394420949208,0.5742187499999977,0.4785,1,1,,,,,,,,,,,,,,,,,,,,,,,,,,,,,,,,,none,none
sun3d-home_at-home_at_scan1_2013_jan_1,2,48,0.39151608355760603,0.03906249999999985,0.0255,1,0,,,,,,,,,,,,,,,,,,,,,,,,,,,,,,,,,none,none
sun3d-home_at-home_at_scan1_2013_jan_1,2,49,0.3209022170959887,0.0,0.0,1,0,,,,,,,,,,,,,,,,,,,,,,,,,,,,,,,,,none,none
sun3d-home_at-home_at_scan1_2013_jan_1,2,50,0.266478704771669,0.0,0.0,1,0,,,,,,,,,,,,,,,,,,,,,,,,,,,,,,,,,none,none
sun3d-home_at-home_at_scan1_2013_jan_1,2,51,0.14887436456063907,0.0,0.0,1,0,,,,,,,,,,,,,,,,,,,,,,,,,,,,,,,,,none,none
sun3d-home_at-home_at_scan1_2013_jan_1,3,24,0.19040596134440735,0.03515624999999986,0.0,1,0,,,,,,,,,,,,,,,,,,,,,,,,,,,,,,,,,none,none
sun3d-home_at-home_at_scan1_2013_jan_1,3,25,0.17309632849491577,0.10546874999999958,0.011,1,0,,,,,,,,,,,,,,,,,,,,,,,,,,,,,,,,,none,none
sun3d-home_at-home_at_scan1_2013_jan_1,3,26,0.13614841263680819,0.08593749999999965,0.0055,1,0,,,,,,,,,,,,,,,,,,,,,,,,,,,,,,,,,none,none
sun3d-home_at-home_at_scan1_2013_jan_1,3,29,0.22029030505317085,0.0,0.0,1,0,,,,,,,,,,,,,,,,,,,,,,,,,,,,,,,,,none,none
sun3d-home_at-home_at_scan1_2013_jan_1,3,30,0.3236823721182954,0.21874999999999914,0.0395,1,0,,,,,,,,,,,,,,,,,,,,,,,,,,,,,,,,,none,none
sun3d-home_at-home_at_scan1_2013_jan_1,3,32,0.22129938678879144,0.2031249999999992,0.0575,1,0,,,,,,,,,,,,,,,,,,,,,,,,,,,,,,,,,none,none
sun3d-home_at-home_at_scan1_2013_jan_1,3,33,0.4204765970659008,0.09765624999999961,0.0685,1,0,,,,,,,,,,,,,,,,,,,,,,,,,,,,,,,,,none,none
sun3d-home_at-home_at_scan1_2013_jan_1,3,34,0.36039742296049054,0.14453124999999942,0.1305,1,0,,,,,,,,,,,,,,,,,,,,,,,,,,,,,,,,,none,none
sun3d-home_at-home_at_scan1_2013_jan_1,3,35,0.29100364821858266,0.38281249999999845,0.2885,1,1,,,,,,,,,,,,,,,,,,,,,,,,,,,,,,,,,none,none
sun3d-home_at-home_at_scan1_2013_jan_1,3,36,0.34890941550881005,0.28515624999999883,0.245,1,1,,,,,,,,,,,,,,,,,,,,,,,,,,,,,,,,,none,none
sun3d-home_at-home_at_scan1_2013_jan_1,3,37,0.3310564309555228,0.007812499999999969,0.0005,1,0,,,,,,,,,,,,,,,,,,,,,,,,,,,,,,,,,none,none
sun3d-home_at-home_at_scan1_2013_jan_1,3,38,0.26104168283784834,0.2812499999999989,0.2185,1,1,,,,,,,,,,,,,,,,,,,,,,,,,,,,,,,,,none,none
sun3d-home_at-home_at_scan1_2013_jan_1,3,40,0.15221609873476674,0.20703124999999917,0.268,1,1,,,,,,,,,,,,,,,,,,,,,,,,,,,,,,,,,none,none
sun3d-home_at-home_at_scan1_2013_jan_1,3,41,0.3284172941085151,0.06249999999999975,0.117,1,0,,,,,,,,,,,,,,,,,,,,,,,,,,,,,,,,,none,none
sun3d-home_at-home_at_scan1_2013_jan_1,3,42,0.2534347589847085,0.07421874999999971,0.0855,1,0,,,,,,,,,,,,,,,,,,,,,,,,,,,,,,,,,none,none
sun3d-home_at-home_at_scan1_2013_jan_1,3,44,0.17713265543739812,0.4374999999999983,0.33,1,1,,,,,,,,,,,,,,,,,,,,,,,,,,,,,,,,,none,none
sun3d-home_at-home_at_scan1_2013_jan_1,3,45,0.1856710393541877,0.1523437499999994,0.177,1,1,,,,,,,,,,,,,,,,,,,,,,,,,,,,,,,,,none,none
sun3d-home_at-home_at_scan1_2013_jan_1,3,46,0.1814018473957929,0.14843749999999942,0.155,1,0,,,,,,,,,,,,,,,,,,,,,,,,,,,,,,,,,none,none
sun3d-home_at-home_at_scan1_2013_jan_1,3,48,0.425832492431887,0.04687499999999981,0.106,1,0,,,,,,,,,,,,,,,,,,,,,,,,,,,,,,,,,none,none
sun3d-home_at-home_at_scan1_2013_jan_1,3,49,0.2521928122331755,0.10546874999999958,0.0865,1,1,,,,,,,,,,,,,,,,,,,,,,,,,,,,,,,,,none,none
sun3d-home_at-home_at_scan1_2013_jan_1,4,8,0.2578154191057417,0.26953124999999895,0.129,1,1,,,,,,,,,,,,,,,,,,,,,,,,,,,,,,,,,none,none
sun3d-home_at-home_at_scan1_2013_jan_1,4,24,0.25401668950056044,0.16015624999999936,0.031,1,0,,,,,,,,,,,,,,,,,,,,,,,,,,,,,,,,,none,none
sun3d-home_at-home_at_scan1_2013_jan_1,4,25,0.24542284219703575,0.1523437499999994,0.0215,1,0,,,,,,,,,,,,,,,,,,,,,,,,,,,,,,,,,none,none
sun3d-home_at-home_at_scan1_2013_jan_1,4,26,0.20102129779549135,0.06640624999999974,0.0035,1,0,,,,,,,,,,,,,,,,,,,,,,,,,,,,,,,,,none,none
sun3d-home_at-home_at_scan1_2013_jan_1,4,29,0.26721883173496075,0.22656249999999908,0.049,1,0,,,,,,,,,,,,,,,,,,,,,,,,,,,,,,,,,none,none
sun3d-home_at-home_at_scan1_2013_jan_1,4,30,0.3204633204633205,0.33203124999999867,0.0885,1,0,,,,,,,,,,,,,,,,,,,,,,,,,,,,,,,,,none,none
sun3d-home_at-home_at_scan1_2013_jan_1,4,31,0.22829742184580895,0.08593749999999965,0.009,1,0,,,,,,,,,,,,,,,,,,,,,,,,,,,,,,,,,none,none
sun3d-home_at-home_at_scan1_2013_jan_1,4,32,0.18813052684020426,0.13281249999999947,0.0205,1,0,,,,,,,,,,,,,,,,,,,,,,,,,,,,,,,,,none,none
sun3d-home_at-home_at_scan1_2013_jan_1,4,42,0.30072238136754265,0.031249999999999875,0.0115,1,0,,,,,,,,,,,,,,,,,,,,,,,,,,,,,,,,,none,none
sun3d-home_at-home_at_scan1_2013_jan_1,4,44,0.3674181093535932,0.23828124999999906,0.194,1,1,,,,,,,,,,,,,,,,,,,,,,,,,,,,,,,,,none,none
sun3d-home_at-home_at_scan1_2013_jan_1,4,45,0.40266533814920913,0.25781249999999895,0.187,1,1,,,,,,,,,,,,,,,,,,,,,,,,,,,,,,,,,none,none
sun3d-home_at-home_at_scan1_2013_jan_1,4,47,0.23452484742807322,0.0507812499999998,0.0255,1,0,,,,,,,,,,,,,,,,,,,,,,,,,,,,,,,,,none,none
sun3d-home_at-home_at_scan1_2013_jan_1,5,6,0.17552905790095608,0.46484374999999817,0.3195,1,0,,,,,,,,,,,,,,,,,,,,,,,,,,,,,,,,,none,none
sun3d-home_at-home_at_scan1_2013_jan_1,5,11,0.20071973359114836,0.253906249999999,0.1575,1,1,,,,,,,,,,,,,,,,,,,,,,,,,,,,,,,,,none,none
sun3d-home_at-home_at_scan1_2013_jan_1,5,15,0.2960038672252659,0.3476562499999986,0.199,1,1,,,,,,,,,,,,,,,,,,,,,,,,,,,,,,,,,none,none
sun3d-home_at-home_at_scan1_2013_jan_1,5,40,0.15946933075518316,0.19140624999999922,0.134,1,1,,,,,,,,,,,,,,,,,,,,,,,,,,,,,,,,,none,none
sun3d-home_at-home_at_scan1_2013_jan_1,6,8,0.34046867958539884,0.18749999999999925,0.07,1,0,,,,,,,,,,,,,,,,,,,,,,,,,,,,,,,,,none,none
sun3d-home_at-home_at_scan1_2013_jan_1,6,9,0.24140003004356317,0.16406249999999933,0.148,1,0,,,,,,,,,,,,,,,,,,,,,,,,,,,,,,,,,none,none
sun3d-home_at-home_at_scan1_2013_jan_1,6,10,0.201066546492414,0.0,0.0,1,0,,,,,,,,,,,,,,,,,,,,,,,,,,,,,,,,,none,none
sun3d-home_at-home_at_scan1_2013_jan_1,6,24,0.3249211356466877,0.19531249999999922,0.047,1,0,,,,,,,,,,,,,,,,,,,,,,,,,,,,,,,,,none,none
sun3d-home_at-home_at_scan1_2013_jan_1,6,25,0.32897701667417756,0.19140624999999922,0.053,1,0,,,,,,,,,,,,,,,,,,,,,,,,,,,,,,,,,none,none
sun3d-home_at-home_at_scan1_2013_jan_1,6,26,0.25807420760102145,0.1523437499999994,0.026,1,0,,,,,,,,,,,,,,,,,,,,,,,,,,,,,,,,,none,none
sun3d-home_at-home_at_scan1_2013_jan_1,6,29,0.35346252065494965,0.058593749999999764,0.014,1,0,,,,,,,,,,,,,,,,,,,,,,,,,,,,,,,,,none,none
sun3d-home_at-home_at_scan1_2013_jan_1,6,30,0.4073907165389815,0.28515624999999883,0.0805,1,0,,,,,,,,,,,,,,,,,,,,,,,,,,,,,,,,,none,none
sun3d-home_at-home_at_scan1_2013_jan_1,6,31,0.26498422712933756,0.03515624999999986,0.001,1,0,,,,,,,,,,,,,,,,,,,,,,,,,,,,,,,,,none,none
sun3d-home_at-home_at_scan1_2013_jan_1,6,42,0.31357969055129936,0.04687499999999981,0.009,1,0,,,,,,,,,,,,,,,,,,,,,,,,,,,,,,,,,none,none
sun3d-home_at-home_at_scan1_2013_jan_1,6,43,0.3331080066095839,0.07421874999999971,0.0595,1,0,,,,,,,,,,,,,,,,,,,,,,,,,,,,,,,,,none,none
sun3d-home_at-home_at_scan1_2013_jan_1,6,44,0.44532071503680337,0.3984374999999984,0.304,1,1,,,,,,,,,,,,,,,,,,,,,,,,,,,,,,,,,none,none
sun3d-home_at-home_at_scan1_2013_jan_1,6,45,0.49774673276250564,0.503906249999998,0.3105,1,1,,,,,,,,,,,,,,,,,,,,,,,,,,,,,,,,,none,none
sun3d-home_at-home_at_scan1_2013_jan_1,6,46,0.23794502027940514,0.03906249999999985,0.011,1,0,,,,,,,,,,,,,,,,,,,,,,,,,,,,,,,,,none,none
sun3d-home_at-home_at_scan1_2013_jan_1,6,47,0.2859396124380352,0.027343749999999892,0.0135,1,0,,,,,,,,,,,,,,,,,,,,,,,,,,,,,,,,,none,none
sun3d-home_at-home_at_scan1_2013_jan_1,7,9,0.3607831845666571,0.4765624999999981,0.3485,1,1,,,,,,,,,,,,,,,,,,,,,,,,,,,,,,,,,none,none
sun3d-home_at-home_at_scan1_2013_jan_1,7,10,0.24697667722430175,0.18359374999999928,0.1905,1,1,,,,,,,,,,,,,,,,,,,,,,,,,,,,,,,,,none,none
sun3d-home_at-home_at_scan1_2013_jan_1,7,24,0.35819176504463,0.29687499999999883,0.104,1,0,,,,,,,,,,,,,,,,,,,,,,,,,,,,,,,,,none,none
sun3d-home_at-home_at_scan1_2013_jan_1,7,25,0.33961992513676936,0.14453124999999942,0.046,1,0,,,,,,,,,,,,,,,,,,,,,,,,,,,,,,,,,none,none
sun3d-home_at-home_at_scan1_2013_jan_1,7,26,0.29606968039159226,0.16015624999999936,0.036,1,0,,,,,,,,,,,,,,,,,,,,,,,,,,,,,,,,,none,none
sun3d-home_at-home_at_scan1_2013_jan_1,7,28,0.2076734811402246,0.19140624999999922,0.047,1,0,,,,,,,,,,,,,,,,,,,,,,,,,,,,,,,,,none,none
sun3d-home_at-home_at_scan1_2013_jan_1,7,29,0.409156348977829,0.26171874999999895,0.123,1,0,,,,,,,,,,,,,,,,,,,,,,,,,,,,,,,,,none,none
sun3d-home_at-home_at_scan1_2013_jan_1,7,30,0.36870141088396197,0.42187499999999833,0.153,1,0,,,,,,,,,,,,,,,,,,,,,,,,,,,,,,,,,none,none
sun3d-home_at-home_at_scan1_2013_jan_1,7,31,0.2002591419522027,0.08593749999999965,0.0215,1,0,,,,,,,,,,,,,,,,,,,,,,,,,,,,,,,,,none,none
sun3d-home_at-home_at_scan1_2013_jan_1,7,43,0.30132450331125826,0.41015624999999833,0.3335,1,1,,,,,,,,,,,,,,,,,,,,,,,,,,,,,,,,,none,none
sun3d-home_at-home_at_scan1_2013_jan_1,7,44,0.33249352145119493,0.46093749999999817,0.3675,1,1,,,,,,,,,,,,,,,,,,,,,,,,,,,,,,,,,none,none
sun3d-home_at-home_at_scan1_2013_jan_1,7,45,0.36870141088396197,0.5351562499999979,0.383,1,1,,,,,,,,,,,,,,,,,,,,,,,,,,,,,,,,,none,none
sun3d-home_at-home_at_scan1_2013_jan_1,7,47,0.17240138209041175,0.24609374999999903,0.183,1,1,,,,,,,,,,,,,,,,,,,,,,,,,,,,,,,,,none,none
sun3d-home_at-home_at_scan1_2013_jan_1,8,11,0.14298393538652704,0.08984374999999964,0.0185,1,0,,,,,,,,,,,,,,,,,,,,,,,,,,,,,,,,,none,none
sun3d-home_at-home_at_scan1_2013_jan_1,8,25,0.35803674447501554,0.3242187499999987,0.145,1,0,,,,,,,,,,,,,,,,,,,,,,,,,,,,,,,,,none,none
sun3d-home_at-home_at_scan1_2013_jan_1,8,30,0.3776515487707464,0.3007812499999988,0.117,1,0,,,,,,,,,,,,,,,,,,,,,,,,,,,,,,,,,none,none
sun3d-home_at-home_at_scan1_2013_jan_1,8,44,0.2277447412798438,0.17968749999999928,0.1435,1,1,,,,,,,,,,,,,,,,,,,,,,,,,,,,,,,,,none,none
sun3d-home_at-home_at_scan1_2013_jan_1,8,45,0.2715895979408893,0.0,0.0,1,0,,,,,,,,,,,,,,,,,,,,,,,,,,,,,,,,,none,none
sun3d-home_at-home_at_scan1_2013_jan_1,9,11,0.24187828872111644,0.499999999999998,0.3935,1,1,,,,,,,,,,,,,,,,,,,,,,,,,,,,,,,,,none,none
sun3d-home_at-home_at_scan1_2013_jan_1,9,24,0.27116220544497827,0.4453124999999982,0.2855,1,1,,,,,,,,,,,,,,,,,,,,,,,,,,,,,,,,,none,none
sun3d-home_at-home_at_scan1_2013_jan_1,9,26,0.25640585678334477,0.26562499999999895,0.1015,1,0,,,,,,,,,,,,,,,,,,,,,,,,,,,,,,,,,none,none
sun3d-home_at-home_at_scan1_2013_jan_1,9,28,0.349691146190803,0.253906249999999,0.0715,1,0,,,,,,,,,,,,,,,,,,,,,,,,,,,,,,,,,none,none
sun3d-home_at-home_at_scan1_2013_jan_1,9,29,0.3860672614962251,0.48828124999999806,0.247,1,1,,,,,,,,,,,,,,,,,,,,,,,,,,,,,,,,,none,none
sun3d-home_at-home_at_scan1_2013_jan_1,9,30,0.22620681766186226,0.21093749999999917,0.0575,1,0,,,,,,,,,,,,,,,,,,,,,,,,,,,,,,,,,none,none
sun3d-home_at-home_at_scan1_2013_jan_1,9,43,0.20636010066346375,0.507812499999998,0.4285,1,1,,,,,,,,,,,,,,,,,,,,,,,,,,,,,,,,,none,none
sun3d-home_at-home_at_scan1_2013_jan_1,9,44,0.24788377945550216,0.28906249999999883,0.261,1,0,,,,,,,,,,,,,,,,,,,,,,,,,,,,,,,,,none,none
sun3d-home_at-home_at_scan1_2013_jan_1,9,45,0.27596659803248685,0.503906249999998,0.3935,1,1,,,,,,,,,,,,,,,,,,,,,,,,,,,,,,,,,none,none
sun3d-home_at-home_at_scan1_2013_jan_1,10,12,0.31046172945614287,0.8203124999999967,0.5715,1,1,,,,,,,,,,,,,,,,,,,,,,,,,,,,,,,,,none,none
sun3d-home_at-home_at_scan1_2013_jan_1,10,13,0.19428926132836746,0.5429687499999978,0.4115,1,1,,,,,,,,,,,,,,,,,,,,,,,,,,,,,,,,,none,none
sun3d-home_at-home_at_scan1_2013_jan_1,10,15,0.1789619443250728,0.24609374999999903,0.1415,1,1,,,,,,,,,,,,,,,,,,,,,,,,,,,,,,,,,none,none
sun3d-home_at-home_at_scan1_2013_jan_1,10,17,0.24499832879721148,0.3984374999999984,0.269,1,1,,,,,,,,,,,,,,,,,,,,,,,,,,,,,,,,,none,none
sun3d-home_at-home_at_scan1_2013_jan_1,10,22,0.24284963949768418,0.3046874999999988,0.2245,1,1,,,,,,,,,,,,,,,,,,,,,,,,,,,,,,,,,none,none
sun3d-home_at-home_at_scan1_2013_jan_1,10,28,0.1864107338967674,0.29687499999999883,0.167,1,1,,,,,,,,,,,,,,,,,,,,,,,,,,,,,,,,,none,none
sun3d-home_at-home_at_scan1_2013_jan_1,10,29,0.23979372582724537,0.4335937499999983,0.1815,1,1,,,,,,,,,,,,,,,,,,,,,,,,,,,,,,,,,none,none
sun3d-home_at-home_at_scan1_2013_jan_1,10,43,0.24280189084658357,0.6953124999999972,0.5465,1,1,,,,,,,,,,,,,,,,,,,,,,,,,,,,,,,,,none,none
sun3d-home_at-home_at_scan1_2013_jan_1,10,44,0.28200353340018147,0.6992187499999972,0.523,1,1,,,,,,,,,,,,,,,,,,,,,,,,,,,,,,,,,none,none
sun3d-home_at-home_at_scan1_2013_jan_1,10,45,0.27813589266103234,0.6093749999999976,0.418,1,0,,,,,,,,,,,,,,,,,,,,,,,,,,,,,,,,,none,none
sun3d-home_at-home_at_scan1_2013_jan_1,11,13,0.37708262495749745,0.9374999999999962,0.7805,1,1,,,,,,,,,,,,,,,,,,,,,,,,,,,,,,,,,none,none
sun3d-home_at-home_at_scan1_2013_jan_1,11,18,0.25029751785107107,0.8281249999999967,0.6455,1,1,,,,,,,,,,,,,,,,,,,,,,,,,,,,,,,,,none,none
sun3d-home_at-home_at_scan1_2013_jan_1,11,20,0.20439476368582116,0.511718749999998,0.364,1,1,,,,,,,,,,,,,,,,,,,,,,,,,,,,,,,,,none,none
sun3d-home_at-home_at_scan1_2013_jan_1,11,21,0.3319449166950017,0.8124999999999968,0.6205,1,1,,,,,,,,,,,,,,,,,,,,,,,,,,,,,,,,,none,none
sun3d-home_at-home_at_scan1_2013_jan_1,11,22,0.3327949676980619,0.7890624999999969,0.605,1,1,,,,,,,,,,,,,,,,,,,,,,,,,,,,,,,,,none,none
sun3d-home_at-home_at_scan1_2013_jan_1,11,23,0.1601921115266916,0.4296874999999983,0.306,1,1,,,,,,,,,,,,,,,,,,,,,,,,,,,,,,,,,none,none
sun3d-home_at-home_at_scan1_2013_jan_1,11,44,0.16125467528051682,0.5234374999999979,0.408,1,0,,,,,,,,,,,,,,,,,,,,,,,,,,,,,,,,,none,none
sun3d-home_at-home_at_scan1_2013_jan_1,11,45,0.1522866371982319,0.41406249999999833,0.3455,1,0,,,,,,,,,,,,,,,,,,,,,,,,,,,,,,,,,none,none
sun3d-home_at-home_at_scan1_2013_jan_1,12,19,0.2391037983546298,0.499999999999998,0.384,1,1,,,,,,,,,,,,,,,,,,,,,,,,,,,,,,,,,none,none
sun3d-home_at-home_at_scan1_2013_jan_1,12,20,0.36180640644144935,0.6914062499999972,0.572,1,1,,,,,,,,,,,,,,,,,,,,,,,,,,,,,,,,,none,none
sun3d-home_at-home_at_scan1_2013_jan_1,12,22,0.30316821284789075,0.8281249999999967,0.6295,1,1,,,,,,,,,,,,,,,,,,,,,,,,,,,,,,,,,none,none
sun3d-home_at-home_at_scan1_2013_jan_1,13,19,0.24265003644610025,0.49218749999999806,0.3495,1,1,,,,,,,,,,,,,,,,,,,,,,,,,,,,,,,,,none,none
sun3d-home_at-home_at_scan1_2013_jan_1,13,20,0.35174536324613265,0.6015624999999976,0.503,1,1,,,,,,,,,,,,,,,,,,,,,,,,,,,,,,,,,none,none
sun3d-home_at-home_at_scan1_2013_jan_1,13,21,0.3097918522718069,0.7070312499999972,0.57,1,1,,,,,,,,,,,,,,,,,,,,,,,,,,,,,,,,,none,none
sun3d-home_at-home_at_scan1_2013_jan_1,13,22,0.26654247995464486,0.5937499999999977,0.482,1,1,,,,,,,,,,,,,,,,,,,,,,,,,,,,,,,,,none,none
sun3d-home_at-home_at_scan1_2013_jan_1,14,19,0.32414538575868124,0.3085937499999988,0.187,1,1,,,,,,,,,,,,,,,,,,,,,,,,,,,,,,,,,none,none
sun3d-home_at-home_at_scan1_2013_jan_1,14,22,0.29002837454398056,0.6835937499999972,0.6095,1,1,,,,,,,,,,,,,,,,,,,,,,,,,,,,,,,,,none,none
sun3d-home_at-home_at_scan1_2013_jan_1,15,19,0.17236363636363636,0.6054687499999976,0.4745,1,1,,,,,,,,,,,,,,,,,,,,,,,,,,,,,,,,,none,none
sun3d-home_at-home_at_scan1_2013_jan_1,15,22,0.40285714285714286,0.8906249999999964,0.7695,1,1,,,,,,,,,,,,,,,,,,,,,,,,,,,,,,,,,none,none
sun3d-home_at-home_at_scan1_2013_jan_1,15,23,0.19932467532467532,0.4492187499999982,0.3735,1,1,,,,,,,,,,,,,,,,,,,,,,,,,,,,,,,,,none,none
sun3d-home_at-home_at_scan1_2013_jan_1,16,22,0.33364779874213835,0.6757812499999973,0.523,1,1,,,,,,,,,,,,,,,,,,,,,,,,,,,,,,,,,none,none
sun3d-home_at-home_at_scan1_2013_jan_1,17,19,0.1369493993447397,0.3124999999999988,0.3405,1,1,,,,,,,,,,,,,,,,,,,,,,,,,,,,,,,,,none,none
sun3d-home_at-home_at_scan1_2013_jan_1,17,20,0.3087004004368402,0.7109374999999971,0.619,1,1,,,,,,,,,,,,,,,,,,,,,,,,,,,,,,,,,none,none
sun3d-home_at-home_at_scan1_2013_jan_1,17,23,0.26603567528212596,0.4492187499999982,0.3745,1,1,,,,,,,,,,,,,,,,,,,,,,,,,,,,,,,,,none,none
sun3d-home_at-home_at_scan1_2013_jan_1,18,22,0.28844036697247705,0.6171874999999976,0.455,1,1,,,,,,,,,,,,,,,,,,,,,,,,,,,,,,,,,none,none
sun3d-home_at-home_at_scan1_2013_jan_1,19,21,0.16191181919229344,0.12890624999999947,0.0855,1,0,,,,,,,,,,,,,,,,,,,,,,,,,,,,,,,,,none,none
sun3d-home_at-home_at_scan1_2013_jan_1,20,22,0.15445402298850575,0.054687499999999785,0.0395,1,0,,,,,,,,,,,,,,,,,,,,,,,,,,,,,,,,,none,none
sun3d-home_at-home_at_scan1_2013_jan_1,21,23,0.37087182082753384,0.4453124999999982,0.3815,1,1,,,,,,,,,,,,,,,,,,,,,,,,,,,,,,,,,none,none
sun3d-home_at-home_at_scan1_2013_jan_1,22,31,0.4120847884349874,0.7187499999999971,0.592,1,1,,,,,,,,,,,,,,,,,,,,,,,,,,,,,,,,,none,none
sun3d-home_at-home_at_scan1_2013_jan_1,22,32,0.42946479330788595,0.7656249999999969,0.5965,1,1,,,,,,,,,,,,,,,,,,,,,,,,,,,,,,,,,none,none
sun3d-home_at-home_at_scan1_2013_jan_1,22,42,0.2661414764882644,0.011718749999999953,0.0275,1,0,,,,,,,,,,,,,,,,,,,,,,,,,,,,,,,,,none,none
sun3d-home_at-home_at_scan1_2013_jan_1,22,43,0.23942174937058394,0.0,0.0,1,0,,,,,,,,,,,,,,,,,,,,,,,,,,,,,,,,,none,none
sun3d-home_at-home_at_scan1_2013_jan_1,23,24,0.4648576161552418,0.6835937499999972,0.6085,1,0,,,,,,,,,,,,,,,,,,,,,,,,,,,,,,,,,none,none
sun3d-home_at-home_at_scan1_2013_jan_1,23,30,0.20612132207935632,0.3984374999999984,0.425,1,1,,,,,,,,,,,,,,,,,,,,,,,,,,,,,,,,,none,none
sun3d-home_at-home_at_scan1_2013_jan_1,23,43,0.43819515658278774,0.03515624999999986,0.0105,1,0,,,,,,,,,,,,,,,,,,,,,,,,,,,,,,,,,none,none
sun3d-home_at-home_at_scan1_2013_jan_1,23,44,0.35789224579947937,0.027343749999999892,0.013,1,0,,,,,,,,,,,,,,,,,,,,,,,,,,,,,,,,,none,none
sun3d-home_at-home_at_scan1_2013_jan_1,23,45,0.36570166443164787,0.0507812499999998,0.035,1,0,,,,,,,,,,,,,,,,,,,,,,,,,,,,,,,,,none,none
sun3d-home_at-home_at_scan1_2013_jan_1,23,46,0.3959138597459967,0.23828124999999906,0.167,1,1,,,,,,,,,,,,,,,,,,,,,,,,,,,,,,,,,none,none
sun3d-home_at-home_at_scan1_2013_jan_1,23,47,0.37146012463516603,0.26562499999999895,0.181,1,1,,,,,,,,,,,,,,,,,,,,,,,,,,,,,,,,,none,none
sun3d-home_at-home_at_scan1_2013_jan_1,24,27,0.21685262065386612,0.35937499999999856,0.1335,1,0,,,,,,,,,,,,,,,,,,,,,,,,,,,,,,,,,none,none
sun3d-home_at-home_at_scan1_2013_jan_1,24,32,0.29170991177996886,0.6914062499999972,0.707,1,1,,,,,,,,,,,,,,,,,,,,,,,,,,,,,,,,,none,none
sun3d-home_at-home_at_scan1_2013_jan_1,24,42,0.29715879605604567,0.1015624999999996,0.04,1,0,,,,,,,,,,,,,,,,,,,,,,,,,,,,,,,,,none,none
sun3d-home_at-home_at_scan1_2013_jan_1,24,43,0.28937467566165026,0.11328124999999954,0.0445,1,0,,,,,,,,,,,,,,,,,,,,,,,,,,,,,,,,,none,none
sun3d-home_at-home_at_scan1_2013_jan_1,24,44,0.263622210690192,0.03515624999999986,0.0155,1,0,,,,,,,,,,,,,,,,,,,,,,,,,,,,,,,,,none,none
sun3d-home_at-home_at_scan1_2013_jan_1,24,45,0.27367669953295276,0.12109374999999951,0.0295,1,0,,,,,,,,,,,,,,,,,,,,,,,,,,,,,,,,,none,none
sun3d-home_at-home_at_scan1_2013_jan_1,24,46,0.2213284898806435,0.07421874999999971,0.019,1,0,,,,,,,,,,,,,,,,,,,,,,,,,,,,,,,,,none,none
sun3d-home_at-home_at_scan1_2013_jan_1,24,47,0.22898287493513234,0.06640624999999974,0.018,1,1,,,,,,,,,,,,,,,,,,,,,,,,,,,,,,,,,none,none
sun3d-home_at-home_at_scan1_2013_jan_1,25,31,0.19180715764566697,0.18359374999999928,0.0745,1,0,,,,,,,,,,,,,,,,,,,,,,,,,,,,,,,,,none,none
sun3d-home_at-home_at_scan1_2013_jan_1,26,30,0.32285610465116277,0.5624999999999978,0.4165,1,1,,,,,,,,,,,,,,,,,,,,,,,,,,,,,,,,,none,none
sun3d-home_at-home_at_scan1_2013_jan_1,27,29,0.21654676258992805,0.3046874999999988,0.1905,1,0,,,,,,,,,,,,,,,,,,,,,,,,,,,,,,,,,none,none
sun3d-home_at-home_at_scan1_2013_jan_1,28,30,0.21717111534795042,0.5234374999999979,0.4145,1,1,,,,,,,,,,,,,,,,,,,,,,,,,,,,,,,,,none,none
sun3d-home_at-home_at_scan1_2013_jan_1,29,32,0.25228304106672644,0.7343749999999971,0.7095,1,1,,,,,,,,,,,,,,,,,,,,,,,,,,,,,,,,,none,none
sun3d-home_at-home_at_scan1_2013_jan_1,29,42,0.29934450109249816,0.1562499999999994,0.07,1,1,,,,,,,,,,,,,,,,,,,,,,,,,,,,,,,,,none,none
sun3d-home_at-home_at_scan1_2013_jan_1,29,43,0.2968233514482604,0.08203124999999967,0.0215,1,0,,,,,,,,,,,,,,,,,,,,,,,,,,,,,,,,,none,none
sun3d-home_at-home_at_scan1_2013_jan_1,29,44,0.28578631856126396,0.04687499999999981,0.035,1,0,,,,,,,,,,,,,,,,,,,,,,,,,,,,,,,,,none,none
sun3d-home_at-home_at_scan1_2013_jan_1,29,45,0.2953666872093675,0.08203124999999967,0.0155,1,0,,,,,,,,,,,,,,,,,,,,,,,,,,,,,,,,,none,none
sun3d-home_at-home_at_scan1_2013_jan_1,29,46,0.2332343548658188,0.03906249999999985,0.0275,1,0,,,,,,,,,,,,,,,,,,,,,,,,,,,,,,,,,none,none
sun3d-home_at-home_at_scan1_2013_jan_1,29,47,0.23435486581881337,0.019531249999999924,0.0125,1,0,,,,,,,,,,,,,,,,,,,,,,,,,,,,,,,,,none,none
sun3d-home_at-home_at_scan1_2013_jan_1,30,33,0.2548903878583474,0.33593749999999867,0.3005,1,0,,,,,,,,,,,,,,,,,,,,,,,,,,,,,,,,,none,none
sun3d-home_at-home_at_scan1_2013_jan_1,30,34,0.11526138279932546,0.03515624999999986,0.044,1,0,,,,,,,,,,,,,,,,,,,,,,,,,,,,,,,,,none,none
sun3d-home_at-home_at_scan1_2013_jan_1,30,36,0.11475548060708263,0.054687499999999785,0.0675,1,0,,,,,,,,,,,,,,,,,,,,,,,,,,,,,,,,,none,none
sun3d-home_at-home_at_scan1_2013_jan_1,30,41,0.16129848229342328,0.0,0.0,1,0,,,,,,,,,,,,,,,,,,,,,,,,,,,,,,,,,none,none
sun3d-home_at-home_at_scan1_2013_jan_1,30,42,0.4096964586846543,0.36328124999999856,0.195,1,1,,,,,,,,,,,,,,,,,,,,,,,,,,,,,,,,,none,none
sun3d-home_at-home_at_scan1_2013_jan_1,30,46,0.2838111298482293,0.24218749999999903,0.195,1,1,,,,,,,,,,,,,,,,,,,,,,,,,,,,,,,,,none,none
sun3d-home_at-home_at_scan1_2013_jan_1,30,48,0.2263069139966273,0.042968749999999827,0.059,1,0,,,,,,,,,,,,,,,,,,,,,,,,,,,,,,,,,none,none
sun3d-home_at-home_at_scan1_2013_jan_1,31,35,0.32149184572752465,0.5820312499999977,0.428,1,1,,,,,,,,,,,,,,,,,,,,,,,,,,,,,,,,,none,none
sun3d-home_at-home_at_scan1_2013_jan_1,31,37,0.38790714577749513,0.4765624999999981,0.303,1,1,,,,,,,,,,,,,,,,,,,,,,,,,,,,,,,,,none,none
sun3d-home_at-home_at_scan1_2013_jan_1,31,38,0.18897923954027165,0.5351562499999979,0.4305,1,1,,,,,,,,,,,,,,,,,,,,,,,,,,,,,,,,,none,none
sun3d-home_at-home_at_scan1_2013_jan_1,31,41,0.3184481897060828,0.11718749999999953,0.061,1,0,,,,,,,,,,,,,,,,,,,,,,,,,,,,,,,,,none,none
sun3d-home_at-home_at_scan1_2013_jan_1,31,42,0.43787761777131695,0.503906249999998,0.2855,1,1,,,,,,,,,,,,,,,,,,,,,,,,,,,,,,,,,none,none
sun3d-home_at-home_at_scan1_2013_jan_1,31,46,0.2684322900104484,0.3515624999999986,0.2565,1,1,,,,,,,,,,,,,,,,,,,,,,,,,,,,,,,,,none,none
sun3d-home_at-home_at_scan1_2013_jan_1,31,49,0.29005587607322947,0.5937499999999977,0.4275,1,1,,,,,,,,,,,,,,,,,,,,,,,,,,,,,,,,,none,none
sun3d-home_at-home_at_scan1_2013_jan_1,32,34,0.2150945744151319,0.4062499999999984,0.387,1,1,,,,,,,,,,,,,,,,,,,,,,,,,,,,,,,,,none,none
sun3d-home_at-home_at_scan1_2013_jan_1,32,36,0.19213539074166253,0.41015624999999833,0.363,1,1,,,,,,,,,,,,,,,,,,,,,,,,,,,,,,,,,none,none
sun3d-home_at-home_at_scan1_2013_jan_1,32,37,0.156483325037332,0.03906249999999985,0.013,1,0,,,,,,,,,,,,,,,,,,,,,,,,,,,,,,,,,none,none
sun3d-home_at-home_at_scan1_2013_jan_1,32,38,0.16419860627177701,0.4492187499999982,0.4365,1,1,,,,,,,,,,,,,,,,,,,,,,,,,,,,,,,,,none,none
sun3d-home_at-home_at_scan1_2013_jan_1,32,39,0.19841961174713788,0.4374999999999983,0.4995,1,1,,,,,,,,,,,,,,,,,,,,,,,,,,,,,,,,,none,none
sun3d-home_at-home_at_scan1_2013_jan_1,32,40,0.35782727725236435,0.45312499999999817,0.3225,1,1,,,,,,,,,,,,,,,,,,,,,,,,,,,,,,,,,none,none
sun3d-home_at-home_at_scan1_2013_jan_1,32,41,0.3365480338476854,0.38281249999999845,0.38,1,1,,,,,,,,,,,,,,,,,,,,,,,,,,,,,,,,,none,none
sun3d-home_at-home_at_scan1_2013_jan_1,32,43,0.2777501244400199,0.23437499999999906,0.115,1,1,,,,,,,,,,,,,,,,,,,,,,,,,,,,,,,,,none,none
sun3d-home_at-home_at_scan1_2013_jan_1,32,44,0.2109880537580886,0.04687499999999981,0.043,1,0,,,,,,,,,,,,,,,,,,,,,,,,,,,,,,,,,none,none
sun3d-home_at-home_at_scan1_2013_jan_1,32,45,0.21391239422598307,0.007812499999999969,0.0135,1,0,,,,,,,,,,,,,,,,,,,,,,,,,,,,,,,,,none,none
sun3d-home_at-home_at_scan1_2013_jan_1,32,46,0.3751244400199104,0.38281249999999845,0.2695,1,1,,,,,,,,,,,,,,,,,,,,,,,,,,,,,,,,,none,none
sun3d-home_at-home_at_scan1_2013_jan_1,32,47,0.5209681433549029,0.3515624999999986,0.2055,1,1,,,,,,,,,,,,,,,,,,,,,,,,,,,,,,,,,none,none
sun3d-home_at-home_at_scan1_2013_jan_1,32,48,0.22112991538078647,0.03515624999999986,0.009,1,0,,,,,,,,,,,,,,,,,,,,,,,,,,,,,,,,,none,none
sun3d-home_at-home_at_scan1_2013_jan_1,33,35,0.29534054511391794,0.6562499999999973,0.4905,1,1,,,,,,,,,,,,,,,,,,,,,,,,,,,,,,,,,none,none
sun3d-home_at-home_at_scan1_2013_jan_1,33,46,0.30972381700610385,0.4726562499999981,0.3375,1,1,,,,,,,,,,,,,,,,,,,,,,,,,,,,,,,,,none,none
sun3d-home_at-home_at_scan1_2013_jan_1,33,49,0.2737656372756391,0.042968749999999827,0.023,1,0,,,,,,,,,,,,,,,,,,,,,,,,,,,,,,,,,none,none
sun3d-home_at-home_at_scan1_2013_jan_1,34,38,0.4567414947016174,0.2734374999999989,0.056,1,0,,,,,,,,,,,,,,,,,,,,,,,,,,,,,,,,,none,none
sun3d-home_at-home_at_scan1_2013_jan_1,34,41,0.1743586168432794,0.1757812499999993,0.146,1,1,,,,,,,,,,,,,,,,,,,,,,,,,,,,,,,,,none,none
sun3d-home_at-home_at_scan1_2013_jan_1,34,47,0.2642916899051868,0.746093749999997,0.494,1,1,,,,,,,,,,,,,,,,,,,,,,,,,,,,,,,,,none,none
sun3d-home_at-home_at_scan1_2013_jan_1,34,51,0.18610568878973788,0.32812499999999867,0.259,1,0,,,,,,,,,,,,,,,,,,,,,,,,,,,,,,,,,none,none
sun3d-home_at-home_at_scan1_2013_jan_1,34,55,0.21207473508087005,0.5742187499999977,0.4335,1,1,,,,,,,,,,,,,,,,,,,,,,,,,,,,,,,,,none,none
sun3d-home_at-home_at_scan1_2013_jan_1,35,36,0.3265242068370256,0.8867187499999964,0.7595,1,0,,,,,,,,,,,,,,,,,,,,,,,,,,,,,,,,,none,none
sun3d-home_at-home_at_scan1_2013_jan_1,35,37,0.2510658331807601,0.48828124999999806,0.336,1,1,,,,,,,,,,,,,,,,,,,,,,,,,,,,,,,,,none,none
sun3d-home_at-home_at_scan1_2013_jan_1,35,48,0.2500457719770879,0.7695312499999969,0.622,1,1,,,,,,,,,,,,,,,,,,,,,,,,,,,,,,,,,none,none
sun3d-home_at-home_at_scan1_2013_jan_1,35,51,0.4521486673815814,0.45312499999999817,0.3775,1,1,,,,,,,,,,,,,,,,,,,,,,,,,,,,,,,,,none,none
sun3d-home_at-home_at_scan1_2013_jan_1,35,52,0.23377710354928988,0.3789062499999985,0.181,1,1,,,,,,,,,,,,,,,,,,,,,,,,,,,,,,,,,none,none
sun3d-home_at-home_at_scan1_2013_jan_1,35,53,0.3923312321816232,0.7851562499999969,0.5505,1,1,,,,,,,,,,,,,,,,,,,,,,,,,,,,,,,,,none,none
sun3d-home_at-home_at_scan1_2013_jan_1,35,56,0.30913085554364034,0.7734374999999969,0.535,1,1,,,,,,,,,,,,,,,,,,,,,,,,,,,,,,,,,none,none
sun3d-home_at-home_at_scan1_2013_jan_1,35,57,0.2300107237203463,0.5390624999999979,0.318,1,0,,,,,,,,,,,,,,,,,,,,,,,,,,,,,,,,,none,none
sun3d-home_at-home_at_scan1_2013_jan_1,35,58,0.26024638401381006,0.7226562499999971,0.444,1,1,,,,,,,,,,,,,,,,,,,,,,,,,,,,,,,,,none,none
sun3d-home_at-home_at_scan1_2013_jan_1,36,38,0.40847866708190594,0.5859374999999977,0.2685,1,0,,,,,,,,,,,,,,,,,,,,,,,,,,,,,,,,,none,none
sun3d-home_at-home_at_scan1_2013_jan_1,36,41,0.20149486141388975,0.7070312499999972,0.5055,1,1,,,,,,,,,,,,,,,,,,,,,,,,,,,,,,,,,none,none
sun3d-home_at-home_at_scan1_2013_jan_1,36,47,0.27343506695733416,0.6992187499999972,0.5455,1,1,,,,,,,,,,,,,,,,,,,,,,,,,,,,,,,,,none,none
sun3d-home_at-home_at_scan1_2013_jan_1,36,50,0.3380956088445967,0.7187499999999971,0.629,1,1,,,,,,,,,,,,,,,,,,,,,,,,,,,,,,,,,none,none
sun3d-home_at-home_at_scan1_2013_jan_1,36,51,0.22664279040797258,0.503906249999998,0.377,1,0,,,,,,,,,,,,,,,,,,,,,,,,,,,,,,,,,none,none
sun3d-home_at-home_at_scan1_2013_jan_1,36,55,0.3607131734662099,0.6367187499999974,0.5445,1,1,,,,,,,,,,,,,,,,,,,,,,,,,,,,,,,,,none,none
sun3d-home_at-home_at_scan1_2013_jan_1,37,39,0.24280865507000424,0.5351562499999979,0.357,1,1,,,,,,,,,,,,,,,,,,,,,,,,,,,,,,,,,none,none
sun3d-home_at-home_at_scan1_2013_jan_1,37,41,0.1769622401357658,0.6523437499999974,0.521,1,1,,,,,,,,,,,,,,,,,,,,,,,,,,,,,,,,,none,none
sun3d-home_at-home_at_scan1_2013_jan_1,37,47,0.21090369113279592,0.4062499999999984,0.326,1,1,,,,,,,,,,,,,,,,,,,,,,,,,,,,,,,,,none,none
sun3d-home_at-home_at_scan1_2013_jan_1,37,48,0.41548578701739497,0.7304687499999971,0.5495,1,1,,,,,,,,,,,,,,,,,,,,,,,,,,,,,,,,,none,none
sun3d-home_at-home_at_scan1_2013_jan_1,37,50,0.2582944420873992,0.6757812499999973,0.5035,1,1,,,,,,,,,,,,,,,,,,,,,,,,,,,,,,,,,none,none
sun3d-home_at-home_at_scan1_2013_jan_1,37,51,0.26580398812049216,0.5351562499999979,0.2845,1,0,,,,,,,,,,,,,,,,,,,,,,,,,,,,,,,,,none,none
sun3d-home_at-home_at_scan1_2013_jan_1,37,55,0.29456936784047516,0.511718749999998,0.3125,1,1,,,,,,,,,,,,,,,,,,,,,,,,,,,,,,,,,none,none
sun3d-home_at-home_at_scan1_2013_jan_1,38,40,0.17700370399558674,0.5664062499999978,0.575,1,1,,,,,,,,,,,,,,,,,,,,,,,,,,,,,,,,,none,none
sun3d-home_at-home_at_scan1_2013_jan_1,38,41,0.19749389234770273,0.507812499999998,0.412,1,1,,,,,,,,,,,,,,,,,,,,,,,,,,,,,,,,,none,none
sun3d-home_at-home_at_scan1_2013_jan_1,38,48,0.3101505240759713,0.38281249999999845,0.3005,1,1,,,,,,,,,,,,,,,,,,,,,,,,,,,,,,,,,none,none
sun3d-home_at-home_at_scan1_2013_jan_1,39,41,0.3184211710698051,0.6093749999999976,0.468,1,1,,,,,,,,,,,,,,,,,,,,,,,,,,,,,,,,,none,none
sun3d-home_at-home_at_scan1_2013_jan_1,39,42,0.22129708807777126,0.33984374999999867,0.218,1,0,,,,,,,,,,,,,,,,,,,,,,,,,,,,,,,,,none,none
sun3d-home_at-home_at_scan1_2013_jan_1,39,46,0.1631486565552005,0.019531249999999924,0.0005,1,0,,,,,,,,,,,,,,,,,,,,,,,,,,,,,,,,,none,none
sun3d-home_at-home_at_scan1_2013_jan_1,39,47,0.15752284081191772,0.0,0.0,1,0,,,,,,,,,,,,,,,,,,,,,,,,,,,,,,,,,none,none
sun3d-home_at-home_at_scan1_2013_jan_1,40,42,0.3342211609110948,0.7187499999999971,0.4345,1,1,,,,,,,,,,,,,,,,,,,,,,,,,,,,,,,,,none,none
sun3d-home_at-home_at_scan1_2013_jan_1,40,43,0.16343681116825864,0.5468749999999978,0.273,1,1,,,,,,,,,,,,,,,,,,,,,,,,,,,,,,,,,none,none
sun3d-home_at-home_at_scan1_2013_jan_1,40,44,0.1948475385745775,0.4062499999999984,0.3105,1,1,,,,,,,,,,,,,,,,,,,,,,,,,,,,,,,,,none,none
sun3d-home_at-home_at_scan1_2013_jan_1,40,45,0.2020573108008817,0.06249999999999975,0.0385,1,0,,,,,,,,,,,,,,,,,,,,,,,,,,,,,,,,,none,none
sun3d-home_at-home_at_scan1_2013_jan_1,40,46,0.26295003673769285,0.6953124999999972,0.477,1,1,,,,,,,,,,,,,,,,,,,,,,,,,,,,,,,,,none,none
sun3d-home_at-home_at_scan1_2013_jan_1,40,47,0.2272226304188097,0.503906249999998,0.234,1,1,,,,,,,,,,,,,,,,,,,,,,,,,,,,,,,,,none,none
sun3d-home_at-home_at_scan1_2013_jan_1,40,48,0.14791513592946362,0.16796874999999933,0.195,1,0,,,,,,,,,,,,,,,,,,,,,,,,,,,,,,,,,none,none
sun3d-home_at-home_at_scan1_2013_jan_1,41,43,0.2763103953147877,0.7812499999999969,0.4785,1,1,,,,,,,,,,,,,,,,,,,,,,,,,,,,,,,,,none,none
sun3d-home_at-home_at_scan1_2013_jan_1,41,44,0.3277891654465593,0.746093749999997,0.495,1,1,,,,,,,,,,,,,,,,,,,,,,,,,,,,,,,,,none,none
sun3d-home_at-home_at_scan1_2013_jan_1,41,45,0.3377452415812591,0.4257812499999983,0.283,1,1,,,,,,,,,,,,,,,,,,,,,,,,,,,,,,,,,none,none
sun3d-home_at-home_at_scan1_2013_jan_1,43,48,0.1573825259641223,0.0039062499999999844,0.002,1,0,,,,,,,,,,,,,,,,,,,,,,,,,,,,,,,,,none,none
sun3d-home_at-home_at_scan1_2013_jan_1,44,48,0.13024185988375728,0.0,0.0,1,0,,,,,,,,,,,,,,,,,,,,,,,,,,,,,,,,,none,none
sun3d-home_at-home_at_scan1_2013_jan_1,46,48,0.3316740150760916,0.4023437499999984,0.3125,1,1,,,,,,,,,,,,,,,,,,,,,,,,,,,,,,,,,none,none
sun3d-home_at-home_at_scan1_2013_jan_1,47,49,0.2307859905223596,0.6328124999999974,0.462,1,1,,,,,,,,,,,,,,,,,,,,,,,,,,,,,,,,,none,none
sun3d-home_at-home_at_scan1_2013_jan_1,48,50,0.3709265802905379,0.8359374999999967,0.726,1,1,,,,,,,,,,,,,,,,,,,,,,,,,,,,,,,,,none,none
sun3d-home_at-home_at_scan1_2013_jan_1,48,51,0.1574401256380055,0.33593749999999867,0.265,1,1,,,,,,,,,,,,,,,,,,,,,,,,,,,,,,,,,none,none
sun3d-home_at-home_at_scan1_2013_jan_1,49,52,0.2861872418853886,0.4374999999999983,0.2035,1,1,,,,,,,,,,,,,,,,,,,,,,,,,,,,,,,,,none,none
sun3d-home_at-home_at_scan1_2013_jan_1,49,53,0.2674494010034472,0.36718749999999856,0.1865,1,1,,,,,,,,,,,,,,,,,,,,,,,,,,,,,,,,,none,none
sun3d-home_at-home_at_scan1_2013_jan_1,49,54,0.31888460357008774,0.32812499999999867,0.1995,1,1,,,,,,,,,,,,,,,,,,,,,,,,,,,,,,,,,none,none
sun3d-home_at-home_at_scan1_2013_jan_1,49,55,0.5205638417693437,0.28906249999999883,0.2475,1,1,,,,,,,,,,,,,,,,,,,,,,,,,,,,,,,,,none,none
sun3d-home_at-home_at_scan1_2013_jan_1,49,56,0.21519505785180382,0.16406249999999933,0.048,1,0,,,,,,,,,,,,,,,,,,,,,,,,,,,,,,,,,none,none
sun3d-home_at-home_at_scan1_2013_jan_1,50,52,0.2905828975167111,0.11718749999999953,0.06,1,1,,,,,,,,,,,,,,,,,,,,,,,,,,,,,,,,,none,none
sun3d-home_at-home_at_scan1_2013_jan_1,50,53,0.3077962109929692,0.33593749999999867,0.146,1,1,,,,,,,,,,,,,,,,,,,,,,,,,,,,,,,,,none,none
sun3d-home_at-home_at_scan1_2013_jan_1,50,54,0.39649499532435145,0.13671874999999944,0.1235,1,1,,,,,,,,,,,,,,,,,,,,,,,,,,,,,,,,,none,none
sun3d-home_at-home_at_scan1_2013_jan_1,50,55,0.5076368925986215,0.29296874999999883,0.3065,1,1,,,,,,,,,,,,,,,,,,,,,,,,,,,,,,,,,none,none
sun3d-home_at-home_at_scan1_2013_jan_1,50,56,0.25549821632667197,0.4257812499999983,0.278,1,0,,,,,,,,,,,,,,,,,,,,,,,,,,,,,,,,,none,none
sun3d-home_at-home_at_scan1_2013_jan_1,50,57,0.2080144079243584,0.2031249999999992,0.099,1,0,,,,,,,,,,,,,,,,,,,,,,,,,,,,,,,,,none,none
sun3d-home_at-home_at_scan1_2013_jan_1,50,58,0.2607280157933017,0.4492187499999982,0.2395,1,0,,,,,,,,,,,,,,,,,,,,,,,,,,,,,,,,,none,none
sun3d-home_at-home_at_scan1_2013_jan_1,51,52,0.3888644945991042,0.45312499999999817,0.1945,1,0,,,,,,,,,,,,,,,,,,,,,,,,,,,,,,,,,none,none
sun3d-home_at-home_at_scan1_2013_jan_1,51,53,0.2801440238868886,0.22656249999999908,0.129,1,1,,,,,,,,,,,,,,,,,,,,,,,,,,,,,,,,,none,none
sun3d-home_at-home_at_scan1_2013_jan_1,51,54,0.45354351453411784,0.24218749999999903,0.23,1,1,,,,,,,,,,,,,,,,,,,,,,,,,,,,,,,,,none,none
sun3d-home_at-home_at_scan1_2013_jan_1,51,57,0.21559673311671204,0.29296874999999883,0.1225,1,0,,,,,,,,,,,,,,,,,,,,,,,,,,,,,,,,,none,none
sun3d-home_at-home_at_scan1_2013_jan_1,51,58,0.2328093439887591,0.2226562499999991,0.092,1,0,,,,,,,,,,,,,,,,,,,,,,,,,,,,,,,,,none,none
sun3d-home_at-home_at_scan1_2013_jan_1,52,57,0.21971887820297262,0.249999999999999,0.066,1,0,,,,,,,,,,,,,,,,,,,,,,,,,,,,,,,,,none,none
sun3d-home_at-home_at_scan1_2013_jan_1,52,58,0.2240231353823391,0.24218749999999903,0.123,1,0,,,,,,,,,,,,,,,,,,,,,,,,,,,,,,,,,none,none
sun3d-home_at-home_at_scan1_2013_jan_1,53,57,0.3277602140077821,0.6640624999999973,0.413,1,1,,,,,,,,,,,,,,,,,,,,,,,,,,,,,,,,,none,none
sun3d-home_at-home_at_scan1_2013_jan_1,54,56,0.23461294416243655,0.6992187499999972,0.5095,1,1,,,,,,,,,,,,,,,,,,,,,,,,,,,,,,,,,none,none
sun3d-home_at-home_at_scan1_2013_jan_1,54,57,0.23929251269035534,0.753906249999997,0.5455,1,1,,,,,,,,,,,,,,,,,,,,,,,,,,,,,,,,,none,none
sun3d-home_at-home_at_scan1_2013_jan_1,54,58,0.24294098984771573,0.6679687499999973,0.47,1,1,,,,,,,,,,,,,,,,,,,,,,,,,,,,,,,,,none,none
sun3d-home_at-home_at_scan1_2013_jan_1,55,56,0.32872472971343597,0.8593749999999966,0.637,1,0,,,,,,,,,,,,,,,,,,,,,,,,,,,,,,,,,none,none
sun3d-home_at-home_at_scan1_2013_jan_1,55,58,0.23238615811261606,0.6640624999999973,0.4345,1,1,,,,,,,,,,,,,,,,,,,,,,,,,,,,,,,,,none,none
sun3d-home_at-home_at_scan1_2013_jan_1,57,59,0.23949458065264012,0.5742187499999977,0.4745,1,1,,,,,,,,,,,,,,,,,,,,,,,,,,,,,,,,,none,none
sun3d-home_md-home_md_scan9_2012_sep_30,0,1,0.46778958507870716,0.496093749999998,0.2015,1,0,,,,,,,,,,,,,,,,,,,,,,,,,,,,,,,,,none,none
sun3d-home_md-home_md_scan9_2012_sep_30,0,51,0.26513514705233915,0.10546874999999958,0.09,1,1,,,,,,,,,,,,,,,,,,,,,,,,,,,,,,,,,none,none
sun3d-home_md-home_md_scan9_2012_sep_30,0,52,0.2690153886855681,0.1562499999999994,0.142,1,1,,,,,,,,,,,,,,,,,,,,,,,,,,,,,,,,,none,none
sun3d-home_md-home_md_scan9_2012_sep_30,0,53,0.23797345561973632,0.16406249999999933,0.1585,1,1,,,,,,,,,,,,,,,,,,,,,,,,,,,,,,,,,none,none
sun3d-home_md-home_md_scan9_2012_sep_30,0,54,0.2824639534371004,0.6367187499999974,0.5295,1,1,,,,,,,,,,,,,,,,,,,,,,,,,,,,,,,,,none,none
sun3d-home_md-home_md_scan9_2012_sep_30,0,55,0.2939723973720182,0.6210937499999976,0.465,1,1,,,,,,,,,,,,,,,,,,,,,,,,,,,,,,,,,none,none
sun3d-home_md-home_md_scan9_2012_sep_30,0,56,0.25711010185634287,0.48046874999999806,0.299,1,1,,,,,,,,,,,,,,,,,,,,,,,,,,,,,,,,,none,none
sun3d-home_md-home_md_scan9_2012_sep_30,0,57,0.3112130164469333,0.6093749999999976,0.4495,1,1,,,,,,,,,,,,,,,,,,,,,,,,,,,,,,,,,none,none
sun3d-home_md-home_md_scan9_2012_sep_30,0,58,0.425591957317342,0.749999999999997,0.5735,1,1,,,,,,,,,,,,,,,,,,,,,,,,,,,,,,,,,none,none
sun3d-home_md-home_md_scan9_2012_sep_30,0,59,0.26641386304510783,0.5898437499999977,0.4515,1,1,,,,,,,,,,,,,,,,,,,,,,,,,,,,,,,,,none,none
sun3d-home_md-home_md_scan9_2012_sep_30,1,3,0.24553053633563973,0.6093749999999976,0.39,1,1,,,,,,,,,,,,,,,,,,,,,,,,,,,,,,,,,none,none
sun3d-home_md-home_md_scan9_2012_sep_30,1,4,0.19441666999960006,0.496093749999998,0.418,1,1,,,,,,,,,,,,,,,,,,,,,,,,,,,,,,,,,none,none
sun3d-home_md-home_md_scan9_2012_sep_30,1,5,0.2646482422109347,0.5390624999999979,0.388,1,1,,,,,,,,,,,,,,,,,,,,,,,,,,,,,,,,,none,none
sun3d-home_md-home_md_scan9_2012_sep_30,1,6,0.23209214894212696,0.35546874999999856,0.1545,1,1,,,,,,,,,,,,,,,,,,,,,,,,,,,,,,,,,none,none
sun3d-home_md-home_md_scan9_2012_sep_30,1,7,0.3953525576930768,0.6796874999999973,0.457,1,1,,,,,,,,,,,,,,,,,,,,,,,,,,,,,,,,,none,none
sun3d-home_md-home_md_scan9_2012_sep_30,1,8,0.2911650601927769,0.6679687499999973,0.4595,1,1,,,,,,,,,,,,,,,,,,,,,,,,,,,,,,,,,none,none
sun3d-home_md-home_md_scan9_2012_sep_30,1,37,0.16913970323561173,0.4453124999999982,0.209,1,1,,,,,,,,,,,,,,,,,,,,,,,,,,,,,,,,,none,none
sun3d-home_md-home_md_scan9_2012_sep_30,1,38,0.31292244930608326,0.6523437499999974,0.453,1,1,,,,,,,,,,,,,,,,,,,,,,,,,,,,,,,,,none,none
sun3d-home_md-home_md_scan9_2012_sep_30,1,46,0.24761028676558813,0.5507812499999978,0.4585,1,1,,,,,,,,,,,,,,,,,,,,,,,,,,,,,,,,,none,none
sun3d-home_md-home_md_scan9_2012_sep_30,2,3,0.5496738585047667,0.8789062499999964,0.769,1,0,,,,,,,,,,,,,,,,,,,,,,,,,,,,,,,,,none,none
sun3d-home_md-home_md_scan9_2012_sep_30,2,4,0.45190308938427354,0.7968749999999968,0.698,1,1,,,,,,,,,,,,,,,,,,,,,,,,,,,,,,,,,none,none
sun3d-home_md-home_md_scan9_2012_sep_30,2,6,0.4421546842520249,0.7031249999999972,0.6125,1,1,,,,,,,,,,,,,,,,,,,,,,,,,,,,,,,,,none,none
sun3d-home_md-home_md_scan9_2012_sep_30,2,9,0.19794279979929755,0.027343749999999892,0.004,1,0,,,,,,,,,,,,,,,,,,,,,,,,,,,,,,,,,none,none
sun3d-home_md-home_md_scan9_2012_sep_30,2,36,0.21184861300265215,0.14453124999999942,0.0395,1,0,,,,,,,,,,,,,,,,,,,,,,,,,,,,,,,,,none,none
sun3d-home_md-home_md_scan9_2012_sep_30,2,37,0.35585262705182424,0.738281249999997,0.41,1,1,,,,,,,,,,,,,,,,,,,,,,,,,,,,,,,,,none,none
sun3d-home_md-home_md_scan9_2012_sep_30,2,38,0.571213533080066,0.7695312499999969,0.6315,1,1,,,,,,,,,,,,,,,,,,,,,,,,,,,,,,,,,none,none
sun3d-home_md-home_md_scan9_2012_sep_30,2,39,0.4086087018851695,0.7265624999999971,0.533,1,1,,,,,,,,,,,,,,,,,,,,,,,,,,,,,,,,,none,none
sun3d-home_md-home_md_scan9_2012_sep_30,2,40,0.36649702530284567,0.7070312499999972,0.5905,1,1,,,,,,,,,,,,,,,,,,,,,,,,,,,,,,,,,none,none
sun3d-home_md-home_md_scan9_2012_sep_30,2,41,0.24202566124292166,0.7890624999999969,0.666,1,1,,,,,,,,,,,,,,,,,,,,,,,,,,,,,,,,,none,none
sun3d-home_md-home_md_scan9_2012_sep_30,2,45,0.2136047595154469,0.7226562499999971,0.601,1,1,,,,,,,,,,,,,,,,,,,,,,,,,,,,,,,,,none,none
sun3d-home_md-home_md_scan9_2012_sep_30,2,46,0.4832628485413232,0.7734374999999969,0.6325,1,1,,,,,,,,,,,,,,,,,,,,,,,,,,,,,,,,,none,none
sun3d-home_md-home_md_scan9_2012_sep_30,2,47,0.2408787900508924,0.7656249999999969,0.6405,1,1,,,,,,,,,,,,,,,,,,,,,,,,,,,,,,,,,none,none
sun3d-home_md-home_md_scan9_2012_sep_30,2,49,0.172353236327145,0.742187499999997,0.635,1,1,,,,,,,,,,,,,,,,,,,,,,,,,,,,,,,,,none,none
sun3d-home_md-home_md_scan9_2012_sep_30,3,8,0.21152397690183278,0.6093749999999976,0.558,1,1,,,,,,,,,,,,,,,,,,,,,,,,,,,,,,,,,none,none
sun3d-home_md-home_md_scan9_2012_sep_30,3,45,0.49188216587162104,0.742187499999997,0.7095,1,1,,,,,,,,,,,,,,,,,,,,,,,,,,,,,,,,,none,none
sun3d-home_md-home_md_scan9_2012_sep_30,3,48,0.25207130303791114,0.6289062499999974,0.527,1,1,,,,,,,,,,,,,,,,,,,,,,,,,,,,,,,,,none,none
sun3d-home_md-home_md_scan9_2012_sep_30,3,49,0.3453427065026362,0.7656249999999969,0.612,1,1,,,,,,,,,,,,,,,,,,,,,,,,,,,,,,,,,none,none
sun3d-home_md-home_md_scan9_2012_sep_30,4,8,0.17051502661170914,0.499999999999998,0.3805,1,1,,,,,,,,,,,,,,,,,,,,,,,,,,,,,,,,,none,none
sun3d-home_md-home_md_scan9_2012_sep_30,4,30,0.2055304333906919,0.5859374999999977,0.486,1,0,,,,,,,,,,,,,,,,,,,,,,,,,,,,,,,,,none,none
sun3d-home_md-home_md_scan9_2012_sep_30,4,41,0.48773460322541917,0.8593749999999966,0.7655,1,1,,,,,,,,,,,,,,,,,,,,,,,,,,,,,,,,,none,none
sun3d-home_md-home_md_scan9_2012_sep_30,4,45,0.4626435631677938,0.6914062499999972,0.6405,1,1,,,,,,,,,,,,,,,,,,,,,,,,,,,,,,,,,none,none
sun3d-home_md-home_md_scan9_2012_sep_30,4,47,0.4905758533754852,0.9101562499999963,0.747,1,1,,,,,,,,,,,,,,,,,,,,,,,,,,,,,,,,,none,none
sun3d-home_md-home_md_scan9_2012_sep_30,4,48,0.23822481892032493,0.8164062499999968,0.656,1,1,,,,,,,,,,,,,,,,,,,,,,,,,,,,,,,,,none,none
sun3d-home_md-home_md_scan9_2012_sep_30,4,49,0.3259033974948978,0.9218749999999963,0.754,1,1,,,,,,,,,,,,,,,,,,,,,,,,,,,,,,,,,none,none
sun3d-home_md-home_md_scan9_2012_sep_30,5,8,0.23393369660163887,0.6562499999999973,0.5805,1,1,,,,,,,,,,,,,,,,,,,,,,,,,,,,,,,,,none,none
sun3d-home_md-home_md_scan9_2012_sep_30,5,37,0.1420074040181357,0.5273437499999979,0.4485,1,1,,,,,,,,,,,,,,,,,,,,,,,,,,,,,,,,,none,none
sun3d-home_md-home_md_scan9_2012_sep_30,5,41,0.38958445988103657,0.8632812499999966,0.7405,1,1,,,,,,,,,,,,,,,,,,,,,,,,,,,,,,,,,none,none
sun3d-home_md-home_md_scan9_2012_sep_30,5,45,0.4656628260055738,0.738281249999997,0.6965,1,1,,,,,,,,,,,,,,,,,,,,,,,,,,,,,,,,,none,none
sun3d-home_md-home_md_scan9_2012_sep_30,5,47,0.3915394534337174,0.8945312499999964,0.7215,1,1,,,,,,,,,,,,,,,,,,,,,,,,,,,,,,,,,none,none
sun3d-home_md-home_md_scan9_2012_sep_30,5,48,0.18114887067925628,0.5156249999999979,0.447,1,1,,,,,,,,,,,,,,,,,,,,,,,,,,,,,,,,,none,none
sun3d-home_md-home_md_scan9_2012_sep_30,5,49,0.24936566698556634,0.7890624999999969,0.6855,1,1,,,,,,,,,,,,,,,,,,,,,,,,,,,,,,,,,none,none
sun3d-home_md-home_md_scan9_2012_sep_30,6,8,0.16702691248145793,0.41015624999999833,0.321,1,1,,,,,,,,,,,,,,,,,,,,,,,,,,,,,,,,,none,none
sun3d-home_md-home_md_scan9_2012_sep_30,6,40,0.39474464929010383,0.8124999999999968,0.6805,1,1,,,,,,,,,,,,,,,,,,,,,,,,,,,,,,,,,none,none
sun3d-home_md-home_md_scan9_2012_sep_30,6,41,0.21508794236066964,0.6601562499999973,0.598,1,1,,,,,,,,,,,,,,,,,,,,,,,,,,,,,,,,,none,none
sun3d-home_md-home_md_scan9_2012_sep_30,6,45,0.44920534011443103,0.6992187499999972,0.591,1,1,,,,,,,,,,,,,,,,,,,,,,,,,,,,,,,,,none,none
sun3d-home_md-home_md_scan9_2012_sep_30,6,47,0.21525746980292434,0.5156249999999979,0.483,1,1,,,,,,,,,,,,,,,,,,,,,,,,,,,,,,,,,none,none
sun3d-home_md-home_md_scan9_2012_sep_30,7,8,0.39274732783444777,0.8632812499999966,0.653,1,0,,,,,,,,,,,,,,,,,,,,,,,,,,,,,,,,,none,none
sun3d-home_md-home_md_scan9_2012_sep_30,7,37,0.2753184635658158,0.7773437499999969,0.5035,1,1,,,,,,,,,,,,,,,,,,,,,,,,,,,,,,,,,none,none
sun3d-home_md-home_md_scan9_2012_sep_30,7,40,0.5102738054565865,0.8007812499999968,0.6255,1,1,,,,,,,,,,,,,,,,,,,,,,,,,,,,,,,,,none,none
sun3d-home_md-home_md_scan9_2012_sep_30,7,41,0.29044853335936355,0.742187499999997,0.6165,1,1,,,,,,,,,,,,,,,,,,,,,,,,,,,,,,,,,none,none
sun3d-home_md-home_md_scan9_2012_sep_30,7,45,0.3477963785445849,0.742187499999997,0.633,1,1,,,,,,,,,,,,,,,,,,,,,,,,,,,,,,,,,none,none
sun3d-home_md-home_md_scan9_2012_sep_30,7,47,0.2969398213675631,0.757812499999997,0.6475,1,1,,,,,,,,,,,,,,,,,,,,,,,,,,,,,,,,,none,none
sun3d-home_md-home_md_scan9_2012_sep_30,7,49,0.1713602420811167,0.6171874999999976,0.547,1,1,,,,,,,,,,,,,,,,,,,,,,,,,,,,,,,,,none,none
sun3d-home_md-home_md_scan9_2012_sep_30,8,10,0.22293207800941492,0.3007812499999988,0.128,1,1,,,,,,,,,,,,,,,,,,,,,,,,,,,,,,,,,none,none
sun3d-home_md-home_md_scan9_2012_sep_30,8,32,0.2507565568258238,0.21484374999999914,0.069,1,0,,,,,,,,,,,,,,,,,,,,,,,,,,,,,,,,,none,none
sun3d-home_md-home_md_scan9_2012_sep_30,8,33,0.1872057834566241,0.21874999999999914,0.081,1,0,,,,,,,,,,,,,,,,,,,,,,,,,,,,,,,,,none,none
sun3d-home_md-home_md_scan9_2012_sep_30,8,39,0.16081035642232683,0.3164062499999987,0.282,1,1,,,,,,,,,,,,,,,,,,,,,,,,,,,,,,,,,none,none
sun3d-home_md-home_md_scan9_2012_sep_30,8,40,0.17636180228648285,0.3515624999999986,0.3125,1,1,,,,,,,,,,,,,,,,,,,,,,,,,,,,,,,,,none,none
sun3d-home_md-home_md_scan9_2012_sep_30,8,46,0.23890383322125083,0.46484374999999817,0.408,1,1,,,,,,,,,,,,,,,,,,,,,,,,,,,,,,,,,none,none
sun3d-home_md-home_md_scan9_2012_sep_30,9,12,0.35356700429935145,0.5234374999999979,0.294,1,1,,,,,,,,,,,,,,,,,,,,,,,,,,,,,,,,,none,none
sun3d-home_md-home_md_scan9_2012_sep_30,9,32,0.35385848575384393,0.007812499999999969,0.0015,1,0,,,,,,,,,,,,,,,,,,,,,,,,,,,,,,,,,none,none
sun3d-home_md-home_md_scan9_2012_sep_30,9,33,0.33957589448371345,0.17968749999999928,0.084,1,0,,,,,,,,,,,,,,,,,,,,,,,,,,,,,,,,,none,none
sun3d-home_md-home_md_scan9_2012_sep_30,10,32,0.31733302783824036,0.12890624999999947,0.091,1,0,,,,,,,,,,,,,,,,,,,,,,,,,,,,,,,,,none,none
sun3d-home_md-home_md_scan9_2012_sep_30,10,33,0.3412189254210104,0.1757812499999993,0.0705,1,0,,,,,,,,,,,,,,,,,,,,,,,,,,,,,,,,,none,none
sun3d-home_md-home_md_scan9_2012_sep_30,10,35,0.35977775231985337,0.3007812499999988,0.1585,1,1,,,,,,,,,,,,,,,,,,,,,,,,,,,,,,,,,none,none
sun3d-home_md-home_md_scan9_2012_sep_30,10,36,0.3017527780960018,0.6718749999999973,0.4265,1,1,,,,,,,,,,,,,,,,,,,,,,,,,,,,,,,,,none,none
sun3d-home_md-home_md_scan9_2012_sep_30,11,32,0.31712104689203924,0.1249999999999995,0.007,1,0,,,,,,,,,,,,,,,,,,,,,,,,,,,,,,,,,none,none
sun3d-home_md-home_md_scan9_2012_sep_30,11,33,0.2708106143220647,0.023437499999999906,0.0,1,0,,,,,,,,,,,,,,,,,,,,,,,,,,,,,,,,,none,none
sun3d-home_md-home_md_scan9_2012_sep_30,11,35,0.20319883678662304,0.21874999999999914,0.035,1,1,,,,,,,,,,,,,,,,,,,,,,,,,,,,,,,,,none,none
sun3d-home_md-home_md_scan9_2012_sep_30,11,36,0.1980370774263904,0.21484374999999914,0.0405,1,0,,,,,,,,,,,,,,,,,,,,,,,,,,,,,,,,,none,none
sun3d-home_md-home_md_scan9_2012_sep_30,12,13,0.3701089148850343,0.1249999999999995,0.0685,1,0,,,,,,,,,,,,,,,,,,,,,,,,,,,,,,,,,none,none
sun3d-home_md-home_md_scan9_2012_sep_30,12,14,0.14895118999596613,0.0,0.0,1,0,,,,,,,,,,,,,,,,,,,,,,,,,,,,,,,,,none,none
sun3d-home_md-home_md_scan9_2012_sep_30,12,32,0.3208955223880597,0.04687499999999981,0.0075,1,0,,,,,,,,,,,,,,,,,,,,,,,,,,,,,,,,,none,none
sun3d-home_md-home_md_scan9_2012_sep_30,12,33,0.3499394917305365,0.027343749999999892,0.0125,1,0,,,,,,,,,,,,,,,,,,,,,,,,,,,,,,,,,none,none
sun3d-home_md-home_md_scan9_2012_sep_30,12,35,0.2606897942718838,0.14453124999999942,0.0355,1,1,,,,,,,,,,,,,,,,,,,,,,,,,,,,,,,,,none,none
sun3d-home_md-home_md_scan9_2012_sep_30,13,17,0.32807753507883697,0.5468749999999978,0.3905,1,1,,,,,,,,,,,,,,,,,,,,,,,,,,,,,,,,,none,none
sun3d-home_md-home_md_scan9_2012_sep_30,13,18,0.3649645595255316,0.6757812499999973,0.554,1,1,,,,,,,,,,,,,,,,,,,,,,,,,,,,,,,,,none,none
sun3d-home_md-home_md_scan9_2012_sep_30,13,19,0.32308693765369595,0.0507812499999998,0.0365,1,0,,,,,,,,,,,,,,,,,,,,,,,,,,,,,,,,,none,none
sun3d-home_md-home_md_scan9_2012_sep_30,13,23,0.20468682192969767,0.14843749999999942,0.0865,1,0,,,,,,,,,,,,,,,,,,,,,,,,,,,,,,,,,none,none
sun3d-home_md-home_md_scan9_2012_sep_30,13,54,0.3518732822219008,0.4765624999999981,0.301,1,1,,,,,,,,,,,,,,,,,,,,,,,,,,,,,,,,,none,none
sun3d-home_md-home_md_scan9_2012_sep_30,13,55,0.3962823665557645,0.6953124999999972,0.525,1,1,,,,,,,,,,,,,,,,,,,,,,,,,,,,,,,,,none,none
sun3d-home_md-home_md_scan9_2012_sep_30,13,56,0.35035440474468393,0.3789062499999985,0.203,1,1,,,,,,,,,,,,,,,,,,,,,,,,,,,,,,,,,none,none
sun3d-home_md-home_md_scan9_2012_sep_30,13,57,0.35679155214812674,0.6445312499999974,0.4995,1,0,,,,,,,,,,,,,,,,,,,,,,,,,,,,,,,,,none,none
sun3d-home_md-home_md_scan9_2012_sep_30,13,58,0.34160277737595834,0.5429687499999978,0.3695,1,1,,,,,,,,,,,,,,,,,,,,,,,,,,,,,,,,,none,none
sun3d-home_md-home_md_scan9_2012_sep_30,14,17,0.19675634211824009,0.2812499999999989,0.2185,1,1,,,,,,,,,,,,,,,,,,,,,,,,,,,,,,,,,none,none
sun3d-home_md-home_md_scan9_2012_sep_30,14,18,0.24765766259383049,0.5976562499999976,0.4665,1,1,,,,,,,,,,,,,,,,,,,,,,,,,,,,,,,,,none,none
sun3d-home_md-home_md_scan9_2012_sep_30,14,19,0.2234946030354501,0.49218749999999806,0.3535,1,1,,,,,,,,,,,,,,,,,,,,,,,,,,,,,,,,,none,none
sun3d-home_md-home_md_scan9_2012_sep_30,14,23,0.22519314010191221,0.0507812499999998,0.039,1,0,,,,,,,,,,,,,,,,,,,,,,,,,,,,,,,,,none,none
sun3d-home_md-home_md_scan9_2012_sep_30,14,24,0.3373513780066846,0.10546874999999958,0.035,1,0,,,,,,,,,,,,,,,,,,,,,,,,,,,,,,,,,none,none
sun3d-home_md-home_md_scan9_2012_sep_30,14,25,0.21428962796559092,0.09374999999999963,0.0335,1,1,,,,,,,,,,,,,,,,,,,,,,,,,,,,,,,,,none,none
sun3d-home_md-home_md_scan9_2012_sep_30,14,54,0.2743411319927675,0.23828124999999906,0.182,1,1,,,,,,,,,,,,,,,,,,,,,,,,,,,,,,,,,none,none
sun3d-home_md-home_md_scan9_2012_sep_30,14,55,0.32913265026573885,0.5859374999999977,0.444,1,1,,,,,,,,,,,,,,,,,,,,,,,,,,,,,,,,,none,none
sun3d-home_md-home_md_scan9_2012_sep_30,14,56,0.3099556188701989,0.5624999999999978,0.471,1,1,,,,,,,,,,,,,,,,,,,,,,,,,,,,,,,,,none,none
sun3d-home_md-home_md_scan9_2012_sep_30,14,57,0.29379212097967233,0.4765624999999981,0.348,1,1,,,,,,,,,,,,,,,,,,,,,,,,,,,,,,,,,none,none
sun3d-home_md-home_md_scan9_2012_sep_30,14,58,0.2703413511588406,0.04687499999999981,0.0515,1,0,,,,,,,,,,,,,,,,,,,,,,,,,,,,,,,,,none,none
sun3d-home_md-home_md_scan9_2012_sep_30,15,17,0.23431876606683805,0.48828124999999806,0.4055,1,1,,,,,,,,,,,,,,,,,,,,,,,,,,,,,,,,,none,none
sun3d-home_md-home_md_scan9_2012_sep_30,15,18,0.26150385604113113,0.13671874999999944,0.105,1,1,,,,,,,,,,,,,,,,,,,,,,,,,,,,,,,,,none,none
sun3d-home_md-home_md_scan9_2012_sep_30,15,19,0.24781491002570694,0.5898437499999977,0.434,1,1,,,,,,,,,,,,,,,,,,,,,,,,,,,,,,,,,none,none
sun3d-home_md-home_md_scan9_2012_sep_30,15,23,0.2466580976863753,0.007812499999999969,0.003,1,0,,,,,,,,,,,,,,,,,,,,,,,,,,,,,,,,,none,none
sun3d-home_md-home_md_scan9_2012_sep_30,15,24,0.3758354755784062,0.48046874999999806,0.404,1,1,,,,,,,,,,,,,,,,,,,,,,,,,,,,,,,,,none,none
sun3d-home_md-home_md_scan9_2012_sep_30,15,25,0.244987146529563,0.16015624999999936,0.073,1,1,,,,,,,,,,,,,,,,,,,,,,,,,,,,,,,,,none,none
sun3d-home_md-home_md_scan9_2012_sep_30,15,54,0.288560411311054,0.33984374999999867,0.2455,1,1,,,,,,,,,,,,,,,,,,,,,,,,,,,,,,,,,none,none
sun3d-home_md-home_md_scan9_2012_sep_30,15,55,0.33380462724935733,0.6249999999999976,0.5035,1,1,,,,,,,,,,,,,,,,,,,,,,,,,,,,,,,,,none,none
sun3d-home_md-home_md_scan9_2012_sep_30,15,56,0.33881748071979434,0.6835937499999972,0.4765,1,1,,,,,,,,,,,,,,,,,,,,,,,,,,,,,,,,,none,none
sun3d-home_md-home_md_scan9_2012_sep_30,15,57,0.31362467866323906,0.5937499999999977,0.453,1,1,,,,,,,,,,,,,,,,,,,,,,,,,,,,,,,,,none,none
sun3d-home_md-home_md_scan9_2012_sep_30,15,58,0.28560411311053985,0.4335937499999983,0.3565,1,1,,,,,,,,,,,,,,,,,,,,,,,,,,,,,,,,,none,none
sun3d-home_md-home_md_scan9_2012_sep_30,16,17,0.37369316800389013,0.5742187499999977,0.481,1,0,,,,,,,,,,,,,,,,,,,,,,,,,,,,,,,,,none,none
sun3d-home_md-home_md_scan9_2012_sep_30,16,19,0.33568360483021314,0.6249999999999976,0.5175,1,1,,,,,,,,,,,,,,,,,,,,,,,,,,,,,,,,,none,none
sun3d-home_md-home_md_scan9_2012_sep_30,16,20,0.1975848934273442,0.36328124999999856,0.231,1,1,,,,,,,,,,,,,,,,,,,,,,,,,,,,,,,,,none,none
sun3d-home_md-home_md_scan9_2012_sep_30,16,21,0.1688143285517465,0.007812499999999969,0.002,1,0,,,,,,,,,,,,,,,,,,,,,,,,,,,,,,,,,none,none
sun3d-home_md-home_md_scan9_2012_sep_30,16,22,0.2171975038495826,0.35546874999999856,0.2235,1,1,,,,,,,,,,,,,,,,,,,,,,,,,,,,,,,,,none,none
sun3d-home_md-home_md_scan9_2012_sep_30,16,23,0.32928114109733364,0.0,0.0,1,0,,,,,,,,,,,,,,,,,,,,,,,,,,,,,,,,,none,none
sun3d-home_md-home_md_scan9_2012_sep_30,16,25,0.22400518680606207,0.1249999999999995,0.0385,1,0,,,,,,,,,,,,,,,,,,,,,,,,,,,,,,,,,none,none
sun3d-home_md-home_md_scan9_2012_sep_30,16,54,0.41705162492908665,0.5195312499999979,0.4305,1,1,,,,,,,,,,,,,,,,,,,,,,,,,,,,,,,,,none,none
sun3d-home_md-home_md_scan9_2012_sep_30,16,58,0.41308047653780694,0.19140624999999922,0.072,1,0,,,,,,,,,,,,,,,,,,,,,,,,,,,,,,,,,none,none
sun3d-home_md-home_md_scan9_2012_sep_30,17,23,0.3021133525456292,0.07031249999999972,0.034,1,0,,,,,,,,,,,,,,,,,,,,,,,,,,,,,,,,,none,none
sun3d-home_md-home_md_scan9_2012_sep_30,17,34,0.2377521613832853,0.04687499999999981,0.034,1,0,,,,,,,,,,,,,,,,,,,,,,,,,,,,,,,,,none,none
sun3d-home_md-home_md_scan9_2012_sep_30,18,24,0.25835506044086276,0.18359374999999928,0.204,1,1,,,,,,,,,,,,,,,,,,,,,,,,,,,,,,,,,none,none
sun3d-home_md-home_md_scan9_2012_sep_30,18,59,0.487319269969187,0.21874999999999914,0.088,1,0,,,,,,,,,,,,,,,,,,,,,,,,,,,,,,,,,none,none
sun3d-home_md-home_md_scan9_2012_sep_30,19,21,0.34025006650704975,0.06249999999999975,0.026,1,0,,,,,,,,,,,,,,,,,,,,,,,,,,,,,,,,,none,none
sun3d-home_md-home_md_scan9_2012_sep_30,19,24,0.29901569566374037,0.16406249999999933,0.0865,1,1,,,,,,,,,,,,,,,,,,,,,,,,,,,,,,,,,none,none
sun3d-home_md-home_md_scan9_2012_sep_30,19,59,0.5333865389731312,0.07421874999999971,0.0225,1,0,,,,,,,,,,,,,,,,,,,,,,,,,,,,,,,,,none,none
sun3d-home_md-home_md_scan9_2012_sep_30,20,23,0.37757731958762886,0.06640624999999974,0.015,1,0,,,,,,,,,,,,,,,,,,,,,,,,,,,,,,,,,none,none
sun3d-home_md-home_md_scan9_2012_sep_30,21,23,0.3003412969283277,0.08203124999999967,0.015,1,0,,,,,,,,,,,,,,,,,,,,,,,,,,,,,,,,,none,none
sun3d-home_md-home_md_scan9_2012_sep_30,21,34,0.24183325207215992,0.015624999999999938,0.0115,1,0,,,,,,,,,,,,,,,,,,,,,,,,,,,,,,,,,none,none
sun3d-home_md-home_md_scan9_2012_sep_30,22,59,0.38332635106828655,0.08203124999999967,0.011,1,0,,,,,,,,,,,,,,,,,,,,,,,,,,,,,,,,,none,none
sun3d-home_md-home_md_scan9_2012_sep_30,23,25,0.19922380336351875,0.0,0.0,1,0,,,,,,,,,,,,,,,,,,,,,,,,,,,,,,,,,none,none
sun3d-home_md-home_md_scan9_2012_sep_30,23,59,0.43402328589909445,0.023437499999999906,0.004,1,0,,,,,,,,,,,,,,,,,,,,,,,,,,,,,,,,,none,none
sun3d-home_md-home_md_scan9_2012_sep_30,24,26,0.26119096509240247,0.0039062499999999844,0.007,1,0,,,,,,,,,,,,,,,,,,,,,,,,,,,,,,,,,none,none
sun3d-home_md-home_md_scan9_2012_sep_30,24,52,0.2190965092402464,0.0,0.0,1,0,,,,,,,,,,,,,,,,,,,,,,,,,,,,,,,,,none,none
sun3d-home_md-home_md_scan9_2012_sep_30,24,54,0.20903490759753593,0.0039062499999999844,0.001,1,0,,,,,,,,,,,,,,,,,,,,,,,,,,,,,,,,,none,none
sun3d-home_md-home_md_scan9_2012_sep_30,24,55,0.2792607802874743,0.04687499999999981,0.037,1,0,,,,,,,,,,,,,,,,,,,,,,,,,,,,,,,,,none,none
sun3d-home_md-home_md_scan9_2012_sep_30,24,56,0.31006160164271046,0.0781249999999997,0.057,1,0,,,,,,,,,,,,,,,,,,,,,,,,,,,,,,,,,none,none
sun3d-home_md-home_md_scan9_2012_sep_30,24,57,0.20903490759753593,0.03515624999999986,0.038,1,0,,,,,,,,,,,,,,,,,,,,,,,,,,,,,,,,,none,none
sun3d-home_md-home_md_scan9_2012_sep_30,25,27,0.3617965067923482,0.007812499999999969,0.0025,1,0,,,,,,,,,,,,,,,,,,,,,,,,,,,,,,,,,none,none
sun3d-home_md-home_md_scan9_2012_sep_30,25,52,0.4042140282783477,0.0,0.0,1,0,,,,,,,,,,,,,,,,,,,,,,,,,,,,,,,,,none,none
sun3d-home_md-home_md_scan9_2012_sep_30,25,54,0.28333795397837536,0.015624999999999938,0.0,1,0,,,,,,,,,,,,,,,,,,,,,,,,,,,,,,,,,none,none
sun3d-home_md-home_md_scan9_2012_sep_30,25,55,0.3728860548932631,0.0,0.002,1,0,,,,,,,,,,,,,,,,,,,,,,,,,,,,,,,,,none,none
sun3d-home_md-home_md_scan9_2012_sep_30,25,56,0.4031050734682562,0.027343749999999892,0.0105,1,0,,,,,,,,,,,,,,,,,,,,,,,,,,,,,,,,,none,none
sun3d-home_md-home_md_scan9_2012_sep_30,25,57,0.31438868866093705,0.0039062499999999844,0.002,1,0,,,,,,,,,,,,,,,,,,,,,,,,,,,,,,,,,none,none
sun3d-home_md-home_md_scan9_2012_sep_30,25,58,0.27141668976989186,0.0,0.0015,1,0,,,,,,,,,,,,,,,,,,,,,,,,,,,,,,,,,none,none
sun3d-home_md-home_md_scan9_2012_sep_30,25,59,0.2772387025228722,0.007812499999999969,0.0005,1,0,,,,,,,,,,,,,,,,,,,,,,,,,,,,,,,,,none,none
sun3d-home_md-home_md_scan9_2012_sep_30,26,42,0.2630245001408054,0.4335937499999983,0.452,1,0,,,,,,,,,,,,,,,,,,,,,,,,,,,,,,,,,none,none
sun3d-home_md-home_md_scan9_2012_sep_30,26,43,0.2343940673988548,0.3437499999999986,0.2225,1,0,,,,,,,,,,,,,,,,,,,,,,,,,,,,,,,,,none,none
sun3d-home_md-home_md_scan9_2012_sep_30,26,59,0.3032009762508214,0.0,0.0,1,0,,,,,,,,,,,,,,,,,,,,,,,,,,,,,,,,,none,none
sun3d-home_md-home_md_scan9_2012_sep_30,27,29,0.17531071862442762,0.32812499999999867,0.2325,1,0,,,,,,,,,,,,,,,,,,,,,,,,,,,,,,,,,none,none
sun3d-home_md-home_md_scan9_2012_sep_30,27,42,0.4092140921409214,0.503906249999998,0.4255,1,1,,,,,,,,,,,,,,,,,,,,,,,,,,,,,,,,,none,none
sun3d-home_md-home_md_scan9_2012_sep_30,27,43,0.30118680497149797,0.38281249999999845,0.2805,1,0,,,,,,,,,,,,,,,,,,,,,,,,,,,,,,,,,none,none
sun3d-home_md-home_md_scan9_2012_sep_30,27,59,0.32819362676385383,0.007812499999999969,0.0005,1,0,,,,,,,,,,,,,,,,,,,,,,,,,,,,,,,,,none,none
sun3d-home_md-home_md_scan9_2012_sep_30,28,42,0.4160453638559278,0.4765624999999981,0.393,1,0,,,,,,,,,,,,,,,,,,,,,,,,,,,,,,,,,none,none
sun3d-home_md-home_md_scan9_2012_sep_30,28,43,0.2874094298015331,0.3085937499999988,0.254,1,0,,,,,,,,,,,,,,,,,,,,,,,,,,,,,,,,,none,none
sun3d-home_md-home_md_scan9_2012_sep_30,28,44,0.13346634463929433,0.20703124999999917,0.0985,1,0,,,,,,,,,,,,,,,,,,,,,,,,,,,,,,,,,none,none
sun3d-home_md-home_md_scan9_2012_sep_30,28,59,0.3805523469494907,0.011718749999999953,0.0025,1,0,,,,,,,,,,,,,,,,,,,,,,,,,,,,,,,,,none,none
sun3d-home_md-home_md_scan9_2012_sep_30,29,39,0.15764283577624888,0.0,0.0,1,0,,,,,,,,,,,,,,,,,,,,,,,,,,,,,,,,,none,none
sun3d-home_md-home_md_scan9_2012_sep_30,29,44,0.13819922225545916,0.042968749999999827,0.0205,1,0,,,,,,,,,,,,,,,,,,,,,,,,,,,,,,,,,none,none
sun3d-home_md-home_md_scan9_2012_sep_30,29,51,0.334430152557583,0.19140624999999922,0.249,1,1,,,,,,,,,,,,,,,,,,,,,,,,,,,,,,,,,none,none
sun3d-home_md-home_md_scan9_2012_sep_30,30,31,0.24885359579465385,0.32812499999999867,0.1935,1,0,,,,,,,,,,,,,,,,,,,,,,,,,,,,,,,,,none,none
sun3d-home_md-home_md_scan9_2012_sep_30,30,38,0.34515154904373113,0.24609374999999903,0.1025,1,1,,,,,,,,,,,,,,,,,,,,,,,,,,,,,,,,,none,none
sun3d-home_md-home_md_scan9_2012_sep_30,30,39,0.5091153114864109,0.4296874999999983,0.238,1,0,,,,,,,,,,,,,,,,,,,,,,,,,,,,,,,,,none,none
sun3d-home_md-home_md_scan9_2012_sep_30,30,40,0.5163851918129964,0.3710937499999985,0.1825,1,0,,,,,,,,,,,,,,,,,,,,,,,,,,,,,,,,,none,none
sun3d-home_md-home_md_scan9_2012_sep_30,30,41,0.5129180181187787,0.16796874999999933,0.1375,1,0,,,,,,,,,,,,,,,,,,,,,,,,,,,,,,,,,none,none
sun3d-home_md-home_md_scan9_2012_sep_30,30,42,0.48562800581590426,0.503906249999998,0.3305,1,0,,,,,,,,,,,,,,,,,,,,,,,,,,,,,,,,,none,none
sun3d-home_md-home_md_scan9_2012_sep_30,30,43,0.35130298624314954,0.10546874999999958,0.054,1,0,,,,,,,,,,,,,,,,,,,,,,,,,,,,,,,,,none,none
sun3d-home_md-home_md_scan9_2012_sep_30,30,45,0.4831674309361369,0.4257812499999983,0.299,1,0,,,,,,,,,,,,,,,,,,,,,,,,,,,,,,,,,none,none
sun3d-home_md-home_md_scan9_2012_sep_30,30,46,0.5158259702494128,0.39453124999999845,0.229,1,0,,,,,,,,,,,,,,,,,,,,,,,,,,,,,,,,,none,none
sun3d-home_md-home_md_scan9_2012_sep_30,30,47,0.5172799463147298,0.19140624999999922,0.185,1,0,,,,,,,,,,,,,,,,,,,,,,,,,,,,,,,,,none,none
sun3d-home_md-home_md_scan9_2012_sep_30,30,48,0.3734481601610558,0.21874999999999914,0.148,1,1,,,,,,,,,,,,,,,,,,,,,,,,,,,,,,,,,none,none
sun3d-home_md-home_md_scan9_2012_sep_30,30,49,0.5179510121910301,0.24609374999999903,0.1925,1,1,,,,,,,,,,,,,,,,,,,,,,,,,,,,,,,,,none,none
sun3d-home_md-home_md_scan9_2012_sep_30,30,50,0.34347388435298065,0.41796874999999833,0.3575,1,0,,,,,,,,,,,,,,,,,,,,,,,,,,,,,,,,,none,none
sun3d-home_md-home_md_scan9_2012_sep_30,31,33,0.19783917817924193,0.08203124999999967,0.0005,1,0,,,,,,,,,,,,,,,,,,,,,,,,,,,,,,,,,none,none
sun3d-home_md-home_md_scan9_2012_sep_30,31,35,0.2477860432164364,0.07031249999999972,0.0025,1,0,,,,,,,,,,,,,,,,,,,,,,,,,,,,,,,,,none,none
sun3d-home_md-home_md_scan9_2012_sep_30,31,36,0.26461211477151964,0.10546874999999958,0.0005,1,0,,,,,,,,,,,,,,,,,,,,,,,,,,,,,,,,,none,none
sun3d-home_md-home_md_scan9_2012_sep_30,31,37,0.1967764789231314,0.011718749999999953,0.0,1,0,,,,,,,,,,,,,,,,,,,,,,,,,,,,,,,,,none,none
sun3d-home_md-home_md_scan9_2012_sep_30,32,37,0.2549179719397224,0.019531249999999924,0.0025,1,0,,,,,,,,,,,,,,,,,,,,,,,,,,,,,,,,,none,none
sun3d-home_md-home_md_scan9_2012_sep_30,33,37,0.1908713692946058,0.027343749999999892,0.002,1,0,,,,,,,,,,,,,,,,,,,,,,,,,,,,,,,,,none,none
sun3d-home_md-home_md_scan9_2012_sep_30,34,36,0.18452024735687214,0.015624999999999938,0.0165,1,0,,,,,,,,,,,,,,,,,,,,,,,,,,,,,,,,,none,none
sun3d-home_md-home_md_scan9_2012_sep_30,34,58,0.15459804508278477,0.0,0.0,1,0,,,,,,,,,,,,,,,,,,,,,,,,,,,,,,,,,none,none
sun3d-home_md-home_md_scan9_2012_sep_30,37,39,0.14300892477688057,0.23437499999999906,0.204,1,0,,,,,,,,,,,,,,,,,,,,,,,,,,,,,,,,,none,none
sun3d-home_md-home_md_scan9_2012_sep_30,37,40,0.17307692307692307,0.3164062499999987,0.3045,1,1,,,,,,,,,,,,,,,,,,,,,,,,,,,,,,,,,none,none
sun3d-home_md-home_md_scan9_2012_sep_30,37,46,0.189864003399915,0.13281249999999947,0.144,1,0,,,,,,,,,,,,,,,,,,,,,,,,,,,,,,,,,none,none
sun3d-home_md-home_md_scan9_2012_sep_30,38,45,0.4822013540074252,0.742187499999997,0.629,1,1,,,,,,,,,,,,,,,,,,,,,,,,,,,,,,,,,none,none
sun3d-home_md-home_md_scan9_2012_sep_30,38,48,0.27307272330203103,0.7695312499999969,0.668,1,1,,,,,,,,,,,,,,,,,,,,,,,,,,,,,,,,,none,none
sun3d-home_md-home_md_scan9_2012_sep_30,38,49,0.3492465603843634,0.8710937499999966,0.7325,1,1,,,,,,,,,,,,,,,,,,,,,,,,,,,,,,,,,none,none
sun3d-home_md-home_md_scan9_2012_sep_30,39,42,0.25738993710691827,0.7734374999999969,0.655,1,1,,,,,,,,,,,,,,,,,,,,,,,,,,,,,,,,,none,none
sun3d-home_md-home_md_scan9_2012_sep_30,39,43,0.16717767295597485,0.5273437499999979,0.4055,1,1,,,,,,,,,,,,,,,,,,,,,,,,,,,,,,,,,none,none
sun3d-home_md-home_md_scan9_2012_sep_30,39,44,0.139937106918239,0.32812499999999867,0.1665,1,0,,,,,,,,,,,,,,,,,,,,,,,,,,,,,,,,,none,none
sun3d-home_md-home_md_scan9_2012_sep_30,39,48,0.30683962264150944,0.8515624999999966,0.769,1,1,,,,,,,,,,,,,,,,,,,,,,,,,,,,,,,,,none,none
sun3d-home_md-home_md_scan9_2012_sep_30,39,49,0.37786949685534593,0.8710937499999966,0.787,1,1,,,,,,,,,,,,,,,,,,,,,,,,,,,,,,,,,none,none
sun3d-home_md-home_md_scan9_2012_sep_30,40,42,0.2396823791219907,0.6249999999999976,0.575,1,1,,,,,,,,,,,,,,,,,,,,,,,,,,,,,,,,,none,none
sun3d-home_md-home_md_scan9_2012_sep_30,40,43,0.1447501517297188,0.39453124999999845,0.264,1,1,,,,,,,,,,,,,,,,,,,,,,,,,,,,,,,,,none,none
sun3d-home_md-home_md_scan9_2012_sep_30,40,48,0.3460449119967631,0.8632812499999966,0.7395,1,1,,,,,,,,,,,,,,,,,,,,,,,,,,,,,,,,,none,none
sun3d-home_md-home_md_scan9_2012_sep_30,41,43,0.24398531265413492,0.6328124999999974,0.525,1,1,,,,,,,,,,,,,,,,,,,,,,,,,,,,,,,,,none,none
sun3d-home_md-home_md_scan9_2012_sep_30,41,50,0.38800898777881293,0.7070312499999972,0.472,1,1,,,,,,,,,,,,,,,,,,,,,,,,,,,,,,,,,none,none
sun3d-home_md-home_md_scan9_2012_sep_30,42,45,0.3241536390930738,0.5937499999999977,0.5265,1,1,,,,,,,,,,,,,,,,,,,,,,,,,,,,,,,,,none,none
sun3d-home_md-home_md_scan9_2012_sep_30,42,46,0.29526866135210683,0.761718749999997,0.6755,1,1,,,,,,,,,,,,,,,,,,,,,,,,,,,,,,,,,none,none
sun3d-home_md-home_md_scan9_2012_sep_30,42,47,0.382907133243607,0.8359374999999967,0.73,1,1,,,,,,,,,,,,,,,,,,,,,,,,,,,,,,,,,none,none
sun3d-home_md-home_md_scan9_2012_sep_30,43,44,0.45995257806534584,0.4335937499999983,0.35,1,0,,,,,,,,,,,,,,,,,,,,,,,,,,,,,,,,,none,none
sun3d-home_md-home_md_scan9_2012_sep_30,43,45,0.41755415343809027,0.6757812499999973,0.592,1,1,,,,,,,,,,,,,,,,,,,,,,,,,,,,,,,,,none,none
sun3d-home_md-home_md_scan9_2012_sep_30,43,47,0.16935257002772977,0.5898437499999977,0.527,1,1,,,,,,,,,,,,,,,,,,,,,,,,,,,,,,,,,none,none
sun3d-home_md-home_md_scan9_2012_sep_30,43,48,0.1471687497488245,0.42187499999999833,0.2825,1,1,,,,,,,,,,,,,,,,,,,,,,,,,,,,,,,,,none,none
sun3d-home_md-home_md_scan9_2012_sep_30,43,49,0.154603544588675,0.5937499999999977,0.4595,1,1,,,,,,,,,,,,,,,,,,,,,,,,,,,,,,,,,none,none
sun3d-home_md-home_md_scan9_2012_sep_30,43,50,0.3642245709922437,0.7187499999999971,0.4905,1,1,,,,,,,,,,,,,,,,,,,,,,,,,,,,,,,,,none,none
sun3d-home_md-home_md_scan9_2012_sep_30,43,51,0.2510147490254391,0.5585937499999978,0.377,1,0,,,,,,,,,,,,,,,,,,,,,,,,,,,,,,,,,none,none
sun3d-home_md-home_md_scan9_2012_sep_30,45,48,0.21774352894684845,0.7890624999999969,0.6655,1,1,,,,,,,,,,,,,,,,,,,,,,,,,,,,,,,,,none,none
sun3d-home_md-home_md_scan9_2012_sep_30,45,49,0.2913785154449055,0.8359374999999967,0.7615,1,1,,,,,,,,,,,,,,,,,,,,,,,,,,,,,,,,,none,none
sun3d-home_md-home_md_scan9_2012_sep_30,45,50,0.1612988210498584,0.5234374999999979,0.3875,1,1,,,,,,,,,,,,,,,,,,,,,,,,,,,,,,,,,none,none
sun3d-home_md-home_md_scan9_2012_sep_30,46,48,0.2756381549484998,0.8710937499999966,0.7825,1,1,,,,,,,,,,,,,,,,,,,,,,,,,,,,,,,,,none,none
sun3d-home_md-home_md_scan9_2012_sep_30,46,49,0.3443797581728616,0.9062499999999963,0.8005,1,1,,,,,,,,,,,,,,,,,,,,,,,,,,,,,,,,,none,none
sun3d-home_md-home_md_scan9_2012_sep_30,47,50,0.36161156783861,0.6718749999999973,0.5355,1,1,,,,,,,,,,,,,,,,,,,,,,,,,,,,,,,,,none,none
sun3d-home_md-home_md_scan9_2012_sep_30,48,51,0.19875500222321033,0.0,0.0,1,0,,,,,,,,,,,,,,,,,,,,,,,,,,,,,,,,,none,none
sun3d-home_md-home_md_scan9_2012_sep_30,50,59,0.22022349414009268,0.5234374999999979,0.3785,1,1,,,,,,,,,,,,,,,,,,,,,,,,,,,,,,,,,none,none
sun3d-home_md-home_md_scan9_2012_sep_30,51,53,0.14354777312523792,0.2773437499999989,0.173,1,1,,,,,,,,,,,,,,,,,,,,,,,,,,,,,,,,,none,none
sun3d-home_md-home_md_scan9_2012_sep_30,52,53,0.3416672776596525,0.7031249999999972,0.536,1,0,,,,,,,,,,,,,,,,,,,,,,,,,,,,,,,,,none,none
sun3d-home_md-home_md_scan9_2012_sep_30,52,54,0.35662438595204926,0.6210937499999976,0.5055,1,1,,,,,,,,,,,,,,,,,,,,,,,,,,,,,,,,,none,none
sun3d-home_md-home_md_scan9_2012_sep_30,52,55,0.23894713688686853,0.4726562499999981,0.4035,1,1,,,,,,,,,,,,,,,,,,,,,,,,,,,,,,,,,none,none
sun3d-home_md-home_md_scan9_2012_sep_30,52,56,0.17889874624239313,0.3242187499999987,0.2705,1,1,,,,,,,,,,,,,,,,,,,,,,,,,,,,,,,,,none,none
sun3d-home_md-home_md_scan9_2012_sep_30,52,57,0.293203314025955,0.41796874999999833,0.3805,1,1,,,,,,,,,,,,,,,,,,,,,,,,,,,,,,,,,none,none
sun3d-home_md-home_md_scan9_2012_sep_30,52,58,0.3852921768458098,0.4062499999999984,0.3365,1,1,,,,,,,,,,,,,,,,,,,,,,,,,,,,,,,,,none,none
sun3d-home_md-home_md_scan9_2012_sep_30,53,57,0.29465422146796777,0.03906249999999985,0.036,1,0,,,,,,,,,,,,,,,,,,,,,,,,,,,,,,,,,none,none
sun3d-home_md-home_md_scan9_2012_sep_30,56,59,0.433758059564016,0.12109374999999951,0.037,1,0,,,,,,,,,,,,,,,,,,,,,,,,,,,,,,,,,none,none
sun3d-hotel_uc-scan3,0,4,0.28031295236782244,0.6562499999999973,0.436,1,1,,,,,,,,,,,,,,,,,,,,,,,,,,,,,,,,,none,none
sun3d-hotel_uc-scan3,0,9,0.3983938788171228,0.8906249999999964,0.7125,1,1,,,,,,,,,,,,,,,,,,,,,,,,,,,,,,,,,none,none
sun3d-hotel_uc-scan3,0,11,0.2970634865926794,0.8242187499999967,0.607,1,1,,,,,,,,,,,,,,,,,,,,,,,,,,,,,,,,,none,none
sun3d-hotel_uc-scan3,0,18,0.3878127800372234,0.7187499999999971,0.535,1,1,,,,,,,,,,,,,,,,,,,,,,,,,,,,,,,,,none,none
sun3d-hotel_uc-scan3,0,20,0.3932239608464879,0.7031249999999972,0.4845,1,1,,,,,,,,,,,,,,,,,,,,,,,,,,,,,,,,,none,none
sun3d-hotel_uc-scan3,0,34,0.22465016888398703,0.6757812499999973,0.403,1,1,,,,,,,,,,,,,,,,,,,,,,,,,,,,,,,,,none,none
sun3d-hotel_uc-scan3,0,43,0.3561384159371338,0.8984374999999964,0.71,1,1,,,,,,,,,,,,,,,,,,,,,,,,,,,,,,,,,none,none
sun3d-hotel_uc-scan3,0,46,0.30233680292272697,0.8320312499999967,0.62,1,1,,,,,,,,,,,,,,,,,,,,,,,,,,,,,,,,,none,none
sun3d-hotel_uc-scan3,0,53,0.21734335148548975,0.6367187499999974,0.385,1,1,,,,,,,,,,,,,,,,,,,,,,,,,,,,,,,,,none,none
sun3d-hotel_uc-scan3,1,9,0.3374533582089552,0.8476562499999966,0.6665,1,1,,,,,,,,,,,,,,,,,,,,,,,,,,,,,,,,,none,none
sun3d-hotel_uc-scan3,1,11,0.3365205223880597,0.9492187499999962,0.699,1,1,,,,,,,,,,,,,,,,,,,,,,,,,,,,,,,,,none,none
sun3d-hotel_uc-scan3,1,18,0.32932436034115137,0.5585937499999978,0.387,1,1,,,,,,,,,,,,,,,,,,,,,,,,,,,,,,,,,none,none
sun3d-hotel_uc-scan3,1,20,0.3341884328358209,0.39453124999999845,0.355,1,1,,,,,,,,,,,,,,,,,,,,,,,,,,,,,,,,,none,none
sun3d-hotel_uc-scan3,1,34,0.29694163113006394,0.6406249999999974,0.407,1,1,,,,,,,,,,,,,,,,,,,,,,,,,,,,,,,,,none,none
sun3d-hotel_uc-scan3,1,36,0.41354610874200426,0.8906249999999964,0.7475,1,1,,,,,,,,,,,,,,,,,,,,,,,,,,,,,,,,,none,none
sun3d-hotel_uc-scan3,1,43,0.390658315565032,0.6484374999999974,0.426,1,1,,,,,,,,,,,,,,,,,,,,,,,,,,,,,,,,,none,none
sun3d-hotel_uc-scan3,1,46,0.35111273987206826,0.8085937499999968,0.596,1,1,,,,,,,,,,,,,,,,,,,,,,,,,,,,,,,,,none,none
sun3d-hotel_uc-scan3,1,53,0.2710887526652452,0.8710937499999966,0.579,1,1,,,,,,,,,,,,,,,,,,,,,,,,,,,,,,,,,none,none
sun3d-hotel_uc-scan3,2,18,0.3479434100458733,0.738281249999997,0.445,1,1,,,,,,,,,,,,,,,,,,,,,,,,,,,,,,,,,none,none
sun3d-hotel_uc-scan3,2,19,0.3474422728499287,0.746093749999997,0.502,1,1,,,,,,,,,,,,,,,,,,,,,,,,,,,,,,,,,none,none
sun3d-hotel_uc-scan3,2,20,0.21745499402490268,0.35546874999999856,0.2225,1,1,,,,,,,,,,,,,,,,,,,,,,,,,,,,,,,,,none,none
sun3d-hotel_uc-scan3,2,21,0.17046374465132416,0.5390624999999979,0.2385,1,1,,,,,,,,,,,,,,,,,,,,,,,,,,,,,,,,,none,none
sun3d-hotel_uc-scan3,2,36,0.24012181488762963,0.7187499999999971,0.5475,1,1,,,,,,,,,,,,,,,,,,,,,,,,,,,,,,,,,none,none
sun3d-hotel_uc-scan3,2,43,0.39138815003276667,0.8476562499999966,0.639,1,1,,,,,,,,,,,,,,,,,,,,,,,,,,,,,,,,,none,none
sun3d-hotel_uc-scan3,2,47,0.18125746887167032,0.5156249999999979,0.2535,1,0,,,,,,,,,,,,,,,,,,,,,,,,,,,,,,,,,none,none
sun3d-hotel_uc-scan3,3,11,0.3776217079010375,0.9023437499999964,0.6855,1,1,,,,,,,,,,,,,,,,,,,,,,,,,,,,,,,,,none,none
sun3d-hotel_uc-scan3,3,18,0.3208619313647247,0.746093749999997,0.5265,1,1,,,,,,,,,,,,,,,,,,,,,,,,,,,,,,,,,none,none
sun3d-hotel_uc-scan3,3,20,0.23754189944134077,0.28906249999999883,0.2435,1,1,,,,,,,,,,,,,,,,,,,,,,,,,,,,,,,,,none,none
sun3d-hotel_uc-scan3,3,34,0.3035275339185954,0.7187499999999971,0.454,1,1,,,,,,,,,,,,,,,,,,,,,,,,,,,,,,,,,none,none
sun3d-hotel_uc-scan3,3,36,0.2765522745411014,0.8632812499999966,0.72,1,1,,,,,,,,,,,,,,,,,,,,,,,,,,,,,,,,,none,none
sun3d-hotel_uc-scan3,3,43,0.25193934557063047,0.7187499999999971,0.471,1,1,,,,,,,,,,,,,,,,,,,,,,,,,,,,,,,,,none,none
sun3d-hotel_uc-scan3,3,44,0.4013727055067837,0.8789062499999964,0.695,1,1,,,,,,,,,,,,,,,,,,,,,,,,,,,,,,,,,none,none
sun3d-hotel_uc-scan3,3,46,0.3458579409417398,0.8124999999999968,0.5615,1,1,,,,,,,,,,,,,,,,,,,,,,,,,,,,,,,,,none,none
sun3d-hotel_uc-scan3,3,53,0.2493854748603352,0.7343749999999971,0.447,1,1,,,,,,,,,,,,,,,,,,,,,,,,,,,,,,,,,none,none
sun3d-hotel_uc-scan3,4,7,0.2774207967815835,0.7031249999999972,0.468,1,1,,,,,,,,,,,,,,,,,,,,,,,,,,,,,,,,,none,none
sun3d-hotel_uc-scan3,4,8,0.3063083198301391,0.17968749999999928,0.1635,1,1,,,,,,,,,,,,,,,,,,,,,,,,,,,,,,,,,none,none
sun3d-hotel_uc-scan3,4,10,0.4980723026205509,0.8828124999999964,0.644,1,1,,,,,,,,,,,,,,,,,,,,,,,,,,,,,,,,,none,none
sun3d-hotel_uc-scan3,4,19,0.4654970106721797,0.6757812499999973,0.459,1,1,,,,,,,,,,,,,,,,,,,,,,,,,,,,,,,,,none,none
sun3d-hotel_uc-scan3,4,38,0.2542884282281947,0.4453124999999982,0.2665,1,1,,,,,,,,,,,,,,,,,,,,,,,,,,,,,,,,,none,none
sun3d-hotel_uc-scan3,4,39,0.28183494440409007,0.19531249999999922,0.1225,1,1,,,,,,,,,,,,,,,,,,,,,,,,,,,,,,,,,none,none
sun3d-hotel_uc-scan3,4,40,0.20534167737609654,0.3984374999999984,0.2455,1,1,,,,,,,,,,,,,,,,,,,,,,,,,,,,,,,,,none,none
sun3d-hotel_uc-scan3,4,41,0.20372129407163211,0.4765624999999981,0.3575,1,1,,,,,,,,,,,,,,,,,,,,,,,,,,,,,,,,,none,none
sun3d-hotel_uc-scan3,4,43,0.16365871375090799,0.25781249999999895,0.224,1,1,,,,,,,,,,,,,,,,,,,,,,,,,,,,,,,,,none,none
sun3d-hotel_uc-scan3,4,44,0.25674694082807176,0.21484374999999914,0.1565,1,0,,,,,,,,,,,,,,,,,,,,,,,,,,,,,,,,,none,none
sun3d-hotel_uc-scan3,4,45,0.26741912052299266,0.33984374999999867,0.263,1,1,,,,,,,,,,,,,,,,,,,,,,,,,,,,,,,,,none,none
sun3d-hotel_uc-scan3,5,36,0.3204251523710421,0.3124999999999988,0.161,1,0,,,,,,,,,,,,,,,,,,,,,,,,,,,,,,,,,none,none
sun3d-hotel_uc-scan3,5,42,0.18745354541400328,0.16796874999999933,0.1455,1,1,,,,,,,,,,,,,,,,,,,,,,,,,,,,,,,,,none,none
sun3d-hotel_uc-scan3,5,43,0.1780883008770626,0.35546874999999856,0.254,1,1,,,,,,,,,,,,,,,,,,,,,,,,,,,,,,,,,none,none
sun3d-hotel_uc-scan3,5,44,0.18068975769287945,0.16406249999999933,0.1115,1,0,,,,,,,,,,,,,,,,,,,,,,,,,,,,,,,,,none,none
sun3d-hotel_uc-scan3,6,36,0.32493955298696703,0.06249999999999975,0.061,1,0,,,,,,,,,,,,,,,,,,,,,,,,,,,,,,,,,none,none
sun3d-hotel_uc-scan3,6,42,0.24485463230524268,0.6249999999999976,0.5435,1,1,,,,,,,,,,,,,,,,,,,,,,,,,,,,,,,,,none,none
sun3d-hotel_uc-scan3,6,43,0.23217550274223034,0.3515624999999986,0.176,1,1,,,,,,,,,,,,,,,,,,,,,,,,,,,,,,,,,none,none
sun3d-hotel_uc-scan3,6,44,0.204458335790529,0.1757812499999993,0.1365,1,1,,,,,,,,,,,,,,,,,,,,,,,,,,,,,,,,,none,none
sun3d-hotel_uc-scan3,7,36,0.2441233676021117,0.0,0.0,1,0,,,,,,,,,,,,,,,,,,,,,,,,,,,,,,,,,none,none
sun3d-hotel_uc-scan3,7,42,0.2964712420116699,0.6523437499999974,0.561,1,1,,,,,,,,,,,,,,,,,,,,,,,,,,,,,,,,,none,none
sun3d-hotel_uc-scan3,7,43,0.17627118644067796,0.2031249999999992,0.166,1,1,,,,,,,,,,,,,,,,,,,,,,,,,,,,,,,,,none,none
sun3d-hotel_uc-scan3,8,10,0.21569305219495333,0.5195312499999979,0.385,1,1,,,,,,,,,,,,,,,,,,,,,,,,,,,,,,,,,none,none
sun3d-hotel_uc-scan3,8,18,0.19681991012789493,0.1015624999999996,0.048,1,0,,,,,,,,,,,,,,,,,,,,,,,,,,,,,,,,,none,none
sun3d-hotel_uc-scan3,8,20,0.21168337366055998,0.14453124999999942,0.0745,1,1,,,,,,,,,,,,,,,,,,,,,,,,,,,,,,,,,none,none
sun3d-hotel_uc-scan3,8,36,0.4138956100933287,0.3476562499999986,0.126,1,1,,,,,,,,,,,,,,,,,,,,,,,,,,,,,,,,,none,none
sun3d-hotel_uc-scan3,8,43,0.3152436916695472,0.36328124999999856,0.295,1,1,,,,,,,,,,,,,,,,,,,,,,,,,,,,,,,,,none,none
sun3d-hotel_uc-scan3,8,44,0.2476322156930522,0.13671874999999944,0.0755,1,1,,,,,,,,,,,,,,,,,,,,,,,,,,,,,,,,,none,none
sun3d-hotel_uc-scan3,9,18,0.3080320768472061,0.5664062499999978,0.3135,1,1,,,,,,,,,,,,,,,,,,,,,,,,,,,,,,,,,none,none
sun3d-hotel_uc-scan3,9,19,0.32934516917535056,0.6914062499999972,0.445,1,1,,,,,,,,,,,,,,,,,,,,,,,,,,,,,,,,,none,none
sun3d-hotel_uc-scan3,9,20,0.41841416870363224,0.6015624999999976,0.412,1,1,,,,,,,,,,,,,,,,,,,,,,,,,,,,,,,,,none,none
sun3d-hotel_uc-scan3,9,37,0.3115914061494918,0.7851562499999969,0.5845,1,1,,,,,,,,,,,,,,,,,,,,,,,,,,,,,,,,,none,none
sun3d-hotel_uc-scan3,9,38,0.2341867146961705,0.7695312499999969,0.588,1,1,,,,,,,,,,,,,,,,,,,,,,,,,,,,,,,,,none,none
sun3d-hotel_uc-scan3,9,39,0.2938805266092028,0.738281249999997,0.551,1,1,,,,,,,,,,,,,,,,,,,,,,,,,,,,,,,,,none,none
sun3d-hotel_uc-scan3,9,40,0.22693940563489,0.7265624999999971,0.586,1,1,,,,,,,,,,,,,,,,,,,,,,,,,,,,,,,,,none,none
sun3d-hotel_uc-scan3,9,41,0.23260002573009134,0.7929687499999968,0.6125,1,1,,,,,,,,,,,,,,,,,,,,,,,,,,,,,,,,,none,none
sun3d-hotel_uc-scan3,9,42,0.28659033406235257,0.6640624999999973,0.529,1,1,,,,,,,,,,,,,,,,,,,,,,,,,,,,,,,,,none,none
sun3d-hotel_uc-scan3,10,11,0.2250811788400674,0.5976562499999976,0.46,1,0,,,,,,,,,,,,,,,,,,,,,,,,,,,,,,,,,none,none
sun3d-hotel_uc-scan3,10,34,0.23613794237329935,0.507812499999998,0.3855,1,1,,,,,,,,,,,,,,,,,,,,,,,,,,,,,,,,,none,none
sun3d-hotel_uc-scan3,10,46,0.2368366969460315,0.6914062499999972,0.5495,1,1,,,,,,,,,,,,,,,,,,,,,,,,,,,,,,,,,none,none
sun3d-hotel_uc-scan3,10,53,0.16996177401455054,0.6757812499999973,0.519,1,1,,,,,,,,,,,,,,,,,,,,,,,,,,,,,,,,,none,none
sun3d-hotel_uc-scan3,11,18,0.24248789843821353,0.6249999999999976,0.425,1,1,,,,,,,,,,,,,,,,,,,,,,,,,,,,,,,,,none,none
sun3d-hotel_uc-scan3,11,19,0.1621152616677322,0.46093749999999817,0.326,1,1,,,,,,,,,,,,,,,,,,,,,,,,,,,,,,,,,none,none
sun3d-hotel_uc-scan3,11,20,0.16261759064754772,0.511718749999998,0.3395,1,1,,,,,,,,,,,,,,,,,,,,,,,,,,,,,,,,,none,none
sun3d-hotel_uc-scan3,11,21,0.1825737510274911,0.5820312499999977,0.338,1,1,,,,,,,,,,,,,,,,,,,,,,,,,,,,,,,,,none,none
sun3d-hotel_uc-scan3,11,33,0.2685176728468353,0.1757812499999993,0.1185,1,0,,,,,,,,,,,,,,,,,,,,,,,,,,,,,,,,,none,none
sun3d-hotel_uc-scan3,11,43,0.16631655858982555,0.3789062499999985,0.243,1,1,,,,,,,,,,,,,,,,,,,,,,,,,,,,,,,,,none,none
sun3d-hotel_uc-scan3,11,44,0.19864827838158736,0.5195312499999979,0.3755,1,1,,,,,,,,,,,,,,,,,,,,,,,,,,,,,,,,,none,none
sun3d-hotel_uc-scan3,11,45,0.34021371814777607,0.7773437499999969,0.533,1,1,,,,,,,,,,,,,,,,,,,,,,,,,,,,,,,,,none,none
sun3d-hotel_uc-scan3,11,52,0.20252991140743448,0.6484374999999974,0.406,1,1,,,,,,,,,,,,,,,,,,,,,,,,,,,,,,,,,none,none
sun3d-hotel_uc-scan3,12,22,0.14332653523680036,0.03515624999999986,0.0245,1,0,,,,,,,,,,,,,,,,,,,,,,,,,,,,,,,,,none,none
sun3d-hotel_uc-scan3,12,25,0.22037162927713574,0.1718749999999993,0.126,1,1,,,,,,,,,,,,,,,,,,,,,,,,,,,,,,,,,none,none
sun3d-hotel_uc-scan3,12,30,0.23787672784953545,0.29296874999999883,0.096,1,1,,,,,,,,,,,,,,,,,,,,,,,,,,,,,,,,,none,none
sun3d-hotel_uc-scan3,12,34,0.38958758214366646,0.5546874999999978,0.32,1,1,,,,,,,,,,,,,,,,,,,,,,,,,,,,,,,,,none,none
sun3d-hotel_uc-scan3,12,46,0.2858599592114208,0.3007812499999988,0.16,1,1,,,,,,,,,,,,,,,,,,,,,,,,,,,,,,,,,none,none
sun3d-hotel_uc-scan3,13,15,0.42227967097532315,0.8476562499999966,0.72,1,1,,,,,,,,,,,,,,,,,,,,,,,,,,,,,,,,,none,none
sun3d-hotel_uc-scan3,13,16,0.2937250293772033,0.8007812499999968,0.6725,1,1,,,,,,,,,,,,,,,,,,,,,,,,,,,,,,,,,none,none
sun3d-hotel_uc-scan3,13,23,0.16225616921269095,0.45312499999999817,0.381,1,1,,,,,,,,,,,,,,,,,,,,,,,,,,,,,,,,,none,none
sun3d-hotel_uc-scan3,13,27,0.2852173913043478,0.249999999999999,0.1645,1,0,,,,,,,,,,,,,,,,,,,,,,,,,,,,,,,,,none,none
sun3d-hotel_uc-scan3,13,30,0.18387779083431258,0.4414062499999982,0.2585,1,1,,,,,,,,,,,,,,,,,,,,,,,,,,,,,,,,,none,none
sun3d-hotel_uc-scan3,13,31,0.2289541715628672,0.5781249999999977,0.471,1,1,,,,,,,,,,,,,,,,,,,,,,,,,,,,,,,,,none,none
sun3d-hotel_uc-scan3,13,33,0.36559341950646296,0.7890624999999969,0.631,1,1,,,,,,,,,,,,,,,,,,,,,,,,,,,,,,,,,none,none
sun3d-hotel_uc-scan3,13,47,0.31017626321974145,0.8046874999999968,0.6175,1,0,,,,,,,,,,,,,,,,,,,,,,,,,,,,,,,,,none,none
sun3d-hotel_uc-scan3,13,51,0.3458049353701528,0.7148437499999971,0.593,1,1,,,,,,,,,,,,,,,,,,,,,,,,,,,,,,,,,none,none
sun3d-hotel_uc-scan3,14,22,0.16789925347101095,0.6406249999999974,0.4235,1,0,,,,,,,,,,,,,,,,,,,,,,,,,,,,,,,,,none,none
sun3d-hotel_uc-scan3,14,27,0.30084420567920184,0.9062499999999963,0.7275,1,1,,,,,,,,,,,,,,,,,,,,,,,,,,,,,,,,,none,none
sun3d-hotel_uc-scan3,14,28,0.20264424754064048,0.7070312499999972,0.578,1,1,,,,,,,,,,,,,,,,,,,,,,,,,,,,,,,,,none,none
sun3d-hotel_uc-scan3,14,48,0.3165422451684923,0.8632812499999966,0.703,1,1,,,,,,,,,,,,,,,,,,,,,,,,,,,,,,,,,none,none
sun3d-hotel_uc-scan3,14,50,0.3845670829554176,0.7773437499999969,0.4895,1,1,,,,,,,,,,,,,,,,,,,,,,,,,,,,,,,,,none,none
sun3d-hotel_uc-scan3,14,52,0.20309774645922,0.6796874999999973,0.587,1,1,,,,,,,,,,,,,,,,,,,,,,,,,,,,,,,,,none,none
sun3d-hotel_uc-scan3,15,17,0.24976900617215508,0.5664062499999978,0.2495,1,1,,,,,,,,,,,,,,,,,,,,,,,,,,,,,,,,,none,none
sun3d-hotel_uc-scan3,15,26,0.19643715119931995,0.7851562499999969,0.6725,1,1,,,,,,,,,,,,,,,,,,,,,,,,,,,,,,,,,none,none
sun3d-hotel_uc-scan3,15,48,0.37779502531692355,0.7851562499999969,0.6715,1,1,,,,,,,,,,,,,,,,,,,,,,,,,,,,,,,,,none,none
sun3d-hotel_uc-scan3,15,50,0.4295376427541856,0.6874999999999972,0.513,1,1,,,,,,,,,,,,,,,,,,,,,,,,,,,,,,,,,none,none
sun3d-hotel_uc-scan3,15,52,0.2418967365192002,0.7343749999999971,0.627,1,1,,,,,,,,,,,,,,,,,,,,,,,,,,,,,,,,,none,none
sun3d-hotel_uc-scan3,16,21,0.2481595340182833,0.7773437499999969,0.602,1,1,,,,,,,,,,,,,,,,,,,,,,,,,,,,,,,,,none,none
sun3d-hotel_uc-scan3,16,25,0.31158482323436615,0.8671874999999966,0.6645,1,1,,,,,,,,,,,,,,,,,,,,,,,,,,,,,,,,,none,none
sun3d-hotel_uc-scan3,16,47,0.15383059623007847,0.33593749999999867,0.378,1,1,,,,,,,,,,,,,,,,,,,,,,,,,,,,,,,,,none,none
sun3d-hotel_uc-scan3,16,50,0.3489604400938435,0.4257812499999983,0.32,1,1,,,,,,,,,,,,,,,,,,,,,,,,,,,,,,,,,none,none
sun3d-hotel_uc-scan3,16,52,0.2796699296173449,0.746093749999997,0.691,1,1,,,,,,,,,,,,,,,,,,,,,,,,,,,,,,,,,none,none
sun3d-hotel_uc-scan3,17,18,0.2043573164202463,0.41015624999999833,0.216,1,0,,,,,,,,,,,,,,,,,,,,,,,,,,,,,,,,,none,none
sun3d-hotel_uc-scan3,17,23,0.3104896832914625,0.496093749999998,0.236,1,1,,,,,,,,,,,,,,,,,,,,,,,,,,,,,,,,,none,none
sun3d-hotel_uc-scan3,17,34,0.14315720110374366,0.5312499999999979,0.3745,1,1,,,,,,,,,,,,,,,,,,,,,,,,,,,,,,,,,none,none
sun3d-hotel_uc-scan3,17,47,0.1614842881265187,0.2031249999999992,0.2095,1,1,,,,,,,,,,,,,,,,,,,,,,,,,,,,,,,,,none,none
sun3d-hotel_uc-scan3,17,53,0.16482022980931593,0.3515624999999986,0.2555,1,1,,,,,,,,,,,,,,,,,,,,,,,,,,,,,,,,,none,none
sun3d-hotel_uc-scan3,18,21,0.3513065707252414,0.48828124999999806,0.269,1,1,,,,,,,,,,,,,,,,,,,,,,,,,,,,,,,,,none,none
sun3d-hotel_uc-scan3,18,34,0.2515148646089756,0.746093749999997,0.4935,1,1,,,,,,,,,,,,,,,,,,,,,,,,,,,,,,,,,none,none
sun3d-hotel_uc-scan3,18,35,0.2964874076879379,0.746093749999997,0.477,1,0,,,,,,,,,,,,,,,,,,,,,,,,,,,,,,,,,none,none
sun3d-hotel_uc-scan3,18,43,0.36574512402953985,0.28906249999999883,0.1935,1,1,,,,,,,,,,,,,,,,,,,,,,,,,,,,,,,,,none,none
sun3d-hotel_uc-scan3,18,44,0.4605188411285741,0.5976562499999976,0.386,1,1,,,,,,,,,,,,,,,,,,,,,,,,,,,,,,,,,none,none
sun3d-hotel_uc-scan3,18,46,0.21326453323234235,0.6054687499999976,0.43,1,1,,,,,,,,,,,,,,,,,,,,,,,,,,,,,,,,,none,none
sun3d-hotel_uc-scan3,18,53,0.18102632077258096,0.36718749999999856,0.2385,1,1,,,,,,,,,,,,,,,,,,,,,,,,,,,,,,,,,none,none
sun3d-hotel_uc-scan3,18,54,0.26713690588903616,0.1992187499999992,0.113,1,1,,,,,,,,,,,,,,,,,,,,,,,,,,,,,,,,,none,none
sun3d-hotel_uc-scan3,19,35,0.3350148213635655,0.8242187499999967,0.512,1,1,,,,,,,,,,,,,,,,,,,,,,,,,,,,,,,,,none,none
sun3d-hotel_uc-scan3,19,44,0.3623173331946539,0.5507812499999978,0.374,1,1,,,,,,,,,,,,,,,,,,,,,,,,,,,,,,,,,none,none
sun3d-hotel_uc-scan3,19,45,0.4234229549118519,0.48437499999999806,0.31,1,1,,,,,,,,,,,,,,,,,,,,,,,,,,,,,,,,,none,none
sun3d-hotel_uc-scan3,19,54,0.21644391283998127,0.5664062499999978,0.336,1,1,,,,,,,,,,,,,,,,,,,,,,,,,,,,,,,,,none,none
sun3d-hotel_uc-scan3,20,21,0.27695423994107354,0.5351562499999979,0.3485,1,0,,,,,,,,,,,,,,,,,,,,,,,,,,,,,,,,,none,none
sun3d-hotel_uc-scan3,20,34,0.15076880581898536,0.5351562499999979,0.366,1,1,,,,,,,,,,,,,,,,,,,,,,,,,,,,,,,,,none,none
sun3d-hotel_uc-scan3,20,35,0.1698738606021545,0.5156249999999979,0.368,1,1,,,,,,,,,,,,,,,,,,,,,,,,,,,,,,,,,none,none
sun3d-hotel_uc-scan3,20,37,0.2002578031488813,0.23828124999999906,0.172,1,1,,,,,,,,,,,,,,,,,,,,,,,,,,,,,,,,,none,none
sun3d-hotel_uc-scan3,20,43,0.3379983426940429,0.3124999999999988,0.2035,1,1,,,,,,,,,,,,,,,,,,,,,,,,,,,,,,,,,none,none
sun3d-hotel_uc-scan3,20,44,0.3871190498112513,0.33984374999999867,0.2615,1,1,,,,,,,,,,,,,,,,,,,,,,,,,,,,,,,,,none,none
sun3d-hotel_uc-scan3,20,45,0.43568732160942825,0.3749999999999985,0.2385,1,1,,,,,,,,,,,,,,,,,,,,,,,,,,,,,,,,,none,none
sun3d-hotel_uc-scan3,20,46,0.1448761624159838,0.5546874999999978,0.41,1,1,,,,,,,,,,,,,,,,,,,,,,,,,,,,,,,,,none,none
sun3d-hotel_uc-scan3,20,53,0.13985820826811526,0.2812499999999989,0.205,1,1,,,,,,,,,,,,,,,,,,,,,,,,,,,,,,,,,none,none
sun3d-hotel_uc-scan3,20,54,0.16448761624159838,0.1718749999999993,0.1195,1,1,,,,,,,,,,,,,,,,,,,,,,,,,,,,,,,,,none,none
sun3d-hotel_uc-scan3,21,34,0.25084940973222,0.7109374999999971,0.462,1,1,,,,,,,,,,,,,,,,,,,,,,,,,,,,,,,,,none,none
sun3d-hotel_uc-scan3,21,35,0.18485459257126405,0.4374999999999983,0.169,1,0,,,,,,,,,,,,,,,,,,,,,,,,,,,,,,,,,none,none
sun3d-hotel_uc-scan3,21,36,0.26812553987906707,0.35937499999999856,0.2385,1,1,,,,,,,,,,,,,,,,,,,,,,,,,,,,,,,,,none,none
sun3d-hotel_uc-scan3,21,43,0.2108263748920242,0.0,0.0,1,0,,,,,,,,,,,,,,,,,,,,,,,,,,,,,,,,,none,none
sun3d-hotel_uc-scan3,21,45,0.2269507630290815,0.08593749999999965,0.0465,1,0,,,,,,,,,,,,,,,,,,,,,,,,,,,,,,,,,none,none
sun3d-hotel_uc-scan3,21,46,0.2574719262885114,0.6835937499999972,0.457,1,1,,,,,,,,,,,,,,,,,,,,,,,,,,,,,,,,,none,none
sun3d-hotel_uc-scan3,21,47,0.17512237258854016,0.39062499999999845,0.333,1,1,,,,,,,,,,,,,,,,,,,,,,,,,,,,,,,,,none,none
sun3d-hotel_uc-scan3,21,53,0.26973797869277283,0.5937499999999977,0.401,1,1,,,,,,,,,,,,,,,,,,,,,,,,,,,,,,,,,none,none
sun3d-hotel_uc-scan3,21,54,0.19418370285056147,0.24609374999999903,0.115,1,1,,,,,,,,,,,,,,,,,,,,,,,,,,,,,,,,,none,none
sun3d-hotel_uc-scan3,22,24,0.21806102153950319,0.6874999999999972,0.493,1,1,,,,,,,,,,,,,,,,,,,,,,,,,,,,,,,,,none,none
sun3d-hotel_uc-scan3,22,33,0.12949092294020567,0.1015624999999996,0.0405,1,0,,,,,,,,,,,,,,,,,,,,,,,,,,,,,,,,,none,none
sun3d-hotel_uc-scan3,22,47,0.2235199526046295,0.46484374999999817,0.394,1,1,,,,,,,,,,,,,,,,,,,,,,,,,,,,,,,,,none,none
sun3d-hotel_uc-scan3,22,48,0.2987601032542,0.1015624999999996,0.05,1,0,,,,,,,,,,,,,,,,,,,,,,,,,,,,,,,,,none,none
sun3d-hotel_uc-scan3,22,49,0.21945749227709366,0.48828124999999806,0.349,1,1,,,,,,,,,,,,,,,,,,,,,,,,,,,,,,,,,none,none
sun3d-hotel_uc-scan3,22,51,0.20684693834370108,0.4453124999999982,0.288,1,1,,,,,,,,,,,,,,,,,,,,,,,,,,,,,,,,,none,none
sun3d-hotel_uc-scan3,22,52,0.21746857940840422,0.19531249999999922,0.225,1,1,,,,,,,,,,,,,,,,,,,,,,,,,,,,,,,,,none,none
sun3d-hotel_uc-scan3,23,25,0.18557332645427577,0.7968749999999968,0.625,1,1,,,,,,,,,,,,,,,,,,,,,,,,,,,,,,,,,none,none
sun3d-hotel_uc-scan3,23,48,0.17951115697149492,0.6796874999999973,0.595,1,1,,,,,,,,,,,,,,,,,,,,,,,,,,,,,,,,,none,none
sun3d-hotel_uc-scan3,23,50,0.5948665032890494,0.7968749999999968,0.5265,1,1,,,,,,,,,,,,,,,,,,,,,,,,,,,,,,,,,none,none
sun3d-hotel_uc-scan3,24,26,0.2434201507882111,0.9101562499999963,0.758,1,1,,,,,,,,,,,,,,,,,,,,,,,,,,,,,,,,,none,none
sun3d-hotel_uc-scan3,24,48,0.3017820424948595,0.8710937499999966,0.6615,1,1,,,,,,,,,,,,,,,,,,,,,,,,,,,,,,,,,none,none
sun3d-hotel_uc-scan3,24,50,0.48553803975325566,0.7148437499999971,0.4915,1,1,,,,,,,,,,,,,,,,,,,,,,,,,,,,,,,,,none,none
sun3d-hotel_uc-scan3,24,52,0.19780671692940371,0.7656249999999969,0.6265,1,1,,,,,,,,,,,,,,,,,,,,,,,,,,,,,,,,,none,none
sun3d-hotel_uc-scan3,25,27,0.3011194737840744,0.6640624999999973,0.517,1,1,,,,,,,,,,,,,,,,,,,,,,,,,,,,,,,,,none,none
sun3d-hotel_uc-scan3,25,28,0.16621339573714503,0.38671874999999845,0.2815,1,1,,,,,,,,,,,,,,,,,,,,,,,,,,,,,,,,,none,none
sun3d-hotel_uc-scan3,25,31,0.14034532920118906,0.3164062499999987,0.212,1,1,,,,,,,,,,,,,,,,,,,,,,,,,,,,,,,,,none,none
sun3d-hotel_uc-scan3,25,32,0.32565935108468785,0.6796874999999973,0.5125,1,1,,,,,,,,,,,,,,,,,,,,,,,,,,,,,,,,,none,none
sun3d-hotel_uc-scan3,25,33,0.2405287458098792,0.4726562499999981,0.3075,1,1,,,,,,,,,,,,,,,,,,,,,,,,,,,,,,,,,none,none
sun3d-hotel_uc-scan3,25,47,0.1682373031433812,0.007812499999999969,0.006,1,0,,,,,,,,,,,,,,,,,,,,,,,,,,,,,,,,,none,none
sun3d-hotel_uc-scan3,25,50,0.20839921573588008,0.3046874999999988,0.14,1,0,,,,,,,,,,,,,,,,,,,,,,,,,,,,,,,,,none,none
sun3d-hotel_uc-scan3,26,29,0.3129121550109908,0.09765624999999961,0.08,1,0,,,,,,,,,,,,,,,,,,,,,,,,,,,,,,,,,none,none
sun3d-hotel_uc-scan3,26,49,0.16355939102825043,0.2734374999999989,0.1755,1,0,,,,,,,,,,,,,,,,,,,,,,,,,,,,,,,,,none,none
sun3d-hotel_uc-scan3,29,30,0.3273428198877487,0.03515624999999986,0.0085,1,0,,,,,,,,,,,,,,,,,,,,,,,,,,,,,,,,,none,none
sun3d-hotel_uc-scan3,30,31,0.2997817785051828,0.5664062499999978,0.407,1,0,,,,,,,,,,,,,,,,,,,,,,,,,,,,,,,,,none,none
sun3d-hotel_uc-scan3,30,32,0.39041189307146756,0.6796874999999973,0.4875,1,1,,,,,,,,,,,,,,,,,,,,,,,,,,,,,,,,,none,none
sun3d-hotel_uc-scan3,30,33,0.31928532460447356,0.33593749999999867,0.2185,1,1,,,,,,,,,,,,,,,,,,,,,,,,,,,,,,,,,none,none
sun3d-hotel_uc-scan3,30,48,0.19489907255864702,0.2031249999999992,0.0805,1,0,,,,,,,,,,,,,,,,,,,,,,,,,,,,,,,,,none,none
sun3d-hotel_uc-scan3,31,34,0.2957983193277311,0.33593749999999867,0.2275,1,1,,,,,,,,,,,,,,,,,,,,,,,,,,,,,,,,,none,none
sun3d-hotel_uc-scan3,31,53,0.40297349709114416,0.4492187499999982,0.249,1,1,,,,,,,,,,,,,,,,,,,,,,,,,,,,,,,,,none,none
sun3d-hotel_uc-scan3,32,34,0.2218424732018021,0.23828124999999906,0.1945,1,0,,,,,,,,,,,,,,,,,,,,,,,,,,,,,,,,,none,none
sun3d-hotel_uc-scan3,32,53,0.3423955258660867,0.6054687499999976,0.3275,1,1,,,,,,,,,,,,,,,,,,,,,,,,,,,,,,,,,none,none
sun3d-hotel_uc-scan3,33,35,0.18738898756660746,0.26562499999999895,0.1555,1,1,,,,,,,,,,,,,,,,,,,,,,,,,,,,,,,,,none,none
sun3d-hotel_uc-scan3,33,46,0.27914368514536786,0.3437499999999986,0.152,1,0,,,,,,,,,,,,,,,,,,,,,,,,,,,,,,,,,none,none
sun3d-hotel_uc-scan3,34,43,0.19035484729775987,0.5742187499999977,0.285,1,0,,,,,,,,,,,,,,,,,,,,,,,,,,,,,,,,,none,none
sun3d-hotel_uc-scan3,34,44,0.1943483056326779,0.6328124999999974,0.4025,1,1,,,,,,,,,,,,,,,,,,,,,,,,,,,,,,,,,none,none
sun3d-hotel_uc-scan3,34,45,0.35077777355189593,0.7656249999999969,0.4885,1,1,,,,,,,,,,,,,,,,,,,,,,,,,,,,,,,,,none,none
sun3d-hotel_uc-scan3,34,52,0.2843722663826874,0.7070312499999972,0.489,1,1,,,,,,,,,,,,,,,,,,,,,,,,,,,,,,,,,none,none
sun3d-hotel_uc-scan3,35,36,0.16502058887272053,0.7070312499999972,0.568,1,0,,,,,,,,,,,,,,,,,,,,,,,,,,,,,,,,,none,none
sun3d-hotel_uc-scan3,35,43,0.1635344747515403,0.3203124999999987,0.207,1,1,,,,,,,,,,,,,,,,,,,,,,,,,,,,,,,,,none,none
sun3d-hotel_uc-scan3,35,44,0.25737638936189977,0.8242187499999967,0.6055,1,1,,,,,,,,,,,,,,,,,,,,,,,,,,,,,,,,,none,none
sun3d-hotel_uc-scan3,35,45,0.37097123749961297,0.7812499999999969,0.637,1,1,,,,,,,,,,,,,,,,,,,,,,,,,,,,,,,,,none,none
sun3d-hotel_uc-scan3,35,46,0.39385120282361685,0.8984374999999964,0.661,1,1,,,,,,,,,,,,,,,,,,,,,,,,,,,,,,,,,none,none
sun3d-hotel_uc-scan3,35,53,0.32134121799436516,0.8749999999999966,0.5505,1,1,,,,,,,,,,,,,,,,,,,,,,,,,,,,,,,,,none,none
sun3d-hotel_uc-scan3,36,37,0.27750855671151176,0.6171874999999976,0.473,1,0,,,,,,,,,,,,,,,,,,,,,,,,,,,,,,,,,none,none
sun3d-hotel_uc-scan3,36,43,0.3717509912230167,0.6289062499999974,0.471,1,1,,,,,,,,,,,,,,,,,,,,,,,,,,,,,,,,,none,none
sun3d-hotel_uc-scan3,36,44,0.4222101731675082,0.8085937499999968,0.603,1,1,,,,,,,,,,,,,,,,,,,,,,,,,,,,,,,,,none,none
sun3d-hotel_uc-scan3,36,45,0.4102138330678776,0.7968749999999968,0.5665,1,1,,,,,,,,,,,,,,,,,,,,,,,,,,,,,,,,,none,none
sun3d-hotel_uc-scan3,37,42,0.2667019447016801,0.3124999999999988,0.255,1,1,,,,,,,,,,,,,,,,,,,,,,,,,,,,,,,,,none,none
sun3d-hotel_uc-scan3,37,43,0.2456674163249107,0.3203124999999987,0.2255,1,1,,,,,,,,,,,,,,,,,,,,,,,,,,,,,,,,,none,none
sun3d-hotel_uc-scan3,37,44,0.20564889535652864,0.0039062499999999844,0.0,1,0,,,,,,,,,,,,,,,,,,,,,,,,,,,,,,,,,none,none
sun3d-hotel_uc-scan3,38,42,0.32508763144717073,0.5468749999999978,0.4845,1,1,,,,,,,,,,,,,,,,,,,,,,,,,,,,,,,,,none,none
sun3d-hotel_uc-scan3,39,44,0.3260909424275761,0.4257812499999983,0.3275,1,1,,,,,,,,,,,,,,,,,,,,,,,,,,,,,,,,,none,none
sun3d-hotel_uc-scan3,40,43,0.4021948563290609,0.45312499999999817,0.3495,1,1,,,,,,,,,,,,,,,,,,,,,,,,,,,,,,,,,none,none
sun3d-hotel_uc-scan3,40,44,0.25885900980145765,0.26953124999999895,0.256,1,1,,,,,,,,,,,,,,,,,,,,,,,,,,,,,,,,,none,none
sun3d-hotel_uc-scan3,41,44,0.30144351156282223,0.3749999999999985,0.327,1,1,,,,,,,,,,,,,,,,,,,,,,,,,,,,,,,,,none,none
sun3d-hotel_uc-scan3,42,45,0.3863164545536601,0.5468749999999978,0.4065,1,1,,,,,,,,,,,,,,,,,,,,,,,,,,,,,,,,,none,none
sun3d-hotel_uc-scan3,42,54,0.2130156151277191,0.41796874999999833,0.302,1,1,,,,,,,,,,,,,,,,,,,,,,,,,,,,,,,,,none,none
sun3d-hotel_uc-scan3,43,46,0.23320140325627417,0.6992187499999972,0.5015,1,1,,,,,,,,,,,,,,,,,,,,,,,,,,,,,,,,,none,none
sun3d-hotel_uc-scan3,43,53,0.2553746514347396,0.6640624999999973,0.486,1,1,,,,,,,,,,,,,,,,,,,,,,,,,,,,,,,,,none,none
sun3d-hotel_uc-scan3,44,46,0.24493065409438367,0.6718749999999973,0.4895,1,1,,,,,,,,,,,,,,,,,,,,,,,,,,,,,,,,,none,none
sun3d-hotel_uc-scan3,44,53,0.19453471872568315,0.5820312499999977,0.45,1,1,,,,,,,,,,,,,,,,,,,,,,,,,,,,,,,,,none,none
sun3d-hotel_uc-scan3,45,53,0.323730805072728,0.8085937499999968,0.603,1,1,,,,,,,,,,,,,,,,,,,,,,,,,,,,,,,,,none,none
sun3d-hotel_uc-scan3,46,48,0.16531995913439212,0.0039062499999999844,0.001,1,0,,,,,,,,,,,,,,,,,,,,,,,,,,,,,,,,,none,none
sun3d-hotel_uc-scan3,47,54,0.22298293314115372,0.5937499999999977,0.3615,1,1,,,,,,,,,,,,,,,,,,,,,,,,,,,,,,,,,none,none
sun3d-hotel_uc-scan3,48,53,0.31938435940099835,0.6523437499999974,0.3265,1,1,,,,,,,,,,,,,,,,,,,,,,,,,,,,,,,,,none,none
sun3d-hotel_uc-scan3,49,52,0.2027792624265099,0.8515624999999966,0.744,1,1,,,,,,,,,,,,,,,,,,,,,,,,,,,,,,,,,none,none
sun3d-hotel_uc-scan3,51,52,0.24702995867768596,0.8476562499999966,0.7335,1,0,,,,,,,,,,,,,,,,,,,,,,,,,,,,,,,,,none,none
sun3d-hotel_umd-maryland_hotel1,0,8,0.22840468883634352,0.6328124999999974,0.5745,1,1,,,,,,,,,,,,,,,,,,,,,,,,,,,,,,,,,none,none
sun3d-hotel_umd-maryland_hotel1,0,9,0.3189113045228153,0.8671874999999966,0.772,1,1,,,,,,,,,,,,,,,,,,,,,,,,,,,,,,,,,none,none
sun3d-hotel_umd-maryland_hotel1,0,10,0.3424057956432057,0.757812499999997,0.534,1,1,,,,,,,,,,,,,,,,,,,,,,,,,,,,,,,,,none,none
sun3d-hotel_umd-maryland_hotel1,0,15,0.23947275745836896,0.7656249999999969,0.606,1,1,,,,,,,,,,,,,,,,,,,,,,,,,,,,,,,,,none,none
sun3d-hotel_umd-maryland_hotel1,0,23,0.4416662474216431,0.7812499999999969,0.6205,1,1,,,,,,,,,,,,,,,,,,,,,,,,,,,,,,,,,none,none
sun3d-hotel_umd-maryland_hotel1,0,29,0.1719575388640137,0.5507812499999978,0.3915,1,1,,,,,,,,,,,,,,,,,,,,,,,,,,,,,,,,,none,none
sun3d-hotel_umd-maryland_hotel1,1,26,0.27614496553474016,0.7734374999999969,0.56,1,1,,,,,,,,,,,,,,,,,,,,,,,,,,,,,,,,,none,none
sun3d-hotel_umd-maryland_hotel1,2,3,0.21752819279867194,0.8554687499999966,0.7285,1,0,,,,,,,,,,,,,,,,,,,,,,,,,,,,,,,,,none,none
sun3d-hotel_umd-maryland_hotel1,2,12,0.23115232697922034,0.2812499999999989,0.1545,1,0,,,,,,,,,,,,,,,,,,,,,,,,,,,,,,,,,none,none
sun3d-hotel_umd-maryland_hotel1,2,23,0.410212376209285,0.746093749999997,0.5215,1,1,,,,,,,,,,,,,,,,,,,,,,,,,,,,,,,,,none,none
sun3d-hotel_umd-maryland_hotel1,2,24,0.18278092621214723,0.7343749999999971,0.541,1,1,,,,,,,,,,,,,,,,,,,,,,,,,,,,,,,,,none,none
sun3d-hotel_umd-maryland_hotel1,2,25,0.18014769019405805,0.7148437499999971,0.525,1,1,,,,,,,,,,,,,,,,,,,,,,,,,,,,,,,,,none,none
sun3d-hotel_umd-maryland_hotel1,3,11,0.26645074002705915,0.5703124999999977,0.534,1,1,,,,,,,,,,,,,,,,,,,,,,,,,,,,,,,,,none,none
sun3d-hotel_umd-maryland_hotel1,3,15,0.16268295682833833,0.5585937499999978,0.47,1,1,,,,,,,,,,,,,,,,,,,,,,,,,,,,,,,,,none,none
sun3d-hotel_umd-maryland_hotel1,3,23,0.21479234143741543,0.10546874999999958,0.052,1,0,,,,,,,,,,,,,,,,,,,,,,,,,,,,,,,,,none,none
sun3d-hotel_umd-maryland_hotel1,3,27,0.2413595178549465,0.5781249999999977,0.382,1,1,,,,,,,,,,,,,,,,,,,,,,,,,,,,,,,,,none,none
sun3d-hotel_umd-maryland_hotel1,3,28,0.265302775613956,0.5468749999999978,0.48,1,1,,,,,,,,,,,,,,,,,,,,,,,,,,,,,,,,,none,none
sun3d-hotel_umd-maryland_hotel1,4,11,0.35733832637188534,0.511718749999998,0.414,1,1,,,,,,,,,,,,,,,,,,,,,,,,,,,,,,,,,none,none
sun3d-hotel_umd-maryland_hotel1,4,12,0.39046521676508716,0.39062499999999845,0.327,1,1,,,,,,,,,,,,,,,,,,,,,,,,,,,,,,,,,none,none
sun3d-hotel_umd-maryland_hotel1,4,16,0.29371309232320325,0.7226562499999971,0.5625,1,1,,,,,,,,,,,,,,,,,,,,,,,,,,,,,,,,,none,none
sun3d-hotel_umd-maryland_hotel1,4,28,0.24719141581448942,0.4687499999999981,0.3755,1,1,,,,,,,,,,,,,,,,,,,,,,,,,,,,,,,,,none,none
sun3d-hotel_umd-maryland_hotel1,5,7,0.11991150442477876,0.0039062499999999844,0.006,1,0,,,,,,,,,,,,,,,,,,,,,,,,,,,,,,,,,none,none
sun3d-hotel_umd-maryland_hotel1,5,27,0.3049225663716814,0.8085937499999968,0.636,1,1,,,,,,,,,,,,,,,,,,,,,,,,,,,,,,,,,none,none
sun3d-hotel_umd-maryland_hotel1,5,33,0.3357853982300885,0.5664062499999978,0.4405,1,1,,,,,,,,,,,,,,,,,,,,,,,,,,,,,,,,,none,none
sun3d-hotel_umd-maryland_hotel1,5,34,0.12699115044247788,0.21874999999999914,0.005,1,0,,,,,,,,,,,,,,,,,,,,,,,,,,,,,,,,,none,none
sun3d-hotel_umd-maryland_hotel1,5,35,0.2263274336283186,0.46484374999999817,0.2985,1,1,,,,,,,,,,,,,,,,,,,,,,,,,,,,,,,,,none,none
sun3d-hotel_umd-maryland_hotel1,6,7,0.20398875652523088,0.5156249999999979,0.369,1,0,,,,,,,,,,,,,,,,,,,,,,,,,,,,,,,,,none,none
sun3d-hotel_umd-maryland_hotel1,6,19,0.2595368759202249,0.3437499999999986,0.2765,1,1,,,,,,,,,,,,,,,,,,,,,,,,,,,,,,,,,none,none
sun3d-hotel_umd-maryland_hotel1,6,22,0.37869093829473965,0.8203124999999967,0.63,1,1,,,,,,,,,,,,,,,,,,,,,,,,,,,,,,,,,none,none
sun3d-hotel_umd-maryland_hotel1,6,33,0.3263820104403694,0.8906249999999964,0.669,1,1,,,,,,,,,,,,,,,,,,,,,,,,,,,,,,,,,none,none
sun3d-hotel_umd-maryland_hotel1,6,34,0.315834560299826,0.45312499999999817,0.2595,1,1,,,,,,,,,,,,,,,,,,,,,,,,,,,,,,,,,none,none
sun3d-hotel_umd-maryland_hotel1,6,35,0.33264623209744343,0.8906249999999964,0.637,1,1,,,,,,,,,,,,,,,,,,,,,,,,,,,,,,,,,none,none
sun3d-hotel_umd-maryland_hotel1,6,36,0.1615312541828403,0.0,0.0,1,0,,,,,,,,,,,,,,,,,,,,,,,,,,,,,,,,,none,none
sun3d-hotel_umd-maryland_hotel1,6,37,0.1583723731762816,0.011718749999999953,0.0,1,0,,,,,,,,,,,,,,,,,,,,,,,,,,,,,,,,,none,none
sun3d-hotel_umd-maryland_hotel1,7,8,0.35341157748159935,0.8281249999999967,0.4625,1,0,,,,,,,,,,,,,,,,,,,,,,,,,,,,,,,,,none,none
sun3d-hotel_umd-maryland_hotel1,7,9,0.21113984483787548,0.36718749999999856,0.2495,1,1,,,,,,,,,,,,,,,,,,,,,,,,,,,,,,,,,none,none
sun3d-hotel_umd-maryland_hotel1,7,10,0.21826138850208873,0.32812499999999867,0.1775,1,1,,,,,,,,,,,,,,,,,,,,,,,,,,,,,,,,,none,none
sun3d-hotel_umd-maryland_hotel1,7,11,0.1596180624627014,0.6328124999999974,0.479,1,1,,,,,,,,,,,,,,,,,,,,,,,,,,,,,,,,,none,none
sun3d-hotel_umd-maryland_hotel1,7,13,0.230555002983887,0.7226562499999971,0.593,1,1,,,,,,,,,,,,,,,,,,,,,,,,,,,,,,,,,none,none
sun3d-hotel_umd-maryland_hotel1,7,18,0.39232146409389296,0.7304687499999971,0.5605,1,1,,,,,,,,,,,,,,,,,,,,,,,,,,,,,,,,,none,none
sun3d-hotel_umd-maryland_hotel1,7,20,0.1512631788342948,0.4687499999999981,0.291,1,1,,,,,,,,,,,,,,,,,,,,,,,,,,,,,,,,,none,none
sun3d-hotel_umd-maryland_hotel1,7,21,0.2924607121543664,0.8476562499999966,0.574,1,1,,,,,,,,,,,,,,,,,,,,,,,,,,,,,,,,,none,none
sun3d-hotel_umd-maryland_hotel1,7,22,0.23373781579470856,0.253906249999999,0.324,1,0,,,,,,,,,,,,,,,,,,,,,,,,,,,,,,,,,none,none
sun3d-hotel_umd-maryland_hotel1,7,29,0.213725880246668,0.19531249999999922,0.1015,1,0,,,,,,,,,,,,,,,,,,,,,,,,,,,,,,,,,none,none
sun3d-hotel_umd-maryland_hotel1,7,30,0.44253033618460313,0.8124999999999968,0.6565,1,1,,,,,,,,,,,,,,,,,,,,,,,,,,,,,,,,,none,none
sun3d-hotel_umd-maryland_hotel1,7,31,0.36140839466878855,0.6132812499999976,0.506,1,1,,,,,,,,,,,,,,,,,,,,,,,,,,,,,,,,,none,none
sun3d-hotel_umd-maryland_hotel1,7,32,0.2343345931967376,0.0,0.0,1,0,,,,,,,,,,,,,,,,,,,,,,,,,,,,,,,,,none,none
sun3d-hotel_umd-maryland_hotel1,7,36,0.2029043166898747,0.0781249999999997,0.018,1,0,,,,,,,,,,,,,,,,,,,,,,,,,,,,,,,,,none,none
sun3d-hotel_umd-maryland_hotel1,7,37,0.16439228167893377,0.058593749999999764,0.01,1,0,,,,,,,,,,,,,,,,,,,,,,,,,,,,,,,,,none,none
sun3d-hotel_umd-maryland_hotel1,8,10,0.37838190517616355,0.9335937499999962,0.696,1,1,,,,,,,,,,,,,,,,,,,,,,,,,,,,,,,,,none,none
sun3d-hotel_umd-maryland_hotel1,8,19,0.24130056546324488,0.7226562499999971,0.3655,1,1,,,,,,,,,,,,,,,,,,,,,,,,,,,,,,,,,none,none
sun3d-hotel_umd-maryland_hotel1,8,20,0.17888212266202697,0.6249999999999976,0.4155,1,1,,,,,,,,,,,,,,,,,,,,,,,,,,,,,,,,,none,none
sun3d-hotel_umd-maryland_hotel1,8,21,0.2990865593736407,0.757812499999997,0.43,1,1,,,,,,,,,,,,,,,,,,,,,,,,,,,,,,,,,none,none
sun3d-hotel_umd-maryland_hotel1,8,26,0.2275554588951718,0.6992187499999972,0.4985,1,1,,,,,,,,,,,,,,,,,,,,,,,,,,,,,,,,,none,none
sun3d-hotel_umd-maryland_hotel1,8,31,0.37677250978686383,0.4765624999999981,0.239,1,0,,,,,,,,,,,,,,,,,,,,,,,,,,,,,,,,,none,none
sun3d-hotel_umd-maryland_hotel1,9,14,0.34179191879757953,0.8593749999999966,0.718,1,1,,,,,,,,,,,,,,,,,,,,,,,,,,,,,,,,,none,none
sun3d-hotel_umd-maryland_hotel1,9,19,0.15210813976185827,0.18359374999999928,0.0715,1,0,,,,,,,,,,,,,,,,,,,,,,,,,,,,,,,,,none,none
sun3d-hotel_umd-maryland_hotel1,9,20,0.2885516299043529,0.6679687499999973,0.5015,1,1,,,,,,,,,,,,,,,,,,,,,,,,,,,,,,,,,none,none
sun3d-hotel_umd-maryland_hotel1,9,21,0.22750341596720672,0.4687499999999981,0.283,1,1,,,,,,,,,,,,,,,,,,,,,,,,,,,,,,,,,none,none
sun3d-hotel_umd-maryland_hotel1,9,24,0.2424360726137029,0.7929687499999968,0.695,1,1,,,,,,,,,,,,,,,,,,,,,,,,,,,,,,,,,none,none
sun3d-hotel_umd-maryland_hotel1,9,25,0.3660452859652547,0.8554687499999966,0.6905,1,1,,,,,,,,,,,,,,,,,,,,,,,,,,,,,,,,,none,none
sun3d-hotel_umd-maryland_hotel1,9,29,0.24521764591059925,0.5664062499999978,0.4325,1,1,,,,,,,,,,,,,,,,,,,,,,,,,,,,,,,,,none,none
sun3d-hotel_umd-maryland_hotel1,9,31,0.22906500097599064,0.48828124999999806,0.2685,1,0,,,,,,,,,,,,,,,,,,,,,,,,,,,,,,,,,none,none
sun3d-hotel_umd-maryland_hotel1,10,13,0.20919747520288548,0.6249999999999976,0.4265,1,1,,,,,,,,,,,,,,,,,,,,,,,,,,,,,,,,,none,none
sun3d-hotel_umd-maryland_hotel1,10,14,0.3593564614873523,0.8476562499999966,0.666,1,1,,,,,,,,,,,,,,,,,,,,,,,,,,,,,,,,,none,none
sun3d-hotel_umd-maryland_hotel1,10,19,0.12059228323287931,0.027343749999999892,0.0,1,0,,,,,,,,,,,,,,,,,,,,,,,,,,,,,,,,,none,none
sun3d-hotel_umd-maryland_hotel1,10,20,0.21531963361966683,0.36328124999999856,0.271,1,1,,,,,,,,,,,,,,,,,,,,,,,,,,,,,,,,,none,none
sun3d-hotel_umd-maryland_hotel1,10,21,0.17127805989274358,0.14843749999999942,0.0625,1,0,,,,,,,,,,,,,,,,,,,,,,,,,,,,,,,,,none,none
sun3d-hotel_umd-maryland_hotel1,10,23,0.16719662094822269,0.48046874999999806,0.287,1,1,,,,,,,,,,,,,,,,,,,,,,,,,,,,,,,,,none,none
sun3d-hotel_umd-maryland_hotel1,10,24,0.23340135731574202,0.8046874999999968,0.6015,1,1,,,,,,,,,,,,,,,,,,,,,,,,,,,,,,,,,none,none
sun3d-hotel_umd-maryland_hotel1,10,25,0.333016942717479,0.8593749999999966,0.7115,1,1,,,,,,,,,,,,,,,,,,,,,,,,,,,,,,,,,none,none
sun3d-hotel_umd-maryland_hotel1,10,29,0.30435195292107636,0.5859374999999977,0.4915,1,1,,,,,,,,,,,,,,,,,,,,,,,,,,,,,,,,,none,none
sun3d-hotel_umd-maryland_hotel1,11,17,0.44004521521849066,0.9062499999999963,0.7635,1,1,,,,,,,,,,,,,,,,,,,,,,,,,,,,,,,,,none,none
sun3d-hotel_umd-maryland_hotel1,11,18,0.3267691941577178,0.6406249999999974,0.439,1,1,,,,,,,,,,,,,,,,,,,,,,,,,,,,,,,,,none,none
sun3d-hotel_umd-maryland_hotel1,11,27,0.2932147425409763,0.33593749999999867,0.204,1,0,,,,,,,,,,,,,,,,,,,,,,,,,,,,,,,,,none,none
sun3d-hotel_umd-maryland_hotel1,11,28,0.41339203379242645,0.18359374999999928,0.2725,1,1,,,,,,,,,,,,,,,,,,,,,,,,,,,,,,,,,none,none
sun3d-hotel_umd-maryland_hotel1,11,32,0.29746854270160933,0.1249999999999995,0.1085,1,1,,,,,,,,,,,,,,,,,,,,,,,,,,,,,,,,,none,none
sun3d-hotel_umd-maryland_hotel1,12,15,0.1782547604050584,0.41796874999999833,0.307,1,1,,,,,,,,,,,,,,,,,,,,,,,,,,,,,,,,,none,none
sun3d-hotel_umd-maryland_hotel1,12,23,0.26173748728136054,0.21484374999999914,0.1195,1,0,,,,,,,,,,,,,,,,,,,,,,,,,,,,,,,,,none,none
sun3d-hotel_umd-maryland_hotel1,12,27,0.24177527981006833,0.4453124999999982,0.317,1,0,,,,,,,,,,,,,,,,,,,,,,,,,,,,,,,,,none,none
sun3d-hotel_umd-maryland_hotel1,12,28,0.26130141964242454,0.6367187499999974,0.4155,1,1,,,,,,,,,,,,,,,,,,,,,,,,,,,,,,,,,none,none
sun3d-hotel_umd-maryland_hotel1,12,29,0.1609574107272639,0.11328124999999954,0.0465,1,0,,,,,,,,,,,,,,,,,,,,,,,,,,,,,,,,,none,none
sun3d-hotel_umd-maryland_hotel1,13,25,0.12015641663704231,0.24218749999999903,0.0765,1,0,,,,,,,,,,,,,,,,,,,,,,,,,,,,,,,,,none,none
sun3d-hotel_umd-maryland_hotel1,13,26,0.2103181656594383,0.39453124999999845,0.314,1,1,,,,,,,,,,,,,,,,,,,,,,,,,,,,,,,,,none,none
sun3d-hotel_umd-maryland_hotel1,14,15,0.3472172167018483,0.8710937499999966,0.6885,1,0,,,,,,,,,,,,,,,,,,,,,,,,,,,,,,,,,none,none
sun3d-hotel_umd-maryland_hotel1,14,29,0.17206404777840703,0.5546874999999978,0.3215,1,1,,,,,,,,,,,,,,,,,,,,,,,,,,,,,,,,,none,none
sun3d-hotel_umd-maryland_hotel1,15,24,0.271118993036031,0.6874999999999972,0.501,1,1,,,,,,,,,,,,,,,,,,,,,,,,,,,,,,,,,none,none
sun3d-hotel_umd-maryland_hotel1,15,25,0.332540334789567,0.7656249999999969,0.56,1,1,,,,,,,,,,,,,,,,,,,,,,,,,,,,,,,,,none,none
sun3d-hotel_umd-maryland_hotel1,17,18,0.14875782975761795,0.8046874999999968,0.58,1,0,,,,,,,,,,,,,,,,,,,,,,,,,,,,,,,,,none,none
sun3d-hotel_umd-maryland_hotel1,17,22,0.23288044300541652,0.9257812499999963,0.7845,1,1,,,,,,,,,,,,,,,,,,,,,,,,,,,,,,,,,none,none
sun3d-hotel_umd-maryland_hotel1,17,27,0.38212243168820165,0.9140624999999963,0.647,1,1,,,,,,,,,,,,,,,,,,,,,,,,,,,,,,,,,none,none
sun3d-hotel_umd-maryland_hotel1,17,29,0.18682482524888794,0.2812499999999989,0.2635,1,0,,,,,,,,,,,,,,,,,,,,,,,,,,,,,,,,,none,none
sun3d-hotel_umd-maryland_hotel1,17,32,0.24120192453172754,0.5234374999999979,0.312,1,1,,,,,,,,,,,,,,,,,,,,,,,,,,,,,,,,,none,none
sun3d-hotel_umd-maryland_hotel1,18,19,0.2558983666061706,0.7734374999999969,0.5745,1,0,,,,,,,,,,,,,,,,,,,,,,,,,,,,,,,,,none,none
sun3d-hotel_umd-maryland_hotel1,18,27,0.16838413977667724,0.761718749999997,0.5185,1,1,,,,,,,,,,,,,,,,,,,,,,,,,,,,,,,,,none,none
sun3d-hotel_umd-maryland_hotel1,18,28,0.2322126180442339,0.5390624999999979,0.4165,1,1,,,,,,,,,,,,,,,,,,,,,,,,,,,,,,,,,none,none
sun3d-hotel_umd-maryland_hotel1,18,32,0.32852440862530374,0.6484374999999974,0.4365,1,1,,,,,,,,,,,,,,,,,,,,,,,,,,,,,,,,,none,none
sun3d-hotel_umd-maryland_hotel1,18,33,0.4496908548401981,0.746093749999997,0.53,1,1,,,,,,,,,,,,,,,,,,,,,,,,,,,,,,,,,none,none
sun3d-hotel_umd-maryland_hotel1,18,35,0.42200621366390845,0.8242187499999967,0.569,1,1,,,,,,,,,,,,,,,,,,,,,,,,,,,,,,,,,none,none
sun3d-hotel_umd-maryland_hotel1,18,36,0.1719216217047587,0.11328124999999954,0.02,1,0,,,,,,,,,,,,,,,,,,,,,,,,,,,,,,,,,none,none
sun3d-hotel_umd-maryland_hotel1,19,20,0.2238242063664394,0.7968749999999968,0.584,1,0,,,,,,,,,,,,,,,,,,,,,,,,,,,,,,,,,none,none
sun3d-hotel_umd-maryland_hotel1,19,30,0.4718808355408868,0.8085937499999968,0.612,1,1,,,,,,,,,,,,,,,,,,,,,,,,,,,,,,,,,none,none
sun3d-hotel_umd-maryland_hotel1,19,35,0.14982411951187735,0.26562499999999895,0.164,1,0,,,,,,,,,,,,,,,,,,,,,,,,,,,,,,,,,none,none
sun3d-hotel_umd-maryland_hotel1,19,36,0.16293915837929387,0.09765624999999961,0.0585,1,0,,,,,,,,,,,,,,,,,,,,,,,,,,,,,,,,,none,none
sun3d-hotel_umd-maryland_hotel1,19,37,0.15924783949276936,0.0039062499999999844,0.01,1,0,,,,,,,,,,,,,,,,,,,,,,,,,,,,,,,,,none,none
sun3d-hotel_umd-maryland_hotel1,22,27,0.3054195509032585,0.7304687499999971,0.5495,1,1,,,,,,,,,,,,,,,,,,,,,,,,,,,,,,,,,none,none
sun3d-hotel_umd-maryland_hotel1,22,33,0.4465980077663346,0.738281249999997,0.607,1,1,,,,,,,,,,,,,,,,,,,,,,,,,,,,,,,,,none,none
sun3d-hotel_umd-maryland_hotel1,22,35,0.3531993921998987,0.6484374999999974,0.422,1,1,,,,,,,,,,,,,,,,,,,,,,,,,,,,,,,,,none,none
sun3d-hotel_umd-maryland_hotel1,23,24,0.45730586613570223,0.8749999999999966,0.6965,1,0,,,,,,,,,,,,,,,,,,,,,,,,,,,,,,,,,none,none
sun3d-hotel_umd-maryland_hotel1,23,25,0.5087302802879461,0.8398437499999967,0.5565,1,1,,,,,,,,,,,,,,,,,,,,,,,,,,,,,,,,,none,none
sun3d-hotel_umd-maryland_hotel1,23,26,0.30291775156991885,0.7265624999999971,0.4705,1,1,,,,,,,,,,,,,,,,,,,,,,,,,,,,,,,,,none,none
sun3d-hotel_umd-maryland_hotel1,23,29,0.19447848062490428,0.24218749999999903,0.122,1,1,,,,,,,,,,,,,,,,,,,,,,,,,,,,,,,,,none,none
sun3d-hotel_umd-maryland_hotel1,25,27,0.15757522435333451,0.253906249999999,0.0585,1,0,,,,,,,,,,,,,,,,,,,,,,,,,,,,,,,,,none,none
sun3d-hotel_umd-maryland_hotel1,25,29,0.32487242653528065,0.7851562499999969,0.561,1,1,,,,,,,,,,,,,,,,,,,,,,,,,,,,,,,,,none,none
sun3d-hotel_umd-maryland_hotel1,25,32,0.17697518916065458,0.14843749999999942,0.0765,1,0,,,,,,,,,,,,,,,,,,,,,,,,,,,,,,,,,none,none
sun3d-hotel_umd-maryland_hotel1,26,27,0.2760314691538215,0.8710937499999966,0.6305,1,0,,,,,,,,,,,,,,,,,,,,,,,,,,,,,,,,,none,none
sun3d-hotel_umd-maryland_hotel1,26,32,0.3256915026164964,0.9218749999999963,0.68,1,1,,,,,,,,,,,,,,,,,,,,,,,,,,,,,,,,,none,none
sun3d-hotel_umd-maryland_hotel1,28,33,0.1199292933871187,0.511718749999998,0.4245,1,1,,,,,,,,,,,,,,,,,,,,,,,,,,,,,,,,,none,none
sun3d-hotel_umd-maryland_hotel1,32,33,0.1917628853707892,0.7148437499999971,0.5225,1,0,,,,,,,,,,,,,,,,,,,,,,,,,,,,,,,,,none,none
sun3d-hotel_umd-maryland_hotel1,35,36,0.23947542428917787,0.4335937499999983,0.271,1,0,,,,,,,,,,,,,,,,,,,,,,,,,,,,,,,,,none,none
sun3d-hotel_umd-maryland_hotel1,35,37,0.18933215781353316,0.3164062499999987,0.176,1,1,,,,,,,,,,,,,,,,,,,,,,,,,,,,,,,,,none,none
sun3d-hotel_umd-maryland_hotel1,36,38,0.408777633289987,0.6796874999999973,0.5515,1,1,,,,,,,,,,,,,,,,,,,,,,,,,,,,,,,,,none,none
sun3d-hotel_umd-maryland_hotel1,36,39,0.2929778933680104,0.5703124999999977,0.49,1,1,,,,,,,,,,,,,,,,,,,,,,,,,,,,,,,,,none,none
sun3d-hotel_umd-maryland_hotel1,36,42,0.23621586475942782,0.0,0.0,1,0,,,,,,,,,,,,,,,,,,,,,,,,,,,,,,,,,none,none
sun3d-hotel_umd-maryland_hotel1,36,53,0.1856957087126138,0.0,0.0,1,0,,,,,,,,,,,,,,,,,,,,,,,,,,,,,,,,,none,none
sun3d-hotel_umd-maryland_hotel1,36,55,0.42184655396618986,0.015624999999999938,0.0,1,0,,,,,,,,,,,,,,,,,,,,,,,,,,,,,,,,,none,none
sun3d-hotel_umd-maryland_hotel1,36,56,0.3442782834850455,0.496093749999998,0.468,1,1,,,,,,,,,,,,,,,,,,,,,,,,,,,,,,,,,none,none
sun3d-hotel_umd-maryland_hotel1,37,38,0.4120167631963083,0.6523437499999974,0.5365,1,0,,,,,,,,,,,,,,,,,,,,,,,,,,,,,,,,,none,none
sun3d-hotel_umd-maryland_hotel1,37,39,0.33498140038611857,0.6054687499999976,0.473,1,1,,,,,,,,,,,,,,,,,,,,,,,,,,,,,,,,,none,none
sun3d-hotel_umd-maryland_hotel1,37,41,0.4737957338607148,0.7031249999999972,0.5855,1,1,,,,,,,,,,,,,,,,,,,,,,,,,,,,,,,,,none,none
sun3d-hotel_umd-maryland_hotel1,37,42,0.21387201582144372,0.4726562499999981,0.349,1,1,,,,,,,,,,,,,,,,,,,,,,,,,,,,,,,,,none,none
sun3d-hotel_umd-maryland_hotel1,37,55,0.32928379714648964,0.027343749999999892,0.0,1,0,,,,,,,,,,,,,,,,,,,,,,,,,,,,,,,,,none,none
sun3d-hotel_umd-maryland_hotel1,37,56,0.4249658614681923,0.5742187499999977,0.462,1,1,,,,,,,,,,,,,,,,,,,,,,,,,,,,,,,,,none,none
sun3d-hotel_umd-maryland_hotel1,38,55,0.26742581090407175,0.042968749999999827,0.0,1,0,,,,,,,,,,,,,,,,,,,,,,,,,,,,,,,,,none,none
sun3d-hotel_umd-maryland_hotel1,40,41,0.2870109830262322,0.5624999999999978,0.433,1,0,,,,,,,,,,,,,,,,,,,,,,,,,,,,,,,,,none,none
sun3d-hotel_umd-maryland_hotel1,41,42,0.17346249155215138,0.0,0.0,1,0,,,,,,,,,,,,,,,,,,,,,,,,,,,,,,,,,none,none
sun3d-hotel_umd-maryland_hotel1,41,53,0.148456859653075,0.0,0.0,1,0,,,,,,,,,,,,,,,,,,,,,,,,,,,,,,,,,none,none
sun3d-hotel_umd-maryland_hotel1,41,55,0.3546970038296914,0.054687499999999785,0.0015,1,0,,,,,,,,,,,,,,,,,,,,,,,,,,,,,,,,,none,none
sun3d-hotel_umd-maryland_hotel1,42,53,0.29563160020774426,0.015624999999999938,0.002,1,0,,,,,,,,,,,,,,,,,,,,,,,,,,,,,,,,,none,none
sun3d-hotel_umd-maryland_hotel1,42,55,0.40567834266258873,0.3710937499999985,0.265,1,1,,,,,,,,,,,,,,,,,,,,,,,,,,,,,,,,,none,none
sun3d-hotel_umd-maryland_hotel1,43,45,0.25483166209175956,0.4414062499999982,0.35,1,1,,,,,,,,,,,,,,,,,,,,,,,,,,,,,,,,,none,none
sun3d-hotel_umd-maryland_hotel1,43,48,0.3172931488432021,0.5976562499999976,0.4095,1,1,,,,,,,,,,,,,,,,,,,,,,,,,,,,,,,,,none,none
sun3d-hotel_umd-maryland_hotel1,43,49,0.2918603999775923,0.5820312499999977,0.482,1,1,,,,,,,,,,,,,,,,,,,,,,,,,,,,,,,,,none,none
sun3d-hotel_umd-maryland_hotel1,43,53,0.1701865441711949,0.023437499999999906,0.0335,1,0,,,,,,,,,,,,,,,,,,,,,,,,,,,,,,,,,none,none
sun3d-hotel_umd-maryland_hotel1,43,55,0.2677160943364517,0.4335937499999983,0.363,1,1,,,,,,,,,,,,,,,,,,,,,,,,,,,,,,,,,none,none
sun3d-hotel_umd-maryland_hotel1,44,45,0.2075927145051569,0.5156249999999979,0.4835,1,0,,,,,,,,,,,,,,,,,,,,,,,,,,,,,,,,,none,none
sun3d-hotel_umd-maryland_hotel1,44,47,0.22639163192158585,0.5312499999999979,0.4065,1,1,,,,,,,,,,,,,,,,,,,,,,,,,,,,,,,,,none,none
sun3d-hotel_umd-maryland_hotel1,44,52,0.13276278253236778,0.0039062499999999844,0.0,1,0,,,,,,,,,,,,,,,,,,,,,,,,,,,,,,,,,none,none
sun3d-hotel_umd-maryland_hotel1,45,46,0.20647984165017189,0.24609374999999903,0.27,1,0,,,,,,,,,,,,,,,,,,,,,,,,,,,,,,,,,none,none
sun3d-hotel_umd-maryland_hotel1,47,48,0.2676422319474836,0.3242187499999987,0.278,1,0,,,,,,,,,,,,,,,,,,,,,,,,,,,,,,,,,none,none
sun3d-hotel_umd-maryland_hotel1,47,56,0.21963894967177242,0.26562499999999895,0.237,1,0,,,,,,,,,,,,,,,,,,,,,,,,,,,,,,,,,none,none
sun3d-hotel_umd-maryland_hotel1,48,49,0.14504596527068436,0.23828124999999906,0.1735,1,0,,,,,,,,,,,,,,,,,,,,,,,,,,,,,,,,,none,none
sun3d-hotel_umd-maryland_hotel1,49,54,0.21086892198441662,0.0,0.0,1,0,,,,,,,,,,,,,,,,,,,,,,,,,,,,,,,,,none,none
sun3d-hotel_umd-maryland_hotel1,50,55,0.2983899194959748,0.0,0.001,1,0,,,,,,,,,,,,,,,,,,,,,,,,,,,,,,,,,none,none
sun3d-hotel_umd-maryland_hotel1,51,55,0.24020408163265305,0.28515624999999883,0.225,1,1,,,,,,,,,,,,,,,,,,,,,,,,,,,,,,,,,none,none
sun3d-hotel_umd-maryland_hotel1,52,53,0.12133363886342804,0.023437499999999906,0.005,1,0,,,,,,,,,,,,,,,,,,,,,,,,,,,,,,,,,none,none
sun3d-hotel_umd-maryland_hotel1,52,54,0.12946837763519706,0.12109374999999951,0.031,1,0,,,,,,,,,,,,,,,,,,,,,,,,,,,,,,,,,none,none
sun3d-hotel_umd-maryland_hotel1,54,55,0.2883580080753701,0.09374999999999963,0.05,1,0,,,,,,,,,,,,,,,,,,,,,,,,,,,,,,,,,none,none
sun3d-hotel_umd-maryland_hotel3,0,11,0.35877572497661364,0.7070312499999972,0.5385,1,1,,,,,,,,,,,,,,,,,,,,,,,,,,,,,,,,,none,none
sun3d-hotel_umd-maryland_hotel3,0,27,0.19931010289990644,0.011718749999999953,0.003,1,0,,,,,,,,,,,,,,,,,,,,,,,,,,,,,,,,,none,none
sun3d-hotel_umd-maryland_hotel3,1,11,0.1461433046202036,0.33984374999999867,0.1815,1,0,,,,,,,,,,,,,,,,,,,,,,,,,,,,,,,,,none,none
sun3d-hotel_umd-maryland_hotel3,1,12,0.3642978334638476,0.5312499999999979,0.335,1,1,,,,,,,,,,,,,,,,,,,,,,,,,,,,,,,,,none,none
sun3d-hotel_umd-maryland_hotel3,1,13,0.2731010180109632,0.6874999999999972,0.5115,1,1,,,,,,,,,,,,,,,,,,,,,,,,,,,,,,,,,none,none
sun3d-hotel_umd-maryland_hotel3,3,5,0.36688320818920667,0.9492187499999962,0.805,1,1,,,,,,,,,,,,,,,,,,,,,,,,,,,,,,,,,none,none
sun3d-hotel_umd-maryland_hotel3,5,7,0.17858096000610013,0.7031249999999972,0.6695,1,1,,,,,,,,,,,,,,,,,,,,,,,,,,,,,,,,,none,none
sun3d-hotel_umd-maryland_hotel3,8,14,0.23149738035486286,0.6992187499999972,0.562,1,1,,,,,,,,,,,,,,,,,,,,,,,,,,,,,,,,,none,none
sun3d-hotel_umd-maryland_hotel3,8,16,0.3494474530004843,0.9257812499999963,0.6595,1,1,,,,,,,,,,,,,,,,,,,,,,,,,,,,,,,,,none,none
sun3d-hotel_umd-maryland_hotel3,9,10,0.30990595819625827,0.8164062499999968,0.658,1,0,,,,,,,,,,,,,,,,,,,,,,,,,,,,,,,,,none,none
sun3d-hotel_umd-maryland_hotel3,9,15,0.343036586581597,0.8164062499999968,0.6215,1,1,,,,,,,,,,,,,,,,,,,,,,,,,,,,,,,,,none,none
sun3d-hotel_umd-maryland_hotel3,9,16,0.26172199514837335,0.7851562499999969,0.517,1,1,,,,,,,,,,,,,,,,,,,,,,,,,,,,,,,,,none,none
sun3d-hotel_umd-maryland_hotel3,10,11,0.33152088258471235,0.9062499999999963,0.679,1,0,,,,,,,,,,,,,,,,,,,,,,,,,,,,,,,,,none,none
sun3d-hotel_umd-maryland_hotel3,10,13,0.18486997635933805,0.6953124999999972,0.476,1,1,,,,,,,,,,,,,,,,,,,,,,,,,,,,,,,,,none,none
sun3d-hotel_umd-maryland_hotel3,10,17,0.2788810086682427,0.4374999999999983,0.1595,1,1,,,,,,,,,,,,,,,,,,,,,,,,,,,,,,,,,none,none
sun3d-hotel_umd-maryland_hotel3,11,14,0.4067378468009383,0.9257812499999963,0.6655,1,1,,,,,,,,,,,,,,,,,,,,,,,,,,,,,,,,,none,none
sun3d-hotel_umd-maryland_hotel3,11,27,0.27436706301059616,0.03515624999999986,0.006,1,0,,,,,,,,,,,,,,,,,,,,,,,,,,,,,,,,,none,none
sun3d-hotel_umd-maryland_hotel3,12,27,0.24284199363732767,0.015624999999999938,0.002,1,0,,,,,,,,,,,,,,,,,,,,,,,,,,,,,,,,,none,none
sun3d-hotel_umd-maryland_hotel3,13,14,0.24399561609519335,0.7890624999999969,0.5655,1,0,,,,,,,,,,,,,,,,,,,,,,,,,,,,,,,,,none,none
sun3d-hotel_umd-maryland_hotel3,13,27,0.24086425551902302,0.015624999999999938,0.003,1,0,,,,,,,,,,,,,,,,,,,,,,,,,,,,,,,,,none,none
sun3d-hotel_umd-maryland_hotel3,14,16,0.31325829557082296,0.507812499999998,0.3975,1,1,,,,,,,,,,,,,,,,,,,,,,,,,,,,,,,,,none,none
sun3d-hotel_umd-maryland_hotel3,14,17,0.28338936802611703,0.19531249999999922,0.113,1,1,,,,,,,,,,,,,,,,,,,,,,,,,,,,,,,,,none,none
sun3d-hotel_umd-maryland_hotel3,16,18,0.22415353112052955,0.4374999999999983,0.322,1,1,,,,,,,,,,,,,,,,,,,,,,,,,,,,,,,,,none,none
sun3d-hotel_umd-maryland_hotel3,16,19,0.22829658555169294,0.5273437499999979,0.397,1,1,,,,,,,,,,,,,,,,,,,,,,,,,,,,,,,,,none,none
sun3d-hotel_umd-maryland_hotel3,18,20,0.3257159221076747,0.6640624999999973,0.465,1,1,,,,,,,,,,,,,,,,,,,,,,,,,,,,,,,,,none,none
sun3d-hotel_umd-maryland_hotel3,20,33,0.23935819473954137,0.0,0.0,1,0,,,,,,,,,,,,,,,,,,,,,,,,,,,,,,,,,none,none
sun3d-hotel_umd-maryland_hotel3,20,34,0.3159938457029819,0.0,0.0,1,0,,,,,,,,,,,,,,,,,,,,,,,,,,,,,,,,,none,none
sun3d-hotel_umd-maryland_hotel3,20,36,0.19671770825701518,0.0,0.0,1,0,,,,,,,,,,,,,,,,,,,,,,,,,,,,,,,,,none,none
sun3d-hotel_umd-maryland_hotel3,21,24,0.3441896714385332,0.742187499999997,0.6095,1,1,,,,,,,,,,,,,,,,,,,,,,,,,,,,,,,,,none,none
sun3d-hotel_umd-maryland_hotel3,21,29,0.32663357807949467,0.7343749999999971,0.592,1,1,,,,,,,,,,,,,,,,,,,,,,,,,,,,,,,,,none,none
sun3d-hotel_umd-maryland_hotel3,21,30,0.32425448131588663,0.6523437499999974,0.5235,1,1,,,,,,,,,,,,,,,,,,,,,,,,,,,,,,,,,none,none
sun3d-hotel_umd-maryland_hotel3,21,31,0.36843184708150456,0.5390624999999979,0.486,1,1,,,,,,,,,,,,,,,,,,,,,,,,,,,,,,,,,none,none
sun3d-hotel_umd-maryland_hotel3,22,24,0.3480354034736881,0.753906249999997,0.607,1,1,,,,,,,,,,,,,,,,,,,,,,,,,,,,,,,,,none,none
sun3d-hotel_umd-maryland_hotel3,22,27,0.3078917157352887,0.019531249999999924,0.0245,1,0,,,,,,,,,,,,,,,,,,,,,,,,,,,,,,,,,none,none
sun3d-hotel_umd-maryland_hotel3,22,30,0.38917898011332075,0.8593749999999966,0.625,1,1,,,,,,,,,,,,,,,,,,,,,,,,,,,,,,,,,none,none
sun3d-hotel_umd-maryland_hotel3,22,31,0.1457615820464393,0.5468749999999978,0.46,1,1,,,,,,,,,,,,,,,,,,,,,,,,,,,,,,,,,none,none
sun3d-hotel_umd-maryland_hotel3,23,24,0.3365671641791045,0.8320312499999967,0.698,1,0,,,,,,,,,,,,,,,,,,,,,,,,,,,,,,,,,none,none
sun3d-hotel_umd-maryland_hotel3,23,27,0.3642324093816631,0.10546874999999958,0.1255,1,0,,,,,,,,,,,,,,,,,,,,,,,,,,,,,,,,,none,none
sun3d-hotel_umd-maryland_hotel3,24,25,0.32826048486993453,0.12109374999999951,0.0645,1,0,,,,,,,,,,,,,,,,,,,,,,,,,,,,,,,,,none,none
sun3d-hotel_umd-maryland_hotel3,24,30,0.1715625552999469,0.0039062499999999844,0.008,1,0,,,,,,,,,,,,,,,,,,,,,,,,,,,,,,,,,none,none
sun3d-hotel_umd-maryland_hotel3,25,26,0.27860533638893437,0.0,0.0,1,0,,,,,,,,,,,,,,,,,,,,,,,,,,,,,,,,,none,none
sun3d-hotel_umd-maryland_hotel3,25,28,0.2813881158945818,0.249999999999999,0.234,1,1,,,,,,,,,,,,,,,,,,,,,,,,,,,,,,,,,none,none
sun3d-hotel_umd-maryland_hotel3,27,28,0.2355755894590846,0.6718749999999973,0.5145,1,0,,,,,,,,,,,,,,,,,,,,,,,,,,,,,,,,,none,none
sun3d-hotel_umd-maryland_hotel3,28,31,0.20477081384471468,0.3789062499999985,0.381,1,1,,,,,,,,,,,,,,,,,,,,,,,,,,,,,,,,,none,none
sun3d-hotel_umd-maryland_hotel3,29,31,0.1838303624229112,0.19140624999999922,0.169,1,1,,,,,,,,,,,,,,,,,,,,,,,,,,,,,,,,,none,none
sun3d-hotel_umd-maryland_hotel3,30,32,0.3185676392572944,0.5156249999999979,0.4,1,1,,,,,,,,,,,,,,,,,,,,,,,,,,,,,,,,,none,none
sun3d-hotel_umd-maryland_hotel3,30,33,0.2134394341290893,0.023437499999999906,0.028,1,0,,,,,,,,,,,,,,,,,,,,,,,,,,,,,,,,,none,none
sun3d-hotel_umd-maryland_hotel3,31,35,0.13008605564374634,0.21484374999999914,0.073,1,0,,,,,,,,,,,,,,,,,,,,,,,,,,,,,,,,,none,none
sun3d-hotel_umd-maryland_hotel3,31,36,0.25674659537137606,0.26953124999999895,0.107,1,1,,,,,,,,,,,,,,,,,,,,,,,,,,,,,,,,,none,none
sun3d-mit_76_studyroom-76-1studyroom2,0,3,0.4024747400790745,0.7070312499999972,0.554,1,1,,,,,,,,,,,,,,,,,,,,,,,,,,,,,,,,,none,none
sun3d-mit_76_studyroom-76-1studyroom2,0,8,0.33716503148337973,0.5781249999999977,0.5145,1,1,,,,,,,,,,,,,,,,,,,,,,,,,,,,,,,,,none,none
sun3d-mit_76_studyroom-76-1studyroom2,0,18,0.14841118758236932,0.058593749999999764,0.0265,1,0,,,,,,,,,,,,,,,,,,,,,,,,,,,,,,,,,none,none
sun3d-mit_76_studyroom-76-1studyroom2,0,19,0.2901596134133841,0.058593749999999764,0.0235,1,0,,,,,,,,,,,,,,,,,,,,,,,,,,,,,,,,,none,none
sun3d-mit_76_studyroom-76-1studyroom2,0,21,0.3938351149509445,0.6992187499999972,0.5095,1,1,,,,,,,,,,,,,,,,,,,,,,,,,,,,,,,,,none,none
sun3d-mit_76_studyroom-76-1studyroom2,0,22,0.20390979645628934,0.4374999999999983,0.5245,1,1,,,,,,,,,,,,,,,,,,,,,,,,,,,,,,,,,none,none
sun3d-mit_76_studyroom-76-1studyroom2,0,33,0.21621027968955922,0.4296874999999983,0.4215,1,1,,,,,,,,,,,,,,,,,,,,,,,,,,,,,,,,,none,none
sun3d-mit_76_studyroom-76-1studyroom2,0,39,0.15639185825157417,0.0,0.0,1,0,,,,,,,,,,,,,,,,,,,,,,,,,,,,,,,,,none,none
sun3d-mit_76_studyroom-76-1studyroom2,0,44,0.1675940840533021,0.16406249999999933,0.153,1,0,,,,,,,,,,,,,,,,,,,,,,,,,,,,,,,,,none,none
sun3d-mit_76_studyroom-76-1studyroom2,0,45,0.32728071459950214,0.5312499999999979,0.528,1,1,,,,,,,,,,,,,,,,,,,,,,,,,,,,,,,,,none,none
sun3d-mit_76_studyroom-76-1studyroom2,0,50,0.27222140869819883,0.45312499999999817,0.482,1,1,,,,,,,,,,,,,,,,,,,,,,,,,,,,,,,,,none,none
sun3d-mit_76_studyroom-76-1studyroom2,0,51,0.1767462293161517,0.2812499999999989,0.2775,1,1,,,,,,,,,,,,,,,,,,,,,,,,,,,,,,,,,none,none
sun3d-mit_76_studyroom-76-1studyroom2,0,64,0.17147459364475032,0.0507812499999998,0.0,1,0,,,,,,,,,,,,,,,,,,,,,,,,,,,,,,,,,none,none
sun3d-mit_76_studyroom-76-1studyroom2,1,8,0.3828987902922834,0.6249999999999976,0.568,1,1,,,,,,,,,,,,,,,,,,,,,,,,,,,,,,,,,none,none
sun3d-mit_76_studyroom-76-1studyroom2,1,19,0.2883011495980164,0.011718749999999953,0.0025,1,0,,,,,,,,,,,,,,,,,,,,,,,,,,,,,,,,,none,none
sun3d-mit_76_studyroom-76-1studyroom2,1,20,0.4095724697573071,0.4062499999999984,0.2725,1,1,,,,,,,,,,,,,,,,,,,,,,,,,,,,,,,,,none,none
sun3d-mit_76_studyroom-76-1studyroom2,1,21,0.37080171312645577,0.6367187499999974,0.503,1,1,,,,,,,,,,,,,,,,,,,,,,,,,,,,,,,,,none,none
sun3d-mit_76_studyroom-76-1studyroom2,1,22,0.19430460590577806,0.3984374999999984,0.432,1,1,,,,,,,,,,,,,,,,,,,,,,,,,,,,,,,,,none,none
sun3d-mit_76_studyroom-76-1studyroom2,1,33,0.1607934480426779,0.33593749999999867,0.387,1,1,,,,,,,,,,,,,,,,,,,,,,,,,,,,,,,,,none,none
sun3d-mit_76_studyroom-76-1studyroom2,1,39,0.19129912089563453,0.027343749999999892,0.02,1,0,,,,,,,,,,,,,,,,,,,,,,,,,,,,,,,,,none,none
sun3d-mit_76_studyroom-76-1studyroom2,1,44,0.1969344052896536,0.011718749999999953,0.011,1,0,,,,,,,,,,,,,,,,,,,,,,,,,,,,,,,,,none,none
sun3d-mit_76_studyroom-76-1studyroom2,1,50,0.3013750093921407,0.5351562499999979,0.565,1,1,,,,,,,,,,,,,,,,,,,,,,,,,,,,,,,,,none,none
sun3d-mit_76_studyroom-76-1studyroom2,1,51,0.19250131489969194,0.3164062499999987,0.35,1,1,,,,,,,,,,,,,,,,,,,,,,,,,,,,,,,,,none,none
sun3d-mit_76_studyroom-76-1studyroom2,1,64,0.14869637087685025,0.0,0.0,1,0,,,,,,,,,,,,,,,,,,,,,,,,,,,,,,,,,none,none
sun3d-mit_76_studyroom-76-1studyroom2,2,4,0.3435916002896452,0.019531249999999924,0.0,1,0,,,,,,,,,,,,,,,,,,,,,,,,,,,,,,,,,none,none
sun3d-mit_76_studyroom-76-1studyroom2,2,21,0.18784697079411056,0.11328124999999954,0.0955,1,0,,,,,,,,,,,,,,,,,,,,,,,,,,,,,,,,,none,none
sun3d-mit_76_studyroom-76-1studyroom2,2,34,0.4142529567945933,0.6953124999999972,0.524,1,1,,,,,,,,,,,,,,,,,,,,,,,,,,,,,,,,,none,none
sun3d-mit_76_studyroom-76-1studyroom2,2,43,0.138848660391021,0.0,0.0,1,0,,,,,,,,,,,,,,,,,,,,,,,,,,,,,,,,,none,none
sun3d-mit_76_studyroom-76-1studyroom2,2,51,0.19454501568911417,0.41406249999999833,0.373,1,1,,,,,,,,,,,,,,,,,,,,,,,,,,,,,,,,,none,none
sun3d-mit_76_studyroom-76-1studyroom2,3,8,0.175046904315197,0.46484374999999817,0.4245,1,1,,,,,,,,,,,,,,,,,,,,,,,,,,,,,,,,,none,none
sun3d-mit_76_studyroom-76-1studyroom2,3,35,0.274202626641651,0.5859374999999977,0.4975,1,1,,,,,,,,,,,,,,,,,,,,,,,,,,,,,,,,,none,none
sun3d-mit_76_studyroom-76-1studyroom2,3,36,0.31064727954971855,0.7304687499999971,0.5805,1,1,,,,,,,,,,,,,,,,,,,,,,,,,,,,,,,,,none,none
sun3d-mit_76_studyroom-76-1studyroom2,3,37,0.33860225140712946,0.7656249999999969,0.5865,1,1,,,,,,,,,,,,,,,,,,,,,,,,,,,,,,,,,none,none
sun3d-mit_76_studyroom-76-1studyroom2,3,41,0.325046904315197,0.1562499999999994,0.025,1,0,,,,,,,,,,,,,,,,,,,,,,,,,,,,,,,,,none,none
sun3d-mit_76_studyroom-76-1studyroom2,3,42,0.3869606003752345,0.3242187499999987,0.14,1,0,,,,,,,,,,,,,,,,,,,,,,,,,,,,,,,,,none,none
sun3d-mit_76_studyroom-76-1studyroom2,4,6,0.34951627088830256,0.0,0.0,1,0,,,,,,,,,,,,,,,,,,,,,,,,,,,,,,,,,none,none
sun3d-mit_76_studyroom-76-1studyroom2,4,7,0.30026385224274404,0.0,0.0,1,0,,,,,,,,,,,,,,,,,,,,,,,,,,,,,,,,,none,none
sun3d-mit_76_studyroom-76-1studyroom2,4,38,0.2830841395485195,0.0,0.0,1,0,,,,,,,,,,,,,,,,,,,,,,,,,,,,,,,,,none,none
sun3d-mit_76_studyroom-76-1studyroom2,4,45,0.30149516270888305,0.0,0.0,1,0,,,,,,,,,,,,,,,,,,,,,,,,,,,,,,,,,none,none
sun3d-mit_76_studyroom-76-1studyroom2,4,49,0.25476399882732337,0.0,0.0,1,0,,,,,,,,,,,,,,,,,,,,,,,,,,,,,,,,,none,none
sun3d-mit_76_studyroom-76-1studyroom2,5,8,0.18912614390812849,0.35937499999999856,0.3245,1,1,,,,,,,,,,,,,,,,,,,,,,,,,,,,,,,,,none,none
sun3d-mit_76_studyroom-76-1studyroom2,5,34,0.17921227346133142,0.499999999999998,0.328,1,0,,,,,,,,,,,,,,,,,,,,,,,,,,,,,,,,,none,none
sun3d-mit_76_studyroom-76-1studyroom2,5,35,0.30100484478736766,0.6718749999999973,0.541,1,1,,,,,,,,,,,,,,,,,,,,,,,,,,,,,,,,,none,none
sun3d-mit_76_studyroom-76-1studyroom2,5,36,0.3337968778036964,0.7734374999999969,0.5215,1,1,,,,,,,,,,,,,,,,,,,,,,,,,,,,,,,,,none,none
sun3d-mit_76_studyroom-76-1studyroom2,5,41,0.330791315270052,0.4765624999999981,0.3895,1,1,,,,,,,,,,,,,,,,,,,,,,,,,,,,,,,,,none,none
sun3d-mit_76_studyroom-76-1studyroom2,5,42,0.44141396016508166,0.4687499999999981,0.3625,1,1,,,,,,,,,,,,,,,,,,,,,,,,,,,,,,,,,none,none
sun3d-mit_76_studyroom-76-1studyroom2,5,50,0.17714875291584425,0.21874999999999914,0.1825,1,1,,,,,,,,,,,,,,,,,,,,,,,,,,,,,,,,,none,none
sun3d-mit_76_studyroom-76-1studyroom2,6,34,0.3394438138479001,0.7343749999999971,0.557,1,1,,,,,,,,,,,,,,,,,,,,,,,,,,,,,,,,,none,none
sun3d-mit_76_studyroom-76-1studyroom2,6,40,0.3068671963677639,0.03515624999999986,0.0125,1,0,,,,,,,,,,,,,,,,,,,,,,,,,,,,,,,,,none,none
sun3d-mit_76_studyroom-76-1studyroom2,6,43,0.35380249716231554,0.042968749999999827,0.015,1,0,,,,,,,,,,,,,,,,,,,,,,,,,,,,,,,,,none,none
sun3d-mit_76_studyroom-76-1studyroom2,6,50,0.3453461975028377,0.5234374999999979,0.6005,1,1,,,,,,,,,,,,,,,,,,,,,,,,,,,,,,,,,none,none
sun3d-mit_76_studyroom-76-1studyroom2,6,51,0.15317820658342793,0.3984374999999984,0.3645,1,1,,,,,,,,,,,,,,,,,,,,,,,,,,,,,,,,,none,none
sun3d-mit_76_studyroom-76-1studyroom2,7,34,0.2583298864837538,0.6523437499999974,0.523,1,1,,,,,,,,,,,,,,,,,,,,,,,,,,,,,,,,,none,none
sun3d-mit_76_studyroom-76-1studyroom2,7,40,0.31885656509949906,0.007812499999999969,0.0035,1,0,,,,,,,,,,,,,,,,,,,,,,,,,,,,,,,,,none,none
sun3d-mit_76_studyroom-76-1studyroom2,7,43,0.2859506411140218,0.042968749999999827,0.002,1,0,,,,,,,,,,,,,,,,,,,,,,,,,,,,,,,,,none,none
sun3d-mit_76_studyroom-76-1studyroom2,8,9,0.3474364197171623,0.3789062499999985,0.46,1,0,,,,,,,,,,,,,,,,,,,,,,,,,,,,,,,,,none,none
sun3d-mit_76_studyroom-76-1studyroom2,8,10,0.18099284176220684,0.24609374999999903,0.157,1,1,,,,,,,,,,,,,,,,,,,,,,,,,,,,,,,,,none,none
sun3d-mit_76_studyroom-76-1studyroom2,8,34,0.17371820985858116,0.5156249999999979,0.4485,1,1,,,,,,,,,,,,,,,,,,,,,,,,,,,,,,,,,none,none
sun3d-mit_76_studyroom-76-1studyroom2,8,35,0.3022755048594541,0.6406249999999974,0.5205,1,1,,,,,,,,,,,,,,,,,,,,,,,,,,,,,,,,,none,none
sun3d-mit_76_studyroom-76-1studyroom2,8,36,0.3962055519990689,0.6718749999999973,0.5695,1,1,,,,,,,,,,,,,,,,,,,,,,,,,,,,,,,,,none,none
sun3d-mit_76_studyroom-76-1studyroom2,8,52,0.28889018215678286,0.24609374999999903,0.265,1,1,,,,,,,,,,,,,,,,,,,,,,,,,,,,,,,,,none,none
sun3d-mit_76_studyroom-76-1studyroom2,8,53,0.1731944363615201,0.14843749999999942,0.1695,1,0,,,,,,,,,,,,,,,,,,,,,,,,,,,,,,,,,none,none
sun3d-mit_76_studyroom-76-1studyroom2,8,55,0.16184601059186404,0.1015624999999996,0.103,1,0,,,,,,,,,,,,,,,,,,,,,,,,,,,,,,,,,none,none
sun3d-mit_76_studyroom-76-1studyroom2,9,12,0.3432056398970495,0.6874999999999972,0.5515,1,1,,,,,,,,,,,,,,,,,,,,,,,,,,,,,,,,,none,none
sun3d-mit_76_studyroom-76-1studyroom2,9,36,0.20321533813271664,0.25781249999999895,0.06,1,1,,,,,,,,,,,,,,,,,,,,,,,,,,,,,,,,,none,none
sun3d-mit_76_studyroom-76-1studyroom2,9,37,0.23010929165578722,0.3749999999999985,0.168,1,1,,,,,,,,,,,,,,,,,,,,,,,,,,,,,,,,,none,none
sun3d-mit_76_studyroom-76-1studyroom2,9,38,0.26882763251147,0.511718749999998,0.352,1,1,,,,,,,,,,,,,,,,,,,,,,,,,,,,,,,,,none,none
sun3d-mit_76_studyroom-76-1studyroom2,9,39,0.2534596590697154,0.6210937499999976,0.582,1,1,,,,,,,,,,,,,,,,,,,,,,,,,,,,,,,,,none,none
sun3d-mit_76_studyroom-76-1studyroom2,9,50,0.20813905777910402,0.38281249999999845,0.4075,1,1,,,,,,,,,,,,,,,,,,,,,,,,,,,,,,,,,none,none
sun3d-mit_76_studyroom-76-1studyroom2,9,54,0.1782983326494834,0.36328124999999856,0.273,1,1,,,,,,,,,,,,,,,,,,,,,,,,,,,,,,,,,none,none
sun3d-mit_76_studyroom-76-1studyroom2,9,56,0.28934313103808423,0.2734374999999989,0.176,1,1,,,,,,,,,,,,,,,,,,,,,,,,,,,,,,,,,none,none
sun3d-mit_76_studyroom-76-1studyroom2,10,13,0.182576112412178,0.13281249999999947,0.0535,1,0,,,,,,,,,,,,,,,,,,,,,,,,,,,,,,,,,none,none
sun3d-mit_76_studyroom-76-1studyroom2,10,37,0.1688056206088993,0.2734374999999989,0.103,1,0,,,,,,,,,,,,,,,,,,,,,,,,,,,,,,,,,none,none
sun3d-mit_76_studyroom-76-1studyroom2,10,39,0.20159250585480093,0.3789062499999985,0.3625,1,1,,,,,,,,,,,,,,,,,,,,,,,,,,,,,,,,,none,none
sun3d-mit_76_studyroom-76-1studyroom2,10,56,0.35331772053083527,0.1992187499999992,0.102,1,0,,,,,,,,,,,,,,,,,,,,,,,,,,,,,,,,,none,none
sun3d-mit_76_studyroom-76-1studyroom2,11,13,0.21721190686707928,0.09765624999999961,0.014,1,0,,,,,,,,,,,,,,,,,,,,,,,,,,,,,,,,,none,none
sun3d-mit_76_studyroom-76-1studyroom2,11,51,0.17672413793103448,0.4765624999999981,0.3895,1,1,,,,,,,,,,,,,,,,,,,,,,,,,,,,,,,,,none,none
sun3d-mit_76_studyroom-76-1studyroom2,11,56,0.30002947244326555,0.5468749999999978,0.369,1,1,,,,,,,,,,,,,,,,,,,,,,,,,,,,,,,,,none,none
sun3d-mit_76_studyroom-76-1studyroom2,12,14,0.2771717351618505,0.007812499999999969,0.0,1,0,,,,,,,,,,,,,,,,,,,,,,,,,,,,,,,,,none,none
sun3d-mit_76_studyroom-76-1studyroom2,12,15,0.1618950086824881,0.36328124999999856,0.291,1,1,,,,,,,,,,,,,,,,,,,,,,,,,,,,,,,,,none,none
sun3d-mit_76_studyroom-76-1studyroom2,12,51,0.19034685426777684,0.07031249999999972,0.035,1,0,,,,,,,,,,,,,,,,,,,,,,,,,,,,,,,,,none,none
sun3d-mit_76_studyroom-76-1studyroom2,12,52,0.3332294403134601,0.7851562499999969,0.672,1,1,,,,,,,,,,,,,,,,,,,,,,,,,,,,,,,,,none,none
sun3d-mit_76_studyroom-76-1studyroom2,12,57,0.19894029119729284,0.7304687499999971,0.551,1,1,,,,,,,,,,,,,,,,,,,,,,,,,,,,,,,,,none,none
sun3d-mit_76_studyroom-76-1studyroom2,13,53,0.17674377847879424,0.1523437499999994,0.1305,1,0,,,,,,,,,,,,,,,,,,,,,,,,,,,,,,,,,none,none
sun3d-mit_76_studyroom-76-1studyroom2,13,58,0.20268138801261829,0.0039062499999999844,0.0,1,0,,,,,,,,,,,,,,,,,,,,,,,,,,,,,,,,,none,none
sun3d-mit_76_studyroom-76-1studyroom2,14,18,0.3810754586143857,0.496093749999998,0.331,1,1,,,,,,,,,,,,,,,,,,,,,,,,,,,,,,,,,none,none
sun3d-mit_76_studyroom-76-1studyroom2,14,55,0.3673958267666898,0.6874999999999972,0.436,1,1,,,,,,,,,,,,,,,,,,,,,,,,,,,,,,,,,none,none
sun3d-mit_76_studyroom-76-1studyroom2,14,61,0.18407615205194477,0.019531249999999924,0.008,1,0,,,,,,,,,,,,,,,,,,,,,,,,,,,,,,,,,none,none
sun3d-mit_76_studyroom-76-1studyroom2,14,62,0.3085797137994074,0.13671874999999944,0.139,1,0,,,,,,,,,,,,,,,,,,,,,,,,,,,,,,,,,none,none
sun3d-mit_76_studyroom-76-1studyroom2,14,63,0.1893084536342432,0.20703124999999917,0.1675,1,1,,,,,,,,,,,,,,,,,,,,,,,,,,,,,,,,,none,none
sun3d-mit_76_studyroom-76-1studyroom2,15,16,0.33101110901901715,0.5820312499999977,0.426,1,0,,,,,,,,,,,,,,,,,,,,,,,,,,,,,,,,,none,none
sun3d-mit_76_studyroom-76-1studyroom2,15,17,0.3065336094897383,0.6289062499999974,0.508,1,1,,,,,,,,,,,,,,,,,,,,,,,,,,,,,,,,,none,none
sun3d-mit_76_studyroom-76-1studyroom2,15,19,0.3094050084729806,0.6328124999999974,0.5655,1,1,,,,,,,,,,,,,,,,,,,,,,,,,,,,,,,,,none,none
sun3d-mit_76_studyroom-76-1studyroom2,15,55,0.1817454340048955,0.39453124999999845,0.2815,1,1,,,,,,,,,,,,,,,,,,,,,,,,,,,,,,,,,none,none
sun3d-mit_76_studyroom-76-1studyroom2,15,60,0.20942383731877237,0.39062499999999845,0.2125,1,1,,,,,,,,,,,,,,,,,,,,,,,,,,,,,,,,,none,none
sun3d-mit_76_studyroom-76-1studyroom2,15,61,0.35205234419130105,0.39453124999999845,0.263,1,1,,,,,,,,,,,,,,,,,,,,,,,,,,,,,,,,,none,none
sun3d-mit_76_studyroom-76-1studyroom2,15,63,0.4544812652984372,0.2031249999999992,0.127,1,1,,,,,,,,,,,,,,,,,,,,,,,,,,,,,,,,,none,none
sun3d-mit_76_studyroom-76-1studyroom2,15,64,0.3000376576915835,0.39062499999999845,0.3365,1,1,,,,,,,,,,,,,,,,,,,,,,,,,,,,,,,,,none,none
sun3d-mit_76_studyroom-76-1studyroom2,16,18,0.30482590103848506,0.5546874999999978,0.4965,1,1,,,,,,,,,,,,,,,,,,,,,,,,,,,,,,,,,none,none
sun3d-mit_76_studyroom-76-1studyroom2,16,19,0.27314774413125054,0.28906249999999883,0.304,1,1,,,,,,,,,,,,,,,,,,,,,,,,,,,,,,,,,none,none
sun3d-mit_76_studyroom-76-1studyroom2,16,57,0.29880443319661404,0.3242187499999987,0.176,1,1,,,,,,,,,,,,,,,,,,,,,,,,,,,,,,,,,none,none
sun3d-mit_76_studyroom-76-1studyroom2,16,58,0.31425080722576143,0.1562499999999994,0.0825,1,0,,,,,,,,,,,,,,,,,,,,,,,,,,,,,,,,,none,none
sun3d-mit_76_studyroom-76-1studyroom2,16,61,0.34435814643511653,0.09765624999999961,0.018,1,0,,,,,,,,,,,,,,,,,,,,,,,,,,,,,,,,,none,none
sun3d-mit_76_studyroom-76-1studyroom2,16,62,0.3815341652849289,0.042968749999999827,0.0045,1,0,,,,,,,,,,,,,,,,,,,,,,,,,,,,,,,,,none,none
sun3d-mit_76_studyroom-76-1studyroom2,16,63,0.3591063792652064,0.019531249999999924,0.043,1,0,,,,,,,,,,,,,,,,,,,,,,,,,,,,,,,,,none,none
sun3d-mit_76_studyroom-76-1studyroom2,16,64,0.32070861331704337,0.019531249999999924,0.023,1,0,,,,,,,,,,,,,,,,,,,,,,,,,,,,,,,,,none,none
sun3d-mit_76_studyroom-76-1studyroom2,17,20,0.24570758238242507,0.21093749999999917,0.194,1,1,,,,,,,,,,,,,,,,,,,,,,,,,,,,,,,,,none,none
sun3d-mit_76_studyroom-76-1studyroom2,17,57,0.2843126799616082,0.1523437499999994,0.0725,1,0,,,,,,,,,,,,,,,,,,,,,,,,,,,,,,,,,none,none
sun3d-mit_76_studyroom-76-1studyroom2,17,58,0.22427215527354163,0.0039062499999999844,0.0,1,0,,,,,,,,,,,,,,,,,,,,,,,,,,,,,,,,,none,none
sun3d-mit_76_studyroom-76-1studyroom2,17,61,0.3002026234403327,0.0,0.0,1,0,,,,,,,,,,,,,,,,,,,,,,,,,,,,,,,,,none,none
sun3d-mit_76_studyroom-76-1studyroom2,17,62,0.4666737762610643,0.0,0.0,1,0,,,,,,,,,,,,,,,,,,,,,,,,,,,,,,,,,none,none
sun3d-mit_76_studyroom-76-1studyroom2,17,63,0.4981337314706196,0.0,0.0,1,0,,,,,,,,,,,,,,,,,,,,,,,,,,,,,,,,,none,none
sun3d-mit_76_studyroom-76-1studyroom2,17,65,0.33507518396075503,0.1562499999999994,0.0955,1,0,,,,,,,,,,,,,,,,,,,,,,,,,,,,,,,,,none,none
sun3d-mit_76_studyroom-76-1studyroom2,18,21,0.28115327538689844,0.46484374999999817,0.336,1,1,,,,,,,,,,,,,,,,,,,,,,,,,,,,,,,,,none,none
sun3d-mit_76_studyroom-76-1studyroom2,18,34,0.26220055119779523,0.3046874999999988,0.1845,1,0,,,,,,,,,,,,,,,,,,,,,,,,,,,,,,,,,none,none
sun3d-mit_76_studyroom-76-1studyroom2,18,56,0.13911384354462583,0.04687499999999981,0.0215,1,0,,,,,,,,,,,,,,,,,,,,,,,,,,,,,,,,,none,none
sun3d-mit_76_studyroom-76-1studyroom2,18,57,0.3194827220691117,0.49218749999999806,0.285,1,1,,,,,,,,,,,,,,,,,,,,,,,,,,,,,,,,,none,none
sun3d-mit_76_studyroom-76-1studyroom2,18,58,0.2500317998728005,0.18359374999999928,0.219,1,1,,,,,,,,,,,,,,,,,,,,,,,,,,,,,,,,,none,none
sun3d-mit_76_studyroom-76-1studyroom2,18,61,0.28132287470850115,0.1015624999999996,0.051,1,0,,,,,,,,,,,,,,,,,,,,,,,,,,,,,,,,,none,none
sun3d-mit_76_studyroom-76-1studyroom2,18,65,0.40445198219207124,0.054687499999999785,0.048,1,0,,,,,,,,,,,,,,,,,,,,,,,,,,,,,,,,,none,none
sun3d-mit_76_studyroom-76-1studyroom2,19,22,0.25903179190751446,0.29687499999999883,0.3045,1,1,,,,,,,,,,,,,,,,,,,,,,,,,,,,,,,,,none,none
sun3d-mit_76_studyroom-76-1studyroom2,19,23,0.29724630700064225,0.09765624999999961,0.083,1,0,,,,,,,,,,,,,,,,,,,,,,,,,,,,,,,,,none,none
sun3d-mit_76_studyroom-76-1studyroom2,19,24,0.17449421965317918,0.03906249999999985,0.0245,1,0,,,,,,,,,,,,,,,,,,,,,,,,,,,,,,,,,none,none
sun3d-mit_76_studyroom-76-1studyroom2,19,33,0.2911849710982659,0.0,0.001,1,0,,,,,,,,,,,,,,,,,,,,,,,,,,,,,,,,,none,none
sun3d-mit_76_studyroom-76-1studyroom2,19,34,0.43673731535003213,0.41406249999999833,0.265,1,1,,,,,,,,,,,,,,,,,,,,,,,,,,,,,,,,,none,none
sun3d-mit_76_studyroom-76-1studyroom2,19,62,0.3312459858702633,0.03515624999999986,0.034,1,0,,,,,,,,,,,,,,,,,,,,,,,,,,,,,,,,,none,none
sun3d-mit_76_studyroom-76-1studyroom2,20,24,0.2824920751036333,0.28906249999999883,0.0705,1,0,,,,,,,,,,,,,,,,,,,,,,,,,,,,,,,,,none,none
sun3d-mit_76_studyroom-76-1studyroom2,20,25,0.11944241241973502,0.0,0.0,1,0,,,,,,,,,,,,,,,,,,,,,,,,,,,,,,,,,none,none
sun3d-mit_76_studyroom-76-1studyroom2,20,32,0.12070226773957571,0.0,0.0,1,0,,,,,,,,,,,,,,,,,,,,,,,,,,,,,,,,,none,none
sun3d-mit_76_studyroom-76-1studyroom2,20,33,0.3766154596439893,0.0,0.0015,1,0,,,,,,,,,,,,,,,,,,,,,,,,,,,,,,,,,none,none
sun3d-mit_76_studyroom-76-1studyroom2,20,35,0.15264569617166546,0.4414062499999982,0.399,1,1,,,,,,,,,,,,,,,,,,,,,,,,,,,,,,,,,none,none
sun3d-mit_76_studyroom-76-1studyroom2,20,63,0.32256360237340487,0.058593749999999764,0.03,1,0,,,,,,,,,,,,,,,,,,,,,,,,,,,,,,,,,none,none
sun3d-mit_76_studyroom-76-1studyroom2,21,25,0.1597153024911032,0.0,0.0,1,0,,,,,,,,,,,,,,,,,,,,,,,,,,,,,,,,,none,none
sun3d-mit_76_studyroom-76-1studyroom2,21,32,0.21655990510083037,0.0,0.0,1,0,,,,,,,,,,,,,,,,,,,,,,,,,,,,,,,,,none,none
sun3d-mit_76_studyroom-76-1studyroom2,21,35,0.20612099644128115,0.6874999999999972,0.616,1,1,,,,,,,,,,,,,,,,,,,,,,,,,,,,,,,,,none,none
sun3d-mit_76_studyroom-76-1studyroom2,21,47,0.16384341637010677,0.07031249999999972,0.0545,1,0,,,,,,,,,,,,,,,,,,,,,,,,,,,,,,,,,none,none
sun3d-mit_76_studyroom-76-1studyroom2,21,48,0.2359667852906287,0.08593749999999965,0.0515,1,0,,,,,,,,,,,,,,,,,,,,,,,,,,,,,,,,,none,none
sun3d-mit_76_studyroom-76-1studyroom2,21,63,0.24517200474495848,0.04687499999999981,0.0335,1,0,,,,,,,,,,,,,,,,,,,,,,,,,,,,,,,,,none,none
sun3d-mit_76_studyroom-76-1studyroom2,21,64,0.36109134045077107,0.3437499999999986,0.182,1,1,,,,,,,,,,,,,,,,,,,,,,,,,,,,,,,,,none,none
sun3d-mit_76_studyroom-76-1studyroom2,21,65,0.39786476868327403,0.027343749999999892,0.0115,1,0,,,,,,,,,,,,,,,,,,,,,,,,,,,,,,,,,none,none
sun3d-mit_76_studyroom-76-1studyroom2,22,25,0.24848752205697,0.19140624999999922,0.079,1,0,,,,,,,,,,,,,,,,,,,,,,,,,,,,,,,,,none,none
sun3d-mit_76_studyroom-76-1studyroom2,22,26,0.1632215780186539,0.007812499999999969,0.004,1,0,,,,,,,,,,,,,,,,,,,,,,,,,,,,,,,,,none,none
sun3d-mit_76_studyroom-76-1studyroom2,22,27,0.20935215528106882,0.16015624999999936,0.1075,1,0,,,,,,,,,,,,,,,,,,,,,,,,,,,,,,,,,none,none
sun3d-mit_76_studyroom-76-1studyroom2,22,32,0.31831358709352153,0.29296874999999883,0.0485,1,0,,,,,,,,,,,,,,,,,,,,,,,,,,,,,,,,,none,none
sun3d-mit_76_studyroom-76-1studyroom2,22,35,0.1936601966221326,0.5156249999999979,0.521,1,1,,,,,,,,,,,,,,,,,,,,,,,,,,,,,,,,,none,none
sun3d-mit_76_studyroom-76-1studyroom2,22,48,0.17828333753466094,0.08593749999999965,0.1135,1,0,,,,,,,,,,,,,,,,,,,,,,,,,,,,,,,,,none,none
sun3d-mit_76_studyroom-76-1studyroom2,22,64,0.3072851020922612,0.031249999999999875,0.0215,1,0,,,,,,,,,,,,,,,,,,,,,,,,,,,,,,,,,none,none
sun3d-mit_76_studyroom-76-1studyroom2,23,26,0.37590598116913904,0.0,0.0,1,0,,,,,,,,,,,,,,,,,,,,,,,,,,,,,,,,,none,none
sun3d-mit_76_studyroom-76-1studyroom2,23,28,0.27209916683600893,0.0,0.0,1,0,,,,,,,,,,,,,,,,,,,,,,,,,,,,,,,,,none,none
sun3d-mit_76_studyroom-76-1studyroom2,23,31,0.17144211881053986,0.0,0.0,1,0,,,,,,,,,,,,,,,,,,,,,,,,,,,,,,,,,none,none
sun3d-mit_76_studyroom-76-1studyroom2,23,34,0.4395448079658606,0.6992187499999972,0.49,1,1,,,,,,,,,,,,,,,,,,,,,,,,,,,,,,,,,none,none
sun3d-mit_76_studyroom-76-1studyroom2,23,64,0.18675066043487096,0.11328124999999954,0.067,1,0,,,,,,,,,,,,,,,,,,,,,,,,,,,,,,,,,none,none
sun3d-mit_76_studyroom-76-1studyroom2,24,28,0.4117509519673993,0.8007812499999968,0.6205,1,1,,,,,,,,,,,,,,,,,,,,,,,,,,,,,,,,,none,none
sun3d-mit_76_studyroom-76-1studyroom2,24,29,0.20048099405437905,0.6718749999999973,0.612,1,1,,,,,,,,,,,,,,,,,,,,,,,,,,,,,,,,,none,none
sun3d-mit_76_studyroom-76-1studyroom2,24,31,0.26751954038345915,0.6874999999999972,0.6335,1,1,,,,,,,,,,,,,,,,,,,,,,,,,,,,,,,,,none,none
sun3d-mit_76_studyroom-76-1studyroom2,24,34,0.24711069543723696,0.19531249999999922,0.194,1,0,,,,,,,,,,,,,,,,,,,,,,,,,,,,,,,,,none,none
sun3d-mit_76_studyroom-76-1studyroom2,24,65,0.28241699512325474,0.08203124999999967,0.0245,1,0,,,,,,,,,,,,,,,,,,,,,,,,,,,,,,,,,none,none
sun3d-mit_76_studyroom-76-1studyroom2,25,29,0.19818506805994776,0.8632812499999966,0.7725,1,1,,,,,,,,,,,,,,,,,,,,,,,,,,,,,,,,,none,none
sun3d-mit_76_studyroom-76-1studyroom2,25,31,0.22353911728310188,0.8398437499999967,0.7325,1,1,,,,,,,,,,,,,,,,,,,,,,,,,,,,,,,,,none,none
sun3d-mit_76_studyroom-76-1studyroom2,26,28,0.3068673028301117,0.9374999999999962,0.78,1,1,,,,,,,,,,,,,,,,,,,,,,,,,,,,,,,,,none,none
sun3d-mit_76_studyroom-76-1studyroom2,26,33,0.3932795041187505,0.9179687499999963,0.662,1,1,,,,,,,,,,,,,,,,,,,,,,,,,,,,,,,,,none,none
sun3d-mit_76_studyroom-76-1studyroom2,27,29,0.2869300598308232,0.9335937499999962,0.822,1,1,,,,,,,,,,,,,,,,,,,,,,,,,,,,,,,,,none,none
sun3d-mit_76_studyroom-76-1studyroom2,27,30,0.16631421497833712,0.8789062499999964,0.749,1,1,,,,,,,,,,,,,,,,,,,,,,,,,,,,,,,,,none,none
sun3d-mit_76_studyroom-76-1studyroom2,27,31,0.3269806065607592,0.9804687499999961,0.8655,1,1,,,,,,,,,,,,,,,,,,,,,,,,,,,,,,,,,none,none
sun3d-mit_76_studyroom-76-1studyroom2,28,33,0.33690658499234305,0.749999999999997,0.5175,1,1,,,,,,,,,,,,,,,,,,,,,,,,,,,,,,,,,none,none
sun3d-mit_76_studyroom-76-1studyroom2,30,32,0.2914937152879275,0.757812499999997,0.663,1,1,,,,,,,,,,,,,,,,,,,,,,,,,,,,,,,,,none,none
sun3d-mit_76_studyroom-76-1studyroom2,33,34,0.31472724871219127,0.7695312499999969,0.5585,1,0,,,,,,,,,,,,,,,,,,,,,,,,,,,,,,,,,none,none
sun3d-mit_76_studyroom-76-1studyroom2,33,65,0.297741381587637,0.058593749999999764,0.0155,1,0,,,,,,,,,,,,,,,,,,,,,,,,,,,,,,,,,none,none
sun3d-mit_76_studyroom-76-1studyroom2,34,36,0.3243454654212488,0.9023437499999964,0.7125,1,1,,,,,,,,,,,,,,,,,,,,,,,,,,,,,,,,,none,none
sun3d-mit_76_studyroom-76-1studyroom2,34,37,0.2981640822712005,0.8945312499999964,0.723,1,1,,,,,,,,,,,,,,,,,,,,,,,,,,,,,,,,,none,none
sun3d-mit_76_studyroom-76-1studyroom2,34,38,0.20070859982515069,0.7890624999999969,0.6025,1,1,,,,,,,,,,,,,,,,,,,,,,,,,,,,,,,,,none,none
sun3d-mit_76_studyroom-76-1studyroom2,34,46,0.2350802926425252,0.7773437499999969,0.6565,1,1,,,,,,,,,,,,,,,,,,,,,,,,,,,,,,,,,none,none
sun3d-mit_76_studyroom-76-1studyroom2,34,47,0.2786545805917269,0.8203124999999967,0.682,1,1,,,,,,,,,,,,,,,,,,,,,,,,,,,,,,,,,none,none
sun3d-mit_76_studyroom-76-1studyroom2,34,48,0.34569548612708784,0.9023437499999964,0.7475,1,1,,,,,,,,,,,,,,,,,,,,,,,,,,,,,,,,,none,none
sun3d-mit_76_studyroom-76-1studyroom2,34,49,0.31454470160585285,0.8554687499999966,0.665,1,1,,,,,,,,,,,,,,,,,,,,,,,,,,,,,,,,,none,none
sun3d-mit_76_studyroom-76-1studyroom2,34,63,0.14296231537293516,0.0039062499999999844,0.0,1,0,,,,,,,,,,,,,,,,,,,,,,,,,,,,,,,,,none,none
sun3d-mit_76_studyroom-76-1studyroom2,34,64,0.3818156720195095,0.019531249999999924,0.0055,1,0,,,,,,,,,,,,,,,,,,,,,,,,,,,,,,,,,none,none
sun3d-mit_76_studyroom-76-1studyroom2,35,39,0.26280507647250245,0.08984374999999964,0.046,1,0,,,,,,,,,,,,,,,,,,,,,,,,,,,,,,,,,none,none
sun3d-mit_76_studyroom-76-1studyroom2,35,44,0.2510250569476082,0.031249999999999875,0.0255,1,0,,,,,,,,,,,,,,,,,,,,,,,,,,,,,,,,,none,none
sun3d-mit_76_studyroom-76-1studyroom2,35,50,0.34194598112593555,0.5195312499999979,0.5405,1,1,,,,,,,,,,,,,,,,,,,,,,,,,,,,,,,,,none,none
sun3d-mit_76_studyroom-76-1studyroom2,35,51,0.2661893914741295,0.25781249999999895,0.22,1,1,,,,,,,,,,,,,,,,,,,,,,,,,,,,,,,,,none,none
sun3d-mit_76_studyroom-76-1studyroom2,35,52,0.17403189066059224,0.08984374999999964,0.0635,1,0,,,,,,,,,,,,,,,,,,,,,,,,,,,,,,,,,none,none
sun3d-mit_76_studyroom-76-1studyroom2,36,44,0.34780269058295965,0.6953124999999972,0.401,1,0,,,,,,,,,,,,,,,,,,,,,,,,,,,,,,,,,none,none
sun3d-mit_76_studyroom-76-1studyroom2,36,50,0.38325859491778774,0.6562499999999973,0.4925,1,1,,,,,,,,,,,,,,,,,,,,,,,,,,,,,,,,,none,none
sun3d-mit_76_studyroom-76-1studyroom2,36,51,0.3589237668161435,0.14062499999999944,0.1065,1,1,,,,,,,,,,,,,,,,,,,,,,,,,,,,,,,,,none,none
sun3d-mit_76_studyroom-76-1studyroom2,36,52,0.32825112107623317,0.1992187499999992,0.049,1,0,,,,,,,,,,,,,,,,,,,,,,,,,,,,,,,,,none,none
sun3d-mit_76_studyroom-76-1studyroom2,36,53,0.274559043348281,0.33984374999999867,0.0935,1,0,,,,,,,,,,,,,,,,,,,,,,,,,,,,,,,,,none,none
sun3d-mit_76_studyroom-76-1studyroom2,37,44,0.3866446458063652,0.6679687499999973,0.3715,1,0,,,,,,,,,,,,,,,,,,,,,,,,,,,,,,,,,none,none
sun3d-mit_76_studyroom-76-1studyroom2,37,50,0.4020443690577155,0.7695312499999969,0.581,1,1,,,,,,,,,,,,,,,,,,,,,,,,,,,,,,,,,none,none
sun3d-mit_76_studyroom-76-1studyroom2,37,51,0.34008838102039907,0.3164062499999987,0.3025,1,1,,,,,,,,,,,,,,,,,,,,,,,,,,,,,,,,,none,none
sun3d-mit_76_studyroom-76-1studyroom2,37,52,0.3366067044592242,0.3984374999999984,0.1755,1,0,,,,,,,,,,,,,,,,,,,,,,,,,,,,,,,,,none,none
sun3d-mit_76_studyroom-76-1studyroom2,37,53,0.3250011159219747,0.4374999999999983,0.141,1,0,,,,,,,,,,,,,,,,,,,,,,,,,,,,,,,,,none,none
sun3d-mit_76_studyroom-76-1studyroom2,38,40,0.17690036680285093,0.0,0.0,1,0,,,,,,,,,,,,,,,,,,,,,,,,,,,,,,,,,none,none
sun3d-mit_76_studyroom-76-1studyroom2,38,43,0.1406375808904661,0.1015624999999996,0.0755,1,0,,,,,,,,,,,,,,,,,,,,,,,,,,,,,,,,,none,none
sun3d-mit_76_studyroom-76-1studyroom2,38,51,0.3383234425789521,0.5976562499999976,0.557,1,1,,,,,,,,,,,,,,,,,,,,,,,,,,,,,,,,,none,none
sun3d-mit_76_studyroom-76-1studyroom2,38,52,0.28840246920943546,0.49218749999999806,0.419,1,0,,,,,,,,,,,,,,,,,,,,,,,,,,,,,,,,,none,none
sun3d-mit_76_studyroom-76-1studyroom2,39,41,0.16864162351878237,0.19140624999999922,0.1115,1,1,,,,,,,,,,,,,,,,,,,,,,,,,,,,,,,,,none,none
sun3d-mit_76_studyroom-76-1studyroom2,39,42,0.24578656566007576,0.42187499999999833,0.229,1,1,,,,,,,,,,,,,,,,,,,,,,,,,,,,,,,,,none,none
sun3d-mit_76_studyroom-76-1studyroom2,39,48,0.28258678805990894,0.031249999999999875,0.0095,1,0,,,,,,,,,,,,,,,,,,,,,,,,,,,,,,,,,none,none
sun3d-mit_76_studyroom-76-1studyroom2,39,49,0.32258400806199394,0.6718749999999973,0.413,1,1,,,,,,,,,,,,,,,,,,,,,,,,,,,,,,,,,none,none
sun3d-mit_76_studyroom-76-1studyroom2,39,50,0.3396114952913785,0.8632812499999966,0.714,1,1,,,,,,,,,,,,,,,,,,,,,,,,,,,,,,,,,none,none
sun3d-mit_76_studyroom-76-1studyroom2,39,51,0.26924279806790147,0.5312499999999979,0.4345,1,0,,,,,,,,,,,,,,,,,,,,,,,,,,,,,,,,,none,none
sun3d-mit_76_studyroom-76-1studyroom2,39,52,0.29377627966779024,0.49218749999999806,0.364,1,1,,,,,,,,,,,,,,,,,,,,,,,,,,,,,,,,,none,none
sun3d-mit_76_studyroom-76-1studyroom2,39,53,0.2892240330819752,0.6249999999999976,0.559,1,1,,,,,,,,,,,,,,,,,,,,,,,,,,,,,,,,,none,none
sun3d-mit_76_studyroom-76-1studyroom2,40,45,0.3714730925482776,0.0,0.0,1,0,,,,,,,,,,,,,,,,,,,,,,,,,,,,,,,,,none,none
sun3d-mit_76_studyroom-76-1studyroom2,40,46,0.3282319550336691,0.0,0.0,1,0,,,,,,,,,,,,,,,,,,,,,,,,,,,,,,,,,none,none
sun3d-mit_76_studyroom-76-1studyroom2,40,47,0.2778674383660749,0.0,0.0,1,0,,,,,,,,,,,,,,,,,,,,,,,,,,,,,,,,,none,none
sun3d-mit_76_studyroom-76-1studyroom2,40,48,0.1677333184929601,0.0,0.0,1,0,,,,,,,,,,,,,,,,,,,,,,,,,,,,,,,,,none,none
sun3d-mit_76_studyroom-76-1studyroom2,40,49,0.152317880794702,0.0,0.0,1,0,,,,,,,,,,,,,,,,,,,,,,,,,,,,,,,,,none,none
sun3d-mit_76_studyroom-76-1studyroom2,41,44,0.17389219642785791,0.0,0.0,1,0,,,,,,,,,,,,,,,,,,,,,,,,,,,,,,,,,none,none
sun3d-mit_76_studyroom-76-1studyroom2,42,44,0.22705007779634645,0.0,0.0,1,0,,,,,,,,,,,,,,,,,,,,,,,,,,,,,,,,,none,none
sun3d-mit_76_studyroom-76-1studyroom2,43,45,0.2952438532849657,0.0,0.0,1,0,,,,,,,,,,,,,,,,,,,,,,,,,,,,,,,,,none,none
sun3d-mit_76_studyroom-76-1studyroom2,43,46,0.2293430068520758,0.0,0.0,1,0,,,,,,,,,,,,,,,,,,,,,,,,,,,,,,,,,none,none
sun3d-mit_76_studyroom-76-1studyroom2,43,47,0.2162031438935913,0.0,0.0,1,0,,,,,,,,,,,,,,,,,,,,,,,,,,,,,,,,,none,none
sun3d-mit_76_studyroom-76-1studyroom2,43,48,0.13917775090689238,0.0,0.0,1,0,,,,,,,,,,,,,,,,,,,,,,,,,,,,,,,,,none,none
sun3d-mit_76_studyroom-76-1studyroom2,44,48,0.30601855343540235,0.4492187499999982,0.298,1,1,,,,,,,,,,,,,,,,,,,,,,,,,,,,,,,,,none,none
sun3d-mit_76_studyroom-76-1studyroom2,44,51,0.15793046232747568,0.28906249999999883,0.2375,1,1,,,,,,,,,,,,,,,,,,,,,,,,,,,,,,,,,none,none
sun3d-mit_76_studyroom-76-1studyroom2,47,50,0.3618355893034005,0.8164062499999968,0.6685,1,1,,,,,,,,,,,,,,,,,,,,,,,,,,,,,,,,,none,none
sun3d-mit_76_studyroom-76-1studyroom2,48,50,0.32592979355771545,0.8085937499999968,0.7205,1,1,,,,,,,,,,,,,,,,,,,,,,,,,,,,,,,,,none,none
sun3d-mit_76_studyroom-76-1studyroom2,49,51,0.20434918322755177,0.36718749999999856,0.306,1,1,,,,,,,,,,,,,,,,,,,,,,,,,,,,,,,,,none,none
sun3d-mit_76_studyroom-76-1studyroom2,50,52,0.22046208753365476,0.12109374999999951,0.1505,1,0,,,,,,,,,,,,,,,,,,,,,,,,,,,,,,,,,none,none
sun3d-mit_76_studyroom-76-1studyroom2,51,55,0.3974027946537059,0.5390624999999979,0.391,1,1,,,,,,,,,,,,,,,,,,,,,,,,,,,,,,,,,none,none
sun3d-mit_76_studyroom-76-1studyroom2,51,56,0.24149453219927097,0.027343749999999892,0.04,1,0,,,,,,,,,,,,,,,,,,,,,,,,,,,,,,,,,none,none
sun3d-mit_76_studyroom-76-1studyroom2,52,54,0.24560983123951666,0.6992187499999972,0.5605,1,1,,,,,,,,,,,,,,,,,,,,,,,,,,,,,,,,,none,none
sun3d-mit_76_studyroom-76-1studyroom2,52,56,0.25286687433676786,0.35546874999999856,0.249,1,1,,,,,,,,,,,,,,,,,,,,,,,,,,,,,,,,,none,none
sun3d-mit_76_studyroom-76-1studyroom2,53,56,0.20771916927035472,0.09374999999999963,0.059,1,0,,,,,,,,,,,,,,,,,,,,,,,,,,,,,,,,,none,none
sun3d-mit_76_studyroom-76-1studyroom2,54,56,0.28210982090139736,0.11718749999999953,0.0315,1,0,,,,,,,,,,,,,,,,,,,,,,,,,,,,,,,,,none,none
sun3d-mit_76_studyroom-76-1studyroom2,55,57,0.21379139891250618,0.742187499999997,0.58,1,1,,,,,,,,,,,,,,,,,,,,,,,,,,,,,,,,,none,none
sun3d-mit_76_studyroom-76-1studyroom2,57,59,0.26605663732165313,0.03906249999999985,0.044,1,0,,,,,,,,,,,,,,,,,,,,,,,,,,,,,,,,,none,none
sun3d-mit_76_studyroom-76-1studyroom2,57,60,0.23869205082614164,0.3242187499999987,0.1325,1,0,,,,,,,,,,,,,,,,,,,,,,,,,,,,,,,,,none,none
sun3d-mit_76_studyroom-76-1studyroom2,57,61,0.31206904028795696,0.26562499999999895,0.107,1,1,,,,,,,,,,,,,,,,,,,,,,,,,,,,,,,,,none,none
sun3d-mit_76_studyroom-76-1studyroom2,57,62,0.3421223817164665,0.09765624999999961,0.0105,1,0,,,,,,,,,,,,,,,,,,,,,,,,,,,,,,,,,none,none
sun3d-mit_76_studyroom-76-1studyroom2,57,63,0.2226028882432022,0.08984374999999964,0.08,1,0,,,,,,,,,,,,,,,,,,,,,,,,,,,,,,,,,none,none
sun3d-mit_76_studyroom-76-1studyroom2,58,62,0.4601934523809524,0.6757812499999973,0.549,1,1,,,,,,,,,,,,,,,,,,,,,,,,,,,,,,,,,none,none
sun3d-mit_76_studyroom-76-1studyroom2,58,63,0.3032332251082251,0.5546874999999978,0.4605,1,1,,,,,,,,,,,,,,,,,,,,,,,,,,,,,,,,,none,none
sun3d-mit_76_studyroom-76-1studyroom2,59,63,0.3484578884934757,0.8749999999999966,0.6815,1,1,,,,,,,,,,,,,,,,,,,,,,,,,,,,,,,,,none,none
sun3d-mit_76_studyroom-76-1studyroom2,60,64,0.21518257527226137,0.23828124999999906,0.1025,1,0,,,,,,,,,,,,,,,,,,,,,,,,,,,,,,,,,none,none
sun3d-mit_76_studyroom-76-1studyroom2,61,64,0.4119708169338581,0.8164062499999968,0.6005,1,1,,,,,,,,,,,,,,,,,,,,,,,,,,,,,,,,,none,none
sun3d-mit_76_studyroom-76-1studyroom2,62,65,0.278267070779105,0.3515624999999986,0.293,1,1,,,,,,,,,,,,,,,,,,,,,,,,,,,,,,,,,none,none
sun3d-mit_76_studyroom-76-1studyroom2,63,65,0.37351308485329104,0.49218749999999806,0.364,1,0,,,,,,,,,,,,,,,,,,,,,,,,,,,,,,,,,none,none
sun3d-mit_lab_hj-lab_hj_tea_nov_2_2012_scan1_erika,0,2,0.2601239835762016,0.14453124999999942,0.1215,1,1,,,,,,,,,,,,,,,,,,,,,,,,,,,,,,,,,none,none
sun3d-mit_lab_hj-lab_hj_tea_nov_2_2012_scan1_erika,0,6,0.3404717816600918,0.13671874999999944,0.0445,1,1,,,,,,,,,,,,,,,,,,,,,,,,,,,,,,,,,none,none
sun3d-mit_lab_hj-lab_hj_tea_nov_2_2012_scan1_erika,0,7,0.5735448031559456,0.19531249999999922,0.0495,1,1,,,,,,,,,,,,,,,,,,,,,,,,,,,,,,,,,none,none
sun3d-mit_lab_hj-lab_hj_tea_nov_2_2012_scan1_erika,0,11,0.29691651235810324,0.39062499999999845,0.3065,1,1,,,,,,,,,,,,,,,,,,,,,,,,,,,,,,,,,none,none
sun3d-mit_lab_hj-lab_hj_tea_nov_2_2012_scan1_erika,0,24,0.15747524353916753,0.13281249999999947,0.056,1,0,,,,,,,,,,,,,,,,,,,,,,,,,,,,,,,,,none,none
sun3d-mit_lab_hj-lab_hj_tea_nov_2_2012_scan1_erika,0,26,0.2327509862329925,0.23046874999999908,0.1245,1,1,,,,,,,,,,,,,,,,,,,,,,,,,,,,,,,,,none,none
sun3d-mit_lab_hj-lab_hj_tea_nov_2_2012_scan1_erika,1,5,0.27724327508344787,0.33984374999999867,0.228,1,1,,,,,,,,,,,,,,,,,,,,,,,,,,,,,,,,,none,none
sun3d-mit_lab_hj-lab_hj_tea_nov_2_2012_scan1_erika,1,7,0.596963152038746,0.3515624999999986,0.3985,1,1,,,,,,,,,,,,,,,,,,,,,,,,,,,,,,,,,none,none
sun3d-mit_lab_hj-lab_hj_tea_nov_2_2012_scan1_erika,1,26,0.2096341383598403,0.14062499999999944,0.0725,1,0,,,,,,,,,,,,,,,,,,,,,,,,,,,,,,,,,none,none
sun3d-mit_lab_hj-lab_hj_tea_nov_2_2012_scan1_erika,2,6,0.5572216840065709,0.7343749999999971,0.6445,1,1,,,,,,,,,,,,,,,,,,,,,,,,,,,,,,,,,none,none
sun3d-mit_lab_hj-lab_hj_tea_nov_2_2012_scan1_erika,2,7,0.4979992418179521,0.7070312499999972,0.602,1,1,,,,,,,,,,,,,,,,,,,,,,,,,,,,,,,,,none,none
sun3d-mit_lab_hj-lab_hj_tea_nov_2_2012_scan1_erika,2,9,0.1874394507392275,0.48828124999999806,0.465,1,1,,,,,,,,,,,,,,,,,,,,,,,,,,,,,,,,,none,none
sun3d-mit_lab_hj-lab_hj_tea_nov_2_2012_scan1_erika,2,28,0.2140179436418011,0.6835937499999972,0.63,1,1,,,,,,,,,,,,,,,,,,,,,,,,,,,,,,,,,none,none
sun3d-mit_lab_hj-lab_hj_tea_nov_2_2012_scan1_erika,2,30,0.2041194557937745,0.06249999999999975,0.0035,1,0,,,,,,,,,,,,,,,,,,,,,,,,,,,,,,,,,none,none
sun3d-mit_lab_hj-lab_hj_tea_nov_2_2012_scan1_erika,3,5,0.6442445851737534,0.6835937499999972,0.5945,1,1,,,,,,,,,,,,,,,,,,,,,,,,,,,,,,,,,none,none
sun3d-mit_lab_hj-lab_hj_tea_nov_2_2012_scan1_erika,3,6,0.5931562982278751,0.6953124999999972,0.617,1,1,,,,,,,,,,,,,,,,,,,,,,,,,,,,,,,,,none,none
sun3d-mit_lab_hj-lab_hj_tea_nov_2_2012_scan1_erika,3,7,0.42541642275557445,0.5664062499999978,0.5025,1,1,,,,,,,,,,,,,,,,,,,,,,,,,,,,,,,,,none,none
sun3d-mit_lab_hj-lab_hj_tea_nov_2_2012_scan1_erika,3,8,0.31722633175456333,0.507812499999998,0.4595,1,1,,,,,,,,,,,,,,,,,,,,,,,,,,,,,,,,,none,none
sun3d-mit_lab_hj-lab_hj_tea_nov_2_2012_scan1_erika,3,30,0.1833856633494758,0.007812499999999969,0.0,1,0,,,,,,,,,,,,,,,,,,,,,,,,,,,,,,,,,none,none
sun3d-mit_lab_hj-lab_hj_tea_nov_2_2012_scan1_erika,4,7,0.4884468433501122,0.753906249999997,0.656,1,1,,,,,,,,,,,,,,,,,,,,,,,,,,,,,,,,,none,none
sun3d-mit_lab_hj-lab_hj_tea_nov_2_2012_scan1_erika,4,8,0.3151191703559949,0.5546874999999978,0.375,1,1,,,,,,,,,,,,,,,,,,,,,,,,,,,,,,,,,none,none
sun3d-mit_lab_hj-lab_hj_tea_nov_2_2012_scan1_erika,5,9,0.14620551664999284,0.3749999999999985,0.4395,1,0,,,,,,,,,,,,,,,,,,,,,,,,,,,,,,,,,none,none
sun3d-mit_lab_hj-lab_hj_tea_nov_2_2012_scan1_erika,6,9,0.3372583870251055,0.5859374999999977,0.5945,1,1,,,,,,,,,,,,,,,,,,,,,,,,,,,,,,,,,none,none
sun3d-mit_lab_hj-lab_hj_tea_nov_2_2012_scan1_erika,6,10,0.23739169073539212,0.36718749999999856,0.264,1,1,,,,,,,,,,,,,,,,,,,,,,,,,,,,,,,,,none,none
sun3d-mit_lab_hj-lab_hj_tea_nov_2_2012_scan1_erika,8,9,0.3583068514046015,0.8437499999999967,0.8255,1,0,,,,,,,,,,,,,,,,,,,,,,,,,,,,,,,,,none,none
sun3d-mit_lab_hj-lab_hj_tea_nov_2_2012_scan1_erika,8,10,0.30491928308122535,0.6445312499999974,0.6865,1,1,,,,,,,,,,,,,,,,,,,,,,,,,,,,,,,,,none,none
sun3d-mit_lab_hj-lab_hj_tea_nov_2_2012_scan1_erika,9,11,0.38078587091803473,0.2812499999999989,0.196,1,0,,,,,,,,,,,,,,,,,,,,,,,,,,,,,,,,,none,none
sun3d-mit_lab_hj-lab_hj_tea_nov_2_2012_scan1_erika,9,27,0.358561014638772,0.26171874999999895,0.229,1,0,,,,,,,,,,,,,,,,,,,,,,,,,,,,,,,,,none,none
sun3d-mit_lab_hj-lab_hj_tea_nov_2_2012_scan1_erika,9,28,0.2594677887749659,0.5898437499999977,0.548,1,1,,,,,,,,,,,,,,,,,,,,,,,,,,,,,,,,,none,none
sun3d-mit_lab_hj-lab_hj_tea_nov_2_2012_scan1_erika,10,27,0.39152818507657217,0.23828124999999906,0.218,1,1,,,,,,,,,,,,,,,,,,,,,,,,,,,,,,,,,none,none
sun3d-mit_lab_hj-lab_hj_tea_nov_2_2012_scan1_erika,10,28,0.22176604757249918,0.3710937499999985,0.3635,1,1,,,,,,,,,,,,,,,,,,,,,,,,,,,,,,,,,none,none
sun3d-mit_lab_hj-lab_hj_tea_nov_2_2012_scan1_erika,13,16,0.36482210058159426,0.21874999999999914,0.157,1,1,,,,,,,,,,,,,,,,,,,,,,,,,,,,,,,,,none,none
sun3d-mit_lab_hj-lab_hj_tea_nov_2_2012_scan1_erika,13,17,0.2689873417721519,0.12109374999999951,0.119,1,1,,,,,,,,,,,,,,,,,,,,,,,,,,,,,,,,,none,none
sun3d-mit_lab_hj-lab_hj_tea_nov_2_2012_scan1_erika,13,18,0.1847417037290455,0.0,0.0,1,0,,,,,,,,,,,,,,,,,,,,,,,,,,,,,,,,,none,none
sun3d-mit_lab_hj-lab_hj_tea_nov_2_2012_scan1_erika,14,18,0.3685930435561126,0.757812499999997,0.3725,1,1,,,,,,,,,,,,,,,,,,,,,,,,,,,,,,,,,none,none
sun3d-mit_lab_hj-lab_hj_tea_nov_2_2012_scan1_erika,15,18,0.4031507171408418,0.7226562499999971,0.3375,1,1,,,,,,,,,,,,,,,,,,,,,,,,,,,,,,,,,none,none
sun3d-mit_lab_hj-lab_hj_tea_nov_2_2012_scan1_erika,17,20,0.3948646773074254,0.4414062499999982,0.3565,1,0,,,,,,,,,,,,,,,,,,,,,,,,,,,,,,,,,none,none
sun3d-mit_lab_hj-lab_hj_tea_nov_2_2012_scan1_erika,19,21,0.41258067219847455,0.4257812499999983,0.2315,1,0,,,,,,,,,,,,,,,,,,,,,,,,,,,,,,,,,none,none
sun3d-mit_lab_hj-lab_hj_tea_nov_2_2012_scan1_erika,20,22,0.33871902622808286,0.249999999999999,0.123,1,1,,,,,,,,,,,,,,,,,,,,,,,,,,,,,,,,,none,none
sun3d-mit_lab_hj-lab_hj_tea_nov_2_2012_scan1_erika,21,23,0.408646874761505,0.6640624999999973,0.413,1,1,,,,,,,,,,,,,,,,,,,,,,,,,,,,,,,,,none,none
sun3d-mit_lab_hj-lab_hj_tea_nov_2_2012_scan1_erika,21,24,0.22300236587041136,0.5429687499999978,0.331,1,1,,,,,,,,,,,,,,,,,,,,,,,,,,,,,,,,,none,none
sun3d-mit_lab_hj-lab_hj_tea_nov_2_2012_scan1_erika,21,25,0.18022590246508433,0.41796874999999833,0.336,1,1,,,,,,,,,,,,,,,,,,,,,,,,,,,,,,,,,none,none
sun3d-mit_lab_hj-lab_hj_tea_nov_2_2012_scan1_erika,22,25,0.3662340275681658,0.5859374999999977,0.435,1,1,,,,,,,,,,,,,,,,,,,,,,,,,,,,,,,,,none,none
sun3d-mit_lab_hj-lab_hj_tea_nov_2_2012_scan1_erika,22,26,0.2594828453566757,0.3710937499999985,0.2595,1,1,,,,,,,,,,,,,,,,,,,,,,,,,,,,,,,,,none,none
sun3d-mit_lab_hj-lab_hj_tea_nov_2_2012_scan1_erika,23,26,0.4017054620880387,0.3789062499999985,0.251,1,1,,,,,,,,,,,,,,,,,,,,,,,,,,,,,,,,,none,none
sun3d-mit_lab_hj-lab_hj_tea_nov_2_2012_scan1_erika,23,27,0.2942498271491127,0.1249999999999995,0.092,1,0,,,,,,,,,,,,,,,,,,,,,,,,,,,,,,,,,none,none
sun3d-mit_lab_hj-lab_hj_tea_nov_2_2012_scan1_erika,24,26,0.47578960693714795,0.33984374999999867,0.2255,1,1,,,,,,,,,,,,,,,,,,,,,,,,,,,,,,,,,none,none
sun3d-mit_lab_hj-lab_hj_tea_nov_2_2012_scan1_erika,24,27,0.35362997658079626,0.24218749999999903,0.1565,1,1,,,,,,,,,,,,,,,,,,,,,,,,,,,,,,,,,none,none
sun3d-mit_lab_hj-lab_hj_tea_nov_2_2012_scan1_erika,24,33,0.23944553452750175,0.4687499999999981,0.2935,1,1,,,,,,,,,,,,,,,,,,,,,,,,,,,,,,,,,none,none
sun3d-mit_lab_hj-lab_hj_tea_nov_2_2012_scan1_erika,24,34,0.19621495031331096,0.20703124999999917,0.1525,1,1,,,,,,,,,,,,,,,,,,,,,,,,,,,,,,,,,none,none
sun3d-mit_lab_hj-lab_hj_tea_nov_2_2012_scan1_erika,24,35,0.18760681055763023,0.07031249999999972,0.031,1,0,,,,,,,,,,,,,,,,,,,,,,,,,,,,,,,,,none,none
sun3d-mit_lab_hj-lab_hj_tea_nov_2_2012_scan1_erika,24,36,0.15171846319387303,0.32812499999999867,0.2615,1,1,,,,,,,,,,,,,,,,,,,,,,,,,,,,,,,,,none,none
sun3d-mit_lab_hj-lab_hj_tea_nov_2_2012_scan1_erika,24,37,0.20260775998480918,0.3710937499999985,0.277,1,1,,,,,,,,,,,,,,,,,,,,,,,,,,,,,,,,,none,none
sun3d-mit_lab_hj-lab_hj_tea_nov_2_2012_scan1_erika,25,27,0.34838540299291154,0.20703124999999917,0.1755,1,1,,,,,,,,,,,,,,,,,,,,,,,,,,,,,,,,,none,none
sun3d-mit_lab_hj-lab_hj_tea_nov_2_2012_scan1_erika,25,30,0.11538461538461539,0.0,0.0,1,0,,,,,,,,,,,,,,,,,,,,,,,,,,,,,,,,,none,none
sun3d-mit_lab_hj-lab_hj_tea_nov_2_2012_scan1_erika,25,31,0.11079023365712785,0.07031249999999972,0.0185,1,0,,,,,,,,,,,,,,,,,,,,,,,,,,,,,,,,,none,none
sun3d-mit_lab_hj-lab_hj_tea_nov_2_2012_scan1_erika,25,32,0.23864531373063796,0.26562499999999895,0.127,1,1,,,,,,,,,,,,,,,,,,,,,,,,,,,,,,,,,none,none
sun3d-mit_lab_hj-lab_hj_tea_nov_2_2012_scan1_erika,25,33,0.2956156471514833,0.507812499999998,0.3105,1,1,,,,,,,,,,,,,,,,,,,,,,,,,,,,,,,,,none,none
sun3d-mit_lab_hj-lab_hj_tea_nov_2_2012_scan1_erika,25,34,0.25807298503544235,0.33984374999999867,0.181,1,1,,,,,,,,,,,,,,,,,,,,,,,,,,,,,,,,,none,none
sun3d-mit_lab_hj-lab_hj_tea_nov_2_2012_scan1_erika,25,35,0.21836440010501443,0.35546874999999856,0.215,1,1,,,,,,,,,,,,,,,,,,,,,,,,,,,,,,,,,none,none
sun3d-mit_lab_hj-lab_hj_tea_nov_2_2012_scan1_erika,25,36,0.2575479128380152,0.3710937499999985,0.1885,1,1,,,,,,,,,,,,,,,,,,,,,,,,,,,,,,,,,none,none
sun3d-mit_lab_hj-lab_hj_tea_nov_2_2012_scan1_erika,25,37,0.27881333683381465,0.4414062499999982,0.315,1,1,,,,,,,,,,,,,,,,,,,,,,,,,,,,,,,,,none,none
sun3d-mit_lab_hj-lab_hj_tea_nov_2_2012_scan1_erika,28,29,0.146427841721719,0.007812499999999969,0.0015,1,0,,,,,,,,,,,,,,,,,,,,,,,,,,,,,,,,,none,none
sun3d-mit_lab_hj-lab_hj_tea_nov_2_2012_scan1_erika,28,30,0.16563372607777702,0.03906249999999985,0.036,1,0,,,,,,,,,,,,,,,,,,,,,,,,,,,,,,,,,none,none
sun3d-mit_lab_hj-lab_hj_tea_nov_2_2012_scan1_erika,29,31,0.4606688369340041,0.14843749999999942,0.158,1,1,,,,,,,,,,,,,,,,,,,,,,,,,,,,,,,,,none,none
sun3d-mit_lab_hj-lab_hj_tea_nov_2_2012_scan1_erika,30,32,0.3310389331038933,0.8398437499999967,0.756,1,1,,,,,,,,,,,,,,,,,,,,,,,,,,,,,,,,,none,none
sun3d-mit_lab_hj-lab_hj_tea_nov_2_2012_scan1_erika,30,33,0.30662508066250804,0.7929687499999968,0.666,1,1,,,,,,,,,,,,,,,,,,,,,,,,,,,,,,,,,none,none
sun3d-mit_lab_hj-lab_hj_tea_nov_2_2012_scan1_erika,30,34,0.20450634545063454,0.8124999999999968,0.623,1,1,,,,,,,,,,,,,,,,,,,,,,,,,,,,,,,,,none,none
sun3d-mit_lab_hj-lab_hj_tea_nov_2_2012_scan1_erika,30,35,0.19818778231877823,0.6914062499999972,0.6345,1,1,,,,,,,,,,,,,,,,,,,,,,,,,,,,,,,,,none,none
sun3d-mit_lab_hj-lab_hj_tea_nov_2_2012_scan1_erika,30,36,0.33673908367390837,0.742187499999997,0.6595,1,1,,,,,,,,,,,,,,,,,,,,,,,,,,,,,,,,,none,none
sun3d-mit_lab_hj-lab_hj_tea_nov_2_2012_scan1_erika,30,37,0.24819853731985372,0.749999999999997,0.574,1,1,,,,,,,,,,,,,,,,,,,,,,,,,,,,,,,,,none,none
sun3d-mit_lab_hj-lab_hj_tea_nov_2_2012_scan1_erika,31,35,0.4968907314184187,0.8164062499999968,0.733,1,1,,,,,,,,,,,,,,,,,,,,,,,,,,,,,,,,,none,none
