scene,ref_frame,src_frame,delta_PIR,delta_IR,delta_RR
7-scenes-redkitchen,0,7,0.04166666666666655,0.0336666666666667,0.0
7-scenes-redkitchen,0,8,-0.10807291666666625,-0.04399999999999999,0.0
7-scenes-redkitchen,0,9,0.02473958333333326,0.08616666666666672,0.0
7-scenes-redkitchen,0,16,0.007812500000000019,-0.006000000000000005,0.0
7-scenes-redkitchen,0,17,-0.010416666666666649,-0.045833333333333316,0.0
7-scenes-redkitchen,0,18,0.005208333333333297,0.01566666666666668,0.0
7-scenes-redkitchen,0,20,0.05598958333333315,0.07783333333333332,0.0
7-scenes-redkitchen,0,25,-0.06119791666666641,0.018833333333333313,0.0
7-scenes-redkitchen,0,30,4.625929269271485e-18,0.007000000000000002,-0.6666666666666666
7-scenes-redkitchen,0,31,-0.05729166666666646,-0.04116666666666668,0.0
7-scenes-redkitchen,0,32,0.26041666666666563,0.23650000000000002,0.0
7-scenes-redkitchen,0,33,0.07161458333333304,0.077,0.3333333333333333
7-scenes-redkitchen,0,34,-0.10807291666666623,-0.003500000000000003,0.0
7-scenes-redkitchen,0,36,0.011718749999999944,-0.005500000000000005,0.0
7-scenes-redkitchen,0,37,-0.015624999999999925,0.030666666666666658,0.0
7-scenes-redkitchen,0,38,-0.028645833333333186,0.03700000000000003,0.0
7-scenes-redkitchen,0,41,-0.02604166666666652,0.05166666666666664,0.0
7-scenes-redkitchen,0,42,0.003906249999999963,0.11549999999999998,0.0
7-scenes-redkitchen,0,43,-0.08854166666666631,-0.05083333333333332,0.0
7-scenes-redkitchen,0,44,-0.04296874999999983,0.03500000000000001,0.0
7-scenes-redkitchen,0,45,-0.04427083333333318,0.028999999999999988,0.0
7-scenes-redkitchen,0,46,0.0924479166666663,0.1586666666666667,0.0
7-scenes-redkitchen,0,47,0.09505208333333293,0.16133333333333336,0.0
7-scenes-redkitchen,0,48,0.23177083333333237,0.2523333333333333,0.0
7-scenes-redkitchen,0,49,0.19401041666666594,0.221,0.0
7-scenes-redkitchen,0,50,0.20442708333333248,0.2585,0.0
7-scenes-redkitchen,0,51,0.02604166666666659,0.10883333333333332,0.0
7-scenes-redkitchen,0,52,0.15104166666666607,0.19383333333333333,0.0
7-scenes-redkitchen,0,53,0.16796874999999933,0.12,0.3333333333333333
7-scenes-redkitchen,0,59,-0.04427083333333321,-0.031,0.0
7-scenes-redkitchen,1,6,0.10937499999999956,0.14800000000000005,0.0
7-scenes-redkitchen,1,7,0.11848958333333288,0.15766666666666665,0.0
7-scenes-redkitchen,1,9,0.026041666666666557,0.0633333333333333,0.0
7-scenes-redkitchen,1,18,-0.0052083333333332775,0.028833333333333322,0.0
7-scenes-redkitchen,1,19,0.04036458333333318,0.08733333333333337,0.0
7-scenes-redkitchen,1,20,0.06119791666666643,0.08233333333333334,0.0
7-scenes-redkitchen,1,25,-0.10546874999999957,-0.034,0.0
7-scenes-redkitchen,1,30,-0.1380208333333328,-0.09849999999999999,-0.3333333333333333
7-scenes-redkitchen,1,33,-0.007812499999999972,0.01416666666666667,0.0
7-scenes-redkitchen,1,36,0.04557291666666649,-0.022833333333333327,0.3333333333333333
7-scenes-redkitchen,1,37,-0.06249999999999976,-0.05250000000000001,0.0
7-scenes-redkitchen,1,38,0.09244791666666625,0.056999999999999974,0.0
7-scenes-redkitchen,1,39,0.02994791666666652,0.07633333333333332,0.0
7-scenes-redkitchen,1,41,-0.03385416666666663,0.09466666666666664,0.0
7-scenes-redkitchen,1,42,-0.006510416666666667,0.07950000000000002,0.0
7-scenes-redkitchen,1,43,0.005208333333333333,0.08499999999999996,0.0
7-scenes-redkitchen,1,44,0.05989583333333307,0.13333333333333333,0.0
7-scenes-redkitchen,1,45,0.02734374999999989,0.07333333333333335,0.0
7-scenes-redkitchen,1,46,0.10286458333333297,0.15266666666666667,0.0
7-scenes-redkitchen,1,59,0.002604166666666602,0.009666666666666665,0.0
7-scenes-redkitchen,2,5,-0.1341145833333328,-0.03916666666666668,0.0
7-scenes-redkitchen,2,10,0.019531249999999927,0.1068333333333333,0.0
7-scenes-redkitchen,2,15,-0.20833333333333248,-0.074,-0.6666666666666666
7-scenes-redkitchen,2,26,-0.08984374999999965,-0.044833333333333315,0.0
7-scenes-redkitchen,2,32,0.028645833333333186,0.054833333333333324,0.0
7-scenes-redkitchen,2,44,0.0026041666666666297,0.09016666666666666,0.0
7-scenes-redkitchen,2,45,0.03124999999999985,0.11299999999999999,0.0
7-scenes-redkitchen,3,6,0.09765624999999961,0.07000000000000002,0.0
7-scenes-redkitchen,3,7,0.013020833333333296,-0.008833333333333337,-0.3333333333333333
7-scenes-redkitchen,3,15,-0.024739583333333186,0.028000000000000025,0.0
7-scenes-redkitchen,3,19,0.026041666666666557,0.06350000000000004,0.0
7-scenes-redkitchen,3,25,-0.027343749999999906,0.03000000000000001,0.0
7-scenes-redkitchen,3,31,0.005208333333333333,0.06816666666666671,0.0
7-scenes-redkitchen,3,32,0.035156249999999854,0.04800000000000001,0.0
7-scenes-redkitchen,3,36,-0.04947916666666643,-0.023333333333333345,0.0
7-scenes-redkitchen,3,37,-0.05338541666666644,0.04883333333333336,0.0
7-scenes-redkitchen,3,38,0.024739583333333242,0.02583333333333332,0.0
7-scenes-redkitchen,3,39,1.850371707708594e-17,0.008500000000000008,0.0
7-scenes-redkitchen,3,46,0.02213541666666659,0.09883333333333337,0.0
7-scenes-redkitchen,3,59,0.019531249999999972,0.029666666666666657,0.0
7-scenes-redkitchen,4,8,-0.040364583333333225,0.009166666666666656,0.0
7-scenes-redkitchen,4,16,-0.01041666666666663,-0.02616666666666669,0.0
7-scenes-redkitchen,4,17,-0.005208333333333297,-0.035333333333333335,0.0
7-scenes-redkitchen,4,20,0.009114583333333296,0.06483333333333334,0.0
7-scenes-redkitchen,4,21,0.11718749999999957,0.09583333333333333,0.0
7-scenes-redkitchen,4,24,-0.011718749999999898,0.03683333333333333,0.3333333333333333
7-scenes-redkitchen,4,28,0.24088541666666577,0.2265,0.0
7-scenes-redkitchen,4,29,0.079427083333333,0.1391666666666667,0.0
7-scenes-redkitchen,4,35,0.01822916666666659,0.01983333333333333,0.0
7-scenes-redkitchen,4,36,-0.013020833333333334,-0.001833333333333335,0.0
7-scenes-redkitchen,4,40,0.00390625,0.037,0.0
7-scenes-redkitchen,4,41,-0.016927083333333332,0.08533333333333337,0.0
7-scenes-redkitchen,4,43,-0.03776041666666655,0.07200000000000006,0.0
7-scenes-redkitchen,4,48,0.07031249999999971,0.14816666666666667,0.0
7-scenes-redkitchen,4,49,0.02604166666666652,0.16200000000000003,0.0
7-scenes-redkitchen,4,50,0.04427083333333315,0.15866666666666668,0.0
7-scenes-redkitchen,4,51,0.12760416666666619,0.20600000000000004,0.0
7-scenes-redkitchen,4,52,0.04296874999999981,0.13499999999999998,0.0
7-scenes-redkitchen,4,53,0.0677083333333331,0.09333333333333332,0.0
7-scenes-redkitchen,4,54,0.02473958333333322,0.008499999999999999,0.0
7-scenes-redkitchen,4,58,0.03124999999999989,0.013666666666666652,0.0
7-scenes-redkitchen,4,59,0.001302083333333352,0.018666666666666682,0.0
7-scenes-redkitchen,5,13,0.013020833333333296,0.07716666666666668,0.0
7-scenes-redkitchen,5,14,0.007812499999999963,0.06516666666666665,0.0
7-scenes-redkitchen,5,21,0.06770833333333304,0.08150000000000003,0.0
7-scenes-redkitchen,5,24,-0.09635416666666625,0.03099999999999999,0.0
7-scenes-redkitchen,5,27,0.10546874999999957,0.16966666666666672,0.0
7-scenes-redkitchen,5,28,-0.022135416666666564,-0.025500000000000005,-0.6666666666666666
7-scenes-redkitchen,5,34,-0.03255208333333317,-0.01516666666666667,0.0
7-scenes-redkitchen,5,35,-0.026041666666666557,0.0020000000000000204,0.0
7-scenes-redkitchen,5,40,0.011718749999999925,0.08683333333333332,0.0
7-scenes-redkitchen,5,41,-0.04427083333333317,0.0005000000000000004,0.0
7-scenes-redkitchen,5,42,-0.032552083333333225,0.06583333333333334,0.0
7-scenes-redkitchen,5,43,-0.02473958333333322,0.07466666666666666,0.0
7-scenes-redkitchen,5,44,0.006510416666666667,0.12666666666666665,0.0
7-scenes-redkitchen,5,45,0.04036458333333315,0.14366666666666664,0.0
7-scenes-redkitchen,5,50,0.06770833333333308,0.13666666666666666,0.0
7-scenes-redkitchen,5,51,0.17187499999999942,0.21966666666666668,0.0
7-scenes-redkitchen,5,52,0.00911458333333326,0.11483333333333334,0.0
7-scenes-redkitchen,5,53,0.05598958333333307,0.10083333333333332,0.0
7-scenes-redkitchen,5,54,0.009114583333333334,0.031833333333333325,0.0
7-scenes-redkitchen,5,55,-0.052083333333333155,-0.03583333333333332,-0.3333333333333333
7-scenes-redkitchen,5,57,-0.11588541666666623,-0.059,0.0
7-scenes-redkitchen,5,58,-0.007812499999999963,0.038333333333333365,0.0
7-scenes-redkitchen,5,59,0.015624999999999925,0.06483333333333337,0.0
7-scenes-redkitchen,6,13,0.06119791666666643,0.13933333333333334,0.0
7-scenes-redkitchen,6,14,0.13671874999999947,0.13599999999999998,0.0
7-scenes-redkitchen,6,22,-0.040364583333333155,0.020833333333333332,0.0
7-scenes-redkitchen,6,27,-0.014322916666666649,-0.003166666666666651,-0.3333333333333333
7-scenes-redkitchen,6,34,0.10286458333333288,0.1383333333333333,0.0
7-scenes-redkitchen,6,42,-0.011718749999999972,0.0255,0.0
7-scenes-redkitchen,6,44,0.015624999999999936,0.044333333333333336,0.6666666666666666
7-scenes-redkitchen,6,45,0.009114583333333296,0.08266666666666667,0.0
7-scenes-redkitchen,6,46,0.08593749999999968,0.14066666666666666,0.0
7-scenes-redkitchen,6,47,0.170572916666666,0.1845,0.3333333333333333
7-scenes-redkitchen,6,48,0.14713541666666605,0.19899999999999998,0.0
7-scenes-redkitchen,6,50,0.06770833333333308,0.15033333333333332,0.0
7-scenes-redkitchen,6,51,0.03124999999999987,0.11150000000000003,0.0
7-scenes-redkitchen,6,52,0.09895833333333297,0.1483333333333333,0.0
7-scenes-redkitchen,6,55,-0.08593749999999965,0.013833333333333328,0.0
7-scenes-redkitchen,6,56,-0.05468749999999974,0.024833333333333346,0.0
7-scenes-redkitchen,6,57,-0.11848958333333287,-0.020333333333333387,0.0
7-scenes-redkitchen,6,58,0.02213541666666659,0.07816666666666665,0.0
7-scenes-redkitchen,7,12,0.018229166666666574,0.07300000000000001,0.0
7-scenes-redkitchen,7,13,0.14453124999999947,0.14683333333333334,0.0
7-scenes-redkitchen,7,14,-0.02473958333333322,0.0028333333333333357,0.3333333333333333
7-scenes-redkitchen,7,22,0.014322916666666593,0.11050000000000004,0.0
7-scenes-redkitchen,7,23,0.11979166666666617,0.20550000000000002,0.0
7-scenes-redkitchen,7,27,-0.04687499999999983,-0.02083333333333334,0.0
7-scenes-redkitchen,7,34,0.09765624999999957,0.11733333333333333,0.3333333333333333
7-scenes-redkitchen,7,46,0.1601562499999994,0.1565,0.0
7-scenes-redkitchen,7,47,0.01953124999999993,0.02266666666666667,0.0
7-scenes-redkitchen,7,48,0.06380208333333307,0.08600000000000001,0.0
7-scenes-redkitchen,7,49,-0.015624999999999972,0.01866666666666666,0.3333333333333333
7-scenes-redkitchen,7,50,0.11197916666666624,0.13433333333333336,0.0
7-scenes-redkitchen,7,51,0.09895833333333297,0.11333333333333333,0.0
7-scenes-redkitchen,7,52,-0.0013020833333333333,0.07316666666666667,-0.3333333333333333
7-scenes-redkitchen,7,56,0.016927083333333277,-0.0001666666666666298,0.0
7-scenes-redkitchen,7,57,-0.08333333333333304,0.005333333333333338,0.0
7-scenes-redkitchen,8,10,-0.0013020833333333333,0.06016666666666667,0.0
7-scenes-redkitchen,8,11,-0.04427083333333318,-0.011666666666666678,0.0
7-scenes-redkitchen,8,15,-0.01432291666666663,0.03999999999999998,0.0
7-scenes-redkitchen,8,26,-0.0013020833333332964,0.04966666666666667,0.0
7-scenes-redkitchen,8,34,-0.015624999999999964,0.041166666666666664,0.3333333333333333
7-scenes-redkitchen,8,38,-0.08593749999999967,0.02616666666666667,0.0
7-scenes-redkitchen,8,48,-0.1835937499999993,-0.06966666666666665,-0.3333333333333333
7-scenes-redkitchen,8,49,-0.14973958333333273,-0.025500000000000012,-0.3333333333333333
7-scenes-redkitchen,8,50,-0.1093749999999996,-0.02300000000000002,-0.3333333333333333
7-scenes-redkitchen,8,52,-0.16406249999999942,-0.05599999999999997,0.0
7-scenes-redkitchen,8,56,-0.05989583333333309,-0.03200000000000001,0.0
7-scenes-redkitchen,8,57,-0.06770833333333308,-0.0034999999999999845,0.0
7-scenes-redkitchen,9,12,0.027343749999999906,0.07899999999999997,0.0
7-scenes-redkitchen,9,15,0.005208333333333259,0.07800000000000003,0.0
7-scenes-redkitchen,9,22,0.03124999999999985,0.07400000000000001,0.0
7-scenes-redkitchen,9,23,0.005208333333333297,0.06500000000000002,0.0
7-scenes-redkitchen,9,27,0.075520833333333,0.13483333333333333,0.0
7-scenes-redkitchen,9,34,0.01822916666666663,0.023000000000000003,0.0
7-scenes-redkitchen,9,46,0.07291666666666637,0.13883333333333334,0.0
7-scenes-redkitchen,9,47,0.03645833333333318,0.09799999999999998,0.0
7-scenes-redkitchen,9,48,-0.11848958333333287,0.026333333333333337,0.0
7-scenes-redkitchen,9,50,0.05078124999999981,0.1438333333333333,0.0
7-scenes-redkitchen,9,52,0.033854166666666484,0.10483333333333333,0.0
7-scenes-redkitchen,9,55,-0.052083333333333114,-0.0686666666666667,0.0
7-scenes-redkitchen,9,56,0.045572916666666484,0.06566666666666666,0.0
7-scenes-redkitchen,9,57,-0.04817708333333315,0.01983333333333333,0.0
7-scenes-redkitchen,9,58,0.03124999999999985,0.05783333333333333,0.0
7-scenes-redkitchen,10,21,0.09895833333333297,0.12183333333333334,0.0
7-scenes-redkitchen,10,24,-0.02734374999999989,0.055333333333333345,0.0
7-scenes-redkitchen,10,28,0.11458333333333293,0.11149999999999999,0.6666666666666666
7-scenes-redkitchen,10,29,0.04036458333333317,0.0615,0.0
7-scenes-redkitchen,10,34,0.022135416666666564,0.047666666666666656,0.3333333333333333
7-scenes-redkitchen,10,35,0.016927083333333297,0.06316666666666666,0.0
7-scenes-redkitchen,10,40,0.10156249999999963,0.06783333333333336,0.0
7-scenes-redkitchen,10,41,-0.03645833333333318,0.033999999999999996,0.0
7-scenes-redkitchen,10,42,-0.0026041666666666665,0.05566666666666668,0.0
7-scenes-redkitchen,10,43,0.03385416666666652,0.13649999999999998,0.0
7-scenes-redkitchen,10,44,0.04427083333333315,0.10100000000000002,0.0
7-scenes-redkitchen,10,45,0.052083333333333114,0.12716666666666665,0.0
7-scenes-redkitchen,10,46,0.06510416666666641,0.151,0.0
7-scenes-redkitchen,10,47,0.15494791666666605,0.227,0.0
7-scenes-redkitchen,10,48,0.09635416666666625,0.18216666666666667,0.0
7-scenes-redkitchen,10,49,0.02864583333333322,0.15833333333333335,0.0
7-scenes-redkitchen,10,50,0.0078125,0.13216666666666665,0.0
7-scenes-redkitchen,10,51,0.13671874999999942,0.18783333333333338,0.0
7-scenes-redkitchen,10,52,0.040364583333333225,0.12183333333333335,0.0
7-scenes-redkitchen,10,53,0.0846354166666663,0.14716666666666667,0.0
7-scenes-redkitchen,10,54,0.09765624999999957,0.073,0.0
7-scenes-redkitchen,10,55,-0.09635416666666628,-0.05566666666666667,-0.3333333333333333
7-scenes-redkitchen,10,56,-0.03124999999999987,-0.015833333333333328,0.0
7-scenes-redkitchen,10,57,-0.05468749999999977,-0.05150000000000001,-0.3333333333333333
7-scenes-redkitchen,10,58,-0.0039062499999999814,0.012333333333333307,0.0
7-scenes-redkitchen,10,59,0.09505208333333298,0.09899999999999999,0.0
7-scenes-redkitchen,11,16,-0.05989583333333307,-0.02416666666666667,0.0
7-scenes-redkitchen,11,17,-0.03124999999999989,-0.06349999999999999,0.0
7-scenes-redkitchen,11,20,-0.007812499999999963,0.05516666666666664,0.0
7-scenes-redkitchen,11,21,0.05859374999999976,0.062333333333333324,0.0
7-scenes-redkitchen,11,24,-0.07812499999999967,0.00416666666666667,0.0
7-scenes-redkitchen,11,29,0.06380208333333308,0.0711666666666667,0.0
7-scenes-redkitchen,11,35,0.04296874999999981,0.01833333333333335,0.0
7-scenes-redkitchen,11,40,0.10546874999999956,0.10100000000000002,0.0
7-scenes-redkitchen,11,41,0.02083333333333326,0.07450000000000001,0.0
7-scenes-redkitchen,11,42,0.05729166666666641,0.15033333333333335,0.0
7-scenes-redkitchen,11,43,0.010416666666666593,0.10949999999999997,0.0
7-scenes-redkitchen,11,44,0.022135416666666557,0.09633333333333334,0.0
7-scenes-redkitchen,11,45,0.02994791666666652,0.13233333333333333,0.0
7-scenes-redkitchen,11,46,0.16276041666666605,0.22166666666666668,0.0
7-scenes-redkitchen,11,47,0.10807291666666624,0.19416666666666668,0.0
7-scenes-redkitchen,11,48,0.12890624999999947,0.16,0.0
7-scenes-redkitchen,11,49,0.05078124999999981,0.14783333333333334,0.0
7-scenes-redkitchen,11,50,0.036458333333333225,0.13416666666666668,0.0
7-scenes-redkitchen,11,51,0.08463541666666637,0.1471666666666667,0.0
7-scenes-redkitchen,11,52,0.01432291666666663,0.1196666666666667,0.0
7-scenes-redkitchen,11,53,0.04817708333333315,0.08066666666666665,0.0
7-scenes-redkitchen,11,54,0.020833333333333242,0.01099999999999999,0.0
7-scenes-redkitchen,11,58,0.03776041666666652,0.02533333333333333,0.0
7-scenes-redkitchen,11,59,0.10677083333333288,0.04949999999999998,0.0
7-scenes-redkitchen,12,16,0.039062499999999854,0.04133333333333336,0.0
7-scenes-redkitchen,12,18,-0.04427083333333315,0.014333333333333345,0.0
7-scenes-redkitchen,12,20,-0.05598958333333306,0.0043333333333333375,0.0
7-scenes-redkitchen,12,25,-0.15234374999999942,-0.06233333333333332,0.0
7-scenes-redkitchen,12,30,-0.05989583333333309,-0.009333333333333324,0.0
7-scenes-redkitchen,12,31,-0.1263020833333328,-0.06616666666666665,-0.3333333333333333
7-scenes-redkitchen,12,32,0.20052083333333257,0.16516666666666666,0.3333333333333333
7-scenes-redkitchen,12,36,0.11718749999999956,0.05666666666666664,0.0
7-scenes-redkitchen,12,38,0.046874999999999854,0.07983333333333331,0.0
7-scenes-redkitchen,12,39,-0.009114583333333334,0.027666666666666655,0.0
7-scenes-redkitchen,12,46,0.21354166666666585,0.22966666666666666,0.0
7-scenes-redkitchen,12,47,0.2669270833333322,0.28099999999999997,0.3333333333333333
7-scenes-redkitchen,12,48,0.23307291666666577,0.22383333333333333,0.3333333333333333
7-scenes-redkitchen,12,50,0.18229166666666594,0.22133333333333335,0.6666666666666666
7-scenes-redkitchen,12,51,0.020833333333333297,0.08999999999999997,0.0
7-scenes-redkitchen,12,52,0.17578124999999925,0.21566666666666667,0.0
7-scenes-redkitchen,12,59,-0.13151041666666613,-0.07150000000000001,0.0
7-scenes-redkitchen,13,18,-0.0026041666666666665,0.049499999999999995,0.0
7-scenes-redkitchen,13,19,0.015625,0.11733333333333335,0.0
7-scenes-redkitchen,13,25,-0.10156249999999951,-0.006666666666666654,-0.6666666666666666
7-scenes-redkitchen,13,30,-0.02864583333333322,0.01533333333333331,0.0
7-scenes-redkitchen,13,31,-0.049479166666666484,0.021166666666666667,0.0
7-scenes-redkitchen,13,32,0.007812499999999963,0.05583333333333334,0.0
7-scenes-redkitchen,13,36,-0.0377604166666665,-0.0036666666666666605,0.3333333333333333
7-scenes-redkitchen,13,37,-0.02473958333333322,0.016499999999999976,0.0
7-scenes-redkitchen,13,38,0.020833333333333277,0.031666666666666655,0.0
7-scenes-redkitchen,13,39,-0.03255208333333315,0.05033333333333334,0.0
7-scenes-redkitchen,13,46,0.0807291666666664,0.1495,0.0
7-scenes-redkitchen,13,47,-0.16406249999999933,-0.10733333333333335,-0.3333333333333333
7-scenes-redkitchen,13,59,-0.08333333333333304,-0.028999999999999998,-0.6666666666666666
7-scenes-redkitchen,14,16,0.036458333333333225,0.07300000000000001,0.0
7-scenes-redkitchen,14,17,-0.013020833333333334,0.010333333333333325,-0.3333333333333333
7-scenes-redkitchen,14,18,-0.05859374999999976,-0.008499999999999988,0.0
7-scenes-redkitchen,14,20,-0.01692708333333326,-0.013499999999999998,0.0
7-scenes-redkitchen,14,30,-0.005208333333333305,0.035500000000000004,0.3333333333333333
7-scenes-redkitchen,14,31,-0.08854166666666634,-0.042833333333333334,0.0
7-scenes-redkitchen,14,32,0.11458333333333287,0.10149999999999999,0.0
7-scenes-redkitchen,14,36,0.08593749999999968,0.04033333333333333,0.0
7-scenes-redkitchen,14,45,0.03385416666666652,0.09983333333333333,0.0
7-scenes-redkitchen,14,46,0.023437499999999927,0.06899999999999999,0.0
7-scenes-redkitchen,14,47,0.0885416666666663,0.11316666666666668,0.0
7-scenes-redkitchen,14,52,0.08593749999999963,0.0615,0.3333333333333333
7-scenes-redkitchen,15,21,0.014322916666666602,0.037166666666666674,0.0
7-scenes-redkitchen,15,24,-0.11067708333333287,-0.07249999999999998,-0.3333333333333333
7-scenes-redkitchen,15,28,-0.013020833333333265,0.006333333333333325,0.0
7-scenes-redkitchen,15,29,-0.08203124999999968,-0.004666666666666666,-0.3333333333333333
7-scenes-redkitchen,15,35,0.04427083333333318,0.0805,0.0
7-scenes-redkitchen,15,40,0.09114583333333297,0.10266666666666667,0.0
7-scenes-redkitchen,15,41,0.02083333333333326,0.034166666666666665,0.0
7-scenes-redkitchen,15,42,-0.028645833333333204,0.04349999999999999,0.0
7-scenes-redkitchen,15,43,-0.026041666666666574,0.03783333333333333,0.0
7-scenes-redkitchen,15,44,-0.007812499999999963,0.05983333333333333,0.0
7-scenes-redkitchen,15,45,-0.03906249999999989,0.012833333333333344,0.0
7-scenes-redkitchen,15,46,0.01302083333333326,0.06900000000000002,0.0
7-scenes-redkitchen,15,47,0.026041666666666557,0.0746666666666667,0.0
7-scenes-redkitchen,15,48,0.0078125,0.09350000000000001,0.0
7-scenes-redkitchen,15,49,0.011718749999999925,0.09483333333333331,0.0
7-scenes-redkitchen,15,50,0.007812499999999963,0.08966666666666671,0.0
7-scenes-redkitchen,15,51,0.07421874999999968,0.11183333333333333,0.0
7-scenes-redkitchen,15,52,0.03776041666666652,0.11966666666666666,0.0
7-scenes-redkitchen,15,53,0.022135416666666557,0.08133333333333333,0.0
7-scenes-redkitchen,15,54,0.0013020833333333703,0.0633333333333333,0.0
7-scenes-redkitchen,15,55,-0.02604166666666659,0.02333333333333334,0.0
7-scenes-redkitchen,15,56,-0.006510416666666662,0.025166666666666667,0.0
7-scenes-redkitchen,15,57,-0.035156249999999854,0.008833333333333313,0.3333333333333333
7-scenes-redkitchen,15,58,-0.019531249999999927,0.003999999999999985,0.0
7-scenes-redkitchen,16,27,-0.17708333333333268,-0.08349999999999998,-0.3333333333333333
7-scenes-redkitchen,16,34,0.015624999999999925,0.03800000000000001,0.0
7-scenes-redkitchen,16,48,-0.003906249999999963,-0.027499999999999997,0.0
7-scenes-redkitchen,16,49,-0.036458333333333225,-0.02066666666666665,0.0
7-scenes-redkitchen,16,50,-0.0013020833333332964,0.004999999999999986,0.0
7-scenes-redkitchen,16,52,-0.003906249999999963,0.023499999999999983,0.0
7-scenes-redkitchen,16,57,-0.010416666666666666,0.06833333333333336,0.0
7-scenes-redkitchen,17,26,-0.02473958333333322,0.05833333333333338,0.0
7-scenes-redkitchen,17,48,-0.023437499999999927,-0.02516666666666668,0.0
7-scenes-redkitchen,17,49,-0.07161458333333304,-0.043000000000000003,0.0
7-scenes-redkitchen,17,50,0.00390625,-0.028499999999999987,0.0
7-scenes-redkitchen,17,52,-0.039062499999999854,0.012999999999999992,0.0
7-scenes-redkitchen,17,56,-0.03515624999999981,0.05166666666666664,0.0
7-scenes-redkitchen,17,57,-0.039062499999999854,0.028000000000000025,0.0
7-scenes-redkitchen,18,22,0.013020833333333296,0.10066666666666664,0.0
7-scenes-redkitchen,18,27,0.028645833333333186,0.03250000000000002,0.0
7-scenes-redkitchen,18,46,0.029947916666666557,0.06116666666666667,0.0
7-scenes-redkitchen,18,47,0.05989583333333309,0.08300000000000002,0.0
7-scenes-redkitchen,18,48,0.03385416666666652,0.04949999999999999,0.0
7-scenes-redkitchen,18,49,-0.032552083333333225,0.03583333333333335,0.0
7-scenes-redkitchen,18,50,-0.03906249999999989,0.01666666666666668,0.0
7-scenes-redkitchen,18,52,-0.020833333333333186,0.05416666666666666,0.0
7-scenes-redkitchen,18,56,-0.06119791666666646,-0.025333333333333357,-0.3333333333333333
7-scenes-redkitchen,18,57,-0.011718749999999925,0.06033333333333335,0.0
7-scenes-redkitchen,18,58,-0.00390625,0.047166666666666655,0.0
7-scenes-redkitchen,19,22,0.05859374999999978,0.1625,0.0
7-scenes-redkitchen,19,23,0.07812499999999968,0.1995,0.3333333333333333
7-scenes-redkitchen,19,27,0.02213541666666659,0.045166666666666654,0.0
7-scenes-redkitchen,19,34,-0.011718749999999908,0.06466666666666666,0.0
7-scenes-redkitchen,19,45,0.0065104166666666114,0.07400000000000001,0.0
7-scenes-redkitchen,19,46,0.009114583333333296,0.1221666666666667,0.0
7-scenes-redkitchen,19,47,0.04036458333333318,0.15483333333333338,0.0
7-scenes-redkitchen,19,48,0.02734374999999989,0.14066666666666663,0.0
7-scenes-redkitchen,19,50,0.019531249999999927,0.11916666666666668,0.0
7-scenes-redkitchen,19,51,0.053385416666666484,0.13749999999999998,0.0
7-scenes-redkitchen,19,52,0.02734374999999989,0.12966666666666662,0.0
7-scenes-redkitchen,19,55,-0.013020833333333334,-0.022666666666666686,0.0
7-scenes-redkitchen,19,56,-0.087239583333333,-0.01583333333333335,0.0
7-scenes-redkitchen,19,57,-0.16666666666666605,-0.08266666666666668,0.0
7-scenes-redkitchen,19,58,-0.019531249999999927,0.010166666666666694,0.0
7-scenes-redkitchen,20,22,0.03515624999999989,0.10533333333333328,0.0
7-scenes-redkitchen,20,23,0.05338541666666646,0.0665,0.0
7-scenes-redkitchen,20,24,-0.06249999999999974,-0.08416666666666665,0.0
7-scenes-redkitchen,20,27,-0.0690104166666664,-0.015833333333333328,-0.3333333333333333
7-scenes-redkitchen,20,34,0.1054687499999996,0.12100000000000001,0.0
7-scenes-redkitchen,20,38,0.0013020833333333703,0.059333333333333314,0.0
7-scenes-redkitchen,20,47,0.018229166666666605,-0.005166666666666664,0.0
7-scenes-redkitchen,20,48,-0.10807291666666628,-0.023499999999999997,0.0
7-scenes-redkitchen,20,49,-0.08463541666666634,0.008666666666666665,0.0
7-scenes-redkitchen,20,50,0.11067708333333291,0.106,0.0
7-scenes-redkitchen,20,52,0.0690104166666664,0.09433333333333331,0.0
7-scenes-redkitchen,20,53,0.1263020833333328,0.17099999999999996,0.0
7-scenes-redkitchen,20,55,-0.04817708333333315,0.010833333333333361,0.0
7-scenes-redkitchen,20,56,-0.22005208333333245,-0.09999999999999998,0.0
7-scenes-redkitchen,20,57,-0.08593749999999967,0.020000000000000056,0.0
7-scenes-redkitchen,20,58,0.0026041666666666665,0.055333333333333345,0.0
7-scenes-redkitchen,20,59,0.011718749999999925,0.07366666666666666,0.0
7-scenes-redkitchen,21,25,-0.1927083333333326,-0.05916666666666665,-0.6666666666666666
7-scenes-redkitchen,21,26,0.05338541666666644,0.032166666666666684,-0.6666666666666666
7-scenes-redkitchen,21,34,-0.09505208333333293,-0.013166666666666655,-0.3333333333333333
7-scenes-redkitchen,21,36,-0.11328124999999954,-0.02033333333333333,0.0
7-scenes-redkitchen,21,37,-0.07161458333333308,-0.032333333333333346,0.0
7-scenes-redkitchen,21,38,-0.01822916666666663,0.05833333333333335,0.0
7-scenes-redkitchen,21,49,-0.11718749999999951,-0.07216666666666667,-0.3333333333333333
7-scenes-redkitchen,21,52,0.06380208333333309,0.0425,0.0
7-scenes-redkitchen,21,53,-0.019531249999999927,0.021666666666666678,-0.3333333333333333
7-scenes-redkitchen,21,56,-0.00651041666666663,0.07433333333333332,0.0
7-scenes-redkitchen,21,57,0.019531249999999927,0.07983333333333333,0.0
7-scenes-redkitchen,21,58,0.02864583333333322,0.05383333333333332,0.0
7-scenes-redkitchen,21,59,-0.08593749999999963,0.006333333333333302,0.0
7-scenes-redkitchen,22,25,-0.12109374999999951,-0.06116666666666668,-0.3333333333333333
7-scenes-redkitchen,22,37,-0.1132812499999996,-0.012166666666666668,-0.3333333333333333
7-scenes-redkitchen,22,38,-0.03515624999999984,-0.009,0.0
7-scenes-redkitchen,22,39,0.0768229166666664,0.05049999999999998,0.0
7-scenes-redkitchen,22,53,0.10546874999999961,0.05766666666666667,0.3333333333333333
7-scenes-redkitchen,22,56,0.12760416666666616,0.13116666666666665,0.3333333333333333
7-scenes-redkitchen,22,57,-0.04427083333333317,-0.0515,0.0
7-scenes-redkitchen,22,58,-0.10677083333333291,-0.03816666666666668,0.0
7-scenes-redkitchen,22,59,0.0468749999999998,0.07216666666666664,0.0
7-scenes-redkitchen,23,25,-0.11848958333333287,-0.04233333333333331,0.0
7-scenes-redkitchen,23,37,0.03515624999999989,0.02783333333333334,-0.3333333333333333
7-scenes-redkitchen,23,38,0.10026041666666628,0.0315,0.0
7-scenes-redkitchen,23,39,-0.06249999999999976,-0.037,-0.6666666666666666
7-scenes-redkitchen,23,53,0.08854166666666631,0.06999999999999999,0.6666666666666666
7-scenes-redkitchen,23,56,0.04557291666666652,0.01933333333333333,0.0
7-scenes-redkitchen,23,57,0.05338541666666647,-0.0008333333333333312,0.0
7-scenes-redkitchen,23,58,0.06119791666666639,0.09349999999999999,0.3333333333333333
7-scenes-redkitchen,23,59,0.1171874999999995,0.19149999999999998,0.0
7-scenes-redkitchen,24,38,0.05859374999999974,0.11783333333333329,0.0
7-scenes-redkitchen,24,39,0.057291666666666484,0.09616666666666666,0.0
7-scenes-redkitchen,24,48,-0.07421874999999974,-0.035333333333333335,0.0
7-scenes-redkitchen,24,49,-0.0885416666666663,-0.043666666666666666,-0.3333333333333333
7-scenes-redkitchen,24,52,0.018229166666666605,0.016333333333333328,0.6666666666666666
7-scenes-redkitchen,24,56,0.05468749999999978,0.03383333333333334,0.0
7-scenes-redkitchen,24,57,-0.20182291666666585,-0.14683333333333334,-0.6666666666666666
7-scenes-redkitchen,25,27,0.08984374999999965,0.1338333333333333,0.0
7-scenes-redkitchen,25,34,0.1484374999999994,0.14166666666666666,0.3333333333333333
7-scenes-redkitchen,25,46,0.07812499999999971,0.1401666666666667,0.0
7-scenes-redkitchen,25,47,0.079427083333333,0.12783333333333333,0.0
7-scenes-redkitchen,25,48,0.0039062499999999814,0.0595,0.0
7-scenes-redkitchen,25,49,-0.1471354166666661,-0.04,0.0
7-scenes-redkitchen,25,50,-0.01822916666666659,0.03783333333333333,0.0
7-scenes-redkitchen,25,52,-0.02213541666666663,0.05216666666666666,0.0
7-scenes-redkitchen,25,56,0.27604166666666563,0.24316666666666664,0.0
7-scenes-redkitchen,25,57,0.10807291666666624,0.13699999999999998,0.3333333333333333
7-scenes-redkitchen,26,28,0.010416666666666593,0.032833333333333346,0.0
7-scenes-redkitchen,26,29,0.022135416666666574,0.04833333333333333,0.0
7-scenes-redkitchen,26,30,-0.03906249999999983,0.016166666666666666,0.0
7-scenes-redkitchen,26,34,0.09505208333333298,0.111,0.3333333333333333
7-scenes-redkitchen,26,35,0.02343749999999989,0.09700000000000002,0.0
7-scenes-redkitchen,26,40,0.06510416666666641,0.0725,-0.3333333333333333
7-scenes-redkitchen,26,41,-0.013020833333333296,0.0010000000000000193,-0.3333333333333333
7-scenes-redkitchen,26,42,0.010416666666666649,0.06016666666666667,0.0
7-scenes-redkitchen,26,43,0.04687499999999987,0.08483333333333333,0.0
7-scenes-redkitchen,26,44,-0.07421874999999972,-0.004166666666666652,0.0
7-scenes-redkitchen,26,45,-0.09374999999999967,0.02033333333333337,0.0
7-scenes-redkitchen,26,46,0.11458333333333291,0.18483333333333332,0.0
7-scenes-redkitchen,26,47,0.17187499999999933,0.2268333333333333,0.0
7-scenes-redkitchen,26,48,0.12760416666666616,0.17416666666666666,0.0
7-scenes-redkitchen,26,49,-0.03515624999999989,0.06066666666666665,0.0
7-scenes-redkitchen,26,50,0.015624999999999964,0.14200000000000002,0.0
7-scenes-redkitchen,26,51,0.04166666666666655,0.10516666666666667,0.0
7-scenes-redkitchen,26,52,0.006510416666666667,0.10400000000000002,0.0
7-scenes-redkitchen,26,53,0.01822916666666659,0.10166666666666661,0.0
7-scenes-redkitchen,26,54,0.02343749999999989,0.12533333333333338,0.0
7-scenes-redkitchen,26,55,0.02083333333333322,0.0868333333333333,0.0
7-scenes-redkitchen,26,56,0.019531249999999927,0.02966666666666666,-0.3333333333333333
7-scenes-redkitchen,26,57,-0.06770833333333308,-0.014833333333333346,0.0
7-scenes-redkitchen,26,58,-0.028645833333333186,0.06533333333333335,0.0
7-scenes-redkitchen,26,59,-0.20963541666666585,-0.09283333333333332,0.0
7-scenes-redkitchen,27,30,0.019531249999999927,0.10316666666666667,0.0
7-scenes-redkitchen,27,31,0.08463541666666634,0.1878333333333333,0.0
7-scenes-redkitchen,27,32,-0.04427083333333313,0.04433333333333334,0.0
7-scenes-redkitchen,27,36,-0.12109374999999954,0.002833333333333373,0.0
7-scenes-redkitchen,27,37,-0.01171875,0.1065,0.0
7-scenes-redkitchen,27,38,0.18098958333333268,0.135,0.0
7-scenes-redkitchen,27,39,0.2591145833333323,0.25933333333333336,0.3333333333333333
7-scenes-redkitchen,27,41,0.10416666666666623,0.1538333333333333,0.0
7-scenes-redkitchen,27,42,0.11848958333333282,0.12716666666666668,0.0
7-scenes-redkitchen,27,43,0.08203124999999967,0.1205,0.0
7-scenes-redkitchen,27,44,0.04817708333333315,0.08566666666666671,0.0
7-scenes-redkitchen,27,45,0.24999999999999903,0.23283333333333334,0.0
7-scenes-redkitchen,27,59,-0.01432291666666663,-0.005500000000000002,0.0
7-scenes-redkitchen,28,32,-0.07812499999999972,-0.014833333333333337,0.0
7-scenes-redkitchen,28,37,-0.08723958333333297,-0.039000000000000014,0.0
7-scenes-redkitchen,28,38,0.04947916666666646,0.022166666666666685,0.0
7-scenes-redkitchen,28,43,0.07552083333333304,0.13749999999999996,0.0
7-scenes-redkitchen,28,44,0.0963541666666663,0.136,0.0
7-scenes-redkitchen,28,45,0.01822916666666663,0.09599999999999997,0.0
7-scenes-redkitchen,29,32,-0.02734374999999987,0.014833333333333329,0.0
7-scenes-redkitchen,29,44,0.02604166666666652,0.11533333333333333,0.0
7-scenes-redkitchen,29,45,0.03645833333333318,0.1406666666666667,0.0
7-scenes-redkitchen,30,33,0.0195312499999999,-0.011333333333333334,0.3333333333333333
7-scenes-redkitchen,30,44,-0.007812499999999926,0.07183333333333335,0.0
7-scenes-redkitchen,31,40,0.20442708333333257,0.20583333333333334,0.3333333333333333
7-scenes-redkitchen,31,41,0.07031249999999972,0.06516666666666665,0.3333333333333333
7-scenes-redkitchen,31,42,0.05468749999999974,0.10049999999999999,0.0
7-scenes-redkitchen,31,43,-0.03776041666666654,0.00633333333333332,-0.3333333333333333
7-scenes-redkitchen,32,34,0.022135416666666557,0.04516666666666669,0.0
7-scenes-redkitchen,32,38,0.05078124999999978,0.07116666666666667,0.0
7-scenes-redkitchen,32,39,0.0416666666666665,0.08450000000000006,0.0
7-scenes-redkitchen,32,40,0.018229166666666647,0.07416666666666666,0.0
7-scenes-redkitchen,33,37,-0.07942708333333304,-0.036833333333333336,0.0
7-scenes-redkitchen,33,38,-0.08854166666666634,-0.03916666666666666,-0.3333333333333333
7-scenes-redkitchen,33,39,0.036458333333333155,0.044000000000000004,0.0
7-scenes-redkitchen,33,56,0.05859374999999976,0.05616666666666668,0.6666666666666666
7-scenes-redkitchen,33,57,0.01822916666666659,0.022500000000000003,0.0
7-scenes-redkitchen,33,58,0.00651041666666663,0.0085,0.0
7-scenes-redkitchen,34,35,0.07291666666666637,0.09466666666666666,0.0
7-scenes-redkitchen,34,36,0.07291666666666637,0.11433333333333333,0.0
7-scenes-redkitchen,34,37,0.02604166666666659,0.078,0.0
7-scenes-redkitchen,34,38,0.03645833333333318,0.09133333333333331,0.0
7-scenes-redkitchen,34,39,0.0026041666666666665,0.07866666666666662,0.0
7-scenes-redkitchen,34,54,0.04166666666666652,0.067,0.0
7-scenes-redkitchen,34,58,0.03124999999999989,0.05833333333333335,0.0
7-scenes-redkitchen,34,59,0.059895833333333114,0.04850000000000002,0.0
7-scenes-redkitchen,35,38,0.08463541666666634,0.08899999999999997,0.0
7-scenes-redkitchen,35,39,0.029947916666666557,0.07283333333333335,0.0
7-scenes-redkitchen,35,48,0.01432291666666663,0.05233333333333334,0.0
7-scenes-redkitchen,35,49,-0.02343749999999989,0.02616666666666671,0.0
7-scenes-redkitchen,35,50,-0.007812499999999926,0.016166666666666663,0.0
7-scenes-redkitchen,35,52,-0.02213541666666652,0.04866666666666667,0.0
7-scenes-redkitchen,36,47,-0.015624999999999925,0.02483333333333332,0.0
7-scenes-redkitchen,36,48,-0.01432291666666663,0.04350000000000002,0.0
7-scenes-redkitchen,36,49,-0.02604166666666659,0.037333333333333364,0.0
7-scenes-redkitchen,36,50,-0.009114583333333334,0.03883333333333333,0.0
7-scenes-redkitchen,36,52,-0.035156249999999854,0.04116666666666665,0.0
7-scenes-redkitchen,37,47,0.01822916666666659,0.08116666666666665,0.0
7-scenes-redkitchen,37,48,-0.011718749999999925,0.04899999999999999,0.0
7-scenes-redkitchen,37,49,0.0026041666666666297,0.06833333333333336,0.0
7-scenes-redkitchen,37,50,-0.013020833333333296,0.05183333333333336,0.0
7-scenes-redkitchen,37,52,0.006510416666666667,0.10016666666666667,0.0
7-scenes-redkitchen,38,49,-0.0690104166666664,-0.012666666666666672,0.0
7-scenes-redkitchen,38,52,-0.007812499999999982,0.03683333333333335,0.0
7-scenes-redkitchen,38,53,-0.045572916666666484,0.04750000000000001,0.0
7-scenes-redkitchen,38,57,-0.022135416666666557,0.07216666666666664,0.0
7-scenes-redkitchen,39,47,0.1432291666666661,0.149,0.0
7-scenes-redkitchen,39,48,0.08072916666666637,0.10966666666666668,0.0
7-scenes-redkitchen,39,49,-0.08072916666666631,-0.006333333333333339,0.0
7-scenes-redkitchen,39,50,-0.011718749999999925,0.041000000000000036,0.0
7-scenes-redkitchen,39,52,-0.023437499999999927,0.05033333333333334,0.0
7-scenes-redkitchen,39,53,0.11588541666666623,0.13266666666666663,0.0
7-scenes-redkitchen,39,55,-0.04036458333333315,0.04933333333333334,0.0
7-scenes-redkitchen,39,56,-0.023437499999999927,0.03383333333333338,0.0
7-scenes-redkitchen,39,57,-0.014322916666666593,0.04900000000000001,0.0
7-scenes-redkitchen,40,44,-0.015624999999999925,0.04833333333333334,0.0
7-scenes-redkitchen,40,45,0.023437499999999927,0.05866666666666668,0.0
7-scenes-redkitchen,40,46,-0.07421874999999967,-0.022166666666666685,0.0
7-scenes-redkitchen,41,46,0.06640624999999974,0.133,0.0
7-scenes-redkitchen,42,46,0.02083333333333326,0.10766666666666669,0.0
7-scenes-redkitchen,43,47,-0.06380208333333309,-0.006666666666666664,0.0
7-scenes-redkitchen,44,47,-0.1276041666666661,-0.05166666666666667,-0.3333333333333333
7-scenes-redkitchen,44,48,0.024739583333333193,0.06366666666666668,0.0
7-scenes-redkitchen,45,48,0.04427083333333315,0.11566666666666665,0.0
7-scenes-redkitchen,45,49,0.0039062499999999445,0.10133333333333332,0.0
7-scenes-redkitchen,45,50,0.014322916666666574,0.07500000000000001,0.0
7-scenes-redkitchen,45,51,-0.026041666666666557,0.08883333333333333,0.0
7-scenes-redkitchen,45,52,0.01041666666666663,0.09599999999999999,0.0
7-scenes-redkitchen,46,53,0.05729166666666641,0.11900000000000001,0.0
7-scenes-redkitchen,47,54,-0.01822916666666663,-0.03366666666666666,0.0
7-scenes-redkitchen,48,58,-0.03906249999999984,-0.035500000000000004,0.3333333333333333
7-scenes-redkitchen,48,59,-0.01692708333333327,-0.024166666666666656,-0.3333333333333333
7-scenes-redkitchen,49,55,-0.028645833333333186,-0.025333333333333336,0.0
7-scenes-redkitchen,49,58,-0.06119791666666644,-0.020500000000000004,0.0
7-scenes-redkitchen,49,59,0.052083333333333155,0.03016666666666667,0.0
7-scenes-redkitchen,50,59,0.054687499999999806,0.017666666666666653,0.0
7-scenes-redkitchen,51,54,0.013020833333333303,0.014666666666666666,-0.3333333333333333
7-scenes-redkitchen,51,59,-0.016927083333333263,-0.0048333333333333344,0.3333333333333333
7-scenes-redkitchen,52,55,-0.011718749999999936,0.018333333333333326,0.3333333333333333
7-scenes-redkitchen,52,58,-0.03124999999999989,-0.03566666666666666,0.0
7-scenes-redkitchen,52,59,0.007812499999999963,-0.025500000000000005,0.0
7-scenes-redkitchen,53,56,0.05989583333333309,0.03716666666666668,0.0
7-scenes-redkitchen,53,57,0.04817708333333315,0.0355,0.0
sun3d-home_at-home_at_scan1_2013_jan_1,0,30,-0.026041666666666564,-0.0031666666666666666,0.0
sun3d-home_at-home_at_scan1_2013_jan_1,0,31,-0.06119791666666637,-0.08299999999999998,-0.3333333333333333
sun3d-home_at-home_at_scan1_2013_jan_1,0,33,0.024739583333333204,0.041833333333333354,0.0
sun3d-home_at-home_at_scan1_2013_jan_1,0,34,0.0377604166666665,0.06033333333333333,0.3333333333333333
sun3d-home_at-home_at_scan1_2013_jan_1,0,35,0.04036458333333313,0.06433333333333331,0.3333333333333333
sun3d-home_at-home_at_scan1_2013_jan_1,0,36,-0.024739583333333277,0.06066666666666668,0.0
sun3d-home_at-home_at_scan1_2013_jan_1,0,37,-0.05208333333333313,-0.001999999999999965,0.0
sun3d-home_at-home_at_scan1_2013_jan_1,0,38,0.04427083333333318,0.06083333333333335,0.0
sun3d-home_at-home_at_scan1_2013_jan_1,0,41,0.014322916666666597,0.006833333333333336,0.0
sun3d-home_at-home_at_scan1_2013_jan_1,0,42,-0.0286458333333332,-0.01183333333333333,0.0
sun3d-home_at-home_at_scan1_2013_jan_1,0,47,0.0455729166666665,0.005,0.0
sun3d-home_at-home_at_scan1_2013_jan_1,0,49,-0.02864583333333326,0.00833333333333334,0.0
sun3d-home_at-home_at_scan1_2013_jan_1,0,50,-0.03906249999999987,0.002166666666666664,0.0
sun3d-home_at-home_at_scan1_2013_jan_1,0,51,-0.22135416666666574,-0.10666666666666665,0.0
sun3d-home_at-home_at_scan1_2013_jan_1,1,3,0.018229166666666668,0.044333333333333336,0.0
sun3d-home_at-home_at_scan1_2013_jan_1,1,31,-0.006510416666666667,-0.0006666666666666673,0.0
sun3d-home_at-home_at_scan1_2013_jan_1,1,33,-0.08333333333333298,-0.011999999999999992,-0.3333333333333333
sun3d-home_at-home_at_scan1_2013_jan_1,1,35,-0.02604166666666659,-0.0043333333333333375,-0.3333333333333333
sun3d-home_at-home_at_scan1_2013_jan_1,1,36,0.00651041666666663,0.05666666666666664,0.0
sun3d-home_at-home_at_scan1_2013_jan_1,1,37,0.019531249999999927,0.11716666666666664,0.0
sun3d-home_at-home_at_scan1_2013_jan_1,1,38,0.01692708333333322,0.06866666666666665,0.0
sun3d-home_at-home_at_scan1_2013_jan_1,1,39,0.029947916666666557,0.09866666666666668,0.0
sun3d-home_at-home_at_scan1_2013_jan_1,1,47,-0.010416666666666666,-0.007,0.0
sun3d-home_at-home_at_scan1_2013_jan_1,1,48,-0.04427083333333317,-0.029666666666666664,0.0
sun3d-home_at-home_at_scan1_2013_jan_1,1,49,-0.12890624999999953,-0.07816666666666666,-0.3333333333333333
sun3d-home_at-home_at_scan1_2013_jan_1,1,50,-0.24348958333333237,-0.13449999999999998,-0.3333333333333333
sun3d-home_at-home_at_scan1_2013_jan_1,1,51,-0.1692708333333327,-0.13799999999999998,0.0
sun3d-home_at-home_at_scan1_2013_jan_1,2,3,0.0026041666666666297,0.045499999999999985,0.0
sun3d-home_at-home_at_scan1_2013_jan_1,2,31,-0.041666666666666505,-0.05150000000000001,0.0
sun3d-home_at-home_at_scan1_2013_jan_1,2,33,0.11718749999999951,0.12650000000000003,0.0
sun3d-home_at-home_at_scan1_2013_jan_1,2,35,0.06770833333333309,0.08549999999999998,0.0
sun3d-home_at-home_at_scan1_2013_jan_1,2,37,0.04427083333333315,0.12583333333333335,0.0
sun3d-home_at-home_at_scan1_2013_jan_1,2,39,0.03645833333333318,0.08483333333333332,0.0
sun3d-home_at-home_at_scan1_2013_jan_1,2,48,-0.05859374999999978,-0.027333333333333334,0.0
sun3d-home_at-home_at_scan1_2013_jan_1,2,49,0.0026041666666666336,0.0023333333333333335,0.0
sun3d-home_at-home_at_scan1_2013_jan_1,2,50,-0.0013020833333332999,-0.0014999999999999998,0.0
sun3d-home_at-home_at_scan1_2013_jan_1,2,51,-0.0013020833333332999,0.0,0.0
sun3d-home_at-home_at_scan1_2013_jan_1,3,24,0.05078124999999973,0.007166666666666666,0.0
sun3d-home_at-home_at_scan1_2013_jan_1,3,25,0.01302083333333331,-0.009833333333333333,0.0
sun3d-home_at-home_at_scan1_2013_jan_1,3,26,0.0,2.8912057932946783e-19,0.0
sun3d-home_at-home_at_scan1_2013_jan_1,3,29,-0.05989583333333313,0.017833333333333336,0.0
sun3d-home_at-home_at_scan1_2013_jan_1,3,30,-0.03515624999999986,-0.014833333333333336,0.0
sun3d-home_at-home_at_scan1_2013_jan_1,3,32,0.02083333333333327,0.04566666666666667,0.3333333333333333
sun3d-home_at-home_at_scan1_2013_jan_1,3,33,0.09505208333333297,0.15133333333333335,0.0
sun3d-home_at-home_at_scan1_2013_jan_1,3,34,-0.02473958333333326,0.07900000000000001,0.0
sun3d-home_at-home_at_scan1_2013_jan_1,3,35,0.11979166666666614,0.14683333333333332,0.0
sun3d-home_at-home_at_scan1_2013_jan_1,3,36,0.1197916666666662,0.17300000000000004,0.0
sun3d-home_at-home_at_scan1_2013_jan_1,3,37,0.02864583333333322,0.11049999999999999,0.0
sun3d-home_at-home_at_scan1_2013_jan_1,3,38,0.1341145833333328,0.20283333333333334,0.0
sun3d-home_at-home_at_scan1_2013_jan_1,3,40,-0.14583333333333276,-0.13466666666666668,-0.3333333333333333
sun3d-home_at-home_at_scan1_2013_jan_1,3,41,-0.0976562499999996,-0.0040000000000000036,0.0
sun3d-home_at-home_at_scan1_2013_jan_1,3,42,-0.040364583333333155,0.013833333333333342,-0.6666666666666666
sun3d-home_at-home_at_scan1_2013_jan_1,3,44,0.016927083333333242,0.11466666666666665,0.0
sun3d-home_at-home_at_scan1_2013_jan_1,3,45,0.022135416666666557,0.10633333333333332,0.0
sun3d-home_at-home_at_scan1_2013_jan_1,3,46,-0.08333333333333304,-0.005833333333333329,0.0
sun3d-home_at-home_at_scan1_2013_jan_1,3,48,0.05989583333333307,0.073,0.3333333333333333
sun3d-home_at-home_at_scan1_2013_jan_1,3,49,-0.011718749999999932,-0.03316666666666667,0.0
sun3d-home_at-home_at_scan1_2013_jan_1,4,8,-0.015624999999999908,0.057333333333333326,0.0
sun3d-home_at-home_at_scan1_2013_jan_1,4,24,-0.03515624999999983,-0.020833333333333332,0.0
sun3d-home_at-home_at_scan1_2013_jan_1,4,25,0.0026041666666666388,-0.02266666666666667,0.0
sun3d-home_at-home_at_scan1_2013_jan_1,4,26,-0.03515624999999987,-0.025999999999999995,0.0
sun3d-home_at-home_at_scan1_2013_jan_1,4,29,-0.13020833333333282,-0.044833333333333336,0.0
sun3d-home_at-home_at_scan1_2013_jan_1,4,30,0.007812499999999907,-0.026000000000000006,-0.3333333333333333
sun3d-home_at-home_at_scan1_2013_jan_1,4,31,-0.083333333333333,-0.011999999999999999,0.0
sun3d-home_at-home_at_scan1_2013_jan_1,4,32,0.03515624999999986,0.028333333333333332,0.0
sun3d-home_at-home_at_scan1_2013_jan_1,4,42,-0.10937499999999956,-0.063,0.0
sun3d-home_at-home_at_scan1_2013_jan_1,4,44,-0.0546874999999998,-0.04266666666666665,0.0
sun3d-home_at-home_at_scan1_2013_jan_1,4,45,-0.07161458333333304,-0.02350000000000002,0.0
sun3d-home_at-home_at_scan1_2013_jan_1,4,47,-0.12760416666666616,-0.052833333333333336,0.0
sun3d-home_at-home_at_scan1_2013_jan_1,5,6,-0.08463541666666635,-0.001999999999999983,0.0
sun3d-home_at-home_at_scan1_2013_jan_1,5,11,0.1731770833333327,0.18683333333333332,0.3333333333333333
sun3d-home_at-home_at_scan1_2013_jan_1,5,15,0.03906249999999983,0.06283333333333334,0.0
sun3d-home_at-home_at_scan1_2013_jan_1,5,40,0.06119791666666644,0.09416666666666666,0.0
sun3d-home_at-home_at_scan1_2013_jan_1,6,8,-0.013020833333333278,0.04033333333333334,0.0
sun3d-home_at-home_at_scan1_2013_jan_1,6,9,-0.029947916666666557,-0.03266666666666667,0.0
sun3d-home_at-home_at_scan1_2013_jan_1,6,10,0.0026041666666666995,0.009166666666666665,0.0
sun3d-home_at-home_at_scan1_2013_jan_1,6,24,0.01953124999999999,-0.0065000000000000014,0.0
sun3d-home_at-home_at_scan1_2013_jan_1,6,25,-0.014322916666666555,0.004499999999999997,0.0
sun3d-home_at-home_at_scan1_2013_jan_1,6,26,-0.02083333333333323,-0.032,0.0
sun3d-home_at-home_at_scan1_2013_jan_1,6,29,0.009114583333333296,-0.0395,0.0
sun3d-home_at-home_at_scan1_2013_jan_1,6,30,-0.01692708333333326,-0.010333333333333332,0.0
sun3d-home_at-home_at_scan1_2013_jan_1,6,31,0.006510416666666639,-0.011000000000000001,0.0
sun3d-home_at-home_at_scan1_2013_jan_1,6,42,-0.020833333333333266,0.0515,0.0
sun3d-home_at-home_at_scan1_2013_jan_1,6,43,0.0195312499999999,0.04,0.3333333333333333
sun3d-home_at-home_at_scan1_2013_jan_1,6,44,-0.06640624999999976,-0.05016666666666667,-0.3333333333333333
sun3d-home_at-home_at_scan1_2013_jan_1,6,45,-0.06901041666666641,-0.03316666666666668,-0.3333333333333333
sun3d-home_at-home_at_scan1_2013_jan_1,6,46,-0.039062499999999827,0.009666666666666665,0.0
sun3d-home_at-home_at_scan1_2013_jan_1,6,47,0.016927083333333207,0.02783333333333334,0.0
sun3d-home_at-home_at_scan1_2013_jan_1,7,9,-0.03515624999999983,0.03100000000000001,0.0
sun3d-home_at-home_at_scan1_2013_jan_1,7,10,-0.018229166666666602,0.011000000000000001,0.0
sun3d-home_at-home_at_scan1_2013_jan_1,7,24,0.08593749999999961,0.012333333333333335,0.0
sun3d-home_at-home_at_scan1_2013_jan_1,7,25,0.02473958333333322,0.018166666666666668,0.0
sun3d-home_at-home_at_scan1_2013_jan_1,7,26,0.037760416666666526,-0.001666666666666668,0.0
sun3d-home_at-home_at_scan1_2013_jan_1,7,28,0.005208333333333297,-0.0045,0.0
sun3d-home_at-home_at_scan1_2013_jan_1,7,29,0.03255208333333315,0.02516666666666668,0.0
sun3d-home_at-home_at_scan1_2013_jan_1,7,30,0.0976562499999996,0.028666666666666684,0.0
sun3d-home_at-home_at_scan1_2013_jan_1,7,31,-0.1197916666666662,-0.04766666666666666,0.0
sun3d-home_at-home_at_scan1_2013_jan_1,7,43,-0.06770833333333304,-0.02583333333333332,0.0
sun3d-home_at-home_at_scan1_2013_jan_1,7,44,-0.03385416666666655,0.0313333333333333,0.0
sun3d-home_at-home_at_scan1_2013_jan_1,7,45,0.03124999999999989,0.07916666666666665,0.0
sun3d-home_at-home_at_scan1_2013_jan_1,7,47,-0.0338541666666665,-0.021500000000000002,-0.3333333333333333
sun3d-home_at-home_at_scan1_2013_jan_1,8,11,0.037760416666666505,0.009333333333333334,0.0
sun3d-home_at-home_at_scan1_2013_jan_1,8,25,0.04557291666666644,0.065,0.3333333333333333
sun3d-home_at-home_at_scan1_2013_jan_1,8,30,0.05078124999999981,0.057333333333333326,0.3333333333333333
sun3d-home_at-home_at_scan1_2013_jan_1,8,44,0.03776041666666649,0.0026666666666666596,-0.3333333333333333
sun3d-home_at-home_at_scan1_2013_jan_1,8,45,-0.009114583333333315,-0.009833333333333324,0.0
sun3d-home_at-home_at_scan1_2013_jan_1,9,11,0.08593749999999963,0.12950000000000003,0.0
sun3d-home_at-home_at_scan1_2013_jan_1,9,24,-0.03906249999999983,-0.012166666666666659,0.0
sun3d-home_at-home_at_scan1_2013_jan_1,9,26,-0.045572916666666484,-0.04650000000000001,0.0
sun3d-home_at-home_at_scan1_2013_jan_1,9,28,-0.08463541666666631,-0.017833333333333336,0.0
sun3d-home_at-home_at_scan1_2013_jan_1,9,29,-0.014322916666666593,0.02316666666666665,1.0
sun3d-home_at-home_at_scan1_2013_jan_1,9,30,0.039062499999999854,0.05200000000000001,0.0
sun3d-home_at-home_at_scan1_2013_jan_1,9,43,0.013020833333333296,0.046666666666666655,0.0
sun3d-home_at-home_at_scan1_2013_jan_1,9,44,0.045572916666666484,0.058999999999999976,0.0
sun3d-home_at-home_at_scan1_2013_jan_1,9,45,0.019531249999999927,0.08066666666666668,0.0
sun3d-home_at-home_at_scan1_2013_jan_1,10,12,0.0755208333333331,0.13883333333333334,0.0
sun3d-home_at-home_at_scan1_2013_jan_1,10,13,0.075520833333333,0.12616666666666668,0.0
sun3d-home_at-home_at_scan1_2013_jan_1,10,15,0.19791666666666594,0.16316666666666665,0.0
sun3d-home_at-home_at_scan1_2013_jan_1,10,17,0.07031249999999974,0.10516666666666664,0.0
sun3d-home_at-home_at_scan1_2013_jan_1,10,22,0.22916666666666577,0.14766666666666664,0.0
sun3d-home_at-home_at_scan1_2013_jan_1,10,28,-0.07682291666666634,-0.013333333333333341,0.3333333333333333
sun3d-home_at-home_at_scan1_2013_jan_1,10,29,0.10286458333333291,0.047333333333333345,0.0
sun3d-home_at-home_at_scan1_2013_jan_1,10,43,-0.019531249999999927,0.044000000000000004,0.0
sun3d-home_at-home_at_scan1_2013_jan_1,10,44,0.005208333333333259,0.06083333333333333,0.0
sun3d-home_at-home_at_scan1_2013_jan_1,10,45,-0.02343749999999989,0.01783333333333333,0.0
sun3d-home_at-home_at_scan1_2013_jan_1,11,13,0.007812499999999852,0.06183333333333333,0.0
sun3d-home_at-home_at_scan1_2013_jan_1,11,18,-0.00911458333333326,0.08250000000000002,0.0
sun3d-home_at-home_at_scan1_2013_jan_1,11,20,0.09765624999999963,0.144,0.0
sun3d-home_at-home_at_scan1_2013_jan_1,11,21,0.029947916666666557,0.07966666666666666,0.0
sun3d-home_at-home_at_scan1_2013_jan_1,11,22,0.06249999999999974,0.1121666666666667,0.0
sun3d-home_at-home_at_scan1_2013_jan_1,11,23,0.1432291666666661,0.14049999999999999,0.0
sun3d-home_at-home_at_scan1_2013_jan_1,11,44,-0.036458333333333225,0.023333333333333334,0.0
sun3d-home_at-home_at_scan1_2013_jan_1,11,45,-0.04036458333333313,0.04966666666666664,0.0
sun3d-home_at-home_at_scan1_2013_jan_1,12,19,0.01692708333333322,0.10833333333333334,0.0
sun3d-home_at-home_at_scan1_2013_jan_1,12,20,0.07942708333333304,0.12950000000000003,0.0
sun3d-home_at-home_at_scan1_2013_jan_1,12,22,0.06640624999999978,0.1121666666666667,0.0
sun3d-home_at-home_at_scan1_2013_jan_1,13,19,0.020833333333333297,0.10549999999999997,0.0
sun3d-home_at-home_at_scan1_2013_jan_1,13,20,0.06380208333333308,0.15416666666666667,0.0
sun3d-home_at-home_at_scan1_2013_jan_1,13,21,0.057291666666666484,0.126,0.0
sun3d-home_at-home_at_scan1_2013_jan_1,13,22,0.0013020833333332593,0.07033333333333336,0.0
sun3d-home_at-home_at_scan1_2013_jan_1,14,19,-0.02734374999999985,0.10150000000000003,0.0
sun3d-home_at-home_at_scan1_2013_jan_1,14,22,0.04296874999999981,0.11200000000000003,0.0
sun3d-home_at-home_at_scan1_2013_jan_1,15,19,-0.01432291666666663,0.08266666666666667,0.0
sun3d-home_at-home_at_scan1_2013_jan_1,15,22,-0.007812499999999926,0.06950000000000005,0.0
sun3d-home_at-home_at_scan1_2013_jan_1,15,23,0.042968749999999854,0.1411666666666667,0.0
sun3d-home_at-home_at_scan1_2013_jan_1,16,22,0.07552083333333308,0.11950000000000001,0.0
sun3d-home_at-home_at_scan1_2013_jan_1,17,19,0.0026041666666666665,0.07416666666666666,0.0
sun3d-home_at-home_at_scan1_2013_jan_1,17,20,0.04427083333333318,0.13266666666666663,0.0
sun3d-home_at-home_at_scan1_2013_jan_1,17,23,0.06770833333333305,0.10933333333333334,0.0
sun3d-home_at-home_at_scan1_2013_jan_1,18,22,0.0,0.08049999999999995,0.0
sun3d-home_at-home_at_scan1_2013_jan_1,19,21,-0.015624999999999991,0.025833333333333333,-0.3333333333333333
sun3d-home_at-home_at_scan1_2013_jan_1,20,22,0.09505208333333297,0.15416666666666667,0.6666666666666666
sun3d-home_at-home_at_scan1_2013_jan_1,21,23,0.057291666666666484,0.107,0.0
sun3d-home_at-home_at_scan1_2013_jan_1,22,31,0.15104166666666607,0.21766666666666667,0.0
sun3d-home_at-home_at_scan1_2013_jan_1,22,32,0.17838541666666594,0.25333333333333335,0.0
sun3d-home_at-home_at_scan1_2013_jan_1,22,42,0.15234374999999944,0.19483333333333333,0.0
sun3d-home_at-home_at_scan1_2013_jan_1,22,43,0.06249999999999973,0.12833333333333333,0.6666666666666666
sun3d-home_at-home_at_scan1_2013_jan_1,23,24,0.006510416666666667,0.12,0.0
sun3d-home_at-home_at_scan1_2013_jan_1,23,30,0.006510416666666685,0.11399999999999995,0.0
sun3d-home_at-home_at_scan1_2013_jan_1,23,43,0.15624999999999936,0.12250000000000001,0.0
sun3d-home_at-home_at_scan1_2013_jan_1,23,44,0.21354166666666585,0.11066666666666665,0.3333333333333333
sun3d-home_at-home_at_scan1_2013_jan_1,23,45,0.19140624999999925,0.08883333333333332,0.6666666666666666
sun3d-home_at-home_at_scan1_2013_jan_1,23,46,0.18619791666666594,0.14533333333333334,0.0
sun3d-home_at-home_at_scan1_2013_jan_1,23,47,0.08333333333333302,0.05433333333333334,0.0
sun3d-home_at-home_at_scan1_2013_jan_1,24,27,-0.07942708333333298,-0.013333333333333345,0.0
sun3d-home_at-home_at_scan1_2013_jan_1,24,32,0.00390625,0.10466666666666664,0.0
sun3d-home_at-home_at_scan1_2013_jan_1,24,42,-0.014322916666666607,0.012666666666666668,-0.3333333333333333
sun3d-home_at-home_at_scan1_2013_jan_1,24,43,0.048177083333333204,0.03516666666666666,0.3333333333333333
sun3d-home_at-home_at_scan1_2013_jan_1,24,44,-0.0039062499999999722,-0.00866666666666667,0.0
sun3d-home_at-home_at_scan1_2013_jan_1,24,45,-0.0013020833333333055,0.03183333333333333,0.3333333333333333
sun3d-home_at-home_at_scan1_2013_jan_1,24,46,0.05729166666666643,0.07133333333333333,0.0
sun3d-home_at-home_at_scan1_2013_jan_1,24,47,-0.09895833333333293,-0.03816666666666666,-1.0
sun3d-home_at-home_at_scan1_2013_jan_1,25,31,-0.02473958333333327,0.013500000000000003,0.6666666666666666
sun3d-home_at-home_at_scan1_2013_jan_1,26,30,0.011718749999999925,0.09533333333333334,0.0
sun3d-home_at-home_at_scan1_2013_jan_1,27,29,-0.032552083333333225,0.031666666666666655,-0.3333333333333333
sun3d-home_at-home_at_scan1_2013_jan_1,28,30,0.03124999999999985,0.10033333333333334,0.0
sun3d-home_at-home_at_scan1_2013_jan_1,29,32,0.01302083333333326,0.08133333333333341,0.0
sun3d-home_at-home_at_scan1_2013_jan_1,29,42,0.05598958333333309,0.04583333333333334,0.3333333333333333
sun3d-home_at-home_at_scan1_2013_jan_1,29,43,0.06249999999999975,0.07,0.0
sun3d-home_at-home_at_scan1_2013_jan_1,29,44,0.04557291666666647,-0.0006666666666666718,0.0
sun3d-home_at-home_at_scan1_2013_jan_1,29,45,-0.0026041666666666665,0.009833333333333341,0.0
sun3d-home_at-home_at_scan1_2013_jan_1,29,46,0.042968749999999854,0.06733333333333334,0.3333333333333333
sun3d-home_at-home_at_scan1_2013_jan_1,29,47,-0.03255208333333321,-0.007000000000000002,-0.3333333333333333
sun3d-home_at-home_at_scan1_2013_jan_1,30,33,0.07421874999999971,0.15566666666666665,0.0
sun3d-home_at-home_at_scan1_2013_jan_1,30,34,0.06770833333333307,0.14133333333333334,0.3333333333333333
sun3d-home_at-home_at_scan1_2013_jan_1,30,36,0.0039062499999999666,0.011333333333333334,0.0
sun3d-home_at-home_at_scan1_2013_jan_1,30,41,0.091145833333333,0.1025,0.3333333333333333
sun3d-home_at-home_at_scan1_2013_jan_1,30,42,0.06249999999999975,0.043833333333333314,0.0
sun3d-home_at-home_at_scan1_2013_jan_1,30,46,0.12499999999999954,0.1691666666666667,0.3333333333333333
sun3d-home_at-home_at_scan1_2013_jan_1,30,48,-0.019531249999999906,0.02733333333333332,0.0
sun3d-home_at-home_at_scan1_2013_jan_1,31,35,0.17708333333333262,0.1738333333333333,0.0
sun3d-home_at-home_at_scan1_2013_jan_1,31,37,0.21614583333333245,0.2211666666666667,0.0
sun3d-home_at-home_at_scan1_2013_jan_1,31,38,0.05078124999999978,0.09133333333333334,0.0
sun3d-home_at-home_at_scan1_2013_jan_1,31,41,0.2526041666666657,0.2135,0.0
sun3d-home_at-home_at_scan1_2013_jan_1,31,42,-0.02734374999999989,0.02149999999999998,0.0
sun3d-home_at-home_at_scan1_2013_jan_1,31,46,0.19010416666666594,0.21283333333333335,0.3333333333333333
sun3d-home_at-home_at_scan1_2013_jan_1,31,49,-0.2825520833333322,-0.1995,-0.6666666666666666
sun3d-home_at-home_at_scan1_2013_jan_1,32,34,0.016927083333333277,0.08816666666666666,0.0
sun3d-home_at-home_at_scan1_2013_jan_1,32,36,-0.036458333333333204,0.024333333333333318,0.0
sun3d-home_at-home_at_scan1_2013_jan_1,32,37,0.03776041666666654,0.09566666666666668,0.0
sun3d-home_at-home_at_scan1_2013_jan_1,32,38,0.0013020833333333333,0.10100000000000002,0.0
sun3d-home_at-home_at_scan1_2013_jan_1,32,39,0.010416666666666593,0.10283333333333333,0.0
sun3d-home_at-home_at_scan1_2013_jan_1,32,40,0.049479166666666484,0.04566666666666667,0.3333333333333333
sun3d-home_at-home_at_scan1_2013_jan_1,32,41,0.08593749999999967,0.10700000000000003,0.0
sun3d-home_at-home_at_scan1_2013_jan_1,32,43,0.05598958333333309,0.05516666666666667,0.0
sun3d-home_at-home_at_scan1_2013_jan_1,32,44,0.13020833333333284,0.04466666666666667,0.0
sun3d-home_at-home_at_scan1_2013_jan_1,32,45,0.13411458333333276,0.0755,0.0
sun3d-home_at-home_at_scan1_2013_jan_1,32,46,0.13541666666666616,0.10283333333333333,0.0
sun3d-home_at-home_at_scan1_2013_jan_1,32,47,0.04817708333333318,0.041500000000000016,0.0
sun3d-home_at-home_at_scan1_2013_jan_1,32,48,-0.15234374999999944,-0.15216666666666667,-0.3333333333333333
sun3d-home_at-home_at_scan1_2013_jan_1,33,35,0.026041666666666557,0.11583333333333334,0.0
sun3d-home_at-home_at_scan1_2013_jan_1,33,46,0.04296874999999983,0.119,0.0
sun3d-home_at-home_at_scan1_2013_jan_1,33,49,-0.01822916666666659,-0.011000000000000001,0.0
sun3d-home_at-home_at_scan1_2013_jan_1,34,38,-0.0013020833333333333,-0.036,0.0
sun3d-home_at-home_at_scan1_2013_jan_1,34,41,0.01171875,0.10766666666666662,0.0
sun3d-home_at-home_at_scan1_2013_jan_1,34,47,0.00911458333333326,0.09933333333333338,0.0
sun3d-home_at-home_at_scan1_2013_jan_1,34,51,-0.01041666666666661,-0.031166666666666648,0.0
sun3d-home_at-home_at_scan1_2013_jan_1,34,55,-0.02994791666666652,0.02200000000000002,0.0
sun3d-home_at-home_at_scan1_2013_jan_1,35,36,-0.0013020833333333333,0.05433333333333331,0.0
sun3d-home_at-home_at_scan1_2013_jan_1,35,37,0.01822916666666659,0.10533333333333335,0.0
sun3d-home_at-home_at_scan1_2013_jan_1,35,48,0.024739583333333186,0.08766666666666667,0.0
sun3d-home_at-home_at_scan1_2013_jan_1,35,51,-0.019531249999999927,0.04999999999999997,0.0
sun3d-home_at-home_at_scan1_2013_jan_1,35,52,0.045572916666666484,0.09116666666666666,0.0
sun3d-home_at-home_at_scan1_2013_jan_1,35,53,0.032552083333333225,0.08700000000000001,0.0
sun3d-home_at-home_at_scan1_2013_jan_1,35,56,0.013020833333333223,0.049333333333333305,0.0
sun3d-home_at-home_at_scan1_2013_jan_1,35,57,-0.04557291666666644,0.028833333333333377,0.6666666666666666
sun3d-home_at-home_at_scan1_2013_jan_1,35,58,0.013020833333333296,0.09416666666666668,0.0
sun3d-home_at-home_at_scan1_2013_jan_1,36,38,-0.03906249999999989,-0.03183333333333338,0.0
sun3d-home_at-home_at_scan1_2013_jan_1,36,41,0.00651041666666663,0.07483333333333335,0.0
sun3d-home_at-home_at_scan1_2013_jan_1,36,47,-0.0013020833333333333,0.11950000000000001,0.0
sun3d-home_at-home_at_scan1_2013_jan_1,36,50,-0.045572916666666484,0.032666666666666656,0.0
sun3d-home_at-home_at_scan1_2013_jan_1,36,51,0.016927083333333297,0.07466666666666671,0.0
sun3d-home_at-home_at_scan1_2013_jan_1,36,55,3.700743415417188e-17,-0.00366666666666667,0.0
sun3d-home_at-home_at_scan1_2013_jan_1,37,39,0.029947916666666557,0.04883333333333336,0.0
sun3d-home_at-home_at_scan1_2013_jan_1,37,41,0.0078125,0.07783333333333331,0.0
sun3d-home_at-home_at_scan1_2013_jan_1,37,47,0.03255208333333318,0.12799999999999997,0.0
sun3d-home_at-home_at_scan1_2013_jan_1,37,48,-0.03645833333333318,0.08283333333333336,0.0
sun3d-home_at-home_at_scan1_2013_jan_1,37,50,-0.011718749999999964,0.059666666666666666,0.0
sun3d-home_at-home_at_scan1_2013_jan_1,37,51,-0.011718749999999964,0.01883333333333335,0.0
sun3d-home_at-home_at_scan1_2013_jan_1,37,55,0.035156249999999854,0.01533333333333331,0.0
sun3d-home_at-home_at_scan1_2013_jan_1,38,40,-0.01953124999999989,0.038333333333333365,0.0
sun3d-home_at-home_at_scan1_2013_jan_1,38,41,0.007812499999999963,0.06833333333333332,0.0
sun3d-home_at-home_at_scan1_2013_jan_1,38,48,-0.059895833333333114,-0.007166666666666692,0.0
sun3d-home_at-home_at_scan1_2013_jan_1,39,41,0.0,0.06266666666666672,0.0
sun3d-home_at-home_at_scan1_2013_jan_1,39,42,0.01692708333333326,0.06966666666666665,0.0
sun3d-home_at-home_at_scan1_2013_jan_1,39,46,0.019531249999999917,0.13266666666666668,0.3333333333333333
sun3d-home_at-home_at_scan1_2013_jan_1,39,47,0.11718749999999954,0.1595,0.0
sun3d-home_at-home_at_scan1_2013_jan_1,40,42,0.009114583333333334,0.09466666666666664,0.0
sun3d-home_at-home_at_scan1_2013_jan_1,40,43,0.007812499999999926,-0.0040000000000000036,0.0
sun3d-home_at-home_at_scan1_2013_jan_1,40,44,0.048177083333333204,0.015333333333333338,0.0
sun3d-home_at-home_at_scan1_2013_jan_1,40,45,-0.0507812499999998,-0.028166666666666663,0.0
sun3d-home_at-home_at_scan1_2013_jan_1,40,46,0.04817708333333315,0.1255,0.0
sun3d-home_at-home_at_scan1_2013_jan_1,40,47,0.006510416666666592,0.06599999999999999,0.0
sun3d-home_at-home_at_scan1_2013_jan_1,40,48,0.009114583333333296,0.059166666666666645,0.0
sun3d-home_at-home_at_scan1_2013_jan_1,41,43,-0.01041666666666663,0.007666666666666673,0.0
sun3d-home_at-home_at_scan1_2013_jan_1,41,44,-0.08854166666666634,0.0015000000000000013,0.0
sun3d-home_at-home_at_scan1_2013_jan_1,41,45,-3.700743415417188e-17,0.07933333333333331,0.0
sun3d-home_at-home_at_scan1_2013_jan_1,43,48,0.04036458333333317,0.0,0.0
sun3d-home_at-home_at_scan1_2013_jan_1,44,48,0.04557291666666646,0.0025,0.0
sun3d-home_at-home_at_scan1_2013_jan_1,46,48,0.07291666666666634,0.11049999999999999,0.0
sun3d-home_at-home_at_scan1_2013_jan_1,47,49,-0.0013020833333333703,0.06416666666666664,0.0
sun3d-home_at-home_at_scan1_2013_jan_1,48,50,0.006510416666666592,0.06116666666666667,0.0
sun3d-home_at-home_at_scan1_2013_jan_1,48,51,-0.00390625,0.0648333333333333,0.0
sun3d-home_at-home_at_scan1_2013_jan_1,49,52,-0.07682291666666634,0.025333333333333336,0.0
sun3d-home_at-home_at_scan1_2013_jan_1,49,53,0.09114583333333297,0.13633333333333333,0.3333333333333333
sun3d-home_at-home_at_scan1_2013_jan_1,49,54,0.09505208333333302,0.1095,0.6666666666666666
sun3d-home_at-home_at_scan1_2013_jan_1,49,55,0.05338541666666641,0.08316666666666665,0.0
sun3d-home_at-home_at_scan1_2013_jan_1,49,56,0.13932291666666616,0.13783333333333334,0.6666666666666666
sun3d-home_at-home_at_scan1_2013_jan_1,50,52,0.011718749999999964,0.10966666666666668,0.0
sun3d-home_at-home_at_scan1_2013_jan_1,50,53,0.04427083333333315,0.11066666666666664,-0.3333333333333333
sun3d-home_at-home_at_scan1_2013_jan_1,50,54,0.1341145833333328,0.12933333333333333,0.0
sun3d-home_at-home_at_scan1_2013_jan_1,50,55,0.00390625,0.0448333333333333,0.0
sun3d-home_at-home_at_scan1_2013_jan_1,50,56,-0.016927083333333242,0.01583333333333331,-0.3333333333333333
sun3d-home_at-home_at_scan1_2013_jan_1,50,57,0.052083333333333114,0.066,-0.6666666666666666
sun3d-home_at-home_at_scan1_2013_jan_1,50,58,0.1080729166666663,0.04799999999999999,0.0
sun3d-home_at-home_at_scan1_2013_jan_1,51,52,0.09765624999999961,0.1511666666666667,0.0
sun3d-home_at-home_at_scan1_2013_jan_1,51,53,0.09244791666666634,0.15883333333333335,0.0
sun3d-home_at-home_at_scan1_2013_jan_1,51,54,0.032552083333333225,0.06466666666666666,0.3333333333333333
sun3d-home_at-home_at_scan1_2013_jan_1,51,57,0.06901041666666637,0.10216666666666667,0.0
sun3d-home_at-home_at_scan1_2013_jan_1,51,58,0.07552083333333302,0.1098333333333333,0.0
sun3d-home_at-home_at_scan1_2013_jan_1,52,57,0.04557291666666649,0.09083333333333334,0.0
sun3d-home_at-home_at_scan1_2013_jan_1,52,58,0.02994791666666652,0.035666666666666666,0.3333333333333333
sun3d-home_at-home_at_scan1_2013_jan_1,53,57,-0.04296874999999981,0.05199999999999997,0.0
sun3d-home_at-home_at_scan1_2013_jan_1,54,56,0.009114583333333296,0.05800000000000002,0.0
sun3d-home_at-home_at_scan1_2013_jan_1,54,57,-0.05078124999999981,0.02533333333333332,0.0
sun3d-home_at-home_at_scan1_2013_jan_1,54,58,0.026041666666666557,0.09516666666666666,0.0
sun3d-home_at-home_at_scan1_2013_jan_1,55,56,0.01822916666666663,0.07349999999999997,0.0
sun3d-home_at-home_at_scan1_2013_jan_1,55,58,0.029947916666666557,0.09416666666666666,0.0
sun3d-home_at-home_at_scan1_2013_jan_1,57,59,0.022135416666666557,0.058499999999999996,0.0
sun3d-home_md-home_md_scan9_2012_sep_30,0,1,-0.00651041666666663,0.004333333333333328,0.0
sun3d-home_md-home_md_scan9_2012_sep_30,0,51,-0.10286458333333293,-0.04683333333333333,0.0
sun3d-home_md-home_md_scan9_2012_sep_30,0,52,0.023437499999999927,0.10283333333333333,0.0
sun3d-home_md-home_md_scan9_2012_sep_30,0,53,-0.02083333333333326,0.08350000000000002,0.0
sun3d-home_md-home_md_scan9_2012_sep_30,0,54,0.09765624999999963,0.14733333333333334,0.0
sun3d-home_md-home_md_scan9_2012_sep_30,0,55,0.011718749999999925,0.06616666666666672,0.0
sun3d-home_md-home_md_scan9_2012_sep_30,0,56,-0.009114583333333296,0.07483333333333332,0.0
sun3d-home_md-home_md_scan9_2012_sep_30,0,57,-0.005208333333333297,0.072,0.0
sun3d-home_md-home_md_scan9_2012_sep_30,0,58,0.009114583333333296,0.052666666666666674,0.0
sun3d-home_md-home_md_scan9_2012_sep_30,0,59,0.00651041666666663,0.08566666666666667,0.0
sun3d-home_md-home_md_scan9_2012_sep_30,1,3,0.011718749999999925,0.0035000000000000218,0.0
sun3d-home_md-home_md_scan9_2012_sep_30,1,4,0.02083333333333326,0.008999999999999989,0.0
sun3d-home_md-home_md_scan9_2012_sep_30,1,5,-0.015624999999999925,-0.029166666666666657,0.0
sun3d-home_md-home_md_scan9_2012_sep_30,1,6,-0.0013020833333333333,-0.002499999999999993,0.0
sun3d-home_md-home_md_scan9_2012_sep_30,1,7,0.014322916666666593,0.04383333333333328,0.0
sun3d-home_md-home_md_scan9_2012_sep_30,1,8,0.01822916666666663,0.08116666666666665,0.0
sun3d-home_md-home_md_scan9_2012_sep_30,1,37,-0.005208333333333333,0.043999999999999984,0.0
sun3d-home_md-home_md_scan9_2012_sep_30,1,38,0.02604166666666652,0.0873333333333333,0.0
sun3d-home_md-home_md_scan9_2012_sep_30,1,46,0.029947916666666557,0.09800000000000003,0.0
sun3d-home_md-home_md_scan9_2012_sep_30,2,3,-0.027343749999999927,0.0403333333333333,0.0
sun3d-home_md-home_md_scan9_2012_sep_30,2,4,-0.005208333333333297,0.05100000000000001,0.0
sun3d-home_md-home_md_scan9_2012_sep_30,2,6,0.009114583333333296,0.06600000000000006,0.0
sun3d-home_md-home_md_scan9_2012_sep_30,2,9,-0.08854166666666634,-0.04699999999999999,-0.3333333333333333
sun3d-home_md-home_md_scan9_2012_sep_30,2,36,-0.01171874999999995,0.0023333333333333353,0.0
sun3d-home_md-home_md_scan9_2012_sep_30,2,37,-0.006510416666666667,0.045166666666666654,0.0
sun3d-home_md-home_md_scan9_2012_sep_30,2,38,0.03385416666666652,0.07350000000000001,0.0
sun3d-home_md-home_md_scan9_2012_sep_30,2,39,0.035156249999999924,0.11199999999999999,0.0
sun3d-home_md-home_md_scan9_2012_sep_30,2,40,0.031249999999999927,0.09033333333333331,0.0
sun3d-home_md-home_md_scan9_2012_sep_30,2,41,0.07291666666666645,0.12149999999999998,0.0
sun3d-home_md-home_md_scan9_2012_sep_30,2,45,0.055989583333333114,0.13566666666666663,0.0
sun3d-home_md-home_md_scan9_2012_sep_30,2,46,0.02734374999999989,0.09883333333333337,0.0
sun3d-home_md-home_md_scan9_2012_sep_30,2,47,0.039062499999999854,0.131,0.0
sun3d-home_md-home_md_scan9_2012_sep_30,2,49,0.026041666666666557,0.1065,0.0
sun3d-home_md-home_md_scan9_2012_sep_30,3,8,-0.00911458333333326,0.051666666666666604,0.0
sun3d-home_md-home_md_scan9_2012_sep_30,3,45,-0.022135416666666557,0.06600000000000002,0.0
sun3d-home_md-home_md_scan9_2012_sep_30,3,48,0.0924479166666663,0.14600000000000002,0.0
sun3d-home_md-home_md_scan9_2012_sep_30,3,49,0.04166666666666652,0.122,0.0
sun3d-home_md-home_md_scan9_2012_sep_30,4,8,-0.005208333333333333,0.0753333333333333,0.0
sun3d-home_md-home_md_scan9_2012_sep_30,4,30,0.009114583333333296,0.07316666666666664,0.0
sun3d-home_md-home_md_scan9_2012_sep_30,4,41,0.009114583333333334,0.08033333333333337,0.0
sun3d-home_md-home_md_scan9_2012_sep_30,4,45,0.02734374999999985,0.09466666666666668,0.0
sun3d-home_md-home_md_scan9_2012_sep_30,4,47,0.010416666666666666,0.08733333333333333,0.0
sun3d-home_md-home_md_scan9_2012_sep_30,4,48,0.035156249999999854,0.10500000000000002,0.0
sun3d-home_md-home_md_scan9_2012_sep_30,4,49,0.02734374999999989,0.10483333333333333,0.0
sun3d-home_md-home_md_scan9_2012_sep_30,5,8,-0.006510416666666667,0.06766666666666665,0.0
sun3d-home_md-home_md_scan9_2012_sep_30,5,37,-0.01171875,0.09666666666666669,0.0
sun3d-home_md-home_md_scan9_2012_sep_30,5,41,0.010416666666666519,0.08083333333333335,0.0
sun3d-home_md-home_md_scan9_2012_sep_30,5,45,0.003906249999999963,0.055000000000000014,0.0
sun3d-home_md-home_md_scan9_2012_sep_30,5,47,0.02604166666666652,0.11149999999999997,0.0
sun3d-home_md-home_md_scan9_2012_sep_30,5,48,-0.0013020833333333703,0.07516666666666667,0.0
sun3d-home_md-home_md_scan9_2012_sep_30,5,49,0.0,0.09449999999999999,0.0
sun3d-home_md-home_md_scan9_2012_sep_30,6,8,0.0013020833333333333,0.03983333333333335,0.0
sun3d-home_md-home_md_scan9_2012_sep_30,6,40,-0.00390625,0.04366666666666671,0.0
sun3d-home_md-home_md_scan9_2012_sep_30,6,41,0.083333333333333,0.15166666666666664,0.0
sun3d-home_md-home_md_scan9_2012_sep_30,6,45,0.06770833333333308,0.15800000000000003,-0.3333333333333333
sun3d-home_md-home_md_scan9_2012_sep_30,6,47,0.02343749999999989,0.10616666666666667,0.0
sun3d-home_md-home_md_scan9_2012_sep_30,7,8,-0.006510416666666592,0.10283333333333337,0.0
sun3d-home_md-home_md_scan9_2012_sep_30,7,37,-0.009114583333333296,0.12050000000000001,0.0
sun3d-home_md-home_md_scan9_2012_sep_30,7,40,0.02994791666666659,0.08683333333333332,0.0
sun3d-home_md-home_md_scan9_2012_sep_30,7,41,0.01302083333333326,0.09133333333333331,0.0
sun3d-home_md-home_md_scan9_2012_sep_30,7,45,0.005208333333333259,0.08849999999999998,0.0
sun3d-home_md-home_md_scan9_2012_sep_30,7,47,-0.015624999999999925,0.08316666666666661,0.0
sun3d-home_md-home_md_scan9_2012_sep_30,7,49,0.0078125,0.08083333333333331,0.0
sun3d-home_md-home_md_scan9_2012_sep_30,8,10,0.018229166666666602,0.06683333333333334,0.3333333333333333
sun3d-home_md-home_md_scan9_2012_sep_30,8,32,-0.04947916666666646,-0.01683333333333333,0.3333333333333333
sun3d-home_md-home_md_scan9_2012_sep_30,8,33,0.04817708333333312,0.03833333333333334,0.0
sun3d-home_md-home_md_scan9_2012_sep_30,8,39,-0.009114583333333296,0.084,0.0
sun3d-home_md-home_md_scan9_2012_sep_30,8,40,-0.003906250000000037,0.0695,0.0
sun3d-home_md-home_md_scan9_2012_sep_30,8,46,0.02213541666666659,0.15116666666666667,0.0
sun3d-home_md-home_md_scan9_2012_sep_30,9,12,-0.019531249999999906,0.05183333333333332,0.0
sun3d-home_md-home_md_scan9_2012_sep_30,9,32,0.0078124999999999445,0.102,0.0
sun3d-home_md-home_md_scan9_2012_sep_30,9,33,0.1653645833333327,0.11149999999999999,0.0
sun3d-home_md-home_md_scan9_2012_sep_30,10,32,-0.027343749999999906,-0.008666666666666665,0.3333333333333333
sun3d-home_md-home_md_scan9_2012_sep_30,10,33,0.04166666666666652,0.0026666666666666783,0.3333333333333333
sun3d-home_md-home_md_scan9_2012_sep_30,10,35,0.04557291666666652,0.0005000000000000004,0.0
sun3d-home_md-home_md_scan9_2012_sep_30,10,36,0.03515624999999989,0.12616666666666668,0.0
sun3d-home_md-home_md_scan9_2012_sep_30,11,32,-0.08463541666666634,-0.016666666666666666,-0.6666666666666666
sun3d-home_md-home_md_scan9_2012_sep_30,11,33,-0.02343749999999993,-0.007166666666666666,0.0
sun3d-home_md-home_md_scan9_2012_sep_30,11,35,-0.09505208333333297,-0.0355,0.0
sun3d-home_md-home_md_scan9_2012_sep_30,11,36,-0.06510416666666641,0.0030000000000000118,0.0
sun3d-home_md-home_md_scan9_2012_sep_30,12,13,-0.08984374999999965,0.02749999999999998,0.0
sun3d-home_md-home_md_scan9_2012_sep_30,12,14,0.03515624999999987,0.015,0.0
sun3d-home_md-home_md_scan9_2012_sep_30,12,32,-0.02473958333333323,-0.0011666666666666665,0.0
sun3d-home_md-home_md_scan9_2012_sep_30,12,33,-0.005208333333333333,-0.004833333333333333,0.0
sun3d-home_md-home_md_scan9_2012_sep_30,12,35,-0.09765624999999963,-0.052166666666666674,-0.3333333333333333
sun3d-home_md-home_md_scan9_2012_sep_30,13,17,-0.03255208333333318,0.0030000000000000027,0.0
sun3d-home_md-home_md_scan9_2012_sep_30,13,18,0.029947916666666557,0.08600000000000001,0.0
sun3d-home_md-home_md_scan9_2012_sep_30,13,19,0.0026041666666666665,0.05983333333333333,0.0
sun3d-home_md-home_md_scan9_2012_sep_30,13,23,-0.0013020833333333242,0.05316666666666666,0.0
sun3d-home_md-home_md_scan9_2012_sep_30,13,54,-0.10937499999999957,-0.03416666666666668,0.0
sun3d-home_md-home_md_scan9_2012_sep_30,13,55,-0.009114583333333296,0.053333333333333344,0.0
sun3d-home_md-home_md_scan9_2012_sep_30,13,56,-0.10416666666666625,-0.028499999999999952,0.0
sun3d-home_md-home_md_scan9_2012_sep_30,13,57,0.0013020833333332964,0.08066666666666666,-0.6666666666666666
sun3d-home_md-home_md_scan9_2012_sep_30,13,58,0.029947916666666557,0.08383333333333332,0.3333333333333333
sun3d-home_md-home_md_scan9_2012_sep_30,14,17,0.003906250000000037,0.05499999999999999,0.0
sun3d-home_md-home_md_scan9_2012_sep_30,14,18,0.0026041666666666665,0.09700000000000002,0.0
sun3d-home_md-home_md_scan9_2012_sep_30,14,19,0.023437499999999927,0.13433333333333333,0.0
sun3d-home_md-home_md_scan9_2012_sep_30,14,23,0.02473958333333322,0.10599999999999998,0.0
sun3d-home_md-home_md_scan9_2012_sep_30,14,24,-0.01432291666666663,0.1436666666666667,0.0
sun3d-home_md-home_md_scan9_2012_sep_30,14,25,0.01171875,0.06183333333333335,0.0
sun3d-home_md-home_md_scan9_2012_sep_30,14,54,0.09505208333333302,0.1425,0.0
sun3d-home_md-home_md_scan9_2012_sep_30,14,55,-0.035156249999999854,0.0316666666666667,0.0
sun3d-home_md-home_md_scan9_2012_sep_30,14,56,-0.08593749999999968,0.0043333333333333375,0.0
sun3d-home_md-home_md_scan9_2012_sep_30,14,57,0.08072916666666635,0.17833333333333334,0.0
sun3d-home_md-home_md_scan9_2012_sep_30,14,58,0.022135416666666612,0.09933333333333333,0.0
sun3d-home_md-home_md_scan9_2012_sep_30,15,17,0.0026041666666666297,0.043833333333333314,0.0
sun3d-home_md-home_md_scan9_2012_sep_30,15,18,0.007812499999999926,0.09366666666666663,0.0
sun3d-home_md-home_md_scan9_2012_sep_30,15,19,0.00390625,0.08516666666666668,0.0
sun3d-home_md-home_md_scan9_2012_sep_30,15,23,-0.06901041666666641,0.04650000000000001,0.0
sun3d-home_md-home_md_scan9_2012_sep_30,15,24,-0.01432291666666663,0.12350000000000001,0.0
sun3d-home_md-home_md_scan9_2012_sep_30,15,25,0.05729166666666644,0.13383333333333333,0.0
sun3d-home_md-home_md_scan9_2012_sep_30,15,54,-0.01041666666666661,0.05599999999999997,0.0
sun3d-home_md-home_md_scan9_2012_sep_30,15,55,-0.0026041666666666665,0.09000000000000001,0.0
sun3d-home_md-home_md_scan9_2012_sep_30,15,56,-0.015624999999999925,0.08316666666666668,0.0
sun3d-home_md-home_md_scan9_2012_sep_30,15,57,-0.0013020833333333703,0.11233333333333333,0.0
sun3d-home_md-home_md_scan9_2012_sep_30,15,58,-0.02083333333333326,0.07133333333333332,0.0
sun3d-home_md-home_md_scan9_2012_sep_30,16,17,-0.0026041666666666297,0.04800000000000004,0.0
sun3d-home_md-home_md_scan9_2012_sep_30,16,19,0.02213541666666659,0.12283333333333331,0.0
sun3d-home_md-home_md_scan9_2012_sep_30,16,20,0.006510416666666592,0.08983333333333338,0.0
sun3d-home_md-home_md_scan9_2012_sep_30,16,21,0.010416666666666657,0.041333333333333326,0.0
sun3d-home_md-home_md_scan9_2012_sep_30,16,22,-0.039062499999999854,0.01683333333333334,0.0
sun3d-home_md-home_md_scan9_2012_sep_30,16,23,-0.08463541666666634,-0.005999999999999987,0.0
sun3d-home_md-home_md_scan9_2012_sep_30,16,25,0.03906249999999983,0.03950000000000001,-0.3333333333333333
sun3d-home_md-home_md_scan9_2012_sep_30,16,54,-0.05859374999999981,0.05933333333333337,0.0
sun3d-home_md-home_md_scan9_2012_sep_30,16,58,0.04296874999999978,0.12700000000000003,0.0
sun3d-home_md-home_md_scan9_2012_sep_30,17,23,-0.011718749999999925,0.006500000000000006,0.0
sun3d-home_md-home_md_scan9_2012_sep_30,17,34,0.010416666666666602,0.0295,0.3333333333333333
sun3d-home_md-home_md_scan9_2012_sep_30,18,24,0.022135416666666602,0.055333333333333345,0.0
sun3d-home_md-home_md_scan9_2012_sep_30,18,59,-0.036458333333333204,0.02666666666666667,-0.3333333333333333
sun3d-home_md-home_md_scan9_2012_sep_30,19,21,-0.02083333333333323,0.022500000000000003,0.0
sun3d-home_md-home_md_scan9_2012_sep_30,19,24,0.00390625,0.053,0.0
sun3d-home_md-home_md_scan9_2012_sep_30,19,59,-0.03515624999999987,0.019,0.0
sun3d-home_md-home_md_scan9_2012_sep_30,20,23,9.25185853854297e-18,0.039666666666666676,0.0
sun3d-home_md-home_md_scan9_2012_sep_30,21,23,0.005208333333333329,0.009666666666666669,0.0
sun3d-home_md-home_md_scan9_2012_sep_30,21,34,0.0039062499999999675,0.0071666666666666675,0.0
sun3d-home_md-home_md_scan9_2012_sep_30,22,59,-0.010416666666666657,0.003166666666666665,0.0
sun3d-home_md-home_md_scan9_2012_sep_30,23,25,-0.02734374999999993,-0.0105,0.0
sun3d-home_md-home_md_scan9_2012_sep_30,23,59,0.0260416666666666,0.01983333333333333,0.0
sun3d-home_md-home_md_scan9_2012_sep_30,24,26,0.011718749999999965,0.003833333333333333,0.0
sun3d-home_md-home_md_scan9_2012_sep_30,24,52,-0.0039062499999999336,-0.0006666666666666666,0.0
sun3d-home_md-home_md_scan9_2012_sep_30,24,54,0.020833333333333266,0.010833333333333334,0.3333333333333333
sun3d-home_md-home_md_scan9_2012_sep_30,24,55,-0.02213541666666657,0.004333333333333328,0.3333333333333333
sun3d-home_md-home_md_scan9_2012_sep_30,24,56,-0.014322916666666602,0.007833333333333336,0.3333333333333333
sun3d-home_md-home_md_scan9_2012_sep_30,24,57,0.03124999999999987,0.0295,0.0
sun3d-home_md-home_md_scan9_2012_sep_30,25,27,0.0013020833333333703,0.005999999999999996,0.0
sun3d-home_md-home_md_scan9_2012_sep_30,25,52,0.00390625,0.003166666666666666,0.0
sun3d-home_md-home_md_scan9_2012_sep_30,25,54,0.0039062499999999666,0.006833333333333331,0.0
sun3d-home_md-home_md_scan9_2012_sep_30,25,55,0.04166666666666654,0.006333333333333339,0.0
sun3d-home_md-home_md_scan9_2012_sep_30,25,56,0.031249999999999865,0.01983333333333333,0.3333333333333333
sun3d-home_md-home_md_scan9_2012_sep_30,25,57,-0.010416666666666633,-0.0033333333333333335,0.0
sun3d-home_md-home_md_scan9_2012_sep_30,25,58,-0.0026041666666666336,-0.004166666666666667,0.0
sun3d-home_md-home_md_scan9_2012_sep_30,25,59,-0.005208333333333333,-0.002666666666666666,0.0
sun3d-home_md-home_md_scan9_2012_sep_30,26,42,-0.0013020833333333703,0.07050000000000001,0.0
sun3d-home_md-home_md_scan9_2012_sep_30,26,43,-0.006510416666666667,0.030666666666666675,0.0
sun3d-home_md-home_md_scan9_2012_sep_30,26,59,-0.013020833333333268,0.0028333333333333357,0.6666666666666666
sun3d-home_md-home_md_scan9_2012_sep_30,27,29,-0.00390625,0.03466666666666668,0.0
sun3d-home_md-home_md_scan9_2012_sep_30,27,42,-0.02473958333333326,0.044833333333333315,0.0
sun3d-home_md-home_md_scan9_2012_sep_30,27,43,0.001302083333333352,0.024833333333333357,0.0
sun3d-home_md-home_md_scan9_2012_sep_30,27,59,0.0039062499999999987,-0.007833333333333336,0.0
sun3d-home_md-home_md_scan9_2012_sep_30,28,42,0.015624999999999964,0.0635,0.3333333333333333
sun3d-home_md-home_md_scan9_2012_sep_30,28,43,0.0455729166666665,0.04783333333333334,0.0
sun3d-home_md-home_md_scan9_2012_sep_30,28,44,0.013020833333333296,0.010166666666666662,0.0
sun3d-home_md-home_md_scan9_2012_sep_30,28,59,0.029947916666666564,0.050666666666666665,0.0
sun3d-home_md-home_md_scan9_2012_sep_30,29,39,0.026041666666666533,0.004000000000000001,0.0
sun3d-home_md-home_md_scan9_2012_sep_30,29,44,-0.015624999999999936,0.0065000000000000014,0.0
sun3d-home_md-home_md_scan9_2012_sep_30,29,51,0.026041666666666564,0.03999999999999998,0.3333333333333333
sun3d-home_md-home_md_scan9_2012_sep_30,30,31,0.011718749999999944,0.06799999999999998,0.0
sun3d-home_md-home_md_scan9_2012_sep_30,30,38,0.04166666666666654,0.029833333333333323,-0.3333333333333333
sun3d-home_md-home_md_scan9_2012_sep_30,30,39,0.007812499999999963,0.026333333333333302,0.0
sun3d-home_md-home_md_scan9_2012_sep_30,30,40,0.01692708333333322,0.026166666666666654,0.0
sun3d-home_md-home_md_scan9_2012_sep_30,30,41,0.2604166666666657,0.19000000000000003,0.6666666666666666
sun3d-home_md-home_md_scan9_2012_sep_30,30,42,-0.00390625,0.05500000000000003,0.0
sun3d-home_md-home_md_scan9_2012_sep_30,30,43,0.02864583333333322,0.02883333333333334,0.0
sun3d-home_md-home_md_scan9_2012_sep_30,30,45,0.03776041666666655,0.03150000000000001,0.0
sun3d-home_md-home_md_scan9_2012_sep_30,30,46,0.03645833333333318,0.06033333333333333,0.0
sun3d-home_md-home_md_scan9_2012_sep_30,30,47,0.2721354166666656,0.19833333333333333,0.0
sun3d-home_md-home_md_scan9_2012_sep_30,30,48,0.13151041666666613,0.122,0.3333333333333333
sun3d-home_md-home_md_scan9_2012_sep_30,30,49,0.23046874999999908,0.1915,0.0
sun3d-home_md-home_md_scan9_2012_sep_30,30,50,-0.024739583333333204,0.07866666666666665,0.0
sun3d-home_md-home_md_scan9_2012_sep_30,31,33,0.023437499999999865,0.002166666666666667,0.0
sun3d-home_md-home_md_scan9_2012_sep_30,31,35,-0.01041666666666663,-0.006000000000000001,0.0
sun3d-home_md-home_md_scan9_2012_sep_30,31,36,0.0091145833333333,-0.0185,0.3333333333333333
sun3d-home_md-home_md_scan9_2012_sep_30,31,37,-0.0013020833333333333,0.0,0.0
sun3d-home_md-home_md_scan9_2012_sep_30,32,37,-0.08463541666666634,-0.0024999999999999974,0.0
sun3d-home_md-home_md_scan9_2012_sep_30,33,37,-0.01822916666666663,-0.012999999999999998,-0.6666666666666666
sun3d-home_md-home_md_scan9_2012_sep_30,34,36,-0.09374999999999961,-0.06183333333333333,-0.3333333333333333
sun3d-home_md-home_md_scan9_2012_sep_30,34,58,0.0,0.013166666666666667,0.0
sun3d-home_md-home_md_scan9_2012_sep_30,37,39,-0.05729166666666643,-0.03099999999999999,-0.3333333333333333
sun3d-home_md-home_md_scan9_2012_sep_30,37,40,-0.0494791666666665,0.022833333333333327,0.0
sun3d-home_md-home_md_scan9_2012_sep_30,37,46,0.0690104166666664,0.12,0.0
sun3d-home_md-home_md_scan9_2012_sep_30,38,45,-0.005208333333333333,0.06816666666666671,0.0
sun3d-home_md-home_md_scan9_2012_sep_30,38,48,0.013020833333333296,0.09733333333333327,0.0
sun3d-home_md-home_md_scan9_2012_sep_30,38,49,0.02994791666666663,0.07966666666666666,0.0
sun3d-home_md-home_md_scan9_2012_sep_30,39,42,-0.0078125,0.04033333333333337,0.0
sun3d-home_md-home_md_scan9_2012_sep_30,39,43,0.02994791666666659,0.06066666666666668,0.0
sun3d-home_md-home_md_scan9_2012_sep_30,39,44,0.005208333333333352,-0.02416666666666667,0.0
sun3d-home_md-home_md_scan9_2012_sep_30,39,48,0.010416666666666666,0.06033333333333335,0.0
sun3d-home_md-home_md_scan9_2012_sep_30,39,49,0.015624999999999853,0.05000000000000001,0.0
sun3d-home_md-home_md_scan9_2012_sep_30,40,42,-0.003906249999999963,0.08099999999999996,0.0
sun3d-home_md-home_md_scan9_2012_sep_30,40,43,0.005208333333333352,0.06483333333333335,0.0
sun3d-home_md-home_md_scan9_2012_sep_30,40,48,-0.00651041666666663,0.07350000000000001,0.0
sun3d-home_md-home_md_scan9_2012_sep_30,41,43,0.014322916666666593,0.1178333333333333,0.0
sun3d-home_md-home_md_scan9_2012_sep_30,41,50,-0.007812499999999963,0.049833333333333285,0.0
sun3d-home_md-home_md_scan9_2012_sep_30,42,45,0.026041666666666557,0.045499999999999985,0.0
sun3d-home_md-home_md_scan9_2012_sep_30,42,46,0.01432291666666663,0.07066666666666666,0.0
sun3d-home_md-home_md_scan9_2012_sep_30,42,47,0.01041666666666663,0.049000000000000044,0.0
sun3d-home_md-home_md_scan9_2012_sep_30,43,44,-0.015624999999999889,0.09483333333333334,0.0
sun3d-home_md-home_md_scan9_2012_sep_30,43,45,0.03385416666666652,0.10099999999999994,0.0
sun3d-home_md-home_md_scan9_2012_sep_30,43,47,0.00911458333333326,0.10483333333333333,0.0
sun3d-home_md-home_md_scan9_2012_sep_30,43,48,0.06770833333333305,0.045000000000000005,0.0
sun3d-home_md-home_md_scan9_2012_sep_30,43,49,0.040364583333333225,0.10800000000000004,0.0
sun3d-home_md-home_md_scan9_2012_sep_30,43,50,0.02083333333333322,0.06733333333333329,0.0
sun3d-home_md-home_md_scan9_2012_sep_30,43,51,0.04687499999999981,0.06916666666666665,0.0
sun3d-home_md-home_md_scan9_2012_sep_30,45,48,0.00651041666666663,0.07933333333333337,0.0
sun3d-home_md-home_md_scan9_2012_sep_30,45,49,0.01432291666666663,0.0746666666666667,0.0
sun3d-home_md-home_md_scan9_2012_sep_30,45,50,0.005208333333333333,0.05416666666666672,0.0
sun3d-home_md-home_md_scan9_2012_sep_30,46,48,0.019531249999999927,0.0658333333333333,0.0
sun3d-home_md-home_md_scan9_2012_sep_30,46,49,0.016927083333333186,0.05833333333333335,0.0
sun3d-home_md-home_md_scan9_2012_sep_30,47,50,0.00651041666666663,0.0756666666666667,0.0
sun3d-home_md-home_md_scan9_2012_sep_30,48,51,-0.011718749999999964,-0.0031666666666666666,0.0
sun3d-home_md-home_md_scan9_2012_sep_30,50,59,0.0026041666666666665,0.07466666666666662,0.0
sun3d-home_md-home_md_scan9_2012_sep_30,51,53,0.029947916666666557,0.12449999999999999,0.0
sun3d-home_md-home_md_scan9_2012_sep_30,52,53,0.011718749999999925,0.09900000000000005,0.0
sun3d-home_md-home_md_scan9_2012_sep_30,52,54,0.03124999999999989,0.09949999999999999,0.0
sun3d-home_md-home_md_scan9_2012_sep_30,52,55,0.05338541666666646,0.11783333333333336,0.0
sun3d-home_md-home_md_scan9_2012_sep_30,52,56,0.010416666666666666,0.050666666666666665,0.0
sun3d-home_md-home_md_scan9_2012_sep_30,52,57,-0.029947916666666536,0.026333333333333337,0.0
sun3d-home_md-home_md_scan9_2012_sep_30,52,58,-0.06510416666666641,0.023833333333333307,0.0
sun3d-home_md-home_md_scan9_2012_sep_30,53,57,-0.010416666666666638,-0.01933333333333333,0.0
sun3d-home_md-home_md_scan9_2012_sep_30,56,59,-0.02473958333333326,-0.00516666666666669,0.0
sun3d-hotel_uc-scan3,0,4,0.007812499999999963,0.08316666666666668,0.0
sun3d-hotel_uc-scan3,0,9,0.014322916666666666,0.09150000000000003,0.0
sun3d-hotel_uc-scan3,0,11,0.02994791666666652,0.13449999999999998,0.0
sun3d-hotel_uc-scan3,0,18,-0.029947916666666557,0.09816666666666674,0.0
sun3d-hotel_uc-scan3,0,20,-0.026041666666666557,0.085,0.0
sun3d-hotel_uc-scan3,0,34,0.162760416666666,0.20816666666666664,0.0
sun3d-hotel_uc-scan3,0,43,0.032552083333333114,0.1213333333333333,0.0
sun3d-hotel_uc-scan3,0,46,0.006510416666666703,0.054333333333333345,0.0
sun3d-hotel_uc-scan3,0,53,0.06770833333333304,0.14016666666666666,0.0
sun3d-hotel_uc-scan3,1,9,0.027343749999999927,0.1445,0.0
sun3d-hotel_uc-scan3,1,11,0.007812499999999926,0.14049999999999999,0.0
sun3d-hotel_uc-scan3,1,18,0.005208333333333297,0.09083333333333332,0.0
sun3d-hotel_uc-scan3,1,20,0.03255208333333326,0.12633333333333338,0.0
sun3d-hotel_uc-scan3,1,34,0.04427083333333315,0.13166666666666663,0.0
sun3d-hotel_uc-scan3,1,36,-0.00390625,0.07600000000000003,0.0
sun3d-hotel_uc-scan3,1,43,0.05989583333333307,0.1701666666666667,0.0
sun3d-hotel_uc-scan3,1,46,0.01041666666666663,0.08916666666666662,0.0
sun3d-hotel_uc-scan3,1,53,-0.04817708333333318,0.0813333333333333,0.0
sun3d-hotel_uc-scan3,2,18,0.015624999999999925,0.10216666666666668,0.0
sun3d-hotel_uc-scan3,2,19,0.01822916666666659,0.06916666666666667,0.0
sun3d-hotel_uc-scan3,2,20,0.04427083333333315,0.10966666666666669,0.0
sun3d-hotel_uc-scan3,2,21,-0.007812499999999982,0.045166666666666654,0.0
sun3d-hotel_uc-scan3,2,36,-0.023437499999999927,0.073,0.0
sun3d-hotel_uc-scan3,2,43,0.03906249999999974,0.12383333333333328,0.0
sun3d-hotel_uc-scan3,2,47,-0.023437499999999962,-0.042666666666666686,-0.6666666666666666
sun3d-hotel_uc-scan3,3,11,0.0026041666666666665,0.08966666666666667,0.0
sun3d-hotel_uc-scan3,3,18,0.06249999999999978,0.16533333333333333,0.0
sun3d-hotel_uc-scan3,3,20,0.04687499999999978,0.13383333333333333,0.0
sun3d-hotel_uc-scan3,3,34,-0.02083333333333322,0.04183333333333331,0.0
sun3d-hotel_uc-scan3,3,36,0.02083333333333326,0.09033333333333333,0.0
sun3d-hotel_uc-scan3,3,43,0.055989583333333114,0.15649999999999994,0.0
sun3d-hotel_uc-scan3,3,44,0.006510416666666592,0.12366666666666666,0.0
sun3d-hotel_uc-scan3,3,46,-0.003906249999999963,0.060499999999999964,0.0
sun3d-hotel_uc-scan3,3,53,-0.024739583333333186,0.03833333333333333,0.0
sun3d-hotel_uc-scan3,4,7,-0.02083333333333326,0.03916666666666666,0.0
sun3d-hotel_uc-scan3,4,8,0.06249999999999974,0.10149999999999999,0.0
sun3d-hotel_uc-scan3,4,10,0.005208333333333297,0.10866666666666665,0.0
sun3d-hotel_uc-scan3,4,19,0.02213541666666659,0.15433333333333338,0.0
sun3d-hotel_uc-scan3,4,38,-0.053385416666666484,0.03733333333333333,0.0
sun3d-hotel_uc-scan3,4,39,0.10807291666666623,0.1433333333333333,0.0
sun3d-hotel_uc-scan3,4,40,-0.06249999999999974,0.00466666666666668,0.0
sun3d-hotel_uc-scan3,4,41,0.05468749999999978,0.0805,0.0
sun3d-hotel_uc-scan3,4,43,-0.04687499999999976,-0.007333333333333321,0.0
sun3d-hotel_uc-scan3,4,44,-0.013020833333333334,0.04,0.0
sun3d-hotel_uc-scan3,4,45,0.16536458333333268,0.15166666666666664,0.0
sun3d-hotel_uc-scan3,5,36,0.03255208333333318,0.05266666666666666,0.0
sun3d-hotel_uc-scan3,5,42,0.024739583333333204,0.032333333333333325,0.0
sun3d-hotel_uc-scan3,5,43,0.01041666666666661,0.06716666666666665,0.0
sun3d-hotel_uc-scan3,5,44,0.03124999999999987,0.03100000000000001,0.0
sun3d-hotel_uc-scan3,6,36,0.07942708333333302,0.04333333333333333,0.0
sun3d-hotel_uc-scan3,6,42,0.05729166666666644,0.11116666666666664,0.0
sun3d-hotel_uc-scan3,6,43,-0.02473958333333326,0.03450000000000001,0.0
sun3d-hotel_uc-scan3,6,44,0.02213541666666659,0.01983333333333333,0.0
sun3d-hotel_uc-scan3,7,36,0.1458333333333328,0.142,0.6666666666666666
sun3d-hotel_uc-scan3,7,42,-0.02864583333333322,0.05566666666666668,0.0
sun3d-hotel_uc-scan3,7,43,-0.0494791666666665,-0.026999999999999986,0.0
sun3d-hotel_uc-scan3,8,10,0.023437499999999927,0.045499999999999985,0.0
sun3d-hotel_uc-scan3,8,18,-0.01302083333333324,0.014999999999999998,0.0
sun3d-hotel_uc-scan3,8,20,-0.0364583333333332,-0.02683333333333333,0.0
sun3d-hotel_uc-scan3,8,36,0.10546874999999956,0.15399999999999994,0.3333333333333333
sun3d-hotel_uc-scan3,8,43,0.013020833333333296,0.084,0.0
sun3d-hotel_uc-scan3,8,44,0.05208333333333315,0.06099999999999998,0.0
sun3d-hotel_uc-scan3,9,18,0.0846354166666663,0.10583333333333332,0.0
sun3d-hotel_uc-scan3,9,19,0.03515624999999989,0.12400000000000001,0.0
sun3d-hotel_uc-scan3,9,20,0.07031249999999974,0.1568333333333333,0.0
sun3d-hotel_uc-scan3,9,37,-0.01432291666666663,0.04850000000000002,0.0
sun3d-hotel_uc-scan3,9,38,-0.009114583333333296,0.05966666666666668,0.0
sun3d-hotel_uc-scan3,9,39,0.014322916666666593,0.09716666666666662,0.0
sun3d-hotel_uc-scan3,9,40,0.02734374999999985,0.09866666666666668,0.0
sun3d-hotel_uc-scan3,9,41,0.007812499999999926,0.05933333333333335,0.0
sun3d-hotel_uc-scan3,9,42,0.04427083333333315,0.06633333333333331,0.0
sun3d-hotel_uc-scan3,10,11,0.041666666666666484,0.15133333333333332,0.0
sun3d-hotel_uc-scan3,10,34,0.06249999999999978,0.13349999999999998,0.0
sun3d-hotel_uc-scan3,10,46,0.0026041666666666297,0.12016666666666669,0.0
sun3d-hotel_uc-scan3,10,53,-0.002604166666666704,0.09049999999999998,0.0
sun3d-hotel_uc-scan3,11,18,0.045572916666666484,0.09733333333333331,0.0
sun3d-hotel_uc-scan3,11,19,0.005208333333333333,0.10466666666666667,0.0
sun3d-hotel_uc-scan3,11,20,0.09635416666666625,0.13999999999999999,0.0
sun3d-hotel_uc-scan3,11,21,0.03124999999999985,0.09916666666666668,0.0
sun3d-hotel_uc-scan3,11,33,0.07552083333333302,0.027166666666666662,0.0
sun3d-hotel_uc-scan3,11,43,0.035156249999999854,0.11733333333333335,0.0
sun3d-hotel_uc-scan3,11,44,0.06249999999999978,0.16333333333333333,0.0
sun3d-hotel_uc-scan3,11,45,-0.009114583333333296,0.11816666666666671,0.0
sun3d-hotel_uc-scan3,11,52,0.007812499999999963,0.04716666666666669,0.0
sun3d-hotel_uc-scan3,12,22,0.0976562499999996,0.022500000000000003,0.6666666666666666
sun3d-hotel_uc-scan3,12,25,0.007812499999999949,0.012833333333333327,-0.3333333333333333
sun3d-hotel_uc-scan3,12,30,0.12239583333333282,0.1025,0.3333333333333333
sun3d-hotel_uc-scan3,12,34,0.019531249999999927,0.06633333333333331,0.0
sun3d-hotel_uc-scan3,12,46,0.11718749999999957,0.10133333333333334,0.0
sun3d-hotel_uc-scan3,13,15,0.014322916666666666,0.10549999999999997,0.0
sun3d-hotel_uc-scan3,13,16,-0.026041666666666557,0.07383333333333335,0.0
sun3d-hotel_uc-scan3,13,23,0.009114583333333334,0.09933333333333333,0.0
sun3d-hotel_uc-scan3,13,27,0.13151041666666616,0.20999999999999996,0.3333333333333333
sun3d-hotel_uc-scan3,13,30,-0.09114583333333293,0.06966666666666667,0.0
sun3d-hotel_uc-scan3,13,31,0.05078124999999981,0.123,0.0
sun3d-hotel_uc-scan3,13,33,0.019531249999999927,0.09116666666666666,0.0
sun3d-hotel_uc-scan3,13,47,0.029947916666666557,0.0696666666666667,0.0
sun3d-hotel_uc-scan3,13,51,-0.007812499999999963,0.035166666666666714,0.0
sun3d-hotel_uc-scan3,14,22,0.03776041666666652,0.05566666666666666,0.0
sun3d-hotel_uc-scan3,14,27,-0.015624999999999853,0.08599999999999997,0.0
sun3d-hotel_uc-scan3,14,28,0.03645833333333315,0.11383333333333334,0.0
sun3d-hotel_uc-scan3,14,48,-0.041666666666666484,0.056999999999999974,0.0
sun3d-hotel_uc-scan3,14,50,0.005208333333333297,0.032333333333333346,0.0
sun3d-hotel_uc-scan3,14,52,-0.007812499999999963,0.07133333333333336,0.0
sun3d-hotel_uc-scan3,15,17,0.006510416666666667,0.017500000000000005,0.0
sun3d-hotel_uc-scan3,15,26,-0.03645833333333318,0.0581666666666667,0.0
sun3d-hotel_uc-scan3,15,48,0.03385416666666652,0.13333333333333333,0.0
sun3d-hotel_uc-scan3,15,50,0.016927083333333332,0.039833333333333366,0.0
sun3d-hotel_uc-scan3,15,52,-0.018229166666666557,0.08999999999999997,0.0
sun3d-hotel_uc-scan3,16,21,-0.011718749999999925,0.041,0.0
sun3d-hotel_uc-scan3,16,25,0.005208333333333333,0.06099999999999994,0.0
sun3d-hotel_uc-scan3,16,47,0.08723958333333297,0.054833333333333324,-0.3333333333333333
sun3d-hotel_uc-scan3,16,50,0.06510416666666645,0.044333333333333357,0.0
sun3d-hotel_uc-scan3,16,52,0.013020833333333296,0.1186666666666667,0.0
sun3d-hotel_uc-scan3,17,18,0.027343749999999927,0.08883333333333333,0.0
sun3d-hotel_uc-scan3,17,23,3.700743415417188e-17,-0.0415,0.0
sun3d-hotel_uc-scan3,17,34,0.03906249999999983,0.08549999999999998,0.0
sun3d-hotel_uc-scan3,17,47,0.2005208333333325,0.21866666666666665,0.3333333333333333
sun3d-hotel_uc-scan3,17,53,0.06380208333333307,0.10150000000000002,0.0
sun3d-hotel_uc-scan3,18,21,-0.04427083333333315,-0.007500000000000007,0.0
sun3d-hotel_uc-scan3,18,34,0.02343749999999989,0.13299999999999998,0.0
sun3d-hotel_uc-scan3,18,35,-0.011718749999999964,0.08566666666666667,-0.3333333333333333
sun3d-hotel_uc-scan3,18,43,0.09635416666666625,0.12833333333333333,0.0
sun3d-hotel_uc-scan3,18,44,0.05078124999999978,0.13733333333333334,0.0
sun3d-hotel_uc-scan3,18,46,0.05468749999999981,0.168,0.0
sun3d-hotel_uc-scan3,18,53,0.08203124999999968,0.17383333333333337,0.0
sun3d-hotel_uc-scan3,18,54,-0.0065104166666666114,0.09216666666666667,0.0
sun3d-hotel_uc-scan3,19,35,0.03124999999999989,0.09066666666666671,0.0
sun3d-hotel_uc-scan3,19,44,0.166666666666666,0.2473333333333333,0.0
sun3d-hotel_uc-scan3,19,45,0.09114583333333297,0.18266666666666664,0.0
sun3d-hotel_uc-scan3,19,54,0.02213541666666659,0.10733333333333338,0.0
sun3d-hotel_uc-scan3,20,21,-0.005208333333333297,0.04650000000000001,0.0
sun3d-hotel_uc-scan3,20,34,0.06901041666666641,0.17383333333333337,0.0
sun3d-hotel_uc-scan3,20,35,-0.0026041666666666665,0.08016666666666668,0.0
sun3d-hotel_uc-scan3,20,37,-0.010416666666666685,-0.008666666666666675,0.0
sun3d-hotel_uc-scan3,20,43,0.08854166666666634,0.14983333333333332,0.0
sun3d-hotel_uc-scan3,20,44,0.09765624999999963,0.1485,0.0
sun3d-hotel_uc-scan3,20,45,0.14713541666666613,0.2193333333333333,0.0
sun3d-hotel_uc-scan3,20,46,0.08854166666666631,0.1628333333333333,0.0
sun3d-hotel_uc-scan3,20,53,0.1263020833333328,0.1875,0.0
sun3d-hotel_uc-scan3,20,54,0.019531249999999962,0.09966666666666668,0.0
sun3d-hotel_uc-scan3,21,34,0.08072916666666634,0.16416666666666666,0.0
sun3d-hotel_uc-scan3,21,35,-0.10416666666666628,-0.023500000000000004,0.0
sun3d-hotel_uc-scan3,21,36,0.006510416666666648,0.055,0.0
sun3d-hotel_uc-scan3,21,43,3.700743415417188e-17,0.023833333333333335,0.0
sun3d-hotel_uc-scan3,21,45,-0.162760416666666,-0.06733333333333334,-0.6666666666666666
sun3d-hotel_uc-scan3,21,46,0.026041666666666574,0.11283333333333334,0.0
sun3d-hotel_uc-scan3,21,47,0.08723958333333298,0.19066666666666668,0.0
sun3d-hotel_uc-scan3,21,53,-0.05729166666666644,0.05016666666666667,0.0
sun3d-hotel_uc-scan3,21,54,0.04166666666666652,0.058,0.0
sun3d-hotel_uc-scan3,22,24,-0.11458333333333286,-0.02999999999999997,0.0
sun3d-hotel_uc-scan3,22,33,-0.08072916666666641,-0.05266666666666667,-0.3333333333333333
sun3d-hotel_uc-scan3,22,47,0.09244791666666634,0.13683333333333333,0.0
sun3d-hotel_uc-scan3,22,48,0.3307291666666654,0.2698333333333333,0.3333333333333333
sun3d-hotel_uc-scan3,22,49,0.11848958333333291,0.07483333333333331,-0.3333333333333333
sun3d-hotel_uc-scan3,22,51,0.00911458333333326,0.04949999999999999,0.0
sun3d-hotel_uc-scan3,22,52,-0.09765624999999961,-0.029666666666666664,-0.3333333333333333
sun3d-hotel_uc-scan3,23,25,0.02864583333333322,0.10050000000000003,0.0
sun3d-hotel_uc-scan3,23,48,0.0026041666666666665,0.04116666666666665,0.0
sun3d-hotel_uc-scan3,23,50,-0.0026041666666666665,0.06066666666666661,0.0
sun3d-hotel_uc-scan3,24,26,0.0013020833333333333,0.09600000000000004,0.0
sun3d-hotel_uc-scan3,24,48,-0.041666666666666484,0.030333333333333285,0.0
sun3d-hotel_uc-scan3,24,50,0.07421874999999968,0.08966666666666663,0.0
sun3d-hotel_uc-scan3,24,52,0.003906249999999926,0.08766666666666663,0.0
sun3d-hotel_uc-scan3,25,27,0.039062499999999854,0.13550000000000004,0.0
sun3d-hotel_uc-scan3,25,28,0.023437499999999927,0.07866666666666665,0.0
sun3d-hotel_uc-scan3,25,31,0.0026041666666666388,0.012499999999999983,0.3333333333333333
sun3d-hotel_uc-scan3,25,32,0.02473958333333322,0.08783333333333328,0.0
sun3d-hotel_uc-scan3,25,33,0.015624999999999925,0.07666666666666667,0.0
sun3d-hotel_uc-scan3,25,47,-0.022135416666666557,0.02900000000000001,0.0
sun3d-hotel_uc-scan3,25,50,0.026041666666666536,0.07483333333333335,0.6666666666666666
sun3d-hotel_uc-scan3,26,29,0.035156249999999924,0.1363333333333334,0.0
sun3d-hotel_uc-scan3,26,49,-0.09895833333333294,0.00033333333333335213,0.0
sun3d-hotel_uc-scan3,29,30,-0.014322916666666593,-0.00033333333333333365,0.0
sun3d-hotel_uc-scan3,30,31,0.010416666666666593,0.1545,0.0
sun3d-hotel_uc-scan3,30,32,0.07942708333333304,0.2245,0.0
sun3d-hotel_uc-scan3,30,33,-0.02343749999999989,0.09550000000000002,0.0
sun3d-hotel_uc-scan3,30,48,0.01041666666666663,0.065,0.0
sun3d-hotel_uc-scan3,31,34,-0.011718749999999964,0.057666666666666665,-0.6666666666666666
sun3d-hotel_uc-scan3,31,53,0.015624999999999925,0.08516666666666667,0.0
sun3d-hotel_uc-scan3,32,34,0.07812499999999971,0.06816666666666665,0.3333333333333333
sun3d-hotel_uc-scan3,32,53,0.02213541666666659,0.06500000000000002,0.0
sun3d-hotel_uc-scan3,33,35,-0.04817708333333317,-0.018000000000000002,0.0
sun3d-hotel_uc-scan3,33,46,0.08333333333333298,0.07916666666666666,0.6666666666666666
sun3d-hotel_uc-scan3,34,43,0.00390625,0.08849999999999998,0.3333333333333333
sun3d-hotel_uc-scan3,34,44,-0.02213541666666659,0.04416666666666667,0.0
sun3d-hotel_uc-scan3,34,45,-0.01432291666666663,0.09416666666666666,0.0
sun3d-hotel_uc-scan3,34,52,0.06249999999999974,0.09916666666666664,0.0
sun3d-hotel_uc-scan3,35,36,0.06901041666666641,0.041000000000000036,0.0
sun3d-hotel_uc-scan3,35,43,0.02994791666666652,0.12183333333333336,0.0
sun3d-hotel_uc-scan3,35,44,-0.011718749999999964,0.10066666666666668,0.0
sun3d-hotel_uc-scan3,35,45,0.015624999999999853,0.12333333333333336,0.0
sun3d-hotel_uc-scan3,35,46,-0.03776041666666644,0.030166666666666675,0.0
sun3d-hotel_uc-scan3,35,53,-0.03776041666666652,0.057000000000000016,0.0
sun3d-hotel_uc-scan3,36,37,0.045572916666666484,0.13949999999999999,0.0
sun3d-hotel_uc-scan3,36,43,0.03515624999999989,0.10833333333333335,0.0
sun3d-hotel_uc-scan3,36,44,0.0078125,0.10583333333333338,0.0
sun3d-hotel_uc-scan3,36,45,0.023437499999999927,0.09800000000000005,0.0
sun3d-hotel_uc-scan3,37,42,0.045572916666666484,0.08216666666666665,0.0
sun3d-hotel_uc-scan3,37,43,-0.0429687499999998,0.021500000000000002,0.0
sun3d-hotel_uc-scan3,37,44,0.04036458333333317,0.03400000000000002,0.0
sun3d-hotel_uc-scan3,38,42,0.019531249999999927,0.09083333333333336,0.0
sun3d-hotel_uc-scan3,39,44,0.03255208333333326,0.0835,0.0
sun3d-hotel_uc-scan3,40,43,-0.01822916666666659,0.035999999999999956,0.0
sun3d-hotel_uc-scan3,40,44,-0.0013020833333333333,0.075,0.0
sun3d-hotel_uc-scan3,41,44,0.007812499999999963,0.035999999999999956,0.0
sun3d-hotel_uc-scan3,42,45,0.028645833333333186,0.06483333333333335,0.0
sun3d-hotel_uc-scan3,42,54,-0.01171875,0.031,0.6666666666666666
sun3d-hotel_uc-scan3,43,46,-0.09374999999999961,0.04233333333333337,0.0
sun3d-hotel_uc-scan3,43,53,-0.013020833333333296,0.05616666666666662,0.0
sun3d-hotel_uc-scan3,44,46,0.027343749999999927,0.14583333333333334,0.0
sun3d-hotel_uc-scan3,44,53,-0.048177083333333114,0.04700000000000004,0.0
sun3d-hotel_uc-scan3,45,53,-0.020833333333333297,0.07216666666666664,0.0
sun3d-hotel_uc-scan3,46,48,0.019531249999999934,0.0025,0.0
sun3d-hotel_uc-scan3,47,54,0.011718749999999925,0.040000000000000015,0.0
sun3d-hotel_uc-scan3,48,53,-0.03124999999999985,-0.025499999999999984,0.0
sun3d-hotel_uc-scan3,49,52,0.00651041666666663,0.05683333333333329,0.0
sun3d-hotel_uc-scan3,51,52,0.00390625,0.0698333333333333,0.0
sun3d-hotel_umd-maryland_hotel1,0,8,0.007812499999999963,0.11533333333333333,0.0
sun3d-hotel_umd-maryland_hotel1,0,9,-0.019531249999999962,0.0846666666666666,0.0
sun3d-hotel_umd-maryland_hotel1,0,10,0.03385416666666652,0.12833333333333338,0.0
sun3d-hotel_umd-maryland_hotel1,0,15,-0.03255208333333318,0.08,0.0
sun3d-hotel_umd-maryland_hotel1,0,23,0.032552083333333225,0.05833333333333331,0.0
sun3d-hotel_umd-maryland_hotel1,0,29,0.02734374999999989,0.10366666666666667,0.3333333333333333
sun3d-hotel_umd-maryland_hotel1,1,26,0.02213541666666659,0.07549999999999997,0.0
sun3d-hotel_umd-maryland_hotel1,2,3,0.02213541666666663,0.08050000000000002,0.0
sun3d-hotel_umd-maryland_hotel1,2,12,0.16015624999999942,0.22016666666666662,0.0
sun3d-hotel_umd-maryland_hotel1,2,23,0.01692708333333326,0.07883333333333327,0.0
sun3d-hotel_umd-maryland_hotel1,2,24,-0.01041666666666663,0.05733333333333337,0.3333333333333333
sun3d-hotel_umd-maryland_hotel1,2,25,0.0013020833333333333,0.10849999999999997,0.3333333333333333
sun3d-hotel_umd-maryland_hotel1,3,11,0.04296874999999981,0.0823333333333333,0.0
sun3d-hotel_umd-maryland_hotel1,3,15,0.02343749999999989,0.08950000000000001,0.0
sun3d-hotel_umd-maryland_hotel1,3,23,0.10156249999999956,0.056,0.0
sun3d-hotel_umd-maryland_hotel1,3,27,0.039062499999999854,0.09283333333333334,0.0
sun3d-hotel_umd-maryland_hotel1,3,28,0.007812499999999926,0.09733333333333333,0.0
sun3d-hotel_umd-maryland_hotel1,4,11,0.039062499999999854,0.10283333333333337,0.0
sun3d-hotel_umd-maryland_hotel1,4,12,0.009114583333333334,0.10483333333333335,0.0
sun3d-hotel_umd-maryland_hotel1,4,16,0.005208333333333333,0.08133333333333333,0.0
sun3d-hotel_umd-maryland_hotel1,4,28,0.049479166666666484,0.13066666666666668,0.0
sun3d-hotel_umd-maryland_hotel1,5,7,0.0,0.0,0.0
sun3d-hotel_umd-maryland_hotel1,5,27,-0.010416666666666666,0.10866666666666669,0.0
sun3d-hotel_umd-maryland_hotel1,5,33,0.013020833333333296,0.09216666666666669,0.0
sun3d-hotel_umd-maryland_hotel1,5,34,0.0078125,-0.010333333333333333,-0.3333333333333333
sun3d-hotel_umd-maryland_hotel1,5,35,0.02994791666666652,0.10883333333333338,0.0
sun3d-hotel_umd-maryland_hotel1,6,7,-0.03645833333333318,0.05033333333333334,0.0
sun3d-hotel_umd-maryland_hotel1,6,19,0.05208333333333313,0.09233333333333334,0.0
sun3d-hotel_umd-maryland_hotel1,6,22,-0.01953124999999989,-0.001499999999999983,0.0
sun3d-hotel_umd-maryland_hotel1,6,33,-0.005208333333333333,0.10150000000000003,0.0
sun3d-hotel_umd-maryland_hotel1,6,34,-0.02604166666666659,0.10883333333333334,0.0
sun3d-hotel_umd-maryland_hotel1,6,35,-0.01302083333333326,0.10733333333333335,0.0
sun3d-hotel_umd-maryland_hotel1,6,36,0.18619791666666594,0.10266666666666667,0.3333333333333333
sun3d-hotel_umd-maryland_hotel1,6,37,0.042968749999999854,0.04616666666666666,0.0
sun3d-hotel_umd-maryland_hotel1,7,8,0.11328124999999956,0.16449999999999998,0.0
sun3d-hotel_umd-maryland_hotel1,7,9,0.23307291666666577,0.19633333333333333,0.0
sun3d-hotel_umd-maryland_hotel1,7,10,-0.1848958333333326,-0.10799999999999998,-0.3333333333333333
sun3d-hotel_umd-maryland_hotel1,7,11,0.03385416666666652,0.082,-0.3333333333333333
sun3d-hotel_umd-maryland_hotel1,7,13,-0.083333333333333,0.038000000000000034,-0.3333333333333333
sun3d-hotel_umd-maryland_hotel1,7,18,0.052083333333333114,0.13749999999999998,0.0
sun3d-hotel_umd-maryland_hotel1,7,20,0.0494791666666665,0.12749999999999997,0.0
sun3d-hotel_umd-maryland_hotel1,7,21,-0.007812499999999963,0.10783333333333334,0.0
sun3d-hotel_umd-maryland_hotel1,7,22,0.042968749999999854,0.12950000000000003,0.0
sun3d-hotel_umd-maryland_hotel1,7,29,-0.1510416666666661,-0.02083333333333333,-0.3333333333333333
sun3d-hotel_umd-maryland_hotel1,7,30,0.013020833333333334,0.12150000000000001,0.0
sun3d-hotel_umd-maryland_hotel1,7,31,-0.005208333333333333,0.06400000000000002,0.0
sun3d-hotel_umd-maryland_hotel1,7,32,0.11979166666666623,0.18016666666666667,0.0
sun3d-hotel_umd-maryland_hotel1,7,36,0.06640624999999976,0.09500000000000001,0.0
sun3d-hotel_umd-maryland_hotel1,7,37,-0.049479166666666484,0.028500000000000015,-0.3333333333333333
sun3d-hotel_umd-maryland_hotel1,8,10,0.015624999999999925,0.08550000000000002,0.0
sun3d-hotel_umd-maryland_hotel1,8,19,-0.0026041666666666665,0.059,0.0
sun3d-hotel_umd-maryland_hotel1,8,20,0.039062499999999854,0.11616666666666671,0.0
sun3d-hotel_umd-maryland_hotel1,8,21,0.04817708333333315,0.09450000000000001,0.0
sun3d-hotel_umd-maryland_hotel1,8,26,0.006510416666666667,0.10949999999999997,0.0
sun3d-hotel_umd-maryland_hotel1,8,31,-0.03776041666666655,0.03866666666666665,0.3333333333333333
sun3d-hotel_umd-maryland_hotel1,9,14,0.027343749999999962,0.08016666666666668,0.0
sun3d-hotel_umd-maryland_hotel1,9,19,-0.1770833333333326,-0.0625,0.0
sun3d-hotel_umd-maryland_hotel1,9,20,0.015624999999999889,0.07366666666666666,0.0
sun3d-hotel_umd-maryland_hotel1,9,21,-0.04817708333333313,-0.0555,0.0
sun3d-hotel_umd-maryland_hotel1,9,24,0.01432291666666663,0.08483333333333336,0.0
sun3d-hotel_umd-maryland_hotel1,9,25,0.01692708333333326,0.10300000000000002,0.0
sun3d-hotel_umd-maryland_hotel1,9,29,0.044270833333333114,0.06883333333333334,0.0
sun3d-hotel_umd-maryland_hotel1,9,31,-0.03124999999999987,0.007999999999999998,0.0
sun3d-hotel_umd-maryland_hotel1,10,13,-0.055989583333333114,0.06799999999999999,0.0
sun3d-hotel_umd-maryland_hotel1,10,14,-0.0078125,0.10149999999999999,0.0
sun3d-hotel_umd-maryland_hotel1,10,19,-0.0247395833333332,-0.0006666666666666666,0.0
sun3d-hotel_umd-maryland_hotel1,10,20,0.18749999999999925,0.23466666666666666,0.3333333333333333
sun3d-hotel_umd-maryland_hotel1,10,21,0.024739583333333242,0.042166666666666665,0.0
sun3d-hotel_umd-maryland_hotel1,10,23,0.05729166666666646,0.04383333333333333,0.0
sun3d-hotel_umd-maryland_hotel1,10,24,0.04296874999999981,0.09666666666666668,0.0
sun3d-hotel_umd-maryland_hotel1,10,25,0.006510416666666667,0.12666666666666668,0.0
sun3d-hotel_umd-maryland_hotel1,10,29,0.1471354166666661,0.10100000000000002,0.0
sun3d-hotel_umd-maryland_hotel1,11,17,0.003906249999999926,0.06916666666666667,0.0
sun3d-hotel_umd-maryland_hotel1,11,18,0.07812499999999968,0.06866666666666665,0.3333333333333333
sun3d-hotel_umd-maryland_hotel1,11,27,0.03776041666666652,0.15283333333333332,-0.3333333333333333
sun3d-hotel_umd-maryland_hotel1,11,28,0.08854166666666631,0.17566666666666667,0.0
sun3d-hotel_umd-maryland_hotel1,11,32,0.10026041666666628,0.10983333333333334,0.0
sun3d-hotel_umd-maryland_hotel1,12,15,0.05859374999999981,0.11449999999999999,0.0
sun3d-hotel_umd-maryland_hotel1,12,23,0.06249999999999976,0.005166666666666662,0.0
sun3d-hotel_umd-maryland_hotel1,12,27,0.12239583333333286,0.15416666666666665,0.0
sun3d-hotel_umd-maryland_hotel1,12,28,0.015624999999999925,0.09083333333333336,0.0
sun3d-hotel_umd-maryland_hotel1,12,29,0.01171875,0.016666666666666663,0.0
sun3d-hotel_umd-maryland_hotel1,13,25,0.16276041666666605,0.14833333333333334,0.6666666666666666
sun3d-hotel_umd-maryland_hotel1,13,26,0.17838541666666594,0.16016666666666665,0.0
sun3d-hotel_umd-maryland_hotel1,14,15,-0.005208333333333408,0.09200000000000001,0.0
sun3d-hotel_umd-maryland_hotel1,14,29,0.011718749999999964,0.05333333333333334,0.0
sun3d-hotel_umd-maryland_hotel1,15,24,0.00390625,0.08666666666666667,0.0
sun3d-hotel_umd-maryland_hotel1,15,25,-0.005208333333333297,0.11566666666666665,0.0
sun3d-hotel_umd-maryland_hotel1,17,18,-0.019531249999999927,0.07400000000000002,0.0
sun3d-hotel_umd-maryland_hotel1,17,22,-0.0013020833333333333,0.0746666666666667,0.0
sun3d-hotel_umd-maryland_hotel1,17,27,0.014322916666666593,0.09283333333333332,0.0
sun3d-hotel_umd-maryland_hotel1,17,29,0.03776041666666654,0.044833333333333336,-0.3333333333333333
sun3d-hotel_umd-maryland_hotel1,17,32,0.079427083333333,0.1305,0.0
sun3d-hotel_umd-maryland_hotel1,18,19,0.048177083333333114,0.08549999999999998,0.0
sun3d-hotel_umd-maryland_hotel1,18,27,-0.05208333333333313,0.079,0.0
sun3d-hotel_umd-maryland_hotel1,18,28,-0.00911458333333326,0.10349999999999997,0.0
sun3d-hotel_umd-maryland_hotel1,18,32,0.16927083333333268,0.2021666666666667,0.0
sun3d-hotel_umd-maryland_hotel1,18,33,0.0013020833333333333,0.1165,0.0
sun3d-hotel_umd-maryland_hotel1,18,35,0.0013020833333331854,0.10433333333333335,0.0
sun3d-hotel_umd-maryland_hotel1,18,36,0.14713541666666613,0.11516666666666665,0.3333333333333333
sun3d-hotel_umd-maryland_hotel1,19,20,0.0013020833333332964,0.10216666666666667,0.0
sun3d-hotel_umd-maryland_hotel1,19,30,0.0013020833333333333,0.08383333333333332,0.0
sun3d-hotel_umd-maryland_hotel1,19,35,-0.08854166666666631,-0.005166666666666662,0.3333333333333333
sun3d-hotel_umd-maryland_hotel1,19,36,-0.10026041666666625,-0.05183333333333332,-0.6666666666666666
sun3d-hotel_umd-maryland_hotel1,19,37,0.03906249999999991,0.003666666666666663,-0.3333333333333333
sun3d-hotel_umd-maryland_hotel1,22,27,-0.2513020833333323,-0.0695,-0.3333333333333333
sun3d-hotel_umd-maryland_hotel1,22,33,-0.00390625,0.11949999999999998,0.0
sun3d-hotel_umd-maryland_hotel1,22,35,0.045572916666666484,0.09599999999999997,0.0
sun3d-hotel_umd-maryland_hotel1,23,24,0.0013020833333333333,0.036166666666666646,0.0
sun3d-hotel_umd-maryland_hotel1,23,25,0.002604166666666704,0.045999999999999965,0.0
sun3d-hotel_umd-maryland_hotel1,23,26,-0.01953124999999989,0.040000000000000036,0.0
sun3d-hotel_umd-maryland_hotel1,23,29,0.1041666666666662,0.02616666666666667,0.3333333333333333
sun3d-hotel_umd-maryland_hotel1,25,27,0.15234374999999942,0.1235,0.0
sun3d-hotel_umd-maryland_hotel1,25,29,0.010416666666666666,0.10616666666666663,0.0
sun3d-hotel_umd-maryland_hotel1,25,32,0.02604166666666659,0.07133333333333336,0.0
sun3d-hotel_umd-maryland_hotel1,26,27,-0.010416666666666666,0.10799999999999998,0.0
sun3d-hotel_umd-maryland_hotel1,26,32,-0.016927083333333332,0.03616666666666668,0.0
sun3d-hotel_umd-maryland_hotel1,28,33,-0.02604166666666652,0.122,0.0
sun3d-hotel_umd-maryland_hotel1,32,33,0.009114583333333296,0.1035,0.0
sun3d-hotel_umd-maryland_hotel1,35,36,0.08203124999999968,0.16533333333333336,0.0
sun3d-hotel_umd-maryland_hotel1,35,37,0.12499999999999954,0.135,0.3333333333333333
sun3d-hotel_umd-maryland_hotel1,36,38,-0.011718749999999964,0.11849999999999998,0.0
sun3d-hotel_umd-maryland_hotel1,36,39,0.00390625,0.12350000000000001,0.0
sun3d-hotel_umd-maryland_hotel1,36,42,0.11979166666666624,0.18733333333333335,0.6666666666666666
sun3d-hotel_umd-maryland_hotel1,36,53,-0.0052083333333333,0.0006666666666666666,0.0
sun3d-hotel_umd-maryland_hotel1,36,55,0.0182291666666666,0.0006666666666666666,0.0
sun3d-hotel_umd-maryland_hotel1,36,56,0.04036458333333315,0.13483333333333328,0.0
sun3d-hotel_umd-maryland_hotel1,37,38,-0.01041666666666663,0.15516666666666667,0.0
sun3d-hotel_umd-maryland_hotel1,37,39,0.01041666666666663,0.1336666666666667,0.0
sun3d-hotel_umd-maryland_hotel1,37,41,3.700743415417188e-17,0.13716666666666666,0.0
sun3d-hotel_umd-maryland_hotel1,37,42,-0.03515624999999989,-0.017833333333333312,-0.3333333333333333
sun3d-hotel_umd-maryland_hotel1,37,55,0.0039062499999999987,0.00016666666666666666,0.0
sun3d-hotel_umd-maryland_hotel1,37,56,0.029947916666666557,0.11383333333333333,0.0
sun3d-hotel_umd-maryland_hotel1,38,55,0.0286458333333332,0.002166666666666667,0.0
sun3d-hotel_umd-maryland_hotel1,40,41,3.700743415417188e-17,0.09316666666666662,0.0
sun3d-hotel_umd-maryland_hotel1,41,42,-0.015624999999999936,-0.023500000000000004,0.0
sun3d-hotel_umd-maryland_hotel1,41,53,0.01692708333333323,0.0005,0.0
sun3d-hotel_umd-maryland_hotel1,41,55,0.0039062499999999354,0.0011666666666666668,0.0
sun3d-hotel_umd-maryland_hotel1,42,53,-0.095052083333333,-0.048999999999999995,-0.3333333333333333
sun3d-hotel_umd-maryland_hotel1,42,55,-0.1289062499999995,-0.05450000000000002,-0.3333333333333333
sun3d-hotel_umd-maryland_hotel1,43,45,0.03124999999999989,0.06966666666666667,0.0
sun3d-hotel_umd-maryland_hotel1,43,48,0.0026041666666666665,0.08083333333333338,0.0
sun3d-hotel_umd-maryland_hotel1,43,49,0.02213541666666659,0.11366666666666665,0.0
sun3d-hotel_umd-maryland_hotel1,43,53,0.0468749999999998,0.05833333333333333,0.0
sun3d-hotel_umd-maryland_hotel1,43,55,0.052083333333333114,0.09633333333333334,0.0
sun3d-hotel_umd-maryland_hotel1,44,45,0.011718749999999964,0.10066666666666664,0.0
sun3d-hotel_umd-maryland_hotel1,44,47,-0.005208333333333297,0.08683333333333336,0.0
sun3d-hotel_umd-maryland_hotel1,44,52,-0.010416666666666664,0.00016666666666666682,0.0
sun3d-hotel_umd-maryland_hotel1,45,46,0.02734374999999989,0.09116666666666667,0.0
sun3d-hotel_umd-maryland_hotel1,47,48,0.018229166666666612,0.08833333333333333,0.0
sun3d-hotel_umd-maryland_hotel1,47,56,-0.0455729166666665,0.054833333333333324,0.0
sun3d-hotel_umd-maryland_hotel1,48,49,0.0885416666666663,0.10283333333333333,0.0
sun3d-hotel_umd-maryland_hotel1,49,54,-0.11458333333333287,-0.06816666666666668,-0.6666666666666666
sun3d-hotel_umd-maryland_hotel1,50,55,-0.0026041666666666665,0.083,0.0
sun3d-hotel_umd-maryland_hotel1,51,55,-0.08984374999999965,0.01949999999999998,0.0
sun3d-hotel_umd-maryland_hotel1,52,53,-0.052083333333333176,-0.017166666666666667,0.0
sun3d-hotel_umd-maryland_hotel1,52,54,-0.0273437499999999,-0.021500000000000002,0.0
sun3d-hotel_umd-maryland_hotel1,54,55,-0.06380208333333309,-0.012500000000000002,0.0
sun3d-hotel_umd-maryland_hotel3,0,11,-0.003906250000000037,0.09833333333333334,0.0
sun3d-hotel_umd-maryland_hotel3,0,27,-0.0039062499999999666,0.0011666666666666663,0.0
sun3d-hotel_umd-maryland_hotel3,1,11,0.03515624999999989,0.0615,0.3333333333333333
sun3d-hotel_umd-maryland_hotel3,1,12,0.01302083333333326,0.11416666666666668,0.0
sun3d-hotel_umd-maryland_hotel3,1,13,0.05468749999999978,0.1501666666666667,0.0
sun3d-hotel_umd-maryland_hotel3,3,5,-0.0013020833333332593,0.041166666666666685,0.0
sun3d-hotel_umd-maryland_hotel3,5,7,0.011718749999999964,0.08383333333333332,0.0
sun3d-hotel_umd-maryland_hotel3,8,14,-0.02864583333333322,0.0653333333333334,0.0
sun3d-hotel_umd-maryland_hotel3,8,16,0.014322916666666593,0.11033333333333332,0.0
sun3d-hotel_umd-maryland_hotel3,9,10,0.016927083333333332,0.08183333333333331,0.0
sun3d-hotel_umd-maryland_hotel3,9,15,0.010416666666666519,0.05349999999999999,0.0
sun3d-hotel_umd-maryland_hotel3,9,16,-0.04557291666666652,0.05533333333333331,0.0
sun3d-hotel_umd-maryland_hotel3,10,11,0.03906249999999978,0.11833333333333336,0.0
sun3d-hotel_umd-maryland_hotel3,10,13,0.02343749999999989,0.12633333333333333,0.0
sun3d-hotel_umd-maryland_hotel3,10,17,0.020833333333333277,0.128,0.0
sun3d-hotel_umd-maryland_hotel3,11,14,-0.010416666666666519,0.11216666666666664,0.0
sun3d-hotel_umd-maryland_hotel3,11,27,-0.0091145833333333,0.0023333333333333335,0.0
sun3d-hotel_umd-maryland_hotel3,12,27,0.0013020833333333333,-0.001,0.0
sun3d-hotel_umd-maryland_hotel3,13,14,0.003906249999999963,0.1226666666666667,0.0
sun3d-hotel_umd-maryland_hotel3,13,27,-0.00390625,0.002666666666666666,0.0
sun3d-hotel_umd-maryland_hotel3,14,16,-0.04817708333333307,0.040000000000000015,0.0
sun3d-hotel_umd-maryland_hotel3,14,17,0.062499999999999806,0.04883333333333334,-0.3333333333333333
sun3d-hotel_umd-maryland_hotel3,16,18,0.02083333333333326,0.1225,0.0
sun3d-hotel_umd-maryland_hotel3,16,19,-0.0013020833333333333,0.08916666666666667,0.0
sun3d-hotel_umd-maryland_hotel3,18,20,0.015624999999999964,0.1586666666666667,0.0
sun3d-hotel_umd-maryland_hotel3,20,33,0.020833333333333266,0.0028333333333333314,0.0
sun3d-hotel_umd-maryland_hotel3,20,34,-0.04166666666666651,-0.050666666666666665,-0.3333333333333333
sun3d-hotel_umd-maryland_hotel3,20,36,-0.0026041666666667003,-0.004,0.0
sun3d-hotel_umd-maryland_hotel3,21,24,-0.011718749999999964,0.08266666666666667,0.0
sun3d-hotel_umd-maryland_hotel3,21,29,-0.0013020833333333333,0.08283333333333336,0.0
sun3d-hotel_umd-maryland_hotel3,21,30,0.05208333333333315,0.1256666666666667,0.0
sun3d-hotel_umd-maryland_hotel3,21,31,-0.009114583333333296,0.07633333333333336,0.0
sun3d-hotel_umd-maryland_hotel3,22,24,0.0026041666666666665,0.08916666666666669,0.0
sun3d-hotel_umd-maryland_hotel3,22,27,-0.06901041666666642,0.02833333333333336,0.0
sun3d-hotel_umd-maryland_hotel3,22,30,0.06770833333333315,0.10066666666666668,0.0
sun3d-hotel_umd-maryland_hotel3,22,31,0.0026041666666666665,0.09533333333333334,0.0
sun3d-hotel_umd-maryland_hotel3,23,24,-0.00911458333333326,0.07499999999999996,0.0
sun3d-hotel_umd-maryland_hotel3,23,27,0.01041666666666663,0.08133333333333326,0.0
sun3d-hotel_umd-maryland_hotel3,24,25,0.0846354166666663,0.12733333333333335,0.0
sun3d-hotel_umd-maryland_hotel3,24,30,0.0963541666666663,0.12083333333333333,0.3333333333333333
sun3d-hotel_umd-maryland_hotel3,25,26,-0.04427083333333317,-0.04883333333333334,0.0
sun3d-hotel_umd-maryland_hotel3,25,28,0.031249999999999823,0.034833333333333334,0.0
sun3d-hotel_umd-maryland_hotel3,27,28,-0.03776041666666652,0.0463333333333333,0.0
sun3d-hotel_umd-maryland_hotel3,28,31,0.0026041666666666665,0.09783333333333329,0.0
sun3d-hotel_umd-maryland_hotel3,29,31,0.0026041666666666483,0.01883333333333334,0.0
sun3d-hotel_umd-maryland_hotel3,30,32,-0.00390625,0.14066666666666663,0.0
sun3d-hotel_umd-maryland_hotel3,30,33,-0.05598958333333309,0.002999999999999984,-0.3333333333333333
sun3d-hotel_umd-maryland_hotel3,31,35,0.04947916666666647,0.07083333333333335,0.0
sun3d-hotel_umd-maryland_hotel3,31,36,0.02213541666666659,0.06883333333333334,0.0
sun3d-mit_76_studyroom-76-1studyroom2,0,3,0.00390625,0.08766666666666671,0.0
sun3d-mit_76_studyroom-76-1studyroom2,0,8,0.033854166666666484,0.08183333333333336,0.0
sun3d-mit_76_studyroom-76-1studyroom2,0,18,0.0403645833333332,0.015500000000000002,0.0
sun3d-mit_76_studyroom-76-1studyroom2,0,19,-0.0455729166666665,0.007666666666666659,0.0
sun3d-mit_76_studyroom-76-1studyroom2,0,21,0.05078124999999981,0.09949999999999999,0.0
sun3d-mit_76_studyroom-76-1studyroom2,0,22,0.0026041666666666297,0.12100000000000001,0.0
sun3d-mit_76_studyroom-76-1studyroom2,0,33,-0.00390625,0.06366666666666665,0.0
sun3d-mit_76_studyroom-76-1studyroom2,0,39,-0.0013020833333332999,0.0,0.0
sun3d-mit_76_studyroom-76-1studyroom2,0,44,-0.0677083333333331,-0.09149999999999998,0.0
sun3d-mit_76_studyroom-76-1studyroom2,0,45,0.009114583333333296,0.09399999999999997,0.0
sun3d-mit_76_studyroom-76-1studyroom2,0,50,0.00651041666666663,0.0681666666666666,0.0
sun3d-mit_76_studyroom-76-1studyroom2,0,51,0.007812499999999963,0.07733333333333335,0.0
sun3d-mit_76_studyroom-76-1studyroom2,0,64,0.005208333333333331,0.0,0.0
sun3d-mit_76_studyroom-76-1studyroom2,1,8,0.01822916666666663,0.08416666666666665,0.0
sun3d-mit_76_studyroom-76-1studyroom2,1,19,0.009114583333333334,0.023000000000000003,0.3333333333333333
sun3d-mit_76_studyroom-76-1studyroom2,1,20,-0.029947916666666557,0.06116666666666668,0.0
sun3d-mit_76_studyroom-76-1studyroom2,1,21,0.042968749999999854,0.09749999999999999,0.0
sun3d-mit_76_studyroom-76-1studyroom2,1,22,-0.0078125,0.11149999999999999,0.0
sun3d-mit_76_studyroom-76-1studyroom2,1,33,0.0026041666666666297,0.07766666666666665,0.0
sun3d-mit_76_studyroom-76-1studyroom2,1,39,0.0,-0.00016666666666666666,0.0
sun3d-mit_76_studyroom-76-1studyroom2,1,44,0.011718749999999967,0.02516666666666667,0.0
sun3d-mit_76_studyroom-76-1studyroom2,1,50,0.0013020833333333333,0.07333333333333336,0.0
sun3d-mit_76_studyroom-76-1studyroom2,1,51,0.006510416666666667,0.0628333333333333,0.0
sun3d-mit_76_studyroom-76-1studyroom2,1,64,-0.0026041666666666665,0.0,0.0
sun3d-mit_76_studyroom-76-1studyroom2,2,4,0.016927083333333263,0.0033333333333333335,0.0
sun3d-mit_76_studyroom-76-1studyroom2,2,21,0.14713541666666607,0.15533333333333332,0.6666666666666666
sun3d-mit_76_studyroom-76-1studyroom2,2,34,-0.02734374999999985,0.1163333333333334,0.0
sun3d-mit_76_studyroom-76-1studyroom2,2,43,0.0013020833333332999,0.0,0.0
sun3d-mit_76_studyroom-76-1studyroom2,2,51,-0.011718749999999964,0.07933333333333335,0.0
sun3d-mit_76_studyroom-76-1studyroom2,3,8,-0.028645833333333186,0.027500000000000042,0.0
sun3d-mit_76_studyroom-76-1studyroom2,3,35,0.01953124999999989,0.09749999999999999,0.0
sun3d-mit_76_studyroom-76-1studyroom2,3,36,0.04947916666666644,0.13516666666666666,0.0
sun3d-mit_76_studyroom-76-1studyroom2,3,37,0.02343749999999989,0.11516666666666668,0.0
sun3d-mit_76_studyroom-76-1studyroom2,3,41,0.08333333333333294,0.11249999999999999,0.6666666666666666
sun3d-mit_76_studyroom-76-1studyroom2,3,42,0.09114583333333297,0.079,0.6666666666666666
sun3d-mit_76_studyroom-76-1studyroom2,4,6,0.010416666666666604,0.016999999999999998,0.0
sun3d-mit_76_studyroom-76-1studyroom2,4,7,0.003906249999999934,-0.0026666666666666666,0.0
sun3d-mit_76_studyroom-76-1studyroom2,4,38,-0.0013020833333332999,-0.00016666666666666666,0.0
sun3d-mit_76_studyroom-76-1studyroom2,4,45,0.0,0.0,0.0
sun3d-mit_76_studyroom-76-1studyroom2,4,49,-0.0013020833333332999,0.0,0.0
sun3d-mit_76_studyroom-76-1studyroom2,5,8,-0.031249999999999927,0.08566666666666668,0.0
sun3d-mit_76_studyroom-76-1studyroom2,5,34,0.014322916666666593,0.10699999999999998,0.0
sun3d-mit_76_studyroom-76-1studyroom2,5,35,0.0013020833333333703,0.08399999999999998,0.0
sun3d-mit_76_studyroom-76-1studyroom2,5,36,0.02473958333333322,0.10916666666666668,0.0
sun3d-mit_76_studyroom-76-1studyroom2,5,41,-0.03385416666666654,-0.005499999999999977,0.0
sun3d-mit_76_studyroom-76-1studyroom2,5,42,-0.095052083333333,-0.022666666666666686,0.0
sun3d-mit_76_studyroom-76-1studyroom2,5,50,-0.00651041666666663,0.04650000000000001,0.0
sun3d-mit_76_studyroom-76-1studyroom2,6,34,0.014322916666666593,0.12433333333333337,0.0
sun3d-mit_76_studyroom-76-1studyroom2,6,40,0.0,0.0003333333333333333,0.0
sun3d-mit_76_studyroom-76-1studyroom2,6,43,-0.06380208333333309,-0.011999999999999999,0.0
sun3d-mit_76_studyroom-76-1studyroom2,6,50,-0.036458333333333225,0.043166666666666687,0.0
sun3d-mit_76_studyroom-76-1studyroom2,6,51,-0.007812499999999963,0.1125,0.0
sun3d-mit_76_studyroom-76-1studyroom2,7,34,0.011718749999999964,0.128,0.0
sun3d-mit_76_studyroom-76-1studyroom2,7,40,-0.016927083333333235,0.012333333333333335,0.0
sun3d-mit_76_studyroom-76-1studyroom2,7,43,-0.05338541666666643,-0.013666666666666667,0.0
sun3d-mit_76_studyroom-76-1studyroom2,8,9,-0.05859374999999976,-0.005499999999999968,0.0
sun3d-mit_76_studyroom-76-1studyroom2,8,10,0.014322916666666621,0.04466666666666663,0.3333333333333333
sun3d-mit_76_studyroom-76-1studyroom2,8,34,0.0,0.11200000000000003,0.0
sun3d-mit_76_studyroom-76-1studyroom2,8,35,-0.007812499999999963,0.0813333333333333,0.0
sun3d-mit_76_studyroom-76-1studyroom2,8,36,0.048177083333333114,0.09566666666666668,0.0
sun3d-mit_76_studyroom-76-1studyroom2,8,52,-0.05598958333333309,0.06483333333333331,0.0
sun3d-mit_76_studyroom-76-1studyroom2,8,53,0.02473958333333325,0.07483333333333335,0.0
sun3d-mit_76_studyroom-76-1studyroom2,8,55,0.0026041666666666665,0.06,0.3333333333333333
sun3d-mit_76_studyroom-76-1studyroom2,9,12,0.029947916666666557,0.10733333333333334,0.0
sun3d-mit_76_studyroom-76-1studyroom2,9,36,0.028645833333333204,-0.0013333333333333346,0.0
sun3d-mit_76_studyroom-76-1studyroom2,9,37,0.020833333333333242,-0.02483333333333333,0.0
sun3d-mit_76_studyroom-76-1studyroom2,9,38,-0.02994791666666659,0.10066666666666668,0.0
sun3d-mit_76_studyroom-76-1studyroom2,9,39,0.05598958333333307,0.13783333333333336,0.0
sun3d-mit_76_studyroom-76-1studyroom2,9,50,0.011718749999999944,0.05116666666666664,0.0
sun3d-mit_76_studyroom-76-1studyroom2,9,54,-0.1236979166666662,-0.052833333333333336,0.0
sun3d-mit_76_studyroom-76-1studyroom2,9,56,0.19401041666666594,0.22516666666666665,0.3333333333333333
sun3d-mit_76_studyroom-76-1studyroom2,10,13,0.031249999999999844,0.031999999999999994,0.3333333333333333
sun3d-mit_76_studyroom-76-1studyroom2,10,37,-0.0013020833333333333,-0.029833333333333337,0.0
sun3d-mit_76_studyroom-76-1studyroom2,10,39,-0.006510416666666667,0.06416666666666666,0.0
sun3d-mit_76_studyroom-76-1studyroom2,10,56,0.11328124999999957,0.13733333333333334,0.0
sun3d-mit_76_studyroom-76-1studyroom2,11,13,0.023437499999999934,-0.025499999999999995,0.6666666666666666
sun3d-mit_76_studyroom-76-1studyroom2,11,51,-0.009114583333333296,0.05616666666666666,0.0
sun3d-mit_76_studyroom-76-1studyroom2,11,56,-0.00390625,0.023499999999999993,0.0
sun3d-mit_76_studyroom-76-1studyroom2,12,14,0.0013020833333333333,0.07516666666666665,0.0
sun3d-mit_76_studyroom-76-1studyroom2,12,15,-0.03776041666666655,0.04083333333333335,0.0
sun3d-mit_76_studyroom-76-1studyroom2,12,51,-0.011718749999999964,0.035666666666666645,-0.6666666666666666
sun3d-mit_76_studyroom-76-1studyroom2,12,52,0.010416666666666593,0.07733333333333332,0.0
sun3d-mit_76_studyroom-76-1studyroom2,12,57,-0.01041666666666663,0.03666666666666666,0.0
sun3d-mit_76_studyroom-76-1studyroom2,13,53,-0.02083333333333326,-0.010166666666666666,0.0
sun3d-mit_76_studyroom-76-1studyroom2,13,58,0.0078125,0.0,0.0
sun3d-mit_76_studyroom-76-1studyroom2,14,18,-0.02343749999999989,0.022166666666666668,0.0
sun3d-mit_76_studyroom-76-1studyroom2,14,55,0.01822916666666659,0.08350000000000003,0.0
sun3d-mit_76_studyroom-76-1studyroom2,14,61,-0.005208333333333332,-0.0014999999999999998,0.0
sun3d-mit_76_studyroom-76-1studyroom2,14,62,-0.02473958333333322,-0.020833333333333343,-1.0
sun3d-mit_76_studyroom-76-1studyroom2,14,63,0.005208333333333315,-0.010833333333333353,0.0
sun3d-mit_76_studyroom-76-1studyroom2,15,16,-0.01822916666666663,0.09149999999999998,0.0
sun3d-mit_76_studyroom-76-1studyroom2,15,17,0.04817708333333318,0.11399999999999999,0.0
sun3d-mit_76_studyroom-76-1studyroom2,15,19,0.0013020833333333333,0.06283333333333334,0.0
sun3d-mit_76_studyroom-76-1studyroom2,15,55,-0.02734374999999989,0.04299999999999995,0.0
sun3d-mit_76_studyroom-76-1studyroom2,15,60,-0.07812499999999974,0.002666666666666669,-0.3333333333333333
sun3d-mit_76_studyroom-76-1studyroom2,15,61,-0.11848958333333287,-0.010166666666666638,-0.3333333333333333
sun3d-mit_76_studyroom-76-1studyroom2,15,63,-0.12369791666666619,-0.09449999999999996,-0.3333333333333333
sun3d-mit_76_studyroom-76-1studyroom2,15,64,-0.12499999999999951,-0.06700000000000002,-0.3333333333333333
sun3d-mit_76_studyroom-76-1studyroom2,16,18,0.013020833333333334,0.09583333333333337,0.0
sun3d-mit_76_studyroom-76-1studyroom2,16,19,-0.0026041666666666483,0.06199999999999998,0.0
sun3d-mit_76_studyroom-76-1studyroom2,16,57,0.02734374999999985,0.06033333333333335,0.0
sun3d-mit_76_studyroom-76-1studyroom2,16,58,-0.0026041666666666665,0.07016666666666667,0.3333333333333333
sun3d-mit_76_studyroom-76-1studyroom2,16,61,-0.016927083333333287,0.019666666666666666,-0.3333333333333333
sun3d-mit_76_studyroom-76-1studyroom2,16,62,0.03385416666666653,0.002666666666666668,-0.3333333333333333
sun3d-mit_76_studyroom-76-1studyroom2,16,63,0.014322916666666597,0.001833333333333335,0.0
sun3d-mit_76_studyroom-76-1studyroom2,16,64,0.05598958333333313,0.06249999999999999,0.0
sun3d-mit_76_studyroom-76-1studyroom2,17,20,0.010416666666666602,0.0555,0.3333333333333333
sun3d-mit_76_studyroom-76-1studyroom2,17,57,0.046874999999999827,0.07833333333333334,0.0
sun3d-mit_76_studyroom-76-1studyroom2,17,58,0.019531249999999962,0.035333333333333335,0.0
sun3d-mit_76_studyroom-76-1studyroom2,17,61,0.0013020833333332999,0.000833333333333334,0.0
sun3d-mit_76_studyroom-76-1studyroom2,17,62,0.0234374999999999,0.020500000000000004,0.3333333333333333
sun3d-mit_76_studyroom-76-1studyroom2,17,63,0.041666666666666546,0.009166666666666665,0.3333333333333333
sun3d-mit_76_studyroom-76-1studyroom2,17,65,0.07421874999999972,0.09233333333333334,0.0
sun3d-mit_76_studyroom-76-1studyroom2,18,21,0.002604166666666704,0.11033333333333334,0.0
sun3d-mit_76_studyroom-76-1studyroom2,18,34,-0.06640624999999978,-0.08716666666666667,-0.3333333333333333
sun3d-mit_76_studyroom-76-1studyroom2,18,56,-0.013020833333333232,-0.0018333333333333337,0.0
sun3d-mit_76_studyroom-76-1studyroom2,18,57,-0.01692708333333326,0.016999999999999998,0.0
sun3d-mit_76_studyroom-76-1studyroom2,18,58,0.10807291666666623,0.1855,0.3333333333333333
sun3d-mit_76_studyroom-76-1studyroom2,18,61,-0.1054687499999996,0.037666666666666675,-0.3333333333333333
sun3d-mit_76_studyroom-76-1studyroom2,18,65,0.5286458333333313,0.46566666666666673,0.6666666666666666
sun3d-mit_76_studyroom-76-1studyroom2,19,22,0.011718749999999964,0.03733333333333333,0.0
sun3d-mit_76_studyroom-76-1studyroom2,19,23,0.01041666666666663,0.10716666666666667,0.0
sun3d-mit_76_studyroom-76-1studyroom2,19,24,-0.0533854166666664,-0.005166666666666667,0.0
sun3d-mit_76_studyroom-76-1studyroom2,19,33,-0.0273437499999999,-0.04783333333333334,0.0
sun3d-mit_76_studyroom-76-1studyroom2,19,34,0.19921874999999922,0.12799999999999997,0.3333333333333333
sun3d-mit_76_studyroom-76-1studyroom2,19,62,-0.1888020833333326,-0.10933333333333332,-1.0
sun3d-mit_76_studyroom-76-1studyroom2,20,24,-0.05468749999999977,-0.034833333333333334,-0.3333333333333333
sun3d-mit_76_studyroom-76-1studyroom2,20,25,0.0,0.0,0.0
sun3d-mit_76_studyroom-76-1studyroom2,20,32,0.027343749999999865,0.014333333333333332,0.0
sun3d-mit_76_studyroom-76-1studyroom2,20,33,0.02604166666666659,0.044500000000000005,0.0
sun3d-mit_76_studyroom-76-1studyroom2,20,35,0.02083333333333326,0.03500000000000005,0.0
sun3d-mit_76_studyroom-76-1studyroom2,20,63,-0.009114583333333315,-0.002166666666666664,0.0
sun3d-mit_76_studyroom-76-1studyroom2,21,25,0.0,0.0,0.0
sun3d-mit_76_studyroom-76-1studyroom2,21,32,0.0026041666666666336,0.0065,0.0
sun3d-mit_76_studyroom-76-1studyroom2,21,35,0.036458333333333225,0.09216666666666669,0.0
sun3d-mit_76_studyroom-76-1studyroom2,21,47,0.023437499999999944,0.027999999999999994,0.0
sun3d-mit_76_studyroom-76-1studyroom2,21,48,0.05729166666666646,0.064,0.0
sun3d-mit_76_studyroom-76-1studyroom2,21,63,0.014322916666666593,0.0055000000000000005,0.0
sun3d-mit_76_studyroom-76-1studyroom2,21,64,0.11067708333333288,0.10233333333333333,0.3333333333333333
sun3d-mit_76_studyroom-76-1studyroom2,21,65,0.083333333333333,0.11183333333333334,0.0
sun3d-mit_76_studyroom-76-1studyroom2,22,25,-0.02083333333333326,-0.0011666666666666676,0.0
sun3d-mit_76_studyroom-76-1studyroom2,22,26,0.05208333333333313,0.028333333333333335,-0.3333333333333333
sun3d-mit_76_studyroom-76-1studyroom2,22,27,0.023437499999999934,-0.025666666666666667,0.0
sun3d-mit_76_studyroom-76-1studyroom2,22,32,-0.07291666666666637,-0.041,0.0
sun3d-mit_76_studyroom-76-1studyroom2,22,35,-0.003906249999999963,0.11800000000000004,0.0
sun3d-mit_76_studyroom-76-1studyroom2,22,48,0.02213541666666659,0.035500000000000004,0.0
sun3d-mit_76_studyroom-76-1studyroom2,22,64,-0.027343749999999892,0.0006666666666666666,0.0
sun3d-mit_76_studyroom-76-1studyroom2,23,26,0.1236979166666662,0.08616666666666667,1.0
sun3d-mit_76_studyroom-76-1studyroom2,23,28,0.011718749999999932,0.0023333333333333335,0.0
sun3d-mit_76_studyroom-76-1studyroom2,23,31,-0.0013020833333333333,0.0,0.0
sun3d-mit_76_studyroom-76-1studyroom2,23,34,0.14192708333333273,0.13750000000000004,0.0
sun3d-mit_76_studyroom-76-1studyroom2,23,64,0.05989583333333314,0.03133333333333333,0.3333333333333333
sun3d-mit_76_studyroom-76-1studyroom2,24,28,0.09374999999999963,0.1236666666666667,0.0
sun3d-mit_76_studyroom-76-1studyroom2,24,29,0.023437499999999927,0.08233333333333333,0.0
sun3d-mit_76_studyroom-76-1studyroom2,24,31,0.02083333333333326,0.1128333333333333,0.0
sun3d-mit_76_studyroom-76-1studyroom2,24,34,-0.05078124999999983,0.042666666666666686,-0.3333333333333333
sun3d-mit_76_studyroom-76-1studyroom2,24,65,-0.1458333333333328,-0.0625,0.0
sun3d-mit_76_studyroom-76-1studyroom2,25,29,-0.01692708333333326,0.046166666666666654,0.0
sun3d-mit_76_studyroom-76-1studyroom2,25,31,0.009114583333333334,0.10699999999999998,0.0
sun3d-mit_76_studyroom-76-1studyroom2,26,28,0.02083333333333311,0.039,0.0
sun3d-mit_76_studyroom-76-1studyroom2,26,33,0.04036458333333318,0.12683333333333335,0.0
sun3d-mit_76_studyroom-76-1studyroom2,27,29,0.026041666666666446,0.052166666666666694,0.0
sun3d-mit_76_studyroom-76-1studyroom2,27,30,0.015625000000000038,0.08433333333333333,0.0
sun3d-mit_76_studyroom-76-1studyroom2,27,31,0.013020833333333334,0.06233333333333332,0.0
sun3d-mit_76_studyroom-76-1studyroom2,28,33,-0.0013020833333333333,0.04900000000000001,0.0
sun3d-mit_76_studyroom-76-1studyroom2,30,32,-0.26953124999999895,-0.17766666666666667,-0.3333333333333333
sun3d-mit_76_studyroom-76-1studyroom2,33,34,-0.1432291666666661,-0.0688333333333333,0.0
sun3d-mit_76_studyroom-76-1studyroom2,33,65,-0.0364583333333332,-0.006333333333333336,0.0
sun3d-mit_76_studyroom-76-1studyroom2,34,36,-0.015624999999999853,0.08483333333333336,0.0
sun3d-mit_76_studyroom-76-1studyroom2,34,37,0.014322916666666593,0.0813333333333333,0.0
sun3d-mit_76_studyroom-76-1studyroom2,34,38,0.013020833333333334,0.13650000000000004,0.0
sun3d-mit_76_studyroom-76-1studyroom2,34,46,-0.005208333333333259,0.06166666666666668,0.0
sun3d-mit_76_studyroom-76-1studyroom2,34,47,0.015624999999999964,0.04949999999999999,0.0
sun3d-mit_76_studyroom-76-1studyroom2,34,48,-0.024739583333333186,0.06533333333333335,0.0
sun3d-mit_76_studyroom-76-1studyroom2,34,49,-0.0078125,0.09933333333333334,0.0
sun3d-mit_76_studyroom-76-1studyroom2,34,63,0.02083333333333327,0.020333333333333335,0.0
sun3d-mit_76_studyroom-76-1studyroom2,34,64,-0.016927083333333273,-0.009166666666666665,0.0
sun3d-mit_76_studyroom-76-1studyroom2,35,39,-0.0338541666666665,-0.0305,0.0
sun3d-mit_76_studyroom-76-1studyroom2,35,44,-0.09895833333333297,-0.12066666666666666,0.0
sun3d-mit_76_studyroom-76-1studyroom2,35,50,0.032552083333333294,0.08183333333333331,0.0
sun3d-mit_76_studyroom-76-1studyroom2,35,51,0.049479166666666484,0.08999999999999998,0.0
sun3d-mit_76_studyroom-76-1studyroom2,35,52,0.09114583333333294,0.12883333333333333,0.6666666666666666
sun3d-mit_76_studyroom-76-1studyroom2,36,44,0.022135416666666557,0.0016666666666666496,0.0
sun3d-mit_76_studyroom-76-1studyroom2,36,50,0.022135416666666557,0.05983333333333333,0.0
sun3d-mit_76_studyroom-76-1studyroom2,36,51,0.05338541666666646,0.08083333333333331,0.0
sun3d-mit_76_studyroom-76-1studyroom2,36,52,0.028645833333333193,0.004000000000000001,-0.3333333333333333
sun3d-mit_76_studyroom-76-1studyroom2,36,53,0.09895833333333288,0.002333333333333333,0.0
sun3d-mit_76_studyroom-76-1studyroom2,37,44,-0.015624999999999925,-0.02016666666666665,0.0
sun3d-mit_76_studyroom-76-1studyroom2,37,50,0.02734374999999989,0.06899999999999999,0.0
sun3d-mit_76_studyroom-76-1studyroom2,37,51,0.04427083333333313,0.08166666666666665,0.0
sun3d-mit_76_studyroom-76-1studyroom2,37,52,0.06901041666666641,0.02466666666666666,0.0
sun3d-mit_76_studyroom-76-1studyroom2,37,53,-0.003906250000000028,-0.003333333333333336,0.3333333333333333
sun3d-mit_76_studyroom-76-1studyroom2,38,40,0.0026041666666665997,0.0018333333333333333,0.0
sun3d-mit_76_studyroom-76-1studyroom2,38,43,-0.0026041666666666336,-0.004833333333333334,0.0
sun3d-mit_76_studyroom-76-1studyroom2,38,51,0.035156249999999854,0.11083333333333334,0.0
sun3d-mit_76_studyroom-76-1studyroom2,38,52,0.028645833333333204,0.15433333333333332,0.0
sun3d-mit_76_studyroom-76-1studyroom2,39,41,0.06640624999999975,0.043500000000000004,0.3333333333333333
sun3d-mit_76_studyroom-76-1studyroom2,39,42,0.2148437499999992,0.14833333333333334,0.0
sun3d-mit_76_studyroom-76-1studyroom2,39,48,-0.05989583333333307,-0.008666666666666665,0.3333333333333333
sun3d-mit_76_studyroom-76-1studyroom2,39,49,0.039062499999999854,0.1353333333333333,0.0
sun3d-mit_76_studyroom-76-1studyroom2,39,50,0.02213541666666663,0.07433333333333329,0.0
sun3d-mit_76_studyroom-76-1studyroom2,39,51,0.13541666666666616,0.2085,0.0
sun3d-mit_76_studyroom-76-1studyroom2,39,52,0.09895833333333297,0.18033333333333335,0.0
sun3d-mit_76_studyroom-76-1studyroom2,39,53,0.06249999999999978,0.09633333333333333,0.0
sun3d-mit_76_studyroom-76-1studyroom2,40,45,0.0,0.0,0.0
sun3d-mit_76_studyroom-76-1studyroom2,40,46,0.0013020833333332999,0.0,0.0
sun3d-mit_76_studyroom-76-1studyroom2,40,47,0.03906249999999983,0.01,0.0
sun3d-mit_76_studyroom-76-1studyroom2,40,48,-0.0013020833333332999,0.0,0.0
sun3d-mit_76_studyroom-76-1studyroom2,40,49,0.0026041666666665997,0.0003333333333333333,0.0
sun3d-mit_76_studyroom-76-1studyroom2,41,44,0.0013020833333333333,0.0013333333333333337,0.0
sun3d-mit_76_studyroom-76-1studyroom2,42,44,0.013020833333333266,0.0025,0.0
sun3d-mit_76_studyroom-76-1studyroom2,43,45,0.0,0.0,0.0
sun3d-mit_76_studyroom-76-1studyroom2,43,46,0.0,0.0,0.0
sun3d-mit_76_studyroom-76-1studyroom2,43,47,0.03645833333333317,0.0165,0.0
sun3d-mit_76_studyroom-76-1studyroom2,43,48,-0.006510416666666633,-0.00016666666666666666,0.0
sun3d-mit_76_studyroom-76-1studyroom2,44,48,0.11458333333333288,0.13116666666666668,0.0
sun3d-mit_76_studyroom-76-1studyroom2,44,51,-0.02083333333333326,0.0735,0.0
sun3d-mit_76_studyroom-76-1studyroom2,47,50,0.03906249999999989,0.09500000000000004,0.0
sun3d-mit_76_studyroom-76-1studyroom2,48,50,0.019531249999999927,0.08633333333333333,0.0
sun3d-mit_76_studyroom-76-1studyroom2,49,51,0.05729166666666641,0.14333333333333334,0.0
sun3d-mit_76_studyroom-76-1studyroom2,50,52,-0.015624999999999925,0.022333333333333334,0.0
sun3d-mit_76_studyroom-76-1studyroom2,51,55,-0.02343749999999985,0.03100000000000001,0.0
sun3d-mit_76_studyroom-76-1studyroom2,51,56,0.10546874999999957,0.11549999999999998,0.6666666666666666
sun3d-mit_76_studyroom-76-1studyroom2,52,54,0.006510416666666592,0.014000000000000012,0.0
sun3d-mit_76_studyroom-76-1studyroom2,52,56,0.174479166666666,0.156,0.3333333333333333
sun3d-mit_76_studyroom-76-1studyroom2,53,56,0.05338541666666643,0.00650000000000001,0.0
sun3d-mit_76_studyroom-76-1studyroom2,54,56,0.10156249999999957,0.10316666666666667,0.3333333333333333
sun3d-mit_76_studyroom-76-1studyroom2,55,57,0.023437499999999927,0.04250000000000002,0.0
sun3d-mit_76_studyroom-76-1studyroom2,57,59,0.07812499999999974,0.04933333333333334,0.3333333333333333
sun3d-mit_76_studyroom-76-1studyroom2,57,60,-0.020833333333333235,-0.0043333333333333375,-0.3333333333333333
sun3d-mit_76_studyroom-76-1studyroom2,57,61,0.17968749999999933,0.18216666666666667,0.3333333333333333
sun3d-mit_76_studyroom-76-1studyroom2,57,62,0.2786458333333322,0.206,0.6666666666666666
sun3d-mit_76_studyroom-76-1studyroom2,57,63,0.032552083333333225,0.056499999999999995,-0.3333333333333333
sun3d-mit_76_studyroom-76-1studyroom2,58,62,0.12630208333333282,0.17683333333333331,0.0
sun3d-mit_76_studyroom-76-1studyroom2,58,63,0.02473958333333322,0.09316666666666669,0.0
sun3d-mit_76_studyroom-76-1studyroom2,59,63,0.011718749999999853,0.08616666666666666,0.0
sun3d-mit_76_studyroom-76-1studyroom2,60,64,-0.06640624999999974,0.012333333333333344,0.0
sun3d-mit_76_studyroom-76-1studyroom2,61,64,-0.11458333333333293,0.005833333333333339,0.0
sun3d-mit_76_studyroom-76-1studyroom2,62,65,-0.057291666666666435,-0.04699999999999999,0.0
sun3d-mit_76_studyroom-76-1studyroom2,63,65,-0.0937499999999996,-0.02266666666666667,-0.3333333333333333
sun3d-mit_lab_hj-lab_hj_tea_nov_2_2012_scan1_erika,0,2,0.0729166666666664,0.05583333333333334,0.3333333333333333
sun3d-mit_lab_hj-lab_hj_tea_nov_2_2012_scan1_erika,0,6,0.13932291666666616,0.07183333333333335,1.0
sun3d-mit_lab_hj-lab_hj_tea_nov_2_2012_scan1_erika,0,7,-0.014322916666666602,-0.02266666666666667,-0.3333333333333333
sun3d-mit_lab_hj-lab_hj_tea_nov_2_2012_scan1_erika,0,11,0.027343749999999906,0.10716666666666667,0.0
sun3d-mit_lab_hj-lab_hj_tea_nov_2_2012_scan1_erika,0,24,0.036458333333333225,0.024499999999999994,-0.6666666666666666
sun3d-mit_lab_hj-lab_hj_tea_nov_2_2012_scan1_erika,0,26,0.0013020833333333148,0.011833333333333335,0.0
sun3d-mit_lab_hj-lab_hj_tea_nov_2_2012_scan1_erika,1,5,0.00390625,0.09550000000000003,0.0
sun3d-mit_lab_hj-lab_hj_tea_nov_2_2012_scan1_erika,1,7,0.09244791666666628,0.06316666666666665,0.3333333333333333
sun3d-mit_lab_hj-lab_hj_tea_nov_2_2012_scan1_erika,1,26,0.013020833333333278,0.05583333333333334,0.3333333333333333
sun3d-mit_lab_hj-lab_hj_tea_nov_2_2012_scan1_erika,2,6,0.011718749999999925,0.030666666666666693,0.0
sun3d-mit_lab_hj-lab_hj_tea_nov_2_2012_scan1_erika,2,7,0.009114583333333296,0.05349999999999999,0.0
sun3d-mit_lab_hj-lab_hj_tea_nov_2_2012_scan1_erika,2,9,0.009114583333333296,0.08366666666666667,0.0
sun3d-mit_lab_hj-lab_hj_tea_nov_2_2012_scan1_erika,2,28,0.028645833333333186,0.09349999999999999,0.0
sun3d-mit_lab_hj-lab_hj_tea_nov_2_2012_scan1_erika,2,30,0.0455729166666665,0.014833333333333336,0.0
sun3d-mit_lab_hj-lab_hj_tea_nov_2_2012_scan1_erika,3,5,0.007812499999999926,0.04616666666666661,0.0
sun3d-mit_lab_hj-lab_hj_tea_nov_2_2012_scan1_erika,3,6,-0.00651041666666663,0.014666666666666642,0.0
sun3d-mit_lab_hj-lab_hj_tea_nov_2_2012_scan1_erika,3,7,0.035156249999999854,0.04583333333333336,0.0
sun3d-mit_lab_hj-lab_hj_tea_nov_2_2012_scan1_erika,3,8,-0.05989583333333304,0.04533333333333334,0.0
sun3d-mit_lab_hj-lab_hj_tea_nov_2_2012_scan1_erika,3,30,0.014322916666666567,0.0006666666666666666,0.0
sun3d-mit_lab_hj-lab_hj_tea_nov_2_2012_scan1_erika,4,7,0.039062499999999854,0.06283333333333334,0.0
sun3d-mit_lab_hj-lab_hj_tea_nov_2_2012_scan1_erika,4,8,-0.02473958333333322,0.07316666666666664,0.0
sun3d-mit_lab_hj-lab_hj_tea_nov_2_2012_scan1_erika,5,9,-0.0026041666666666665,0.059666666666666646,0.0
sun3d-mit_lab_hj-lab_hj_tea_nov_2_2012_scan1_erika,6,9,0.02213541666666652,0.027000000000000024,0.0
sun3d-mit_lab_hj-lab_hj_tea_nov_2_2012_scan1_erika,6,10,0.04817708333333315,0.07383333333333333,0.0
sun3d-mit_lab_hj-lab_hj_tea_nov_2_2012_scan1_erika,8,9,0.013020833333333334,0.03683333333333335,0.0
sun3d-mit_lab_hj-lab_hj_tea_nov_2_2012_scan1_erika,8,10,0.03906249999999981,0.057166666666666664,0.0
sun3d-mit_lab_hj-lab_hj_tea_nov_2_2012_scan1_erika,9,11,0.19140624999999925,0.13583333333333333,1.0
sun3d-mit_lab_hj-lab_hj_tea_nov_2_2012_scan1_erika,9,27,-0.16927083333333268,-0.07750000000000001,0.0
sun3d-mit_lab_hj-lab_hj_tea_nov_2_2012_scan1_erika,9,28,0.055989583333333114,0.14450000000000005,0.0
sun3d-mit_lab_hj-lab_hj_tea_nov_2_2012_scan1_erika,10,27,0.2343749999999991,0.1831666666666667,0.3333333333333333
sun3d-mit_lab_hj-lab_hj_tea_nov_2_2012_scan1_erika,10,28,0.08854166666666635,0.16466666666666668,0.0
sun3d-mit_lab_hj-lab_hj_tea_nov_2_2012_scan1_erika,13,16,0.11328124999999956,0.08600000000000001,0.3333333333333333
sun3d-mit_lab_hj-lab_hj_tea_nov_2_2012_scan1_erika,13,17,-0.007812499999999963,0.008333333333333326,0.0
sun3d-mit_lab_hj-lab_hj_tea_nov_2_2012_scan1_erika,13,18,0.0,0.0,0.0
sun3d-mit_lab_hj-lab_hj_tea_nov_2_2012_scan1_erika,14,18,0.04036458333333318,0.17383333333333328,0.0
sun3d-mit_lab_hj-lab_hj_tea_nov_2_2012_scan1_erika,15,18,0.027343749999999927,0.06466666666666666,0.0
sun3d-mit_lab_hj-lab_hj_tea_nov_2_2012_scan1_erika,17,20,0.12630208333333284,0.11599999999999999,-0.3333333333333333
sun3d-mit_lab_hj-lab_hj_tea_nov_2_2012_scan1_erika,19,21,0.1458333333333328,0.07166666666666666,0.0
sun3d-mit_lab_hj-lab_hj_tea_nov_2_2012_scan1_erika,20,22,0.07421874999999967,-0.025333333333333336,0.0
sun3d-mit_lab_hj-lab_hj_tea_nov_2_2012_scan1_erika,21,23,0.019531249999999927,0.025000000000000022,0.0
sun3d-mit_lab_hj-lab_hj_tea_nov_2_2012_scan1_erika,21,24,-0.016927083333333242,0.021333333333333333,0.0
sun3d-mit_lab_hj-lab_hj_tea_nov_2_2012_scan1_erika,21,25,0.011718749999999925,0.03983333333333333,0.0
sun3d-mit_lab_hj-lab_hj_tea_nov_2_2012_scan1_erika,22,25,0.02864583333333322,0.04916666666666666,0.0
sun3d-mit_lab_hj-lab_hj_tea_nov_2_2012_scan1_erika,22,26,0.0455729166666665,0.009000000000000008,0.0
sun3d-mit_lab_hj-lab_hj_tea_nov_2_2012_scan1_erika,23,26,-0.0013020833333333148,0.01933333333333335,0.0
sun3d-mit_lab_hj-lab_hj_tea_nov_2_2012_scan1_erika,23,27,0.01432291666666661,0.04600000000000001,0.0
sun3d-mit_lab_hj-lab_hj_tea_nov_2_2012_scan1_erika,24,26,0.029947916666666536,0.028166666666666673,0.0
sun3d-mit_lab_hj-lab_hj_tea_nov_2_2012_scan1_erika,24,27,0.03906249999999983,0.04316666666666666,0.0
sun3d-mit_lab_hj-lab_hj_tea_nov_2_2012_scan1_erika,24,33,0.007812499999999963,0.07250000000000001,0.0
sun3d-mit_lab_hj-lab_hj_tea_nov_2_2012_scan1_erika,24,34,0.0598958333333331,0.06383333333333334,0.6666666666666666
sun3d-mit_lab_hj-lab_hj_tea_nov_2_2012_scan1_erika,24,35,0.033854166666666574,0.03200000000000001,0.0
sun3d-mit_lab_hj-lab_hj_tea_nov_2_2012_scan1_erika,24,36,-0.07552083333333302,0.00633333333333333,0.0
sun3d-mit_lab_hj-lab_hj_tea_nov_2_2012_scan1_erika,24,37,0.029947916666666557,0.04883333333333332,0.0
sun3d-mit_lab_hj-lab_hj_tea_nov_2_2012_scan1_erika,25,27,0.041666666666666484,0.042166666666666706,0.0
sun3d-mit_lab_hj-lab_hj_tea_nov_2_2012_scan1_erika,25,30,0.015624999999999972,-0.003833333333333333,0.0
sun3d-mit_lab_hj-lab_hj_tea_nov_2_2012_scan1_erika,25,31,-0.061197916666666435,-0.004166666666666667,0.0
sun3d-mit_lab_hj-lab_hj_tea_nov_2_2012_scan1_erika,25,32,0.08984374999999963,0.08033333333333333,0.0
sun3d-mit_lab_hj-lab_hj_tea_nov_2_2012_scan1_erika,25,33,0.011718749999999981,0.056000000000000015,0.0
sun3d-mit_lab_hj-lab_hj_tea_nov_2_2012_scan1_erika,25,34,0.09635416666666625,0.069,0.0
sun3d-mit_lab_hj-lab_hj_tea_nov_2_2012_scan1_erika,25,35,0.09374999999999961,0.051833333333333335,0.0
sun3d-mit_lab_hj-lab_hj_tea_nov_2_2012_scan1_erika,25,36,0.0468749999999998,0.028333333333333332,0.0
sun3d-mit_lab_hj-lab_hj_tea_nov_2_2012_scan1_erika,25,37,0.04687499999999983,0.08366666666666667,0.0
sun3d-mit_lab_hj-lab_hj_tea_nov_2_2012_scan1_erika,28,29,0.006510416666666634,0.002,0.0
sun3d-mit_lab_hj-lab_hj_tea_nov_2_2012_scan1_erika,28,30,-0.06640624999999974,-0.019499999999999997,0.0
sun3d-mit_lab_hj-lab_hj_tea_nov_2_2012_scan1_erika,29,31,-0.0234374999999999,0.011833333333333326,0.0
sun3d-mit_lab_hj-lab_hj_tea_nov_2_2012_scan1_erika,30,32,0.0013020833333333333,0.05999999999999998,0.0
sun3d-mit_lab_hj-lab_hj_tea_nov_2_2012_scan1_erika,30,33,-0.02734374999999989,0.055000000000000014,0.0
sun3d-mit_lab_hj-lab_hj_tea_nov_2_2012_scan1_erika,30,34,0.031249999999999927,0.08816666666666662,0.0
sun3d-mit_lab_hj-lab_hj_tea_nov_2_2012_scan1_erika,30,35,-0.005208333333333297,0.08949999999999998,0.0
sun3d-mit_lab_hj-lab_hj_tea_nov_2_2012_scan1_erika,30,36,0.0,0.08550000000000002,0.0
sun3d-mit_lab_hj-lab_hj_tea_nov_2_2012_scan1_erika,30,37,0.0,0.055833333333333325,0.0
sun3d-mit_lab_hj-lab_hj_tea_nov_2_2012_scan1_erika,31,35,0.010416666666666666,0.07250000000000001,0.0
