scene,ref_frame,src_frame,seed,delta_PIR,delta_IR,delta_RR
7-scenes-redkitchen,0,7,7351,0.08984374999999967,0.055500000000000105,0
7-scenes-redkitchen,0,8,7351,-0.1953124999999992,-0.087,0
7-scenes-redkitchen,0,9,7351,-0.0078125,0.061000000000000054,0
7-scenes-redkitchen,0,16,7351,0.06640624999999978,0.08450000000000002,0
7-scenes-redkitchen,0,17,7351,0.007812499999999889,-0.01599999999999996,0
7-scenes-redkitchen,0,18,7351,-0.11718749999999956,-0.12949999999999995,0
7-scenes-redkitchen,0,20,7351,0.04687499999999989,-0.006000000000000005,0
7-scenes-redkitchen,0,25,7351,0.00390625,0.10249999999999998,0
7-scenes-redkitchen,0,30,7351,0.050781249999999806,0.051000000000000004,-1
7-scenes-redkitchen,0,31,7351,-0.02343749999999989,-0.08800000000000002,0
7-scenes-redkitchen,0,32,7351,0.4843749999999981,0.4235,0
7-scenes-redkitchen,0,33,7351,0.0703124999999997,0.07300000000000001,1
7-scenes-redkitchen,0,34,7351,-0.03124999999999989,0.06950000000000006,0
7-scenes-redkitchen,0,36,7351,0.17578124999999928,0.11199999999999999,0
7-scenes-redkitchen,0,37,7351,0.0078125,0.06299999999999994,0
7-scenes-redkitchen,0,38,7351,0.08593749999999967,0.07350000000000001,0
7-scenes-redkitchen,0,41,7351,-0.01953124999999989,0.03649999999999998,0
7-scenes-redkitchen,0,42,7351,0.01953124999999989,0.06399999999999995,0
7-scenes-redkitchen,0,43,7351,-0.11718749999999956,-0.11149999999999999,0
7-scenes-redkitchen,0,44,7351,-0.09374999999999967,-0.033999999999999975,0
7-scenes-redkitchen,0,45,7351,-0.10937499999999967,-0.017000000000000015,0
7-scenes-redkitchen,0,46,7351,0.05859374999999978,0.14650000000000002,0
7-scenes-redkitchen,0,47,7351,0.02734374999999989,0.11300000000000004,0
7-scenes-redkitchen,0,48,7351,0.09765624999999956,0.11199999999999999,0
7-scenes-redkitchen,0,49,7351,0.11718749999999961,0.18400000000000005,0
7-scenes-redkitchen,0,50,7351,0.05468749999999978,0.129,0
7-scenes-redkitchen,0,51,7351,-0.00390625,0.04249999999999998,0
7-scenes-redkitchen,0,52,7351,0.03906249999999989,0.1365,0
7-scenes-redkitchen,0,53,7351,0.04296874999999989,0.04199999999999998,0
7-scenes-redkitchen,0,59,7351,-0.01953125,-0.0245,0
7-scenes-redkitchen,1,6,7351,0.05468749999999978,0.0675,0
7-scenes-redkitchen,1,7,7351,0.12109374999999944,0.13149999999999995,0
7-scenes-redkitchen,1,9,7351,-0.10546874999999956,-0.030500000000000083,0
7-scenes-redkitchen,1,18,7351,-0.17578124999999928,-0.14250000000000002,0
7-scenes-redkitchen,1,19,7351,0.03515624999999989,0.07200000000000006,0
7-scenes-redkitchen,1,20,7351,-0.01953125,-0.0020000000000000018,0
7-scenes-redkitchen,1,25,7351,-0.41406249999999845,-0.24300000000000002,0
7-scenes-redkitchen,1,30,7351,0.0234374999999999,0.012,0
7-scenes-redkitchen,1,33,7351,0.00390625,0.014499999999999999,0
7-scenes-redkitchen,1,36,7351,0.03124999999999989,0.028999999999999998,0
7-scenes-redkitchen,1,37,7351,-0.3710937499999985,-0.29650000000000004,0
7-scenes-redkitchen,1,38,7351,0.14843749999999944,0.0655,0
7-scenes-redkitchen,1,39,7351,0.03515624999999978,0.0695,0
7-scenes-redkitchen,1,41,7351,-0.06249999999999989,0.0734999999999999,0
7-scenes-redkitchen,1,42,7351,-0.01171875,0.050000000000000044,0
7-scenes-redkitchen,1,43,7351,-0.03906249999999989,0.052999999999999936,0
7-scenes-redkitchen,1,44,7351,0.03124999999999989,0.07750000000000001,0
7-scenes-redkitchen,1,45,7351,0.04687499999999989,0.0685,0
7-scenes-redkitchen,1,46,7351,0.03515624999999989,0.07700000000000001,0
7-scenes-redkitchen,1,59,7351,0.0312499999999998,0.025,0
7-scenes-redkitchen,2,5,7351,-0.2929687499999988,-0.21750000000000003,0
7-scenes-redkitchen,2,10,7351,0.01953124999999989,0.08799999999999997,0
7-scenes-redkitchen,2,15,7351,-0.33984374999999867,-0.19850000000000004,-1
7-scenes-redkitchen,2,26,7351,-0.16796874999999933,-0.11299999999999999,0
7-scenes-redkitchen,2,32,7351,0.12499999999999944,0.1295,0
7-scenes-redkitchen,2,44,7351,-0.0078125,0.062000000000000055,0
7-scenes-redkitchen,2,45,7351,0.02734374999999989,0.09249999999999992,0
7-scenes-redkitchen,3,6,7351,0.10546874999999961,0.10300000000000004,0
7-scenes-redkitchen,3,7,7351,0.08984374999999958,0.02049999999999999,0
7-scenes-redkitchen,3,15,7351,-0.03515624999999978,0.02300000000000002,0
7-scenes-redkitchen,3,19,7351,0.02343749999999989,0.03049999999999997,0
7-scenes-redkitchen,3,25,7351,0.015625,0.016000000000000014,1
7-scenes-redkitchen,3,31,7351,-0.04687499999999978,0.04700000000000004,0
7-scenes-redkitchen,3,32,7351,0.14843749999999933,0.14699999999999996,0
7-scenes-redkitchen,3,36,7351,-0.04296874999999978,0.0030000000000000027,0
7-scenes-redkitchen,3,37,7351,-0.05468749999999978,0.04249999999999998,0
7-scenes-redkitchen,3,38,7351,0.20703124999999917,0.13049999999999995,0
7-scenes-redkitchen,3,39,7351,0.10546874999999961,0.014000000000000012,0
7-scenes-redkitchen,3,46,7351,0.01953125,0.10199999999999998,0
7-scenes-redkitchen,3,59,7351,0.058593749999999806,0.028499999999999998,0
7-scenes-redkitchen,4,8,7351,-0.03906249999999989,0.051000000000000045,0
7-scenes-redkitchen,4,16,7351,0.03124999999999989,0.021499999999999964,0
7-scenes-redkitchen,4,17,7351,0.03906249999999989,0.0015000000000000013,0
7-scenes-redkitchen,4,20,7351,0.0,0.02950000000000008,0
7-scenes-redkitchen,4,21,7351,0.07031249999999972,0.0675,0
7-scenes-redkitchen,4,24,7351,0.039062499999999944,0.07049999999999998,1
7-scenes-redkitchen,4,28,7351,0.24218749999999906,0.21450000000000002,0
7-scenes-redkitchen,4,29,7351,0.07812499999999967,0.1895,0
7-scenes-redkitchen,4,35,7351,-0.05078124999999983,-0.027000000000000024,0
7-scenes-redkitchen,4,36,7351,0.015624999999999889,0.020999999999999963,0
7-scenes-redkitchen,4,40,7351,0.03124999999999989,0.057499999999999996,0
7-scenes-redkitchen,4,41,7351,-0.0078125,0.08500000000000008,0
7-scenes-redkitchen,4,43,7351,-0.10546874999999967,0.0035000000000000586,0
7-scenes-redkitchen,4,48,7351,0.00390625,0.11250000000000004,0
7-scenes-redkitchen,4,49,7351,0.04687499999999978,0.14200000000000002,0
7-scenes-redkitchen,4,50,7351,0.01171875,0.118,0
7-scenes-redkitchen,4,51,7351,0.12890624999999944,0.193,0
7-scenes-redkitchen,4,52,7351,-0.01953125,0.06999999999999995,0
7-scenes-redkitchen,4,53,7351,0.06249999999999978,0.10199999999999998,0
7-scenes-redkitchen,4,54,7351,-0.03906249999999989,-0.004500000000000004,0
7-scenes-redkitchen,4,58,7351,0.05859374999999978,0.03249999999999997,0
7-scenes-redkitchen,4,59,7351,0.1406249999999995,0.15000000000000002,0
7-scenes-redkitchen,5,13,7351,-0.08203124999999967,-0.03749999999999998,0
7-scenes-redkitchen,5,14,7351,-0.05859374999999978,-0.08350000000000002,0
7-scenes-redkitchen,5,21,7351,0.10937499999999956,0.07,0
7-scenes-redkitchen,5,24,7351,-0.08984374999999967,0.03199999999999997,0
7-scenes-redkitchen,5,27,7351,0.031249999999999833,0.07400000000000001,0
7-scenes-redkitchen,5,28,7351,-0.09765624999999961,-0.1295,-1
7-scenes-redkitchen,5,34,7351,0.015625,0.034999999999999976,0
7-scenes-redkitchen,5,35,7351,-0.03906249999999989,0.01100000000000001,0
7-scenes-redkitchen,5,40,7351,-0.04687499999999978,-0.029000000000000026,0
7-scenes-redkitchen,5,41,7351,0.05078124999999978,-0.003500000000000003,0
7-scenes-redkitchen,5,42,7351,-0.0078125,0.04749999999999999,0
7-scenes-redkitchen,5,43,7351,-0.10937499999999956,-0.03899999999999998,0
7-scenes-redkitchen,5,44,7351,-0.12109374999999944,-0.018500000000000016,0
7-scenes-redkitchen,5,45,7351,0.12890624999999944,0.16449999999999998,0
7-scenes-redkitchen,5,50,7351,0.015625,0.09150000000000003,0
7-scenes-redkitchen,5,51,7351,0.0234375,0.056999999999999995,0
7-scenes-redkitchen,5,52,7351,-0.05078124999999989,0.08999999999999997,0
7-scenes-redkitchen,5,53,7351,0.12890624999999944,0.10199999999999998,0
7-scenes-redkitchen,5,54,7351,0.11718749999999956,0.11349999999999999,0
7-scenes-redkitchen,5,55,7351,0.1367187499999995,0.09150000000000003,0
7-scenes-redkitchen,5,57,7351,0.02343749999999989,0.0625,0
7-scenes-redkitchen,5,58,7351,-0.015625,0.04949999999999999,0
7-scenes-redkitchen,5,59,7351,0.03124999999999989,0.07850000000000007,0
7-scenes-redkitchen,6,13,7351,-0.04687499999999978,0.03450000000000003,0
7-scenes-redkitchen,6,14,7351,-0.07031249999999967,-0.020500000000000018,0
7-scenes-redkitchen,6,22,7351,0.027343749999999917,0.002999999999999975,0
7-scenes-redkitchen,6,27,7351,-0.21093749999999922,-0.16599999999999998,-1
7-scenes-redkitchen,6,34,7351,0.12890624999999944,0.135,0
7-scenes-redkitchen,6,42,7351,-0.0468749999999998,-0.0005000000000000004,0
7-scenes-redkitchen,6,44,7351,-0.20703124999999917,-0.14850000000000002,0
7-scenes-redkitchen,6,45,7351,-0.00390625,0.020500000000000018,0
7-scenes-redkitchen,6,46,7351,0.03906249999999989,0.04999999999999999,0
7-scenes-redkitchen,6,47,7351,0.015624999999999889,0.05249999999999999,0
7-scenes-redkitchen,6,48,7351,0.09765624999999956,0.10750000000000004,0
7-scenes-redkitchen,6,50,7351,-0.02734374999999989,0.0685,0
7-scenes-redkitchen,6,51,7351,-0.09374999999999961,0.013000000000000012,0
7-scenes-redkitchen,6,52,7351,0.015625,0.07999999999999996,0
7-scenes-redkitchen,6,55,7351,0.02734374999999989,0.10299999999999998,0
7-scenes-redkitchen,6,56,7351,0.28515624999999895,0.26750000000000007,0
7-scenes-redkitchen,6,57,7351,0.05468749999999978,0.10849999999999993,0
7-scenes-redkitchen,6,58,7351,0.03515624999999989,0.0665,0
7-scenes-redkitchen,7,12,7351,-0.04687499999999989,-0.012499999999999956,0
7-scenes-redkitchen,7,13,7351,0.0664062499999998,0.044999999999999984,0
7-scenes-redkitchen,7,14,7351,-0.33593749999999867,-0.229,0
7-scenes-redkitchen,7,22,7351,-0.03906249999999989,0.011500000000000066,0
7-scenes-redkitchen,7,23,7351,0.03515624999999989,0.05400000000000005,0
7-scenes-redkitchen,7,27,7351,-0.0703124999999998,-0.1145,0
7-scenes-redkitchen,7,34,7351,0.05078124999999978,0.10249999999999998,0
7-scenes-redkitchen,7,46,7351,0.04687499999999989,0.03200000000000003,0
7-scenes-redkitchen,7,47,7351,0.00390625,0.0020000000000000018,-1
7-scenes-redkitchen,7,48,7351,0.2226562499999991,0.22449999999999998,0
7-scenes-redkitchen,7,49,7351,0.1718749999999993,0.07299999999999998,1
7-scenes-redkitchen,7,50,7351,0.36328124999999856,0.31200000000000006,0
7-scenes-redkitchen,7,51,7351,0.07031249999999978,0.06,0
7-scenes-redkitchen,7,52,7351,0.10156249999999961,0.1755,0
7-scenes-redkitchen,7,56,7351,0.3515624999999986,0.18400000000000005,0
7-scenes-redkitchen,7,57,7351,0.04296874999999978,0.06800000000000006,0
7-scenes-redkitchen,8,10,7351,-0.07812499999999967,0.019000000000000017,0
7-scenes-redkitchen,8,11,7351,-0.10156249999999967,-0.058499999999999996,0
7-scenes-redkitchen,8,15,7351,-0.00390625,0.07650000000000001,0
7-scenes-redkitchen,8,26,7351,-0.09765624999999956,-0.03649999999999998,0
7-scenes-redkitchen,8,34,7351,-0.08984374999999972,-0.004500000000000004,0
7-scenes-redkitchen,8,38,7351,-0.10156249999999956,-0.034499999999999975,0
7-scenes-redkitchen,8,48,7351,0.10546874999999961,0.11950000000000005,0
7-scenes-redkitchen,8,49,7351,-0.11328124999999956,0.008500000000000008,0
7-scenes-redkitchen,8,50,7351,0.03515624999999978,0.06449999999999995,0
7-scenes-redkitchen,8,52,7351,-0.20703124999999922,-0.03849999999999998,0
7-scenes-redkitchen,8,56,7351,0.03124999999999989,0.04799999999999999,0
7-scenes-redkitchen,8,57,7351,-0.12499999999999944,-0.07350000000000001,0
7-scenes-redkitchen,9,12,7351,-0.03515624999999989,0.01649999999999996,0
7-scenes-redkitchen,9,15,7351,-0.0234375,0.09600000000000009,0
7-scenes-redkitchen,9,22,7351,0.08593749999999956,0.15050000000000002,0
7-scenes-redkitchen,9,23,7351,0.04687499999999978,0.049000000000000044,0
7-scenes-redkitchen,9,27,7351,-0.11328124999999961,0.017500000000000016,0
7-scenes-redkitchen,9,34,7351,0.04296874999999989,0.03749999999999998,0
7-scenes-redkitchen,9,46,7351,0.06249999999999978,0.08350000000000002,0
7-scenes-redkitchen,9,47,7351,-0.015625,0.08749999999999997,0
7-scenes-redkitchen,9,48,7351,-0.1445312499999995,0.020000000000000018,0
7-scenes-redkitchen,9,50,7351,0.01953125,0.10199999999999998,0
7-scenes-redkitchen,9,52,7351,-0.03124999999999989,0.04349999999999998,0
7-scenes-redkitchen,9,55,7351,0.04296874999999989,0.04149999999999998,0
7-scenes-redkitchen,9,56,7351,0.19531249999999922,0.20449999999999996,0
7-scenes-redkitchen,9,57,7351,-0.12109374999999956,-0.061999999999999944,0
7-scenes-redkitchen,9,58,7351,0.03906249999999978,0.03649999999999998,0
7-scenes-redkitchen,10,21,7351,0.06640624999999978,0.07750000000000001,-1
7-scenes-redkitchen,10,24,7351,-0.07031249999999967,0.04800000000000004,0
7-scenes-redkitchen,10,28,7351,0.03515624999999989,0.04199999999999998,1
7-scenes-redkitchen,10,29,7351,-0.06640624999999978,-0.020499999999999963,0
7-scenes-redkitchen,10,34,7351,-0.03515624999999989,0.035999999999999976,0
7-scenes-redkitchen,10,35,7351,-0.02343749999999989,0.025500000000000023,0
7-scenes-redkitchen,10,40,7351,0.09765624999999956,0.04750000000000004,0
7-scenes-redkitchen,10,41,7351,0.11718749999999956,0.09899999999999998,0
7-scenes-redkitchen,10,42,7351,0.00390625,0.034500000000000086,0
7-scenes-redkitchen,10,43,7351,-0.06640624999999967,0.057499999999999996,0
7-scenes-redkitchen,10,44,7351,-0.015625,0.029000000000000026,0
7-scenes-redkitchen,10,45,7351,0.08984374999999967,0.15349999999999997,0
7-scenes-redkitchen,10,46,7351,0.08203124999999967,0.133,0
7-scenes-redkitchen,10,47,7351,0.05468749999999978,0.12150000000000005,0
7-scenes-redkitchen,10,48,7351,0.15234374999999944,0.1865,0
7-scenes-redkitchen,10,49,7351,0.05468749999999978,0.15350000000000008,0
7-scenes-redkitchen,10,50,7351,0.01171875,0.11599999999999999,0
7-scenes-redkitchen,10,51,7351,0.12890624999999944,0.15900000000000003,0
7-scenes-redkitchen,10,52,7351,0.00390625,0.08750000000000002,0
7-scenes-redkitchen,10,53,7351,0.07031249999999967,0.10850000000000004,0
7-scenes-redkitchen,10,54,7351,0.1406249999999994,0.11599999999999999,0
7-scenes-redkitchen,10,55,7351,0.0781249999999997,0.058,0
7-scenes-redkitchen,10,56,7351,-0.011718749999999993,-0.0015000000000000013,0
7-scenes-redkitchen,10,57,7351,0.0742187499999997,0.07500000000000001,0
7-scenes-redkitchen,10,58,7351,0.0078124999999999445,0.03799999999999998,0
7-scenes-redkitchen,10,59,7351,0.14453124999999944,0.14150000000000001,0
7-scenes-redkitchen,11,16,7351,-0.00390625,0.0635,0
7-scenes-redkitchen,11,17,7351,0.007812499999999889,-0.019000000000000017,0
7-scenes-redkitchen,11,20,7351,0.01171875,0.0685,0
7-scenes-redkitchen,11,21,7351,-0.03515624999999983,-0.05300000000000002,0
7-scenes-redkitchen,11,24,7351,-0.4296874999999983,-0.263,-1
7-scenes-redkitchen,11,29,7351,-0.06640624999999978,0.020499999999999963,0
7-scenes-redkitchen,11,35,7351,-0.05859374999999983,-0.04149999999999998,0
7-scenes-redkitchen,11,40,7351,0.08984374999999956,0.09999999999999998,0
7-scenes-redkitchen,11,41,7351,0.0,0.05600000000000005,0
7-scenes-redkitchen,11,42,7351,0.007812499999999889,0.10850000000000004,0
7-scenes-redkitchen,11,43,7351,-0.05078124999999978,0.05699999999999994,0
7-scenes-redkitchen,11,44,7351,0.015624999999999889,0.06500000000000006,0
7-scenes-redkitchen,11,45,7351,0.05468749999999978,0.14600000000000002,0
7-scenes-redkitchen,11,46,7351,0.07421874999999978,0.118,0
7-scenes-redkitchen,11,47,7351,0.06640624999999978,0.139,0
7-scenes-redkitchen,11,48,7351,0.07031249999999978,0.118,0
7-scenes-redkitchen,11,49,7351,-0.01953124999999989,0.08550000000000002,0
7-scenes-redkitchen,11,50,7351,0.04296874999999989,0.1110000000000001,0
7-scenes-redkitchen,11,51,7351,0.06249999999999983,0.08450000000000002,0
7-scenes-redkitchen,11,52,7351,-0.02734374999999989,0.08450000000000002,0
7-scenes-redkitchen,11,53,7351,0.01171875,0.067,0
7-scenes-redkitchen,11,54,7351,-0.02343749999999989,-0.015500000000000014,0
7-scenes-redkitchen,11,58,7351,0.09374999999999961,0.06249999999999997,0
7-scenes-redkitchen,11,59,7351,0.2265624999999991,0.16699999999999998,0
7-scenes-redkitchen,12,16,7351,0.03906249999999983,0.08200000000000002,0
7-scenes-redkitchen,12,18,7351,-0.12890624999999944,-0.04349999999999998,0
7-scenes-redkitchen,12,20,7351,-0.03515624999999978,0.03450000000000003,0
7-scenes-redkitchen,12,25,7351,-0.18749999999999922,-0.13549999999999995,0
7-scenes-redkitchen,12,30,7351,-0.21093749999999922,-0.09349999999999997,0
7-scenes-redkitchen,12,31,7351,-0.5390624999999978,-0.316,-1
7-scenes-redkitchen,12,32,7351,0.5546874999999979,0.41,1
7-scenes-redkitchen,12,36,7351,0.12499999999999956,0.07949999999999996,0
7-scenes-redkitchen,12,38,7351,0.17187499999999933,0.14300000000000002,0
7-scenes-redkitchen,12,39,7351,0.0,0.03149999999999997,0
7-scenes-redkitchen,12,46,7351,0.3515624999999987,0.32599999999999996,0
7-scenes-redkitchen,12,47,7351,0.2968749999999988,0.3370000000000001,0
7-scenes-redkitchen,12,48,7351,0.253906249999999,0.217,0
7-scenes-redkitchen,12,50,7351,0.32421874999999867,0.34099999999999997,1
7-scenes-redkitchen,12,51,7351,0.03515624999999989,0.10249999999999998,0
7-scenes-redkitchen,12,52,7351,0.3320312499999986,0.31400000000000006,0
7-scenes-redkitchen,12,59,7351,0.04296874999999989,0.0445,1
7-scenes-redkitchen,13,18,7351,0.01953124999999989,0.01949999999999999,0
7-scenes-redkitchen,13,19,7351,-0.10937499999999956,-0.04149999999999998,0
7-scenes-redkitchen,13,25,7351,-0.1015624999999995,0.0030000000000000027,0
7-scenes-redkitchen,13,30,7351,-0.05859374999999978,0.02749999999999997,0
7-scenes-redkitchen,13,31,7351,-0.05468749999999978,0.05249999999999999,0
7-scenes-redkitchen,13,32,7351,0.22265624999999906,0.2495,0
7-scenes-redkitchen,13,36,7351,-0.1289062499999995,-0.025999999999999995,0
7-scenes-redkitchen,13,37,7351,-0.05468749999999978,-0.04700000000000004,0
7-scenes-redkitchen,13,38,7351,0.07421874999999972,0.005499999999999949,0
7-scenes-redkitchen,13,39,7351,-0.08984374999999956,0.0020000000000000018,0
7-scenes-redkitchen,13,46,7351,-0.007812499999999889,0.03250000000000003,0
7-scenes-redkitchen,13,47,7351,-0.3476562499999986,-0.28500000000000003,-1
7-scenes-redkitchen,13,59,7351,-0.031249999999999903,-0.007499999999999998,0
7-scenes-redkitchen,14,16,7351,-0.17187499999999928,-0.032999999999999974,0
7-scenes-redkitchen,14,17,7351,-0.07031249999999972,-0.034,-1
7-scenes-redkitchen,14,18,7351,-0.23828124999999906,-0.16949999999999998,0
7-scenes-redkitchen,14,20,7351,-0.1367187499999994,-0.08499999999999999,0
7-scenes-redkitchen,14,30,7351,0.0078125,0.05500000000000001,0
7-scenes-redkitchen,14,31,7351,0.0078125,-0.03649999999999998,0
7-scenes-redkitchen,14,32,7351,0.2734374999999989,0.239,1
7-scenes-redkitchen,14,36,7351,-0.04687499999999989,-0.0635,0
7-scenes-redkitchen,14,45,7351,0.0,0.0645,0
7-scenes-redkitchen,14,46,7351,0.03906249999999989,0.07600000000000001,0
7-scenes-redkitchen,14,47,7351,-0.02734374999999989,0.02350000000000002,0
7-scenes-redkitchen,14,52,7351,-0.11328124999999961,-0.102,0
7-scenes-redkitchen,15,21,7351,-0.1835937499999993,-0.05449999999999999,-1
7-scenes-redkitchen,15,24,7351,-0.0664062499999998,-0.023999999999999994,0
7-scenes-redkitchen,15,28,7351,-0.02734374999999989,-0.013499999999999998,0
7-scenes-redkitchen,15,29,7351,-0.17578124999999928,-0.08600000000000001,-1
7-scenes-redkitchen,15,35,7351,0.04687499999999989,0.0615,0
7-scenes-redkitchen,15,40,7351,0.1328124999999994,0.10500000000000001,0
7-scenes-redkitchen,15,41,7351,0.1757812499999993,0.14600000000000002,1
7-scenes-redkitchen,15,42,7351,-0.05859374999999967,0.026499999999999968,0
7-scenes-redkitchen,15,43,7351,-0.05859374999999983,0.006500000000000006,0
7-scenes-redkitchen,15,44,7351,-0.03124999999999989,0.03249999999999997,0
7-scenes-redkitchen,15,45,7351,-0.05078124999999978,-0.0044999999999999485,0
7-scenes-redkitchen,15,46,7351,0.007812499999999889,0.05850000000000005,0
7-scenes-redkitchen,15,47,7351,0.015624999999999889,0.08750000000000008,0
7-scenes-redkitchen,15,48,7351,-0.007812499999999889,0.08599999999999997,0
7-scenes-redkitchen,15,49,7351,0.00390625,0.10599999999999998,0
7-scenes-redkitchen,15,50,7351,0.011718749999999889,0.10100000000000009,0
7-scenes-redkitchen,15,51,7351,0.02343749999999989,0.07649999999999998,0
7-scenes-redkitchen,15,52,7351,0.05468749999999978,0.15549999999999997,0
7-scenes-redkitchen,15,53,7351,0.02734374999999989,0.08550000000000002,0
7-scenes-redkitchen,15,54,7351,0.05078124999999978,0.10299999999999998,0
7-scenes-redkitchen,15,55,7351,-0.10156249999999958,-0.042499999999999996,0
7-scenes-redkitchen,15,56,7351,0.00390625,0.033,0
7-scenes-redkitchen,15,57,7351,0.1132812499999996,0.17099999999999999,1
7-scenes-redkitchen,15,58,7351,-0.05468749999999978,-0.028000000000000025,0
7-scenes-redkitchen,16,27,7351,-0.1328124999999995,-0.06549999999999997,0
7-scenes-redkitchen,16,34,7351,0.02343749999999989,0.04149999999999998,0
7-scenes-redkitchen,16,48,7351,0.015625,0.03699999999999998,0
7-scenes-redkitchen,16,49,7351,0.03906249999999978,0.040500000000000036,0
7-scenes-redkitchen,16,50,7351,0.015625,0.03799999999999998,0
7-scenes-redkitchen,16,52,7351,-0.00390625,0.07350000000000001,0
7-scenes-redkitchen,16,57,7351,-0.01953125,0.03850000000000009,0
7-scenes-redkitchen,17,26,7351,0.03515624999999989,0.05850000000000011,0
7-scenes-redkitchen,17,48,7351,-0.02343749999999989,-0.02100000000000002,0
7-scenes-redkitchen,17,49,7351,-0.011718749999999889,-0.02100000000000002,0
7-scenes-redkitchen,17,50,7351,-0.011718749999999889,-0.05099999999999999,0
7-scenes-redkitchen,17,52,7351,-0.03906249999999989,0.012500000000000011,0
7-scenes-redkitchen,17,56,7351,-0.04296874999999978,0.012499999999999956,0
7-scenes-redkitchen,17,57,7351,-0.05859374999999978,-0.028000000000000025,0
7-scenes-redkitchen,18,22,7351,0.02734374999999989,0.15200000000000002,0
7-scenes-redkitchen,18,27,7351,-0.3710937499999986,-0.346,-1
7-scenes-redkitchen,18,46,7351,-0.0039062499999999445,-0.03699999999999998,0
7-scenes-redkitchen,18,47,7351,-0.09765624999999967,-0.067,0
7-scenes-redkitchen,18,48,7351,0.007812499999999889,0.010000000000000009,0
7-scenes-redkitchen,18,49,7351,0.01953125,0.07350000000000001,0
7-scenes-redkitchen,18,50,7351,0.08984374999999967,0.06300000000000006,0
7-scenes-redkitchen,18,52,7351,-0.003906249999999889,0.03400000000000003,0
7-scenes-redkitchen,18,56,7351,-0.015625,0.027000000000000024,0
7-scenes-redkitchen,18,57,7351,-0.05859374999999978,0.03049999999999997,0
7-scenes-redkitchen,18,58,7351,0.00390625,0.04749999999999999,0
7-scenes-redkitchen,19,22,7351,0.05078124999999989,0.16050000000000003,0
7-scenes-redkitchen,19,23,7351,0.02343749999999989,0.2165,1
7-scenes-redkitchen,19,27,7351,-0.1289062499999995,-0.10400000000000004,0
7-scenes-redkitchen,19,34,7351,0.07421874999999978,0.10950000000000004,0
7-scenes-redkitchen,19,45,7351,-0.08984374999999967,-0.03849999999999998,0
7-scenes-redkitchen,19,46,7351,0.02734374999999989,0.08100000000000007,0
7-scenes-redkitchen,19,47,7351,0.03124999999999989,0.07400000000000007,0
7-scenes-redkitchen,19,48,7351,0.08593749999999967,0.118,0
7-scenes-redkitchen,19,50,7351,0.03124999999999989,0.08900000000000008,0
7-scenes-redkitchen,19,51,7351,0.04687499999999989,0.122,0
7-scenes-redkitchen,19,52,7351,-0.06640624999999978,0.04599999999999993,0
7-scenes-redkitchen,19,55,7351,0.08984374999999956,0.014499999999999957,0
7-scenes-redkitchen,19,56,7351,0.08593749999999967,0.10800000000000004,0
7-scenes-redkitchen,19,57,7351,-0.05078124999999989,-0.01200000000000001,0
7-scenes-redkitchen,19,58,7351,-0.02734374999999989,-0.005499999999999949,0
7-scenes-redkitchen,20,22,7351,0.07812499999999967,0.11749999999999994,0
7-scenes-redkitchen,20,23,7351,0.05859374999999978,0.05349999999999999,0
7-scenes-redkitchen,20,24,7351,0.0078125,0.011500000000000066,0
7-scenes-redkitchen,20,27,7351,-0.22265624999999908,-0.13649999999999998,-1
7-scenes-redkitchen,20,34,7351,0.14062499999999944,0.14750000000000008,0
7-scenes-redkitchen,20,38,7351,-0.02343749999999989,0.0004999999999999449,0
7-scenes-redkitchen,20,47,7351,-0.33203124999999867,-0.226,-1
7-scenes-redkitchen,20,48,7351,-0.2499999999999991,-0.14500000000000002,0
7-scenes-redkitchen,20,49,7351,-0.531249999999998,-0.3065,0
7-scenes-redkitchen,20,50,7351,-0.39062499999999845,-0.17700000000000002,0
7-scenes-redkitchen,20,52,7351,-0.17578124999999928,-0.050000000000000044,0
7-scenes-redkitchen,20,53,7351,-0.17187499999999933,-0.017000000000000015,0
7-scenes-redkitchen,20,55,7351,0.05468749999999978,0.05800000000000005,0
7-scenes-redkitchen,20,56,7351,-0.015624999999999889,0.03300000000000003,0
7-scenes-redkitchen,20,57,7351,-0.0078125,0.051000000000000045,0
7-scenes-redkitchen,20,58,7351,0.03906249999999989,0.04749999999999999,0
7-scenes-redkitchen,20,59,7351,-0.0234375,0.007999999999999896,0
7-scenes-redkitchen,21,25,7351,-0.4531249999999983,-0.13,-1
7-scenes-redkitchen,21,26,7351,-0.21874999999999917,-0.147,-1
7-scenes-redkitchen,21,34,7351,-0.19140624999999917,-0.07049999999999998,0
7-scenes-redkitchen,21,36,7351,-0.3085937499999987,-0.22450000000000003,0
7-scenes-redkitchen,21,37,7351,-0.42968749999999833,-0.354,0
7-scenes-redkitchen,21,38,7351,-0.17578124999999933,-0.07199999999999995,0
7-scenes-redkitchen,21,49,7351,-0.054687499999999806,-0.075,0
7-scenes-redkitchen,21,52,7351,-0.0664062499999997,0.0020000000000000018,0
7-scenes-redkitchen,21,53,7351,-0.17968749999999933,-0.0925,-1
7-scenes-redkitchen,21,56,7351,0.07812499999999967,0.11149999999999999,0
7-scenes-redkitchen,21,57,7351,0.0,0.0595,0
7-scenes-redkitchen,21,58,7351,0.10937499999999956,0.0665,0
7-scenes-redkitchen,21,59,7351,-0.2148437499999991,-0.12,0
7-scenes-redkitchen,22,25,7351,-0.3007812499999989,-0.1855,-1
7-scenes-redkitchen,22,37,7351,-0.24609374999999908,-0.0925,-1
7-scenes-redkitchen,22,38,7351,-0.15234374999999942,-0.099,0
7-scenes-redkitchen,22,39,7351,0.08203124999999978,-0.008000000000000007,0
7-scenes-redkitchen,22,53,7351,0.03515624999999989,0.013000000000000012,1
7-scenes-redkitchen,22,56,7351,-0.05078124999999978,0.1175,0
7-scenes-redkitchen,22,57,7351,-0.031249999999999903,-0.0645,0
7-scenes-redkitchen,22,58,7351,-0.22265624999999906,-0.10350000000000004,0
7-scenes-redkitchen,22,59,7351,-0.17968749999999933,-0.10600000000000004,0
7-scenes-redkitchen,23,25,7351,-0.3203124999999987,-0.15899999999999997,0
7-scenes-redkitchen,23,37,7351,-0.23046874999999906,-0.1445,-1
7-scenes-redkitchen,23,38,7351,-0.0703124999999997,-0.0045,0
7-scenes-redkitchen,23,39,7351,-0.12109374999999953,-0.1145,-1
7-scenes-redkitchen,23,53,7351,0.05468749999999978,0.037500000000000006,1
7-scenes-redkitchen,23,56,7351,-0.1171874999999995,-0.028999999999999998,0
7-scenes-redkitchen,23,57,7351,0.0312499999999999,-0.0034999999999999996,0
7-scenes-redkitchen,23,58,7351,-0.2265624999999991,-0.061,0
7-scenes-redkitchen,23,59,7351,-0.13671874999999944,-0.026000000000000023,0
7-scenes-redkitchen,24,38,7351,0.07421874999999967,0.15249999999999997,0
7-scenes-redkitchen,24,39,7351,0.05859374999999978,0.12950000000000006,0
7-scenes-redkitchen,24,48,7351,0.0703124999999997,0.009,0
7-scenes-redkitchen,24,49,7351,-0.10156249999999961,-0.0425,0
7-scenes-redkitchen,24,52,7351,0.06640624999999972,0.041999999999999996,1
7-scenes-redkitchen,24,56,7351,0.20312499999999922,0.20850000000000002,0
7-scenes-redkitchen,24,57,7351,-0.40234374999999845,-0.3255,-1
7-scenes-redkitchen,25,27,7351,-0.242187499999999,-0.09100000000000003,0
7-scenes-redkitchen,25,34,7351,0.42968749999999833,0.3615,1
7-scenes-redkitchen,25,46,7351,0.04687499999999989,0.07200000000000006,0
7-scenes-redkitchen,25,47,7351,-0.04296874999999983,0.021999999999999964,0
7-scenes-redkitchen,25,48,7351,0.14453124999999944,0.129,0
7-scenes-redkitchen,25,49,7351,-0.14843749999999944,-0.10799999999999998,0
7-scenes-redkitchen,25,50,7351,-0.04687499999999978,0.015500000000000014,0
7-scenes-redkitchen,25,52,7351,-0.09765624999999967,0.0004999999999999449,0
7-scenes-redkitchen,25,56,7351,0.20312499999999917,0.26749999999999996,0
7-scenes-redkitchen,25,57,7351,-0.01171875,0.046999999999999986,0
7-scenes-redkitchen,26,28,7351,-0.14062499999999944,-0.05349999999999999,0
7-scenes-redkitchen,26,29,7351,-0.03906249999999989,-0.016500000000000015,0
7-scenes-redkitchen,26,30,7351,-0.03515624999999989,0.0175,0
7-scenes-redkitchen,26,34,7351,0.14453124999999944,0.11149999999999999,0
7-scenes-redkitchen,26,35,7351,-0.01171875,0.07150000000000001,0
7-scenes-redkitchen,26,40,7351,-0.18749999999999928,-0.1095,-1
7-scenes-redkitchen,26,41,7351,0.05468749999999978,0.029500000000000026,0
7-scenes-redkitchen,26,42,7351,0.03124999999999989,0.05349999999999999,0
7-scenes-redkitchen,26,43,7351,0.03124999999999989,0.04600000000000004,0
7-scenes-redkitchen,26,44,7351,-0.2343749999999991,-0.16299999999999998,0
7-scenes-redkitchen,26,45,7351,-0.3085937499999988,-0.14949999999999997,0
7-scenes-redkitchen,26,46,7351,0.04687499999999978,0.11000000000000004,0
7-scenes-redkitchen,26,47,7351,0.17187499999999928,0.15249999999999997,0
7-scenes-redkitchen,26,48,7351,0.26953124999999895,0.266,0
7-scenes-redkitchen,26,49,7351,-0.02734375,0.08300000000000007,0
7-scenes-redkitchen,26,50,7351,0.06640624999999978,0.1835,0
7-scenes-redkitchen,26,51,7351,-0.1367187499999994,-0.08549999999999999,0
7-scenes-redkitchen,26,52,7351,0.03515624999999989,0.13349999999999995,0
7-scenes-redkitchen,26,53,7351,-0.00390625,0.09449999999999992,0
7-scenes-redkitchen,26,54,7351,-0.05468749999999978,0.0495000000000001,0
7-scenes-redkitchen,26,55,7351,-0.03906249999999989,0.06749999999999995,0
7-scenes-redkitchen,26,56,7351,-0.07031249999999972,0.014500000000000013,0
7-scenes-redkitchen,26,57,7351,-0.2265624999999991,-0.11349999999999999,0
7-scenes-redkitchen,26,58,7351,0.00390625,0.05349999999999999,0
7-scenes-redkitchen,26,59,7351,-0.01953125,0.0030000000000000027,0
7-scenes-redkitchen,27,30,7351,0.02734374999999989,0.07650000000000001,0
7-scenes-redkitchen,27,31,7351,0.238281249999999,0.25,0
7-scenes-redkitchen,27,32,7351,0.26562499999999906,0.24350000000000002,0
7-scenes-redkitchen,27,36,7351,-0.19921874999999922,-0.021499999999999964,0
7-scenes-redkitchen,27,37,7351,0.05468749999999978,0.13250000000000006,0
7-scenes-redkitchen,27,38,7351,0.2539062499999991,0.18599999999999994,0
7-scenes-redkitchen,27,39,7351,0.2695312499999989,0.28900000000000003,0
7-scenes-redkitchen,27,41,7351,-0.09765624999999967,0.03799999999999992,0
7-scenes-redkitchen,27,42,7351,-0.02343749999999989,0.05250000000000005,0
7-scenes-redkitchen,27,43,7351,-0.19531249999999922,-0.05500000000000005,0
7-scenes-redkitchen,27,44,7351,-0.1367187499999994,-0.068,0
7-scenes-redkitchen,27,45,7351,0.16015624999999933,0.16,0
7-scenes-redkitchen,27,59,7351,0.023437499999999903,0.010999999999999996,0
7-scenes-redkitchen,28,32,7351,-0.05078124999999978,0.0,0
7-scenes-redkitchen,28,37,7351,-0.1523437499999994,-0.16,0
7-scenes-redkitchen,28,38,7351,0.08984374999999967,0.04349999999999998,0
7-scenes-redkitchen,28,43,7351,-0.03515624999999989,0.027999999999999914,0
7-scenes-redkitchen,28,44,7351,0.07812499999999967,0.10499999999999998,0
7-scenes-redkitchen,28,45,7351,0.1289062499999995,0.14199999999999996,0
7-scenes-redkitchen,29,32,7351,-0.03906249999999989,-0.003500000000000003,0
7-scenes-redkitchen,29,44,7351,0.05468749999999978,0.125,0
7-scenes-redkitchen,29,45,7351,0.05859374999999978,0.15000000000000002,0
7-scenes-redkitchen,30,33,7351,0.1328124999999995,0.0635,1
7-scenes-redkitchen,30,44,7351,-0.015624999999999889,0.10450000000000004,0
7-scenes-redkitchen,31,40,7351,0.35156249999999867,0.29400000000000004,1
7-scenes-redkitchen,31,41,7351,0.1367187499999995,0.15199999999999997,0
7-scenes-redkitchen,31,42,7351,0.011718749999999889,0.09949999999999998,0
7-scenes-redkitchen,31,43,7351,-0.265624999999999,-0.17700000000000002,-1
7-scenes-redkitchen,32,34,7351,0.02734374999999989,-0.07599999999999996,0
7-scenes-redkitchen,32,38,7351,0.05468749999999972,0.052000000000000046,0
7-scenes-redkitchen,32,39,7351,0.0,0.023500000000000076,0
7-scenes-redkitchen,32,40,7351,0.05468749999999983,0.13449999999999998,0
7-scenes-redkitchen,33,37,7351,0.10156249999999958,0.076,1
7-scenes-redkitchen,33,38,7351,0.1328124999999995,0.0615,0
7-scenes-redkitchen,33,39,7351,-0.050781249999999806,-0.02049999999999999,0
7-scenes-redkitchen,33,56,7351,0.042968749999999806,0.04150000000000001,0
7-scenes-redkitchen,33,57,7351,-0.027343749999999903,0.0015000000000000013,0
7-scenes-redkitchen,33,58,7351,-0.027343749999999903,-0.0004999999999999987,0
7-scenes-redkitchen,34,35,7351,-0.01953124999999989,0.021499999999999964,0
7-scenes-redkitchen,34,36,7351,0.08984374999999961,0.13749999999999996,0
7-scenes-redkitchen,34,37,7351,0.09374999999999967,0.11649999999999994,0
7-scenes-redkitchen,34,38,7351,0.0,0.039999999999999925,0
7-scenes-redkitchen,34,39,7351,-0.01953124999999989,0.038999999999999924,0
7-scenes-redkitchen,34,54,7351,0.0078125,0.006500000000000061,0
7-scenes-redkitchen,34,58,7351,-0.04296874999999978,0.0020000000000000018,0
7-scenes-redkitchen,34,59,7351,-0.02734374999999989,-0.04949999999999999,0
7-scenes-redkitchen,35,38,7351,0.07421874999999978,0.05599999999999994,0
7-scenes-redkitchen,35,39,7351,-0.16796874999999933,-0.09099999999999997,0
7-scenes-redkitchen,35,48,7351,0.0,0.056499999999999995,0
7-scenes-redkitchen,35,49,7351,-0.02343749999999989,-0.005499999999999949,0
7-scenes-redkitchen,35,50,7351,-0.007812499999999889,-0.022499999999999964,0
7-scenes-redkitchen,35,52,7351,-0.03906249999999978,-0.0050000000000000044,0
7-scenes-redkitchen,36,47,7351,-0.04296874999999989,-0.019500000000000017,0
7-scenes-redkitchen,36,48,7351,-0.02734374999999989,0.05299999999999999,0
7-scenes-redkitchen,36,49,7351,0.003906249999999889,0.04300000000000004,0
7-scenes-redkitchen,36,50,7351,-0.03515624999999989,0.03899999999999998,0
7-scenes-redkitchen,36,52,7351,-0.015624999999999889,0.027000000000000024,0
7-scenes-redkitchen,37,47,7351,-0.007812499999999889,0.059,0
7-scenes-redkitchen,37,48,7351,-0.015624999999999889,0.05900000000000005,0
7-scenes-redkitchen,37,49,7351,-0.02343749999999989,0.05600000000000005,0
7-scenes-redkitchen,37,50,7351,-0.01953125,0.07950000000000002,0
7-scenes-redkitchen,37,52,7351,0.05468749999999978,0.134,0
7-scenes-redkitchen,38,49,7351,-0.0820312499999997,-0.0415,0
7-scenes-redkitchen,38,52,7351,-0.039062499999999944,0.03849999999999998,0
7-scenes-redkitchen,38,53,7351,0.015625,0.07000000000000006,0
7-scenes-redkitchen,38,57,7351,-0.03906249999999978,0.022499999999999964,0
7-scenes-redkitchen,39,47,7351,0.015624999999999889,0.05399999999999999,0
7-scenes-redkitchen,39,48,7351,0.277343749999999,0.1995,0
7-scenes-redkitchen,39,49,7351,-0.3007812499999988,-0.2005,0
7-scenes-redkitchen,39,50,7351,-0.03124999999999989,0.04400000000000004,0
7-scenes-redkitchen,39,52,7351,-0.08203124999999967,0.03600000000000003,0
7-scenes-redkitchen,39,53,7351,0.09374999999999967,0.122,0
7-scenes-redkitchen,39,55,7351,-0.04296874999999978,0.04700000000000004,0
7-scenes-redkitchen,39,56,7351,0.011718749999999889,0.04250000000000009,0
7-scenes-redkitchen,39,57,7351,-0.07031249999999967,0.025000000000000022,0
7-scenes-redkitchen,40,44,7351,0.01953124999999989,0.056499999999999995,0
7-scenes-redkitchen,40,45,7351,0.03124999999999989,0.0605,0
7-scenes-redkitchen,40,46,7351,-0.19531249999999922,-0.1275,0
7-scenes-redkitchen,41,46,7351,0.015624999999999889,0.09850000000000003,0
7-scenes-redkitchen,42,46,7351,0.01171875,0.07,0
7-scenes-redkitchen,43,47,7351,-0.05859374999999978,0.023999999999999994,0
7-scenes-redkitchen,44,47,7351,-0.1015624999999995,-0.02150000000000002,0
7-scenes-redkitchen,44,48,7351,0.015624999999999889,0.034,0
7-scenes-redkitchen,45,48,7351,0.07031249999999978,0.08250000000000002,0
7-scenes-redkitchen,45,49,7351,-0.015625,0.04349999999999998,0
7-scenes-redkitchen,45,50,7351,-0.05078124999999983,-0.062,0
7-scenes-redkitchen,45,51,7351,0.0078125,0.07050000000000001,0
7-scenes-redkitchen,45,52,7351,-0.00390625,0.05299999999999999,0
7-scenes-redkitchen,46,53,7351,0.02734374999999989,0.06,0
7-scenes-redkitchen,47,54,7351,-0.01953125,-0.05299999999999999,0
7-scenes-redkitchen,48,58,7351,0.06640624999999979,0.02149999999999999,1
7-scenes-redkitchen,48,59,7351,0.042968749999999806,0.046000000000000006,-1
7-scenes-redkitchen,49,55,7351,-0.05078124999999978,-0.026999999999999996,-1
7-scenes-redkitchen,49,58,7351,0.031249999999999778,0.024999999999999994,1
7-scenes-redkitchen,49,59,7351,0.1484374999999995,0.0915,1
7-scenes-redkitchen,50,59,7351,0.20703124999999917,0.1745,1
7-scenes-redkitchen,51,54,7351,0.01171875,0.012,0
7-scenes-redkitchen,51,59,7351,0.0195312499999999,0.0075,0
7-scenes-redkitchen,52,55,7351,0.00390625,0.04149999999999998,0
7-scenes-redkitchen,52,58,7351,-0.03515624999999989,-0.036500000000000005,0
7-scenes-redkitchen,52,59,7351,0.1679687499999994,0.137,1
7-scenes-redkitchen,53,56,7351,-0.03124999999999989,0.020500000000000018,0
7-scenes-redkitchen,53,57,7351,0.05078124999999978,-0.02100000000000002,0
sun3d-home_at-home_at_scan1_2013_jan_1,0,30,7351,0.01171875,-0.011,0
sun3d-home_at-home_at_scan1_2013_jan_1,0,31,7351,0.0664062499999998,0.013500000000000012,0
sun3d-home_at-home_at_scan1_2013_jan_1,0,33,7351,-0.3593749999999986,-0.3545,-1
sun3d-home_at-home_at_scan1_2013_jan_1,0,34,7351,-0.0078125,-0.01150000000000001,0
sun3d-home_at-home_at_scan1_2013_jan_1,0,35,7351,0.15234374999999933,0.14699999999999996,1
sun3d-home_at-home_at_scan1_2013_jan_1,0,36,7351,0.05078124999999978,0.12000000000000005,0
sun3d-home_at-home_at_scan1_2013_jan_1,0,37,7351,0.10937499999999961,0.12550000000000006,0
sun3d-home_at-home_at_scan1_2013_jan_1,0,38,7351,0.09765624999999956,0.06800000000000006,0
sun3d-home_at-home_at_scan1_2013_jan_1,0,41,7351,-0.023437499999999903,-0.016999999999999998,0
sun3d-home_at-home_at_scan1_2013_jan_1,0,42,7351,0.0624999999999998,0.005500000000000005,0
sun3d-home_at-home_at_scan1_2013_jan_1,0,47,7351,0.0546874999999998,0.02,0
sun3d-home_at-home_at_scan1_2013_jan_1,0,49,7351,-0.0820312499999997,-0.047,0
sun3d-home_at-home_at_scan1_2013_jan_1,0,50,7351,0.0859374999999997,0.0395,0
sun3d-home_at-home_at_scan1_2013_jan_1,0,51,7351,-0.33203124999999856,-0.18,0
sun3d-home_at-home_at_scan1_2013_jan_1,1,3,7351,0.01953125,0.020000000000000018,0
sun3d-home_at-home_at_scan1_2013_jan_1,1,31,7351,0.0820312499999996,0.05800000000000001,0
sun3d-home_at-home_at_scan1_2013_jan_1,1,33,7351,-0.4101562499999984,-0.34249999999999997,-1
sun3d-home_at-home_at_scan1_2013_jan_1,1,35,7351,0.17968749999999922,0.14100000000000001,0
sun3d-home_at-home_at_scan1_2013_jan_1,1,36,7351,-0.02734374999999989,0.03249999999999997,0
sun3d-home_at-home_at_scan1_2013_jan_1,1,37,7351,0.01171875,0.10099999999999998,0
sun3d-home_at-home_at_scan1_2013_jan_1,1,38,7351,0.0,0.033499999999999974,0
sun3d-home_at-home_at_scan1_2013_jan_1,1,39,7351,0.05859374999999978,0.12,0
sun3d-home_at-home_at_scan1_2013_jan_1,1,47,7351,-0.01171875,-0.0085,0
sun3d-home_at-home_at_scan1_2013_jan_1,1,48,7351,0.0156249999999999,0.0055,0
sun3d-home_at-home_at_scan1_2013_jan_1,1,49,7351,0.00390625,-0.009999999999999998,0
sun3d-home_at-home_at_scan1_2013_jan_1,1,50,7351,-0.062499999999999695,-0.0505,0
sun3d-home_at-home_at_scan1_2013_jan_1,1,51,7351,-0.07031249999999972,-0.1205,1
sun3d-home_at-home_at_scan1_2013_jan_1,2,3,7351,-0.05078124999999978,-0.020000000000000018,0
sun3d-home_at-home_at_scan1_2013_jan_1,2,31,7351,-0.02734374999999989,-0.08650000000000001,0
sun3d-home_at-home_at_scan1_2013_jan_1,2,33,7351,-0.2265624999999991,-0.16299999999999998,-1
sun3d-home_at-home_at_scan1_2013_jan_1,2,35,7351,0.1093749999999995,0.043999999999999984,0
sun3d-home_at-home_at_scan1_2013_jan_1,2,37,7351,0.05078124999999978,0.13050000000000006,0
sun3d-home_at-home_at_scan1_2013_jan_1,2,39,7351,-0.0078125,0.020499999999999963,0
sun3d-home_at-home_at_scan1_2013_jan_1,2,48,7351,0.0117187499999999,0.0,0
sun3d-home_at-home_at_scan1_2013_jan_1,2,49,7351,0.0039062499999999,0.0,0
sun3d-home_at-home_at_scan1_2013_jan_1,2,50,7351,0.0,0.0,0
sun3d-home_at-home_at_scan1_2013_jan_1,2,51,7351,0.0,0.0,0
sun3d-home_at-home_at_scan1_2013_jan_1,3,24,7351,0.0820312499999996,0.0095,0
sun3d-home_at-home_at_scan1_2013_jan_1,3,25,7351,0.027343749999999917,-0.011499999999999996,0
sun3d-home_at-home_at_scan1_2013_jan_1,3,26,7351,0.0351562499999998,0.002,0
sun3d-home_at-home_at_scan1_2013_jan_1,3,29,7351,0.007812499999999889,0.064,0
sun3d-home_at-home_at_scan1_2013_jan_1,3,30,7351,-0.1679687499999993,-0.038500000000000006,0
sun3d-home_at-home_at_scan1_2013_jan_1,3,32,7351,0.03515624999999989,0.04300000000000001,1
sun3d-home_at-home_at_scan1_2013_jan_1,3,33,7351,0.18359374999999928,0.24050000000000005,0
sun3d-home_at-home_at_scan1_2013_jan_1,3,34,7351,-0.06640624999999978,0.02100000000000002,0
sun3d-home_at-home_at_scan1_2013_jan_1,3,35,7351,0.22265624999999906,0.21799999999999997,0
sun3d-home_at-home_at_scan1_2013_jan_1,3,36,7351,0.23828124999999906,0.23300000000000004,0
sun3d-home_at-home_at_scan1_2013_jan_1,3,37,7351,0.21874999999999922,0.2425,0
sun3d-home_at-home_at_scan1_2013_jan_1,3,38,7351,0.09765624999999956,0.1825,0
sun3d-home_at-home_at_scan1_2013_jan_1,3,40,7351,-0.0664062499999997,-0.025500000000000023,0
sun3d-home_at-home_at_scan1_2013_jan_1,3,41,7351,0.05859374999999983,0.126,0
sun3d-home_at-home_at_scan1_2013_jan_1,3,42,7351,-0.10937499999999961,0.010499999999999995,-1
sun3d-home_at-home_at_scan1_2013_jan_1,3,44,7351,-0.0078125,0.11599999999999994,0
sun3d-home_at-home_at_scan1_2013_jan_1,3,45,7351,-0.06640624999999972,-0.013500000000000012,0
sun3d-home_at-home_at_scan1_2013_jan_1,3,46,7351,-0.1835937499999993,-0.139,-1
sun3d-home_at-home_at_scan1_2013_jan_1,3,48,7351,0.18749999999999922,0.247,1
sun3d-home_at-home_at_scan1_2013_jan_1,3,49,7351,0.015625,-0.028000000000000004,0
sun3d-home_at-home_at_scan1_2013_jan_1,4,8,7351,-0.03906249999999978,0.0315,0
sun3d-home_at-home_at_scan1_2013_jan_1,4,24,7351,-0.09374999999999958,-0.013999999999999999,0
sun3d-home_at-home_at_scan1_2013_jan_1,4,25,7351,-0.01953124999999989,-0.04200000000000001,0
sun3d-home_at-home_at_scan1_2013_jan_1,4,26,7351,-0.0429687499999999,-0.0225,0
sun3d-home_at-home_at_scan1_2013_jan_1,4,29,7351,-0.12109374999999947,-0.05299999999999999,0
sun3d-home_at-home_at_scan1_2013_jan_1,4,30,7351,-0.06640624999999978,-0.020500000000000004,-1
sun3d-home_at-home_at_scan1_2013_jan_1,4,31,7351,-0.03515624999999989,-0.013500000000000002,0
sun3d-home_at-home_at_scan1_2013_jan_1,4,32,7351,0.0859374999999997,0.015,0
sun3d-home_at-home_at_scan1_2013_jan_1,4,42,7351,-0.0078125,-0.022000000000000002,0
sun3d-home_at-home_at_scan1_2013_jan_1,4,44,7351,0.03124999999999989,0.040000000000000036,0
sun3d-home_at-home_at_scan1_2013_jan_1,4,45,7351,-0.05078124999999972,-0.025000000000000022,0
sun3d-home_at-home_at_scan1_2013_jan_1,4,47,7351,-0.035156249999999896,-0.045,0
sun3d-home_at-home_at_scan1_2013_jan_1,5,6,7351,-0.21484374999999917,-0.0675,0
sun3d-home_at-home_at_scan1_2013_jan_1,5,11,7351,0.1289062499999995,0.188,0
sun3d-home_at-home_at_scan1_2013_jan_1,5,15,7351,-0.23437499999999906,-0.0945,-1
sun3d-home_at-home_at_scan1_2013_jan_1,5,40,7351,0.01171875,0.046999999999999986,0
sun3d-home_at-home_at_scan1_2013_jan_1,6,8,7351,0.05078124999999978,0.094,0
sun3d-home_at-home_at_scan1_2013_jan_1,6,9,7351,0.06640624999999972,0.05,0
sun3d-home_at-home_at_scan1_2013_jan_1,6,10,7351,0.0195312499999999,0.0295,0
sun3d-home_at-home_at_scan1_2013_jan_1,6,24,7351,0.0078125,0.0025000000000000022,0
sun3d-home_at-home_at_scan1_2013_jan_1,6,25,7351,-0.058593749999999695,-0.0175,0
sun3d-home_at-home_at_scan1_2013_jan_1,6,26,7351,0.0078125,-0.0030000000000000027,0
sun3d-home_at-home_at_scan1_2013_jan_1,6,29,7351,0.03124999999999989,-0.012499999999999997,0
sun3d-home_at-home_at_scan1_2013_jan_1,6,30,7351,-0.1210937499999995,-0.012499999999999997,0
sun3d-home_at-home_at_scan1_2013_jan_1,6,31,7351,0.039062499999999806,-0.0105,0
sun3d-home_at-home_at_scan1_2013_jan_1,6,42,7351,-0.01953125,-0.0019999999999999983,0
sun3d-home_at-home_at_scan1_2013_jan_1,6,43,7351,-0.0078125,0.012999999999999998,0
sun3d-home_at-home_at_scan1_2013_jan_1,6,44,7351,-0.3359374999999987,-0.261,-1
sun3d-home_at-home_at_scan1_2013_jan_1,6,45,7351,-0.3828124999999985,-0.2765,-1
sun3d-home_at-home_at_scan1_2013_jan_1,6,46,7351,-0.0273437499999999,-0.0085,0
sun3d-home_at-home_at_scan1_2013_jan_1,6,47,7351,0.007812499999999903,-0.011000000000000001,0
sun3d-home_at-home_at_scan1_2013_jan_1,7,9,7351,0.015625,0.02300000000000002,0
sun3d-home_at-home_at_scan1_2013_jan_1,7,10,7351,-0.14062499999999942,-0.13349999999999998,0
sun3d-home_at-home_at_scan1_2013_jan_1,7,24,7351,0.06249999999999972,-0.004500000000000004,0
sun3d-home_at-home_at_scan1_2013_jan_1,7,25,7351,0.03124999999999989,0.024500000000000008,0
sun3d-home_at-home_at_scan1_2013_jan_1,7,26,7351,0.0820312499999997,0.02149999999999999,0
sun3d-home_at-home_at_scan1_2013_jan_1,7,28,7351,0.011718749999999889,0.0015000000000000013,0
sun3d-home_at-home_at_scan1_2013_jan_1,7,29,7351,0.015624999999999889,-0.012499999999999983,0
sun3d-home_at-home_at_scan1_2013_jan_1,7,30,7351,0.06249999999999972,-0.005499999999999977,0
sun3d-home_at-home_at_scan1_2013_jan_1,7,31,7351,-0.21484374999999908,-0.11449999999999999,0
sun3d-home_at-home_at_scan1_2013_jan_1,7,43,7351,-0.14843749999999933,-0.08799999999999997,0
sun3d-home_at-home_at_scan1_2013_jan_1,7,44,7351,-0.03515624999999989,0.02749999999999997,0
sun3d-home_at-home_at_scan1_2013_jan_1,7,45,7351,0.05078124999999978,0.0605,0
sun3d-home_at-home_at_scan1_2013_jan_1,7,47,7351,0.09765624999999961,0.047000000000000014,0
sun3d-home_at-home_at_scan1_2013_jan_1,8,11,7351,0.1679687499999993,0.031,0
sun3d-home_at-home_at_scan1_2013_jan_1,8,25,7351,0.10156249999999956,0.1215,1
sun3d-home_at-home_at_scan1_2013_jan_1,8,30,7351,0.08593749999999972,0.1145,1
sun3d-home_at-home_at_scan1_2013_jan_1,8,44,7351,0.031249999999999778,-0.018000000000000016,0
sun3d-home_at-home_at_scan1_2013_jan_1,8,45,7351,0.031249999999999833,0.027500000000000024,0
sun3d-home_at-home_at_scan1_2013_jan_1,9,11,7351,0.16796874999999933,0.17700000000000005,0
sun3d-home_at-home_at_scan1_2013_jan_1,9,24,7351,-0.04296874999999978,0.01200000000000001,0
sun3d-home_at-home_at_scan1_2013_jan_1,9,26,7351,-0.05468749999999978,-0.0705,0
sun3d-home_at-home_at_scan1_2013_jan_1,9,28,7351,-0.07421874999999967,-0.03749999999999999,0
sun3d-home_at-home_at_scan1_2013_jan_1,9,29,7351,-0.0078125,0.01649999999999996,1
sun3d-home_at-home_at_scan1_2013_jan_1,9,30,7351,0.07812499999999972,0.0605,0
sun3d-home_at-home_at_scan1_2013_jan_1,9,43,7351,0.03906249999999989,0.026000000000000023,0
sun3d-home_at-home_at_scan1_2013_jan_1,9,44,7351,0.03515624999999989,0.09850000000000003,0
sun3d-home_at-home_at_scan1_2013_jan_1,9,45,7351,0.05859374999999978,0.11249999999999999,0
sun3d-home_at-home_at_scan1_2013_jan_1,10,12,7351,0.12499999999999956,0.19699999999999995,0
sun3d-home_at-home_at_scan1_2013_jan_1,10,13,7351,0.04296874999999978,0.11299999999999999,0
sun3d-home_at-home_at_scan1_2013_jan_1,10,15,7351,0.21874999999999917,0.143,0
sun3d-home_at-home_at_scan1_2013_jan_1,10,17,7351,0.09374999999999961,0.13149999999999995,0
sun3d-home_at-home_at_scan1_2013_jan_1,10,22,7351,0.19921874999999933,0.10349999999999993,0
sun3d-home_at-home_at_scan1_2013_jan_1,10,28,7351,-0.10156249999999961,-0.02750000000000001,0
sun3d-home_at-home_at_scan1_2013_jan_1,10,29,7351,0.05468749999999978,0.014000000000000012,0
sun3d-home_at-home_at_scan1_2013_jan_1,10,43,7351,-0.011718749999999889,0.04949999999999999,0
sun3d-home_at-home_at_scan1_2013_jan_1,10,44,7351,0.01953124999999989,0.0645,0
sun3d-home_at-home_at_scan1_2013_jan_1,10,45,7351,-0.06640624999999967,-0.007000000000000006,0
sun3d-home_at-home_at_scan1_2013_jan_1,11,13,7351,0.0078125,0.058499999999999996,0
sun3d-home_at-home_at_scan1_2013_jan_1,11,18,7351,0.0,0.07350000000000001,0
sun3d-home_at-home_at_scan1_2013_jan_1,11,20,7351,0.14062499999999944,0.15850000000000003,0
sun3d-home_at-home_at_scan1_2013_jan_1,11,21,7351,0.06249999999999978,0.07699999999999996,0
sun3d-home_at-home_at_scan1_2013_jan_1,11,22,7351,0.04296874999999978,0.10099999999999998,0
sun3d-home_at-home_at_scan1_2013_jan_1,11,23,7351,0.03515624999999989,0.025499999999999967,0
sun3d-home_at-home_at_scan1_2013_jan_1,11,44,7351,-0.015625,0.06899999999999995,0
sun3d-home_at-home_at_scan1_2013_jan_1,11,45,7351,-0.03124999999999989,0.058499999999999996,0
sun3d-home_at-home_at_scan1_2013_jan_1,12,19,7351,0.03515624999999978,0.10900000000000004,0
sun3d-home_at-home_at_scan1_2013_jan_1,12,20,7351,0.04296874999999989,0.10350000000000004,0
sun3d-home_at-home_at_scan1_2013_jan_1,12,22,7351,-0.02734374999999989,0.08000000000000007,0
sun3d-home_at-home_at_scan1_2013_jan_1,13,19,7351,0.015625,0.07350000000000001,0
sun3d-home_at-home_at_scan1_2013_jan_1,13,20,7351,0.07421874999999967,0.121,0
sun3d-home_at-home_at_scan1_2013_jan_1,13,21,7351,0.04296874999999989,0.12950000000000006,0
sun3d-home_at-home_at_scan1_2013_jan_1,13,22,7351,0.03515624999999978,0.07150000000000001,0
sun3d-home_at-home_at_scan1_2013_jan_1,14,19,7351,-0.03124999999999989,0.07900000000000007,0
sun3d-home_at-home_at_scan1_2013_jan_1,14,22,7351,-0.0078125,0.06800000000000006,0
sun3d-home_at-home_at_scan1_2013_jan_1,15,19,7351,-0.01171875,0.08250000000000002,0
sun3d-home_at-home_at_scan1_2013_jan_1,15,22,7351,0.01171875,0.07200000000000006,0
sun3d-home_at-home_at_scan1_2013_jan_1,15,23,7351,0.02343749999999989,0.10499999999999998,0
sun3d-home_at-home_at_scan1_2013_jan_1,16,22,7351,0.04296874999999989,0.08550000000000002,0
sun3d-home_at-home_at_scan1_2013_jan_1,17,19,7351,0.0,0.04300000000000004,0
sun3d-home_at-home_at_scan1_2013_jan_1,17,20,7351,0.03906249999999989,0.11649999999999994,0
sun3d-home_at-home_at_scan1_2013_jan_1,17,23,7351,0.011718749999999889,0.044999999999999984,0
sun3d-home_at-home_at_scan1_2013_jan_1,18,22,7351,0.00390625,0.06699999999999995,0
sun3d-home_at-home_at_scan1_2013_jan_1,19,21,7351,0.007812499999999917,0.06000000000000001,0
sun3d-home_at-home_at_scan1_2013_jan_1,20,22,7351,0.1289062499999995,0.1795,1
sun3d-home_at-home_at_scan1_2013_jan_1,21,23,7351,0.03124999999999989,0.05300000000000005,0
sun3d-home_at-home_at_scan1_2013_jan_1,22,31,7351,0.0078125,0.10299999999999998,0
sun3d-home_at-home_at_scan1_2013_jan_1,22,32,7351,0.0,0.10099999999999998,0
sun3d-home_at-home_at_scan1_2013_jan_1,22,42,7351,0.08593749999999972,0.10049999999999999,-1
sun3d-home_at-home_at_scan1_2013_jan_1,22,43,7351,0.1367187499999995,0.215,1
sun3d-home_at-home_at_scan1_2013_jan_1,23,24,7351,0.03906249999999989,0.13,0
sun3d-home_at-home_at_scan1_2013_jan_1,23,30,7351,0.01953125,0.10499999999999998,0
sun3d-home_at-home_at_scan1_2013_jan_1,23,43,7351,0.1406249999999994,0.12750000000000003,0
sun3d-home_at-home_at_scan1_2013_jan_1,23,44,7351,0.3906249999999985,0.22499999999999998,1
sun3d-home_at-home_at_scan1_2013_jan_1,23,45,7351,0.2031249999999992,0.16349999999999998,1
sun3d-home_at-home_at_scan1_2013_jan_1,23,46,7351,0.1406249999999995,0.11099999999999999,0
sun3d-home_at-home_at_scan1_2013_jan_1,23,47,7351,0.05078124999999978,0.08649999999999997,0
sun3d-home_at-home_at_scan1_2013_jan_1,24,27,7351,0.03124999999999989,0.05249999999999999,0
sun3d-home_at-home_at_scan1_2013_jan_1,24,32,7351,0.02734374999999989,0.08599999999999997,0
sun3d-home_at-home_at_scan1_2013_jan_1,24,42,7351,0.0,0.0305,0
sun3d-home_at-home_at_scan1_2013_jan_1,24,43,7351,0.06640624999999978,0.03699999999999999,1
sun3d-home_at-home_at_scan1_2013_jan_1,24,44,7351,0.0703124999999998,0.0465,0
sun3d-home_at-home_at_scan1_2013_jan_1,24,45,7351,0.15624999999999942,0.1195,1
sun3d-home_at-home_at_scan1_2013_jan_1,24,46,7351,0.1328124999999994,0.06249999999999999,0
sun3d-home_at-home_at_scan1_2013_jan_1,24,47,7351,-0.00390625,-0.0085,-1
sun3d-home_at-home_at_scan1_2013_jan_1,25,31,7351,-0.054687499999999806,0.017,0
sun3d-home_at-home_at_scan1_2013_jan_1,26,30,7351,0.0,0.08949999999999991,0
sun3d-home_at-home_at_scan1_2013_jan_1,27,29,7351,-0.015625,0.03199999999999997,0
sun3d-home_at-home_at_scan1_2013_jan_1,28,30,7351,0.03515624999999989,0.118,0
sun3d-home_at-home_at_scan1_2013_jan_1,29,32,7351,0.02343749999999989,0.0535000000000001,0
sun3d-home_at-home_at_scan1_2013_jan_1,29,42,7351,0.1210937499999995,0.07600000000000001,1
sun3d-home_at-home_at_scan1_2013_jan_1,29,43,7351,0.13671874999999947,0.10300000000000001,0
sun3d-home_at-home_at_scan1_2013_jan_1,29,44,7351,0.07812499999999972,0.06849999999999999,0
sun3d-home_at-home_at_scan1_2013_jan_1,29,45,7351,0.1562499999999993,0.10900000000000001,1
sun3d-home_at-home_at_scan1_2013_jan_1,29,46,7351,0.20312499999999922,0.14,1
sun3d-home_at-home_at_scan1_2013_jan_1,29,47,7351,0.12109374999999949,0.09,1
sun3d-home_at-home_at_scan1_2013_jan_1,30,33,7351,0.13281249999999956,0.1825,0
sun3d-home_at-home_at_scan1_2013_jan_1,30,34,7351,0.1718749999999993,0.3035,1
sun3d-home_at-home_at_scan1_2013_jan_1,30,36,7351,0.0078124999999999,0.008,0
sun3d-home_at-home_at_scan1_2013_jan_1,30,41,7351,0.24218749999999908,0.2725,1
sun3d-home_at-home_at_scan1_2013_jan_1,30,42,7351,0.11328124999999956,0.09249999999999997,0
sun3d-home_at-home_at_scan1_2013_jan_1,30,46,7351,0.07031249999999978,0.09200000000000003,0
sun3d-home_at-home_at_scan1_2013_jan_1,30,48,7351,0.0781249999999997,-0.046499999999999986,0
sun3d-home_at-home_at_scan1_2013_jan_1,31,35,7351,0.06640624999999978,0.08499999999999996,0
sun3d-home_at-home_at_scan1_2013_jan_1,31,37,7351,0.14843749999999933,0.15550000000000003,0
sun3d-home_at-home_at_scan1_2013_jan_1,31,38,7351,0.10156249999999956,0.05700000000000005,0
sun3d-home_at-home_at_scan1_2013_jan_1,31,41,7351,0.10156249999999967,0.128,0
sun3d-home_at-home_at_scan1_2013_jan_1,31,42,7351,-0.01953124999999989,0.02849999999999997,0
sun3d-home_at-home_at_scan1_2013_jan_1,31,46,7351,0.3710937499999986,0.2795,1
sun3d-home_at-home_at_scan1_2013_jan_1,31,49,7351,-0.6874999999999973,-0.509,-1
sun3d-home_at-home_at_scan1_2013_jan_1,32,34,7351,-0.015625,0.019499999999999962,0
sun3d-home_at-home_at_scan1_2013_jan_1,32,36,7351,-0.08593749999999972,-0.04600000000000004,0
sun3d-home_at-home_at_scan1_2013_jan_1,32,37,7351,-0.08593749999999961,-0.04199999999999998,0
sun3d-home_at-home_at_scan1_2013_jan_1,32,38,7351,-0.00390625,0.06000000000000005,0
sun3d-home_at-home_at_scan1_2013_jan_1,32,39,7351,-0.01953125,0.04249999999999998,0
sun3d-home_at-home_at_scan1_2013_jan_1,32,40,7351,0.015624999999999889,0.0695,1
sun3d-home_at-home_at_scan1_2013_jan_1,32,41,7351,0.10546874999999956,0.1335,0
sun3d-home_at-home_at_scan1_2013_jan_1,32,43,7351,0.1132812499999995,0.08149999999999999,0
sun3d-home_at-home_at_scan1_2013_jan_1,32,44,7351,0.1484374999999995,0.04000000000000001,0
sun3d-home_at-home_at_scan1_2013_jan_1,32,45,7351,0.33593749999999867,0.16449999999999998,0
sun3d-home_at-home_at_scan1_2013_jan_1,32,46,7351,0.06249999999999978,0.019999999999999962,0
sun3d-home_at-home_at_scan1_2013_jan_1,32,47,7351,0.09765624999999967,0.11699999999999999,0
sun3d-home_at-home_at_scan1_2013_jan_1,32,48,7351,-0.3398437499999987,-0.379,-1
sun3d-home_at-home_at_scan1_2013_jan_1,33,35,7351,0.02343749999999989,0.14950000000000008,0
sun3d-home_at-home_at_scan1_2013_jan_1,33,46,7351,0.04296874999999989,0.124,0
sun3d-home_at-home_at_scan1_2013_jan_1,33,49,7351,-0.1132812499999995,-0.07100000000000001,0
sun3d-home_at-home_at_scan1_2013_jan_1,34,38,7351,0.05078124999999978,-0.025500000000000078,0
sun3d-home_at-home_at_scan1_2013_jan_1,34,41,7351,-0.015624999999999889,0.056499999999999995,0
sun3d-home_at-home_at_scan1_2013_jan_1,34,47,7351,0.03906249999999978,0.11099999999999999,0
sun3d-home_at-home_at_scan1_2013_jan_1,34,51,7351,-0.17578124999999928,-0.141,0
sun3d-home_at-home_at_scan1_2013_jan_1,34,55,7351,-0.02734374999999989,0.0025000000000000577,0
sun3d-home_at-home_at_scan1_2013_jan_1,35,36,7351,-0.03515624999999978,0.019000000000000017,0
sun3d-home_at-home_at_scan1_2013_jan_1,35,37,7351,0.0,0.09650000000000003,0
sun3d-home_at-home_at_scan1_2013_jan_1,35,48,7351,-0.03906249999999989,0.0665,0
sun3d-home_at-home_at_scan1_2013_jan_1,35,51,7351,-0.08593749999999956,-0.04400000000000004,0
sun3d-home_at-home_at_scan1_2013_jan_1,35,52,7351,0.06249999999999978,0.10699999999999998,0
sun3d-home_at-home_at_scan1_2013_jan_1,35,53,7351,-0.04687499999999978,-0.015499999999999958,0
sun3d-home_at-home_at_scan1_2013_jan_1,35,56,7351,-0.04687499999999989,0.02399999999999991,0
sun3d-home_at-home_at_scan1_2013_jan_1,35,57,7351,-0.09765624999999956,-0.019499999999999962,1
sun3d-home_at-home_at_scan1_2013_jan_1,35,58,7351,-0.06249999999999978,0.034499999999999975,0
sun3d-home_at-home_at_scan1_2013_jan_1,36,38,7351,0.00390625,-0.030500000000000083,0
sun3d-home_at-home_at_scan1_2013_jan_1,36,41,7351,0.0,0.058499999999999996,0
sun3d-home_at-home_at_scan1_2013_jan_1,36,47,7351,0.02343749999999989,0.11050000000000004,0
sun3d-home_at-home_at_scan1_2013_jan_1,36,50,7351,-0.08203124999999967,-0.019000000000000017,0
sun3d-home_at-home_at_scan1_2013_jan_1,36,51,7351,-0.01953124999999989,0.04400000000000004,0
sun3d-home_at-home_at_scan1_2013_jan_1,36,55,7351,0.01171875,0.008499999999999952,0
sun3d-home_at-home_at_scan1_2013_jan_1,37,39,7351,0.00390625,0.0014999999999999458,0
sun3d-home_at-home_at_scan1_2013_jan_1,37,41,7351,-0.015624999999999889,0.03649999999999998,0
sun3d-home_at-home_at_scan1_2013_jan_1,37,47,7351,0.00390625,0.10749999999999993,0
sun3d-home_at-home_at_scan1_2013_jan_1,37,48,7351,-0.007812499999999889,0.09899999999999998,0
sun3d-home_at-home_at_scan1_2013_jan_1,37,50,7351,-0.0078125,0.021999999999999964,0
sun3d-home_at-home_at_scan1_2013_jan_1,37,51,7351,0.02343749999999989,0.02300000000000002,0
sun3d-home_at-home_at_scan1_2013_jan_1,37,55,7351,-0.05859374999999978,-0.11550000000000005,0
sun3d-home_at-home_at_scan1_2013_jan_1,38,40,7351,-0.02343749999999989,-0.01200000000000001,0
sun3d-home_at-home_at_scan1_2013_jan_1,38,41,7351,0.03906249999999978,0.0645,0
sun3d-home_at-home_at_scan1_2013_jan_1,38,48,7351,0.09765624999999967,0.12049999999999994,0
sun3d-home_at-home_at_scan1_2013_jan_1,39,41,7351,0.03906249999999989,-0.011499999999999955,0
sun3d-home_at-home_at_scan1_2013_jan_1,39,42,7351,0.03906249999999989,0.017000000000000015,0
sun3d-home_at-home_at_scan1_2013_jan_1,39,46,7351,-0.19140624999999922,-0.07050000000000001,0
sun3d-home_at-home_at_scan1_2013_jan_1,39,47,7351,0.09374999999999967,0.12150000000000005,0
sun3d-home_at-home_at_scan1_2013_jan_1,40,42,7351,-0.03124999999999989,0.049000000000000044,0
sun3d-home_at-home_at_scan1_2013_jan_1,40,43,7351,-0.07031249999999967,-0.03300000000000003,0
sun3d-home_at-home_at_scan1_2013_jan_1,40,44,7351,0.35156249999999867,0.14900000000000002,0
sun3d-home_at-home_at_scan1_2013_jan_1,40,45,7351,0.08593749999999972,0.01949999999999999,0
sun3d-home_at-home_at_scan1_2013_jan_1,40,46,7351,0.03906249999999989,0.08850000000000002,0
sun3d-home_at-home_at_scan1_2013_jan_1,40,47,7351,0.015624999999999889,0.07699999999999996,0
sun3d-home_at-home_at_scan1_2013_jan_1,40,48,7351,0.07812499999999967,0.08499999999999996,0
sun3d-home_at-home_at_scan1_2013_jan_1,41,43,7351,-0.08984374999999967,-0.07099999999999995,0
sun3d-home_at-home_at_scan1_2013_jan_1,41,44,7351,-0.257812499999999,-0.1335,0
sun3d-home_at-home_at_scan1_2013_jan_1,41,45,7351,0.10546874999999956,0.10149999999999998,0
sun3d-home_at-home_at_scan1_2013_jan_1,43,48,7351,0.0468749999999998,0.0,0
sun3d-home_at-home_at_scan1_2013_jan_1,44,48,7351,0.0468749999999998,0.0025,0
sun3d-home_at-home_at_scan1_2013_jan_1,46,48,7351,0.16796874999999933,0.09499999999999997,0
sun3d-home_at-home_at_scan1_2013_jan_1,47,49,7351,0.05078124999999978,0.06649999999999989,0
sun3d-home_at-home_at_scan1_2013_jan_1,48,50,7351,0.023437499999999778,0.07350000000000001,0
sun3d-home_at-home_at_scan1_2013_jan_1,48,51,7351,-0.00390625,0.02749999999999997,0
sun3d-home_at-home_at_scan1_2013_jan_1,49,52,7351,-0.36718749999999856,-0.238,0
sun3d-home_at-home_at_scan1_2013_jan_1,49,53,7351,0.04296874999999978,0.07350000000000001,0
sun3d-home_at-home_at_scan1_2013_jan_1,49,54,7351,0.13671874999999956,0.0965,1
sun3d-home_at-home_at_scan1_2013_jan_1,49,55,7351,0.04296874999999978,0.08599999999999997,0
sun3d-home_at-home_at_scan1_2013_jan_1,49,56,7351,0.19531249999999928,0.1915,1
sun3d-home_at-home_at_scan1_2013_jan_1,50,52,7351,-0.3164062499999987,-0.08699999999999997,0
sun3d-home_at-home_at_scan1_2013_jan_1,50,53,7351,0.0,0.09499999999999997,-1
sun3d-home_at-home_at_scan1_2013_jan_1,50,54,7351,0.14453124999999944,0.1215,0
sun3d-home_at-home_at_scan1_2013_jan_1,50,55,7351,-0.04687499999999978,0.034499999999999975,0
sun3d-home_at-home_at_scan1_2013_jan_1,50,56,7351,0.05078124999999989,0.07499999999999996,0
sun3d-home_at-home_at_scan1_2013_jan_1,50,57,7351,0.12109374999999956,0.065,0
sun3d-home_at-home_at_scan1_2013_jan_1,50,58,7351,0.13281249999999956,0.05299999999999999,1
sun3d-home_at-home_at_scan1_2013_jan_1,51,52,7351,-0.10156249999999967,0.02150000000000002,0
sun3d-home_at-home_at_scan1_2013_jan_1,51,53,7351,0.1328124999999995,0.11149999999999999,0
sun3d-home_at-home_at_scan1_2013_jan_1,51,54,7351,0.03906249999999989,0.020000000000000018,1
sun3d-home_at-home_at_scan1_2013_jan_1,51,57,7351,0.08984374999999967,0.07450000000000001,0
sun3d-home_at-home_at_scan1_2013_jan_1,51,58,7351,-0.03906249999999989,0.02699999999999997,0
sun3d-home_at-home_at_scan1_2013_jan_1,52,57,7351,-0.03515624999999983,0.05400000000000002,-1
sun3d-home_at-home_at_scan1_2013_jan_1,52,58,7351,-0.0078125,0.027499999999999997,0
sun3d-home_at-home_at_scan1_2013_jan_1,53,57,7351,-0.09374999999999956,0.014499999999999957,0
sun3d-home_at-home_at_scan1_2013_jan_1,54,56,7351,0.01953124999999989,0.04800000000000004,0
sun3d-home_at-home_at_scan1_2013_jan_1,54,57,7351,-0.08984374999999967,-0.05700000000000005,0
sun3d-home_at-home_at_scan1_2013_jan_1,54,58,7351,-0.05859374999999978,0.033499999999999974,0
sun3d-home_at-home_at_scan1_2013_jan_1,55,56,7351,0.015625,0.01849999999999996,0
sun3d-home_at-home_at_scan1_2013_jan_1,55,58,7351,0.00390625,0.0675,0
sun3d-home_at-home_at_scan1_2013_jan_1,57,59,7351,0.02343749999999989,0.052000000000000046,0
sun3d-home_md-home_md_scan9_2012_sep_30,0,1,7351,-0.00390625,-0.013500000000000012,0
sun3d-home_md-home_md_scan9_2012_sep_30,0,51,7351,0.1718749999999994,0.132,0
sun3d-home_md-home_md_scan9_2012_sep_30,0,52,7351,0.1679687499999994,0.1975,0
sun3d-home_md-home_md_scan9_2012_sep_30,0,53,7351,0.01171875,0.13350000000000006,0
sun3d-home_md-home_md_scan9_2012_sep_30,0,54,7351,-0.02343749999999989,0.035499999999999976,0
sun3d-home_md-home_md_scan9_2012_sep_30,0,55,7351,0.011718749999999889,0.06400000000000006,0
sun3d-home_md-home_md_scan9_2012_sep_30,0,56,7351,-0.1406249999999995,-0.01200000000000001,0
sun3d-home_md-home_md_scan9_2012_sep_30,0,57,7351,-0.01953124999999989,0.033499999999999974,0
sun3d-home_md-home_md_scan9_2012_sep_30,0,58,7351,0.02343749999999989,0.061000000000000054,0
sun3d-home_md-home_md_scan9_2012_sep_30,0,59,7351,-0.00390625,0.0645,0
sun3d-home_md-home_md_scan9_2012_sep_30,1,3,7351,0.015624999999999889,0.02100000000000002,0
sun3d-home_md-home_md_scan9_2012_sep_30,1,4,7351,0.02734374999999989,0.006000000000000005,0
sun3d-home_md-home_md_scan9_2012_sep_30,1,5,7351,0.03124999999999989,0.04850000000000004,0
sun3d-home_md-home_md_scan9_2012_sep_30,1,6,7351,-0.01171875,-0.012999999999999984,0
sun3d-home_md-home_md_scan9_2012_sep_30,1,7,7351,-0.00390625,0.02849999999999997,0
sun3d-home_md-home_md_scan9_2012_sep_30,1,8,7351,0.03515624999999989,0.07850000000000001,0
sun3d-home_md-home_md_scan9_2012_sep_30,1,37,7351,-0.04296874999999989,-0.008500000000000008,0
sun3d-home_md-home_md_scan9_2012_sep_30,1,38,7351,0.08593749999999956,0.11949999999999994,0
sun3d-home_md-home_md_scan9_2012_sep_30,1,46,7351,0.08984374999999967,0.16000000000000003,0
sun3d-home_md-home_md_scan9_2012_sep_30,2,3,7351,0.00390625,0.016000000000000014,0
sun3d-home_md-home_md_scan9_2012_sep_30,2,4,7351,0.01953124999999989,0.04149999999999998,0
sun3d-home_md-home_md_scan9_2012_sep_30,2,6,7351,-0.015624999999999889,0.06600000000000006,0
sun3d-home_md-home_md_scan9_2012_sep_30,2,9,7351,-0.0078125,-0.018500000000000003,0
sun3d-home_md-home_md_scan9_2012_sep_30,2,36,7351,-0.019531249999999903,-0.007500000000000001,0
sun3d-home_md-home_md_scan9_2012_sep_30,2,37,7351,-0.01171875,0.040000000000000036,0
sun3d-home_md-home_md_scan9_2012_sep_30,2,38,7351,-0.00390625,0.025000000000000022,0
sun3d-home_md-home_md_scan9_2012_sep_30,2,39,7351,0.0234375,0.03700000000000003,0
sun3d-home_md-home_md_scan9_2012_sep_30,2,40,7351,0.0,0.04499999999999993,0
sun3d-home_md-home_md_scan9_2012_sep_30,2,41,7351,0.09374999999999967,0.11599999999999999,0
sun3d-home_md-home_md_scan9_2012_sep_30,2,45,7351,0.11328124999999956,0.15049999999999997,0
sun3d-home_md-home_md_scan9_2012_sep_30,2,46,7351,0.015625,0.057499999999999996,0
sun3d-home_md-home_md_scan9_2012_sep_30,2,47,7351,-0.015625,0.0675,0
sun3d-home_md-home_md_scan9_2012_sep_30,2,49,7351,0.03906249999999978,0.11099999999999999,0
sun3d-home_md-home_md_scan9_2012_sep_30,3,8,7351,-0.031249999999999778,0.033499999999999974,0
sun3d-home_md-home_md_scan9_2012_sep_30,3,45,7351,-0.04687499999999989,0.03600000000000003,0
sun3d-home_md-home_md_scan9_2012_sep_30,3,48,7351,0.07812499999999967,0.126,0
sun3d-home_md-home_md_scan9_2012_sep_30,3,49,7351,0.015624999999999889,0.08199999999999996,0
sun3d-home_md-home_md_scan9_2012_sep_30,4,8,7351,0.01953124999999989,0.05399999999999994,0
sun3d-home_md-home_md_scan9_2012_sep_30,4,30,7351,0.08593749999999967,0.07099999999999995,0
sun3d-home_md-home_md_scan9_2012_sep_30,4,41,7351,0.0,0.0685,0
sun3d-home_md-home_md_scan9_2012_sep_30,4,45,7351,-0.00390625,0.07050000000000001,0
sun3d-home_md-home_md_scan9_2012_sep_30,4,47,7351,0.0078125,0.07750000000000001,0
sun3d-home_md-home_md_scan9_2012_sep_30,4,48,7351,0.0,0.08150000000000002,0
sun3d-home_md-home_md_scan9_2012_sep_30,4,49,7351,0.00390625,0.08750000000000002,0
sun3d-home_md-home_md_scan9_2012_sep_30,5,8,7351,-0.015625,0.05049999999999999,0
sun3d-home_md-home_md_scan9_2012_sep_30,5,37,7351,-0.0078125,0.10600000000000004,0
sun3d-home_md-home_md_scan9_2012_sep_30,5,41,7351,0.07031249999999956,0.07450000000000001,0
sun3d-home_md-home_md_scan9_2012_sep_30,5,45,7351,0.01953124999999989,0.03550000000000009,0
sun3d-home_md-home_md_scan9_2012_sep_30,5,47,7351,0.03906249999999978,0.10049999999999992,0
sun3d-home_md-home_md_scan9_2012_sep_30,5,48,7351,0.01953124999999989,0.049000000000000044,0
sun3d-home_md-home_md_scan9_2012_sep_30,5,49,7351,0.015625,0.09150000000000003,0
sun3d-home_md-home_md_scan9_2012_sep_30,6,8,7351,-0.02734374999999989,0.0050000000000000044,0
sun3d-home_md-home_md_scan9_2012_sep_30,6,40,7351,0.00390625,0.007500000000000062,0
sun3d-home_md-home_md_scan9_2012_sep_30,6,41,7351,0.20312499999999922,0.1745,0
sun3d-home_md-home_md_scan9_2012_sep_30,6,45,7351,0.03515624999999989,0.11499999999999999,0
sun3d-home_md-home_md_scan9_2012_sep_30,6,47,7351,0.07421874999999967,0.08999999999999997,0
sun3d-home_md-home_md_scan9_2012_sep_30,7,8,7351,-0.01953125,0.05900000000000005,0
sun3d-home_md-home_md_scan9_2012_sep_30,7,37,7351,-0.015624999999999889,0.14200000000000002,0
sun3d-home_md-home_md_scan9_2012_sep_30,7,40,7351,0.0,0.06800000000000006,0
sun3d-home_md-home_md_scan9_2012_sep_30,7,41,7351,0.03906249999999978,0.09099999999999997,0
sun3d-home_md-home_md_scan9_2012_sep_30,7,45,7351,0.015624999999999889,0.07699999999999996,0
sun3d-home_md-home_md_scan9_2012_sep_30,7,47,7351,0.01171875,0.07499999999999996,0
sun3d-home_md-home_md_scan9_2012_sep_30,7,49,7351,-0.007812499999999889,0.07350000000000001,0
sun3d-home_md-home_md_scan9_2012_sep_30,8,10,7351,0.00390625,0.07399999999999998,0
sun3d-home_md-home_md_scan9_2012_sep_30,8,32,7351,-0.2031249999999992,-0.087,0
sun3d-home_md-home_md_scan9_2012_sep_30,8,33,7351,0.03906249999999989,0.0385,0
sun3d-home_md-home_md_scan9_2012_sep_30,8,39,7351,0.011718749999999889,0.07550000000000001,0
sun3d-home_md-home_md_scan9_2012_sep_30,8,40,7351,-0.00390625,0.04899999999999999,0
sun3d-home_md-home_md_scan9_2012_sep_30,8,46,7351,0.01953125,0.13,0
sun3d-home_md-home_md_scan9_2012_sep_30,9,12,7351,0.02734374999999989,0.0695,0
sun3d-home_md-home_md_scan9_2012_sep_30,9,32,7351,-0.07421874999999972,0.04849999999999999,0
sun3d-home_md-home_md_scan9_2012_sep_30,9,33,7351,0.21093749999999917,0.1095,0
sun3d-home_md-home_md_scan9_2012_sep_30,10,32,7351,-0.07812499999999967,-0.0645,1
sun3d-home_md-home_md_scan9_2012_sep_30,10,33,7351,-0.05078124999999978,-0.026999999999999996,0
sun3d-home_md-home_md_scan9_2012_sep_30,10,35,7351,0.04687499999999989,-0.015000000000000013,0
sun3d-home_md-home_md_scan9_2012_sep_30,10,36,7351,0.02734374999999989,0.13700000000000007,0
sun3d-home_md-home_md_scan9_2012_sep_30,11,32,7351,-0.16406249999999942,-0.035500000000000004,-1
sun3d-home_md-home_md_scan9_2012_sep_30,11,33,7351,-0.0781249999999997,-0.0045000000000000005,0
sun3d-home_md-home_md_scan9_2012_sep_30,11,35,7351,-0.253906249999999,-0.087,-1
sun3d-home_md-home_md_scan9_2012_sep_30,11,36,7351,-0.06640624999999978,0.01150000000000001,0
sun3d-home_md-home_md_scan9_2012_sep_30,12,13,7351,-0.2968749999999989,-0.11550000000000002,0
sun3d-home_md-home_md_scan9_2012_sep_30,12,14,7351,0.0195312499999999,0.0075,0
sun3d-home_md-home_md_scan9_2012_sep_30,12,32,7351,-0.015625,0.002,0
sun3d-home_md-home_md_scan9_2012_sep_30,12,33,7351,-0.0234374999999999,-0.0035,0
sun3d-home_md-home_md_scan9_2012_sep_30,12,35,7351,-0.1093749999999996,-0.0175,0
sun3d-home_md-home_md_scan9_2012_sep_30,13,17,7351,-0.09374999999999956,-0.046499999999999986,0
sun3d-home_md-home_md_scan9_2012_sep_30,13,18,7351,0.05468749999999978,0.08800000000000008,0
sun3d-home_md-home_md_scan9_2012_sep_30,13,19,7351,-0.00390625,0.04749999999999999,0
sun3d-home_md-home_md_scan9_2012_sep_30,13,23,7351,-0.11718749999999953,-0.068,0
sun3d-home_md-home_md_scan9_2012_sep_30,13,54,7351,-0.4296874999999983,-0.3195,0
sun3d-home_md-home_md_scan9_2012_sep_30,13,55,7351,-0.06249999999999967,0.01200000000000001,0
sun3d-home_md-home_md_scan9_2012_sep_30,13,56,7351,-0.3046874999999988,-0.21649999999999997,0
sun3d-home_md-home_md_scan9_2012_sep_30,13,57,7351,-0.07031249999999978,0.009499999999999953,-1
sun3d-home_md-home_md_scan9_2012_sep_30,13,58,7351,-0.03515624999999989,-0.0020000000000000018,0
sun3d-home_md-home_md_scan9_2012_sep_30,14,17,7351,-0.007812499999999889,0.03250000000000003,0
sun3d-home_md-home_md_scan9_2012_sep_30,14,18,7351,0.01171875,0.09850000000000003,0
sun3d-home_md-home_md_scan9_2012_sep_30,14,19,7351,0.015625,0.12350000000000005,0
sun3d-home_md-home_md_scan9_2012_sep_30,14,23,7351,0.05468749999999972,0.14249999999999996,0
sun3d-home_md-home_md_scan9_2012_sep_30,14,24,7351,-0.02343749999999989,0.11199999999999999,0
sun3d-home_md-home_md_scan9_2012_sep_30,14,25,7351,0.01171875,0.11000000000000004,0
sun3d-home_md-home_md_scan9_2012_sep_30,14,54,7351,0.11718749999999961,0.10500000000000001,0
sun3d-home_md-home_md_scan9_2012_sep_30,14,55,7351,0.015625,0.05800000000000005,0
sun3d-home_md-home_md_scan9_2012_sep_30,14,56,7351,-0.18749999999999928,-0.1345,0
sun3d-home_md-home_md_scan9_2012_sep_30,14,57,7351,-0.08984374999999967,-0.003500000000000003,0
sun3d-home_md-home_md_scan9_2012_sep_30,14,58,7351,-0.1484374999999994,-0.0595,0
sun3d-home_md-home_md_scan9_2012_sep_30,15,17,7351,-0.01171875,0.04999999999999993,0
sun3d-home_md-home_md_scan9_2012_sep_30,15,18,7351,0.011718749999999889,0.08050000000000002,0
sun3d-home_md-home_md_scan9_2012_sep_30,15,19,7351,-0.0078125,0.057499999999999996,0
sun3d-home_md-home_md_scan9_2012_sep_30,15,23,7351,0.05859374999999967,0.136,0
sun3d-home_md-home_md_scan9_2012_sep_30,15,24,7351,0.00390625,0.10199999999999998,0
sun3d-home_md-home_md_scan9_2012_sep_30,15,25,7351,-0.0078125,0.0645,0
sun3d-home_md-home_md_scan9_2012_sep_30,15,54,7351,-0.1328124999999995,-0.046499999999999986,0
sun3d-home_md-home_md_scan9_2012_sep_30,15,55,7351,-0.00390625,0.08250000000000002,0
sun3d-home_md-home_md_scan9_2012_sep_30,15,56,7351,-0.02734374999999989,0.09000000000000008,0
sun3d-home_md-home_md_scan9_2012_sep_30,15,57,7351,0.011718749999999889,0.06799999999999995,0
sun3d-home_md-home_md_scan9_2012_sep_30,15,58,7351,0.06640624999999967,0.10399999999999998,0
sun3d-home_md-home_md_scan9_2012_sep_30,16,17,7351,-0.015625,0.02850000000000008,0
sun3d-home_md-home_md_scan9_2012_sep_30,16,19,7351,0.03515624999999989,0.09850000000000003,0
sun3d-home_md-home_md_scan9_2012_sep_30,16,20,7351,0.015624999999999833,0.05950000000000005,0
sun3d-home_md-home_md_scan9_2012_sep_30,16,21,7351,0.1367187499999994,0.164,0
sun3d-home_md-home_md_scan9_2012_sep_30,16,22,7351,-0.0078125,0.06949999999999995,0
sun3d-home_md-home_md_scan9_2012_sep_30,16,23,7351,0.015625,0.07150000000000001,0
sun3d-home_md-home_md_scan9_2012_sep_30,16,25,7351,-0.03515624999999989,0.04100000000000001,0
sun3d-home_md-home_md_scan9_2012_sep_30,16,54,7351,-0.20703124999999922,-0.06849999999999995,0
sun3d-home_md-home_md_scan9_2012_sep_30,16,58,7351,0.05078124999999978,0.12700000000000006,0
sun3d-home_md-home_md_scan9_2012_sep_30,17,23,7351,-0.02734374999999989,-0.037000000000000005,0
sun3d-home_md-home_md_scan9_2012_sep_30,17,34,7351,0.00390625,0.02049999999999999,0
sun3d-home_md-home_md_scan9_2012_sep_30,18,24,7351,0.042968749999999806,0.07450000000000001,0
sun3d-home_md-home_md_scan9_2012_sep_30,18,59,7351,-0.11328124999999961,-0.071,0
sun3d-home_md-home_md_scan9_2012_sep_30,19,21,7351,0.00390625,0.08399999999999999,0
sun3d-home_md-home_md_scan9_2012_sep_30,19,24,7351,-0.03124999999999989,0.0325,0
sun3d-home_md-home_md_scan9_2012_sep_30,19,59,7351,-0.06640624999999972,-0.02150000000000002,0
sun3d-home_md-home_md_scan9_2012_sep_30,20,23,7351,-0.011718749999999889,0.0345,0
sun3d-home_md-home_md_scan9_2012_sep_30,21,23,7351,0.019531249999999993,0.028499999999999998,0
sun3d-home_md-home_md_scan9_2012_sep_30,21,34,7351,-0.0078125,0.005000000000000001,0
sun3d-home_md-home_md_scan9_2012_sep_30,22,59,7351,-0.03906249999999989,-0.005500000000000005,0
sun3d-home_md-home_md_scan9_2012_sep_30,23,25,7351,-0.027343749999999896,-0.013500000000000002,0
sun3d-home_md-home_md_scan9_2012_sep_30,23,59,7351,0.12109374999999961,0.030499999999999996,0
sun3d-home_md-home_md_scan9_2012_sep_30,24,26,7351,0.039062499999999896,0.044,0
sun3d-home_md-home_md_scan9_2012_sep_30,24,52,7351,0.0,0.0,0
sun3d-home_md-home_md_scan9_2012_sep_30,24,54,7351,0.019531249999999903,0.002999999999999999,0
sun3d-home_md-home_md_scan9_2012_sep_30,24,55,7351,-0.04687499999999979,-0.022000000000000006,0
sun3d-home_md-home_md_scan9_2012_sep_30,24,56,7351,-0.042968749999999806,-0.03,0
sun3d-home_md-home_md_scan9_2012_sep_30,24,57,7351,0.046874999999999806,0.04,0
sun3d-home_md-home_md_scan9_2012_sep_30,25,27,7351,-0.01953124999999989,0.010499999999999982,0
sun3d-home_md-home_md_scan9_2012_sep_30,25,52,7351,0.0429687499999998,0.015,0
sun3d-home_md-home_md_scan9_2012_sep_30,25,54,7351,0.0273437499999999,0.0355,0
sun3d-home_md-home_md_scan9_2012_sep_30,25,55,7351,0.1445312499999995,0.07150000000000001,0
sun3d-home_md-home_md_scan9_2012_sep_30,25,56,7351,0.035156249999999896,0.046,0
sun3d-home_md-home_md_scan9_2012_sep_30,25,57,7351,0.0117187499999999,0.0125,0
sun3d-home_md-home_md_scan9_2012_sep_30,25,58,7351,0.0,-0.002,0
sun3d-home_md-home_md_scan9_2012_sep_30,25,59,7351,0.00390625,0.007500000000000001,0
sun3d-home_md-home_md_scan9_2012_sep_30,26,42,7351,-0.03124999999999989,0.061999999999999944,0
sun3d-home_md-home_md_scan9_2012_sep_30,26,43,7351,0.02343749999999989,0.08850000000000002,0
sun3d-home_md-home_md_scan9_2012_sep_30,26,59,7351,0.011718749999999903,0.032,1
sun3d-home_md-home_md_scan9_2012_sep_30,27,29,7351,0.0078125,0.008500000000000008,0
sun3d-home_md-home_md_scan9_2012_sep_30,27,42,7351,-0.01953125,0.07500000000000007,0
sun3d-home_md-home_md_scan9_2012_sep_30,27,43,7351,0.00390625,0.03250000000000003,0
sun3d-home_md-home_md_scan9_2012_sep_30,27,59,7351,0.039062499999999896,0.041999999999999996,0
sun3d-home_md-home_md_scan9_2012_sep_30,28,42,7351,0.06640624999999978,0.0655,1
sun3d-home_md-home_md_scan9_2012_sep_30,28,43,7351,0.10156249999999961,0.07200000000000001,0
sun3d-home_md-home_md_scan9_2012_sep_30,28,44,7351,0.00390625,-0.0015000000000000013,0
sun3d-home_md-home_md_scan9_2012_sep_30,28,59,7351,0.039062499999999896,0.063,0
sun3d-home_md-home_md_scan9_2012_sep_30,29,39,7351,0.0742187499999997,0.0055,0
sun3d-home_md-home_md_scan9_2012_sep_30,29,44,7351,-0.027343749999999903,-0.0245,0
sun3d-home_md-home_md_scan9_2012_sep_30,29,51,7351,0.0078125,0.020499999999999963,0
sun3d-home_md-home_md_scan9_2012_sep_30,30,31,7351,0.0039062499999999445,0.04149999999999998,0
sun3d-home_md-home_md_scan9_2012_sep_30,30,38,7351,0.01171875,-0.009500000000000008,-1
sun3d-home_md-home_md_scan9_2012_sep_30,30,39,7351,-0.03124999999999989,0.00649999999999995,0
sun3d-home_md-home_md_scan9_2012_sep_30,30,40,7351,-0.0078125,-0.0010000000000000009,0
sun3d-home_md-home_md_scan9_2012_sep_30,30,41,7351,0.19140624999999928,0.08800000000000002,0
sun3d-home_md-home_md_scan9_2012_sep_30,30,42,7351,-0.01171875,0.04800000000000004,0
sun3d-home_md-home_md_scan9_2012_sep_30,30,43,7351,0.1328124999999995,0.07200000000000001,0
sun3d-home_md-home_md_scan9_2012_sep_30,30,45,7351,-0.015624999999999889,0.014500000000000013,0
sun3d-home_md-home_md_scan9_2012_sep_30,30,46,7351,-0.00390625,0.033499999999999974,0
sun3d-home_md-home_md_scan9_2012_sep_30,30,47,7351,0.4257812499999983,0.28200000000000003,0
sun3d-home_md-home_md_scan9_2012_sep_30,30,48,7351,0.1406249999999994,0.121,1
sun3d-home_md-home_md_scan9_2012_sep_30,30,49,7351,0.35546874999999856,0.307,0
sun3d-home_md-home_md_scan9_2012_sep_30,30,50,7351,-0.0078125,0.07699999999999996,0
sun3d-home_md-home_md_scan9_2012_sep_30,31,33,7351,-0.042968749999999896,0.0,0
sun3d-home_md-home_md_scan9_2012_sep_30,31,35,7351,-0.039062499999999896,0.017,0
sun3d-home_md-home_md_scan9_2012_sep_30,31,36,7351,-0.035156249999999896,-0.031,0
sun3d-home_md-home_md_scan9_2012_sep_30,31,37,7351,-0.0078124999999999,0.0,0
sun3d-home_md-home_md_scan9_2012_sep_30,32,37,7351,-0.10937499999999961,0.0040000000000000036,0
sun3d-home_md-home_md_scan9_2012_sep_30,33,37,7351,0.02734374999999989,0.00449999999999999,0
sun3d-home_md-home_md_scan9_2012_sep_30,34,36,7351,-0.07812499999999971,-0.040499999999999994,0
sun3d-home_md-home_md_scan9_2012_sep_30,34,58,7351,0.0351562499999998,0.0265,0
sun3d-home_md-home_md_scan9_2012_sep_30,37,39,7351,-0.01953124999999989,0.055999999999999994,0
sun3d-home_md-home_md_scan9_2012_sep_30,37,40,7351,-0.1992187499999993,-0.148,0
sun3d-home_md-home_md_scan9_2012_sep_30,37,46,7351,-0.01953124999999989,0.08100000000000002,0
sun3d-home_md-home_md_scan9_2012_sep_30,38,45,7351,0.0,0.07950000000000002,0
sun3d-home_md-home_md_scan9_2012_sep_30,38,48,7351,0.02734375,0.07399999999999995,0
sun3d-home_md-home_md_scan9_2012_sep_30,38,49,7351,-0.00390625,0.05149999999999999,0
sun3d-home_md-home_md_scan9_2012_sep_30,39,42,7351,-0.015625,0.018500000000000072,0
sun3d-home_md-home_md_scan9_2012_sep_30,39,43,7351,0.03515624999999989,0.08799999999999997,0
sun3d-home_md-home_md_scan9_2012_sep_30,39,44,7351,0.09765624999999961,0.0445,0
sun3d-home_md-home_md_scan9_2012_sep_30,39,48,7351,0.01171875,0.007499999999999951,0
sun3d-home_md-home_md_scan9_2012_sep_30,39,49,7351,0.011718749999999778,0.03200000000000003,0
sun3d-home_md-home_md_scan9_2012_sep_30,40,42,7351,0.04687499999999989,0.08550000000000002,0
sun3d-home_md-home_md_scan9_2012_sep_30,40,43,7351,0.02734374999999989,0.10300000000000004,0
sun3d-home_md-home_md_scan9_2012_sep_30,40,48,7351,0.01171875,0.05500000000000005,0
sun3d-home_md-home_md_scan9_2012_sep_30,41,43,7351,0.011718749999999889,0.125,0
sun3d-home_md-home_md_scan9_2012_sep_30,41,50,7351,0.01171875,0.051999999999999935,0
sun3d-home_md-home_md_scan9_2012_sep_30,42,45,7351,0.00390625,0.033499999999999974,0
sun3d-home_md-home_md_scan9_2012_sep_30,42,46,7351,-0.01171875,0.039999999999999925,0
sun3d-home_md-home_md_scan9_2012_sep_30,42,47,7351,-0.00390625,0.05300000000000005,0
sun3d-home_md-home_md_scan9_2012_sep_30,43,44,7351,0.01171875,0.16250000000000003,0
sun3d-home_md-home_md_scan9_2012_sep_30,43,45,7351,0.01953125,0.09399999999999997,0
sun3d-home_md-home_md_scan9_2012_sep_30,43,47,7351,0.01953124999999989,0.11499999999999999,0
sun3d-home_md-home_md_scan9_2012_sep_30,43,48,7351,0.0,0.03750000000000003,0
sun3d-home_md-home_md_scan9_2012_sep_30,43,49,7351,0.00390625,0.03750000000000009,0
sun3d-home_md-home_md_scan9_2012_sep_30,43,50,7351,0.03515624999999978,0.0754999999999999,0
sun3d-home_md-home_md_scan9_2012_sep_30,43,51,7351,0.16406249999999933,0.10799999999999998,0
sun3d-home_md-home_md_scan9_2012_sep_30,45,48,7351,0.0,0.08150000000000002,0
sun3d-home_md-home_md_scan9_2012_sep_30,45,49,7351,0.015625,0.05400000000000005,0
sun3d-home_md-home_md_scan9_2012_sep_30,45,50,7351,0.03515624999999989,0.03450000000000003,0
sun3d-home_md-home_md_scan9_2012_sep_30,46,48,7351,0.015625,0.057499999999999996,0
sun3d-home_md-home_md_scan9_2012_sep_30,46,49,7351,0.03906249999999978,0.046499999999999986,0
sun3d-home_md-home_md_scan9_2012_sep_30,47,50,7351,0.01953124999999989,0.05700000000000005,0
sun3d-home_md-home_md_scan9_2012_sep_30,48,51,7351,0.0664062499999997,0.009,0
sun3d-home_md-home_md_scan9_2012_sep_30,50,59,7351,-0.011718749999999889,0.03699999999999992,0
sun3d-home_md-home_md_scan9_2012_sep_30,51,53,7351,0.03515624999999989,0.15149999999999997,0
sun3d-home_md-home_md_scan9_2012_sep_30,52,53,7351,0.03124999999999989,0.126,0
sun3d-home_md-home_md_scan9_2012_sep_30,52,54,7351,0.01953124999999989,0.04849999999999999,0
sun3d-home_md-home_md_scan9_2012_sep_30,52,55,7351,0.0,0.0695,0
sun3d-home_md-home_md_scan9_2012_sep_30,52,56,7351,0.10937499999999961,0.15899999999999997,0
sun3d-home_md-home_md_scan9_2012_sep_30,52,57,7351,0.01171875,0.008000000000000007,0
sun3d-home_md-home_md_scan9_2012_sep_30,52,58,7351,-0.10156249999999967,0.0044999999999999485,0
sun3d-home_md-home_md_scan9_2012_sep_30,53,57,7351,0.023437499999999903,0.010500000000000002,0
sun3d-home_md-home_md_scan9_2012_sep_30,56,59,7351,-0.07421874999999967,-0.08050000000000002,0
sun3d-hotel_uc-scan3,0,4,7351,0.02343749999999989,0.07100000000000006,0
sun3d-hotel_uc-scan3,0,9,7351,-0.019531249999999778,0.04250000000000009,0
sun3d-hotel_uc-scan3,0,11,7351,0.007812499999999889,0.05799999999999994,0
sun3d-hotel_uc-scan3,0,18,7351,0.07812499999999978,0.11650000000000005,0
sun3d-hotel_uc-scan3,0,20,7351,0.03124999999999989,0.11749999999999994,0
sun3d-hotel_uc-scan3,0,34,7351,0.16015624999999933,0.18499999999999994,0
sun3d-hotel_uc-scan3,0,43,7351,0.015625,0.09799999999999998,0
sun3d-hotel_uc-scan3,0,46,7351,0.0234375,0.07300000000000006,0
sun3d-hotel_uc-scan3,0,53,7351,-0.0078125,0.09550000000000003,0
sun3d-hotel_uc-scan3,1,9,7351,0.01171875,0.08950000000000002,0
sun3d-hotel_uc-scan3,1,11,7351,-0.027343749999999778,0.08400000000000007,0
sun3d-hotel_uc-scan3,1,18,7351,0.02343749999999989,0.11150000000000004,0
sun3d-hotel_uc-scan3,1,20,7351,0.14843749999999944,0.24,0
sun3d-hotel_uc-scan3,1,34,7351,0.05859374999999978,0.15849999999999997,0
sun3d-hotel_uc-scan3,1,36,7351,0.019531249999999778,0.0615,0
sun3d-hotel_uc-scan3,1,43,7351,0.06249999999999967,0.1755,0
sun3d-hotel_uc-scan3,1,46,7351,0.04687499999999989,0.15400000000000003,0
sun3d-hotel_uc-scan3,1,53,7351,-0.01953125,0.10449999999999993,0
sun3d-hotel_uc-scan3,2,18,7351,-0.05078124999999978,0.09250000000000003,0
sun3d-hotel_uc-scan3,2,19,7351,0.0,0.0535000000000001,0
sun3d-hotel_uc-scan3,2,20,7351,0.015624999999999889,0.11450000000000005,0
sun3d-hotel_uc-scan3,2,21,7351,-0.04687499999999989,0.06899999999999998,0
sun3d-hotel_uc-scan3,2,36,7351,-0.05468749999999978,0.07699999999999996,0
sun3d-hotel_uc-scan3,2,43,7351,0.03515624999999978,0.09849999999999992,0
sun3d-hotel_uc-scan3,2,47,7351,-0.07421874999999978,-0.07750000000000001,-1
sun3d-hotel_uc-scan3,3,11,7351,-0.0078125,0.0625,0
sun3d-hotel_uc-scan3,3,18,7351,0.08593749999999967,0.122,0
sun3d-hotel_uc-scan3,3,20,7351,0.14843749999999933,0.21400000000000002,0
sun3d-hotel_uc-scan3,3,34,7351,0.05468749999999978,0.11150000000000004,0
sun3d-hotel_uc-scan3,3,36,7351,0.015624999999999889,0.07350000000000001,0
sun3d-hotel_uc-scan3,3,43,7351,0.03515624999999989,0.1379999999999999,0
sun3d-hotel_uc-scan3,3,44,7351,-0.015625,0.0695,0
sun3d-hotel_uc-scan3,3,46,7351,0.015625,0.07399999999999995,0
sun3d-hotel_uc-scan3,3,53,7351,0.04296874999999989,0.09499999999999997,0
sun3d-hotel_uc-scan3,4,7,7351,0.015625,0.02999999999999997,0
sun3d-hotel_uc-scan3,4,8,7351,0.04687499999999978,0.12750000000000006,0
sun3d-hotel_uc-scan3,4,10,7351,0.0,0.09749999999999992,0
sun3d-hotel_uc-scan3,4,19,7351,-0.00390625,0.09500000000000008,0
sun3d-hotel_uc-scan3,4,38,7351,-0.03124999999999989,0.009500000000000008,0
sun3d-hotel_uc-scan3,4,39,7351,0.10546874999999956,0.1185,0
sun3d-hotel_uc-scan3,4,40,7351,0.05078124999999989,0.0655,0
sun3d-hotel_uc-scan3,4,41,7351,0.011718749999999889,0.04999999999999999,0
sun3d-hotel_uc-scan3,4,43,7351,0.02734374999999989,0.030000000000000027,0
sun3d-hotel_uc-scan3,4,44,7351,-0.05468749999999989,0.02100000000000002,0
sun3d-hotel_uc-scan3,4,45,7351,0.09374999999999967,0.14749999999999996,0
sun3d-hotel_uc-scan3,5,36,7351,0.05468749999999978,0.015499999999999958,0
sun3d-hotel_uc-scan3,5,42,7351,-0.01953125,0.007500000000000007,0
sun3d-hotel_uc-scan3,5,43,7351,0.0078125,0.09900000000000003,0
sun3d-hotel_uc-scan3,5,44,7351,0.07421874999999972,0.07450000000000001,0
sun3d-hotel_uc-scan3,6,36,7351,0.08203124999999967,-0.022000000000000006,0
sun3d-hotel_uc-scan3,6,42,7351,0.08203124999999967,0.132,0
sun3d-hotel_uc-scan3,6,43,7351,-0.12890624999999956,-0.04600000000000004,0
sun3d-hotel_uc-scan3,6,44,7351,0.00390625,0.07499999999999996,0
sun3d-hotel_uc-scan3,7,36,7351,0.2734374999999989,0.06100000000000001,0
sun3d-hotel_uc-scan3,7,42,7351,-0.05078124999999978,-0.02749999999999997,0
sun3d-hotel_uc-scan3,7,43,7351,-0.1406249999999995,-0.175,0
sun3d-hotel_uc-scan3,8,10,7351,-0.011718749999999889,0.020499999999999963,0
sun3d-hotel_uc-scan3,8,18,7351,0.10937499999999958,0.056999999999999995,0
sun3d-hotel_uc-scan3,8,20,7351,0.003906249999999903,-0.007000000000000001,0
sun3d-hotel_uc-scan3,8,36,7351,0.2109374999999991,0.16399999999999998,0
sun3d-hotel_uc-scan3,8,43,7351,-0.05859374999999978,0.01200000000000001,0
sun3d-hotel_uc-scan3,8,44,7351,0.10546874999999967,0.13499999999999995,0
sun3d-hotel_uc-scan3,9,18,7351,0.04296874999999978,0.09249999999999997,0
sun3d-hotel_uc-scan3,9,19,7351,0.0,0.05500000000000005,0
sun3d-hotel_uc-scan3,9,20,7351,0.06640624999999978,0.19449999999999995,0
sun3d-hotel_uc-scan3,9,37,7351,-0.01171875,-0.010000000000000009,0
sun3d-hotel_uc-scan3,9,38,7351,-0.03906249999999989,-0.01649999999999996,0
sun3d-hotel_uc-scan3,9,39,7351,0.0,0.050999999999999934,0
sun3d-hotel_uc-scan3,9,40,7351,-0.01171875,0.07550000000000001,0
sun3d-hotel_uc-scan3,9,41,7351,0.00390625,0.04800000000000004,0
sun3d-hotel_uc-scan3,9,42,7351,-0.04687499999999978,-0.04200000000000004,0
sun3d-hotel_uc-scan3,10,11,7351,0.00390625,0.07399999999999995,0
sun3d-hotel_uc-scan3,10,34,7351,0.05859374999999978,0.125,0
sun3d-hotel_uc-scan3,10,46,7351,-0.015625,0.09750000000000003,0
sun3d-hotel_uc-scan3,10,53,7351,0.03515624999999978,0.09299999999999997,0
sun3d-hotel_uc-scan3,11,18,7351,-0.02734374999999989,0.0685,0
sun3d-hotel_uc-scan3,11,19,7351,-0.015624999999999889,0.069,0
sun3d-hotel_uc-scan3,11,20,7351,0.0,0.128,0
sun3d-hotel_uc-scan3,11,21,7351,0.07031249999999967,0.11549999999999999,0
sun3d-hotel_uc-scan3,11,33,7351,0.015624999999999889,-0.030500000000000013,0
sun3d-hotel_uc-scan3,11,43,7351,0.00390625,0.06799999999999995,0
sun3d-hotel_uc-scan3,11,44,7351,0.0078125,0.11100000000000004,0
sun3d-hotel_uc-scan3,11,45,7351,-0.011718749999999889,0.062000000000000055,0
sun3d-hotel_uc-scan3,11,52,7351,0.0,0.009000000000000008,0
sun3d-hotel_uc-scan3,12,22,7351,0.027343749999999896,-0.017,0
sun3d-hotel_uc-scan3,12,25,7351,0.023437499999999944,0.05049999999999999,0
sun3d-hotel_uc-scan3,12,30,7351,0.1093749999999995,0.15100000000000002,0
sun3d-hotel_uc-scan3,12,34,7351,0.015625,0.056499999999999995,0
sun3d-hotel_uc-scan3,12,46,7351,0.05078124999999983,0.067,0
sun3d-hotel_uc-scan3,13,15,7351,0.03515625,0.12249999999999994,0
sun3d-hotel_uc-scan3,13,16,7351,-0.03124999999999989,0.04400000000000004,0
sun3d-hotel_uc-scan3,13,23,7351,-0.03906249999999978,0.04049999999999998,0
sun3d-hotel_uc-scan3,13,27,7351,0.41406249999999833,0.38549999999999995,1
sun3d-hotel_uc-scan3,13,30,7351,-0.16406249999999928,0.07600000000000001,0
sun3d-hotel_uc-scan3,13,31,7351,0.02343749999999989,0.09850000000000003,0
sun3d-hotel_uc-scan3,13,33,7351,0.01171875,0.08199999999999996,0
sun3d-hotel_uc-scan3,13,47,7351,0.05078124999999978,0.054500000000000104,0
sun3d-hotel_uc-scan3,13,51,7351,-0.05468749999999978,-0.01649999999999996,0
sun3d-hotel_uc-scan3,14,22,7351,0.05078124999999978,0.09250000000000003,0
sun3d-hotel_uc-scan3,14,27,7351,-0.023437499999999778,0.06399999999999995,0
sun3d-hotel_uc-scan3,14,28,7351,0.07421874999999967,0.09099999999999997,0
sun3d-hotel_uc-scan3,14,48,7351,-0.07421874999999967,-0.0030000000000000027,0
sun3d-hotel_uc-scan3,14,50,7351,-0.19921874999999922,-0.10749999999999998,0
sun3d-hotel_uc-scan3,14,52,7351,-0.01171875,0.07399999999999995,0
sun3d-hotel_uc-scan3,15,17,7351,0.01171875,0.06450000000000003,0
sun3d-hotel_uc-scan3,15,26,7351,-0.03124999999999989,0.03600000000000003,0
sun3d-hotel_uc-scan3,15,48,7351,0.04687499999999978,0.11250000000000004,0
sun3d-hotel_uc-scan3,15,50,7351,-0.07031249999999967,0.014499999999999957,0
sun3d-hotel_uc-scan3,15,52,7351,-0.07031249999999967,0.04399999999999993,0
sun3d-hotel_uc-scan3,16,21,7351,-0.07421874999999967,-0.0014999999999999458,0
sun3d-hotel_uc-scan3,16,25,7351,0.0,0.01849999999999996,0
sun3d-hotel_uc-scan3,16,47,7351,0.2968749999999989,0.16599999999999998,0
sun3d-hotel_uc-scan3,16,50,7351,-0.02734374999999989,-0.025999999999999968,0
sun3d-hotel_uc-scan3,16,52,7351,0.01953125,0.08199999999999996,0
sun3d-hotel_uc-scan3,17,18,7351,0.03515624999999989,0.0865,0
sun3d-hotel_uc-scan3,17,23,7351,-0.04296874999999978,-0.012499999999999983,0
sun3d-hotel_uc-scan3,17,34,7351,0.11328124999999956,0.14499999999999996,0
sun3d-hotel_uc-scan3,17,47,7351,0.10156249999999956,0.11249999999999999,0
sun3d-hotel_uc-scan3,17,53,7351,0.02734374999999989,0.07450000000000001,0
sun3d-hotel_uc-scan3,18,21,7351,-0.01953124999999989,0.011999999999999955,0
sun3d-hotel_uc-scan3,18,34,7351,0.06249999999999967,0.1915,0
sun3d-hotel_uc-scan3,18,35,7351,-0.03906249999999989,0.054500000000000104,0
sun3d-hotel_uc-scan3,18,43,7351,0.22656249999999906,0.25000000000000006,0
sun3d-hotel_uc-scan3,18,44,7351,0.05078124999999978,0.14600000000000002,0
sun3d-hotel_uc-scan3,18,46,7351,0.08203124999999967,0.14850000000000008,0
sun3d-hotel_uc-scan3,18,53,7351,0.08203124999999967,0.1735,0
sun3d-hotel_uc-scan3,18,54,7351,0.07421874999999978,0.1875,0
sun3d-hotel_uc-scan3,19,35,7351,0.0234375,0.11099999999999999,0
sun3d-hotel_uc-scan3,19,44,7351,0.11328124999999956,0.19049999999999995,0
sun3d-hotel_uc-scan3,19,45,7351,0.10156249999999956,0.21400000000000002,0
sun3d-hotel_uc-scan3,19,54,7351,0.03515624999999989,0.14500000000000007,0
sun3d-hotel_uc-scan3,20,21,7351,0.04687499999999978,0.07300000000000001,0
sun3d-hotel_uc-scan3,20,34,7351,0.11718749999999956,0.20950000000000008,0
sun3d-hotel_uc-scan3,20,35,7351,-0.03515624999999989,0.08500000000000008,0
sun3d-hotel_uc-scan3,20,37,7351,-0.43359374999999833,-0.29200000000000004,-1
sun3d-hotel_uc-scan3,20,43,7351,0.26171874999999895,0.237,0
sun3d-hotel_uc-scan3,20,44,7351,0.19531249999999922,0.20150000000000007,0
sun3d-hotel_uc-scan3,20,45,7351,0.29296874999999895,0.365,0
sun3d-hotel_uc-scan3,20,46,7351,0.16796874999999933,0.21199999999999997,0
sun3d-hotel_uc-scan3,20,53,7351,0.21093749999999917,0.24299999999999994,0
sun3d-hotel_uc-scan3,20,54,7351,0.07031249999999978,0.14650000000000002,0
sun3d-hotel_uc-scan3,21,34,7351,0.10156249999999956,0.176,0
sun3d-hotel_uc-scan3,21,35,7351,-0.03124999999999989,0.0010000000000000009,0
sun3d-hotel_uc-scan3,21,36,7351,0.03124999999999989,0.04099999999999998,0
sun3d-hotel_uc-scan3,21,43,7351,0.10937499999999961,0.0965,1
sun3d-hotel_uc-scan3,21,45,7351,-0.2890624999999988,-0.157,-1
sun3d-hotel_uc-scan3,21,46,7351,-0.02734374999999989,0.09450000000000003,0
sun3d-hotel_uc-scan3,21,47,7351,0.015624999999999889,0.11049999999999999,0
sun3d-hotel_uc-scan3,21,53,7351,-0.20703124999999922,0.0044999999999999485,0
sun3d-hotel_uc-scan3,21,54,7351,-0.08203124999999967,0.013000000000000012,0
sun3d-hotel_uc-scan3,22,24,7351,-0.06640624999999978,0.018500000000000072,0
sun3d-hotel_uc-scan3,22,33,7351,-0.1484374999999995,-0.0555,0
sun3d-hotel_uc-scan3,22,47,7351,0.02734374999999989,-0.07700000000000001,0
sun3d-hotel_uc-scan3,22,48,7351,0.18749999999999933,0.18199999999999994,0
sun3d-hotel_uc-scan3,22,49,7351,0.04687499999999989,-0.02100000000000002,-1
sun3d-hotel_uc-scan3,22,51,7351,0.07812499999999967,0.06749999999999995,0
sun3d-hotel_uc-scan3,22,52,7351,-0.12499999999999953,-0.07650000000000001,-1
sun3d-hotel_uc-scan3,23,25,7351,-0.015625,0.06900000000000006,0
sun3d-hotel_uc-scan3,23,48,7351,-0.14062499999999933,-0.021500000000000075,0
sun3d-hotel_uc-scan3,23,50,7351,-0.03515624999999989,0.0764999999999999,0
sun3d-hotel_uc-scan3,24,26,7351,0.011718749999999778,0.08800000000000008,0
sun3d-hotel_uc-scan3,24,48,7351,-0.06249999999999978,0.0004999999999999449,0
sun3d-hotel_uc-scan3,24,50,7351,-0.08203124999999978,0.06949999999999995,0
sun3d-hotel_uc-scan3,24,52,7351,0.011718749999999889,0.08550000000000002,0
sun3d-hotel_uc-scan3,25,27,7351,0.05468749999999978,0.16200000000000003,0
sun3d-hotel_uc-scan3,25,28,7351,0.03124999999999989,0.16999999999999993,0
sun3d-hotel_uc-scan3,25,31,7351,0.1523437499999994,0.10399999999999998,1
sun3d-hotel_uc-scan3,25,32,7351,0.011718749999999889,0.041999999999999926,0
sun3d-hotel_uc-scan3,25,33,7351,0.04687499999999989,0.0605,0
sun3d-hotel_uc-scan3,25,47,7351,-0.03124999999999989,0.05250000000000002,0
sun3d-hotel_uc-scan3,25,50,7351,0.03124999999999989,0.08800000000000002,1
sun3d-hotel_uc-scan3,26,29,7351,0.00390625,0.09700000000000009,0
sun3d-hotel_uc-scan3,26,49,7351,-0.18749999999999928,-0.0655,0
sun3d-hotel_uc-scan3,29,30,7351,0.1757812499999994,0.0485,0
sun3d-hotel_uc-scan3,30,31,7351,-0.05078124999999989,0.08699999999999997,0
sun3d-hotel_uc-scan3,30,32,7351,0.015625,0.15700000000000003,0
sun3d-hotel_uc-scan3,30,33,7351,-0.05078124999999978,0.09849999999999998,0
sun3d-hotel_uc-scan3,30,48,7351,-0.01953124999999989,0.0615,0
sun3d-hotel_uc-scan3,31,34,7351,-0.02343749999999989,0.08650000000000002,-1
sun3d-hotel_uc-scan3,31,53,7351,-0.0078125,0.08200000000000002,0
sun3d-hotel_uc-scan3,32,34,7351,-0.19140624999999928,-0.0965,0
sun3d-hotel_uc-scan3,32,53,7351,-0.01953124999999989,0.04850000000000004,0
sun3d-hotel_uc-scan3,33,35,7351,-0.1679687499999994,-0.07550000000000001,0
sun3d-hotel_uc-scan3,33,46,7351,0.03906249999999978,0.004999999999999977,1
sun3d-hotel_uc-scan3,34,43,7351,0.03124999999999989,0.10199999999999998,1
sun3d-hotel_uc-scan3,34,44,7351,-0.06640624999999978,-0.009500000000000008,0
sun3d-hotel_uc-scan3,34,45,7351,0.04687499999999978,0.118,0
sun3d-hotel_uc-scan3,34,52,7351,0.06640624999999967,0.0675,0
sun3d-hotel_uc-scan3,35,36,7351,-0.0078125,0.06000000000000005,0
sun3d-hotel_uc-scan3,35,43,7351,0.06640624999999967,0.11599999999999999,0
sun3d-hotel_uc-scan3,35,44,7351,0.0,0.07750000000000001,0
sun3d-hotel_uc-scan3,35,45,7351,0.039062499999999556,0.1130000000000001,0
sun3d-hotel_uc-scan3,35,46,7351,-0.027343749999999778,0.05900000000000005,0
sun3d-hotel_uc-scan3,35,53,7351,-0.011718749999999778,0.08250000000000002,0
sun3d-hotel_uc-scan3,36,37,7351,0.05468749999999978,0.09199999999999997,0
sun3d-hotel_uc-scan3,36,43,7351,0.03515624999999989,0.0675,0
sun3d-hotel_uc-scan3,36,44,7351,0.01953124999999989,0.05400000000000005,0
sun3d-hotel_uc-scan3,36,45,7351,-0.00390625,0.08600000000000008,0
sun3d-hotel_uc-scan3,37,42,7351,0.10156249999999956,0.10600000000000004,0
sun3d-hotel_uc-scan3,37,43,7351,0.00390625,0.04149999999999998,0
sun3d-hotel_uc-scan3,37,44,7351,0.1015624999999995,0.07550000000000001,0
sun3d-hotel_uc-scan3,38,42,7351,0.00390625,0.04049999999999998,0
sun3d-hotel_uc-scan3,39,44,7351,0.06249999999999978,0.1315,0
sun3d-hotel_uc-scan3,40,43,7351,-0.02343749999999989,0.03199999999999992,0
sun3d-hotel_uc-scan3,40,44,7351,0.03515624999999989,0.11699999999999999,0
sun3d-hotel_uc-scan3,41,44,7351,0.01953124999999989,0.05449999999999999,0
sun3d-hotel_uc-scan3,42,45,7351,-0.02734374999999989,-0.009999999999999953,0
sun3d-hotel_uc-scan3,42,54,7351,-0.31640624999999883,-0.261,0
sun3d-hotel_uc-scan3,43,46,7351,0.0078125,0.15200000000000002,0
sun3d-hotel_uc-scan3,43,53,7351,0.03515624999999989,0.10249999999999992,0
sun3d-hotel_uc-scan3,44,46,7351,0.07421874999999978,0.14649999999999996,0
sun3d-hotel_uc-scan3,44,53,7351,-0.07031249999999967,0.031000000000000028,0
sun3d-hotel_uc-scan3,45,53,7351,0.0078125,0.09750000000000003,0
sun3d-hotel_uc-scan3,46,48,7351,-0.0781249999999997,-0.0215,0
sun3d-hotel_uc-scan3,47,54,7351,-0.08984374999999967,-0.030999999999999972,0
sun3d-hotel_uc-scan3,48,53,7351,-0.07031249999999967,-0.01050000000000001,0
sun3d-hotel_uc-scan3,49,52,7351,0.015624999999999889,0.04799999999999993,0
sun3d-hotel_uc-scan3,51,52,7351,-0.01953124999999989,0.038000000000000034,0
sun3d-hotel_umd-maryland_hotel1,0,8,7351,0.0,0.09399999999999997,0
sun3d-hotel_umd-maryland_hotel1,0,9,7351,-0.02734374999999989,0.05499999999999994,0
sun3d-hotel_umd-maryland_hotel1,0,10,7351,0.007812499999999889,0.11199999999999999,0
sun3d-hotel_umd-maryland_hotel1,0,15,7351,-0.03124999999999989,0.08599999999999997,0
sun3d-hotel_umd-maryland_hotel1,0,23,7351,0.02734374999999989,0.0040000000000000036,0
sun3d-hotel_umd-maryland_hotel1,0,29,7351,0.01953124999999989,0.09649999999999997,1
sun3d-hotel_umd-maryland_hotel1,1,26,7351,0.02734374999999989,0.03799999999999992,0
sun3d-hotel_umd-maryland_hotel1,2,3,7351,-0.01171875,0.041000000000000036,0
sun3d-hotel_umd-maryland_hotel1,2,12,7351,0.17578124999999933,0.24349999999999997,0
sun3d-hotel_umd-maryland_hotel1,2,23,7351,0.01953124999999989,0.08799999999999997,0
sun3d-hotel_umd-maryland_hotel1,2,24,7351,0.01953124999999989,0.06900000000000006,0
sun3d-hotel_umd-maryland_hotel1,2,25,7351,0.0078125,0.122,1
sun3d-hotel_umd-maryland_hotel1,3,11,7351,0.03515624999999978,0.026499999999999968,0
sun3d-hotel_umd-maryland_hotel1,3,15,7351,0.02734374999999989,0.15499999999999997,0
sun3d-hotel_umd-maryland_hotel1,3,23,7351,0.03515624999999978,0.05500000000000001,0
sun3d-hotel_umd-maryland_hotel1,3,27,7351,0.03515624999999989,0.04799999999999993,0
sun3d-hotel_umd-maryland_hotel1,3,28,7351,0.015624999999999889,0.11199999999999999,0
sun3d-hotel_umd-maryland_hotel1,4,11,7351,0.0,0.07400000000000007,0
sun3d-hotel_umd-maryland_hotel1,4,12,7351,-0.10546874999999956,0.015000000000000013,0
sun3d-hotel_umd-maryland_hotel1,4,16,7351,-0.05468749999999978,0.024499999999999966,0
sun3d-hotel_umd-maryland_hotel1,4,28,7351,-0.03906249999999989,0.07950000000000007,0
sun3d-hotel_umd-maryland_hotel1,5,7,7351,0.0,0.0,0
sun3d-hotel_umd-maryland_hotel1,5,27,7351,-0.03906249999999989,0.07550000000000001,0
sun3d-hotel_umd-maryland_hotel1,5,33,7351,-0.03124999999999989,0.0695,0
sun3d-hotel_umd-maryland_hotel1,5,34,7351,0.11718749999999961,-0.0005000000000000004,0
sun3d-hotel_umd-maryland_hotel1,5,35,7351,0.10156249999999956,0.20550000000000002,0
sun3d-hotel_umd-maryland_hotel1,6,7,7351,-0.03124999999999989,0.0625,0
sun3d-hotel_umd-maryland_hotel1,6,19,7351,0.06249999999999978,0.09750000000000003,0
sun3d-hotel_umd-maryland_hotel1,6,22,7351,-0.011718749999999889,-0.021499999999999964,0
sun3d-hotel_umd-maryland_hotel1,6,33,7351,-0.04296874999999978,0.10150000000000003,0
sun3d-hotel_umd-maryland_hotel1,6,34,7351,-0.04687499999999989,0.11450000000000005,0
sun3d-hotel_umd-maryland_hotel1,6,35,7351,-0.015624999999999778,0.08299999999999996,0
sun3d-hotel_umd-maryland_hotel1,6,36,7351,0.3281249999999987,0.157,1
sun3d-hotel_umd-maryland_hotel1,6,37,7351,-0.015624999999999889,0.054000000000000006,0
sun3d-hotel_umd-maryland_hotel1,7,8,7351,0.06640624999999978,0.14449999999999996,0
sun3d-hotel_umd-maryland_hotel1,7,9,7351,0.25781249999999906,0.20849999999999996,0
sun3d-hotel_umd-maryland_hotel1,7,10,7351,-0.23046874999999906,-0.148,0
sun3d-hotel_umd-maryland_hotel1,7,11,7351,0.05859374999999978,0.08450000000000002,0
sun3d-hotel_umd-maryland_hotel1,7,13,7351,-0.05468749999999978,0.014500000000000068,0
sun3d-hotel_umd-maryland_hotel1,7,18,7351,0.03906249999999989,0.13549999999999995,0
sun3d-hotel_umd-maryland_hotel1,7,20,7351,0.04296874999999989,0.09899999999999998,0
sun3d-hotel_umd-maryland_hotel1,7,21,7351,-0.07812499999999967,0.009499999999999953,0
sun3d-hotel_umd-maryland_hotel1,7,22,7351,0.00390625,0.12850000000000006,0
sun3d-hotel_umd-maryland_hotel1,7,29,7351,-0.1953124999999992,0.020500000000000018,0
sun3d-hotel_umd-maryland_hotel1,7,30,7351,0.01953125,0.0595,0
sun3d-hotel_umd-maryland_hotel1,7,31,7351,-0.00390625,0.02100000000000002,0
sun3d-hotel_umd-maryland_hotel1,7,32,7351,0.4999999999999981,0.4415,1
sun3d-hotel_umd-maryland_hotel1,7,36,7351,0.19531249999999928,0.2695,1
sun3d-hotel_umd-maryland_hotel1,7,37,7351,0.3046874999999988,0.38,1
sun3d-hotel_umd-maryland_hotel1,8,10,7351,0.031249999999999778,0.10050000000000003,0
sun3d-hotel_umd-maryland_hotel1,8,19,7351,-0.02734374999999989,0.09000000000000002,0
sun3d-hotel_umd-maryland_hotel1,8,20,7351,0.03906249999999989,0.12950000000000006,0
sun3d-hotel_umd-maryland_hotel1,8,21,7351,0.05468749999999978,0.1405,0
sun3d-hotel_umd-maryland_hotel1,8,26,7351,0.04296874999999989,0.119,0
sun3d-hotel_umd-maryland_hotel1,8,31,7351,0.08984374999999956,0.14549999999999996,1
sun3d-hotel_umd-maryland_hotel1,9,14,7351,-0.00390625,0.058499999999999996,0
sun3d-hotel_umd-maryland_hotel1,9,19,7351,-0.0585937499999997,-0.0055,0
sun3d-hotel_umd-maryland_hotel1,9,20,7351,0.011718749999999889,0.051000000000000045,0
sun3d-hotel_umd-maryland_hotel1,9,21,7351,-0.03515624999999989,-0.069,0
sun3d-hotel_umd-maryland_hotel1,9,24,7351,0.015625,0.06800000000000006,0
sun3d-hotel_umd-maryland_hotel1,9,25,7351,0.0,0.08650000000000002,0
sun3d-hotel_umd-maryland_hotel1,9,29,7351,0.08593749999999967,0.07950000000000002,0
sun3d-hotel_umd-maryland_hotel1,9,31,7351,-0.09374999999999961,-0.024499999999999994,0
sun3d-hotel_umd-maryland_hotel1,10,13,7351,0.0,0.08250000000000002,0
sun3d-hotel_umd-maryland_hotel1,10,14,7351,-0.046875,0.07850000000000001,0
sun3d-hotel_umd-maryland_hotel1,10,19,7351,-0.0429687499999998,0.0,0
sun3d-hotel_umd-maryland_hotel1,10,20,7351,-0.14062499999999944,-0.04099999999999998,0
sun3d-hotel_umd-maryland_hotel1,10,21,7351,-0.042968749999999806,0.0045000000000000005,0
sun3d-hotel_umd-maryland_hotel1,10,23,7351,0.1718749999999994,0.10850000000000001,0
sun3d-hotel_umd-maryland_hotel1,10,24,7351,-0.00390625,0.07350000000000001,0
sun3d-hotel_umd-maryland_hotel1,10,25,7351,0.015625,0.09149999999999991,0
sun3d-hotel_umd-maryland_hotel1,10,29,7351,0.3085937499999988,0.17850000000000005,0
sun3d-hotel_umd-maryland_hotel1,11,17,7351,0.00390625,0.040999999999999925,0
sun3d-hotel_umd-maryland_hotel1,11,18,7351,0.47265624999999817,0.3025,1
sun3d-hotel_umd-maryland_hotel1,11,27,7351,0.246093749999999,0.288,0
sun3d-hotel_umd-maryland_hotel1,11,28,7351,0.2734374999999989,0.2755,0
sun3d-hotel_umd-maryland_hotel1,11,32,7351,0.09374999999999967,0.09200000000000003,0
sun3d-hotel_umd-maryland_hotel1,12,15,7351,-0.02734374999999989,0.023499999999999965,0
sun3d-hotel_umd-maryland_hotel1,12,23,7351,0.1406249999999995,0.04000000000000001,0
sun3d-hotel_umd-maryland_hotel1,12,27,7351,0.18749999999999922,0.19049999999999995,0
sun3d-hotel_umd-maryland_hotel1,12,28,7351,-0.04687499999999978,0.07250000000000001,0
sun3d-hotel_umd-maryland_hotel1,12,29,7351,0.10156249999999958,0.092,0
sun3d-hotel_umd-maryland_hotel1,13,25,7351,0.261718749999999,0.196,1
sun3d-hotel_umd-maryland_hotel1,13,26,7351,0.3007812499999987,0.27749999999999997,1
sun3d-hotel_umd-maryland_hotel1,14,15,7351,-0.01953125,0.06999999999999995,0
sun3d-hotel_umd-maryland_hotel1,14,29,7351,0.011718749999999889,0.063,0
sun3d-hotel_umd-maryland_hotel1,15,24,7351,0.05468749999999978,0.11099999999999999,0
sun3d-hotel_umd-maryland_hotel1,15,25,7351,0.01953124999999989,0.09999999999999998,0
sun3d-hotel_umd-maryland_hotel1,17,18,7351,-0.0078125,0.07599999999999996,0
sun3d-hotel_umd-maryland_hotel1,17,22,7351,-0.0078125,0.07750000000000001,0
sun3d-hotel_umd-maryland_hotel1,17,27,7351,0.015624999999999778,0.09999999999999998,0
sun3d-hotel_umd-maryland_hotel1,17,29,7351,0.1171874999999995,0.11499999999999999,1
sun3d-hotel_umd-maryland_hotel1,17,32,7351,0.11328124999999956,0.13150000000000006,0
sun3d-hotel_umd-maryland_hotel1,18,19,7351,0.03124999999999989,0.04699999999999993,0
sun3d-hotel_umd-maryland_hotel1,18,27,7351,-0.0078125,0.133,0
sun3d-hotel_umd-maryland_hotel1,18,28,7351,-0.03515624999999989,0.11649999999999994,0
sun3d-hotel_umd-maryland_hotel1,18,32,7351,0.35546874999999856,0.2965,0
sun3d-hotel_umd-maryland_hotel1,18,33,7351,-0.0078125,0.132,0
sun3d-hotel_umd-maryland_hotel1,18,35,7351,0.003906249999999778,0.10599999999999998,0
sun3d-hotel_umd-maryland_hotel1,18,36,7351,0.14062499999999947,0.149,1
sun3d-hotel_umd-maryland_hotel1,19,20,7351,-0.03124999999999989,0.04800000000000004,0
sun3d-hotel_umd-maryland_hotel1,19,30,7351,-0.015625,-0.007000000000000006,0
sun3d-hotel_umd-maryland_hotel1,19,35,7351,-0.3242187499999987,-0.1805,0
sun3d-hotel_umd-maryland_hotel1,19,36,7351,-0.0781249999999997,-0.033,0
sun3d-hotel_umd-maryland_hotel1,19,37,7351,-0.058593749999999695,-0.044500000000000005,-1
sun3d-hotel_umd-maryland_hotel1,22,27,7351,-0.20703124999999922,0.02849999999999997,0
sun3d-hotel_umd-maryland_hotel1,22,33,7351,-0.08203124999999967,0.09449999999999992,0
sun3d-hotel_umd-maryland_hotel1,22,35,7351,0.07812499999999967,0.10249999999999992,0
sun3d-hotel_umd-maryland_hotel1,23,24,7351,0.02734375,0.021499999999999964,0
sun3d-hotel_umd-maryland_hotel1,23,25,7351,0.0234375,0.02399999999999991,0
sun3d-hotel_umd-maryland_hotel1,23,26,7351,0.01171875,0.020500000000000018,0
sun3d-hotel_umd-maryland_hotel1,23,29,7351,0.07421874999999961,0.035,1
sun3d-hotel_umd-maryland_hotel1,25,27,7351,0.03124999999999989,0.07899999999999996,0
sun3d-hotel_umd-maryland_hotel1,25,29,7351,0.015625,0.09299999999999997,0
sun3d-hotel_umd-maryland_hotel1,25,32,7351,-0.12499999999999956,-0.11449999999999999,0
sun3d-hotel_umd-maryland_hotel1,26,27,7351,0.0078125,0.07399999999999995,0
sun3d-hotel_umd-maryland_hotel1,26,32,7351,-0.16406249999999933,-0.11699999999999999,0
sun3d-hotel_umd-maryland_hotel1,28,33,7351,-0.02343749999999989,0.121,0
sun3d-hotel_umd-maryland_hotel1,32,33,7351,-0.00390625,0.06399999999999995,0
sun3d-hotel_umd-maryland_hotel1,35,36,7351,0.06640624999999972,0.1795,0
sun3d-hotel_umd-maryland_hotel1,35,37,7351,-0.08593749999999972,0.032,0
sun3d-hotel_umd-maryland_hotel1,36,38,7351,-0.007812499999999889,0.09149999999999991,0
sun3d-hotel_umd-maryland_hotel1,36,39,7351,-0.0078125,0.07550000000000001,0
sun3d-hotel_umd-maryland_hotel1,36,42,7351,0.1718749999999993,0.2955,1
sun3d-hotel_umd-maryland_hotel1,36,53,7351,-0.0039062499999999,0.0005,0
sun3d-hotel_umd-maryland_hotel1,36,55,7351,0.0273437499999999,0.0,0
sun3d-hotel_umd-maryland_hotel1,36,56,7351,0.02734374999999989,0.08599999999999997,0
sun3d-hotel_umd-maryland_hotel1,37,38,7351,-0.05078124999999978,0.10799999999999998,0
sun3d-hotel_umd-maryland_hotel1,37,39,7351,-0.02734374999999989,0.06800000000000006,0
sun3d-hotel_umd-maryland_hotel1,37,41,7351,0.0078125,0.13649999999999995,0
sun3d-hotel_umd-maryland_hotel1,37,42,7351,0.0,0.08450000000000002,0
sun3d-hotel_umd-maryland_hotel1,37,55,7351,0.015625,0.0,0
sun3d-hotel_umd-maryland_hotel1,37,56,7351,0.03124999999999989,0.055499999999999994,0
sun3d-hotel_umd-maryland_hotel1,38,55,7351,-0.0078125,-0.0015,0
sun3d-hotel_umd-maryland_hotel1,40,41,7351,-0.003906249999999889,0.09999999999999998,0
sun3d-hotel_umd-maryland_hotel1,41,42,7351,-0.1015624999999996,-0.1825,0
sun3d-hotel_umd-maryland_hotel1,41,53,7351,0.0312499999999998,0.0,0
sun3d-hotel_umd-maryland_hotel1,41,55,7351,0.035156249999999806,0.001,0
sun3d-hotel_umd-maryland_hotel1,42,53,7351,-0.1757812499999993,-0.09,-1
sun3d-hotel_umd-maryland_hotel1,42,55,7351,-0.2343749999999991,-0.07800000000000001,0
sun3d-hotel_umd-maryland_hotel1,43,45,7351,0.00390625,0.03649999999999998,0
sun3d-hotel_umd-maryland_hotel1,43,48,7351,0.00390625,0.05400000000000005,0
sun3d-hotel_umd-maryland_hotel1,43,49,7351,0.03124999999999989,0.10099999999999998,0
sun3d-hotel_umd-maryland_hotel1,43,53,7351,0.08593749999999958,0.094,0
sun3d-hotel_umd-maryland_hotel1,43,55,7351,-0.015625,0.008000000000000007,0
sun3d-hotel_umd-maryland_hotel1,44,45,7351,0.0,0.09799999999999998,0
sun3d-hotel_umd-maryland_hotel1,44,47,7351,-0.015624999999999889,0.08600000000000008,0
sun3d-hotel_umd-maryland_hotel1,44,52,7351,-0.05468749999999979,-0.0055000000000000005,0
sun3d-hotel_umd-maryland_hotel1,45,46,7351,0.015625,0.05349999999999999,0
sun3d-hotel_umd-maryland_hotel1,47,48,7351,0.0,0.10999999999999999,0
sun3d-hotel_umd-maryland_hotel1,47,56,7351,0.01171875,0.09849999999999998,1
sun3d-hotel_umd-maryland_hotel1,48,49,7351,0.13671874999999942,0.12550000000000003,0
sun3d-hotel_umd-maryland_hotel1,49,54,7351,-0.04296874999999989,0.010999999999999982,-1
sun3d-hotel_umd-maryland_hotel1,50,55,7351,-0.02343749999999989,0.07750000000000001,0
sun3d-hotel_umd-maryland_hotel1,51,55,7351,-0.19140624999999922,-0.07,0
sun3d-hotel_umd-maryland_hotel1,52,53,7351,-0.09765624999999961,-0.023999999999999994,0
sun3d-hotel_umd-maryland_hotel1,52,54,7351,-0.027343749999999903,-0.037,0
sun3d-hotel_umd-maryland_hotel1,54,55,7351,-0.253906249999999,-0.17149999999999999,0
sun3d-hotel_umd-maryland_hotel3,0,11,7351,-0.03906249999999989,0.041999999999999926,0
sun3d-hotel_umd-maryland_hotel3,0,27,7351,0.0,0.0019999999999999996,0
sun3d-hotel_umd-maryland_hotel3,1,11,7351,-0.249999999999999,-0.11249999999999999,-1
sun3d-hotel_umd-maryland_hotel3,1,12,7351,0.08203124999999967,0.10200000000000009,0
sun3d-hotel_umd-maryland_hotel3,1,13,7351,-0.10546874999999956,0.0605,0
sun3d-hotel_umd-maryland_hotel3,3,5,7351,0.00390625,0.045499999999999985,0
sun3d-hotel_umd-maryland_hotel3,5,7,7351,0.015625,0.08250000000000002,0
sun3d-hotel_umd-maryland_hotel3,8,14,7351,-0.05468749999999978,0.040000000000000036,0
sun3d-hotel_umd-maryland_hotel3,8,16,7351,-0.019531249999999778,0.07299999999999995,0
sun3d-hotel_umd-maryland_hotel3,9,10,7351,0.01171875,0.07050000000000001,0
sun3d-hotel_umd-maryland_hotel3,9,15,7351,0.007812499999999778,0.035499999999999976,0
sun3d-hotel_umd-maryland_hotel3,9,16,7351,-0.09374999999999967,-0.006000000000000005,0
sun3d-hotel_umd-maryland_hotel3,10,11,7351,0.03515624999999978,0.09500000000000008,0
sun3d-hotel_umd-maryland_hotel3,10,13,7351,0.011718749999999889,0.128,0
sun3d-hotel_umd-maryland_hotel3,10,17,7351,-0.2617187499999989,0.046999999999999986,0
sun3d-hotel_umd-maryland_hotel3,11,14,7351,0.00390625,0.10050000000000003,0
sun3d-hotel_umd-maryland_hotel3,11,27,7351,-0.0273437499999999,-0.0005,0
sun3d-hotel_umd-maryland_hotel3,12,27,7351,0.0,-0.0024999999999999996,0
sun3d-hotel_umd-maryland_hotel3,13,14,7351,-0.03515625,0.02749999999999997,0
sun3d-hotel_umd-maryland_hotel3,13,27,7351,-0.01171875,0.0,0
sun3d-hotel_umd-maryland_hotel3,14,16,7351,-0.06640624999999967,0.0015000000000000013,0
sun3d-hotel_umd-maryland_hotel3,14,17,7351,0.062499999999999806,0.096,0
sun3d-hotel_umd-maryland_hotel3,16,18,7351,0.0078125,0.09850000000000003,0
sun3d-hotel_umd-maryland_hotel3,16,19,7351,-0.01171875,0.043999999999999984,0
sun3d-hotel_umd-maryland_hotel3,18,20,7351,0.03515624999999989,0.12950000000000006,0
sun3d-hotel_umd-maryland_hotel3,20,33,7351,0.0312499999999999,-0.005000000000000001,0
sun3d-hotel_umd-maryland_hotel3,20,34,7351,0.1328124999999995,0.07450000000000001,0
sun3d-hotel_umd-maryland_hotel3,20,36,7351,0.0039062499999999,0.004,0
sun3d-hotel_umd-maryland_hotel3,21,24,7351,0.0,0.08750000000000002,0
sun3d-hotel_umd-maryland_hotel3,21,29,7351,-0.01171875,0.07300000000000006,0
sun3d-hotel_umd-maryland_hotel3,21,30,7351,0.05078124999999978,0.10150000000000003,0
sun3d-hotel_umd-maryland_hotel3,21,31,7351,-0.04687499999999978,0.03750000000000009,0
sun3d-hotel_umd-maryland_hotel3,22,24,7351,0.03124999999999989,0.10550000000000004,0
sun3d-hotel_umd-maryland_hotel3,22,27,7351,0.02343749999999989,0.12850000000000006,0
sun3d-hotel_umd-maryland_hotel3,22,30,7351,0.01953125,0.0695,0
sun3d-hotel_umd-maryland_hotel3,22,31,7351,-0.04687499999999989,0.05700000000000005,0
sun3d-hotel_umd-maryland_hotel3,23,24,7351,0.01953125,0.09499999999999997,0
sun3d-hotel_umd-maryland_hotel3,23,27,7351,0.0,0.11649999999999994,0
sun3d-hotel_umd-maryland_hotel3,24,25,7351,0.011718749999999889,0.022500000000000075,0
sun3d-hotel_umd-maryland_hotel3,24,30,7351,0.22265624999999908,0.203,1
sun3d-hotel_umd-maryland_hotel3,25,26,7351,-0.1406249999999995,-0.222,0
sun3d-hotel_umd-maryland_hotel3,25,28,7351,-0.015625,-0.026500000000000024,0
sun3d-hotel_umd-maryland_hotel3,27,28,7351,-0.03515624999999989,0.061000000000000054,0
sun3d-hotel_umd-maryland_hotel3,28,31,7351,0.00390625,0.08149999999999996,0
sun3d-hotel_umd-maryland_hotel3,29,31,7351,0.21484374999999917,0.1775,1
sun3d-hotel_umd-maryland_hotel3,30,32,7351,0.00390625,0.11399999999999999,0
sun3d-hotel_umd-maryland_hotel3,30,33,7351,0.0078124999999999445,0.09249999999999997,0
sun3d-hotel_umd-maryland_hotel3,31,35,7351,0.011718749999999917,0.064,0
sun3d-hotel_umd-maryland_hotel3,31,36,7351,0.07031249999999972,0.10400000000000001,0
sun3d-mit_76_studyroom-76-1studyroom2,0,3,7351,-0.015624999999999889,0.05900000000000005,0
sun3d-mit_76_studyroom-76-1studyroom2,0,8,7351,0.03906249999999978,0.08200000000000007,0
sun3d-mit_76_studyroom-76-1studyroom2,0,18,7351,-0.035156249999999806,-0.019000000000000003,0
sun3d-mit_76_studyroom-76-1studyroom2,0,19,7351,0.1406249999999994,0.1635,1
sun3d-mit_76_studyroom-76-1studyroom2,0,21,7351,0.08984374999999967,0.0625,0
sun3d-mit_76_studyroom-76-1studyroom2,0,22,7351,0.015624999999999889,0.09550000000000003,0
sun3d-mit_76_studyroom-76-1studyroom2,0,33,7351,0.0,0.03300000000000003,0
sun3d-mit_76_studyroom-76-1studyroom2,0,39,7351,0.0,0.0,0
sun3d-mit_76_studyroom-76-1studyroom2,0,44,7351,-0.16796874999999942,-0.19599999999999998,0
sun3d-mit_76_studyroom-76-1studyroom2,0,45,7351,0.04687499999999978,0.08850000000000002,0
sun3d-mit_76_studyroom-76-1studyroom2,0,50,7351,0.00390625,0.04999999999999993,0
sun3d-mit_76_studyroom-76-1studyroom2,0,51,7351,0.00390625,0.07650000000000001,0
sun3d-mit_76_studyroom-76-1studyroom2,0,64,7351,-0.0117187499999999,0.0,0
sun3d-mit_76_studyroom-76-1studyroom2,1,8,7351,0.03124999999999989,0.06599999999999995,0
sun3d-mit_76_studyroom-76-1studyroom2,1,19,7351,0.01171875,0.007500000000000007,0
sun3d-mit_76_studyroom-76-1studyroom2,1,20,7351,0.10546874999999961,0.10350000000000004,0
sun3d-mit_76_studyroom-76-1studyroom2,1,21,7351,0.04296874999999989,0.10150000000000003,0
sun3d-mit_76_studyroom-76-1studyroom2,1,22,7351,-0.01171875,0.0665,0
sun3d-mit_76_studyroom-76-1studyroom2,1,33,7351,-0.0078125,0.010999999999999954,0
sun3d-mit_76_studyroom-76-1studyroom2,1,39,7351,0.0,0.0,0
sun3d-mit_76_studyroom-76-1studyroom2,1,44,7351,0.0507812499999998,0.09050000000000001,0
sun3d-mit_76_studyroom-76-1studyroom2,1,50,7351,0.01171875,0.03600000000000003,0
sun3d-mit_76_studyroom-76-1studyroom2,1,51,7351,-0.00390625,0.04749999999999993,0
sun3d-mit_76_studyroom-76-1studyroom2,1,64,7351,0.0039062499999999,0.0,0
sun3d-mit_76_studyroom-76-1studyroom2,2,4,7351,-0.0507812499999998,0.005,0
sun3d-mit_76_studyroom-76-1studyroom2,2,21,7351,0.2265624999999991,0.2195,1
sun3d-mit_76_studyroom-76-1studyroom2,2,34,7351,-0.03906249999999978,0.09650000000000003,0
sun3d-mit_76_studyroom-76-1studyroom2,2,43,7351,0.0,0.0,0
sun3d-mit_76_studyroom-76-1studyroom2,2,51,7351,-0.01171875,0.07000000000000006,0
sun3d-mit_76_studyroom-76-1studyroom2,3,8,7351,-0.04687499999999978,0.021500000000000075,0
sun3d-mit_76_studyroom-76-1studyroom2,3,35,7351,0.03906249999999978,0.0714999999999999,0
sun3d-mit_76_studyroom-76-1studyroom2,3,36,7351,0.04687499999999978,0.09650000000000003,0
sun3d-mit_76_studyroom-76-1studyroom2,3,37,7351,-0.02734374999999989,0.05449999999999999,0
sun3d-mit_76_studyroom-76-1studyroom2,3,41,7351,0.08203124999999961,0.109,1
sun3d-mit_76_studyroom-76-1studyroom2,3,42,7351,0.031249999999999833,0.015500000000000014,0
sun3d-mit_76_studyroom-76-1studyroom2,4,6,7351,0.0117187499999999,0.0005,0
sun3d-mit_76_studyroom-76-1studyroom2,4,7,7351,0.0,0.0,0
sun3d-mit_76_studyroom-76-1studyroom2,4,38,7351,0.0,0.0,0
sun3d-mit_76_studyroom-76-1studyroom2,4,45,7351,0.0,0.0,0
sun3d-mit_76_studyroom-76-1studyroom2,4,49,7351,0.0,0.0,0
sun3d-mit_76_studyroom-76-1studyroom2,5,8,7351,-0.04296874999999989,0.04349999999999998,0
sun3d-mit_76_studyroom-76-1studyroom2,5,34,7351,0.01953124999999989,0.08249999999999996,0
sun3d-mit_76_studyroom-76-1studyroom2,5,35,7351,0.0234375,0.08800000000000008,0
sun3d-mit_76_studyroom-76-1studyroom2,5,36,7351,0.01171875,0.07750000000000001,0
sun3d-mit_76_studyroom-76-1studyroom2,5,41,7351,-0.10546874999999956,-0.08749999999999997,0
sun3d-mit_76_studyroom-76-1studyroom2,5,42,7351,-0.07031249999999978,-0.07850000000000001,0
sun3d-mit_76_studyroom-76-1studyroom2,5,50,7351,-0.08203124999999972,0.01200000000000001,0
sun3d-mit_76_studyroom-76-1studyroom2,6,34,7351,0.0078125,0.11850000000000005,0
sun3d-mit_76_studyroom-76-1studyroom2,6,40,7351,0.0,0.0,0
sun3d-mit_76_studyroom-76-1studyroom2,6,43,7351,-0.12499999999999949,-0.0365,0
sun3d-mit_76_studyroom-76-1studyroom2,6,50,7351,0.0,0.08300000000000007,0
sun3d-mit_76_studyroom-76-1studyroom2,6,51,7351,-0.01171875,0.09300000000000003,0
sun3d-mit_76_studyroom-76-1studyroom2,7,34,7351,0.01171875,0.139,0
sun3d-mit_76_studyroom-76-1studyroom2,7,40,7351,-0.0117187499999999,0.0,0
sun3d-mit_76_studyroom-76-1studyroom2,7,43,7351,-0.0859374999999996,-0.016,0
sun3d-mit_76_studyroom-76-1studyroom2,8,9,7351,-0.03515624999999983,-0.006000000000000005,0
sun3d-mit_76_studyroom-76-1studyroom2,8,10,7351,0.06249999999999978,0.07099999999999995,0
sun3d-mit_76_studyroom-76-1studyroom2,8,34,7351,0.01953125,0.10050000000000003,0
sun3d-mit_76_studyroom-76-1studyroom2,8,35,7351,-0.031249999999999778,0.05700000000000005,0
sun3d-mit_76_studyroom-76-1studyroom2,8,36,7351,0.015624999999999889,0.0595,0
sun3d-mit_76_studyroom-76-1studyroom2,8,52,7351,-0.05859374999999978,0.063,0
sun3d-mit_76_studyroom-76-1studyroom2,8,53,7351,-0.0703124999999997,-0.05349999999999999,-1
sun3d-mit_76_studyroom-76-1studyroom2,8,55,7351,0.0,0.1095,1
sun3d-mit_76_studyroom-76-1studyroom2,9,12,7351,-0.01953124999999989,0.030000000000000027,0
sun3d-mit_76_studyroom-76-1studyroom2,9,36,7351,0.08593749999999961,0.068,0
sun3d-mit_76_studyroom-76-1studyroom2,9,37,7351,0.04296874999999972,0.0005000000000000004,0
sun3d-mit_76_studyroom-76-1studyroom2,9,38,7351,0.015624999999999889,0.08350000000000002,0
sun3d-mit_76_studyroom-76-1studyroom2,9,39,7351,0.10156249999999956,0.16849999999999998,0
sun3d-mit_76_studyroom-76-1studyroom2,9,50,7351,-0.00390625,-0.0050000000000000044,0
sun3d-mit_76_studyroom-76-1studyroom2,9,54,7351,0.16015624999999928,0.123,1
sun3d-mit_76_studyroom-76-1studyroom2,9,56,7351,-0.16796874999999933,0.01899999999999996,0
sun3d-mit_76_studyroom-76-1studyroom2,10,13,7351,-0.00390625,-0.0755,0
sun3d-mit_76_studyroom-76-1studyroom2,10,37,7351,0.0078125,-0.03449999999999999,0
sun3d-mit_76_studyroom-76-1studyroom2,10,39,7351,0.2304687499999991,0.2385,0
sun3d-mit_76_studyroom-76-1studyroom2,10,56,7351,-0.33593749999999867,-0.38249999999999995,-1
sun3d-mit_76_studyroom-76-1studyroom2,11,13,7351,0.19531249999999922,-0.02200000000000002,1
sun3d-mit_76_studyroom-76-1studyroom2,11,51,7351,0.08593749999999967,0.13,0
sun3d-mit_76_studyroom-76-1studyroom2,11,56,7351,-0.45703124999999817,-0.4055,-1
sun3d-mit_76_studyroom-76-1studyroom2,12,14,7351,0.03124999999999989,0.052999999999999936,0
sun3d-mit_76_studyroom-76-1studyroom2,12,15,7351,-0.02734374999999989,0.04200000000000004,0
sun3d-mit_76_studyroom-76-1studyroom2,12,51,7351,0.0,0.04049999999999998,-1
sun3d-mit_76_studyroom-76-1studyroom2,12,52,7351,-0.03515624999999989,0.04300000000000004,0
sun3d-mit_76_studyroom-76-1studyroom2,12,57,7351,0.0,0.04700000000000004,0
sun3d-mit_76_studyroom-76-1studyroom2,13,53,7351,-0.10546874999999961,-0.103,0
sun3d-mit_76_studyroom-76-1studyroom2,13,58,7351,0.0312499999999999,0.0,0
sun3d-mit_76_studyroom-76-1studyroom2,14,18,7351,-0.015624999999999889,0.019500000000000017,0
sun3d-mit_76_studyroom-76-1studyroom2,14,55,7351,0.18359374999999922,0.20400000000000001,0
sun3d-mit_76_studyroom-76-1studyroom2,14,61,7351,0.0156249999999999,-0.0019999999999999996,0
sun3d-mit_76_studyroom-76-1studyroom2,14,62,7351,-0.05078124999999978,-0.004500000000000004,-1
sun3d-mit_76_studyroom-76-1studyroom2,14,63,7351,0.05468749999999983,0.020499999999999963,0
sun3d-mit_76_studyroom-76-1studyroom2,15,16,7351,-0.01171875,0.061999999999999944,0
sun3d-mit_76_studyroom-76-1studyroom2,15,17,7351,0.01953125,0.08950000000000002,0
sun3d-mit_76_studyroom-76-1studyroom2,15,19,7351,-0.00390625,0.034499999999999975,0
sun3d-mit_76_studyroom-76-1studyroom2,15,55,7351,-0.18359374999999922,-0.12850000000000006,0
sun3d-mit_76_studyroom-76-1studyroom2,15,60,7351,-0.24609374999999908,-0.010499999999999995,-1
sun3d-mit_76_studyroom-76-1studyroom2,15,61,7351,-0.37109374999999856,-0.23299999999999998,-1
sun3d-mit_76_studyroom-76-1studyroom2,15,63,7351,0.0,-0.036000000000000004,0
sun3d-mit_76_studyroom-76-1studyroom2,15,64,7351,-0.1562499999999994,-0.137,0
sun3d-mit_76_studyroom-76-1studyroom2,16,18,7351,0.015625,0.050000000000000044,0
sun3d-mit_76_studyroom-76-1studyroom2,16,19,7351,0.00390625,0.035999999999999976,0
sun3d-mit_76_studyroom-76-1studyroom2,16,57,7351,-0.00390625,0.014000000000000012,0
sun3d-mit_76_studyroom-76-1studyroom2,16,58,7351,0.17578124999999928,0.24100000000000002,1
sun3d-mit_76_studyroom-76-1studyroom2,16,61,7351,0.1132812499999995,0.09,0
sun3d-mit_76_studyroom-76-1studyroom2,16,62,7351,0.007812499999999999,0.003000000000000001,0
sun3d-mit_76_studyroom-76-1studyroom2,16,63,7351,0.0195312499999999,0.0015000000000000013,0
sun3d-mit_76_studyroom-76-1studyroom2,16,64,7351,0.0859374999999997,0.11249999999999999,0
sun3d-mit_76_studyroom-76-1studyroom2,17,20,7351,0.02734374999999989,0.07050000000000001,0
sun3d-mit_76_studyroom-76-1studyroom2,17,57,7351,0.1289062499999995,0.19650000000000004,0
sun3d-mit_76_studyroom-76-1studyroom2,17,58,7351,0.05859374999999979,0.09999999999999999,0
sun3d-mit_76_studyroom-76-1studyroom2,17,61,7351,0.0039062499999999,0.0105,0
sun3d-mit_76_studyroom-76-1studyroom2,17,62,7351,0.046874999999999806,0.024499999999999994,1
sun3d-mit_76_studyroom-76-1studyroom2,17,63,7351,0.10546874999999961,0.055499999999999994,0
sun3d-mit_76_studyroom-76-1studyroom2,17,65,7351,0.0781249999999997,0.087,0
sun3d-mit_76_studyroom-76-1studyroom2,18,21,7351,-0.07421874999999967,-0.0050000000000000044,0
sun3d-mit_76_studyroom-76-1studyroom2,18,34,7351,-0.18749999999999933,-0.197,-1
sun3d-mit_76_studyroom-76-1studyroom2,18,56,7351,0.0078125,-0.0045000000000000005,0
sun3d-mit_76_studyroom-76-1studyroom2,18,57,7351,0.0,-0.018000000000000016,0
sun3d-mit_76_studyroom-76-1studyroom2,18,58,7351,0.4765624999999981,0.4295,1
sun3d-mit_76_studyroom-76-1studyroom2,18,61,7351,0.07031249999999972,0.138,1
sun3d-mit_76_studyroom-76-1studyroom2,18,65,7351,0.5468749999999979,0.5245000000000001,1
sun3d-mit_76_studyroom-76-1studyroom2,19,22,7351,0.054687499999999806,0.09500000000000003,1
sun3d-mit_76_studyroom-76-1studyroom2,19,23,7351,0.28515624999999883,0.21499999999999997,0
sun3d-mit_76_studyroom-76-1studyroom2,19,24,7351,-0.0078124999999999,-0.005,0
sun3d-mit_76_studyroom-76-1studyroom2,19,33,7351,0.0,0.0,0
sun3d-mit_76_studyroom-76-1studyroom2,19,34,7351,-0.011718749999999889,-0.025500000000000023,0
sun3d-mit_76_studyroom-76-1studyroom2,19,62,7351,-0.1406249999999994,-0.07749999999999999,-1
sun3d-mit_76_studyroom-76-1studyroom2,20,24,7351,0.0,0.0005,0
sun3d-mit_76_studyroom-76-1studyroom2,20,25,7351,0.0,0.0,0
sun3d-mit_76_studyroom-76-1studyroom2,20,32,7351,0.0,0.0,0
sun3d-mit_76_studyroom-76-1studyroom2,20,33,7351,0.0234375,0.019500000000000003,0
sun3d-mit_76_studyroom-76-1studyroom2,20,35,7351,0.03906249999999989,0.0045000000000000595,0
sun3d-mit_76_studyroom-76-1studyroom2,20,63,7351,0.0664062499999997,0.07850000000000001,0
sun3d-mit_76_studyroom-76-1studyroom2,21,25,7351,0.0,0.0,0
sun3d-mit_76_studyroom-76-1studyroom2,21,32,7351,0.0,0.0,0
sun3d-mit_76_studyroom-76-1studyroom2,21,35,7351,0.03515624999999989,0.07350000000000001,0
sun3d-mit_76_studyroom-76-1studyroom2,21,47,7351,0.15234374999999942,0.16799999999999998,0
sun3d-mit_76_studyroom-76-1studyroom2,21,48,7351,-0.0585937499999998,-0.005499999999999998,0
sun3d-mit_76_studyroom-76-1studyroom2,21,63,7351,0.1171874999999995,0.041999999999999996,0
sun3d-mit_76_studyroom-76-1studyroom2,21,64,7351,0.2773437499999989,0.18000000000000002,1
sun3d-mit_76_studyroom-76-1studyroom2,21,65,7351,0.3828124999999985,0.304,1
sun3d-mit_76_studyroom-76-1studyroom2,22,25,7351,-0.1328124999999994,-0.034,0
sun3d-mit_76_studyroom-76-1studyroom2,22,26,7351,-0.015625,0.017,-1
sun3d-mit_76_studyroom-76-1studyroom2,22,27,7351,-0.08984374999999958,-0.1255,0
sun3d-mit_76_studyroom-76-1studyroom2,22,32,7351,-0.1835937499999992,-0.061500000000000006,0
sun3d-mit_76_studyroom-76-1studyroom2,22,35,7351,-0.00390625,0.08750000000000002,0
sun3d-mit_76_studyroom-76-1studyroom2,22,48,7351,-0.02343749999999989,0.04500000000000001,0
sun3d-mit_76_studyroom-76-1studyroom2,22,64,7351,0.0,0.0,0
sun3d-mit_76_studyroom-76-1studyroom2,23,26,7351,0.1249999999999995,0.0995,1
sun3d-mit_76_studyroom-76-1studyroom2,23,28,7351,0.0156249999999999,0.0,0
sun3d-mit_76_studyroom-76-1studyroom2,23,31,7351,0.0,0.0,0
sun3d-mit_76_studyroom-76-1studyroom2,23,34,7351,0.011718749999999889,0.05850000000000005,0
sun3d-mit_76_studyroom-76-1studyroom2,23,64,7351,0.0,0.0025,0
sun3d-mit_76_studyroom-76-1studyroom2,24,28,7351,0.03515624999999978,0.062000000000000055,0
sun3d-mit_76_studyroom-76-1studyroom2,24,29,7351,-0.011718749999999889,0.04799999999999993,0
sun3d-mit_76_studyroom-76-1studyroom2,24,31,7351,-0.03124999999999989,0.06299999999999994,0
sun3d-mit_76_studyroom-76-1studyroom2,24,34,7351,-0.2929687499999989,-0.175,-1
sun3d-mit_76_studyroom-76-1studyroom2,24,65,7351,-0.20703124999999922,-0.1035,0
sun3d-mit_76_studyroom-76-1studyroom2,25,29,7351,-0.03125,0.021499999999999964,0
sun3d-mit_76_studyroom-76-1studyroom2,25,31,7351,-0.04687499999999989,0.04749999999999999,0
sun3d-mit_76_studyroom-76-1studyroom2,26,28,7351,0.019531249999999778,0.03849999999999998,0
sun3d-mit_76_studyroom-76-1studyroom2,26,33,7351,-0.0078125,0.061000000000000054,0
sun3d-mit_76_studyroom-76-1studyroom2,27,29,7351,0.015625,-0.0024999999999999467,0
sun3d-mit_76_studyroom-76-1studyroom2,27,30,7351,-0.015624999999999778,0.02400000000000002,0
sun3d-mit_76_studyroom-76-1studyroom2,27,31,7351,0.00390625,0.031000000000000028,0
sun3d-mit_76_studyroom-76-1studyroom2,28,33,7351,0.0078125,0.04400000000000004,0
sun3d-mit_76_studyroom-76-1studyroom2,30,32,7351,-0.12499999999999944,-0.04149999999999998,0
sun3d-mit_76_studyroom-76-1studyroom2,33,34,7351,-0.15624999999999944,-0.11349999999999993,0
sun3d-mit_76_studyroom-76-1studyroom2,33,65,7351,0.0585937499999998,0.012999999999999998,0
sun3d-mit_76_studyroom-76-1studyroom2,34,36,7351,-0.027343749999999778,0.05249999999999999,0
sun3d-mit_76_studyroom-76-1studyroom2,34,37,7351,-0.01171875,0.034499999999999975,0
sun3d-mit_76_studyroom-76-1studyroom2,34,38,7351,0.01171875,0.09650000000000003,0
sun3d-mit_76_studyroom-76-1studyroom2,34,46,7351,-0.02343749999999989,0.04200000000000004,0
sun3d-mit_76_studyroom-76-1studyroom2,34,47,7351,0.0,0.005499999999999949,0
sun3d-mit_76_studyroom-76-1studyroom2,34,48,7351,-0.00390625,0.04500000000000004,0
sun3d-mit_76_studyroom-76-1studyroom2,34,49,7351,0.011718749999999889,0.08299999999999996,0
sun3d-mit_76_studyroom-76-1studyroom2,34,63,7351,0.0546874999999998,0.0425,0
sun3d-mit_76_studyroom-76-1studyroom2,34,64,7351,0.1054687499999996,0.05,0
sun3d-mit_76_studyroom-76-1studyroom2,35,39,7351,-0.0078124999999999,-0.0115,0
sun3d-mit_76_studyroom-76-1studyroom2,35,44,7351,-0.0507812499999998,-0.07800000000000001,0
sun3d-mit_76_studyroom-76-1studyroom2,35,50,7351,0.10937499999999967,0.11499999999999999,0
sun3d-mit_76_studyroom-76-1studyroom2,35,51,7351,0.01953125,0.09899999999999998,0
sun3d-mit_76_studyroom-76-1studyroom2,35,52,7351,0.08593749999999961,0.0905,1
sun3d-mit_76_studyroom-76-1studyroom2,36,44,7351,-0.0078125,-0.05299999999999999,0
sun3d-mit_76_studyroom-76-1studyroom2,36,50,7351,0.04687499999999978,0.08350000000000002,0
sun3d-mit_76_studyroom-76-1studyroom2,36,51,7351,0.01171875,0.04049999999999998,0
sun3d-mit_76_studyroom-76-1studyroom2,36,52,7351,0.03906249999999992,0.026000000000000002,0
sun3d-mit_76_studyroom-76-1studyroom2,36,53,7351,0.007812499999999889,-0.018500000000000003,0
sun3d-mit_76_studyroom-76-1studyroom2,37,44,7351,0.0,-0.02849999999999997,0
sun3d-mit_76_studyroom-76-1studyroom2,37,50,7351,0.05078124999999978,0.10999999999999999,0
sun3d-mit_76_studyroom-76-1studyroom2,37,51,7351,0.1171874999999995,0.08100000000000002,0
sun3d-mit_76_studyroom-76-1studyroom2,37,52,7351,0.05078124999999983,0.025999999999999995,0
sun3d-mit_76_studyroom-76-1studyroom2,37,53,7351,-0.265624999999999,-0.107,0
sun3d-mit_76_studyroom-76-1studyroom2,38,40,7351,0.0039062499999999,0.0025,0
sun3d-mit_76_studyroom-76-1studyroom2,38,43,7351,-0.0078124999999999,-0.0145,0
sun3d-mit_76_studyroom-76-1studyroom2,38,51,7351,0.08593749999999967,0.09699999999999998,0
sun3d-mit_76_studyroom-76-1studyroom2,38,52,7351,-0.08984374999999967,0.09299999999999997,0
sun3d-mit_76_studyroom-76-1studyroom2,39,41,7351,0.02343749999999989,0.024999999999999994,1
sun3d-mit_76_studyroom-76-1studyroom2,39,42,7351,-0.00390625,0.0020000000000000018,-1
sun3d-mit_76_studyroom-76-1studyroom2,39,48,7351,-0.4648437499999981,-0.211,0
sun3d-mit_76_studyroom-76-1studyroom2,39,49,7351,-0.058593749999999556,0.020499999999999963,0
sun3d-mit_76_studyroom-76-1studyroom2,39,50,7351,-0.00390625,0.045499999999999985,0
sun3d-mit_76_studyroom-76-1studyroom2,39,51,7351,0.17578124999999922,0.27899999999999997,0
sun3d-mit_76_studyroom-76-1studyroom2,39,52,7351,0.03124999999999989,0.10399999999999998,0
sun3d-mit_76_studyroom-76-1studyroom2,39,53,7351,0.01171875,0.044499999999999984,0
sun3d-mit_76_studyroom-76-1studyroom2,40,45,7351,0.0,0.0,0
sun3d-mit_76_studyroom-76-1studyroom2,40,46,7351,0.0,0.0,0
sun3d-mit_76_studyroom-76-1studyroom2,40,47,7351,0.0,0.0,0
sun3d-mit_76_studyroom-76-1studyroom2,40,48,7351,0.0,0.0,0
sun3d-mit_76_studyroom-76-1studyroom2,40,49,7351,0.0039062499999999,0.0,0
sun3d-mit_76_studyroom-76-1studyroom2,41,44,7351,0.0,0.0,0
sun3d-mit_76_studyroom-76-1studyroom2,42,44,7351,0.0,0.0,0
sun3d-mit_76_studyroom-76-1studyroom2,43,45,7351,0.0,0.0,0
sun3d-mit_76_studyroom-76-1studyroom2,43,46,7351,0.0,0.0,0
sun3d-mit_76_studyroom-76-1studyroom2,43,47,7351,0.0,0.0,0
sun3d-mit_76_studyroom-76-1studyroom2,43,48,7351,0.0,0.0,0
sun3d-mit_76_studyroom-76-1studyroom2,44,48,7351,0.01953124999999989,0.0035000000000000586,0
sun3d-mit_76_studyroom-76-1studyroom2,44,51,7351,0.08984374999999961,0.2055,0
sun3d-mit_76_studyroom-76-1studyroom2,47,50,7351,-0.007812499999999889,0.012500000000000067,0
sun3d-mit_76_studyroom-76-1studyroom2,48,50,7351,-0.05859374999999978,0.05700000000000005,0
sun3d-mit_76_studyroom-76-1studyroom2,49,51,7351,0.011718749999999889,0.07950000000000002,0
sun3d-mit_76_studyroom-76-1studyroom2,50,52,7351,-0.007812499999999889,0.012500000000000011,0
sun3d-mit_76_studyroom-76-1studyroom2,51,55,7351,-0.07812499999999967,-0.0050000000000000044,0
sun3d-mit_76_studyroom-76-1studyroom2,51,56,7351,-0.2812499999999989,-0.10350000000000004,0
sun3d-mit_76_studyroom-76-1studyroom2,52,54,7351,-0.03124999999999989,0.03049999999999997,0
sun3d-mit_76_studyroom-76-1studyroom2,52,56,7351,-0.4101562499999984,-0.3355,-1
sun3d-mit_76_studyroom-76-1studyroom2,53,56,7351,0.00390625,0.0015,0
sun3d-mit_76_studyroom-76-1studyroom2,54,56,7351,0.027343749999999903,0.005500000000000005,0
sun3d-mit_76_studyroom-76-1studyroom2,55,57,7351,0.01953125,0.014000000000000012,0
sun3d-mit_76_studyroom-76-1studyroom2,57,59,7351,-0.035156249999999806,-0.022000000000000002,0
sun3d-mit_76_studyroom-76-1studyroom2,57,60,7351,-0.238281249999999,-0.12100000000000001,-1
sun3d-mit_76_studyroom-76-1studyroom2,57,61,7351,0.05078124999999978,0.0985,0
sun3d-mit_76_studyroom-76-1studyroom2,57,62,7351,0.17968749999999928,0.09600000000000003,0
sun3d-mit_76_studyroom-76-1studyroom2,57,63,7351,-0.08984374999999958,-0.021999999999999992,-1
sun3d-mit_76_studyroom-76-1studyroom2,58,62,7351,0.12890624999999944,0.21250000000000002,0
sun3d-mit_76_studyroom-76-1studyroom2,58,63,7351,0.04296874999999989,0.09100000000000008,0
sun3d-mit_76_studyroom-76-1studyroom2,59,63,7351,0.019531249999999778,0.10150000000000003,0
sun3d-mit_76_studyroom-76-1studyroom2,60,64,7351,-0.09374999999999961,-0.045999999999999985,-1
sun3d-mit_76_studyroom-76-1studyroom2,61,64,7351,-0.33593749999999867,-0.193,0
sun3d-mit_76_studyroom-76-1studyroom2,62,65,7351,-0.10156249999999961,-0.11499999999999999,0
sun3d-mit_76_studyroom-76-1studyroom2,63,65,7351,-0.27343749999999895,-0.16500000000000004,-1
sun3d-mit_lab_hj-lab_hj_tea_nov_2_2012_scan1_erika,0,2,7351,0.1874999999999993,0.1175,1
sun3d-mit_lab_hj-lab_hj_tea_nov_2_2012_scan1_erika,0,6,7351,0.08203124999999972,0.009500000000000001,1
sun3d-mit_lab_hj-lab_hj_tea_nov_2_2012_scan1_erika,0,7,7351,-0.03124999999999989,-0.024499999999999994,0
sun3d-mit_lab_hj-lab_hj_tea_nov_2_2012_scan1_erika,0,11,7351,0.1484374999999994,0.16150000000000003,0
sun3d-mit_lab_hj-lab_hj_tea_nov_2_2012_scan1_erika,0,24,7351,-0.0039062499999999167,-0.024000000000000007,0
sun3d-mit_lab_hj-lab_hj_tea_nov_2_2012_scan1_erika,0,26,7351,-0.09765624999999961,-0.00949999999999998,0
sun3d-mit_lab_hj-lab_hj_tea_nov_2_2012_scan1_erika,1,5,7351,-0.03515624999999978,0.0010000000000000009,0
sun3d-mit_lab_hj-lab_hj_tea_nov_2_2012_scan1_erika,1,7,7351,-0.10937499999999961,-0.3285,0
sun3d-mit_lab_hj-lab_hj_tea_nov_2_2012_scan1_erika,1,26,7351,0.0,0.06500000000000003,0
sun3d-mit_lab_hj-lab_hj_tea_nov_2_2012_scan1_erika,2,6,7351,0.01171875,0.02849999999999997,0
sun3d-mit_lab_hj-lab_hj_tea_nov_2_2012_scan1_erika,2,7,7351,0.05859374999999978,0.03749999999999998,0
sun3d-mit_lab_hj-lab_hj_tea_nov_2_2012_scan1_erika,2,9,7351,-0.04296874999999989,0.04599999999999993,0
sun3d-mit_lab_hj-lab_hj_tea_nov_2_2012_scan1_erika,2,28,7351,-0.03124999999999989,0.034499999999999975,0
sun3d-mit_lab_hj-lab_hj_tea_nov_2_2012_scan1_erika,2,30,7351,0.1874999999999993,0.0285,0
sun3d-mit_lab_hj-lab_hj_tea_nov_2_2012_scan1_erika,3,5,7351,0.0,0.03199999999999992,0
sun3d-mit_lab_hj-lab_hj_tea_nov_2_2012_scan1_erika,3,6,7351,0.0,-0.00550000000000006,0
sun3d-mit_lab_hj-lab_hj_tea_nov_2_2012_scan1_erika,3,7,7351,0.02343749999999989,0.034499999999999975,0
sun3d-mit_lab_hj-lab_hj_tea_nov_2_2012_scan1_erika,3,8,7351,-0.07031249999999967,0.034499999999999975,0
sun3d-mit_lab_hj-lab_hj_tea_nov_2_2012_scan1_erika,3,30,7351,0.0390624999999998,0.003,0
sun3d-mit_lab_hj-lab_hj_tea_nov_2_2012_scan1_erika,4,7,7351,0.03124999999999989,0.02100000000000002,0
sun3d-mit_lab_hj-lab_hj_tea_nov_2_2012_scan1_erika,4,8,7351,-0.04296874999999978,0.04699999999999993,0
sun3d-mit_lab_hj-lab_hj_tea_nov_2_2012_scan1_erika,5,9,7351,0.015624999999999889,-0.016500000000000015,0
sun3d-mit_lab_hj-lab_hj_tea_nov_2_2012_scan1_erika,6,9,7351,0.007812499999999889,-0.0675,0
sun3d-mit_lab_hj-lab_hj_tea_nov_2_2012_scan1_erika,6,10,7351,0.07421874999999972,0.021999999999999964,0
sun3d-mit_lab_hj-lab_hj_tea_nov_2_2012_scan1_erika,8,9,7351,0.01171875,0.011500000000000066,0
sun3d-mit_lab_hj-lab_hj_tea_nov_2_2012_scan1_erika,8,10,7351,0.06249999999999967,0.009000000000000008,0
sun3d-mit_lab_hj-lab_hj_tea_nov_2_2012_scan1_erika,9,11,7351,0.2070312499999991,0.13049999999999998,1
sun3d-mit_lab_hj-lab_hj_tea_nov_2_2012_scan1_erika,9,27,7351,-0.20312499999999922,-0.0655,0
sun3d-mit_lab_hj-lab_hj_tea_nov_2_2012_scan1_erika,9,28,7351,-0.04296874999999978,0.06500000000000006,0
sun3d-mit_lab_hj-lab_hj_tea_nov_2_2012_scan1_erika,10,27,7351,0.34374999999999867,0.278,1
sun3d-mit_lab_hj-lab_hj_tea_nov_2_2012_scan1_erika,10,28,7351,0.06640624999999978,0.15799999999999997,0
sun3d-mit_lab_hj-lab_hj_tea_nov_2_2012_scan1_erika,13,16,7351,0.19921874999999928,0.1545,0
sun3d-mit_lab_hj-lab_hj_tea_nov_2_2012_scan1_erika,13,17,7351,-0.03515624999999989,0.014499999999999985,0
sun3d-mit_lab_hj-lab_hj_tea_nov_2_2012_scan1_erika,13,18,7351,0.0,0.0,0
sun3d-mit_lab_hj-lab_hj_tea_nov_2_2012_scan1_erika,14,18,7351,0.07812499999999978,0.16749999999999998,0
sun3d-mit_lab_hj-lab_hj_tea_nov_2_2012_scan1_erika,15,18,7351,0.04687499999999989,0.059,0
sun3d-mit_lab_hj-lab_hj_tea_nov_2_2012_scan1_erika,17,20,7351,0.10937499999999956,0.07899999999999996,0
sun3d-mit_lab_hj-lab_hj_tea_nov_2_2012_scan1_erika,19,21,7351,0.07031249999999978,0.0,1
sun3d-mit_lab_hj-lab_hj_tea_nov_2_2012_scan1_erika,20,22,7351,0.1289062499999994,-0.0005000000000000004,0
sun3d-mit_lab_hj-lab_hj_tea_nov_2_2012_scan1_erika,21,23,7351,0.0078125,-0.00649999999999995,0
sun3d-mit_lab_hj-lab_hj_tea_nov_2_2012_scan1_erika,21,24,7351,0.02734374999999989,0.013000000000000012,0
sun3d-mit_lab_hj-lab_hj_tea_nov_2_2012_scan1_erika,21,25,7351,0.03906249999999983,-0.014000000000000012,0
sun3d-mit_lab_hj-lab_hj_tea_nov_2_2012_scan1_erika,22,25,7351,0.07812499999999967,0.04200000000000004,0
sun3d-mit_lab_hj-lab_hj_tea_nov_2_2012_scan1_erika,22,26,7351,0.0078125,0.0030000000000000027,0
sun3d-mit_lab_hj-lab_hj_tea_nov_2_2012_scan1_erika,23,26,7351,-0.05468749999999978,0.007000000000000006,0
sun3d-mit_lab_hj-lab_hj_tea_nov_2_2012_scan1_erika,23,27,7351,-0.015624999999999944,0.07500000000000001,0
sun3d-mit_lab_hj-lab_hj_tea_nov_2_2012_scan1_erika,24,26,7351,-0.01171875,-0.0044999999999999485,0
sun3d-mit_lab_hj-lab_hj_tea_nov_2_2012_scan1_erika,24,27,7351,0.06249999999999972,0.11449999999999999,0
sun3d-mit_lab_hj-lab_hj_tea_nov_2_2012_scan1_erika,24,33,7351,0.00390625,0.08250000000000002,0
sun3d-mit_lab_hj-lab_hj_tea_nov_2_2012_scan1_erika,24,34,7351,-0.01171875,0.07150000000000001,0
sun3d-mit_lab_hj-lab_hj_tea_nov_2_2012_scan1_erika,24,35,7351,0.2343749999999991,0.1925,1
sun3d-mit_lab_hj-lab_hj_tea_nov_2_2012_scan1_erika,24,36,7351,-0.02734374999999989,0.09999999999999998,0
sun3d-mit_lab_hj-lab_hj_tea_nov_2_2012_scan1_erika,24,37,7351,0.03515624999999989,0.01649999999999996,0
sun3d-mit_lab_hj-lab_hj_tea_nov_2_2012_scan1_erika,25,27,7351,0.08984374999999961,0.08750000000000002,0
sun3d-mit_lab_hj-lab_hj_tea_nov_2_2012_scan1_erika,25,30,7351,-0.0117187499999999,0.0,0
sun3d-mit_lab_hj-lab_hj_tea_nov_2_2012_scan1_erika,25,31,7351,-0.0664062499999997,-0.009,0
sun3d-mit_lab_hj-lab_hj_tea_nov_2_2012_scan1_erika,25,32,7351,0.05468749999999978,0.025999999999999995,0
sun3d-mit_lab_hj-lab_hj_tea_nov_2_2012_scan1_erika,25,33,7351,0.03515624999999983,0.07300000000000001,0
sun3d-mit_lab_hj-lab_hj_tea_nov_2_2012_scan1_erika,25,34,7351,0.03906249999999978,0.04600000000000001,0
sun3d-mit_lab_hj-lab_hj_tea_nov_2_2012_scan1_erika,25,35,7351,-0.03906249999999983,0.004500000000000004,0
sun3d-mit_lab_hj-lab_hj_tea_nov_2_2012_scan1_erika,25,36,7351,-0.02734374999999989,0.0025000000000000022,0
sun3d-mit_lab_hj-lab_hj_tea_nov_2_2012_scan1_erika,25,37,7351,0.05859374999999978,0.08250000000000002,0
sun3d-mit_lab_hj-lab_hj_tea_nov_2_2012_scan1_erika,28,29,7351,0.00390625,0.004000000000000001,0
sun3d-mit_lab_hj-lab_hj_tea_nov_2_2012_scan1_erika,28,30,7351,-0.1289062499999995,-0.08149999999999999,0
sun3d-mit_lab_hj-lab_hj_tea_nov_2_2012_scan1_erika,29,31,7351,0.17968749999999928,0.10099999999999998,0
sun3d-mit_lab_hj-lab_hj_tea_nov_2_2012_scan1_erika,30,32,7351,0.01171875,0.057499999999999996,0
sun3d-mit_lab_hj-lab_hj_tea_nov_2_2012_scan1_erika,30,33,7351,-0.015625,0.05349999999999999,0
sun3d-mit_lab_hj-lab_hj_tea_nov_2_2012_scan1_erika,30,34,7351,0.01171875,0.017999999999999905,0
sun3d-mit_lab_hj-lab_hj_tea_nov_2_2012_scan1_erika,30,35,7351,0.00390625,0.09099999999999997,0
sun3d-mit_lab_hj-lab_hj_tea_nov_2_2012_scan1_erika,30,36,7351,0.04687499999999989,0.08299999999999996,0
sun3d-mit_lab_hj-lab_hj_tea_nov_2_2012_scan1_erika,30,37,7351,-0.00390625,0.06699999999999995,0
sun3d-mit_lab_hj-lab_hj_tea_nov_2_2012_scan1_erika,31,35,7351,0.0,0.045499999999999985,0
7-scenes-redkitchen,0,7,2026,-0.003906249999999889,0.03049999999999997,0
7-scenes-redkitchen,0,8,2026,-0.21093749999999917,-0.16749999999999998,0
7-scenes-redkitchen,0,9,2026,-0.011718749999999889,0.07500000000000007,0
7-scenes-redkitchen,0,16,2026,-0.08984374999999961,-0.08450000000000002,0
7-scenes-redkitchen,0,17,2026,-0.1406249999999994,-0.10949999999999999,0
7-scenes-redkitchen,0,18,2026,0.05078124999999978,0.0675,0
7-scenes-redkitchen,0,20,2026,0.00390625,0.0675,0
7-scenes-redkitchen,0,25,2026,-0.1562499999999994,-0.08200000000000002,0
7-scenes-redkitchen,0,30,2026,-0.04296874999999979,-0.025999999999999995,-1
7-scenes-redkitchen,0,31,2026,-0.1406249999999995,-0.0345,0
7-scenes-redkitchen,0,32,2026,0.17578124999999933,0.11249999999999999,0
7-scenes-redkitchen,0,33,2026,-0.0078125,0.015500000000000003,0
7-scenes-redkitchen,0,34,2026,-0.12499999999999944,-0.011500000000000066,0
7-scenes-redkitchen,0,36,2026,-0.05859374999999978,-0.07500000000000001,0
7-scenes-redkitchen,0,37,2026,-0.13281249999999944,-0.08850000000000002,0
7-scenes-redkitchen,0,38,2026,-0.05078124999999978,0.03850000000000009,0
7-scenes-redkitchen,0,41,2026,-0.11718749999999944,-0.056499999999999995,0
7-scenes-redkitchen,0,42,2026,-0.06249999999999978,0.0625,0
7-scenes-redkitchen,0,43,2026,0.08203124999999972,0.0675,0
7-scenes-redkitchen,0,44,2026,0.07812499999999967,0.15800000000000003,0
7-scenes-redkitchen,0,45,2026,-0.07421874999999967,-0.0015000000000000013,0
7-scenes-redkitchen,0,46,2026,0.16015624999999933,0.18350000000000005,0
7-scenes-redkitchen,0,47,2026,0.15234374999999933,0.2005,0
7-scenes-redkitchen,0,48,2026,0.2656249999999989,0.2815,0
7-scenes-redkitchen,0,49,2026,0.2265624999999991,0.21650000000000003,0
7-scenes-redkitchen,0,50,2026,0.2109374999999991,0.27849999999999997,0
7-scenes-redkitchen,0,51,2026,0.03124999999999989,0.1215,0
7-scenes-redkitchen,0,52,2026,0.07421874999999967,0.1335,0
7-scenes-redkitchen,0,53,2026,0.1367187499999994,0.1275,0
7-scenes-redkitchen,0,59,2026,0.1757812499999993,0.1305,1
7-scenes-redkitchen,1,6,2026,0.14062499999999944,0.24800000000000005,0
7-scenes-redkitchen,1,7,2026,0.19531249999999933,0.25049999999999994,0
7-scenes-redkitchen,1,9,2026,0.08203124999999967,0.08850000000000002,0
7-scenes-redkitchen,1,18,2026,0.0234375,0.11349999999999999,0
7-scenes-redkitchen,1,19,2026,0.01953124999999989,0.11750000000000005,0
7-scenes-redkitchen,1,20,2026,-0.02343749999999989,0.038500000000000034,0
7-scenes-redkitchen,1,25,2026,0.15624999999999944,0.14900000000000002,0
7-scenes-redkitchen,1,30,2026,-0.3515624999999986,-0.2475,-1
7-scenes-redkitchen,1,33,2026,-0.054687499999999806,-0.011999999999999997,0
7-scenes-redkitchen,1,36,2026,0.23828124999999908,0.020500000000000018,1
7-scenes-redkitchen,1,37,2026,0.17187499999999922,0.124,0
7-scenes-redkitchen,1,38,2026,0.06640624999999967,0.03949999999999998,0
7-scenes-redkitchen,1,39,2026,0.0078125,0.046499999999999986,0
7-scenes-redkitchen,1,41,2026,-0.04687499999999989,0.07250000000000001,0
7-scenes-redkitchen,1,42,2026,-0.0078125,0.05149999999999999,0
7-scenes-redkitchen,1,43,2026,0.01953125,0.051999999999999935,0
7-scenes-redkitchen,1,44,2026,0.007812499999999889,0.08650000000000002,0
7-scenes-redkitchen,1,45,2026,-0.01953125,0.055999999999999994,0
7-scenes-redkitchen,1,46,2026,0.14453124999999944,0.2,0
7-scenes-redkitchen,1,59,2026,0.0546874999999997,0.068,0
7-scenes-redkitchen,2,5,2026,-0.10156249999999967,-0.017500000000000016,0
7-scenes-redkitchen,2,10,2026,-0.05078124999999978,0.08550000000000002,0
7-scenes-redkitchen,2,15,2026,-0.20312499999999917,-0.08749999999999997,0
7-scenes-redkitchen,2,26,2026,0.16015624999999944,0.16450000000000004,0
7-scenes-redkitchen,2,32,2026,0.03124999999999989,0.057499999999999996,0
7-scenes-redkitchen,2,44,2026,0.01953124999999989,0.10599999999999998,0
7-scenes-redkitchen,2,45,2026,0.015624999999999889,0.08100000000000007,0
7-scenes-redkitchen,3,6,2026,0.07031249999999972,-0.021499999999999964,0
7-scenes-redkitchen,3,7,2026,-0.007812499999999889,-0.01100000000000001,0
7-scenes-redkitchen,3,15,2026,-0.04687499999999978,0.025500000000000078,0
7-scenes-redkitchen,3,19,2026,0.01953124999999989,0.08200000000000007,0
7-scenes-redkitchen,3,25,2026,0.02343749999999989,0.1175,0
7-scenes-redkitchen,3,31,2026,-0.00390625,0.05449999999999999,0
7-scenes-redkitchen,3,32,2026,-0.01171875,0.03500000000000003,0
7-scenes-redkitchen,3,36,2026,0.06249999999999983,0.02749999999999997,0
7-scenes-redkitchen,3,37,2026,-0.011718749999999889,0.06000000000000005,0
7-scenes-redkitchen,3,38,2026,-0.18749999999999922,-0.10000000000000003,0
7-scenes-redkitchen,3,39,2026,-0.02343749999999989,0.025000000000000022,0
7-scenes-redkitchen,3,46,2026,-0.05078124999999978,0.010500000000000065,0
7-scenes-redkitchen,3,59,2026,0.015625,0.028999999999999998,0
7-scenes-redkitchen,4,8,2026,-0.21093749999999922,-0.15050000000000002,0
7-scenes-redkitchen,4,16,2026,-0.08984374999999967,-0.08300000000000002,0
7-scenes-redkitchen,4,17,2026,-0.10156249999999967,-0.07050000000000001,0
7-scenes-redkitchen,4,20,2026,-0.02734374999999989,0.03049999999999997,0
7-scenes-redkitchen,4,21,2026,0.1757812499999994,0.14699999999999996,0
7-scenes-redkitchen,4,24,2026,-0.14453124999999942,-0.028499999999999998,0
7-scenes-redkitchen,4,28,2026,0.3554687499999986,0.3215,0
7-scenes-redkitchen,4,29,2026,-0.00390625,0.0645,0
7-scenes-redkitchen,4,35,2026,0.07031249999999972,0.0685,0
7-scenes-redkitchen,4,36,2026,-0.03124999999999989,0.005500000000000005,0
7-scenes-redkitchen,4,40,2026,0.01953125,0.04800000000000004,0
7-scenes-redkitchen,4,41,2026,-0.04687499999999989,0.034499999999999975,0
7-scenes-redkitchen,4,43,2026,-0.05078124999999978,0.06300000000000006,0
7-scenes-redkitchen,4,48,2026,0.08984374999999967,0.16049999999999998,0
7-scenes-redkitchen,4,49,2026,0.007812499999999889,0.137,0
7-scenes-redkitchen,4,50,2026,0.007812499999999889,0.15650000000000003,0
7-scenes-redkitchen,4,51,2026,0.015625,0.123,0
7-scenes-redkitchen,4,52,2026,0.07421874999999978,0.15900000000000003,0
7-scenes-redkitchen,4,53,2026,0.05859374999999978,0.05249999999999999,0
7-scenes-redkitchen,4,54,2026,0.02734374999999989,-0.008500000000000008,0
7-scenes-redkitchen,4,58,2026,-0.03906249999999989,-0.06999999999999998,0
7-scenes-redkitchen,4,59,2026,-0.07421874999999978,-0.044499999999999984,0
7-scenes-redkitchen,5,13,2026,0.00390625,0.08950000000000002,0
7-scenes-redkitchen,5,14,2026,-0.02734374999999989,0.07599999999999996,0
7-scenes-redkitchen,5,21,2026,0.03515624999999989,0.08450000000000002,0
7-scenes-redkitchen,5,24,2026,-0.15234374999999933,-0.006500000000000006,0
7-scenes-redkitchen,5,27,2026,0.14453124999999944,0.24350000000000005,0
7-scenes-redkitchen,5,28,2026,0.1601562499999994,0.1785,0
7-scenes-redkitchen,5,34,2026,-0.02343749999999989,0.012500000000000011,0
7-scenes-redkitchen,5,35,2026,-0.04687499999999978,-0.04149999999999998,0
7-scenes-redkitchen,5,40,2026,0.10156249999999956,0.129,0
7-scenes-redkitchen,5,41,2026,-0.18359374999999928,-0.10450000000000004,0
7-scenes-redkitchen,5,42,2026,-0.08593749999999967,0.01200000000000001,0
7-scenes-redkitchen,5,43,2026,-0.06640624999999978,0.01649999999999996,0
7-scenes-redkitchen,5,44,2026,0.03906249999999989,0.15549999999999997,0
7-scenes-redkitchen,5,45,2026,0.01953124999999989,0.1205,0
7-scenes-redkitchen,5,50,2026,0.00390625,0.09449999999999997,0
7-scenes-redkitchen,5,51,2026,0.24999999999999908,0.26649999999999996,0
7-scenes-redkitchen,5,52,2026,0.05078124999999978,0.12350000000000005,0
7-scenes-redkitchen,5,53,2026,-0.05468749999999978,0.025000000000000022,0
7-scenes-redkitchen,5,54,2026,-0.08593749999999967,-0.068,0
7-scenes-redkitchen,5,55,2026,-0.11718749999999958,-0.087,-1
7-scenes-redkitchen,5,57,2026,0.10546874999999958,0.118,1
7-scenes-redkitchen,5,58,2026,-0.01953124999999989,-0.03149999999999997,0
7-scenes-redkitchen,5,59,2026,-0.01171875,0.03699999999999998,0
7-scenes-redkitchen,6,13,2026,0.20312499999999917,0.1805,0
7-scenes-redkitchen,6,14,2026,0.39453124999999845,0.2995,0
7-scenes-redkitchen,6,22,2026,-0.01953124999999989,0.10900000000000001,1
7-scenes-redkitchen,6,27,2026,0.02343749999999989,0.038000000000000006,0
7-scenes-redkitchen,6,34,2026,-0.015625,0.12749999999999995,0
7-scenes-redkitchen,6,42,2026,-0.08984374999999972,-0.013499999999999998,0
7-scenes-redkitchen,6,44,2026,0.1484374999999994,0.14300000000000002,1
7-scenes-redkitchen,6,45,2026,0.04687499999999978,0.1255,0
7-scenes-redkitchen,6,46,2026,0.03124999999999989,0.09500000000000003,0
7-scenes-redkitchen,6,47,2026,0.3085937499999988,0.297,1
7-scenes-redkitchen,6,48,2026,0.08984374999999961,0.1925,0
7-scenes-redkitchen,6,50,2026,0.07812499999999978,0.21849999999999997,0
7-scenes-redkitchen,6,51,2026,0.1289062499999995,0.19700000000000006,0
7-scenes-redkitchen,6,52,2026,0.16406249999999933,0.16249999999999998,0
7-scenes-redkitchen,6,55,2026,-0.24218749999999906,-0.14449999999999996,0
7-scenes-redkitchen,6,56,2026,-0.3046874999999987,-0.2185,0
7-scenes-redkitchen,6,57,2026,-0.08984374999999967,-0.05800000000000005,0
7-scenes-redkitchen,6,58,2026,0.015624999999999889,0.04349999999999998,0
7-scenes-redkitchen,7,12,2026,0.10156249999999961,0.16599999999999998,0
7-scenes-redkitchen,7,13,2026,0.253906249999999,0.24800000000000003,0
7-scenes-redkitchen,7,14,2026,0.1132812499999995,0.06349999999999999,1
7-scenes-redkitchen,7,22,2026,0.00390625,0.13950000000000007,0
7-scenes-redkitchen,7,23,2026,0.09765624999999956,0.22800000000000004,0
7-scenes-redkitchen,7,27,2026,-0.027343749999999917,0.05499999999999999,0
7-scenes-redkitchen,7,34,2026,-0.07031249999999972,-0.026499999999999996,0
7-scenes-redkitchen,7,46,2026,0.20703124999999917,0.1995,0
7-scenes-redkitchen,7,47,2026,0.0742187499999997,0.067,1
7-scenes-redkitchen,7,48,2026,-0.050781249999999806,0.0020000000000000018,0
7-scenes-redkitchen,7,49,2026,-0.04296874999999992,0.017,0
7-scenes-redkitchen,7,50,2026,-0.17968749999999922,-0.1395,0
7-scenes-redkitchen,7,51,2026,0.08593749999999961,0.128,0
7-scenes-redkitchen,7,52,2026,-0.249999999999999,-0.166,-1
7-scenes-redkitchen,7,56,2026,-0.2187499999999991,-0.21599999999999997,0
7-scenes-redkitchen,7,57,2026,-0.05468749999999978,0.005499999999999949,0
7-scenes-redkitchen,8,10,2026,0.03124999999999989,0.05799999999999994,0
7-scenes-redkitchen,8,11,2026,-0.14843749999999944,-0.11650000000000005,0
7-scenes-redkitchen,8,15,2026,-0.11718749999999956,-0.10800000000000004,0
7-scenes-redkitchen,8,26,2026,0.00390625,0.07499999999999996,0
7-scenes-redkitchen,8,34,2026,-0.2812499999999989,-0.1865,0
7-scenes-redkitchen,8,38,2026,-0.06640624999999978,0.02300000000000002,0
7-scenes-redkitchen,8,48,2026,-0.42578124999999833,-0.3145,-1
7-scenes-redkitchen,8,49,2026,-0.1249999999999995,-0.05200000000000002,-1
7-scenes-redkitchen,8,50,2026,-0.2265624999999991,-0.11699999999999999,-1
7-scenes-redkitchen,8,52,2026,-0.35546874999999867,-0.21399999999999997,0
7-scenes-redkitchen,8,56,2026,-0.3828124999999985,-0.26449999999999996,0
7-scenes-redkitchen,8,57,2026,-0.08203124999999967,-0.02749999999999997,0
7-scenes-redkitchen,9,12,2026,-0.10937499999999956,-0.010000000000000009,0
7-scenes-redkitchen,9,15,2026,-0.00390625,0.034499999999999975,0
7-scenes-redkitchen,9,22,2026,-0.00390625,0.04400000000000004,0
7-scenes-redkitchen,9,23,2026,0.02343749999999989,0.08050000000000002,0
7-scenes-redkitchen,9,27,2026,0.1328124999999994,0.14600000000000002,0
7-scenes-redkitchen,9,34,2026,-0.05078124999999978,-0.01599999999999996,0
7-scenes-redkitchen,9,46,2026,0.04687499999999978,0.12899999999999995,0
7-scenes-redkitchen,9,47,2026,0.0,0.035499999999999976,0
7-scenes-redkitchen,9,48,2026,-0.08203124999999967,0.056999999999999995,0
7-scenes-redkitchen,9,50,2026,0.04687499999999978,0.15399999999999997,0
7-scenes-redkitchen,9,52,2026,0.007812499999999889,0.08650000000000002,0
7-scenes-redkitchen,9,55,2026,-0.19921874999999922,-0.22750000000000004,0
7-scenes-redkitchen,9,56,2026,-0.1054687499999995,-0.07449999999999998,0
7-scenes-redkitchen,9,57,2026,0.02343749999999989,0.08399999999999996,0
7-scenes-redkitchen,9,58,2026,-0.01953125,0.025499999999999967,0
7-scenes-redkitchen,10,21,2026,0.08203124999999967,0.08050000000000002,0
7-scenes-redkitchen,10,24,2026,-0.07812499999999978,-0.009500000000000008,0
7-scenes-redkitchen,10,28,2026,0.269531249999999,0.2365,1
7-scenes-redkitchen,10,29,2026,0.02734374999999989,0.013999999999999957,0
7-scenes-redkitchen,10,34,2026,0.0,0.03749999999999998,0
7-scenes-redkitchen,10,35,2026,-0.03906249999999978,0.05349999999999999,0
7-scenes-redkitchen,10,40,2026,0.07421874999999978,0.04149999999999998,0
7-scenes-redkitchen,10,41,2026,-0.230468749999999,-0.09599999999999997,0
7-scenes-redkitchen,10,42,2026,-0.13281249999999944,-0.034499999999999975,0
7-scenes-redkitchen,10,43,2026,-0.0078125,0.09499999999999997,0
7-scenes-redkitchen,10,44,2026,0.03515624999999989,0.07550000000000001,0
7-scenes-redkitchen,10,45,2026,0.03906249999999978,0.10499999999999998,0
7-scenes-redkitchen,10,46,2026,0.02343749999999989,0.08750000000000002,0
7-scenes-redkitchen,10,47,2026,0.12499999999999944,0.20699999999999996,0
7-scenes-redkitchen,10,48,2026,0.11328124999999944,0.1895,0
7-scenes-redkitchen,10,49,2026,0.00390625,0.129,0
7-scenes-redkitchen,10,50,2026,-0.01953124999999989,0.12,0
7-scenes-redkitchen,10,51,2026,0.15234374999999933,0.199,0
7-scenes-redkitchen,10,52,2026,0.07031249999999978,0.138,0
7-scenes-redkitchen,10,53,2026,0.05078124999999978,0.11049999999999993,0
7-scenes-redkitchen,10,54,2026,0.01953124999999989,0.026500000000000024,0
7-scenes-redkitchen,10,55,2026,-0.0429687499999998,-0.0315,0
7-scenes-redkitchen,10,56,2026,0.039062499999999896,0.032,0
7-scenes-redkitchen,10,57,2026,0.03124999999999989,0.0025000000000000022,0
7-scenes-redkitchen,10,58,2026,0.06640624999999978,0.03749999999999998,0
7-scenes-redkitchen,10,59,2026,0.1445312499999995,0.1245,0
7-scenes-redkitchen,11,16,2026,-0.07031249999999967,-0.057999999999999996,0
7-scenes-redkitchen,11,17,2026,-0.04296874999999978,-0.10499999999999998,0
7-scenes-redkitchen,11,20,2026,-0.03515624999999989,0.0004999999999999449,0
7-scenes-redkitchen,11,21,2026,0.1210937499999995,0.1375,0
7-scenes-redkitchen,11,24,2026,-0.17187499999999928,-0.04349999999999998,0
7-scenes-redkitchen,11,29,2026,0.02734374999999989,-0.0034999999999999476,0
7-scenes-redkitchen,11,35,2026,0.04296874999999978,0.07300000000000001,0
7-scenes-redkitchen,11,40,2026,0.14843749999999944,0.10650000000000004,0
7-scenes-redkitchen,11,41,2026,-0.00390625,0.03949999999999998,0
7-scenes-redkitchen,11,42,2026,0.05859374999999978,0.132,0
7-scenes-redkitchen,11,43,2026,-0.03124999999999989,0.055499999999999994,0
7-scenes-redkitchen,11,44,2026,-0.03515624999999989,0.02849999999999997,0
7-scenes-redkitchen,11,45,2026,-0.03124999999999989,0.08050000000000002,0
7-scenes-redkitchen,11,46,2026,0.17968749999999922,0.22750000000000004,0
7-scenes-redkitchen,11,47,2026,0.2187499999999991,0.27899999999999997,0
7-scenes-redkitchen,11,48,2026,0.14062499999999944,0.1965,0
7-scenes-redkitchen,11,49,2026,0.11718749999999956,0.183,0
7-scenes-redkitchen,11,50,2026,0.0,0.13149999999999995,0
7-scenes-redkitchen,11,51,2026,0.03124999999999989,0.14300000000000002,0
7-scenes-redkitchen,11,52,2026,0.02343749999999989,0.11750000000000005,0
7-scenes-redkitchen,11,53,2026,-0.01171875,0.02899999999999997,0
7-scenes-redkitchen,11,54,2026,-0.01171875,-0.008500000000000008,0
7-scenes-redkitchen,11,58,2026,0.16015624999999944,0.066,0
7-scenes-redkitchen,11,59,2026,0.24609374999999903,0.08349999999999999,0
7-scenes-redkitchen,12,16,2026,0.08593749999999961,0.06850000000000003,0
7-scenes-redkitchen,12,18,2026,0.01171875,0.05349999999999999,0
7-scenes-redkitchen,12,20,2026,-0.3007812499999988,-0.1675,0
7-scenes-redkitchen,12,25,2026,-0.19921874999999922,-0.09349999999999997,0
7-scenes-redkitchen,12,30,2026,-0.08593749999999967,0.03250000000000003,0
7-scenes-redkitchen,12,31,2026,0.05468749999999978,0.03250000000000003,0
7-scenes-redkitchen,12,32,2026,0.08203124999999967,0.091,0
7-scenes-redkitchen,12,36,2026,0.33593749999999867,0.15999999999999998,0
7-scenes-redkitchen,12,38,2026,-0.06640624999999967,0.023499999999999965,0
7-scenes-redkitchen,12,39,2026,0.03906249999999978,0.046499999999999986,0
7-scenes-redkitchen,12,46,2026,0.07812499999999967,0.0645,0
7-scenes-redkitchen,12,47,2026,0.16015624999999928,0.189,1
7-scenes-redkitchen,12,48,2026,0.21484374999999917,0.248,1
7-scenes-redkitchen,12,50,2026,0.16796874999999933,0.2265,1
7-scenes-redkitchen,12,51,2026,0.00390625,0.04199999999999998,0
7-scenes-redkitchen,12,52,2026,0.1874999999999992,0.195,0
7-scenes-redkitchen,12,59,2026,-0.17968749999999928,-0.0995,-1
7-scenes-redkitchen,13,18,2026,-0.03515624999999989,0.026000000000000023,0
7-scenes-redkitchen,13,19,2026,0.07812499999999978,0.15600000000000003,0
7-scenes-redkitchen,13,25,2026,-0.06249999999999967,0.03200000000000003,-1
7-scenes-redkitchen,13,30,2026,0.05468749999999972,0.05399999999999999,0
7-scenes-redkitchen,13,31,2026,-0.0078125,-0.008999999999999952,0
7-scenes-redkitchen,13,32,2026,0.07031249999999978,0.05400000000000002,0
7-scenes-redkitchen,13,36,2026,0.1054687499999996,0.07050000000000001,1
7-scenes-redkitchen,13,37,2026,0.09765624999999967,0.12999999999999995,0
7-scenes-redkitchen,13,38,2026,-0.07812499999999967,0.025000000000000022,0
7-scenes-redkitchen,13,39,2026,-0.04296874999999978,0.05499999999999999,0
7-scenes-redkitchen,13,46,2026,-0.015625,0.07650000000000001,0
7-scenes-redkitchen,13,47,2026,-0.1757812499999993,-0.11000000000000001,0
7-scenes-redkitchen,13,59,2026,-0.10546874999999961,-0.031000000000000003,-1
7-scenes-redkitchen,14,16,2026,0.1562499999999994,0.10849999999999999,0
7-scenes-redkitchen,14,17,2026,0.04296874999999972,0.046499999999999986,0
7-scenes-redkitchen,14,18,2026,0.08593749999999967,0.1305,0
7-scenes-redkitchen,14,20,2026,0.035156249999999806,0.024499999999999994,0
7-scenes-redkitchen,14,30,2026,-0.1601562499999993,-0.068,0
7-scenes-redkitchen,14,31,2026,-0.20312499999999917,-0.11300000000000002,0
7-scenes-redkitchen,14,32,2026,0.019531249999999917,0.03950000000000001,-1
7-scenes-redkitchen,14,36,2026,0.2539062499999991,0.15000000000000002,0
7-scenes-redkitchen,14,45,2026,0.0078125,0.03049999999999997,0
7-scenes-redkitchen,14,46,2026,-0.03515624999999983,0.021499999999999964,0
7-scenes-redkitchen,14,47,2026,0.07031249999999972,0.1375,0
7-scenes-redkitchen,14,52,2026,0.15234374999999942,0.09,0
7-scenes-redkitchen,15,21,2026,0.01953125,-0.016999999999999987,0
7-scenes-redkitchen,15,24,2026,-0.3359374999999986,-0.238,-1
7-scenes-redkitchen,15,28,2026,0.0976562499999996,0.11099999999999999,0
7-scenes-redkitchen,15,29,2026,-0.03124999999999989,0.07100000000000001,0
7-scenes-redkitchen,15,35,2026,0.011718749999999889,0.055999999999999994,0
7-scenes-redkitchen,15,40,2026,0.03906249999999989,0.059,0
7-scenes-redkitchen,15,41,2026,-0.06640624999999972,-0.027000000000000024,0
7-scenes-redkitchen,15,42,2026,-0.011718749999999944,0.015500000000000014,0
7-scenes-redkitchen,15,43,2026,-0.011718749999999889,0.00649999999999995,0
7-scenes-redkitchen,15,44,2026,0.0078125,0.05299999999999999,0
7-scenes-redkitchen,15,45,2026,-0.07812499999999978,-0.006000000000000005,0
7-scenes-redkitchen,15,46,2026,0.0,0.03200000000000003,0
7-scenes-redkitchen,15,47,2026,0.0078125,0.03249999999999997,0
7-scenes-redkitchen,15,48,2026,-0.01171875,0.11399999999999999,0
7-scenes-redkitchen,15,49,2026,0.0,0.06499999999999995,0
7-scenes-redkitchen,15,50,2026,-0.011718749999999889,0.05249999999999999,0
7-scenes-redkitchen,15,51,2026,-0.0078125,0.09049999999999997,0
7-scenes-redkitchen,15,52,2026,0.0,0.08599999999999997,0
7-scenes-redkitchen,15,53,2026,0.007812499999999889,0.051999999999999935,0
7-scenes-redkitchen,15,54,2026,-0.03515624999999978,0.03049999999999997,0
7-scenes-redkitchen,15,55,2026,-0.0859374999999997,-0.036000000000000004,0
7-scenes-redkitchen,15,56,2026,0.031249999999999802,0.0795,0
7-scenes-redkitchen,15,57,2026,-0.07031249999999978,-0.027000000000000024,0
7-scenes-redkitchen,15,58,2026,0.0,0.009000000000000008,0
7-scenes-redkitchen,16,27,2026,-0.1796874999999993,-0.032,0
7-scenes-redkitchen,16,34,2026,-0.02343749999999989,0.0045000000000000595,0
7-scenes-redkitchen,16,48,2026,0.02734374999999989,-0.05349999999999999,0
7-scenes-redkitchen,16,49,2026,-0.08203124999999967,-0.067,0
7-scenes-redkitchen,16,50,2026,-0.011718749999999889,0.0005000000000000004,0
7-scenes-redkitchen,16,52,2026,0.01171875,0.01649999999999996,0
7-scenes-redkitchen,16,57,2026,-0.01953124999999989,0.056499999999999995,0
7-scenes-redkitchen,17,26,2026,-0.08593749999999967,0.033499999999999974,0
7-scenes-redkitchen,17,48,2026,-0.0078125,-0.04200000000000001,0
7-scenes-redkitchen,17,49,2026,-0.11328124999999956,-0.04849999999999999,0
7-scenes-redkitchen,17,50,2026,0.0,-0.0030000000000000027,0
7-scenes-redkitchen,17,52,2026,-0.08593749999999967,-0.025500000000000023,0
7-scenes-redkitchen,17,56,2026,-0.17187499999999933,0.018000000000000016,0
7-scenes-redkitchen,17,57,2026,-0.01171875,0.050000000000000044,0
7-scenes-redkitchen,18,22,2026,0.03125,0.0605,0
7-scenes-redkitchen,18,27,2026,0.22656249999999908,0.1595,1
7-scenes-redkitchen,18,46,2026,0.02343749999999989,0.057999999999999996,0
7-scenes-redkitchen,18,47,2026,0.09374999999999961,0.1305,0
7-scenes-redkitchen,18,48,2026,0.07812499999999978,0.09099999999999997,0
7-scenes-redkitchen,18,49,2026,-0.0234375,-0.0030000000000000027,0
7-scenes-redkitchen,18,50,2026,-0.273437499999999,-0.09750000000000003,0
7-scenes-redkitchen,18,52,2026,-0.10546874999999956,0.011499999999999955,0
7-scenes-redkitchen,18,56,2026,-0.26953124999999895,-0.24750000000000005,-1
7-scenes-redkitchen,18,57,2026,-0.011718749999999889,-0.0030000000000000027,0
7-scenes-redkitchen,18,58,2026,-0.02734374999999989,-0.007500000000000062,0
7-scenes-redkitchen,19,22,2026,0.10156249999999956,0.22299999999999998,0
7-scenes-redkitchen,19,23,2026,0.10156249999999956,0.20399999999999996,0
7-scenes-redkitchen,19,27,2026,0.2304687499999991,0.20749999999999996,0
7-scenes-redkitchen,19,34,2026,-0.027343749999999833,0.06849999999999995,0
7-scenes-redkitchen,19,45,2026,0.06249999999999972,0.1225,0
7-scenes-redkitchen,19,46,2026,0.0,0.09950000000000003,0
7-scenes-redkitchen,19,47,2026,0.01953125,0.16700000000000004,0
7-scenes-redkitchen,19,48,2026,0.12890624999999944,0.1975,0
7-scenes-redkitchen,19,50,2026,-0.07031249999999978,0.06399999999999995,0
7-scenes-redkitchen,19,51,2026,0.011718749999999889,0.07999999999999996,0
7-scenes-redkitchen,19,52,2026,0.09374999999999967,0.15300000000000002,0
7-scenes-redkitchen,19,55,2026,-0.16796874999999933,-0.1735,0
7-scenes-redkitchen,19,56,2026,-0.33593749999999867,-0.2785,0
7-scenes-redkitchen,19,57,2026,-0.015624999999999889,0.010499999999999954,0
7-scenes-redkitchen,19,58,2026,-0.03124999999999989,-0.034499999999999975,0
7-scenes-redkitchen,20,22,2026,0.0078125,0.09549999999999992,0
7-scenes-redkitchen,20,23,2026,-0.01171875,-0.019500000000000017,0
7-scenes-redkitchen,20,24,2026,-0.13281249999999944,-0.118,0
7-scenes-redkitchen,20,27,2026,0.035156249999999806,0.0795,0
7-scenes-redkitchen,20,34,2026,0.05468749999999978,0.09450000000000003,0
7-scenes-redkitchen,20,38,2026,0.02734375,0.09299999999999997,0
7-scenes-redkitchen,20,47,2026,0.2890624999999989,0.1645,1
7-scenes-redkitchen,20,48,2026,0.1523437499999994,0.131,0
7-scenes-redkitchen,20,49,2026,0.3046874999999989,0.22099999999999997,0
7-scenes-redkitchen,20,50,2026,0.2851562499999989,0.2095,0
7-scenes-redkitchen,20,52,2026,0.21874999999999917,0.19649999999999998,0
7-scenes-redkitchen,20,53,2026,0.12499999999999944,0.1885,0
7-scenes-redkitchen,20,55,2026,-0.08593749999999967,-0.008000000000000007,0
7-scenes-redkitchen,20,56,2026,-0.39062499999999845,-0.25999999999999995,0
7-scenes-redkitchen,20,57,2026,-0.04296874999999978,0.06800000000000006,0
7-scenes-redkitchen,20,58,2026,-0.03515624999999989,0.02949999999999997,0
7-scenes-redkitchen,20,59,2026,0.02734374999999989,0.10899999999999999,0
7-scenes-redkitchen,21,25,2026,0.16015624999999933,0.03650000000000003,0
7-scenes-redkitchen,21,26,2026,0.3046874999999988,0.21500000000000002,0
7-scenes-redkitchen,21,34,2026,0.01171875,0.05750000000000001,0
7-scenes-redkitchen,21,36,2026,0.00390625,0.09000000000000008,0
7-scenes-redkitchen,21,37,2026,0.10156249999999956,0.1335,0
7-scenes-redkitchen,21,38,2026,0.01953124999999989,0.08150000000000002,0
7-scenes-redkitchen,21,49,2026,-0.03515624999999989,-0.0040000000000000036,0
7-scenes-redkitchen,21,52,2026,0.1054687499999996,0.0555,0
7-scenes-redkitchen,21,53,2026,-0.003906249999999889,0.020000000000000018,0
7-scenes-redkitchen,21,56,2026,-0.10937499999999956,0.034999999999999976,0
7-scenes-redkitchen,21,57,2026,0.03515624999999978,0.07800000000000001,0
7-scenes-redkitchen,21,58,2026,0.0,0.044499999999999984,0
7-scenes-redkitchen,21,59,2026,-0.02734374999999989,0.02499999999999991,0
7-scenes-redkitchen,22,25,2026,-0.03906249999999978,-0.02250000000000002,0
7-scenes-redkitchen,22,37,2026,0.007812499999999889,0.0925,0
7-scenes-redkitchen,22,38,2026,-0.01953124999999989,-0.0355,0
7-scenes-redkitchen,22,39,2026,0.09374999999999961,0.022499999999999964,0
7-scenes-redkitchen,22,53,2026,0.031249999999999944,0.028999999999999998,0
7-scenes-redkitchen,22,56,2026,0.06249999999999978,0.101,1
7-scenes-redkitchen,22,57,2026,0.00390625,-0.038000000000000006,0
7-scenes-redkitchen,22,58,2026,0.003906249999999889,-0.006500000000000006,0
7-scenes-redkitchen,22,59,2026,0.23828124999999906,0.189,0
7-scenes-redkitchen,23,25,2026,0.06249999999999978,0.0695,0
7-scenes-redkitchen,23,37,2026,0.25390624999999906,0.217,0
7-scenes-redkitchen,23,38,2026,0.0664062499999997,0.015,0
7-scenes-redkitchen,23,39,2026,-0.09765624999999958,-0.0595,0
7-scenes-redkitchen,23,53,2026,0.16796874999999933,0.16499999999999998,1
7-scenes-redkitchen,23,56,2026,-0.17968749999999928,-0.1255,-1
7-scenes-redkitchen,23,57,2026,0.10156249999999961,-0.007999999999999993,0
7-scenes-redkitchen,23,58,2026,0.4062499999999984,0.2895,1
7-scenes-redkitchen,23,59,2026,0.27734374999999883,0.235,0
7-scenes-redkitchen,24,38,2026,-0.01171875,0.04999999999999993,0
7-scenes-redkitchen,24,39,2026,-0.05859374999999967,-0.08350000000000002,0
7-scenes-redkitchen,24,48,2026,-0.12499999999999949,-0.034,0
7-scenes-redkitchen,24,49,2026,-0.09374999999999961,-0.052,0
7-scenes-redkitchen,24,52,2026,-0.0234374999999999,0.003999999999999999,0
7-scenes-redkitchen,24,56,2026,-0.1249999999999995,-0.05900000000000001,0
7-scenes-redkitchen,24,57,2026,0.08203124999999972,0.041499999999999995,0
7-scenes-redkitchen,25,27,2026,0.05468749999999978,0.14249999999999996,0
7-scenes-redkitchen,25,34,2026,-0.0429687499999999,0.0,0
7-scenes-redkitchen,25,46,2026,0.02734374999999989,0.11800000000000005,0
7-scenes-redkitchen,25,47,2026,-0.08203124999999972,-0.017000000000000015,0
7-scenes-redkitchen,25,48,2026,0.015624999999999889,0.05049999999999999,0
7-scenes-redkitchen,25,49,2026,-0.18359374999999928,-0.07800000000000001,0
7-scenes-redkitchen,25,50,2026,-0.05468749999999978,-0.005500000000000005,0
7-scenes-redkitchen,25,52,2026,0.003906249999999889,0.04200000000000004,0
7-scenes-redkitchen,25,56,2026,0.273437499999999,0.143,0
7-scenes-redkitchen,25,57,2026,0.3359374999999987,0.262,1
7-scenes-redkitchen,26,28,2026,0.12109374999999944,0.09300000000000003,0
7-scenes-redkitchen,26,29,2026,0.00390625,0.04350000000000004,0
7-scenes-redkitchen,26,30,2026,-0.1562499999999993,-0.0535,0
7-scenes-redkitchen,26,34,2026,-0.21484374999999917,-0.059,0
7-scenes-redkitchen,26,35,2026,-0.07031249999999978,0.02749999999999997,0
7-scenes-redkitchen,26,40,2026,0.3515624999999986,0.24099999999999994,0
7-scenes-redkitchen,26,41,2026,0.23046874999999906,0.15250000000000002,0
7-scenes-redkitchen,26,42,2026,-0.0039062499999999445,0.05299999999999999,0
7-scenes-redkitchen,26,43,2026,0.07421874999999978,0.13749999999999996,0
7-scenes-redkitchen,26,44,2026,-0.09765624999999961,0.05249999999999999,0
7-scenes-redkitchen,26,45,2026,-0.03906249999999989,0.07750000000000001,0
7-scenes-redkitchen,26,46,2026,0.03515624999999989,0.18149999999999994,0
7-scenes-redkitchen,26,47,2026,0.015624999999999889,0.15549999999999997,0
7-scenes-redkitchen,26,48,2026,0.08203124999999967,0.13849999999999996,0
7-scenes-redkitchen,26,49,2026,-0.011718749999999889,0.05899999999999994,0
7-scenes-redkitchen,26,50,2026,-0.06640624999999978,0.05900000000000005,0
7-scenes-redkitchen,26,51,2026,0.05859374999999978,0.09749999999999998,0
7-scenes-redkitchen,26,52,2026,-0.04687499999999978,0.08750000000000002,0
7-scenes-redkitchen,26,53,2026,-0.05468749999999978,0.06599999999999995,0
7-scenes-redkitchen,26,54,2026,-0.02343749999999989,0.10999999999999999,0
7-scenes-redkitchen,26,55,2026,-0.05468749999999978,0.01799999999999996,0
7-scenes-redkitchen,26,56,2026,0.0078125,-0.012999999999999998,-1
7-scenes-redkitchen,26,57,2026,0.09374999999999956,0.09399999999999997,0
7-scenes-redkitchen,26,58,2026,-0.06640624999999967,0.04149999999999998,0
7-scenes-redkitchen,26,59,2026,-0.5664062499999978,-0.33599999999999997,0
7-scenes-redkitchen,27,30,2026,-0.06640624999999978,0.04799999999999993,0
7-scenes-redkitchen,27,31,2026,-0.02343749999999989,0.122,0
7-scenes-redkitchen,27,32,2026,-0.18749999999999922,-0.007500000000000007,0
7-scenes-redkitchen,27,36,2026,-0.3515624999999986,-0.14349999999999996,0
7-scenes-redkitchen,27,37,2026,-0.289062499999999,-0.04349999999999998,0
7-scenes-redkitchen,27,38,2026,-0.1171874999999995,-0.055499999999999994,0
7-scenes-redkitchen,27,39,2026,0.3789062499999986,0.3215,1
7-scenes-redkitchen,27,41,2026,0.18359374999999922,0.21099999999999997,0
7-scenes-redkitchen,27,42,2026,0.2578124999999989,0.202,0
7-scenes-redkitchen,27,43,2026,0.16406249999999933,0.14500000000000007,0
7-scenes-redkitchen,27,44,2026,0.07031249999999967,0.08200000000000007,0
7-scenes-redkitchen,27,45,2026,0.2304687499999991,0.22299999999999998,0
7-scenes-redkitchen,27,59,2026,-0.01171875,0.0049999999999999906,0
7-scenes-redkitchen,28,32,2026,-0.19921874999999928,-0.08299999999999999,0
7-scenes-redkitchen,28,37,2026,-0.1210937499999995,-0.05650000000000002,0
7-scenes-redkitchen,28,38,2026,0.00390625,-0.01649999999999996,0
7-scenes-redkitchen,28,43,2026,0.21093749999999922,0.22799999999999998,0
7-scenes-redkitchen,28,44,2026,0.09374999999999967,0.12050000000000005,0
7-scenes-redkitchen,28,45,2026,-0.08984374999999961,-0.008000000000000007,0
7-scenes-redkitchen,29,32,2026,0.0078125,0.05349999999999999,0
7-scenes-redkitchen,29,44,2026,0.011718749999999889,0.07300000000000006,0
7-scenes-redkitchen,29,45,2026,0.015624999999999889,0.0675,0
7-scenes-redkitchen,30,33,2026,-0.054687499999999806,-0.05700000000000001,0
7-scenes-redkitchen,30,44,2026,-0.09765624999999956,-0.03799999999999998,0
7-scenes-redkitchen,31,40,2026,0.1210937499999995,0.1775,0
7-scenes-redkitchen,31,41,2026,0.1523437499999994,0.11399999999999999,1
7-scenes-redkitchen,31,42,2026,0.1171874999999995,0.14350000000000002,0
7-scenes-redkitchen,31,43,2026,0.1601562499999994,0.16899999999999998,0
7-scenes-redkitchen,32,34,2026,-0.0234375,0.07250000000000001,0
7-scenes-redkitchen,32,38,2026,0.05078124999999972,0.09550000000000003,0
7-scenes-redkitchen,32,39,2026,0.0078125,0.07000000000000006,0
7-scenes-redkitchen,32,40,2026,-0.18359374999999928,-0.07600000000000001,0
7-scenes-redkitchen,33,37,2026,-0.054687499999999806,0.004500000000000004,0
7-scenes-redkitchen,33,38,2026,-0.3046874999999988,-0.1375,-1
7-scenes-redkitchen,33,39,2026,0.0742187499999997,0.0625,0
7-scenes-redkitchen,33,56,2026,0.21093749999999917,0.12350000000000001,1
7-scenes-redkitchen,33,57,2026,0.10546874999999958,0.057,0
7-scenes-redkitchen,33,58,2026,0.0664062499999997,0.014,0
7-scenes-redkitchen,34,35,2026,0.03124999999999989,0.03249999999999997,0
7-scenes-redkitchen,34,36,2026,-0.015624999999999944,0.04849999999999999,0
7-scenes-redkitchen,34,37,2026,-0.05078124999999978,-0.008499999999999952,0
7-scenes-redkitchen,34,38,2026,0.0078125,0.08450000000000002,0
7-scenes-redkitchen,34,39,2026,-0.03124999999999989,0.05149999999999999,0
7-scenes-redkitchen,34,54,2026,-0.06249999999999978,0.015499999999999958,0
7-scenes-redkitchen,34,58,2026,-0.05468749999999978,0.019499999999999962,0
7-scenes-redkitchen,34,59,2026,0.02343749999999989,0.06500000000000006,0
7-scenes-redkitchen,35,38,2026,-0.03124999999999989,0.04800000000000004,0
7-scenes-redkitchen,35,39,2026,0.10156249999999956,0.16900000000000004,0
7-scenes-redkitchen,35,48,2026,-0.00390625,0.08600000000000002,0
7-scenes-redkitchen,35,49,2026,-0.04687499999999978,0.014500000000000068,0
7-scenes-redkitchen,35,50,2026,-0.011718749999999889,0.023999999999999966,0
7-scenes-redkitchen,35,52,2026,-0.02343749999999989,0.08599999999999997,0
7-scenes-redkitchen,36,47,2026,-0.03124999999999989,0.019999999999999962,0
7-scenes-redkitchen,36,48,2026,-0.04296874999999989,-0.013499999999999956,0
7-scenes-redkitchen,36,49,2026,-0.09374999999999967,-0.025000000000000022,0
7-scenes-redkitchen,36,50,2026,-0.04296874999999989,0.010000000000000009,0
7-scenes-redkitchen,36,52,2026,-0.10937499999999956,0.02749999999999997,0
7-scenes-redkitchen,37,47,2026,0.03906249999999978,0.11199999999999993,0
7-scenes-redkitchen,37,48,2026,0.02734374999999989,0.06949999999999995,0
7-scenes-redkitchen,37,49,2026,0.02343749999999989,0.052000000000000046,0
7-scenes-redkitchen,37,50,2026,0.01171875,0.056499999999999995,0
7-scenes-redkitchen,37,52,2026,0.00390625,0.10350000000000004,0
7-scenes-redkitchen,38,49,2026,-0.0624999999999998,-0.03,0
7-scenes-redkitchen,38,52,2026,-0.011718749999999889,0.04650000000000004,0
7-scenes-redkitchen,38,53,2026,-0.10546874999999956,-0.010500000000000065,0
7-scenes-redkitchen,38,57,2026,-0.015624999999999889,0.08199999999999996,0
7-scenes-redkitchen,39,47,2026,0.3867187499999985,0.318,0
7-scenes-redkitchen,39,48,2026,-0.12109374999999956,-0.008000000000000007,0
7-scenes-redkitchen,39,49,2026,-0.1484374999999994,-0.051500000000000046,0
7-scenes-redkitchen,39,50,2026,0.00390625,0.04200000000000004,0
7-scenes-redkitchen,39,52,2026,-0.01953125,0.05349999999999999,0
7-scenes-redkitchen,39,53,2026,0.07812499999999967,0.14449999999999996,0
7-scenes-redkitchen,39,55,2026,-0.06640624999999967,0.010000000000000009,0
7-scenes-redkitchen,39,56,2026,-0.10937499999999956,-0.017000000000000015,0
7-scenes-redkitchen,39,57,2026,0.03124999999999989,0.02949999999999997,0
7-scenes-redkitchen,40,44,2026,-0.05859374999999978,0.031000000000000028,0
7-scenes-redkitchen,40,45,2026,-0.00390625,0.03400000000000003,0
7-scenes-redkitchen,40,46,2026,-0.06249999999999972,-0.030500000000000027,0
7-scenes-redkitchen,41,46,2026,0.06640624999999978,0.08700000000000002,0
7-scenes-redkitchen,42,46,2026,-0.02734374999999989,0.04300000000000004,0
7-scenes-redkitchen,43,47,2026,0.1210937499999995,0.124,0
7-scenes-redkitchen,44,47,2026,0.07031249999999972,0.132,0
7-scenes-redkitchen,44,48,2026,0.015624999999999889,0.069,0
7-scenes-redkitchen,45,48,2026,0.05859374999999967,0.13199999999999995,0
7-scenes-redkitchen,45,49,2026,0.00390625,0.11199999999999999,0
7-scenes-redkitchen,45,50,2026,0.06249999999999967,0.132,0
7-scenes-redkitchen,45,51,2026,-0.1210937499999995,0.009500000000000008,0
7-scenes-redkitchen,45,52,2026,0.01953124999999989,0.10949999999999999,0
7-scenes-redkitchen,46,53,2026,0.06249999999999972,0.1305,0
7-scenes-redkitchen,47,54,2026,-0.0078125,-0.008000000000000007,0
7-scenes-redkitchen,48,58,2026,-0.15234374999999942,-0.1135,-1
7-scenes-redkitchen,48,59,2026,-0.1171874999999995,-0.143,0
7-scenes-redkitchen,49,55,2026,0.0078125,-0.019000000000000017,1
7-scenes-redkitchen,49,58,2026,-0.1562499999999994,-0.06799999999999999,0
7-scenes-redkitchen,49,59,2026,-0.07031249999999972,-0.08199999999999999,-1
7-scenes-redkitchen,50,59,2026,-0.14453124999999942,-0.14700000000000002,-1
7-scenes-redkitchen,51,54,2026,0.042968749999999806,0.027000000000000003,0
7-scenes-redkitchen,51,59,2026,-0.0781249999999997,-0.044500000000000005,0
7-scenes-redkitchen,52,55,2026,-0.0664062499999997,-0.021999999999999992,0
7-scenes-redkitchen,52,58,2026,-0.04296874999999989,-0.04149999999999998,0
7-scenes-redkitchen,52,59,2026,-0.18359374999999928,-0.17600000000000002,-1
7-scenes-redkitchen,53,56,2026,0.03515624999999978,0.006000000000000005,0
7-scenes-redkitchen,53,57,2026,0.05859374999999978,0.07900000000000001,0
sun3d-home_at-home_at_scan1_2013_jan_1,0,30,2026,-0.0195312499999999,0.0,0
sun3d-home_at-home_at_scan1_2013_jan_1,0,31,2026,-0.17578124999999922,-0.20599999999999996,-1
sun3d-home_at-home_at_scan1_2013_jan_1,0,33,2026,0.1328124999999994,0.097,0
sun3d-home_at-home_at_scan1_2013_jan_1,0,34,2026,0.09765624999999961,0.0945,0
sun3d-home_at-home_at_scan1_2013_jan_1,0,35,2026,-0.07812499999999972,-0.060000000000000026,0
sun3d-home_at-home_at_scan1_2013_jan_1,0,36,2026,-0.015625,0.04849999999999999,0
sun3d-home_at-home_at_scan1_2013_jan_1,0,37,2026,-0.1249999999999995,-0.02899999999999997,0
sun3d-home_at-home_at_scan1_2013_jan_1,0,38,2026,-0.14453124999999933,-0.10600000000000004,0
sun3d-home_at-home_at_scan1_2013_jan_1,0,41,2026,0.0390624999999998,0.027500000000000004,0
sun3d-home_at-home_at_scan1_2013_jan_1,0,42,2026,-0.1757812499999993,-0.08549999999999999,0
sun3d-home_at-home_at_scan1_2013_jan_1,0,47,2026,0.058593749999999695,-0.018500000000000003,0
sun3d-home_at-home_at_scan1_2013_jan_1,0,49,2026,0.08203124999999961,0.11750000000000002,0
sun3d-home_at-home_at_scan1_2013_jan_1,0,50,2026,-0.03515624999999989,0.005499999999999991,0
sun3d-home_at-home_at_scan1_2013_jan_1,0,51,2026,-0.16015624999999933,-0.058499999999999996,0
sun3d-home_at-home_at_scan1_2013_jan_1,1,3,2026,0.01171875,0.030000000000000027,0
sun3d-home_at-home_at_scan1_2013_jan_1,1,31,2026,-0.039062499999999806,-0.04400000000000001,0
sun3d-home_at-home_at_scan1_2013_jan_1,1,33,2026,-0.1562499999999994,-0.1215,0
sun3d-home_at-home_at_scan1_2013_jan_1,1,35,2026,-0.3671874999999985,-0.273,-1
sun3d-home_at-home_at_scan1_2013_jan_1,1,36,2026,0.0078125,0.05049999999999999,0
sun3d-home_at-home_at_scan1_2013_jan_1,1,37,2026,0.03515624999999978,0.08949999999999991,0
sun3d-home_at-home_at_scan1_2013_jan_1,1,38,2026,-0.0078125,0.09150000000000003,0
sun3d-home_at-home_at_scan1_2013_jan_1,1,39,2026,0.03124999999999989,0.01649999999999996,0
sun3d-home_at-home_at_scan1_2013_jan_1,1,47,2026,-0.00390625,-0.0004999999999999996,0
sun3d-home_at-home_at_scan1_2013_jan_1,1,48,2026,-0.09765624999999961,-0.077,0
sun3d-home_at-home_at_scan1_2013_jan_1,1,49,2026,-0.2304687499999991,-0.16949999999999998,-1
sun3d-home_at-home_at_scan1_2013_jan_1,1,50,2026,-0.4492187499999983,-0.2685,-1
sun3d-home_at-home_at_scan1_2013_jan_1,1,51,2026,-0.3007812499999989,-0.2095,-1
sun3d-home_at-home_at_scan1_2013_jan_1,2,3,2026,0.01953124999999989,0.07250000000000001,0
sun3d-home_at-home_at_scan1_2013_jan_1,2,31,2026,-0.06640624999999972,-0.05350000000000002,0
sun3d-home_at-home_at_scan1_2013_jan_1,2,33,2026,0.17968749999999922,0.1195,0
sun3d-home_at-home_at_scan1_2013_jan_1,2,35,2026,-0.015624999999999889,0.049000000000000016,0
sun3d-home_at-home_at_scan1_2013_jan_1,2,37,2026,0.0,0.10699999999999998,0
sun3d-home_at-home_at_scan1_2013_jan_1,2,39,2026,0.12109374999999956,0.12050000000000005,0
sun3d-home_at-home_at_scan1_2013_jan_1,2,48,2026,-0.14843749999999942,-0.064,0
sun3d-home_at-home_at_scan1_2013_jan_1,2,49,2026,0.01171875,0.007,0
sun3d-home_at-home_at_scan1_2013_jan_1,2,50,2026,-0.0039062499999999,-0.0045,0
sun3d-home_at-home_at_scan1_2013_jan_1,2,51,2026,0.0,0.0,0
sun3d-home_at-home_at_scan1_2013_jan_1,3,24,2026,0.0820312499999996,0.0125,0
sun3d-home_at-home_at_scan1_2013_jan_1,3,25,2026,0.10546874999999961,0.009500000000000001,0
sun3d-home_at-home_at_scan1_2013_jan_1,3,26,2026,0.0351562499999999,0.0045000000000000005,0
sun3d-home_at-home_at_scan1_2013_jan_1,3,29,2026,-0.14062499999999947,-0.0049999999999999975,0
sun3d-home_at-home_at_scan1_2013_jan_1,3,30,2026,0.011718749999999917,-0.056,0
sun3d-home_at-home_at_scan1_2013_jan_1,3,32,2026,-0.042968749999999806,0.03549999999999999,0
sun3d-home_at-home_at_scan1_2013_jan_1,3,33,2026,-0.00390625,0.07700000000000001,0
sun3d-home_at-home_at_scan1_2013_jan_1,3,34,2026,0.05859374999999978,0.15950000000000003,0
sun3d-home_at-home_at_scan1_2013_jan_1,3,35,2026,-0.03124999999999989,0.009499999999999953,0
sun3d-home_at-home_at_scan1_2013_jan_1,3,36,2026,0.03515624999999989,0.14350000000000002,0
sun3d-home_at-home_at_scan1_2013_jan_1,3,37,2026,-0.05468749999999989,0.027500000000000024,0
sun3d-home_at-home_at_scan1_2013_jan_1,3,38,2026,0.00390625,0.08199999999999996,0
sun3d-home_at-home_at_scan1_2013_jan_1,3,40,2026,-0.2226562499999992,-0.16450000000000004,0
sun3d-home_at-home_at_scan1_2013_jan_1,3,41,2026,-0.26953124999999895,-0.16550000000000004,0
sun3d-home_at-home_at_scan1_2013_jan_1,3,42,2026,-0.20703124999999908,-0.1285,-1
sun3d-home_at-home_at_scan1_2013_jan_1,3,44,2026,-0.1601562499999994,-0.08450000000000002,0
sun3d-home_at-home_at_scan1_2013_jan_1,3,45,2026,0.015624999999999889,0.08599999999999997,0
sun3d-home_at-home_at_scan1_2013_jan_1,3,46,2026,-0.2187499999999992,-0.10650000000000001,0
sun3d-home_at-home_at_scan1_2013_jan_1,3,48,2026,-0.0234374999999999,-0.013,0
sun3d-home_at-home_at_scan1_2013_jan_1,3,49,2026,-0.0546874999999998,-0.0505,0
sun3d-home_at-home_at_scan1_2013_jan_1,4,8,2026,-0.03906249999999983,0.094,0
sun3d-home_at-home_at_scan1_2013_jan_1,4,24,2026,0.0742187499999997,0.018000000000000002,0
sun3d-home_at-home_at_scan1_2013_jan_1,4,25,2026,0.042968749999999806,-0.005499999999999998,0
sun3d-home_at-home_at_scan1_2013_jan_1,4,26,2026,0.02734374999999989,0.0015000000000000013,0
sun3d-home_at-home_at_scan1_2013_jan_1,4,29,2026,-0.06249999999999978,-0.0030000000000000027,0
sun3d-home_at-home_at_scan1_2013_jan_1,4,30,2026,0.1132812499999995,0.03200000000000001,0
sun3d-home_at-home_at_scan1_2013_jan_1,4,31,2026,-0.10156249999999961,-0.027999999999999997,0
sun3d-home_at-home_at_scan1_2013_jan_1,4,32,2026,-0.046874999999999806,0.0075,0
sun3d-home_at-home_at_scan1_2013_jan_1,4,42,2026,-0.1601562499999993,-0.0975,0
sun3d-home_at-home_at_scan1_2013_jan_1,4,44,2026,-0.4374999999999983,-0.344,-1
sun3d-home_at-home_at_scan1_2013_jan_1,4,45,2026,-0.46484374999999817,-0.318,-1
sun3d-home_at-home_at_scan1_2013_jan_1,4,47,2026,-0.23046874999999908,-0.067,0
sun3d-home_at-home_at_scan1_2013_jan_1,5,6,2026,-0.01953124999999989,0.09750000000000003,0
sun3d-home_at-home_at_scan1_2013_jan_1,5,11,2026,0.2382812499999991,0.2435,1
sun3d-home_at-home_at_scan1_2013_jan_1,5,15,2026,0.09765624999999961,0.11850000000000002,1
sun3d-home_at-home_at_scan1_2013_jan_1,5,40,2026,0.05078124999999983,0.20249999999999999,0
sun3d-home_at-home_at_scan1_2013_jan_1,6,8,2026,-0.05468749999999978,-0.026499999999999996,0
sun3d-home_at-home_at_scan1_2013_jan_1,6,9,2026,-0.10546874999999958,-0.10350000000000001,0
sun3d-home_at-home_at_scan1_2013_jan_1,6,10,2026,-0.0078124999999999,-0.002,0
sun3d-home_at-home_at_scan1_2013_jan_1,6,24,2026,0.0976562499999997,0.012999999999999998,0
sun3d-home_at-home_at_scan1_2013_jan_1,6,25,2026,0.03906249999999992,0.045500000000000006,0
sun3d-home_at-home_at_scan1_2013_jan_1,6,26,2026,0.0,-0.012999999999999998,0
sun3d-home_at-home_at_scan1_2013_jan_1,6,29,2026,-0.015625,-0.057499999999999996,0
sun3d-home_at-home_at_scan1_2013_jan_1,6,30,2026,0.06640624999999972,0.010500000000000002,0
sun3d-home_at-home_at_scan1_2013_jan_1,6,31,2026,-0.01171875,-0.006,0
sun3d-home_at-home_at_scan1_2013_jan_1,6,42,2026,-0.015624999999999896,-0.004,0
sun3d-home_at-home_at_scan1_2013_jan_1,6,43,2026,-0.1289062499999995,-0.0505,0
sun3d-home_at-home_at_scan1_2013_jan_1,6,44,2026,-0.32031249999999883,-0.23249999999999998,-1
sun3d-home_at-home_at_scan1_2013_jan_1,6,45,2026,-0.257812499999999,-0.15,-1
sun3d-home_at-home_at_scan1_2013_jan_1,6,46,2026,-0.11718749999999949,-0.0925,0
sun3d-home_at-home_at_scan1_2013_jan_1,6,47,2026,-0.12109374999999958,-0.052000000000000005,0
sun3d-home_at-home_at_scan1_2013_jan_1,7,9,2026,-0.08984374999999961,-0.006500000000000006,0
sun3d-home_at-home_at_scan1_2013_jan_1,7,10,2026,-0.1249999999999995,-0.0655,0
sun3d-home_at-home_at_scan1_2013_jan_1,7,24,2026,0.18749999999999922,0.065,0
sun3d-home_at-home_at_scan1_2013_jan_1,7,25,2026,0.06249999999999978,0.037000000000000005,0
sun3d-home_at-home_at_scan1_2013_jan_1,7,26,2026,0.02343749999999989,0.005500000000000005,0
sun3d-home_at-home_at_scan1_2013_jan_1,7,28,2026,-0.015625,-0.020000000000000004,0
sun3d-home_at-home_at_scan1_2013_jan_1,7,29,2026,0.04687499999999978,0.067,0
sun3d-home_at-home_at_scan1_2013_jan_1,7,30,2026,0.16796874999999933,0.08150000000000002,0
sun3d-home_at-home_at_scan1_2013_jan_1,7,31,2026,-0.058593749999999806,-0.025499999999999995,0
sun3d-home_at-home_at_scan1_2013_jan_1,7,43,2026,-0.17968749999999928,-0.1295,0
sun3d-home_at-home_at_scan1_2013_jan_1,7,44,2026,-0.16406249999999944,-0.04299999999999998,0
sun3d-home_at-home_at_scan1_2013_jan_1,7,45,2026,-0.11328124999999956,-0.008500000000000008,0
sun3d-home_at-home_at_scan1_2013_jan_1,7,47,2026,-0.2773437499999989,-0.1405,-1
sun3d-home_at-home_at_scan1_2013_jan_1,8,11,2026,0.015624999999999903,0.017,0
sun3d-home_at-home_at_scan1_2013_jan_1,8,25,2026,0.01953124999999989,0.008000000000000007,0
sun3d-home_at-home_at_scan1_2013_jan_1,8,30,2026,0.019531249999999944,0.014999999999999986,0
sun3d-home_at-home_at_scan1_2013_jan_1,8,44,2026,-0.039062499999999806,-0.003500000000000003,-1
sun3d-home_at-home_at_scan1_2013_jan_1,8,45,2026,-0.02734374999999989,-0.0295,0
sun3d-home_at-home_at_scan1_2013_jan_1,9,11,2026,-0.015625,0.0645,0
sun3d-home_at-home_at_scan1_2013_jan_1,9,24,2026,-0.09374999999999961,-0.09699999999999998,0
sun3d-home_at-home_at_scan1_2013_jan_1,9,26,2026,-0.04296874999999983,-0.046500000000000014,0
sun3d-home_at-home_at_scan1_2013_jan_1,9,28,2026,-0.05468749999999978,0.007500000000000007,0
sun3d-home_at-home_at_scan1_2013_jan_1,9,29,2026,-0.01953124999999989,0.0025000000000000022,1
sun3d-home_at-home_at_scan1_2013_jan_1,9,30,2026,0.08203124999999961,0.052000000000000005,0
sun3d-home_at-home_at_scan1_2013_jan_1,9,43,2026,-0.00390625,0.040999999999999925,0
sun3d-home_at-home_at_scan1_2013_jan_1,9,44,2026,0.06640624999999978,0.05799999999999994,0
sun3d-home_at-home_at_scan1_2013_jan_1,9,45,2026,-0.03124999999999989,0.04849999999999999,0
sun3d-home_at-home_at_scan1_2013_jan_1,10,12,2026,0.04296874999999989,0.11650000000000005,0
sun3d-home_at-home_at_scan1_2013_jan_1,10,13,2026,0.10156249999999956,0.10450000000000004,0
sun3d-home_at-home_at_scan1_2013_jan_1,10,15,2026,0.1367187499999995,0.11399999999999996,0
sun3d-home_at-home_at_scan1_2013_jan_1,10,17,2026,0.1562499999999994,0.123,0
sun3d-home_at-home_at_scan1_2013_jan_1,10,22,2026,0.17578124999999922,0.11049999999999999,0
sun3d-home_at-home_at_scan1_2013_jan_1,10,28,2026,-0.1093749999999995,-0.015000000000000013,0
sun3d-home_at-home_at_scan1_2013_jan_1,10,29,2026,-0.015625,0.03,0
sun3d-home_at-home_at_scan1_2013_jan_1,10,43,2026,-0.04296874999999989,0.0045000000000000595,0
sun3d-home_at-home_at_scan1_2013_jan_1,10,44,2026,-0.08984374999999967,0.00550000000000006,0
sun3d-home_at-home_at_scan1_2013_jan_1,10,45,2026,-0.03515624999999989,-0.007499999999999951,0
sun3d-home_at-home_at_scan1_2013_jan_1,11,13,2026,-0.01953125,0.04300000000000004,0
sun3d-home_at-home_at_scan1_2013_jan_1,11,18,2026,-0.015624999999999889,0.05700000000000005,0
sun3d-home_at-home_at_scan1_2013_jan_1,11,20,2026,0.03124999999999989,0.10350000000000004,0
sun3d-home_at-home_at_scan1_2013_jan_1,11,21,2026,-0.05468749999999978,-0.01100000000000001,0
sun3d-home_at-home_at_scan1_2013_jan_1,11,22,2026,0.0234375,0.05900000000000005,0
sun3d-home_at-home_at_scan1_2013_jan_1,11,23,2026,0.1367187499999994,0.127,0
sun3d-home_at-home_at_scan1_2013_jan_1,11,44,2026,-0.15234374999999944,-0.10499999999999998,-1
sun3d-home_at-home_at_scan1_2013_jan_1,11,45,2026,-0.015624999999999889,0.07349999999999995,0
sun3d-home_at-home_at_scan1_2013_jan_1,12,19,2026,0.00390625,0.08750000000000002,0
sun3d-home_at-home_at_scan1_2013_jan_1,12,20,2026,0.04687499999999989,0.09199999999999997,0
sun3d-home_at-home_at_scan1_2013_jan_1,12,22,2026,0.08203124999999978,0.10950000000000004,0
sun3d-home_at-home_at_scan1_2013_jan_1,13,19,2026,0.01171875,0.10049999999999992,0
sun3d-home_at-home_at_scan1_2013_jan_1,13,20,2026,-0.00390625,0.10599999999999998,0
sun3d-home_at-home_at_scan1_2013_jan_1,13,21,2026,0.06640624999999978,0.09999999999999998,0
sun3d-home_at-home_at_scan1_2013_jan_1,13,22,2026,-0.05078124999999989,0.02400000000000002,0
sun3d-home_at-home_at_scan1_2013_jan_1,14,19,2026,-0.01953124999999989,0.08200000000000007,0
sun3d-home_at-home_at_scan1_2013_jan_1,14,22,2026,0.04687499999999978,0.15649999999999997,0
sun3d-home_at-home_at_scan1_2013_jan_1,15,19,2026,-0.01953124999999989,0.04849999999999999,0
sun3d-home_at-home_at_scan1_2013_jan_1,15,22,2026,-0.04296874999999978,0.039000000000000035,0
sun3d-home_at-home_at_scan1_2013_jan_1,15,23,2026,0.06249999999999978,0.14600000000000002,0
sun3d-home_at-home_at_scan1_2013_jan_1,16,22,2026,0.03124999999999989,0.07900000000000007,0
sun3d-home_at-home_at_scan1_2013_jan_1,17,19,2026,0.0,0.06349999999999995,0
sun3d-home_at-home_at_scan1_2013_jan_1,17,20,2026,0.03515624999999989,0.11299999999999999,0
sun3d-home_at-home_at_scan1_2013_jan_1,17,23,2026,0.06249999999999978,0.10450000000000004,0
sun3d-home_at-home_at_scan1_2013_jan_1,18,22,2026,-0.04687499999999989,0.030999999999999917,0
sun3d-home_at-home_at_scan1_2013_jan_1,19,21,2026,-0.03124999999999989,-0.005500000000000005,-1
sun3d-home_at-home_at_scan1_2013_jan_1,20,22,2026,-0.015624999999999889,0.035999999999999976,0
sun3d-home_at-home_at_scan1_2013_jan_1,21,23,2026,0.04296874999999989,0.08950000000000002,0
sun3d-home_at-home_at_scan1_2013_jan_1,22,31,2026,0.4492187499999982,0.42349999999999993,0
sun3d-home_at-home_at_scan1_2013_jan_1,22,32,2026,0.4179687499999983,0.42050000000000004,0
sun3d-home_at-home_at_scan1_2013_jan_1,22,42,2026,0.1445312499999995,0.1535,0
sun3d-home_at-home_at_scan1_2013_jan_1,22,43,2026,0.0664062499999997,0.1025,0
sun3d-home_at-home_at_scan1_2013_jan_1,23,24,2026,-0.03515624999999978,0.09399999999999997,0
sun3d-home_at-home_at_scan1_2013_jan_1,23,30,2026,-0.0078124999999999445,0.06999999999999995,0
sun3d-home_at-home_at_scan1_2013_jan_1,23,43,2026,0.2968749999999988,0.17200000000000001,0
sun3d-home_at-home_at_scan1_2013_jan_1,23,44,2026,0.06249999999999979,0.021,0
sun3d-home_at-home_at_scan1_2013_jan_1,23,45,2026,0.20703124999999917,0.09599999999999999,1
sun3d-home_at-home_at_scan1_2013_jan_1,23,46,2026,0.1054687499999995,0.10200000000000001,0
sun3d-home_at-home_at_scan1_2013_jan_1,23,47,2026,0.03515624999999989,0.025500000000000023,0
sun3d-home_at-home_at_scan1_2013_jan_1,24,27,2026,-0.2109374999999991,-0.11399999999999999,0
sun3d-home_at-home_at_scan1_2013_jan_1,24,32,2026,-0.03124999999999989,0.0595,0
sun3d-home_at-home_at_scan1_2013_jan_1,24,42,2026,-0.0937499999999996,-0.0645,-1
sun3d-home_at-home_at_scan1_2013_jan_1,24,43,2026,0.05859374999999983,0.0605,0
sun3d-home_at-home_at_scan1_2013_jan_1,24,44,2026,-0.01953124999999989,-0.026499999999999996,0
sun3d-home_at-home_at_scan1_2013_jan_1,24,45,2026,0.03124999999999989,0.035,0
sun3d-home_at-home_at_scan1_2013_jan_1,24,46,2026,0.06249999999999978,0.07300000000000001,0
sun3d-home_at-home_at_scan1_2013_jan_1,24,47,2026,-0.1445312499999994,-0.05349999999999999,-1
sun3d-home_at-home_at_scan1_2013_jan_1,25,31,2026,0.01953124999999989,0.010000000000000009,1
sun3d-home_at-home_at_scan1_2013_jan_1,26,30,2026,-0.015625,0.11150000000000004,0
sun3d-home_at-home_at_scan1_2013_jan_1,27,29,2026,-0.06249999999999967,0.005500000000000005,-1
sun3d-home_at-home_at_scan1_2013_jan_1,28,30,2026,0.015624999999999889,0.10150000000000003,0
sun3d-home_at-home_at_scan1_2013_jan_1,29,32,2026,0.03124999999999989,0.08100000000000007,0
sun3d-home_at-home_at_scan1_2013_jan_1,29,42,2026,0.007812499999999903,0.033,0
sun3d-home_at-home_at_scan1_2013_jan_1,29,43,2026,0.07421874999999967,0.0725,0
sun3d-home_at-home_at_scan1_2013_jan_1,29,44,2026,0.1093749999999995,0.006499999999999992,1
sun3d-home_at-home_at_scan1_2013_jan_1,29,45,2026,0.18749999999999933,0.11950000000000002,0
sun3d-home_at-home_at_scan1_2013_jan_1,29,46,2026,0.1289062499999995,0.137,1
sun3d-home_at-home_at_scan1_2013_jan_1,29,47,2026,-0.1015624999999995,-0.0335,-1
sun3d-home_at-home_at_scan1_2013_jan_1,30,33,2026,-0.05078124999999989,0.09800000000000003,0
sun3d-home_at-home_at_scan1_2013_jan_1,30,34,2026,0.07031249999999979,0.16099999999999998,1
sun3d-home_at-home_at_scan1_2013_jan_1,30,36,2026,0.0,0.0,0
sun3d-home_at-home_at_scan1_2013_jan_1,30,41,2026,0.0,0.002,0
sun3d-home_at-home_at_scan1_2013_jan_1,30,42,2026,-0.14453124999999942,-0.132,0
sun3d-home_at-home_at_scan1_2013_jan_1,30,46,2026,0.253906249999999,0.20049999999999998,1
sun3d-home_at-home_at_scan1_2013_jan_1,30,48,2026,-0.1171874999999995,-0.09200000000000001,0
sun3d-home_at-home_at_scan1_2013_jan_1,31,35,2026,0.11718749999999944,0.21350000000000002,0
sun3d-home_at-home_at_scan1_2013_jan_1,31,37,2026,0.02343749999999989,0.16500000000000004,0
sun3d-home_at-home_at_scan1_2013_jan_1,31,38,2026,0.0,0.08599999999999997,0
sun3d-home_at-home_at_scan1_2013_jan_1,31,41,2026,0.18749999999999922,0.21599999999999997,0
sun3d-home_at-home_at_scan1_2013_jan_1,31,42,2026,0.007812499999999889,0.057999999999999996,0
sun3d-home_at-home_at_scan1_2013_jan_1,31,46,2026,0.20312499999999917,0.21900000000000003,0
sun3d-home_at-home_at_scan1_2013_jan_1,31,49,2026,-0.1289062499999995,-0.0875,0
sun3d-home_at-home_at_scan1_2013_jan_1,32,34,2026,0.01171875,0.09250000000000003,0
sun3d-home_at-home_at_scan1_2013_jan_1,32,36,2026,-0.02343749999999989,0.014499999999999957,0
sun3d-home_at-home_at_scan1_2013_jan_1,32,37,2026,0.05859374999999972,0.1215,0
sun3d-home_at-home_at_scan1_2013_jan_1,32,38,2026,0.0078125,0.08599999999999997,0
sun3d-home_at-home_at_scan1_2013_jan_1,32,39,2026,0.0078125,0.08599999999999997,0
sun3d-home_at-home_at_scan1_2013_jan_1,32,40,2026,0.03906249999999989,0.04999999999999999,0
sun3d-home_at-home_at_scan1_2013_jan_1,32,41,2026,0.08984374999999967,0.10349999999999998,0
sun3d-home_at-home_at_scan1_2013_jan_1,32,43,2026,0.01953124999999989,0.022999999999999993,0
sun3d-home_at-home_at_scan1_2013_jan_1,32,44,2026,0.09374999999999961,0.05000000000000002,0
sun3d-home_at-home_at_scan1_2013_jan_1,32,45,2026,0.02343749999999989,0.01899999999999999,0
sun3d-home_at-home_at_scan1_2013_jan_1,32,46,2026,0.1484374999999994,0.1325,0
sun3d-home_at-home_at_scan1_2013_jan_1,32,47,2026,0.08203124999999978,0.09100000000000003,0
sun3d-home_at-home_at_scan1_2013_jan_1,32,48,2026,-0.04687499999999989,0.0495,0
sun3d-home_at-home_at_scan1_2013_jan_1,33,35,2026,0.04296874999999978,0.08949999999999991,0
sun3d-home_at-home_at_scan1_2013_jan_1,33,46,2026,-0.03906249999999989,0.033999999999999975,0
sun3d-home_at-home_at_scan1_2013_jan_1,33,49,2026,0.0039062499999999167,-0.023,0
sun3d-home_at-home_at_scan1_2013_jan_1,34,38,2026,-0.06640624999999978,-0.05449999999999999,0
sun3d-home_at-home_at_scan1_2013_jan_1,34,41,2026,0.03124999999999989,0.0814999999999999,0
sun3d-home_at-home_at_scan1_2013_jan_1,34,47,2026,-0.00390625,0.0525000000000001,0
sun3d-home_at-home_at_scan1_2013_jan_1,34,51,2026,-0.03906249999999989,-0.034999999999999976,0
sun3d-home_at-home_at_scan1_2013_jan_1,34,55,2026,-0.05859374999999978,-0.01200000000000001,0
sun3d-home_at-home_at_scan1_2013_jan_1,35,36,2026,0.0,0.050999999999999934,0
sun3d-home_at-home_at_scan1_2013_jan_1,35,37,2026,0.01953124999999989,0.10999999999999999,0
sun3d-home_at-home_at_scan1_2013_jan_1,35,48,2026,0.02343749999999989,0.056499999999999995,0
sun3d-home_at-home_at_scan1_2013_jan_1,35,51,2026,0.011718749999999889,0.10599999999999998,0
sun3d-home_at-home_at_scan1_2013_jan_1,35,52,2026,-0.00390625,0.0685,0
sun3d-home_at-home_at_scan1_2013_jan_1,35,53,2026,0.03515624999999989,0.119,0
sun3d-home_at-home_at_scan1_2013_jan_1,35,56,2026,0.07421874999999967,0.08599999999999997,0
sun3d-home_at-home_at_scan1_2013_jan_1,35,57,2026,-0.02734374999999989,0.04200000000000004,0
sun3d-home_at-home_at_scan1_2013_jan_1,35,58,2026,0.0,0.04849999999999999,0
sun3d-home_at-home_at_scan1_2013_jan_1,36,38,2026,-0.0390625,-0.045500000000000096,0
sun3d-home_at-home_at_scan1_2013_jan_1,36,41,2026,-0.01953124999999989,0.03400000000000003,0
sun3d-home_at-home_at_scan1_2013_jan_1,36,47,2026,-0.04296874999999978,0.0695,0
sun3d-home_at-home_at_scan1_2013_jan_1,36,50,2026,-0.17578124999999922,-0.03649999999999998,0
sun3d-home_at-home_at_scan1_2013_jan_1,36,51,2026,0.02343749999999989,0.12200000000000005,0
sun3d-home_at-home_at_scan1_2013_jan_1,36,55,2026,0.06640624999999978,0.061000000000000054,0
sun3d-home_at-home_at_scan1_2013_jan_1,37,39,2026,0.04687499999999978,0.08950000000000002,0
sun3d-home_at-home_at_scan1_2013_jan_1,37,41,2026,0.00390625,0.07750000000000001,0
sun3d-home_at-home_at_scan1_2013_jan_1,37,47,2026,0.011718749999999889,0.07350000000000001,0
sun3d-home_at-home_at_scan1_2013_jan_1,37,48,2026,-0.09374999999999967,0.023500000000000076,0
sun3d-home_at-home_at_scan1_2013_jan_1,37,50,2026,-0.01953124999999989,0.021500000000000075,0
sun3d-home_at-home_at_scan1_2013_jan_1,37,51,2026,-0.13281249999999956,-0.03649999999999998,-1
sun3d-home_at-home_at_scan1_2013_jan_1,37,55,2026,0.16406249999999933,0.15500000000000003,0
sun3d-home_at-home_at_scan1_2013_jan_1,38,40,2026,-0.04687499999999978,0.0025000000000000577,0
sun3d-home_at-home_at_scan1_2013_jan_1,38,41,2026,-0.04296874999999978,0.03199999999999992,0
sun3d-home_at-home_at_scan1_2013_jan_1,38,48,2026,-0.21484374999999917,-0.1355,0
sun3d-home_at-home_at_scan1_2013_jan_1,39,41,2026,-0.02343749999999989,0.07800000000000007,0
sun3d-home_at-home_at_scan1_2013_jan_1,39,42,2026,0.00390625,0.09050000000000002,0
sun3d-home_at-home_at_scan1_2013_jan_1,39,46,2026,0.03124999999999989,0.131,0
sun3d-home_at-home_at_scan1_2013_jan_1,39,47,2026,0.02734374999999989,0.12649999999999995,0
sun3d-home_at-home_at_scan1_2013_jan_1,40,42,2026,0.01953125,0.09849999999999992,0
sun3d-home_at-home_at_scan1_2013_jan_1,40,43,2026,0.003906249999999889,-0.0645,0
sun3d-home_at-home_at_scan1_2013_jan_1,40,44,2026,-0.23046874999999906,-0.11050000000000001,0
sun3d-home_at-home_at_scan1_2013_jan_1,40,45,2026,-0.18359374999999933,-0.11299999999999999,0
sun3d-home_at-home_at_scan1_2013_jan_1,40,46,2026,0.03906249999999978,0.0625,0
sun3d-home_at-home_at_scan1_2013_jan_1,40,47,2026,-0.03124999999999989,0.0665,0
sun3d-home_at-home_at_scan1_2013_jan_1,40,48,2026,-0.08203124999999967,0.04349999999999998,0
sun3d-home_at-home_at_scan1_2013_jan_1,41,43,2026,-0.14062499999999944,-0.13,0
sun3d-home_at-home_at_scan1_2013_jan_1,41,44,2026,-0.05859374999999978,0.02200000000000002,0
sun3d-home_at-home_at_scan1_2013_jan_1,41,45,2026,-0.12499999999999956,-0.013000000000000012,0
sun3d-home_at-home_at_scan1_2013_jan_1,43,48,2026,0.0156249999999999,0.0,0
sun3d-home_at-home_at_scan1_2013_jan_1,44,48,2026,0.0,0.0,0
sun3d-home_at-home_at_scan1_2013_jan_1,46,48,2026,-0.12499999999999956,-0.014000000000000012,0
sun3d-home_at-home_at_scan1_2013_jan_1,47,49,2026,0.015624999999999889,0.09399999999999997,0
sun3d-home_at-home_at_scan1_2013_jan_1,48,50,2026,-0.0390625,0.025000000000000022,0
sun3d-home_at-home_at_scan1_2013_jan_1,48,51,2026,-0.03124999999999989,0.07499999999999996,0
sun3d-home_at-home_at_scan1_2013_jan_1,49,52,2026,0.015625,0.139,0
sun3d-home_at-home_at_scan1_2013_jan_1,49,53,2026,0.12109374999999944,0.16199999999999998,1
sun3d-home_at-home_at_scan1_2013_jan_1,49,54,2026,0.10937499999999961,0.137,1
sun3d-home_at-home_at_scan1_2013_jan_1,49,55,2026,0.10156249999999956,0.134,0
sun3d-home_at-home_at_scan1_2013_jan_1,49,56,2026,0.1757812499999994,0.17200000000000001,1
sun3d-home_at-home_at_scan1_2013_jan_1,50,52,2026,0.1484374999999994,0.2025,0
sun3d-home_at-home_at_scan1_2013_jan_1,50,53,2026,0.05078124999999978,0.04999999999999999,0
sun3d-home_at-home_at_scan1_2013_jan_1,50,54,2026,0.19531249999999917,0.128,0
sun3d-home_at-home_at_scan1_2013_jan_1,50,55,2026,0.03515624999999989,0.02849999999999997,0
sun3d-home_at-home_at_scan1_2013_jan_1,50,56,2026,0.09765624999999961,0.09599999999999997,0
sun3d-home_at-home_at_scan1_2013_jan_1,50,57,2026,-0.0078125,0.017000000000000015,-1
sun3d-home_at-home_at_scan1_2013_jan_1,50,58,2026,0.10546874999999967,0.01599999999999996,0
sun3d-home_at-home_at_scan1_2013_jan_1,51,52,2026,0.30859374999999883,0.29150000000000004,0
sun3d-home_at-home_at_scan1_2013_jan_1,51,53,2026,0.03906249999999983,0.11649999999999999,0
sun3d-home_at-home_at_scan1_2013_jan_1,51,54,2026,0.03124999999999989,0.08049999999999996,0
sun3d-home_at-home_at_scan1_2013_jan_1,51,57,2026,-0.00390625,0.0,0
sun3d-home_at-home_at_scan1_2013_jan_1,51,58,2026,-0.011718749999999889,-0.003500000000000003,-1
sun3d-home_at-home_at_scan1_2013_jan_1,52,57,2026,0.2109374999999992,0.156,0
sun3d-home_at-home_at_scan1_2013_jan_1,52,58,2026,-0.08593749999999967,-0.022499999999999992,0
sun3d-home_at-home_at_scan1_2013_jan_1,53,57,2026,-0.05859374999999978,0.008499999999999952,0
sun3d-home_at-home_at_scan1_2013_jan_1,54,56,2026,-0.04687499999999978,0.029000000000000026,0
sun3d-home_at-home_at_scan1_2013_jan_1,54,57,2026,-0.0078125,0.058499999999999996,0
sun3d-home_at-home_at_scan1_2013_jan_1,54,58,2026,0.05468749999999978,0.06699999999999995,0
sun3d-home_at-home_at_scan1_2013_jan_1,55,56,2026,-0.015624999999999889,0.07550000000000001,0
sun3d-home_at-home_at_scan1_2013_jan_1,55,58,2026,0.015625,0.046499999999999986,0
sun3d-home_at-home_at_scan1_2013_jan_1,57,59,2026,-0.0078125,-0.0045000000000000595,0
sun3d-home_md-home_md_scan9_2012_sep_30,0,1,2026,-0.04687499999999978,0.01100000000000001,0
sun3d-home_md-home_md_scan9_2012_sep_30,0,51,2026,-0.10937499999999958,-0.0655,0
sun3d-home_md-home_md_scan9_2012_sep_30,0,52,2026,0.21093749999999917,0.23399999999999999,0
sun3d-home_md-home_md_scan9_2012_sep_30,0,53,2026,-0.07421874999999978,0.0030000000000000027,0
sun3d-home_md-home_md_scan9_2012_sep_30,0,54,2026,0.18359374999999933,0.203,0
sun3d-home_md-home_md_scan9_2012_sep_30,0,55,2026,-0.14453124999999944,-0.03499999999999992,0
sun3d-home_md-home_md_scan9_2012_sep_30,0,56,2026,-0.01953124999999989,0.0635,0
sun3d-home_md-home_md_scan9_2012_sep_30,0,57,2026,-0.01953124999999989,0.07250000000000001,0
sun3d-home_md-home_md_scan9_2012_sep_30,0,58,2026,0.0,0.04800000000000004,0
sun3d-home_md-home_md_scan9_2012_sep_30,0,59,2026,0.03124999999999989,0.07799999999999996,0
sun3d-home_md-home_md_scan9_2012_sep_30,1,3,2026,-0.01171875,-0.055999999999999994,0
sun3d-home_md-home_md_scan9_2012_sep_30,1,4,2026,-0.03124999999999989,-0.046499999999999986,0
sun3d-home_md-home_md_scan9_2012_sep_30,1,5,2026,-0.09374999999999967,-0.1265,0
sun3d-home_md-home_md_scan9_2012_sep_30,1,6,2026,0.00390625,-0.015499999999999986,0
sun3d-home_md-home_md_scan9_2012_sep_30,1,7,2026,0.02734374999999989,0.015999999999999903,0
sun3d-home_md-home_md_scan9_2012_sep_30,1,8,2026,-0.01953124999999989,0.06599999999999995,0
sun3d-home_md-home_md_scan9_2012_sep_30,1,37,2026,0.05078124999999978,0.07199999999999998,0
sun3d-home_md-home_md_scan9_2012_sep_30,1,38,2026,-0.06249999999999978,-0.025500000000000023,0
sun3d-home_md-home_md_scan9_2012_sep_30,1,46,2026,-0.10546874999999956,-0.04699999999999993,0
sun3d-home_md-home_md_scan9_2012_sep_30,2,3,2026,-0.03906249999999989,0.05699999999999994,0
sun3d-home_md-home_md_scan9_2012_sep_30,2,4,2026,-0.02734374999999989,0.007499999999999951,0
sun3d-home_md-home_md_scan9_2012_sep_30,2,6,2026,0.02343749999999989,0.05700000000000005,0
sun3d-home_md-home_md_scan9_2012_sep_30,2,9,2026,0.09374999999999961,0.0475,0
sun3d-home_md-home_md_scan9_2012_sep_30,2,36,2026,0.03515624999999989,0.011500000000000003,0
sun3d-home_md-home_md_scan9_2012_sep_30,2,37,2026,-0.05078124999999978,0.03149999999999997,0
sun3d-home_md-home_md_scan9_2012_sep_30,2,38,2026,0.00390625,0.0685,0
sun3d-home_md-home_md_scan9_2012_sep_30,2,39,2026,0.015625,0.08050000000000002,0
sun3d-home_md-home_md_scan9_2012_sep_30,2,40,2026,0.01953125,0.04749999999999999,0
sun3d-home_md-home_md_scan9_2012_sep_30,2,41,2026,0.03906249999999989,0.0684999999999999,0
sun3d-home_md-home_md_scan9_2012_sep_30,2,45,2026,0.02734374999999989,0.07999999999999996,0
sun3d-home_md-home_md_scan9_2012_sep_30,2,46,2026,0.0,0.06700000000000006,0
sun3d-home_md-home_md_scan9_2012_sep_30,2,47,2026,0.06249999999999978,0.15749999999999997,0
sun3d-home_md-home_md_scan9_2012_sep_30,2,49,2026,-0.04296874999999978,0.02300000000000002,0
sun3d-home_md-home_md_scan9_2012_sep_30,3,8,2026,0.00390625,0.0724999999999999,0
sun3d-home_md-home_md_scan9_2012_sep_30,3,45,2026,-0.007812499999999889,0.056499999999999995,0
sun3d-home_md-home_md_scan9_2012_sep_30,3,48,2026,0.05468749999999978,0.10250000000000004,0
sun3d-home_md-home_md_scan9_2012_sep_30,3,49,2026,0.02734374999999989,0.09750000000000003,0
sun3d-home_md-home_md_scan9_2012_sep_30,4,8,2026,-0.03124999999999989,0.04399999999999993,0
sun3d-home_md-home_md_scan9_2012_sep_30,4,30,2026,-0.11328124999999956,0.008000000000000007,0
sun3d-home_md-home_md_scan9_2012_sep_30,4,41,2026,-0.015624999999999778,0.03750000000000009,0
sun3d-home_md-home_md_scan9_2012_sep_30,4,45,2026,0.04296874999999978,0.07600000000000007,0
sun3d-home_md-home_md_scan9_2012_sep_30,4,47,2026,-0.039062499999999556,0.04500000000000004,0
sun3d-home_md-home_md_scan9_2012_sep_30,4,48,2026,-0.02343749999999989,0.04249999999999998,0
sun3d-home_md-home_md_scan9_2012_sep_30,4,49,2026,-0.05468749999999978,0.05349999999999999,0
sun3d-home_md-home_md_scan9_2012_sep_30,5,8,2026,-0.02343749999999989,0.0595,0
sun3d-home_md-home_md_scan9_2012_sep_30,5,37,2026,-0.03515624999999989,0.11400000000000005,0
sun3d-home_md-home_md_scan9_2012_sep_30,5,41,2026,-0.05468749999999978,0.04700000000000004,0
sun3d-home_md-home_md_scan9_2012_sep_30,5,45,2026,-0.015624999999999889,0.03799999999999992,0
sun3d-home_md-home_md_scan9_2012_sep_30,5,47,2026,0.0078125,0.09149999999999991,0
sun3d-home_md-home_md_scan9_2012_sep_30,5,48,2026,-0.06249999999999978,0.035499999999999976,0
sun3d-home_md-home_md_scan9_2012_sep_30,5,49,2026,-0.07031249999999978,0.03599999999999992,0
sun3d-home_md-home_md_scan9_2012_sep_30,6,8,2026,0.00390625,0.029500000000000026,0
sun3d-home_md-home_md_scan9_2012_sep_30,6,40,2026,-0.00390625,0.05049999999999999,0
sun3d-home_md-home_md_scan9_2012_sep_30,6,41,2026,-0.015625,0.10450000000000004,0
sun3d-home_md-home_md_scan9_2012_sep_30,6,45,2026,0.015624999999999889,0.10550000000000004,-1
sun3d-home_md-home_md_scan9_2012_sep_30,6,47,2026,-0.015625,0.0605,0
sun3d-home_md-home_md_scan9_2012_sep_30,7,8,2026,-0.011718749999999778,0.10750000000000004,0
sun3d-home_md-home_md_scan9_2012_sep_30,7,37,2026,-0.02343749999999989,0.11150000000000004,0
sun3d-home_md-home_md_scan9_2012_sep_30,7,40,2026,0.05859374999999978,0.09199999999999997,0
sun3d-home_md-home_md_scan9_2012_sep_30,7,41,2026,0.01171875,0.09299999999999997,0
sun3d-home_md-home_md_scan9_2012_sep_30,7,45,2026,-0.0078125,0.09899999999999998,0
sun3d-home_md-home_md_scan9_2012_sep_30,7,47,2026,-0.01953125,0.0804999999999999,0
sun3d-home_md-home_md_scan9_2012_sep_30,7,49,2026,-0.03515624999999989,0.019499999999999962,0
sun3d-home_md-home_md_scan9_2012_sep_30,8,10,2026,0.015624999999999917,0.037000000000000005,0
sun3d-home_md-home_md_scan9_2012_sep_30,8,32,2026,-0.0664062499999997,-0.0275,0
sun3d-home_md-home_md_scan9_2012_sep_30,8,33,2026,0.08984374999999958,0.07250000000000001,0
sun3d-home_md-home_md_scan9_2012_sep_30,8,39,2026,-0.05078124999999978,0.043999999999999984,0
sun3d-home_md-home_md_scan9_2012_sep_30,8,40,2026,0.015624999999999833,0.10500000000000004,0
sun3d-home_md-home_md_scan9_2012_sep_30,8,46,2026,-0.0078125,0.13099999999999995,0
sun3d-home_md-home_md_scan9_2012_sep_30,9,12,2026,0.06249999999999978,0.07949999999999996,0
sun3d-home_md-home_md_scan9_2012_sep_30,9,32,2026,-0.05468749999999983,0.07650000000000001,0
sun3d-home_md-home_md_scan9_2012_sep_30,9,33,2026,-0.05468749999999972,-0.0025000000000000022,0
sun3d-home_md-home_md_scan9_2012_sep_30,10,32,2026,0.10156249999999961,0.067,0
sun3d-home_md-home_md_scan9_2012_sep_30,10,33,2026,0.08593749999999967,0.01200000000000001,1
sun3d-home_md-home_md_scan9_2012_sep_30,10,35,2026,0.0,-0.0050000000000000044,0
sun3d-home_md-home_md_scan9_2012_sep_30,10,36,2026,0.03515624999999989,0.1215,0
sun3d-home_md-home_md_scan9_2012_sep_30,11,32,2026,-0.015624999999999903,0.0010000000000000009,0
sun3d-home_md-home_md_scan9_2012_sep_30,11,33,2026,0.015624999999999903,-0.0025,0
sun3d-home_md-home_md_scan9_2012_sep_30,11,35,2026,-0.05078124999999978,-0.004500000000000004,0
sun3d-home_md-home_md_scan9_2012_sep_30,11,36,2026,-0.07812499999999967,-0.010999999999999982,0
sun3d-home_md-home_md_scan9_2012_sep_30,12,13,2026,0.00390625,0.11099999999999999,0
sun3d-home_md-home_md_scan9_2012_sep_30,12,14,2026,0.01171875,0.013,0
sun3d-home_md-home_md_scan9_2012_sep_30,12,32,2026,0.015625,-0.002,0
sun3d-home_md-home_md_scan9_2012_sep_30,12,33,2026,-0.0234374999999999,-0.0115,0
sun3d-home_md-home_md_scan9_2012_sep_30,12,35,2026,-0.023437499999999917,-0.0695,0
sun3d-home_md-home_md_scan9_2012_sep_30,13,17,2026,0.08203124999999967,0.0625,0
sun3d-home_md-home_md_scan9_2012_sep_30,13,18,2026,0.01953125,0.07099999999999995,0
sun3d-home_md-home_md_scan9_2012_sep_30,13,19,2026,0.0078125,0.050000000000000044,0
sun3d-home_md-home_md_scan9_2012_sep_30,13,23,2026,0.05468749999999978,0.07449999999999998,0
sun3d-home_md-home_md_scan9_2012_sep_30,13,54,2026,-0.03906249999999989,0.035499999999999976,0
sun3d-home_md-home_md_scan9_2012_sep_30,13,55,2026,0.02734374999999989,0.05700000000000005,0
sun3d-home_md-home_md_scan9_2012_sep_30,13,56,2026,-0.0078125,0.09000000000000008,0
sun3d-home_md-home_md_scan9_2012_sep_30,13,57,2026,0.02343749999999989,0.13400000000000006,0
sun3d-home_md-home_md_scan9_2012_sep_30,13,58,2026,-0.01953124999999989,0.10399999999999998,1
sun3d-home_md-home_md_scan9_2012_sep_30,14,17,2026,0.03124999999999989,0.07699999999999996,0
sun3d-home_md-home_md_scan9_2012_sep_30,14,18,2026,-0.00390625,0.05800000000000005,0
sun3d-home_md-home_md_scan9_2012_sep_30,14,19,2026,0.0,0.09050000000000002,0
sun3d-home_md-home_md_scan9_2012_sep_30,14,23,2026,-0.1445312499999994,-0.07499999999999998,0
sun3d-home_md-home_md_scan9_2012_sep_30,14,24,2026,0.011718749999999889,0.14500000000000002,0
sun3d-home_md-home_md_scan9_2012_sep_30,14,25,2026,-0.00390625,0.014500000000000013,0
sun3d-home_md-home_md_scan9_2012_sep_30,14,54,2026,-0.015624999999999833,0.058499999999999996,0
sun3d-home_md-home_md_scan9_2012_sep_30,14,55,2026,-0.14453124999999944,-0.09350000000000003,0
sun3d-home_md-home_md_scan9_2012_sep_30,14,56,2026,-0.12499999999999956,0.004500000000000004,0
sun3d-home_md-home_md_scan9_2012_sep_30,14,57,2026,0.13671874999999944,0.256,0
sun3d-home_md-home_md_scan9_2012_sep_30,14,58,2026,-0.18749999999999922,-0.065,-1
sun3d-home_md-home_md_scan9_2012_sep_30,15,17,2026,-0.00390625,0.03149999999999997,0
sun3d-home_md-home_md_scan9_2012_sep_30,15,18,2026,0.007812499999999889,0.09699999999999998,0
sun3d-home_md-home_md_scan9_2012_sep_30,15,19,2026,0.01171875,0.07000000000000006,0
sun3d-home_md-home_md_scan9_2012_sep_30,15,23,2026,-0.2851562499999989,-0.17949999999999994,0
sun3d-home_md-home_md_scan9_2012_sep_30,15,24,2026,-0.00390625,0.09950000000000003,0
sun3d-home_md-home_md_scan9_2012_sep_30,15,25,2026,0.1289062499999995,0.2335,0
sun3d-home_md-home_md_scan9_2012_sep_30,15,54,2026,0.03515624999999989,0.08499999999999996,0
sun3d-home_md-home_md_scan9_2012_sep_30,15,55,2026,-0.02734374999999989,0.040000000000000036,0
sun3d-home_md-home_md_scan9_2012_sep_30,15,56,2026,-0.03906249999999989,0.08399999999999996,0
sun3d-home_md-home_md_scan9_2012_sep_30,15,57,2026,-0.03515624999999989,0.11399999999999999,0
sun3d-home_md-home_md_scan9_2012_sep_30,15,58,2026,-0.09374999999999967,0.045999999999999985,0
sun3d-home_md-home_md_scan9_2012_sep_30,16,17,2026,0.01953125,0.08000000000000007,0
sun3d-home_md-home_md_scan9_2012_sep_30,16,19,2026,0.0078125,0.11499999999999999,0
sun3d-home_md-home_md_scan9_2012_sep_30,16,20,2026,-0.0078124999999999445,0.12250000000000005,0
sun3d-home_md-home_md_scan9_2012_sep_30,16,21,2026,0.01953125,0.03699999999999998,0
sun3d-home_md-home_md_scan9_2012_sep_30,16,22,2026,-0.1249999999999995,-0.055999999999999966,0
sun3d-home_md-home_md_scan9_2012_sep_30,16,23,2026,-0.3085937499999989,-0.26449999999999996,0
sun3d-home_md-home_md_scan9_2012_sep_30,16,25,2026,0.03515624999999989,0.0040000000000000036,-1
sun3d-home_md-home_md_scan9_2012_sep_30,16,54,2026,-0.01171875,0.11399999999999999,0
sun3d-home_md-home_md_scan9_2012_sep_30,16,58,2026,-0.01953125,0.10200000000000004,0
sun3d-home_md-home_md_scan9_2012_sep_30,17,23,2026,-0.003906249999999889,0.01050000000000001,0
sun3d-home_md-home_md_scan9_2012_sep_30,17,34,2026,0.007812499999999917,0.046,0
sun3d-home_md-home_md_scan9_2012_sep_30,18,24,2026,0.015625,0.016500000000000015,0
sun3d-home_md-home_md_scan9_2012_sep_30,18,59,2026,0.03906249999999989,0.0895,-1
sun3d-home_md-home_md_scan9_2012_sep_30,19,21,2026,-0.00390625,0.027500000000000024,0
sun3d-home_md-home_md_scan9_2012_sep_30,19,24,2026,0.0,0.04100000000000001,0
sun3d-home_md-home_md_scan9_2012_sep_30,19,59,2026,-0.0078125,0.047000000000000014,0
sun3d-home_md-home_md_scan9_2012_sep_30,20,23,2026,0.0039062499999999167,0.0030000000000000027,0
sun3d-home_md-home_md_scan9_2012_sep_30,21,23,2026,-0.027343749999999903,-0.012999999999999998,0
sun3d-home_md-home_md_scan9_2012_sep_30,21,34,2026,0.00390625,0.004500000000000004,0
sun3d-home_md-home_md_scan9_2012_sep_30,22,59,2026,-0.00390625,-0.0010000000000000009,0
sun3d-home_md-home_md_scan9_2012_sep_30,23,25,2026,0.003906249999999903,-0.010000000000000002,0
sun3d-home_md-home_md_scan9_2012_sep_30,23,59,2026,0.03124999999999989,0.042,0
sun3d-home_md-home_md_scan9_2012_sep_30,24,26,2026,-0.0078125,-0.028499999999999998,0
sun3d-home_md-home_md_scan9_2012_sep_30,24,52,2026,-0.0078124999999999,-0.002,0
sun3d-home_md-home_md_scan9_2012_sep_30,24,54,2026,0.0820312499999997,0.0465,1
sun3d-home_md-home_md_scan9_2012_sep_30,24,55,2026,0.0,0.007499999999999993,0
sun3d-home_md-home_md_scan9_2012_sep_30,24,56,2026,0.046874999999999806,0.0495,1
sun3d-home_md-home_md_scan9_2012_sep_30,24,57,2026,0.015625,0.0185,0
sun3d-home_md-home_md_scan9_2012_sep_30,25,27,2026,0.00390625,0.0010000000000000009,0
sun3d-home_md-home_md_scan9_2012_sep_30,25,52,2026,-0.007812499999999899,-0.003000000000000001,0
sun3d-home_md-home_md_scan9_2012_sep_30,25,54,2026,-0.015625,-0.014000000000000002,0
sun3d-home_md-home_md_scan9_2012_sep_30,25,55,2026,-0.04687499999999979,-0.040499999999999994,0
sun3d-home_md-home_md_scan9_2012_sep_30,25,56,2026,0.0039062499999999,0.006,0
sun3d-home_md-home_md_scan9_2012_sep_30,25,57,2026,-0.0234374999999999,-0.014,0
sun3d-home_md-home_md_scan9_2012_sep_30,25,58,2026,-0.0078124999999999,-0.0105,0
sun3d-home_md-home_md_scan9_2012_sep_30,25,59,2026,-0.0234374999999999,-0.017499999999999998,0
sun3d-home_md-home_md_scan9_2012_sep_30,26,42,2026,-0.01171875,0.027000000000000024,0
sun3d-home_md-home_md_scan9_2012_sep_30,26,43,2026,-0.02734374999999989,0.024500000000000022,0
sun3d-home_md-home_md_scan9_2012_sep_30,26,59,2026,0.07031249999999979,0.0985,1
sun3d-home_md-home_md_scan9_2012_sep_30,27,29,2026,-0.01171875,0.046499999999999986,0
sun3d-home_md-home_md_scan9_2012_sep_30,27,42,2026,-0.01953125,0.05799999999999994,0
sun3d-home_md-home_md_scan9_2012_sep_30,27,43,2026,-0.0078124999999999445,0.024500000000000022,0
sun3d-home_md-home_md_scan9_2012_sep_30,27,59,2026,-0.0078125,-0.027500000000000004,0
sun3d-home_md-home_md_scan9_2012_sep_30,28,42,2026,-0.05859374999999978,0.05249999999999999,0
sun3d-home_md-home_md_scan9_2012_sep_30,28,43,2026,0.03124999999999989,0.05099999999999999,0
sun3d-home_md-home_md_scan9_2012_sep_30,28,44,2026,0.01953124999999989,-0.0040000000000000036,0
sun3d-home_md-home_md_scan9_2012_sep_30,28,59,2026,-0.0273437499999999,-0.0295,0
sun3d-home_md-home_md_scan9_2012_sep_30,29,39,2026,0.007812499999999903,-0.010499999999999999,0
sun3d-home_md-home_md_scan9_2012_sep_30,29,44,2026,-0.023437499999999903,-0.004500000000000004,0
sun3d-home_md-home_md_scan9_2012_sep_30,29,51,2026,0.007812499999999889,0.004500000000000004,1
sun3d-home_md-home_md_scan9_2012_sep_30,30,31,2026,-0.03906249999999989,0.034499999999999975,0
sun3d-home_md-home_md_scan9_2012_sep_30,30,38,2026,0.1328124999999995,0.08499999999999999,0
sun3d-home_md-home_md_scan9_2012_sep_30,30,39,2026,0.05859374999999978,0.034499999999999975,0
sun3d-home_md-home_md_scan9_2012_sep_30,30,40,2026,0.02734374999999989,0.055499999999999994,0
sun3d-home_md-home_md_scan9_2012_sep_30,30,41,2026,0.2343749999999991,0.197,1
sun3d-home_md-home_md_scan9_2012_sep_30,30,42,2026,0.0,0.02250000000000002,0
sun3d-home_md-home_md_scan9_2012_sep_30,30,43,2026,-0.14843749999999942,-0.0345,0
sun3d-home_md-home_md_scan9_2012_sep_30,30,45,2026,0.05859374999999983,0.020000000000000018,0
sun3d-home_md-home_md_scan9_2012_sep_30,30,46,2026,0.08203124999999967,0.11000000000000004,0
sun3d-home_md-home_md_scan9_2012_sep_30,30,47,2026,0.031249999999999833,0.01899999999999996,0
sun3d-home_md-home_md_scan9_2012_sep_30,30,48,2026,0.16406249999999933,0.11149999999999999,0
sun3d-home_md-home_md_scan9_2012_sep_30,30,49,2026,0.3085937499999988,0.21450000000000002,0
sun3d-home_md-home_md_scan9_2012_sep_30,30,50,2026,-0.01953124999999989,0.06899999999999995,0
sun3d-home_md-home_md_scan9_2012_sep_30,31,33,2026,0.0742187499999997,0.006,0
sun3d-home_md-home_md_scan9_2012_sep_30,31,35,2026,0.042968749999999806,-0.024,0
sun3d-home_md-home_md_scan9_2012_sep_30,31,36,2026,0.0937499999999997,0.009500000000000001,1
sun3d-home_md-home_md_scan9_2012_sep_30,31,37,2026,0.0,0.0,0
sun3d-home_md-home_md_scan9_2012_sep_30,32,37,2026,-0.08593749999999961,0.010999999999999996,0
sun3d-home_md-home_md_scan9_2012_sep_30,33,37,2026,-0.03124999999999989,0.013000000000000012,-1
sun3d-home_md-home_md_scan9_2012_sep_30,34,36,2026,-0.023437499999999917,-0.024500000000000008,0
sun3d-home_md-home_md_scan9_2012_sep_30,34,58,2026,-0.0234374999999999,-0.0015,0
sun3d-home_md-home_md_scan9_2012_sep_30,37,39,2026,-0.2148437499999991,-0.239,-1
sun3d-home_md-home_md_scan9_2012_sep_30,37,40,2026,0.054687499999999806,0.09149999999999997,0
sun3d-home_md-home_md_scan9_2012_sep_30,37,46,2026,0.19531249999999928,0.17200000000000001,0
sun3d-home_md-home_md_scan9_2012_sep_30,38,45,2026,-0.0078125,0.07700000000000007,0
sun3d-home_md-home_md_scan9_2012_sep_30,38,48,2026,-0.01171875,0.0804999999999999,0
sun3d-home_md-home_md_scan9_2012_sep_30,38,49,2026,0.0234375,0.07950000000000002,0
sun3d-home_md-home_md_scan9_2012_sep_30,39,42,2026,-0.02343749999999989,0.03300000000000003,0
sun3d-home_md-home_md_scan9_2012_sep_30,39,43,2026,0.03124999999999989,0.06400000000000006,0
sun3d-home_md-home_md_scan9_2012_sep_30,39,44,2026,-0.06640624999999967,-0.12150000000000001,0
sun3d-home_md-home_md_scan9_2012_sep_30,39,48,2026,0.01953125,0.06400000000000006,0
sun3d-home_md-home_md_scan9_2012_sep_30,39,49,2026,0.0078125,0.046499999999999986,0
sun3d-home_md-home_md_scan9_2012_sep_30,40,42,2026,-0.03906249999999978,0.07399999999999995,0
sun3d-home_md-home_md_scan9_2012_sep_30,40,43,2026,-0.027343749999999833,0.029000000000000026,0
sun3d-home_md-home_md_scan9_2012_sep_30,40,48,2026,-0.03906249999999989,0.05349999999999999,0
sun3d-home_md-home_md_scan9_2012_sep_30,41,43,2026,0.0,0.11849999999999994,0
sun3d-home_md-home_md_scan9_2012_sep_30,41,50,2026,-0.04687499999999989,0.0020000000000000018,0
sun3d-home_md-home_md_scan9_2012_sep_30,42,45,2026,0.05468749999999978,0.051000000000000045,0
sun3d-home_md-home_md_scan9_2012_sep_30,42,46,2026,-0.003906249999999889,0.07350000000000001,0
sun3d-home_md-home_md_scan9_2012_sep_30,42,47,2026,0.03515624999999989,0.04949999999999999,0
sun3d-home_md-home_md_scan9_2012_sep_30,43,44,2026,-0.10546874999999956,-0.0025000000000000022,0
sun3d-home_md-home_md_scan9_2012_sep_30,43,45,2026,-0.00390625,0.04799999999999993,0
sun3d-home_md-home_md_scan9_2012_sep_30,43,47,2026,0.007812499999999889,0.058499999999999996,0
sun3d-home_md-home_md_scan9_2012_sep_30,43,48,2026,-0.07031249999999972,0.043999999999999984,0
sun3d-home_md-home_md_scan9_2012_sep_30,43,49,2026,-0.007812499999999889,0.08500000000000008,0
sun3d-home_md-home_md_scan9_2012_sep_30,43,50,2026,-0.015625,0.07899999999999996,0
sun3d-home_md-home_md_scan9_2012_sep_30,43,51,2026,-0.015624999999999889,0.08550000000000002,0
sun3d-home_md-home_md_scan9_2012_sep_30,45,48,2026,0.01953124999999989,0.05300000000000005,0
sun3d-home_md-home_md_scan9_2012_sep_30,45,49,2026,0.02734374999999989,0.08150000000000002,0
sun3d-home_md-home_md_scan9_2012_sep_30,45,50,2026,0.01953124999999989,0.04850000000000004,0
sun3d-home_md-home_md_scan9_2012_sep_30,46,48,2026,0.02734375,0.04399999999999993,0
sun3d-home_md-home_md_scan9_2012_sep_30,46,49,2026,-0.015625,0.038000000000000034,0
sun3d-home_md-home_md_scan9_2012_sep_30,47,50,2026,-0.01953124999999989,0.05049999999999999,0
sun3d-home_md-home_md_scan9_2012_sep_30,48,51,2026,0.0,0.0,0
sun3d-home_md-home_md_scan9_2012_sep_30,50,59,2026,0.06249999999999978,0.12149999999999994,0
sun3d-home_md-home_md_scan9_2012_sep_30,51,53,2026,0.015624999999999889,0.09599999999999997,0
sun3d-home_md-home_md_scan9_2012_sep_30,52,53,2026,-0.0234375,0.06900000000000006,0
sun3d-home_md-home_md_scan9_2012_sep_30,52,54,2026,0.06249999999999978,0.132,0
sun3d-home_md-home_md_scan9_2012_sep_30,52,55,2026,0.015624999999999889,0.09150000000000008,0
sun3d-home_md-home_md_scan9_2012_sep_30,52,56,2026,-0.16796874999999928,-0.146,0
sun3d-home_md-home_md_scan9_2012_sep_30,52,57,2026,-0.10937499999999961,-0.021999999999999964,0
sun3d-home_md-home_md_scan9_2012_sep_30,52,58,2026,-0.18749999999999922,-0.0985,0
sun3d-home_md-home_md_scan9_2012_sep_30,53,57,2026,-0.0234374999999999,-0.033999999999999996,0
sun3d-home_md-home_md_scan9_2012_sep_30,56,59,2026,-0.03124999999999989,-0.031000000000000028,0
sun3d-hotel_uc-scan3,0,4,2026,0.0078125,0.10250000000000004,0
sun3d-hotel_uc-scan3,0,9,2026,0.01171875,0.10499999999999998,0
sun3d-hotel_uc-scan3,0,11,2026,0.015624999999999889,0.13,0
sun3d-hotel_uc-scan3,0,18,2026,-0.07421874999999978,0.09000000000000008,0
sun3d-hotel_uc-scan3,0,20,2026,-0.03906249999999989,0.0675,0
sun3d-hotel_uc-scan3,0,34,2026,0.17187499999999933,0.1855,0
sun3d-hotel_uc-scan3,0,43,2026,0.042968749999999556,0.13649999999999995,0
sun3d-hotel_uc-scan3,0,46,2026,0.00390625,0.05049999999999999,0
sun3d-hotel_uc-scan3,0,53,2026,0.10546874999999956,0.15049999999999997,0
sun3d-hotel_uc-scan3,1,9,2026,0.02734374999999989,0.16449999999999998,0
sun3d-hotel_uc-scan3,1,11,2026,-0.01171875,0.08699999999999997,0
sun3d-hotel_uc-scan3,1,18,2026,-0.08593749999999967,0.05899999999999994,0
sun3d-hotel_uc-scan3,1,20,2026,-0.06640624999999967,0.061000000000000054,0
sun3d-hotel_uc-scan3,1,34,2026,0.02734374999999989,0.07799999999999996,0
sun3d-hotel_uc-scan3,1,36,2026,-0.0078125,0.08750000000000002,0
sun3d-hotel_uc-scan3,1,43,2026,-0.07812499999999967,0.05349999999999999,0
sun3d-hotel_uc-scan3,1,46,2026,-0.0078125,0.026999999999999913,0
sun3d-hotel_uc-scan3,1,53,2026,-0.06249999999999978,0.046499999999999986,0
sun3d-hotel_uc-scan3,2,18,2026,0.04296874999999978,0.09750000000000003,0
sun3d-hotel_uc-scan3,2,19,2026,0.03124999999999989,0.06399999999999995,0
sun3d-hotel_uc-scan3,2,20,2026,0.01171875,0.09849999999999998,0
sun3d-hotel_uc-scan3,2,21,2026,0.10937499999999961,0.081,0
sun3d-hotel_uc-scan3,2,36,2026,-0.02343749999999989,0.04800000000000004,0
sun3d-hotel_uc-scan3,2,43,2026,-0.08203124999999978,0.03499999999999992,0
sun3d-hotel_uc-scan3,2,47,2026,0.003906249999999889,-0.0635,-1
sun3d-hotel_uc-scan3,3,11,2026,-0.00390625,0.06600000000000006,0
sun3d-hotel_uc-scan3,3,18,2026,-0.04687499999999978,0.12149999999999994,0
sun3d-hotel_uc-scan3,3,20,2026,0.00390625,0.13699999999999996,0
sun3d-hotel_uc-scan3,3,34,2026,-0.03515624999999978,-0.010500000000000065,0
sun3d-hotel_uc-scan3,3,36,2026,0.01953124999999989,0.08899999999999997,0
sun3d-hotel_uc-scan3,3,43,2026,0.07812499999999967,0.16499999999999992,0
sun3d-hotel_uc-scan3,3,44,2026,0.015625,0.15349999999999997,0
sun3d-hotel_uc-scan3,3,46,2026,-0.00390625,0.04899999999999993,0
sun3d-hotel_uc-scan3,3,53,2026,-0.12109374999999944,-0.09349999999999997,0
sun3d-hotel_uc-scan3,4,7,2026,-0.15624999999999944,-0.0050000000000000044,0
sun3d-hotel_uc-scan3,4,8,2026,0.02343749999999989,0.06399999999999995,0
sun3d-hotel_uc-scan3,4,10,2026,0.015624999999999889,0.136,0
sun3d-hotel_uc-scan3,4,19,2026,0.015625,0.20900000000000007,0
sun3d-hotel_uc-scan3,4,38,2026,-0.14843749999999944,-0.017500000000000016,0
sun3d-hotel_uc-scan3,4,39,2026,-0.02343749999999989,0.064,0
sun3d-hotel_uc-scan3,4,40,2026,-0.2343749999999991,-0.12799999999999997,0
sun3d-hotel_uc-scan3,4,41,2026,0.03124999999999989,0.043999999999999984,0
sun3d-hotel_uc-scan3,4,43,2026,-0.06249999999999967,-0.014500000000000013,0
sun3d-hotel_uc-scan3,4,44,2026,-0.00390625,0.04849999999999999,0
sun3d-hotel_uc-scan3,4,45,2026,0.19140624999999922,0.11499999999999999,0
sun3d-hotel_uc-scan3,5,36,2026,-0.03515624999999989,0.018500000000000016,0
sun3d-hotel_uc-scan3,5,42,2026,-0.02734374999999989,0.0015000000000000013,0
sun3d-hotel_uc-scan3,5,43,2026,-0.01953125,0.003999999999999948,0
sun3d-hotel_uc-scan3,5,44,2026,-0.04296874999999989,-0.062,0
sun3d-hotel_uc-scan3,6,36,2026,0.1249999999999995,0.17400000000000002,0
sun3d-hotel_uc-scan3,6,42,2026,0.02734374999999989,0.09599999999999997,0
sun3d-hotel_uc-scan3,6,43,2026,-0.0078125,0.051000000000000045,0
sun3d-hotel_uc-scan3,6,44,2026,-0.04687499999999978,-0.045999999999999985,0
sun3d-hotel_uc-scan3,7,36,2026,-0.07812499999999967,0.1215,1
sun3d-hotel_uc-scan3,7,42,2026,-0.01953124999999989,0.08450000000000002,0
sun3d-hotel_uc-scan3,7,43,2026,0.0,0.029500000000000026,0
sun3d-hotel_uc-scan3,8,10,2026,0.03906249999999978,0.01050000000000001,0
sun3d-hotel_uc-scan3,8,18,2026,-0.06640624999999971,-0.0015000000000000013,0
sun3d-hotel_uc-scan3,8,20,2026,0.0,-0.001999999999999999,0
sun3d-hotel_uc-scan3,8,36,2026,0.14453124999999944,0.25549999999999995,1
sun3d-hotel_uc-scan3,8,43,2026,0.0,0.06600000000000006,0
sun3d-hotel_uc-scan3,8,44,2026,0.015624999999999889,-0.003500000000000003,0
sun3d-hotel_uc-scan3,9,18,2026,0.07812499999999967,0.07250000000000001,0
sun3d-hotel_uc-scan3,9,19,2026,0.07421874999999978,0.1845,0
sun3d-hotel_uc-scan3,9,20,2026,0.03515624999999989,0.07299999999999995,0
sun3d-hotel_uc-scan3,9,37,2026,-0.01171875,0.05300000000000005,0
sun3d-hotel_uc-scan3,9,38,2026,0.0,0.0635,0
sun3d-hotel_uc-scan3,9,39,2026,0.02343749999999989,0.08599999999999997,0
sun3d-hotel_uc-scan3,9,40,2026,0.02734374999999989,0.08050000000000002,0
sun3d-hotel_uc-scan3,9,41,2026,-0.01171875,0.02499999999999991,0
sun3d-hotel_uc-scan3,9,42,2026,0.03515624999999978,0.08550000000000002,0
sun3d-hotel_uc-scan3,10,11,2026,0.01953124999999989,0.16100000000000003,0
sun3d-hotel_uc-scan3,10,34,2026,0.12499999999999956,0.14,0
sun3d-hotel_uc-scan3,10,46,2026,0.02343749999999989,0.10899999999999999,0
sun3d-hotel_uc-scan3,10,53,2026,-0.05859374999999978,0.0685,0
sun3d-hotel_uc-scan3,11,18,2026,0.02343749999999989,0.0014999999999999458,0
sun3d-hotel_uc-scan3,11,19,2026,-0.02343749999999989,0.08550000000000002,0
sun3d-hotel_uc-scan3,11,20,2026,0.07812499999999967,0.10449999999999998,0
sun3d-hotel_uc-scan3,11,21,2026,0.07812499999999967,0.124,0
sun3d-hotel_uc-scan3,11,33,2026,0.0937499999999997,0.0435,0
sun3d-hotel_uc-scan3,11,43,2026,0.03124999999999989,0.10700000000000004,0
sun3d-hotel_uc-scan3,11,44,2026,0.09765624999999967,0.1895,0
sun3d-hotel_uc-scan3,11,45,2026,0.015624999999999889,0.15900000000000003,0
sun3d-hotel_uc-scan3,11,52,2026,0.03515624999999989,0.017000000000000015,0
sun3d-hotel_uc-scan3,12,22,2026,0.0820312499999997,0.0475,1
sun3d-hotel_uc-scan3,12,25,2026,0.03906249999999979,0.02149999999999999,0
sun3d-hotel_uc-scan3,12,30,2026,0.19921874999999917,0.1275,1
sun3d-hotel_uc-scan3,12,34,2026,-0.08593749999999967,-0.0040000000000000036,0
sun3d-hotel_uc-scan3,12,46,2026,0.07031249999999978,0.1015,0
sun3d-hotel_uc-scan3,13,15,2026,0.0,0.08499999999999996,0
sun3d-hotel_uc-scan3,13,16,2026,-0.05468749999999978,0.04749999999999999,0
sun3d-hotel_uc-scan3,13,23,2026,0.011718749999999889,0.08800000000000002,0
sun3d-hotel_uc-scan3,13,27,2026,0.22656249999999917,0.25049999999999994,0
sun3d-hotel_uc-scan3,13,30,2026,0.015625,0.0995,0
sun3d-hotel_uc-scan3,13,31,2026,0.19921874999999933,0.21399999999999997,0
sun3d-hotel_uc-scan3,13,33,2026,0.01953124999999989,0.08650000000000002,0
sun3d-hotel_uc-scan3,13,47,2026,0.05078124999999978,0.09299999999999997,0
sun3d-hotel_uc-scan3,13,51,2026,-0.01953124999999989,-0.007499999999999951,0
sun3d-hotel_uc-scan3,14,22,2026,0.00390625,0.07949999999999996,0
sun3d-hotel_uc-scan3,14,27,2026,-0.015624999999999778,0.08899999999999997,0
sun3d-hotel_uc-scan3,14,28,2026,0.007812499999999889,0.10750000000000004,0
sun3d-hotel_uc-scan3,14,48,2026,-0.04687499999999978,0.09299999999999997,0
sun3d-hotel_uc-scan3,14,50,2026,0.2851562499999989,0.22050000000000003,0
sun3d-hotel_uc-scan3,14,52,2026,-0.00390625,0.08000000000000007,0
sun3d-hotel_uc-scan3,15,17,2026,0.00390625,-0.0050000000000000044,0
sun3d-hotel_uc-scan3,15,26,2026,-0.07031249999999978,0.04300000000000004,0
sun3d-hotel_uc-scan3,15,48,2026,0.03906249999999978,0.15449999999999997,0
sun3d-hotel_uc-scan3,15,50,2026,0.07421874999999978,0.03850000000000009,0
sun3d-hotel_uc-scan3,15,52,2026,-0.05468749999999978,0.0605,0
sun3d-hotel_uc-scan3,16,21,2026,-0.007812499999999889,0.020499999999999963,0
sun3d-hotel_uc-scan3,16,25,2026,0.015625,0.07999999999999996,0
sun3d-hotel_uc-scan3,16,47,2026,0.035156249999999806,0.09999999999999998,0
sun3d-hotel_uc-scan3,16,50,2026,0.12499999999999956,0.067,0
sun3d-hotel_uc-scan3,16,52,2026,0.00390625,0.09900000000000009,0
sun3d-hotel_uc-scan3,17,18,2026,-0.01953124999999989,0.03250000000000003,0
sun3d-hotel_uc-scan3,17,23,2026,0.04687499999999989,-0.058499999999999996,0
sun3d-hotel_uc-scan3,17,34,2026,0.06249999999999972,0.055999999999999994,0
sun3d-hotel_uc-scan3,17,47,2026,0.39453124999999845,0.363,1
sun3d-hotel_uc-scan3,17,53,2026,0.22265624999999908,0.14400000000000002,0
sun3d-hotel_uc-scan3,18,21,2026,-0.11328124999999956,-0.08950000000000002,0
sun3d-hotel_uc-scan3,18,34,2026,-0.04687499999999978,0.03499999999999992,0
sun3d-hotel_uc-scan3,18,35,2026,0.01953124999999989,0.121,0
sun3d-hotel_uc-scan3,18,43,2026,0.05468749999999983,0.03699999999999998,0
sun3d-hotel_uc-scan3,18,44,2026,0.015624999999999889,0.10599999999999998,0
sun3d-hotel_uc-scan3,18,46,2026,0.08984374999999967,0.22050000000000003,0
sun3d-hotel_uc-scan3,18,53,2026,-0.03124999999999989,0.045999999999999985,0
sun3d-hotel_uc-scan3,18,54,2026,-0.1523437499999994,-0.059,0
sun3d-hotel_uc-scan3,19,35,2026,0.07421874999999967,0.11650000000000005,0
sun3d-hotel_uc-scan3,19,44,2026,0.2812499999999989,0.32249999999999995,0
sun3d-hotel_uc-scan3,19,45,2026,0.10156249999999956,0.18149999999999994,0
sun3d-hotel_uc-scan3,19,54,2026,0.01171875,0.09450000000000003,0
sun3d-hotel_uc-scan3,20,21,2026,-0.05078124999999978,0.01899999999999996,0
sun3d-hotel_uc-scan3,20,34,2026,0.05859374999999978,0.12850000000000006,0
sun3d-hotel_uc-scan3,20,35,2026,0.06249999999999978,0.15449999999999997,1
sun3d-hotel_uc-scan3,20,37,2026,0.12499999999999951,0.10400000000000001,1
sun3d-hotel_uc-scan3,20,43,2026,0.10937499999999961,0.1805,0
sun3d-hotel_uc-scan3,20,44,2026,0.13281249999999956,0.179,0
sun3d-hotel_uc-scan3,20,45,2026,0.12109374999999956,0.16649999999999998,0
sun3d-hotel_uc-scan3,20,46,2026,-0.03124999999999989,0.11599999999999999,0
sun3d-hotel_uc-scan3,20,53,2026,0.0039062499999999167,0.046499999999999986,-1
sun3d-hotel_uc-scan3,20,54,2026,-0.015624999999999889,0.05750000000000002,0
sun3d-hotel_uc-scan3,21,34,2026,0.10156249999999967,0.2005,0
sun3d-hotel_uc-scan3,21,35,2026,0.05078124999999972,0.024999999999999994,0
sun3d-hotel_uc-scan3,21,36,2026,0.07812499999999967,0.10750000000000001,0
sun3d-hotel_uc-scan3,21,43,2026,0.2226562499999991,0.189,0
sun3d-hotel_uc-scan3,21,45,2026,0.2421874999999991,0.1925,0
sun3d-hotel_uc-scan3,21,46,2026,0.1640624999999994,0.1725,0
sun3d-hotel_uc-scan3,21,47,2026,0.21093749999999917,0.3025,0
sun3d-hotel_uc-scan3,21,53,2026,0.05859374999999978,0.05350000000000005,0
sun3d-hotel_uc-scan3,21,54,2026,0.2304687499999991,0.11049999999999999,0
sun3d-hotel_uc-scan3,22,24,2026,-0.03515624999999978,0.08950000000000002,0
sun3d-hotel_uc-scan3,22,33,2026,-0.019531249999999993,-0.028500000000000004,0
sun3d-hotel_uc-scan3,22,47,2026,0.07031249999999978,0.20550000000000002,0
sun3d-hotel_uc-scan3,22,48,2026,0.20312499999999928,0.16699999999999998,0
sun3d-hotel_uc-scan3,22,49,2026,0.08203124999999967,0.04349999999999998,0
sun3d-hotel_uc-scan3,22,51,2026,-0.0234375,-0.01200000000000001,0
sun3d-hotel_uc-scan3,22,52,2026,0.0078125,0.07650000000000001,0
sun3d-hotel_uc-scan3,23,25,2026,0.02734374999999989,0.09299999999999997,0
sun3d-hotel_uc-scan3,23,48,2026,0.05468749999999978,0.06300000000000006,0
sun3d-hotel_uc-scan3,23,50,2026,-0.0078125,0.05399999999999994,0
sun3d-hotel_uc-scan3,24,26,2026,-0.027343749999999778,0.08400000000000007,0
sun3d-hotel_uc-scan3,24,48,2026,-0.07031249999999967,0.03849999999999998,0
sun3d-hotel_uc-scan3,24,50,2026,0.29296874999999883,0.1365,0
sun3d-hotel_uc-scan3,24,52,2026,-0.00390625,0.05599999999999994,0
sun3d-hotel_uc-scan3,25,27,2026,0.011718749999999889,0.09150000000000003,0
sun3d-hotel_uc-scan3,25,28,2026,0.03515624999999989,0.019500000000000017,0
sun3d-hotel_uc-scan3,25,31,2026,0.06249999999999972,0.03699999999999998,1
sun3d-hotel_uc-scan3,25,32,2026,-0.015624999999999889,0.025999999999999912,0
sun3d-hotel_uc-scan3,25,33,2026,0.08593749999999967,0.08550000000000002,0
sun3d-hotel_uc-scan3,25,47,2026,0.027343749999999917,0.024499999999999994,0
sun3d-hotel_uc-scan3,25,50,2026,-0.1523437499999995,-0.049999999999999996,0
sun3d-hotel_uc-scan3,26,29,2026,0.05859374999999978,0.17100000000000004,0
sun3d-hotel_uc-scan3,26,49,2026,-0.07812499999999972,0.02350000000000002,0
sun3d-hotel_uc-scan3,29,30,2026,-0.21874999999999917,-0.0675,0
sun3d-hotel_uc-scan3,30,31,2026,0.05468749999999978,0.17950000000000005,0
sun3d-hotel_uc-scan3,30,32,2026,0.07812499999999967,0.20550000000000002,0
sun3d-hotel_uc-scan3,30,33,2026,0.06249999999999978,0.10700000000000004,0
sun3d-hotel_uc-scan3,30,48,2026,0.1484374999999994,0.1445,0
sun3d-hotel_uc-scan3,31,34,2026,-0.06249999999999978,-0.049500000000000044,0
sun3d-hotel_uc-scan3,31,53,2026,-0.06640624999999978,0.0010000000000000009,0
sun3d-hotel_uc-scan3,32,34,2026,0.1093749999999996,0.054000000000000006,1
sun3d-hotel_uc-scan3,32,53,2026,-0.02734374999999989,0.022999999999999993,0
sun3d-hotel_uc-scan3,33,35,2026,0.00390625,0.017,0
sun3d-hotel_uc-scan3,33,46,2026,0.03906249999999989,0.12150000000000002,0
sun3d-hotel_uc-scan3,34,43,2026,-0.06249999999999978,0.02699999999999997,0
sun3d-hotel_uc-scan3,34,44,2026,-0.00390625,0.04800000000000004,0
sun3d-hotel_uc-scan3,34,45,2026,-0.03124999999999989,0.04200000000000004,0
sun3d-hotel_uc-scan3,34,52,2026,0.07812499999999967,0.08699999999999997,0
sun3d-hotel_uc-scan3,35,36,2026,0.03515624999999989,0.02949999999999997,0
sun3d-hotel_uc-scan3,35,43,2026,-0.12109374999999956,0.05850000000000005,0
sun3d-hotel_uc-scan3,35,44,2026,-0.0078125,0.10150000000000003,0
sun3d-hotel_uc-scan3,35,45,2026,0.0,0.11699999999999999,0
sun3d-hotel_uc-scan3,35,46,2026,-0.04687499999999978,0.007499999999999951,0
sun3d-hotel_uc-scan3,35,53,2026,-0.07812499999999978,0.013500000000000068,0
sun3d-hotel_uc-scan3,36,37,2026,0.03124999999999989,0.14649999999999996,0
sun3d-hotel_uc-scan3,36,43,2026,-0.01953124999999989,0.055499999999999994,0
sun3d-hotel_uc-scan3,36,44,2026,0.0078125,0.09850000000000003,0
sun3d-hotel_uc-scan3,36,45,2026,0.0078125,0.08550000000000002,0
sun3d-hotel_uc-scan3,37,42,2026,-0.06249999999999978,0.038999999999999924,0
sun3d-hotel_uc-scan3,37,43,2026,-0.04296874999999978,0.01050000000000001,0
sun3d-hotel_uc-scan3,37,44,2026,-0.09374999999999961,-0.06849999999999995,0
sun3d-hotel_uc-scan3,38,42,2026,-0.0078125,0.07400000000000007,0
sun3d-hotel_uc-scan3,39,44,2026,0.01171875,0.031000000000000028,0
sun3d-hotel_uc-scan3,40,43,2026,-0.03124999999999989,-0.0044999999999999485,0
sun3d-hotel_uc-scan3,40,44,2026,-0.03906249999999989,0.02949999999999997,0
sun3d-hotel_uc-scan3,41,44,2026,-0.00390625,-0.006500000000000061,0
sun3d-hotel_uc-scan3,42,45,2026,-0.05078124999999989,0.033999999999999975,0
sun3d-hotel_uc-scan3,42,54,2026,-0.054687499999999806,0.022999999999999993,1
sun3d-hotel_uc-scan3,43,46,2026,-0.4179687499999984,-0.1725,0
sun3d-hotel_uc-scan3,43,53,2026,-0.16406249999999933,-0.058499999999999996,0
sun3d-hotel_uc-scan3,44,46,2026,-0.015624999999999889,0.07550000000000001,0
sun3d-hotel_uc-scan3,44,53,2026,-0.10937499999999956,-0.02749999999999997,0
sun3d-hotel_uc-scan3,45,53,2026,-0.06249999999999989,0.020999999999999908,0
sun3d-hotel_uc-scan3,46,48,2026,0.1015624999999996,0.0215,0
sun3d-hotel_uc-scan3,47,54,2026,-0.015625,0.009500000000000008,0
sun3d-hotel_uc-scan3,48,53,2026,-0.07031249999999967,-0.033999999999999975,0
sun3d-hotel_uc-scan3,49,52,2026,-0.01953124999999989,0.021499999999999964,0
sun3d-hotel_uc-scan3,51,52,2026,-0.00390625,0.05399999999999994,0
sun3d-hotel_umd-maryland_hotel1,0,8,2026,0.02734374999999989,0.139,0
sun3d-hotel_umd-maryland_hotel1,0,9,2026,-0.0234375,0.09149999999999991,0
sun3d-hotel_umd-maryland_hotel1,0,10,2026,0.03515624999999989,0.10250000000000004,0
sun3d-hotel_umd-maryland_hotel1,0,15,2026,-0.05078124999999978,0.0665,0
sun3d-hotel_umd-maryland_hotel1,0,23,2026,0.0078125,0.0605,0
sun3d-hotel_umd-maryland_hotel1,0,29,2026,0.03906249999999989,0.09350000000000003,0
sun3d-hotel_umd-maryland_hotel1,1,26,2026,0.00390625,0.09050000000000002,0
sun3d-hotel_umd-maryland_hotel1,2,3,2026,0.01953125,0.09050000000000002,0
sun3d-hotel_umd-maryland_hotel1,2,12,2026,0.14062499999999944,0.20949999999999996,0
sun3d-hotel_umd-maryland_hotel1,2,23,2026,-0.05078124999999978,-0.010500000000000065,0
sun3d-hotel_umd-maryland_hotel1,2,24,2026,-0.01953124999999989,0.07550000000000001,1
sun3d-hotel_umd-maryland_hotel1,2,25,2026,0.0,0.09649999999999992,0
sun3d-hotel_umd-maryland_hotel1,3,11,2026,-0.14453124999999944,-0.051000000000000045,0
sun3d-hotel_umd-maryland_hotel1,3,15,2026,0.01953124999999989,-0.014500000000000013,0
sun3d-hotel_umd-maryland_hotel1,3,23,2026,0.1093749999999996,0.036500000000000005,0
sun3d-hotel_umd-maryland_hotel1,3,27,2026,-0.01953124999999989,0.05500000000000005,0
sun3d-hotel_umd-maryland_hotel1,3,28,2026,-0.03906249999999989,0.04049999999999998,0
sun3d-hotel_umd-maryland_hotel1,4,11,2026,-0.12499999999999944,-0.02300000000000002,0
sun3d-hotel_umd-maryland_hotel1,4,12,2026,0.15624999999999944,0.194,0
sun3d-hotel_umd-maryland_hotel1,4,16,2026,0.0,0.07450000000000001,0
sun3d-hotel_umd-maryland_hotel1,4,28,2026,0.06249999999999978,0.10500000000000004,0
sun3d-hotel_umd-maryland_hotel1,5,7,2026,0.0,0.0,0
sun3d-hotel_umd-maryland_hotel1,5,27,2026,-0.03906249999999989,0.10499999999999998,0
sun3d-hotel_umd-maryland_hotel1,5,33,2026,0.11718749999999956,0.16500000000000004,0
sun3d-hotel_umd-maryland_hotel1,5,34,2026,0.0,-0.045,0
sun3d-hotel_umd-maryland_hotel1,5,35,2026,0.011718749999999889,0.08600000000000008,0
sun3d-hotel_umd-maryland_hotel1,6,7,2026,-0.10546874999999956,-0.03249999999999997,0
sun3d-hotel_umd-maryland_hotel1,6,19,2026,-0.19531249999999922,0.01050000000000001,0
sun3d-hotel_umd-maryland_hotel1,6,22,2026,-0.01953124999999989,0.007000000000000006,0
sun3d-hotel_umd-maryland_hotel1,6,33,2026,-0.01171875,0.10299999999999998,0
sun3d-hotel_umd-maryland_hotel1,6,34,2026,0.0,0.1255,0
sun3d-hotel_umd-maryland_hotel1,6,35,2026,-0.03125,0.10550000000000004,0
sun3d-hotel_umd-maryland_hotel1,6,36,2026,0.14062499999999942,0.068,0
sun3d-hotel_umd-maryland_hotel1,6,37,2026,0.4531249999999981,0.158,1
sun3d-hotel_umd-maryland_hotel1,7,8,2026,-0.04687499999999989,0.025999999999999968,0
sun3d-hotel_umd-maryland_hotel1,7,9,2026,0.3164062499999988,0.24300000000000002,0
sun3d-hotel_umd-maryland_hotel1,7,10,2026,-0.12109374999999956,-0.046499999999999986,0
sun3d-hotel_umd-maryland_hotel1,7,11,2026,0.0,0.025000000000000022,-1
sun3d-hotel_umd-maryland_hotel1,7,13,2026,-0.08593749999999967,0.0625,0
sun3d-hotel_umd-maryland_hotel1,7,18,2026,0.03515624999999978,0.08950000000000002,0
sun3d-hotel_umd-maryland_hotel1,7,20,2026,-0.03515624999999989,0.08499999999999996,0
sun3d-hotel_umd-maryland_hotel1,7,21,2026,-0.03124999999999989,0.1110000000000001,0
sun3d-hotel_umd-maryland_hotel1,7,22,2026,0.02734374999999989,0.02799999999999997,0
sun3d-hotel_umd-maryland_hotel1,7,29,2026,-0.04687499999999979,-0.012999999999999998,0
sun3d-hotel_umd-maryland_hotel1,7,30,2026,-0.015624999999999889,0.10950000000000004,0
sun3d-hotel_umd-maryland_hotel1,7,31,2026,-0.03906249999999989,0.09950000000000003,0
sun3d-hotel_umd-maryland_hotel1,7,32,2026,-0.08984374999999967,-0.022499999999999964,-1
sun3d-hotel_umd-maryland_hotel1,7,36,2026,-0.10156249999999961,-0.046999999999999986,-1
sun3d-hotel_umd-maryland_hotel1,7,37,2026,-0.10156249999999961,-0.08299999999999999,-1
sun3d-hotel_umd-maryland_hotel1,8,10,2026,0.01953125,0.09450000000000003,0
sun3d-hotel_umd-maryland_hotel1,8,19,2026,0.03515624999999989,0.02849999999999997,0
sun3d-hotel_umd-maryland_hotel1,8,20,2026,0.01953124999999989,0.07700000000000007,0
sun3d-hotel_umd-maryland_hotel1,8,21,2026,0.05078124999999978,0.05800000000000005,0
sun3d-hotel_umd-maryland_hotel1,8,26,2026,-0.01953124999999989,0.0794999999999999,0
sun3d-hotel_umd-maryland_hotel1,8,31,2026,-0.09374999999999967,-0.067,0
sun3d-hotel_umd-maryland_hotel1,9,14,2026,0.0078125,0.06400000000000006,0
sun3d-hotel_umd-maryland_hotel1,9,19,2026,-0.0859374999999997,-0.015999999999999986,1
sun3d-hotel_umd-maryland_hotel1,9,20,2026,0.09374999999999956,0.07950000000000002,0
sun3d-hotel_umd-maryland_hotel1,9,21,2026,-0.1249999999999995,-0.10750000000000001,0
sun3d-hotel_umd-maryland_hotel1,9,24,2026,-0.0234375,0.07899999999999996,0
sun3d-hotel_umd-maryland_hotel1,9,25,2026,0.019531249999999778,0.08399999999999996,0
sun3d-hotel_umd-maryland_hotel1,9,29,2026,-0.08203124999999978,-0.008500000000000008,0
sun3d-hotel_umd-maryland_hotel1,9,31,2026,-0.10546874999999956,-0.05200000000000002,0
sun3d-hotel_umd-maryland_hotel1,10,13,2026,-0.2226562499999991,-0.030000000000000027,0
sun3d-hotel_umd-maryland_hotel1,10,14,2026,0.00390625,0.09850000000000003,0
sun3d-hotel_umd-maryland_hotel1,10,19,2026,-0.0312499999999998,-0.002,0
sun3d-hotel_umd-maryland_hotel1,10,20,2026,0.21093749999999922,0.285,1
sun3d-hotel_umd-maryland_hotel1,10,21,2026,-0.0742187499999997,-0.019999999999999997,0
sun3d-hotel_umd-maryland_hotel1,10,23,2026,0.05468749999999978,0.04749999999999999,0
sun3d-hotel_umd-maryland_hotel1,10,24,2026,0.0078125,0.04500000000000004,0
sun3d-hotel_umd-maryland_hotel1,10,25,2026,-0.03515624999999989,0.11950000000000005,0
sun3d-hotel_umd-maryland_hotel1,10,29,2026,-0.12499999999999953,-0.0925,0
sun3d-hotel_umd-maryland_hotel1,11,17,2026,-0.02734375,0.05600000000000005,0
sun3d-hotel_umd-maryland_hotel1,11,18,2026,-0.0078125,0.028000000000000025,0
sun3d-hotel_umd-maryland_hotel1,11,27,2026,-0.05078124999999972,0.10749999999999998,0
sun3d-hotel_umd-maryland_hotel1,11,28,2026,-0.07031249999999972,0.061,0
sun3d-hotel_umd-maryland_hotel1,11,32,2026,0.05468749999999978,0.13949999999999996,0
sun3d-hotel_umd-maryland_hotel1,12,15,2026,0.11328124999999967,0.16850000000000004,0
sun3d-hotel_umd-maryland_hotel1,12,23,2026,0.05078124999999978,-0.014000000000000012,0
sun3d-hotel_umd-maryland_hotel1,12,27,2026,-0.011718749999999889,0.10200000000000004,0
sun3d-hotel_umd-maryland_hotel1,12,28,2026,0.01953124999999989,0.07550000000000001,0
sun3d-hotel_umd-maryland_hotel1,12,29,2026,-0.08984374999999958,-0.05499999999999999,0
sun3d-hotel_umd-maryland_hotel1,13,25,2026,-0.0781249999999996,-0.005999999999999998,0
sun3d-hotel_umd-maryland_hotel1,13,26,2026,0.11328124999999958,0.0635,0
sun3d-hotel_umd-maryland_hotel1,14,15,2026,0.015624999999999778,0.07850000000000001,0
sun3d-hotel_umd-maryland_hotel1,14,29,2026,0.12109374999999961,0.08499999999999999,0
sun3d-hotel_umd-maryland_hotel1,15,24,2026,-0.01953124999999989,0.0605,0
sun3d-hotel_umd-maryland_hotel1,15,25,2026,-0.02343749999999989,0.09599999999999997,0
sun3d-hotel_umd-maryland_hotel1,17,18,2026,-0.03124999999999989,0.051000000000000045,0
sun3d-hotel_umd-maryland_hotel1,17,22,2026,-0.027343749999999778,0.061000000000000054,0
sun3d-hotel_umd-maryland_hotel1,17,27,2026,-0.04296874999999978,0.06099999999999994,0
sun3d-hotel_umd-maryland_hotel1,17,29,2026,-0.011718749999999889,-0.019000000000000017,-1
sun3d-hotel_umd-maryland_hotel1,17,32,2026,-0.10546874999999956,0.01649999999999996,0
sun3d-hotel_umd-maryland_hotel1,18,19,2026,-0.04296874999999989,0.08699999999999997,0
sun3d-hotel_umd-maryland_hotel1,18,27,2026,-0.04296874999999978,0.04999999999999999,0
sun3d-hotel_umd-maryland_hotel1,18,28,2026,-0.08593749999999956,0.009000000000000008,0
sun3d-hotel_umd-maryland_hotel1,18,32,2026,-0.05078124999999978,0.0625,0
sun3d-hotel_umd-maryland_hotel1,18,33,2026,0.01171875,0.09150000000000003,0
sun3d-hotel_umd-maryland_hotel1,18,35,2026,-0.00390625,0.09850000000000003,0
sun3d-hotel_umd-maryland_hotel1,18,36,2026,0.03515624999999992,0.066,0
sun3d-hotel_umd-maryland_hotel1,19,20,2026,0.0,0.10399999999999998,0
sun3d-hotel_umd-maryland_hotel1,19,30,2026,-0.01171875,0.09599999999999997,0
sun3d-hotel_umd-maryland_hotel1,19,35,2026,-0.07031249999999972,0.005500000000000005,0
sun3d-hotel_umd-maryland_hotel1,19,36,2026,-0.1210937499999995,-0.03299999999999999,-1
sun3d-hotel_umd-maryland_hotel1,19,37,2026,0.0585937499999998,0.013999999999999999,0
sun3d-hotel_umd-maryland_hotel1,22,27,2026,-0.13671874999999944,0.020000000000000018,0
sun3d-hotel_umd-maryland_hotel1,22,33,2026,0.07812499999999967,0.14449999999999996,0
sun3d-hotel_umd-maryland_hotel1,22,35,2026,0.05078124999999989,0.11399999999999999,0
sun3d-hotel_umd-maryland_hotel1,23,24,2026,0.01171875,0.02849999999999997,0
sun3d-hotel_umd-maryland_hotel1,23,25,2026,-0.04687499999999989,0.011499999999999955,0
sun3d-hotel_umd-maryland_hotel1,23,26,2026,-0.04296874999999978,0.027000000000000024,0
sun3d-hotel_umd-maryland_hotel1,23,29,2026,0.1289062499999995,0.0010000000000000009,0
sun3d-hotel_umd-maryland_hotel1,25,27,2026,0.1640624999999994,0.12,0
sun3d-hotel_umd-maryland_hotel1,25,29,2026,0.01953125,0.128,0
sun3d-hotel_umd-maryland_hotel1,25,32,2026,0.0078125,0.04250000000000004,0
sun3d-hotel_umd-maryland_hotel1,26,27,2026,-0.01171875,0.13250000000000006,0
sun3d-hotel_umd-maryland_hotel1,26,32,2026,0.05859374999999978,0.11050000000000004,0
sun3d-hotel_umd-maryland_hotel1,28,33,2026,0.00390625,0.15249999999999997,0
sun3d-hotel_umd-maryland_hotel1,32,33,2026,0.01171875,0.119,0
sun3d-hotel_umd-maryland_hotel1,35,36,2026,-0.07031249999999978,0.019500000000000017,0
sun3d-hotel_umd-maryland_hotel1,35,37,2026,0.08984374999999972,0.1095,0
sun3d-hotel_umd-maryland_hotel1,36,38,2026,-0.03906249999999989,0.09450000000000003,0
sun3d-hotel_umd-maryland_hotel1,36,39,2026,0.0078125,0.14049999999999996,0
sun3d-hotel_umd-maryland_hotel1,36,42,2026,0.015625,0.016500000000000015,0
sun3d-hotel_umd-maryland_hotel1,36,53,2026,-0.0156249999999999,0.0005,0
sun3d-hotel_umd-maryland_hotel1,36,55,2026,0.0273437499999999,0.002,0
sun3d-hotel_umd-maryland_hotel1,36,56,2026,-0.01953125,0.11649999999999994,0
sun3d-hotel_umd-maryland_hotel1,37,38,2026,-0.02343749999999989,0.133,0
sun3d-hotel_umd-maryland_hotel1,37,39,2026,-0.0078125,0.12250000000000005,0
sun3d-hotel_umd-maryland_hotel1,37,41,2026,-0.01953124999999989,0.121,0
sun3d-hotel_umd-maryland_hotel1,37,42,2026,-0.33203124999999867,-0.31999999999999995,-1
sun3d-hotel_umd-maryland_hotel1,37,55,2026,0.007812499999999899,0.0,0
sun3d-hotel_umd-maryland_hotel1,37,56,2026,-0.05078124999999978,0.08749999999999997,0
sun3d-hotel_umd-maryland_hotel1,38,55,2026,0.0351562499999998,0.0,0
sun3d-hotel_umd-maryland_hotel1,40,41,2026,-0.011718749999999889,0.0794999999999999,0
sun3d-hotel_umd-maryland_hotel1,41,42,2026,-0.1640624999999993,-0.1975,0
sun3d-hotel_umd-maryland_hotel1,41,53,2026,0.0234374999999999,0.0015,0
sun3d-hotel_umd-maryland_hotel1,41,55,2026,0.027343749999999896,0.002,0
sun3d-hotel_umd-maryland_hotel1,42,53,2026,-0.1210937499999996,-0.076,0
sun3d-hotel_umd-maryland_hotel1,42,55,2026,-0.2226562499999991,-0.16100000000000003,-1
sun3d-hotel_umd-maryland_hotel1,43,45,2026,0.07812499999999967,0.10400000000000004,0
sun3d-hotel_umd-maryland_hotel1,43,48,2026,0.07812499999999967,0.15500000000000003,0
sun3d-hotel_umd-maryland_hotel1,43,49,2026,0.05468749999999978,0.134,0
sun3d-hotel_umd-maryland_hotel1,43,53,2026,0.0078125,0.003499999999999996,0
sun3d-hotel_umd-maryland_hotel1,43,55,2026,0.05078124999999983,0.09500000000000003,0
sun3d-hotel_umd-maryland_hotel1,44,45,2026,-0.02343749999999989,0.07250000000000001,0
sun3d-hotel_umd-maryland_hotel1,44,47,2026,-0.0078125,0.07299999999999995,0
sun3d-hotel_umd-maryland_hotel1,44,52,2026,-0.015625,-0.011,0
sun3d-hotel_umd-maryland_hotel1,45,46,2026,0.02734374999999989,0.08000000000000002,0
sun3d-hotel_umd-maryland_hotel1,47,48,2026,0.0078125,0.07200000000000001,0
sun3d-hotel_umd-maryland_hotel1,47,56,2026,-0.1523437499999995,-0.01100000000000001,0
sun3d-hotel_umd-maryland_hotel1,48,49,2026,0.00390625,0.027499999999999997,0
sun3d-hotel_umd-maryland_hotel1,49,54,2026,-0.13671874999999942,-0.137,-1
sun3d-hotel_umd-maryland_hotel1,50,55,2026,0.01953124999999989,0.07450000000000001,0
sun3d-hotel_umd-maryland_hotel1,51,55,2026,0.0,0.055999999999999994,0
sun3d-hotel_umd-maryland_hotel1,52,53,2026,0.003906249999999889,-0.008000000000000007,0
sun3d-hotel_umd-maryland_hotel1,52,54,2026,0.0937499999999996,0.0155,0
sun3d-hotel_umd-maryland_hotel1,54,55,2026,-0.05468749999999978,-0.004500000000000004,0
sun3d-hotel_umd-maryland_hotel3,0,11,2026,-0.0234375,0.09300000000000008,0
sun3d-hotel_umd-maryland_hotel3,0,27,2026,-0.0156249999999999,-0.002,0
sun3d-hotel_umd-maryland_hotel3,1,11,2026,0.21484374999999917,0.205,1
sun3d-hotel_umd-maryland_hotel3,1,12,2026,-0.04296874999999989,0.08999999999999997,0
sun3d-hotel_umd-maryland_hotel3,1,13,2026,0.17578124999999922,0.1835000000000001,0
sun3d-hotel_umd-maryland_hotel3,3,5,2026,-0.015624999999999778,0.027000000000000024,0
sun3d-hotel_umd-maryland_hotel3,5,7,2026,0.015624999999999889,0.05599999999999994,0
sun3d-hotel_umd-maryland_hotel3,8,14,2026,-0.02734374999999989,0.06700000000000006,0
sun3d-hotel_umd-maryland_hotel3,8,16,2026,0.019531249999999778,0.12850000000000006,0
sun3d-hotel_umd-maryland_hotel3,9,10,2026,0.015625,0.06999999999999995,0
sun3d-hotel_umd-maryland_hotel3,9,15,2026,0.0078125,0.028000000000000025,0
sun3d-hotel_umd-maryland_hotel3,9,16,2026,-0.00390625,0.07350000000000001,0
sun3d-hotel_umd-maryland_hotel3,10,11,2026,0.0078125,0.09250000000000003,0
sun3d-hotel_umd-maryland_hotel3,10,13,2026,-0.02343749999999989,0.08950000000000002,0
sun3d-hotel_umd-maryland_hotel3,10,17,2026,0.18359374999999922,0.2465,0
sun3d-hotel_umd-maryland_hotel3,11,14,2026,-0.019531249999999778,0.11149999999999993,0
sun3d-hotel_umd-maryland_hotel3,11,27,2026,0.0,0.007500000000000001,0
sun3d-hotel_umd-maryland_hotel3,12,27,2026,0.00390625,-0.0005000000000000004,0
sun3d-hotel_umd-maryland_hotel3,13,14,2026,0.03906249999999989,0.1645000000000001,0
sun3d-hotel_umd-maryland_hotel3,13,27,2026,0.0,0.0029999999999999996,0
sun3d-hotel_umd-maryland_hotel3,14,16,2026,-0.12109374999999944,0.007500000000000007,0
sun3d-hotel_umd-maryland_hotel3,14,17,2026,0.12499999999999961,0.09500000000000003,0
sun3d-hotel_umd-maryland_hotel3,16,18,2026,-0.03906249999999989,0.10349999999999998,0
sun3d-hotel_umd-maryland_hotel3,16,19,2026,-0.011718749999999889,0.08400000000000002,0
sun3d-hotel_umd-maryland_hotel3,18,20,2026,0.00390625,0.17099999999999999,0
sun3d-hotel_umd-maryland_hotel3,20,33,2026,0.0781249999999997,0.047,0
sun3d-hotel_umd-maryland_hotel3,20,34,2026,-0.21093749999999922,-0.185,-1
sun3d-hotel_umd-maryland_hotel3,20,36,2026,-0.01171875,-0.016,0
sun3d-hotel_umd-maryland_hotel3,21,24,2026,-0.04687499999999978,0.06699999999999995,0
sun3d-hotel_umd-maryland_hotel3,21,29,2026,-0.011718749999999889,0.07350000000000001,0
sun3d-hotel_umd-maryland_hotel3,21,30,2026,0.03515624999999989,0.11950000000000005,0
sun3d-hotel_umd-maryland_hotel3,21,31,2026,-0.04296874999999978,0.03299999999999992,0
sun3d-hotel_umd-maryland_hotel3,22,24,2026,-0.015624999999999889,0.0655,0
sun3d-hotel_umd-maryland_hotel3,22,27,2026,-0.30859374999999883,-0.18199999999999994,0
sun3d-hotel_umd-maryland_hotel3,22,30,2026,0.09374999999999978,0.09550000000000003,0
sun3d-hotel_umd-maryland_hotel3,22,31,2026,-0.01953124999999989,0.07750000000000001,0
sun3d-hotel_umd-maryland_hotel3,23,24,2026,-0.015624999999999889,0.040999999999999925,0
sun3d-hotel_umd-maryland_hotel3,23,27,2026,-0.11718749999999956,-0.07500000000000007,0
sun3d-hotel_umd-maryland_hotel3,24,25,2026,-0.02343749999999989,0.08600000000000002,0
sun3d-hotel_umd-maryland_hotel3,24,30,2026,0.04296874999999992,0.09699999999999999,0
sun3d-hotel_umd-maryland_hotel3,25,26,2026,-0.023437499999999903,-0.003500000000000003,0
sun3d-hotel_umd-maryland_hotel3,25,28,2026,0.011718749999999889,0.02200000000000002,0
sun3d-hotel_umd-maryland_hotel3,27,28,2026,-0.05859374999999978,-0.0015000000000000568,0
sun3d-hotel_umd-maryland_hotel3,28,31,2026,-0.00390625,0.07749999999999996,0
sun3d-hotel_umd-maryland_hotel3,29,31,2026,-0.3710937499999986,-0.2945,-1
sun3d-hotel_umd-maryland_hotel3,30,32,2026,-0.0078125,0.15349999999999997,0
sun3d-hotel_umd-maryland_hotel3,30,33,2026,-0.07812499999999961,0.03049999999999997,0
sun3d-hotel_umd-maryland_hotel3,31,35,2026,0.058593749999999806,0.096,0
sun3d-hotel_umd-maryland_hotel3,31,36,2026,-0.04687499999999978,0.017000000000000015,0
sun3d-mit_76_studyroom-76-1studyroom2,0,3,2026,-0.02734374999999989,0.03200000000000003,0
sun3d-mit_76_studyroom-76-1studyroom2,0,8,2026,0.04687499999999978,0.0595,0
sun3d-mit_76_studyroom-76-1studyroom2,0,18,2026,0.05078124999999979,0.030500000000000006,0
sun3d-mit_76_studyroom-76-1studyroom2,0,19,2026,-0.1484374999999994,-0.09949999999999999,-1
sun3d-mit_76_studyroom-76-1studyroom2,0,21,2026,0.07031249999999978,0.08999999999999997,0
sun3d-mit_76_studyroom-76-1studyroom2,0,22,2026,0.0,0.10499999999999998,0
sun3d-mit_76_studyroom-76-1studyroom2,0,33,2026,-0.01953125,0.021499999999999964,0
sun3d-mit_76_studyroom-76-1studyroom2,0,39,2026,0.0,0.0,0
sun3d-mit_76_studyroom-76-1studyroom2,0,44,2026,-0.0390624999999998,-0.065,0
sun3d-mit_76_studyroom-76-1studyroom2,0,45,2026,-0.04296874999999978,-0.020000000000000018,0
sun3d-mit_76_studyroom-76-1studyroom2,0,50,2026,-0.00390625,0.016999999999999904,0
sun3d-mit_76_studyroom-76-1studyroom2,0,51,2026,0.011718749999999889,0.07800000000000001,0
sun3d-mit_76_studyroom-76-1studyroom2,0,64,2026,0.0507812499999998,0.0,0
sun3d-mit_76_studyroom-76-1studyroom2,1,8,2026,0.00390625,0.05800000000000005,0
sun3d-mit_76_studyroom-76-1studyroom2,1,19,2026,0.0078125,0.008499999999999994,0
sun3d-mit_76_studyroom-76-1studyroom2,1,20,2026,-0.19921874999999917,-0.11400000000000002,0
sun3d-mit_76_studyroom-76-1studyroom2,1,21,2026,0.0078125,0.02849999999999997,0
sun3d-mit_76_studyroom-76-1studyroom2,1,22,2026,-0.015625,0.056499999999999995,0
sun3d-mit_76_studyroom-76-1studyroom2,1,33,2026,0.00390625,0.08749999999999997,0
sun3d-mit_76_studyroom-76-1studyroom2,1,39,2026,0.0,0.0,0
sun3d-mit_76_studyroom-76-1studyroom2,1,44,2026,0.0,0.0,0
sun3d-mit_76_studyroom-76-1studyroom2,1,50,2026,-0.00390625,0.07550000000000001,0
sun3d-mit_76_studyroom-76-1studyroom2,1,51,2026,0.00390625,0.03249999999999997,0
sun3d-mit_76_studyroom-76-1studyroom2,1,64,2026,0.0429687499999998,0.0,0
sun3d-mit_76_studyroom-76-1studyroom2,2,4,2026,0.06249999999999979,0.0035,0
sun3d-mit_76_studyroom-76-1studyroom2,2,21,2026,-0.015624999999999993,0.034499999999999996,0
sun3d-mit_76_studyroom-76-1studyroom2,2,34,2026,-0.015624999999999889,0.09900000000000009,0
sun3d-mit_76_studyroom-76-1studyroom2,2,43,2026,0.0039062499999999,0.0,0
sun3d-mit_76_studyroom-76-1studyroom2,2,51,2026,0.0,0.08000000000000002,0
sun3d-mit_76_studyroom-76-1studyroom2,3,8,2026,-0.02343749999999989,0.019500000000000073,0
sun3d-mit_76_studyroom-76-1studyroom2,3,35,2026,-0.05468749999999978,0.07450000000000001,0
sun3d-mit_76_studyroom-76-1studyroom2,3,36,2026,0.0078125,0.12,0
sun3d-mit_76_studyroom-76-1studyroom2,3,37,2026,0.01953124999999989,0.11499999999999999,0
sun3d-mit_76_studyroom-76-1studyroom2,3,41,2026,0.1406249999999994,0.14300000000000002,1
sun3d-mit_76_studyroom-76-1studyroom2,3,42,2026,0.06640624999999978,0.0305,1
sun3d-mit_76_studyroom-76-1studyroom2,4,6,2026,-0.031249999999999896,0.006499999999999999,0
sun3d-mit_76_studyroom-76-1studyroom2,4,7,2026,0.007812499999999903,-0.008,0
sun3d-mit_76_studyroom-76-1studyroom2,4,38,2026,-0.0039062499999999,-0.0005,0
sun3d-mit_76_studyroom-76-1studyroom2,4,45,2026,0.0,0.0,0
sun3d-mit_76_studyroom-76-1studyroom2,4,49,2026,0.0,0.0,0
sun3d-mit_76_studyroom-76-1studyroom2,5,8,2026,-0.08203124999999978,0.027000000000000024,0
sun3d-mit_76_studyroom-76-1studyroom2,5,34,2026,0.00390625,0.08500000000000002,0
sun3d-mit_76_studyroom-76-1studyroom2,5,35,2026,-0.05468749999999978,0.027999999999999914,0
sun3d-mit_76_studyroom-76-1studyroom2,5,36,2026,0.003906249999999889,0.08699999999999997,0
sun3d-mit_76_studyroom-76-1studyroom2,5,41,2026,0.24609374999999906,0.20299999999999999,0
sun3d-mit_76_studyroom-76-1studyroom2,5,42,2026,0.12890624999999944,0.13599999999999995,0
sun3d-mit_76_studyroom-76-1studyroom2,5,50,2026,0.14062499999999944,0.08700000000000002,0
sun3d-mit_76_studyroom-76-1studyroom2,6,34,2026,0.03906249999999978,0.12050000000000005,0
sun3d-mit_76_studyroom-76-1studyroom2,6,40,2026,0.0078124999999999,0.001,0
sun3d-mit_76_studyroom-76-1studyroom2,6,43,2026,0.027343749999999896,0.006,0
sun3d-mit_76_studyroom-76-1studyroom2,6,50,2026,0.031249999999999778,0.02200000000000002,0
sun3d-mit_76_studyroom-76-1studyroom2,6,51,2026,0.0078125,0.10700000000000004,0
sun3d-mit_76_studyroom-76-1studyroom2,7,34,2026,0.00390625,0.10599999999999998,0
sun3d-mit_76_studyroom-76-1studyroom2,7,40,2026,0.0703124999999997,0.0485,0
sun3d-mit_76_studyroom-76-1studyroom2,7,43,2026,0.0,-0.0005,0
sun3d-mit_76_studyroom-76-1studyroom2,8,9,2026,-0.30859374999999883,-0.14649999999999996,0
sun3d-mit_76_studyroom-76-1studyroom2,8,10,2026,-0.015624999999999917,-0.03550000000000003,0
sun3d-mit_76_studyroom-76-1studyroom2,8,34,2026,-0.0234375,0.08350000000000002,0
sun3d-mit_76_studyroom-76-1studyroom2,8,35,2026,0.02343749999999989,0.0744999999999999,0
sun3d-mit_76_studyroom-76-1studyroom2,8,36,2026,0.04687499999999978,0.08200000000000007,0
sun3d-mit_76_studyroom-76-1studyroom2,8,52,2026,-0.07421874999999972,0.010000000000000009,0
sun3d-mit_76_studyroom-76-1studyroom2,8,53,2026,-0.05859374999999978,-0.02699999999999997,0
sun3d-mit_76_studyroom-76-1studyroom2,8,55,2026,-0.05468749999999978,0.013500000000000012,0
sun3d-mit_76_studyroom-76-1studyroom2,9,12,2026,-0.02343749999999989,0.0665,0
sun3d-mit_76_studyroom-76-1studyroom2,9,36,2026,-0.03124999999999989,-0.0645,0
sun3d-mit_76_studyroom-76-1studyroom2,9,37,2026,-0.02343749999999989,-0.05949999999999997,0
sun3d-mit_76_studyroom-76-1studyroom2,9,38,2026,-0.05859374999999978,0.127,0
sun3d-mit_76_studyroom-76-1studyroom2,9,39,2026,-0.03906249999999989,0.027000000000000024,0
sun3d-mit_76_studyroom-76-1studyroom2,9,50,2026,-0.05468749999999978,0.0044999999999999485,0
sun3d-mit_76_studyroom-76-1studyroom2,9,54,2026,-0.2695312499999989,-0.13,0
sun3d-mit_76_studyroom-76-1studyroom2,9,56,2026,0.49218749999999806,0.376,1
sun3d-mit_76_studyroom-76-1studyroom2,10,13,2026,0.1718749999999993,0.178,1
sun3d-mit_76_studyroom-76-1studyroom2,10,37,2026,-0.10546874999999961,-0.036500000000000005,0
sun3d-mit_76_studyroom-76-1studyroom2,10,39,2026,-0.03124999999999989,0.031000000000000028,0
sun3d-mit_76_studyroom-76-1studyroom2,10,56,2026,0.37499999999999856,0.3635,0
sun3d-mit_76_studyroom-76-1studyroom2,11,13,2026,0.03124999999999989,0.04550000000000001,1
sun3d-mit_76_studyroom-76-1studyroom2,11,51,2026,-0.05468749999999978,0.009000000000000008,0
sun3d-mit_76_studyroom-76-1studyroom2,11,56,2026,0.1718749999999993,0.2335,0
sun3d-mit_76_studyroom-76-1studyroom2,12,14,2026,-0.07031249999999967,0.026000000000000023,0
sun3d-mit_76_studyroom-76-1studyroom2,12,15,2026,-0.16015624999999944,-0.02849999999999997,0
sun3d-mit_76_studyroom-76-1studyroom2,12,51,2026,-0.01171875,0.057499999999999996,0
sun3d-mit_76_studyroom-76-1studyroom2,12,52,2026,0.05468749999999978,0.07299999999999995,0
sun3d-mit_76_studyroom-76-1studyroom2,12,57,2026,-0.02734374999999989,-0.009499999999999953,0
sun3d-mit_76_studyroom-76-1studyroom2,13,53,2026,0.08203124999999972,0.106,0
sun3d-mit_76_studyroom-76-1studyroom2,13,58,2026,-0.0078124999999999,0.0,0
sun3d-mit_76_studyroom-76-1studyroom2,14,18,2026,-0.03124999999999989,0.0625,0
sun3d-mit_76_studyroom-76-1studyroom2,14,55,2026,-0.19140624999999922,-0.0804999999999999,0
sun3d-mit_76_studyroom-76-1studyroom2,14,61,2026,0.0,0.0025,0
sun3d-mit_76_studyroom-76-1studyroom2,14,62,2026,-0.1562499999999994,-0.1335,-1
sun3d-mit_76_studyroom-76-1studyroom2,14,63,2026,-0.0781249999999997,-0.1345,0
sun3d-mit_76_studyroom-76-1studyroom2,15,16,2026,-0.04687499999999989,0.09099999999999997,0
sun3d-mit_76_studyroom-76-1studyroom2,15,17,2026,0.11718749999999956,0.15499999999999992,0
sun3d-mit_76_studyroom-76-1studyroom2,15,19,2026,0.0,0.08200000000000007,0
sun3d-mit_76_studyroom-76-1studyroom2,15,55,2026,-0.07031249999999967,0.024499999999999966,0
sun3d-mit_76_studyroom-76-1studyroom2,15,60,2026,0.02343749999999989,0.0165,0
sun3d-mit_76_studyroom-76-1studyroom2,15,61,2026,-0.02343749999999989,0.02650000000000008,0
sun3d-mit_76_studyroom-76-1studyroom2,15,63,2026,-0.011718749999999889,-0.01699999999999996,0
sun3d-mit_76_studyroom-76-1studyroom2,15,64,2026,0.1445312499999994,0.12849999999999995,0
sun3d-mit_76_studyroom-76-1studyroom2,16,18,2026,-0.007812499999999889,0.119,0
sun3d-mit_76_studyroom-76-1studyroom2,16,19,2026,-0.011718749999999944,0.05449999999999999,0
sun3d-mit_76_studyroom-76-1studyroom2,16,57,2026,0.03515624999999978,0.08300000000000002,0
sun3d-mit_76_studyroom-76-1studyroom2,16,58,2026,-0.3124999999999988,-0.1365,-1
sun3d-mit_76_studyroom-76-1studyroom2,16,61,2026,-0.09765624999999967,-0.027000000000000003,-1
sun3d-mit_76_studyroom-76-1studyroom2,16,62,2026,0.1054687499999996,0.017499999999999998,0
sun3d-mit_76_studyroom-76-1studyroom2,16,63,2026,-0.01171875,-0.0505,0
sun3d-mit_76_studyroom-76-1studyroom2,16,64,2026,0.050781249999999806,0.02099999999999999,0
sun3d-mit_76_studyroom-76-1studyroom2,17,20,2026,-0.05468749999999978,0.0025000000000000022,0
sun3d-mit_76_studyroom-76-1studyroom2,17,57,2026,0.1562499999999994,0.1465,0
sun3d-mit_76_studyroom-76-1studyroom2,17,58,2026,-0.0039062499999999,-0.0045,0
sun3d-mit_76_studyroom-76-1studyroom2,17,61,2026,0.0078124999999999,0.015,0
sun3d-mit_76_studyroom-76-1studyroom2,17,62,2026,0.0,0.044,0
sun3d-mit_76_studyroom-76-1studyroom2,17,63,2026,-0.01953124999999989,-0.0295,0
sun3d-mit_76_studyroom-76-1studyroom2,17,65,2026,0.1054687499999996,0.129,0
sun3d-mit_76_studyroom-76-1studyroom2,18,21,2026,0.09765624999999967,0.21900000000000003,0
sun3d-mit_76_studyroom-76-1studyroom2,18,34,2026,0.1523437499999994,0.057499999999999996,0
sun3d-mit_76_studyroom-76-1studyroom2,18,56,2026,0.015625,0.020499999999999997,0
sun3d-mit_76_studyroom-76-1studyroom2,18,57,2026,-0.04296874999999989,-0.018000000000000016,0
sun3d-mit_76_studyroom-76-1studyroom2,18,58,2026,-0.19921874999999922,-0.020000000000000018,0
sun3d-mit_76_studyroom-76-1studyroom2,18,61,2026,0.00390625,0.10450000000000001,-1
sun3d-mit_76_studyroom-76-1studyroom2,18,65,2026,0.6640624999999973,0.5605,1
sun3d-mit_76_studyroom-76-1studyroom2,19,22,2026,0.10937499999999958,0.11149999999999999,0
sun3d-mit_76_studyroom-76-1studyroom2,19,23,2026,0.10546874999999956,0.22550000000000003,0
sun3d-mit_76_studyroom-76-1studyroom2,19,24,2026,0.0078125,0.013000000000000001,0
sun3d-mit_76_studyroom-76-1studyroom2,19,33,2026,-0.0429687499999998,-0.0685,0
sun3d-mit_76_studyroom-76-1studyroom2,19,34,2026,0.6992187499999972,0.4775,1
sun3d-mit_76_studyroom-76-1studyroom2,19,62,2026,-0.3242187499999987,-0.1805,-1
sun3d-mit_76_studyroom-76-1studyroom2,20,24,2026,0.0507812499999998,0.014,0
sun3d-mit_76_studyroom-76-1studyroom2,20,25,2026,0.0,0.0,0
sun3d-mit_76_studyroom-76-1studyroom2,20,32,2026,0.0820312499999996,0.043,0
sun3d-mit_76_studyroom-76-1studyroom2,20,33,2026,0.09765624999999958,0.10850000000000001,0
sun3d-mit_76_studyroom-76-1studyroom2,20,35,2026,-0.0078125,0.01750000000000007,0
sun3d-mit_76_studyroom-76-1studyroom2,20,63,2026,-0.019531249999999917,-0.01200000000000001,0
sun3d-mit_76_studyroom-76-1studyroom2,21,25,2026,0.0,0.0,0
sun3d-mit_76_studyroom-76-1studyroom2,21,32,2026,0.0078124999999999,0.0195,0
sun3d-mit_76_studyroom-76-1studyroom2,21,35,2026,0.0234375,0.07250000000000001,0
sun3d-mit_76_studyroom-76-1studyroom2,21,47,2026,-0.023437499999999896,-0.02750000000000001,0
sun3d-mit_76_studyroom-76-1studyroom2,21,48,2026,0.015625,0.020999999999999998,0
sun3d-mit_76_studyroom-76-1studyroom2,21,63,2026,0.05468749999999978,0.022000000000000006,0
sun3d-mit_76_studyroom-76-1studyroom2,21,64,2026,0.06249999999999978,0.09299999999999997,0
sun3d-mit_76_studyroom-76-1studyroom2,21,65,2026,0.0,0.08600000000000002,0
sun3d-mit_76_studyroom-76-1studyroom2,22,25,2026,-0.0937499999999997,-0.054000000000000006,0
sun3d-mit_76_studyroom-76-1studyroom2,22,26,2026,0.0,-0.0010000000000000009,0
sun3d-mit_76_studyroom-76-1studyroom2,22,27,2026,0.039062499999999896,0.0215,0
sun3d-mit_76_studyroom-76-1studyroom2,22,32,2026,-0.019531249999999993,-0.035500000000000004,0
sun3d-mit_76_studyroom-76-1studyroom2,22,35,2026,-0.003906249999999889,0.09850000000000003,0
sun3d-mit_76_studyroom-76-1studyroom2,22,48,2026,0.02734374999999989,0.028499999999999998,0
sun3d-mit_76_studyroom-76-1studyroom2,22,64,2026,0.0195312499999999,0.0,0
sun3d-mit_76_studyroom-76-1studyroom2,23,26,2026,0.1132812499999996,0.0925,1
sun3d-mit_76_studyroom-76-1studyroom2,23,28,2026,0.0195312499999999,0.007,0
sun3d-mit_76_studyroom-76-1studyroom2,23,31,2026,-0.00390625,0.0,0
sun3d-mit_76_studyroom-76-1studyroom2,23,34,2026,0.2968749999999988,0.20550000000000002,0
sun3d-mit_76_studyroom-76-1studyroom2,23,64,2026,-0.0351562499999998,-0.0285,0
sun3d-mit_76_studyroom-76-1studyroom2,24,28,2026,0.03124999999999989,0.11099999999999999,0
sun3d-mit_76_studyroom-76-1studyroom2,24,29,2026,0.02343749999999989,0.08750000000000002,0
sun3d-mit_76_studyroom-76-1studyroom2,24,31,2026,0.02734374999999989,0.08899999999999997,0
sun3d-mit_76_studyroom-76-1studyroom2,24,34,2026,-0.10156249999999961,0.07300000000000001,0
sun3d-mit_76_studyroom-76-1studyroom2,24,65,2026,-0.1874999999999993,-0.089,0
sun3d-mit_76_studyroom-76-1studyroom2,25,29,2026,0.0078125,0.0605,0
sun3d-mit_76_studyroom-76-1studyroom2,25,31,2026,0.0078125,0.08099999999999996,0
sun3d-mit_76_studyroom-76-1studyroom2,26,28,2026,0.00390625,0.02100000000000002,0
sun3d-mit_76_studyroom-76-1studyroom2,26,33,2026,0.00390625,0.11499999999999999,0
sun3d-mit_76_studyroom-76-1studyroom2,27,29,2026,0.042968749999999556,0.061000000000000054,0
sun3d-mit_76_studyroom-76-1studyroom2,27,30,2026,0.06249999999999989,0.13549999999999995,0
sun3d-mit_76_studyroom-76-1studyroom2,27,31,2026,0.00390625,0.04899999999999993,0
sun3d-mit_76_studyroom-76-1studyroom2,28,33,2026,-0.02734374999999989,0.022499999999999964,0
sun3d-mit_76_studyroom-76-1studyroom2,30,32,2026,-0.07031249999999978,0.027000000000000024,0
sun3d-mit_76_studyroom-76-1studyroom2,33,34,2026,-0.16406249999999933,-0.08999999999999997,0
sun3d-mit_76_studyroom-76-1studyroom2,33,65,2026,-0.0937499999999997,-0.026500000000000003,0
sun3d-mit_76_studyroom-76-1studyroom2,34,36,2026,-0.019531249999999778,0.06500000000000006,0
sun3d-mit_76_studyroom-76-1studyroom2,34,37,2026,0.015625,0.07099999999999995,0
sun3d-mit_76_studyroom-76-1studyroom2,34,38,2026,0.01171875,0.14049999999999996,0
sun3d-mit_76_studyroom-76-1studyroom2,34,46,2026,-0.05859374999999967,-0.0020000000000000018,0
sun3d-mit_76_studyroom-76-1studyroom2,34,47,2026,0.03515624999999989,0.058499999999999996,0
sun3d-mit_76_studyroom-76-1studyroom2,34,48,2026,-0.058593749999999556,0.050000000000000044,0
sun3d-mit_76_studyroom-76-1studyroom2,34,49,2026,-0.02343749999999989,0.09150000000000003,0
sun3d-mit_76_studyroom-76-1studyroom2,34,63,2026,0.0351562499999999,0.021500000000000002,0
sun3d-mit_76_studyroom-76-1studyroom2,34,64,2026,-0.046874999999999806,-0.023500000000000004,0
sun3d-mit_76_studyroom-76-1studyroom2,35,39,2026,0.0156249999999999,0.015000000000000003,0
sun3d-mit_76_studyroom-76-1studyroom2,35,44,2026,-0.16406249999999942,-0.16399999999999998,0
sun3d-mit_76_studyroom-76-1studyroom2,35,50,2026,-0.031249999999999778,0.03049999999999997,0
sun3d-mit_76_studyroom-76-1studyroom2,35,51,2026,0.06640624999999972,0.08350000000000002,0
sun3d-mit_76_studyroom-76-1studyroom2,35,52,2026,0.1718749999999993,0.19999999999999998,1
sun3d-mit_76_studyroom-76-1studyroom2,36,44,2026,0.05078124999999978,0.03049999999999997,0
sun3d-mit_76_studyroom-76-1studyroom2,36,50,2026,0.06249999999999978,0.08050000000000002,0
sun3d-mit_76_studyroom-76-1studyroom2,36,51,2026,0.09374999999999961,0.10249999999999998,0
sun3d-mit_76_studyroom-76-1studyroom2,36,52,2026,-0.05078124999999989,-0.012999999999999998,0
sun3d-mit_76_studyroom-76-1studyroom2,36,53,2026,0.1562499999999993,0.021,0
sun3d-mit_76_studyroom-76-1studyroom2,37,44,2026,-0.02343749999999989,-0.05549999999999994,0
sun3d-mit_76_studyroom-76-1studyroom2,37,50,2026,0.03124999999999989,0.0695,0
sun3d-mit_76_studyroom-76-1studyroom2,37,51,2026,0.06640624999999978,0.11199999999999993,0
sun3d-mit_76_studyroom-76-1studyroom2,37,52,2026,-0.1171874999999995,0.012499999999999983,0
sun3d-mit_76_studyroom-76-1studyroom2,37,53,2026,0.07812499999999961,0.040999999999999995,0
sun3d-mit_76_studyroom-76-1studyroom2,38,40,2026,0.0,0.0,0
sun3d-mit_76_studyroom-76-1studyroom2,38,43,2026,0.0,0.0,0
sun3d-mit_76_studyroom-76-1studyroom2,38,51,2026,-0.02343749999999989,0.11650000000000005,0
sun3d-mit_76_studyroom-76-1studyroom2,38,52,2026,0.1249999999999995,0.231,0
sun3d-mit_76_studyroom-76-1studyroom2,39,41,2026,0.14062499999999947,0.09949999999999999,0
sun3d-mit_76_studyroom-76-1studyroom2,39,42,2026,0.1874999999999993,0.1285,1
sun3d-mit_76_studyroom-76-1studyroom2,39,48,2026,0.249999999999999,0.16399999999999998,1
sun3d-mit_76_studyroom-76-1studyroom2,39,49,2026,0.1992187499999991,0.3435,0
sun3d-mit_76_studyroom-76-1studyroom2,39,50,2026,0.01953125,0.0824999999999999,0
sun3d-mit_76_studyroom-76-1studyroom2,39,51,2026,0.06640624999999978,0.16800000000000004,0
sun3d-mit_76_studyroom-76-1studyroom2,39,52,2026,-0.07421874999999967,0.009000000000000008,0
sun3d-mit_76_studyroom-76-1studyroom2,39,53,2026,0.04296874999999989,0.058499999999999996,0
sun3d-mit_76_studyroom-76-1studyroom2,40,45,2026,0.0,0.0,0
sun3d-mit_76_studyroom-76-1studyroom2,40,46,2026,0.0,0.0,0
sun3d-mit_76_studyroom-76-1studyroom2,40,47,2026,0.0,0.0,0
sun3d-mit_76_studyroom-76-1studyroom2,40,48,2026,0.0,0.0,0
sun3d-mit_76_studyroom-76-1studyroom2,40,49,2026,0.0,0.0,0
sun3d-mit_76_studyroom-76-1studyroom2,41,44,2026,0.0,0.0,0
sun3d-mit_76_studyroom-76-1studyroom2,42,44,2026,0.0078124999999999,0.0005,0
sun3d-mit_76_studyroom-76-1studyroom2,43,45,2026,0.0,0.0,0
sun3d-mit_76_studyroom-76-1studyroom2,43,46,2026,0.0,0.0,0
sun3d-mit_76_studyroom-76-1studyroom2,43,47,2026,0.0,0.0,0
sun3d-mit_76_studyroom-76-1studyroom2,43,48,2026,0.0,0.0,0
sun3d-mit_76_studyroom-76-1studyroom2,44,48,2026,0.2187499999999991,0.27499999999999997,0
sun3d-mit_76_studyroom-76-1studyroom2,44,51,2026,-0.05859374999999978,-0.017500000000000016,0
sun3d-mit_76_studyroom-76-1studyroom2,47,50,2026,0.03124999999999989,0.134,0
sun3d-mit_76_studyroom-76-1studyroom2,48,50,2026,0.08203124999999967,0.11549999999999994,0
sun3d-mit_76_studyroom-76-1studyroom2,49,51,2026,0.09765624999999956,0.18150000000000005,0
sun3d-mit_76_studyroom-76-1studyroom2,50,52,2026,-0.04687499999999989,-0.020000000000000018,0
sun3d-mit_76_studyroom-76-1studyroom2,51,55,2026,-0.2656249999999989,-0.15450000000000003,0
sun3d-mit_76_studyroom-76-1studyroom2,51,56,2026,0.3476562499999986,0.26049999999999995,1
sun3d-mit_76_studyroom-76-1studyroom2,52,54,2026,0.011718749999999889,0.000500000000000056,0
sun3d-mit_76_studyroom-76-1studyroom2,52,56,2026,0.5507812499999979,0.463,1
sun3d-mit_76_studyroom-76-1studyroom2,53,56,2026,0.1289062499999994,0.05750000000000001,0
sun3d-mit_76_studyroom-76-1studyroom2,54,56,2026,0.19531249999999922,0.248,1
sun3d-mit_76_studyroom-76-1studyroom2,55,57,2026,-0.02734374999999989,0.031000000000000028,0
sun3d-mit_76_studyroom-76-1studyroom2,57,59,2026,0.1796874999999993,0.12200000000000001,0
sun3d-mit_76_studyroom-76-1studyroom2,57,60,2026,0.0664062499999997,0.092,0
sun3d-mit_76_studyroom-76-1studyroom2,57,61,2026,-0.09765624999999961,0.02250000000000002,0
sun3d-mit_76_studyroom-76-1studyroom2,57,62,2026,0.33593749999999867,0.239,1
sun3d-mit_76_studyroom-76-1studyroom2,57,63,2026,-0.19921874999999922,-0.07899999999999999,-1
sun3d-mit_76_studyroom-76-1studyroom2,58,62,2026,0.16796874999999933,0.20599999999999996,0
sun3d-mit_76_studyroom-76-1studyroom2,58,63,2026,-0.04296874999999989,0.05349999999999999,0
sun3d-mit_76_studyroom-76-1studyroom2,59,63,2026,-0.0234375,0.03799999999999992,0
sun3d-mit_76_studyroom-76-1studyroom2,60,64,2026,-0.277343749999999,-0.11549999999999999,0
sun3d-mit_76_studyroom-76-1studyroom2,61,64,2026,0.06249999999999967,0.12550000000000006,0
sun3d-mit_76_studyroom-76-1studyroom2,62,65,2026,-0.0273437499999999,-0.0115,0
sun3d-mit_76_studyroom-76-1studyroom2,63,65,2026,0.03906249999999992,0.08800000000000002,0
sun3d-mit_lab_hj-lab_hj_tea_nov_2_2012_scan1_erika,0,2,2026,0.07031249999999967,0.131,0
sun3d-mit_lab_hj-lab_hj_tea_nov_2_2012_scan1_erika,0,6,2026,0.261718749999999,0.1595,1
sun3d-mit_lab_hj-lab_hj_tea_nov_2_2012_scan1_erika,0,7,2026,-0.007812499999999917,0.035500000000000004,0
sun3d-mit_lab_hj-lab_hj_tea_nov_2_2012_scan1_erika,0,11,2026,-0.03515624999999978,-0.0010000000000000009,0
sun3d-mit_lab_hj-lab_hj_tea_nov_2_2012_scan1_erika,0,24,2026,0.03515624999999989,0.041999999999999996,-1
sun3d-mit_lab_hj-lab_hj_tea_nov_2_2012_scan1_erika,0,26,2026,0.00390625,-0.03900000000000001,0
sun3d-mit_lab_hj-lab_hj_tea_nov_2_2012_scan1_erika,1,5,2026,0.02343749999999989,0.10150000000000003,0
sun3d-mit_lab_hj-lab_hj_tea_nov_2_2012_scan1_erika,1,7,2026,0.37109374999999845,0.425,1
sun3d-mit_lab_hj-lab_hj_tea_nov_2_2012_scan1_erika,1,26,2026,-0.02734374999999989,0.01999999999999999,0
sun3d-mit_lab_hj-lab_hj_tea_nov_2_2012_scan1_erika,2,6,2026,-0.01171875,0.041000000000000036,0
sun3d-mit_lab_hj-lab_hj_tea_nov_2_2012_scan1_erika,2,7,2026,-0.015625,0.0595,0
sun3d-mit_lab_hj-lab_hj_tea_nov_2_2012_scan1_erika,2,9,2026,0.06249999999999978,0.11699999999999999,0
sun3d-mit_lab_hj-lab_hj_tea_nov_2_2012_scan1_erika,2,28,2026,0.05078124999999978,0.10699999999999998,0
sun3d-mit_lab_hj-lab_hj_tea_nov_2_2012_scan1_erika,2,30,2026,0.023437499999999896,0.017,0
sun3d-mit_lab_hj-lab_hj_tea_nov_2_2012_scan1_erika,3,5,2026,0.015624999999999889,0.04849999999999999,0
sun3d-mit_lab_hj-lab_hj_tea_nov_2_2012_scan1_erika,3,6,2026,-0.015625,0.0050000000000000044,0
sun3d-mit_lab_hj-lab_hj_tea_nov_2_2012_scan1_erika,3,7,2026,0.02734374999999989,0.05300000000000005,0
sun3d-mit_lab_hj-lab_hj_tea_nov_2_2012_scan1_erika,3,8,2026,-0.05859374999999967,0.05700000000000005,0
sun3d-mit_lab_hj-lab_hj_tea_nov_2_2012_scan1_erika,3,30,2026,0.0,-0.001,0
sun3d-mit_lab_hj-lab_hj_tea_nov_2_2012_scan1_erika,4,7,2026,0.01953124999999989,0.044499999999999984,0
sun3d-mit_lab_hj-lab_hj_tea_nov_2_2012_scan1_erika,4,8,2026,-0.01953124999999989,0.07999999999999996,0
sun3d-mit_lab_hj-lab_hj_tea_nov_2_2012_scan1_erika,5,9,2026,-0.01953124999999989,0.06,0
sun3d-mit_lab_hj-lab_hj_tea_nov_2_2012_scan1_erika,6,9,2026,0.031249999999999778,0.1110000000000001,0
sun3d-mit_lab_hj-lab_hj_tea_nov_2_2012_scan1_erika,6,10,2026,0.1367187499999995,0.18450000000000003,0
sun3d-mit_lab_hj-lab_hj_tea_nov_2_2012_scan1_erika,8,9,2026,0.01953125,0.046499999999999986,0
sun3d-mit_lab_hj-lab_hj_tea_nov_2_2012_scan1_erika,8,10,2026,0.00390625,0.041000000000000036,0
sun3d-mit_lab_hj-lab_hj_tea_nov_2_2012_scan1_erika,9,11,2026,0.2343749999999991,0.22799999999999998,1
sun3d-mit_lab_hj-lab_hj_tea_nov_2_2012_scan1_erika,9,27,2026,0.019531249999999944,0.03199999999999997,0
sun3d-mit_lab_hj-lab_hj_tea_nov_2_2012_scan1_erika,9,28,2026,0.15234374999999933,0.14049999999999996,0
sun3d-mit_lab_hj-lab_hj_tea_nov_2_2012_scan1_erika,10,27,2026,0.2929687499999989,0.1935,0
sun3d-mit_lab_hj-lab_hj_tea_nov_2_2012_scan1_erika,10,28,2026,0.25390624999999906,0.20550000000000002,0
sun3d-mit_lab_hj-lab_hj_tea_nov_2_2012_scan1_erika,13,16,2026,0.257812499999999,0.135,1
sun3d-mit_lab_hj-lab_hj_tea_nov_2_2012_scan1_erika,13,17,2026,-0.00390625,0.0195,0
sun3d-mit_lab_hj-lab_hj_tea_nov_2_2012_scan1_erika,13,18,2026,0.0,0.0,0
sun3d-mit_lab_hj-lab_hj_tea_nov_2_2012_scan1_erika,14,18,2026,0.03124999999999989,0.14699999999999996,0
sun3d-mit_lab_hj-lab_hj_tea_nov_2_2012_scan1_erika,15,18,2026,0.0078125,-0.008499999999999952,0
sun3d-mit_lab_hj-lab_hj_tea_nov_2_2012_scan1_erika,17,20,2026,0.0,0.11949999999999994,0
sun3d-mit_lab_hj-lab_hj_tea_nov_2_2012_scan1_erika,19,21,2026,0.2929687499999989,0.13799999999999998,-1
sun3d-mit_lab_hj-lab_hj_tea_nov_2_2012_scan1_erika,20,22,2026,0.06640624999999972,-0.05550000000000001,0
sun3d-mit_lab_hj-lab_hj_tea_nov_2_2012_scan1_erika,21,23,2026,-0.03124999999999989,0.013000000000000012,0
sun3d-mit_lab_hj-lab_hj_tea_nov_2_2012_scan1_erika,21,24,2026,-0.06640624999999972,-0.0645,0
sun3d-mit_lab_hj-lab_hj_tea_nov_2_2012_scan1_erika,21,25,2026,0.03906249999999983,0.068,0
sun3d-mit_lab_hj-lab_hj_tea_nov_2_2012_scan1_erika,22,25,2026,-0.04296874999999978,0.0010000000000000009,0
sun3d-mit_lab_hj-lab_hj_tea_nov_2_2012_scan1_erika,22,26,2026,-0.05859374999999978,-0.05349999999999999,0
sun3d-mit_lab_hj-lab_hj_tea_nov_2_2012_scan1_erika,23,26,2026,-0.08203124999999967,-0.013499999999999956,0
sun3d-mit_lab_hj-lab_hj_tea_nov_2_2012_scan1_erika,23,27,2026,-0.06249999999999972,0.006500000000000006,0
sun3d-mit_lab_hj-lab_hj_tea_nov_2_2012_scan1_erika,24,26,2026,-0.10546874999999956,-0.012500000000000011,0
sun3d-mit_lab_hj-lab_hj_tea_nov_2_2012_scan1_erika,24,27,2026,-0.05468749999999978,-0.0615,0
sun3d-mit_lab_hj-lab_hj_tea_nov_2_2012_scan1_erika,24,33,2026,0.02734374999999989,0.09199999999999997,0
sun3d-mit_lab_hj-lab_hj_tea_nov_2_2012_scan1_erika,24,34,2026,0.24218749999999908,0.15200000000000002,1
sun3d-mit_lab_hj-lab_hj_tea_nov_2_2012_scan1_erika,24,35,2026,0.015625,-0.015,0
sun3d-mit_lab_hj-lab_hj_tea_nov_2_2012_scan1_erika,24,36,2026,0.015625,0.0335,0
sun3d-mit_lab_hj-lab_hj_tea_nov_2_2012_scan1_erika,24,37,2026,0.03906249999999983,0.07949999999999996,0
sun3d-mit_lab_hj-lab_hj_tea_nov_2_2012_scan1_erika,25,27,2026,0.07812499999999967,-0.012999999999999956,0
sun3d-mit_lab_hj-lab_hj_tea_nov_2_2012_scan1_erika,25,30,2026,-0.0898437499999996,-0.016,0
sun3d-mit_lab_hj-lab_hj_tea_nov_2_2012_scan1_erika,25,31,2026,-0.1328124999999995,-0.012,0
sun3d-mit_lab_hj-lab_hj_tea_nov_2_2012_scan1_erika,25,32,2026,0.1171874999999995,0.1265,0
sun3d-mit_lab_hj-lab_hj_tea_nov_2_2012_scan1_erika,25,33,2026,-0.031249999999999778,0.07800000000000001,0
sun3d-mit_lab_hj-lab_hj_tea_nov_2_2012_scan1_erika,25,34,2026,0.01953125,0.0305,0
sun3d-mit_lab_hj-lab_hj_tea_nov_2_2012_scan1_erika,25,35,2026,0.17187499999999922,0.087,0
sun3d-mit_lab_hj-lab_hj_tea_nov_2_2012_scan1_erika,25,36,2026,0.02343749999999989,0.035499999999999976,0
sun3d-mit_lab_hj-lab_hj_tea_nov_2_2012_scan1_erika,25,37,2026,-0.011718749999999889,0.08500000000000002,0
sun3d-mit_lab_hj-lab_hj_tea_nov_2_2012_scan1_erika,28,29,2026,0.0,0.0065,0
sun3d-mit_lab_hj-lab_hj_tea_nov_2_2012_scan1_erika,28,30,2026,0.04296874999999978,0.0315,0
sun3d-mit_lab_hj-lab_hj_tea_nov_2_2012_scan1_erika,29,31,2026,-0.11718749999999958,-0.03950000000000001,0
sun3d-mit_lab_hj-lab_hj_tea_nov_2_2012_scan1_erika,30,32,2026,-0.00390625,0.0595,0
sun3d-mit_lab_hj-lab_hj_tea_nov_2_2012_scan1_erika,30,33,2026,-0.015624999999999889,0.0645,0
sun3d-mit_lab_hj-lab_hj_tea_nov_2_2012_scan1_erika,30,34,2026,0.07031249999999978,0.14149999999999996,0
sun3d-mit_lab_hj-lab_hj_tea_nov_2_2012_scan1_erika,30,35,2026,-0.01953124999999989,0.051000000000000045,0
sun3d-mit_lab_hj-lab_hj_tea_nov_2_2012_scan1_erika,30,36,2026,-0.03906249999999989,0.05800000000000005,0
sun3d-mit_lab_hj-lab_hj_tea_nov_2_2012_scan1_erika,30,37,2026,0.00390625,0.05449999999999999,0
sun3d-mit_lab_hj-lab_hj_tea_nov_2_2012_scan1_erika,31,35,2026,0.00390625,0.056499999999999995,0
7-scenes-redkitchen,0,7,3407,0.03906249999999989,0.015000000000000013,0
7-scenes-redkitchen,0,8,3407,0.08203124999999961,0.1225,0
7-scenes-redkitchen,0,9,3407,0.09374999999999967,0.12250000000000005,0
7-scenes-redkitchen,0,16,3407,0.04687499999999989,-0.018000000000000016,0
7-scenes-redkitchen,0,17,3407,0.10156249999999956,-0.01200000000000001,0
7-scenes-redkitchen,0,18,3407,0.08203124999999967,0.10899999999999999,0
7-scenes-redkitchen,0,20,3407,0.11718749999999956,0.172,0
7-scenes-redkitchen,0,25,3407,-0.031249999999999833,0.035999999999999976,0
7-scenes-redkitchen,0,30,3407,-0.0078125,-0.0040000000000000036,0
7-scenes-redkitchen,0,31,3407,-0.0078125,-0.0010000000000000009,0
7-scenes-redkitchen,0,32,3407,0.12109374999999944,0.1735,0
7-scenes-redkitchen,0,33,3407,0.15234374999999942,0.1425,0
7-scenes-redkitchen,0,34,3407,-0.16796874999999933,-0.0685,0
7-scenes-redkitchen,0,36,3407,-0.08203124999999967,-0.05349999999999999,0
7-scenes-redkitchen,0,37,3407,0.07812499999999967,0.11750000000000005,0
7-scenes-redkitchen,0,38,3407,-0.12109374999999944,-0.0010000000000000009,0
7-scenes-redkitchen,0,41,3407,0.05859374999999978,0.17499999999999993,0
7-scenes-redkitchen,0,42,3407,0.05468749999999978,0.21999999999999997,0
7-scenes-redkitchen,0,43,3407,-0.2304687499999991,-0.10849999999999999,0
7-scenes-redkitchen,0,44,3407,-0.1132812499999995,-0.019000000000000017,0
7-scenes-redkitchen,0,45,3407,0.05078124999999978,0.10549999999999998,0
7-scenes-redkitchen,0,46,3407,0.05859374999999978,0.14600000000000002,0
7-scenes-redkitchen,0,47,3407,0.10546874999999956,0.17049999999999998,0
7-scenes-redkitchen,0,48,3407,0.3320312499999987,0.3635,0
7-scenes-redkitchen,0,49,3407,0.238281249999999,0.26249999999999996,0
7-scenes-redkitchen,0,50,3407,0.34765624999999856,0.368,0
7-scenes-redkitchen,0,51,3407,0.05078124999999989,0.16249999999999998,0
7-scenes-redkitchen,0,52,3407,0.33984374999999867,0.3115,0
7-scenes-redkitchen,0,53,3407,0.32421874999999867,0.1905,1
7-scenes-redkitchen,0,59,3407,-0.28906249999999895,-0.199,-1
7-scenes-redkitchen,1,6,3407,0.13281249999999944,0.12850000000000006,0
7-scenes-redkitchen,1,7,3407,0.03906249999999989,0.09100000000000003,0
7-scenes-redkitchen,1,9,3407,0.10156249999999956,0.13199999999999995,0
7-scenes-redkitchen,1,18,3407,0.13671874999999944,0.11549999999999999,0
7-scenes-redkitchen,1,19,3407,0.06640624999999978,0.07250000000000001,0
7-scenes-redkitchen,1,20,3407,0.22656249999999917,0.2105,0
7-scenes-redkitchen,1,25,3407,-0.05859374999999972,-0.008000000000000007,0
7-scenes-redkitchen,1,30,3407,-0.0859374999999996,-0.06,0
7-scenes-redkitchen,1,33,3407,0.02734374999999989,0.04000000000000001,0
7-scenes-redkitchen,1,36,3407,-0.1328124999999995,-0.118,0
7-scenes-redkitchen,1,37,3407,0.01171875,0.015000000000000013,0
7-scenes-redkitchen,1,38,3407,0.06249999999999967,0.06599999999999995,0
7-scenes-redkitchen,1,39,3407,0.04687499999999978,0.11299999999999999,0
7-scenes-redkitchen,1,41,3407,0.007812499999999889,0.138,0
7-scenes-redkitchen,1,42,3407,0.0,0.137,0
7-scenes-redkitchen,1,43,3407,0.03515624999999989,0.15000000000000002,0
7-scenes-redkitchen,1,44,3407,0.14062499999999944,0.23599999999999993,0
7-scenes-redkitchen,1,45,3407,0.05468749999999978,0.09550000000000003,0
7-scenes-redkitchen,1,46,3407,0.12890624999999956,0.181,0
7-scenes-redkitchen,1,59,3407,-0.0781249999999997,-0.064,0
7-scenes-redkitchen,2,5,3407,-0.007812499999999889,0.1175,0
7-scenes-redkitchen,2,10,3407,0.08984374999999967,0.1469999999999999,0
7-scenes-redkitchen,2,15,3407,-0.08203124999999961,0.06400000000000003,-1
7-scenes-redkitchen,2,26,3407,-0.26171874999999906,-0.186,0
7-scenes-redkitchen,2,32,3407,-0.07031249999999978,-0.02250000000000002,0
7-scenes-redkitchen,2,44,3407,-0.00390625,0.10249999999999992,0
7-scenes-redkitchen,2,45,3407,0.05078124999999978,0.16549999999999998,0
7-scenes-redkitchen,3,6,3407,0.1171874999999995,0.1285,0
7-scenes-redkitchen,3,7,3407,-0.042968749999999806,-0.03599999999999999,-1
7-scenes-redkitchen,3,15,3407,0.0078125,0.035499999999999976,0
7-scenes-redkitchen,3,19,3407,0.03515624999999989,0.07800000000000007,0
7-scenes-redkitchen,3,25,3407,-0.12109374999999961,-0.04349999999999998,-1
7-scenes-redkitchen,3,31,3407,0.06640624999999978,0.10300000000000009,0
7-scenes-redkitchen,3,32,3407,-0.031249999999999778,-0.03799999999999998,0
7-scenes-redkitchen,3,36,3407,-0.16796874999999933,-0.1005,0
7-scenes-redkitchen,3,37,3407,-0.09374999999999967,0.04400000000000004,0
7-scenes-redkitchen,3,38,3407,0.05468749999999978,0.04700000000000004,0
7-scenes-redkitchen,3,39,3407,-0.08203124999999967,-0.013500000000000012,0
7-scenes-redkitchen,3,46,3407,0.09765624999999956,0.18400000000000005,0
7-scenes-redkitchen,3,59,3407,-0.015624999999999889,0.03149999999999997,0
7-scenes-redkitchen,4,8,3407,0.12890624999999944,0.12699999999999995,0
7-scenes-redkitchen,4,16,3407,0.02734374999999989,-0.017000000000000015,0
7-scenes-redkitchen,4,17,3407,0.04687499999999989,-0.037000000000000005,0
7-scenes-redkitchen,4,20,3407,0.05468749999999978,0.13449999999999995,0
7-scenes-redkitchen,4,21,3407,0.10546874999999961,0.07299999999999998,0
7-scenes-redkitchen,4,24,3407,0.07031249999999978,0.0685,0
7-scenes-redkitchen,4,28,3407,0.12499999999999961,0.14349999999999996,0
7-scenes-redkitchen,4,29,3407,0.16406249999999933,0.1635000000000001,0
7-scenes-redkitchen,4,35,3407,0.03515624999999989,0.018000000000000016,0
7-scenes-redkitchen,4,36,3407,-0.0234375,-0.03199999999999997,0
7-scenes-redkitchen,4,40,3407,-0.03906249999999989,0.005499999999999949,0
7-scenes-redkitchen,4,41,3407,0.003906249999999889,0.13650000000000007,0
7-scenes-redkitchen,4,43,3407,0.04296874999999978,0.14950000000000008,0
7-scenes-redkitchen,4,48,3407,0.11718749999999944,0.17149999999999999,0
7-scenes-redkitchen,4,49,3407,0.02343749999999989,0.20700000000000007,0
7-scenes-redkitchen,4,50,3407,0.11328124999999956,0.2015,0
7-scenes-redkitchen,4,51,3407,0.2382812499999991,0.30200000000000005,0
7-scenes-redkitchen,4,52,3407,0.07421874999999967,0.17599999999999993,0
7-scenes-redkitchen,4,53,3407,0.08203124999999978,0.1255,0
7-scenes-redkitchen,4,54,3407,0.08593749999999967,0.038500000000000006,0
7-scenes-redkitchen,4,58,3407,0.07421874999999978,0.07849999999999996,0
7-scenes-redkitchen,4,59,3407,-0.06249999999999967,-0.04949999999999999,0
7-scenes-redkitchen,5,13,3407,0.11718749999999956,0.1795,0
7-scenes-redkitchen,5,14,3407,0.10937499999999956,0.203,0
7-scenes-redkitchen,5,21,3407,0.05859374999999967,0.09000000000000008,0
7-scenes-redkitchen,5,24,3407,-0.04687499999999978,0.0675,0
7-scenes-redkitchen,5,27,3407,0.14062499999999944,0.1915,0
7-scenes-redkitchen,5,28,3407,-0.12890624999999947,-0.1255,-1
7-scenes-redkitchen,5,34,3407,-0.08984374999999961,-0.093,0
7-scenes-redkitchen,5,35,3407,0.0078125,0.03650000000000003,0
7-scenes-redkitchen,5,40,3407,-0.01953125,0.16049999999999998,0
7-scenes-redkitchen,5,41,3407,0.0,0.10950000000000004,0
7-scenes-redkitchen,5,42,3407,-0.00390625,0.138,0
7-scenes-redkitchen,5,43,3407,0.10156249999999967,0.2465,0
7-scenes-redkitchen,5,44,3407,0.10156249999999956,0.243,0
7-scenes-redkitchen,5,45,3407,-0.02734374999999989,0.14599999999999996,0
7-scenes-redkitchen,5,50,3407,0.18359374999999922,0.22399999999999998,0
7-scenes-redkitchen,5,51,3407,0.24218749999999908,0.3355,0
7-scenes-redkitchen,5,52,3407,0.02734374999999989,0.131,0
7-scenes-redkitchen,5,53,3407,0.09374999999999956,0.17549999999999993,0
7-scenes-redkitchen,5,54,3407,-0.003906249999999889,0.04999999999999999,0
7-scenes-redkitchen,5,55,3407,-0.1757812499999994,-0.11199999999999999,0
7-scenes-redkitchen,5,57,3407,-0.47656249999999817,-0.3575,-1
7-scenes-redkitchen,5,58,3407,0.01171875,0.09700000000000009,0
7-scenes-redkitchen,5,59,3407,0.02734374999999989,0.07900000000000007,0
7-scenes-redkitchen,6,13,3407,0.02734374999999989,0.203,0
7-scenes-redkitchen,6,14,3407,0.08593749999999967,0.129,0
7-scenes-redkitchen,6,22,3407,-0.1289062499999995,-0.04949999999999999,-1
7-scenes-redkitchen,6,27,3407,0.1445312499999994,0.11850000000000002,0
7-scenes-redkitchen,6,34,3407,0.19531249999999922,0.15249999999999997,0
7-scenes-redkitchen,6,42,3407,0.10156249999999961,0.0905,0
7-scenes-redkitchen,6,44,3407,0.10546874999999958,0.1385,1
7-scenes-redkitchen,6,45,3407,-0.015624999999999889,0.10199999999999998,0
7-scenes-redkitchen,6,46,3407,0.18749999999999928,0.27699999999999997,0
7-scenes-redkitchen,6,47,3407,0.18749999999999928,0.20400000000000001,0
7-scenes-redkitchen,6,48,3407,0.253906249999999,0.297,0
7-scenes-redkitchen,6,50,3407,0.15234374999999933,0.16399999999999998,0
7-scenes-redkitchen,6,51,3407,0.05859374999999972,0.1245,0
7-scenes-redkitchen,6,52,3407,0.11718749999999956,0.20249999999999996,0
7-scenes-redkitchen,6,55,3407,-0.04296874999999978,0.08299999999999996,0
7-scenes-redkitchen,6,56,3407,-0.14453124999999944,0.025499999999999967,0
7-scenes-redkitchen,6,57,3407,-0.3203124999999987,-0.11150000000000004,0
7-scenes-redkitchen,6,58,3407,0.015625,0.12449999999999994,0
7-scenes-redkitchen,7,12,3407,0.0,0.0655,0
7-scenes-redkitchen,7,13,3407,0.11328124999999961,0.1475,0
7-scenes-redkitchen,7,14,3407,0.1484374999999995,0.17400000000000002,0
7-scenes-redkitchen,7,22,3407,0.07812499999999967,0.1805,0
7-scenes-redkitchen,7,23,3407,0.22656249999999906,0.3345,0
7-scenes-redkitchen,7,27,3407,-0.04296874999999979,-0.0030000000000000027,0
7-scenes-redkitchen,7,34,3407,0.31249999999999867,0.276,1
7-scenes-redkitchen,7,46,3407,0.2265624999999991,0.238,0
7-scenes-redkitchen,7,47,3407,-0.019531249999999903,-0.0010000000000000009,0
7-scenes-redkitchen,7,48,3407,0.01953124999999989,0.0315,0
7-scenes-redkitchen,7,49,3407,-0.1757812499999993,-0.034,0
7-scenes-redkitchen,7,50,3407,0.1523437499999994,0.23050000000000004,0
7-scenes-redkitchen,7,51,3407,0.1406249999999995,0.152,0
7-scenes-redkitchen,7,52,3407,0.1445312499999994,0.21000000000000002,0
7-scenes-redkitchen,7,56,3407,-0.08203124999999967,0.03150000000000003,0
7-scenes-redkitchen,7,57,3407,-0.2382812499999991,-0.057499999999999996,0
7-scenes-redkitchen,8,10,3407,0.04296874999999978,0.10350000000000004,0
7-scenes-redkitchen,8,11,3407,0.11718749999999956,0.14,0
7-scenes-redkitchen,8,15,3407,0.07812499999999967,0.15149999999999997,0
7-scenes-redkitchen,8,26,3407,0.08984374999999967,0.11050000000000004,0
7-scenes-redkitchen,8,34,3407,0.3242187499999987,0.3145,1
7-scenes-redkitchen,8,38,3407,-0.08984374999999967,0.08999999999999997,0
7-scenes-redkitchen,8,48,3407,-0.23046874999999917,-0.014000000000000012,0
7-scenes-redkitchen,8,49,3407,-0.21093749999999917,-0.03300000000000003,0
7-scenes-redkitchen,8,50,3407,-0.13671874999999944,-0.016500000000000015,0
7-scenes-redkitchen,8,52,3407,0.07031249999999967,0.08450000000000002,0
7-scenes-redkitchen,8,56,3407,0.17187499999999933,0.12049999999999994,0
7-scenes-redkitchen,8,57,3407,0.003906249999999889,0.09050000000000002,0
7-scenes-redkitchen,9,12,3407,0.22656249999999917,0.23049999999999998,0
7-scenes-redkitchen,9,15,3407,0.04296874999999978,0.10350000000000004,0
7-scenes-redkitchen,9,22,3407,0.01171875,0.02749999999999997,0
7-scenes-redkitchen,9,23,3407,-0.05468749999999978,0.0655,0
7-scenes-redkitchen,9,27,3407,0.20703124999999922,0.24099999999999994,0
7-scenes-redkitchen,9,34,3407,0.06249999999999978,0.04749999999999999,0
7-scenes-redkitchen,9,46,3407,0.10937499999999956,0.20400000000000001,0
7-scenes-redkitchen,9,47,3407,0.12499999999999956,0.17099999999999999,0
7-scenes-redkitchen,9,48,3407,-0.12890624999999944,0.0020000000000000018,0
7-scenes-redkitchen,9,50,3407,0.08593749999999967,0.1755,0
7-scenes-redkitchen,9,52,3407,0.12499999999999944,0.1845,0
7-scenes-redkitchen,9,55,3407,0.0,-0.020000000000000018,0
7-scenes-redkitchen,9,56,3407,0.04687499999999972,0.067,0
7-scenes-redkitchen,9,57,3407,-0.04687499999999978,0.03749999999999998,0
7-scenes-redkitchen,9,58,3407,0.07421874999999978,0.11150000000000004,0
7-scenes-redkitchen,10,21,3407,0.14843749999999944,0.20749999999999996,1
7-scenes-redkitchen,10,24,3407,0.06640624999999978,0.1275,0
7-scenes-redkitchen,10,28,3407,0.03906249999999989,0.055999999999999994,0
7-scenes-redkitchen,10,29,3407,0.1601562499999994,0.191,0
7-scenes-redkitchen,10,34,3407,0.10156249999999958,0.0695,1
7-scenes-redkitchen,10,35,3407,0.11328124999999956,0.11049999999999999,0
7-scenes-redkitchen,10,40,3407,0.13281249999999956,0.11450000000000005,0
7-scenes-redkitchen,10,41,3407,0.003906249999999889,0.09899999999999998,0
7-scenes-redkitchen,10,42,3407,0.12109374999999944,0.16699999999999993,0
7-scenes-redkitchen,10,43,3407,0.17578124999999922,0.257,0
7-scenes-redkitchen,10,44,3407,0.11328124999999956,0.1985,0
7-scenes-redkitchen,10,45,3407,0.02734374999999989,0.123,0
7-scenes-redkitchen,10,46,3407,0.08984374999999967,0.23249999999999993,0
7-scenes-redkitchen,10,47,3407,0.28515624999999895,0.3525,0
7-scenes-redkitchen,10,48,3407,0.02343749999999989,0.17049999999999998,0
7-scenes-redkitchen,10,49,3407,0.02734374999999989,0.1925,0
7-scenes-redkitchen,10,50,3407,0.03124999999999989,0.16049999999999998,0
7-scenes-redkitchen,10,51,3407,0.1289062499999995,0.20550000000000002,0
7-scenes-redkitchen,10,52,3407,0.04687499999999989,0.14,0
7-scenes-redkitchen,10,53,3407,0.13281249999999944,0.22250000000000003,0
7-scenes-redkitchen,10,54,3407,0.13281249999999944,0.07649999999999996,0
7-scenes-redkitchen,10,55,3407,-0.3242187499999987,-0.1935,-1
7-scenes-redkitchen,10,56,3407,-0.12109374999999951,-0.07799999999999999,0
7-scenes-redkitchen,10,57,3407,-0.2695312499999989,-0.23200000000000004,-1
7-scenes-redkitchen,10,58,3407,-0.08593749999999967,-0.038500000000000034,0
7-scenes-redkitchen,10,59,3407,-0.00390625,0.030999999999999972,0
7-scenes-redkitchen,11,16,3407,-0.10546874999999956,-0.07800000000000001,0
7-scenes-redkitchen,11,17,3407,-0.05859374999999978,-0.06649999999999998,0
7-scenes-redkitchen,11,20,3407,0.0,0.09649999999999997,0
7-scenes-redkitchen,11,21,3407,0.08984374999999961,0.10249999999999998,0
7-scenes-redkitchen,11,24,3407,0.36718749999999856,0.319,1
7-scenes-redkitchen,11,29,3407,0.2304687499999991,0.19650000000000006,0
7-scenes-redkitchen,11,35,3407,0.1445312499999995,0.02350000000000002,0
7-scenes-redkitchen,11,40,3407,0.07812499999999967,0.09650000000000003,0
7-scenes-redkitchen,11,41,3407,0.06640624999999978,0.128,0
7-scenes-redkitchen,11,42,3407,0.10546874999999956,0.21050000000000002,0
7-scenes-redkitchen,11,43,3407,0.11328124999999944,0.21599999999999997,0
7-scenes-redkitchen,11,44,3407,0.08593749999999967,0.1955,0
7-scenes-redkitchen,11,45,3407,0.06640624999999967,0.17049999999999998,0
7-scenes-redkitchen,11,46,3407,0.2343749999999991,0.3195,0
7-scenes-redkitchen,11,47,3407,0.03906249999999983,0.16449999999999998,0
7-scenes-redkitchen,11,48,3407,0.17578124999999922,0.16549999999999998,0
7-scenes-redkitchen,11,49,3407,0.05468749999999978,0.17500000000000004,0
7-scenes-redkitchen,11,50,3407,0.06640624999999978,0.16000000000000003,0
7-scenes-redkitchen,11,51,3407,0.1601562499999994,0.21400000000000002,0
7-scenes-redkitchen,11,52,3407,0.04687499999999989,0.15700000000000003,0
7-scenes-redkitchen,11,53,3407,0.14453124999999944,0.14599999999999996,0
7-scenes-redkitchen,11,54,3407,0.09765624999999961,0.056999999999999995,0
7-scenes-redkitchen,11,58,3407,-0.1406249999999995,-0.05249999999999999,0
7-scenes-redkitchen,11,59,3407,-0.15234374999999944,-0.10200000000000004,0
7-scenes-redkitchen,12,16,3407,-0.007812499999999889,-0.026499999999999968,0
7-scenes-redkitchen,12,18,3407,-0.015625,0.03300000000000003,0
7-scenes-redkitchen,12,20,3407,0.1679687499999994,0.146,0
7-scenes-redkitchen,12,25,3407,-0.07031249999999978,0.04199999999999998,0
7-scenes-redkitchen,12,30,3407,0.11718749999999961,0.032999999999999974,0
7-scenes-redkitchen,12,31,3407,0.10546874999999961,0.08500000000000002,0
7-scenes-redkitchen,12,32,3407,-0.03515624999999989,-0.005500000000000005,0
7-scenes-redkitchen,12,36,3407,-0.10937499999999956,-0.0695,0
7-scenes-redkitchen,12,38,3407,0.03515624999999989,0.07299999999999995,0
7-scenes-redkitchen,12,39,3407,-0.06640624999999978,0.0050000000000000044,0
7-scenes-redkitchen,12,46,3407,0.21093749999999922,0.2985,0
7-scenes-redkitchen,12,47,3407,0.34374999999999867,0.31699999999999995,0
7-scenes-redkitchen,12,48,3407,0.2304687499999991,0.2065,0
7-scenes-redkitchen,12,50,3407,0.05468749999999978,0.09650000000000003,0
7-scenes-redkitchen,12,51,3407,0.0234375,0.12549999999999994,0
7-scenes-redkitchen,12,52,3407,0.0078125,0.138,0
7-scenes-redkitchen,12,59,3407,-0.257812499999999,-0.1595,0
7-scenes-redkitchen,13,18,3407,0.0078125,0.10299999999999998,0
7-scenes-redkitchen,13,19,3407,0.07812499999999978,0.2375,0
7-scenes-redkitchen,13,25,3407,-0.1406249999999994,-0.05499999999999999,-1
7-scenes-redkitchen,13,30,3407,-0.08203124999999961,-0.03550000000000003,0
7-scenes-redkitchen,13,31,3407,-0.08593749999999967,0.019999999999999962,0
7-scenes-redkitchen,13,32,3407,-0.26953124999999895,-0.136,0
7-scenes-redkitchen,13,36,3407,-0.0898437499999996,-0.055499999999999994,0
7-scenes-redkitchen,13,37,3407,-0.11718749999999956,-0.033499999999999974,0
7-scenes-redkitchen,13,38,3407,0.06640624999999978,0.0645,0
7-scenes-redkitchen,13,39,3407,0.03515624999999989,0.09400000000000003,0
7-scenes-redkitchen,13,46,3407,0.26562499999999906,0.33949999999999997,0
7-scenes-redkitchen,13,47,3407,0.03124999999999989,0.073,0
7-scenes-redkitchen,13,59,3407,-0.11328124999999958,-0.0485,-1
7-scenes-redkitchen,14,16,3407,0.12499999999999956,0.14350000000000002,0
7-scenes-redkitchen,14,17,3407,-0.01171875,0.01849999999999999,0
7-scenes-redkitchen,14,18,3407,-0.02343749999999989,0.013500000000000012,0
7-scenes-redkitchen,14,20,3407,0.050781249999999806,0.020000000000000004,0
7-scenes-redkitchen,14,30,3407,0.1367187499999994,0.11950000000000001,1
7-scenes-redkitchen,14,31,3407,-0.0703124999999998,0.021000000000000005,0
7-scenes-redkitchen,14,32,3407,0.05078124999999979,0.025999999999999995,0
7-scenes-redkitchen,14,36,3407,0.05078124999999983,0.034499999999999975,0
7-scenes-redkitchen,14,45,3407,0.09374999999999956,0.20450000000000002,0
7-scenes-redkitchen,14,46,3407,0.06640624999999972,0.10949999999999999,0
7-scenes-redkitchen,14,47,3407,0.22265624999999908,0.17850000000000002,0
7-scenes-redkitchen,14,52,3407,0.2187499999999991,0.1965,1
7-scenes-redkitchen,15,21,3407,0.2070312499999991,0.183,1
7-scenes-redkitchen,15,24,3407,0.07031249999999978,0.04450000000000004,0
7-scenes-redkitchen,15,28,3407,-0.1093749999999995,-0.07850000000000001,0
7-scenes-redkitchen,15,29,3407,-0.03906249999999989,0.0010000000000000009,0
7-scenes-redkitchen,15,35,3407,0.07421874999999978,0.124,0
7-scenes-redkitchen,15,40,3407,0.10156249999999961,0.144,0
7-scenes-redkitchen,15,41,3407,-0.046874999999999806,-0.0165,-1
7-scenes-redkitchen,15,42,3407,-0.015625,0.0885,0
7-scenes-redkitchen,15,43,3407,-0.0078125,0.10050000000000003,0
7-scenes-redkitchen,15,44,3407,0.0,0.09400000000000003,0
7-scenes-redkitchen,15,45,3407,0.011718749999999889,0.04899999999999999,0
7-scenes-redkitchen,15,46,3407,0.03124999999999989,0.11649999999999999,0
7-scenes-redkitchen,15,47,3407,0.05468749999999978,0.10400000000000004,0
7-scenes-redkitchen,15,48,3407,0.04296874999999989,0.08050000000000007,0
7-scenes-redkitchen,15,49,3407,0.031249999999999778,0.11349999999999999,0
7-scenes-redkitchen,15,50,3407,0.02343749999999989,0.11550000000000005,0
7-scenes-redkitchen,15,51,3407,0.20703124999999917,0.1685,0
7-scenes-redkitchen,15,52,3407,0.05859374999999978,0.11750000000000005,0
7-scenes-redkitchen,15,53,3407,0.03124999999999989,0.10650000000000004,0
7-scenes-redkitchen,15,54,3407,-0.011718749999999889,0.05649999999999994,0
7-scenes-redkitchen,15,55,3407,0.1093749999999995,0.14850000000000002,0
7-scenes-redkitchen,15,56,3407,-0.05468749999999979,-0.037000000000000005,0
7-scenes-redkitchen,15,57,3407,-0.1484374999999994,-0.11750000000000002,0
7-scenes-redkitchen,15,58,3407,-0.00390625,0.030999999999999972,0
7-scenes-redkitchen,16,27,3407,-0.2187499999999992,-0.153,-1
7-scenes-redkitchen,16,34,3407,0.04687499999999978,0.068,0
7-scenes-redkitchen,16,48,3407,-0.05468749999999978,-0.06599999999999998,0
7-scenes-redkitchen,16,49,3407,-0.06640624999999978,-0.035499999999999976,0
7-scenes-redkitchen,16,50,3407,-0.0078125,-0.02350000000000002,0
7-scenes-redkitchen,16,52,3407,-0.01953124999999989,-0.019500000000000017,0
7-scenes-redkitchen,16,57,3407,0.007812499999999889,0.10999999999999999,0
7-scenes-redkitchen,17,26,3407,-0.02343749999999989,0.08300000000000007,0
7-scenes-redkitchen,17,48,3407,-0.03906249999999989,-0.012500000000000011,0
7-scenes-redkitchen,17,49,3407,-0.08984374999999967,-0.0595,0
7-scenes-redkitchen,17,50,3407,0.02343749999999989,-0.03149999999999997,0
7-scenes-redkitchen,17,52,3407,0.0078125,0.05199999999999999,0
7-scenes-redkitchen,17,56,3407,0.10937499999999967,0.12449999999999994,0
7-scenes-redkitchen,17,57,3407,-0.04687499999999978,0.062000000000000055,0
7-scenes-redkitchen,18,22,3407,-0.01953125,0.08949999999999991,0
7-scenes-redkitchen,18,27,3407,0.23046874999999908,0.28400000000000003,0
7-scenes-redkitchen,18,46,3407,0.07031249999999972,0.16249999999999998,0
7-scenes-redkitchen,18,47,3407,0.18359374999999933,0.18550000000000005,0
7-scenes-redkitchen,18,48,3407,0.015624999999999889,0.04749999999999999,0
7-scenes-redkitchen,18,49,3407,-0.09374999999999967,0.03700000000000003,0
7-scenes-redkitchen,18,50,3407,0.06640624999999967,0.08450000000000002,0
7-scenes-redkitchen,18,52,3407,0.04687499999999989,0.11699999999999999,0
7-scenes-redkitchen,18,56,3407,0.10156249999999956,0.14449999999999996,0
7-scenes-redkitchen,18,57,3407,0.03515624999999989,0.15350000000000008,0
7-scenes-redkitchen,18,58,3407,0.011718749999999889,0.10150000000000003,0
7-scenes-redkitchen,19,22,3407,0.02343749999999989,0.10399999999999998,0
7-scenes-redkitchen,19,23,3407,0.10937499999999961,0.17800000000000002,0
7-scenes-redkitchen,19,27,3407,-0.03515624999999983,0.03200000000000003,0
7-scenes-redkitchen,19,34,3407,-0.08203124999999967,0.016000000000000014,0
7-scenes-redkitchen,19,45,3407,0.04687499999999978,0.138,0
7-scenes-redkitchen,19,46,3407,0.0,0.186,0
7-scenes-redkitchen,19,47,3407,0.07031249999999967,0.22350000000000003,0
7-scenes-redkitchen,19,48,3407,-0.13281249999999944,0.10649999999999993,0
7-scenes-redkitchen,19,50,3407,0.09765624999999967,0.20450000000000002,0
7-scenes-redkitchen,19,51,3407,0.10156249999999967,0.21049999999999996,0
7-scenes-redkitchen,19,52,3407,0.05468749999999978,0.18999999999999995,0
7-scenes-redkitchen,19,55,3407,0.03906249999999978,0.09099999999999997,0
7-scenes-redkitchen,19,56,3407,-0.01171875,0.12299999999999994,0
7-scenes-redkitchen,19,57,3407,-0.43359374999999833,-0.2465,0
7-scenes-redkitchen,19,58,3407,0.0,0.07050000000000001,0
7-scenes-redkitchen,20,22,3407,0.01953125,0.10299999999999998,0
7-scenes-redkitchen,20,23,3407,0.11328124999999961,0.16550000000000004,0
7-scenes-redkitchen,20,24,3407,-0.06249999999999978,-0.14600000000000002,0
7-scenes-redkitchen,20,27,3407,-0.019531249999999903,0.009499999999999995,0
7-scenes-redkitchen,20,34,3407,0.12109374999999956,0.12099999999999994,0
7-scenes-redkitchen,20,38,3407,0.0,0.08450000000000002,0
7-scenes-redkitchen,20,47,3407,0.0976562499999996,0.046000000000000006,0
7-scenes-redkitchen,20,48,3407,-0.2265624999999991,-0.05649999999999998,0
7-scenes-redkitchen,20,49,3407,-0.02734374999999989,0.11150000000000002,0
7-scenes-redkitchen,20,50,3407,0.4374999999999983,0.28550000000000003,0
7-scenes-redkitchen,20,52,3407,0.16406249999999928,0.1365,0
7-scenes-redkitchen,20,53,3407,0.4257812499999983,0.34149999999999997,0
7-scenes-redkitchen,20,55,3407,-0.11328124999999956,-0.01749999999999996,0
7-scenes-redkitchen,20,56,3407,-0.253906249999999,-0.07300000000000001,0
7-scenes-redkitchen,20,57,3407,-0.20703124999999922,-0.05899999999999994,0
7-scenes-redkitchen,20,58,3407,0.00390625,0.08900000000000008,0
7-scenes-redkitchen,20,59,3407,0.03124999999999989,0.10400000000000009,0
7-scenes-redkitchen,21,25,3407,-0.2851562499999989,-0.08399999999999999,-1
7-scenes-redkitchen,21,26,3407,0.07421874999999972,0.028500000000000025,-1
7-scenes-redkitchen,21,34,3407,-0.10546874999999958,-0.026499999999999996,-1
7-scenes-redkitchen,21,36,3407,-0.03515624999999989,0.07349999999999995,0
7-scenes-redkitchen,21,37,3407,0.11328124999999956,0.12349999999999994,0
7-scenes-redkitchen,21,38,3407,0.10156249999999956,0.16549999999999998,0
7-scenes-redkitchen,21,49,3407,-0.2617187499999989,-0.1375,-1
7-scenes-redkitchen,21,52,3407,0.1523437499999994,0.07,0
7-scenes-redkitchen,21,53,3407,0.12499999999999944,0.1375,0
7-scenes-redkitchen,21,56,3407,0.01171875,0.07650000000000001,0
7-scenes-redkitchen,21,57,3407,0.0234375,0.10199999999999998,0
7-scenes-redkitchen,21,58,3407,-0.02343749999999989,0.05049999999999999,0
7-scenes-redkitchen,21,59,3407,-0.015624999999999889,0.11399999999999999,0
7-scenes-redkitchen,22,25,3407,-0.02343749999999989,0.024499999999999966,0
7-scenes-redkitchen,22,37,3407,-0.10156249999999961,-0.036500000000000005,0
7-scenes-redkitchen,22,38,3407,0.06640624999999979,0.1075,0
7-scenes-redkitchen,22,39,3407,0.05468749999999978,0.13699999999999998,0
7-scenes-redkitchen,22,53,3407,0.249999999999999,0.131,0
7-scenes-redkitchen,22,56,3407,0.3710937499999985,0.175,0
7-scenes-redkitchen,22,57,3407,-0.10546874999999958,-0.05199999999999999,0
7-scenes-redkitchen,22,58,3407,-0.10156249999999956,-0.004500000000000004,0
7-scenes-redkitchen,22,59,3407,0.08203124999999967,0.13349999999999995,0
7-scenes-redkitchen,23,25,3407,-0.09765624999999967,-0.03749999999999998,0
7-scenes-redkitchen,23,37,3407,0.08203124999999967,0.01100000000000001,0
7-scenes-redkitchen,23,38,3407,0.30468749999999883,0.084,0
7-scenes-redkitchen,23,39,3407,0.031249999999999833,0.063,-1
7-scenes-redkitchen,23,53,3407,0.04296874999999983,0.007500000000000007,0
7-scenes-redkitchen,23,56,3407,0.43359374999999833,0.2125,1
7-scenes-redkitchen,23,57,3407,0.027343749999999903,0.009,0
7-scenes-redkitchen,23,58,3407,0.003906249999999889,0.05199999999999999,0
7-scenes-redkitchen,23,59,3407,0.2109374999999991,0.36549999999999994,0
7-scenes-redkitchen,24,38,3407,0.11328124999999956,0.15099999999999997,0
7-scenes-redkitchen,24,39,3407,0.17187499999999933,0.24249999999999994,0
7-scenes-redkitchen,24,48,3407,-0.16796874999999942,-0.081,0
7-scenes-redkitchen,24,49,3407,-0.0703124999999997,-0.0365,-1
7-scenes-redkitchen,24,52,3407,0.01171875,0.002999999999999989,1
7-scenes-redkitchen,24,56,3407,0.08593749999999961,-0.04799999999999999,0
7-scenes-redkitchen,24,57,3407,-0.2851562499999988,-0.1565,-1
7-scenes-redkitchen,25,27,3407,0.45703124999999817,0.35,0
7-scenes-redkitchen,25,34,3407,0.05859374999999972,0.0635,0
7-scenes-redkitchen,25,46,3407,0.16015624999999933,0.23049999999999998,0
7-scenes-redkitchen,25,47,3407,0.36328124999999856,0.3785,0
7-scenes-redkitchen,25,48,3407,-0.1484374999999994,-0.0010000000000000009,0
7-scenes-redkitchen,25,49,3407,-0.10937499999999956,0.066,0
7-scenes-redkitchen,25,50,3407,0.04687499999999978,0.10349999999999998,0
7-scenes-redkitchen,25,52,3407,0.02734374999999989,0.11399999999999999,0
7-scenes-redkitchen,25,56,3407,0.35156249999999867,0.31899999999999995,0
7-scenes-redkitchen,25,57,3407,0.0,0.10199999999999992,0
7-scenes-redkitchen,26,28,3407,0.05078124999999978,0.059,0
7-scenes-redkitchen,26,29,3407,0.10156249999999961,0.11799999999999997,0
7-scenes-redkitchen,26,30,3407,0.0742187499999997,0.08449999999999999,0
7-scenes-redkitchen,26,34,3407,0.35546874999999867,0.2805,1
7-scenes-redkitchen,26,35,3407,0.15234374999999944,0.19200000000000006,0
7-scenes-redkitchen,26,40,3407,0.03124999999999989,0.08600000000000002,0
7-scenes-redkitchen,26,41,3407,-0.3242187499999987,-0.179,-1
7-scenes-redkitchen,26,42,3407,0.00390625,0.07400000000000001,0
7-scenes-redkitchen,26,43,3407,0.035156249999999944,0.07100000000000001,0
7-scenes-redkitchen,26,44,3407,0.10937499999999956,0.09800000000000003,0
7-scenes-redkitchen,26,45,3407,0.06640624999999967,0.13300000000000006,0
7-scenes-redkitchen,26,46,3407,0.26171874999999906,0.263,0
7-scenes-redkitchen,26,47,3407,0.3281249999999988,0.3725,0
7-scenes-redkitchen,26,48,3407,0.03124999999999989,0.11800000000000005,0
7-scenes-redkitchen,26,49,3407,-0.06640624999999978,0.039999999999999925,0
7-scenes-redkitchen,26,50,3407,0.04687499999999989,0.1835,0
7-scenes-redkitchen,26,51,3407,0.20312499999999928,0.3035,0
7-scenes-redkitchen,26,52,3407,0.03124999999999989,0.09100000000000008,0
7-scenes-redkitchen,26,53,3407,0.11328124999999956,0.14449999999999996,0
7-scenes-redkitchen,26,54,3407,0.14843749999999933,0.21650000000000003,0
7-scenes-redkitchen,26,55,3407,0.15624999999999933,0.175,0
7-scenes-redkitchen,26,56,3407,0.1210937499999995,0.08749999999999997,0
7-scenes-redkitchen,26,57,3407,-0.07031249999999967,-0.025000000000000022,0
7-scenes-redkitchen,26,58,3407,-0.02343749999999989,0.10100000000000009,0
7-scenes-redkitchen,26,59,3407,-0.04296874999999978,0.05449999999999999,0
7-scenes-redkitchen,27,30,3407,0.09765624999999967,0.18500000000000005,0
7-scenes-redkitchen,27,31,3407,0.03906249999999989,0.19149999999999995,0
7-scenes-redkitchen,27,32,3407,-0.21093749999999922,-0.10299999999999998,0
7-scenes-redkitchen,27,36,3407,0.18749999999999922,0.17350000000000004,0
7-scenes-redkitchen,27,37,3407,0.19921874999999922,0.23049999999999993,0
7-scenes-redkitchen,27,38,3407,0.4062499999999984,0.2745000000000001,0
7-scenes-redkitchen,27,39,3407,0.1289062499999995,0.16749999999999998,0
7-scenes-redkitchen,27,41,3407,0.2265624999999991,0.21250000000000002,0
7-scenes-redkitchen,27,42,3407,0.12109374999999944,0.12699999999999995,0
7-scenes-redkitchen,27,43,3407,0.2773437499999989,0.27149999999999996,0
7-scenes-redkitchen,27,44,3407,0.21093749999999917,0.24300000000000005,0
7-scenes-redkitchen,27,45,3407,0.35937499999999867,0.3155,0
7-scenes-redkitchen,27,59,3407,-0.05468749999999979,-0.032499999999999994,0
7-scenes-redkitchen,28,32,3407,0.015624999999999889,0.03849999999999998,0
7-scenes-redkitchen,28,37,3407,0.01171875,0.09949999999999998,0
7-scenes-redkitchen,28,38,3407,0.05468749999999972,0.039500000000000035,0
7-scenes-redkitchen,28,43,3407,0.05078124999999978,0.15649999999999997,0
7-scenes-redkitchen,28,44,3407,0.11718749999999956,0.1825,0
7-scenes-redkitchen,28,45,3407,0.015625,0.15399999999999997,0
7-scenes-redkitchen,29,32,3407,-0.05078124999999972,-0.005500000000000005,0
7-scenes-redkitchen,29,44,3407,0.011718749999999889,0.1479999999999999,0
7-scenes-redkitchen,29,45,3407,0.03515624999999989,0.20450000000000007,0
7-scenes-redkitchen,30,33,3407,-0.01953125,-0.040499999999999994,0
7-scenes-redkitchen,30,44,3407,0.08984374999999967,0.14899999999999997,0
7-scenes-redkitchen,31,40,3407,0.1406249999999995,0.146,0
7-scenes-redkitchen,31,41,3407,-0.07812499999999972,-0.07050000000000001,0
7-scenes-redkitchen,31,42,3407,0.03515624999999983,0.058499999999999996,0
7-scenes-redkitchen,31,43,3407,-0.0078125,0.026999999999999996,0
7-scenes-redkitchen,32,34,3407,0.06249999999999978,0.139,0
7-scenes-redkitchen,32,38,3407,0.04687499999999989,0.06599999999999995,0
7-scenes-redkitchen,32,39,3407,0.1171874999999995,0.16000000000000003,0
7-scenes-redkitchen,32,40,3407,0.1835937499999994,0.164,0
7-scenes-redkitchen,33,37,3407,-0.2851562499999989,-0.191,-1
7-scenes-redkitchen,33,38,3407,-0.09374999999999972,-0.04149999999999998,0
7-scenes-redkitchen,33,39,3407,0.08593749999999958,0.09000000000000001,0
7-scenes-redkitchen,33,56,3407,-0.0781249999999997,0.003500000000000003,1
7-scenes-redkitchen,33,57,3407,-0.0234374999999999,0.009,0
7-scenes-redkitchen,33,58,3407,-0.019531249999999903,0.012,0
7-scenes-redkitchen,34,35,3407,0.2070312499999991,0.23000000000000004,0
7-scenes-redkitchen,34,36,3407,0.14453124999999942,0.157,0
7-scenes-redkitchen,34,37,3407,0.03515624999999989,0.126,0
7-scenes-redkitchen,34,38,3407,0.10156249999999956,0.14949999999999997,0
7-scenes-redkitchen,34,39,3407,0.05859374999999978,0.14549999999999996,0
7-scenes-redkitchen,34,54,3407,0.17968749999999933,0.179,0
7-scenes-redkitchen,34,58,3407,0.19140624999999922,0.15350000000000008,0
7-scenes-redkitchen,34,59,3407,0.18359374999999933,0.13,0
7-scenes-redkitchen,35,38,3407,0.2109374999999991,0.16299999999999992,0
7-scenes-redkitchen,35,39,3407,0.15624999999999944,0.14049999999999996,0
7-scenes-redkitchen,35,48,3407,0.04687499999999989,0.014500000000000013,0
7-scenes-redkitchen,35,49,3407,0.0,0.0695,0
7-scenes-redkitchen,35,50,3407,-0.00390625,0.046999999999999986,0
7-scenes-redkitchen,35,52,3407,-0.003906249999999889,0.06500000000000006,0
7-scenes-redkitchen,36,47,3407,0.02734375,0.07400000000000001,0
7-scenes-redkitchen,36,48,3407,0.02734374999999989,0.09100000000000003,0
7-scenes-redkitchen,36,49,3407,0.01171875,0.09400000000000008,0
7-scenes-redkitchen,36,50,3407,0.05078124999999978,0.0675,0
7-scenes-redkitchen,36,52,3407,0.01953124999999989,0.06899999999999995,0
7-scenes-redkitchen,37,47,3407,0.02343749999999989,0.07250000000000001,0
7-scenes-redkitchen,37,48,3407,-0.04687499999999978,0.01849999999999996,0
7-scenes-redkitchen,37,49,3407,0.007812499999999889,0.09699999999999998,0
7-scenes-redkitchen,37,50,3407,-0.03124999999999989,0.019500000000000073,0
7-scenes-redkitchen,37,52,3407,-0.03906249999999978,0.06299999999999994,0
7-scenes-redkitchen,38,49,3407,-0.062499999999999695,0.03349999999999999,0
7-scenes-redkitchen,38,52,3407,0.02734374999999989,0.025500000000000023,0
7-scenes-redkitchen,38,53,3407,-0.04687499999999989,0.08300000000000002,0
7-scenes-redkitchen,38,57,3407,-0.01171875,0.11199999999999999,0
7-scenes-redkitchen,39,47,3407,0.02734374999999989,0.07500000000000001,0
7-scenes-redkitchen,39,48,3407,0.08593749999999967,0.1375,0
7-scenes-redkitchen,39,49,3407,0.20703124999999922,0.23300000000000004,0
7-scenes-redkitchen,39,50,3407,-0.007812499999999889,0.03700000000000003,0
7-scenes-redkitchen,39,52,3407,0.03124999999999989,0.0615,0
7-scenes-redkitchen,39,53,3407,0.17578124999999933,0.13149999999999995,0
7-scenes-redkitchen,39,55,3407,-0.01171875,0.09099999999999997,0
7-scenes-redkitchen,39,56,3407,0.02734374999999989,0.07600000000000007,0
7-scenes-redkitchen,39,57,3407,-0.00390625,0.09250000000000003,0
7-scenes-redkitchen,40,44,3407,-0.007812499999999889,0.057499999999999996,0
7-scenes-redkitchen,40,45,3407,0.04296874999999989,0.08150000000000002,0
7-scenes-redkitchen,40,46,3407,0.035156249999999944,0.09149999999999997,0
7-scenes-redkitchen,41,46,3407,0.11718749999999956,0.21349999999999997,0
7-scenes-redkitchen,42,46,3407,0.07812499999999967,0.21000000000000002,0
7-scenes-redkitchen,43,47,3407,-0.253906249999999,-0.16799999999999998,0
7-scenes-redkitchen,44,47,3407,-0.35156249999999856,-0.2655,-1
7-scenes-redkitchen,44,48,3407,0.042968749999999806,0.08800000000000002,0
7-scenes-redkitchen,45,48,3407,0.00390625,0.1325,0
7-scenes-redkitchen,45,49,3407,0.023437499999999833,0.1485,0
7-scenes-redkitchen,45,50,3407,0.03124999999999989,0.15500000000000003,0
7-scenes-redkitchen,45,51,3407,0.03515624999999983,0.1865,0
7-scenes-redkitchen,45,52,3407,0.015625,0.1255,0
7-scenes-redkitchen,46,53,3407,0.08203124999999961,0.16650000000000004,0
7-scenes-redkitchen,47,54,3407,-0.02734374999999989,-0.03999999999999998,0
7-scenes-redkitchen,48,58,3407,-0.03124999999999989,-0.014499999999999999,1
7-scenes-redkitchen,48,59,3407,0.02343749999999989,0.024500000000000008,0
7-scenes-redkitchen,49,55,3407,-0.04296874999999978,-0.03,0
7-scenes-redkitchen,49,58,3407,-0.05859374999999972,-0.018500000000000016,-1
7-scenes-redkitchen,49,59,3407,0.0781249999999997,0.081,0
7-scenes-redkitchen,50,59,3407,0.10156249999999967,0.025499999999999995,0
7-scenes-redkitchen,51,54,3407,-0.015624999999999896,0.0049999999999999975,-1
7-scenes-redkitchen,51,59,3407,0.0078125,0.022500000000000003,1
7-scenes-redkitchen,52,55,3407,0.02734374999999989,0.03549999999999999,1
7-scenes-redkitchen,52,58,3407,-0.015624999999999889,-0.028999999999999998,0
7-scenes-redkitchen,52,59,3407,0.03906249999999978,-0.037500000000000006,0
7-scenes-redkitchen,53,56,3407,0.1757812499999994,0.08500000000000002,0
7-scenes-redkitchen,53,57,3407,0.03515624999999989,0.04849999999999999,0
sun3d-home_at-home_at_scan1_2013_jan_1,0,30,3407,-0.07031249999999979,0.0015,0
sun3d-home_at-home_at_scan1_2013_jan_1,0,31,3407,-0.0742187499999997,-0.056499999999999995,0
sun3d-home_at-home_at_scan1_2013_jan_1,0,33,3407,0.30078124999999883,0.383,1
sun3d-home_at-home_at_scan1_2013_jan_1,0,34,3407,0.02343749999999989,0.098,1
sun3d-home_at-home_at_scan1_2013_jan_1,0,35,3407,0.04687499999999978,0.10600000000000001,0
sun3d-home_at-home_at_scan1_2013_jan_1,0,36,3407,-0.10937499999999961,0.013500000000000012,0
sun3d-home_at-home_at_scan1_2013_jan_1,0,37,3407,-0.1406249999999995,-0.10249999999999998,0
sun3d-home_at-home_at_scan1_2013_jan_1,0,38,3407,0.17968749999999933,0.22050000000000003,0
sun3d-home_at-home_at_scan1_2013_jan_1,0,41,3407,0.027343749999999896,0.010000000000000002,0
sun3d-home_at-home_at_scan1_2013_jan_1,0,42,3407,0.0273437499999999,0.0445,0
sun3d-home_at-home_at_scan1_2013_jan_1,0,47,3407,0.0234375,0.013500000000000002,0
sun3d-home_at-home_at_scan1_2013_jan_1,0,49,3407,-0.0859374999999997,-0.0455,0
sun3d-home_at-home_at_scan1_2013_jan_1,0,50,3407,-0.16796874999999942,-0.0385,0
sun3d-home_at-home_at_scan1_2013_jan_1,0,51,3407,-0.1718749999999993,-0.08149999999999999,0
sun3d-home_at-home_at_scan1_2013_jan_1,1,3,3407,0.0234375,0.08299999999999996,0
sun3d-home_at-home_at_scan1_2013_jan_1,1,31,3407,-0.06249999999999979,-0.016,0
sun3d-home_at-home_at_scan1_2013_jan_1,1,33,3407,0.31640624999999883,0.428,0
sun3d-home_at-home_at_scan1_2013_jan_1,1,35,3407,0.1093749999999995,0.119,0
sun3d-home_at-home_at_scan1_2013_jan_1,1,36,3407,0.03906249999999978,0.08699999999999997,0
sun3d-home_at-home_at_scan1_2013_jan_1,1,37,3407,0.01171875,0.16100000000000003,0
sun3d-home_at-home_at_scan1_2013_jan_1,1,38,3407,0.05859374999999967,0.08099999999999996,0
sun3d-home_at-home_at_scan1_2013_jan_1,1,39,3407,0.0,0.1595000000000001,0
sun3d-home_at-home_at_scan1_2013_jan_1,1,47,3407,-0.015625,-0.012,0
sun3d-home_at-home_at_scan1_2013_jan_1,1,48,3407,-0.0507812499999998,-0.017499999999999998,0
sun3d-home_at-home_at_scan1_2013_jan_1,1,49,3407,-0.16015624999999942,-0.055,0
sun3d-home_at-home_at_scan1_2013_jan_1,1,50,3407,-0.2187499999999991,-0.08449999999999999,0
sun3d-home_at-home_at_scan1_2013_jan_1,1,51,3407,-0.1367187499999995,-0.08399999999999999,0
sun3d-home_at-home_at_scan1_2013_jan_1,2,3,3407,0.03906249999999978,0.08399999999999996,0
sun3d-home_at-home_at_scan1_2013_jan_1,2,31,3407,-0.031249999999999903,-0.014499999999999999,0
sun3d-home_at-home_at_scan1_2013_jan_1,2,33,3407,0.39843749999999845,0.42300000000000004,1
sun3d-home_at-home_at_scan1_2013_jan_1,2,35,3407,0.10937499999999967,0.16349999999999998,0
sun3d-home_at-home_at_scan1_2013_jan_1,2,37,3407,0.08203124999999967,0.14,0
sun3d-home_at-home_at_scan1_2013_jan_1,2,39,3407,-0.00390625,0.11349999999999993,0
sun3d-home_at-home_at_scan1_2013_jan_1,2,48,3407,-0.0390624999999998,-0.018,0
sun3d-home_at-home_at_scan1_2013_jan_1,2,49,3407,-0.007812499999999999,0.0,0
sun3d-home_at-home_at_scan1_2013_jan_1,2,50,3407,0.0,0.0,0
sun3d-home_at-home_at_scan1_2013_jan_1,2,51,3407,-0.0039062499999999,0.0,0
sun3d-home_at-home_at_scan1_2013_jan_1,3,24,3407,-0.01171875,-0.0005000000000000004,0
sun3d-home_at-home_at_scan1_2013_jan_1,3,25,3407,-0.0937499999999996,-0.027500000000000004,0
sun3d-home_at-home_at_scan1_2013_jan_1,3,26,3407,-0.0703124999999997,-0.0065,0
sun3d-home_at-home_at_scan1_2013_jan_1,3,29,3407,-0.046874999999999806,-0.005499999999999998,0
sun3d-home_at-home_at_scan1_2013_jan_1,3,30,3407,0.050781249999999806,0.05,0
sun3d-home_at-home_at_scan1_2013_jan_1,3,32,3407,0.07031249999999972,0.058499999999999996,0
sun3d-home_at-home_at_scan1_2013_jan_1,3,33,3407,0.10546874999999961,0.1365,0
sun3d-home_at-home_at_scan1_2013_jan_1,3,34,3407,-0.06640624999999978,0.056499999999999995,0
sun3d-home_at-home_at_scan1_2013_jan_1,3,35,3407,0.16796874999999928,0.21300000000000002,0
sun3d-home_at-home_at_scan1_2013_jan_1,3,36,3407,0.08593749999999967,0.14250000000000002,0
sun3d-home_at-home_at_scan1_2013_jan_1,3,37,3407,-0.07812499999999967,0.061499999999999944,0
sun3d-home_at-home_at_scan1_2013_jan_1,3,38,3407,0.30078124999999883,0.34400000000000003,0
sun3d-home_at-home_at_scan1_2013_jan_1,3,40,3407,-0.1484374999999994,-0.21400000000000002,-1
sun3d-home_at-home_at_scan1_2013_jan_1,3,41,3407,-0.08203124999999967,0.027500000000000024,0
sun3d-home_at-home_at_scan1_2013_jan_1,3,42,3407,0.19531249999999922,0.15950000000000003,0
sun3d-home_at-home_at_scan1_2013_jan_1,3,44,3407,0.2187499999999991,0.31250000000000006,0
sun3d-home_at-home_at_scan1_2013_jan_1,3,45,3407,0.1171874999999995,0.2465,0
sun3d-home_at-home_at_scan1_2013_jan_1,3,46,3407,0.1523437499999994,0.22800000000000004,1
sun3d-home_at-home_at_scan1_2013_jan_1,3,48,3407,0.0156249999999999,-0.015000000000000001,0
sun3d-home_at-home_at_scan1_2013_jan_1,3,49,3407,0.00390625,-0.020999999999999998,0
sun3d-home_at-home_at_scan1_2013_jan_1,4,8,3407,0.03124999999999989,0.046499999999999986,0
sun3d-home_at-home_at_scan1_2013_jan_1,4,24,3407,-0.08593749999999961,-0.0665,0
sun3d-home_at-home_at_scan1_2013_jan_1,4,25,3407,-0.015625,-0.020499999999999997,0
sun3d-home_at-home_at_scan1_2013_jan_1,4,26,3407,-0.0898437499999996,-0.056999999999999995,0
sun3d-home_at-home_at_scan1_2013_jan_1,4,29,3407,-0.20703124999999922,-0.0785,0
sun3d-home_at-home_at_scan1_2013_jan_1,4,30,3407,-0.0234375,-0.08950000000000001,0
sun3d-home_at-home_at_scan1_2013_jan_1,4,31,3407,-0.11328124999999947,0.0055,0
sun3d-home_at-home_at_scan1_2013_jan_1,4,32,3407,0.0664062499999997,0.0625,0
sun3d-home_at-home_at_scan1_2013_jan_1,4,42,3407,-0.1601562499999994,-0.0695,0
sun3d-home_at-home_at_scan1_2013_jan_1,4,44,3407,0.242187499999999,0.176,1
sun3d-home_at-home_at_scan1_2013_jan_1,4,45,3407,0.3007812499999988,0.27249999999999996,1
sun3d-home_at-home_at_scan1_2013_jan_1,4,47,3407,-0.1171874999999995,-0.0465,0
sun3d-home_at-home_at_scan1_2013_jan_1,5,6,3407,-0.01953125,-0.035999999999999976,0
sun3d-home_at-home_at_scan1_2013_jan_1,5,11,3407,0.1523437499999995,0.129,0
sun3d-home_at-home_at_scan1_2013_jan_1,5,15,3407,0.25390624999999895,0.1645,0
sun3d-home_at-home_at_scan1_2013_jan_1,5,40,3407,0.1210937499999995,0.03300000000000003,0
sun3d-home_at-home_at_scan1_2013_jan_1,6,8,3407,-0.03515624999999983,0.05350000000000002,0
sun3d-home_at-home_at_scan1_2013_jan_1,6,9,3407,-0.0507812499999998,-0.044500000000000005,0
sun3d-home_at-home_at_scan1_2013_jan_1,6,10,3407,-0.0039062499999999,0.0,0
sun3d-home_at-home_at_scan1_2013_jan_1,6,24,3407,-0.04687499999999972,-0.035,0
sun3d-home_at-home_at_scan1_2013_jan_1,6,25,3407,-0.02343749999999989,-0.014500000000000013,0
sun3d-home_at-home_at_scan1_2013_jan_1,6,26,3407,-0.0703124999999997,-0.08,0
sun3d-home_at-home_at_scan1_2013_jan_1,6,29,3407,0.01171875,-0.0485,0
sun3d-home_at-home_at_scan1_2013_jan_1,6,30,3407,0.00390625,-0.028999999999999998,0
sun3d-home_at-home_at_scan1_2013_jan_1,6,31,3407,-0.007812499999999889,-0.0165,0
sun3d-home_at-home_at_scan1_2013_jan_1,6,42,3407,-0.027343749999999903,0.1605,0
sun3d-home_at-home_at_scan1_2013_jan_1,6,43,3407,0.1953124999999992,0.1575,1
sun3d-home_at-home_at_scan1_2013_jan_1,6,44,3407,0.4570312499999983,0.34299999999999997,1
sun3d-home_at-home_at_scan1_2013_jan_1,6,45,3407,0.4335937499999983,0.327,1
sun3d-home_at-home_at_scan1_2013_jan_1,6,46,3407,0.027343749999999903,0.13,0
sun3d-home_at-home_at_scan1_2013_jan_1,6,47,3407,0.1640624999999993,0.14650000000000002,0
sun3d-home_at-home_at_scan1_2013_jan_1,7,9,3407,-0.03124999999999989,0.07650000000000001,0
sun3d-home_at-home_at_scan1_2013_jan_1,7,10,3407,0.2109374999999991,0.23199999999999998,0
sun3d-home_at-home_at_scan1_2013_jan_1,7,24,3407,0.007812499999999889,-0.023499999999999993,0
sun3d-home_at-home_at_scan1_2013_jan_1,7,25,3407,-0.01953125,-0.007000000000000006,0
sun3d-home_at-home_at_scan1_2013_jan_1,7,26,3407,0.0078125,-0.032,0
sun3d-home_at-home_at_scan1_2013_jan_1,7,28,3407,0.01953125,0.0050000000000000044,0
sun3d-home_at-home_at_scan1_2013_jan_1,7,29,3407,0.03515624999999978,0.02100000000000002,0
sun3d-home_at-home_at_scan1_2013_jan_1,7,30,3407,0.06249999999999972,0.010000000000000009,0
sun3d-home_at-home_at_scan1_2013_jan_1,7,31,3407,-0.08593749999999972,-0.0030000000000000027,0
sun3d-home_at-home_at_scan1_2013_jan_1,7,43,3407,0.1249999999999995,0.14,0
sun3d-home_at-home_at_scan1_2013_jan_1,7,44,3407,0.09765624999999967,0.10949999999999993,0
sun3d-home_at-home_at_scan1_2013_jan_1,7,45,3407,0.15624999999999944,0.18549999999999994,0
sun3d-home_at-home_at_scan1_2013_jan_1,7,47,3407,0.07812499999999978,0.028999999999999998,0
sun3d-home_at-home_at_scan1_2013_jan_1,8,11,3407,-0.0703124999999997,-0.02,0
sun3d-home_at-home_at_scan1_2013_jan_1,8,25,3407,0.015624999999999889,0.0655,0
sun3d-home_at-home_at_scan1_2013_jan_1,8,30,3407,0.04687499999999978,0.04249999999999998,0
sun3d-home_at-home_at_scan1_2013_jan_1,8,44,3407,0.1210937499999995,0.0295,0
sun3d-home_at-home_at_scan1_2013_jan_1,8,45,3407,-0.03124999999999989,-0.027499999999999997,0
sun3d-home_at-home_at_scan1_2013_jan_1,9,11,3407,0.10546874999999956,0.14700000000000002,0
sun3d-home_at-home_at_scan1_2013_jan_1,9,24,3407,0.01953124999999989,0.04849999999999999,0
sun3d-home_at-home_at_scan1_2013_jan_1,9,26,3407,-0.03906249999999983,-0.022499999999999992,0
sun3d-home_at-home_at_scan1_2013_jan_1,9,28,3407,-0.1249999999999995,-0.02350000000000002,0
sun3d-home_at-home_at_scan1_2013_jan_1,9,29,3407,-0.015624999999999889,0.05049999999999999,1
sun3d-home_at-home_at_scan1_2013_jan_1,9,30,3407,-0.04296874999999978,0.04350000000000001,0
sun3d-home_at-home_at_scan1_2013_jan_1,9,43,3407,0.00390625,0.07300000000000001,0
sun3d-home_at-home_at_scan1_2013_jan_1,9,44,3407,0.03515624999999978,0.020499999999999963,0
sun3d-home_at-home_at_scan1_2013_jan_1,9,45,3407,0.03124999999999989,0.08100000000000007,0
sun3d-home_at-home_at_scan1_2013_jan_1,10,12,3407,0.05859374999999989,0.10299999999999998,0
sun3d-home_at-home_at_scan1_2013_jan_1,10,13,3407,0.08203124999999967,0.16100000000000003,0
sun3d-home_at-home_at_scan1_2013_jan_1,10,15,3407,0.2382812499999991,0.23249999999999998,0
sun3d-home_at-home_at_scan1_2013_jan_1,10,17,3407,-0.03906249999999978,0.061,0
sun3d-home_at-home_at_scan1_2013_jan_1,10,22,3407,0.31249999999999883,0.22899999999999998,0
sun3d-home_at-home_at_scan1_2013_jan_1,10,28,3407,-0.01953124999999989,0.0025000000000000022,1
sun3d-home_at-home_at_scan1_2013_jan_1,10,29,3407,0.26953124999999895,0.09800000000000003,0
sun3d-home_at-home_at_scan1_2013_jan_1,10,43,3407,-0.00390625,0.07799999999999996,0
sun3d-home_at-home_at_scan1_2013_jan_1,10,44,3407,0.08593749999999956,0.11249999999999993,0
sun3d-home_at-home_at_scan1_2013_jan_1,10,45,3407,0.03124999999999989,0.06799999999999995,0
sun3d-home_at-home_at_scan1_2013_jan_1,11,13,3407,0.035156249999999556,0.08399999999999996,0
sun3d-home_at-home_at_scan1_2013_jan_1,11,18,3407,-0.011718749999999889,0.11699999999999999,0
sun3d-home_at-home_at_scan1_2013_jan_1,11,20,3407,0.12109374999999956,0.16999999999999993,0
sun3d-home_at-home_at_scan1_2013_jan_1,11,21,3407,0.08203124999999967,0.17300000000000004,0
sun3d-home_at-home_at_scan1_2013_jan_1,11,22,3407,0.12109374999999944,0.1765000000000001,0
sun3d-home_at-home_at_scan1_2013_jan_1,11,23,3407,0.257812499999999,0.269,0
sun3d-home_at-home_at_scan1_2013_jan_1,11,44,3407,0.05859374999999978,0.10600000000000004,1
sun3d-home_at-home_at_scan1_2013_jan_1,11,45,3407,-0.07421874999999961,0.01699999999999996,0
sun3d-home_at-home_at_scan1_2013_jan_1,12,19,3407,0.011718749999999889,0.12849999999999995,0
sun3d-home_at-home_at_scan1_2013_jan_1,12,20,3407,0.14843749999999933,0.19300000000000006,0
sun3d-home_at-home_at_scan1_2013_jan_1,12,22,3407,0.14453124999999944,0.14700000000000002,0
sun3d-home_at-home_at_scan1_2013_jan_1,13,19,3407,0.03515624999999989,0.14249999999999996,0
sun3d-home_at-home_at_scan1_2013_jan_1,13,20,3407,0.12109374999999956,0.23550000000000004,0
sun3d-home_at-home_at_scan1_2013_jan_1,13,21,3407,0.06249999999999978,0.14849999999999997,0
sun3d-home_at-home_at_scan1_2013_jan_1,13,22,3407,0.01953124999999989,0.11550000000000005,0
sun3d-home_at-home_at_scan1_2013_jan_1,14,19,3407,-0.031249999999999778,0.14349999999999996,0
sun3d-home_at-home_at_scan1_2013_jan_1,14,22,3407,0.08984374999999967,0.11150000000000004,0
sun3d-home_at-home_at_scan1_2013_jan_1,15,19,3407,-0.01171875,0.11699999999999999,0
sun3d-home_at-home_at_scan1_2013_jan_1,15,22,3407,0.0078125,0.09750000000000003,0
sun3d-home_at-home_at_scan1_2013_jan_1,15,23,3407,0.04296874999999989,0.17250000000000004,0
sun3d-home_at-home_at_scan1_2013_jan_1,16,22,3407,0.15234374999999944,0.19399999999999995,0
sun3d-home_at-home_at_scan1_2013_jan_1,17,19,3407,0.0078125,0.11599999999999999,0
sun3d-home_at-home_at_scan1_2013_jan_1,17,20,3407,0.05859374999999978,0.16849999999999998,0
sun3d-home_at-home_at_scan1_2013_jan_1,17,23,3407,0.1289062499999995,0.1785,0
sun3d-home_at-home_at_scan1_2013_jan_1,18,22,3407,0.04296874999999989,0.14349999999999996,0
sun3d-home_at-home_at_scan1_2013_jan_1,19,21,3407,-0.0234375,0.022999999999999993,0
sun3d-home_at-home_at_scan1_2013_jan_1,20,22,3407,0.17187499999999928,0.24700000000000003,1
sun3d-home_at-home_at_scan1_2013_jan_1,21,23,3407,0.09765624999999967,0.17849999999999994,0
sun3d-home_at-home_at_scan1_2013_jan_1,22,31,3407,-0.00390625,0.12650000000000006,0
sun3d-home_at-home_at_scan1_2013_jan_1,22,32,3407,0.11718749999999956,0.23849999999999993,0
sun3d-home_at-home_at_scan1_2013_jan_1,22,42,3407,0.22656249999999908,0.3305,1
sun3d-home_at-home_at_scan1_2013_jan_1,22,43,3407,-0.015625,0.06749999999999999,1
sun3d-home_at-home_at_scan1_2013_jan_1,23,24,3407,0.015624999999999889,0.136,0
sun3d-home_at-home_at_scan1_2013_jan_1,23,30,3407,0.0078125,0.16699999999999993,0
sun3d-home_at-home_at_scan1_2013_jan_1,23,43,3407,0.03124999999999989,0.068,0
sun3d-home_at-home_at_scan1_2013_jan_1,23,44,3407,0.18749999999999922,0.086,0
sun3d-home_at-home_at_scan1_2013_jan_1,23,45,3407,0.1640624999999994,0.007000000000000006,0
sun3d-home_at-home_at_scan1_2013_jan_1,23,46,3407,0.3124999999999988,0.223,0
sun3d-home_at-home_at_scan1_2013_jan_1,23,47,3407,0.1640624999999994,0.05100000000000002,0
sun3d-home_at-home_at_scan1_2013_jan_1,24,27,3407,-0.05859374999999972,0.021499999999999964,0
sun3d-home_at-home_at_scan1_2013_jan_1,24,32,3407,0.015625,0.16849999999999998,0
sun3d-home_at-home_at_scan1_2013_jan_1,24,42,3407,0.05078124999999978,0.07200000000000001,0
sun3d-home_at-home_at_scan1_2013_jan_1,24,43,3407,0.01953125,0.00799999999999998,0
sun3d-home_at-home_at_scan1_2013_jan_1,24,44,3407,-0.06249999999999983,-0.04600000000000001,0
sun3d-home_at-home_at_scan1_2013_jan_1,24,45,3407,-0.19140624999999922,-0.059,0
sun3d-home_at-home_at_scan1_2013_jan_1,24,46,3407,-0.02343749999999989,0.07849999999999999,0
sun3d-home_at-home_at_scan1_2013_jan_1,24,47,3407,-0.1484374999999994,-0.0525,-1
sun3d-home_at-home_at_scan1_2013_jan_1,25,31,3407,-0.03906249999999989,0.013499999999999998,1
sun3d-home_at-home_at_scan1_2013_jan_1,26,30,3407,0.05078124999999978,0.08500000000000008,0
sun3d-home_at-home_at_scan1_2013_jan_1,27,29,3407,-0.01953125,0.057499999999999996,0
sun3d-home_at-home_at_scan1_2013_jan_1,28,30,3407,0.04296874999999978,0.08150000000000002,0
sun3d-home_at-home_at_scan1_2013_jan_1,29,32,3407,-0.015625,0.10950000000000004,0
sun3d-home_at-home_at_scan1_2013_jan_1,29,42,3407,0.03906249999999989,0.028499999999999998,0
sun3d-home_at-home_at_scan1_2013_jan_1,29,43,3407,-0.02343749999999989,0.0345,0
sun3d-home_at-home_at_scan1_2013_jan_1,29,44,3407,-0.050781249999999806,-0.077,-1
sun3d-home_at-home_at_scan1_2013_jan_1,29,45,3407,-0.3515624999999986,-0.199,-1
sun3d-home_at-home_at_scan1_2013_jan_1,29,46,3407,-0.20312499999999917,-0.07500000000000001,-1
sun3d-home_at-home_at_scan1_2013_jan_1,29,47,3407,-0.11718749999999961,-0.0775,-1
sun3d-home_at-home_at_scan1_2013_jan_1,30,33,3407,0.14062499999999944,0.18649999999999994,0
sun3d-home_at-home_at_scan1_2013_jan_1,30,34,3407,-0.039062499999999896,-0.040499999999999994,-1
sun3d-home_at-home_at_scan1_2013_jan_1,30,36,3407,0.00390625,0.026000000000000002,0
sun3d-home_at-home_at_scan1_2013_jan_1,30,41,3407,0.0312499999999999,0.033,0
sun3d-home_at-home_at_scan1_2013_jan_1,30,42,3407,0.2187499999999991,0.17099999999999999,0
sun3d-home_at-home_at_scan1_2013_jan_1,30,46,3407,0.05078124999999983,0.215,0
sun3d-home_at-home_at_scan1_2013_jan_1,30,48,3407,-0.019531249999999917,0.22049999999999997,0
sun3d-home_at-home_at_scan1_2013_jan_1,31,35,3407,0.34765624999999867,0.22299999999999998,0
sun3d-home_at-home_at_scan1_2013_jan_1,31,37,3407,0.4765624999999981,0.343,0
sun3d-home_at-home_at_scan1_2013_jan_1,31,38,3407,0.05078124999999978,0.131,0
sun3d-home_at-home_at_scan1_2013_jan_1,31,41,3407,0.4687499999999981,0.2965,0
sun3d-home_at-home_at_scan1_2013_jan_1,31,42,3407,-0.07031249999999967,-0.02200000000000002,0
sun3d-home_at-home_at_scan1_2013_jan_1,31,46,3407,-0.00390625,0.14,0
sun3d-home_at-home_at_scan1_2013_jan_1,31,49,3407,-0.03124999999999989,-0.0020000000000000018,-1
sun3d-home_at-home_at_scan1_2013_jan_1,32,34,3407,0.05468749999999983,0.15249999999999997,0
sun3d-home_at-home_at_scan1_2013_jan_1,32,36,3407,0.0,0.10450000000000004,0
sun3d-home_at-home_at_scan1_2013_jan_1,32,37,3407,0.1406249999999995,0.20750000000000002,0
sun3d-home_at-home_at_scan1_2013_jan_1,32,38,3407,0.0,0.15700000000000003,0
sun3d-home_at-home_at_scan1_2013_jan_1,32,39,3407,0.04296874999999978,0.18000000000000005,0
sun3d-home_at-home_at_scan1_2013_jan_1,32,40,3407,0.09374999999999967,0.017500000000000016,0
sun3d-home_at-home_at_scan1_2013_jan_1,32,41,3407,0.06249999999999978,0.08400000000000007,0
sun3d-home_at-home_at_scan1_2013_jan_1,32,43,3407,0.03515624999999989,0.061000000000000026,0
sun3d-home_at-home_at_scan1_2013_jan_1,32,44,3407,0.1484374999999994,0.043999999999999984,0
sun3d-home_at-home_at_scan1_2013_jan_1,32,45,3407,0.04296874999999972,0.04300000000000001,0
sun3d-home_at-home_at_scan1_2013_jan_1,32,46,3407,0.19531249999999928,0.15600000000000003,0
sun3d-home_at-home_at_scan1_2013_jan_1,32,47,3407,-0.03515624999999989,-0.08349999999999996,0
sun3d-home_at-home_at_scan1_2013_jan_1,32,48,3407,-0.0703124999999997,-0.127,0
sun3d-home_at-home_at_scan1_2013_jan_1,33,35,3407,0.01171875,0.10850000000000004,0
sun3d-home_at-home_at_scan1_2013_jan_1,33,46,3407,0.1249999999999995,0.199,0
sun3d-home_at-home_at_scan1_2013_jan_1,33,49,3407,0.054687499999999806,0.061000000000000006,0
sun3d-home_at-home_at_scan1_2013_jan_1,34,38,3407,0.01171875,-0.027999999999999914,0
sun3d-home_at-home_at_scan1_2013_jan_1,34,41,3407,0.01953125,0.18499999999999994,0
sun3d-home_at-home_at_scan1_2013_jan_1,34,47,3407,-0.0078125,0.13450000000000006,0
sun3d-home_at-home_at_scan1_2013_jan_1,34,51,3407,0.18359374999999933,0.08250000000000002,0
sun3d-home_at-home_at_scan1_2013_jan_1,34,55,3407,-0.003906249999999889,0.07550000000000001,0
sun3d-home_at-home_at_scan1_2013_jan_1,35,36,3407,0.031249999999999778,0.09299999999999997,0
sun3d-home_at-home_at_scan1_2013_jan_1,35,37,3407,0.03515624999999989,0.10950000000000004,0
sun3d-home_at-home_at_scan1_2013_jan_1,35,48,3407,0.08984374999999956,0.14,0
sun3d-home_at-home_at_scan1_2013_jan_1,35,51,3407,0.015624999999999889,0.08799999999999997,0
sun3d-home_at-home_at_scan1_2013_jan_1,35,52,3407,0.07812499999999967,0.09799999999999998,0
sun3d-home_at-home_at_scan1_2013_jan_1,35,53,3407,0.10937499999999956,0.15749999999999997,0
sun3d-home_at-home_at_scan1_2013_jan_1,35,56,3407,0.011718749999999889,0.038000000000000034,0
sun3d-home_at-home_at_scan1_2013_jan_1,35,57,3407,-0.011718749999999889,0.06400000000000006,1
sun3d-home_at-home_at_scan1_2013_jan_1,35,58,3407,0.10156249999999967,0.19950000000000007,0
sun3d-home_at-home_at_scan1_2013_jan_1,36,38,3407,-0.08203124999999967,-0.019499999999999962,0
sun3d-home_at-home_at_scan1_2013_jan_1,36,41,3407,0.03906249999999978,0.132,0
sun3d-home_at-home_at_scan1_2013_jan_1,36,47,3407,0.015624999999999889,0.1785,0
sun3d-home_at-home_at_scan1_2013_jan_1,36,50,3407,0.12109374999999944,0.15349999999999997,0
sun3d-home_at-home_at_scan1_2013_jan_1,36,51,3407,0.04687499999999989,0.05800000000000005,0
sun3d-home_at-home_at_scan1_2013_jan_1,36,55,3407,-0.07812499999999967,-0.08050000000000002,0
sun3d-home_at-home_at_scan1_2013_jan_1,37,39,3407,0.03906249999999989,0.055500000000000105,0
sun3d-home_at-home_at_scan1_2013_jan_1,37,41,3407,0.03515624999999989,0.11949999999999994,0
sun3d-home_at-home_at_scan1_2013_jan_1,37,47,3407,0.08203124999999967,0.20299999999999996,0
sun3d-home_at-home_at_scan1_2013_jan_1,37,48,3407,-0.0078125,0.126,0
sun3d-home_at-home_at_scan1_2013_jan_1,37,50,3407,-0.0078125,0.13549999999999995,0
sun3d-home_at-home_at_scan1_2013_jan_1,37,51,3407,0.07421874999999978,0.07,1
sun3d-home_at-home_at_scan1_2013_jan_1,37,55,3407,0.0,0.00649999999999995,0
sun3d-home_at-home_at_scan1_2013_jan_1,38,40,3407,0.01171875,0.12450000000000006,0
sun3d-home_at-home_at_scan1_2013_jan_1,38,41,3407,0.02734374999999989,0.10850000000000004,0
sun3d-home_at-home_at_scan1_2013_jan_1,38,48,3407,-0.06249999999999983,-0.006500000000000006,0
sun3d-home_at-home_at_scan1_2013_jan_1,39,41,3407,-0.015625,0.12150000000000005,0
sun3d-home_at-home_at_scan1_2013_jan_1,39,42,3407,0.007812499999999889,0.10149999999999992,0
sun3d-home_at-home_at_scan1_2013_jan_1,39,46,3407,0.21874999999999908,0.3375,1
sun3d-home_at-home_at_scan1_2013_jan_1,39,47,3407,0.23046874999999906,0.23050000000000004,0
sun3d-home_at-home_at_scan1_2013_jan_1,40,42,3407,0.03906249999999989,0.13649999999999995,0
sun3d-home_at-home_at_scan1_2013_jan_1,40,43,3407,0.08984374999999956,0.08550000000000002,0
sun3d-home_at-home_at_scan1_2013_jan_1,40,44,3407,0.0234375,0.007500000000000007,0
sun3d-home_at-home_at_scan1_2013_jan_1,40,45,3407,-0.05468749999999978,0.009000000000000008,0
sun3d-home_at-home_at_scan1_2013_jan_1,40,46,3407,0.06640624999999978,0.22549999999999998,0
sun3d-home_at-home_at_scan1_2013_jan_1,40,47,3407,0.03515624999999978,0.05449999999999999,0
sun3d-home_at-home_at_scan1_2013_jan_1,40,48,3407,0.03124999999999989,0.04899999999999999,0
sun3d-home_at-home_at_scan1_2013_jan_1,41,43,3407,0.19921874999999922,0.22399999999999998,0
sun3d-home_at-home_at_scan1_2013_jan_1,41,44,3407,0.05078124999999978,0.11599999999999999,0
sun3d-home_at-home_at_scan1_2013_jan_1,41,45,3407,0.01953124999999989,0.14949999999999997,0
sun3d-home_at-home_at_scan1_2013_jan_1,43,48,3407,0.0585937499999998,0.0,0
sun3d-home_at-home_at_scan1_2013_jan_1,44,48,3407,0.0898437499999996,0.005,0
sun3d-home_at-home_at_scan1_2013_jan_1,46,48,3407,0.17578124999999922,0.2505,0
sun3d-home_at-home_at_scan1_2013_jan_1,47,49,3407,-0.07031249999999978,0.03200000000000003,0
sun3d-home_at-home_at_scan1_2013_jan_1,48,50,3407,0.03515625,0.08499999999999996,0
sun3d-home_at-home_at_scan1_2013_jan_1,48,51,3407,0.02343749999999989,0.09199999999999997,0
sun3d-home_at-home_at_scan1_2013_jan_1,49,52,3407,0.12109374999999956,0.175,0
sun3d-home_at-home_at_scan1_2013_jan_1,49,53,3407,0.10937499999999967,0.1735,0
sun3d-home_at-home_at_scan1_2013_jan_1,49,54,3407,0.03906249999999989,0.09500000000000003,0
sun3d-home_at-home_at_scan1_2013_jan_1,49,55,3407,0.015624999999999889,0.02949999999999997,0
sun3d-home_at-home_at_scan1_2013_jan_1,49,56,3407,0.04687499999999983,0.04999999999999999,0
sun3d-home_at-home_at_scan1_2013_jan_1,50,52,3407,0.20312499999999922,0.21349999999999997,0
sun3d-home_at-home_at_scan1_2013_jan_1,50,53,3407,0.08203124999999967,0.18699999999999994,0
sun3d-home_at-home_at_scan1_2013_jan_1,50,54,3407,0.06249999999999978,0.1385,0
sun3d-home_at-home_at_scan1_2013_jan_1,50,55,3407,0.02343749999999989,0.07149999999999995,0
sun3d-home_at-home_at_scan1_2013_jan_1,50,56,3407,-0.19921874999999922,-0.1235,-1
sun3d-home_at-home_at_scan1_2013_jan_1,50,57,3407,0.04296874999999978,0.11599999999999999,-1
sun3d-home_at-home_at_scan1_2013_jan_1,50,58,3407,0.08593749999999967,0.07500000000000001,-1
sun3d-home_at-home_at_scan1_2013_jan_1,51,52,3407,0.08593749999999967,0.1405,0
sun3d-home_at-home_at_scan1_2013_jan_1,51,53,3407,0.10546874999999967,0.24850000000000003,0
sun3d-home_at-home_at_scan1_2013_jan_1,51,54,3407,0.02734374999999989,0.09350000000000003,0
sun3d-home_at-home_at_scan1_2013_jan_1,51,57,3407,0.12109374999999944,0.232,0
sun3d-home_at-home_at_scan1_2013_jan_1,51,58,3407,0.27734374999999883,0.30599999999999994,1
sun3d-home_at-home_at_scan1_2013_jan_1,52,57,3407,-0.03906249999999989,0.0625,1
sun3d-home_at-home_at_scan1_2013_jan_1,52,58,3407,0.18359374999999922,0.102,1
sun3d-home_at-home_at_scan1_2013_jan_1,53,57,3407,0.02343749999999989,0.133,0
sun3d-home_at-home_at_scan1_2013_jan_1,54,56,3407,0.05468749999999978,0.09699999999999998,0
sun3d-home_at-home_at_scan1_2013_jan_1,54,57,3407,-0.05468749999999978,0.07450000000000001,0
sun3d-home_at-home_at_scan1_2013_jan_1,54,58,3407,0.08203124999999967,0.18500000000000005,0
sun3d-home_at-home_at_scan1_2013_jan_1,55,56,3407,0.05468749999999978,0.12649999999999995,0
sun3d-home_at-home_at_scan1_2013_jan_1,55,58,3407,0.07031249999999967,0.16849999999999998,0
sun3d-home_at-home_at_scan1_2013_jan_1,57,59,3407,0.05078124999999978,0.128,0
sun3d-home_md-home_md_scan9_2012_sep_30,0,1,3407,0.03124999999999989,0.015499999999999986,0
sun3d-home_md-home_md_scan9_2012_sep_30,0,51,3407,-0.37109374999999856,-0.207,0
sun3d-home_md-home_md_scan9_2012_sep_30,0,52,3407,-0.3085937499999988,-0.123,0
sun3d-home_md-home_md_scan9_2012_sep_30,0,53,3407,0.0,0.11399999999999999,0
sun3d-home_md-home_md_scan9_2012_sep_30,0,54,3407,0.13281249999999944,0.20350000000000001,0
sun3d-home_md-home_md_scan9_2012_sep_30,0,55,3407,0.16796874999999933,0.16950000000000004,0
sun3d-home_md-home_md_scan9_2012_sep_30,0,56,3407,0.1328124999999995,0.173,0
sun3d-home_md-home_md_scan9_2012_sep_30,0,57,3407,0.02343749999999989,0.10999999999999999,0
sun3d-home_md-home_md_scan9_2012_sep_30,0,58,3407,0.00390625,0.04899999999999993,0
sun3d-home_md-home_md_scan9_2012_sep_30,0,59,3407,-0.0078125,0.11450000000000005,0
sun3d-home_md-home_md_scan9_2012_sep_30,1,3,3407,0.03124999999999989,0.04550000000000004,0
sun3d-home_md-home_md_scan9_2012_sep_30,1,4,3407,0.06640624999999978,0.06749999999999995,0
sun3d-home_md-home_md_scan9_2012_sep_30,1,5,3407,0.015625,-0.009500000000000008,0
sun3d-home_md-home_md_scan9_2012_sep_30,1,6,3407,0.00390625,0.02099999999999999,0
sun3d-home_md-home_md_scan9_2012_sep_30,1,7,3407,0.01953124999999989,0.08699999999999997,0
sun3d-home_md-home_md_scan9_2012_sep_30,1,8,3407,0.03906249999999989,0.09899999999999998,0
sun3d-home_md-home_md_scan9_2012_sep_30,1,37,3407,-0.02343749999999989,0.06849999999999998,0
sun3d-home_md-home_md_scan9_2012_sep_30,1,38,3407,0.05468749999999978,0.16799999999999998,0
sun3d-home_md-home_md_scan9_2012_sep_30,1,46,3407,0.10546874999999956,0.181,0
sun3d-home_md-home_md_scan9_2012_sep_30,2,3,3407,-0.04687499999999989,0.04799999999999993,0
sun3d-home_md-home_md_scan9_2012_sep_30,2,4,3407,-0.007812499999999889,0.10400000000000009,0
sun3d-home_md-home_md_scan9_2012_sep_30,2,6,3407,0.01953124999999989,0.07500000000000007,0
sun3d-home_md-home_md_scan9_2012_sep_30,2,9,3407,-0.3515624999999986,-0.16999999999999998,-1
sun3d-home_md-home_md_scan9_2012_sep_30,2,36,3407,-0.05078124999999983,0.0030000000000000027,0
sun3d-home_md-home_md_scan9_2012_sep_30,2,37,3407,0.04296874999999978,0.06399999999999995,0
sun3d-home_md-home_md_scan9_2012_sep_30,2,38,3407,0.10156249999999956,0.127,0
sun3d-home_md-home_md_scan9_2012_sep_30,2,39,3407,0.06640624999999978,0.21849999999999992,0
sun3d-home_md-home_md_scan9_2012_sep_30,2,40,3407,0.07421874999999978,0.1785,0
sun3d-home_md-home_md_scan9_2012_sep_30,2,41,3407,0.08593749999999978,0.18000000000000005,0
sun3d-home_md-home_md_scan9_2012_sep_30,2,45,3407,0.02734374999999989,0.1765,0
sun3d-home_md-home_md_scan9_2012_sep_30,2,46,3407,0.06640624999999967,0.17200000000000004,0
sun3d-home_md-home_md_scan9_2012_sep_30,2,47,3407,0.07031249999999978,0.16800000000000004,0
sun3d-home_md-home_md_scan9_2012_sep_30,2,49,3407,0.08203124999999967,0.1855,0
sun3d-home_md-home_md_scan9_2012_sep_30,3,8,3407,0.0,0.04899999999999993,0
sun3d-home_md-home_md_scan9_2012_sep_30,3,45,3407,-0.011718749999999889,0.10550000000000004,0
sun3d-home_md-home_md_scan9_2012_sep_30,3,48,3407,0.14453124999999944,0.20950000000000002,0
sun3d-home_md-home_md_scan9_2012_sep_30,3,49,3407,0.08203124999999978,0.1865,0
sun3d-home_md-home_md_scan9_2012_sep_30,4,8,3407,-0.00390625,0.128,0
sun3d-home_md-home_md_scan9_2012_sep_30,4,30,3407,0.05468749999999978,0.14049999999999996,0
sun3d-home_md-home_md_scan9_2012_sep_30,4,41,3407,0.04296874999999978,0.135,0
sun3d-home_md-home_md_scan9_2012_sep_30,4,45,3407,0.04296874999999978,0.13749999999999996,0
sun3d-home_md-home_md_scan9_2012_sep_30,4,47,3407,0.062499999999999556,0.13949999999999996,0
sun3d-home_md-home_md_scan9_2012_sep_30,4,48,3407,0.12890624999999944,0.19100000000000006,0
sun3d-home_md-home_md_scan9_2012_sep_30,4,49,3407,0.13281249999999944,0.1735,0
sun3d-home_md-home_md_scan9_2012_sep_30,5,8,3407,0.01953124999999989,0.09299999999999997,0
sun3d-home_md-home_md_scan9_2012_sep_30,5,37,3407,0.007812499999999889,0.07,0
sun3d-home_md-home_md_scan9_2012_sep_30,5,41,3407,0.015624999999999778,0.121,0
sun3d-home_md-home_md_scan9_2012_sep_30,5,45,3407,0.007812499999999889,0.09150000000000003,0
sun3d-home_md-home_md_scan9_2012_sep_30,5,47,3407,0.031249999999999778,0.14250000000000007,0
sun3d-home_md-home_md_scan9_2012_sep_30,5,48,3407,0.03906249999999978,0.14100000000000001,0
sun3d-home_md-home_md_scan9_2012_sep_30,5,49,3407,0.05468749999999978,0.15600000000000003,0
sun3d-home_md-home_md_scan9_2012_sep_30,6,8,3407,0.02734374999999989,0.08500000000000002,0
sun3d-home_md-home_md_scan9_2012_sep_30,6,40,3407,-0.01171875,0.07300000000000006,0
sun3d-home_md-home_md_scan9_2012_sep_30,6,41,3407,0.06249999999999978,0.17599999999999993,0
sun3d-home_md-home_md_scan9_2012_sep_30,6,45,3407,0.15234374999999944,0.25350000000000006,0
sun3d-home_md-home_md_scan9_2012_sep_30,6,47,3407,0.01171875,0.16800000000000004,0
sun3d-home_md-home_md_scan9_2012_sep_30,7,8,3407,0.01171875,0.14200000000000002,0
sun3d-home_md-home_md_scan9_2012_sep_30,7,37,3407,0.011718749999999889,0.10799999999999998,0
sun3d-home_md-home_md_scan9_2012_sep_30,7,40,3407,0.03125,0.10049999999999992,0
sun3d-home_md-home_md_scan9_2012_sep_30,7,41,3407,-0.01171875,0.08999999999999997,0
sun3d-home_md-home_md_scan9_2012_sep_30,7,45,3407,0.007812499999999889,0.08950000000000002,0
sun3d-home_md-home_md_scan9_2012_sep_30,7,47,3407,-0.03906249999999978,0.09399999999999997,0
sun3d-home_md-home_md_scan9_2012_sep_30,7,49,3407,0.06640624999999978,0.14949999999999997,0
sun3d-home_md-home_md_scan9_2012_sep_30,8,10,3407,0.03515624999999989,0.08950000000000002,1
sun3d-home_md-home_md_scan9_2012_sep_30,8,32,3407,0.1210937499999995,0.064,1
sun3d-home_md-home_md_scan9_2012_sep_30,8,33,3407,0.015624999999999889,0.0040000000000000036,0
sun3d-home_md-home_md_scan9_2012_sep_30,8,39,3407,0.01171875,0.1325,0
sun3d-home_md-home_md_scan9_2012_sep_30,8,40,3407,-0.023437499999999944,0.05449999999999999,0
sun3d-home_md-home_md_scan9_2012_sep_30,8,46,3407,0.05468749999999978,0.19250000000000006,0
sun3d-home_md-home_md_scan9_2012_sep_30,9,12,3407,-0.1484374999999994,0.006500000000000006,0
sun3d-home_md-home_md_scan9_2012_sep_30,9,32,3407,0.1523437499999994,0.181,0
sun3d-home_md-home_md_scan9_2012_sep_30,9,33,3407,0.33984374999999867,0.22749999999999998,0
sun3d-home_md-home_md_scan9_2012_sep_30,10,32,3407,-0.10546874999999967,-0.028499999999999998,0
sun3d-home_md-home_md_scan9_2012_sep_30,10,33,3407,0.08984374999999967,0.02300000000000002,0
sun3d-home_md-home_md_scan9_2012_sep_30,10,35,3407,0.08984374999999967,0.02150000000000002,0
sun3d-home_md-home_md_scan9_2012_sep_30,10,36,3407,0.04296874999999989,0.12,0
sun3d-home_md-home_md_scan9_2012_sep_30,11,32,3407,-0.07421874999999971,-0.015499999999999998,-1
sun3d-home_md-home_md_scan9_2012_sep_30,11,33,3407,-0.0078125,-0.014499999999999999,0
sun3d-home_md-home_md_scan9_2012_sep_30,11,35,3407,0.019531249999999917,-0.015,1
sun3d-home_md-home_md_scan9_2012_sep_30,11,36,3407,-0.05078124999999978,0.008500000000000008,0
sun3d-home_md-home_md_scan9_2012_sep_30,12,13,3407,0.023437499999999944,0.08699999999999997,0
sun3d-home_md-home_md_scan9_2012_sep_30,12,14,3407,0.0742187499999997,0.024499999999999997,0
sun3d-home_md-home_md_scan9_2012_sep_30,12,32,3407,-0.0742187499999997,-0.0034999999999999996,0
sun3d-home_md-home_md_scan9_2012_sep_30,12,33,3407,0.0312499999999998,0.0005,0
sun3d-home_md-home_md_scan9_2012_sep_30,12,35,3407,-0.1601562499999994,-0.0695,-1
sun3d-home_md-home_md_scan9_2012_sep_30,13,17,3407,-0.08593749999999967,-0.007000000000000006,0
sun3d-home_md-home_md_scan9_2012_sep_30,13,18,3407,0.015624999999999889,0.09899999999999998,0
sun3d-home_md-home_md_scan9_2012_sep_30,13,19,3407,0.00390625,0.08199999999999996,0
sun3d-home_md-home_md_scan9_2012_sep_30,13,23,3407,0.05859374999999978,0.153,0
sun3d-home_md-home_md_scan9_2012_sep_30,13,54,3407,0.14062499999999944,0.1815,0
sun3d-home_md-home_md_scan9_2012_sep_30,13,55,3407,0.007812499999999889,0.09099999999999997,0
sun3d-home_md-home_md_scan9_2012_sep_30,13,56,3407,0.0,0.041000000000000036,0
sun3d-home_md-home_md_scan9_2012_sep_30,13,57,3407,0.05078124999999978,0.09849999999999998,-1
sun3d-home_md-home_md_scan9_2012_sep_30,13,58,3407,0.14453124999999944,0.14949999999999997,0
sun3d-home_md-home_md_scan9_2012_sep_30,14,17,3407,-0.011718749999999889,0.055499999999999994,0
sun3d-home_md-home_md_scan9_2012_sep_30,14,18,3407,0.0,0.13449999999999995,0
sun3d-home_md-home_md_scan9_2012_sep_30,14,19,3407,0.05468749999999978,0.18899999999999995,0
sun3d-home_md-home_md_scan9_2012_sep_30,14,23,3407,0.16406249999999933,0.25049999999999994,0
sun3d-home_md-home_md_scan9_2012_sep_30,14,24,3407,-0.03124999999999989,0.17400000000000004,0
sun3d-home_md-home_md_scan9_2012_sep_30,14,25,3407,0.02734375,0.061,0
sun3d-home_md-home_md_scan9_2012_sep_30,14,54,3407,0.18359374999999928,0.264,0
sun3d-home_md-home_md_scan9_2012_sep_30,14,55,3407,0.02343749999999989,0.13050000000000006,0
sun3d-home_md-home_md_scan9_2012_sep_30,14,56,3407,0.05468749999999978,0.14300000000000002,0
sun3d-home_md-home_md_scan9_2012_sep_30,14,57,3407,0.19531249999999928,0.28250000000000003,0
sun3d-home_md-home_md_scan9_2012_sep_30,14,58,3407,0.40234374999999845,0.4225,1
sun3d-home_md-home_md_scan9_2012_sep_30,15,17,3407,0.02343749999999989,0.050000000000000044,0
sun3d-home_md-home_md_scan9_2012_sep_30,15,18,3407,0.00390625,0.10349999999999993,0
sun3d-home_md-home_md_scan9_2012_sep_30,15,19,3407,0.0078125,0.128,0
sun3d-home_md-home_md_scan9_2012_sep_30,15,23,3407,0.01953125,0.18299999999999994,0
sun3d-home_md-home_md_scan9_2012_sep_30,15,24,3407,-0.04296874999999989,0.16900000000000004,0
sun3d-home_md-home_md_scan9_2012_sep_30,15,25,3407,0.05078124999999983,0.10349999999999998,0
sun3d-home_md-home_md_scan9_2012_sep_30,15,54,3407,0.06640624999999978,0.12949999999999995,0
sun3d-home_md-home_md_scan9_2012_sep_30,15,55,3407,0.02343749999999989,0.14749999999999996,0
sun3d-home_md-home_md_scan9_2012_sep_30,15,56,3407,0.01953125,0.07550000000000001,0
sun3d-home_md-home_md_scan9_2012_sep_30,15,57,3407,0.01953124999999989,0.15500000000000003,0
sun3d-home_md-home_md_scan9_2012_sep_30,15,58,3407,-0.03515624999999978,0.064,0
sun3d-home_md-home_md_scan9_2012_sep_30,16,17,3407,-0.011718749999999889,0.035499999999999976,0
sun3d-home_md-home_md_scan9_2012_sep_30,16,19,3407,0.02343749999999989,0.15499999999999992,0
sun3d-home_md-home_md_scan9_2012_sep_30,16,20,3407,0.011718749999999889,0.08750000000000002,0
sun3d-home_md-home_md_scan9_2012_sep_30,16,21,3407,-0.12499999999999942,-0.07700000000000001,0
sun3d-home_md-home_md_scan9_2012_sep_30,16,22,3407,0.015624999999999944,0.03700000000000003,0
sun3d-home_md-home_md_scan9_2012_sep_30,16,23,3407,0.03906249999999989,0.175,0
sun3d-home_md-home_md_scan9_2012_sep_30,16,25,3407,0.1171874999999995,0.07350000000000001,0
sun3d-home_md-home_md_scan9_2012_sep_30,16,54,3407,0.04296874999999978,0.13250000000000006,0
sun3d-home_md-home_md_scan9_2012_sep_30,16,58,3407,0.09765624999999956,0.15199999999999997,0
sun3d-home_md-home_md_scan9_2012_sep_30,17,23,3407,-0.00390625,0.04600000000000001,0
sun3d-home_md-home_md_scan9_2012_sep_30,17,34,3407,0.01953124999999989,0.022000000000000006,1
sun3d-home_md-home_md_scan9_2012_sep_30,18,24,3407,0.0078125,0.07500000000000001,0
sun3d-home_md-home_md_scan9_2012_sep_30,18,59,3407,-0.03515624999999989,0.0615,0
sun3d-home_md-home_md_scan9_2012_sep_30,19,21,3407,-0.062499999999999695,-0.04400000000000001,0
sun3d-home_md-home_md_scan9_2012_sep_30,19,24,3407,0.04296874999999989,0.08549999999999999,0
sun3d-home_md-home_md_scan9_2012_sep_30,19,59,3407,-0.03124999999999989,0.0315,0
sun3d-home_md-home_md_scan9_2012_sep_30,20,23,3407,0.0078125,0.08150000000000002,0
sun3d-home_md-home_md_scan9_2012_sep_30,21,23,3407,0.023437499999999896,0.013500000000000005,0
sun3d-home_md-home_md_scan9_2012_sep_30,21,34,3407,0.015624999999999903,0.011999999999999997,0
sun3d-home_md-home_md_scan9_2012_sep_30,22,59,3407,0.011718749999999917,0.016,0
sun3d-home_md-home_md_scan9_2012_sep_30,23,25,3407,-0.0585937499999998,-0.008,0
sun3d-home_md-home_md_scan9_2012_sep_30,23,59,3407,-0.07421874999999971,-0.013000000000000005,0
sun3d-home_md-home_md_scan9_2012_sep_30,24,26,3407,0.003906249999999999,-0.004,0
sun3d-home_md-home_md_scan9_2012_sep_30,24,52,3407,-0.0039062499999999,0.0,0
sun3d-home_md-home_md_scan9_2012_sep_30,24,54,3407,-0.0390624999999998,-0.016999999999999998,0
sun3d-home_md-home_md_scan9_2012_sep_30,24,55,3407,-0.019531249999999917,0.027499999999999997,1
sun3d-home_md-home_md_scan9_2012_sep_30,24,56,3407,-0.046874999999999806,0.0040000000000000036,0
sun3d-home_md-home_md_scan9_2012_sep_30,24,57,3407,0.0312499999999998,0.03,0
sun3d-home_md-home_md_scan9_2012_sep_30,25,27,3407,0.01953125,0.006500000000000006,0
sun3d-home_md-home_md_scan9_2012_sep_30,25,52,3407,-0.0234374999999999,-0.0025,0
sun3d-home_md-home_md_scan9_2012_sep_30,25,54,3407,0.0,-0.0010000000000000009,0
sun3d-home_md-home_md_scan9_2012_sep_30,25,55,3407,0.027343749999999903,-0.011999999999999997,0
sun3d-home_md-home_md_scan9_2012_sep_30,25,56,3407,0.0546874999999998,0.0075,1
sun3d-home_md-home_md_scan9_2012_sep_30,25,57,3407,-0.0195312499999999,-0.0085,0
sun3d-home_md-home_md_scan9_2012_sep_30,25,58,3407,0.0,0.0,0
sun3d-home_md-home_md_scan9_2012_sep_30,25,59,3407,0.0039062499999999,0.002,0
sun3d-home_md-home_md_scan9_2012_sep_30,26,42,3407,0.03906249999999978,0.12250000000000005,0
sun3d-home_md-home_md_scan9_2012_sep_30,26,43,3407,-0.015625,-0.02100000000000002,0
sun3d-home_md-home_md_scan9_2012_sep_30,26,59,3407,-0.1210937499999995,-0.122,0
sun3d-home_md-home_md_scan9_2012_sep_30,27,29,3407,-0.0078125,0.049000000000000044,0
sun3d-home_md-home_md_scan9_2012_sep_30,27,42,3407,-0.03515624999999978,0.0014999999999999458,0
sun3d-home_md-home_md_scan9_2012_sep_30,27,43,3407,0.0078125,0.017500000000000016,0
sun3d-home_md-home_md_scan9_2012_sep_30,27,59,3407,-0.0195312499999999,-0.038,0
sun3d-home_md-home_md_scan9_2012_sep_30,28,42,3407,0.03906249999999989,0.07250000000000001,0
sun3d-home_md-home_md_scan9_2012_sep_30,28,43,3407,0.00390625,0.020500000000000018,0
sun3d-home_md-home_md_scan9_2012_sep_30,28,44,3407,0.015625,0.03599999999999999,0
sun3d-home_md-home_md_scan9_2012_sep_30,28,59,3407,0.0781249999999997,0.1185,0
sun3d-home_md-home_md_scan9_2012_sep_30,29,39,3407,-0.00390625,0.017,0
sun3d-home_md-home_md_scan9_2012_sep_30,29,44,3407,0.00390625,0.04850000000000001,0
sun3d-home_md-home_md_scan9_2012_sep_30,29,51,3407,0.062499999999999806,0.09499999999999997,0
sun3d-home_md-home_md_scan9_2012_sep_30,30,31,3407,0.07031249999999978,0.12799999999999997,0
sun3d-home_md-home_md_scan9_2012_sep_30,30,38,3407,-0.01953124999999989,0.013999999999999985,0
sun3d-home_md-home_md_scan9_2012_sep_30,30,39,3407,-0.00390625,0.03799999999999998,0
sun3d-home_md-home_md_scan9_2012_sep_30,30,40,3407,0.031249999999999778,0.023999999999999966,0
sun3d-home_md-home_md_scan9_2012_sep_30,30,41,3407,0.3554687499999986,0.285,1
sun3d-home_md-home_md_scan9_2012_sep_30,30,42,3407,0.0,0.09450000000000003,0
sun3d-home_md-home_md_scan9_2012_sep_30,30,43,3407,0.10156249999999958,0.049000000000000016,0
sun3d-home_md-home_md_scan9_2012_sep_30,30,45,3407,0.07031249999999972,0.06,0
sun3d-home_md-home_md_scan9_2012_sep_30,30,46,3407,0.03124999999999989,0.03749999999999998,0
sun3d-home_md-home_md_scan9_2012_sep_30,30,47,3407,0.3593749999999985,0.294,0
sun3d-home_md-home_md_scan9_2012_sep_30,30,48,3407,0.08984374999999967,0.1335,0
sun3d-home_md-home_md_scan9_2012_sep_30,30,49,3407,0.02734374999999989,0.05299999999999999,0
sun3d-home_md-home_md_scan9_2012_sep_30,30,50,3407,-0.04687499999999972,0.09000000000000002,0
sun3d-home_md-home_md_scan9_2012_sep_30,31,33,3407,0.0390624999999998,0.0005,0
sun3d-home_md-home_md_scan9_2012_sep_30,31,35,3407,-0.0351562499999998,-0.011000000000000001,0
sun3d-home_md-home_md_scan9_2012_sep_30,31,36,3407,-0.0312499999999999,-0.034,0
sun3d-home_md-home_md_scan9_2012_sep_30,31,37,3407,0.0039062499999999,0.0,0
sun3d-home_md-home_md_scan9_2012_sep_30,32,37,3407,-0.05859374999999978,-0.022499999999999992,0
sun3d-home_md-home_md_scan9_2012_sep_30,33,37,3407,-0.05078124999999989,-0.056499999999999995,-1
sun3d-home_md-home_md_scan9_2012_sep_30,34,36,3407,-0.1796874999999992,-0.1205,-1
sun3d-home_md-home_md_scan9_2012_sep_30,34,58,3407,-0.0117187499999999,0.014499999999999999,0
sun3d-home_md-home_md_scan9_2012_sep_30,37,39,3407,0.06249999999999972,0.09000000000000002,0
sun3d-home_md-home_md_scan9_2012_sep_30,37,40,3407,-0.00390625,0.125,0
sun3d-home_md-home_md_scan9_2012_sep_30,37,46,3407,0.031249999999999778,0.10699999999999998,0
sun3d-home_md-home_md_scan9_2012_sep_30,38,45,3407,-0.0078125,0.04800000000000004,0
sun3d-home_md-home_md_scan9_2012_sep_30,38,48,3407,0.02343749999999989,0.13749999999999996,0
sun3d-home_md-home_md_scan9_2012_sep_30,38,49,3407,0.07031249999999989,0.10799999999999998,0
sun3d-home_md-home_md_scan9_2012_sep_30,39,42,3407,0.015624999999999889,0.0695,0
sun3d-home_md-home_md_scan9_2012_sep_30,39,43,3407,0.0234375,0.030000000000000027,0
sun3d-home_md-home_md_scan9_2012_sep_30,39,44,3407,-0.015624999999999889,0.004500000000000004,0
sun3d-home_md-home_md_scan9_2012_sep_30,39,48,3407,0.0,0.10950000000000004,0
sun3d-home_md-home_md_scan9_2012_sep_30,39,49,3407,0.027343749999999778,0.07150000000000001,0
sun3d-home_md-home_md_scan9_2012_sep_30,40,42,3407,-0.01953125,0.08349999999999991,0
sun3d-home_md-home_md_scan9_2012_sep_30,40,43,3407,0.015625,0.0625,0
sun3d-home_md-home_md_scan9_2012_sep_30,40,48,3407,0.0078125,0.11199999999999999,0
sun3d-home_md-home_md_scan9_2012_sep_30,41,43,3407,0.03124999999999989,0.10999999999999999,0
sun3d-home_md-home_md_scan9_2012_sep_30,41,50,3407,0.01171875,0.09549999999999992,0
sun3d-home_md-home_md_scan9_2012_sep_30,42,45,3407,0.01953124999999989,0.051999999999999935,0
sun3d-home_md-home_md_scan9_2012_sep_30,42,46,3407,0.05859374999999978,0.09850000000000003,0
sun3d-home_md-home_md_scan9_2012_sep_30,42,47,3407,0.0,0.044500000000000095,0
sun3d-home_md-home_md_scan9_2012_sep_30,43,44,3407,0.04687499999999989,0.1245,0
sun3d-home_md-home_md_scan9_2012_sep_30,43,45,3407,0.08593749999999956,0.16099999999999992,0
sun3d-home_md-home_md_scan9_2012_sep_30,43,47,3407,0.0,0.14100000000000001,0
sun3d-home_md-home_md_scan9_2012_sep_30,43,48,3407,0.2734374999999989,0.05349999999999999,0
sun3d-home_md-home_md_scan9_2012_sep_30,43,49,3407,0.12499999999999956,0.20149999999999996,0
sun3d-home_md-home_md_scan9_2012_sep_30,43,50,3407,0.04296874999999989,0.04749999999999999,0
sun3d-home_md-home_md_scan9_2012_sep_30,43,51,3407,-0.0078125,0.013999999999999957,0
sun3d-home_md-home_md_scan9_2012_sep_30,45,48,3407,0.0,0.10350000000000004,0
sun3d-home_md-home_md_scan9_2012_sep_30,45,49,3407,0.0,0.08850000000000002,0
sun3d-home_md-home_md_scan9_2012_sep_30,45,50,3407,-0.03906249999999978,0.07950000000000007,0
sun3d-home_md-home_md_scan9_2012_sep_30,46,48,3407,0.015624999999999778,0.09599999999999997,0
sun3d-home_md-home_md_scan9_2012_sep_30,46,49,3407,0.027343749999999778,0.09050000000000002,0
sun3d-home_md-home_md_scan9_2012_sep_30,47,50,3407,0.01953124999999989,0.11950000000000005,0
sun3d-home_md-home_md_scan9_2012_sep_30,48,51,3407,-0.10156249999999958,-0.0185,0
sun3d-home_md-home_md_scan9_2012_sep_30,50,59,3407,-0.04296874999999989,0.0655,0
sun3d-home_md-home_md_scan9_2012_sep_30,51,53,3407,0.03906249999999989,0.126,0
sun3d-home_md-home_md_scan9_2012_sep_30,52,53,3407,0.02734374999999989,0.10200000000000009,0
sun3d-home_md-home_md_scan9_2012_sep_30,52,54,3407,0.01171875,0.118,0
sun3d-home_md-home_md_scan9_2012_sep_30,52,55,3407,0.1445312499999995,0.1925,0
sun3d-home_md-home_md_scan9_2012_sep_30,52,56,3407,0.08984374999999967,0.139,0
sun3d-home_md-home_md_scan9_2012_sep_30,52,57,3407,0.0078125,0.09299999999999997,0
sun3d-home_md-home_md_scan9_2012_sep_30,52,58,3407,0.09374999999999967,0.16549999999999998,0
sun3d-home_md-home_md_scan9_2012_sep_30,53,57,3407,-0.031249999999999917,-0.0345,0
sun3d-home_md-home_md_scan9_2012_sep_30,56,59,3407,0.031249999999999778,0.09599999999999997,0
sun3d-hotel_uc-scan3,0,4,3407,-0.0078125,0.07599999999999996,0
sun3d-hotel_uc-scan3,0,9,3407,0.05078124999999978,0.127,0
sun3d-hotel_uc-scan3,0,11,3407,0.06640624999999978,0.21550000000000002,0
sun3d-hotel_uc-scan3,0,18,3407,-0.09374999999999967,0.08800000000000008,0
sun3d-hotel_uc-scan3,0,20,3407,-0.07031249999999967,0.07000000000000006,0
sun3d-hotel_uc-scan3,0,34,3407,0.15624999999999933,0.254,0
sun3d-hotel_uc-scan3,0,43,3407,0.03906249999999978,0.12949999999999995,0
sun3d-hotel_uc-scan3,0,46,3407,-0.007812499999999889,0.03949999999999998,0
sun3d-hotel_uc-scan3,0,53,3407,0.10546874999999956,0.1745,0
sun3d-hotel_uc-scan3,1,9,3407,0.04296874999999989,0.1795,0
sun3d-hotel_uc-scan3,1,11,3407,0.062499999999999556,0.25049999999999994,0
sun3d-hotel_uc-scan3,1,18,3407,0.07812499999999967,0.10199999999999998,0
sun3d-hotel_uc-scan3,1,20,3407,0.015625,0.07800000000000007,0
sun3d-hotel_uc-scan3,1,34,3407,0.04687499999999978,0.15849999999999997,0
sun3d-hotel_uc-scan3,1,36,3407,-0.023437499999999778,0.07900000000000007,0
sun3d-hotel_uc-scan3,1,43,3407,0.19531249999999922,0.2815000000000001,0
sun3d-hotel_uc-scan3,1,46,3407,-0.0078125,0.08649999999999991,0
sun3d-hotel_uc-scan3,1,53,3407,-0.06249999999999978,0.09299999999999997,0
sun3d-hotel_uc-scan3,2,18,3407,0.05468749999999978,0.11649999999999999,0
sun3d-hotel_uc-scan3,2,19,3407,0.02343749999999989,0.08999999999999997,0
sun3d-hotel_uc-scan3,2,20,3407,0.10546874999999956,0.11600000000000005,0
sun3d-hotel_uc-scan3,2,21,3407,-0.08593749999999967,-0.014500000000000013,0
sun3d-hotel_uc-scan3,2,36,3407,0.007812499999999889,0.09399999999999997,0
sun3d-hotel_uc-scan3,2,43,3407,0.16406249999999922,0.238,0
sun3d-hotel_uc-scan3,2,47,3407,0.0,0.012999999999999956,0
sun3d-hotel_uc-scan3,3,11,3407,0.01953125,0.14049999999999996,0
sun3d-hotel_uc-scan3,3,18,3407,0.14843749999999944,0.25250000000000006,0
sun3d-hotel_uc-scan3,3,20,3407,-0.01171875,0.05049999999999999,0
sun3d-hotel_uc-scan3,3,34,3407,-0.08203124999999967,0.024499999999999966,0
sun3d-hotel_uc-scan3,3,36,3407,0.02734375,0.10850000000000004,0
sun3d-hotel_uc-scan3,3,43,3407,0.05468749999999978,0.16649999999999998,0
sun3d-hotel_uc-scan3,3,44,3407,0.019531249999999778,0.14800000000000002,0
sun3d-hotel_uc-scan3,3,46,3407,-0.02343749999999989,0.058499999999999996,0
sun3d-hotel_uc-scan3,3,53,3407,0.00390625,0.11349999999999999,0
sun3d-hotel_uc-scan3,4,7,3407,0.07812499999999967,0.09250000000000003,0
sun3d-hotel_uc-scan3,4,8,3407,0.11718749999999956,0.11299999999999999,0
sun3d-hotel_uc-scan3,4,10,3407,0.0,0.09250000000000003,0
sun3d-hotel_uc-scan3,4,19,3407,0.05468749999999978,0.15899999999999997,0
sun3d-hotel_uc-scan3,4,38,3407,0.01953124999999989,0.12,0
sun3d-hotel_uc-scan3,4,39,3407,0.242187499999999,0.24749999999999994,0
sun3d-hotel_uc-scan3,4,40,3407,-0.00390625,0.07650000000000001,0
sun3d-hotel_uc-scan3,4,41,3407,0.12109374999999956,0.14750000000000002,0
sun3d-hotel_uc-scan3,4,43,3407,-0.1054687499999995,-0.03749999999999998,0
sun3d-hotel_uc-scan3,4,44,3407,0.01953124999999989,0.05049999999999999,0
sun3d-hotel_uc-scan3,4,45,3407,0.21093749999999917,0.1925,0
sun3d-hotel_uc-scan3,5,36,3407,0.07812499999999967,0.124,0
sun3d-hotel_uc-scan3,5,42,3407,0.1210937499999995,0.08799999999999997,0
sun3d-hotel_uc-scan3,5,43,3407,0.04296874999999983,0.09849999999999998,0
sun3d-hotel_uc-scan3,5,44,3407,0.06249999999999978,0.08050000000000002,0
sun3d-hotel_uc-scan3,6,36,3407,0.03124999999999989,-0.02200000000000002,0
sun3d-hotel_uc-scan3,6,42,3407,0.06249999999999978,0.10549999999999993,0
sun3d-hotel_uc-scan3,6,43,3407,0.06249999999999978,0.09850000000000003,0
sun3d-hotel_uc-scan3,6,44,3407,0.10937499999999956,0.030500000000000027,0
sun3d-hotel_uc-scan3,7,36,3407,0.2421874999999991,0.2435,1
sun3d-hotel_uc-scan3,7,42,3407,-0.015625,0.10999999999999999,0
sun3d-hotel_uc-scan3,7,43,3407,-0.0078125,0.0645,0
sun3d-hotel_uc-scan3,8,10,3407,0.04296874999999989,0.10549999999999998,0
sun3d-hotel_uc-scan3,8,18,3407,-0.0820312499999996,-0.0105,0
sun3d-hotel_uc-scan3,8,20,3407,-0.1132812499999995,-0.0715,0
sun3d-hotel_uc-scan3,8,36,3407,-0.03906249999999989,0.04249999999999993,0
sun3d-hotel_uc-scan3,8,43,3407,0.09765624999999967,0.17399999999999993,0
sun3d-hotel_uc-scan3,8,44,3407,0.03515624999999989,0.05149999999999999,0
sun3d-hotel_uc-scan3,9,18,3407,0.13281249999999944,0.15249999999999997,0
sun3d-hotel_uc-scan3,9,19,3407,0.03124999999999989,0.1325,0
sun3d-hotel_uc-scan3,9,20,3407,0.10937499999999956,0.20299999999999996,0
sun3d-hotel_uc-scan3,9,37,3407,-0.01953124999999989,0.10250000000000004,0
sun3d-hotel_uc-scan3,9,38,3407,0.01171875,0.132,0
sun3d-hotel_uc-scan3,9,39,3407,0.01953124999999989,0.15449999999999997,0
sun3d-hotel_uc-scan3,9,40,3407,0.06640624999999967,0.14,0
sun3d-hotel_uc-scan3,9,41,3407,0.031249999999999778,0.1050000000000001,0
sun3d-hotel_uc-scan3,9,42,3407,0.14453124999999944,0.15549999999999997,0
sun3d-hotel_uc-scan3,10,11,3407,0.10156249999999956,0.21899999999999997,0
sun3d-hotel_uc-scan3,10,34,3407,0.00390625,0.13549999999999995,0
sun3d-hotel_uc-scan3,10,46,3407,0.0,0.15400000000000003,0
sun3d-hotel_uc-scan3,10,53,3407,0.015624999999999889,0.10999999999999999,0
sun3d-hotel_uc-scan3,11,18,3407,0.14062499999999944,0.22199999999999998,0
sun3d-hotel_uc-scan3,11,19,3407,0.05468749999999978,0.15949999999999998,0
sun3d-hotel_uc-scan3,11,20,3407,0.2109374999999991,0.1875,0
sun3d-hotel_uc-scan3,11,21,3407,-0.05468749999999978,0.05800000000000005,0
sun3d-hotel_uc-scan3,11,33,3407,0.1171874999999995,0.0685,0
sun3d-hotel_uc-scan3,11,43,3407,0.07031249999999967,0.17700000000000005,0
sun3d-hotel_uc-scan3,11,44,3407,0.08203124999999967,0.18949999999999995,0
sun3d-hotel_uc-scan3,11,45,3407,-0.03124999999999989,0.13350000000000006,0
sun3d-hotel_uc-scan3,11,52,3407,-0.01171875,0.11550000000000005,0
sun3d-hotel_uc-scan3,12,22,3407,0.1835937499999992,0.037,1
sun3d-hotel_uc-scan3,12,25,3407,-0.03906249999999989,-0.0335,-1
sun3d-hotel_uc-scan3,12,30,3407,0.05859374999999978,0.028999999999999998,0
sun3d-hotel_uc-scan3,12,34,3407,0.12890624999999944,0.14649999999999996,0
sun3d-hotel_uc-scan3,12,46,3407,0.2304687499999991,0.1355,0
sun3d-hotel_uc-scan3,13,15,3407,0.0078125,0.10899999999999999,0
sun3d-hotel_uc-scan3,13,16,3407,0.0078125,0.13,0
sun3d-hotel_uc-scan3,13,23,3407,0.05468749999999989,0.16949999999999998,0
sun3d-hotel_uc-scan3,13,27,3407,-0.24609374999999906,-0.006000000000000005,0
sun3d-hotel_uc-scan3,13,30,3407,-0.1249999999999995,0.033499999999999974,0
sun3d-hotel_uc-scan3,13,31,3407,-0.07031249999999978,0.056499999999999995,0
sun3d-hotel_uc-scan3,13,33,3407,0.02734374999999989,0.10499999999999998,0
sun3d-hotel_uc-scan3,13,47,3407,-0.011718749999999889,0.0615,0
sun3d-hotel_uc-scan3,13,51,3407,0.05078124999999978,0.12950000000000006,0
sun3d-hotel_uc-scan3,14,22,3407,0.05859374999999978,-0.0050000000000000044,0
sun3d-hotel_uc-scan3,14,27,3407,-0.0078125,0.10499999999999998,0
sun3d-hotel_uc-scan3,14,28,3407,0.02734374999999989,0.14300000000000002,0
sun3d-hotel_uc-scan3,14,48,3407,-0.00390625,0.08099999999999996,0
sun3d-hotel_uc-scan3,14,50,3407,-0.07031249999999978,-0.016000000000000014,0
sun3d-hotel_uc-scan3,14,52,3407,-0.007812499999999889,0.06000000000000005,0
sun3d-hotel_uc-scan3,15,17,3407,0.00390625,-0.007000000000000006,0
sun3d-hotel_uc-scan3,15,26,3407,-0.007812499999999889,0.09550000000000003,0
sun3d-hotel_uc-scan3,15,48,3407,0.015625,0.133,0
sun3d-hotel_uc-scan3,15,50,3407,0.04687499999999989,0.06650000000000006,0
sun3d-hotel_uc-scan3,15,52,3407,0.07031249999999978,0.16549999999999998,0
sun3d-hotel_uc-scan3,16,21,3407,0.04687499999999978,0.10399999999999998,0
sun3d-hotel_uc-scan3,16,25,3407,0.0,0.08449999999999991,0
sun3d-hotel_uc-scan3,16,47,3407,-0.07031249999999978,-0.10149999999999998,-1
sun3d-hotel_uc-scan3,16,50,3407,0.09765624999999967,0.09200000000000003,0
sun3d-hotel_uc-scan3,16,52,3407,0.015624999999999889,0.17500000000000004,0
sun3d-hotel_uc-scan3,17,18,3407,0.06640624999999978,0.1475,0
sun3d-hotel_uc-scan3,17,23,3407,-0.00390625,-0.05350000000000002,0
sun3d-hotel_uc-scan3,17,34,3407,-0.05859374999999978,0.055499999999999994,0
sun3d-hotel_uc-scan3,17,47,3407,0.1054687499999995,0.1805,0
sun3d-hotel_uc-scan3,17,53,3407,-0.05859374999999978,0.08600000000000002,0
sun3d-hotel_uc-scan3,18,21,3407,0.0,0.05500000000000005,0
sun3d-hotel_uc-scan3,18,34,3407,0.05468749999999978,0.1725,0
sun3d-hotel_uc-scan3,18,35,3407,-0.015624999999999889,0.0814999999999999,-1
sun3d-hotel_uc-scan3,18,43,3407,0.007812499999999889,0.09799999999999998,0
sun3d-hotel_uc-scan3,18,44,3407,0.08593749999999967,0.16000000000000003,0
sun3d-hotel_uc-scan3,18,46,3407,-0.007812499999999889,0.1349999999999999,0
sun3d-hotel_uc-scan3,18,53,3407,0.19531249999999928,0.30200000000000005,0
sun3d-hotel_uc-scan3,18,54,3407,0.05859374999999978,0.14800000000000002,0
sun3d-hotel_uc-scan3,19,35,3407,-0.00390625,0.044500000000000095,0
sun3d-hotel_uc-scan3,19,44,3407,0.10546874999999956,0.22899999999999998,0
sun3d-hotel_uc-scan3,19,45,3407,0.07031249999999978,0.15249999999999997,0
sun3d-hotel_uc-scan3,19,54,3407,0.01953124999999989,0.08250000000000002,0
sun3d-hotel_uc-scan3,20,21,3407,-0.011718749999999889,0.04750000000000004,0
sun3d-hotel_uc-scan3,20,34,3407,0.03124999999999989,0.1835,0
sun3d-hotel_uc-scan3,20,35,3407,-0.03515624999999989,0.0010000000000000009,-1
sun3d-hotel_uc-scan3,20,37,3407,0.2773437499999988,0.162,0
sun3d-hotel_uc-scan3,20,43,3407,-0.10546874999999956,0.03199999999999997,0
sun3d-hotel_uc-scan3,20,44,3407,-0.03515624999999989,0.06499999999999995,0
sun3d-hotel_uc-scan3,20,45,3407,0.02734374999999989,0.1265,0
sun3d-hotel_uc-scan3,20,46,3407,0.1289062499999995,0.16049999999999998,0
sun3d-hotel_uc-scan3,20,53,3407,0.1640624999999993,0.273,1
sun3d-hotel_uc-scan3,20,54,3407,0.00390625,0.09500000000000003,0
sun3d-hotel_uc-scan3,21,34,3407,0.03906249999999978,0.11599999999999999,0
sun3d-hotel_uc-scan3,21,35,3407,-0.33203124999999867,-0.0965,0
sun3d-hotel_uc-scan3,21,36,3407,-0.08984374999999961,0.016500000000000015,0
sun3d-hotel_uc-scan3,21,43,3407,-0.3320312499999986,-0.214,-1
sun3d-hotel_uc-scan3,21,45,3407,-0.4414062499999983,-0.23750000000000002,-1
sun3d-hotel_uc-scan3,21,46,3407,-0.05859374999999978,0.07150000000000001,0
sun3d-hotel_uc-scan3,21,47,3407,0.03515624999999989,0.15900000000000003,0
sun3d-hotel_uc-scan3,21,53,3407,-0.02343749999999989,0.09250000000000003,0
sun3d-hotel_uc-scan3,21,54,3407,-0.02343749999999989,0.05050000000000002,0
sun3d-hotel_uc-scan3,22,24,3407,-0.242187499999999,-0.198,0
sun3d-hotel_uc-scan3,22,33,3407,-0.07421874999999972,-0.074,-1
sun3d-hotel_uc-scan3,22,47,3407,0.17968749999999933,0.282,0
sun3d-hotel_uc-scan3,22,48,3407,0.6015624999999976,0.4605,1
sun3d-hotel_uc-scan3,22,49,3407,0.22656249999999917,0.20199999999999996,0
sun3d-hotel_uc-scan3,22,51,3407,-0.02734374999999989,0.09300000000000003,0
sun3d-hotel_uc-scan3,22,52,3407,-0.1757812499999993,-0.089,0
sun3d-hotel_uc-scan3,23,25,3407,0.07421874999999978,0.13950000000000007,0
sun3d-hotel_uc-scan3,23,48,3407,0.09374999999999956,0.08199999999999996,0
sun3d-hotel_uc-scan3,23,50,3407,0.03515624999999989,0.05149999999999999,0
sun3d-hotel_uc-scan3,24,26,3407,0.01953125,0.11599999999999999,0
sun3d-hotel_uc-scan3,24,48,3407,0.0078125,0.051999999999999935,0
sun3d-hotel_uc-scan3,24,50,3407,0.01171875,0.06299999999999994,0
sun3d-hotel_uc-scan3,24,52,3407,0.003906249999999889,0.12149999999999994,0
sun3d-hotel_uc-scan3,25,27,3407,0.05078124999999989,0.15300000000000002,0
sun3d-hotel_uc-scan3,25,28,3407,0.00390625,0.046499999999999986,0
sun3d-hotel_uc-scan3,25,31,3407,-0.2070312499999992,-0.10350000000000001,-1
sun3d-hotel_uc-scan3,25,32,3407,0.07812499999999967,0.1955,0
sun3d-hotel_uc-scan3,25,33,3407,-0.08593749999999978,0.08400000000000002,0
sun3d-hotel_uc-scan3,25,47,3407,-0.062499999999999695,0.010000000000000009,0
sun3d-hotel_uc-scan3,25,50,3407,0.19921874999999922,0.1865,1
sun3d-hotel_uc-scan3,26,29,3407,0.04296875,0.14100000000000001,0
sun3d-hotel_uc-scan3,26,49,3407,-0.031249999999999833,0.04300000000000004,0
sun3d-hotel_uc-scan3,29,30,3407,0.0,0.018000000000000002,0
sun3d-hotel_uc-scan3,30,31,3407,0.02734374999999989,0.197,0
sun3d-hotel_uc-scan3,30,32,3407,0.14453124999999944,0.311,0
sun3d-hotel_uc-scan3,30,33,3407,-0.08203124999999967,0.08100000000000002,0
sun3d-hotel_uc-scan3,30,48,3407,-0.09765624999999961,-0.010999999999999982,0
sun3d-hotel_uc-scan3,31,34,3407,0.05078124999999978,0.136,-1
sun3d-hotel_uc-scan3,31,53,3407,0.12109374999999956,0.1725,0
sun3d-hotel_uc-scan3,32,34,3407,0.3164062499999988,0.24699999999999997,0
sun3d-hotel_uc-scan3,32,53,3407,0.11328124999999956,0.1235,0
sun3d-hotel_uc-scan3,33,35,3407,0.01953124999999989,0.004500000000000004,0
sun3d-hotel_uc-scan3,33,46,3407,0.17187499999999928,0.11099999999999999,1
sun3d-hotel_uc-scan3,34,43,3407,0.04296874999999989,0.1365,0
sun3d-hotel_uc-scan3,34,44,3407,0.00390625,0.09399999999999997,0
sun3d-hotel_uc-scan3,34,45,3407,-0.05859374999999978,0.12249999999999994,0
sun3d-hotel_uc-scan3,34,52,3407,0.04296874999999989,0.14299999999999996,0
sun3d-hotel_uc-scan3,35,36,3407,0.17968749999999933,0.033500000000000085,0
sun3d-hotel_uc-scan3,35,43,3407,0.14453124999999944,0.19100000000000006,0
sun3d-hotel_uc-scan3,35,44,3407,-0.02734374999999989,0.123,0
sun3d-hotel_uc-scan3,35,45,3407,0.0078125,0.14,0
sun3d-hotel_uc-scan3,35,46,3407,-0.03906249999999978,0.02400000000000002,0
sun3d-hotel_uc-scan3,35,53,3407,-0.0234375,0.07499999999999996,0
sun3d-hotel_uc-scan3,36,37,3407,0.05078124999999978,0.18000000000000005,0
sun3d-hotel_uc-scan3,36,43,3407,0.08984374999999967,0.20200000000000007,0
sun3d-hotel_uc-scan3,36,44,3407,-0.003906249999999889,0.16500000000000004,0
sun3d-hotel_uc-scan3,36,45,3407,0.06640624999999978,0.12250000000000005,0
sun3d-hotel_uc-scan3,37,42,3407,0.09765624999999967,0.10149999999999998,0
sun3d-hotel_uc-scan3,37,43,3407,-0.08984374999999961,0.012500000000000011,0
sun3d-hotel_uc-scan3,37,44,3407,0.11328124999999961,0.095,0
sun3d-hotel_uc-scan3,38,42,3407,0.06249999999999978,0.15800000000000003,0
sun3d-hotel_uc-scan3,39,44,3407,0.0234375,0.08799999999999997,0
sun3d-hotel_uc-scan3,40,43,3407,0.0,0.0804999999999999,0
sun3d-hotel_uc-scan3,40,44,3407,0.0,0.07850000000000001,0
sun3d-hotel_uc-scan3,41,44,3407,0.0078125,0.05999999999999994,0
sun3d-hotel_uc-scan3,42,45,3407,0.16406249999999933,0.17050000000000004,0
sun3d-hotel_uc-scan3,42,54,3407,0.3359374999999986,0.331,1
sun3d-hotel_uc-scan3,43,46,3407,0.12890624999999956,0.14750000000000008,0
sun3d-hotel_uc-scan3,43,53,3407,0.08984374999999956,0.12449999999999994,0
sun3d-hotel_uc-scan3,44,46,3407,0.02343749999999989,0.21550000000000002,0
sun3d-hotel_uc-scan3,44,53,3407,0.03515624999999989,0.13750000000000007,0
sun3d-hotel_uc-scan3,45,53,3407,-0.0078125,0.09799999999999998,0
sun3d-hotel_uc-scan3,46,48,3407,0.0351562499999999,0.0075,0
sun3d-hotel_uc-scan3,47,54,3407,0.14062499999999944,0.14150000000000001,0
sun3d-hotel_uc-scan3,48,53,3407,0.04687499999999978,-0.03199999999999997,0
sun3d-hotel_uc-scan3,49,52,3407,0.02343749999999989,0.10099999999999998,0
sun3d-hotel_uc-scan3,51,52,3407,0.03515624999999989,0.11749999999999994,0
sun3d-hotel_umd-maryland_hotel1,0,8,3407,-0.00390625,0.11299999999999999,0
sun3d-hotel_umd-maryland_hotel1,0,9,3407,-0.0078125,0.10749999999999993,0
sun3d-hotel_umd-maryland_hotel1,0,10,3407,0.05859374999999978,0.1705000000000001,0
sun3d-hotel_umd-maryland_hotel1,0,15,3407,-0.015624999999999889,0.08750000000000002,0
sun3d-hotel_umd-maryland_hotel1,0,23,3407,0.06249999999999978,0.11049999999999993,0
sun3d-hotel_umd-maryland_hotel1,0,29,3407,0.02343749999999989,0.121,0
sun3d-hotel_umd-maryland_hotel1,1,26,3407,0.03515624999999989,0.09799999999999998,0
sun3d-hotel_umd-maryland_hotel1,2,3,3407,0.05859374999999989,0.10999999999999999,0
sun3d-hotel_umd-maryland_hotel1,2,12,3407,0.16406249999999944,0.20749999999999996,0
sun3d-hotel_umd-maryland_hotel1,2,23,3407,0.08203124999999967,0.15899999999999992,0
sun3d-hotel_umd-maryland_hotel1,2,24,3407,-0.03124999999999989,0.027500000000000024,0
sun3d-hotel_umd-maryland_hotel1,2,25,3407,-0.00390625,0.10699999999999998,0
sun3d-hotel_umd-maryland_hotel1,3,11,3407,0.2382812499999991,0.27149999999999996,0
sun3d-hotel_umd-maryland_hotel1,3,15,3407,0.02343749999999989,0.12800000000000006,0
sun3d-hotel_umd-maryland_hotel1,3,23,3407,0.1601562499999993,0.0765,0
sun3d-hotel_umd-maryland_hotel1,3,27,3407,0.10156249999999956,0.17550000000000004,0
sun3d-hotel_umd-maryland_hotel1,3,28,3407,0.04687499999999978,0.1395,0
sun3d-hotel_umd-maryland_hotel1,4,11,3407,0.242187499999999,0.25750000000000006,0
sun3d-hotel_umd-maryland_hotel1,4,12,3407,-0.02343749999999989,0.10550000000000004,0
sun3d-hotel_umd-maryland_hotel1,4,16,3407,0.07031249999999978,0.14500000000000002,0
sun3d-hotel_umd-maryland_hotel1,4,28,3407,0.12499999999999956,0.20749999999999996,0
sun3d-hotel_umd-maryland_hotel1,5,7,3407,0.0,0.0,0
sun3d-hotel_umd-maryland_hotel1,5,27,3407,0.04687499999999978,0.14550000000000007,0
sun3d-hotel_umd-maryland_hotel1,5,33,3407,-0.04687499999999978,0.04200000000000004,0
sun3d-hotel_umd-maryland_hotel1,5,34,3407,-0.09374999999999961,0.014499999999999999,-1
sun3d-hotel_umd-maryland_hotel1,5,35,3407,-0.02343749999999989,0.03500000000000003,0
sun3d-hotel_umd-maryland_hotel1,6,7,3407,0.02734374999999989,0.121,0
sun3d-hotel_umd-maryland_hotel1,6,19,3407,0.28906249999999883,0.16899999999999998,0
sun3d-hotel_umd-maryland_hotel1,6,22,3407,-0.02734374999999989,0.010000000000000009,0
sun3d-hotel_umd-maryland_hotel1,6,33,3407,0.03906249999999978,0.10000000000000009,0
sun3d-hotel_umd-maryland_hotel1,6,34,3407,-0.03124999999999989,0.08649999999999997,0
sun3d-hotel_umd-maryland_hotel1,6,35,3407,0.0078125,0.13350000000000006,0
sun3d-hotel_umd-maryland_hotel1,6,36,3407,0.08984374999999961,0.083,0
sun3d-hotel_umd-maryland_hotel1,6,37,3407,-0.30859374999999867,-0.07350000000000001,-1
sun3d-hotel_umd-maryland_hotel1,7,8,3407,0.3203124999999988,0.323,0
sun3d-hotel_umd-maryland_hotel1,7,9,3407,0.12499999999999944,0.13749999999999996,0
sun3d-hotel_umd-maryland_hotel1,7,10,3407,-0.2031249999999992,-0.1295,-1
sun3d-hotel_umd-maryland_hotel1,7,11,3407,0.04296874999999978,0.13649999999999995,0
sun3d-hotel_umd-maryland_hotel1,7,13,3407,-0.10937499999999956,0.03700000000000003,-1
sun3d-hotel_umd-maryland_hotel1,7,18,3407,0.08203124999999967,0.1875,0
sun3d-hotel_umd-maryland_hotel1,7,20,3407,0.1406249999999995,0.19849999999999995,0
sun3d-hotel_umd-maryland_hotel1,7,21,3407,0.08593749999999967,0.20299999999999996,0
sun3d-hotel_umd-maryland_hotel1,7,22,3407,0.09765624999999967,0.23200000000000004,0
sun3d-hotel_umd-maryland_hotel1,7,29,3407,-0.21093749999999928,-0.07,-1
sun3d-hotel_umd-maryland_hotel1,7,30,3407,0.03515624999999989,0.1955,0
sun3d-hotel_umd-maryland_hotel1,7,31,3407,0.02734374999999989,0.07150000000000001,0
sun3d-hotel_umd-maryland_hotel1,7,32,3407,-0.05078124999999978,0.1215,0
sun3d-hotel_umd-maryland_hotel1,7,36,3407,0.10546874999999961,0.06249999999999997,0
sun3d-hotel_umd-maryland_hotel1,7,37,3407,-0.3515624999999986,-0.21149999999999997,-1
sun3d-hotel_umd-maryland_hotel1,8,10,3407,-0.00390625,0.0615,0
sun3d-hotel_umd-maryland_hotel1,8,19,3407,-0.015625,0.058499999999999996,0
sun3d-hotel_umd-maryland_hotel1,8,20,3407,0.05859374999999978,0.14200000000000002,0
sun3d-hotel_umd-maryland_hotel1,8,21,3407,0.03906249999999989,0.08499999999999996,0
sun3d-hotel_umd-maryland_hotel1,8,26,3407,-0.00390625,0.13,0
sun3d-hotel_umd-maryland_hotel1,8,31,3407,-0.10937499999999956,0.03749999999999998,0
sun3d-hotel_umd-maryland_hotel1,9,14,3407,0.07812499999999989,0.118,0
sun3d-hotel_umd-maryland_hotel1,9,19,3407,-0.3867187499999984,-0.166,-1
sun3d-hotel_umd-maryland_hotel1,9,20,3407,-0.05859374999999978,0.09049999999999991,0
sun3d-hotel_umd-maryland_hotel1,9,21,3407,0.015625,0.010000000000000009,0
sun3d-hotel_umd-maryland_hotel1,9,24,3407,0.05078124999999989,0.10750000000000004,0
sun3d-hotel_umd-maryland_hotel1,9,25,3407,0.03125,0.13850000000000007,0
sun3d-hotel_umd-maryland_hotel1,9,29,3407,0.12890624999999944,0.1355,0
sun3d-hotel_umd-maryland_hotel1,9,31,3407,0.10546874999999956,0.1005,0
sun3d-hotel_umd-maryland_hotel1,10,13,3407,0.05468749999999978,0.15149999999999997,0
sun3d-hotel_umd-maryland_hotel1,10,14,3407,0.01953125,0.12749999999999995,0
sun3d-hotel_umd-maryland_hotel1,10,19,3407,0.0,0.0,0
sun3d-hotel_umd-maryland_hotel1,10,20,3407,0.49218749999999806,0.45999999999999996,0
sun3d-hotel_umd-maryland_hotel1,10,21,3407,0.19140624999999922,0.142,0
sun3d-hotel_umd-maryland_hotel1,10,23,3407,-0.05468749999999978,-0.024500000000000022,0
sun3d-hotel_umd-maryland_hotel1,10,24,3407,0.12499999999999944,0.17149999999999999,0
sun3d-hotel_umd-maryland_hotel1,10,25,3407,0.03906249999999989,0.16900000000000004,0
sun3d-hotel_umd-maryland_hotel1,10,29,3407,0.2578124999999991,0.21699999999999997,0
sun3d-hotel_umd-maryland_hotel1,11,17,3407,0.03515624999999978,0.11050000000000004,0
sun3d-hotel_umd-maryland_hotel1,11,18,3407,-0.2304687499999991,-0.12450000000000006,0
sun3d-hotel_umd-maryland_hotel1,11,27,3407,-0.08203124999999972,0.063,-1
sun3d-hotel_umd-maryland_hotel1,11,28,3407,0.06249999999999978,0.1905,0
sun3d-hotel_umd-maryland_hotel1,11,32,3407,0.1523437499999994,0.098,0
sun3d-hotel_umd-maryland_hotel1,12,15,3407,0.08984374999999967,0.15149999999999997,0
sun3d-hotel_umd-maryland_hotel1,12,23,3407,-0.00390625,-0.01050000000000001,0
sun3d-hotel_umd-maryland_hotel1,12,27,3407,0.19140624999999922,0.16999999999999998,0
sun3d-hotel_umd-maryland_hotel1,12,28,3407,0.07421874999999967,0.12450000000000006,0
sun3d-hotel_umd-maryland_hotel1,12,29,3407,0.0234375,0.012999999999999984,0
sun3d-hotel_umd-maryland_hotel1,13,25,3407,0.3046874999999988,0.255,1
sun3d-hotel_umd-maryland_hotel1,13,26,3407,0.1210937499999995,0.13949999999999999,-1
sun3d-hotel_umd-maryland_hotel1,14,15,3407,-0.01171875,0.12750000000000006,0
sun3d-hotel_umd-maryland_hotel1,14,29,3407,-0.09765624999999961,0.01200000000000001,0
sun3d-hotel_umd-maryland_hotel1,15,24,3407,-0.02343749999999989,0.08850000000000002,0
sun3d-hotel_umd-maryland_hotel1,15,25,3407,-0.011718749999999889,0.15100000000000002,0
sun3d-hotel_umd-maryland_hotel1,17,18,3407,-0.01953124999999989,0.09500000000000008,0
sun3d-hotel_umd-maryland_hotel1,17,22,3407,0.031249999999999778,0.08550000000000002,0
sun3d-hotel_umd-maryland_hotel1,17,27,3407,0.07031249999999978,0.11750000000000005,0
sun3d-hotel_umd-maryland_hotel1,17,29,3407,0.0078125,0.038500000000000034,-1
sun3d-hotel_umd-maryland_hotel1,17,32,3407,0.230468749999999,0.2435,0
sun3d-hotel_umd-maryland_hotel1,18,19,3407,0.15624999999999933,0.12250000000000005,0
sun3d-hotel_umd-maryland_hotel1,18,27,3407,-0.10546874999999961,0.05399999999999999,0
sun3d-hotel_umd-maryland_hotel1,18,28,3407,0.09374999999999967,0.18499999999999994,0
sun3d-hotel_umd-maryland_hotel1,18,32,3407,0.20312499999999922,0.2475,0
sun3d-hotel_umd-maryland_hotel1,18,33,3407,0.0,0.126,0
sun3d-hotel_umd-maryland_hotel1,18,35,3407,0.003906249999999778,0.10850000000000004,0
sun3d-hotel_umd-maryland_hotel1,18,36,3407,0.265624999999999,0.13049999999999998,0
sun3d-hotel_umd-maryland_hotel1,19,20,3407,0.03515624999999978,0.15449999999999997,0
sun3d-hotel_umd-maryland_hotel1,19,30,3407,0.03125,0.16249999999999998,0
sun3d-hotel_umd-maryland_hotel1,19,35,3407,0.1289062499999995,0.1595,1
sun3d-hotel_umd-maryland_hotel1,19,36,3407,-0.10156249999999958,-0.0895,-1
sun3d-hotel_umd-maryland_hotel1,19,37,3407,0.11718749999999961,0.041499999999999995,0
sun3d-hotel_umd-maryland_hotel1,22,27,3407,-0.41015624999999833,-0.257,-1
sun3d-hotel_umd-maryland_hotel1,22,33,3407,-0.0078125,0.11950000000000005,0
sun3d-hotel_umd-maryland_hotel1,22,35,3407,0.007812499999999889,0.07150000000000001,0
sun3d-hotel_umd-maryland_hotel1,23,24,3407,-0.03515625,0.058499999999999996,0
sun3d-hotel_umd-maryland_hotel1,23,25,3407,0.03125,0.10250000000000004,0
sun3d-hotel_umd-maryland_hotel1,23,26,3407,-0.02734374999999989,0.07250000000000006,0
sun3d-hotel_umd-maryland_hotel1,23,29,3407,0.1093749999999995,0.04250000000000001,0
sun3d-hotel_umd-maryland_hotel1,25,27,3407,0.261718749999999,0.17150000000000004,0
sun3d-hotel_umd-maryland_hotel1,25,29,3407,-0.00390625,0.09749999999999992,0
sun3d-hotel_umd-maryland_hotel1,25,32,3407,0.19531249999999933,0.28600000000000003,0
sun3d-hotel_umd-maryland_hotel1,26,27,3407,-0.02734375,0.11749999999999994,0
sun3d-hotel_umd-maryland_hotel1,26,32,3407,0.054687499999999556,0.11499999999999999,0
sun3d-hotel_umd-maryland_hotel1,28,33,3407,-0.05859374999999967,0.09250000000000003,0
sun3d-hotel_umd-maryland_hotel1,32,33,3407,0.01953124999999989,0.12750000000000006,0
sun3d-hotel_umd-maryland_hotel1,35,36,3407,0.2499999999999991,0.29700000000000004,0
sun3d-hotel_umd-maryland_hotel1,35,37,3407,0.3710937499999986,0.2635,1
sun3d-hotel_umd-maryland_hotel1,36,38,3407,0.011718749999999889,0.16949999999999998,0
sun3d-hotel_umd-maryland_hotel1,36,39,3407,0.01171875,0.15450000000000008,0
sun3d-hotel_umd-maryland_hotel1,36,42,3407,0.17187499999999942,0.25,1
sun3d-hotel_umd-maryland_hotel1,36,53,3407,0.0039062499999999,0.001,0
sun3d-hotel_umd-maryland_hotel1,36,55,3407,0.0,0.0,0
sun3d-hotel_umd-maryland_hotel1,36,56,3407,0.11328124999999956,0.20199999999999996,0
sun3d-hotel_umd-maryland_hotel1,37,38,3407,0.04296874999999978,0.22450000000000003,0
sun3d-hotel_umd-maryland_hotel1,37,39,3407,0.06640624999999978,0.21050000000000002,0
sun3d-hotel_umd-maryland_hotel1,37,41,3407,0.01171875,0.15400000000000003,0
sun3d-hotel_umd-maryland_hotel1,37,42,3407,0.226562499999999,0.182,0
sun3d-hotel_umd-maryland_hotel1,37,55,3407,-0.011718749999999903,0.0005,0
sun3d-hotel_umd-maryland_hotel1,37,56,3407,0.10937499999999956,0.1985,0
sun3d-hotel_umd-maryland_hotel1,38,55,3407,0.0585937499999998,0.008,0
sun3d-hotel_umd-maryland_hotel1,40,41,3407,0.015624999999999889,0.09999999999999998,0
sun3d-hotel_umd-maryland_hotel1,41,42,3407,0.2187499999999991,0.3095,0
sun3d-hotel_umd-maryland_hotel1,41,53,3407,-0.00390625,0.0,0
sun3d-hotel_umd-maryland_hotel1,41,55,3407,-0.050781249999999896,0.0005,0
sun3d-hotel_umd-maryland_hotel1,42,53,3407,0.0117187499999999,0.019,0
sun3d-hotel_umd-maryland_hotel1,42,55,3407,0.07031249999999972,0.07549999999999998,0
sun3d-hotel_umd-maryland_hotel1,43,45,3407,0.01171875,0.0685,0
sun3d-hotel_umd-maryland_hotel1,43,48,3407,-0.07421874999999967,0.033500000000000085,0
sun3d-hotel_umd-maryland_hotel1,43,49,3407,-0.01953124999999989,0.10599999999999998,0
sun3d-hotel_umd-maryland_hotel1,43,53,3407,0.0468749999999998,0.0775,0
sun3d-hotel_umd-maryland_hotel1,43,55,3407,0.1210937499999995,0.186,0
sun3d-hotel_umd-maryland_hotel1,44,45,3407,0.05859374999999978,0.13149999999999995,0
sun3d-hotel_umd-maryland_hotel1,44,47,3407,0.0078125,0.10150000000000003,0
sun3d-hotel_umd-maryland_hotel1,44,52,3407,0.0390624999999998,0.017,0
sun3d-hotel_umd-maryland_hotel1,45,46,3407,0.03906249999999978,0.14,0
sun3d-hotel_umd-maryland_hotel1,47,48,3407,0.04687499999999983,0.08300000000000002,0
sun3d-hotel_umd-maryland_hotel1,47,56,3407,0.00390625,0.07700000000000001,-1
sun3d-hotel_umd-maryland_hotel1,48,49,3407,0.1249999999999995,0.15549999999999997,0
sun3d-hotel_umd-maryland_hotel1,49,54,3407,-0.1640624999999993,-0.07850000000000001,0
sun3d-hotel_umd-maryland_hotel1,50,55,3407,-0.00390625,0.09699999999999998,0
sun3d-hotel_umd-maryland_hotel1,51,55,3407,-0.07812499999999972,0.07249999999999995,0
sun3d-hotel_umd-maryland_hotel1,52,53,3407,-0.062499999999999806,-0.019500000000000003,0
sun3d-hotel_umd-maryland_hotel1,52,54,3407,-0.1484374999999994,-0.043,0
sun3d-hotel_umd-maryland_hotel1,54,55,3407,0.1171874999999995,0.13849999999999998,0
sun3d-hotel_umd-maryland_hotel3,0,11,3407,0.05078124999999978,0.16000000000000003,0
sun3d-hotel_umd-maryland_hotel3,0,27,3407,0.00390625,0.0034999999999999996,0
sun3d-hotel_umd-maryland_hotel3,1,11,3407,0.1406249999999995,0.092,1
sun3d-hotel_umd-maryland_hotel3,1,12,3407,0.0,0.15049999999999997,0
sun3d-hotel_umd-maryland_hotel3,1,13,3407,0.09374999999999967,0.20650000000000002,0
sun3d-hotel_umd-maryland_hotel3,3,5,3407,0.0078125,0.051000000000000045,0
sun3d-hotel_umd-maryland_hotel3,5,7,3407,0.00390625,0.11299999999999999,0
sun3d-hotel_umd-maryland_hotel3,8,14,3407,-0.00390625,0.08900000000000008,0
sun3d-hotel_umd-maryland_hotel3,8,16,3407,0.04296874999999978,0.12949999999999995,0
sun3d-hotel_umd-maryland_hotel3,9,10,3407,0.0234375,0.10499999999999998,0
sun3d-hotel_umd-maryland_hotel3,9,15,3407,0.015624999999999778,0.09699999999999998,0
sun3d-hotel_umd-maryland_hotel3,9,16,3407,-0.03906249999999989,0.09849999999999992,0
sun3d-hotel_umd-maryland_hotel3,10,11,3407,0.07421874999999956,0.16749999999999998,0
sun3d-hotel_umd-maryland_hotel3,10,13,3407,0.08203124999999967,0.16149999999999998,0
sun3d-hotel_umd-maryland_hotel3,10,17,3407,0.1406249999999995,0.0905,0
sun3d-hotel_umd-maryland_hotel3,11,14,3407,-0.015624999999999778,0.12449999999999994,0
sun3d-hotel_umd-maryland_hotel3,11,27,3407,0.0,0.0,0
sun3d-hotel_umd-maryland_hotel3,12,27,3407,0.0,0.0,0
sun3d-hotel_umd-maryland_hotel3,13,14,3407,0.0078125,0.17600000000000005,0
sun3d-hotel_umd-maryland_hotel3,13,27,3407,0.0,0.004999999999999999,0
sun3d-hotel_umd-maryland_hotel3,14,16,3407,0.04296874999999989,0.11100000000000004,0
sun3d-hotel_umd-maryland_hotel3,14,17,3407,0.0,-0.044500000000000005,-1
sun3d-hotel_umd-maryland_hotel3,16,18,3407,0.09374999999999967,0.16549999999999998,0
sun3d-hotel_umd-maryland_hotel3,16,19,3407,0.01953124999999989,0.1395,0
sun3d-hotel_umd-maryland_hotel3,18,20,3407,0.0078125,0.17550000000000004,0
sun3d-hotel_umd-maryland_hotel3,20,33,3407,-0.0468749999999998,-0.0335,0
sun3d-hotel_umd-maryland_hotel3,20,34,3407,-0.046874999999999806,-0.0415,0
sun3d-hotel_umd-maryland_hotel3,20,36,3407,0.0,0.0,0
sun3d-hotel_umd-maryland_hotel3,21,24,3407,0.011718749999999889,0.09350000000000003,0
sun3d-hotel_umd-maryland_hotel3,21,29,3407,0.01953124999999989,0.10199999999999998,0
sun3d-hotel_umd-maryland_hotel3,21,30,3407,0.07031249999999978,0.15600000000000003,0
sun3d-hotel_umd-maryland_hotel3,21,31,3407,0.06249999999999967,0.15850000000000009,0
sun3d-hotel_umd-maryland_hotel3,22,24,3407,-0.0078125,0.09650000000000003,0
sun3d-hotel_umd-maryland_hotel3,22,27,3407,0.07812499999999967,0.13849999999999996,0
sun3d-hotel_umd-maryland_hotel3,22,30,3407,0.08984374999999967,0.137,0
sun3d-hotel_umd-maryland_hotel3,22,31,3407,0.07421874999999978,0.15149999999999997,0
sun3d-hotel_umd-maryland_hotel3,23,24,3407,-0.03124999999999989,0.08899999999999997,0
sun3d-hotel_umd-maryland_hotel3,23,27,3407,0.14843749999999944,0.2024999999999999,0
sun3d-hotel_umd-maryland_hotel3,24,25,3407,0.2656249999999989,0.27349999999999997,0
sun3d-hotel_umd-maryland_hotel3,24,30,3407,0.02343749999999989,0.0625,0
sun3d-hotel_umd-maryland_hotel3,25,26,3407,0.03124999999999989,0.07899999999999999,0
sun3d-hotel_umd-maryland_hotel3,25,28,3407,0.09765624999999958,0.10900000000000001,0
sun3d-hotel_umd-maryland_hotel3,27,28,3407,-0.01953124999999989,0.0794999999999999,0
sun3d-hotel_umd-maryland_hotel3,28,31,3407,0.0078125,0.13449999999999995,0
sun3d-hotel_umd-maryland_hotel3,29,31,3407,0.1640624999999994,0.17350000000000002,0
sun3d-hotel_umd-maryland_hotel3,30,32,3407,-0.0078125,0.15449999999999997,0
sun3d-hotel_umd-maryland_hotel3,30,33,3407,-0.09765624999999961,-0.11399999999999999,-1
sun3d-hotel_umd-maryland_hotel3,31,35,3407,0.0781249999999997,0.052500000000000005,0
sun3d-hotel_umd-maryland_hotel3,31,36,3407,0.04296874999999983,0.08550000000000002,0
sun3d-mit_76_studyroom-76-1studyroom2,0,3,3407,0.05468749999999978,0.17200000000000004,0
sun3d-mit_76_studyroom-76-1studyroom2,0,8,3407,0.015624999999999889,0.10399999999999998,0
sun3d-mit_76_studyroom-76-1studyroom2,0,18,3407,0.10546874999999961,0.035,0
sun3d-mit_76_studyroom-76-1studyroom2,0,19,3407,-0.1289062499999995,-0.041000000000000036,0
sun3d-mit_76_studyroom-76-1studyroom2,0,21,3407,-0.0078125,0.14600000000000002,0
sun3d-mit_76_studyroom-76-1studyroom2,0,22,3407,-0.0078125,0.16250000000000003,0
sun3d-mit_76_studyroom-76-1studyroom2,0,33,3407,0.0078125,0.13649999999999995,0
sun3d-mit_76_studyroom-76-1studyroom2,0,39,3407,-0.0039062499999999,0.0,0
sun3d-mit_76_studyroom-76-1studyroom2,0,44,3407,0.003906249999999889,-0.013499999999999984,0
sun3d-mit_76_studyroom-76-1studyroom2,0,45,3407,0.02343749999999989,0.2134999999999999,0
sun3d-mit_76_studyroom-76-1studyroom2,0,50,3407,0.01953124999999989,0.13749999999999996,0
sun3d-mit_76_studyroom-76-1studyroom2,0,51,3407,0.0078125,0.07750000000000001,0
sun3d-mit_76_studyroom-76-1studyroom2,0,64,3407,-0.023437499999999903,0.0,0
sun3d-mit_76_studyroom-76-1studyroom2,1,8,3407,0.01953125,0.12849999999999995,0
sun3d-mit_76_studyroom-76-1studyroom2,1,19,3407,0.0078125,0.053000000000000005,1
sun3d-mit_76_studyroom-76-1studyroom2,1,20,3407,0.003906249999999889,0.19400000000000003,0
sun3d-mit_76_studyroom-76-1studyroom2,1,21,3407,0.07812499999999967,0.16249999999999998,0
sun3d-mit_76_studyroom-76-1studyroom2,1,22,3407,0.00390625,0.21149999999999997,0
sun3d-mit_76_studyroom-76-1studyroom2,1,33,3407,0.011718749999999889,0.1345,0
sun3d-mit_76_studyroom-76-1studyroom2,1,39,3407,0.0,-0.0005,0
sun3d-mit_76_studyroom-76-1studyroom2,1,44,3407,-0.0156249999999999,-0.015,0
sun3d-mit_76_studyroom-76-1studyroom2,1,50,3407,-0.00390625,0.10850000000000004,0
sun3d-mit_76_studyroom-76-1studyroom2,1,51,3407,0.01953125,0.10849999999999999,0
sun3d-mit_76_studyroom-76-1studyroom2,1,64,3407,-0.0546874999999997,0.0,0
sun3d-mit_76_studyroom-76-1studyroom2,2,4,3407,0.0390624999999998,0.0015,0
sun3d-mit_76_studyroom-76-1studyroom2,2,21,3407,0.23046874999999908,0.212,1
sun3d-mit_76_studyroom-76-1studyroom2,2,34,3407,-0.02734374999999989,0.15350000000000008,0
sun3d-mit_76_studyroom-76-1studyroom2,2,43,3407,0.0,0.0,0
sun3d-mit_76_studyroom-76-1studyroom2,2,51,3407,-0.02343749999999989,0.08799999999999997,0
sun3d-mit_76_studyroom-76-1studyroom2,3,8,3407,-0.015624999999999889,0.04149999999999998,0
sun3d-mit_76_studyroom-76-1studyroom2,3,35,3407,0.07421874999999967,0.14650000000000007,0
sun3d-mit_76_studyroom-76-1studyroom2,3,36,3407,0.09374999999999956,0.18899999999999995,0
sun3d-mit_76_studyroom-76-1studyroom2,3,37,3407,0.07812499999999967,0.17600000000000005,0
sun3d-mit_76_studyroom-76-1studyroom2,3,41,3407,0.027343749999999833,0.08549999999999996,0
sun3d-mit_76_studyroom-76-1studyroom2,3,42,3407,0.17578124999999928,0.191,1
sun3d-mit_76_studyroom-76-1studyroom2,4,6,3407,0.050781249999999806,0.044,0
sun3d-mit_76_studyroom-76-1studyroom2,4,7,3407,0.0039062499999999,0.0,0
sun3d-mit_76_studyroom-76-1studyroom2,4,38,3407,0.0,0.0,0
sun3d-mit_76_studyroom-76-1studyroom2,4,45,3407,0.0,0.0,0
sun3d-mit_76_studyroom-76-1studyroom2,4,49,3407,-0.0039062499999999,0.0,0
sun3d-mit_76_studyroom-76-1studyroom2,5,8,3407,0.03124999999999989,0.18650000000000005,0
sun3d-mit_76_studyroom-76-1studyroom2,5,34,3407,0.01953124999999989,0.15349999999999997,0
sun3d-mit_76_studyroom-76-1studyroom2,5,35,3407,0.03515624999999989,0.13599999999999995,0
sun3d-mit_76_studyroom-76-1studyroom2,5,36,3407,0.05859374999999978,0.16300000000000003,0
sun3d-mit_76_studyroom-76-1studyroom2,5,41,3407,-0.2421874999999991,-0.13199999999999995,0
sun3d-mit_76_studyroom-76-1studyroom2,5,42,3407,-0.34374999999999867,-0.1255,0
sun3d-mit_76_studyroom-76-1studyroom2,5,50,3407,-0.07812499999999961,0.04049999999999998,0
sun3d-mit_76_studyroom-76-1studyroom2,6,34,3407,-0.00390625,0.134,0
sun3d-mit_76_studyroom-76-1studyroom2,6,40,3407,-0.0078124999999999,0.0,0
sun3d-mit_76_studyroom-76-1studyroom2,6,43,3407,-0.0937499999999997,-0.0055,0
sun3d-mit_76_studyroom-76-1studyroom2,6,50,3407,-0.14062499999999944,0.024499999999999966,0
sun3d-mit_76_studyroom-76-1studyroom2,6,51,3407,-0.01953124999999989,0.13749999999999996,0
sun3d-mit_76_studyroom-76-1studyroom2,7,34,3407,0.01953124999999989,0.139,0
sun3d-mit_76_studyroom-76-1studyroom2,7,40,3407,-0.1093749999999995,-0.0115,0
sun3d-mit_76_studyroom-76-1studyroom2,7,43,3407,-0.0742187499999997,-0.0245,0
sun3d-mit_76_studyroom-76-1studyroom2,8,9,3407,0.1679687499999994,0.13600000000000007,0
sun3d-mit_76_studyroom-76-1studyroom2,8,10,3407,-0.00390625,0.09849999999999999,1
sun3d-mit_76_studyroom-76-1studyroom2,8,34,3407,0.00390625,0.15200000000000002,0
sun3d-mit_76_studyroom-76-1studyroom2,8,35,3407,-0.015625,0.11249999999999993,0
sun3d-mit_76_studyroom-76-1studyroom2,8,36,3407,0.08203124999999967,0.14549999999999996,0
sun3d-mit_76_studyroom-76-1studyroom2,8,52,3407,-0.03515624999999978,0.12149999999999994,0
sun3d-mit_76_studyroom-76-1studyroom2,8,53,3407,0.20312499999999922,0.305,1
sun3d-mit_76_studyroom-76-1studyroom2,8,55,3407,0.06249999999999978,0.056999999999999995,0
sun3d-mit_76_studyroom-76-1studyroom2,9,12,3407,0.13281249999999944,0.22549999999999998,0
sun3d-mit_76_studyroom-76-1studyroom2,9,36,3407,0.03124999999999989,-0.007500000000000007,0
sun3d-mit_76_studyroom-76-1studyroom2,9,37,3407,0.04296874999999989,-0.015500000000000014,0
sun3d-mit_76_studyroom-76-1studyroom2,9,38,3407,-0.04687499999999989,0.09150000000000003,0
sun3d-mit_76_studyroom-76-1studyroom2,9,39,3407,0.10546874999999956,0.21800000000000008,0
sun3d-mit_76_studyroom-76-1studyroom2,9,50,3407,0.09374999999999961,0.15399999999999997,0
sun3d-mit_76_studyroom-76-1studyroom2,9,54,3407,-0.261718749999999,-0.1515,-1
sun3d-mit_76_studyroom-76-1studyroom2,9,56,3407,0.257812499999999,0.2805,0
sun3d-mit_76_studyroom-76-1studyroom2,10,13,3407,-0.07421874999999978,-0.006500000000000006,0
sun3d-mit_76_studyroom-76-1studyroom2,10,37,3407,0.09374999999999961,-0.018500000000000016,0
sun3d-mit_76_studyroom-76-1studyroom2,10,39,3407,-0.21874999999999922,-0.07700000000000001,0
sun3d-mit_76_studyroom-76-1studyroom2,10,56,3407,0.30078124999999883,0.43099999999999994,1
sun3d-mit_76_studyroom-76-1studyroom2,11,13,3407,-0.1562499999999993,-0.09999999999999998,0
sun3d-mit_76_studyroom-76-1studyroom2,11,51,3407,-0.05859374999999978,0.02949999999999997,0
sun3d-mit_76_studyroom-76-1studyroom2,11,56,3407,0.2734374999999989,0.2425,1
sun3d-mit_76_studyroom-76-1studyroom2,12,14,3407,0.04296874999999978,0.14649999999999996,0
sun3d-mit_76_studyroom-76-1studyroom2,12,15,3407,0.07421874999999967,0.10899999999999999,0
sun3d-mit_76_studyroom-76-1studyroom2,12,51,3407,-0.02343749999999989,0.008999999999999952,-1
sun3d-mit_76_studyroom-76-1studyroom2,12,52,3407,0.011718749999999889,0.11599999999999999,0
sun3d-mit_76_studyroom-76-1studyroom2,12,57,3407,-0.00390625,0.0724999999999999,0
sun3d-mit_76_studyroom-76-1studyroom2,13,53,3407,-0.03906249999999989,-0.0335,0
sun3d-mit_76_studyroom-76-1studyroom2,13,58,3407,0.0,0.0,0
sun3d-mit_76_studyroom-76-1studyroom2,14,18,3407,-0.02343749999999989,-0.015500000000000014,0
sun3d-mit_76_studyroom-76-1studyroom2,14,55,3407,0.06249999999999978,0.127,0
sun3d-mit_76_studyroom-76-1studyroom2,14,61,3407,-0.031249999999999896,-0.005,0
sun3d-mit_76_studyroom-76-1studyroom2,14,62,3407,0.1328124999999995,0.07549999999999998,-1
sun3d-mit_76_studyroom-76-1studyroom2,14,63,3407,0.039062499999999806,0.08149999999999999,0
sun3d-mit_76_studyroom-76-1studyroom2,15,16,3407,0.00390625,0.12150000000000005,0
sun3d-mit_76_studyroom-76-1studyroom2,15,17,3407,0.0078125,0.09750000000000003,0
sun3d-mit_76_studyroom-76-1studyroom2,15,19,3407,0.0078125,0.07199999999999995,0
sun3d-mit_76_studyroom-76-1studyroom2,15,55,3407,0.17187499999999922,0.23299999999999993,0
sun3d-mit_76_studyroom-76-1studyroom2,15,60,3407,-0.01171875,0.0020000000000000018,0
sun3d-mit_76_studyroom-76-1studyroom2,15,61,3407,0.03906249999999983,0.176,0
sun3d-mit_76_studyroom-76-1studyroom2,15,63,3407,-0.35937499999999867,-0.23049999999999993,-1
sun3d-mit_76_studyroom-76-1studyroom2,15,64,3407,-0.36328124999999856,-0.1925,-1
sun3d-mit_76_studyroom-76-1studyroom2,16,18,3407,0.03124999999999989,0.11850000000000005,0
sun3d-mit_76_studyroom-76-1studyroom2,16,19,3407,0.0,0.09549999999999997,0
sun3d-mit_76_studyroom-76-1studyroom2,16,57,3407,0.05078124999999978,0.08400000000000002,0
sun3d-mit_76_studyroom-76-1studyroom2,16,58,3407,0.1289062499999995,0.106,1
sun3d-mit_76_studyroom-76-1studyroom2,16,61,3407,-0.0664062499999997,-0.004,0
sun3d-mit_76_studyroom-76-1studyroom2,16,62,3407,-0.01171875,-0.012499999999999997,-1
sun3d-mit_76_studyroom-76-1studyroom2,16,63,3407,0.035156249999999896,0.05450000000000001,0
sun3d-mit_76_studyroom-76-1studyroom2,16,64,3407,0.031249999999999903,0.05399999999999999,0
sun3d-mit_76_studyroom-76-1studyroom2,17,20,3407,0.058593749999999695,0.0935,1
sun3d-mit_76_studyroom-76-1studyroom2,17,57,3407,-0.14453124999999942,-0.10800000000000001,0
sun3d-mit_76_studyroom-76-1studyroom2,17,58,3407,0.00390625,0.0105,0
sun3d-mit_76_studyroom-76-1studyroom2,17,61,3407,-0.0078124999999999,-0.023,0
sun3d-mit_76_studyroom-76-1studyroom2,17,62,3407,0.02343749999999989,-0.0069999999999999785,0
sun3d-mit_76_studyroom-76-1studyroom2,17,63,3407,0.03906249999999992,0.0015000000000000013,1
sun3d-mit_76_studyroom-76-1studyroom2,17,65,3407,0.03906249999999989,0.061,0
sun3d-mit_76_studyroom-76-1studyroom2,18,21,3407,-0.015624999999999889,0.11699999999999999,0
sun3d-mit_76_studyroom-76-1studyroom2,18,34,3407,-0.1640624999999994,-0.122,0
sun3d-mit_76_studyroom-76-1studyroom2,18,56,3407,-0.062499999999999695,-0.0215,0
sun3d-mit_76_studyroom-76-1studyroom2,18,57,3407,-0.007812499999999889,0.08700000000000002,0
sun3d-mit_76_studyroom-76-1studyroom2,18,58,3407,0.046874999999999806,0.14700000000000002,0
sun3d-mit_76_studyroom-76-1studyroom2,18,61,3407,-0.3906249999999985,-0.1295,-1
sun3d-mit_76_studyroom-76-1studyroom2,18,65,3407,0.37499999999999856,0.31200000000000006,0
sun3d-mit_76_studyroom-76-1studyroom2,19,22,3407,-0.1289062499999995,-0.09450000000000003,-1
sun3d-mit_76_studyroom-76-1studyroom2,19,23,3407,-0.3593749999999985,-0.119,0
sun3d-mit_76_studyroom-76-1studyroom2,19,24,3407,-0.1601562499999993,-0.0235,0
sun3d-mit_76_studyroom-76-1studyroom2,19,33,3407,-0.039062499999999896,-0.07500000000000001,0
sun3d-mit_76_studyroom-76-1studyroom2,19,34,3407,-0.08984374999999967,-0.068,0
sun3d-mit_76_studyroom-76-1studyroom2,19,62,3407,-0.10156249999999961,-0.07,-1
sun3d-mit_76_studyroom-76-1studyroom2,20,24,3407,-0.2148437499999991,-0.119,-1
sun3d-mit_76_studyroom-76-1studyroom2,20,25,3407,0.0,0.0,0
sun3d-mit_76_studyroom-76-1studyroom2,20,32,3407,0.0,0.0,0
sun3d-mit_76_studyroom-76-1studyroom2,20,33,3407,-0.042968749999999806,0.005500000000000005,0
sun3d-mit_76_studyroom-76-1studyroom2,20,35,3407,0.03124999999999989,0.08300000000000002,0
sun3d-mit_76_studyroom-76-1studyroom2,20,63,3407,-0.07421874999999972,-0.073,0
sun3d-mit_76_studyroom-76-1studyroom2,21,25,3407,0.0,0.0,0
sun3d-mit_76_studyroom-76-1studyroom2,21,32,3407,0.0,0.0,0
sun3d-mit_76_studyroom-76-1studyroom2,21,35,3407,0.05078124999999978,0.13050000000000006,0
sun3d-mit_76_studyroom-76-1studyroom2,21,47,3407,-0.058593749999999695,-0.056499999999999995,0
sun3d-mit_76_studyroom-76-1studyroom2,21,48,3407,0.2148437499999992,0.1765,0
sun3d-mit_76_studyroom-76-1studyroom2,21,63,3407,-0.1289062499999995,-0.0475,0
sun3d-mit_76_studyroom-76-1studyroom2,21,64,3407,-0.0078125,0.034,0
sun3d-mit_76_studyroom-76-1studyroom2,21,65,3407,-0.1328124999999995,-0.05449999999999999,-1
sun3d-mit_76_studyroom-76-1studyroom2,22,25,3407,0.1640624999999993,0.0845,0
sun3d-mit_76_studyroom-76-1studyroom2,22,26,3407,0.1718749999999994,0.069,0
sun3d-mit_76_studyroom-76-1studyroom2,22,27,3407,0.1210937499999995,0.027000000000000003,0
sun3d-mit_76_studyroom-76-1studyroom2,22,32,3407,-0.0156249999999999,-0.026,0
sun3d-mit_76_studyroom-76-1studyroom2,22,35,3407,-0.00390625,0.16800000000000004,0
sun3d-mit_76_studyroom-76-1studyroom2,22,48,3407,0.06249999999999978,0.033,0
sun3d-mit_76_studyroom-76-1studyroom2,22,64,3407,-0.10156249999999958,0.002,0
sun3d-mit_76_studyroom-76-1studyroom2,23,26,3407,0.1328124999999995,0.0665,1
sun3d-mit_76_studyroom-76-1studyroom2,23,28,3407,0.0,0.0,0
sun3d-mit_76_studyroom-76-1studyroom2,23,31,3407,0.0,0.0,0
sun3d-mit_76_studyroom-76-1studyroom2,23,34,3407,0.11718749999999956,0.14850000000000002,0
sun3d-mit_76_studyroom-76-1studyroom2,23,64,3407,0.21484374999999922,0.12,1
sun3d-mit_76_studyroom-76-1studyroom2,24,28,3407,0.21484374999999922,0.19800000000000006,0
sun3d-mit_76_studyroom-76-1studyroom2,24,29,3407,0.05859374999999978,0.11150000000000004,0
sun3d-mit_76_studyroom-76-1studyroom2,24,31,3407,0.06640624999999978,0.1865,0
sun3d-mit_76_studyroom-76-1studyroom2,24,34,3407,0.242187499999999,0.23000000000000004,0
sun3d-mit_76_studyroom-76-1studyroom2,24,65,3407,-0.04296874999999978,0.0050000000000000044,0
sun3d-mit_76_studyroom-76-1studyroom2,25,29,3407,-0.027343749999999778,0.056499999999999995,0
sun3d-mit_76_studyroom-76-1studyroom2,25,31,3407,0.06640624999999989,0.1925,0
sun3d-mit_76_studyroom-76-1studyroom2,26,28,3407,0.039062499999999556,0.057499999999999996,0
sun3d-mit_76_studyroom-76-1studyroom2,26,33,3407,0.12499999999999956,0.20450000000000002,0
sun3d-mit_76_studyroom-76-1studyroom2,27,29,3407,0.019531249999999778,0.09799999999999998,0
sun3d-mit_76_studyroom-76-1studyroom2,27,30,3407,0.0,0.09350000000000003,0
sun3d-mit_76_studyroom-76-1studyroom2,27,31,3407,0.03125,0.10699999999999998,0
sun3d-mit_76_studyroom-76-1studyroom2,28,33,3407,0.015624999999999889,0.08050000000000002,0
sun3d-mit_76_studyroom-76-1studyroom2,30,32,3407,-0.6132812499999977,-0.5185000000000001,-1
sun3d-mit_76_studyroom-76-1studyroom2,33,34,3407,-0.10937499999999956,-0.0030000000000000027,0
sun3d-mit_76_studyroom-76-1studyroom2,33,65,3407,-0.0742187499999997,-0.005500000000000001,0
sun3d-mit_76_studyroom-76-1studyroom2,34,36,3407,0.0,0.137,0
sun3d-mit_76_studyroom-76-1studyroom2,34,37,3407,0.03906249999999978,0.13849999999999996,0
sun3d-mit_76_studyroom-76-1studyroom2,34,38,3407,0.015625,0.1725000000000001,0
sun3d-mit_76_studyroom-76-1studyroom2,34,46,3407,0.06640624999999978,0.14500000000000002,0
sun3d-mit_76_studyroom-76-1studyroom2,34,47,3407,0.01171875,0.08450000000000002,0
sun3d-mit_76_studyroom-76-1studyroom2,34,48,3407,-0.01171875,0.10099999999999998,0
sun3d-mit_76_studyroom-76-1studyroom2,34,49,3407,-0.01171875,0.12350000000000005,0
sun3d-mit_76_studyroom-76-1studyroom2,34,63,3407,-0.027343749999999896,-0.002999999999999999,0
sun3d-mit_76_studyroom-76-1studyroom2,34,64,3407,-0.10937499999999961,-0.05399999999999999,0
sun3d-mit_76_studyroom-76-1studyroom2,35,39,3407,-0.1093749999999995,-0.095,0
sun3d-mit_76_studyroom-76-1studyroom2,35,44,3407,-0.0820312499999997,-0.12,0
sun3d-mit_76_studyroom-76-1studyroom2,35,50,3407,0.01953125,0.09999999999999998,0
sun3d-mit_76_studyroom-76-1studyroom2,35,51,3407,0.06249999999999972,0.08749999999999997,0
sun3d-mit_76_studyroom-76-1studyroom2,35,52,3407,0.015624999999999917,0.096,0
sun3d-mit_76_studyroom-76-1studyroom2,36,44,3407,0.02343749999999989,0.02749999999999997,0
sun3d-mit_76_studyroom-76-1studyroom2,36,50,3407,-0.04296874999999989,0.015499999999999958,0
sun3d-mit_76_studyroom-76-1studyroom2,36,51,3407,0.05468749999999978,0.09949999999999998,0
sun3d-mit_76_studyroom-76-1studyroom2,36,52,3407,0.09765624999999956,-0.0010000000000000009,-1
sun3d-mit_76_studyroom-76-1studyroom2,36,53,3407,0.1328124999999995,0.0045000000000000005,0
sun3d-mit_76_studyroom-76-1studyroom2,37,44,3407,-0.02343749999999989,0.023499999999999965,0
sun3d-mit_76_studyroom-76-1studyroom2,37,50,3407,0.0,0.02749999999999997,0
sun3d-mit_76_studyroom-76-1studyroom2,37,51,3407,-0.05078124999999989,0.05199999999999999,0
sun3d-mit_76_studyroom-76-1studyroom2,37,52,3407,0.2734374999999989,0.035500000000000004,0
sun3d-mit_76_studyroom-76-1studyroom2,37,53,3407,0.1757812499999993,0.055999999999999994,1
sun3d-mit_76_studyroom-76-1studyroom2,38,40,3407,0.0039062499999999,0.003,0
sun3d-mit_76_studyroom-76-1studyroom2,38,43,3407,0.0,0.0,0
sun3d-mit_76_studyroom-76-1studyroom2,38,51,3407,0.04296874999999978,0.119,0
sun3d-mit_76_studyroom-76-1studyroom2,38,52,3407,0.05078124999999978,0.139,0
sun3d-mit_76_studyroom-76-1studyroom2,39,41,3407,0.03515624999999989,0.006000000000000005,0
sun3d-mit_76_studyroom-76-1studyroom2,39,42,3407,0.4609374999999982,0.3145,0
sun3d-mit_76_studyroom-76-1studyroom2,39,48,3407,0.03515624999999989,0.02100000000000002,0
sun3d-mit_76_studyroom-76-1studyroom2,39,49,3407,-0.0234375,0.041999999999999926,0
sun3d-mit_76_studyroom-76-1studyroom2,39,50,3407,0.05078124999999989,0.09499999999999997,0
sun3d-mit_76_studyroom-76-1studyroom2,39,51,3407,0.16406249999999944,0.1785,0
sun3d-mit_76_studyroom-76-1studyroom2,39,52,3407,0.33984374999999867,0.42800000000000005,0
sun3d-mit_76_studyroom-76-1studyroom2,39,53,3407,0.13281249999999944,0.186,0
sun3d-mit_76_studyroom-76-1studyroom2,40,45,3407,0.0,0.0,0
sun3d-mit_76_studyroom-76-1studyroom2,40,46,3407,0.0039062499999999,0.0,0
sun3d-mit_76_studyroom-76-1studyroom2,40,47,3407,0.1171874999999995,0.03,0
sun3d-mit_76_studyroom-76-1studyroom2,40,48,3407,-0.0039062499999999,0.0,0
sun3d-mit_76_studyroom-76-1studyroom2,40,49,3407,0.0039062499999999,0.001,0
sun3d-mit_76_studyroom-76-1studyroom2,41,44,3407,0.00390625,0.004000000000000001,0
sun3d-mit_76_studyroom-76-1studyroom2,42,44,3407,0.0312499999999999,0.007,0
sun3d-mit_76_studyroom-76-1studyroom2,43,45,3407,0.0,0.0,0
sun3d-mit_76_studyroom-76-1studyroom2,43,46,3407,0.0,0.0,0
sun3d-mit_76_studyroom-76-1studyroom2,43,47,3407,0.1093749999999995,0.0495,0
sun3d-mit_76_studyroom-76-1studyroom2,43,48,3407,-0.0195312499999999,-0.0005,0
sun3d-mit_76_studyroom-76-1studyroom2,44,48,3407,0.10546874999999967,0.11499999999999999,0
sun3d-mit_76_studyroom-76-1studyroom2,44,51,3407,-0.09374999999999961,0.03250000000000003,0
sun3d-mit_76_studyroom-76-1studyroom2,47,50,3407,0.09374999999999967,0.13850000000000007,0
sun3d-mit_76_studyroom-76-1studyroom2,48,50,3407,0.03515624999999989,0.08650000000000002,0
sun3d-mit_76_studyroom-76-1studyroom2,49,51,3407,0.06249999999999978,0.16899999999999998,0
sun3d-mit_76_studyroom-76-1studyroom2,50,52,3407,0.0078125,0.07450000000000001,0
sun3d-mit_76_studyroom-76-1studyroom2,51,55,3407,0.273437499999999,0.25250000000000006,0
sun3d-mit_76_studyroom-76-1studyroom2,51,56,3407,0.249999999999999,0.1895,1
sun3d-mit_76_studyroom-76-1studyroom2,52,54,3407,0.03906249999999978,0.01100000000000001,0
sun3d-mit_76_studyroom-76-1studyroom2,52,56,3407,0.38281249999999856,0.34049999999999997,1
sun3d-mit_76_studyroom-76-1studyroom2,53,56,3407,0.02734374999999989,-0.03949999999999998,0
sun3d-mit_76_studyroom-76-1studyroom2,54,56,3407,0.08203124999999961,0.05600000000000001,0
sun3d-mit_76_studyroom-76-1studyroom2,55,57,3407,0.07812499999999967,0.08250000000000002,0
sun3d-mit_76_studyroom-76-1studyroom2,57,59,3407,0.0898437499999997,0.04800000000000001,1
sun3d-mit_76_studyroom-76-1studyroom2,57,60,3407,0.1093749999999996,0.016,0
sun3d-mit_76_studyroom-76-1studyroom2,57,61,3407,0.5859374999999978,0.4255,1
sun3d-mit_76_studyroom-76-1studyroom2,57,62,3407,0.32031249999999867,0.283,1
sun3d-mit_76_studyroom-76-1studyroom2,57,63,3407,0.3867187499999985,0.27049999999999996,1
sun3d-mit_76_studyroom-76-1studyroom2,58,62,3407,0.08203124999999967,0.11199999999999999,0
sun3d-mit_76_studyroom-76-1studyroom2,58,63,3407,0.07421874999999967,0.135,0
sun3d-mit_76_studyroom-76-1studyroom2,59,63,3407,0.03906249999999978,0.119,0
sun3d-mit_76_studyroom-76-1studyroom2,60,64,3407,0.1718749999999994,0.1985,1
sun3d-mit_76_studyroom-76-1studyroom2,61,64,3407,-0.07031249999999978,0.08499999999999996,0
sun3d-mit_76_studyroom-76-1studyroom2,62,65,3407,-0.0429687499999998,-0.0145,0
sun3d-mit_76_studyroom-76-1studyroom2,63,65,3407,-0.04687499999999978,0.009000000000000008,0
sun3d-mit_lab_hj-lab_hj_tea_nov_2_2012_scan1_erika,0,2,3407,-0.039062499999999806,-0.08099999999999999,0
sun3d-mit_lab_hj-lab_hj_tea_nov_2_2012_scan1_erika,0,6,3407,0.07421874999999972,0.0465,1
sun3d-mit_lab_hj-lab_hj_tea_nov_2_2012_scan1_erika,0,7,3407,-0.00390625,-0.07900000000000001,-1
sun3d-mit_lab_hj-lab_hj_tea_nov_2_2012_scan1_erika,0,11,3407,-0.03124999999999989,0.161,0
sun3d-mit_lab_hj-lab_hj_tea_nov_2_2012_scan1_erika,0,24,3407,0.0781249999999997,0.055499999999999994,-1
sun3d-mit_lab_hj-lab_hj_tea_nov_2_2012_scan1_erika,0,26,3407,0.09765624999999956,0.08399999999999999,0
sun3d-mit_lab_hj-lab_hj_tea_nov_2_2012_scan1_erika,1,5,3407,0.02343749999999989,0.18400000000000005,0
sun3d-mit_lab_hj-lab_hj_tea_nov_2_2012_scan1_erika,1,7,3407,0.015625,0.09299999999999997,0
sun3d-mit_lab_hj-lab_hj_tea_nov_2_2012_scan1_erika,1,26,3407,0.06640624999999972,0.08249999999999999,1
sun3d-mit_lab_hj-lab_hj_tea_nov_2_2012_scan1_erika,2,6,3407,0.03515624999999978,0.022500000000000075,0
sun3d-mit_lab_hj-lab_hj_tea_nov_2_2012_scan1_erika,2,7,3407,-0.015624999999999889,0.0635,0
sun3d-mit_lab_hj-lab_hj_tea_nov_2_2012_scan1_erika,2,9,3407,0.0078125,0.08800000000000008,0
sun3d-mit_lab_hj-lab_hj_tea_nov_2_2012_scan1_erika,2,28,3407,0.06640624999999967,0.139,0
sun3d-mit_lab_hj-lab_hj_tea_nov_2_2012_scan1_erika,2,30,3407,-0.0742187499999997,-0.001,0
sun3d-mit_lab_hj-lab_hj_tea_nov_2_2012_scan1_erika,3,5,3407,0.007812499999999889,0.05799999999999994,0
sun3d-mit_lab_hj-lab_hj_tea_nov_2_2012_scan1_erika,3,6,3407,-0.003906249999999889,0.044499999999999984,0
sun3d-mit_lab_hj-lab_hj_tea_nov_2_2012_scan1_erika,3,7,3407,0.05468749999999978,0.050000000000000044,0
sun3d-mit_lab_hj-lab_hj_tea_nov_2_2012_scan1_erika,3,8,3407,-0.05078124999999978,0.044499999999999984,0
sun3d-mit_lab_hj-lab_hj_tea_nov_2_2012_scan1_erika,3,30,3407,0.0039062499999999,0.0,0
sun3d-mit_lab_hj-lab_hj_tea_nov_2_2012_scan1_erika,4,7,3407,0.06640624999999978,0.123,0
sun3d-mit_lab_hj-lab_hj_tea_nov_2_2012_scan1_erika,4,8,3407,-0.01171875,0.09250000000000003,0
sun3d-mit_lab_hj-lab_hj_tea_nov_2_2012_scan1_erika,5,9,3407,-0.00390625,0.13549999999999995,0
sun3d-mit_lab_hj-lab_hj_tea_nov_2_2012_scan1_erika,6,9,3407,0.02734374999999989,0.03749999999999998,0
sun3d-mit_lab_hj-lab_hj_tea_nov_2_2012_scan1_erika,6,10,3407,-0.06640624999999978,0.015000000000000013,0
sun3d-mit_lab_hj-lab_hj_tea_nov_2_2012_scan1_erika,8,9,3407,0.0078125,0.05249999999999999,0
sun3d-mit_lab_hj-lab_hj_tea_nov_2_2012_scan1_erika,8,10,3407,0.05078124999999978,0.12149999999999994,0
sun3d-mit_lab_hj-lab_hj_tea_nov_2_2012_scan1_erika,9,11,3407,0.1328124999999995,0.049000000000000016,1
sun3d-mit_lab_hj-lab_hj_tea_nov_2_2012_scan1_erika,9,27,3407,-0.3242187499999988,-0.199,0
sun3d-mit_lab_hj-lab_hj_tea_nov_2_2012_scan1_erika,9,28,3407,0.05859374999999978,0.2280000000000001,0
sun3d-mit_lab_hj-lab_hj_tea_nov_2_2012_scan1_erika,10,27,3407,0.06640624999999978,0.07800000000000001,0
sun3d-mit_lab_hj-lab_hj_tea_nov_2_2012_scan1_erika,10,28,3407,-0.05468749999999978,0.13050000000000006,0
sun3d-mit_lab_hj-lab_hj_tea_nov_2_2012_scan1_erika,13,16,3407,-0.11718749999999961,-0.0315,0
sun3d-mit_lab_hj-lab_hj_tea_nov_2_2012_scan1_erika,13,17,3407,0.015625,-0.009000000000000008,0
sun3d-mit_lab_hj-lab_hj_tea_nov_2_2012_scan1_erika,13,18,3407,0.0,0.0,0
sun3d-mit_lab_hj-lab_hj_tea_nov_2_2012_scan1_erika,14,18,3407,0.011718749999999889,0.20699999999999996,0
sun3d-mit_lab_hj-lab_hj_tea_nov_2_2012_scan1_erika,15,18,3407,0.02734374999999989,0.14349999999999996,0
sun3d-mit_lab_hj-lab_hj_tea_nov_2_2012_scan1_erika,17,20,3407,0.26953124999999895,0.14950000000000008,-1
sun3d-mit_lab_hj-lab_hj_tea_nov_2_2012_scan1_erika,19,21,3407,0.0742187499999997,0.077,0
sun3d-mit_lab_hj-lab_hj_tea_nov_2_2012_scan1_erika,20,22,3407,0.02734374999999989,-0.020000000000000004,0
sun3d-mit_lab_hj-lab_hj_tea_nov_2_2012_scan1_erika,21,23,3407,0.08203124999999967,0.0685,0
sun3d-mit_lab_hj-lab_hj_tea_nov_2_2012_scan1_erika,21,24,3407,-0.011718749999999889,0.11549999999999999,0
sun3d-mit_lab_hj-lab_hj_tea_nov_2_2012_scan1_erika,21,25,3407,-0.04296874999999989,0.0655,0
sun3d-mit_lab_hj-lab_hj_tea_nov_2_2012_scan1_erika,22,25,3407,0.05078124999999978,0.10449999999999993,0
sun3d-mit_lab_hj-lab_hj_tea_nov_2_2012_scan1_erika,22,26,3407,0.18749999999999928,0.07750000000000001,0
sun3d-mit_lab_hj-lab_hj_tea_nov_2_2012_scan1_erika,23,26,3407,0.1328124999999995,0.0645,0
sun3d-mit_lab_hj-lab_hj_tea_nov_2_2012_scan1_erika,23,27,3407,0.1210937499999995,0.05650000000000002,0
sun3d-mit_lab_hj-lab_hj_tea_nov_2_2012_scan1_erika,24,26,3407,0.20703124999999917,0.10149999999999998,0
sun3d-mit_lab_hj-lab_hj_tea_nov_2_2012_scan1_erika,24,27,3407,0.10937499999999956,0.07649999999999998,0
sun3d-mit_lab_hj-lab_hj_tea_nov_2_2012_scan1_erika,24,33,3407,-0.0078125,0.04300000000000004,0
sun3d-mit_lab_hj-lab_hj_tea_nov_2_2012_scan1_erika,24,34,3407,-0.05078124999999978,-0.032,1
sun3d-mit_lab_hj-lab_hj_tea_nov_2_2012_scan1_erika,24,35,3407,-0.1484374999999994,-0.08149999999999999,-1
sun3d-mit_lab_hj-lab_hj_tea_nov_2_2012_scan1_erika,24,36,3407,-0.2148437499999992,-0.11449999999999999,0
sun3d-mit_lab_hj-lab_hj_tea_nov_2_2012_scan1_erika,24,37,3407,0.015624999999999944,0.050500000000000045,0
sun3d-mit_lab_hj-lab_hj_tea_nov_2_2012_scan1_erika,25,27,3407,-0.04296874999999983,0.052000000000000046,0
sun3d-mit_lab_hj-lab_hj_tea_nov_2_2012_scan1_erika,25,30,3407,0.14843749999999942,0.0045,0
sun3d-mit_lab_hj-lab_hj_tea_nov_2_2012_scan1_erika,25,31,3407,0.0156249999999999,0.0085,0
sun3d-mit_lab_hj-lab_hj_tea_nov_2_2012_scan1_erika,25,32,3407,0.09765624999999961,0.0885,0
sun3d-mit_lab_hj-lab_hj_tea_nov_2_2012_scan1_erika,25,33,3407,0.03124999999999989,0.017000000000000015,0
sun3d-mit_lab_hj-lab_hj_tea_nov_2_2012_scan1_erika,25,34,3407,0.230468749999999,0.1305,0
sun3d-mit_lab_hj-lab_hj_tea_nov_2_2012_scan1_erika,25,35,3407,0.14843749999999944,0.064,0
sun3d-mit_lab_hj-lab_hj_tea_nov_2_2012_scan1_erika,25,36,3407,0.1445312499999994,0.047000000000000014,0
sun3d-mit_lab_hj-lab_hj_tea_nov_2_2012_scan1_erika,25,37,3407,0.09374999999999961,0.08349999999999996,0
sun3d-mit_lab_hj-lab_hj_tea_nov_2_2012_scan1_erika,28,29,3407,0.015624999999999903,-0.0045000000000000005,0
sun3d-mit_lab_hj-lab_hj_tea_nov_2_2012_scan1_erika,28,30,3407,-0.1132812499999995,-0.0085,0
sun3d-mit_lab_hj-lab_hj_tea_nov_2_2012_scan1_erika,29,31,3407,-0.1328124999999994,-0.025999999999999995,0
sun3d-mit_lab_hj-lab_hj_tea_nov_2_2012_scan1_erika,30,32,3407,-0.00390625,0.06299999999999994,0
sun3d-mit_lab_hj-lab_hj_tea_nov_2_2012_scan1_erika,30,33,3407,-0.05078124999999978,0.04700000000000004,0
sun3d-mit_lab_hj-lab_hj_tea_nov_2_2012_scan1_erika,30,34,3407,0.01171875,0.10499999999999998,0
sun3d-mit_lab_hj-lab_hj_tea_nov_2_2012_scan1_erika,30,35,3407,0.0,0.12649999999999995,0
sun3d-mit_lab_hj-lab_hj_tea_nov_2_2012_scan1_erika,30,36,3407,-0.0078125,0.11550000000000005,0
sun3d-mit_lab_hj-lab_hj_tea_nov_2_2012_scan1_erika,30,37,3407,0.0,0.04600000000000004,0
sun3d-mit_lab_hj-lab_hj_tea_nov_2_2012_scan1_erika,31,35,3407,0.02734375,0.11550000000000005,0
