file,bytes,sha256,source_sha256
additional_evaluation/budget/paired_runs.csv,13162,e6afc05936b9f131c998732b165565b96b40481aa012a9cffa19614aee93e892,e6afc05936b9f131c998732b165565b96b40481aa012a9cffa19614aee93e892
additional_evaluation/budget/pairs/baseline_train2026_top100_ransac0.csv,35214,195a2d698ef51cdfc9b6d4c8e1b729aa491bd311d95424e041e1bc8f2f1d3468,195a2d698ef51cdfc9b6d4c8e1b729aa491bd311d95424e041e1bc8f2f1d3468
additional_evaluation/budget/pairs/baseline_train2026_top100_ransac1.csv,35039,2cd485e66d401038856d6f978dcdc588e1bf2bc2dd0f9a8e7c5e37dba511ecca,2cd485e66d401038856d6f978dcdc588e1bf2bc2dd0f9a8e7c5e37dba511ecca
additional_evaluation/budget/pairs/baseline_train2026_top100_ransac2.csv,34733,81d5d35266e4fa672b992e2808ab8692752b970150bd3bec551187a7b559bfb4,81d5d35266e4fa672b992e2808ab8692752b970150bd3bec551187a7b559bfb4
additional_evaluation/budget/pairs/baseline_train2026_top100_ransac3.csv,35205,33afbea204ee1c9ab947ff351d68d525b838a34327405d93b60c0ae9a136a172,33afbea204ee1c9ab947ff351d68d525b838a34327405d93b60c0ae9a136a172
additional_evaluation/budget/pairs/baseline_train2026_top100_ransac4.csv,35094,a90e6e845c4191d8f917e3a0dc7ba56cc90a003f3576b69f2cdd41014d7d081a,a90e6e845c4191d8f917e3a0dc7ba56cc90a003f3576b69f2cdd41014d7d081a
additional_evaluation/budget/pairs/baseline_train2026_top250_ransac0.csv,36069,3e14e43c8bce7ba20b1f67c4124683be727ebba7f36992fc1e45c3cb71f0da62,3e14e43c8bce7ba20b1f67c4124683be727ebba7f36992fc1e45c3cb71f0da62
additional_evaluation/budget/pairs/baseline_train2026_top250_ransac1.csv,35785,8d2a7e2fc459c477c20bc7421483fad740603525a8603a0ad677b4569aa9eb68,8d2a7e2fc459c477c20bc7421483fad740603525a8603a0ad677b4569aa9eb68
additional_evaluation/budget/pairs/baseline_train2026_top250_ransac2.csv,35787,0662bb6c7017f71cf98286a886a65895a10a3dc6b493323665df08eaf874189d,0662bb6c7017f71cf98286a886a65895a10a3dc6b493323665df08eaf874189d
additional_evaluation/budget/pairs/baseline_train2026_top250_ransac3.csv,35977,332e7a923607a54934a3181bc69daf1d147382e2b004a929c54b7cbba58358a6,332e7a923607a54934a3181bc69daf1d147382e2b004a929c54b7cbba58358a6
additional_evaluation/budget/pairs/baseline_train2026_top250_ransac4.csv,36177,e99691a26aeff67b7d9a0f30f74e98f79abf11b2db8bf85cbd008dbe5a05b7aa,e99691a26aeff67b7d9a0f30f74e98f79abf11b2db8bf85cbd008dbe5a05b7aa
additional_evaluation/budget/pairs/baseline_train2026_top500_ransac0.csv,37325,ea1d4c740ab4e124093b58dbef58b89dd1aea00a8a6e280c2e0bb90b540849a5,ea1d4c740ab4e124093b58dbef58b89dd1aea00a8a6e280c2e0bb90b540849a5
additional_evaluation/budget/pairs/baseline_train2026_top500_ransac1.csv,37376,c23d01bf4a8be606b899d3c279bf2a804888dc4c482c6c4401027d564a74bb1f,c23d01bf4a8be606b899d3c279bf2a804888dc4c482c6c4401027d564a74bb1f
additional_evaluation/budget/pairs/baseline_train2026_top500_ransac2.csv,37202,8d6ad10366076f1d52b8adca4d6805170278a97881db02262ba42e880bcf0f77,8d6ad10366076f1d52b8adca4d6805170278a97881db02262ba42e880bcf0f77
additional_evaluation/budget/pairs/baseline_train2026_top500_ransac3.csv,37393,ac805406d5ce0e14aaebc6f0f5a8ba48c660d13c189de882a103b2fd5bfcb694,ac805406d5ce0e14aaebc6f0f5a8ba48c660d13c189de882a103b2fd5bfcb694
additional_evaluation/budget/pairs/baseline_train2026_top500_ransac4.csv,37199,6274b7f6c51cdb3ab8a9d925705a4275a228cc76a6c97500a1b91dce832a573e,6274b7f6c51cdb3ab8a9d925705a4275a228cc76a6c97500a1b91dce832a573e
additional_evaluation/budget/pairs/baseline_train2026_top50_ransac0.csv,35347,aa375d428cb94c9e25b836d8bf879b49b5e83af2ac0d0d262e2f3d7dba688fea,aa375d428cb94c9e25b836d8bf879b49b5e83af2ac0d0d262e2f3d7dba688fea
additional_evaluation/budget/pairs/baseline_train2026_top50_ransac1.csv,35355,7ae0df7c756119d7403b2643b75d2a213bd175dc151f547fbe5212dc73b1d25e,7ae0df7c756119d7403b2643b75d2a213bd175dc151f547fbe5212dc73b1d25e
additional_evaluation/budget/pairs/baseline_train2026_top50_ransac2.csv,34920,6713c28cde5ee51e7e1cdf3d4a488175cbedb9d4781e301121af2e60e624c2a2,6713c28cde5ee51e7e1cdf3d4a488175cbedb9d4781e301121af2e60e624c2a2
additional_evaluation/budget/pairs/baseline_train2026_top50_ransac3.csv,35075,ad77f4d9e838289bb93127fb9c7b242f865e96798b61d0a046b3464afa932bb6,ad77f4d9e838289bb93127fb9c7b242f865e96798b61d0a046b3464afa932bb6
additional_evaluation/budget/pairs/baseline_train2026_top50_ransac4.csv,35261,eb36061cadc9e10a87e080a9a5758fcbca0b788ffb0a5f186b3438dbb69b2857,eb36061cadc9e10a87e080a9a5758fcbca0b788ffb0a5f186b3438dbb69b2857
additional_evaluation/budget/pairs/baseline_train2026_topAll_ransac0.csv,38388,a827cbf5736ed416fc4a8a230d5a4c5154ba24280f3fc4293d0bb9a1d223feb3,a827cbf5736ed416fc4a8a230d5a4c5154ba24280f3fc4293d0bb9a1d223feb3
additional_evaluation/budget/pairs/baseline_train2026_topAll_ransac1.csv,38042,20fec8c30e1247c61468f8a6950ca3cdbbef4f4671032e26068aff35030e4bef,20fec8c30e1247c61468f8a6950ca3cdbbef4f4671032e26068aff35030e4bef
additional_evaluation/budget/pairs/baseline_train2026_topAll_ransac2.csv,38651,38488b50f69a9703d45da7475630ed9a3bead20ff583d3d0941e79893a977bb7,38488b50f69a9703d45da7475630ed9a3bead20ff583d3d0941e79893a977bb7
additional_evaluation/budget/pairs/baseline_train2026_topAll_ransac3.csv,38263,7238d254874355dc8c3a89613b664f9833909f2ad0133cd1dd31ca6a946725fb,7238d254874355dc8c3a89613b664f9833909f2ad0133cd1dd31ca6a946725fb
additional_evaluation/budget/pairs/baseline_train2026_topAll_ransac4.csv,38411,57b01f8cb4ded5cfd41c8921949d36f0018f3be748c1f8340a101661ab21a7f4,57b01f8cb4ded5cfd41c8921949d36f0018f3be748c1f8340a101661ab21a7f4
additional_evaluation/budget/pairs/baseline_train3407_top100_ransac0.csv,34671,9c7fab927c5de7ba0d04ada638689da9a72b68e58da734d0c7605961acc57131,9c7fab927c5de7ba0d04ada638689da9a72b68e58da734d0c7605961acc57131
additional_evaluation/budget/pairs/baseline_train3407_top100_ransac1.csv,34714,1ad7b43fa1a3722a0d531bd471c5f22cbb9638e16557d62b3c303169c84928f8,1ad7b43fa1a3722a0d531bd471c5f22cbb9638e16557d62b3c303169c84928f8
additional_evaluation/budget/pairs/baseline_train3407_top100_ransac2.csv,34644,45cfe8c5cd3bbaf0c9d463958926a2710d17a02345f956d0668ce9918395c60b,45cfe8c5cd3bbaf0c9d463958926a2710d17a02345f956d0668ce9918395c60b
additional_evaluation/budget/pairs/baseline_train3407_top100_ransac3.csv,34896,2eb5ee89cf911dfe6a8362f7a16d0439a92f4110c53e4c1aa064c968414f94a1,2eb5ee89cf911dfe6a8362f7a16d0439a92f4110c53e4c1aa064c968414f94a1
additional_evaluation/budget/pairs/baseline_train3407_top100_ransac4.csv,35012,e954950967cb1b9c4a6695528e4127ba414028738fe8df62c3acbf3f8e830fea,e954950967cb1b9c4a6695528e4127ba414028738fe8df62c3acbf3f8e830fea
additional_evaluation/budget/pairs/baseline_train3407_top250_ransac0.csv,35618,554174cddb9330d3aec262aeb0c2a85993c28f787caceb1ab9508a750442e746,554174cddb9330d3aec262aeb0c2a85993c28f787caceb1ab9508a750442e746
additional_evaluation/budget/pairs/baseline_train3407_top250_ransac1.csv,36010,b665fbdc0356f3d95bffc603feb23ac470af5d1d4e6152e9177dc07258e062d0,b665fbdc0356f3d95bffc603feb23ac470af5d1d4e6152e9177dc07258e062d0
additional_evaluation/budget/pairs/baseline_train3407_top250_ransac2.csv,36174,0c841f7e4639fd4f33e790daedc231769f647f400b69c4410fb4f1ec70a30b03,0c841f7e4639fd4f33e790daedc231769f647f400b69c4410fb4f1ec70a30b03
additional_evaluation/budget/pairs/baseline_train3407_top250_ransac3.csv,35923,7f7d80085b2682f272681ddb186ba6f73d44bf5253882a281ecf1237a2253ed7,7f7d80085b2682f272681ddb186ba6f73d44bf5253882a281ecf1237a2253ed7
additional_evaluation/budget/pairs/baseline_train3407_top250_ransac4.csv,36156,987fbeef0d3d3ffb00137d34296c71444f37765ad8ce4192425c5b2463c2215a,987fbeef0d3d3ffb00137d34296c71444f37765ad8ce4192425c5b2463c2215a
additional_evaluation/budget/pairs/baseline_train3407_top500_ransac0.csv,37448,7212eddba596d44ee252dd439fb18e5b37e318af2e05e309fd5f48bfb5255e37,7212eddba596d44ee252dd439fb18e5b37e318af2e05e309fd5f48bfb5255e37
additional_evaluation/budget/pairs/baseline_train3407_top500_ransac1.csv,37278,75191ca1200884ae4d3b699fb1d9aa79be77fbc26117f505ba45eb94e2b851aa,75191ca1200884ae4d3b699fb1d9aa79be77fbc26117f505ba45eb94e2b851aa
additional_evaluation/budget/pairs/baseline_train3407_top500_ransac2.csv,36850,f9031fe90cbdf0c376ccf3019b911d1767d1a757d28f68677c9dd5e6bdd30539,f9031fe90cbdf0c376ccf3019b911d1767d1a757d28f68677c9dd5e6bdd30539
additional_evaluation/budget/pairs/baseline_train3407_top500_ransac3.csv,37255,e026c6deb567f829bf100630825b60f1746d6ebbc4e04ae8e06e64aacc08ef22,e026c6deb567f829bf100630825b60f1746d6ebbc4e04ae8e06e64aacc08ef22
additional_evaluation/budget/pairs/baseline_train3407_top500_ransac4.csv,37001,9e6369c062e3cc13667fb58969b2a743455a28e136c9194468f6a5b06664cad5,9e6369c062e3cc13667fb58969b2a743455a28e136c9194468f6a5b06664cad5
additional_evaluation/budget/pairs/baseline_train3407_top50_ransac0.csv,35157,8a2b6617c50790c49c0165bce06ccfac408cde016e058cfc2c48ccf9cea28413,8a2b6617c50790c49c0165bce06ccfac408cde016e058cfc2c48ccf9cea28413
additional_evaluation/budget/pairs/baseline_train3407_top50_ransac1.csv,35161,f2490aa3ff4e6b84e1a37bd2f5bde5d5c275902dcf48c77455916a9ab9bdaa34,f2490aa3ff4e6b84e1a37bd2f5bde5d5c275902dcf48c77455916a9ab9bdaa34
additional_evaluation/budget/pairs/baseline_train3407_top50_ransac2.csv,35092,2e0c600e3126816ead66ba86eb7fa70f669af62c2423b631b95fac958e673b94,2e0c600e3126816ead66ba86eb7fa70f669af62c2423b631b95fac958e673b94
additional_evaluation/budget/pairs/baseline_train3407_top50_ransac3.csv,35496,3eb708e33cdb80e477577d12ae2d38e9c8b00d7ab3b1dc76e5bd3bb490bc92b6,3eb708e33cdb80e477577d12ae2d38e9c8b00d7ab3b1dc76e5bd3bb490bc92b6
additional_evaluation/budget/pairs/baseline_train3407_top50_ransac4.csv,34823,ef9ea0466e60035178ed88785b0b4f69b3b498523ca097a0f922b8cec8a52354,ef9ea0466e60035178ed88785b0b4f69b3b498523ca097a0f922b8cec8a52354
additional_evaluation/budget/pairs/baseline_train3407_topAll_ransac0.csv,38260,87b9c41d2a10ff8970a1f6b95749671b90cac965cd8e985f626a68e990337793,87b9c41d2a10ff8970a1f6b95749671b90cac965cd8e985f626a68e990337793
additional_evaluation/budget/pairs/baseline_train3407_topAll_ransac1.csv,38260,b1a25fdfc3f5891a3bf5345d26680da20ccc7f1cdb00db9a3c8109e90367e36c,b1a25fdfc3f5891a3bf5345d26680da20ccc7f1cdb00db9a3c8109e90367e36c
additional_evaluation/budget/pairs/baseline_train3407_topAll_ransac2.csv,38641,60b9f299f5e8bb6b21f677732f5f279aa07f3e0d8a7ebb6fbb62e7e9d545047c,60b9f299f5e8bb6b21f677732f5f279aa07f3e0d8a7ebb6fbb62e7e9d545047c
additional_evaluation/budget/pairs/baseline_train3407_topAll_ransac3.csv,38423,94708b536aff805eda70d66e7522e9520554605527b43e2ab802e103d67f8511,94708b536aff805eda70d66e7522e9520554605527b43e2ab802e103d67f8511
additional_evaluation/budget/pairs/baseline_train3407_topAll_ransac4.csv,38344,a6002ad358de871fff86cdbea835f0f9784a46c775ee93c9e1e6b37e89361cb4,a6002ad358de871fff86cdbea835f0f9784a46c775ee93c9e1e6b37e89361cb4
additional_evaluation/budget/pairs/baseline_train7351_top100_ransac0.csv,33746,4680b3da478c58fd61d1a932bde1a752ad3752604ab973f21ff67128e87fa8b3,4680b3da478c58fd61d1a932bde1a752ad3752604ab973f21ff67128e87fa8b3
additional_evaluation/budget/pairs/baseline_train7351_top100_ransac1.csv,34098,f6dd6535698c88a470658d0a63954b10372c8dfec1bdf4c6c277fc28f8176d3b,f6dd6535698c88a470658d0a63954b10372c8dfec1bdf4c6c277fc28f8176d3b
additional_evaluation/budget/pairs/baseline_train7351_top100_ransac2.csv,34634,3d99616052e8d880d163dda045d91cd67b22bc7274750fb47a57d12e91bc74e3,3d99616052e8d880d163dda045d91cd67b22bc7274750fb47a57d12e91bc74e3
additional_evaluation/budget/pairs/baseline_train7351_top100_ransac3.csv,34425,7b05a10f0acb8806d7b5b2a08e3878dd5f81c1de3d87416b349443f9a0aef07a,7b05a10f0acb8806d7b5b2a08e3878dd5f81c1de3d87416b349443f9a0aef07a
additional_evaluation/budget/pairs/baseline_train7351_top100_ransac4.csv,33636,eaee6cf897e7a574b53e629e9f8eb37492aabec92df6c7a3c549138b899d0162,eaee6cf897e7a574b53e629e9f8eb37492aabec92df6c7a3c549138b899d0162
additional_evaluation/budget/pairs/baseline_train7351_top250_ransac0.csv,35214,568f8879058709b2b9667047994384397ca83624d3bfacf9d1f6505b35989374,568f8879058709b2b9667047994384397ca83624d3bfacf9d1f6505b35989374
additional_evaluation/budget/pairs/baseline_train7351_top250_ransac1.csv,35463,3b2e16fbda28df5a8db9141af26bc1dbb87116741ee25d01293727b5bb687b83,3b2e16fbda28df5a8db9141af26bc1dbb87116741ee25d01293727b5bb687b83
additional_evaluation/budget/pairs/baseline_train7351_top250_ransac2.csv,34902,e6da238950aff94096f30c32db379156e3d003b1004b0574a519e204045946ca,e6da238950aff94096f30c32db379156e3d003b1004b0574a519e204045946ca
additional_evaluation/budget/pairs/baseline_train7351_top250_ransac3.csv,35122,a7c5df4758c92f7aac212953c3ff6ac00da99be193f2b0d1de6b89b9bc7fcb31,a7c5df4758c92f7aac212953c3ff6ac00da99be193f2b0d1de6b89b9bc7fcb31
additional_evaluation/budget/pairs/baseline_train7351_top250_ransac4.csv,35027,f5fafe43cf34524d95a15476edf2d53fd70a28551bd8aba8ad0ca2c27d635939,f5fafe43cf34524d95a15476edf2d53fd70a28551bd8aba8ad0ca2c27d635939
additional_evaluation/budget/pairs/baseline_train7351_top500_ransac0.csv,36280,bf337a21e81f401e8e813f8977804b116e14a87215c13424525e64ca0d366dcd,bf337a21e81f401e8e813f8977804b116e14a87215c13424525e64ca0d366dcd
additional_evaluation/budget/pairs/baseline_train7351_top500_ransac1.csv,36605,16542501e9070c15295ee2c093a536dc10389b9abbfb80bcc9dd0ff9291ef508,16542501e9070c15295ee2c093a536dc10389b9abbfb80bcc9dd0ff9291ef508
additional_evaluation/budget/pairs/baseline_train7351_top500_ransac2.csv,36412,42cb1a420ccc8810b6a72a63ee5c0cec676eaa01429d97aa0bacb770e3056086,42cb1a420ccc8810b6a72a63ee5c0cec676eaa01429d97aa0bacb770e3056086
additional_evaluation/budget/pairs/baseline_train7351_top500_ransac3.csv,36407,46208e1e3d6a690a4b2ac34e8f80401e566d68f0b5711bde3c21c47c9ea1f2e3,46208e1e3d6a690a4b2ac34e8f80401e566d68f0b5711bde3c21c47c9ea1f2e3
additional_evaluation/budget/pairs/baseline_train7351_top500_ransac4.csv,36737,7af3a050d49bfc3ff74c2abea8c9f531ad848aeb771e495a80b8af2d2e872505,7af3a050d49bfc3ff74c2abea8c9f531ad848aeb771e495a80b8af2d2e872505
additional_evaluation/budget/pairs/baseline_train7351_top50_ransac0.csv,34656,6dbb5e6c036f8603b84f47221882a12b0b8c9ae4fadda1569e5d7531c3c6c4ee,6dbb5e6c036f8603b84f47221882a12b0b8c9ae4fadda1569e5d7531c3c6c4ee
additional_evaluation/budget/pairs/baseline_train7351_top50_ransac1.csv,34494,f8e7724899d4c9a4e6cda19d91d0d9cf161cc4fa42f4344967721fb046379992,f8e7724899d4c9a4e6cda19d91d0d9cf161cc4fa42f4344967721fb046379992
additional_evaluation/budget/pairs/baseline_train7351_top50_ransac2.csv,34935,8bcb76a1fd1e2c1b9475641ed648ec19e7c486f543cce7209d65a140488a229e,8bcb76a1fd1e2c1b9475641ed648ec19e7c486f543cce7209d65a140488a229e
additional_evaluation/budget/pairs/baseline_train7351_top50_ransac3.csv,34864,9b62e07cee57c917c6d500d449149ea5a5ca18cf3c6962fd1d6571527ace2913,9b62e07cee57c917c6d500d449149ea5a5ca18cf3c6962fd1d6571527ace2913
additional_evaluation/budget/pairs/baseline_train7351_top50_ransac4.csv,34300,5d8a3991b853f7de286eb4bc5587132fb272fda9f38a1807fb009c1d10e198d9,5d8a3991b853f7de286eb4bc5587132fb272fda9f38a1807fb009c1d10e198d9
additional_evaluation/budget/pairs/baseline_train7351_topAll_ransac0.csv,37838,68aabd6b53b21bf8f3f44516c74bd12252a98bf6b5fbeca29df0040266bd1e8d,68aabd6b53b21bf8f3f44516c74bd12252a98bf6b5fbeca29df0040266bd1e8d
additional_evaluation/budget/pairs/baseline_train7351_topAll_ransac1.csv,37652,ef291a4d8a5a07cc46a46e45121980045e3f26d847f4281565f5c056c8903d83,ef291a4d8a5a07cc46a46e45121980045e3f26d847f4281565f5c056c8903d83
additional_evaluation/budget/pairs/baseline_train7351_topAll_ransac2.csv,38355,a54ac5b0fc8a3a999a463a0be3bdde19f18a630319716f22264ade3fc4520089,a54ac5b0fc8a3a999a463a0be3bdde19f18a630319716f22264ade3fc4520089
additional_evaluation/budget/pairs/baseline_train7351_topAll_ransac3.csv,38377,c136571087764cb1cf08e4ef703397aaa31a7443732902d1d811d235831c072e,c136571087764cb1cf08e4ef703397aaa31a7443732902d1d811d235831c072e
additional_evaluation/budget/pairs/baseline_train7351_topAll_ransac4.csv,38127,e955c1ad7bacb0566fb9be04f80dc1812651c93bbe436f18be5555cdb6b068de,e955c1ad7bacb0566fb9be04f80dc1812651c93bbe436f18be5555cdb6b068de
additional_evaluation/budget/pairs/mspki_train2026_top100_ransac0.csv,34437,c751f0f59116fb8125a9d7e4663143ae5bab617df64db815f80d16a8d874a934,c751f0f59116fb8125a9d7e4663143ae5bab617df64db815f80d16a8d874a934
additional_evaluation/budget/pairs/mspki_train2026_top100_ransac1.csv,34312,a5a1cb42367fad670bd408ad932a41b5765c87aa321d81b3b3c5cd16ff981425,a5a1cb42367fad670bd408ad932a41b5765c87aa321d81b3b3c5cd16ff981425
additional_evaluation/budget/pairs/mspki_train2026_top100_ransac2.csv,34572,64da1301f227afc8ab640fc278da5c86a6f7df42ead28040bedf2cfe4d8d7004,64da1301f227afc8ab640fc278da5c86a6f7df42ead28040bedf2cfe4d8d7004
additional_evaluation/budget/pairs/mspki_train2026_top100_ransac3.csv,34713,67bc4280ee0845705557892ece2da71fe066bf0161eb75dbeb8f9941518e40d1,67bc4280ee0845705557892ece2da71fe066bf0161eb75dbeb8f9941518e40d1
additional_evaluation/budget/pairs/mspki_train2026_top100_ransac4.csv,34347,ae3f1d0372c7ef07b33b3c72defdb6d87af6081c8557a75df8c9037c1b3350c8,ae3f1d0372c7ef07b33b3c72defdb6d87af6081c8557a75df8c9037c1b3350c8
additional_evaluation/budget/pairs/mspki_train2026_top250_ransac0.csv,35900,44d88483daac71438da7900c11c6deb15b758a8e3dbc94726963bd5cf646258d,44d88483daac71438da7900c11c6deb15b758a8e3dbc94726963bd5cf646258d
additional_evaluation/budget/pairs/mspki_train2026_top250_ransac1.csv,36100,eaeb11fc9aaf2b709daf712299998d2728baab8d2d5c5dc94f7f2db90fa2305f,eaeb11fc9aaf2b709daf712299998d2728baab8d2d5c5dc94f7f2db90fa2305f
additional_evaluation/budget/pairs/mspki_train2026_top250_ransac2.csv,35602,5282778970d491b0e500a07fbeb33775d0bf4029a62068a8fd74988068b2803f,5282778970d491b0e500a07fbeb33775d0bf4029a62068a8fd74988068b2803f
additional_evaluation/budget/pairs/mspki_train2026_top250_ransac3.csv,35872,e53492ec5ec97a658b70368e7c053b91d9dc6b86c3dbc6fca19fa652f0d6d521,e53492ec5ec97a658b70368e7c053b91d9dc6b86c3dbc6fca19fa652f0d6d521
additional_evaluation/budget/pairs/mspki_train2026_top250_ransac4.csv,35910,4752dca8bf4c6e6596c44395624874245f42f6167b078120be6105ae431ac8cd,4752dca8bf4c6e6596c44395624874245f42f6167b078120be6105ae431ac8cd
additional_evaluation/budget/pairs/mspki_train2026_top500_ransac0.csv,37180,f1df24fb14a3c57cf8bdac1de96ed50bf887e4a2a189147b14b48b711e46131e,f1df24fb14a3c57cf8bdac1de96ed50bf887e4a2a189147b14b48b711e46131e
additional_evaluation/budget/pairs/mspki_train2026_top500_ransac1.csv,37129,c43a98eddef8a7d5a24d24fb984c703382e6828b945a1b5b221482340f4ab6d3,c43a98eddef8a7d5a24d24fb984c703382e6828b945a1b5b221482340f4ab6d3
additional_evaluation/budget/pairs/mspki_train2026_top500_ransac2.csv,37249,30581546622c014716f10a3894a7d1857b0619d411764f9d15a9ef7ca9d37b91,30581546622c014716f10a3894a7d1857b0619d411764f9d15a9ef7ca9d37b91
additional_evaluation/budget/pairs/mspki_train2026_top500_ransac3.csv,37151,235f7fefd261527d29a3ea753b86fe8c8b1ab0078a8ff2fcbabbd02f30100f5b,235f7fefd261527d29a3ea753b86fe8c8b1ab0078a8ff2fcbabbd02f30100f5b
additional_evaluation/budget/pairs/mspki_train2026_top500_ransac4.csv,37241,1f363d7826df8f5fc7affaddcb16d37b2e9d83fd82ddb9d6d066666e3fbe1793,1f363d7826df8f5fc7affaddcb16d37b2e9d83fd82ddb9d6d066666e3fbe1793
additional_evaluation/budget/pairs/mspki_train2026_top50_ransac0.csv,34972,3fa0fb407b40bd7de8c0e11ec80eb888599f93a44fcf31b18b080f76e923c74e,3fa0fb407b40bd7de8c0e11ec80eb888599f93a44fcf31b18b080f76e923c74e
additional_evaluation/budget/pairs/mspki_train2026_top50_ransac1.csv,34659,e3a102816f84877df2ccc6ddf1dde90d1f0b5a1fe732b8bfb7fcca36cbd0c902,e3a102816f84877df2ccc6ddf1dde90d1f0b5a1fe732b8bfb7fcca36cbd0c902
additional_evaluation/budget/pairs/mspki_train2026_top50_ransac2.csv,34562,b2d1d97a768f5fb7d16a2c0febade8ddb7d230820d4fbf3990044dfda0957649,b2d1d97a768f5fb7d16a2c0febade8ddb7d230820d4fbf3990044dfda0957649
additional_evaluation/budget/pairs/mspki_train2026_top50_ransac3.csv,35204,f8c3514308d79f55189213043813a04846d09947acfc1f71a88be4d3149895ae,f8c3514308d79f55189213043813a04846d09947acfc1f71a88be4d3149895ae
additional_evaluation/budget/pairs/mspki_train2026_top50_ransac4.csv,34908,35011cad1fa808279db6cbe35517d0e9e9f56fe8098a87c18a9eb4a611e304e5,35011cad1fa808279db6cbe35517d0e9e9f56fe8098a87c18a9eb4a611e304e5
additional_evaluation/budget/pairs/mspki_train2026_topAll_ransac0.csv,38739,d5df87fd9205944eb854766c3d431d73b33cb326df39ba1ee609da6a8ed94d6b,d5df87fd9205944eb854766c3d431d73b33cb326df39ba1ee609da6a8ed94d6b
additional_evaluation/budget/pairs/mspki_train2026_topAll_ransac1.csv,38406,1b05ec6c94e47c049ed2c02582b2fa0be5f2b6bcb7ca6811a512277ff2bed9e7,1b05ec6c94e47c049ed2c02582b2fa0be5f2b6bcb7ca6811a512277ff2bed9e7
additional_evaluation/budget/pairs/mspki_train2026_topAll_ransac2.csv,38682,bea320872a4afbc0ca1230f19f4e12ec0158ac724b284d1426711ff97bf8db29,bea320872a4afbc0ca1230f19f4e12ec0158ac724b284d1426711ff97bf8db29
additional_evaluation/budget/pairs/mspki_train2026_topAll_ransac3.csv,38646,4dff5d08eaff59e069d2d05c63eca6a5cdf882729b9f914be7359901344a0338,4dff5d08eaff59e069d2d05c63eca6a5cdf882729b9f914be7359901344a0338
additional_evaluation/budget/pairs/mspki_train2026_topAll_ransac4.csv,38541,8a420d545c332142e9225cdc2f1027b8eb83efe0acdd47633be7b2b912ac33d1,8a420d545c332142e9225cdc2f1027b8eb83efe0acdd47633be7b2b912ac33d1
additional_evaluation/budget/pairs/mspki_train3407_top100_ransac0.csv,33923,915a2002aa8cecb6d2bb619955e375af84b5984e239c67d110c5d2cb8ad787b3,915a2002aa8cecb6d2bb619955e375af84b5984e239c67d110c5d2cb8ad787b3
additional_evaluation/budget/pairs/mspki_train3407_top100_ransac1.csv,34337,40483b46ef6586dd1f028811f1c15ca8096437292cf5c2406f3bba7e0ce618e4,40483b46ef6586dd1f028811f1c15ca8096437292cf5c2406f3bba7e0ce618e4
additional_evaluation/budget/pairs/mspki_train3407_top100_ransac2.csv,34361,66dfefa04797d42f1b527d2778e0727a71423a651d0c6dbfc7b20809e72bb5eb,66dfefa04797d42f1b527d2778e0727a71423a651d0c6dbfc7b20809e72bb5eb
additional_evaluation/budget/pairs/mspki_train3407_top100_ransac3.csv,34251,4b168527322b420407a98173c6e6f470d9058c21f4bfbc178e240328cdacbf1d,4b168527322b420407a98173c6e6f470d9058c21f4bfbc178e240328cdacbf1d
additional_evaluation/budget/pairs/mspki_train3407_top100_ransac4.csv,34441,5f880eb6bae25c6b5241d7bf06854af673c7b406c34c77845b9b1dc1fa51314f,5f880eb6bae25c6b5241d7bf06854af673c7b406c34c77845b9b1dc1fa51314f
additional_evaluation/budget/pairs/mspki_train3407_top250_ransac0.csv,35816,6098f59eeee1db90c9ec6071cf7847cb3af4fa4033fc3da87e2a57f6853de7a7,6098f59eeee1db90c9ec6071cf7847cb3af4fa4033fc3da87e2a57f6853de7a7
additional_evaluation/budget/pairs/mspki_train3407_top250_ransac1.csv,35874,cc67caf2a582ac9d8119bfa436bb938f9973a69d58d8a54dc247bb0767b27229,cc67caf2a582ac9d8119bfa436bb938f9973a69d58d8a54dc247bb0767b27229
additional_evaluation/budget/pairs/mspki_train3407_top250_ransac2.csv,35974,67094613f1b4baf600070db5ff17b22b2d249eadcc26b5ab1e09ae094582d29a,67094613f1b4baf600070db5ff17b22b2d249eadcc26b5ab1e09ae094582d29a
additional_evaluation/budget/pairs/mspki_train3407_top250_ransac3.csv,35732,7463535d172c626e6cb5db70e0ce9f7db83e0dd4498c0de58dd0852ecf72ce29,7463535d172c626e6cb5db70e0ce9f7db83e0dd4498c0de58dd0852ecf72ce29
additional_evaluation/budget/pairs/mspki_train3407_top250_ransac4.csv,35934,87fe33dc7e330f47d75e12259a76be90832e65855593012c17d3ba65de49d96f,87fe33dc7e330f47d75e12259a76be90832e65855593012c17d3ba65de49d96f
additional_evaluation/budget/pairs/mspki_train3407_top500_ransac0.csv,37327,9b085de362c44fbb03ef88bf8b0953c630964e98ed1df4878f1a8f222b1122fd,9b085de362c44fbb03ef88bf8b0953c630964e98ed1df4878f1a8f222b1122fd
additional_evaluation/budget/pairs/mspki_train3407_top500_ransac1.csv,37208,588e858a5babccccee27c6b6bf4a8bdcb3a372ec152e4c8bcdc5cd996a392868,588e858a5babccccee27c6b6bf4a8bdcb3a372ec152e4c8bcdc5cd996a392868
additional_evaluation/budget/pairs/mspki_train3407_top500_ransac2.csv,37164,444a31c9d280f5c7232f43bb3ab8bd0f18325740571e4b60946810934256ffee,444a31c9d280f5c7232f43bb3ab8bd0f18325740571e4b60946810934256ffee
additional_evaluation/budget/pairs/mspki_train3407_top500_ransac3.csv,37211,bdd53770d73afd6dd29f2ebada9d93e3321f259f96795d6a190b3310cf7a0e37,bdd53770d73afd6dd29f2ebada9d93e3321f259f96795d6a190b3310cf7a0e37
additional_evaluation/budget/pairs/mspki_train3407_top500_ransac4.csv,37285,2d3a9a4d2b22a43f263371c279ecafecde3265e48158cc84e6d012681dececce,2d3a9a4d2b22a43f263371c279ecafecde3265e48158cc84e6d012681dececce
additional_evaluation/budget/pairs/mspki_train3407_top50_ransac0.csv,35133,724c92920987776f8d50016fb895204c206d64fa6ee1a28dea3410341900ad56,724c92920987776f8d50016fb895204c206d64fa6ee1a28dea3410341900ad56
additional_evaluation/budget/pairs/mspki_train3407_top50_ransac1.csv,34589,e05f14dd99abc1764e2f575814a305388f8a630c2c9c45e02d825e4e0b7315fb,e05f14dd99abc1764e2f575814a305388f8a630c2c9c45e02d825e4e0b7315fb
additional_evaluation/budget/pairs/mspki_train3407_top50_ransac2.csv,34534,4fddaa4203799a6547a80885b973bc0b47aabf7ded969845a2f8f2b67fb31ff7,4fddaa4203799a6547a80885b973bc0b47aabf7ded969845a2f8f2b67fb31ff7
additional_evaluation/budget/pairs/mspki_train3407_top50_ransac3.csv,34461,563810f5401c6c580c05033ece012824599fe62838200115b2544c371c00c48e,563810f5401c6c580c05033ece012824599fe62838200115b2544c371c00c48e
additional_evaluation/budget/pairs/mspki_train3407_top50_ransac4.csv,35128,1200afa281cf9f8bd8ee3ec6e65bd08eb24f24a165c85e9a3cf3e2bf2c0ec7cb,1200afa281cf9f8bd8ee3ec6e65bd08eb24f24a165c85e9a3cf3e2bf2c0ec7cb
additional_evaluation/budget/pairs/mspki_train3407_topAll_ransac0.csv,38498,02378abaf5800715e9d32e0a6fed2d1d84deddca2a98c0fd1dea59a76c2134db,02378abaf5800715e9d32e0a6fed2d1d84deddca2a98c0fd1dea59a76c2134db
additional_evaluation/budget/pairs/mspki_train3407_topAll_ransac1.csv,37885,6478bf7628ca6365813474eb76cd3208f435a641b3d3f52ebe6f4a8815fdc496,6478bf7628ca6365813474eb76cd3208f435a641b3d3f52ebe6f4a8815fdc496
additional_evaluation/budget/pairs/mspki_train3407_topAll_ransac2.csv,38538,04350689c543130ec1eab290e1047d760121bfe45f563a2b10e095efde04fc63,04350689c543130ec1eab290e1047d760121bfe45f563a2b10e095efde04fc63
additional_evaluation/budget/pairs/mspki_train3407_topAll_ransac3.csv,38455,c76ab90dfd06f0864d3a295c704e975bfcba778b1d9e2d34bad1edfa88e25953,c76ab90dfd06f0864d3a295c704e975bfcba778b1d9e2d34bad1edfa88e25953
additional_evaluation/budget/pairs/mspki_train3407_topAll_ransac4.csv,38291,46c86b2ca5c7c02af313c051a233794e960321ea4a84c5c1a0f60f4a0796a701,46c86b2ca5c7c02af313c051a233794e960321ea4a84c5c1a0f60f4a0796a701
additional_evaluation/budget/pairs/mspki_train7351_top100_ransac0.csv,34760,038c4a2656c217a2f519e1a57f7327e1d474e073bbaf108e6e44e48dd86f51e3,038c4a2656c217a2f519e1a57f7327e1d474e073bbaf108e6e44e48dd86f51e3
additional_evaluation/budget/pairs/mspki_train7351_top100_ransac1.csv,34797,fce9cf43dbdb3f94e5820e97eb9ddc2d28c63957d38f34ee804204806dddac4a,fce9cf43dbdb3f94e5820e97eb9ddc2d28c63957d38f34ee804204806dddac4a
additional_evaluation/budget/pairs/mspki_train7351_top100_ransac2.csv,34268,14c5a9f0e49104e015979c9f0c72353c055bc0a0c2540608611082b97e1d3476,14c5a9f0e49104e015979c9f0c72353c055bc0a0c2540608611082b97e1d3476
additional_evaluation/budget/pairs/mspki_train7351_top100_ransac3.csv,34680,e4b3fede69f60700a78f64ca705694e2ebccd6a8a87b4a8fd51c2cdfe71f25f7,e4b3fede69f60700a78f64ca705694e2ebccd6a8a87b4a8fd51c2cdfe71f25f7
additional_evaluation/budget/pairs/mspki_train7351_top100_ransac4.csv,34488,58e537dba6d718e8f349db707625f9e476ba950216ea7817ad521fc80b72ec10,58e537dba6d718e8f349db707625f9e476ba950216ea7817ad521fc80b72ec10
additional_evaluation/budget/pairs/mspki_train7351_top250_ransac0.csv,36765,6f5e7aa17fca0eddb5b011c5ed2a710957813785181a7e1f5b50a7b57b33a6b6,6f5e7aa17fca0eddb5b011c5ed2a710957813785181a7e1f5b50a7b57b33a6b6
additional_evaluation/budget/pairs/mspki_train7351_top250_ransac1.csv,36249,cae2c2561135afca6e57cbeba52f4be2773fbfd78abcc246fb2ee72d497dda95,cae2c2561135afca6e57cbeba52f4be2773fbfd78abcc246fb2ee72d497dda95
additional_evaluation/budget/pairs/mspki_train7351_top250_ransac2.csv,36179,daea5f68934ed56257703cb8cd7a4774bd503435dd075bccb2bcfda94f5de531,daea5f68934ed56257703cb8cd7a4774bd503435dd075bccb2bcfda94f5de531
additional_evaluation/budget/pairs/mspki_train7351_top250_ransac3.csv,36287,a5886ce08760b6f55f8d4c77ebb009e0a65fa2cb8b9aeb24845e076ad99573a0,a5886ce08760b6f55f8d4c77ebb009e0a65fa2cb8b9aeb24845e076ad99573a0
additional_evaluation/budget/pairs/mspki_train7351_top250_ransac4.csv,36500,bdcd0bf0518172a397a4a98887af9110277f90e0fd276d5704a3ce6ac6256ded,bdcd0bf0518172a397a4a98887af9110277f90e0fd276d5704a3ce6ac6256ded
additional_evaluation/budget/pairs/mspki_train7351_top500_ransac0.csv,37583,60ea6987c73d8a1f701ef563e392ff8dc1113f0ef6671c85cb8652a7756d9601,60ea6987c73d8a1f701ef563e392ff8dc1113f0ef6671c85cb8652a7756d9601
additional_evaluation/budget/pairs/mspki_train7351_top500_ransac1.csv,37464,97a8c7605990310835b2d294e62d2e614c5ae54e191b36f910fd5da2a630b395,97a8c7605990310835b2d294e62d2e614c5ae54e191b36f910fd5da2a630b395
additional_evaluation/budget/pairs/mspki_train7351_top500_ransac2.csv,37390,56baec4100f05db1395eae057b523d485bfbb8866c06f0c1e9e89fdfa6cfd65f,56baec4100f05db1395eae057b523d485bfbb8866c06f0c1e9e89fdfa6cfd65f
additional_evaluation/budget/pairs/mspki_train7351_top500_ransac3.csv,37659,27054b5ddb336a6c0c68ba55dabeb2a11521e8cb9df583be4496d145ae415b78,27054b5ddb336a6c0c68ba55dabeb2a11521e8cb9df583be4496d145ae415b78
additional_evaluation/budget/pairs/mspki_train7351_top500_ransac4.csv,37666,a49784625d6b0b5d190e6b8747bd335fc99371183f65b9c16f7873bd52cdbff7,a49784625d6b0b5d190e6b8747bd335fc99371183f65b9c16f7873bd52cdbff7
additional_evaluation/budget/pairs/mspki_train7351_top50_ransac0.csv,35115,f6bcdaf5bd89eb28c5f5d06f0d7b0eec62634eae4c035c496f7ed00b739864ff,f6bcdaf5bd89eb28c5f5d06f0d7b0eec62634eae4c035c496f7ed00b739864ff
additional_evaluation/budget/pairs/mspki_train7351_top50_ransac1.csv,34919,6d67bc96db7b15daccecfff83138e471179db79cd19765bbb2ef6f0cd72e2ea0,6d67bc96db7b15daccecfff83138e471179db79cd19765bbb2ef6f0cd72e2ea0
additional_evaluation/budget/pairs/mspki_train7351_top50_ransac2.csv,34743,90e86a77ed48690aceaa9a7264eb928a5066a803a7f66830069a72018bac3f53,90e86a77ed48690aceaa9a7264eb928a5066a803a7f66830069a72018bac3f53
additional_evaluation/budget/pairs/mspki_train7351_top50_ransac3.csv,35130,9056948796e8ffee54149df9355d4a4812d0caa344dea55be83c3637e9833f2e,9056948796e8ffee54149df9355d4a4812d0caa344dea55be83c3637e9833f2e
additional_evaluation/budget/pairs/mspki_train7351_top50_ransac4.csv,34935,ec62073fe7bfc943b3a6289917e62fe726d35523351e418169f106b781f93220,ec62073fe7bfc943b3a6289917e62fe726d35523351e418169f106b781f93220
additional_evaluation/budget/pairs/mspki_train7351_topAll_ransac0.csv,38641,595f4505b9a50cbce7f34cfd4ca407b2783e4d718cc2b71968d03b7554a2157b,595f4505b9a50cbce7f34cfd4ca407b2783e4d718cc2b71968d03b7554a2157b
additional_evaluation/budget/pairs/mspki_train7351_topAll_ransac1.csv,38395,a3ab385ab8fa8cbc5286be5554dcd96bbd95df5922e8e7c8847f274074d93cbe,a3ab385ab8fa8cbc5286be5554dcd96bbd95df5922e8e7c8847f274074d93cbe
additional_evaluation/budget/pairs/mspki_train7351_topAll_ransac2.csv,38712,48c558d88fc6b0b4f03df1fc8a330eb9e23fc0659db475fc059aeccce10febaa,48c558d88fc6b0b4f03df1fc8a330eb9e23fc0659db475fc059aeccce10febaa
additional_evaluation/budget/pairs/mspki_train7351_topAll_ransac3.csv,38377,e1116a07f7ce952a1e3a31b89836bd445ddcf7e1f4ac06827219be51a2e5b4fc,e1116a07f7ce952a1e3a31b89836bd445ddcf7e1f4ac06827219be51a2e5b4fc
additional_evaluation/budget/pairs/mspki_train7351_topAll_ransac4.csv,38686,93b4f6f60392c5ea85466a626d29075603486fd7098bf77b7ecf914a23267a8c,93b4f6f60392c5ea85466a626d29075603486fd7098bf77b7ecf914a23267a8c
additional_evaluation/budget/protocol.json,2612,a4476a635793a21bb43313e5c9367abc70732e0c6c968b646e6839ea3393d44f,a4476a635793a21bb43313e5c9367abc70732e0c6c968b646e6839ea3393d44f
additional_evaluation/budget/summary.csv,3103,6c045d7b5abd59c1b7c9c8e2371e41f307fc05b4af0870ab02f7b5c83d52f7f0,6c045d7b5abd59c1b7c9c8e2371e41f307fc05b4af0870ab02f7b5c83d52f7f0
additional_evaluation/budget/training_seed_means.csv,3529,001e528554af955c43b109108edabbb0d872711d7e1a39f1915ad229b79adbc8,001e528554af955c43b109108edabbb0d872711d7e1a39f1915ad229b79adbc8
additional_evaluation/density_geometry/geometry_transition_groups.csv,2554,16f3a73961b55a08fab02dc49a744f5a2a68087767db1f7d20bdc20350578cd2,16f3a73961b55a08fab02dc49a744f5a2a68087767db1f7d20bdc20350578cd2
additional_evaluation/density_geometry/inlier_geometry_pairs.csv,942936,e7e5092dbcaa4c97dd328522f4c310272c020ae34cef3cfce20a9d73b6138532,e7e5092dbcaa4c97dd328522f4c310272c020ae34cef3cfce20a9d73b6138532
additional_evaluation/density_geometry/pair_transitions.csv,486469,fd7d1961e3877b50690f3e34cca63a257c45d43033636fd39cee73d053e536af,fd7d1961e3877b50690f3e34cca63a257c45d43033636fd39cee73d053e536af
additional_evaluation/density_geometry/paired_training_seed_summary.csv,1493,300d339c8556c7a47def7435b27dd3b649941de0096950aa22f272b0cabb26cf,300d339c8556c7a47def7435b27dd3b649941de0096950aa22f272b0cabb26cf
additional_evaluation/density_geometry/protocol.json,691,5a02b3647dcd1d0339b841e4b6ab7000cdccc8f9a6c6a65c68c64b9a833ef0b5,5a02b3647dcd1d0339b841e4b6ab7000cdccc8f9a6c6a65c68c64b9a833ef0b5
additional_evaluation/density_geometry/same_pair_density50_to25.csv,404409,bda65f9e71b0f3647f11d65414b9922f0a7c3af0bc2c31cb074bb279dd1bbe9e,bda65f9e71b0f3647f11d65414b9922f0a7c3af0bc2c31cb074bb279dd1bbe9e
additional_evaluation/density_geometry/summary.csv,1346,c3954feebff56eb72b97914668a5d5fcac8fdac66a1bf4dc26db84350a6cccc9,c3954feebff56eb72b97914668a5d5fcac8fdac66a1bf4dc26db84350a6cccc9
additional_evaluation/density_geometry/transition_group_summary.csv,1214,eea7e2d499c2a977744ace1ab76f88f862c1be6d51d98df6c716926756e10556,eea7e2d499c2a977744ace1ab76f88f862c1be6d51d98df6c716926756e10556
additional_evaluation/external_baseline/density_src_r050_m9017/features/manifest.json,1497,0fa2c889a49f8f140ce6f626cd10fb3f17e6acc9956519e9a0d2a1a0522629ff,0fa2c889a49f8f140ce6f626cd10fb3f17e6acc9956519e9a0d2a1a0522629ff
additional_evaluation/external_baseline/density_src_r050_m9017/masks.csv,86480,063399a1cc0fc25004b63a17d647050435df00060c05dcba841f4038fcea4e3f,063399a1cc0fc25004b63a17d647050435df00060c05dcba841f4038fcea4e3f
additional_evaluation/external_baseline/density_src_r050_m9017/pairs_lgr.csv,49226,eb002c6510e53663c12e53b7d10817afafaa2b19b4b35872ccd341ed63075f9c,eb002c6510e53663c12e53b7d10817afafaa2b19b4b35872ccd341ed63075f9c
additional_evaluation/external_baseline/density_src_r100_m9017/features/manifest.json,1497,2b8d3b0c09400ba118f1bc1d04c5e46dc61531904decf4e65bb3244f1b5f7310,2b8d3b0c09400ba118f1bc1d04c5e46dc61531904decf4e65bb3244f1b5f7310
additional_evaluation/external_baseline/density_src_r100_m9017/masks.csv,86839,538afca8ff6a13b966810729738888e7aeccf3b58b836c1067d0675b24d1f2b0,538afca8ff6a13b966810729738888e7aeccf3b58b836c1067d0675b24d1f2b0
additional_evaluation/external_baseline/density_src_r100_m9017/pairs_lgr.csv,49264,9a8dba4470fa9e8220ee20a17982e78e6a72097fe1aab370a0c5e8056defeaae,9a8dba4470fa9e8220ee20a17982e78e6a72097fe1aab370a0c5e8056defeaae
additional_evaluation/external_baseline/external_common_success_effects.csv,330,7f9e3124ab1ac728513639c99a0e3eb8a41033e305fdb9af2c83bcd49009c2a2,7f9e3124ab1ac728513639c99a0e3eb8a41033e305fdb9af2c83bcd49009c2a2
additional_evaluation/external_baseline/external_comparison.csv,717,779319dc80f77223fd7935314fd4f0d022db24f9aa3b5b27be64d833d53c7886,779319dc80f77223fd7935314fd4f0d022db24f9aa3b5b27be64d833d53c7886
additional_evaluation/external_baseline/native_system_comparison.csv,2577,2832675e53071bd45cfe3670eb58cddff06e119432ed8259e568bbd5bd53c09f,2832675e53071bd45cfe3670eb58cddff06e119432ed8259e568bbd5bd53c09f
additional_evaluation/external_baseline/protocol.json,1452,4e3636b4c87958e3ac93a5ca2d663a624b287431bfd1f91317f59a3786ad66b9,4e3636b4c87958e3ac93a5ca2d663a624b287431bfd1f91317f59a3786ad66b9
additional_evaluation/homogeneous_support/16-16-16/3DLoMatch/feature_manifest.json,935,8563fdc1de03ac7c3d61b69e0fd9efb9dd8e747f105c44c75577408270b87a78,e73f1820ed1f9b9b7a64e66654b45c410e3c0f72c1c4b6ffdfda6c995482d69e
additional_evaluation/homogeneous_support/16-16-16/3DLoMatch/pairs_fhp.csv,229368,8c94d6ef848a1dafaaf37f001036bf61b414a669e6df21b66f1da638555230b9,8c94d6ef848a1dafaaf37f001036bf61b414a669e6df21b66f1da638555230b9
additional_evaluation/homogeneous_support/16-16-16/3DLoMatch/summary_fhp.json,6408,2b7695b52db6bdc404dc9de74f6b250275c1cccff38eeb5961ba385ad774f22c,957caea84c47078fa9465bb041e19da7679c961c715d019bea54ff6c510bc8df
additional_evaluation/homogeneous_support/16-16-16/3DMatch/feature_manifest.json,931,7330a717b4455a0ec9efc7266fbd2a03e4da82538b06359ac435044b296cf507,562438f92125775446f4cc339bff73797be08a683391a985cd0f0dc2944ef92f
additional_evaluation/homogeneous_support/16-16-16/3DMatch/pairs_fhp.csv,207677,11de7768f6a0ab08632dcf60dc76acda4273556457b87b6b2d5ea2cac95ffcbc,11de7768f6a0ab08632dcf60dc76acda4273556457b87b6b2d5ea2cac95ffcbc
additional_evaluation/homogeneous_support/16-16-16/3DMatch/summary_fhp.json,6391,00c4cd19b13924f92d9eaaee8900f88674bce6d0b6783b3805b65f8e82886fc6,b97ef42aa0e1bdb1f99c5baccf64d4600099a147ae162b562670043472367efe
additional_evaluation/homogeneous_support/16-16-16/best_metrics.json,600,0aa881f32b229a2db319863472a886ba0286c10bc1aaa54edd00bc5d36109fa5,00150926016e397d23c82df528485bd5210f6c205a3e1ee1f866d55dc5103525
additional_evaluation/homogeneous_support/16-16-16/resolved_config.json,5617,2de3168eee5d8151cbd2e2c894d025259e14a002bf31e30ce016238612246533,8aa5a1725b90556998fe0e1d6d29196a876b3f9ad21032fe8be066f9b7ca1cc7
additional_evaluation/homogeneous_support/32-32-32/3DLoMatch/feature_manifest.json,935,d157cfea30cb8d64b87657cbf6c2d57c7a0b72e2c8638b7e98c055007c0221f0,672ab810abece5bc5bdba6eb81fc67db9738ba8df9e55a11593214e1952cb72b
additional_evaluation/homogeneous_support/32-32-32/3DLoMatch/pairs_fhp.csv,229454,0e0fedf5093af92e276b29c4a1297eda95d46ba135bf85046fb4cbcd0312fac5,0e0fedf5093af92e276b29c4a1297eda95d46ba135bf85046fb4cbcd0312fac5
additional_evaluation/homogeneous_support/32-32-32/3DLoMatch/summary_fhp.json,6410,6aef51fbf170de28ac2327c9327ecda2d4bc4413af351a36880dff0bf49dab9d,e99eeb6a3ac2f9f593d92c77b40e78cfcb6539fc4f4970ea3a250d1656765be3
additional_evaluation/homogeneous_support/32-32-32/3DMatch/feature_manifest.json,931,1d8d2fad543f1c245c63c5aaf36dc5d08749c8162297da3d6e2864c95dff8f98,fcd71c5c31d9d1a33b7dea871fd65beb045985e77d7183bd9cd8f865fc952d7a
additional_evaluation/homogeneous_support/32-32-32/3DMatch/pairs_fhp.csv,207748,651c7d131d60bf5adff544192cf32a21e8c8679d5dc0ab9f43cff85778c4f277,651c7d131d60bf5adff544192cf32a21e8c8679d5dc0ab9f43cff85778c4f277
additional_evaluation/homogeneous_support/32-32-32/3DMatch/summary_fhp.json,6343,61f971bb2038c62f706b82868c5f19ddf68027113808d3a65ca02672cb9f87a1,2ec4c3e9feb5a99dfa9c2edfd3c95feac2b3c681b1b783eb80057e982ecb0705
additional_evaluation/homogeneous_support/32-32-32/best_metrics.json,601,5db0ed56eeb20d68df3d26c6a01679e70b054db664de8c5c1c873621f9efde9c,63f9d2111481de3bfd6bbaa6e555fa8de7c81892bcc0c2eda196389b034aaecb
additional_evaluation/homogeneous_support/32-32-32/resolved_config.json,5617,e7b7e6657868fe400d54c85d6941075f1c8fe588fc98a70e6548bc84f937621e,c4e6f3211e7f1c346bba988fb006b8bd3f4b7aa1e372aa9b04d339e883d3ff5d
additional_evaluation/homogeneous_support/8-16-32/3DLoMatch/feature_manifest.json,886,8fd3c5ea00ca80ea69171f0f0ff8c9266d98390be357ed80a0fe8fcd2592f7a4,b1b1e39cbbbc36b7d1a7d1567fbda3f27ea896051bbba26f0c4fb017a7f7fd01
additional_evaluation/homogeneous_support/8-16-32/3DLoMatch/pairs_fhp.csv,229502,91333a615ede27a65c39feaf5700d7a83bffdf1db48f691adb138c41d9631a29,91333a615ede27a65c39feaf5700d7a83bffdf1db48f691adb138c41d9631a29
additional_evaluation/homogeneous_support/8-16-32/3DLoMatch/summary_fhp.json,6308,d6398a0c2e8a3581f4d44957fd09607aa68928166bc302100347ffdfc706b0dc,bb672150e3912ed7f8fc3a831bbae809e8a5ae7996821260a4a50ebee5945fdf
additional_evaluation/homogeneous_support/8-16-32/3DMatch/feature_manifest.json,882,e37a05ea421a4e0f26865f143428fd300d95af4d0ce47089dcb27f6ebf80fbdb,5d4bf375755e2d210b52d9a16fea0e28927d65afb5e43780d636dca46327e6c6
additional_evaluation/homogeneous_support/8-16-32/3DMatch/pairs_fhp.csv,207596,7477992fce6c59ab6fa7dbb8f780c18b736445814b7039919114375bf070635b,7477992fce6c59ab6fa7dbb8f780c18b736445814b7039919114375bf070635b
additional_evaluation/homogeneous_support/8-16-32/3DMatch/summary_fhp.json,6247,b1a1753e93d971ecf8b7b128f0a9a78f1ade6dacb8e62191465b7b2252410c8e,54b26424efee798df83d1d4d3a5c8bd4e0754bce9981817ac95cbb75e71e6d32
additional_evaluation/homogeneous_support/8-16-32/best_metrics.json,509,13d905a04cc49c3ebbee1cdc3b2f51fed3114b815a401669da9765432476995d,564fbd7e6e0abe3d65f60f8f0cac488cfa37b2536997c5acaa0b7ae5b5018066
additional_evaluation/homogeneous_support/8-16-32/resolved_config.json,5478,298bd88e159585bc9cfe5765254b3e2187b825e672d0c7c862a85ca2e2866707,1cc060405140373dd0b2d816ca554f0fbf8848b7be2fc6837e13cd065804327e
additional_evaluation/homogeneous_support/8-8-8/3DLoMatch/feature_manifest.json,929,b5b512e6e22466c2349b9f07f34f9a41149be02b3b6ea5424634c9b03c0065e1,951344848a172fe9ea1acc8fd811a0b9dad4ad899319b8dbfd9a82b4f302184d
additional_evaluation/homogeneous_support/8-8-8/3DLoMatch/pairs_fhp.csv,229487,818122d5f5077dcfc7bdd68a294d68421348aaa4346fec71557e70029667b874,818122d5f5077dcfc7bdd68a294d68421348aaa4346fec71557e70029667b874
additional_evaluation/homogeneous_support/8-8-8/3DLoMatch/summary_fhp.json,6402,dabb0fce8c0b42b65f35d3cf04c59298b10a5a09be578cb9d19cdc46d539fc5c,1269cecd2a6ab482c96586fd71894fee15ef00e44b9d567881178d21cbb59dc9
additional_evaluation/homogeneous_support/8-8-8/3DMatch/feature_manifest.json,925,213041d0a4cdcf6be24380ab57f3804a1a568049cae2bbddf83a6fca8db114d1,e1f3ef6d68d0fc20fd855dac3562ad8e41dfec290a617ab326f8c7f4723b8f20
additional_evaluation/homogeneous_support/8-8-8/3DMatch/pairs_fhp.csv,207641,34b916bce90122e70e7c6b99dbee5c3e790f226cf8e44a0d7e67ae1c7b0a3f0f,34b916bce90122e70e7c6b99dbee5c3e790f226cf8e44a0d7e67ae1c7b0a3f0f
additional_evaluation/homogeneous_support/8-8-8/3DMatch/summary_fhp.json,6358,2e2fddd654acbfddc49a1bb0fb3221e16e568a0995c8acbe6404db7e47c1e45a,e50bef0602c366d4972f06463dcdf1d273d19a74bb362d304168bed62d75bcf9
additional_evaluation/homogeneous_support/8-8-8/best_metrics.json,595,4187e27552d2ab7684c453c9f209853958342f580c7e4522b35c7baa586184b9,d3f60d2bed7b565521c8eaf4ca05fd62aadbe7e497928e0cf5f7b602792a6204
additional_evaluation/homogeneous_support/8-8-8/resolved_config.json,5590,def0e4eb65bc95ae67f436344d148200098dcf176071b96c8d568a9224064432,01570075729916fe01fdb4351dcdabe6d6e660e46be47eda5979add371f27309
additional_evaluation/homogeneous_support/summary.csv,1842,05603a2d36fbacf5efd8217e6c45a81b97cf752f79967b85e410977aa88c6315,05603a2d36fbacf5efd8217e6c45a81b97cf752f79967b85e410977aa88c6315
additional_evaluation/iterations_efficiency_verified_analysis.json,14918,c06ac3e65e18611458bf570ad3c5cbd0af24c9207c561e11b65c64f51d5ad8e3,c06ac3e65e18611458bf570ad3c5cbd0af24c9207c561e11b65c64f51d5ad8e3
additional_evaluation/kitti_density_complete.tar.gz,369287,92300346f1504052dee68a4a05536f90281b5324aa20821d64e0a15bb1a8016a,92300346f1504052dee68a4a05536f90281b5324aa20821d64e0a15bb1a8016a
additional_evaluation/kitti_efficiency/kitti_efficiency_summary.csv,288,5f092a14055210ddb60ba5a5bf21888457999f927c275e634a676e75a1c0bfef,5f092a14055210ddb60ba5a5bf21888457999f927c275e634a676e75a1c0bfef
additional_evaluation/kitti_efficiency/runs/baseline_run1.json,3103,a386ba954cbeb226fad4759dea37a280714dd72e28a7b60848a9fff848ed005d,a386ba954cbeb226fad4759dea37a280714dd72e28a7b60848a9fff848ed005d
additional_evaluation/kitti_efficiency/runs/baseline_run2.json,3101,1aac3c913e7e4477ac702c86103a45dfb48421bb1a44dbe4143c70c899c5aefd,1aac3c913e7e4477ac702c86103a45dfb48421bb1a44dbe4143c70c899c5aefd
additional_evaluation/kitti_efficiency/runs/baseline_run3.json,3096,6c4c053ad28a621471ab9fb803f7c4b65dfd12857832fae764b379474ba00452,6c4c053ad28a621471ab9fb803f7c4b65dfd12857832fae764b379474ba00452
additional_evaluation/kitti_efficiency/runs/baseline_run4.json,3094,0c22408759f0eff94dd7a54c6298d50b588d8aab949067cdba0fcae6e54aa62c,0c22408759f0eff94dd7a54c6298d50b588d8aab949067cdba0fcae6e54aa62c
additional_evaluation/kitti_efficiency/runs/baseline_run5.json,3110,f36de3ac1098449f394ff2b1015b6161ff0a293f75fb2c8337413d7f13f3df67,f36de3ac1098449f394ff2b1015b6161ff0a293f75fb2c8337413d7f13f3df67
additional_evaluation/kitti_efficiency/runs/mspki_run1.json,3120,b945a0e8ba730274381f927b9c2d067d1a365b92379e7c0b32eaabcfade4f56b,b945a0e8ba730274381f927b9c2d067d1a365b92379e7c0b32eaabcfade4f56b
additional_evaluation/kitti_efficiency/runs/mspki_run2.json,3113,7af1a3de47789807ed113e2f7a3101bad614cf59e33befda10fb38b6b9175da6,7af1a3de47789807ed113e2f7a3101bad614cf59e33befda10fb38b6b9175da6
additional_evaluation/kitti_efficiency/runs/mspki_run3.json,3100,fe045232506ce6889f35249fc47ebf377e9abd6581979758ac0bf8354b0b710b,fe045232506ce6889f35249fc47ebf377e9abd6581979758ac0bf8354b0b710b
additional_evaluation/kitti_efficiency/runs/mspki_run4.json,3103,5c77f4db63f05c63103001ae8886b2f4df3fa714eb6d082a9783c0e0ea97ad59,5c77f4db63f05c63103001ae8886b2f4df3fa714eb6d082a9783c0e0ea97ad59
additional_evaluation/kitti_efficiency/runs/mspki_run5.json,3127,be92a8c541ee0e8765088392a8fe55c7c2ce5018587530b548a759b3e032c3d7,be92a8c541ee0e8765088392a8fe55c7c2ce5018587530b548a759b3e032c3d7
additional_evaluation/kitti_efficiency/runtime/baseline/re_official/seed_7351/logs/test-20261003-205418.log,32705,6e4206c3bcca0595af4ffa804ff1b13754ed17e140772ed108ccf3a30d8b106f,f591054dead04ecb1d29f7a1380ce6ab02c63f5c58552176fae30fe86561dd90
additional_evaluation/kitti_efficiency/runtime/baseline/re_official/seed_7351/logs/test-20261003-205524.log,32705,f919571b5d614999d828ca5c365935613ebf78e411e4d3cd5c1a1a3d9ca533f7,599d93a2b5fd06a7398d8bfa4e453cb75b40a89cc26a4e5a3a9f41e6fb20a455
additional_evaluation/kitti_efficiency/runtime/baseline/re_official/seed_7351/logs/test-20261003-205545.log,32705,f7729b2d042d4accf8fc108cb390e903581eab03d55dc1573f4a1f09f39ef7ad,1d270448326f4d3743ba780638e7f89f15fa04dd010d3d4b49c995adf864a021
additional_evaluation/kitti_efficiency/runtime/baseline/re_official/seed_7351/logs/test-20261003-205647.log,32705,e8728cb91f28725967aae6a2d8b5abb34d6f5375736eb511522242a655d685d1,af9717bcd8a96557e5ebb4206d7156f52fdd6b20a06745947f9b29ec9e8c1f1e
additional_evaluation/kitti_efficiency/runtime/baseline/re_official/seed_7351/logs/test-20261003-205708.log,32705,1ce47de4ff5b5896546f544661dc3f796eaef1431aba9c75068510d258ff29db,e59f4c11baacfe1efac07ac99c4ff76091e07a0890e386d194db56c225dcbf0c
additional_evaluation/kitti_efficiency/runtime/mspki/re_official/seed_7351/logs/test-20261003-205438.log,34340,42d61fedd625e87387e1ca3a85a994feb824e6e2b7938699cf9bf849085f77f4,e914380e217f0e31f5a43261de5f652cb77aefdcae3f1cf32436e8d303e2b84f
additional_evaluation/kitti_efficiency/runtime/mspki/re_official/seed_7351/logs/test-20261003-205500.log,34340,2e71183864183913f9b9b698b4b840358f62125d808736ec374a4d5a2c1c41a8,6f6001ade57bdc936d67d979da534e78e4cc2ca15e69cace6c73bc03af281e24
additional_evaluation/kitti_efficiency/runtime/mspki/re_official/seed_7351/logs/test-20261003-205605.log,34340,b1b439522903630221c41576e7acde94015800fd8283dff726e95fc08d029937,a43b1c25b2ad6d3b4db3f8d8ad4274a91f7f4106ddedabd937883729dfeaeb43
additional_evaluation/kitti_efficiency/runtime/mspki/re_official/seed_7351/logs/test-20261003-205626.log,34340,fbda31c2cb81cfcbce2bb4a4064a9ff22e8f7748670b85b75329e69d683aa2b1,ac92e53a131aea4ffdec72c9573d6bd89f49de4433740f7e4aad9474fb14a36e
additional_evaluation/kitti_efficiency/runtime/mspki/re_official/seed_7351/logs/test-20261003-205727.log,34340,50f124f9a1bfa4fb15be534a13cc93bfbbbb4c9fe2562e65e7235160582a6f6e,d6337a74c0e6e0bb62783f431b029366c3e25ce46685ce376e172cf5a99ed280
additional_evaluation/ransac_iterations/iter_10000/paired_runs.csv,2816,98af68bb18e155a58fdf920bab9c4e3c050e2e8a1c5b196828c255070dee8c59,98af68bb18e155a58fdf920bab9c4e3c050e2e8a1c5b196828c255070dee8c59
additional_evaluation/ransac_iterations/iter_10000/pairs/baseline_train2026_top50_ransac0.csv,35347,3391ede76fbb46ea87491c0120f16250d5bc784f0cf7d8b441e0af1e6bdea432,3391ede76fbb46ea87491c0120f16250d5bc784f0cf7d8b441e0af1e6bdea432
additional_evaluation/ransac_iterations/iter_10000/pairs/baseline_train2026_top50_ransac1.csv,35353,8159748ebc2c13dd00c567839a7a2082d545294fcd89377618f7ce37f4d20279,8159748ebc2c13dd00c567839a7a2082d545294fcd89377618f7ce37f4d20279
additional_evaluation/ransac_iterations/iter_10000/pairs/baseline_train2026_top50_ransac2.csv,34931,a81b19eef947d7615cd99ddb7ad034ef4a89626487a2ac18de19a3d2df42c7d2,a81b19eef947d7615cd99ddb7ad034ef4a89626487a2ac18de19a3d2df42c7d2
additional_evaluation/ransac_iterations/iter_10000/pairs/baseline_train2026_top50_ransac3.csv,35080,432f9341cc43228f06749c8f45c4d9b67a840c9c22611fdc25352a4062c749cd,432f9341cc43228f06749c8f45c4d9b67a840c9c22611fdc25352a4062c749cd
additional_evaluation/ransac_iterations/iter_10000/pairs/baseline_train2026_top50_ransac4.csv,35265,899aec94cd418f6866e8e5c2067d11fddf116bb32f7fd30cbaacdbff5be59bb3,899aec94cd418f6866e8e5c2067d11fddf116bb32f7fd30cbaacdbff5be59bb3
additional_evaluation/ransac_iterations/iter_10000/pairs/baseline_train3407_top50_ransac0.csv,35154,d2acf2e4f148d588923fc4da111ed54c768c84bb4eb4c5fc64acfc8c14157c54,d2acf2e4f148d588923fc4da111ed54c768c84bb4eb4c5fc64acfc8c14157c54
additional_evaluation/ransac_iterations/iter_10000/pairs/baseline_train3407_top50_ransac1.csv,35171,9e2739c17590ceab6ed197c05e0814f49af18cf1da1f611b55df8ee68b22e2f2,9e2739c17590ceab6ed197c05e0814f49af18cf1da1f611b55df8ee68b22e2f2
additional_evaluation/ransac_iterations/iter_10000/pairs/baseline_train3407_top50_ransac2.csv,35123,2bf12ab275df517457991c0ed6759f192b277d6bebdc6c79ba5457f0e5737add,2bf12ab275df517457991c0ed6759f192b277d6bebdc6c79ba5457f0e5737add
additional_evaluation/ransac_iterations/iter_10000/pairs/baseline_train3407_top50_ransac3.csv,35523,f779862b49f2f4d6b55b977ce63e58ba76f28b2cbbaec464c06345d39d44df18,f779862b49f2f4d6b55b977ce63e58ba76f28b2cbbaec464c06345d39d44df18
additional_evaluation/ransac_iterations/iter_10000/pairs/baseline_train3407_top50_ransac4.csv,34826,8e83b9876d99e3350b28ac240d00f3e10c2e233ae875b76608a94c18da49a703,8e83b9876d99e3350b28ac240d00f3e10c2e233ae875b76608a94c18da49a703
additional_evaluation/ransac_iterations/iter_10000/pairs/baseline_train7351_top50_ransac0.csv,34656,ce0e261d6608b79d0c46abade09742a58806571323c5ed7faa89a3dc1e17d1b1,ce0e261d6608b79d0c46abade09742a58806571323c5ed7faa89a3dc1e17d1b1
additional_evaluation/ransac_iterations/iter_10000/pairs/baseline_train7351_top50_ransac1.csv,34503,7179c644d473fd55ecd60674065b9047c6d11e5f6c2f088fad7b5c73e1237adf,7179c644d473fd55ecd60674065b9047c6d11e5f6c2f088fad7b5c73e1237adf
additional_evaluation/ransac_iterations/iter_10000/pairs/baseline_train7351_top50_ransac2.csv,34948,5d7b6ef2068295ff513d082e52bd24f0f3c223cb063498cd0741ae59354bef66,5d7b6ef2068295ff513d082e52bd24f0f3c223cb063498cd0741ae59354bef66
additional_evaluation/ransac_iterations/iter_10000/pairs/baseline_train7351_top50_ransac3.csv,34860,fba376e2d962bc474bba2608babd10dc1abfb864fd6e5f7e5e77999c0e6fa0d8,fba376e2d962bc474bba2608babd10dc1abfb864fd6e5f7e5e77999c0e6fa0d8
additional_evaluation/ransac_iterations/iter_10000/pairs/baseline_train7351_top50_ransac4.csv,34300,05a0c275cc4f3f34b86e84e1b24e6ad86b2a72587d717495a14827f77a20e23a,05a0c275cc4f3f34b86e84e1b24e6ad86b2a72587d717495a14827f77a20e23a
additional_evaluation/ransac_iterations/iter_10000/pairs/mspki_train2026_top50_ransac0.csv,34971,913af538b73d648cbcfbfadceb9a2d2a678ef3af997bcd9e97b97180cdacdf40,913af538b73d648cbcfbfadceb9a2d2a678ef3af997bcd9e97b97180cdacdf40
additional_evaluation/ransac_iterations/iter_10000/pairs/mspki_train2026_top50_ransac1.csv,34660,1aeaefcdae54c8a5c8ab26e0cd4aea06d2b9d9f77f3d7a750a283d50d2967752,1aeaefcdae54c8a5c8ab26e0cd4aea06d2b9d9f77f3d7a750a283d50d2967752
additional_evaluation/ransac_iterations/iter_10000/pairs/mspki_train2026_top50_ransac2.csv,34562,b2d1d97a768f5fb7d16a2c0febade8ddb7d230820d4fbf3990044dfda0957649,b2d1d97a768f5fb7d16a2c0febade8ddb7d230820d4fbf3990044dfda0957649
additional_evaluation/ransac_iterations/iter_10000/pairs/mspki_train2026_top50_ransac3.csv,35206,f5ac762366d1dd0ac24fddaca48a8ff5a4115a2a2895c9c1a6bc018b5d23a0b0,f5ac762366d1dd0ac24fddaca48a8ff5a4115a2a2895c9c1a6bc018b5d23a0b0
additional_evaluation/ransac_iterations/iter_10000/pairs/mspki_train2026_top50_ransac4.csv,34909,de571c8be80f65c7953f3579f9be45fce0a098685696a7dbc234b93646bcbe6b,de571c8be80f65c7953f3579f9be45fce0a098685696a7dbc234b93646bcbe6b
additional_evaluation/ransac_iterations/iter_10000/pairs/mspki_train3407_top50_ransac0.csv,35140,573b3aaada2c040b134ad367322876fc6c783212c98d2a5a41abe93d46818d15,573b3aaada2c040b134ad367322876fc6c783212c98d2a5a41abe93d46818d15
additional_evaluation/ransac_iterations/iter_10000/pairs/mspki_train3407_top50_ransac1.csv,34593,8a3d60995ccf866d3e46ad74e8bd9430a4e0e7efcdaab248a7b0703f2c916eb1,8a3d60995ccf866d3e46ad74e8bd9430a4e0e7efcdaab248a7b0703f2c916eb1
additional_evaluation/ransac_iterations/iter_10000/pairs/mspki_train3407_top50_ransac2.csv,34533,69ed7758b458b15ee8759b812c67b87e2d868b4f7cd99331cf0c67cbeacbfcd5,69ed7758b458b15ee8759b812c67b87e2d868b4f7cd99331cf0c67cbeacbfcd5
additional_evaluation/ransac_iterations/iter_10000/pairs/mspki_train3407_top50_ransac3.csv,34461,cad8c38869f08b5b0976883bf1397c3970dfd3e95931aa5a75c6f3d7bca81d5d,cad8c38869f08b5b0976883bf1397c3970dfd3e95931aa5a75c6f3d7bca81d5d
additional_evaluation/ransac_iterations/iter_10000/pairs/mspki_train3407_top50_ransac4.csv,35130,774ac2e45b90f9878879487ca5fe5b8d63da94c2b5fb3a11633a5757d92728cc,774ac2e45b90f9878879487ca5fe5b8d63da94c2b5fb3a11633a5757d92728cc
additional_evaluation/ransac_iterations/iter_10000/pairs/mspki_train7351_top50_ransac0.csv,35144,113b2449e463c9bf7986a41ad5e01f6e3ef663445a4ab212e9c24cd210e0f2e7,113b2449e463c9bf7986a41ad5e01f6e3ef663445a4ab212e9c24cd210e0f2e7
additional_evaluation/ransac_iterations/iter_10000/pairs/mspki_train7351_top50_ransac1.csv,34917,fb7066b9fb94d43fbfd28b16a366beb3b37c8df2a566e12773b5b550574a5605,fb7066b9fb94d43fbfd28b16a366beb3b37c8df2a566e12773b5b550574a5605
additional_evaluation/ransac_iterations/iter_10000/pairs/mspki_train7351_top50_ransac2.csv,34745,219e539320d6336ab9f299cdd8faa0c29e05867b2ae6a2f0f5f1bb11b59cfed1,219e539320d6336ab9f299cdd8faa0c29e05867b2ae6a2f0f5f1bb11b59cfed1
additional_evaluation/ransac_iterations/iter_10000/pairs/mspki_train7351_top50_ransac3.csv,35131,8a0748989c94db9edd870aa01003b38a57fb1250d3322ba5e5f98ffb08727c72,8a0748989c94db9edd870aa01003b38a57fb1250d3322ba5e5f98ffb08727c72
additional_evaluation/ransac_iterations/iter_10000/pairs/mspki_train7351_top50_ransac4.csv,34933,3b1c4ef7006ec7e876108d26435d47b23689310e87bb6f94ca257b0ba10f0dbb,3b1c4ef7006ec7e876108d26435d47b23689310e87bb6f94ca257b0ba10f0dbb
additional_evaluation/ransac_iterations/iter_10000/protocol.json,2579,c17f38247c364a1b1e423e6b5c5f7d294accddc9bf02b46d83d03de95a6eb779,c17f38247c364a1b1e423e6b5c5f7d294accddc9bf02b46d83d03de95a6eb779
additional_evaluation/ransac_iterations/iter_10000/summary.csv,1164,a116cbc14e0525c7f998086c1f19f767fc917ca3d9446e0f30982a9a45655b9f,a116cbc14e0525c7f998086c1f19f767fc917ca3d9446e0f30982a9a45655b9f
additional_evaluation/ransac_iterations/iter_10000/training_seed_means.csv,912,8e82012dc37e254f9f621795de944045a69b07121f075dd3ebf35ca5af3da80c,8e82012dc37e254f9f621795de944045a69b07121f075dd3ebf35ca5af3da80c
additional_evaluation/ransac_iterations/iter_5000/paired_runs.csv,2816,15be0d603696bfff8ba5dd68b4ffa42c3621d2f2d1c6d4c482477e1883e6e8f1,15be0d603696bfff8ba5dd68b4ffa42c3621d2f2d1c6d4c482477e1883e6e8f1
additional_evaluation/ransac_iterations/iter_5000/pairs/baseline_train2026_top50_ransac0.csv,35347,aa375d428cb94c9e25b836d8bf879b49b5e83af2ac0d0d262e2f3d7dba688fea,aa375d428cb94c9e25b836d8bf879b49b5e83af2ac0d0d262e2f3d7dba688fea
additional_evaluation/ransac_iterations/iter_5000/pairs/baseline_train2026_top50_ransac1.csv,35355,7ae0df7c756119d7403b2643b75d2a213bd175dc151f547fbe5212dc73b1d25e,7ae0df7c756119d7403b2643b75d2a213bd175dc151f547fbe5212dc73b1d25e
additional_evaluation/ransac_iterations/iter_5000/pairs/baseline_train2026_top50_ransac2.csv,34920,6713c28cde5ee51e7e1cdf3d4a488175cbedb9d4781e301121af2e60e624c2a2,6713c28cde5ee51e7e1cdf3d4a488175cbedb9d4781e301121af2e60e624c2a2
additional_evaluation/ransac_iterations/iter_5000/pairs/baseline_train2026_top50_ransac3.csv,35075,ad77f4d9e838289bb93127fb9c7b242f865e96798b61d0a046b3464afa932bb6,ad77f4d9e838289bb93127fb9c7b242f865e96798b61d0a046b3464afa932bb6
additional_evaluation/ransac_iterations/iter_5000/pairs/baseline_train2026_top50_ransac4.csv,35261,eb36061cadc9e10a87e080a9a5758fcbca0b788ffb0a5f186b3438dbb69b2857,eb36061cadc9e10a87e080a9a5758fcbca0b788ffb0a5f186b3438dbb69b2857
additional_evaluation/ransac_iterations/iter_5000/pairs/baseline_train3407_top50_ransac0.csv,35157,8a2b6617c50790c49c0165bce06ccfac408cde016e058cfc2c48ccf9cea28413,8a2b6617c50790c49c0165bce06ccfac408cde016e058cfc2c48ccf9cea28413
additional_evaluation/ransac_iterations/iter_5000/pairs/baseline_train3407_top50_ransac1.csv,35161,f2490aa3ff4e6b84e1a37bd2f5bde5d5c275902dcf48c77455916a9ab9bdaa34,f2490aa3ff4e6b84e1a37bd2f5bde5d5c275902dcf48c77455916a9ab9bdaa34
additional_evaluation/ransac_iterations/iter_5000/pairs/baseline_train3407_top50_ransac2.csv,35092,2e0c600e3126816ead66ba86eb7fa70f669af62c2423b631b95fac958e673b94,2e0c600e3126816ead66ba86eb7fa70f669af62c2423b631b95fac958e673b94
additional_evaluation/ransac_iterations/iter_5000/pairs/baseline_train3407_top50_ransac3.csv,35496,3eb708e33cdb80e477577d12ae2d38e9c8b00d7ab3b1dc76e5bd3bb490bc92b6,3eb708e33cdb80e477577d12ae2d38e9c8b00d7ab3b1dc76e5bd3bb490bc92b6
additional_evaluation/ransac_iterations/iter_5000/pairs/baseline_train3407_top50_ransac4.csv,34823,ef9ea0466e60035178ed88785b0b4f69b3b498523ca097a0f922b8cec8a52354,ef9ea0466e60035178ed88785b0b4f69b3b498523ca097a0f922b8cec8a52354
additional_evaluation/ransac_iterations/iter_5000/pairs/baseline_train7351_top50_ransac0.csv,34656,6dbb5e6c036f8603b84f47221882a12b0b8c9ae4fadda1569e5d7531c3c6c4ee,6dbb5e6c036f8603b84f47221882a12b0b8c9ae4fadda1569e5d7531c3c6c4ee
additional_evaluation/ransac_iterations/iter_5000/pairs/baseline_train7351_top50_ransac1.csv,34494,f8e7724899d4c9a4e6cda19d91d0d9cf161cc4fa42f4344967721fb046379992,f8e7724899d4c9a4e6cda19d91d0d9cf161cc4fa42f4344967721fb046379992
additional_evaluation/ransac_iterations/iter_5000/pairs/baseline_train7351_top50_ransac2.csv,34935,8bcb76a1fd1e2c1b9475641ed648ec19e7c486f543cce7209d65a140488a229e,8bcb76a1fd1e2c1b9475641ed648ec19e7c486f543cce7209d65a140488a229e
additional_evaluation/ransac_iterations/iter_5000/pairs/baseline_train7351_top50_ransac3.csv,34864,9b62e07cee57c917c6d500d449149ea5a5ca18cf3c6962fd1d6571527ace2913,9b62e07cee57c917c6d500d449149ea5a5ca18cf3c6962fd1d6571527ace2913
additional_evaluation/ransac_iterations/iter_5000/pairs/baseline_train7351_top50_ransac4.csv,34300,5d8a3991b853f7de286eb4bc5587132fb272fda9f38a1807fb009c1d10e198d9,5d8a3991b853f7de286eb4bc5587132fb272fda9f38a1807fb009c1d10e198d9
additional_evaluation/ransac_iterations/iter_5000/pairs/mspki_train2026_top50_ransac0.csv,34972,3fa0fb407b40bd7de8c0e11ec80eb888599f93a44fcf31b18b080f76e923c74e,3fa0fb407b40bd7de8c0e11ec80eb888599f93a44fcf31b18b080f76e923c74e
additional_evaluation/ransac_iterations/iter_5000/pairs/mspki_train2026_top50_ransac1.csv,34659,e3a102816f84877df2ccc6ddf1dde90d1f0b5a1fe732b8bfb7fcca36cbd0c902,e3a102816f84877df2ccc6ddf1dde90d1f0b5a1fe732b8bfb7fcca36cbd0c902
additional_evaluation/ransac_iterations/iter_5000/pairs/mspki_train2026_top50_ransac2.csv,34562,b2d1d97a768f5fb7d16a2c0febade8ddb7d230820d4fbf3990044dfda0957649,b2d1d97a768f5fb7d16a2c0febade8ddb7d230820d4fbf3990044dfda0957649
additional_evaluation/ransac_iterations/iter_5000/pairs/mspki_train2026_top50_ransac3.csv,35204,f8c3514308d79f55189213043813a04846d09947acfc1f71a88be4d3149895ae,f8c3514308d79f55189213043813a04846d09947acfc1f71a88be4d3149895ae
additional_evaluation/ransac_iterations/iter_5000/pairs/mspki_train2026_top50_ransac4.csv,34908,35011cad1fa808279db6cbe35517d0e9e9f56fe8098a87c18a9eb4a611e304e5,35011cad1fa808279db6cbe35517d0e9e9f56fe8098a87c18a9eb4a611e304e5
additional_evaluation/ransac_iterations/iter_5000/pairs/mspki_train3407_top50_ransac0.csv,35133,724c92920987776f8d50016fb895204c206d64fa6ee1a28dea3410341900ad56,724c92920987776f8d50016fb895204c206d64fa6ee1a28dea3410341900ad56
additional_evaluation/ransac_iterations/iter_5000/pairs/mspki_train3407_top50_ransac1.csv,34589,e05f14dd99abc1764e2f575814a305388f8a630c2c9c45e02d825e4e0b7315fb,e05f14dd99abc1764e2f575814a305388f8a630c2c9c45e02d825e4e0b7315fb
additional_evaluation/ransac_iterations/iter_5000/pairs/mspki_train3407_top50_ransac2.csv,34534,4fddaa4203799a6547a80885b973bc0b47aabf7ded969845a2f8f2b67fb31ff7,4fddaa4203799a6547a80885b973bc0b47aabf7ded969845a2f8f2b67fb31ff7
additional_evaluation/ransac_iterations/iter_5000/pairs/mspki_train3407_top50_ransac3.csv,34461,563810f5401c6c580c05033ece012824599fe62838200115b2544c371c00c48e,563810f5401c6c580c05033ece012824599fe62838200115b2544c371c00c48e
additional_evaluation/ransac_iterations/iter_5000/pairs/mspki_train3407_top50_ransac4.csv,35128,1200afa281cf9f8bd8ee3ec6e65bd08eb24f24a165c85e9a3cf3e2bf2c0ec7cb,1200afa281cf9f8bd8ee3ec6e65bd08eb24f24a165c85e9a3cf3e2bf2c0ec7cb
additional_evaluation/ransac_iterations/iter_5000/pairs/mspki_train7351_top50_ransac0.csv,35115,f6bcdaf5bd89eb28c5f5d06f0d7b0eec62634eae4c035c496f7ed00b739864ff,f6bcdaf5bd89eb28c5f5d06f0d7b0eec62634eae4c035c496f7ed00b739864ff
additional_evaluation/ransac_iterations/iter_5000/pairs/mspki_train7351_top50_ransac1.csv,34919,6d67bc96db7b15daccecfff83138e471179db79cd19765bbb2ef6f0cd72e2ea0,6d67bc96db7b15daccecfff83138e471179db79cd19765bbb2ef6f0cd72e2ea0
additional_evaluation/ransac_iterations/iter_5000/pairs/mspki_train7351_top50_ransac2.csv,34743,90e86a77ed48690aceaa9a7264eb928a5066a803a7f66830069a72018bac3f53,90e86a77ed48690aceaa9a7264eb928a5066a803a7f66830069a72018bac3f53
additional_evaluation/ransac_iterations/iter_5000/pairs/mspki_train7351_top50_ransac3.csv,35130,9056948796e8ffee54149df9355d4a4812d0caa344dea55be83c3637e9833f2e,9056948796e8ffee54149df9355d4a4812d0caa344dea55be83c3637e9833f2e
additional_evaluation/ransac_iterations/iter_5000/pairs/mspki_train7351_top50_ransac4.csv,34935,ec62073fe7bfc943b3a6289917e62fe726d35523351e418169f106b781f93220,ec62073fe7bfc943b3a6289917e62fe726d35523351e418169f106b781f93220
additional_evaluation/ransac_iterations/iter_5000/protocol.json,2578,97eab49feea314a3183064e035ee043a7d616101ecf1206dccdd3d2e515ec3f8,97eab49feea314a3183064e035ee043a7d616101ecf1206dccdd3d2e515ec3f8
additional_evaluation/ransac_iterations/iter_5000/summary.csv,1156,b251e11e7dd267506808e3b2e4d5b222433853c5dd6147cdf6d5c27427fdf1e0,b251e11e7dd267506808e3b2e4d5b222433853c5dd6147cdf6d5c27427fdf1e0
additional_evaluation/ransac_iterations/iter_5000/training_seed_means.csv,913,437edabb0a5cbc02bfafc238d382a6fbdba212fb5b5846ccd2d00fbe314f6a82,437edabb0a5cbc02bfafc238d382a6fbdba212fb5b5846ccd2d00fbe314f6a82
additional_evaluation/ransac_iterations/iter_50000/paired_runs.csv,2814,8f863cce4ad30940bd8f2c515138374b6c26c8eec56ccec210ebd02245741a6e,8f863cce4ad30940bd8f2c515138374b6c26c8eec56ccec210ebd02245741a6e
additional_evaluation/ransac_iterations/iter_50000/pairs/baseline_train2026_top50_ransac0.csv,35350,c7bfb7b4f818a749896ff9d5dc430833eae94622e62a1e462e43bd7bfbd1e0aa,c7bfb7b4f818a749896ff9d5dc430833eae94622e62a1e462e43bd7bfbd1e0aa
additional_evaluation/ransac_iterations/iter_50000/pairs/baseline_train2026_top50_ransac1.csv,35355,f7b3b5fda3601b43d5cbd41f4d7bf6d71b2849fd0b00b9caac6a19ffde67f6b8,f7b3b5fda3601b43d5cbd41f4d7bf6d71b2849fd0b00b9caac6a19ffde67f6b8
additional_evaluation/ransac_iterations/iter_50000/pairs/baseline_train2026_top50_ransac2.csv,34930,c436a33d2aed41a73bc5fc8a6da12f4a008600ff94a2dd7f2cc3f3ae00f839ea,c436a33d2aed41a73bc5fc8a6da12f4a008600ff94a2dd7f2cc3f3ae00f839ea
additional_evaluation/ransac_iterations/iter_50000/pairs/baseline_train2026_top50_ransac3.csv,35081,87ba6b89a6d2befc629c517f65ba2d6f95ce217cae2de142deeee7be0950af8f,87ba6b89a6d2befc629c517f65ba2d6f95ce217cae2de142deeee7be0950af8f
additional_evaluation/ransac_iterations/iter_50000/pairs/baseline_train2026_top50_ransac4.csv,35266,8b9db57c35af47062124f00a14c367c1c94dd2995c085041b49b978ccd39e1a8,8b9db57c35af47062124f00a14c367c1c94dd2995c085041b49b978ccd39e1a8
additional_evaluation/ransac_iterations/iter_50000/pairs/baseline_train3407_top50_ransac0.csv,35156,85c51347e47844a427812f067da7e90de77466c79a506315604288edabebcd9b,85c51347e47844a427812f067da7e90de77466c79a506315604288edabebcd9b
additional_evaluation/ransac_iterations/iter_50000/pairs/baseline_train3407_top50_ransac1.csv,35169,1e33e2c9ee3928f02239e52d203c4a400d09a0dd9aa65d8c809daf5cf6bd455f,1e33e2c9ee3928f02239e52d203c4a400d09a0dd9aa65d8c809daf5cf6bd455f
additional_evaluation/ransac_iterations/iter_50000/pairs/baseline_train3407_top50_ransac2.csv,35123,7bf44fdd7142ddd0cc05a2e08f442c3bd9b86cca763de7b73ecd868c219a00e9,7bf44fdd7142ddd0cc05a2e08f442c3bd9b86cca763de7b73ecd868c219a00e9
additional_evaluation/ransac_iterations/iter_50000/pairs/baseline_train3407_top50_ransac3.csv,35520,b122dbd454070e1e0f23f33d7024b19b4e08d3a3a8c903d878efff01d6083bcd,b122dbd454070e1e0f23f33d7024b19b4e08d3a3a8c903d878efff01d6083bcd
additional_evaluation/ransac_iterations/iter_50000/pairs/baseline_train3407_top50_ransac4.csv,34827,7da2e190ad2ec045d1afbac9159ae0eff81edacac85518670d5e71bd545bafa0,7da2e190ad2ec045d1afbac9159ae0eff81edacac85518670d5e71bd545bafa0
additional_evaluation/ransac_iterations/iter_50000/pairs/baseline_train7351_top50_ransac0.csv,34657,f936c912d685c192aeb76378fe359657aaa68cbcc8ace7bf1086bb65da558396,f936c912d685c192aeb76378fe359657aaa68cbcc8ace7bf1086bb65da558396
additional_evaluation/ransac_iterations/iter_50000/pairs/baseline_train7351_top50_ransac1.csv,34500,c0ff2965dba878bb0e104f65d69f886097e006f292ee0332b53a2ab700325047,c0ff2965dba878bb0e104f65d69f886097e006f292ee0332b53a2ab700325047
additional_evaluation/ransac_iterations/iter_50000/pairs/baseline_train7351_top50_ransac2.csv,34946,32748f6f6160c14f04c6127e8f66e456688f62433c3ad63655183dab1432fbae,32748f6f6160c14f04c6127e8f66e456688f62433c3ad63655183dab1432fbae
additional_evaluation/ransac_iterations/iter_50000/pairs/baseline_train7351_top50_ransac3.csv,34864,cbab84e9994ffc21c5b0ce3368f8997e3f2554314b2a5c902ba15e62f57b3c14,cbab84e9994ffc21c5b0ce3368f8997e3f2554314b2a5c902ba15e62f57b3c14
additional_evaluation/ransac_iterations/iter_50000/pairs/baseline_train7351_top50_ransac4.csv,34304,913115bb4d00dad3ae392166ca1df3cf7498de8ba81837c936f6bc71d717e92d,913115bb4d00dad3ae392166ca1df3cf7498de8ba81837c936f6bc71d717e92d
additional_evaluation/ransac_iterations/iter_50000/pairs/mspki_train2026_top50_ransac0.csv,34973,3cf63a39033aad326d06efc8b5a4e40a7476673cf256b4140118cbbb27c901d9,3cf63a39033aad326d06efc8b5a4e40a7476673cf256b4140118cbbb27c901d9
additional_evaluation/ransac_iterations/iter_50000/pairs/mspki_train2026_top50_ransac1.csv,34660,24e51497b9aef72f570ddb8371d8b04b6b8a530a299aa2ef8b3c9d53fcdcf552,24e51497b9aef72f570ddb8371d8b04b6b8a530a299aa2ef8b3c9d53fcdcf552
additional_evaluation/ransac_iterations/iter_50000/pairs/mspki_train2026_top50_ransac2.csv,34562,b2d1d97a768f5fb7d16a2c0febade8ddb7d230820d4fbf3990044dfda0957649,b2d1d97a768f5fb7d16a2c0febade8ddb7d230820d4fbf3990044dfda0957649
additional_evaluation/ransac_iterations/iter_50000/pairs/mspki_train2026_top50_ransac3.csv,35205,ae47cca02e766e872cdc24fbeb3b00e947da6b0ee16248048ad157875fa1be4f,ae47cca02e766e872cdc24fbeb3b00e947da6b0ee16248048ad157875fa1be4f
additional_evaluation/ransac_iterations/iter_50000/pairs/mspki_train2026_top50_ransac4.csv,34908,dbfde983d73859cd29457ade16651450548ff20a5108dbfe1ed48e982e736114,dbfde983d73859cd29457ade16651450548ff20a5108dbfe1ed48e982e736114
additional_evaluation/ransac_iterations/iter_50000/pairs/mspki_train3407_top50_ransac0.csv,35137,173fed95624306fc890d149a7de15926eb3678d8c8588e6d942d5777225f20b5,173fed95624306fc890d149a7de15926eb3678d8c8588e6d942d5777225f20b5
additional_evaluation/ransac_iterations/iter_50000/pairs/mspki_train3407_top50_ransac1.csv,34590,a8d72370310a43957796fedd3f6ac1d403410e011d6a7d542ae5d387cfdc82c7,a8d72370310a43957796fedd3f6ac1d403410e011d6a7d542ae5d387cfdc82c7
additional_evaluation/ransac_iterations/iter_50000/pairs/mspki_train3407_top50_ransac2.csv,34537,2d8c938b9c419a032321c74808e5871a4b0b9e34925b183fcc73d65ec8dfd45b,2d8c938b9c419a032321c74808e5871a4b0b9e34925b183fcc73d65ec8dfd45b
additional_evaluation/ransac_iterations/iter_50000/pairs/mspki_train3407_top50_ransac3.csv,34463,f7cd5d9c3cd7c69a532929cd8b5ec283c719537c33e030498900635001e09008,f7cd5d9c3cd7c69a532929cd8b5ec283c719537c33e030498900635001e09008
additional_evaluation/ransac_iterations/iter_50000/pairs/mspki_train3407_top50_ransac4.csv,35131,fe44a6e956e8515080286d0c854edba04526e91d7b182edfb5cb2d21a730e341,fe44a6e956e8515080286d0c854edba04526e91d7b182edfb5cb2d21a730e341
additional_evaluation/ransac_iterations/iter_50000/pairs/mspki_train7351_top50_ransac0.csv,35144,363783a0312b8a94e2aadf11b596683acd58b992f7a6895286aec47d664c5ea8,363783a0312b8a94e2aadf11b596683acd58b992f7a6895286aec47d664c5ea8
additional_evaluation/ransac_iterations/iter_50000/pairs/mspki_train7351_top50_ransac1.csv,34920,581c10f988e95866227553eb76f3910157aee6fc2c1b9dbc942605e52ac68c5a,581c10f988e95866227553eb76f3910157aee6fc2c1b9dbc942605e52ac68c5a
additional_evaluation/ransac_iterations/iter_50000/pairs/mspki_train7351_top50_ransac2.csv,34744,baecfb6f5db55ce5cb1583f72fe9a8ca92713cceee2a3147ed17950246026072,baecfb6f5db55ce5cb1583f72fe9a8ca92713cceee2a3147ed17950246026072
additional_evaluation/ransac_iterations/iter_50000/pairs/mspki_train7351_top50_ransac3.csv,35131,f5e307b27fe027cb24cb9abeee44da9483a565750cb033d7233d0e2a6f134e73,f5e307b27fe027cb24cb9abeee44da9483a565750cb033d7233d0e2a6f134e73
additional_evaluation/ransac_iterations/iter_50000/pairs/mspki_train7351_top50_ransac4.csv,34933,3b1c4ef7006ec7e876108d26435d47b23689310e87bb6f94ca257b0ba10f0dbb,3b1c4ef7006ec7e876108d26435d47b23689310e87bb6f94ca257b0ba10f0dbb
additional_evaluation/ransac_iterations/iter_50000/protocol.json,2579,630857134776d57d9b05c3f143303aafcb0f67a9446e2b6b3f561c74eb6a7713,630857134776d57d9b05c3f143303aafcb0f67a9446e2b6b3f561c74eb6a7713
additional_evaluation/ransac_iterations/iter_50000/summary.csv,1169,f1a2bddc09b1f7417a978724a7090ead51d902ed224c9063d013b1e783fe71db,f1a2bddc09b1f7417a978724a7090ead51d902ed224c9063d013b1e783fe71db
additional_evaluation/ransac_iterations/iter_50000/training_seed_means.csv,910,ac8e30441e1d15ee804fe5b4752ceaef88330608a2adc446c5f33c5ca53d759d,ac8e30441e1d15ee804fe5b4752ceaef88330608a2adc446c5f33c5ca53d759d
additional_evaluation/ransac_iterations/iteration_control_summary_derived.csv,2199,6fffaed84843bdaf5370cef7d29642344fbe40a8515dadd120a46d6c3a2644a4,6fffaed84843bdaf5370cef7d29642344fbe40a8515dadd120a46d6c3a2644a4
additional_evaluation/reproduction_code_manifest.csv,1824,53da66d210143ecb06e10ccbe7d369f3ba0c1916aab947ec6660572d53f57775,53da66d210143ecb06e10ccbe7d369f3ba0c1916aab947ec6660572d53f57775
coarse_3DLoMatch_summary_fhp.json,6368,6ceba034141d56c7998b2eeb3cbe29e4578045b6b17033a1c773833c8516d58b,52a13a7c338acff90d96a9b5a97d49bf4201908a893c8016b9f345dd4f4bb15a
coarse_3DMatch_summary_fhp.json,6270,0f5fdd3d562dd0025dc0cabed91d18a0e22c3ea5003ee0ec7b41eba287e8c818,5945760833a1fe8b1db21ed7c1e1b67565950afcdcc5afee6e963c23211a5865
coarse_stage_control/3DLoMatch/manifest.json,907,1613333d50c97483cda9c6448337c676cfc62755a7b8341b93bc6eb2da3774a4,ccae54109497a8125d536e89ba677c07d4dea7d390ab1a9c738822c38bb89c26
coarse_stage_control/3DLoMatch/pairs_fhp.csv,229549,92a8a2af426b0dab73397f4f8a41398e90ad61945b9b8f63907d094a324cee83,92a8a2af426b0dab73397f4f8a41398e90ad61945b9b8f63907d094a324cee83
coarse_stage_control/3DLoMatch/summary_fhp.json,6368,6ceba034141d56c7998b2eeb3cbe29e4578045b6b17033a1c773833c8516d58b,52a13a7c338acff90d96a9b5a97d49bf4201908a893c8016b9f345dd4f4bb15a
coarse_stage_control/3DMatch/manifest.json,904,03eda7d5eb22d8f0e6c21ddedf75bbc770644423ec32162f1c213ddd941b6a31,94cae755d9ded2428670250ca81cd2900c874254ebe66cf9e76f10c6a0f24bea
coarse_stage_control/3DMatch/pairs_fhp.csv,207622,5743f3b5ef538978365ccf9ec74a7dde3a22450372bcef0872d264d6ae944b5a,5743f3b5ef538978365ccf9ec74a7dde3a22450372bcef0872d264d6ae944b5a
coarse_stage_control/3DMatch/summary_fhp.json,6270,0f5fdd3d562dd0025dc0cabed91d18a0e22c3ea5003ee0ec7b41eba287e8c818,5945760833a1fe8b1db21ed7c1e1b67565950afcdcc5afee6e963c23211a5865
efficiency_profile_raw/baseline_3DLoMatch_rep1.json,3823,aee86a7774eb02832dabd19aeb4809a7ca19283ec66fa111c56159e4e728f485,aee86a7774eb02832dabd19aeb4809a7ca19283ec66fa111c56159e4e728f485
efficiency_profile_raw/baseline_3DLoMatch_rep2.json,3815,903c9e92e989a0d82049e07fe055a63daaeeaf5191988705c835499657cee1a5,903c9e92e989a0d82049e07fe055a63daaeeaf5191988705c835499657cee1a5
efficiency_profile_raw/baseline_3DLoMatch_rep3.json,3818,040facd0b93e8d4f352238441558de742de7618e7d6944dd62b82de29e884809,040facd0b93e8d4f352238441558de742de7618e7d6944dd62b82de29e884809
efficiency_profile_raw/baseline_3DLoMatch_rep4.json,3808,839b47f6ff7c8ffa28c389ac52e2d64b4ab0ea1d1540a85fc72853910a97e6bd,839b47f6ff7c8ffa28c389ac52e2d64b4ab0ea1d1540a85fc72853910a97e6bd
efficiency_profile_raw/baseline_3DLoMatch_rep5.json,3820,e802744a8315776edbfd80579d1f9e4dd91a52a9e7fb1343a141a864a83256dc,e802744a8315776edbfd80579d1f9e4dd91a52a9e7fb1343a141a864a83256dc
efficiency_profile_raw/baseline_3DMatch_rep1.json,3821,d2c03f0d0147024fb7f3f1bfaf251afc23b50ad52b0fcb615cfb7e2c2c2fefef,d2c03f0d0147024fb7f3f1bfaf251afc23b50ad52b0fcb615cfb7e2c2c2fefef
efficiency_profile_raw/baseline_3DMatch_rep2.json,3840,170380ddaacb2306a95781341241452b66bf184c59543e41d932ec96919f5c80,170380ddaacb2306a95781341241452b66bf184c59543e41d932ec96919f5c80
efficiency_profile_raw/baseline_3DMatch_rep3.json,3826,36cd72e31a1bc5ed6f9dd7e87d0f1664cb23246e07e9bbce42e3a05b55e99e4f,36cd72e31a1bc5ed6f9dd7e87d0f1664cb23246e07e9bbce42e3a05b55e99e4f
efficiency_profile_raw/baseline_3DMatch_rep4.json,3812,c3a954ea1d6135b8698eafc96ef312a894d5456d183763624a1e581f228abfa6,c3a954ea1d6135b8698eafc96ef312a894d5456d183763624a1e581f228abfa6
efficiency_profile_raw/baseline_3DMatch_rep5.json,3833,d0983f400ae3bf8d6606d3a3545d168e994b774170d84ed19d7642248b740430,d0983f400ae3bf8d6606d3a3545d168e994b774170d84ed19d7642248b740430
efficiency_profile_raw/efficiency_summary_final.json,5706,73d664a58e521e9b0d4fbee7840955c9391ed261fec5e50341ee4881f5bdbce7,73d664a58e521e9b0d4fbee7840955c9391ed261fec5e50341ee4881f5bdbce7
efficiency_profile_raw/mspki_3DLoMatch_rep1.json,3808,cdc6fafa243c4ca3e99b973ae824d5dffb7f35ae4af4c45c7e9079690adc18ea,cdc6fafa243c4ca3e99b973ae824d5dffb7f35ae4af4c45c7e9079690adc18ea
efficiency_profile_raw/mspki_3DLoMatch_rep2.json,3820,2bfdd105c6eae35d316440fc2fc4f954d9f4c32ce10d72db401d578ff4ca5fea,2bfdd105c6eae35d316440fc2fc4f954d9f4c32ce10d72db401d578ff4ca5fea
efficiency_profile_raw/mspki_3DLoMatch_rep3.json,3820,31936a7bc74d46a2c2d4971c811ffb6f579eeb95894da5c548a1bac2b9052c0e,31936a7bc74d46a2c2d4971c811ffb6f579eeb95894da5c548a1bac2b9052c0e
efficiency_profile_raw/mspki_3DLoMatch_rep4.json,3808,9b5ddf51efa2ac44821f128257a563aae66bf29b912ce274646c4e768fd810ae,9b5ddf51efa2ac44821f128257a563aae66bf29b912ce274646c4e768fd810ae
efficiency_profile_raw/mspki_3DLoMatch_rep5.json,3809,dccdad7fc5418c1b223fd18a7181ea71a193a7ebeb5e1202a03d7a608784e7ca,dccdad7fc5418c1b223fd18a7181ea71a193a7ebeb5e1202a03d7a608784e7ca
efficiency_profile_raw/mspki_3DMatch_rep1.json,3827,9ea9b52d0c114f9cc4397fbc3ee5d1f16dc7013792930122f5f29f6b29355303,9ea9b52d0c114f9cc4397fbc3ee5d1f16dc7013792930122f5f29f6b29355303
efficiency_profile_raw/mspki_3DMatch_rep2.json,3831,4ff1c258d23b8f53e5159e940fab4a6e8c4520db7944a04d43ffa6b43e71ad09,4ff1c258d23b8f53e5159e940fab4a6e8c4520db7944a04d43ffa6b43e71ad09
efficiency_profile_raw/mspki_3DMatch_rep3.json,3829,0cdbcc2d2b1265ddb99e0b8081117310e256e1c48231fce82f8045b13f95f5fb,0cdbcc2d2b1265ddb99e0b8081117310e256e1c48231fce82f8045b13f95f5fb
efficiency_profile_raw/mspki_3DMatch_rep4.json,3824,a2e5942a91a00d8a1a0c7dd10a0fb9683b1127c79733af79a1e3f67b61a668fa,a2e5942a91a00d8a1a0c7dd10a0fb9683b1127c79733af79a1e3f67b61a668fa
efficiency_profile_raw/mspki_3DMatch_rep5.json,3818,0988b77463f873e5e7ce475e646278a8d5778a9e672cdb576eb0d28e597e33c3,0988b77463f873e5e7ce475e646278a8d5778a9e672cdb576eb0d28e597e33c3
efficiency_summary_derived.csv,357,e22b5e58b1575b1d4833d153e07ec44f2cd6bc98a28fc57aaa690738c9a50f3f,e22b5e58b1575b1d4833d153e07ec44f2cd6bc98a28fc57aaa690738c9a50f3f
equivariance/fixed_order/3DLoMatch/equivariance_observations.csv,148380,ed07b93513ec688f92ff3957253d4f800216d54e134f0563eaf368db54777157,ed07b93513ec688f92ff3957253d4f800216d54e134f0563eaf368db54777157
equivariance/fixed_order/3DLoMatch/equivariance_protocol.json,407,4293ef23ff82a9d0c114757a6280da278dd78f2afc659b098408d5120515ee29,4293ef23ff82a9d0c114757a6280da278dd78f2afc659b098408d5120515ee29
equivariance/fixed_order/3DLoMatch/equivariance_summary.csv,1233,2aea59c4f212a29b421ca5038c24842a736ba3739121fc1fe9db99ddd1cf5946,2aea59c4f212a29b421ca5038c24842a736ba3739121fc1fe9db99ddd1cf5946
equivariance/fixed_order/culprit_comparison.csv,2633,c9ebcfd4c376860456a9228ce1fd34034c0716e9b95976e4457bce8aac75a4c9,c9ebcfd4c376860456a9228ce1fd34034c0716e9b95976e4457bce8aac75a4c9
equivariance/fixed_order/neighbor_order_audit.json,679,433d641c5bebc6c91289a6a98178d9c3c726ff4b529d45c3fc103a9e5ba68df1,433d641c5bebc6c91289a6a98178d9c3c726ff4b529d45c3fc103a9e5ba68df1
equivariance/recomputed_order/3DLoMatch/equivariance_observations.csv,597325,1e78882c34e1de24221ab9e81476c88a1721907ce2532a10335963f770bc012b,1e78882c34e1de24221ab9e81476c88a1721907ce2532a10335963f770bc012b
equivariance/recomputed_order/3DLoMatch/equivariance_protocol.json,438,d3352a3eff1d2d3da5d2a868a4f1c56560c88b83894bfe0034d8f537a1b5930a,d3352a3eff1d2d3da5d2a868a4f1c56560c88b83894bfe0034d8f537a1b5930a
equivariance/recomputed_order/3DLoMatch/equivariance_summary.csv,4797,ec6bbb085d724103b85b1b97fd4b2b5ea9b16b4cea39d3110da1e60f74cb45f6,ec6bbb085d724103b85b1b97fd4b2b5ea9b16b4cea39d3110da1e60f74cb45f6
indoor_three_seed/baseline/seed_2026/3DLoMatch/pairs_fhp.csv,229449,bfdf26c0049d17427c016e7e4ffd234c85efb73b589b48bc11079630de29b8fd,bfdf26c0049d17427c016e7e4ffd234c85efb73b589b48bc11079630de29b8fd
indoor_three_seed/baseline/seed_2026/3DLoMatch/summary_fhp.json,6327,51c6602f3d28f5a37a093b499932e532c51a356f541b6c1003405b527cb1ca3a,df7a81a1af5c742ca763eb3d4a29308d602dba6037e7fa45b379486293ed4121
indoor_three_seed/baseline/seed_2026/3DMatch/pairs_fhp.csv,207657,d1227fe9c6136273e49e685fb36f60b1273a3bfb35ad8c72bfbc5ccd4d6f916c,d1227fe9c6136273e49e685fb36f60b1273a3bfb35ad8c72bfbc5ccd4d6f916c
indoor_three_seed/baseline/seed_2026/3DMatch/summary_fhp.json,6250,60696a05f2e356fda91387a33c1c0db170a2206d1eb18d25d762429257c240bc,6e257d5ad1ee992e6a29171cf709eb1bd7abbdb6a2d7b7ae4b7517e749968c71
indoor_three_seed/baseline/seed_3407/3DLoMatch/pairs_fhp.csv,229540,e2a5caf96ad3cb3133ada89ed9448ade789de2a49bcd954d57f8ec503e503f32,e2a5caf96ad3cb3133ada89ed9448ade789de2a49bcd954d57f8ec503e503f32
indoor_three_seed/baseline/seed_3407/3DLoMatch/summary_fhp.json,6338,9773cb75eb22e151cb609a8a245c001f00cea760fe1715d54360440a96dd8eff,212b5a9d63ccd0d3b30538705c3069dcaa5436c2a05ed30f414405c0cfd78170
indoor_three_seed/baseline/seed_3407/3DMatch/pairs_fhp.csv,207695,41fe4661aa6e21a6680d9baeb6f989f07edb3cc5362827742f89019e9cd452e1,41fe4661aa6e21a6680d9baeb6f989f07edb3cc5362827742f89019e9cd452e1
indoor_three_seed/baseline/seed_3407/3DMatch/summary_fhp.json,6273,bb83d432cb29eb5f97aec3c4797b6b37fe5de5d1b7ce8e1f57e7530f76c3f3f4,557b4f42cd7a29bd396b3e497cf9cf3b88f4a558b3525e1a2cdd375dd2466128
indoor_three_seed/baseline/seed_7351/3DLoMatch/pairs_fhp.csv,229266,8aac54d19cd80bf3bb2eff3733bb623baf5c3469d8dcecfd8f3a046f34ee1ef5,8aac54d19cd80bf3bb2eff3733bb623baf5c3469d8dcecfd8f3a046f34ee1ef5
indoor_three_seed/baseline/seed_7351/3DLoMatch/summary_fhp.json,6345,2a8bd74fdfc5045dd02efdc681c836477e5ec158e18c1cc76533d48700a971e3,4981ab3d1239dfa6abc729e6ed57b4a2794463c68ba7990bc9cea1b670b2e849
indoor_three_seed/baseline/seed_7351/3DMatch/pairs_fhp.csv,207606,0d3311961340a331ba17ceb83f48f679a28d9a700a8f31dee546b81625ed40f7,0d3311961340a331ba17ceb83f48f679a28d9a700a8f31dee546b81625ed40f7
indoor_three_seed/baseline/seed_7351/3DMatch/summary_fhp.json,6273,7cde83dbba331c44c19b9a6641970cee77911174ab1492e8fcb7e0c9ff98f199,ff90b38962e6173b68118115b0421b4d5f96649106e058489b29eebe773e02f0
indoor_three_seed/mspki/seed_2026/3DLoMatch/pairs_fhp.csv,229504,e1ccb69533b3a04049416c90c5fdded81414b7e573a125b7ec7bccdb636a8f9c,e1ccb69533b3a04049416c90c5fdded81414b7e573a125b7ec7bccdb636a8f9c
indoor_three_seed/mspki/seed_2026/3DLoMatch/summary_fhp.json,6302,df2c7ec91623071669b49e1b427c2ea09c3b14bec75a9071271cd6db25b4490b,f2196cb4a75cd4e0af8004ad48dd890286918cc2bf8d397496189de78d1ff310
indoor_three_seed/mspki/seed_2026/3DMatch/pairs_fhp.csv,207648,2917c545afdab807010e68151e131cffa4be7d6e87b1629b71c8a268f4953299,2917c545afdab807010e68151e131cffa4be7d6e87b1629b71c8a268f4953299
indoor_three_seed/mspki/seed_2026/3DMatch/summary_fhp.json,6245,10652780298789f40c227e8b4c322e201b85f7c9e16daf30a84c50a992e5a123,fc9e2a584cb94fea9f11c2cdda567b63d532d442879117e922a62aefb53ba0d2
indoor_three_seed/mspki/seed_3407/3DLoMatch/pairs_fhp.csv,229358,9b4a9d88aedfc82515f4248bb1f53dbb8ece4aa4754f3fb0780ed2f47bef5579,9b4a9d88aedfc82515f4248bb1f53dbb8ece4aa4754f3fb0780ed2f47bef5579
indoor_three_seed/mspki/seed_3407/3DLoMatch/summary_fhp.json,6289,db00d6adc74c0c92cf223838b8e7c26df6c0f57f2b24f0c43cf984771fc09646,a5195353e1f2e01f52ea8c496f831a095e10021d8f4ae25daeb2b3b5fd52f2d5
indoor_three_seed/mspki/seed_3407/3DMatch/pairs_fhp.csv,207646,3b811cfd5a9c4beecfbbce8fbb870dd160763b34052e7b9971089cbf5d9009fa,3b811cfd5a9c4beecfbbce8fbb870dd160763b34052e7b9971089cbf5d9009fa
indoor_three_seed/mspki/seed_3407/3DMatch/summary_fhp.json,6252,2cf41656f64c8a9928c3aa57c6af17e485edaf9991541195f3251a07edb4503b,0aeb0d864ddcde8fcb4727e676fe81199b8eb98df6ae8fb599c881d5a916848d
indoor_three_seed/mspki/seed_7351/3DLoMatch/pairs_fhp.csv,229502,91333a615ede27a65c39feaf5700d7a83bffdf1db48f691adb138c41d9631a29,91333a615ede27a65c39feaf5700d7a83bffdf1db48f691adb138c41d9631a29
indoor_three_seed/mspki/seed_7351/3DLoMatch/summary_fhp.json,6308,d6398a0c2e8a3581f4d44957fd09607aa68928166bc302100347ffdfc706b0dc,bb672150e3912ed7f8fc3a831bbae809e8a5ae7996821260a4a50ebee5945fdf
indoor_three_seed/mspki/seed_7351/3DMatch/pairs_fhp.csv,207596,7477992fce6c59ab6fa7dbb8f780c18b736445814b7039919114375bf070635b,7477992fce6c59ab6fa7dbb8f780c18b736445814b7039919114375bf070635b
indoor_three_seed/mspki/seed_7351/3DMatch/summary_fhp.json,6247,b1a1753e93d971ecf8b7b128f0a9a78f1ade6dacb8e62191465b7b2252410c8e,54b26424efee798df83d1d4d3a5c8bd4e0754bce9981817ac95cbb75e71e6d32
kitti_pairwise_ir_by_seed.csv,172,b478b45c35291829e2521a7c5bd2dbcef6da77f2208503caac6801c3bcdd3a3c,b478b45c35291829e2521a7c5bd2dbcef6da77f2208503caac6801c3bcdd3a3c
kitti_pairwise_ir_cross_seed.csv,47138,ae6fe376647392223e4c6e71d169068e9630c7d372e37ece3a22d46cf4c1811b,ae6fe376647392223e4c6e71d169068e9630c7d372e37ece3a22d46cf4c1811b
kitti_sequence_runs.csv,1648,7e23199f3de047eaf6f715e59a601f0af9a25a9fe886b6640c55d501af64fc08,7e23199f3de047eaf6f715e59a601f0af9a25a9fe886b6640c55d501af64fc08
kitti_sequence_summary.csv,535,e16f271b434b5edfb95f3ffefed4426e109c650d09f3d0b47977919dff5c2df1,e16f271b434b5edfb95f3ffefed4426e109c650d09f3d0b47977919dff5c2df1
kitti_three_seed_runs.csv,942,96e6fc7a6d4067730d711d4815487c686d12e80f6580f8797353f8ed1042a7e6,96e6fc7a6d4067730d711d4815487c686d12e80f6580f8797353f8ed1042a7e6
kitti_three_seed_summary.csv,713,8b65a02486a65f33c8bdc40632c12c2ab1ff58d497fa91c7814dcccf29e59051,8b65a02486a65f33c8bdc40632c12c2ab1ff58d497fa91c7814dcccf29e59051
mean_input_control/best_metrics.json,595,2e6d9c234b1f993e5778632c1216bc85558118fa59738ef66b0a5d174f2e0d88,a2e39e21a54a71208679a521dc1a20f9ddaf508e790cbeac71c911de1252b7f1
mean_input_control/eval-20260921-125537.log,269064,b5955ab6a9da7758123c2ad84bdd5dc1d09189a3f0935fec5819b2f4ee20a632,4a86870761b2df5766f82dc0e980fe7651ef3c47f97a81210852e9445671f504
mean_input_control/eval-20260921-131702.log,298963,a40aae09c394e37e7dbf3438312d10bdf6339b3d01cce925a226a986bd36aba8,61e4e2cb81fa789a8ad9924c49b11f8b654447d739f61306dc16d8f7948ea81f
mean_input_control/resolved_config.json,5592,a7ad844eb07435f63871f0bd260983c1f1633846039477cb1b3474b5356c7420,822e4aff23b211007eb97e4d2e9b2ec50765d55d3b0a3fabef530ffb7e0f0dec
mean_input_control/test-20260921-123423.log,297908,3c4951592610ce31a685583a5d77cff44f6b1a1d9ecaa5427d31c85fe2f3a939,32a3414172735f18323077d0a25f4a85b3f27ce42b4be4ab1f778eb56ed66225
mean_input_control/test-20260921-125550.log,325525,6d0e86fe5fe5afdf16dae145e22893207d2d64d7f90e0b3ce7cab5ca18087b73,6f8d1bdc32d33031f4b094460e6cabc763c73a2f0629eef1e5b27922bbfc994c
n16_single_support/eval_3DLoMatch.log,298908,a62264bda4c6bde0cd359772d3c1e53f066da1ec26c6354721c4c4266e6ded42,20ae4eb28fbfcab30050681167f273f8c86dc69c64902761e1fae99737d74924
n16_single_support/eval_3DMatch.log,269009,0b96669904bb17a32087d3c3bf009794dfa502838b9f693d9ea778a896e1b2fb,b511b9ea380f65bcb67582d22001d2d3a14a7d0b51fa20d23748461a6f27d76f
n16_single_support/manifest_3DLoMatch.json,915,64a79ea8cb8da5f068d98b9269def2bc8f73e063eae5271163d992ffde2aea0f,d79ab04db06951f6a18bc177c426d897036a849819467c21c42ebec62a81d9e5
n16_single_support/manifest_3DMatch.json,911,2f0e4126088e2394b9d34f5dcf22191bbdbe55305942a8ebad4cd2e45d29d40d,de0042df501c0310909f79770689e850a8abfeb60bf88cee77185d7f06c5d68a
n16_single_support/n16_summary.csv,227,a7f3b33074685ece78bae1503f28d767617132500d0a590fc426e27fb0f219a9,a7f3b33074685ece78bae1503f28d767617132500d0a590fc426e27fb0f219a9
n16_single_support/pairs_3DLoMatch_fhp.csv,229540,e23828e31419b6167bcd3b4ffd3811e4baa6bab230d081bd97b3daec3c627bcf,e23828e31419b6167bcd3b4ffd3811e4baa6bab230d081bd97b3daec3c627bcf
n16_single_support/pairs_3DMatch_fhp.csv,207652,e383ae68f253abd143b8f261ff26defdf8a616f78440c564e2733cca172d15a8,e383ae68f253abd143b8f261ff26defdf8a616f78440c564e2733cca172d15a8
n16_single_support/summary_3DLoMatch_fhp.json,6378,c3313adf8e8d49b717d8c3f63a06394147787670172a6f9bb3bec23694e80c6c,0a34b7c4a9fe4f3642f6f69761ea881a3609407b908f429f6ff1b5ad1109f934
n16_single_support/summary_3DMatch_fhp.json,6290,1e0aae09f31df83590217b6271f286cd98173cc28ecaa6f056d88b198b53ce4b,2ee5b3de889fb6671831b745b4433b9d933eed8372fd6e641818cc337f26874f
n16_single_support/test_3DLoMatch.log,325430,ed06cd8d58752324b067453b7636d2c37ccd8617a5ce266e98dd97c43eda935c,eac70ec66a200d9ad444c8b2e912fd5ab2425b1a8dddb0ea2a5116ad46490999
n16_single_support/test_3DMatch.log,297856,805c40429f9f35cdbf9fae373441b05074d31445aedfb95938e65a2ba5c7509a,3aca37f84962c9bc109bf418052009be4dc9590da343e72ae4bbaa625a558162
n32_single_scale/3DLoMatch/pairs_fhp.csv,229340,faa1df90bb78a45673ad7ccaa94abadea71be8990fb50a7655073ea1f17b5c21,faa1df90bb78a45673ad7ccaa94abadea71be8990fb50a7655073ea1f17b5c21
n32_single_scale/3DLoMatch/summary_fhp.json,6328,56e050bfe7fc74e7652998d95b44066db2ea1c91f452a51dab4385e4fcd7313f,e1df4403a6dff282666643a1406a27d852d192055351cd130134f6dbf66f9113
n32_single_scale/3DMatch/pairs_fhp.csv,207713,f52d36e710c2648405eefac54e86a4391d06ce9dfb269a1f48f08b998cd9c374,f52d36e710c2648405eefac54e86a4391d06ce9dfb269a1f48f08b998cd9c374
n32_single_scale/3DMatch/summary_fhp.json,6300,accd5739ffb8ffea9bb3902de5abe82f711643fefbd70604e5cb5a9a9b649956,6b5677cc4d8c5c0db24751d81db92f8bcb7b7ae331e2bbbc211bb70327f2bf14
n32_single_scale/eval_3DLoMatch.log,298868,7fb75f54ffb340f7b22fc079ba31ffb4e2bf0d9d906165adc6c56d43f3de62d3,c0e483b08d9efb61824e07df5b18daffb5f38a03d43125e22ef21db21ac5a8e5
n32_single_scale/eval_3DMatch.log,268969,45de37731b3c8dbbde143da3d9fcc1bd7a31901e86ebb21956b3a83c7971e3dd,034ef828c992befd91df400c89c58d4210acd27790ac5ad817edff1d5cae365c
n32_single_scale/n32_summary.csv,207,4d3a7f36e36b6d45cfe42bf3d304b89825e5613b2c2d46166b3cd3cec00f5046,4d3a7f36e36b6d45cfe42bf3d304b89825e5613b2c2d46166b3cd3cec00f5046
n32_single_scale/resolved_config.json,5535,ca69fee6a0440778cdce05c41d649e2a9992a7c1cbbbf556a48f0fd34766cecc,c0651ea1eb52792444e370c1ce263d76eb58346c0063fc47b416060331b5ca64
n32_single_scale/test_3DLoMatch.log,325411,840ce06b1e6f95a5185daa0b601fd8cf13d418378a5eb66c8f6d3f74a175f1eb,ed4a626dba5ba240cf232078a514b2e26baa24971afd9da414ce2f87f4fe5766
n32_single_scale/test_3DMatch.log,297825,85d5e115f460a47846f819940e83cd1537bae0d7182df8880866cdbfb36c1f01,f9c3abdb6723485c39211d7f1a4cef781e6a4d60e02e5b63ce28a795eed237c5
n32_single_scale/train.log,4778554,b73b0d0f86058254f687a25eac97eda677b3d3d9275aa4daf77e7cb6934842a7,22e32ff89388755b6fa6461691c9469d3fb46d701e0be110d9219341f5fa48ea
n8_single_support/eval_3DLoMatch.log,9242,755d666714d40d5dfba02a6a3ed982cc94644d3b2a3e9daa047cbf7308032189,5109468bcf01e9c053932f404fcdd890ffe5a7e06c0d0806922ab3fe9ced7028
n8_single_support/eval_3DMatch.log,9234,6538b5656a990cc985c96bf02efbf00710d2ab61409046c72448a726b2f49fc7,9bccef4c24a11080f144903cdc293ebbc4421d409201f9bf3d06936d0f28f618
n8_single_support/manifest_3DLoMatch.json,912,330e89d0c076990be6b9017d1fae0af123a098a87153d289a4773c04f5f883a6,d3362c2a9ed84bbec206fd632a3f8bb4ac2ef90510a4c9f1ff76a8736cf00dcc
n8_single_support/manifest_3DMatch.json,908,32f0fdaedf6c726d9a215232bf73edc0ba4a82cd1ed3c9d8bd3e0846cb0a310b,c7f8e86ad5451b3fc389cd2d920984445430c24880965c12a5ab5a2a5ac6a407
n8_single_support/n8_summary.csv,326,fcc23df8df8e288808d03153fa645257634c3d63a94c410fa7e9016451ca1dbf,fcc23df8df8e288808d03153fa645257634c3d63a94c410fa7e9016451ca1dbf
n8_single_support/pairs_3DLoMatch_fhp.csv,229572,9953c67b927405531d041aae70369055942e54b1ae80dbf9fab3a87090c03d37,9953c67b927405531d041aae70369055942e54b1ae80dbf9fab3a87090c03d37
n8_single_support/pairs_3DMatch_fhp.csv,207773,2a468f4f10b7fbd72941dc873efdfb12d339964e88ae9c9bb59fb81e7cb0d94d,2a468f4f10b7fbd72941dc873efdfb12d339964e88ae9c9bb59fb81e7cb0d94d
n8_single_support/summary_3DLoMatch_fhp.json,6351,f88fb75ff941854e0e7b1b7f0ade95ddc58152a883ec435ee8e961e549870c0d,f9a1bd00705d45fd7baa50391183fb07e048c5dde1c394d2af62121c8bd33308
n8_single_support/summary_3DMatch_fhp.json,6310,0b017ac50fe89042e65cc053cac984a9276e57d49c6f38370bc03d03e5f031d5,bcebe82bc88b9b2335929ffa5e35741d8e3624cbdc2c93c2e0c18bb68fc9aa32
n8_single_support/test_3DLoMatch.log,325491,24bd978df6301544ea01397b44dff3c5cbc61e06e2392591b03d7ee3afbc94f1,041bce4493805335aa3f64f47721a4e08417a25e44966098f007b78bcee5fc56
n8_single_support/test_3DMatch.log,297833,3a2592fbc3a36310f06e704bb792cb9f64285ba4bc14defe732b91e4b7ec0d25,076169ffea3475c0d98c909261b1e44c8084ed091187472df33456c219f35ea5
official_checkpoint_eval/eval-20260907-151412.log,8996,1841be244fb2cac44f42b3359c6f1882566871c11ad37bf1d1f7e217f6a15659,a85ff589e05517a1cbcabf7a0746ee87491fb7a4d520585c34b43a44526b8adf
official_checkpoint_eval/eval-20260907-153254.log,9004,9dbea537c7fc098e23397e48ca95f2c4a4b0c159de6ad6b2c5b41e39adf30223,f664223cc63d5bea2bbe7a5a795c0ffc369f50e7dce9622f967510b6109c6ca4
overlap_bins/baseline/seed_2026/3DLoMatch/baseline_seed2026_3DLoMatch_overlap_pairs.csv,241181,eda945a41bf6ef56b41b0878d02450a7c27664e2add2f659bc79eb20e09f4448,eda945a41bf6ef56b41b0878d02450a7c27664e2add2f659bc79eb20e09f4448
overlap_bins/baseline/seed_2026/3DLoMatch/baseline_seed2026_3DLoMatch_overlap_summary.csv,1688,931035dbc394e3a68f5f949f32097dcbd03f933bec23a10cc976f9e92edad865,931035dbc394e3a68f5f949f32097dcbd03f933bec23a10cc976f9e92edad865
overlap_bins/baseline/seed_2026/3DLoMatch/baseline_seed2026_3DLoMatch_overlap_summary.json,5013,d0a546a93ef6137a06613d6a770331624dcd7344adb68368a9d3bd43faae94d7,bf4b7b99c4227cc1b8677abd58f8c07b0dc169590a6617c11cb15cf421fd0951
overlap_bins/baseline/seed_3407/3DLoMatch/baseline_seed3407_3DLoMatch_overlap_pairs.csv,242495,94169a73e44febd73142816f5315fa705c3d20a5535165974debb2a52b14b3b9,94169a73e44febd73142816f5315fa705c3d20a5535165974debb2a52b14b3b9
overlap_bins/baseline/seed_3407/3DLoMatch/baseline_seed3407_3DLoMatch_overlap_summary.csv,1684,87f44ccbad8409aeb5d1911ce0627cf6c4baa5b708f98e72b1ef6ac7156878be,87f44ccbad8409aeb5d1911ce0627cf6c4baa5b708f98e72b1ef6ac7156878be
overlap_bins/baseline/seed_3407/3DLoMatch/baseline_seed3407_3DLoMatch_overlap_summary.json,5009,ee6fb6cfb6338eff9ee7ea1a22620161d04e6ff5a4a533afb3ca6705f2f6cb83,d041429b3e54c20bc9e708e3ff1a11e877b5fd0afd6a3cb3ad5100b6a97e015e
overlap_bins/baseline/seed_7351/3DLoMatch/baseline_seed7351_3DLoMatch_overlap_pairs.csv,240603,365cd0f9c68309be86a058437dc6972d3e9f8a59ae7ad299c9194a0f8352d069,365cd0f9c68309be86a058437dc6972d3e9f8a59ae7ad299c9194a0f8352d069
overlap_bins/baseline/seed_7351/3DLoMatch/baseline_seed7351_3DLoMatch_overlap_summary.csv,1694,ba9c57cc812eb97aeee2b079fb3b3cc880be5068496f539de75fef9294667458,ba9c57cc812eb97aeee2b079fb3b3cc880be5068496f539de75fef9294667458
overlap_bins/baseline/seed_7351/3DLoMatch/baseline_seed7351_3DLoMatch_overlap_summary.json,5019,fc951125d556712b204bd690f5c06443b5175b3d47afd0b6df4523fc0973733c,bc17bf7f3f6f95838e2772fa4567dd9a604304b2f4822db7bf0e5a5cb6ed68c8
overlap_bins/baseline_3DLoMatch_mean_std.csv,1232,6437957aaf9ee1cf0d3e7e689d67dfa176cc55d7893cb3b3639f6e1ea747b078,6437957aaf9ee1cf0d3e7e689d67dfa176cc55d7893cb3b3639f6e1ea747b078
overlap_bins/mspki/seed_2026/3DLoMatch/mspki_seed2026_3DLoMatch_overlap_pairs.csv,241448,e63230b95ff2b10ee5da0076277b2fcd732559d40f138249939e98be99a2b84e,e63230b95ff2b10ee5da0076277b2fcd732559d40f138249939e98be99a2b84e
overlap_bins/mspki/seed_2026/3DLoMatch/mspki_seed2026_3DLoMatch_overlap_summary.csv,1671,c722d1b8171426b272dda37dc23c8e481c740ae3a2b3a215b56c542276c6d42c,c722d1b8171426b272dda37dc23c8e481c740ae3a2b3a215b56c542276c6d42c
overlap_bins/mspki/seed_2026/3DLoMatch/mspki_seed2026_3DLoMatch_overlap_summary.json,4985,9628746a2e060587006410827447ad1261c6f7f4a58a14a6cf9b8a7da8ed4e98,ece2558a95dbb1e642ad09c149ab771d2d5476d7cb4117fe4900a2b5e9efec06
overlap_bins/mspki/seed_3407/3DLoMatch/mspki_seed3407_3DLoMatch_overlap_pairs.csv,242404,3b01492188b8cbee073e192025848b79a091b3fd0683dfd02f047127f0a979e8,3b01492188b8cbee073e192025848b79a091b3fd0683dfd02f047127f0a979e8
overlap_bins/mspki/seed_3407/3DLoMatch/mspki_seed3407_3DLoMatch_overlap_summary.csv,1672,301ee2d9b5f08955e35a1471fe79cf4bb898810859e925bc28d7f42cd9abdcbe,301ee2d9b5f08955e35a1471fe79cf4bb898810859e925bc28d7f42cd9abdcbe
overlap_bins/mspki/seed_3407/3DLoMatch/mspki_seed3407_3DLoMatch_overlap_summary.json,4986,a31666242ecc178d4890c6b5272f6b4c4e34cda320106f1760a3a3035f82fc41,7f842092e387413c50d0d2c06b20a7c84bd2f8529b5c7e1fab139b25bbe9b25b
overlap_bins/mspki/seed_7351/3DLoMatch/mspki_seed7351_3DLoMatch_overlap_pairs.csv,241865,e50ccd0b6432135bb7a0c8fd54e576a6c307304f2fa96db85a14a80578ab3769,e50ccd0b6432135bb7a0c8fd54e576a6c307304f2fa96db85a14a80578ab3769
overlap_bins/mspki/seed_7351/3DLoMatch/mspki_seed7351_3DLoMatch_overlap_summary.csv,1683,7fe1741361ad29d22522292f6da9bdcd422ca66b298d92326c6c10cf45514be1,7fe1741361ad29d22522292f6da9bdcd422ca66b298d92326c6c10cf45514be1
overlap_bins/mspki/seed_7351/3DLoMatch/mspki_seed7351_3DLoMatch_overlap_summary.json,4997,db1a8685550dc4c825631e6f3400d0b62b9f9714cc73a1c5cd838639792ca4c3,8a08d3a4d6d5385d1d0adfcfeced2702cee5897e75c3daa78251014dbc0ef13b
overlap_bins/mspki_3DLoMatch_mean_std.csv,1218,7dbc8c2a78d8c564d46f6b4cebaa95c47c7eaa92da0c18595046b7d47e13f44c,7dbc8c2a78d8c564d46f6b4cebaa95c47c7eaa92da0c18595046b7d47e13f44c
overlap_bins/overlap_pair_level_summary.csv,1099,5928007fe7633a8ef6309315c57508e4a559064e3a4249b7c740f17fd5159009,5928007fe7633a8ef6309315c57508e4a559064e3a4249b7c740f17fd5159009
paper_figures/correspondence_budget.png,518969,aa6a986c60c2220c55e6b0e19d05aa267817fdb3d089c9d39a42800dc8629d6d,aa6a986c60c2220c55e6b0e19d05aa267817fdb3d089c9d39a42800dc8629d6d
paper_figures/density_ir.png,174030,a0ee9d42bb3e76e4acbf67d79564ec5807566b192b209ca6292a52931e307435,5ba8b270c65431b3ae5941ac17252fc5d45dcda27ba86212703037d0cb37cf79
paper_figures/framework.png,934890,0fee81d78a63ccfe6a672bd7dc568d786abf1bb3408e997099578fb2eed47285,0fee81d78a63ccfe6a672bd7dc568d786abf1bb3408e997099578fb2eed47285
paper_figures/indoor_kitti_rescue.png,1432145,abab06ba8cbf30d96817513e46b5941c8d4d8406680d6971c46d1f27966e30e0,abab06ba8cbf30d96817513e46b5941c8d4d8406680d6971c46d1f27966e30e0
paper_figures/kitti_density.png,328273,ecd577644f295ecbedb8a3728c8dd7b0dc3e9719444f886c941db6bf09d3ca6b,ecd577644f295ecbedb8a3728c8dd7b0dc3e9719444f886c941db6bf09d3ca6b
paper_figures/mspki_module.png,633166,85dccaa23675f0ab16eb604431200fc2e6ac9481c7d624e13c988d43265dd66c,85dccaa23675f0ab16eb604431200fc2e6ac9481c7d624e13c988d43265dd66c
paper_figures/noise_ir.png,183680,e31e7823a8cd74906442b09e6a907ca2885d2440c352f5bad49fa5c95cd8cd27,4b1c5ff60ecd517a222b4e79758386b3ebdb3a4f3bdcf055b6979fe9dfd2630f
paper_figures/overlap_stratified.png,498421,980a4ede27d470b808d6f8ee80aa04cff04450440d32608ae24e92a184d5f2e5,980a4ede27d470b808d6f8ee80aa04cff04450440d32608ae24e92a184d5f2e5
paper_figures/qualitative_full.png,2822754,89a326c43f5c69d77c26397219fe3182cc620f71657a2683b50bc9410a620935,89a326c43f5c69d77c26397219fe3182cc620f71657a2683b50bc9410a620935
paper_figures/rotation_ir.png,111364,32e04974636755d71516616818186695e6d1d0140ecaacb4d1c6834dff7719a1,32e04974636755d71516616818186695e6d1d0140ecaacb4d1c6834dff7719a1
qualitative_examples/7-scenes-redkitchen__ref0_src32__baseline.npz,742411,37cac5f2d15bb35ded6487ea8ba3e3b743c357a48e19bbeb54d6e3f7ed6cbc75,37cac5f2d15bb35ded6487ea8ba3e3b743c357a48e19bbeb54d6e3f7ed6cbc75
qualitative_examples/7-scenes-redkitchen__ref0_src32__mspki.npz,745413,e14729daea51d5758ce28a870a9655235a55c88ca67bf78dd7518599548fcc8c,e14729daea51d5758ce28a870a9655235a55c88ca67bf78dd7518599548fcc8c
qualitative_examples/baseline_metrics.json,824,bcf8c2684ea58ffe5b02acd5573e7ac8289935df93153c37a3f3b4e6e4af8fb5,bcf8c2684ea58ffe5b02acd5573e7ac8289935df93153c37a3f3b4e6e4af8fb5
qualitative_examples/mspki_metrics.json,818,c214bd42e59ced69757aac0388a415da7730d30635483fe406b27bced016dcda,c214bd42e59ced69757aac0388a415da7730d30635483fe406b27bced016dcda
qualitative_examples/qualitative_main_provenance.json,2434,74a2c4046e9de4ba3dfaf3865f3724b9353bb48cab33689adab79a4e8dcb675d,ea5c9c0f197004a283412ded1a9dff8d80c6286f0a5ad583ce192c9d9a21414e
qualitative_examples/qualitative_supplementary_provenance.json,4929,98ed2a38b75f06f9af8c13015ad187cc544c1bf1d4869056c631e6c2102eaa5f,731430e2a6cffcef7b312e0e4577c41db0e4a935c75677324ade53300329cd1b
qualitative_examples/README.md,1580,3d497738af2aa52ce0232f2a8b35ca26325a0743b3646f116e829e0d0cf0db9b,3d497738af2aa52ce0232f2a8b35ca26325a0743b3646f116e829e0d0cf0db9b
qualitative_examples/seq09__ref428_src418__baseline.npz,437009,90f3ec044cfa525cdb86f2ff30811f02441efea4286de4ffff3ae91743607443,90f3ec044cfa525cdb86f2ff30811f02441efea4286de4ffff3ae91743607443
qualitative_examples/seq09__ref428_src418__mspki.npz,440091,4a58b80f0a7fa13122683fdb0e25892e551fefde5bc2e77529947bc643ba2e32,4a58b80f0a7fa13122683fdb0e25892e551fefde5bc2e77529947bc643ba2e32
qualitative_examples/seq09_ref40_src25_baseline.npz,500547,3c4d3920a2ae8bc47004ce7456c33039126dac0bf7d96a532949ae5d661e8e0e,3c4d3920a2ae8bc47004ce7456c33039126dac0bf7d96a532949ae5d661e8e0e
qualitative_examples/seq09_ref40_src25_mspki.npz,505344,bd3996973672790e3966254125a075e41559f17a0ff7b465de0c227d7976d28d,bd3996973672790e3966254125a075e41559f17a0ff7b465de0c227d7976d28d
qualitative_examples/sun3d-mit_76_studyroom-76-1studyroom2__ref18_src65__baseline.npz,883457,9037b091d42460a424db2cfe077d2b222edad321602937b9d8fb142e9616d97a,9037b091d42460a424db2cfe077d2b222edad321602937b9d8fb142e9616d97a
qualitative_examples/sun3d-mit_76_studyroom-76-1studyroom2__ref18_src65__mspki.npz,886774,f140b154acc049a32c8d9635946a3065f9de0cc6b49ab14b67d7cc9878416db2,f140b154acc049a32c8d9635946a3065f9de0cc6b49ab14b67d7cc9878416db2
ransac_control/baseline/re_official/seed_7351/features/3DLoMatch/manifest.json,894,88603ec4b30906ec80fbfb054f752a6b9360544ce9273e79de05ba9afbc828fa,ba660acfb55b9b1c8c442489be8b02fc201703534d1eef5e7a35c37417c19527
ransac_control/baseline/re_official/seed_7351/features/3DMatch/manifest.json,890,758c32573877ee4f1dfa4aaf66583e5f7c49a7957c0cce0a8011e8c03d593f63,a1fafce7239b2b84a713a1d9524a00cdb1932c645966c7f4ff5e459cd9c70b33
ransac_control/baseline/re_official/seed_7351/registration/3DLoMatch/pairs_ransac.csv,229266,8c515088d2cda1656db992347ec2cad4d1ac306e9563bb503cd7ac2e10de4d5e,8c515088d2cda1656db992347ec2cad4d1ac306e9563bb503cd7ac2e10de4d5e
ransac_control/baseline/re_official/seed_7351/registration/3DLoMatch/pairs_ransac_n100.csv,226553,049310d1748f8a60e660bb258b9d94f817ce12e45f25b5ff784b22f7e06eb6a8,049310d1748f8a60e660bb258b9d94f817ce12e45f25b5ff784b22f7e06eb6a8
ransac_control/baseline/re_official/seed_7351/registration/3DLoMatch/pairs_ransac_n250.csv,228050,82ad598c1258bdc0abae7bdd51bd71b7a3d9c671b1bed9d424dc1123eda37dfa,82ad598c1258bdc0abae7bdd51bd71b7a3d9c671b1bed9d424dc1123eda37dfa
ransac_control/baseline/re_official/seed_7351/registration/3DLoMatch/pairs_ransac_n50.csv,226408,9426a5bafb91b4976bf02b02afda307f189efad1d7884b85c457055afacf58f3,9426a5bafb91b4976bf02b02afda307f189efad1d7884b85c457055afacf58f3
ransac_control/baseline/re_official/seed_7351/registration/3DLoMatch/pairs_ransac_n500.csv,228096,622afa320b581202b4d82cb102c0fea4e796459fa8f2b766a7abb7c3e20309b0,622afa320b581202b4d82cb102c0fea4e796459fa8f2b766a7abb7c3e20309b0
ransac_control/baseline/re_official/seed_7351/registration/3DLoMatch/summary_fhp.json,6345,2a8bd74fdfc5045dd02efdc681c836477e5ec158e18c1cc76533d48700a971e3,4981ab3d1239dfa6abc729e6ed57b4a2794463c68ba7990bc9cea1b670b2e849
ransac_control/baseline/re_official/seed_7351/registration/3DLoMatch/summary_ransac.json,6345,1d99d06526a352afd305706ea6c3fce7ac6d0322e5591677349a6ce1a378e08a,34c911593bcfd4bc5c9f730c3c12ed0024f671a5c4e3b8601c8f6e6dfdad9dbd
ransac_control/baseline/re_official/seed_7351/registration/3DLoMatch/summary_ransac_n100.json,6355,b507193d48e24a3e4ce380f18d4755f4ac5dedcff5cca42807e258e5fe237da6,7cc76464465cafc3e526585775d929660b52052a47775aa68b6bc3848dc7e19d
ransac_control/baseline/re_official/seed_7351/registration/3DLoMatch/summary_ransac_n250.json,6351,1c8cbf9b1f6499507d2def592f9e04a9c7cf5deffa8d4c4859ec8c85fa03f054,ac55e6fe3d7311df5d6ee69e227c9a460a26e49ae39ed7c326cb9fc54322436b
ransac_control/baseline/re_official/seed_7351/registration/3DLoMatch/summary_ransac_n50.json,6345,81f4540c86c12b4957a81ae5fc0b9c4aa3e13df610940d2db81eba77f3246892,4d7338526240c981d69dc220f00388f7a713f4871d54efd1a1de50ed57e455a5
ransac_control/baseline/re_official/seed_7351/registration/3DLoMatch/summary_ransac_n500.json,6346,5b3397e5b234a861aa43f63557ad9eb7a7defc1bd7469f69a2a4472e37db6e0e,720b9b24943bbbec2cc793fa4ef1248092569a37d9e7c983b0287d7f22990c19
ransac_control/baseline/re_official/seed_7351/registration/3DMatch/pairs_ransac.csv,207606,27c2f02db0c267c8c037051a8430655d0662fec86774a4403287578f8c854219,27c2f02db0c267c8c037051a8430655d0662fec86774a4403287578f8c854219
ransac_control/baseline/re_official/seed_7351/registration/3DMatch/pairs_ransac_n100.csv,205164,28d2fe206c97c6c4c276e81d018741b621234e7a8809f9855ef968e5f6909e4f,28d2fe206c97c6c4c276e81d018741b621234e7a8809f9855ef968e5f6909e4f
ransac_control/baseline/re_official/seed_7351/registration/3DMatch/pairs_ransac_n250.csv,206572,3ee2202d65e6c25eeb5ce820ea42feeea8c8866481a81c67f16abfb14097594f,3ee2202d65e6c25eeb5ce820ea42feeea8c8866481a81c67f16abfb14097594f
ransac_control/baseline/re_official/seed_7351/registration/3DMatch/pairs_ransac_n50.csv,204959,ec26f887dab3998ca53ff48962a3dbab069855d60723871d79b4b40566959c97,ec26f887dab3998ca53ff48962a3dbab069855d60723871d79b4b40566959c97
ransac_control/baseline/re_official/seed_7351/registration/3DMatch/pairs_ransac_n500.csv,206562,9eb34ce05bc278aee0abf0e7ffb538d286351bcadba6900e67c81de8a9d2eae2,9eb34ce05bc278aee0abf0e7ffb538d286351bcadba6900e67c81de8a9d2eae2
ransac_control/baseline/re_official/seed_7351/registration/3DMatch/summary_fhp.json,6273,7cde83dbba331c44c19b9a6641970cee77911174ab1492e8fcb7e0c9ff98f199,ff90b38962e6173b68118115b0421b4d5f96649106e058489b29eebe773e02f0
ransac_control/baseline/re_official/seed_7351/registration/3DMatch/summary_ransac.json,6287,0d8ed20458a61458a518a101394334e57fcf3087f9a9c1ad1fc5051c47d133a2,2a164e02e43567c07ebec8909f4dab1d752e65f6798481f070c444de3279ff97
ransac_control/baseline/re_official/seed_7351/registration/3DMatch/summary_ransac_n100.json,6290,9de4063ada51994d63a8831622cb9e4e5a4f90256c72cc335a81c2b91b071641,9aca3bfef09c8a4758cacc4749c021c0c8989455d7a8b9e46ec5a6b1ce5f9b2f
ransac_control/baseline/re_official/seed_7351/registration/3DMatch/summary_ransac_n250.json,6297,769bd59709f54af2ad25922b9fa1f7106085ffec07c31fa83b30e2fe5b17051b,643f9eb7722d538acc921c9b4bbea714a9db6c9481ddf3d26a9b508ef8c67e2b
ransac_control/baseline/re_official/seed_7351/registration/3DMatch/summary_ransac_n50.json,6291,24ce24f8cc473b3ca66d7a5cf04d9b9e6719d0782fdbe5ce6c93797c922683f6,38f8c28c6e58ccf02815f0e3898e34a50cad439d7c231286a46fd5da65ac8d15
ransac_control/baseline/re_official/seed_7351/registration/3DMatch/summary_ransac_n500.json,6268,7c7fcd2facf54ed07eda18f3cfb90d4a6d2ec023f1b6d246b13ce40b6a8b54f1,5380ea65ebbe4c81b1144ed8fb39bb78fdef068944f126c651069e4c00978566
ransac_control/budget_ir_3DLoMatch.csv,395,5480f7ef94ea2147d2c09ca92023a393faed201714ec9daf41490676dacbcb9c,5480f7ef94ea2147d2c09ca92023a393faed201714ec9daf41490676dacbcb9c
ransac_control/mspki/re_official/seed_7351/features/3DLoMatch/manifest.json,886,8fd3c5ea00ca80ea69171f0f0ff8c9266d98390be357ed80a0fe8fcd2592f7a4,b1b1e39cbbbc36b7d1a7d1567fbda3f27ea896051bbba26f0c4fb017a7f7fd01
ransac_control/mspki/re_official/seed_7351/features/3DMatch/manifest.json,882,e37a05ea421a4e0f26865f143428fd300d95af4d0ce47089dcb27f6ebf80fbdb,5d4bf375755e2d210b52d9a16fea0e28927d65afb5e43780d636dca46327e6c6
ransac_control/mspki/re_official/seed_7351/registration/3DLoMatch/pairs_ransac.csv,229502,6f3eaa64b5acdaaec88b8d36519f4bf16776e9dfac08925ddc2e21ce5403f1df,6f3eaa64b5acdaaec88b8d36519f4bf16776e9dfac08925ddc2e21ce5403f1df
ransac_control/mspki/re_official/seed_7351/registration/3DLoMatch/pairs_ransac_n100.csv,226796,7240890fd16ffc35648b26fc8dbc8caa00a5adef8230d3e750bcbf8805e7baba,7240890fd16ffc35648b26fc8dbc8caa00a5adef8230d3e750bcbf8805e7baba
ransac_control/mspki/re_official/seed_7351/registration/3DLoMatch/pairs_ransac_n250.csv,228221,3039ea8faaf3e1810c8355aa174434072017f9b3ff730608639b81c301ea2ba4,3039ea8faaf3e1810c8355aa174434072017f9b3ff730608639b81c301ea2ba4
ransac_control/mspki/re_official/seed_7351/registration/3DLoMatch/pairs_ransac_n50.csv,226581,49d951b39a1d562961ca90f454c85ea1e41af35eb143b71ff4c83103a938be07,49d951b39a1d562961ca90f454c85ea1e41af35eb143b71ff4c83103a938be07
ransac_control/mspki/re_official/seed_7351/registration/3DLoMatch/pairs_ransac_n500.csv,228340,c6d0901bf7995147cae73722f3d1c8f813bd9f702f16a649846de7c1f9f63771,c6d0901bf7995147cae73722f3d1c8f813bd9f702f16a649846de7c1f9f63771
ransac_control/mspki/re_official/seed_7351/registration/3DLoMatch/summary_fhp.json,6308,d6398a0c2e8a3581f4d44957fd09607aa68928166bc302100347ffdfc706b0dc,bb672150e3912ed7f8fc3a831bbae809e8a5ae7996821260a4a50ebee5945fdf
ransac_control/mspki/re_official/seed_7351/registration/3DLoMatch/summary_ransac.json,6311,367bdc89e42b7eec786d5aa501342bd9faf63c77273f5cf4bba25f416f55a576,578b69d83fb4be87a463fc30a37c8d2a8fc045990fad3bac747f3dcf0e388734
ransac_control/mspki/re_official/seed_7351/registration/3DLoMatch/summary_ransac_n100.json,6326,14a914b3782cd4f748d8b87f57a15498d17130ffe404e42d90b5bfa8e7fb9610,94dfb85eac524c77df46a92d66fd3536a163eab0783e3db4d1bfe690da77eae8
ransac_control/mspki/re_official/seed_7351/registration/3DLoMatch/summary_ransac_n250.json,6287,f1b3240f77e173e3d945c98f74b2c64e463c37058e04ada41f366cfaa2cdf9ab,8a16c8fd3cfee8b00480ee0f2077e0365b2c14f923f8067280c22524842949d1
ransac_control/mspki/re_official/seed_7351/registration/3DLoMatch/summary_ransac_n50.json,6295,6196eed75b1d289ee88d93064d71f0a49daea4ce7e944cc795b7687b42bf0087,92d6cd99beb2f837433972a90dd4311441201fbd428d2ca4598fb057c6b1df5c
ransac_control/mspki/re_official/seed_7351/registration/3DLoMatch/summary_ransac_n500.json,6329,f9732afe32f7104f0d8fef27a15f39d612e3d94fa76a68e3ce91257f1f0f4f8d,ec394e6a04d04b3069d017c2b36f02de877aabeb57a5a3467c4d6320d7486a39
ransac_control/mspki/re_official/seed_7351/registration/3DMatch/pairs_ransac.csv,207596,6cb52834d303de2770f05601fdb57440dcb88994b08a9574939d68595f99a72a,6cb52834d303de2770f05601fdb57440dcb88994b08a9574939d68595f99a72a
ransac_control/mspki/re_official/seed_7351/registration/3DMatch/pairs_ransac_n100.csv,205125,69342f29291031971c70f128b27218d7f1f73da0190190ccede33fe223d9f406,69342f29291031971c70f128b27218d7f1f73da0190190ccede33fe223d9f406
ransac_control/mspki/re_official/seed_7351/registration/3DMatch/pairs_ransac_n250.csv,206514,2851aa5b25f6e51977f912b00e7799d978f764782def8ac93da2c329c3f5197c,2851aa5b25f6e51977f912b00e7799d978f764782def8ac93da2c329c3f5197c
ransac_control/mspki/re_official/seed_7351/registration/3DMatch/pairs_ransac_n50.csv,204887,34f8295c88c610646f8d6d9cd464835c8c811ec5f45e0ca3c11e9d1fa8e2dc58,34f8295c88c610646f8d6d9cd464835c8c811ec5f45e0ca3c11e9d1fa8e2dc58
ransac_control/mspki/re_official/seed_7351/registration/3DMatch/pairs_ransac_n500.csv,206558,4850e063d75ace419909c9debefcf3b3a9151e67f7226fab506d7502dfddf333,4850e063d75ace419909c9debefcf3b3a9151e67f7226fab506d7502dfddf333
ransac_control/mspki/re_official/seed_7351/registration/3DMatch/summary_fhp.json,6247,b1a1753e93d971ecf8b7b128f0a9a78f1ade6dacb8e62191465b7b2252410c8e,54b26424efee798df83d1d4d3a5c8bd4e0754bce9981817ac95cbb75e71e6d32
ransac_control/mspki/re_official/seed_7351/registration/3DMatch/summary_ransac.json,6218,fa84b7e2a81c396b7c48ae43ff42fdb0d7e60e08cb6fea535fca26242c03d866,d5ab7a7bcecadf5e20ee87a11a7af5bffb60bae5ce19553f9bf7da3eec4d661a
ransac_control/mspki/re_official/seed_7351/registration/3DMatch/summary_ransac_n100.json,6271,7917a8692a6d0e6e18c3730773ee9c72c4efc6ac6d6c64d5f2ff0dfe3f55ec57,f3cb7d123840e97c77b28591b1841e0d4955c65c7b11ca3feb28773fe12881c3
ransac_control/mspki/re_official/seed_7351/registration/3DMatch/summary_ransac_n250.json,6255,aa129c82ca5845b81eb392eb00b196d8ae5e75b9a2dda8b03b54f8e10b887131,4cf9f46f833ae1068277e1ccf06a8194fe3493b1d61fef6a7821972830c7edb7
ransac_control/mspki/re_official/seed_7351/registration/3DMatch/summary_ransac_n50.json,6295,1a8d2bfa04bdd62cc21c836cb604faeef774df14eb071a11296c51d9b4b4fcae,048e307f9c1c8c065b31c51385f63c89a2d7223e5c63140c1feee10702f0811f
ransac_control/mspki/re_official/seed_7351/registration/3DMatch/summary_ransac_n500.json,6281,80a4e69d4dcff5aec335af281abaa253cf66cd28bda1d33a4e3c9c355b04840c,16c01e59cda5f7a0da4c75d33a562866bacaaa01480c0e4d2d1e9862ec599951
ransac_control_summary.csv,3394,3ca1eeed7264b505ceafa08f30f3ddf27ace52431397c8abf80ed2724dc0d8ee,3ca1eeed7264b505ceafa08f30f3ddf27ace52431397c8abf80ed2724dc0d8ee
ransac_repeated_estimator_seeds/baseline/3DLoMatch/summary_ransac_n100_s0.json,6380,ea5672946e82d5abeb6e7fa105ac434bd2086591aaa8a5f4b34ab23030148734,67b5821ab4568fc16036ef2e698a6577ac3672ffc76d101a3ac56e15d1148227
ransac_repeated_estimator_seeds/baseline/3DLoMatch/summary_ransac_n100_s1.json,6352,82361b136bd5a3ca4a62c7d8b078067ca4022821ac98cd635ff920a3171c6668,b72aff294e91e4791ba712c24b7bf0ec9aec67b8c388e39a310d6f2a6d6546d6
ransac_repeated_estimator_seeds/baseline/3DLoMatch/summary_ransac_n100_s2.json,6377,b8305c8bc4bde2c17db521a7ba17a20e6c3b9b786676e04861efdcbcc14eadc6,d6e62feeb4745bb188f9c84bcef445e0514168978c01dbc25e1891bd31eb94ad
ransac_repeated_estimator_seeds/baseline/3DLoMatch/summary_ransac_n100_s3.json,6346,edea505b5f9b6cd1477a0c8419ca7530de3fcf8ab3995b2522b984caeda78fa3,4e4f584717b5690bf89f0e6e1aa638573323448fd75f5f271e9313942f5b027d
ransac_repeated_estimator_seeds/baseline/3DLoMatch/summary_ransac_n100_s4.json,6381,d0b9ad715d9128e2f70dbace453ad10ffe9c3567e740715473360068041a3798,3b2967c6116d59318f482114fda885c09e6887524f4043a638825ec872dc9513
ransac_repeated_estimator_seeds/baseline/3DLoMatch/summary_ransac_n250_s0.json,6388,968297f315a9f77030a6c008aa63f3414cea29fa7e84f969dc27ec98e8396de8,738e3fe9904f9b200d9ad4a43b353bb778fc774297b82258bcc4204b57a03ce7
ransac_repeated_estimator_seeds/baseline/3DLoMatch/summary_ransac_n250_s1.json,6389,103765feb3a4235bfe2a84e7f1642544ef38fab2aac4cf4242e568ead6d6a95c,3546f7c452b8b54d3ab122dbaee154a67bc3d2943ee9a818f7a91fec41cce4c5
ransac_repeated_estimator_seeds/baseline/3DLoMatch/summary_ransac_n250_s2.json,6385,e95cb07b063d0b504ad184eeb557ebff4440d7c6c9a5388bd39f792243a47a71,e213dc2fa44f6a68f00ccd7a087ab1bae9bcd31fdaa386a321f4a509ac01ce6d
ransac_repeated_estimator_seeds/baseline/3DLoMatch/summary_ransac_n250_s3.json,6384,546e49742ce480fc29a1bfeecfb40288a3fcca134ccc36db107e9dd2c9a0f628,89aaae503c041b736eb4421894de447ee0c7fce8fecdf130db2a361a09c7132e
ransac_repeated_estimator_seeds/baseline/3DLoMatch/summary_ransac_n250_s4.json,6382,dbf3cc717f2c68588026d3ceca9414346dc7d5384d18f0d57ed3cbe912f563bf,84de585487f3265f4ff8f799113c4a891a9aa56fcc49b3f1d55dea8fba6334ba
ransac_repeated_estimator_seeds/baseline/3DLoMatch/summary_ransac_n500_s0.json,6362,f9fc71ecb926c35f6c3afb36d9e5d235b60b1449bd700c8ce8b57c2126792386,a59a1ad05030ab49ab522d2d34e76832ba0759e758244aeffecc39a406916e11
ransac_repeated_estimator_seeds/baseline/3DLoMatch/summary_ransac_n500_s1.json,6326,290291983463cea6c1db5649a6890dc18a985a76222ba270a400264adb93a0f5,4c67071d577df22d28721ce882da5a90c62e4c5540e8bd1aaad31cdf7ec6793d
ransac_repeated_estimator_seeds/baseline/3DLoMatch/summary_ransac_n500_s2.json,6344,5da29c49328328a32a954c666b835b28aac147f633f25ec240e3c3ff61d16ba1,2cab488da2dfee75d61edd8aca8bf056553339cadad1d4fc081dd7b222566d19
ransac_repeated_estimator_seeds/baseline/3DLoMatch/summary_ransac_n500_s3.json,6375,0b3b5debd285ee7b22deff7d5afc811e846d1a68f785af6faa694d6114f669e6,44b4482dca993f470ef9d68dea0b25c6d1b58e910200b6b212786692a41f547b
ransac_repeated_estimator_seeds/baseline/3DLoMatch/summary_ransac_n500_s4.json,6366,e68ef73d9c84a7097ab0a4ef385fcc7d05b00976756ebe341cce7b415c3104e2,c861954d1fb073655b87de6ec3a0bcd3724d22a1d2fed6560e47494bc9e8b0d6
ransac_repeated_estimator_seeds/baseline/3DLoMatch/summary_ransac_n50_s0.json,6342,88d568ef5617fb3fdd90de3f31687eda2060d08a4e4e5f96a6cfa3aac8cb8582,bbe585909e17f98698bd2c2d7f8dac801eee98d978681f9886dd90d6df51c94c
ransac_repeated_estimator_seeds/baseline/3DLoMatch/summary_ransac_n50_s1.json,6338,3b69f8060e4011d048e9e0e351f1197b5e2b9dae166da8574ae38ac8e98294e8,1c28cd9e33f8d6af44a2a87f9e828749efc0c4772b6e37671f161d3a290052b1
ransac_repeated_estimator_seeds/baseline/3DLoMatch/summary_ransac_n50_s2.json,6347,3576513bfe47eff918790c4669bcf1edef0141ce4f231095ac32736d0967d08f,7f74e7cbfa2e332bf2eb54f4ad2dc1a38fa8d0a7cd1e849ffd545b1e0c6fabb4
ransac_repeated_estimator_seeds/baseline/3DLoMatch/summary_ransac_n50_s3.json,6367,af00025a82276a9d007348f32558a4033eed60afa1ba4f80642deeba5de4409c,21fad81cdd9f5b5eba1eb0bd79c85b83f721fa633a39e7dea4101227dc38042f
ransac_repeated_estimator_seeds/baseline/3DLoMatch/summary_ransac_n50_s4.json,6366,2cb5d4772f1fd980e8c017e162655da4654de7d4a99268a5f44bb0554732f58e,22f86c11c5c54c04ea306bc8a9b5202c67421847347936a7c0d30a5d7d8095d8
ransac_repeated_estimator_seeds/baseline/3DLoMatch/summary_ransac_s0.json,6380,98fc9390e06402f544a9e65bcad89a522397e142f66814a46ffcde38ec4fd2cd,7919f7b8f526d0ae960e19414cc0b0abcbbe3e5b45abb4d36b2648b6ed216998
ransac_repeated_estimator_seeds/baseline/3DLoMatch/summary_ransac_s1.json,6374,837a71a83d5a83ec7cdbcb428ed3a303d08d0e876564d03295579df060ef0fd3,1901aaab35b25e9d14b64bfce2ddf8a131c87a93afa1ab2a5776d8098587c052
ransac_repeated_estimator_seeds/baseline/3DLoMatch/summary_ransac_s2.json,6377,cd743fdc50a2b05652b5905e3969c6a37d50c9fd23b0bc946150a9c1ab3bc79c,f6422382cb887ff9b75db184db5145a599f4b1e1d78573cf1027ea24f143ea81
ransac_repeated_estimator_seeds/baseline/3DLoMatch/summary_ransac_s3.json,6376,5af620925dfe93d19d141ab79629d2d4893cb48e8fdc25b5d3f64205004398aa,0eefeb5015b70f32f6a2b2b9c765911c9a9ebfe215343eac590305d502ed0ef6
ransac_repeated_estimator_seeds/baseline/3DLoMatch/summary_ransac_s4.json,6371,44a3f070246a519be1cc8c7a07f73d7ffb3c53fbb4a557536e62c75be2dc3301,4db38f097af74be8a04fc3b0964f02164d30e20b50a0ac0280fa6ac3a3cfbc9a
ransac_repeated_estimator_seeds/baseline/3DMatch/summary_ransac_n100_s0.json,6315,1b5c20d69b709d6db96c04a3386366558d7186094fc983d35e2a82eff967cf9e,4b75ff632f527d48e988c22bb4f86cf62c64d7436c885e9b5aca838e936dcacd
ransac_repeated_estimator_seeds/baseline/3DMatch/summary_ransac_n100_s1.json,6318,32adb54d11cad067e95ebd2c61ec86b78974047bb7ceea6f3a421b352a004cb9,406f3b2ecc83cd74083a3b13a4df9312b24f054228094c2c2438895d316fc3ac
ransac_repeated_estimator_seeds/baseline/3DMatch/summary_ransac_n100_s2.json,6318,0d998fa5be54c85ed26eb032cd922007281d1282589146fadc62339732d34585,737ccb081503e3c585cee8abf578f2f0f3fafd9c1acaf3c20311bc70770a4db0
ransac_repeated_estimator_seeds/baseline/3DMatch/summary_ransac_n100_s3.json,6311,397a35775d124968b2aee429d543cd431ca5f6d59f46d1cd519be0c8c14f9a61,ad9ab469156f5fa44620b2a00015596a8b7215b2a45496537b9531f8b50f63cc
ransac_repeated_estimator_seeds/baseline/3DMatch/summary_ransac_n100_s4.json,6316,947e0d4238c81b6b67f25a8bd267a28336b46ba57275f9ee4374d1e914ca5c14,8a5841983d119c78e659416ee833a68e04c166d9f016db6cc5d94ac5a5974fdc
ransac_repeated_estimator_seeds/baseline/3DMatch/summary_ransac_n250_s0.json,6326,53eab5e012af9d8ae32547f1346bcc218d02bf0e51c779f7129a13f514f3f5cf,80206d8ed6aff20ffe3c09fa6bc241800725e022d6ee5b26bf1ad312b20f6cd4
ransac_repeated_estimator_seeds/baseline/3DMatch/summary_ransac_n250_s1.json,6326,a2cff5cc16d75c54daa0541e7083fa6ed0e4da1b06c333ac49c00e8534a7ddea,622b4f0601cc833f310534a020f77e254ca60d2b982bb820c00fc0622164a47e
ransac_repeated_estimator_seeds/baseline/3DMatch/summary_ransac_n250_s2.json,6327,ba313d08d3ca87679098f9866e7ba547a5822a3239d03e2b377b63a15221fdb3,594327364109b072965efc8e86bd7da23a49ec01a83a1f4caecec193120bfd65
ransac_repeated_estimator_seeds/baseline/3DMatch/summary_ransac_n250_s3.json,6322,11fe7a37520b2992b208247e5e3aadd8154b02de9c57d92ccbebb939262028f0,d132815e4e92a4da9efd5cf18bc7c68a31e18cdd1238730f786a8f052ed36bda
ransac_repeated_estimator_seeds/baseline/3DMatch/summary_ransac_n250_s4.json,6322,ef476b78aa51b1462c7a9fc07b437499f61ded52b2e85dfd19fb09fcd07f3c31,53d3c6c5bcc7137442d7c48bac6a460a112f54ad4ce6eb8b99bdc588fe83ac58
ransac_repeated_estimator_seeds/baseline/3DMatch/summary_ransac_n500_s0.json,6332,721f7a9dc1a97e3a3b3bb60e2a5f0494c45d00ef59c5e953fbcb307053f310b4,5a8f3c5d1008ea0329d06aec0396b818b970139a27ef8720df36052a0dec1c8f
ransac_repeated_estimator_seeds/baseline/3DMatch/summary_ransac_n500_s1.json,6330,cdab3d4e7d73efe88eb3578ee32c05089dea78a357c3aed702a9546e15e859af,c4fa093b6ffc09526c3c5b6c5c98c219759ddcecd7f10fafc9ff3eaf87cd0627
ransac_repeated_estimator_seeds/baseline/3DMatch/summary_ransac_n500_s2.json,6333,93bc43a88e406211e6b84fa3ba5a68977702a1532b893eea5764863340f0eaa0,12ec4ba31dcf18aa782b87a89e6dbab974744fb76ecbfaae9454e243927ab95c
ransac_repeated_estimator_seeds/baseline/3DMatch/summary_ransac_n500_s3.json,6336,fb228cd13a891da7a128816ed647fe0678aa14c53cc58117233b0cbd6229dee3,243ef37ebd65a74e707710ca5c5b73d523c6204ffcb0654eae250c4f1b9fa724
ransac_repeated_estimator_seeds/baseline/3DMatch/summary_ransac_n500_s4.json,6327,8b7ad69b3e894c49f0193cc6d48fd8dedb0dffe9e6b3647ab44aba99b5580014,7a376feb866de7d8e28c12fbbccb91e23f7e2a406ebda6e578abe0d91a2832fb
ransac_repeated_estimator_seeds/baseline/3DMatch/summary_ransac_n50_s0.json,6322,7f637f7b20d8fbeb767ca392204d8d6ee03216f5563060b6ba60b533fa243706,e0cbf53f1c23a7f6bd96440b11d32fbd2b2dc9e2945f8f843dd0f002f7ae348f
ransac_repeated_estimator_seeds/baseline/3DMatch/summary_ransac_n50_s1.json,6319,8f437878c89f4dfc6ea9796bfaa58c703644eeff4b8e1b6d7646680522f35713,78ebd3f2ef0214d99c2ba550ba6b1f9711834ea525a0a8d9fc524495cebb36c2
ransac_repeated_estimator_seeds/baseline/3DMatch/summary_ransac_n50_s2.json,6318,d0402489587716c98c876f4ec5a4b608fa737f33dc2f4b5ce15009f2f2269e5d,e3ca72ad6c62ac3dc8c31bd32f3b30a7ae8c7838baee15eb0f71910cbeac30e2
ransac_repeated_estimator_seeds/baseline/3DMatch/summary_ransac_n50_s3.json,6320,6a5343a5658ba0fc77c15576674c123004c7407bca39e3cabd3e5ce7e2e2f0f1,d18e718717cc9aae463a8f0edd7c5f73640891cf23760318b47052fd443aa0cb
ransac_repeated_estimator_seeds/baseline/3DMatch/summary_ransac_n50_s4.json,6294,ae2f0382a187fd1dbe3d229f723764f84767a1a77f3a27d123b5d19661db8544,df60c2cff9048151d76af2c7b210624de8637bb9be34d898a31dba4acc636e27
ransac_repeated_estimator_seeds/baseline/3DMatch/summary_ransac_s0.json,6303,f79bbdb25792dfaaa3c368f05ee67acedfc36ef7acfb70d85d28167b8892a35a,c4bbb74ddfc3ffe9a37e04de9401aba09f24e097ded585e2d3b42d50eee5d0a9
ransac_repeated_estimator_seeds/baseline/3DMatch/summary_ransac_s1.json,6304,4c6b519fc17aab2c8e10af6ab2b95d8076186f2e0be9c3c9167839731d616874,40dadb6333f93d878d8e8bba18b7998f308cbb0ad1c521e431955dc0e081bc93
ransac_repeated_estimator_seeds/baseline/3DMatch/summary_ransac_s2.json,6313,c231636ae899a4a16f6dddf93f19fa739e358f10bf896f3135ec13b4724a3c7d,cc556f0f9aed52b33e31bbd75fb5a52fe586e189975ef9e543931308c906e940
ransac_repeated_estimator_seeds/baseline/3DMatch/summary_ransac_s3.json,6307,e16e1bbe6a4646e6cd09b2d6d1c1eddebe4afc4dbadec38402db1ae402f82962,e01c340cb0c127676c806f807a1502416de0a38948dcca12304ff09bfb375168
ransac_repeated_estimator_seeds/baseline/3DMatch/summary_ransac_s4.json,6307,0a71f58eae4601d9067cac9eac4e9d274ee31ceaf18a14f54ac2db519be106c9,3f47404ec701d7c798f9cf047ef9ab3c40af6d8cce5921e15d4047cfa557ea74
ransac_repeated_estimator_seeds/mspki/3DLoMatch/summary_ransac_n100_s0.json,6351,6c04b0b5ce8e4a6932163c9483aa2972a3b23f12afb6e2a438da504683360933,f84dd9b84e422845ce86aca9a9a119a6335f76971570b73c006534bd09376771
ransac_repeated_estimator_seeds/mspki/3DLoMatch/summary_ransac_n100_s1.json,6359,fe5f6f135ad868c061c6c618781af7001745d37bfcb229e998a16cbbec32fa86,82065ed106c15f1ac82a3ab45fd3ba50faa77d40990e8fb91e9de8e1a1e6edf5
ransac_repeated_estimator_seeds/mspki/3DLoMatch/summary_ransac_n100_s2.json,6355,8b7df919468b6409ca0789f4948efcc45397f0f96694f10e1384ed0fa3563011,1097c0a5396d94528d53a2efe9de095a67c387561c262eef7a93e7b088a4da0c
ransac_repeated_estimator_seeds/mspki/3DLoMatch/summary_ransac_n100_s3.json,6356,c5042865d81f8cc1772664c3cf916d2c5c1e2b69b1051fb49ed0c3c60d7405e9,481bdd4295ae5e085c6d0afddd7f282497250fb671ccdb04a83e7b651a1f9e9a
ransac_repeated_estimator_seeds/mspki/3DLoMatch/summary_ransac_n100_s4.json,6353,b367ab83dd5a0c1f72966c480f57e7a940c239c3b7353f09c9ef23f752b502d5,94b44e58f8a3236a28788a09c19d9462ee158c38e84d526a19680189ffc90107
ransac_repeated_estimator_seeds/mspki/3DLoMatch/summary_ransac_n250_s0.json,6316,b5926882cd744a20afaf753a136d55395e8312c3f26010b20913916afb60b949,f693dae882c372e9d1f7c1f41b06758e1775687a89049583dfafb908bdef550e
ransac_repeated_estimator_seeds/mspki/3DLoMatch/summary_ransac_n250_s1.json,6349,e27bd6555ca93198715aeb5004d7377ded72b0a9672bb3c0383d4f65df1a19ec,7e00fce3a7bae80317e2ebb0123639a0f57992b02669b664cf9c90d83ef6a5f1
ransac_repeated_estimator_seeds/mspki/3DLoMatch/summary_ransac_n250_s2.json,6337,f6ed85e0361941c49888a1e81942b9b695f328b0a3224297ddf092032f30ee4e,2b3bfafb0ebb65023a09be6ee610c814c82ba9ba81b186375e67f34a7e7cd312
ransac_repeated_estimator_seeds/mspki/3DLoMatch/summary_ransac_n250_s3.json,6345,b65f9962d772a6202be4793f20657a5ed762a34fa0fc3b442ee47d2d7afaa221,2bda83a6572f4b3a8b26aaada8bcb6e28406c720941c77a8cb975aae7af9a392
ransac_repeated_estimator_seeds/mspki/3DLoMatch/summary_ransac_n250_s4.json,6343,85e2f40eb86165662891c040e81d8bde15144241fdf4d4f1834dedf829ce5a88,626402b668680f3e7f4ebd86c3489346c0e30004bdd7f9582346dd9b5d21cbf5
ransac_repeated_estimator_seeds/mspki/3DLoMatch/summary_ransac_n500_s0.json,6337,8b0ef168404f445b5e298469c9576a6dfb9fa2e0fce9b877ddbca0813188fd68,0c6912448ea5daf8c5f6399ec6fe1b4a19f319ba7ddd70224037910dd1de28dc
ransac_repeated_estimator_seeds/mspki/3DLoMatch/summary_ransac_n500_s1.json,6360,ac89c08882910e08274d4bcbd412186f7a8dfb22ed1f6c404fd012ca67a9f137,5352f108edfd493e3ec375c7ce626074f781cb8bebbb041cb6f3e85885f3cf6b
ransac_repeated_estimator_seeds/mspki/3DLoMatch/summary_ransac_n500_s2.json,6363,4aa59e3d97ce4cd4a2c1764dae0c1eef85d98caf8dd441b8891f56937c6715f2,2d671d54b38a85c41e15a6834340631621b177463234d50383cce21bb5fe0973
ransac_repeated_estimator_seeds/mspki/3DLoMatch/summary_ransac_n500_s3.json,6364,85eae2ff1015277eeb5e225a6135953bce6627481d6321df2d1b198523278356,bea01c9aac0d4b80be68d62be3dfd33fa731fea31e0b8c0ef2437b2005130688
ransac_repeated_estimator_seeds/mspki/3DLoMatch/summary_ransac_n500_s4.json,6362,614e7c3138122e7ba7364a0cd51d412aecbfde9f65ff8613c3f40ebbf6ff979f,f03113ac6fec06b9b26ac7f9f48e905ba05020d26b56f018a423cb2f484a7a66
ransac_repeated_estimator_seeds/mspki/3DLoMatch/summary_ransac_n50_s0.json,6330,1fb7f22457f998570ca82e7d218a91ba293be864ce78e07b195abdca21687693,d74355dd6dd2a6a24bcf5a0df0a0430bb4eba5bfb9093f4512f1c0973b14a4df
ransac_repeated_estimator_seeds/mspki/3DLoMatch/summary_ransac_n50_s1.json,6333,22b1c76621d7d273ceb0a57e951bf9fa337fc951f8c3b7942921a9721c4b3c19,be130fb44b37b4259f466e1ace85d001bcc28f9a036c299d709fa39f301e8169
ransac_repeated_estimator_seeds/mspki/3DLoMatch/summary_ransac_n50_s2.json,6329,35d2e07165485e6b827ccfbdd823a77f50450f00ee850a64e723cdf982dd99df,a3f0cd1e83c58cee789c32cf50b1ce26daeb0338e00a40352633bdd787d6b0ed
ransac_repeated_estimator_seeds/mspki/3DLoMatch/summary_ransac_n50_s3.json,6329,c98de1c7835ea7115fecaf159b00e6ba0dc121db2565fca1f8920aa6a1e8ef10,a37b9bde8e836338406299a7c7b634792d94f10629a07cffc77e106f0516e389
ransac_repeated_estimator_seeds/mspki/3DLoMatch/summary_ransac_n50_s4.json,6330,baf37f529b22a9e3beb66e430697f55295208688ea859d2f2ec7f252b5496a8d,98bf28e9c1df2fffa51ea5c814494da57e89fdc20e67729d89c9ca2df8ed61e2
ransac_repeated_estimator_seeds/mspki/3DLoMatch/summary_ransac_s0.json,6340,e4040a3afcd22426f1accb2f3ad07a89dcdbf56c46944834f943da0c44934afd,87058ebeee4eb5f0629b58bca19cf9bb40337653695343ef7c94cbadbcfd039b
ransac_repeated_estimator_seeds/mspki/3DLoMatch/summary_ransac_s1.json,6341,6eddf212e24a64e0a9cc63bd3ea7455dba0544d45bbcdcdad1b6df8a422a2549,51f8922caf4e930a37779eeb5bdfc8a8a57b6a321466c46213ba22a24bd795dc
ransac_repeated_estimator_seeds/mspki/3DLoMatch/summary_ransac_s2.json,6309,9cc0bcd4e11f17c737e75949c5d6a623ab7f0f957eaf164ac4f2da019bee0d48,790351fc071c3b1372119d07868634badbfc6995e7ba45139994316b5ab44931
ransac_repeated_estimator_seeds/mspki/3DLoMatch/summary_ransac_s3.json,6310,e261ced62c7d4bbf1c8b54c5159be689b1b4be4e7a636eedca61ba76a74e2b5f,2d21c23dceeaf454012bd14a352264668ecb4a59fc30281c6215305193dd74c0
ransac_repeated_estimator_seeds/mspki/3DLoMatch/summary_ransac_s4.json,6336,788e4edffc3a02e99eb31014acfee734d1ce2844a9fccba33f604ce7dd7010c0,bbb5b685cc4f22ae20a3a9d2a09274d77f9b43540a182680263f189619060be6
ransac_repeated_estimator_seeds/mspki/3DMatch/summary_ransac_n100_s0.json,6301,2bebe345d42e6195a350311f35194946415a2c5ef35efb6e95f3de4fc64fa2cb,d91be5365cc00e7aba0b6ce7402ab3a5619a2986eae3e54a03dff5a646c11b4c
ransac_repeated_estimator_seeds/mspki/3DMatch/summary_ransac_n100_s1.json,6302,b7ffa7754e14cde0e45134ee160e287a5a59645050f54b55ea8046487aa19abc,3f154bcadb968f8032bf15afe908fd1e91e726e8ea441bb46cf041dc59b4c3ce
ransac_repeated_estimator_seeds/mspki/3DMatch/summary_ransac_n100_s2.json,6302,b8ae2fc075a550581bc59b5d118179f811f19e7a411e1ad4e936a558b82b4e93,32ed31ac44879cea2e5bbee4948ebc588de55df1bf46bd163f2dec7e904dfdab
ransac_repeated_estimator_seeds/mspki/3DMatch/summary_ransac_n100_s3.json,6305,c9ef8bb01d5c44d060919577e8420b6e338172d015e024d3ed1c9f04edab49c6,ee59b83d9ca60b696f0071aa76687d0f6891b308f16caab5e0efe6c4ebdc66f3
ransac_repeated_estimator_seeds/mspki/3DMatch/summary_ransac_n100_s4.json,6301,4a6ab59f051d3126888df105e9c76b15e6387503e8c93613d5635f58735b5df9,2c78a20b2b773621c2eb4bb8941182addf929641ee41d240f8fa9221a4aa9505
ransac_repeated_estimator_seeds/mspki/3DMatch/summary_ransac_n250_s0.json,6316,6c032a7bb381e308ade2116150c735bb7c0d2657000c19516033df77538f864a,1e9e7e4310c909d849f8746b8aa73a3419d2936562894e90c068cfde91c910a4
ransac_repeated_estimator_seeds/mspki/3DMatch/summary_ransac_n250_s1.json,6316,e5923a50897079d636d9973342eacb34df84ad203a1c512c5c74bae3128eb246,0b827d81067f92324e8e42e0e96613b0f22d51e251e23772ec974ee086fc7787
ransac_repeated_estimator_seeds/mspki/3DMatch/summary_ransac_n250_s2.json,6317,526158307de08c84e23dbfe355ae0137a5dd0ef469ace77b54f987bbe66e06c4,70cf1761fac18dbb3d706f112e237c39206b40fe1d545ad805f1736fef9f6640
ransac_repeated_estimator_seeds/mspki/3DMatch/summary_ransac_n250_s3.json,6313,4571a205091bf1a574dccd3e3d43121bd6736619699e2d9abc7d7ea26acb207c,9465c7215668db6172485ed5a01c7407d611d848ba6b7b4bde6fe1daa46dd8c2
ransac_repeated_estimator_seeds/mspki/3DMatch/summary_ransac_n250_s4.json,6309,6b6be6cd8c31a6cbf0c6198ee9ec1aed89168f341b206d46c56cfd653edaf7d5,6752ac4597594895362a255c4739bf28468a7bf0fa6d8dbcad90a9eaff1e5779
ransac_repeated_estimator_seeds/mspki/3DMatch/summary_ransac_n500_s0.json,6313,da7b185f7e36d220a39ba1a827422c95479343c15ee527834ad884aae3f84517,258cfcc9c6ae11fac84b20a3ac92d8ec3222b863b5be86c451a70066468a62fd
ransac_repeated_estimator_seeds/mspki/3DMatch/summary_ransac_n500_s1.json,6287,342aa6b677af2ca020e950aa30b3e86ad4d702e6f9ed01891995f8d4773c891c,dcd2dba5a9d77fb7d0e719bc49370f600a9083ddfbf378a5d0a4b428fe023c52
ransac_repeated_estimator_seeds/mspki/3DMatch/summary_ransac_n500_s2.json,6310,f536cccc70fae370c49ade44149825e14bfa3ca5d69e474f9c62d2dcc2aa6a10,90f7c7da47ae5aa5d9843fac04b81db1c138e6fae25c668b1e81c70c6dc81e87
ransac_repeated_estimator_seeds/mspki/3DMatch/summary_ransac_n500_s3.json,6315,365ee8e96942c7d7239758e10f6fb8e31b5face1746cdce91b7cdc8c312b1897,1f2184a5d3e6d7dce43bca30b9aa67e6ee02bf0484ab16010b4847fbfc40d9d9
ransac_repeated_estimator_seeds/mspki/3DMatch/summary_ransac_n500_s4.json,6309,4789df35fb0190994a0caa413f4cfae3b218766c2905821557c456ab8d7c1692,c8ca92e8a372f66ffa6d7b134236a976346340c801d53fce660799b323989e83
ransac_repeated_estimator_seeds/mspki/3DMatch/summary_ransac_n50_s0.json,6322,652a5782722ea84f58cd9929172927d7154c04593d1f8402d12adfe1d6c04038,0608f3f6a96b662690b43a6538bc3cc8b8ad16193da89718bbfda81eaef06c86
ransac_repeated_estimator_seeds/mspki/3DMatch/summary_ransac_n50_s1.json,6322,0545fe7bdc9c18671dbd04c7b5cb7a0a948655e7bf19b2705085994adcad2180,8f22f5a37b508608e6b8ce7374a9fb793b67ea44b2dd25c0fdda18e02e8ef518
ransac_repeated_estimator_seeds/mspki/3DMatch/summary_ransac_n50_s2.json,6332,213d6305bd209a7e5c9ecf9151ebf7be937d7d6d3d9d8e52910ff06658d04ecc,61615cace8a0da3896e38615e07afc7c99ae62b605e287bf00ec2e5383f6eab7
ransac_repeated_estimator_seeds/mspki/3DMatch/summary_ransac_n50_s3.json,6323,0b5ebb1ca3af92b5780a82d3904db727ebf81978fe646aef08c1731428630343,fe26d2d2decebaa47d80933344b83dc76fe9b5acbf666ddfa974ad127dd2e1ef
ransac_repeated_estimator_seeds/mspki/3DMatch/summary_ransac_n50_s4.json,6328,cfe1500916904d4a7b443a8405cc78eb352f266154f8a076ce440961658608e7,a78b60568051ef037127d2e76708c9822debe3901e3e2e9aba1030a9918a94e5
ransac_repeated_estimator_seeds/mspki/3DMatch/summary_ransac_s0.json,6285,f96360fe583b44cf538defa3f5d7df8e1212d5386f5f286a5389b3afcab85693,14412ea1abd0e205227981a14724272cd1ac600d73537d19626defd8fe092963
ransac_repeated_estimator_seeds/mspki/3DMatch/summary_ransac_s1.json,6276,bd30f98d4e6687579f01b0602e75ab2d670af7b56d942eb8a1d687d6094fa53e,1d53265d673a6d13fb8c68eecd190504798ef2090b3a61333c7d2accc8cb9899
ransac_repeated_estimator_seeds/mspki/3DMatch/summary_ransac_s2.json,6246,9b755d424f1df8d2c9ec435dece9fec0575a86f8a9765b443c18c32d0a9e45dd,4dd74b462f5d00e6a4b79f3e1aa287bf067aff670d71824035a79ea2f281ace3
ransac_repeated_estimator_seeds/mspki/3DMatch/summary_ransac_s3.json,6279,209796e719cdb99331bb153f019bf4d98adfc88eb64b7e69f530207898ef56f7,e2f0b79e53f94257d3768c8591011fc9a4aa4708dacf43b97828a22a0b586f4e
ransac_repeated_estimator_seeds/mspki/3DMatch/summary_ransac_s4.json,6281,133f64247e254b8dc07e1cacf10639e23c0167fbd558fd9afd8e0072c6c5f1b6,288636d726388fe950f0222b8434881a8790991de00fd6ef660923cbe796109a
ransac_repeated_estimator_seeds/ransac_repeated_summary.csv,2409,ac1e84d0a375cf5d91e760672bc941d0fe4ba1031212a9a8ef3cd2e13495b70c,ac1e84d0a375cf5d91e760672bc941d0fe4ba1031212a9a8ef3cd2e13495b70c
ransac_repeated_estimator_seeds/run_level_metrics.csv,21188,49fe7cb0bda37723d3004aeedaac510553d660adc2ae0e23f8a296e83a73aa32,49fe7cb0bda37723d3004aeedaac510553d660adc2ae0e23f8a296e83a73aa32
retest_20260927/kitti_density_paired_diagnostics.csv,1300,5d944ecfe360480d59808cf4874fee22ddad2050e2e0c1d9411611bba27e9528,5d944ecfe360480d59808cf4874fee22ddad2050e2e0c1d9411611bba27e9528
retest_20260927/kitti_density_runs.csv,4810,9bcc30c8ba517c436257d0711a38bf333ff62359ecdf97c35611786b4d904dcc,9bcc30c8ba517c436257d0711a38bf333ff62359ecdf97c35611786b4d904dcc
retest_20260927/KITTI_density_stress_complete_analysis.tar.gz,369287,92300346f1504052dee68a4a05536f90281b5324aa20821d64e0a15bb1a8016a,92300346f1504052dee68a4a05536f90281b5324aa20821d64e0a15bb1a8016a
retest_20260927/KITTI_density_stress_important_results.tar.gz,3967,e361596e719ea0eaaf984ae99be5b0ae2756c32b229c067a2d256b99e740f08d,e361596e719ea0eaaf984ae99be5b0ae2756c32b229c067a2d256b99e740f08d
retest_20260927/kitti_density_three_seed_summary.csv,2271,b09d989bb3ec52cd3f4c71e355d2fd3dcac26a8e26f7a681714a969a1f6d87ea,b09d989bb3ec52cd3f4c71e355d2fd3dcac26a8e26f7a681714a969a1f6d87ea
retest_20260927/kitti_pairwise_ir_by_seed.csv,172,b478b45c35291829e2521a7c5bd2dbcef6da77f2208503caac6801c3bcdd3a3c,b478b45c35291829e2521a7c5bd2dbcef6da77f2208503caac6801c3bcdd3a3c
retest_20260927/kitti_pairwise_ir_cross_seed.csv,47138,ae6fe376647392223e4c6e71d169068e9630c7d372e37ece3a22d46cf4c1811b,ae6fe376647392223e4c6e71d169068e9630c7d372e37ece3a22d46cf4c1811b
retest_20260927/kitti_sequence_runs.csv,1648,7e23199f3de047eaf6f715e59a601f0af9a25a9fe886b6640c55d501af64fc08,7e23199f3de047eaf6f715e59a601f0af9a25a9fe886b6640c55d501af64fc08
retest_20260927/kitti_sequence_summary.csv,535,e16f271b434b5edfb95f3ffefed4426e109c650d09f3d0b47977919dff5c2df1,e16f271b434b5edfb95f3ffefed4426e109c650d09f3d0b47977919dff5c2df1
retest_20260927/ransac_estimator_seed_runs.csv,2373,bad1cd378d7a49831f5512daa2cb32a43fe5ea13cba3d373c5260a84bfac2202,bad1cd378d7a49831f5512daa2cb32a43fe5ea13cba3d373c5260a84bfac2202
retest_20260927/RANSAC_experiment_important_results.tar.gz,69850,c99f5490e191ef5663bcf40a2729173f4f76ec5487f81562f9aed22fea3b9be3,409f8a53d0ecc5b98f65e176909fd0475c5934e392bfa74088c2d0c7888ff9c6
retest_20260927/ransac_training_seed_summary.csv,1075,4e0970bf53e50a51b1b77e8dda73d943df543807186a1ee6d16ef00843f3c49a,4e0970bf53e50a51b1b77e8dda73d943df543807186a1ee6d16ef00843f3c49a
robustness/density_r0.25/baseline/pairs_fhp.csv,229037,446053474dd9468909174234281183dab67233232e4da3a493c9c74d488667ab,446053474dd9468909174234281183dab67233232e4da3a493c9c74d488667ab
robustness/density_r0.25/baseline/summary_fhp.json,6510,71efe4a405c2c6b4d758fcd043d2f014fcdcd845018e4cf38bac5b36d01abfa0,070adf09b86288b3d1cfe77db571bf45a82524f954a35c83ec63ece9cc00b2c5
robustness/density_r0.25/mspki/pairs_fhp.csv,229247,ef836ae813fcf9afaf37c577377f6fd404f98e4a865ec81a886159755bab5f7a,ef836ae813fcf9afaf37c577377f6fd404f98e4a865ec81a886159755bab5f7a
robustness/density_r0.25/mspki/summary_fhp.json,6490,766aec6173c7e39096755a44c55b0d223835714ac6a412d89d1a6247b1df000b,9c25859d1294f1c19b6c37ab616c897caab1c3d5be19527b96ff12ce53b76ef8
robustness/density_r0.50/baseline/pairs_fhp.csv,229266,017cda70f1b3d3afdd92f783b77bcb2035a680cb6952d31019fa46df639b3964,017cda70f1b3d3afdd92f783b77bcb2035a680cb6952d31019fa46df639b3964
robustness/density_r0.50/baseline/summary_fhp.json,6464,826587dc3c763ecb88c50825e6217cb7d0062d394feee69241321bf9096d9da6,e1df5fbd873b3ec3f787de39313be48c4c8074672e7c931091e260f2a4302856
robustness/density_r0.50/mspki/pairs_fhp.csv,229453,d9c137b5a6241d321ad846f9965127705c5f9a238a54fcce8a5482f310c63eab,d9c137b5a6241d321ad846f9965127705c5f9a238a54fcce8a5482f310c63eab
robustness/density_r0.50/mspki/summary_fhp.json,6514,3a2b7e2e693eb2abe2c91c2260b24c62098e964328679a8883c56a5d09f996f6,2ef31255d67b3fce51fbcfb8bd079267f2a4bed9aa560e8402356c5f80ab96d3
robustness/density_r0.75/baseline/pairs_fhp.csv,229348,06f063f46b70badadcc60715b1e7457e824cab9b38c20ae07fa326f1a4fc3127,06f063f46b70badadcc60715b1e7457e824cab9b38c20ae07fa326f1a4fc3127
robustness/density_r0.75/baseline/summary_fhp.json,6523,83682deb3b9bb5f95becbf56ab5df370cd0034af518deb6a7fcaff10f1f3fdaa,4b61313576e3cc011bc497d1992b537ca8414e09e725104f38106d52926a8e1c
robustness/density_r0.75/mspki/pairs_fhp.csv,229286,2f0ad7c3b2f8ca65f6334eef32be58726d834541749fb2f8eaa216587ac68535,2f0ad7c3b2f8ca65f6334eef32be58726d834541749fb2f8eaa216587ac68535
robustness/density_r0.75/mspki/summary_fhp.json,6491,04de00fe210238791fd49061bcfab999b360f9eabb0eefdfea1691c6b916703a,3604472286e0b3be78cc86e32c6a46c52dcb55128de67448a5abd407b52c6f36
robustness/density_r100/baseline/pairs_fhp.csv,229231,c5e6aff2c906460e140aff8735daf8590211510f77e8b51177c7e6f2e0679975,c5e6aff2c906460e140aff8735daf8590211510f77e8b51177c7e6f2e0679975
robustness/density_r100/baseline/summary_fhp.json,6520,9f54bb58c5c478a8a4bedc3250220f2ba4e5fe6d62c4be825e8ba33ad26c8ccf,fb35438eddbeb5c0f654a31ecc84485e57576ad5ffdcf0b0b24932f7ffa836bb
robustness/density_r100/mspki/pairs_fhp.csv,229368,962e5e3c7f6b4ca4056b14882013a198d1474e44b972e7fed25da2e360700f72,962e5e3c7f6b4ca4056b14882013a198d1474e44b972e7fed25da2e360700f72
robustness/density_r100/mspki/summary_fhp.json,6456,fa49bc3852a95857aadf8db75567334bb43ee592a93a0e54351ac2e67e484e17,635309961aef6ed234b537b6cbc1a9753389227affa3e66d8e2bb1165e45b2d0
robustness/noise_s000/baseline/pairs_fhp.csv,229210,814e8e420ea235768128b28b01d4e9ab6c0c9aaa418345d025d1ed39e05fa40b,814e8e420ea235768128b28b01d4e9ab6c0c9aaa418345d025d1ed39e05fa40b
robustness/noise_s000/baseline/summary_fhp.json,6469,343a8e5948d998f39b18b869015432887a5d5110de11e716fcce97ed987a58e9,f0b865a96b7254050f9c32a6a4cb3c60a0b67b277738800d19595cc4a62aed4c
robustness/noise_s000/mspki/pairs_fhp.csv,229396,f567c3d2067c64ce8877c8b89c618c0519eff35f1000115ec37d757a8d0e8e99,f567c3d2067c64ce8877c8b89c618c0519eff35f1000115ec37d757a8d0e8e99
robustness/noise_s000/mspki/summary_fhp.json,6466,89dde266baf6476ad1a8ef7b9317b4ed6e614d73ef6c25bfb19520cfbb9c9458,c851f58859e86f054756798c136f10d15aeae70a0a6451f07db60994d4832a0f
robustness/noise_s005/baseline/pairs_fhp.csv,229438,62bc30b4a65712e10acda16dfbc4a25d5338ae47e4a94fbe9e00b9cce293199d,62bc30b4a65712e10acda16dfbc4a25d5338ae47e4a94fbe9e00b9cce293199d
robustness/noise_s005/baseline/summary_fhp.json,6502,17e46fff875ac906dcd390bad7fa8a5303ee144925152b71b76f207a86a9539a,7b8d88587b2c4c3279ed2fd2808686fc58a9cba5efaf07a707bba27461392e6e
robustness/noise_s005/mspki/pairs_fhp.csv,229366,f9b6ca86e9243771d1760f611cc1cf71cd21c2b244d0c791280f8ab770047aee,f9b6ca86e9243771d1760f611cc1cf71cd21c2b244d0c791280f8ab770047aee
robustness/noise_s005/mspki/summary_fhp.json,6507,7c400489e6ccfee143c0a82516614f37b51ddbc0a1ae85e13863a48998bd89fd,6431daa8be8abf700edcd7dff5a1a83c6f1579c7af3b11f82c25cb9559826e1f
robustness/noise_s010/baseline/pairs_fhp.csv,229083,2421cf4690eb1cf946a9ac9ca4548f560241b26c8bd9c5562656cc699f4aab97,2421cf4690eb1cf946a9ac9ca4548f560241b26c8bd9c5562656cc699f4aab97
robustness/noise_s010/baseline/summary_fhp.json,6484,4c2a58fed3256d912b9fdbe9a48cea247459d96a3477e29d6b773db68694d1f0,aeb19b6bd1372db18d2304b66f1d6900f391d88f052217d809862be4850f903e
robustness/noise_s010/mspki/pairs_fhp.csv,228885,cb9e5a7af057ee7c1c90dcdba6d402a849c6394bb6e55f39aabff1a07e6e41d1,cb9e5a7af057ee7c1c90dcdba6d402a849c6394bb6e55f39aabff1a07e6e41d1
robustness/noise_s010/mspki/summary_fhp.json,6492,8193fbcf258560527b83872d27e56a60c3f1e035fbe8cd6f0e468b67c351bcd1,3e373ce95fc5700554823fcb89ad189968bbeebc02c5d1929460aac433aaabdd
robustness/noise_s020/baseline/pairs_fhp.csv,227064,e4e1d70c9ec45e29e494d7624342ed5c3cb56e86808395ddc9dd74c7f3af01d5,e4e1d70c9ec45e29e494d7624342ed5c3cb56e86808395ddc9dd74c7f3af01d5
robustness/noise_s020/baseline/summary_fhp.json,6484,ce4afb9c0a6a0af4e06f16d4f5df68fa12f8e113a8b23e673d4a49f2413af0ee,16cf1fb26820d687503f2c3f9a53398cd739ba36f0645ac5f2e2572798168d8f
robustness/noise_s020/mspki/pairs_fhp.csv,226455,885ef03f0096ff1418b7efb815e570d60b0fc3e607986d957a5ea3035728ea17,885ef03f0096ff1418b7efb815e570d60b0fc3e607986d957a5ea3035728ea17
robustness/noise_s020/mspki/summary_fhp.json,6451,9c062b6378b9fe7f8751518faa0e9d1c6197906289658ae3dbd8f92f98d0ccd1,0f61080cc295bd586351194533961ac28985d94fde9627c02c5076139fc3bf35
robustness/plot_inputs/indoor_perturbation_display.csv,2095,4e560bbc50cda86bc32920a14aa966cf3dc594db70193e5a16f54810bd944142,4e560bbc50cda86bc32920a14aa966cf3dc594db70193e5a16f54810bd944142
robustness/plot_inputs/plot_indoor_perturbations.py,2164,dbc8c6216982a9893ab89bdb7fa328a0f45ea2af8f3b232bef55803fe5d6740a,b3151550b4dc81e8c930cd3a3c7a610719922a6e89bc1196f54b8b9296ad530d
robustness/SO3/baseline/pairs_fhp.csv,229222,b4a44de52b6abeef12dc123a6a0e44caa2acdb433be01e5f140e00feacd2440f,b4a44de52b6abeef12dc123a6a0e44caa2acdb433be01e5f140e00feacd2440f
robustness/SO3/baseline/summary_fhp.json,6362,74f0bd331fc07d9def8836a5bbd0e33ccedf170ac4d7b61584fa1de172e4b8f9,b03fcc8350dfcdcb2d52fca3420f64d3f79547ae82ee7186df48937152d9a42c
robustness/SO3/mspki/pairs_fhp.csv,229215,bbef6009eb71612fe6d906179d9c6dce8c66703e9873c41265c5c387beb0bd9d,bbef6009eb71612fe6d906179d9c6dce8c66703e9873c41265c5c387beb0bd9d
robustness/SO3/mspki/summary_fhp.json,6361,fc2f32362ffd2f6f249743aa344fb8eff541985607c8c25473600b6bd6e38f3c,ca2eab419da5db96096f4f3f13dc3e870ae89dabf7cca66ed9c821a121293e98
robustness/SO3_rotseed_2026/baseline/pairs_fhp.csv,229264,c6fe694e2597e84bb2e55452124c1ff1289909b9eb85e243ada66af3c224d9e7,c6fe694e2597e84bb2e55452124c1ff1289909b9eb85e243ada66af3c224d9e7
robustness/SO3_rotseed_2026/baseline/summary_fhp.json,6378,93a0c6a602219aa506c3e95a9540271058abc9bcc7e5de75bab5840d7d940b1f,37a235f6b921952544f09eb201d7736cde82bd8c1ba01e7769ad4a203e3642df
robustness/SO3_rotseed_2026/mspki/pairs_fhp.csv,229237,274aa192fe14ddbf5d7025f5bfd25b01d3081179d2b6c4590607b4ce6b430e33,274aa192fe14ddbf5d7025f5bfd25b01d3081179d2b6c4590607b4ce6b430e33
robustness/SO3_rotseed_2026/mspki/summary_fhp.json,6345,8e55e0492454eeb8820606218879e7a0530a7ba4d265a06490079e0079266f62,3e2937a311903d4c541388d2dd8cb2940e0f0eaabcaede719472daa428c383e9
robustness/SO3_rotseed_3407/baseline/pairs_fhp.csv,229275,a50160aba4d55e6a82a76698c3b6cba72ad54bd943bc5469bd785a4eb5c1debc,a50160aba4d55e6a82a76698c3b6cba72ad54bd943bc5469bd785a4eb5c1debc
robustness/SO3_rotseed_3407/baseline/summary_fhp.json,6388,589e20cbe42d3e15af3f77b250a681507973a964e3fba109d315443675d6e6e5,8ff4254d62f1376adf8989c0fea4c19ea67c25b504771eef93b41bb94f5a7369
robustness/SO3_rotseed_3407/mspki/pairs_fhp.csv,229340,61b79edab697cd55e2d53fe81bcf2e1e636dbd85bb6bb92df3e43956e4ad140a,61b79edab697cd55e2d53fe81bcf2e1e636dbd85bb6bb92df3e43956e4ad140a
robustness/SO3_rotseed_3407/mspki/summary_fhp.json,6343,f9971123f72569afd646bcd83cfcf536020573df26f244e2172c370e365738d7,2daa0f1f9a4866fce7a10ada8fa66614c2153695d9101edcc5a3a3e8d2afe371
scene_statistics/3DLoMatch/clustered_significance_summary.csv,794,80e80b1de5faf65e550de29e740c6bc4d6fa92bd9f4a2dd1ff3a529c52ac3d09,80e80b1de5faf65e550de29e740c6bc4d6fa92bd9f4a2dd1ff3a529c52ac3d09
scene_statistics/3DLoMatch/clustered_significance_summary.json,1744,ac4ba39bf474393df9dbbcf95deed740914893c04addc12bccf23182d700edbb,ac4ba39bf474393df9dbbcf95deed740914893c04addc12bccf23182d700edbb
scene_statistics/3DLoMatch/paired_pair_differences_seed_averaged.csv,146515,b0e2f2165551b02d50cd2aa56b46af62bbc871571b9c8bc8afb7d6557b300429,b0e2f2165551b02d50cd2aa56b46af62bbc871571b9c8bc8afb7d6557b300429
scene_statistics/3DLoMatch/paired_seed_level_differences.csv,419706,7b7446b8bc87c0ef350de672eacf56f028d637003dbc8619c0d29c4144fbf3b8,7b7446b8bc87c0ef350de672eacf56f028d637003dbc8619c0d29c4144fbf3b8
scene_statistics/3DLoMatch/scene_level_differences.csv,806,c243846c0255fb0dcf02e203510817f8ca2a8b691be29c00afd319b2c506d1a7,c243846c0255fb0dcf02e203510817f8ca2a8b691be29c00afd319b2c506d1a7
scene_statistics/3DMatch/clustered_significance_summary.csv,783,2148f3e6bc3e3f275bd81c2f36eecd1b102b1c49e751f5889923488a262f9a62,2148f3e6bc3e3f275bd81c2f36eecd1b102b1c49e751f5889923488a262f9a62
scene_statistics/3DMatch/clustered_significance_summary.json,1733,de6692ac85aa26590d2f5f5a9fc0551464ec88f8f73eb53978a7812b18875718,de6692ac85aa26590d2f5f5a9fc0551464ec88f8f73eb53978a7812b18875718
scene_statistics/3DMatch/paired_pair_differences_seed_averaged.csv,129238,eae9294cb05486c1f72fb2dc9dc22ddbd6ddda26290a3b9089ccd15236185498,eae9294cb05486c1f72fb2dc9dc22ddbd6ddda26290a3b9089ccd15236185498
scene_statistics/3DMatch/paired_seed_level_differences.csv,375307,66abf2e2fc0620cca17ef6716e50537f128b744057646de32839b8fb50d9fdce,66abf2e2fc0620cca17ef6716e50537f128b744057646de32839b8fb50d9fdce
scene_statistics/3DMatch/scene_level_differences.csv,800,ded8d90ef6c2d5132e4d9b711822a7fd97f5b013cde2ef1367eb43e13fc0e39a,ded8d90ef6c2d5132e4d9b711822a7fd97f5b013cde2ef1367eb43e13fc0e39a
uniform_control/3DLoMatch/manifest.json,919,b0e2b669779cfd42f46817b5d2b8aad095b2582b1b77494f06be89d42b4adf50,c9c968f59ae389278a2bf6df684201dbe5b6961b7f3fc06c4a56fa923e68c052
uniform_control/3DLoMatch/pairs_fhp.csv,229317,4f691c1224075117797272b9b06238500cdb2a06025404fe52b704850a3cbbf9,4f691c1224075117797272b9b06238500cdb2a06025404fe52b704850a3cbbf9
uniform_control/3DLoMatch/summary_fhp.json,6386,ff5ef275eb277af85a736b6322a07213f6b81482a32ed513933327e0445f416d,a0f1b46e891b2a44ca59d34b8929f3f48be0da7981e56a54640fea917eb003a7
uniform_control/3DMatch/manifest.json,915,b0886fc520492740561a479a0556b0ab4b0771b44d63ab321a9ce23137b6dafe,84edcf8eaf422c1dae12da2cf2ae11c56b71befd837391190c6f2ef86c529fc8
uniform_control/3DMatch/pairs_fhp.csv,207664,a448cab51f612bd9fe6d863d98bdd6e5015af0e9bc86cd43c8399bc86d74a512,a448cab51f612bd9fe6d863d98bdd6e5015af0e9bc86cd43c8399bc86d74a512
uniform_control/3DMatch/summary_fhp.json,6355,60405807a418a2b1fd637f269874b28f20d7723fb75e8873c0de5761cacc520b,84febe143f933a561d67afd860ac4d679823bb3c03edb971325a42b6778c822a
uniform_control/resolved_config.json,5498,f1626ec59a7e7ccac2291e1737a1dda6ed2fc94b3e9f237847ce90ebbed35eb3,82e8a7ad02b8e988d0ccb6f84be858d33a2b409d353b910dd2efb78512dce49f
