scene,ref_frame,src_frame,overlap,coarse_precision,inlier_ratio,estimation_succeeded,registration_accepted,num_hypotheses,num_encoder_hypotheses,num_decoder_hypotheses,num_successful_hypotheses,num_successful_encoder_hypotheses,num_successful_decoder_hypotheses,oracle_success,encoder_oracle_success,decoder_oracle_success,selected_pose_success,raw_selected_pose_success,shortlist_oracle_success,refined_shortlist_oracle_success,num_shortlisted_hypotheses,num_successful_shortlisted_hypotheses,num_successful_refined_shortlisted_hypotheses,selected_hypothesis_index,selected_hypothesis_source,selected_pre_refine_consensus,selected_pre_refine_inlier_count,best_encoder_consensus,best_decoder_consensus,raw_selected_hypothesis_index,raw_selected_hypothesis_source,raw_selected_pre_refine_consensus,raw_selected_pre_refine_inlier_count,raw_selected_post_refine_weighted_consensus,selected_post_refine_weighted_consensus,best_encoder_post_refine_weighted_consensus,best_decoder_post_refine_weighted_consensus,selection_changed_from_raw_argmax,reranking_applied,selected_hypothesis_source_name,raw_selected_hypothesis_source_name
7-scenes-redkitchen,0,7,0.36212256942614746,0.7343749999999971,0.62,1,1,,,,,,,,,,,,,,,,,,,,,,,,,,,,,,,,,none,none
7-scenes-redkitchen,0,8,0.16572693260262422,0.18359374999999928,0.1085,1,0,,,,,,,,,,,,,,,,,,,,,,,,,,,,,,,,,none,none
7-scenes-redkitchen,0,9,0.2995731675185751,0.7734374999999969,0.692,1,1,,,,,,,,,,,,,,,,,,,,,,,,,,,,,,,,,none,none
7-scenes-redkitchen,0,16,0.2006112662696949,0.46093749999999817,0.3265,1,1,,,,,,,,,,,,,,,,,,,,,,,,,,,,,,,,,none,none
7-scenes-redkitchen,0,17,0.16709701217263004,0.45312499999999817,0.299,1,1,,,,,,,,,,,,,,,,,,,,,,,,,,,,,,,,,none,none
7-scenes-redkitchen,0,18,0.31106075775939296,0.7343749999999971,0.629,1,1,,,,,,,,,,,,,,,,,,,,,,,,,,,,,,,,,none,none
7-scenes-redkitchen,0,20,0.31037571797439006,0.6523437499999974,0.477,1,1,,,,,,,,,,,,,,,,,,,,,,,,,,,,,,,,,none,none
7-scenes-redkitchen,0,25,0.32444538125098804,0.06249999999999975,0.051,1,0,,,,,,,,,,,,,,,,,,,,,,,,,,,,,,,,,none,none
7-scenes-redkitchen,0,30,0.25188385940875796,0.08984374999999964,0.047,1,0,,,,,,,,,,,,,,,,,,,,,,,,,,,,,,,,,none,none
7-scenes-redkitchen,0,31,0.3302418717394741,0.29296874999999883,0.2115,1,1,,,,,,,,,,,,,,,,,,,,,,,,,,,,,,,,,none,none
7-scenes-redkitchen,0,32,0.3745586762923539,0.21484374999999914,0.144,1,1,,,,,,,,,,,,,,,,,,,,,,,,,,,,,,,,,none,none
7-scenes-redkitchen,0,33,0.26574274121304736,0.08203124999999967,0.0515,1,0,,,,,,,,,,,,,,,,,,,,,,,,,,,,,,,,,none,none
7-scenes-redkitchen,0,34,0.13800916899404542,0.5312499999999979,0.48,1,1,,,,,,,,,,,,,,,,,,,,,,,,,,,,,,,,,none,none
7-scenes-redkitchen,0,36,0.24782631606681774,0.35546874999999856,0.293,1,1,,,,,,,,,,,,,,,,,,,,,,,,,,,,,,,,,none,none
7-scenes-redkitchen,0,37,0.38351688886546875,0.7968749999999968,0.681,1,1,,,,,,,,,,,,,,,,,,,,,,,,,,,,,,,,,none,none
7-scenes-redkitchen,0,38,0.3631237814196132,0.6914062499999972,0.6835,1,1,,,,,,,,,,,,,,,,,,,,,,,,,,,,,,,,,none,none
7-scenes-redkitchen,0,41,0.34973915792801813,0.8007812499999968,0.563,1,1,,,,,,,,,,,,,,,,,,,,,,,,,,,,,,,,,none,none
7-scenes-redkitchen,0,42,0.3077409495705328,0.746093749999997,0.6105,1,1,,,,,,,,,,,,,,,,,,,,,,,,,,,,,,,,,none,none
7-scenes-redkitchen,0,43,0.25699531011224114,0.6171874999999976,0.5115,1,1,,,,,,,,,,,,,,,,,,,,,,,,,,,,,,,,,none,none
7-scenes-redkitchen,0,44,0.24977604468567213,0.499999999999998,0.408,1,1,,,,,,,,,,,,,,,,,,,,,,,,,,,,,,,,,none,none
7-scenes-redkitchen,0,45,0.2635822311218844,0.33984374999999867,0.226,1,1,,,,,,,,,,,,,,,,,,,,,,,,,,,,,,,,,none,none
7-scenes-redkitchen,0,46,0.2606312905095642,0.49218749999999806,0.3045,1,1,,,,,,,,,,,,,,,,,,,,,,,,,,,,,,,,,none,none
7-scenes-redkitchen,0,47,0.2196342941455446,0.5312499999999979,0.4045,1,1,,,,,,,,,,,,,,,,,,,,,,,,,,,,,,,,,none,none
7-scenes-redkitchen,0,48,0.18164093376192234,0.48828124999999806,0.3405,1,1,,,,,,,,,,,,,,,,,,,,,,,,,,,,,,,,,none,none
7-scenes-redkitchen,0,49,0.14538652052484585,0.19531249999999922,0.204,1,1,,,,,,,,,,,,,,,,,,,,,,,,,,,,,,,,,none,none
7-scenes-redkitchen,0,50,0.1835379670126996,0.4687499999999981,0.341,1,1,,,,,,,,,,,,,,,,,,,,,,,,,,,,,,,,,none,none
7-scenes-redkitchen,0,51,0.18348527164462244,0.41796874999999833,0.23,1,1,,,,,,,,,,,,,,,,,,,,,,,,,,,,,,,,,none,none
7-scenes-redkitchen,0,52,0.18532960952732255,0.5234374999999979,0.3715,1,1,,,,,,,,,,,,,,,,,,,,,,,,,,,,,,,,,none,none
7-scenes-redkitchen,0,53,0.15534594509142646,0.35937499999999856,0.3015,1,1,,,,,,,,,,,,,,,,,,,,,,,,,,,,,,,,,none,none
7-scenes-redkitchen,0,59,0.1843810929019339,0.36718749999999856,0.245,1,1,,,,,,,,,,,,,,,,,,,,,,,,,,,,,,,,,none,none
7-scenes-redkitchen,1,6,0.30038780002096216,0.5624999999999978,0.431,1,1,,,,,,,,,,,,,,,,,,,,,,,,,,,,,,,,,none,none
7-scenes-redkitchen,1,7,0.24253222932606644,0.6171874999999976,0.456,1,1,,,,,,,,,,,,,,,,,,,,,,,,,,,,,,,,,none,none
7-scenes-redkitchen,1,9,0.18541033434650456,0.6406249999999974,0.505,1,1,,,,,,,,,,,,,,,,,,,,,,,,,,,,,,,,,none,none
7-scenes-redkitchen,1,18,0.20516717325227962,0.5859374999999977,0.453,1,1,,,,,,,,,,,,,,,,,,,,,,,,,,,,,,,,,none,none
7-scenes-redkitchen,1,19,0.3526883974426161,0.7187499999999971,0.598,1,1,,,,,,,,,,,,,,,,,,,,,,,,,,,,,,,,,none,none
7-scenes-redkitchen,1,20,0.19264228068336653,0.5156249999999979,0.324,1,0,,,,,,,,,,,,,,,,,,,,,,,,,,,,,,,,,none,none
7-scenes-redkitchen,1,25,0.2481396080075464,0.3164062499999987,0.171,1,1,,,,,,,,,,,,,,,,,,,,,,,,,,,,,,,,,none,none
7-scenes-redkitchen,1,30,0.3077769625825385,0.0039062499999999844,0.0,1,0,,,,,,,,,,,,,,,,,,,,,,,,,,,,,,,,,none,none
7-scenes-redkitchen,1,33,0.2603500681270307,0.12109374999999951,0.088,1,0,,,,,,,,,,,,,,,,,,,,,,,,,,,,,,,,,none,none
7-scenes-redkitchen,1,36,0.18294728015931244,0.08593749999999965,0.055,1,0,,,,,,,,,,,,,,,,,,,,,,,,,,,,,,,,,none,none
7-scenes-redkitchen,1,37,0.3605492086783356,0.7226562499999971,0.584,1,1,,,,,,,,,,,,,,,,,,,,,,,,,,,,,,,,,none,none
7-scenes-redkitchen,1,38,0.37359815532963003,0.6953124999999972,0.732,1,1,,,,,,,,,,,,,,,,,,,,,,,,,,,,,,,,,none,none
7-scenes-redkitchen,1,39,0.4083429409915103,0.7773437499999969,0.726,1,1,,,,,,,,,,,,,,,,,,,,,,,,,,,,,,,,,none,none
7-scenes-redkitchen,1,41,0.3569856409181428,0.8593749999999966,0.7165,1,1,,,,,,,,,,,,,,,,,,,,,,,,,,,,,,,,,none,none
7-scenes-redkitchen,1,42,0.2783775285609475,0.757812499999997,0.593,1,1,,,,,,,,,,,,,,,,,,,,,,,,,,,,,,,,,none,none
7-scenes-redkitchen,1,43,0.21150822764909338,0.6679687499999973,0.5775,1,1,,,,,,,,,,,,,,,,,,,,,,,,,,,,,,,,,none,none
7-scenes-redkitchen,1,44,0.19337595639870034,0.5820312499999977,0.529,1,1,,,,,,,,,,,,,,,,,,,,,,,,,,,,,,,,,none,none
7-scenes-redkitchen,1,45,0.20993606540194948,0.5859374999999977,0.468,1,1,,,,,,,,,,,,,,,,,,,,,,,,,,,,,,,,,none,none
7-scenes-redkitchen,1,46,0.19625825385179752,0.5390624999999979,0.4175,1,1,,,,,,,,,,,,,,,,,,,,,,,,,,,,,,,,,none,none
7-scenes-redkitchen,1,59,0.1630856304370611,0.26953124999999895,0.1775,1,1,,,,,,,,,,,,,,,,,,,,,,,,,,,,,,,,,none,none
7-scenes-redkitchen,2,5,0.2513338805663862,0.499999999999998,0.373,1,1,,,,,,,,,,,,,,,,,,,,,,,,,,,,,,,,,none,none
7-scenes-redkitchen,2,10,0.3232608249538272,0.7265624999999971,0.6495,1,1,,,,,,,,,,,,,,,,,,,,,,,,,,,,,,,,,none,none
7-scenes-redkitchen,2,15,0.2074184280730556,0.5624999999999978,0.391,1,1,,,,,,,,,,,,,,,,,,,,,,,,,,,,,,,,,none,none
7-scenes-redkitchen,2,26,0.30181612969423355,0.3984374999999984,0.2125,1,1,,,,,,,,,,,,,,,,,,,,,,,,,,,,,,,,,none,none
7-scenes-redkitchen,2,32,0.33511184075518163,0.5703124999999977,0.3495,1,1,,,,,,,,,,,,,,,,,,,,,,,,,,,,,,,,,none,none
7-scenes-redkitchen,2,44,0.3136158423968808,0.7812499999999969,0.723,1,1,,,,,,,,,,,,,,,,,,,,,,,,,,,,,,,,,none,none
7-scenes-redkitchen,2,45,0.22557972501539092,0.6093749999999976,0.616,1,1,,,,,,,,,,,,,,,,,,,,,,,,,,,,,,,,,none,none
7-scenes-redkitchen,3,6,0.21032216355996122,0.3789062499999985,0.355,1,1,,,,,,,,,,,,,,,,,,,,,,,,,,,,,,,,,none,none
7-scenes-redkitchen,3,7,0.16361383471608662,0.0781249999999997,0.0845,1,0,,,,,,,,,,,,,,,,,,,,,,,,,,,,,,,,,none,none
7-scenes-redkitchen,3,15,0.34338972093524406,0.8124999999999968,0.6305,1,1,,,,,,,,,,,,,,,,,,,,,,,,,,,,,,,,,none,none
7-scenes-redkitchen,3,19,0.20665876521926516,0.503906249999998,0.4525,1,1,,,,,,,,,,,,,,,,,,,,,,,,,,,,,,,,,none,none
7-scenes-redkitchen,3,25,0.2143626764357289,0.4296874999999983,0.289,1,0,,,,,,,,,,,,,,,,,,,,,,,,,,,,,,,,,none,none
7-scenes-redkitchen,3,31,0.28876198685486476,0.753906249999997,0.5755,1,1,,,,,,,,,,,,,,,,,,,,,,,,,,,,,,,,,none,none
7-scenes-redkitchen,3,32,0.20321086089861007,0.33203124999999867,0.2315,1,1,,,,,,,,,,,,,,,,,,,,,,,,,,,,,,,,,none,none
7-scenes-redkitchen,3,36,0.12568688718888052,0.4414062499999982,0.327,1,1,,,,,,,,,,,,,,,,,,,,,,,,,,,,,,,,,none,none
7-scenes-redkitchen,3,37,0.23672018101497683,0.6601562499999973,0.5135,1,1,,,,,,,,,,,,,,,,,,,,,,,,,,,,,,,,,none,none
7-scenes-redkitchen,3,38,0.23402650576446504,0.5390624999999979,0.4255,1,1,,,,,,,,,,,,,,,,,,,,,,,,,,,,,,,,,none,none
7-scenes-redkitchen,3,39,0.20531192759400926,0.499999999999998,0.458,1,1,,,,,,,,,,,,,,,,,,,,,,,,,,,,,,,,,none,none
7-scenes-redkitchen,3,46,0.25665337786876413,0.7148437499999971,0.549,1,1,,,,,,,,,,,,,,,,,,,,,,,,,,,,,,,,,none,none
7-scenes-redkitchen,3,59,0.14432711992242214,0.2031249999999992,0.179,1,1,,,,,,,,,,,,,,,,,,,,,,,,,,,,,,,,,none,none
7-scenes-redkitchen,4,8,0.29799806428607817,0.5195312499999979,0.331,1,1,,,,,,,,,,,,,,,,,,,,,,,,,,,,,,,,,none,none
7-scenes-redkitchen,4,16,0.3354388467220213,0.5585937499999978,0.261,1,1,,,,,,,,,,,,,,,,,,,,,,,,,,,,,,,,,none,none
7-scenes-redkitchen,4,17,0.33284091487952727,0.507812499999998,0.219,1,1,,,,,,,,,,,,,,,,,,,,,,,,,,,,,,,,,none,none
7-scenes-redkitchen,4,20,0.3897407162141511,0.7812499999999969,0.535,1,1,,,,,,,,,,,,,,,,,,,,,,,,,,,,,,,,,none,none
7-scenes-redkitchen,4,21,0.16035861647394428,0.3437499999999986,0.14,1,0,,,,,,,,,,,,,,,,,,,,,,,,,,,,,,,,,none,none
7-scenes-redkitchen,4,24,0.1744689521674902,0.3437499999999986,0.209,1,1,,,,,,,,,,,,,,,,,,,,,,,,,,,,,,,,,none,none
7-scenes-redkitchen,4,28,0.4305944679333707,0.3710937499999985,0.38,1,1,,,,,,,,,,,,,,,,,,,,,,,,,,,,,,,,,none,none
7-scenes-redkitchen,4,29,0.30579185981356016,0.6289062499999974,0.4735,1,1,,,,,,,,,,,,,,,,,,,,,,,,,,,,,,,,,none,none
7-scenes-redkitchen,4,35,0.25077683256074573,0.39453124999999845,0.2205,1,1,,,,,,,,,,,,,,,,,,,,,,,,,,,,,,,,,none,none
7-scenes-redkitchen,4,36,0.3989608272630024,0.5390624999999979,0.3275,1,1,,,,,,,,,,,,,,,,,,,,,,,,,,,,,,,,,none,none
7-scenes-redkitchen,4,40,0.3990117671030513,0.6796874999999973,0.501,1,1,,,,,,,,,,,,,,,,,,,,,,,,,,,,,,,,,none,none
7-scenes-redkitchen,4,41,0.3607559472263257,0.8476562499999966,0.7295,1,1,,,,,,,,,,,,,,,,,,,,,,,,,,,,,,,,,none,none
7-scenes-redkitchen,4,43,0.32494523967194744,0.8867187499999964,0.7795,1,1,,,,,,,,,,,,,,,,,,,,,,,,,,,,,,,,,none,none
7-scenes-redkitchen,4,48,0.34374204064999236,0.6796874999999973,0.5385,1,1,,,,,,,,,,,,,,,,,,,,,,,,,,,,,,,,,none,none
7-scenes-redkitchen,4,49,0.2908155468391829,0.6445312499999974,0.5535,1,1,,,,,,,,,,,,,,,,,,,,,,,,,,,,,,,,,none,none
7-scenes-redkitchen,4,50,0.2952473129234374,0.6171874999999976,0.449,1,1,,,,,,,,,,,,,,,,,,,,,,,,,,,,,,,,,none,none
7-scenes-redkitchen,4,51,0.2131832306046559,0.2812499999999989,0.214,1,1,,,,,,,,,,,,,,,,,,,,,,,,,,,,,,,,,none,none
7-scenes-redkitchen,4,52,0.29361723804187256,0.5937499999999977,0.5315,1,1,,,,,,,,,,,,,,,,,,,,,,,,,,,,,,,,,none,none
7-scenes-redkitchen,4,53,0.2572971320870052,0.6093749999999976,0.397,1,1,,,,,,,,,,,,,,,,,,,,,,,,,,,,,,,,,none,none
7-scenes-redkitchen,4,54,0.21359074932504712,0.253906249999999,0.1485,1,1,,,,,,,,,,,,,,,,,,,,,,,,,,,,,,,,,none,none
7-scenes-redkitchen,4,58,0.14273343181702408,0.32812499999999867,0.246,1,1,,,,,,,,,,,,,,,,,,,,,,,,,,,,,,,,,none,none
7-scenes-redkitchen,4,59,0.2670266415363456,0.4492187499999982,0.251,1,1,,,,,,,,,,,,,,,,,,,,,,,,,,,,,,,,,none,none
7-scenes-redkitchen,5,13,0.32414588136658984,0.8203124999999967,0.6625,1,1,,,,,,,,,,,,,,,,,,,,,,,,,,,,,,,,,none,none
7-scenes-redkitchen,5,14,0.3564766296373926,0.8242187499999967,0.5845,1,1,,,,,,,,,,,,,,,,,,,,,,,,,,,,,,,,,none,none
7-scenes-redkitchen,5,21,0.31361349821840284,0.5781249999999977,0.399,1,1,,,,,,,,,,,,,,,,,,,,,,,,,,,,,,,,,none,none
7-scenes-redkitchen,5,24,0.3087403060155104,0.6874999999999972,0.4385,1,1,,,,,,,,,,,,,,,,,,,,,,,,,,,,,,,,,none,none
7-scenes-redkitchen,5,27,0.4573464682456508,0.5234374999999979,0.551,1,1,,,,,,,,,,,,,,,,,,,,,,,,,,,,,,,,,none,none
7-scenes-redkitchen,5,28,0.24067281492349613,0.26171874999999895,0.284,1,1,,,,,,,,,,,,,,,,,,,,,,,,,,,,,,,,,none,none
7-scenes-redkitchen,5,34,0.14446656885348982,0.4062499999999984,0.306,1,1,,,,,,,,,,,,,,,,,,,,,,,,,,,,,,,,,none,none
7-scenes-redkitchen,5,35,0.3927897715363655,0.5390624999999979,0.365,1,1,,,,,,,,,,,,,,,,,,,,,,,,,,,,,,,,,none,none
7-scenes-redkitchen,5,40,0.2900335359463425,0.45312499999999817,0.3205,1,1,,,,,,,,,,,,,,,,,,,,,,,,,,,,,,,,,none,none
7-scenes-redkitchen,5,41,0.2552399916160134,0.6523437499999974,0.4855,1,1,,,,,,,,,,,,,,,,,,,,,,,,,,,,,,,,,none,none
7-scenes-redkitchen,5,42,0.26692517291972334,0.6367187499999974,0.4745,1,1,,,,,,,,,,,,,,,,,,,,,,,,,,,,,,,,,none,none
7-scenes-redkitchen,5,43,0.2524627960595263,0.6640624999999973,0.4995,1,1,,,,,,,,,,,,,,,,,,,,,,,,,,,,,,,,,none,none
7-scenes-redkitchen,5,44,0.2826975476839237,0.7304687499999971,0.5205,1,1,,,,,,,,,,,,,,,,,,,,,,,,,,,,,,,,,none,none
7-scenes-redkitchen,5,45,0.3528610354223433,0.5742187499999977,0.479,1,1,,,,,,,,,,,,,,,,,,,,,,,,,,,,,,,,,none,none
7-scenes-redkitchen,5,50,0.34599664640536576,0.249999999999999,0.267,1,1,,,,,,,,,,,,,,,,,,,,,,,,,,,,,,,,,none,none
7-scenes-redkitchen,5,51,0.21693565290295536,0.10546874999999958,0.063,1,1,,,,,,,,,,,,,,,,,,,,,,,,,,,,,,,,,none,none
7-scenes-redkitchen,5,52,0.387130580591071,0.7226562499999971,0.5755,1,1,,,,,,,,,,,,,,,,,,,,,,,,,,,,,,,,,none,none
7-scenes-redkitchen,5,53,0.38461538461538464,0.39453124999999845,0.321,1,1,,,,,,,,,,,,,,,,,,,,,,,,,,,,,,,,,none,none
7-scenes-redkitchen,5,54,0.3661706141270174,0.3789062499999985,0.313,1,1,,,,,,,,,,,,,,,,,,,,,,,,,,,,,,,,,none,none
7-scenes-redkitchen,5,55,0.2141060574303081,0.3164062499999987,0.223,1,1,,,,,,,,,,,,,,,,,,,,,,,,,,,,,,,,,none,none
7-scenes-redkitchen,5,57,0.14127017396772165,0.38281249999999845,0.272,1,1,,,,,,,,,,,,,,,,,,,,,,,,,,,,,,,,,none,none
7-scenes-redkitchen,5,58,0.2367952211276462,0.6249999999999976,0.482,1,1,,,,,,,,,,,,,,,,,,,,,,,,,,,,,,,,,none,none
7-scenes-redkitchen,5,59,0.31696709285265146,0.6953124999999972,0.483,1,1,,,,,,,,,,,,,,,,,,,,,,,,,,,,,,,,,none,none
7-scenes-redkitchen,6,13,0.23418792703566726,0.496093749999998,0.3675,1,1,,,,,,,,,,,,,,,,,,,,,,,,,,,,,,,,,none,none
7-scenes-redkitchen,6,14,0.2878455462922334,0.5351562499999979,0.33,1,1,,,,,,,,,,,,,,,,,,,,,,,,,,,,,,,,,none,none
7-scenes-redkitchen,6,22,0.18654798470507114,0.11328124999999954,0.1095,1,0,,,,,,,,,,,,,,,,,,,,,,,,,,,,,,,,,none,none
7-scenes-redkitchen,6,27,0.3953488372093023,0.3046874999999988,0.2495,1,1,,,,,,,,,,,,,,,,,,,,,,,,,,,,,,,,,none,none
7-scenes-redkitchen,6,34,0.22014668087507053,0.4335937499999983,0.346,1,1,,,,,,,,,,,,,,,,,,,,,,,,,,,,,,,,,none,none
7-scenes-redkitchen,6,42,0.13627530871936314,0.10937499999999957,0.064,1,0,,,,,,,,,,,,,,,,,,,,,,,,,,,,,,,,,none,none
7-scenes-redkitchen,6,44,0.15288660440042626,0.24218749999999903,0.129,1,1,,,,,,,,,,,,,,,,,,,,,,,,,,,,,,,,,none,none
7-scenes-redkitchen,6,45,0.21600952798846612,0.3984374999999984,0.3085,1,1,,,,,,,,,,,,,,,,,,,,,,,,,,,,,,,,,none,none
7-scenes-redkitchen,6,46,0.2794458722497336,0.5195312499999979,0.403,1,1,,,,,,,,,,,,,,,,,,,,,,,,,,,,,,,,,none,none
7-scenes-redkitchen,6,47,0.3635679809440231,0.41796874999999833,0.3605,1,1,,,,,,,,,,,,,,,,,,,,,,,,,,,,,,,,,none,none
7-scenes-redkitchen,6,48,0.42180154202971226,0.3476562499999986,0.2625,1,1,,,,,,,,,,,,,,,,,,,,,,,,,,,,,,,,,none,none
7-scenes-redkitchen,6,50,0.3732840218140789,0.5546874999999978,0.4425,1,1,,,,,,,,,,,,,,,,,,,,,,,,,,,,,,,,,none,none
7-scenes-redkitchen,6,51,0.2542468501222341,0.3789062499999985,0.304,1,1,,,,,,,,,,,,,,,,,,,,,,,,,,,,,,,,,none,none
7-scenes-redkitchen,6,52,0.4251864853005704,0.7265624999999971,0.532,1,1,,,,,,,,,,,,,,,,,,,,,,,,,,,,,,,,,none,none
7-scenes-redkitchen,6,55,0.37986585595185857,0.6640624999999973,0.4575,1,1,,,,,,,,,,,,,,,,,,,,,,,,,,,,,,,,,none,none
7-scenes-redkitchen,6,56,0.23794897511439855,0.6484374999999974,0.4715,1,1,,,,,,,,,,,,,,,,,,,,,,,,,,,,,,,,,none,none
7-scenes-redkitchen,6,57,0.2203974174136526,0.7304687499999971,0.555,1,1,,,,,,,,,,,,,,,,,,,,,,,,,,,,,,,,,none,none
7-scenes-redkitchen,6,58,0.37767191123926536,0.7890624999999969,0.6915,1,1,,,,,,,,,,,,,,,,,,,,,,,,,,,,,,,,,none,none
7-scenes-redkitchen,7,12,0.28025707249684667,0.6445312499999974,0.5005,1,1,,,,,,,,,,,,,,,,,,,,,,,,,,,,,,,,,none,none
7-scenes-redkitchen,7,13,0.15976935551684787,0.249999999999999,0.1865,1,1,,,,,,,,,,,,,,,,,,,,,,,,,,,,,,,,,none,none
7-scenes-redkitchen,7,14,0.23220613850681723,0.24609374999999903,0.1725,1,1,,,,,,,,,,,,,,,,,,,,,,,,,,,,,,,,,none,none
7-scenes-redkitchen,7,22,0.2978557270706949,0.6914062499999972,0.557,1,1,,,,,,,,,,,,,,,,,,,,,,,,,,,,,,,,,none,none
7-scenes-redkitchen,7,23,0.23827256892305845,0.5664062499999978,0.4485,1,1,,,,,,,,,,,,,,,,,,,,,,,,,,,,,,,,,none,none
7-scenes-redkitchen,7,27,0.3168959096642441,0.11328124999999954,0.141,1,1,,,,,,,,,,,,,,,,,,,,,,,,,,,,,,,,,none,none
7-scenes-redkitchen,7,34,0.23671091356838247,0.48046874999999806,0.4405,1,1,,,,,,,,,,,,,,,,,,,,,,,,,,,,,,,,,none,none
7-scenes-redkitchen,7,46,0.19965163072857228,0.13671874999999944,0.0985,1,1,,,,,,,,,,,,,,,,,,,,,,,,,,,,,,,,,none,none
7-scenes-redkitchen,7,47,0.28524235689831223,0.23437499999999906,0.147,1,1,,,,,,,,,,,,,,,,,,,,,,,,,,,,,,,,,none,none
7-scenes-redkitchen,7,48,0.35918073157547,0.042968749999999827,0.0375,1,0,,,,,,,,,,,,,,,,,,,,,,,,,,,,,,,,,none,none
7-scenes-redkitchen,7,49,0.39257613069854047,0.06249999999999975,0.0585,1,0,,,,,,,,,,,,,,,,,,,,,,,,,,,,,,,,,none,none
7-scenes-redkitchen,7,50,0.32824794281938857,0.058593749999999764,0.0475,1,0,,,,,,,,,,,,,,,,,,,,,,,,,,,,,,,,,none,none
7-scenes-redkitchen,7,51,0.20073277674334794,0.36718749999999856,0.218,1,1,,,,,,,,,,,,,,,,,,,,,,,,,,,,,,,,,none,none
7-scenes-redkitchen,7,52,0.3731755661000661,0.38671874999999845,0.2645,1,1,,,,,,,,,,,,,,,,,,,,,,,,,,,,,,,,,none,none
7-scenes-redkitchen,7,56,0.29527298936873086,0.5976562499999976,0.4855,1,1,,,,,,,,,,,,,,,,,,,,,,,,,,,,,,,,,none,none
7-scenes-redkitchen,7,57,0.24253708931467355,0.761718749999997,0.6125,1,1,,,,,,,,,,,,,,,,,,,,,,,,,,,,,,,,,none,none
7-scenes-redkitchen,8,10,0.3701334231238689,0.8203124999999967,0.6305,1,1,,,,,,,,,,,,,,,,,,,,,,,,,,,,,,,,,none,none
7-scenes-redkitchen,8,11,0.2905846205648386,0.6835937499999972,0.5205,1,1,,,,,,,,,,,,,,,,,,,,,,,,,,,,,,,,,none,none
7-scenes-redkitchen,8,15,0.2502630582095206,0.6210937499999976,0.4245,1,1,,,,,,,,,,,,,,,,,,,,,,,,,,,,,,,,,none,none
7-scenes-redkitchen,8,26,0.3894103287175386,0.8124999999999968,0.706,1,1,,,,,,,,,,,,,,,,,,,,,,,,,,,,,,,,,none,none
7-scenes-redkitchen,8,34,0.13881055599983164,0.5273437499999979,0.394,1,1,,,,,,,,,,,,,,,,,,,,,,,,,,,,,,,,,none,none
7-scenes-redkitchen,8,38,0.3321267730123322,0.8320312499999967,0.672,1,1,,,,,,,,,,,,,,,,,,,,,,,,,,,,,,,,,none,none
7-scenes-redkitchen,8,48,0.2302285449724315,0.3124999999999988,0.2715,1,1,,,,,,,,,,,,,,,,,,,,,,,,,,,,,,,,,none,none
7-scenes-redkitchen,8,49,0.300728145123953,0.5859374999999977,0.375,1,1,,,,,,,,,,,,,,,,,,,,,,,,,,,,,,,,,none,none
7-scenes-redkitchen,8,50,0.20691106528052527,0.511718749999998,0.3285,1,1,,,,,,,,,,,,,,,,,,,,,,,,,,,,,,,,,none,none
7-scenes-redkitchen,8,52,0.24651710930594722,0.6484374999999974,0.477,1,1,,,,,,,,,,,,,,,,,,,,,,,,,,,,,,,,,none,none
7-scenes-redkitchen,8,56,0.39454522496738076,0.6640624999999973,0.4445,1,1,,,,,,,,,,,,,,,,,,,,,,,,,,,,,,,,,none,none
7-scenes-redkitchen,8,57,0.2811145250220969,0.6054687499999976,0.434,1,1,,,,,,,,,,,,,,,,,,,,,,,,,,,,,,,,,none,none
7-scenes-redkitchen,9,12,0.1801143715824185,0.5820312499999977,0.46,1,1,,,,,,,,,,,,,,,,,,,,,,,,,,,,,,,,,none,none
7-scenes-redkitchen,9,15,0.3356012856367659,0.7890624999999969,0.582,1,1,,,,,,,,,,,,,,,,,,,,,,,,,,,,,,,,,none,none
7-scenes-redkitchen,9,22,0.3189047042618024,0.6679687499999973,0.503,1,1,,,,,,,,,,,,,,,,,,,,,,,,,,,,,,,,,none,none
7-scenes-redkitchen,9,23,0.3147305589180615,0.746093749999997,0.632,1,1,,,,,,,,,,,,,,,,,,,,,,,,,,,,,,,,,none,none
7-scenes-redkitchen,9,27,0.21889218182577116,0.4023437499999984,0.325,1,1,,,,,,,,,,,,,,,,,,,,,,,,,,,,,,,,,none,none
7-scenes-redkitchen,9,34,0.14713862336686565,0.5898437499999977,0.472,1,1,,,,,,,,,,,,,,,,,,,,,,,,,,,,,,,,,none,none
7-scenes-redkitchen,9,46,0.1637934632883917,0.5468749999999978,0.412,1,1,,,,,,,,,,,,,,,,,,,,,,,,,,,,,,,,,none,none
7-scenes-redkitchen,9,47,0.25157573986726217,0.5507812499999978,0.4245,1,1,,,,,,,,,,,,,,,,,,,,,,,,,,,,,,,,,none,none
7-scenes-redkitchen,9,48,0.34787327294736403,0.6679687499999973,0.5315,1,1,,,,,,,,,,,,,,,,,,,,,,,,,,,,,,,,,none,none
7-scenes-redkitchen,9,50,0.28542805860500065,0.3007812499999988,0.2545,1,1,,,,,,,,,,,,,,,,,,,,,,,,,,,,,,,,,none,none
7-scenes-redkitchen,9,52,0.32199357181617067,0.6679687499999973,0.555,1,1,,,,,,,,,,,,,,,,,,,,,,,,,,,,,,,,,none,none
7-scenes-redkitchen,9,55,0.4580289685686856,0.7070312499999972,0.501,1,1,,,,,,,,,,,,,,,,,,,,,,,,,,,,,,,,,none,none
7-scenes-redkitchen,9,56,0.31005551613307175,0.5195312499999979,0.3945,1,1,,,,,,,,,,,,,,,,,,,,,,,,,,,,,,,,,none,none
7-scenes-redkitchen,9,57,0.234294778144175,0.7304687499999971,0.59,1,1,,,,,,,,,,,,,,,,,,,,,,,,,,,,,,,,,none,none
7-scenes-redkitchen,9,58,0.4173310514672121,0.753906249999997,0.7005,1,1,,,,,,,,,,,,,,,,,,,,,,,,,,,,,,,,,none,none
7-scenes-redkitchen,10,21,0.28070080571026873,0.5624999999999978,0.3165,1,0,,,,,,,,,,,,,,,,,,,,,,,,,,,,,,,,,none,none
7-scenes-redkitchen,10,24,0.2989239171578435,0.6328124999999974,0.4265,1,1,,,,,,,,,,,,,,,,,,,,,,,,,,,,,,,,,none,none
7-scenes-redkitchen,10,28,0.33785756772832964,0.3203124999999987,0.2915,1,1,,,,,,,,,,,,,,,,,,,,,,,,,,,,,,,,,none,none
7-scenes-redkitchen,10,29,0.23527821337803492,0.49218749999999806,0.4015,1,1,,,,,,,,,,,,,,,,,,,,,,,,,,,,,,,,,none,none
7-scenes-redkitchen,10,34,0.14394635808143622,0.3984374999999984,0.2915,1,1,,,,,,,,,,,,,,,,,,,,,,,,,,,,,,,,,none,none
7-scenes-redkitchen,10,35,0.3394798031687666,0.4492187499999982,0.3405,1,1,,,,,,,,,,,,,,,,,,,,,,,,,,,,,,,,,none,none
7-scenes-redkitchen,10,40,0.2992483642459309,0.5468749999999978,0.448,1,1,,,,,,,,,,,,,,,,,,,,,,,,,,,,,,,,,none,none
7-scenes-redkitchen,10,41,0.32185151138268536,0.7304687499999971,0.6485,1,1,,,,,,,,,,,,,,,,,,,,,,,,,,,,,,,,,none,none
7-scenes-redkitchen,10,42,0.32412264099929705,0.8124999999999968,0.7385,1,1,,,,,,,,,,,,,,,,,,,,,,,,,,,,,,,,,none,none
7-scenes-redkitchen,10,43,0.3006543016276429,0.7304687499999971,0.628,1,1,,,,,,,,,,,,,,,,,,,,,,,,,,,,,,,,,none,none
7-scenes-redkitchen,10,44,0.3180662953549992,0.761718749999997,0.6565,1,1,,,,,,,,,,,,,,,,,,,,,,,,,,,,,,,,,none,none
7-scenes-redkitchen,10,45,0.369815605904937,0.7070312499999972,0.6155,1,1,,,,,,,,,,,,,,,,,,,,,,,,,,,,,,,,,none,none
7-scenes-redkitchen,10,46,0.3849564700156816,0.7304687499999971,0.6185,1,1,,,,,,,,,,,,,,,,,,,,,,,,,,,,,,,,,none,none
7-scenes-redkitchen,10,47,0.3675985508030065,0.4062499999999984,0.3295,1,1,,,,,,,,,,,,,,,,,,,,,,,,,,,,,,,,,none,none
7-scenes-redkitchen,10,48,0.35332287892716163,0.4414062499999982,0.386,1,1,,,,,,,,,,,,,,,,,,,,,,,,,,,,,,,,,none,none
7-scenes-redkitchen,10,49,0.3165522089439247,0.7109374999999971,0.5875,1,1,,,,,,,,,,,,,,,,,,,,,,,,,,,,,,,,,none,none
7-scenes-redkitchen,10,50,0.34191315632942193,0.6132812499999976,0.5645,1,1,,,,,,,,,,,,,,,,,,,,,,,,,,,,,,,,,none,none
7-scenes-redkitchen,10,51,0.21997512572324662,0.4023437499999984,0.2975,1,1,,,,,,,,,,,,,,,,,,,,,,,,,,,,,,,,,none,none
7-scenes-redkitchen,10,52,0.3591088519980533,0.746093749999997,0.619,1,1,,,,,,,,,,,,,,,,,,,,,,,,,,,,,,,,,none,none
7-scenes-redkitchen,10,53,0.3359649597144866,0.6562499999999973,0.5425,1,1,,,,,,,,,,,,,,,,,,,,,,,,,,,,,,,,,none,none
7-scenes-redkitchen,10,54,0.32596117449845885,0.33984374999999867,0.186,1,1,,,,,,,,,,,,,,,,,,,,,,,,,,,,,,,,,none,none
7-scenes-redkitchen,10,55,0.17552587465527497,0.1249999999999995,0.068,1,0,,,,,,,,,,,,,,,,,,,,,,,,,,,,,,,,,none,none
7-scenes-redkitchen,10,56,0.12610176823663008,0.08593749999999965,0.048,1,0,,,,,,,,,,,,,,,,,,,,,,,,,,,,,,,,,none,none
7-scenes-redkitchen,10,57,0.15384199426810144,0.04687499999999981,0.0085,1,0,,,,,,,,,,,,,,,,,,,,,,,,,,,,,,,,,none,none
7-scenes-redkitchen,10,58,0.23279078570269832,0.496093749999998,0.3665,1,1,,,,,,,,,,,,,,,,,,,,,,,,,,,,,,,,,none,none
7-scenes-redkitchen,10,59,0.32293300167630995,0.24218749999999903,0.1455,1,1,,,,,,,,,,,,,,,,,,,,,,,,,,,,,,,,,none,none
7-scenes-redkitchen,11,16,0.3641153311718388,0.6992187499999972,0.383,1,1,,,,,,,,,,,,,,,,,,,,,,,,,,,,,,,,,none,none
7-scenes-redkitchen,11,17,0.3300717924965262,0.5156249999999979,0.224,1,1,,,,,,,,,,,,,,,,,,,,,,,,,,,,,,,,,none,none
7-scenes-redkitchen,11,20,0.4145437702640111,0.6914062499999972,0.467,1,1,,,,,,,,,,,,,,,,,,,,,,,,,,,,,,,,,none,none
7-scenes-redkitchen,11,21,0.1944187123668365,0.45703124999999817,0.2615,1,0,,,,,,,,,,,,,,,,,,,,,,,,,,,,,,,,,none,none
7-scenes-redkitchen,11,24,0.21242473367299675,0.5976562499999976,0.4005,1,1,,,,,,,,,,,,,,,,,,,,,,,,,,,,,,,,,none,none
7-scenes-redkitchen,11,29,0.37187355257063454,0.5742187499999977,0.45,1,1,,,,,,,,,,,,,,,,,,,,,,,,,,,,,,,,,none,none
7-scenes-redkitchen,11,35,0.23633626679018063,0.41406249999999833,0.2765,1,1,,,,,,,,,,,,,,,,,,,,,,,,,,,,,,,,,none,none
7-scenes-redkitchen,11,40,0.4447081982399259,0.6992187499999972,0.6095,1,1,,,,,,,,,,,,,,,,,,,,,,,,,,,,,,,,,none,none
7-scenes-redkitchen,11,41,0.3703682260305697,0.8164062499999968,0.7065,1,1,,,,,,,,,,,,,,,,,,,,,,,,,,,,,,,,,none,none
7-scenes-redkitchen,11,42,0.3357457156090783,0.8437499999999967,0.72,1,1,,,,,,,,,,,,,,,,,,,,,,,,,,,,,,,,,none,none
7-scenes-redkitchen,11,43,0.29429133858267714,0.8085937499999968,0.653,1,1,,,,,,,,,,,,,,,,,,,,,,,,,,,,,,,,,none,none
7-scenes-redkitchen,11,44,0.3083603520148217,0.761718749999997,0.653,1,1,,,,,,,,,,,,,,,,,,,,,,,,,,,,,,,,,none,none
7-scenes-redkitchen,11,45,0.3389879573876795,0.753906249999997,0.6045,1,1,,,,,,,,,,,,,,,,,,,,,,,,,,,,,,,,,none,none
7-scenes-redkitchen,11,46,0.36376794812413155,0.6406249999999974,0.516,1,1,,,,,,,,,,,,,,,,,,,,,,,,,,,,,,,,,none,none
7-scenes-redkitchen,11,47,0.32544001852709586,0.6171874999999976,0.463,1,1,,,,,,,,,,,,,,,,,,,,,,,,,,,,,,,,,none,none
7-scenes-redkitchen,11,48,0.27640111162575265,0.507812499999998,0.4885,1,1,,,,,,,,,,,,,,,,,,,,,,,,,,,,,,,,,none,none
7-scenes-redkitchen,11,49,0.23112552107457157,0.38671874999999845,0.3785,1,1,,,,,,,,,,,,,,,,,,,,,,,,,,,,,,,,,none,none
7-scenes-redkitchen,11,50,0.2835803612783696,0.48437499999999806,0.4565,1,1,,,,,,,,,,,,,,,,,,,,,,,,,,,,,,,,,none,none
7-scenes-redkitchen,11,51,0.22782538212135248,0.3476562499999986,0.331,1,1,,,,,,,,,,,,,,,,,,,,,,,,,,,,,,,,,none,none
7-scenes-redkitchen,11,52,0.2868805002315887,0.749999999999997,0.618,1,1,,,,,,,,,,,,,,,,,,,,,,,,,,,,,,,,,none,none
7-scenes-redkitchen,11,53,0.24693144974525244,0.5312499999999979,0.3795,1,1,,,,,,,,,,,,,,,,,,,,,,,,,,,,,,,,,none,none
7-scenes-redkitchen,11,54,0.22574108383510885,0.3749999999999985,0.21,1,1,,,,,,,,,,,,,,,,,,,,,,,,,,,,,,,,,none,none
7-scenes-redkitchen,11,58,0.17583371931449746,0.41015624999999833,0.345,1,1,,,,,,,,,,,,,,,,,,,,,,,,,,,,,,,,,none,none
7-scenes-redkitchen,11,59,0.2994441871236684,0.35546874999999856,0.2175,1,1,,,,,,,,,,,,,,,,,,,,,,,,,,,,,,,,,none,none
7-scenes-redkitchen,12,16,0.18560675601248394,0.4257812499999983,0.2755,1,1,,,,,,,,,,,,,,,,,,,,,,,,,,,,,,,,,none,none
7-scenes-redkitchen,12,18,0.2639985313016339,0.6796874999999973,0.5295,1,1,,,,,,,,,,,,,,,,,,,,,,,,,,,,,,,,,none,none
7-scenes-redkitchen,12,20,0.2093507129306652,0.5234374999999979,0.322,1,1,,,,,,,,,,,,,,,,,,,,,,,,,,,,,,,,,none,none
7-scenes-redkitchen,12,25,0.3445933541398935,0.8007812499999968,0.555,1,1,,,,,,,,,,,,,,,,,,,,,,,,,,,,,,,,,none,none
7-scenes-redkitchen,12,30,0.3021846888195337,0.6015624999999976,0.42,1,1,,,,,,,,,,,,,,,,,,,,,,,,,,,,,,,,,none,none
7-scenes-redkitchen,12,31,0.2466189339697693,0.6874999999999972,0.422,1,1,,,,,,,,,,,,,,,,,,,,,,,,,,,,,,,,,none,none
7-scenes-redkitchen,12,32,0.2103298451747139,0.06640624999999974,0.031,1,0,,,,,,,,,,,,,,,,,,,,,,,,,,,,,,,,,none,none
7-scenes-redkitchen,12,36,0.24453827795116578,0.1992187499999992,0.171,1,1,,,,,,,,,,,,,,,,,,,,,,,,,,,,,,,,,none,none
7-scenes-redkitchen,12,38,0.34753075087203966,0.7031249999999972,0.588,1,1,,,,,,,,,,,,,,,,,,,,,,,,,,,,,,,,,none,none
7-scenes-redkitchen,12,39,0.376904718193501,0.7812499999999969,0.5885,1,1,,,,,,,,,,,,,,,,,,,,,,,,,,,,,,,,,none,none
7-scenes-redkitchen,12,46,0.3180343920200722,0.4062499999999984,0.3745,1,1,,,,,,,,,,,,,,,,,,,,,,,,,,,,,,,,,none,none
7-scenes-redkitchen,12,47,0.22409889235664893,0.007812499999999969,0.004,1,0,,,,,,,,,,,,,,,,,,,,,,,,,,,,,,,,,none,none
7-scenes-redkitchen,12,48,0.1742855394406707,0.08593749999999965,0.0705,1,0,,,,,,,,,,,,,,,,,,,,,,,,,,,,,,,,,none,none
7-scenes-redkitchen,12,50,0.16541215347897925,0.14843749999999942,0.169,1,0,,,,,,,,,,,,,,,,,,,,,,,,,,,,,,,,,none,none
7-scenes-redkitchen,12,51,0.19197111559880056,0.39062499999999845,0.318,1,1,,,,,,,,,,,,,,,,,,,,,,,,,,,,,,,,,none,none
7-scenes-redkitchen,12,52,0.16724802643657058,0.19140624999999922,0.18,1,1,,,,,,,,,,,,,,,,,,,,,,,,,,,,,,,,,none,none
7-scenes-redkitchen,12,59,0.20622972890275992,0.21484374999999914,0.1625,1,1,,,,,,,,,,,,,,,,,,,,,,,,,,,,,,,,,none,none
7-scenes-redkitchen,13,18,0.15923613661402863,0.14843749999999942,0.1195,1,1,,,,,,,,,,,,,,,,,,,,,,,,,,,,,,,,,none,none
7-scenes-redkitchen,13,19,0.2992287917737789,0.503906249999998,0.3635,1,1,,,,,,,,,,,,,,,,,,,,,,,,,,,,,,,,,none,none
7-scenes-redkitchen,13,25,0.2838780756518546,0.3984374999999984,0.209,1,0,,,,,,,,,,,,,,,,,,,,,,,,,,,,,,,,,none,none
7-scenes-redkitchen,13,30,0.3283143591626882,0.4726562499999981,0.3295,1,1,,,,,,,,,,,,,,,,,,,,,,,,,,,,,,,,,none,none
7-scenes-redkitchen,13,31,0.28901946382666177,0.5468749999999978,0.3615,1,1,,,,,,,,,,,,,,,,,,,,,,,,,,,,,,,,,none,none
7-scenes-redkitchen,13,32,0.22548659566654425,0.2773437499999989,0.148,1,0,,,,,,,,,,,,,,,,,,,,,,,,,,,,,,,,,none,none
7-scenes-redkitchen,13,36,0.15468233565919942,0.19531249999999922,0.085,1,0,,,,,,,,,,,,,,,,,,,,,,,,,,,,,,,,,none,none
7-scenes-redkitchen,13,37,0.36077855306647083,0.46093749999999817,0.423,1,1,,,,,,,,,,,,,,,,,,,,,,,,,,,,,,,,,none,none
7-scenes-redkitchen,13,38,0.32816746235769373,0.249999999999999,0.303,1,1,,,,,,,,,,,,,,,,,,,,,,,,,,,,,,,,,none,none
7-scenes-redkitchen,13,39,0.3374954094748439,0.6484374999999974,0.514,1,1,,,,,,,,,,,,,,,,,,,,,,,,,,,,,,,,,none,none
7-scenes-redkitchen,13,46,0.28953360264414246,0.5195312499999979,0.4505,1,1,,,,,,,,,,,,,,,,,,,,,,,,,,,,,,,,,none,none
7-scenes-redkitchen,13,47,0.17928755049577672,0.22656249999999908,0.1755,1,1,,,,,,,,,,,,,,,,,,,,,,,,,,,,,,,,,none,none
7-scenes-redkitchen,13,59,0.17032684539111273,0.0,0.0,1,0,,,,,,,,,,,,,,,,,,,,,,,,,,,,,,,,,none,none
7-scenes-redkitchen,14,16,0.2670272928448488,0.5703124999999977,0.368,1,1,,,,,,,,,,,,,,,,,,,,,,,,,,,,,,,,,none,none
7-scenes-redkitchen,14,17,0.16752725186460127,0.29687499999999883,0.178,1,1,,,,,,,,,,,,,,,,,,,,,,,,,,,,,,,,,none,none
7-scenes-redkitchen,14,18,0.28399311531841653,0.5976562499999976,0.42,1,1,,,,,,,,,,,,,,,,,,,,,,,,,,,,,,,,,none,none
7-scenes-redkitchen,14,20,0.20867142037537906,0.3437499999999986,0.2115,1,0,,,,,,,,,,,,,,,,,,,,,,,,,,,,,,,,,none,none
7-scenes-redkitchen,14,30,0.24334070977788705,0.18749999999999925,0.0775,1,0,,,,,,,,,,,,,,,,,,,,,,,,,,,,,,,,,none,none
7-scenes-redkitchen,14,31,0.17818211621998198,0.36328124999999856,0.2585,1,1,,,,,,,,,,,,,,,,,,,,,,,,,,,,,,,,,none,none
7-scenes-redkitchen,14,32,0.14613556265879846,0.19140624999999922,0.1165,1,0,,,,,,,,,,,,,,,,,,,,,,,,,,,,,,,,,none,none
7-scenes-redkitchen,14,36,0.3153020244242275,0.36718749999999856,0.2715,1,1,,,,,,,,,,,,,,,,,,,,,,,,,,,,,,,,,none,none
7-scenes-redkitchen,14,45,0.3817719859027949,0.6210937499999976,0.557,1,1,,,,,,,,,,,,,,,,,,,,,,,,,,,,,,,,,none,none
7-scenes-redkitchen,14,46,0.27866568314072615,0.4414062499999982,0.3445,1,1,,,,,,,,,,,,,,,,,,,,,,,,,,,,,,,,,none,none
7-scenes-redkitchen,14,47,0.19744283255470862,0.2812499999999989,0.181,1,1,,,,,,,,,,,,,,,,,,,,,,,,,,,,,,,,,none,none
7-scenes-redkitchen,14,52,0.1657241209736907,0.21093749999999917,0.1725,1,1,,,,,,,,,,,,,,,,,,,,,,,,,,,,,,,,,none,none
7-scenes-redkitchen,15,21,0.22487448251563463,0.2734374999999989,0.101,1,0,,,,,,,,,,,,,,,,,,,,,,,,,,,,,,,,,none,none
7-scenes-redkitchen,15,24,0.25816964678939486,0.2812499999999989,0.174,1,1,,,,,,,,,,,,,,,,,,,,,,,,,,,,,,,,,none,none
7-scenes-redkitchen,15,28,0.44120496784990754,0.09374999999999963,0.078,1,0,,,,,,,,,,,,,,,,,,,,,,,,,,,,,,,,,none,none
7-scenes-redkitchen,15,29,0.22804545054170705,0.09765624999999961,0.066,1,0,,,,,,,,,,,,,,,,,,,,,,,,,,,,,,,,,none,none
7-scenes-redkitchen,15,35,0.37021051704395314,0.5195312499999979,0.3785,1,1,,,,,,,,,,,,,,,,,,,,,,,,,,,,,,,,,none,none
7-scenes-redkitchen,15,40,0.3372676825508676,0.19531249999999922,0.1265,1,1,,,,,,,,,,,,,,,,,,,,,,,,,,,,,,,,,none,none
7-scenes-redkitchen,15,41,0.19756892451334448,0.249999999999999,0.18,1,1,,,,,,,,,,,,,,,,,,,,,,,,,,,,,,,,,none,none
7-scenes-redkitchen,15,42,0.19263630758389852,0.21874999999999914,0.1575,1,1,,,,,,,,,,,,,,,,,,,,,,,,,,,,,,,,,none,none
7-scenes-redkitchen,15,43,0.16233594644587335,0.3242187499999987,0.221,1,1,,,,,,,,,,,,,,,,,,,,,,,,,,,,,,,,,none,none
7-scenes-redkitchen,15,44,0.19404562670659736,0.39062499999999845,0.276,1,1,,,,,,,,,,,,,,,,,,,,,,,,,,,,,,,,,none,none
7-scenes-redkitchen,15,45,0.24636659913679204,0.48046874999999806,0.377,1,1,,,,,,,,,,,,,,,,,,,,,,,,,,,,,,,,,none,none
7-scenes-redkitchen,15,46,0.28776534836607065,0.5312499999999979,0.4295,1,1,,,,,,,,,,,,,,,,,,,,,,,,,,,,,,,,,none,none
7-scenes-redkitchen,15,47,0.34959922487448253,0.511718749999998,0.435,1,1,,,,,,,,,,,,,,,,,,,,,,,,,,,,,,,,,none,none
7-scenes-redkitchen,15,48,0.3461640095129041,0.48828124999999806,0.4535,1,1,,,,,,,,,,,,,,,,,,,,,,,,,,,,,,,,,none,none
7-scenes-redkitchen,15,49,0.2907601515018057,0.41406249999999833,0.419,1,1,,,,,,,,,,,,,,,,,,,,,,,,,,,,,,,,,none,none
7-scenes-redkitchen,15,50,0.3414075574737955,0.496093749999998,0.413,1,1,,,,,,,,,,,,,,,,,,,,,,,,,,,,,,,,,none,none
7-scenes-redkitchen,15,51,0.25103496873073194,0.32812499999999867,0.184,1,1,,,,,,,,,,,,,,,,,,,,,,,,,,,,,,,,,none,none
7-scenes-redkitchen,15,52,0.371884083502158,0.5898437499999977,0.531,1,1,,,,,,,,,,,,,,,,,,,,,,,,,,,,,,,,,none,none
7-scenes-redkitchen,15,53,0.34193605214480755,0.5546874999999978,0.4375,1,1,,,,,,,,,,,,,,,,,,,,,,,,,,,,,,,,,none,none
7-scenes-redkitchen,15,54,0.34123139258345814,0.503906249999998,0.377,1,1,,,,,,,,,,,,,,,,,,,,,,,,,,,,,,,,,none,none
7-scenes-redkitchen,15,55,0.20725799348189905,0.12890624999999947,0.0885,1,0,,,,,,,,,,,,,,,,,,,,,,,,,,,,,,,,,none,none
7-scenes-redkitchen,15,56,0.14295780850876422,0.015624999999999938,0.023,1,0,,,,,,,,,,,,,,,,,,,,,,,,,,,,,,,,,none,none
7-scenes-redkitchen,15,57,0.16832555271734342,0.054687499999999785,0.084,1,0,,,,,,,,,,,,,,,,,,,,,,,,,,,,,,,,,none,none
7-scenes-redkitchen,15,58,0.2895269972694442,0.511718749999998,0.3825,1,1,,,,,,,,,,,,,,,,,,,,,,,,,,,,,,,,,none,none
7-scenes-redkitchen,16,27,0.2816178690009055,0.46484374999999817,0.297,1,1,,,,,,,,,,,,,,,,,,,,,,,,,,,,,,,,,none,none
7-scenes-redkitchen,16,34,0.1945064895864775,0.5507812499999978,0.4705,1,1,,,,,,,,,,,,,,,,,,,,,,,,,,,,,,,,,none,none
7-scenes-redkitchen,16,48,0.27709025052822217,0.4687499999999981,0.251,1,1,,,,,,,,,,,,,,,,,,,,,,,,,,,,,,,,,none,none
7-scenes-redkitchen,16,49,0.37331723513431936,0.5781249999999977,0.373,1,1,,,,,,,,,,,,,,,,,,,,,,,,,,,,,,,,,none,none
7-scenes-redkitchen,16,50,0.26513733776033804,0.4335937499999983,0.2795,1,1,,,,,,,,,,,,,,,,,,,,,,,,,,,,,,,,,none,none
7-scenes-redkitchen,16,52,0.33166314518563234,0.6093749999999976,0.317,1,1,,,,,,,,,,,,,,,,,,,,,,,,,,,,,,,,,none,none
7-scenes-redkitchen,16,57,0.328222155146393,0.7265624999999971,0.6065,1,1,,,,,,,,,,,,,,,,,,,,,,,,,,,,,,,,,none,none
7-scenes-redkitchen,17,26,0.38263075039356303,0.7968749999999968,0.623,1,1,,,,,,,,,,,,,,,,,,,,,,,,,,,,,,,,,none,none
7-scenes-redkitchen,17,48,0.22896624103550814,0.4062499999999984,0.1955,1,1,,,,,,,,,,,,,,,,,,,,,,,,,,,,,,,,,none,none
7-scenes-redkitchen,17,49,0.30295609585446914,0.6249999999999976,0.348,1,1,,,,,,,,,,,,,,,,,,,,,,,,,,,,,,,,,none,none
7-scenes-redkitchen,17,50,0.2161098478222844,0.41796874999999833,0.194,1,1,,,,,,,,,,,,,,,,,,,,,,,,,,,,,,,,,none,none
7-scenes-redkitchen,17,52,0.25826482420850094,0.6210937499999976,0.3095,1,1,,,,,,,,,,,,,,,,,,,,,,,,,,,,,,,,,none,none
7-scenes-redkitchen,17,56,0.4515042854644044,0.8437499999999967,0.593,1,1,,,,,,,,,,,,,,,,,,,,,,,,,,,,,,,,,none,none
7-scenes-redkitchen,17,57,0.3298495714535596,0.7343749999999971,0.5515,1,1,,,,,,,,,,,,,,,,,,,,,,,,,,,,,,,,,none,none
7-scenes-redkitchen,18,22,0.43311359434038105,0.8828124999999964,0.6625,1,1,,,,,,,,,,,,,,,,,,,,,,,,,,,,,,,,,none,none
7-scenes-redkitchen,18,27,0.2212396494895088,0.14843749999999942,0.185,1,1,,,,,,,,,,,,,,,,,,,,,,,,,,,,,,,,,none,none
7-scenes-redkitchen,18,46,0.14056596189404294,0.4335937499999983,0.2715,1,1,,,,,,,,,,,,,,,,,,,,,,,,,,,,,,,,,none,none
7-scenes-redkitchen,18,47,0.21681807219229843,0.5664062499999978,0.3655,1,1,,,,,,,,,,,,,,,,,,,,,,,,,,,,,,,,,none,none
7-scenes-redkitchen,18,48,0.311037864780127,0.5468749999999978,0.4445,1,1,,,,,,,,,,,,,,,,,,,,,,,,,,,,,,,,,none,none
7-scenes-redkitchen,18,49,0.38528016721601416,0.8671874999999966,0.632,1,1,,,,,,,,,,,,,,,,,,,,,,,,,,,,,,,,,none,none
7-scenes-redkitchen,18,50,0.28298094702146476,0.6523437499999974,0.501,1,1,,,,,,,,,,,,,,,,,,,,,,,,,,,,,,,,,none,none
7-scenes-redkitchen,18,52,0.3223329849666372,0.7148437499999971,0.547,1,1,,,,,,,,,,,,,,,,,,,,,,,,,,,,,,,,,none,none
7-scenes-redkitchen,18,56,0.3560575608971782,0.7734374999999969,0.5615,1,1,,,,,,,,,,,,,,,,,,,,,,,,,,,,,,,,,none,none
7-scenes-redkitchen,18,57,0.2517887289975078,0.7226562499999971,0.5835,1,1,,,,,,,,,,,,,,,,,,,,,,,,,,,,,,,,,none,none
7-scenes-redkitchen,18,58,0.40240373020339254,0.8632812499999966,0.718,1,1,,,,,,,,,,,,,,,,,,,,,,,,,,,,,,,,,none,none
7-scenes-redkitchen,19,22,0.2589517648856517,0.48828124999999806,0.2645,1,0,,,,,,,,,,,,,,,,,,,,,,,,,,,,,,,,,none,none
7-scenes-redkitchen,19,23,0.24219426475831507,0.3515624999999986,0.214,1,0,,,,,,,,,,,,,,,,,,,,,,,,,,,,,,,,,none,none
7-scenes-redkitchen,19,27,0.3381042122956247,0.2226562499999991,0.28,1,1,,,,,,,,,,,,,,,,,,,,,,,,,,,,,,,,,none,none
7-scenes-redkitchen,19,34,0.1827535272245709,0.5664062499999978,0.497,1,1,,,,,,,,,,,,,,,,,,,,,,,,,,,,,,,,,none,none
7-scenes-redkitchen,19,45,0.15372077624407884,0.41406249999999833,0.3345,1,1,,,,,,,,,,,,,,,,,,,,,,,,,,,,,,,,,none,none
7-scenes-redkitchen,19,46,0.21662507003514492,0.5546874999999978,0.4355,1,1,,,,,,,,,,,,,,,,,,,,,,,,,,,,,,,,,none,none
7-scenes-redkitchen,19,47,0.29654153720776244,0.38281249999999845,0.2915,1,1,,,,,,,,,,,,,,,,,,,,,,,,,,,,,,,,,none,none
7-scenes-redkitchen,19,48,0.4052870167575001,0.5859374999999977,0.5735,1,1,,,,,,,,,,,,,,,,,,,,,,,,,,,,,,,,,none,none
7-scenes-redkitchen,19,50,0.3507869403555239,0.33984374999999867,0.312,1,1,,,,,,,,,,,,,,,,,,,,,,,,,,,,,,,,,none,none
7-scenes-redkitchen,19,51,0.18733764580043805,0.4726562499999981,0.347,1,1,,,,,,,,,,,,,,,,,,,,,,,,,,,,,,,,,none,none
7-scenes-redkitchen,19,52,0.40111037538837674,0.757812499999997,0.6185,1,1,,,,,,,,,,,,,,,,,,,,,,,,,,,,,,,,,none,none
7-scenes-redkitchen,19,55,0.4069169255844751,0.7226562499999971,0.615,1,1,,,,,,,,,,,,,,,,,,,,,,,,,,,,,,,,,none,none
7-scenes-redkitchen,19,56,0.25401110375388375,0.6484374999999974,0.5395,1,1,,,,,,,,,,,,,,,,,,,,,,,,,,,,,,,,,none,none
7-scenes-redkitchen,19,57,0.17312687821524983,0.7070312499999972,0.6025,1,1,,,,,,,,,,,,,,,,,,,,,,,,,,,,,,,,,none,none
7-scenes-redkitchen,19,58,0.36321499516120814,0.7656249999999969,0.6585,1,1,,,,,,,,,,,,,,,,,,,,,,,,,,,,,,,,,none,none
7-scenes-redkitchen,20,22,0.3492869228909838,0.6796874999999973,0.636,1,1,,,,,,,,,,,,,,,,,,,,,,,,,,,,,,,,,none,none
7-scenes-redkitchen,20,23,0.2700507614213198,0.46484374999999817,0.4175,1,1,,,,,,,,,,,,,,,,,,,,,,,,,,,,,,,,,none,none
7-scenes-redkitchen,20,24,0.46366932559825963,0.6874999999999972,0.579,1,1,,,,,,,,,,,,,,,,,,,,,,,,,,,,,,,,,none,none
7-scenes-redkitchen,20,27,0.23833695914914188,0.249999999999999,0.206,1,1,,,,,,,,,,,,,,,,,,,,,,,,,,,,,,,,,none,none
7-scenes-redkitchen,20,34,0.2703891708967851,0.496093749999998,0.4035,1,1,,,,,,,,,,,,,,,,,,,,,,,,,,,,,,,,,none,none
7-scenes-redkitchen,20,38,0.3427121102248006,0.8242187499999967,0.76,1,1,,,,,,,,,,,,,,,,,,,,,,,,,,,,,,,,,none,none
7-scenes-redkitchen,20,47,0.23316412859560068,0.46093749999999817,0.291,1,1,,,,,,,,,,,,,,,,,,,,,,,,,,,,,,,,,none,none
7-scenes-redkitchen,20,48,0.2921440657481267,0.5546874999999978,0.3415,1,1,,,,,,,,,,,,,,,,,,,,,,,,,,,,,,,,,none,none
7-scenes-redkitchen,20,49,0.32414793328498914,0.5585937499999978,0.3625,1,1,,,,,,,,,,,,,,,,,,,,,,,,,,,,,,,,,none,none
7-scenes-redkitchen,20,50,0.2808798646362098,0.39062499999999845,0.236,1,1,,,,,,,,,,,,,,,,,,,,,,,,,,,,,,,,,none,none
7-scenes-redkitchen,20,52,0.33154459753444526,0.5390624999999979,0.4055,1,1,,,,,,,,,,,,,,,,,,,,,,,,,,,,,,,,,none,none
7-scenes-redkitchen,20,53,0.4367416001933768,0.6953124999999972,0.5675,1,1,,,,,,,,,,,,,,,,,,,,,,,,,,,,,,,,,none,none
7-scenes-redkitchen,20,55,0.40570461687212955,0.503906249999998,0.454,1,1,,,,,,,,,,,,,,,,,,,,,,,,,,,,,,,,,none,none
7-scenes-redkitchen,20,56,0.30679236161469664,0.6796874999999973,0.548,1,1,,,,,,,,,,,,,,,,,,,,,,,,,,,,,,,,,none,none
7-scenes-redkitchen,20,57,0.30099105632100553,0.8085937499999968,0.613,1,1,,,,,,,,,,,,,,,,,,,,,,,,,,,,,,,,,none,none
7-scenes-redkitchen,20,58,0.3379743775682862,0.8593749999999966,0.7565,1,1,,,,,,,,,,,,,,,,,,,,,,,,,,,,,,,,,none,none
7-scenes-redkitchen,20,59,0.314140681653372,0.8085937499999968,0.661,1,1,,,,,,,,,,,,,,,,,,,,,,,,,,,,,,,,,none,none
7-scenes-redkitchen,21,25,0.42775387772822354,0.507812499999998,0.2385,1,1,,,,,,,,,,,,,,,,,,,,,,,,,,,,,,,,,none,none
7-scenes-redkitchen,21,26,0.27603899435608004,0.28906249999999883,0.208,1,1,,,,,,,,,,,,,,,,,,,,,,,,,,,,,,,,,none,none
7-scenes-redkitchen,21,34,0.1710541895252003,0.3242187499999987,0.216,1,1,,,,,,,,,,,,,,,,,,,,,,,,,,,,,,,,,none,none
7-scenes-redkitchen,21,36,0.4124008367210009,0.6757812499999973,0.4425,1,1,,,,,,,,,,,,,,,,,,,,,,,,,,,,,,,,,none,none
7-scenes-redkitchen,21,37,0.30066700872242175,0.45312499999999817,0.2515,1,1,,,,,,,,,,,,,,,,,,,,,,,,,,,,,,,,,none,none
7-scenes-redkitchen,21,38,0.256818092118246,0.7929687499999968,0.677,1,1,,,,,,,,,,,,,,,,,,,,,,,,,,,,,,,,,none,none
7-scenes-redkitchen,21,49,0.20416781781584245,0.09374999999999963,0.036,1,0,,,,,,,,,,,,,,,,,,,,,,,,,,,,,,,,,none,none
7-scenes-redkitchen,21,52,0.1750799226427754,0.1249999999999995,0.0335,1,1,,,,,,,,,,,,,,,,,,,,,,,,,,,,,,,,,none,none
7-scenes-redkitchen,21,53,0.2895765086632198,0.38281249999999845,0.323,1,1,,,,,,,,,,,,,,,,,,,,,,,,,,,,,,,,,none,none
7-scenes-redkitchen,21,56,0.28926076488929237,0.4374999999999983,0.4065,1,1,,,,,,,,,,,,,,,,,,,,,,,,,,,,,,,,,none,none
7-scenes-redkitchen,21,57,0.23862335714567628,0.503906249999998,0.322,1,1,,,,,,,,,,,,,,,,,,,,,,,,,,,,,,,,,none,none
7-scenes-redkitchen,21,58,0.3281761850258515,0.6406249999999974,0.556,1,1,,,,,,,,,,,,,,,,,,,,,,,,,,,,,,,,,none,none
7-scenes-redkitchen,21,59,0.28574811540434936,0.6210937499999976,0.57,1,1,,,,,,,,,,,,,,,,,,,,,,,,,,,,,,,,,none,none
7-scenes-redkitchen,22,25,0.23330066960640208,0.4062499999999984,0.2635,1,0,,,,,,,,,,,,,,,,,,,,,,,,,,,,,,,,,none,none
7-scenes-redkitchen,22,37,0.24126245304589253,0.45312499999999817,0.181,1,1,,,,,,,,,,,,,,,,,,,,,,,,,,,,,,,,,none,none
7-scenes-redkitchen,22,38,0.13151233055691655,0.20703124999999917,0.0725,1,0,,,,,,,,,,,,,,,,,,,,,,,,,,,,,,,,,none,none
7-scenes-redkitchen,22,39,0.1922260329903642,0.4335937499999983,0.295,1,1,,,,,,,,,,,,,,,,,,,,,,,,,,,,,,,,,none,none
7-scenes-redkitchen,22,53,0.2070880287440797,0.3710937499999985,0.157,1,1,,,,,,,,,,,,,,,,,,,,,,,,,,,,,,,,,none,none
7-scenes-redkitchen,22,56,0.40870488322717624,0.7070312499999972,0.345,1,1,,,,,,,,,,,,,,,,,,,,,,,,,,,,,,,,,none,none
7-scenes-redkitchen,22,57,0.22823779193205945,0.1562499999999994,0.1145,1,0,,,,,,,,,,,,,,,,,,,,,,,,,,,,,,,,,none,none
7-scenes-redkitchen,22,58,0.3258206761391475,0.6171874999999976,0.388,1,1,,,,,,,,,,,,,,,,,,,,,,,,,,,,,,,,,none,none
7-scenes-redkitchen,22,59,0.3141025641025641,0.6874999999999972,0.4065,1,1,,,,,,,,,,,,,,,,,,,,,,,,,,,,,,,,,none,none
7-scenes-redkitchen,23,25,0.25127362366474937,0.6601562499999973,0.417,1,1,,,,,,,,,,,,,,,,,,,,,,,,,,,,,,,,,none,none
7-scenes-redkitchen,23,37,0.2819227608874281,0.6367187499999974,0.2305,1,1,,,,,,,,,,,,,,,,,,,,,,,,,,,,,,,,,none,none
7-scenes-redkitchen,23,38,0.15336894001643386,0.2226562499999991,0.019,1,0,,,,,,,,,,,,,,,,,,,,,,,,,,,,,,,,,none,none
7-scenes-redkitchen,23,39,0.18331963845521776,0.33593749999999867,0.237,1,1,,,,,,,,,,,,,,,,,,,,,,,,,,,,,,,,,none,none
7-scenes-redkitchen,23,53,0.2162695152013147,0.4492187499999982,0.2045,1,1,,,,,,,,,,,,,,,,,,,,,,,,,,,,,,,,,none,none
7-scenes-redkitchen,23,56,0.45883319638455217,0.6953124999999972,0.351,1,1,,,,,,,,,,,,,,,,,,,,,,,,,,,,,,,,,none,none
7-scenes-redkitchen,23,57,0.2516844700082169,0.0507812499999998,0.0085,1,0,,,,,,,,,,,,,,,,,,,,,,,,,,,,,,,,,none,none
7-scenes-redkitchen,23,58,0.3452341824157765,0.6835937499999972,0.3865,1,1,,,,,,,,,,,,,,,,,,,,,,,,,,,,,,,,,none,none
7-scenes-redkitchen,23,59,0.3490139687756779,0.753906249999997,0.4835,1,1,,,,,,,,,,,,,,,,,,,,,,,,,,,,,,,,,none,none
7-scenes-redkitchen,24,38,0.32976513098464316,0.746093749999997,0.5215,1,1,,,,,,,,,,,,,,,,,,,,,,,,,,,,,,,,,none,none
7-scenes-redkitchen,24,39,0.43468834688346886,0.8515624999999966,0.658,1,1,,,,,,,,,,,,,,,,,,,,,,,,,,,,,,,,,none,none
7-scenes-redkitchen,24,48,0.15013550135501355,0.023437499999999906,0.0,1,0,,,,,,,,,,,,,,,,,,,,,,,,,,,,,,,,,none,none
7-scenes-redkitchen,24,49,0.21982836495031616,0.29687499999999883,0.148,1,1,,,,,,,,,,,,,,,,,,,,,,,,,,,,,,,,,none,none
7-scenes-redkitchen,24,52,0.18351400180668473,0.12890624999999947,0.052,1,0,,,,,,,,,,,,,,,,,,,,,,,,,,,,,,,,,none,none
7-scenes-redkitchen,24,56,0.48830171635049685,0.5742187499999977,0.2185,1,1,,,,,,,,,,,,,,,,,,,,,,,,,,,,,,,,,none,none
7-scenes-redkitchen,24,57,0.34588979223125565,0.507812499999998,0.305,1,1,,,,,,,,,,,,,,,,,,,,,,,,,,,,,,,,,none,none
7-scenes-redkitchen,25,27,0.38312304978971645,0.8281249999999967,0.567,1,1,,,,,,,,,,,,,,,,,,,,,,,,,,,,,,,,,none,none
7-scenes-redkitchen,25,34,0.16144349477682812,0.0,0.001,1,0,,,,,,,,,,,,,,,,,,,,,,,,,,,,,,,,,none,none
7-scenes-redkitchen,25,46,0.16687016687016687,0.5156249999999979,0.414,1,1,,,,,,,,,,,,,,,,,,,,,,,,,,,,,,,,,none,none
7-scenes-redkitchen,25,47,0.20955998733776512,0.2812499999999989,0.219,1,1,,,,,,,,,,,,,,,,,,,,,,,,,,,,,,,,,none,none
7-scenes-redkitchen,25,48,0.26626871071315517,0.24609374999999903,0.1895,1,1,,,,,,,,,,,,,,,,,,,,,,,,,,,,,,,,,none,none
7-scenes-redkitchen,25,49,0.3154705376927599,0.29687499999999883,0.207,1,1,,,,,,,,,,,,,,,,,,,,,,,,,,,,,,,,,none,none
7-scenes-redkitchen,25,50,0.2570885904219238,0.5546874999999978,0.402,1,1,,,,,,,,,,,,,,,,,,,,,,,,,,,,,,,,,none,none
7-scenes-redkitchen,25,52,0.30176819065707955,0.5546874999999978,0.483,1,1,,,,,,,,,,,,,,,,,,,,,,,,,,,,,,,,,none,none
7-scenes-redkitchen,25,56,0.3509247953692398,0.36328124999999856,0.137,1,1,,,,,,,,,,,,,,,,,,,,,,,,,,,,,,,,,none,none
7-scenes-redkitchen,25,57,0.3276805499027721,0.7734374999999969,0.513,1,1,,,,,,,,,,,,,,,,,,,,,,,,,,,,,,,,,none,none
7-scenes-redkitchen,26,28,0.3752066115702479,0.6132812499999976,0.3415,1,1,,,,,,,,,,,,,,,,,,,,,,,,,,,,,,,,,none,none
7-scenes-redkitchen,26,29,0.22435841670291432,0.4453124999999982,0.2845,1,1,,,,,,,,,,,,,,,,,,,,,,,,,,,,,,,,,none,none
7-scenes-redkitchen,26,30,0.10365376250543715,0.06249999999999975,0.026,1,0,,,,,,,,,,,,,,,,,,,,,,,,,,,,,,,,,none,none
7-scenes-redkitchen,26,34,0.19117007394519356,0.5664062499999978,0.346,1,1,,,,,,,,,,,,,,,,,,,,,,,,,,,,,,,,,none,none
7-scenes-redkitchen,26,35,0.32753371030882994,0.8320312499999967,0.613,1,1,,,,,,,,,,,,,,,,,,,,,,,,,,,,,,,,,none,none
7-scenes-redkitchen,26,40,0.3105263157894737,0.4257812499999983,0.2535,1,1,,,,,,,,,,,,,,,,,,,,,,,,,,,,,,,,,none,none
7-scenes-redkitchen,26,41,0.24401913875598086,0.4453124999999982,0.2435,1,1,,,,,,,,,,,,,,,,,,,,,,,,,,,,,,,,,none,none
7-scenes-redkitchen,26,42,0.22631578947368422,0.33203124999999867,0.2055,1,1,,,,,,,,,,,,,,,,,,,,,,,,,,,,,,,,,none,none
7-scenes-redkitchen,26,43,0.19495432796868203,0.4492187499999982,0.3505,1,1,,,,,,,,,,,,,,,,,,,,,,,,,,,,,,,,,none,none
7-scenes-redkitchen,26,44,0.1975206611570248,0.24218749999999903,0.189,1,1,,,,,,,,,,,,,,,,,,,,,,,,,,,,,,,,,none,none
7-scenes-redkitchen,26,45,0.21026533275337103,0.507812499999998,0.4385,1,1,,,,,,,,,,,,,,,,,,,,,,,,,,,,,,,,,none,none
7-scenes-redkitchen,26,46,0.2168769030013049,0.507812499999998,0.4015,1,1,,,,,,,,,,,,,,,,,,,,,,,,,,,,,,,,,none,none
7-scenes-redkitchen,26,47,0.21204871683340581,0.5351562499999979,0.3575,1,1,,,,,,,,,,,,,,,,,,,,,,,,,,,,,,,,,none,none
7-scenes-redkitchen,26,48,0.191083079599826,0.03906249999999985,0.043,1,0,,,,,,,,,,,,,,,,,,,,,,,,,,,,,,,,,none,none
7-scenes-redkitchen,26,49,0.18668986515876468,0.5859374999999977,0.483,1,1,,,,,,,,,,,,,,,,,,,,,,,,,,,,,,,,,none,none
7-scenes-redkitchen,26,50,0.20682905611135277,0.5781249999999977,0.415,1,1,,,,,,,,,,,,,,,,,,,,,,,,,,,,,,,,,none,none
7-scenes-redkitchen,26,51,0.1548064375815572,0.3242187499999987,0.1915,1,1,,,,,,,,,,,,,,,,,,,,,,,,,,,,,,,,,none,none
7-scenes-redkitchen,26,52,0.23471074380165288,0.6718749999999973,0.502,1,1,,,,,,,,,,,,,,,,,,,,,,,,,,,,,,,,,none,none
7-scenes-redkitchen,26,53,0.23479773814702046,0.7226562499999971,0.571,1,1,,,,,,,,,,,,,,,,,,,,,,,,,,,,,,,,,none,none
7-scenes-redkitchen,26,54,0.3058721183123097,0.7812499999999969,0.5265,1,1,,,,,,,,,,,,,,,,,,,,,,,,,,,,,,,,,none,none
7-scenes-redkitchen,26,55,0.260852544584602,0.6953124999999972,0.45,1,1,,,,,,,,,,,,,,,,,,,,,,,,,,,,,,,,,none,none
7-scenes-redkitchen,26,56,0.21230969986950848,0.5273437499999979,0.342,1,1,,,,,,,,,,,,,,,,,,,,,,,,,,,,,,,,,none,none
7-scenes-redkitchen,26,57,0.24858634188777728,0.761718749999997,0.5455,1,1,,,,,,,,,,,,,,,,,,,,,,,,,,,,,,,,,none,none
7-scenes-redkitchen,26,58,0.2907351022183558,0.7265624999999971,0.5225,1,1,,,,,,,,,,,,,,,,,,,,,,,,,,,,,,,,,none,none
7-scenes-redkitchen,26,59,0.37642453240539364,0.6523437499999974,0.511,1,1,,,,,,,,,,,,,,,,,,,,,,,,,,,,,,,,,none,none
7-scenes-redkitchen,27,30,0.41374404211424914,0.7929687499999968,0.637,1,1,,,,,,,,,,,,,,,,,,,,,,,,,,,,,,,,,none,none
7-scenes-redkitchen,27,31,0.31091271252756636,0.499999999999998,0.308,1,1,,,,,,,,,,,,,,,,,,,,,,,,,,,,,,,,,none,none
7-scenes-redkitchen,27,32,0.22718218681084157,0.1992187499999992,0.1325,1,0,,,,,,,,,,,,,,,,,,,,,,,,,,,,,,,,,none,none
7-scenes-redkitchen,27,36,0.22547485238671125,0.41406249999999833,0.2465,1,1,,,,,,,,,,,,,,,,,,,,,,,,,,,,,,,,,none,none
7-scenes-redkitchen,27,37,0.34822508358824783,0.753906249999997,0.5345,1,1,,,,,,,,,,,,,,,,,,,,,,,,,,,,,,,,,none,none
7-scenes-redkitchen,27,38,0.32666998648360246,0.48046874999999806,0.384,1,1,,,,,,,,,,,,,,,,,,,,,,,,,,,,,,,,,none,none
7-scenes-redkitchen,27,39,0.27708614924948427,0.4492187499999982,0.4135,1,1,,,,,,,,,,,,,,,,,,,,,,,,,,,,,,,,,none,none
7-scenes-redkitchen,27,41,0.49306395390197055,0.6679687499999973,0.489,1,1,,,,,,,,,,,,,,,,,,,,,,,,,,,,,,,,,none,none
7-scenes-redkitchen,27,42,0.37611154584904316,0.4257812499999983,0.3175,1,1,,,,,,,,,,,,,,,,,,,,,,,,,,,,,,,,,none,none
7-scenes-redkitchen,27,43,0.3149320623177065,0.6054687499999976,0.4345,1,1,,,,,,,,,,,,,,,,,,,,,,,,,,,,,,,,,none,none
7-scenes-redkitchen,27,44,0.2478836167034218,0.3984374999999984,0.383,1,1,,,,,,,,,,,,,,,,,,,,,,,,,,,,,,,,,none,none
7-scenes-redkitchen,27,45,0.18147542149818596,0.13671874999999944,0.106,1,1,,,,,,,,,,,,,,,,,,,,,,,,,,,,,,,,,none,none
7-scenes-redkitchen,27,59,0.23635910934054208,0.16406249999999933,0.1115,1,0,,,,,,,,,,,,,,,,,,,,,,,,,,,,,,,,,none,none
7-scenes-redkitchen,28,32,0.3241551327823153,0.6210937499999976,0.3295,1,1,,,,,,,,,,,,,,,,,,,,,,,,,,,,,,,,,none,none
7-scenes-redkitchen,28,37,0.21592409644446617,0.42187499999999833,0.4075,1,1,,,,,,,,,,,,,,,,,,,,,,,,,,,,,,,,,none,none
7-scenes-redkitchen,28,38,0.22683034185944148,0.41796874999999833,0.426,1,1,,,,,,,,,,,,,,,,,,,,,,,,,,,,,,,,,none,none
7-scenes-redkitchen,28,43,0.3514941067149215,0.8046874999999968,0.6795,1,1,,,,,,,,,,,,,,,,,,,,,,,,,,,,,,,,,none,none
7-scenes-redkitchen,28,44,0.2623856800508632,0.6406249999999974,0.5635,1,1,,,,,,,,,,,,,,,,,,,,,,,,,,,,,,,,,none,none
7-scenes-redkitchen,28,45,0.16647919010123735,0.19140624999999922,0.238,1,1,,,,,,,,,,,,,,,,,,,,,,,,,,,,,,,,,none,none
7-scenes-redkitchen,29,32,0.3091973911886064,0.3437499999999986,0.1915,1,1,,,,,,,,,,,,,,,,,,,,,,,,,,,,,,,,,none,none
7-scenes-redkitchen,29,44,0.36962598163183813,0.8007812499999968,0.66,1,1,,,,,,,,,,,,,,,,,,,,,,,,,,,,,,,,,none,none
7-scenes-redkitchen,29,45,0.22201517369892187,0.48046874999999806,0.451,1,1,,,,,,,,,,,,,,,,,,,,,,,,,,,,,,,,,none,none
7-scenes-redkitchen,30,33,0.13605934503347206,0.0,0.0,1,0,,,,,,,,,,,,,,,,,,,,,,,,,,,,,,,,,none,none
7-scenes-redkitchen,30,44,0.3126470056088294,0.5781249999999977,0.4885,1,1,,,,,,,,,,,,,,,,,,,,,,,,,,,,,,,,,none,none
7-scenes-redkitchen,31,40,0.4441317662638636,0.3984374999999984,0.311,1,1,,,,,,,,,,,,,,,,,,,,,,,,,,,,,,,,,none,none
7-scenes-redkitchen,31,41,0.3513491143850356,0.20703124999999917,0.178,1,1,,,,,,,,,,,,,,,,,,,,,,,,,,,,,,,,,none,none
7-scenes-redkitchen,31,42,0.25467637808309884,0.4492187499999982,0.265,1,1,,,,,,,,,,,,,,,,,,,,,,,,,,,,,,,,,none,none
7-scenes-redkitchen,31,43,0.18780003310710147,0.41015624999999833,0.3085,1,1,,,,,,,,,,,,,,,,,,,,,,,,,,,,,,,,,none,none
7-scenes-redkitchen,32,34,0.2255001449695564,0.5507812499999978,0.599,1,1,,,,,,,,,,,,,,,,,,,,,,,,,,,,,,,,,none,none
7-scenes-redkitchen,32,38,0.21412003479269354,0.41796874999999833,0.493,1,1,,,,,,,,,,,,,,,,,,,,,,,,,,,,,,,,,none,none
7-scenes-redkitchen,32,39,0.20621919396926647,0.41015624999999833,0.4105,1,1,,,,,,,,,,,,,,,,,,,,,,,,,,,,,,,,,none,none
7-scenes-redkitchen,32,40,0.21469991301826616,0.24609374999999903,0.1505,1,0,,,,,,,,,,,,,,,,,,,,,,,,,,,,,,,,,none,none
7-scenes-redkitchen,33,37,0.16097649404797873,0.023437499999999906,0.0025,1,0,,,,,,,,,,,,,,,,,,,,,,,,,,,,,,,,,none,none
7-scenes-redkitchen,33,38,0.24817209499063386,0.253906249999999,0.181,1,1,,,,,,,,,,,,,,,,,,,,,,,,,,,,,,,,,none,none
7-scenes-redkitchen,33,39,0.25294579732914374,0.24609374999999903,0.1705,1,1,,,,,,,,,,,,,,,,,,,,,,,,,,,,,,,,,none,none
7-scenes-redkitchen,33,56,0.13384494531391625,0.04687499999999981,0.003,1,0,,,,,,,,,,,,,,,,,,,,,,,,,,,,,,,,,none,none
7-scenes-redkitchen,33,57,0.13626200978911113,0.09765624999999961,0.0125,1,0,,,,,,,,,,,,,,,,,,,,,,,,,,,,,,,,,none,none
7-scenes-redkitchen,33,58,0.1236328479062179,0.03515624999999986,0.0045,1,0,,,,,,,,,,,,,,,,,,,,,,,,,,,,,,,,,none,none
7-scenes-redkitchen,34,35,0.31605259553485826,0.7109374999999971,0.6295,1,0,,,,,,,,,,,,,,,,,,,,,,,,,,,,,,,,,none,none
7-scenes-redkitchen,34,36,0.23126968908368717,0.21874999999999914,0.223,1,1,,,,,,,,,,,,,,,,,,,,,,,,,,,,,,,,,none,none
7-scenes-redkitchen,34,37,0.2636625119846596,0.48828124999999806,0.4275,1,1,,,,,,,,,,,,,,,,,,,,,,,,,,,,,,,,,none,none
7-scenes-redkitchen,34,38,0.3329680865634845,0.7890624999999969,0.7055,1,1,,,,,,,,,,,,,,,,,,,,,,,,,,,,,,,,,none,none
7-scenes-redkitchen,34,39,0.362279139843857,0.8242187499999967,0.701,1,1,,,,,,,,,,,,,,,,,,,,,,,,,,,,,,,,,none,none
7-scenes-redkitchen,34,54,0.3019449390494453,0.6054687499999976,0.561,1,1,,,,,,,,,,,,,,,,,,,,,,,,,,,,,,,,,none,none
7-scenes-redkitchen,34,58,0.3844678811121764,0.7343749999999971,0.557,1,1,,,,,,,,,,,,,,,,,,,,,,,,,,,,,,,,,none,none
7-scenes-redkitchen,34,59,0.2420901246404602,0.6093749999999976,0.5315,1,1,,,,,,,,,,,,,,,,,,,,,,,,,,,,,,,,,none,none
7-scenes-redkitchen,35,38,0.2813392893074168,0.8007812499999968,0.716,1,1,,,,,,,,,,,,,,,,,,,,,,,,,,,,,,,,,none,none
7-scenes-redkitchen,35,39,0.35586945148698135,0.761718749999997,0.727,1,1,,,,,,,,,,,,,,,,,,,,,,,,,,,,,,,,,none,none
7-scenes-redkitchen,35,48,0.19308624089500584,0.6445312499999974,0.4255,1,1,,,,,,,,,,,,,,,,,,,,,,,,,,,,,,,,,none,none
7-scenes-redkitchen,35,49,0.2549800796812749,0.753906249999997,0.5705,1,1,,,,,,,,,,,,,,,,,,,,,,,,,,,,,,,,,none,none
7-scenes-redkitchen,35,50,0.17916213932150188,0.5703124999999977,0.4265,1,1,,,,,,,,,,,,,,,,,,,,,,,,,,,,,,,,,none,none
7-scenes-redkitchen,35,52,0.21139683689484487,0.6562499999999973,0.5085,1,1,,,,,,,,,,,,,,,,,,,,,,,,,,,,,,,,,none,none
7-scenes-redkitchen,36,47,0.16500838893441025,0.511718749999998,0.2765,1,1,,,,,,,,,,,,,,,,,,,,,,,,,,,,,,,,,none,none
7-scenes-redkitchen,36,48,0.23371961449920012,0.5976562499999976,0.399,1,1,,,,,,,,,,,,,,,,,,,,,,,,,,,,,,,,,none,none
7-scenes-redkitchen,36,49,0.28694057512973586,0.7343749999999971,0.529,1,1,,,,,,,,,,,,,,,,,,,,,,,,,,,,,,,,,none,none
7-scenes-redkitchen,36,50,0.223340746810254,0.5585937499999978,0.3945,1,1,,,,,,,,,,,,,,,,,,,,,,,,,,,,,,,,,none,none
7-scenes-redkitchen,36,52,0.2625541378906707,0.7070312499999972,0.523,1,1,,,,,,,,,,,,,,,,,,,,,,,,,,,,,,,,,none,none
7-scenes-redkitchen,37,47,0.16723375297720314,0.5468749999999978,0.373,1,1,,,,,,,,,,,,,,,,,,,,,,,,,,,,,,,,,none,none
7-scenes-redkitchen,37,48,0.23638992854712487,0.6953124999999972,0.513,1,1,,,,,,,,,,,,,,,,,,,,,,,,,,,,,,,,,none,none
7-scenes-redkitchen,37,49,0.2837699897924464,0.6914062499999972,0.5585,1,1,,,,,,,,,,,,,,,,,,,,,,,,,,,,,,,,,none,none
7-scenes-redkitchen,37,50,0.23354031983667914,0.6523437499999974,0.4875,1,1,,,,,,,,,,,,,,,,,,,,,,,,,,,,,,,,,none,none
7-scenes-redkitchen,37,52,0.2676080299421572,0.749999999999997,0.584,1,1,,,,,,,,,,,,,,,,,,,,,,,,,,,,,,,,,none,none
7-scenes-redkitchen,38,49,0.1974052119449726,0.11718749999999953,0.038,1,0,,,,,,,,,,,,,,,,,,,,,,,,,,,,,,,,,none,none
7-scenes-redkitchen,38,52,0.19175707415277934,0.35937499999999856,0.299,1,1,,,,,,,,,,,,,,,,,,,,,,,,,,,,,,,,,none,none
7-scenes-redkitchen,38,53,0.3399507885024047,0.757812499999997,0.531,1,1,,,,,,,,,,,,,,,,,,,,,,,,,,,,,,,,,none,none
7-scenes-redkitchen,38,57,0.3579577228497931,0.7734374999999969,0.6785,1,1,,,,,,,,,,,,,,,,,,,,,,,,,,,,,,,,,none,none
7-scenes-redkitchen,39,47,0.2034389140271493,0.45312499999999817,0.3545,1,1,,,,,,,,,,,,,,,,,,,,,,,,,,,,,,,,,none,none
7-scenes-redkitchen,39,48,0.2893665158371041,0.3789062499999985,0.319,1,1,,,,,,,,,,,,,,,,,,,,,,,,,,,,,,,,,none,none
7-scenes-redkitchen,39,49,0.3141628959276018,0.46484374999999817,0.3765,1,1,,,,,,,,,,,,,,,,,,,,,,,,,,,,,,,,,none,none
7-scenes-redkitchen,39,50,0.2648868778280543,0.4453124999999982,0.3395,1,1,,,,,,,,,,,,,,,,,,,,,,,,,,,,,,,,,none,none
7-scenes-redkitchen,39,52,0.3171493212669683,0.6718749999999973,0.5235,1,1,,,,,,,,,,,,,,,,,,,,,,,,,,,,,,,,,none,none
7-scenes-redkitchen,39,53,0.40158371040723984,0.7109374999999971,0.5795,1,1,,,,,,,,,,,,,,,,,,,,,,,,,,,,,,,,,none,none
7-scenes-redkitchen,39,55,0.41126696832579185,0.7929687499999968,0.6635,1,1,,,,,,,,,,,,,,,,,,,,,,,,,,,,,,,,,none,none
7-scenes-redkitchen,39,56,0.27122171945701357,0.753906249999997,0.6115,1,1,,,,,,,,,,,,,,,,,,,,,,,,,,,,,,,,,none,none
7-scenes-redkitchen,39,57,0.23570135746606335,0.7695312499999969,0.6295,1,1,,,,,,,,,,,,,,,,,,,,,,,,,,,,,,,,,none,none
7-scenes-redkitchen,40,44,0.38929932709048987,0.8046874999999968,0.702,1,1,,,,,,,,,,,,,,,,,,,,,,,,,,,,,,,,,none,none
7-scenes-redkitchen,40,45,0.26055244459084276,0.7109374999999971,0.5805,1,1,,,,,,,,,,,,,,,,,,,,,,,,,,,,,,,,,none,none
7-scenes-redkitchen,40,46,0.18022681285586561,0.45312499999999817,0.3825,1,1,,,,,,,,,,,,,,,,,,,,,,,,,,,,,,,,,none,none
7-scenes-redkitchen,41,46,0.22380263955603227,0.5703124999999977,0.4345,1,1,,,,,,,,,,,,,,,,,,,,,,,,,,,,,,,,,none,none
7-scenes-redkitchen,42,46,0.3044481476733752,0.6210937499999976,0.502,1,1,,,,,,,,,,,,,,,,,,,,,,,,,,,,,,,,,none,none
7-scenes-redkitchen,43,47,0.19117531600847923,0.3124999999999988,0.2275,1,1,,,,,,,,,,,,,,,,,,,,,,,,,,,,,,,,,none,none
7-scenes-redkitchen,44,47,0.29524733268671194,0.45312499999999817,0.373,1,1,,,,,,,,,,,,,,,,,,,,,,,,,,,,,,,,,none,none
7-scenes-redkitchen,44,48,0.14510184287099903,0.16796874999999933,0.1625,1,1,,,,,,,,,,,,,,,,,,,,,,,,,,,,,,,,,none,none
7-scenes-redkitchen,45,48,0.3210514738231412,0.5312499999999979,0.4515,1,1,,,,,,,,,,,,,,,,,,,,,,,,,,,,,,,,,none,none
7-scenes-redkitchen,45,49,0.20985481742190937,0.29687499999999883,0.256,1,1,,,,,,,,,,,,,,,,,,,,,,,,,,,,,,,,,none,none
7-scenes-redkitchen,45,50,0.23152221733391992,0.2773437499999989,0.259,1,1,,,,,,,,,,,,,,,,,,,,,,,,,,,,,,,,,none,none
7-scenes-redkitchen,45,51,0.23075230972283325,0.3984374999999984,0.3635,1,1,,,,,,,,,,,,,,,,,,,,,,,,,,,,,,,,,none,none
7-scenes-redkitchen,45,52,0.22239331280246372,0.33984374999999867,0.303,1,1,,,,,,,,,,,,,,,,,,,,,,,,,,,,,,,,,none,none
7-scenes-redkitchen,46,53,0.3170764476689507,0.42187499999999833,0.2745,1,1,,,,,,,,,,,,,,,,,,,,,,,,,,,,,,,,,none,none
7-scenes-redkitchen,47,54,0.2695242058537939,0.3789062499999985,0.207,1,1,,,,,,,,,,,,,,,,,,,,,,,,,,,,,,,,,none,none
7-scenes-redkitchen,48,58,0.1502724795640327,0.14843749999999942,0.095,1,1,,,,,,,,,,,,,,,,,,,,,,,,,,,,,,,,,none,none
7-scenes-redkitchen,48,59,0.21989100817438692,0.09374999999999963,0.0575,1,0,,,,,,,,,,,,,,,,,,,,,,,,,,,,,,,,,none,none
7-scenes-redkitchen,49,55,0.26251014335948064,0.3046874999999988,0.147,1,0,,,,,,,,,,,,,,,,,,,,,,,,,,,,,,,,,none,none
7-scenes-redkitchen,49,58,0.2453340546388964,0.21484374999999914,0.165,1,0,,,,,,,,,,,,,,,,,,,,,,,,,,,,,,,,,none,none
7-scenes-redkitchen,49,59,0.2817149039761969,0.1562499999999994,0.055,1,0,,,,,,,,,,,,,,,,,,,,,,,,,,,,,,,,,none,none
7-scenes-redkitchen,50,59,0.247472856608012,0.1562499999999994,0.151,1,0,,,,,,,,,,,,,,,,,,,,,,,,,,,,,,,,,none,none
7-scenes-redkitchen,51,54,0.20362273579013118,0.019531249999999924,0.0135,1,0,,,,,,,,,,,,,,,,,,,,,,,,,,,,,,,,,none,none
7-scenes-redkitchen,51,59,0.1680199875078076,0.09765624999999961,0.0335,1,0,,,,,,,,,,,,,,,,,,,,,,,,,,,,,,,,,none,none
7-scenes-redkitchen,52,55,0.195274831243973,0.1249999999999995,0.0565,1,0,,,,,,,,,,,,,,,,,,,,,,,,,,,,,,,,,none,none
7-scenes-redkitchen,52,58,0.21263259402121504,0.26171874999999895,0.236,1,1,,,,,,,,,,,,,,,,,,,,,,,,,,,,,,,,,none,none
7-scenes-redkitchen,52,59,0.2780456444873031,0.10937499999999957,0.07,1,0,,,,,,,,,,,,,,,,,,,,,,,,,,,,,,,,,none,none
7-scenes-redkitchen,53,56,0.33305211848518934,0.5859374999999977,0.396,1,1,,,,,,,,,,,,,,,,,,,,,,,,,,,,,,,,,none,none
7-scenes-redkitchen,53,57,0.2099737532808399,0.38281249999999845,0.283,1,1,,,,,,,,,,,,,,,,,,,,,,,,,,,,,,,,,none,none
sun3d-home_at-home_at_scan1_2013_jan_1,0,30,0.19159015637446022,0.0039062499999999844,0.0,1,0,,,,,,,,,,,,,,,,,,,,,,,,,,,,,,,,,none,none
sun3d-home_at-home_at_scan1_2013_jan_1,0,31,0.3798264369261728,0.054687499999999785,0.037,1,0,,,,,,,,,,,,,,,,,,,,,,,,,,,,,,,,,none,none
sun3d-home_at-home_at_scan1_2013_jan_1,0,33,0.3719029052949315,0.4726562499999981,0.4025,1,1,,,,,,,,,,,,,,,,,,,,,,,,,,,,,,,,,none,none
sun3d-home_at-home_at_scan1_2013_jan_1,0,34,0.4319372825221146,0.3124999999999988,0.198,1,1,,,,,,,,,,,,,,,,,,,,,,,,,,,,,,,,,none,none
sun3d-home_at-home_at_scan1_2013_jan_1,0,35,0.288307550412946,0.19140624999999922,0.1445,1,0,,,,,,,,,,,,,,,,,,,,,,,,,,,,,,,,,none,none
sun3d-home_at-home_at_scan1_2013_jan_1,0,36,0.4373873307340796,0.4687499999999981,0.387,1,1,,,,,,,,,,,,,,,,,,,,,,,,,,,,,,,,,none,none
sun3d-home_at-home_at_scan1_2013_jan_1,0,37,0.38318031274892045,0.41796874999999833,0.399,1,1,,,,,,,,,,,,,,,,,,,,,,,,,,,,,,,,,none,none
sun3d-home_at-home_at_scan1_2013_jan_1,0,38,0.29836917788118894,0.49218749999999806,0.4495,1,1,,,,,,,,,,,,,,,,,,,,,,,,,,,,,,,,,none,none
sun3d-home_at-home_at_scan1_2013_jan_1,0,41,0.22504506770636817,0.1718749999999993,0.153,1,0,,,,,,,,,,,,,,,,,,,,,,,,,,,,,,,,,none,none
sun3d-home_at-home_at_scan1_2013_jan_1,0,42,0.1899970653586551,0.09374999999999963,0.064,1,0,,,,,,,,,,,,,,,,,,,,,,,,,,,,,,,,,none,none
sun3d-home_at-home_at_scan1_2013_jan_1,0,47,0.3611285792143546,0.10546874999999958,0.0425,1,0,,,,,,,,,,,,,,,,,,,,,,,,,,,,,,,,,none,none
sun3d-home_at-home_at_scan1_2013_jan_1,0,49,0.3899719112899845,0.17968749999999928,0.1365,1,1,,,,,,,,,,,,,,,,,,,,,,,,,,,,,,,,,none,none
sun3d-home_at-home_at_scan1_2013_jan_1,0,50,0.2740535781662684,0.007812499999999969,0.0015,1,0,,,,,,,,,,,,,,,,,,,,,,,,,,,,,,,,,none,none
sun3d-home_at-home_at_scan1_2013_jan_1,0,51,0.20571835827778476,0.2773437499999989,0.1325,1,0,,,,,,,,,,,,,,,,,,,,,,,,,,,,,,,,,none,none
sun3d-home_at-home_at_scan1_2013_jan_1,1,3,0.2927758228110122,0.8710937499999966,0.784,1,1,,,,,,,,,,,,,,,,,,,,,,,,,,,,,,,,,none,none
sun3d-home_at-home_at_scan1_2013_jan_1,1,31,0.2519975160422273,0.058593749999999764,0.0,1,0,,,,,,,,,,,,,,,,,,,,,,,,,,,,,,,,,none,none
sun3d-home_at-home_at_scan1_2013_jan_1,1,33,0.2518733181535914,0.3437499999999986,0.2395,1,0,,,,,,,,,,,,,,,,,,,,,,,,,,,,,,,,,none,none
sun3d-home_at-home_at_scan1_2013_jan_1,1,35,0.3451045332229352,0.253906249999999,0.2105,1,1,,,,,,,,,,,,,,,,,,,,,,,,,,,,,,,,,none,none
sun3d-home_at-home_at_scan1_2013_jan_1,1,36,0.5220037259366591,0.6601562499999973,0.417,1,1,,,,,,,,,,,,,,,,,,,,,,,,,,,,,,,,,none,none
sun3d-home_at-home_at_scan1_2013_jan_1,1,37,0.531318567584351,0.5351562499999979,0.3705,1,1,,,,,,,,,,,,,,,,,,,,,,,,,,,,,,,,,none,none
sun3d-home_at-home_at_scan1_2013_jan_1,1,38,0.5077209687435313,0.6953124999999972,0.494,1,1,,,,,,,,,,,,,,,,,,,,,,,,,,,,,,,,,none,none
sun3d-home_at-home_at_scan1_2013_jan_1,1,39,0.21850548540674808,0.46484374999999817,0.46,1,1,,,,,,,,,,,,,,,,,,,,,,,,,,,,,,,,,none,none
sun3d-home_at-home_at_scan1_2013_jan_1,1,47,0.19379010556820533,0.007812499999999969,0.001,1,0,,,,,,,,,,,,,,,,,,,,,,,,,,,,,,,,,none,none
sun3d-home_at-home_at_scan1_2013_jan_1,1,48,0.4241357896915752,0.04687499999999981,0.022,1,0,,,,,,,,,,,,,,,,,,,,,,,,,,,,,,,,,none,none
sun3d-home_at-home_at_scan1_2013_jan_1,1,49,0.39283792175533017,0.20703124999999917,0.168,1,1,,,,,,,,,,,,,,,,,,,,,,,,,,,,,,,,,none,none
sun3d-home_at-home_at_scan1_2013_jan_1,1,50,0.3225005174912027,0.08203124999999967,0.055,1,0,,,,,,,,,,,,,,,,,,,,,,,,,,,,,,,,,none,none
sun3d-home_at-home_at_scan1_2013_jan_1,1,51,0.22123783895673774,0.0,0.0,1,0,,,,,,,,,,,,,,,,,,,,,,,,,,,,,,,,,none,none
sun3d-home_at-home_at_scan1_2013_jan_1,2,3,0.26199325045922506,0.8085937499999968,0.7595,1,0,,,,,,,,,,,,,,,,,,,,,,,,,,,,,,,,,none,none
sun3d-home_at-home_at_scan1_2013_jan_1,2,31,0.2228630014097142,0.03906249999999985,0.025,1,0,,,,,,,,,,,,,,,,,,,,,,,,,,,,,,,,,none,none
sun3d-home_at-home_at_scan1_2013_jan_1,2,33,0.2584476056217694,0.4023437499999984,0.3165,1,1,,,,,,,,,,,,,,,,,,,,,,,,,,,,,,,,,none,none
sun3d-home_at-home_at_scan1_2013_jan_1,2,35,0.3141526763210731,0.33203124999999867,0.265,1,1,,,,,,,,,,,,,,,,,,,,,,,,,,,,,,,,,none,none
sun3d-home_at-home_at_scan1_2013_jan_1,2,37,0.554957494980563,0.6210937499999976,0.4145,1,1,,,,,,,,,,,,,,,,,,,,,,,,,,,,,,,,,none,none
sun3d-home_at-home_at_scan1_2013_jan_1,2,39,0.24430774488444615,0.5781249999999977,0.554,1,1,,,,,,,,,,,,,,,,,,,,,,,,,,,,,,,,,none,none
sun3d-home_at-home_at_scan1_2013_jan_1,2,48,0.40710837711991116,0.0507812499999998,0.019,1,0,,,,,,,,,,,,,,,,,,,,,,,,,,,,,,,,,none,none
sun3d-home_at-home_at_scan1_2013_jan_1,2,49,0.3324362424708445,0.0,0.0,1,0,,,,,,,,,,,,,,,,,,,,,,,,,,,,,,,,,none,none
sun3d-home_at-home_at_scan1_2013_jan_1,2,50,0.2718185313341023,0.0,0.0,1,0,,,,,,,,,,,,,,,,,,,,,,,,,,,,,,,,,none,none
sun3d-home_at-home_at_scan1_2013_jan_1,2,51,0.1514801999231065,0.0,0.0,1,0,,,,,,,,,,,,,,,,,,,,,,,,,,,,,,,,,none,none
sun3d-home_at-home_at_scan1_2013_jan_1,3,24,0.19483039664674376,0.07421874999999971,0.0005,1,0,,,,,,,,,,,,,,,,,,,,,,,,,,,,,,,,,none,none
sun3d-home_at-home_at_scan1_2013_jan_1,3,25,0.17837460218893114,0.13281249999999947,0.0275,1,0,,,,,,,,,,,,,,,,,,,,,,,,,,,,,,,,,none,none
sun3d-home_at-home_at_scan1_2013_jan_1,3,26,0.14033998292323216,0.058593749999999764,0.0,1,0,,,,,,,,,,,,,,,,,,,,,,,,,,,,,,,,,none,none
sun3d-home_at-home_at_scan1_2013_jan_1,3,29,0.22518047038733213,0.18749999999999925,0.005,1,0,,,,,,,,,,,,,,,,,,,,,,,,,,,,,,,,,none,none
sun3d-home_at-home_at_scan1_2013_jan_1,3,30,0.3310564309555228,0.2773437499999989,0.0535,1,1,,,,,,,,,,,,,,,,,,,,,,,,,,,,,,,,,none,none
sun3d-home_at-home_at_scan1_2013_jan_1,3,32,0.23666847783901265,0.28515624999999883,0.172,1,0,,,,,,,,,,,,,,,,,,,,,,,,,,,,,,,,,none,none
sun3d-home_at-home_at_scan1_2013_jan_1,3,33,0.4297911977023985,0.21484374999999914,0.1265,1,1,,,,,,,,,,,,,,,,,,,,,,,,,,,,,,,,,none,none
sun3d-home_at-home_at_scan1_2013_jan_1,3,34,0.36295893813552743,0.3789062499999985,0.291,1,1,,,,,,,,,,,,,,,,,,,,,,,,,,,,,,,,,none,none
sun3d-home_at-home_at_scan1_2013_jan_1,3,35,0.29340992004967786,0.5468749999999978,0.4195,1,1,,,,,,,,,,,,,,,,,,,,,,,,,,,,,,,,,none,none
sun3d-home_at-home_at_scan1_2013_jan_1,3,36,0.3512380656679345,0.38281249999999845,0.3305,1,1,,,,,,,,,,,,,,,,,,,,,,,,,,,,,,,,,none,none
sun3d-home_at-home_at_scan1_2013_jan_1,3,37,0.33423891950632617,0.1249999999999995,0.143,1,1,,,,,,,,,,,,,,,,,,,,,,,,,,,,,,,,,none,none
sun3d-home_at-home_at_scan1_2013_jan_1,3,38,0.2639136847007685,0.511718749999998,0.4215,1,1,,,,,,,,,,,,,,,,,,,,,,,,,,,,,,,,,none,none
sun3d-home_at-home_at_scan1_2013_jan_1,3,40,0.15508810059768688,0.3124999999999988,0.318,1,1,,,,,,,,,,,,,,,,,,,,,,,,,,,,,,,,,none,none
sun3d-home_at-home_at_scan1_2013_jan_1,3,41,0.33462702786618026,0.33203124999999867,0.276,1,1,,,,,,,,,,,,,,,,,,,,,,,,,,,,,,,,,none,none
sun3d-home_at-home_at_scan1_2013_jan_1,3,42,0.2597997360863153,0.1249999999999995,0.059,1,0,,,,,,,,,,,,,,,,,,,,,,,,,,,,,,,,,none,none
sun3d-home_at-home_at_scan1_2013_jan_1,3,44,0.17783125048513546,0.4726562499999981,0.384,1,1,,,,,,,,,,,,,,,,,,,,,,,,,,,,,,,,,none,none
sun3d-home_at-home_at_scan1_2013_jan_1,3,45,0.18939687960878676,0.4335937499999983,0.338,1,1,,,,,,,,,,,,,,,,,,,,,,,,,,,,,,,,,none,none
sun3d-home_at-home_at_scan1_2013_jan_1,3,46,0.18768920282542886,0.058593749999999764,0.1035,1,1,,,,,,,,,,,,,,,,,,,,,,,,,,,,,,,,,none,none
sun3d-home_at-home_at_scan1_2013_jan_1,3,48,0.4398043933866336,0.007812499999999969,0.0,1,0,,,,,,,,,,,,,,,,,,,,,,,,,,,,,,,,,none,none
sun3d-home_at-home_at_scan1_2013_jan_1,3,49,0.260343087790111,0.11718749999999953,0.112,1,0,,,,,,,,,,,,,,,,,,,,,,,,,,,,,,,,,none,none
sun3d-home_at-home_at_scan1_2013_jan_1,4,8,0.2617386972225682,0.3515624999999986,0.185,1,1,,,,,,,,,,,,,,,,,,,,,,,,,,,,,,,,,none,none
sun3d-home_at-home_at_scan1_2013_jan_1,4,24,0.2583136131523228,0.33203124999999867,0.063,1,0,,,,,,,,,,,,,,,,,,,,,,,,,,,,,,,,,none,none
sun3d-home_at-home_at_scan1_2013_jan_1,4,25,0.250778428197783,0.18359374999999928,0.026,1,0,,,,,,,,,,,,,,,,,,,,,,,,,,,,,,,,,none,none
sun3d-home_at-home_at_scan1_2013_jan_1,4,26,0.204570930377382,0.14843749999999942,0.0315,1,0,,,,,,,,,,,,,,,,,,,,,,,,,,,,,,,,,none,none
sun3d-home_at-home_at_scan1_2013_jan_1,4,29,0.2742558226429194,0.26562499999999895,0.055,1,0,,,,,,,,,,,,,,,,,,,,,,,,,,,,,,,,,none,none
sun3d-home_at-home_at_scan1_2013_jan_1,4,30,0.3263171005106489,0.35937499999999856,0.0905,1,0,,,,,,,,,,,,,,,,,,,,,,,,,,,,,,,,,none,none
sun3d-home_at-home_at_scan1_2013_jan_1,4,31,0.24343006601071118,0.10937499999999957,0.007,1,0,,,,,,,,,,,,,,,,,,,,,,,,,,,,,,,,,none,none
sun3d-home_at-home_at_scan1_2013_jan_1,4,32,0.1987794245858762,0.1015624999999996,0.0155,1,0,,,,,,,,,,,,,,,,,,,,,,,,,,,,,,,,,none,none
sun3d-home_at-home_at_scan1_2013_jan_1,4,42,0.31118445634574665,0.042968749999999827,0.017,1,0,,,,,,,,,,,,,,,,,,,,,,,,,,,,,,,,,none,none
sun3d-home_at-home_at_scan1_2013_jan_1,4,44,0.3759496824012953,0.21874999999999914,0.19,1,1,,,,,,,,,,,,,,,,,,,,,,,,,,,,,,,,,none,none
sun3d-home_at-home_at_scan1_2013_jan_1,4,45,0.4183584506165151,0.496093749999998,0.3555,1,1,,,,,,,,,,,,,,,,,,,,,,,,,,,,,,,,,none,none
sun3d-home_at-home_at_scan1_2013_jan_1,4,47,0.24050317598704696,0.18359374999999928,0.1415,1,1,,,,,,,,,,,,,,,,,,,,,,,,,,,,,,,,,none,none
sun3d-home_at-home_at_scan1_2013_jan_1,5,6,0.17676442152755398,0.6015624999999976,0.504,1,0,,,,,,,,,,,,,,,,,,,,,,,,,,,,,,,,,none,none
sun3d-home_at-home_at_scan1_2013_jan_1,5,11,0.20222365452787625,0.2734374999999989,0.171,1,1,,,,,,,,,,,,,,,,,,,,,,,,,,,,,,,,,none,none
sun3d-home_at-home_at_scan1_2013_jan_1,5,15,0.30078418734557955,0.5312499999999979,0.344,1,1,,,,,,,,,,,,,,,,,,,,,,,,,,,,,,,,,none,none
sun3d-home_at-home_at_scan1_2013_jan_1,5,40,0.161778923622301,0.33593749999999867,0.204,1,1,,,,,,,,,,,,,,,,,,,,,,,,,,,,,,,,,none,none
sun3d-home_at-home_at_scan1_2013_jan_1,6,8,0.3438485804416404,0.33984374999999867,0.155,1,1,,,,,,,,,,,,,,,,,,,,,,,,,,,,,,,,,none,none
sun3d-home_at-home_at_scan1_2013_jan_1,6,9,0.25108907916478895,0.12109374999999951,0.1035,1,1,,,,,,,,,,,,,,,,,,,,,,,,,,,,,,,,,none,none
sun3d-home_at-home_at_scan1_2013_jan_1,6,10,0.20587351659906866,0.0,0.0,1,0,,,,,,,,,,,,,,,,,,,,,,,,,,,,,,,,,none,none
sun3d-home_at-home_at_scan1_2013_jan_1,6,24,0.33145561063542134,0.24218749999999903,0.0655,1,0,,,,,,,,,,,,,,,,,,,,,,,,,,,,,,,,,none,none
sun3d-home_at-home_at_scan1_2013_jan_1,6,25,0.337990085624155,0.19531249999999922,0.0565,1,0,,,,,,,,,,,,,,,,,,,,,,,,,,,,,,,,,none,none
sun3d-home_at-home_at_scan1_2013_jan_1,6,26,0.2622803064443443,0.16796874999999933,0.0405,1,0,,,,,,,,,,,,,,,,,,,,,,,,,,,,,,,,,none,none
sun3d-home_at-home_at_scan1_2013_jan_1,6,29,0.3605978669070152,0.2812499999999989,0.102,1,0,,,,,,,,,,,,,,,,,,,,,,,,,,,,,,,,,none,none
sun3d-home_at-home_at_scan1_2013_jan_1,6,30,0.41617845876520954,0.2812499999999989,0.096,1,0,,,,,,,,,,,,,,,,,,,,,,,,,,,,,,,,,none,none
sun3d-home_at-home_at_scan1_2013_jan_1,6,31,0.2754243653297281,0.12890624999999947,0.0165,1,0,,,,,,,,,,,,,,,,,,,,,,,,,,,,,,,,,none,none
sun3d-home_at-home_at_scan1_2013_jan_1,6,42,0.3252966801862701,0.11718749999999953,0.057,1,0,,,,,,,,,,,,,,,,,,,,,,,,,,,,,,,,,none,none
sun3d-home_at-home_at_scan1_2013_jan_1,6,43,0.3502328376145411,0.0781249999999997,0.0325,1,0,,,,,,,,,,,,,,,,,,,,,,,,,,,,,,,,,none,none
sun3d-home_at-home_at_scan1_2013_jan_1,6,44,0.4586901006459366,0.4726562499999981,0.289,1,1,,,,,,,,,,,,,,,,,,,,,,,,,,,,,,,,,none,none
sun3d-home_at-home_at_scan1_2013_jan_1,6,45,0.5116418807270542,0.48828124999999806,0.31,1,1,,,,,,,,,,,,,,,,,,,,,,,,,,,,,,,,,none,none
sun3d-home_at-home_at_scan1_2013_jan_1,6,46,0.2519903860597867,0.03515624999999986,0.0195,1,0,,,,,,,,,,,,,,,,,,,,,,,,,,,,,,,,,none,none
sun3d-home_at-home_at_scan1_2013_jan_1,6,47,0.2982574733363377,0.04687499999999981,0.0205,1,0,,,,,,,,,,,,,,,,,,,,,,,,,,,,,,,,,none,none
sun3d-home_at-home_at_scan1_2013_jan_1,7,9,0.3679095882522315,0.42187499999999833,0.431,1,1,,,,,,,,,,,,,,,,,,,,,,,,,,,,,,,,,none,none
sun3d-home_at-home_at_scan1_2013_jan_1,7,10,0.25107975813417793,0.23046874999999908,0.1825,1,1,,,,,,,,,,,,,,,,,,,,,,,,,,,,,,,,,none,none
sun3d-home_at-home_at_scan1_2013_jan_1,7,24,0.36884537863518574,0.3085937499999988,0.113,1,0,,,,,,,,,,,,,,,,,,,,,,,,,,,,,,,,,none,none
sun3d-home_at-home_at_scan1_2013_jan_1,7,25,0.34717823207601495,0.1992187499999992,0.069,1,0,,,,,,,,,,,,,,,,,,,,,,,,,,,,,,,,,none,none
sun3d-home_at-home_at_scan1_2013_jan_1,7,26,0.30233227756982434,0.19140624999999922,0.069,1,0,,,,,,,,,,,,,,,,,,,,,,,,,,,,,,,,,none,none
sun3d-home_at-home_at_scan1_2013_jan_1,7,28,0.21242441693060754,0.2031249999999992,0.082,1,0,,,,,,,,,,,,,,,,,,,,,,,,,,,,,,,,,none,none
sun3d-home_at-home_at_scan1_2013_jan_1,7,29,0.41707457529513386,0.3124999999999988,0.1595,1,0,,,,,,,,,,,,,,,,,,,,,,,,,,,,,,,,,none,none
sun3d-home_at-home_at_scan1_2013_jan_1,7,30,0.3797869277281889,0.4296874999999983,0.1485,1,0,,,,,,,,,,,,,,,,,,,,,,,,,,,,,,,,,none,none
sun3d-home_at-home_at_scan1_2013_jan_1,7,31,0.20486610999136193,0.2226562499999991,0.071,1,0,,,,,,,,,,,,,,,,,,,,,,,,,,,,,,,,,none,none
sun3d-home_at-home_at_scan1_2013_jan_1,7,43,0.31456953642384106,0.42187499999999833,0.3455,1,1,,,,,,,,,,,,,,,,,,,,,,,,,,,,,,,,,none,none
sun3d-home_at-home_at_scan1_2013_jan_1,7,44,0.3430751511661388,0.5273437499999979,0.4295,1,1,,,,,,,,,,,,,,,,,,,,,,,,,,,,,,,,,none,none
sun3d-home_at-home_at_scan1_2013_jan_1,7,45,0.3767636049524906,0.5390624999999979,0.4145,1,1,,,,,,,,,,,,,,,,,,,,,,,,,,,,,,,,,none,none
sun3d-home_at-home_at_scan1_2013_jan_1,7,47,0.17780017276130147,0.28515624999999883,0.2175,1,1,,,,,,,,,,,,,,,,,,,,,,,,,,,,,,,,,none,none
sun3d-home_at-home_at_scan1_2013_jan_1,8,11,0.14467027602733648,0.054687499999999785,0.007,1,0,,,,,,,,,,,,,,,,,,,,,,,,,,,,,,,,,none,none
sun3d-home_at-home_at_scan1_2013_jan_1,8,25,0.3663796929084938,0.36328124999999856,0.153,1,0,,,,,,,,,,,,,,,,,,,,,,,,,,,,,,,,,none,none
sun3d-home_at-home_at_scan1_2013_jan_1,8,30,0.38377562794000175,0.3085937499999988,0.105,1,0,,,,,,,,,,,,,,,,,,,,,,,,,,,,,,,,,none,none
sun3d-home_at-home_at_scan1_2013_jan_1,8,44,0.23440134907251264,0.21874999999999914,0.1805,1,0,,,,,,,,,,,,,,,,,,,,,,,,,,,,,,,,,none,none
sun3d-home_at-home_at_scan1_2013_jan_1,8,45,0.28312771811484866,0.23046874999999908,0.1525,1,1,,,,,,,,,,,,,,,,,,,,,,,,,,,,,,,,,none,none
sun3d-home_at-home_at_scan1_2013_jan_1,9,11,0.24668268130862503,0.5195312499999979,0.444,1,1,,,,,,,,,,,,,,,,,,,,,,,,,,,,,,,,,none,none
sun3d-home_at-home_at_scan1_2013_jan_1,9,24,0.27602379318233816,0.41796874999999833,0.2415,1,0,,,,,,,,,,,,,,,,,,,,,,,,,,,,,,,,,none,none
sun3d-home_at-home_at_scan1_2013_jan_1,9,26,0.26178220086936627,0.28906249999999883,0.1145,1,0,,,,,,,,,,,,,,,,,,,,,,,,,,,,,,,,,none,none
sun3d-home_at-home_at_scan1_2013_jan_1,9,28,0.35569663692518877,0.38671874999999845,0.1535,1,0,,,,,,,,,,,,,,,,,,,,,,,,,,,,,,,,,none,none
sun3d-home_at-home_at_scan1_2013_jan_1,9,29,0.38955616563715395,0.507812499999998,0.2875,1,0,,,,,,,,,,,,,,,,,,,,,,,,,,,,,,,,,none,none
sun3d-home_at-home_at_scan1_2013_jan_1,9,30,0.22849462365591397,0.3007812499999988,0.1095,1,0,,,,,,,,,,,,,,,,,,,,,,,,,,,,,,,,,none,none
sun3d-home_at-home_at_scan1_2013_jan_1,9,43,0.21408144589338823,0.5624999999999978,0.4755,1,1,,,,,,,,,,,,,,,,,,,,,,,,,,,,,,,,,none,none
sun3d-home_at-home_at_scan1_2013_jan_1,9,44,0.25102951269732326,0.4062499999999984,0.3145,1,1,,,,,,,,,,,,,,,,,,,,,,,,,,,,,,,,,none,none
sun3d-home_at-home_at_scan1_2013_jan_1,9,45,0.28128574696865705,0.6484374999999974,0.4795,1,1,,,,,,,,,,,,,,,,,,,,,,,,,,,,,,,,,none,none
sun3d-home_at-home_at_scan1_2013_jan_1,10,12,0.3157618297283102,0.8398437499999967,0.664,1,1,,,,,,,,,,,,,,,,,,,,,,,,,,,,,,,,,none,none
sun3d-home_at-home_at_scan1_2013_jan_1,10,13,0.19653344793009597,0.6484374999999974,0.4805,1,1,,,,,,,,,,,,,,,,,,,,,,,,,,,,,,,,,none,none
sun3d-home_at-home_at_scan1_2013_jan_1,10,15,0.180394403858091,0.41015624999999833,0.299,1,1,,,,,,,,,,,,,,,,,,,,,,,,,,,,,,,,,none,none
sun3d-home_at-home_at_scan1_2013_jan_1,10,17,0.250155183116077,0.4726562499999981,0.3525,1,1,,,,,,,,,,,,,,,,,,,,,,,,,,,,,,,,,none,none
sun3d-home_at-home_at_scan1_2013_jan_1,10,22,0.24781549921214727,0.48046874999999806,0.455,1,1,,,,,,,,,,,,,,,,,,,,,,,,,,,,,,,,,none,none
sun3d-home_at-home_at_scan1_2013_jan_1,10,28,0.18984863677601108,0.38671874999999845,0.1615,1,1,,,,,,,,,,,,,,,,,,,,,,,,,,,,,,,,,none,none
sun3d-home_at-home_at_scan1_2013_jan_1,10,29,0.24466408823950722,0.5898437499999977,0.261,1,1,,,,,,,,,,,,,,,,,,,,,,,,,,,,,,,,,none,none
sun3d-home_at-home_at_scan1_2013_jan_1,10,43,0.24695602349233634,0.757812499999997,0.647,1,1,,,,,,,,,,,,,,,,,,,,,,,,,,,,,,,,,none,none
sun3d-home_at-home_at_scan1_2013_jan_1,10,44,0.2884018526476627,0.7812499999999969,0.587,1,1,,,,,,,,,,,,,,,,,,,,,,,,,,,,,,,,,none,none
sun3d-home_at-home_at_scan1_2013_jan_1,10,45,0.28295850642219356,0.7890624999999969,0.5995,1,1,,,,,,,,,,,,,,,,,,,,,,,,,,,,,,,,,none,none
sun3d-home_at-home_at_scan1_2013_jan_1,11,13,0.3828204692281537,0.9453124999999962,0.798,1,1,,,,,,,,,,,,,,,,,,,,,,,,,,,,,,,,,none,none
sun3d-home_at-home_at_scan1_2013_jan_1,11,18,0.2551853111186671,0.8281249999999967,0.665,1,1,,,,,,,,,,,,,,,,,,,,,,,,,,,,,,,,,none,none
sun3d-home_at-home_at_scan1_2013_jan_1,11,20,0.20851751105066305,0.5312499999999979,0.4055,1,1,,,,,,,,,,,,,,,,,,,,,,,,,,,,,,,,,none,none
sun3d-home_at-home_at_scan1_2013_jan_1,11,21,0.3373852431145869,0.8515624999999966,0.686,1,1,,,,,,,,,,,,,,,,,,,,,,,,,,,,,,,,,none,none
sun3d-home_at-home_at_scan1_2013_jan_1,11,22,0.33764025841550493,0.8945312499999964,0.7035,1,1,,,,,,,,,,,,,,,,,,,,,,,,,,,,,,,,,none,none
sun3d-home_at-home_at_scan1_2013_jan_1,11,23,0.16354981298877933,0.49218749999999806,0.362,1,1,,,,,,,,,,,,,,,,,,,,,,,,,,,,,,,,,none,none
sun3d-home_at-home_at_scan1_2013_jan_1,11,44,0.16354981298877933,0.6445312499999974,0.5265,1,1,,,,,,,,,,,,,,,,,,,,,,,,,,,,,,,,,none,none
sun3d-home_at-home_at_scan1_2013_jan_1,11,45,0.15611186671200272,0.5546874999999978,0.444,1,1,,,,,,,,,,,,,,,,,,,,,,,,,,,,,,,,,none,none
sun3d-home_at-home_at_scan1_2013_jan_1,12,19,0.2424295466479958,0.5429687499999978,0.5045,1,1,,,,,,,,,,,,,,,,,,,,,,,,,,,,,,,,,none,none
sun3d-home_at-home_at_scan1_2013_jan_1,12,20,0.3676410525701616,0.746093749999997,0.6425,1,1,,,,,,,,,,,,,,,,,,,,,,,,,,,,,,,,,none,none
sun3d-home_at-home_at_scan1_2013_jan_1,12,22,0.30561876422194995,0.8789062499999964,0.699,1,1,,,,,,,,,,,,,,,,,,,,,,,,,,,,,,,,,none,none
sun3d-home_at-home_at_scan1_2013_jan_1,13,19,0.24848141248886368,0.507812499999998,0.4485,1,1,,,,,,,,,,,,,,,,,,,,,,,,,,,,,,,,,none,none
sun3d-home_at-home_at_scan1_2013_jan_1,13,20,0.360249453308496,0.6328124999999974,0.5995,1,1,,,,,,,,,,,,,,,,,,,,,,,,,,,,,,,,,none,none
sun3d-home_at-home_at_scan1_2013_jan_1,13,21,0.3132744796306795,0.7265624999999971,0.6065,1,1,,,,,,,,,,,,,,,,,,,,,,,,,,,,,,,,,none,none
sun3d-home_at-home_at_scan1_2013_jan_1,13,22,0.269296185308172,0.6718749999999973,0.5825,1,1,,,,,,,,,,,,,,,,,,,,,,,,,,,,,,,,,none,none
sun3d-home_at-home_at_scan1_2013_jan_1,14,19,0.3281313336035671,0.753906249999997,0.709,1,1,,,,,,,,,,,,,,,,,,,,,,,,,,,,,,,,,none,none
sun3d-home_at-home_at_scan1_2013_jan_1,14,22,0.2943521145791109,0.746093749999997,0.6735,1,1,,,,,,,,,,,,,,,,,,,,,,,,,,,,,,,,,none,none
sun3d-home_at-home_at_scan1_2013_jan_1,15,19,0.17553246753246754,0.6054687499999976,0.556,1,1,,,,,,,,,,,,,,,,,,,,,,,,,,,,,,,,,none,none
sun3d-home_at-home_at_scan1_2013_jan_1,15,22,0.41174025974025974,0.9023437499999964,0.8015,1,1,,,,,,,,,,,,,,,,,,,,,,,,,,,,,,,,,none,none
sun3d-home_at-home_at_scan1_2013_jan_1,15,23,0.2095064935064935,0.5156249999999979,0.4425,1,1,,,,,,,,,,,,,,,,,,,,,,,,,,,,,,,,,none,none
sun3d-home_at-home_at_scan1_2013_jan_1,16,22,0.3380503144654088,0.742187499999997,0.6215,1,1,,,,,,,,,,,,,,,,,,,,,,,,,,,,,,,,,none,none
sun3d-home_at-home_at_scan1_2013_jan_1,17,19,0.14051692755733527,0.3984374999999984,0.4205,1,1,,,,,,,,,,,,,,,,,,,,,,,,,,,,,,,,,none,none
sun3d-home_at-home_at_scan1_2013_jan_1,17,20,0.3125591554423007,0.749999999999997,0.67,1,1,,,,,,,,,,,,,,,,,,,,,,,,,,,,,,,,,none,none
sun3d-home_at-home_at_scan1_2013_jan_1,17,23,0.27193301783764107,0.4726562499999981,0.4645,1,1,,,,,,,,,,,,,,,,,,,,,,,,,,,,,,,,,none,none
sun3d-home_at-home_at_scan1_2013_jan_1,18,22,0.29376146788990826,0.6484374999999974,0.5135,1,1,,,,,,,,,,,,,,,,,,,,,,,,,,,,,,,,,none,none
sun3d-home_at-home_at_scan1_2013_jan_1,19,21,0.1628380881808077,0.1523437499999994,0.1025,1,1,,,,,,,,,,,,,,,,,,,,,,,,,,,,,,,,,none,none
sun3d-home_at-home_at_scan1_2013_jan_1,20,22,0.1567528735632184,0.1015624999999996,0.089,1,0,,,,,,,,,,,,,,,,,,,,,,,,,,,,,,,,,none,none
sun3d-home_at-home_at_scan1_2013_jan_1,21,23,0.37821080602302926,0.48828124999999806,0.4885,1,1,,,,,,,,,,,,,,,,,,,,,,,,,,,,,,,,,none,none
sun3d-home_at-home_at_scan1_2013_jan_1,22,31,0.4153333874766507,0.6757812499999973,0.5895,1,1,,,,,,,,,,,,,,,,,,,,,,,,,,,,,,,,,none,none
sun3d-home_at-home_at_scan1_2013_jan_1,22,32,0.43450012182246406,0.7812499999999969,0.653,1,1,,,,,,,,,,,,,,,,,,,,,,,,,,,,,,,,,none,none
sun3d-home_at-home_at_scan1_2013_jan_1,22,42,0.2771867132299196,0.042968749999999827,0.0395,1,0,,,,,,,,,,,,,,,,,,,,,,,,,,,,,,,,,none,none
sun3d-home_at-home_at_scan1_2013_jan_1,22,43,0.2522537155851539,0.0,0.0,1,0,,,,,,,,,,,,,,,,,,,,,,,,,,,,,,,,,none,none
sun3d-home_at-home_at_scan1_2013_jan_1,23,24,0.4736136309852489,0.757812499999997,0.6705,1,0,,,,,,,,,,,,,,,,,,,,,,,,,,,,,,,,,none,none
sun3d-home_at-home_at_scan1_2013_jan_1,23,30,0.20706791827719492,0.3984374999999984,0.46,1,1,,,,,,,,,,,,,,,,,,,,,,,,,,,,,,,,,none,none
sun3d-home_at-home_at_scan1_2013_jan_1,23,43,0.45349846178117853,0.3203124999999987,0.1255,1,0,,,,,,,,,,,,,,,,,,,,,,,,,,,,,,,,,none,none
sun3d-home_at-home_at_scan1_2013_jan_1,23,44,0.37067129447030056,0.07421874999999971,0.0235,1,0,,,,,,,,,,,,,,,,,,,,,,,,,,,,,,,,,none,none
sun3d-home_at-home_at_scan1_2013_jan_1,23,45,0.3806105545476059,0.015624999999999938,0.017,1,0,,,,,,,,,,,,,,,,,,,,,,,,,,,,,,,,,none,none
sun3d-home_at-home_at_scan1_2013_jan_1,23,46,0.41105939891141435,0.33203124999999867,0.1955,1,1,,,,,,,,,,,,,,,,,,,,,,,,,,,,,,,,,none,none
sun3d-home_at-home_at_scan1_2013_jan_1,23,47,0.38352922615760826,0.48437499999999806,0.2385,1,1,,,,,,,,,,,,,,,,,,,,,,,,,,,,,,,,,none,none
sun3d-home_at-home_at_scan1_2013_jan_1,24,27,0.22165282823040997,0.4765624999999981,0.234,1,0,,,,,,,,,,,,,,,,,,,,,,,,,,,,,,,,,none,none
sun3d-home_at-home_at_scan1_2013_jan_1,24,32,0.29462895692786717,0.738281249999997,0.785,1,1,,,,,,,,,,,,,,,,,,,,,,,,,,,,,,,,,none,none
sun3d-home_at-home_at_scan1_2013_jan_1,24,42,0.3103918007265179,0.09765624999999961,0.029,1,0,,,,,,,,,,,,,,,,,,,,,,,,,,,,,,,,,none,none
sun3d-home_at-home_at_scan1_2013_jan_1,24,43,0.3007913855734302,0.1249999999999995,0.0445,1,0,,,,,,,,,,,,,,,,,,,,,,,,,,,,,,,,,none,none
sun3d-home_at-home_at_scan1_2013_jan_1,24,44,0.2760119356512714,0.08203124999999967,0.0375,1,0,,,,,,,,,,,,,,,,,,,,,,,,,,,,,,,,,none,none
sun3d-home_at-home_at_scan1_2013_jan_1,24,45,0.28444473274519977,0.14062499999999944,0.041,1,0,,,,,,,,,,,,,,,,,,,,,,,,,,,,,,,,,none,none
sun3d-home_at-home_at_scan1_2013_jan_1,24,46,0.23177218474312403,0.12109374999999951,0.0715,1,1,,,,,,,,,,,,,,,,,,,,,,,,,,,,,,,,,none,none
sun3d-home_at-home_at_scan1_2013_jan_1,24,47,0.23696159833938765,0.08593749999999965,0.016,1,0,,,,,,,,,,,,,,,,,,,,,,,,,,,,,,,,,none,none
sun3d-home_at-home_at_scan1_2013_jan_1,25,31,0.20112392783200236,0.1249999999999995,0.0255,1,0,,,,,,,,,,,,,,,,,,,,,,,,,,,,,,,,,none,none
sun3d-home_at-home_at_scan1_2013_jan_1,26,30,0.32721656976744184,0.6132812499999976,0.4745,1,1,,,,,,,,,,,,,,,,,,,,,,,,,,,,,,,,,none,none
sun3d-home_at-home_at_scan1_2013_jan_1,27,29,0.22140287769784173,0.35937499999999856,0.256,1,1,,,,,,,,,,,,,,,,,,,,,,,,,,,,,,,,,none,none
sun3d-home_at-home_at_scan1_2013_jan_1,28,30,0.22050762631077217,0.5468749999999978,0.4895,1,1,,,,,,,,,,,,,,,,,,,,,,,,,,,,,,,,,none,none
sun3d-home_at-home_at_scan1_2013_jan_1,29,32,0.25788559583169923,0.7343749999999971,0.7935,1,1,,,,,,,,,,,,,,,,,,,,,,,,,,,,,,,,,none,none
sun3d-home_at-home_at_scan1_2013_jan_1,29,42,0.31060563617009357,0.20703124999999917,0.091,1,1,,,,,,,,,,,,,,,,,,,,,,,,,,,,,,,,,none,none
sun3d-home_at-home_at_scan1_2013_jan_1,29,43,0.3069639755728612,0.10937499999999957,0.0265,1,0,,,,,,,,,,,,,,,,,,,,,,,,,,,,,,,,,none,none
sun3d-home_at-home_at_scan1_2013_jan_1,29,44,0.2963751470670626,0.11718749999999953,0.0265,1,0,,,,,,,,,,,,,,,,,,,,,,,,,,,,,,,,,none,none
sun3d-home_at-home_at_scan1_2013_jan_1,29,45,0.3071320522158104,0.08593749999999965,0.0185,1,0,,,,,,,,,,,,,,,,,,,,,,,,,,,,,,,,,none,none
sun3d-home_at-home_at_scan1_2013_jan_1,29,46,0.2409098548938316,0.031249999999999875,0.026,1,0,,,,,,,,,,,,,,,,,,,,,,,,,,,,,,,,,none,none
sun3d-home_at-home_at_scan1_2013_jan_1,29,47,0.23962126729788782,0.06249999999999975,0.027,1,0,,,,,,,,,,,,,,,,,,,,,,,,,,,,,,,,,none,none
sun3d-home_at-home_at_scan1_2013_jan_1,30,33,0.25615514333895445,0.5273437499999979,0.4705,1,1,,,,,,,,,,,,,,,,,,,,,,,,,,,,,,,,,none,none
sun3d-home_at-home_at_scan1_2013_jan_1,30,34,0.1163575042158516,0.07031249999999972,0.1515,1,1,,,,,,,,,,,,,,,,,,,,,,,,,,,,,,,,,none,none
sun3d-home_at-home_at_scan1_2013_jan_1,30,36,0.11475548060708263,0.0,0.0,1,0,,,,,,,,,,,,,,,,,,,,,,,,,,,,,,,,,none,none
sun3d-home_at-home_at_scan1_2013_jan_1,30,41,0.16214165261382799,0.11718749999999953,0.205,1,1,,,,,,,,,,,,,,,,,,,,,,,,,,,,,,,,,none,none
sun3d-home_at-home_at_scan1_2013_jan_1,30,42,0.41829679595278246,0.36328124999999856,0.249,1,1,,,,,,,,,,,,,,,,,,,,,,,,,,,,,,,,,none,none
sun3d-home_at-home_at_scan1_2013_jan_1,30,46,0.29772344013490726,0.35937499999999856,0.2675,1,1,,,,,,,,,,,,,,,,,,,,,,,,,,,,,,,,,none,none
sun3d-home_at-home_at_scan1_2013_jan_1,30,48,0.22967959527824622,0.0781249999999997,0.115,1,0,,,,,,,,,,,,,,,,,,,,,,,,,,,,,,,,,none,none
sun3d-home_at-home_at_scan1_2013_jan_1,31,35,0.32608004361059373,0.4492187499999982,0.4265,1,1,,,,,,,,,,,,,,,,,,,,,,,,,,,,,,,,,none,none
sun3d-home_at-home_at_scan1_2013_jan_1,31,37,0.3949030118566302,0.5507812499999978,0.372,1,1,,,,,,,,,,,,,,,,,,,,,,,,,,,,,,,,,none,none
sun3d-home_at-home_at_scan1_2013_jan_1,31,38,0.1915686185435879,0.6210937499999976,0.5755,1,1,,,,,,,,,,,,,,,,,,,,,,,,,,,,,,,,,none,none
sun3d-home_at-home_at_scan1_2013_jan_1,31,41,0.32467178485440423,0.5898437499999977,0.4855,1,1,,,,,,,,,,,,,,,,,,,,,,,,,,,,,,,,,none,none
sun3d-home_at-home_at_scan1_2013_jan_1,31,42,0.44891654931177033,0.6171874999999976,0.319,1,1,,,,,,,,,,,,,,,,,,,,,,,,,,,,,,,,,none,none
sun3d-home_at-home_at_scan1_2013_jan_1,31,46,0.27933493844546403,0.13281249999999947,0.129,1,1,,,,,,,,,,,,,,,,,,,,,,,,,,,,,,,,,none,none
sun3d-home_at-home_at_scan1_2013_jan_1,31,49,0.29591604960705037,0.6718749999999973,0.467,1,1,,,,,,,,,,,,,,,,,,,,,,,,,,,,,,,,,none,none
sun3d-home_at-home_at_scan1_2013_jan_1,32,34,0.2187655550024888,0.48437499999999806,0.5345,1,1,,,,,,,,,,,,,,,,,,,,,,,,,,,,,,,,,none,none
sun3d-home_at-home_at_scan1_2013_jan_1,32,36,0.19810851169736188,0.48828124999999806,0.489,1,1,,,,,,,,,,,,,,,,,,,,,,,,,,,,,,,,,none,none
sun3d-home_at-home_at_scan1_2013_jan_1,32,37,0.15797660527625684,0.26562499999999895,0.267,1,1,,,,,,,,,,,,,,,,,,,,,,,,,,,,,,,,,none,none
sun3d-home_at-home_at_scan1_2013_jan_1,32,38,0.16631408661025385,0.4765624999999981,0.563,1,1,,,,,,,,,,,,,,,,,,,,,,,,,,,,,,,,,none,none
sun3d-home_at-home_at_scan1_2013_jan_1,32,39,0.2032727725236436,0.4726562499999981,0.592,1,1,,,,,,,,,,,,,,,,,,,,,,,,,,,,,,,,,none,none
sun3d-home_at-home_at_scan1_2013_jan_1,32,40,0.366351418616227,0.5781249999999977,0.4365,1,1,,,,,,,,,,,,,,,,,,,,,,,,,,,,,,,,,none,none
sun3d-home_at-home_at_scan1_2013_jan_1,32,41,0.34115231458437034,0.48046874999999806,0.472,1,1,,,,,,,,,,,,,,,,,,,,,,,,,,,,,,,,,none,none
sun3d-home_at-home_at_scan1_2013_jan_1,32,43,0.2919985067197611,0.3203124999999987,0.1655,1,1,,,,,,,,,,,,,,,,,,,,,,,,,,,,,,,,,none,none
sun3d-home_at-home_at_scan1_2013_jan_1,32,44,0.2192633150821304,0.06640624999999974,0.0445,1,1,,,,,,,,,,,,,,,,,,,,,,,,,,,,,,,,,none,none
sun3d-home_at-home_at_scan1_2013_jan_1,32,45,0.22704081632653061,0.10937499999999957,0.105,1,1,,,,,,,,,,,,,,,,,,,,,,,,,,,,,,,,,none,none
sun3d-home_at-home_at_scan1_2013_jan_1,32,46,0.3871951219512195,0.4335937499999983,0.285,1,1,,,,,,,,,,,,,,,,,,,,,,,,,,,,,,,,,none,none
sun3d-home_at-home_at_scan1_2013_jan_1,32,47,0.5360876057740169,0.5585937499999978,0.3275,1,1,,,,,,,,,,,,,,,,,,,,,,,,,,,,,,,,,none,none
sun3d-home_at-home_at_scan1_2013_jan_1,32,48,0.22766301642608264,0.3007812499999988,0.321,1,1,,,,,,,,,,,,,,,,,,,,,,,,,,,,,,,,,none,none
sun3d-home_at-home_at_scan1_2013_jan_1,33,35,0.30277391672206444,0.7070312499999972,0.544,1,1,,,,,,,,,,,,,,,,,,,,,,,,,,,,,,,,,none,none
sun3d-home_at-home_at_scan1_2013_jan_1,33,46,0.31570677464192903,0.5195312499999979,0.4095,1,1,,,,,,,,,,,,,,,,,,,,,,,,,,,,,,,,,none,none
sun3d-home_at-home_at_scan1_2013_jan_1,33,49,0.28168248020789266,0.12109374999999951,0.0485,1,0,,,,,,,,,,,,,,,,,,,,,,,,,,,,,,,,,none,none
sun3d-home_at-home_at_scan1_2013_jan_1,34,38,0.46252788622420526,0.48437499999999806,0.421,1,1,,,,,,,,,,,,,,,,,,,,,,,,,,,,,,,,,none,none
sun3d-home_at-home_at_scan1_2013_jan_1,34,41,0.177356385945343,0.6601562499999973,0.574,1,1,,,,,,,,,,,,,,,,,,,,,,,,,,,,,,,,,none,none
sun3d-home_at-home_at_scan1_2013_jan_1,34,47,0.2692414947016174,0.8007812499999968,0.6835,1,1,,,,,,,,,,,,,,,,,,,,,,,,,,,,,,,,,none,none
sun3d-home_at-home_at_scan1_2013_jan_1,34,51,0.19192693809258227,0.4257812499999983,0.3795,1,1,,,,,,,,,,,,,,,,,,,,,,,,,,,,,,,,,none,none
sun3d-home_at-home_at_scan1_2013_jan_1,34,55,0.21639709983268265,0.6953124999999972,0.5975,1,1,,,,,,,,,,,,,,,,,,,,,,,,,,,,,,,,,none,none
sun3d-home_at-home_at_scan1_2013_jan_1,35,36,0.3300551879266602,0.9492187499999962,0.845,1,0,,,,,,,,,,,,,,,,,,,,,,,,,,,,,,,,,none,none
sun3d-home_at-home_at_scan1_2013_jan_1,35,37,0.2549891455025763,0.8359374999999967,0.682,1,1,,,,,,,,,,,,,,,,,,,,,,,,,,,,,,,,,none,none
sun3d-home_at-home_at_scan1_2013_jan_1,35,48,0.25590458504433344,0.8242187499999967,0.6905,1,1,,,,,,,,,,,,,,,,,,,,,,,,,,,,,,,,,none,none
sun3d-home_at-home_at_scan1_2013_jan_1,35,51,0.46229696858734604,0.6445312499999974,0.514,1,1,,,,,,,,,,,,,,,,,,,,,,,,,,,,,,,,,none,none
sun3d-home_at-home_at_scan1_2013_jan_1,35,52,0.24282687730494598,0.6484374999999974,0.3355,1,1,,,,,,,,,,,,,,,,,,,,,,,,,,,,,,,,,none,none
sun3d-home_at-home_at_scan1_2013_jan_1,35,53,0.39863468731200796,0.8710937499999966,0.674,1,1,,,,,,,,,,,,,,,,,,,,,,,,,,,,,,,,,none,none
sun3d-home_at-home_at_scan1_2013_jan_1,35,56,0.3129757016190202,0.8749999999999966,0.6755,1,1,,,,,,,,,,,,,,,,,,,,,,,,,,,,,,,,,none,none
sun3d-home_at-home_at_scan1_2013_jan_1,35,57,0.2338555697957262,0.6601562499999973,0.4415,1,0,,,,,,,,,,,,,,,,,,,,,,,,,,,,,,,,,none,none
sun3d-home_at-home_at_scan1_2013_jan_1,35,58,0.26576517667983157,0.8046874999999968,0.5545,1,1,,,,,,,,,,,,,,,,,,,,,,,,,,,,,,,,,none,none
sun3d-home_at-home_at_scan1_2013_jan_1,36,38,0.4139676113360324,0.7070312499999972,0.4835,1,1,,,,,,,,,,,,,,,,,,,,,,,,,,,,,,,,,none,none
sun3d-home_at-home_at_scan1_2013_jan_1,36,41,0.20421986919962629,0.7851562499999969,0.637,1,1,,,,,,,,,,,,,,,,,,,,,,,,,,,,,,,,,none,none
sun3d-home_at-home_at_scan1_2013_jan_1,36,47,0.279274369355341,0.8671874999999966,0.6265,1,1,,,,,,,,,,,,,,,,,,,,,,,,,,,,,,,,,none,none
sun3d-home_at-home_at_scan1_2013_jan_1,36,50,0.3466209903456867,0.7187499999999971,0.6405,1,1,,,,,,,,,,,,,,,,,,,,,,,,,,,,,,,,,none,none
sun3d-home_at-home_at_scan1_2013_jan_1,36,51,0.23143101837433822,0.5820312499999977,0.4905,1,1,,,,,,,,,,,,,,,,,,,,,,,,,,,,,,,,,none,none
sun3d-home_at-home_at_scan1_2013_jan_1,36,55,0.36472282777950793,0.7851562499999969,0.6555,1,1,,,,,,,,,,,,,,,,,,,,,,,,,,,,,,,,,none,none
sun3d-home_at-home_at_scan1_2013_jan_1,37,39,0.2485362749257531,0.6171874999999976,0.463,1,1,,,,,,,,,,,,,,,,,,,,,,,,,,,,,,,,,none,none
sun3d-home_at-home_at_scan1_2013_jan_1,37,41,0.178319898175647,0.6992187499999972,0.6205,1,1,,,,,,,,,,,,,,,,,,,,,,,,,,,,,,,,,none,none
sun3d-home_at-home_at_scan1_2013_jan_1,37,47,0.2143826898599915,0.7343749999999971,0.561,1,1,,,,,,,,,,,,,,,,,,,,,,,,,,,,,,,,,none,none
sun3d-home_at-home_at_scan1_2013_jan_1,37,48,0.42324989393296564,0.8320312499999967,0.6785,1,1,,,,,,,,,,,,,,,,,,,,,,,,,,,,,,,,,none,none
sun3d-home_at-home_at_scan1_2013_jan_1,37,50,0.26338565973695377,0.6171874999999976,0.4905,1,1,,,,,,,,,,,,,,,,,,,,,,,,,,,,,,,,,none,none
sun3d-home_at-home_at_scan1_2013_jan_1,37,51,0.27479847263470514,0.6093749999999976,0.313,1,0,,,,,,,,,,,,,,,,,,,,,,,,,,,,,,,,,none,none
sun3d-home_at-home_at_scan1_2013_jan_1,37,55,0.3015697921086126,0.5156249999999979,0.3165,1,1,,,,,,,,,,,,,,,,,,,,,,,,,,,,,,,,,none,none
sun3d-home_at-home_at_scan1_2013_jan_1,38,40,0.17928914808101507,0.6796874999999973,0.709,1,1,,,,,,,,,,,,,,,,,,,,,,,,,,,,,,,,,none,none
sun3d-home_at-home_at_scan1_2013_jan_1,38,41,0.19832138072346125,0.7226562499999971,0.7105,1,1,,,,,,,,,,,,,,,,,,,,,,,,,,,,,,,,,none,none
sun3d-home_at-home_at_scan1_2013_jan_1,38,48,0.3156277090393254,0.5390624999999979,0.5525,1,1,,,,,,,,,,,,,,,,,,,,,,,,,,,,,,,,,none,none
sun3d-home_at-home_at_scan1_2013_jan_1,39,41,0.3208515234709033,0.7851562499999969,0.744,1,1,,,,,,,,,,,,,,,,,,,,,,,,,,,,,,,,,none,none
sun3d-home_at-home_at_scan1_2013_jan_1,39,42,0.22665286466537649,0.6210937499999976,0.5575,1,1,,,,,,,,,,,,,,,,,,,,,,,,,,,,,,,,,none,none
sun3d-home_at-home_at_scan1_2013_jan_1,39,46,0.16562401548224492,0.4062499999999984,0.383,1,1,,,,,,,,,,,,,,,,,,,,,,,,,,,,,,,,,none,none
sun3d-home_at-home_at_scan1_2013_jan_1,39,47,0.16427381970385707,0.4492187499999982,0.3275,1,1,,,,,,,,,,,,,,,,,,,,,,,,,,,,,,,,,none,none
sun3d-home_at-home_at_scan1_2013_jan_1,40,42,0.33798677443056574,0.746093749999997,0.533,1,1,,,,,,,,,,,,,,,,,,,,,,,,,,,,,,,,,none,none
sun3d-home_at-home_at_scan1_2013_jan_1,40,43,0.16536554004408524,0.6679687499999973,0.4765,1,1,,,,,,,,,,,,,,,,,,,,,,,,,,,,,,,,,none,none
sun3d-home_at-home_at_scan1_2013_jan_1,40,44,0.19654665686994857,0.5781249999999977,0.4525,1,1,,,,,,,,,,,,,,,,,,,,,,,,,,,,,,,,,none,none
sun3d-home_at-home_at_scan1_2013_jan_1,40,45,0.20384827332843497,0.042968749999999827,0.041,1,0,,,,,,,,,,,,,,,,,,,,,,,,,,,,,,,,,none,none
sun3d-home_at-home_at_scan1_2013_jan_1,40,46,0.2659808963997061,0.7031249999999972,0.5165,1,1,,,,,,,,,,,,,,,,,,,,,,,,,,,,,,,,,none,none
sun3d-home_at-home_at_scan1_2013_jan_1,40,47,0.22974834680382072,0.6992187499999972,0.459,1,1,,,,,,,,,,,,,,,,,,,,,,,,,,,,,,,,,none,none
sun3d-home_at-home_at_scan1_2013_jan_1,40,48,0.14851212343864806,0.4492187499999982,0.4495,1,1,,,,,,,,,,,,,,,,,,,,,,,,,,,,,,,,,none,none
sun3d-home_at-home_at_scan1_2013_jan_1,41,43,0.27865300146412886,0.7734374999999969,0.5235,1,1,,,,,,,,,,,,,,,,,,,,,,,,,,,,,,,,,none,none
sun3d-home_at-home_at_scan1_2013_jan_1,41,44,0.3298975109809663,0.6679687499999973,0.4565,1,1,,,,,,,,,,,,,,,,,,,,,,,,,,,,,,,,,none,none
sun3d-home_at-home_at_scan1_2013_jan_1,41,45,0.34137628111273793,0.5859374999999977,0.417,1,1,,,,,,,,,,,,,,,,,,,,,,,,,,,,,,,,,none,none
sun3d-home_at-home_at_scan1_2013_jan_1,43,48,0.15927082576802964,0.0,0.0,1,0,,,,,,,,,,,,,,,,,,,,,,,,,,,,,,,,,none,none
sun3d-home_at-home_at_scan1_2013_jan_1,44,48,0.13186675832760453,0.0,0.0,1,0,,,,,,,,,,,,,,,,,,,,,,,,,,,,,,,,,none,none
sun3d-home_at-home_at_scan1_2013_jan_1,46,48,0.3351585834162992,0.5156249999999979,0.501,1,1,,,,,,,,,,,,,,,,,,,,,,,,,,,,,,,,,none,none
sun3d-home_at-home_at_scan1_2013_jan_1,47,49,0.2319298436734027,0.7148437499999971,0.6375,1,1,,,,,,,,,,,,,,,,,,,,,,,,,,,,,,,,,none,none
sun3d-home_at-home_at_scan1_2013_jan_1,48,50,0.3752944640753828,0.8984374999999964,0.764,1,1,,,,,,,,,,,,,,,,,,,,,,,,,,,,,,,,,none,none
sun3d-home_at-home_at_scan1_2013_jan_1,48,51,0.16013937966234787,0.45703124999999817,0.4425,1,1,,,,,,,,,,,,,,,,,,,,,,,,,,,,,,,,,none,none
sun3d-home_at-home_at_scan1_2013_jan_1,49,52,0.29478821802791905,0.5742187499999977,0.3175,1,1,,,,,,,,,,,,,,,,,,,,,,,,,,,,,,,,,none,none
sun3d-home_at-home_at_scan1_2013_jan_1,49,53,0.27219359022492234,0.503906249999998,0.2525,1,1,,,,,,,,,,,,,,,,,,,,,,,,,,,,,,,,,none,none
sun3d-home_at-home_at_scan1_2013_jan_1,49,54,0.32748557971261816,0.4062499999999984,0.2375,1,0,,,,,,,,,,,,,,,,,,,,,,,,,,,,,,,,,none,none
sun3d-home_at-home_at_scan1_2013_jan_1,49,55,0.534182053995017,0.5703124999999977,0.378,1,1,,,,,,,,,,,,,,,,,,,,,,,,,,,,,,,,,none,none
sun3d-home_at-home_at_scan1_2013_jan_1,49,56,0.22137274309703403,0.4414062499999982,0.2485,1,0,,,,,,,,,,,,,,,,,,,,,,,,,,,,,,,,,none,none
sun3d-home_at-home_at_scan1_2013_jan_1,50,52,0.2983756450663249,0.5390624999999979,0.336,1,1,,,,,,,,,,,,,,,,,,,,,,,,,,,,,,,,,none,none
sun3d-home_at-home_at_scan1_2013_jan_1,50,53,0.314307484501091,0.5429687499999978,0.276,1,1,,,,,,,,,,,,,,,,,,,,,,,,,,,,,,,,,none,none
sun3d-home_at-home_at_scan1_2013_jan_1,50,54,0.40501506597859593,0.36718749999999856,0.222,1,0,,,,,,,,,,,,,,,,,,,,,,,,,,,,,,,,,none,none
sun3d-home_at-home_at_scan1_2013_jan_1,50,55,0.520451633013542,0.5703124999999977,0.3965,1,0,,,,,,,,,,,,,,,,,,,,,,,,,,,,,,,,,none,none
sun3d-home_at-home_at_scan1_2013_jan_1,50,56,0.26183631766702453,0.5976562499999976,0.405,1,0,,,,,,,,,,,,,,,,,,,,,,,,,,,,,,,,,none,none
sun3d-home_at-home_at_scan1_2013_jan_1,50,57,0.21431787483115713,0.253906249999999,0.157,1,0,,,,,,,,,,,,,,,,,,,,,,,,,,,,,,,,,none,none
sun3d-home_at-home_at_scan1_2013_jan_1,50,58,0.2669275793994389,0.5859374999999977,0.409,1,0,,,,,,,,,,,,,,,,,,,,,,,,,,,,,,,,,none,none
sun3d-home_at-home_at_scan1_2013_jan_1,51,52,0.397734258364802,0.6015624999999976,0.266,1,0,,,,,,,,,,,,,,,,,,,,,,,,,,,,,,,,,none,none
sun3d-home_at-home_at_scan1_2013_jan_1,51,53,0.28602792658294546,0.36718749999999856,0.199,1,1,,,,,,,,,,,,,,,,,,,,,,,,,,,,,,,,,none,none
sun3d-home_at-home_at_scan1_2013_jan_1,51,54,0.4643013963291473,0.45312499999999817,0.3425,1,1,,,,,,,,,,,,,,,,,,,,,,,,,,,,,,,,,none,none
sun3d-home_at-home_at_scan1_2013_jan_1,51,57,0.21994379555633617,0.3984374999999984,0.2045,1,0,,,,,,,,,,,,,,,,,,,,,,,,,,,,,,,,,none,none
sun3d-home_at-home_at_scan1_2013_jan_1,51,58,0.23553174672872573,0.41015624999999833,0.1775,1,0,,,,,,,,,,,,,,,,,,,,,,,,,,,,,,,,,none,none
sun3d-home_at-home_at_scan1_2013_jan_1,52,57,0.2239558813639115,0.4257812499999983,0.1925,1,0,,,,,,,,,,,,,,,,,,,,,,,,,,,,,,,,,none,none
sun3d-home_at-home_at_scan1_2013_jan_1,52,58,0.22866366265384358,0.3984374999999984,0.195,1,1,,,,,,,,,,,,,,,,,,,,,,,,,,,,,,,,,none,none
sun3d-home_at-home_at_scan1_2013_jan_1,53,57,0.33566391050583655,0.742187499999997,0.4995,1,1,,,,,,,,,,,,,,,,,,,,,,,,,,,,,,,,,none,none
sun3d-home_at-home_at_scan1_2013_jan_1,54,56,0.24016497461928935,0.8046874999999968,0.6585,1,1,,,,,,,,,,,,,,,,,,,,,,,,,,,,,,,,,none,none
sun3d-home_at-home_at_scan1_2013_jan_1,54,57,0.2412357233502538,0.8476562499999966,0.626,1,1,,,,,,,,,,,,,,,,,,,,,,,,,,,,,,,,,none,none
sun3d-home_at-home_at_scan1_2013_jan_1,54,58,0.24432899746192893,0.7187499999999971,0.6155,1,1,,,,,,,,,,,,,,,,,,,,,,,,,,,,,,,,,none,none
sun3d-home_at-home_at_scan1_2013_jan_1,55,56,0.33362806961135005,0.8789062499999964,0.7645,1,0,,,,,,,,,,,,,,,,,,,,,,,,,,,,,,,,,none,none
sun3d-home_at-home_at_scan1_2013_jan_1,55,58,0.23672681966158918,0.8007812499999968,0.609,1,1,,,,,,,,,,,,,,,,,,,,,,,,,,,,,,,,,none,none
sun3d-home_at-home_at_scan1_2013_jan_1,57,59,0.24262447110647423,0.5546874999999978,0.4835,1,1,,,,,,,,,,,,,,,,,,,,,,,,,,,,,,,,,none,none
sun3d-home_md-home_md_scan9_2012_sep_30,0,1,0.47823978129547157,0.5624999999999978,0.2445,1,0,,,,,,,,,,,,,,,,,,,,,,,,,,,,,,,,,none,none
sun3d-home_md-home_md_scan9_2012_sep_30,0,51,0.27377750341725826,0.32812499999999867,0.2975,1,1,,,,,,,,,,,,,,,,,,,,,,,,,,,,,,,,,none,none
sun3d-home_md-home_md_scan9_2012_sep_30,0,52,0.2763349354027955,0.3749999999999985,0.3685,1,1,,,,,,,,,,,,,,,,,,,,,,,,,,,,,,,,,none,none
sun3d-home_md-home_md_scan9_2012_sep_30,0,53,0.24432294192865647,0.5390624999999979,0.476,1,1,,,,,,,,,,,,,,,,,,,,,,,,,,,,,,,,,none,none
sun3d-home_md-home_md_scan9_2012_sep_30,0,54,0.29004806208386613,0.6796874999999973,0.6045,1,1,,,,,,,,,,,,,,,,,,,,,,,,,,,,,,,,,none,none
sun3d-home_md-home_md_scan9_2012_sep_30,0,55,0.30279112835662947,0.7109374999999971,0.5835,1,1,,,,,,,,,,,,,,,,,,,,,,,,,,,,,,,,,none,none
sun3d-home_md-home_md_scan9_2012_sep_30,0,56,0.2633714008554169,0.46484374999999817,0.3445,1,1,,,,,,,,,,,,,,,,,,,,,,,,,,,,,,,,,none,none
sun3d-home_md-home_md_scan9_2012_sep_30,0,57,0.31826800123462234,0.7031249999999972,0.5715,1,1,,,,,,,,,,,,,,,,,,,,,,,,,,,,,,,,,none,none
sun3d-home_md-home_md_scan9_2012_sep_30,0,58,0.43105957052780103,0.7929687499999968,0.6795,1,1,,,,,,,,,,,,,,,,,,,,,,,,,,,,,,,,,none,none
sun3d-home_md-home_md_scan9_2012_sep_30,0,59,0.27452709555095023,0.6523437499999974,0.566,1,1,,,,,,,,,,,,,,,,,,,,,,,,,,,,,,,,,none,none
sun3d-home_md-home_md_scan9_2012_sep_30,1,3,0.2483701955765308,0.6015624999999976,0.425,1,1,,,,,,,,,,,,,,,,,,,,,,,,,,,,,,,,,none,none
sun3d-home_md-home_md_scan9_2012_sep_30,1,4,0.19657641083070032,0.5664062499999978,0.4695,1,1,,,,,,,,,,,,,,,,,,,,,,,,,,,,,,,,,none,none
sun3d-home_md-home_md_scan9_2012_sep_30,1,5,0.2672479302483702,0.5546874999999978,0.4195,1,1,,,,,,,,,,,,,,,,,,,,,,,,,,,,,,,,,none,none
sun3d-home_md-home_md_scan9_2012_sep_30,1,6,0.23473183218013838,0.3789062499999985,0.168,1,1,,,,,,,,,,,,,,,,,,,,,,,,,,,,,,,,,none,none
sun3d-home_md-home_md_scan9_2012_sep_30,1,7,0.39823221213454385,0.7304687499999971,0.5055,1,1,,,,,,,,,,,,,,,,,,,,,,,,,,,,,,,,,none,none
sun3d-home_md-home_md_scan9_2012_sep_30,1,8,0.2943646762388513,0.7187499999999971,0.4985,1,1,,,,,,,,,,,,,,,,,,,,,,,,,,,,,,,,,none,none
sun3d-home_md-home_md_scan9_2012_sep_30,1,37,0.17125944886613606,0.503906249999998,0.246,1,1,,,,,,,,,,,,,,,,,,,,,,,,,,,,,,,,,none,none
sun3d-home_md-home_md_scan9_2012_sep_30,1,38,0.3187617485901692,0.6718749999999973,0.4795,1,1,,,,,,,,,,,,,,,,,,,,,,,,,,,,,,,,,none,none
sun3d-home_md-home_md_scan9_2012_sep_30,1,46,0.2512498500179978,0.6406249999999974,0.541,1,1,,,,,,,,,,,,,,,,,,,,,,,,,,,,,,,,,none,none
sun3d-home_md-home_md_scan9_2012_sep_30,2,3,0.5547630994193965,0.9218749999999963,0.819,1,0,,,,,,,,,,,,,,,,,,,,,,,,,,,,,,,,,none,none
sun3d-home_md-home_md_scan9_2012_sep_30,2,4,0.456275535803885,0.8632812499999966,0.792,1,1,,,,,,,,,,,,,,,,,,,,,,,,,,,,,,,,,none,none
sun3d-home_md-home_md_scan9_2012_sep_30,2,6,0.4474589635151602,0.7656249999999969,0.6135,1,1,,,,,,,,,,,,,,,,,,,,,,,,,,,,,,,,,none,none
sun3d-home_md-home_md_scan9_2012_sep_30,2,9,0.19987814493584688,0.13671874999999944,0.0505,1,0,,,,,,,,,,,,,,,,,,,,,,,,,,,,,,,,,none,none
sun3d-home_md-home_md_scan9_2012_sep_30,2,36,0.2146082718084725,0.0039062499999999844,0.0,1,0,,,,,,,,,,,,,,,,,,,,,,,,,,,,,,,,,none,none
sun3d-home_md-home_md_scan9_2012_sep_30,2,37,0.35836140778438824,0.7656249999999969,0.434,1,1,,,,,,,,,,,,,,,,,,,,,,,,,,,,,,,,,none,none
sun3d-home_md-home_md_scan9_2012_sep_30,2,38,0.5839724750913913,0.8671874999999966,0.7045,1,1,,,,,,,,,,,,,,,,,,,,,,,,,,,,,,,,,none,none
sun3d-home_md-home_md_scan9_2012_sep_30,2,39,0.4143788975700667,0.8749999999999966,0.704,1,1,,,,,,,,,,,,,,,,,,,,,,,,,,,,,,,,,none,none
sun3d-home_md-home_md_scan9_2012_sep_30,2,40,0.37108451007096266,0.8437499999999967,0.7465,1,1,,,,,,,,,,,,,,,,,,,,,,,,,,,,,,,,,none,none
sun3d-home_md-home_md_scan9_2012_sep_30,2,41,0.24431940362698015,0.757812499999997,0.6765,1,1,,,,,,,,,,,,,,,,,,,,,,,,,,,,,,,,,none,none
sun3d-home_md-home_md_scan9_2012_sep_30,2,45,0.21679449501827827,0.6484374999999974,0.5835,1,1,,,,,,,,,,,,,,,,,,,,,,,,,,,,,,,,,none,none
sun3d-home_md-home_md_scan9_2012_sep_30,2,46,0.4907533510142642,0.8476562499999966,0.705,1,1,,,,,,,,,,,,,,,,,,,,,,,,,,,,,,,,,none,none
sun3d-home_md-home_md_scan9_2012_sep_30,2,47,0.24299333381119634,0.7734374999999969,0.658,1,1,,,,,,,,,,,,,,,,,,,,,,,,,,,,,,,,,none,none
sun3d-home_md-home_md_scan9_2012_sep_30,2,49,0.1748978567844599,0.761718749999997,0.655,1,1,,,,,,,,,,,,,,,,,,,,,,,,,,,,,,,,,none,none
sun3d-home_md-home_md_scan9_2012_sep_30,3,8,0.21591765001255336,0.6367187499999974,0.5945,1,1,,,,,,,,,,,,,,,,,,,,,,,,,,,,,,,,,none,none
sun3d-home_md-home_md_scan9_2012_sep_30,3,45,0.5021759143024521,0.7734374999999969,0.76,1,1,,,,,,,,,,,,,,,,,,,,,,,,,,,,,,,,,none,none
sun3d-home_md-home_md_scan9_2012_sep_30,3,48,0.25504226295087457,0.6874999999999972,0.5805,1,1,,,,,,,,,,,,,,,,,,,,,,,,,,,,,,,,,none,none
sun3d-home_md-home_md_scan9_2012_sep_30,3,49,0.34747677629927193,0.8828124999999964,0.747,1,1,,,,,,,,,,,,,,,,,,,,,,,,,,,,,,,,,none,none
sun3d-home_md-home_md_scan9_2012_sep_30,4,8,0.17271599503781665,0.48828124999999806,0.5035,1,1,,,,,,,,,,,,,,,,,,,,,,,,,,,,,,,,,none,none
sun3d-home_md-home_md_scan9_2012_sep_30,4,30,0.21085277522109727,0.5781249999999977,0.5355,1,1,,,,,,,,,,,,,,,,,,,,,,,,,,,,,,,,,none,none
sun3d-home_md-home_md_scan9_2012_sep_30,4,41,0.49525791348193204,0.9140624999999963,0.799,1,1,,,,,,,,,,,,,,,,,,,,,,,,,,,,,,,,,none,none
sun3d-home_md-home_md_scan9_2012_sep_30,4,45,0.47216775381167714,0.738281249999997,0.71,1,1,,,,,,,,,,,,,,,,,,,,,,,,,,,,,,,,,none,none
sun3d-home_md-home_md_scan9_2012_sep_30,4,47,0.4976589699467766,0.9218749999999963,0.819,1,1,,,,,,,,,,,,,,,,,,,,,,,,,,,,,,,,,none,none
sun3d-home_md-home_md_scan9_2012_sep_30,4,48,0.24610828764656448,0.8398437499999967,0.702,1,1,,,,,,,,,,,,,,,,,,,,,,,,,,,,,,,,,none,none
sun3d-home_md-home_md_scan9_2012_sep_30,4,49,0.3335067429669054,0.9414062499999962,0.807,1,1,,,,,,,,,,,,,,,,,,,,,,,,,,,,,,,,,none,none
sun3d-home_md-home_md_scan9_2012_sep_30,5,8,0.23692858034191588,0.7031249999999972,0.658,1,1,,,,,,,,,,,,,,,,,,,,,,,,,,,,,,,,,none,none
sun3d-home_md-home_md_scan9_2012_sep_30,5,37,0.14408718439332807,0.6171874999999976,0.511,1,1,,,,,,,,,,,,,,,,,,,,,,,,,,,,,,,,,none,none
sun3d-home_md-home_md_scan9_2012_sep_30,5,41,0.39374402063142133,0.8984374999999964,0.7965,1,1,,,,,,,,,,,,,,,,,,,,,,,,,,,,,,,,,none,none
sun3d-home_md-home_md_scan9_2012_sep_30,5,45,0.4779751258267127,0.749999999999997,0.7515,1,1,,,,,,,,,,,,,,,,,,,,,,,,,,,,,,,,,none,none
sun3d-home_md-home_md_scan9_2012_sep_30,5,47,0.39499188885653674,0.8710937499999966,0.774,1,1,,,,,,,,,,,,,,,,,,,,,,,,,,,,,,,,,none,none
sun3d-home_md-home_md_scan9_2012_sep_30,5,48,0.18393577638201405,0.6406249999999974,0.5955,1,1,,,,,,,,,,,,,,,,,,,,,,,,,,,,,,,,,none,none
sun3d-home_md-home_md_scan9_2012_sep_30,5,49,0.25261012437086644,0.7890624999999969,0.7205,1,1,,,,,,,,,,,,,,,,,,,,,,,,,,,,,,,,,none,none
sun3d-home_md-home_md_scan9_2012_sep_30,6,8,0.16961220597584234,0.48046874999999806,0.4285,1,1,,,,,,,,,,,,,,,,,,,,,,,,,,,,,,,,,none,none
sun3d-home_md-home_md_scan9_2012_sep_30,6,40,0.40008476372112733,0.8710937499999966,0.7515,1,1,,,,,,,,,,,,,,,,,,,,,,,,,,,,,,,,,none,none
sun3d-home_md-home_md_scan9_2012_sep_30,6,41,0.21809705446069083,0.7070312499999972,0.647,1,1,,,,,,,,,,,,,,,,,,,,,,,,,,,,,,,,,none,none
sun3d-home_md-home_md_scan9_2012_sep_30,6,45,0.45848696757787666,0.7695312499999969,0.69,1,1,,,,,,,,,,,,,,,,,,,,,,,,,,,,,,,,,none,none
sun3d-home_md-home_md_scan9_2012_sep_30,6,47,0.21686798050434414,0.7304687499999971,0.696,1,1,,,,,,,,,,,,,,,,,,,,,,,,,,,,,,,,,none,none
sun3d-home_md-home_md_scan9_2012_sep_30,7,8,0.39718873541900535,0.8593749999999966,0.7,1,0,,,,,,,,,,,,,,,,,,,,,,,,,,,,,,,,,none,none
sun3d-home_md-home_md_scan9_2012_sep_30,7,37,0.2784420908780321,0.7734374999999969,0.556,1,1,,,,,,,,,,,,,,,,,,,,,,,,,,,,,,,,,none,none
sun3d-home_md-home_md_scan9_2012_sep_30,7,40,0.5168627068182927,0.8515624999999966,0.7545,1,1,,,,,,,,,,,,,,,,,,,,,,,,,,,,,,,,,none,none
sun3d-home_md-home_md_scan9_2012_sep_30,7,41,0.2934257406413197,0.753906249999997,0.668,1,1,,,,,,,,,,,,,,,,,,,,,,,,,,,,,,,,,none,none
sun3d-home_md-home_md_scan9_2012_sep_30,7,45,0.3544828932597979,0.7890624999999969,0.6855,1,1,,,,,,,,,,,,,,,,,,,,,,,,,,,,,,,,,none,none
sun3d-home_md-home_md_scan9_2012_sep_30,7,47,0.29918492849821854,0.8593749999999966,0.7265,1,1,,,,,,,,,,,,,,,,,,,,,,,,,,,,,,,,,none,none
sun3d-home_md-home_md_scan9_2012_sep_30,7,49,0.17336131582800526,0.6601562499999973,0.623,1,1,,,,,,,,,,,,,,,,,,,,,,,,,,,,,,,,,none,none
sun3d-home_md-home_md_scan9_2012_sep_30,8,10,0.22545393409549427,0.249999999999999,0.1165,1,0,,,,,,,,,,,,,,,,,,,,,,,,,,,,,,,,,none,none
sun3d-home_md-home_md_scan9_2012_sep_30,8,32,0.2531102891728312,0.253906249999999,0.0975,1,0,,,,,,,,,,,,,,,,,,,,,,,,,,,,,,,,,none,none
sun3d-home_md-home_md_scan9_2012_sep_30,8,33,0.18947545393409548,0.249999999999999,0.09,1,0,,,,,,,,,,,,,,,,,,,,,,,,,,,,,,,,,none,none
sun3d-home_md-home_md_scan9_2012_sep_30,8,39,0.16425689307330196,0.3515624999999986,0.3765,1,1,,,,,,,,,,,,,,,,,,,,,,,,,,,,,,,,,none,none
sun3d-home_md-home_md_scan9_2012_sep_30,8,40,0.18022864828513785,0.41015624999999833,0.4105,1,1,,,,,,,,,,,,,,,,,,,,,,,,,,,,,,,,,none,none
sun3d-home_md-home_md_scan9_2012_sep_30,8,46,0.2441156691324815,0.496093749999998,0.469,1,1,,,,,,,,,,,,,,,,,,,,,,,,,,,,,,,,,none,none
sun3d-home_md-home_md_scan9_2012_sep_30,9,12,0.35895941120746194,0.4726562499999981,0.333,1,1,,,,,,,,,,,,,,,,,,,,,,,,,,,,,,,,,none,none
sun3d-home_md-home_md_scan9_2012_sep_30,9,32,0.3556802448444218,0.18359374999999928,0.141,1,1,,,,,,,,,,,,,,,,,,,,,,,,,,,,,,,,,none,none
sun3d-home_md-home_md_scan9_2012_sep_30,9,33,0.3421263572105225,0.07421874999999971,0.053,1,0,,,,,,,,,,,,,,,,,,,,,,,,,,,,,,,,,none,none
sun3d-home_md-home_md_scan9_2012_sep_30,10,32,0.3257532363386413,0.26562499999999895,0.146,1,0,,,,,,,,,,,,,,,,,,,,,,,,,,,,,,,,,none,none
sun3d-home_md-home_md_scan9_2012_sep_30,10,33,0.3505556192003666,0.249999999999999,0.1085,1,0,,,,,,,,,,,,,,,,,,,,,,,,,,,,,,,,,none,none
sun3d-home_md-home_md_scan9_2012_sep_30,10,35,0.37300950853476916,0.5624999999999978,0.2735,1,1,,,,,,,,,,,,,,,,,,,,,,,,,,,,,,,,,none,none
sun3d-home_md-home_md_scan9_2012_sep_30,10,36,0.30816817504868826,0.7695312499999969,0.4925,1,1,,,,,,,,,,,,,,,,,,,,,,,,,,,,,,,,,none,none
sun3d-home_md-home_md_scan9_2012_sep_30,11,32,0.3233006179571065,0.13671874999999944,0.0095,1,0,,,,,,,,,,,,,,,,,,,,,,,,,,,,,,,,,none,none
sun3d-home_md-home_md_scan9_2012_sep_30,11,33,0.27851690294438386,0.0781249999999997,0.0025,1,0,,,,,,,,,,,,,,,,,,,,,,,,,,,,,,,,,none,none
sun3d-home_md-home_md_scan9_2012_sep_30,11,35,0.21105052708106142,0.3437499999999986,0.0895,1,1,,,,,,,,,,,,,,,,,,,,,,,,,,,,,,,,,none,none
sun3d-home_md-home_md_scan9_2012_sep_30,11,36,0.2004362050163577,0.4335937499999983,0.1515,1,1,,,,,,,,,,,,,,,,,,,,,,,,,,,,,,,,,none,none
sun3d-home_md-home_md_scan9_2012_sep_30,12,13,0.3746470350947963,0.26562499999999895,0.218,1,0,,,,,,,,,,,,,,,,,,,,,,,,,,,,,,,,,none,none
sun3d-home_md-home_md_scan9_2012_sep_30,12,14,0.15439693424768053,0.0,0.0,1,0,,,,,,,,,,,,,,,,,,,,,,,,,,,,,,,,,none,none
sun3d-home_md-home_md_scan9_2012_sep_30,12,32,0.32573618394513915,0.031249999999999875,0.0,1,0,,,,,,,,,,,,,,,,,,,,,,,,,,,,,,,,,none,none
sun3d-home_md-home_md_scan9_2012_sep_30,12,33,0.3608309802339653,0.042968749999999827,0.012,1,0,,,,,,,,,,,,,,,,,,,,,,,,,,,,,,,,,none,none
sun3d-home_md-home_md_scan9_2012_sep_30,12,35,0.2680516337232755,0.1015624999999996,0.0405,1,1,,,,,,,,,,,,,,,,,,,,,,,,,,,,,,,,,none,none
sun3d-home_md-home_md_scan9_2012_sep_30,13,17,0.3348763199768552,0.6367187499999974,0.4755,1,1,,,,,,,,,,,,,,,,,,,,,,,,,,,,,,,,,none,none
sun3d-home_md-home_md_scan9_2012_sep_30,13,18,0.3698105019528425,0.7148437499999971,0.6065,1,1,,,,,,,,,,,,,,,,,,,,,,,,,,,,,,,,,none,none
sun3d-home_md-home_md_scan9_2012_sep_30,13,19,0.3280052075799219,0.5976562499999976,0.4975,1,1,,,,,,,,,,,,,,,,,,,,,,,,,,,,,,,,,none,none
sun3d-home_md-home_md_scan9_2012_sep_30,13,23,0.21423405178648922,0.18359374999999928,0.134,1,1,,,,,,,,,,,,,,,,,,,,,,,,,,,,,,,,,none,none
sun3d-home_md-home_md_scan9_2012_sep_30,13,54,0.3622161145667583,0.5468749999999978,0.385,1,1,,,,,,,,,,,,,,,,,,,,,,,,,,,,,,,,,none,none
sun3d-home_md-home_md_scan9_2012_sep_30,13,55,0.399175466512368,0.7265624999999971,0.612,1,1,,,,,,,,,,,,,,,,,,,,,,,,,,,,,,,,,none,none
sun3d-home_md-home_md_scan9_2012_sep_30,13,56,0.354549399681759,0.6054687499999976,0.502,1,1,,,,,,,,,,,,,,,,,,,,,,,,,,,,,,,,,none,none
sun3d-home_md-home_md_scan9_2012_sep_30,13,57,0.36069723708954143,0.6601562499999973,0.5395,1,0,,,,,,,,,,,,,,,,,,,,,,,,,,,,,,,,,none,none
sun3d-home_md-home_md_scan9_2012_sep_30,13,58,0.3476059597859106,0.5390624999999979,0.392,1,1,,,,,,,,,,,,,,,,,,,,,,,,,,,,,,,,,none,none
sun3d-home_md-home_md_scan9_2012_sep_30,14,17,0.19955070955016163,0.6523437499999974,0.475,1,1,,,,,,,,,,,,,,,,,,,,,,,,,,,,,,,,,none,none
sun3d-home_md-home_md_scan9_2012_sep_30,14,18,0.2501232809161142,0.742187499999997,0.6565,1,1,,,,,,,,,,,,,,,,,,,,,,,,,,,,,,,,,none,none
sun3d-home_md-home_md_scan9_2012_sep_30,14,19,0.22623417894909867,0.5898437499999977,0.492,1,1,,,,,,,,,,,,,,,,,,,,,,,,,,,,,,,,,none,none
sun3d-home_md-home_md_scan9_2012_sep_30,14,23,0.23083666648402829,0.253906249999999,0.17,1,1,,,,,,,,,,,,,,,,,,,,,,,,,,,,,,,,,none,none
sun3d-home_md-home_md_scan9_2012_sep_30,14,24,0.342227823132979,0.6718749999999973,0.495,1,1,,,,,,,,,,,,,,,,,,,,,,,,,,,,,,,,,none,none
sun3d-home_md-home_md_scan9_2012_sep_30,14,25,0.2206454440852556,0.4062499999999984,0.2915,1,1,,,,,,,,,,,,,,,,,,,,,,,,,,,,,,,,,none,none
sun3d-home_md-home_md_scan9_2012_sep_30,14,54,0.2809161141855241,0.3203124999999987,0.2555,1,1,,,,,,,,,,,,,,,,,,,,,,,,,,,,,,,,,none,none
sun3d-home_md-home_md_scan9_2012_sep_30,14,55,0.33581721549504134,0.5273437499999979,0.418,1,1,,,,,,,,,,,,,,,,,,,,,,,,,,,,,,,,,none,none
sun3d-home_md-home_md_scan9_2012_sep_30,14,56,0.3162566434715906,0.5781249999999977,0.484,1,1,,,,,,,,,,,,,,,,,,,,,,,,,,,,,,,,,none,none
sun3d-home_md-home_md_scan9_2012_sep_30,14,57,0.3022848063119829,0.5312499999999979,0.4205,1,1,,,,,,,,,,,,,,,,,,,,,,,,,,,,,,,,,none,none
sun3d-home_md-home_md_scan9_2012_sep_30,14,58,0.2820667360692565,0.007812499999999969,0.0035,1,0,,,,,,,,,,,,,,,,,,,,,,,,,,,,,,,,,none,none
sun3d-home_md-home_md_scan9_2012_sep_30,15,17,0.23997429305912596,0.6679687499999973,0.562,1,1,,,,,,,,,,,,,,,,,,,,,,,,,,,,,,,,,none,none
sun3d-home_md-home_md_scan9_2012_sep_30,15,18,0.2667095115681234,0.7187499999999971,0.673,1,1,,,,,,,,,,,,,,,,,,,,,,,,,,,,,,,,,none,none
sun3d-home_md-home_md_scan9_2012_sep_30,15,19,0.2492287917737789,0.6562499999999973,0.611,1,1,,,,,,,,,,,,,,,,,,,,,,,,,,,,,,,,,none,none
sun3d-home_md-home_md_scan9_2012_sep_30,15,23,0.25790488431876607,0.45312499999999817,0.384,1,1,,,,,,,,,,,,,,,,,,,,,,,,,,,,,,,,,none,none
sun3d-home_md-home_md_scan9_2012_sep_30,15,24,0.3853470437017995,0.6640624999999973,0.608,1,1,,,,,,,,,,,,,,,,,,,,,,,,,,,,,,,,,none,none
sun3d-home_md-home_md_scan9_2012_sep_30,15,25,0.25089974293059125,0.29296874999999883,0.2275,1,1,,,,,,,,,,,,,,,,,,,,,,,,,,,,,,,,,none,none
sun3d-home_md-home_md_scan9_2012_sep_30,15,54,0.29704370179948586,0.5585937499999978,0.432,1,1,,,,,,,,,,,,,,,,,,,,,,,,,,,,,,,,,none,none
sun3d-home_md-home_md_scan9_2012_sep_30,15,55,0.3375321336760925,0.7265624999999971,0.556,1,1,,,,,,,,,,,,,,,,,,,,,,,,,,,,,,,,,none,none
sun3d-home_md-home_md_scan9_2012_sep_30,15,56,0.34723650385604116,0.7265624999999971,0.5585,1,1,,,,,,,,,,,,,,,,,,,,,,,,,,,,,,,,,none,none
sun3d-home_md-home_md_scan9_2012_sep_30,15,57,0.31850899742930594,0.7109374999999971,0.5115,1,1,,,,,,,,,,,,,,,,,,,,,,,,,,,,,,,,,none,none
sun3d-home_md-home_md_scan9_2012_sep_30,15,58,0.29633676092544986,0.46484374999999817,0.3775,1,1,,,,,,,,,,,,,,,,,,,,,,,,,,,,,,,,,none,none
sun3d-home_md-home_md_scan9_2012_sep_30,16,17,0.3805818948050895,0.7656249999999969,0.6985,1,0,,,,,,,,,,,,,,,,,,,,,,,,,,,,,,,,,none,none
sun3d-home_md-home_md_scan9_2012_sep_30,16,19,0.34022206013453277,0.7226562499999971,0.6665,1,1,,,,,,,,,,,,,,,,,,,,,,,,,,,,,,,,,none,none
sun3d-home_md-home_md_scan9_2012_sep_30,16,20,0.20017829645838398,0.35546874999999856,0.3015,1,1,,,,,,,,,,,,,,,,,,,,,,,,,,,,,,,,,none,none
sun3d-home_md-home_md_scan9_2012_sep_30,16,21,0.17238025771942622,0.1249999999999995,0.1025,1,1,,,,,,,,,,,,,,,,,,,,,,,,,,,,,,,,,none,none
sun3d-home_md-home_md_scan9_2012_sep_30,16,22,0.22343787989302213,0.4257812499999983,0.2885,1,1,,,,,,,,,,,,,,,,,,,,,,,,,,,,,,,,,none,none
sun3d-home_md-home_md_scan9_2012_sep_30,16,23,0.33552151714077316,0.3476562499999986,0.2875,1,1,,,,,,,,,,,,,,,,,,,,,,,,,,,,,,,,,none,none
sun3d-home_md-home_md_scan9_2012_sep_30,16,25,0.22975929978118162,0.12109374999999951,0.053,1,0,,,,,,,,,,,,,,,,,,,,,,,,,,,,,,,,,none,none
sun3d-home_md-home_md_scan9_2012_sep_30,16,54,0.4241024394197261,0.6328124999999974,0.5365,1,1,,,,,,,,,,,,,,,,,,,,,,,,,,,,,,,,,none,none
sun3d-home_md-home_md_scan9_2012_sep_30,16,58,0.41802415106572655,0.5507812499999978,0.371,1,1,,,,,,,,,,,,,,,,,,,,,,,,,,,,,,,,,none,none
sun3d-home_md-home_md_scan9_2012_sep_30,17,23,0.3102785782901057,0.1718749999999993,0.191,1,1,,,,,,,,,,,,,,,,,,,,,,,,,,,,,,,,,none,none
sun3d-home_md-home_md_scan9_2012_sep_30,17,34,0.24543707973102785,0.06640624999999974,0.0355,1,0,,,,,,,,,,,,,,,,,,,,,,,,,,,,,,,,,none,none
sun3d-home_md-home_md_scan9_2012_sep_30,18,24,0.2675989570988386,0.249999999999999,0.2335,1,1,,,,,,,,,,,,,,,,,,,,,,,,,,,,,,,,,none,none
sun3d-home_md-home_md_scan9_2012_sep_30,18,59,0.5022517184166864,0.20703124999999917,0.1155,1,0,,,,,,,,,,,,,,,,,,,,,,,,,,,,,,,,,none,none
sun3d-home_md-home_md_scan9_2012_sep_30,19,21,0.3450385740888534,0.11718749999999953,0.0985,1,1,,,,,,,,,,,,,,,,,,,,,,,,,,,,,,,,,none,none
sun3d-home_md-home_md_scan9_2012_sep_30,19,24,0.3051343442404895,0.1757812499999993,0.1125,1,1,,,,,,,,,,,,,,,,,,,,,,,,,,,,,,,,,none,none
sun3d-home_md-home_md_scan9_2012_sep_30,19,59,0.5493482309124768,0.2812499999999989,0.197,1,0,,,,,,,,,,,,,,,,,,,,,,,,,,,,,,,,,none,none
sun3d-home_md-home_md_scan9_2012_sep_30,20,23,0.3861683848797251,0.17968749999999928,0.1515,1,1,,,,,,,,,,,,,,,,,,,,,,,,,,,,,,,,,none,none
sun3d-home_md-home_md_scan9_2012_sep_30,21,23,0.303266699171136,0.054687499999999785,0.0345,1,0,,,,,,,,,,,,,,,,,,,,,,,,,,,,,,,,,none,none
sun3d-home_md-home_md_scan9_2012_sep_30,21,34,0.2515845928815212,0.04687499999999981,0.022,1,0,,,,,,,,,,,,,,,,,,,,,,,,,,,,,,,,,none,none
sun3d-home_md-home_md_scan9_2012_sep_30,22,59,0.39589442815249265,0.11718749999999953,0.0415,1,0,,,,,,,,,,,,,,,,,,,,,,,,,,,,,,,,,none,none
sun3d-home_md-home_md_scan9_2012_sep_30,23,25,0.20536869340232858,0.019531249999999924,0.0,1,0,,,,,,,,,,,,,,,,,,,,,,,,,,,,,,,,,none,none
sun3d-home_md-home_md_scan9_2012_sep_30,23,59,0.4382276843467012,0.09374999999999963,0.036,1,0,,,,,,,,,,,,,,,,,,,,,,,,,,,,,,,,,none,none
sun3d-home_md-home_md_scan9_2012_sep_30,24,26,0.2683778234086242,0.0,0.0,1,0,,,,,,,,,,,,,,,,,,,,,,,,,,,,,,,,,none,none
sun3d-home_md-home_md_scan9_2012_sep_30,24,52,0.23408624229979466,0.0,0.0,1,0,,,,,,,,,,,,,,,,,,,,,,,,,,,,,,,,,none,none
sun3d-home_md-home_md_scan9_2012_sep_30,24,54,0.21519507186858317,0.027343749999999892,0.0155,1,0,,,,,,,,,,,,,,,,,,,,,,,,,,,,,,,,,none,none
sun3d-home_md-home_md_scan9_2012_sep_30,24,55,0.2899383983572895,0.13671874999999944,0.0845,1,0,,,,,,,,,,,,,,,,,,,,,,,,,,,,,,,,,none,none
sun3d-home_md-home_md_scan9_2012_sep_30,24,56,0.32464065708418893,0.1249999999999995,0.1015,1,0,,,,,,,,,,,,,,,,,,,,,,,,,,,,,,,,,none,none
sun3d-home_md-home_md_scan9_2012_sep_30,24,57,0.21396303901437372,0.027343749999999892,0.019,1,0,,,,,,,,,,,,,,,,,,,,,,,,,,,,,,,,,none,none
sun3d-home_md-home_md_scan9_2012_sep_30,25,27,0.3626282228999168,0.1757812499999993,0.136,1,1,,,,,,,,,,,,,,,,,,,,,,,,,,,,,,,,,none,none
sun3d-home_md-home_md_scan9_2012_sep_30,25,52,0.4247296922650402,0.0,0.0,1,0,,,,,,,,,,,,,,,,,,,,,,,,,,,,,,,,,none,none
sun3d-home_md-home_md_scan9_2012_sep_30,25,54,0.294981979484336,0.0,0.0,1,0,,,,,,,,,,,,,,,,,,,,,,,,,,,,,,,,,none,none
sun3d-home_md-home_md_scan9_2012_sep_30,25,55,0.39007485444968115,0.007812499999999969,0.0115,1,0,,,,,,,,,,,,,,,,,,,,,,,,,,,,,,,,,none,none
sun3d-home_md-home_md_scan9_2012_sep_30,25,56,0.4169670085943998,0.0039062499999999844,0.003,1,0,,,,,,,,,,,,,,,,,,,,,,,,,,,,,,,,,none,none
sun3d-home_md-home_md_scan9_2012_sep_30,25,57,0.3207651788189631,0.015624999999999938,0.0165,1,0,,,,,,,,,,,,,,,,,,,,,,,,,,,,,,,,,none,none
sun3d-home_md-home_md_scan9_2012_sep_30,25,58,0.2869420571111727,0.0,0.002,1,0,,,,,,,,,,,,,,,,,,,,,,,,,,,,,,,,,none,none
sun3d-home_md-home_md_scan9_2012_sep_30,25,59,0.2963681729969504,0.0039062499999999844,0.0015,1,0,,,,,,,,,,,,,,,,,,,,,,,,,,,,,,,,,none,none
sun3d-home_md-home_md_scan9_2012_sep_30,26,42,0.27156669482774803,0.46484374999999817,0.4275,1,0,,,,,,,,,,,,,,,,,,,,,,,,,,,,,,,,,none,none
sun3d-home_md-home_md_scan9_2012_sep_30,26,43,0.23674082418098188,0.4062499999999984,0.2725,1,0,,,,,,,,,,,,,,,,,,,,,,,,,,,,,,,,,none,none
sun3d-home_md-home_md_scan9_2012_sep_30,26,59,0.3171876466722989,0.042968749999999827,0.028,1,0,,,,,,,,,,,,,,,,,,,,,,,,,,,,,,,,,none,none
sun3d-home_md-home_md_scan9_2012_sep_30,27,29,0.18110456966638633,0.35937499999999856,0.3525,1,1,,,,,,,,,,,,,,,,,,,,,,,,,,,,,,,,,none,none
sun3d-home_md-home_md_scan9_2012_sep_30,27,42,0.41678347817960937,0.5820312499999977,0.527,1,1,,,,,,,,,,,,,,,,,,,,,,,,,,,,,,,,,none,none
sun3d-home_md-home_md_scan9_2012_sep_30,27,43,0.30613961312026916,0.499999999999998,0.353,1,0,,,,,,,,,,,,,,,,,,,,,,,,,,,,,,,,,none,none
sun3d-home_md-home_md_scan9_2012_sep_30,27,59,0.3404354733202504,0.027343749999999892,0.005,1,0,,,,,,,,,,,,,,,,,,,,,,,,,,,,,,,,,none,none
sun3d-home_md-home_md_scan9_2012_sep_30,28,42,0.42738632783786623,0.4765624999999981,0.477,1,0,,,,,,,,,,,,,,,,,,,,,,,,,,,,,,,,,none,none
sun3d-home_md-home_md_scan9_2012_sep_30,28,43,0.29497007245615875,0.3085937499999988,0.293,1,0,,,,,,,,,,,,,,,,,,,,,,,,,,,,,,,,,none,none
sun3d-home_md-home_md_scan9_2012_sep_30,28,44,0.13724666596660717,0.22656249999999908,0.072,1,0,,,,,,,,,,,,,,,,,,,,,,,,,,,,,,,,,none,none
sun3d-home_md-home_md_scan9_2012_sep_30,28,59,0.38527774860863173,0.027343749999999892,0.0285,1,0,,,,,,,,,,,,,,,,,,,,,,,,,,,,,,,,,none,none
sun3d-home_md-home_md_scan9_2012_sep_30,29,39,0.1657194137002692,0.0,0.0,1,0,,,,,,,,,,,,,,,,,,,,,,,,,,,,,,,,,none,none
sun3d-home_md-home_md_scan9_2012_sep_30,29,44,0.14268620999102602,0.09374999999999963,0.0285,1,0,,,,,,,,,,,,,,,,,,,,,,,,,,,,,,,,,none,none
sun3d-home_md-home_md_scan9_2012_sep_30,29,51,0.3413102004187855,0.18749999999999925,0.2645,1,1,,,,,,,,,,,,,,,,,,,,,,,,,,,,,,,,,none,none
sun3d-home_md-home_md_scan9_2012_sep_30,30,31,0.25343921261603847,0.3437499999999986,0.203,1,0,,,,,,,,,,,,,,,,,,,,,,,,,,,,,,,,,none,none
sun3d-home_md-home_md_scan9_2012_sep_30,30,38,0.35521753718823396,0.249999999999999,0.1125,1,0,,,,,,,,,,,,,,,,,,,,,,,,,,,,,,,,,none,none
sun3d-home_md-home_md_scan9_2012_sep_30,30,39,0.5191812996309138,0.4726562499999981,0.295,1,0,,,,,,,,,,,,,,,,,,,,,,,,,,,,,,,,,none,none
sun3d-home_md-home_md_scan9_2012_sep_30,30,40,0.5249972038921821,0.507812499999998,0.312,1,0,,,,,,,,,,,,,,,,,,,,,,,,,,,,,,,,,none,none
sun3d-home_md-home_md_scan9_2012_sep_30,30,41,0.5219774074488313,0.22656249999999908,0.174,1,1,,,,,,,,,,,,,,,,,,,,,,,,,,,,,,,,,none,none
sun3d-home_md-home_md_scan9_2012_sep_30,30,42,0.49401632926965666,0.5507812499999978,0.4325,1,0,,,,,,,,,,,,,,,,,,,,,,,,,,,,,,,,,none,none
sun3d-home_md-home_md_scan9_2012_sep_30,30,43,0.36662565708533723,0.13671874999999944,0.0775,1,0,,,,,,,,,,,,,,,,,,,,,,,,,,,,,,,,,none,none
sun3d-home_md-home_md_scan9_2012_sep_30,30,45,0.49200313164075604,0.4492187499999982,0.3275,1,0,,,,,,,,,,,,,,,,,,,,,,,,,,,,,,,,,none,none
sun3d-home_md-home_md_scan9_2012_sep_30,30,46,0.5311486410916005,0.45703124999999817,0.2805,1,0,,,,,,,,,,,,,,,,,,,,,,,,,,,,,,,,,none,none
sun3d-home_md-home_md_scan9_2012_sep_30,30,47,0.5280170003355329,0.23828124999999906,0.2535,1,1,,,,,,,,,,,,,,,,,,,,,,,,,,,,,,,,,none,none
sun3d-home_md-home_md_scan9_2012_sep_30,30,48,0.3864221004361928,0.14843749999999942,0.141,1,1,,,,,,,,,,,,,,,,,,,,,,,,,,,,,,,,,none,none
sun3d-home_md-home_md_scan9_2012_sep_30,30,49,0.5293591320881333,0.4414062499999982,0.372,1,1,,,,,,,,,,,,,,,,,,,,,,,,,,,,,,,,,none,none
sun3d-home_md-home_md_scan9_2012_sep_30,30,50,0.3519740521194497,0.41796874999999833,0.412,1,0,,,,,,,,,,,,,,,,,,,,,,,,,,,,,,,,,none,none
sun3d-home_md-home_md_scan9_2012_sep_30,31,33,0.20191285866099895,0.031249999999999875,0.0,1,0,,,,,,,,,,,,,,,,,,,,,,,,,,,,,,,,,none,none
sun3d-home_md-home_md_scan9_2012_sep_30,31,35,0.24831739284449167,0.08593749999999965,0.002,1,0,,,,,,,,,,,,,,,,,,,,,,,,,,,,,,,,,none,none
sun3d-home_md-home_md_scan9_2012_sep_30,31,36,0.2651434643995749,0.08593749999999965,0.0,1,0,,,,,,,,,,,,,,,,,,,,,,,,,,,,,,,,,none,none
sun3d-home_md-home_md_scan9_2012_sep_30,31,37,0.19819341126461212,0.0039062499999999844,0.0,1,0,,,,,,,,,,,,,,,,,,,,,,,,,,,,,,,,,none,none
sun3d-home_md-home_md_scan9_2012_sep_30,32,37,0.25751614579467,0.1562499999999994,0.068,1,1,,,,,,,,,,,,,,,,,,,,,,,,,,,,,,,,,none,none
sun3d-home_md-home_md_scan9_2012_sep_30,33,37,0.19354541263254957,0.18359374999999928,0.06,1,0,,,,,,,,,,,,,,,,,,,,,,,,,,,,,,,,,none,none
sun3d-home_md-home_md_scan9_2012_sep_30,34,36,0.1853181727508478,0.1523437499999994,0.082,1,1,,,,,,,,,,,,,,,,,,,,,,,,,,,,,,,,,none,none
sun3d-home_md-home_md_scan9_2012_sep_30,34,58,0.16197885497705963,0.007812499999999969,0.001,1,0,,,,,,,,,,,,,,,,,,,,,,,,,,,,,,,,,none,none
sun3d-home_md-home_md_scan9_2012_sep_30,37,39,0.14662133446663833,0.2734374999999989,0.26,1,1,,,,,,,,,,,,,,,,,,,,,,,,,,,,,,,,,none,none
sun3d-home_md-home_md_scan9_2012_sep_30,37,40,0.17700807479813005,0.2812499999999989,0.259,1,1,,,,,,,,,,,,,,,,,,,,,,,,,,,,,,,,,none,none
sun3d-home_md-home_md_scan9_2012_sep_30,37,46,0.19241393965150871,0.33203124999999867,0.305,1,0,,,,,,,,,,,,,,,,,,,,,,,,,,,,,,,,,none,none
sun3d-home_md-home_md_scan9_2012_sep_30,38,45,0.48953920069884255,0.761718749999997,0.6695,1,1,,,,,,,,,,,,,,,,,,,,,,,,,,,,,,,,,none,none
sun3d-home_md-home_md_scan9_2012_sep_30,38,48,0.2759117711290675,0.8281249999999967,0.7635,1,1,,,,,,,,,,,,,,,,,,,,,,,,,,,,,,,,,none,none
sun3d-home_md-home_md_scan9_2012_sep_30,38,49,0.3531338720244595,0.8828124999999964,0.7725,1,1,,,,,,,,,,,,,,,,,,,,,,,,,,,,,,,,,none,none
sun3d-home_md-home_md_scan9_2012_sep_30,39,42,0.2606525157232704,0.7773437499999969,0.7375,1,1,,,,,,,,,,,,,,,,,,,,,,,,,,,,,,,,,none,none
sun3d-home_md-home_md_scan9_2012_sep_30,39,43,0.16973270440251573,0.5976562499999976,0.5235,1,1,,,,,,,,,,,,,,,,,,,,,,,,,,,,,,,,,none,none
sun3d-home_md-home_md_scan9_2012_sep_30,39,44,0.14150943396226415,0.36718749999999856,0.1695,1,0,,,,,,,,,,,,,,,,,,,,,,,,,,,,,,,,,none,none
sun3d-home_md-home_md_scan9_2012_sep_30,39,48,0.3092374213836478,0.9179687499999963,0.8365,1,1,,,,,,,,,,,,,,,,,,,,,,,,,,,,,,,,,none,none
sun3d-home_md-home_md_scan9_2012_sep_30,39,49,0.38231132075471697,0.9570312499999962,0.86,1,1,,,,,,,,,,,,,,,,,,,,,,,,,,,,,,,,,none,none
sun3d-home_md-home_md_scan9_2012_sep_30,40,42,0.2416042888933846,0.6562499999999973,0.645,1,1,,,,,,,,,,,,,,,,,,,,,,,,,,,,,,,,,none,none
sun3d-home_md-home_md_scan9_2012_sep_30,40,43,0.14652033178231844,0.45703124999999817,0.312,1,1,,,,,,,,,,,,,,,,,,,,,,,,,,,,,,,,,none,none
sun3d-home_md-home_md_scan9_2012_sep_30,40,48,0.35140602872749344,0.8828124999999964,0.8335,1,1,,,,,,,,,,,,,,,,,,,,,,,,,,,,,,,,,none,none
sun3d-home_md-home_md_scan9_2012_sep_30,41,43,0.24557461500520633,0.6562499999999973,0.6195,1,1,,,,,,,,,,,,,,,,,,,,,,,,,,,,,,,,,none,none
sun3d-home_md-home_md_scan9_2012_sep_30,41,50,0.39453060777114046,0.753906249999997,0.5555,1,1,,,,,,,,,,,,,,,,,,,,,,,,,,,,,,,,,none,none
sun3d-home_md-home_md_scan9_2012_sep_30,42,45,0.3304689926493426,0.6054687499999976,0.598,1,1,,,,,,,,,,,,,,,,,,,,,,,,,,,,,,,,,none,none
sun3d-home_md-home_md_scan9_2012_sep_30,42,46,0.2975980950408945,0.7929687499999968,0.7825,1,1,,,,,,,,,,,,,,,,,,,,,,,,,,,,,,,,,none,none
sun3d-home_md-home_md_scan9_2012_sep_30,42,47,0.38606481002174137,0.8164062499999968,0.769,1,1,,,,,,,,,,,,,,,,,,,,,,,,,,,,,,,,,none,none
sun3d-home_md-home_md_scan9_2012_sep_30,43,44,0.46453401920990234,0.5312499999999979,0.407,1,0,,,,,,,,,,,,,,,,,,,,,,,,,,,,,,,,,none,none
sun3d-home_md-home_md_scan9_2012_sep_30,43,45,0.4212916448981232,0.7109374999999971,0.656,1,1,,,,,,,,,,,,,,,,,,,,,,,,,,,,,,,,,none,none
sun3d-home_md-home_md_scan9_2012_sep_30,43,47,0.17055821243419203,0.6210937499999976,0.599,1,1,,,,,,,,,,,,,,,,,,,,,,,,,,,,,,,,,none,none
sun3d-home_md-home_md_scan9_2012_sep_30,43,48,0.14933890608045652,0.21874999999999914,0.141,1,1,,,,,,,,,,,,,,,,,,,,,,,,,,,,,,,,,none,none
sun3d-home_md-home_md_scan9_2012_sep_30,43,49,0.1556082465940602,0.5859374999999977,0.496,1,1,,,,,,,,,,,,,,,,,,,,,,,,,,,,,,,,,none,none
sun3d-home_md-home_md_scan9_2012_sep_30,43,50,0.3665554796447374,0.753906249999997,0.5225,1,1,,,,,,,,,,,,,,,,,,,,,,,,,,,,,,,,,none,none
sun3d-home_md-home_md_scan9_2012_sep_30,43,51,0.25290358879556324,0.5546874999999978,0.4215,1,0,,,,,,,,,,,,,,,,,,,,,,,,,,,,,,,,,none,none
sun3d-home_md-home_md_scan9_2012_sep_30,45,48,0.21968649147072383,0.8046874999999968,0.746,1,1,,,,,,,,,,,,,,,,,,,,,,,,,,,,,,,,,none,none
sun3d-home_md-home_md_scan9_2012_sep_30,45,49,0.29279457287756044,0.8984374999999964,0.8025,1,1,,,,,,,,,,,,,,,,,,,,,,,,,,,,,,,,,none,none
sun3d-home_md-home_md_scan9_2012_sep_30,45,50,0.16436145689257722,0.5703124999999977,0.453,1,1,,,,,,,,,,,,,,,,,,,,,,,,,,,,,,,,,none,none
sun3d-home_md-home_md_scan9_2012_sep_30,46,48,0.27858635617256305,0.8867187499999964,0.8425,1,1,,,,,,,,,,,,,,,,,,,,,,,,,,,,,,,,,none,none
sun3d-home_md-home_md_scan9_2012_sep_30,46,49,0.34822361546499475,0.9257812499999963,0.8585,1,1,,,,,,,,,,,,,,,,,,,,,,,,,,,,,,,,,none,none
sun3d-home_md-home_md_scan9_2012_sep_30,47,50,0.3661594076147163,0.738281249999997,0.6645,1,1,,,,,,,,,,,,,,,,,,,,,,,,,,,,,,,,,none,none
sun3d-home_md-home_md_scan9_2012_sep_30,48,51,0.2023121387283237,0.0,0.0,1,0,,,,,,,,,,,,,,,,,,,,,,,,,,,,,,,,,none,none
sun3d-home_md-home_md_scan9_2012_sep_30,50,59,0.22649223221586262,0.499999999999998,0.3775,1,1,,,,,,,,,,,,,,,,,,,,,,,,,,,,,,,,,none,none
sun3d-home_md-home_md_scan9_2012_sep_30,51,53,0.1455272173582033,0.6249999999999976,0.466,1,1,,,,,,,,,,,,,,,,,,,,,,,,,,,,,,,,,none,none
sun3d-home_md-home_md_scan9_2012_sep_30,52,53,0.345846469682528,0.749999999999997,0.6415,1,0,,,,,,,,,,,,,,,,,,,,,,,,,,,,,,,,,none,none
sun3d-home_md-home_md_scan9_2012_sep_30,52,54,0.36065693965833273,0.749999999999997,0.6215,1,1,,,,,,,,,,,,,,,,,,,,,,,,,,,,,,,,,none,none
sun3d-home_md-home_md_scan9_2012_sep_30,52,55,0.245325903658626,0.49218749999999806,0.5075,1,1,,,,,,,,,,,,,,,,,,,,,,,,,,,,,,,,,none,none
sun3d-home_md-home_md_scan9_2012_sep_30,52,56,0.18117164014957107,0.3476562499999986,0.338,1,1,,,,,,,,,,,,,,,,,,,,,,,,,,,,,,,,,none,none
sun3d-home_md-home_md_scan9_2012_sep_30,52,57,0.2984822934232715,0.46093749999999817,0.4495,1,1,,,,,,,,,,,,,,,,,,,,,,,,,,,,,,,,,none,none
sun3d-home_md-home_md_scan9_2012_sep_30,52,58,0.39049783708483027,0.5742187499999977,0.511,1,1,,,,,,,,,,,,,,,,,,,,,,,,,,,,,,,,,none,none
sun3d-home_md-home_md_scan9_2012_sep_30,53,57,0.30229104794229955,0.0507812499999998,0.0795,1,0,,,,,,,,,,,,,,,,,,,,,,,,,,,,,,,,,none,none
sun3d-home_md-home_md_scan9_2012_sep_30,56,59,0.44312250537304265,0.35937499999999856,0.262,1,1,,,,,,,,,,,,,,,,,,,,,,,,,,,,,,,,,none,none
sun3d-hotel_uc-scan3,0,4,0.2834838353898118,0.7695312499999969,0.5445,1,1,,,,,,,,,,,,,,,,,,,,,,,,,,,,,,,,,none,none
sun3d-hotel_uc-scan3,0,9,0.4029778727510857,0.9062499999999963,0.7565,1,1,,,,,,,,,,,,,,,,,,,,,,,,,,,,,,,,,none,none
sun3d-hotel_uc-scan3,0,11,0.2985455297442614,0.8671874999999966,0.6885,1,1,,,,,,,,,,,,,,,,,,,,,,,,,,,,,,,,,none,none
sun3d-hotel_uc-scan3,0,18,0.39284483352864136,0.8437499999999967,0.625,1,1,,,,,,,,,,,,,,,,,,,,,,,,,,,,,,,,,none,none
sun3d-hotel_uc-scan3,0,20,0.3971186323843662,0.746093749999997,0.57,1,1,,,,,,,,,,,,,,,,,,,,,,,,,,,,,,,,,none,none
sun3d-hotel_uc-scan3,0,34,0.22627007651478598,0.6523437499999974,0.45,1,1,,,,,,,,,,,,,,,,,,,,,,,,,,,,,,,,,none,none
sun3d-hotel_uc-scan3,0,43,0.3612394016681602,0.9374999999999962,0.7375,1,1,,,,,,,,,,,,,,,,,,,,,,,,,,,,,,,,,none,none
sun3d-hotel_uc-scan3,0,46,0.30564555042393327,0.8320312499999967,0.6745,1,1,,,,,,,,,,,,,,,,,,,,,,,,,,,,,,,,,none,none
sun3d-hotel_uc-scan3,0,53,0.22272006617495002,0.6914062499999972,0.466,1,1,,,,,,,,,,,,,,,,,,,,,,,,,,,,,,,,,none,none
sun3d-hotel_uc-scan3,1,9,0.3407849147121535,0.8828124999999964,0.722,1,1,,,,,,,,,,,,,,,,,,,,,,,,,,,,,,,,,none,none
sun3d-hotel_uc-scan3,1,11,0.3384195095948827,0.9687499999999961,0.75,1,1,,,,,,,,,,,,,,,,,,,,,,,,,,,,,,,,,none,none
sun3d-hotel_uc-scan3,1,18,0.3395189232409382,0.7968749999999968,0.5605,1,1,,,,,,,,,,,,,,,,,,,,,,,,,,,,,,,,,none,none
sun3d-hotel_uc-scan3,1,20,0.3396521855010661,0.5624999999999978,0.443,1,1,,,,,,,,,,,,,,,,,,,,,,,,,,,,,,,,,none,none
sun3d-hotel_uc-scan3,1,34,0.30100613006396587,0.738281249999997,0.461,1,1,,,,,,,,,,,,,,,,,,,,,,,,,,,,,,,,,none,none
sun3d-hotel_uc-scan3,1,36,0.4189432302771855,0.9023437499999964,0.7995,1,1,,,,,,,,,,,,,,,,,,,,,,,,,,,,,,,,,none,none
sun3d-hotel_uc-scan3,1,43,0.39675506396588484,0.761718749999997,0.5695,1,1,,,,,,,,,,,,,,,,,,,,,,,,,,,,,,,,,none,none
sun3d-hotel_uc-scan3,1,46,0.3538113006396588,0.9062499999999963,0.6815,1,1,,,,,,,,,,,,,,,,,,,,,,,,,,,,,,,,,none,none
sun3d-hotel_uc-scan3,1,53,0.27531982942430705,0.8515624999999966,0.633,1,1,,,,,,,,,,,,,,,,,,,,,,,,,,,,,,,,,none,none
sun3d-hotel_uc-scan3,2,18,0.35530627192475234,0.8359374999999967,0.538,1,1,,,,,,,,,,,,,,,,,,,,,,,,,,,,,,,,,none,none
sun3d-hotel_uc-scan3,2,19,0.35168266450792185,0.7226562499999971,0.508,1,1,,,,,,,,,,,,,,,,,,,,,,,,,,,,,,,,,none,none
sun3d-hotel_uc-scan3,2,20,0.22285185613507574,0.6015624999999976,0.4365,1,1,,,,,,,,,,,,,,,,,,,,,,,,,,,,,,,,,none,none
sun3d-hotel_uc-scan3,2,21,0.17266103851046605,0.5468749999999978,0.241,1,1,,,,,,,,,,,,,,,,,,,,,,,,,,,,,,,,,none,none
sun3d-hotel_uc-scan3,2,36,0.24594271616360203,0.746093749999997,0.5945,1,1,,,,,,,,,,,,,,,,,,,,,,,,,,,,,,,,,none,none
sun3d-hotel_uc-scan3,2,43,0.39447207123857986,0.9218749999999963,0.766,1,1,,,,,,,,,,,,,,,,,,,,,,,,,,,,,,,,,none,none
sun3d-hotel_uc-scan3,2,47,0.1819513511429783,0.5976562499999976,0.321,1,0,,,,,,,,,,,,,,,,,,,,,,,,,,,,,,,,,none,none
sun3d-hotel_uc-scan3,3,11,0.3801755786113328,0.9296874999999963,0.766,1,1,,,,,,,,,,,,,,,,,,,,,,,,,,,,,,,,,none,none
sun3d-hotel_uc-scan3,3,18,0.3281723862729449,0.7851562499999969,0.569,1,1,,,,,,,,,,,,,,,,,,,,,,,,,,,,,,,,,none,none
sun3d-hotel_uc-scan3,3,20,0.24169193934557062,0.48437499999999806,0.4185,1,1,,,,,,,,,,,,,,,,,,,,,,,,,,,,,,,,,none,none
sun3d-hotel_uc-scan3,3,34,0.30786911412609735,0.7109374999999971,0.496,1,1,,,,,,,,,,,,,,,,,,,,,,,,,,,,,,,,,none,none
sun3d-hotel_uc-scan3,3,36,0.27936153232242616,0.8984374999999964,0.7615,1,1,,,,,,,,,,,,,,,,,,,,,,,,,,,,,,,,,none,none
sun3d-hotel_uc-scan3,3,43,0.2562809257781325,0.7968749999999968,0.5545,1,1,,,,,,,,,,,,,,,,,,,,,,,,,,,,,,,,,none,none
sun3d-hotel_uc-scan3,3,44,0.40769353551476456,0.8671874999999966,0.722,1,1,,,,,,,,,,,,,,,,,,,,,,,,,,,,,,,,,none,none
sun3d-hotel_uc-scan3,3,46,0.3492737430167598,0.8320312499999967,0.633,1,1,,,,,,,,,,,,,,,,,,,,,,,,,,,,,,,,,none,none
sun3d-hotel_uc-scan3,3,53,0.2560893854748603,0.7695312499999969,0.506,1,1,,,,,,,,,,,,,,,,,,,,,,,,,,,,,,,,,none,none
sun3d-hotel_uc-scan3,4,7,0.27797954964519195,0.753906249999997,0.5175,1,1,,,,,,,,,,,,,,,,,,,,,,,,,,,,,,,,,none,none
sun3d-hotel_uc-scan3,4,8,0.31144884617533664,0.7304687499999971,0.489,1,1,,,,,,,,,,,,,,,,,,,,,,,,,,,,,,,,,none,none
sun3d-hotel_uc-scan3,4,10,0.5006984410795106,0.9023437499999964,0.7195,1,1,,,,,,,,,,,,,,,,,,,,,,,,,,,,,,,,,none,none
sun3d-hotel_uc-scan3,4,19,0.47002290886740794,0.746093749999997,0.5045,1,1,,,,,,,,,,,,,,,,,,,,,,,,,,,,,,,,,none,none
sun3d-hotel_uc-scan3,4,38,0.25624406325082416,0.7187499999999971,0.4715,1,1,,,,,,,,,,,,,,,,,,,,,,,,,,,,,,,,,none,none
sun3d-hotel_uc-scan3,4,39,0.28647259317204,0.36328124999999856,0.278,1,1,,,,,,,,,,,,,,,,,,,,,,,,,,,,,,,,,none,none
sun3d-hotel_uc-scan3,4,40,0.20768843940325193,0.4414062499999982,0.346,1,1,,,,,,,,,,,,,,,,,,,,,,,,,,,,,,,,,none,none
sun3d-hotel_uc-scan3,4,41,0.2063474325305917,0.5664062499999978,0.4565,1,1,,,,,,,,,,,,,,,,,,,,,,,,,,,,,,,,,none,none
sun3d-hotel_uc-scan3,4,43,0.1698608705369615,0.3515624999999986,0.2645,1,1,,,,,,,,,,,,,,,,,,,,,,,,,,,,,,,,,none,none
sun3d-hotel_uc-scan3,4,44,0.26434597977314633,0.41406249999999833,0.337,1,1,,,,,,,,,,,,,,,,,,,,,,,,,,,,,,,,,none,none
sun3d-hotel_uc-scan3,4,45,0.27311839973179863,0.5429687499999978,0.361,1,1,,,,,,,,,,,,,,,,,,,,,,,,,,,,,,,,,none,none
sun3d-hotel_uc-scan3,5,36,0.3251077746395124,0.49218749999999806,0.279,1,1,,,,,,,,,,,,,,,,,,,,,,,,,,,,,,,,,none,none
sun3d-hotel_uc-scan3,5,42,0.1905752935929835,0.3046874999999988,0.289,1,1,,,,,,,,,,,,,,,,,,,,,,,,,,,,,,,,,none,none
sun3d-hotel_uc-scan3,5,43,0.1800951389921213,0.48437499999999806,0.368,1,1,,,,,,,,,,,,,,,,,,,,,,,,,,,,,,,,,none,none
sun3d-hotel_uc-scan3,5,44,0.18343986918388583,0.19531249999999922,0.1665,1,1,,,,,,,,,,,,,,,,,,,,,,,,,,,,,,,,,none,none
sun3d-hotel_uc-scan3,6,36,0.33431621159403196,0.10937499999999957,0.072,1,0,,,,,,,,,,,,,,,,,,,,,,,,,,,,,,,,,none,none
sun3d-hotel_uc-scan3,6,42,0.2489827210001769,0.5937499999999977,0.5175,1,1,,,,,,,,,,,,,,,,,,,,,,,,,,,,,,,,,none,none
sun3d-hotel_uc-scan3,6,43,0.2340036563071298,0.6679687499999973,0.506,1,1,,,,,,,,,,,,,,,,,,,,,,,,,,,,,,,,,none,none
sun3d-hotel_uc-scan3,6,44,0.2075249159639087,0.5468749999999978,0.3935,1,1,,,,,,,,,,,,,,,,,,,,,,,,,,,,,,,,,none,none
sun3d-hotel_uc-scan3,7,36,0.24995832175604335,0.06640624999999974,0.0385,1,0,,,,,,,,,,,,,,,,,,,,,,,,,,,,,,,,,none,none
sun3d-hotel_uc-scan3,7,42,0.3009169213670464,0.742187499999997,0.6265,1,1,,,,,,,,,,,,,,,,,,,,,,,,,,,,,,,,,none,none
sun3d-hotel_uc-scan3,7,43,0.1785495971103084,0.3749999999999985,0.3215,1,1,,,,,,,,,,,,,,,,,,,,,,,,,,,,,,,,,none,none
sun3d-hotel_uc-scan3,8,10,0.22018665744901486,0.5937499999999977,0.459,1,1,,,,,,,,,,,,,,,,,,,,,,,,,,,,,,,,,none,none
sun3d-hotel_uc-scan3,8,18,0.19930867611475978,0.042968749999999827,0.0205,1,0,,,,,,,,,,,,,,,,,,,,,,,,,,,,,,,,,none,none
sun3d-hotel_uc-scan3,8,20,0.21417213964742482,0.042968749999999827,0.0295,1,0,,,,,,,,,,,,,,,,,,,,,,,,,,,,,,,,,none,none
sun3d-hotel_uc-scan3,8,36,0.42481852748012444,0.503906249999998,0.2635,1,0,,,,,,,,,,,,,,,,,,,,,,,,,,,,,,,,,none,none
sun3d-hotel_uc-scan3,8,43,0.3194607673695126,0.41015624999999833,0.4355,1,1,,,,,,,,,,,,,,,,,,,,,,,,,,,,,,,,,none,none
sun3d-hotel_uc-scan3,8,44,0.2506049083995852,0.42187499999999833,0.3355,1,1,,,,,,,,,,,,,,,,,,,,,,,,,,,,,,,,,none,none
sun3d-hotel_uc-scan3,9,18,0.31523650242291695,0.6796874999999973,0.3915,1,1,,,,,,,,,,,,,,,,,,,,,,,,,,,,,,,,,none,none
sun3d-hotel_uc-scan3,9,19,0.33226124619409064,0.7851562499999969,0.496,1,1,,,,,,,,,,,,,,,,,,,,,,,,,,,,,,,,,none,none
sun3d-hotel_uc-scan3,9,20,0.42514687593807626,0.8046874999999968,0.5025,1,1,,,,,,,,,,,,,,,,,,,,,,,,,,,,,,,,,none,none
sun3d-hotel_uc-scan3,9,37,0.3148505510527896,0.8320312499999967,0.611,1,1,,,,,,,,,,,,,,,,,,,,,,,,,,,,,,,,,none,none
sun3d-hotel_uc-scan3,9,38,0.2353874522921223,0.8554687499999966,0.6955,1,1,,,,,,,,,,,,,,,,,,,,,,,,,,,,,,,,,none,none
sun3d-hotel_uc-scan3,9,39,0.29598181740211843,0.8710937499999966,0.6635,1,1,,,,,,,,,,,,,,,,,,,,,,,,,,,,,,,,,none,none
sun3d-hotel_uc-scan3,9,40,0.22916934688451476,0.7656249999999969,0.6435,1,1,,,,,,,,,,,,,,,,,,,,,,,,,,,,,,,,,none,none
sun3d-hotel_uc-scan3,9,41,0.2347442000085767,0.8242187499999967,0.7155,1,1,,,,,,,,,,,,,,,,,,,,,,,,,,,,,,,,,none,none
sun3d-hotel_uc-scan3,9,42,0.29113598353274156,0.7265624999999971,0.624,1,1,,,,,,,,,,,,,,,,,,,,,,,,,,,,,,,,,none,none
sun3d-hotel_uc-scan3,10,11,0.22812281639196022,0.742187499999997,0.584,1,0,,,,,,,,,,,,,,,,,,,,,,,,,,,,,,,,,none,none
sun3d-hotel_uc-scan3,10,34,0.23880965103374574,0.6406249999999974,0.477,1,1,,,,,,,,,,,,,,,,,,,,,,,,,,,,,,,,,none,none
sun3d-hotel_uc-scan3,10,46,0.23885075424390645,0.8007812499999968,0.661,1,1,,,,,,,,,,,,,,,,,,,,,,,,,,,,,,,,,none,none
sun3d-hotel_uc-scan3,10,53,0.17140038637017552,0.7265624999999971,0.5945,1,1,,,,,,,,,,,,,,,,,,,,,,,,,,,,,,,,,none,none
sun3d-hotel_uc-scan3,11,18,0.2450452096081834,0.742187499999997,0.5445,1,1,,,,,,,,,,,,,,,,,,,,,,,,,,,,,,,,,none,none
sun3d-hotel_uc-scan3,11,19,0.16407891131610192,0.503906249999998,0.383,1,1,,,,,,,,,,,,,,,,,,,,,,,,,,,,,,,,,none,none
sun3d-hotel_uc-scan3,11,20,0.1647182391085944,0.41015624999999833,0.316,1,1,,,,,,,,,,,,,,,,,,,,,,,,,,,,,,,,,none,none
sun3d-hotel_uc-scan3,11,21,0.18581605626084574,0.6289062499999974,0.3855,1,1,,,,,,,,,,,,,,,,,,,,,,,,,,,,,,,,,none,none
sun3d-hotel_uc-scan3,11,33,0.2709379852041282,0.13281249999999947,0.104,1,0,,,,,,,,,,,,,,,,,,,,,,,,,,,,,,,,,none,none
sun3d-hotel_uc-scan3,11,43,0.16846287332176454,0.5976562499999976,0.389,1,1,,,,,,,,,,,,,,,,,,,,,,,,,,,,,,,,,none,none
sun3d-hotel_uc-scan3,11,44,0.2004292629463878,0.6445312499999974,0.516,1,1,,,,,,,,,,,,,,,,,,,,,,,,,,,,,,,,,none,none
sun3d-hotel_uc-scan3,11,45,0.3427710293177459,0.8671874999999966,0.6285,1,1,,,,,,,,,,,,,,,,,,,,,,,,,,,,,,,,,none,none
sun3d-hotel_uc-scan3,11,52,0.20686820714220477,0.5820312499999977,0.3675,1,1,,,,,,,,,,,,,,,,,,,,,,,,,,,,,,,,,none,none
sun3d-hotel_uc-scan3,12,22,0.14593247224110584,0.0507812499999998,0.0475,1,0,,,,,,,,,,,,,,,,,,,,,,,,,,,,,,,,,none,none
sun3d-hotel_uc-scan3,12,25,0.22626331293904373,0.16406249999999933,0.1455,1,1,,,,,,,,,,,,,,,,,,,,,,,,,,,,,,,,,none,none
sun3d-hotel_uc-scan3,12,30,0.24155903013822796,0.48828124999999806,0.216,1,1,,,,,,,,,,,,,,,,,,,,,,,,,,,,,,,,,none,none
sun3d-hotel_uc-scan3,12,34,0.3924201223657376,0.5742187499999977,0.35,1,1,,,,,,,,,,,,,,,,,,,,,,,,,,,,,,,,,none,none
sun3d-hotel_uc-scan3,12,46,0.2915250396555631,0.3789062499999985,0.271,1,1,,,,,,,,,,,,,,,,,,,,,,,,,,,,,,,,,none,none
sun3d-hotel_uc-scan3,13,15,0.42585193889541717,0.8906249999999964,0.7925,1,1,,,,,,,,,,,,,,,,,,,,,,,,,,,,,,,,,none,none
sun3d-hotel_uc-scan3,13,16,0.29612220916568743,0.7656249999999969,0.7255,1,1,,,,,,,,,,,,,,,,,,,,,,,,,,,,,,,,,none,none
sun3d-hotel_uc-scan3,13,23,0.16484136310223266,0.5585937499999978,0.526,1,1,,,,,,,,,,,,,,,,,,,,,,,,,,,,,,,,,none,none
sun3d-hotel_uc-scan3,13,27,0.28954171562867215,0.2734374999999989,0.208,1,0,,,,,,,,,,,,,,,,,,,,,,,,,,,,,,,,,none,none
sun3d-hotel_uc-scan3,13,30,0.19012925969447708,0.503906249999998,0.3115,1,1,,,,,,,,,,,,,,,,,,,,,,,,,,,,,,,,,none,none
sun3d-hotel_uc-scan3,13,31,0.2327144535840188,0.6054687499999976,0.525,1,1,,,,,,,,,,,,,,,,,,,,,,,,,,,,,,,,,none,none
sun3d-hotel_uc-scan3,13,33,0.3722209165687427,0.8476562499999966,0.6915,1,1,,,,,,,,,,,,,,,,,,,,,,,,,,,,,,,,,none,none
sun3d-hotel_uc-scan3,13,47,0.3120564042303173,0.8789062499999964,0.6815,1,1,,,,,,,,,,,,,,,,,,,,,,,,,,,,,,,,,none,none
sun3d-hotel_uc-scan3,13,51,0.34871915393654523,0.8164062499999968,0.6855,1,1,,,,,,,,,,,,,,,,,,,,,,,,,,,,,,,,,none,none
sun3d-hotel_uc-scan3,14,22,0.170376055257099,0.7265624999999971,0.5055,1,0,,,,,,,,,,,,,,,,,,,,,,,,,,,,,,,,,none,none
sun3d-hotel_uc-scan3,14,27,0.30262331682132143,0.9218749999999963,0.796,1,1,,,,,,,,,,,,,,,,,,,,,,,,,,,,,,,,,none,none
sun3d-hotel_uc-scan3,14,28,0.20498151119793484,0.746093749999997,0.6405,1,1,,,,,,,,,,,,,,,,,,,,,,,,,,,,,,,,,none,none
sun3d-hotel_uc-scan3,14,48,0.32446103397753434,0.8398437499999967,0.687,1,1,,,,,,,,,,,,,,,,,,,,,,,,,,,,,,,,,none,none
sun3d-hotel_uc-scan3,14,50,0.3938114839879997,0.753906249999997,0.5025,1,1,,,,,,,,,,,,,,,,,,,,,,,,,,,,,,,,,none,none
sun3d-hotel_uc-scan3,14,52,0.20951650038372985,0.6835937499999972,0.566,1,1,,,,,,,,,,,,,,,,,,,,,,,,,,,,,,,,,none,none
sun3d-hotel_uc-scan3,15,17,0.25449975976641903,0.6171874999999976,0.2185,1,1,,,,,,,,,,,,,,,,,,,,,,,,,,,,,,,,,none,none
sun3d-hotel_uc-scan3,15,26,0.19813726577225857,0.8359374999999967,0.722,1,1,,,,,,,,,,,,,,,,,,,,,,,,,,,,,,,,,none,none
sun3d-hotel_uc-scan3,15,48,0.38644343423143734,0.7656249999999969,0.6825,1,1,,,,,,,,,,,,,,,,,,,,,,,,,,,,,,,,,none,none
sun3d-hotel_uc-scan3,15,50,0.4399600842665484,0.8203124999999967,0.595,1,1,,,,,,,,,,,,,,,,,,,,,,,,,,,,,,,,,none,none
sun3d-hotel_uc-scan3,15,52,0.24614702295154672,0.746093749999997,0.5895,1,1,,,,,,,,,,,,,,,,,,,,,,,,,,,,,,,,,none,none
sun3d-hotel_uc-scan3,16,21,0.25147641776555296,0.8476562499999966,0.657,1,1,,,,,,,,,,,,,,,,,,,,,,,,,,,,,,,,,none,none
sun3d-hotel_uc-scan3,16,25,0.3140118113421244,0.8906249999999964,0.737,1,1,,,,,,,,,,,,,,,,,,,,,,,,,,,,,,,,,none,none
sun3d-hotel_uc-scan3,16,47,0.1552058894911415,0.3203124999999987,0.435,1,1,,,,,,,,,,,,,,,,,,,,,,,,,,,,,,,,,none,none
sun3d-hotel_uc-scan3,16,50,0.3532481190842165,0.5156249999999979,0.33,1,1,,,,,,,,,,,,,,,,,,,,,,,,,,,,,,,,,none,none
sun3d-hotel_uc-scan3,16,52,0.2835126607879621,0.7070312499999972,0.718,1,1,,,,,,,,,,,,,,,,,,,,,,,,,,,,,,,,,none,none
sun3d-hotel_uc-scan3,17,18,0.20835220954655903,0.507812499999998,0.2375,1,0,,,,,,,,,,,,,,,,,,,,,,,,,,,,,,,,,none,none
sun3d-hotel_uc-scan3,17,23,0.31411391623079776,0.5468749999999978,0.226,1,1,,,,,,,,,,,,,,,,,,,,,,,,,,,,,,,,,none,none
sun3d-hotel_uc-scan3,17,34,0.14525760882994934,0.5507812499999978,0.3445,1,1,,,,,,,,,,,,,,,,,,,,,,,,,,,,,,,,,none,none
sun3d-hotel_uc-scan3,17,47,0.16502615213541452,0.4687499999999981,0.401,1,1,,,,,,,,,,,,,,,,,,,,,,,,,,,,,,,,,none,none
sun3d-hotel_uc-scan3,17,53,0.16790906470079486,0.48437499999999806,0.321,1,1,,,,,,,,,,,,,,,,,,,,,,,,,,,,,,,,,none,none
sun3d-hotel_uc-scan3,18,21,0.3556144669570157,0.6289062499999974,0.356,1,1,,,,,,,,,,,,,,,,,,,,,,,,,,,,,,,,,none,none
sun3d-hotel_uc-scan3,18,34,0.2526983525847377,0.742187499999997,0.511,1,1,,,,,,,,,,,,,,,,,,,,,,,,,,,,,,,,,none,none
sun3d-hotel_uc-scan3,18,35,0.29743419806854765,0.7968749999999968,0.554,1,1,,,,,,,,,,,,,,,,,,,,,,,,,,,,,,,,,none,none
sun3d-hotel_uc-scan3,18,43,0.3716152243893202,0.3164062499999987,0.1935,1,1,,,,,,,,,,,,,,,,,,,,,,,,,,,,,,,,,none,none
sun3d-hotel_uc-scan3,18,44,0.4713122514675251,0.6718749999999973,0.45,1,1,,,,,,,,,,,,,,,,,,,,,,,,,,,,,,,,,none,none
sun3d-hotel_uc-scan3,18,46,0.21515811399356183,0.6796874999999973,0.522,1,1,,,,,,,,,,,,,,,,,,,,,,,,,,,,,,,,,none,none
sun3d-hotel_uc-scan3,18,53,0.18273054345767847,0.48828124999999806,0.337,1,1,,,,,,,,,,,,,,,,,,,,,,,,,,,,,,,,,none,none
sun3d-hotel_uc-scan3,18,54,0.2701666351069873,0.3203124999999987,0.224,1,1,,,,,,,,,,,,,,,,,,,,,,,,,,,,,,,,,none,none
sun3d-hotel_uc-scan3,19,35,0.3372510270944927,0.8124999999999968,0.5235,1,1,,,,,,,,,,,,,,,,,,,,,,,,,,,,,,,,,none,none
sun3d-hotel_uc-scan3,19,44,0.3773467158978626,0.6523437499999974,0.4725,1,1,,,,,,,,,,,,,,,,,,,,,,,,,,,,,,,,,none,none
sun3d-hotel_uc-scan3,19,45,0.4319517395600395,0.6210937499999976,0.3725,1,1,,,,,,,,,,,,,,,,,,,,,,,,,,,,,,,,,none,none
sun3d-hotel_uc-scan3,19,54,0.2188881377086692,0.7070312499999972,0.439,1,1,,,,,,,,,,,,,,,,,,,,,,,,,,,,,,,,,none,none
sun3d-hotel_uc-scan3,20,21,0.2803148881318479,0.5546874999999978,0.388,1,0,,,,,,,,,,,,,,,,,,,,,,,,,,,,,,,,,none,none
sun3d-hotel_uc-scan3,20,34,0.15113709603167297,0.5976562499999976,0.4385,1,1,,,,,,,,,,,,,,,,,,,,,,,,,,,,,,,,,none,none
sun3d-hotel_uc-scan3,20,35,0.1702421508148421,0.6093749999999976,0.464,1,1,,,,,,,,,,,,,,,,,,,,,,,,,,,,,,,,,none,none
sun3d-hotel_uc-scan3,20,37,0.20278979836110855,0.4687499999999981,0.321,1,1,,,,,,,,,,,,,,,,,,,,,,,,,,,,,,,,,none,none
sun3d-hotel_uc-scan3,20,43,0.34692938035171716,0.42187499999999833,0.3255,1,1,,,,,,,,,,,,,,,,,,,,,,,,,,,,,,,,,none,none
sun3d-hotel_uc-scan3,20,44,0.39669459534112883,0.3515624999999986,0.2945,1,1,,,,,,,,,,,,,,,,,,,,,,,,,,,,,,,,,none,none
sun3d-hotel_uc-scan3,20,45,0.44507872203296195,0.36328124999999856,0.226,1,0,,,,,,,,,,,,,,,,,,,,,,,,,,,,,,,,,none,none
sun3d-hotel_uc-scan3,20,46,0.14607310560721848,0.511718749999998,0.403,1,1,,,,,,,,,,,,,,,,,,,,,,,,,,,,,,,,,none,none
sun3d-hotel_uc-scan3,20,53,0.14096307890617807,0.21093749999999917,0.2135,1,1,,,,,,,,,,,,,,,,,,,,,,,,,,,,,,,,,none,none
sun3d-hotel_uc-scan3,20,54,0.16508608783721573,0.24218749999999903,0.1445,1,1,,,,,,,,,,,,,,,,,,,,,,,,,,,,,,,,,none,none
sun3d-hotel_uc-scan3,21,34,0.25298013245033113,0.7265624999999971,0.45,1,1,,,,,,,,,,,,,,,,,,,,,,,,,,,,,,,,,none,none
sun3d-hotel_uc-scan3,21,35,0.18491217967175352,0.46484374999999817,0.161,1,0,,,,,,,,,,,,,,,,,,,,,,,,,,,,,,,,,none,none
sun3d-hotel_uc-scan3,21,36,0.2721566369133314,0.496093749999998,0.379,1,1,,,,,,,,,,,,,,,,,,,,,,,,,,,,,,,,,none,none
sun3d-hotel_uc-scan3,21,43,0.21393607831845668,0.03906249999999985,0.0405,1,0,,,,,,,,,,,,,,,,,,,,,,,,,,,,,,,,,none,none
sun3d-hotel_uc-scan3,21,45,0.2298877051540455,0.2734374999999989,0.148,1,1,,,,,,,,,,,,,,,,,,,,,,,,,,,,,,,,,none,none
sun3d-hotel_uc-scan3,21,46,0.25810538439389574,0.7304687499999971,0.4985,1,1,,,,,,,,,,,,,,,,,,,,,,,,,,,,,,,,,none,none
sun3d-hotel_uc-scan3,21,47,0.1773106824071408,0.5507812499999978,0.481,1,1,,,,,,,,,,,,,,,,,,,,,,,,,,,,,,,,,none,none
sun3d-hotel_uc-scan3,21,53,0.2723293982147999,0.6953124999999972,0.463,1,1,,,,,,,,,,,,,,,,,,,,,,,,,,,,,,,,,none,none
sun3d-hotel_uc-scan3,21,54,0.19683270947307804,0.5312499999999979,0.221,1,1,,,,,,,,,,,,,,,,,,,,,,,,,,,,,,,,,none,none
sun3d-hotel_uc-scan3,22,24,0.21975371334264313,0.7070312499999972,0.53,1,1,,,,,,,,,,,,,,,,,,,,,,,,,,,,,,,,,none,none
sun3d-hotel_uc-scan3,22,33,0.13338411408742754,0.1523437499999994,0.0775,1,1,,,,,,,,,,,,,,,,,,,,,,,,,,,,,,,,,none,none
sun3d-hotel_uc-scan3,22,47,0.22462020227667048,0.5195312499999979,0.473,1,1,,,,,,,,,,,,,,,,,,,,,,,,,,,,,,,,,none,none
sun3d-hotel_uc-scan3,22,48,0.3026109771063434,0.23046874999999908,0.175,1,1,,,,,,,,,,,,,,,,,,,,,,,,,,,,,,,,,none,none
sun3d-hotel_uc-scan3,22,49,0.22250433752274554,0.5820312499999977,0.374,1,1,,,,,,,,,,,,,,,,,,,,,,,,,,,,,,,,,none,none
sun3d-hotel_uc-scan3,22,51,0.21031695654013796,0.511718749999998,0.3585,1,1,,,,,,,,,,,,,,,,,,,,,,,,,,,,,,,,,none,none
sun3d-hotel_uc-scan3,22,52,0.21979603063772163,0.29296874999999883,0.36,1,1,,,,,,,,,,,,,,,,,,,,,,,,,,,,,,,,,none,none
sun3d-hotel_uc-scan3,23,25,0.18628272926609055,0.8789062499999964,0.6985,1,1,,,,,,,,,,,,,,,,,,,,,,,,,,,,,,,,,none,none
sun3d-hotel_uc-scan3,23,48,0.18347736360118663,0.8085937499999968,0.698,1,1,,,,,,,,,,,,,,,,,,,,,,,,,,,,,,,,,none,none
sun3d-hotel_uc-scan3,23,50,0.6143750806139558,0.8164062499999968,0.58,1,1,,,,,,,,,,,,,,,,,,,,,,,,,,,,,,,,,none,none
sun3d-hotel_uc-scan3,24,26,0.24575051405071968,0.9335937499999962,0.803,1,1,,,,,,,,,,,,,,,,,,,,,,,,,,,,,,,,,none,none
sun3d-hotel_uc-scan3,24,48,0.3076079506511309,0.8554687499999966,0.7255,1,1,,,,,,,,,,,,,,,,,,,,,,,,,,,,,,,,,none,none
sun3d-hotel_uc-scan3,24,50,0.4980123372172721,0.7031249999999972,0.5,1,1,,,,,,,,,,,,,,,,,,,,,,,,,,,,,,,,,none,none
sun3d-hotel_uc-scan3,24,52,0.20143934201507882,0.6640624999999973,0.617,1,1,,,,,,,,,,,,,,,,,,,,,,,,,,,,,,,,,none,none
sun3d-hotel_uc-scan3,25,27,0.305546771235216,0.742187499999997,0.636,1,1,,,,,,,,,,,,,,,,,,,,,,,,,,,,,,,,,none,none
sun3d-hotel_uc-scan3,25,28,0.167288596546708,0.46093749999999817,0.388,1,1,,,,,,,,,,,,,,,,,,,,,,,,,,,,,,,,,none,none
sun3d-hotel_uc-scan3,25,31,0.14192650686231104,0.2812499999999989,0.226,1,1,,,,,,,,,,,,,,,,,,,,,,,,,,,,,,,,,none,none
sun3d-hotel_uc-scan3,25,32,0.32894820061982166,0.7773437499999969,0.5625,1,1,,,,,,,,,,,,,,,,,,,,,,,,,,,,,,,,,none,none
sun3d-hotel_uc-scan3,25,33,0.2443868193030169,0.507812499999998,0.3535,1,1,,,,,,,,,,,,,,,,,,,,,,,,,,,,,,,,,none,none
sun3d-hotel_uc-scan3,25,47,0.17038770476250711,0.0,0.0,1,0,,,,,,,,,,,,,,,,,,,,,,,,,,,,,,,,,none,none
sun3d-hotel_uc-scan3,25,50,0.2128265131870217,0.3007812499999988,0.129,1,0,,,,,,,,,,,,,,,,,,,,,,,,,,,,,,,,,none,none
sun3d-hotel_uc-scan3,26,29,0.3152731417406171,0.8945312499999964,0.7335,1,1,,,,,,,,,,,,,,,,,,,,,,,,,,,,,,,,,none,none
sun3d-hotel_uc-scan3,26,49,0.16832207115525524,0.5468749999999978,0.3285,1,1,,,,,,,,,,,,,,,,,,,,,,,,,,,,,,,,,none,none
sun3d-hotel_uc-scan3,29,30,0.333805771302228,0.08593749999999965,0.0315,1,0,,,,,,,,,,,,,,,,,,,,,,,,,,,,,,,,,none,none
sun3d-hotel_uc-scan3,30,31,0.30305510092744137,0.7031249999999972,0.526,1,0,,,,,,,,,,,,,,,,,,,,,,,,,,,,,,,,,none,none
sun3d-hotel_uc-scan3,30,32,0.3970949263502455,0.6992187499999972,0.4955,1,1,,,,,,,,,,,,,,,,,,,,,,,,,,,,,,,,,none,none
sun3d-hotel_uc-scan3,30,33,0.32296781232951444,0.5390624999999979,0.293,1,1,,,,,,,,,,,,,,,,,,,,,,,,,,,,,,,,,none,none
sun3d-hotel_uc-scan3,30,48,0.20001363884342607,0.2773437499999989,0.107,1,0,,,,,,,,,,,,,,,,,,,,,,,,,,,,,,,,,none,none
sun3d-hotel_uc-scan3,31,34,0.29722042663219134,0.3203124999999987,0.2325,1,1,,,,,,,,,,,,,,,,,,,,,,,,,,,,,,,,,none,none
sun3d-hotel_uc-scan3,31,53,0.41047188106011634,0.5156249999999979,0.2985,1,1,,,,,,,,,,,,,,,,,,,,,,,,,,,,,,,,,none,none
sun3d-hotel_uc-scan3,32,34,0.22549324219356842,0.26953124999999895,0.2415,1,0,,,,,,,,,,,,,,,,,,,,,,,,,,,,,,,,,none,none
sun3d-hotel_uc-scan3,32,53,0.34697840608979336,0.6054687499999976,0.323,1,1,,,,,,,,,,,,,,,,,,,,,,,,,,,,,,,,,none,none
sun3d-hotel_uc-scan3,33,35,0.18883799196036272,0.32812499999999867,0.1515,1,1,,,,,,,,,,,,,,,,,,,,,,,,,,,,,,,,,none,none
sun3d-hotel_uc-scan3,33,46,0.2869496120407591,0.41015624999999833,0.1865,1,0,,,,,,,,,,,,,,,,,,,,,,,,,,,,,,,,,none,none
sun3d-hotel_uc-scan3,34,43,0.1926368234891416,0.5937499999999977,0.3505,1,1,,,,,,,,,,,,,,,,,,,,,,,,,,,,,,,,,none,none
sun3d-hotel_uc-scan3,34,44,0.195793557220553,0.6796874999999973,0.456,1,1,,,,,,,,,,,,,,,,,,,,,,,,,,,,,,,,,none,none
sun3d-hotel_uc-scan3,34,45,0.35537975887118245,0.8242187499999967,0.579,1,1,,,,,,,,,,,,,,,,,,,,,,,,,,,,,,,,,none,none
sun3d-hotel_uc-scan3,34,52,0.28939261400372723,0.7265624999999971,0.5235,1,1,,,,,,,,,,,,,,,,,,,,,,,,,,,,,,,,,none,none
sun3d-hotel_uc-scan3,35,36,0.1665686244156166,0.7812499999999969,0.664,1,0,,,,,,,,,,,,,,,,,,,,,,,,,,,,,,,,,none,none
sun3d-hotel_uc-scan3,35,43,0.16548499953558934,0.5898437499999977,0.4015,1,1,,,,,,,,,,,,,,,,,,,,,,,,,,,,,,,,,none,none
sun3d-hotel_uc-scan3,35,44,0.2613393603517137,0.8085937499999968,0.6465,1,1,,,,,,,,,,,,,,,,,,,,,,,,,,,,,,,,,none,none
sun3d-hotel_uc-scan3,35,45,0.37601783336945416,0.9218749999999963,0.7585,1,1,,,,,,,,,,,,,,,,,,,,,,,,,,,,,,,,,none,none
sun3d-hotel_uc-scan3,35,46,0.39840242731973124,0.9296874999999963,0.668,1,1,,,,,,,,,,,,,,,,,,,,,,,,,,,,,,,,,none,none
sun3d-hotel_uc-scan3,35,53,0.32833833864825535,0.9140624999999963,0.622,1,1,,,,,,,,,,,,,,,,,,,,,,,,,,,,,,,,,none,none
sun3d-hotel_uc-scan3,36,37,0.2812023450472737,0.749999999999997,0.5355,1,0,,,,,,,,,,,,,,,,,,,,,,,,,,,,,,,,,none,none
sun3d-hotel_uc-scan3,36,43,0.3799179911213528,0.742187499999997,0.6025,1,1,,,,,,,,,,,,,,,,,,,,,,,,,,,,,,,,,none,none
sun3d-hotel_uc-scan3,36,44,0.4328171066454302,0.8554687499999966,0.6825,1,1,,,,,,,,,,,,,,,,,,,,,,,,,,,,,,,,,none,none
sun3d-hotel_uc-scan3,36,45,0.4229557084279372,0.8945312499999964,0.633,1,1,,,,,,,,,,,,,,,,,,,,,,,,,,,,,,,,,none,none
sun3d-hotel_uc-scan3,37,42,0.27444106363275567,0.41406249999999833,0.4,1,1,,,,,,,,,,,,,,,,,,,,,,,,,,,,,,,,,none,none
sun3d-hotel_uc-scan3,37,43,0.2496361952639238,0.4257812499999983,0.316,1,1,,,,,,,,,,,,,,,,,,,,,,,,,,,,,,,,,none,none
sun3d-hotel_uc-scan3,37,44,0.20902235745468978,0.21093749999999917,0.1065,1,0,,,,,,,,,,,,,,,,,,,,,,,,,,,,,,,,,none,none
sun3d-hotel_uc-scan3,38,42,0.32919379068602905,0.5781249999999977,0.5825,1,1,,,,,,,,,,,,,,,,,,,,,,,,,,,,,,,,,none,none
sun3d-hotel_uc-scan3,39,44,0.3335166850018335,0.6289062499999974,0.4815,1,1,,,,,,,,,,,,,,,,,,,,,,,,,,,,,,,,,none,none
sun3d-hotel_uc-scan3,40,43,0.40713747172656445,0.6679687499999973,0.5795,1,1,,,,,,,,,,,,,,,,,,,,,,,,,,,,,,,,,none,none
sun3d-hotel_uc-scan3,40,44,0.2609533383597219,0.496093749999998,0.419,1,1,,,,,,,,,,,,,,,,,,,,,,,,,,,,,,,,,none,none
sun3d-hotel_uc-scan3,41,44,0.30306377964354103,0.6171874999999976,0.542,1,1,,,,,,,,,,,,,,,,,,,,,,,,,,,,,,,,,none,none
sun3d-hotel_uc-scan3,42,45,0.3923639317627945,0.6562499999999973,0.498,1,1,,,,,,,,,,,,,,,,,,,,,,,,,,,,,,,,,none,none
sun3d-hotel_uc-scan3,42,54,0.214730571351205,0.4414062499999982,0.2985,1,1,,,,,,,,,,,,,,,,,,,,,,,,,,,,,,,,,none,none
sun3d-hotel_uc-scan3,43,46,0.23625978231537284,0.738281249999997,0.5095,1,1,,,,,,,,,,,,,,,,,,,,,,,,,,,,,,,,,none,none
sun3d-hotel_uc-scan3,43,53,0.2620760996671764,0.7187499999999971,0.572,1,1,,,,,,,,,,,,,,,,,,,,,,,,,,,,,,,,,none,none
sun3d-hotel_uc-scan3,44,46,0.25115576509360554,0.6874999999999972,0.531,1,1,,,,,,,,,,,,,,,,,,,,,,,,,,,,,,,,,none,none
sun3d-hotel_uc-scan3,44,53,0.19750995560031126,0.6796874999999973,0.524,1,1,,,,,,,,,,,,,,,,,,,,,,,,,,,,,,,,,none,none
sun3d-hotel_uc-scan3,45,53,0.32685061383250275,0.8515624999999966,0.687,1,1,,,,,,,,,,,,,,,,,,,,,,,,,,,,,,,,,none,none
sun3d-hotel_uc-scan3,46,48,0.16810625058047737,0.10546874999999958,0.026,1,0,,,,,,,,,,,,,,,,,,,,,,,,,,,,,,,,,none,none
sun3d-hotel_uc-scan3,47,54,0.22838798440724603,0.6679687499999973,0.402,1,1,,,,,,,,,,,,,,,,,,,,,,,,,,,,,,,,,none,none
sun3d-hotel_uc-scan3,48,53,0.3230033277870216,0.6523437499999974,0.3245,1,1,,,,,,,,,,,,,,,,,,,,,,,,,,,,,,,,,none,none
sun3d-hotel_uc-scan3,49,52,0.2077765900587921,0.8242187499999967,0.783,1,1,,,,,,,,,,,,,,,,,,,,,,,,,,,,,,,,,none,none
sun3d-hotel_uc-scan3,51,52,0.25222753099173556,0.8710937499999966,0.817,1,0,,,,,,,,,,,,,,,,,,,,,,,,,,,,,,,,,none,none
sun3d-hotel_umd-maryland_hotel1,0,8,0.23036675554661165,0.6562499999999973,0.5825,1,1,,,,,,,,,,,,,,,,,,,,,,,,,,,,,,,,,none,none
sun3d-hotel_umd-maryland_hotel1,0,9,0.32167832167832167,0.9179687499999963,0.8025,1,1,,,,,,,,,,,,,,,,,,,,,,,,,,,,,,,,,none,none
sun3d-hotel_umd-maryland_hotel1,0,10,0.34572621622981337,0.7968749999999968,0.644,1,1,,,,,,,,,,,,,,,,,,,,,,,,,,,,,,,,,none,none
sun3d-hotel_umd-maryland_hotel1,0,15,0.24133420536298233,0.7812499999999969,0.638,1,1,,,,,,,,,,,,,,,,,,,,,,,,,,,,,,,,,none,none
sun3d-hotel_umd-maryland_hotel1,0,23,0.4494642048598883,0.8164062499999968,0.656,1,1,,,,,,,,,,,,,,,,,,,,,,,,,,,,,,,,,none,none
sun3d-hotel_umd-maryland_hotel1,0,29,0.17336620214318055,0.5390624999999979,0.3935,1,0,,,,,,,,,,,,,,,,,,,,,,,,,,,,,,,,,none,none
sun3d-hotel_umd-maryland_hotel1,1,26,0.284137522730156,0.8437499999999967,0.6185,1,1,,,,,,,,,,,,,,,,,,,,,,,,,,,,,,,,,none,none
sun3d-hotel_umd-maryland_hotel1,2,3,0.21918827637529337,0.9140624999999963,0.823,1,0,,,,,,,,,,,,,,,,,,,,,,,,,,,,,,,,,none,none
sun3d-hotel_umd-maryland_hotel1,2,12,0.23550289083519377,0.48828124999999806,0.2845,1,1,,,,,,,,,,,,,,,,,,,,,,,,,,,,,,,,,none,none
sun3d-hotel_umd-maryland_hotel1,2,23,0.4189993703131261,0.8359374999999967,0.6315,1,1,,,,,,,,,,,,,,,,,,,,,,,,,,,,,,,,,none,none
sun3d-hotel_umd-maryland_hotel1,2,24,0.185385540099605,0.7890624999999969,0.541,1,1,,,,,,,,,,,,,,,,,,,,,,,,,,,,,,,,,none,none
sun3d-hotel_umd-maryland_hotel1,2,25,0.1832675024328811,0.738281249999997,0.5705,1,1,,,,,,,,,,,,,,,,,,,,,,,,,,,,,,,,,none,none
sun3d-hotel_umd-maryland_hotel1,3,11,0.2746094871058997,0.6718749999999973,0.6305,1,1,,,,,,,,,,,,,,,,,,,,,,,,,,,,,,,,,none,none
sun3d-hotel_umd-maryland_hotel1,3,15,0.16473289328030832,0.5859374999999977,0.455,1,1,,,,,,,,,,,,,,,,,,,,,,,,,,,,,,,,,none,none
sun3d-hotel_umd-maryland_hotel1,3,23,0.221926120290271,0.16015624999999936,0.0785,1,0,,,,,,,,,,,,,,,,,,,,,,,,,,,,,,,,,none,none
sun3d-hotel_umd-maryland_hotel1,3,27,0.24775531958509286,0.5976562499999976,0.4415,1,1,,,,,,,,,,,,,,,,,,,,,,,,,,,,,,,,,none,none
sun3d-hotel_umd-maryland_hotel1,3,28,0.2735845188799147,0.6484374999999974,0.522,1,1,,,,,,,,,,,,,,,,,,,,,,,,,,,,,,,,,none,none
sun3d-hotel_umd-maryland_hotel1,4,11,0.3647198617312401,0.7031249999999972,0.63,1,1,,,,,,,,,,,,,,,,,,,,,,,,,,,,,,,,,none,none
sun3d-hotel_umd-maryland_hotel1,4,12,0.3978827596139997,0.5703124999999977,0.4075,1,1,,,,,,,,,,,,,,,,,,,,,,,,,,,,,,,,,none,none
sun3d-hotel_umd-maryland_hotel1,4,16,0.2976379086850065,0.8046874999999968,0.591,1,1,,,,,,,,,,,,,,,,,,,,,,,,,,,,,,,,,none,none
sun3d-hotel_umd-maryland_hotel1,4,28,0.2533126890393202,0.5937499999999977,0.4805,1,1,,,,,,,,,,,,,,,,,,,,,,,,,,,,,,,,,none,none
sun3d-hotel_umd-maryland_hotel1,5,7,0.12162610619469026,0.0,0.0,1,0,,,,,,,,,,,,,,,,,,,,,,,,,,,,,,,,,none,none
sun3d-hotel_umd-maryland_hotel1,5,27,0.30597345132743364,0.7851562499999969,0.682,1,1,,,,,,,,,,,,,,,,,,,,,,,,,,,,,,,,,none,none
sun3d-hotel_umd-maryland_hotel1,5,33,0.3400995575221239,0.7890624999999969,0.567,1,1,,,,,,,,,,,,,,,,,,,,,,,,,,,,,,,,,none,none
sun3d-hotel_umd-maryland_hotel1,5,34,0.12959070796460176,0.3203124999999987,0.035,1,0,,,,,,,,,,,,,,,,,,,,,,,,,,,,,,,,,none,none
sun3d-hotel_umd-maryland_hotel1,5,35,0.23075221238938054,0.5585937499999978,0.4295,1,1,,,,,,,,,,,,,,,,,,,,,,,,,,,,,,,,,none,none
sun3d-hotel_umd-maryland_hotel1,6,7,0.20535403560433677,0.6601562499999973,0.4695,1,0,,,,,,,,,,,,,,,,,,,,,,,,,,,,,,,,,none,none
sun3d-hotel_umd-maryland_hotel1,6,19,0.2645161290322581,0.5390624999999979,0.3605,1,1,,,,,,,,,,,,,,,,,,,,,,,,,,,,,,,,,none,none
sun3d-hotel_umd-maryland_hotel1,6,22,0.38642751974300626,0.8593749999999966,0.6785,1,1,,,,,,,,,,,,,,,,,,,,,,,,,,,,,,,,,none,none
sun3d-hotel_umd-maryland_hotel1,6,33,0.33136126355240264,0.9062499999999963,0.732,1,1,,,,,,,,,,,,,,,,,,,,,,,,,,,,,,,,,none,none
sun3d-hotel_umd-maryland_hotel1,6,34,0.3200107080712087,0.761718749999997,0.436,1,1,,,,,,,,,,,,,,,,,,,,,,,,,,,,,,,,,none,none
sun3d-hotel_umd-maryland_hotel1,6,35,0.3374113237853032,0.9335937499999962,0.702,1,1,,,,,,,,,,,,,,,,,,,,,,,,,,,,,,,,,none,none
sun3d-hotel_umd-maryland_hotel1,6,36,0.1625485209476643,0.0039062499999999844,0.0,1,0,,,,,,,,,,,,,,,,,,,,,,,,,,,,,,,,,none,none
sun3d-hotel_umd-maryland_hotel1,6,37,0.16115647169053673,0.2226562499999991,0.011,1,0,,,,,,,,,,,,,,,,,,,,,,,,,,,,,,,,,none,none
sun3d-hotel_umd-maryland_hotel1,7,8,0.35504276904714543,0.8203124999999967,0.4805,1,0,,,,,,,,,,,,,,,,,,,,,,,,,,,,,,,,,none,none
sun3d-hotel_umd-maryland_hotel1,7,9,0.21388502088720907,0.6015624999999976,0.4065,1,1,,,,,,,,,,,,,,,,,,,,,,,,,,,,,,,,,none,none
sun3d-hotel_umd-maryland_hotel1,7,10,0.22184205291426298,0.14062499999999944,0.0395,1,0,,,,,,,,,,,,,,,,,,,,,,,,,,,,,,,,,none,none
sun3d-hotel_umd-maryland_hotel1,7,11,0.16196538691068232,0.6054687499999976,0.4715,1,1,,,,,,,,,,,,,,,,,,,,,,,,,,,,,,,,,none,none
sun3d-hotel_umd-maryland_hotel1,7,13,0.2343345931967376,0.738281249999997,0.564,1,1,,,,,,,,,,,,,,,,,,,,,,,,,,,,,,,,,none,none
sun3d-hotel_umd-maryland_hotel1,7,18,0.3980505271533718,0.7343749999999971,0.579,1,1,,,,,,,,,,,,,,,,,,,,,,,,,,,,,,,,,none,none
sun3d-hotel_umd-maryland_hotel1,7,20,0.15412771036403422,0.511718749999998,0.3685,1,1,,,,,,,,,,,,,,,,,,,,,,,,,,,,,,,,,none,none
sun3d-hotel_umd-maryland_hotel1,7,21,0.2946886811219415,0.8828124999999964,0.5955,1,1,,,,,,,,,,,,,,,,,,,,,,,,,,,,,,,,,none,none
sun3d-hotel_umd-maryland_hotel1,7,22,0.23703998408593593,0.5390624999999979,0.4845,1,1,,,,,,,,,,,,,,,,,,,,,,,,,,,,,,,,,none,none
sun3d-hotel_umd-maryland_hotel1,7,29,0.2169882633777601,0.4296874999999983,0.2065,1,1,,,,,,,,,,,,,,,,,,,,,,,,,,,,,,,,,none,none
sun3d-hotel_umd-maryland_hotel1,7,30,0.4481798289238114,0.8007812499999968,0.702,1,1,,,,,,,,,,,,,,,,,,,,,,,,,,,,,,,,,none,none
sun3d-hotel_umd-maryland_hotel1,7,31,0.36777402029043166,0.749999999999997,0.618,1,1,,,,,,,,,,,,,,,,,,,,,,,,,,,,,,,,,none,none
sun3d-hotel_umd-maryland_hotel1,7,32,0.23707976924607121,0.0,0.0,1,0,,,,,,,,,,,,,,,,,,,,,,,,,,,,,,,,,none,none
sun3d-hotel_umd-maryland_hotel1,7,36,0.20517207081758504,0.1249999999999995,0.0295,1,0,,,,,,,,,,,,,,,,,,,,,,,,,,,,,,,,,none,none
sun3d-hotel_umd-maryland_hotel1,7,37,0.165904117764074,0.09374999999999963,0.0175,1,0,,,,,,,,,,,,,,,,,,,,,,,,,,,,,,,,,none,none
sun3d-hotel_umd-maryland_hotel1,8,10,0.38329708568943016,0.9570312499999962,0.7455,1,1,,,,,,,,,,,,,,,,,,,,,,,,,,,,,,,,,none,none
sun3d-hotel_umd-maryland_hotel1,8,19,0.24349717268377555,0.6992187499999972,0.3825,1,1,,,,,,,,,,,,,,,,,,,,,,,,,,,,,,,,,none,none
sun3d-hotel_umd-maryland_hotel1,8,20,0.18090474119182254,0.7148437499999971,0.508,1,1,,,,,,,,,,,,,,,,,,,,,,,,,,,,,,,,,none,none
sun3d-hotel_umd-maryland_hotel1,8,21,0.30115267507612004,0.7656249999999969,0.442,1,1,,,,,,,,,,,,,,,,,,,,,,,,,,,,,,,,,none,none
sun3d-hotel_umd-maryland_hotel1,8,26,0.23073075250108743,0.7773437499999969,0.577,1,1,,,,,,,,,,,,,,,,,,,,,,,,,,,,,,,,,none,none
sun3d-hotel_umd-maryland_hotel1,8,31,0.38079599826011307,0.48046874999999806,0.252,1,0,,,,,,,,,,,,,,,,,,,,,,,,,,,,,,,,,none,none
sun3d-hotel_umd-maryland_hotel1,9,14,0.34540308413039233,0.9023437499999964,0.795,1,1,,,,,,,,,,,,,,,,,,,,,,,,,,,,,,,,,none,none
sun3d-hotel_umd-maryland_hotel1,9,19,0.15318172945539724,0.21093749999999917,0.0545,1,0,,,,,,,,,,,,,,,,,,,,,,,,,,,,,,,,,none,none
sun3d-hotel_umd-maryland_hotel1,9,20,0.2906012102283818,0.6718749999999973,0.524,1,1,,,,,,,,,,,,,,,,,,,,,,,,,,,,,,,,,none,none
sun3d-hotel_umd-maryland_hotel1,9,21,0.2298457934803826,0.5312499999999979,0.3325,1,1,,,,,,,,,,,,,,,,,,,,,,,,,,,,,,,,,none,none
sun3d-hotel_umd-maryland_hotel1,9,24,0.24551044309974623,0.8789062499999964,0.774,1,1,,,,,,,,,,,,,,,,,,,,,,,,,,,,,,,,,none,none
sun3d-hotel_umd-maryland_hotel1,9,25,0.370388444270935,0.9023437499999964,0.794,1,1,,,,,,,,,,,,,,,,,,,,,,,,,,,,,,,,,none,none
sun3d-hotel_umd-maryland_hotel1,9,29,0.24878001171188757,0.6015624999999976,0.4645,1,1,,,,,,,,,,,,,,,,,,,,,,,,,,,,,,,,,none,none
sun3d-hotel_umd-maryland_hotel1,9,31,0.23204177239898496,0.5507812499999978,0.293,1,0,,,,,,,,,,,,,,,,,,,,,,,,,,,,,,,,,none,none
sun3d-hotel_umd-maryland_hotel1,10,13,0.2114754876370367,0.6796874999999973,0.5255,1,1,,,,,,,,,,,,,,,,,,,,,,,,,,,,,,,,,none,none
sun3d-hotel_umd-maryland_hotel1,10,14,0.363058231692848,0.8945312499999964,0.7555,1,1,,,,,,,,,,,,,,,,,,,,,,,,,,,,,,,,,none,none
sun3d-hotel_umd-maryland_hotel1,10,19,0.12220587537373641,0.0,0.0,1,0,,,,,,,,,,,,,,,,,,,,,,,,,,,,,,,,,none,none
sun3d-hotel_umd-maryland_hotel1,10,20,0.2175501874614399,0.6562499999999973,0.533,1,1,,,,,,,,,,,,,,,,,,,,,,,,,,,,,,,,,none,none
sun3d-hotel_umd-maryland_hotel1,10,21,0.17308148640311327,0.058593749999999764,0.006,1,0,,,,,,,,,,,,,,,,,,,,,,,,,,,,,,,,,none,none
sun3d-hotel_umd-maryland_hotel1,10,23,0.16904750605097052,0.503906249999998,0.2865,1,1,,,,,,,,,,,,,,,,,,,,,,,,,,,,,,,,,none,none
sun3d-hotel_umd-maryland_hotel1,10,24,0.2352047838261117,0.8007812499999968,0.6425,1,1,,,,,,,,,,,,,,,,,,,,,,,,,,,,,,,,,none,none
sun3d-hotel_umd-maryland_hotel1,10,25,0.3367661715153529,0.8632812499999966,0.6795,1,1,,,,,,,,,,,,,,,,,,,,,,,,,,,,,,,,,none,none
sun3d-hotel_umd-maryland_hotel1,10,29,0.3065825067628494,0.46484374999999817,0.44,1,1,,,,,,,,,,,,,,,,,,,,,,,,,,,,,,,,,none,none
sun3d-hotel_umd-maryland_hotel1,11,17,0.4474224350774906,0.9218749999999963,0.7855,1,1,,,,,,,,,,,,,,,,,,,,,,,,,,,,,,,,,none,none
sun3d-hotel_umd-maryland_hotel1,11,18,0.33060653835856857,0.7304687499999971,0.5355,1,1,,,,,,,,,,,,,,,,,,,,,,,,,,,,,,,,,none,none
sun3d-hotel_umd-maryland_hotel1,11,27,0.2948805663801053,0.33984374999999867,0.1855,1,1,,,,,,,,,,,,,,,,,,,,,,,,,,,,,,,,,none,none
sun3d-hotel_umd-maryland_hotel1,11,28,0.419222417229378,0.5468749999999978,0.486,1,1,,,,,,,,,,,,,,,,,,,,,,,,,,,,,,,,,none,none
sun3d-hotel_umd-maryland_hotel1,11,32,0.2994318350834399,0.5820312499999977,0.367,1,1,,,,,,,,,,,,,,,,,,,,,,,,,,,,,,,,,none,none
sun3d-hotel_umd-maryland_hotel1,12,15,0.18164639759678278,0.41796874999999833,0.3035,1,1,,,,,,,,,,,,,,,,,,,,,,,,,,,,,,,,,none,none
sun3d-hotel_umd-maryland_hotel1,12,23,0.27569165172731236,0.25781249999999895,0.1615,1,0,,,,,,,,,,,,,,,,,,,,,,,,,,,,,,,,,none,none
sun3d-hotel_umd-maryland_hotel1,12,27,0.25088424826784245,0.5273437499999979,0.383,1,1,,,,,,,,,,,,,,,,,,,,,,,,,,,,,,,,,none,none
sun3d-hotel_umd-maryland_hotel1,12,28,0.2685692136246911,0.6523437499999974,0.484,1,1,,,,,,,,,,,,,,,,,,,,,,,,,,,,,,,,,none,none
sun3d-hotel_umd-maryland_hotel1,12,29,0.16541499103638743,0.16406249999999933,0.11,1,0,,,,,,,,,,,,,,,,,,,,,,,,,,,,,,,,,none,none
sun3d-hotel_umd-maryland_hotel1,13,25,0.12193387842161393,0.21874999999999914,0.045,1,0,,,,,,,,,,,,,,,,,,,,,,,,,,,,,,,,,none,none
sun3d-hotel_umd-maryland_hotel1,13,26,0.21205119089939567,0.16015624999999936,0.107,1,0,,,,,,,,,,,,,,,,,,,,,,,,,,,,,,,,,none,none
sun3d-hotel_umd-maryland_hotel1,14,15,0.3547855635071822,0.8984374999999964,0.738,1,0,,,,,,,,,,,,,,,,,,,,,,,,,,,,,,,,,none,none
sun3d-hotel_umd-maryland_hotel1,14,29,0.17396900581784483,0.5703124999999977,0.324,1,1,,,,,,,,,,,,,,,,,,,,,,,,,,,,,,,,,none,none
sun3d-hotel_umd-maryland_hotel1,15,24,0.27462260478394396,0.7148437499999971,0.545,1,1,,,,,,,,,,,,,,,,,,,,,,,,,,,,,,,,,none,none
sun3d-hotel_umd-maryland_hotel1,15,25,0.3366495090618106,0.7734374999999969,0.647,1,1,,,,,,,,,,,,,,,,,,,,,,,,,,,,,,,,,none,none
sun3d-hotel_umd-maryland_hotel1,17,18,0.15011952673465065,0.8203124999999967,0.6075,1,0,,,,,,,,,,,,,,,,,,,,,,,,,,,,,,,,,none,none
sun3d-hotel_umd-maryland_hotel1,17,22,0.23690501407086875,0.9453124999999962,0.8305,1,1,,,,,,,,,,,,,,,,,,,,,,,,,,,,,,,,,none,none
sun3d-hotel_umd-maryland_hotel1,17,27,0.38460374617968346,0.9257812499999963,0.71,1,1,,,,,,,,,,,,,,,,,,,,,,,,,,,,,,,,,none,none
sun3d-hotel_umd-maryland_hotel1,17,29,0.1888219808152026,0.3007812499999988,0.337,1,0,,,,,,,,,,,,,,,,,,,,,,,,,,,,,,,,,none,none
sun3d-hotel_umd-maryland_hotel1,17,32,0.24328985989651103,0.7773437499999969,0.4685,1,1,,,,,,,,,,,,,,,,,,,,,,,,,,,,,,,,,none,none
sun3d-hotel_umd-maryland_hotel1,18,19,0.2586975914362177,0.7890624999999969,0.5885,1,0,,,,,,,,,,,,,,,,,,,,,,,,,,,,,,,,,none,none
sun3d-hotel_umd-maryland_hotel1,18,27,0.1699529361100003,0.7695312499999969,0.5415,1,1,,,,,,,,,,,,,,,,,,,,,,,,,,,,,,,,,none,none
sun3d-hotel_umd-maryland_hotel1,18,28,0.2337506536651389,0.8710937499999966,0.634,1,1,,,,,,,,,,,,,,,,,,,,,,,,,,,,,,,,,none,none
sun3d-hotel_umd-maryland_hotel1,18,32,0.3329847119259282,0.48437499999999806,0.4365,1,1,,,,,,,,,,,,,,,,,,,,,,,,,,,,,,,,,none,none
sun3d-hotel_umd-maryland_hotel1,18,33,0.45562767233689133,0.8437499999999967,0.6565,1,1,,,,,,,,,,,,,,,,,,,,,,,,,,,,,,,,,none,none
sun3d-hotel_umd-maryland_hotel1,18,35,0.4269279276508044,0.8945312499999964,0.6675,1,1,,,,,,,,,,,,,,,,,,,,,,,,,,,,,,,,,none,none
sun3d-hotel_umd-maryland_hotel1,18,36,0.17281368236488356,0.23046874999999908,0.0585,1,0,,,,,,,,,,,,,,,,,,,,,,,,,,,,,,,,,none,none
sun3d-hotel_umd-maryland_hotel1,19,20,0.22512702479697747,0.8749999999999966,0.6765,1,0,,,,,,,,,,,,,,,,,,,,,,,,,,,,,,,,,none,none
sun3d-hotel_umd-maryland_hotel1,19,30,0.4747036088070526,0.8554687499999966,0.637,1,1,,,,,,,,,,,,,,,,,,,,,,,,,,,,,,,,,none,none
sun3d-hotel_umd-maryland_hotel1,19,35,0.1509532288183437,0.29687499999999883,0.187,1,0,,,,,,,,,,,,,,,,,,,,,,,,,,,,,,,,,none,none
sun3d-hotel_umd-maryland_hotel1,19,36,0.16532765883528033,0.11328124999999954,0.0805,1,0,,,,,,,,,,,,,,,,,,,,,,,,,,,,,,,,,none,none
sun3d-hotel_umd-maryland_hotel1,19,37,0.16154948538671993,0.015624999999999938,0.01,1,0,,,,,,,,,,,,,,,,,,,,,,,,,,,,,,,,,none,none
sun3d-hotel_umd-maryland_hotel1,22,27,0.30835725139287523,0.8828124999999964,0.656,1,1,,,,,,,,,,,,,,,,,,,,,,,,,,,,,,,,,none,none
sun3d-hotel_umd-maryland_hotel1,22,33,0.4515617085936181,0.8515624999999966,0.678,1,1,,,,,,,,,,,,,,,,,,,,,,,,,,,,,,,,,none,none
sun3d-hotel_umd-maryland_hotel1,22,35,0.3597838932973155,0.8203124999999967,0.57,1,1,,,,,,,,,,,,,,,,,,,,,,,,,,,,,,,,,none,none
sun3d-hotel_umd-maryland_hotel1,23,24,0.4612880992495022,0.8749999999999966,0.7375,1,0,,,,,,,,,,,,,,,,,,,,,,,,,,,,,,,,,none,none
sun3d-hotel_umd-maryland_hotel1,23,25,0.5174605605758922,0.8945312499999964,0.6705,1,1,,,,,,,,,,,,,,,,,,,,,,,,,,,,,,,,,none,none
sun3d-hotel_umd-maryland_hotel1,23,26,0.3073977638229438,0.7343749999999971,0.463,1,1,,,,,,,,,,,,,,,,,,,,,,,,,,,,,,,,,none,none
sun3d-hotel_umd-maryland_hotel1,23,29,0.1971971205391331,0.23437499999999906,0.171,1,0,,,,,,,,,,,,,,,,,,,,,,,,,,,,,,,,,none,none
sun3d-hotel_umd-maryland_hotel1,25,27,0.16069857469646315,0.5585937499999978,0.3005,1,1,,,,,,,,,,,,,,,,,,,,,,,,,,,,,,,,,none,none
sun3d-hotel_umd-maryland_hotel1,25,29,0.3286996304768608,0.8554687499999966,0.6515,1,1,,,,,,,,,,,,,,,,,,,,,,,,,,,,,,,,,none,none
sun3d-hotel_umd-maryland_hotel1,25,32,0.1793946859053317,0.5390624999999979,0.34,1,1,,,,,,,,,,,,,,,,,,,,,,,,,,,,,,,,,none,none
sun3d-hotel_umd-maryland_hotel1,26,27,0.27709942686269623,0.9023437499999964,0.686,1,0,,,,,,,,,,,,,,,,,,,,,,,,,,,,,,,,,none,none
sun3d-hotel_umd-maryland_hotel1,26,32,0.3301057278131786,0.9374999999999962,0.6955,1,1,,,,,,,,,,,,,,,,,,,,,,,,,,,,,,,,,none,none
sun3d-hotel_umd-maryland_hotel1,28,33,0.12101708743144632,0.5859374999999977,0.5565,1,1,,,,,,,,,,,,,,,,,,,,,,,,,,,,,,,,,none,none
sun3d-hotel_umd-maryland_hotel1,32,33,0.1932706423838432,0.8242187499999967,0.6825,1,0,,,,,,,,,,,,,,,,,,,,,,,,,,,,,,,,,none,none
sun3d-hotel_umd-maryland_hotel1,35,36,0.24024685915803395,0.3437499999999986,0.1805,1,0,,,,,,,,,,,,,,,,,,,,,,,,,,,,,,,,,none,none
sun3d-hotel_umd-maryland_hotel1,35,37,0.19098523253251046,0.3515624999999986,0.188,1,1,,,,,,,,,,,,,,,,,,,,,,,,,,,,,,,,,none,none
sun3d-hotel_umd-maryland_hotel1,36,38,0.4130689206762029,0.749999999999997,0.6205,1,1,,,,,,,,,,,,,,,,,,,,,,,,,,,,,,,,,none,none
sun3d-hotel_umd-maryland_hotel1,36,39,0.2975292587776333,0.6171874999999976,0.571,1,1,,,,,,,,,,,,,,,,,,,,,,,,,,,,,,,,,none,none
sun3d-hotel_umd-maryland_hotel1,36,42,0.2410923276983095,0.031249999999999875,0.0825,1,0,,,,,,,,,,,,,,,,,,,,,,,,,,,,,,,,,none,none
sun3d-hotel_umd-maryland_hotel1,36,53,0.18914174252275684,0.0,0.0,1,0,,,,,,,,,,,,,,,,,,,,,,,,,,,,,,,,,none,none
sun3d-hotel_umd-maryland_hotel1,36,55,0.4274382314694408,0.007812499999999969,0.0,1,0,,,,,,,,,,,,,,,,,,,,,,,,,,,,,,,,,none,none
sun3d-hotel_umd-maryland_hotel1,36,56,0.3511703511053316,0.5664062499999978,0.5045,1,1,,,,,,,,,,,,,,,,,,,,,,,,,,,,,,,,,none,none
sun3d-hotel_umd-maryland_hotel1,37,38,0.41710222724490276,0.6992187499999972,0.622,1,0,,,,,,,,,,,,,,,,,,,,,,,,,,,,,,,,,none,none
sun3d-hotel_umd-maryland_hotel1,37,39,0.3407731788859067,0.6328124999999974,0.5345,1,1,,,,,,,,,,,,,,,,,,,,,,,,,,,,,,,,,none,none
sun3d-hotel_umd-maryland_hotel1,37,41,0.47897537316946837,0.8203124999999967,0.6975,1,1,,,,,,,,,,,,,,,,,,,,,,,,,,,,,,,,,none,none
sun3d-hotel_umd-maryland_hotel1,37,42,0.21697979940669587,0.49218749999999806,0.363,1,1,,,,,,,,,,,,,,,,,,,,,,,,,,,,,,,,,none,none
sun3d-hotel_umd-maryland_hotel1,37,55,0.33441634882516363,0.019531249999999924,0.0,1,0,,,,,,,,,,,,,,,,,,,,,,,,,,,,,,,,,none,none
sun3d-hotel_umd-maryland_hotel1,37,56,0.4357018411263361,0.6210937499999976,0.4855,1,1,,,,,,,,,,,,,,,,,,,,,,,,,,,,,,,,,none,none
sun3d-hotel_umd-maryland_hotel1,38,55,0.2747872095698183,0.07031249999999972,0.002,1,0,,,,,,,,,,,,,,,,,,,,,,,,,,,,,,,,,none,none
sun3d-hotel_umd-maryland_hotel1,40,41,0.2929109557955886,0.6093749999999976,0.4865,1,0,,,,,,,,,,,,,,,,,,,,,,,,,,,,,,,,,none,none
sun3d-hotel_umd-maryland_hotel1,41,42,0.17841856273935572,0.03906249999999985,0.0825,1,0,,,,,,,,,,,,,,,,,,,,,,,,,,,,,,,,,none,none
sun3d-hotel_umd-maryland_hotel1,41,53,0.15296237891416986,0.0,0.0,1,0,,,,,,,,,,,,,,,,,,,,,,,,,,,,,,,,,none,none
sun3d-hotel_umd-maryland_hotel1,41,55,0.358526695201622,0.03906249999999985,0.0005,1,0,,,,,,,,,,,,,,,,,,,,,,,,,,,,,,,,,none,none
sun3d-hotel_umd-maryland_hotel1,42,53,0.3036528362859946,0.031249999999999875,0.011,1,0,,,,,,,,,,,,,,,,,,,,,,,,,,,,,,,,,none,none
sun3d-hotel_umd-maryland_hotel1,42,55,0.41283397772520053,0.42187499999999833,0.2835,1,1,,,,,,,,,,,,,,,,,,,,,,,,,,,,,,,,,none,none
sun3d-hotel_umd-maryland_hotel1,43,45,0.2591451459302,0.5624999999999978,0.4785,1,1,,,,,,,,,,,,,,,,,,,,,,,,,,,,,,,,,none,none
sun3d-hotel_umd-maryland_hotel1,43,48,0.3226709988235953,0.6640624999999973,0.479,1,1,,,,,,,,,,,,,,,,,,,,,,,,,,,,,,,,,none,none
sun3d-hotel_umd-maryland_hotel1,43,49,0.29650999943980727,0.6249999999999976,0.58,1,1,,,,,,,,,,,,,,,,,,,,,,,,,,,,,,,,,none,none
sun3d-hotel_umd-maryland_hotel1,43,53,0.17377177749145706,0.0781249999999997,0.0625,1,0,,,,,,,,,,,,,,,,,,,,,,,,,,,,,,,,,none,none
sun3d-hotel_umd-maryland_hotel1,43,55,0.27410229118816876,0.5234374999999979,0.407,1,1,,,,,,,,,,,,,,,,,,,,,,,,,,,,,,,,,none,none
sun3d-hotel_umd-maryland_hotel1,44,45,0.20986028820130204,0.5429687499999978,0.5095,1,0,,,,,,,,,,,,,,,,,,,,,,,,,,,,,,,,,none,none
sun3d-hotel_umd-maryland_hotel1,44,47,0.2306341891595348,0.5546874999999978,0.5005,1,1,,,,,,,,,,,,,,,,,,,,,,,,,,,,,,,,,none,none
sun3d-hotel_umd-maryland_hotel1,44,52,0.13429888084265965,0.054687499999999785,0.0095,1,0,,,,,,,,,,,,,,,,,,,,,,,,,,,,,,,,,none,none
sun3d-hotel_umd-maryland_hotel1,45,46,0.207521616835087,0.33593749999999867,0.3875,1,0,,,,,,,,,,,,,,,,,,,,,,,,,,,,,,,,,none,none
sun3d-hotel_umd-maryland_hotel1,47,48,0.2714715536105033,0.3164062499999987,0.288,1,0,,,,,,,,,,,,,,,,,,,,,,,,,,,,,,,,,none,none
sun3d-hotel_umd-maryland_hotel1,47,56,0.22333150984682712,0.29687499999999883,0.2385,1,0,,,,,,,,,,,,,,,,,,,,,,,,,,,,,,,,,none,none
sun3d-hotel_umd-maryland_hotel1,48,49,0.14586312563840653,0.21093749999999917,0.144,1,0,,,,,,,,,,,,,,,,,,,,,,,,,,,,,,,,,none,none
sun3d-hotel_umd-maryland_hotel1,49,54,0.21254561593845547,0.3515624999999986,0.273,1,0,,,,,,,,,,,,,,,,,,,,,,,,,,,,,,,,,none,none
sun3d-hotel_umd-maryland_hotel1,50,55,0.30171508575428774,0.5703124999999977,0.42,1,1,,,,,,,,,,,,,,,,,,,,,,,,,,,,,,,,,none,none
sun3d-hotel_umd-maryland_hotel1,51,55,0.2420408163265306,0.41796874999999833,0.4315,1,1,,,,,,,,,,,,,,,,,,,,,,,,,,,,,,,,,none,none
sun3d-hotel_umd-maryland_hotel1,52,53,0.12419798350137488,0.14453124999999942,0.0535,1,0,,,,,,,,,,,,,,,,,,,,,,,,,,,,,,,,,none,none
sun3d-hotel_umd-maryland_hotel1,52,54,0.13198900091659027,0.0507812499999998,0.0245,1,0,,,,,,,,,,,,,,,,,,,,,,,,,,,,,,,,,none,none
sun3d-hotel_umd-maryland_hotel1,54,55,0.2935733512786003,0.26562499999999895,0.1615,1,0,,,,,,,,,,,,,,,,,,,,,,,,,,,,,,,,,none,none
sun3d-hotel_umd-maryland_hotel3,0,11,0.36199134705332087,0.7226562499999971,0.54,1,1,,,,,,,,,,,,,,,,,,,,,,,,,,,,,,,,,none,none
sun3d-hotel_umd-maryland_hotel3,0,27,0.20524438727782976,0.015624999999999938,0.0015,1,0,,,,,,,,,,,,,,,,,,,,,,,,,,,,,,,,,none,none
sun3d-hotel_umd-maryland_hotel3,1,11,0.14940616027146958,0.39062499999999845,0.2125,1,0,,,,,,,,,,,,,,,,,,,,,,,,,,,,,,,,,none,none
sun3d-hotel_umd-maryland_hotel3,1,12,0.36726703210649964,0.6015624999999976,0.474,1,1,,,,,,,,,,,,,,,,,,,,,,,,,,,,,,,,,none,none
sun3d-hotel_umd-maryland_hotel3,1,13,0.27682067345340644,0.7304687499999971,0.593,1,1,,,,,,,,,,,,,,,,,,,,,,,,,,,,,,,,,none,none
sun3d-hotel_umd-maryland_hotel3,3,5,0.3697798025816249,0.9570312499999962,0.8545,1,1,,,,,,,,,,,,,,,,,,,,,,,,,,,,,,,,,none,none
sun3d-hotel_umd-maryland_hotel3,5,7,0.17972473216668572,0.7968749999999968,0.745,1,1,,,,,,,,,,,,,,,,,,,,,,,,,,,,,,,,,none,none
sun3d-hotel_umd-maryland_hotel3,8,14,0.23779333421388632,0.7148437499999971,0.592,1,1,,,,,,,,,,,,,,,,,,,,,,,,,,,,,,,,,none,none
sun3d-hotel_umd-maryland_hotel3,8,16,0.3523973055078589,0.9648437499999961,0.7215,1,1,,,,,,,,,,,,,,,,,,,,,,,,,,,,,,,,,none,none
sun3d-hotel_umd-maryland_hotel3,9,10,0.3113680922473665,0.8867187499999964,0.7265,1,0,,,,,,,,,,,,,,,,,,,,,,,,,,,,,,,,,none,none
sun3d-hotel_umd-maryland_hotel3,9,15,0.3452630179776028,0.9062499999999963,0.7185,1,1,,,,,,,,,,,,,,,,,,,,,,,,,,,,,,,,,none,none
sun3d-hotel_umd-maryland_hotel3,9,16,0.26444688133452965,0.8710937499999966,0.584,1,1,,,,,,,,,,,,,,,,,,,,,,,,,,,,,,,,,none,none
sun3d-hotel_umd-maryland_hotel3,10,11,0.3324665090622537,0.9296874999999963,0.6645,1,0,,,,,,,,,,,,,,,,,,,,,,,,,,,,,,,,,none,none
sun3d-hotel_umd-maryland_hotel3,10,13,0.18561859732072497,0.742187499999997,0.5205,1,1,,,,,,,,,,,,,,,,,,,,,,,,,,,,,,,,,none,none
sun3d-hotel_umd-maryland_hotel3,10,17,0.2815602836879433,0.6484374999999974,0.32,1,1,,,,,,,,,,,,,,,,,,,,,,,,,,,,,,,,,none,none
sun3d-hotel_umd-maryland_hotel3,11,14,0.40940710183612394,0.9414062499999962,0.7385,1,1,,,,,,,,,,,,,,,,,,,,,,,,,,,,,,,,,none,none
sun3d-hotel_umd-maryland_hotel3,11,27,0.28597427808784276,0.042968749999999827,0.004,1,0,,,,,,,,,,,,,,,,,,,,,,,,,,,,,,,,,none,none
sun3d-hotel_umd-maryland_hotel3,12,27,0.25012557905899424,0.019531249999999924,0.004,1,0,,,,,,,,,,,,,,,,,,,,,,,,,,,,,,,,,none,none
sun3d-hotel_umd-maryland_hotel3,13,14,0.2468764678252701,0.9023437499999964,0.656,1,0,,,,,,,,,,,,,,,,,,,,,,,,,,,,,,,,,none,none
sun3d-hotel_umd-maryland_hotel3,13,27,0.250790668545483,0.015624999999999938,0.004,1,0,,,,,,,,,,,,,,,,,,,,,,,,,,,,,,,,,none,none
sun3d-hotel_umd-maryland_hotel3,14,16,0.3186668615699459,0.5859374999999977,0.447,1,1,,,,,,,,,,,,,,,,,,,,,,,,,,,,,,,,,none,none
sun3d-hotel_umd-maryland_hotel3,14,17,0.2845100618817912,0.23046874999999908,0.128,1,1,,,,,,,,,,,,,,,,,,,,,,,,,,,,,,,,,none,none
sun3d-hotel_umd-maryland_hotel3,16,18,0.22605838373255868,0.5585937499999978,0.494,1,1,,,,,,,,,,,,,,,,,,,,,,,,,,,,,,,,,none,none
sun3d-hotel_umd-maryland_hotel3,16,19,0.2307252726320301,0.5937499999999977,0.4565,1,1,,,,,,,,,,,,,,,,,,,,,,,,,,,,,,,,,none,none
sun3d-hotel_umd-maryland_hotel3,18,20,0.3277777777777778,0.7695312499999969,0.516,1,1,,,,,,,,,,,,,,,,,,,,,,,,,,,,,,,,,none,none
sun3d-hotel_umd-maryland_hotel3,20,33,0.24485310279141329,0.011718749999999953,0.0,1,0,,,,,,,,,,,,,,,,,,,,,,,,,,,,,,,,,none,none
sun3d-hotel_umd-maryland_hotel3,20,34,0.3231005934500696,0.12109374999999951,0.108,1,1,,,,,,,,,,,,,,,,,,,,,,,,,,,,,,,,,none,none
sun3d-hotel_umd-maryland_hotel3,20,36,0.2112975309546487,0.058593749999999764,0.012,1,0,,,,,,,,,,,,,,,,,,,,,,,,,,,,,,,,,none,none
sun3d-hotel_umd-maryland_hotel3,21,24,0.3493170351532056,0.8398437499999967,0.736,1,1,,,,,,,,,,,,,,,,,,,,,,,,,,,,,,,,,none,none
sun3d-hotel_umd-maryland_hotel3,21,29,0.3293408261208417,0.8203124999999967,0.7305,1,1,,,,,,,,,,,,,,,,,,,,,,,,,,,,,,,,,none,none
sun3d-hotel_umd-maryland_hotel3,21,30,0.3299971286763198,0.761718749999997,0.6815,1,1,,,,,,,,,,,,,,,,,,,,,,,,,,,,,,,,,none,none
sun3d-hotel_umd-maryland_hotel3,21,31,0.3761023831986546,0.6406249999999974,0.575,1,1,,,,,,,,,,,,,,,,,,,,,,,,,,,,,,,,,none,none
sun3d-hotel_umd-maryland_hotel3,22,24,0.35303484797985407,0.8749999999999966,0.732,1,1,,,,,,,,,,,,,,,,,,,,,,,,,,,,,,,,,none,none
sun3d-hotel_umd-maryland_hotel3,22,27,0.313483686997741,0.5585937499999978,0.4965,1,1,,,,,,,,,,,,,,,,,,,,,,,,,,,,,,,,,none,none
sun3d-hotel_umd-maryland_hotel3,22,30,0.39206754805021665,0.8593749999999966,0.707,1,1,,,,,,,,,,,,,,,,,,,,,,,,,,,,,,,,,none,none
sun3d-hotel_umd-maryland_hotel3,22,31,0.14913157797281784,0.6406249999999974,0.563,1,1,,,,,,,,,,,,,,,,,,,,,,,,,,,,,,,,,none,none
sun3d-hotel_umd-maryland_hotel3,23,24,0.3420042643923241,0.8476562499999966,0.7805,1,0,,,,,,,,,,,,,,,,,,,,,,,,,,,,,,,,,none,none
sun3d-hotel_umd-maryland_hotel3,23,27,0.367910447761194,0.6406249999999974,0.5605,1,1,,,,,,,,,,,,,,,,,,,,,,,,,,,,,,,,,none,none
sun3d-hotel_umd-maryland_hotel3,24,25,0.33401167934878784,0.5585937499999978,0.4765,1,0,,,,,,,,,,,,,,,,,,,,,,,,,,,,,,,,,none,none
sun3d-hotel_umd-maryland_hotel3,24,30,0.1730667138559547,0.0,0.0,1,0,,,,,,,,,,,,,,,,,,,,,,,,,,,,,,,,,none,none
sun3d-hotel_umd-maryland_hotel3,25,26,0.2795874938615158,0.23046874999999908,0.3115,1,0,,,,,,,,,,,,,,,,,,,,,,,,,,,,,,,,,none,none
sun3d-hotel_umd-maryland_hotel3,25,28,0.28564413160910135,0.21874999999999914,0.1965,1,1,,,,,,,,,,,,,,,,,,,,,,,,,,,,,,,,,none,none
sun3d-hotel_umd-maryland_hotel3,27,28,0.23793342579750346,0.6484374999999974,0.528,1,0,,,,,,,,,,,,,,,,,,,,,,,,,,,,,,,,,none,none
sun3d-hotel_umd-maryland_hotel3,28,31,0.20944808231992518,0.3984374999999984,0.435,1,1,,,,,,,,,,,,,,,,,,,,,,,,,,,,,,,,,none,none
sun3d-hotel_umd-maryland_hotel3,29,31,0.18644926924051702,0.1015624999999996,0.107,1,0,,,,,,,,,,,,,,,,,,,,,,,,,,,,,,,,,none,none
sun3d-hotel_umd-maryland_hotel3,30,32,0.32033598585322726,0.6406249999999974,0.5255,1,1,,,,,,,,,,,,,,,,,,,,,,,,,,,,,,,,,none,none
sun3d-hotel_umd-maryland_hotel3,30,33,0.21688770999115828,0.13281249999999947,0.1365,1,1,,,,,,,,,,,,,,,,,,,,,,,,,,,,,,,,,none,none
sun3d-hotel_umd-maryland_hotel3,31,35,0.13718773498203693,0.17968749999999928,0.053,1,0,,,,,,,,,,,,,,,,,,,,,,,,,,,,,,,,,none,none
sun3d-hotel_umd-maryland_hotel3,31,36,0.2589188737572061,0.35546874999999856,0.1705,1,1,,,,,,,,,,,,,,,,,,,,,,,,,,,,,,,,,none,none
sun3d-mit_76_studyroom-76-1studyroom2,0,3,0.4114804510177186,0.6953124999999972,0.592,1,1,,,,,,,,,,,,,,,,,,,,,,,,,,,,,,,,,none,none
sun3d-mit_76_studyroom-76-1studyroom2,0,8,0.34309562161370627,0.6289062499999974,0.5685,1,1,,,,,,,,,,,,,,,,,,,,,,,,,,,,,,,,,none,none
sun3d-mit_76_studyroom-76-1studyroom2,0,18,0.15126665690437838,0.03906249999999985,0.0245,1,0,,,,,,,,,,,,,,,,,,,,,,,,,,,,,,,,,none,none
sun3d-mit_76_studyroom-76-1studyroom2,0,19,0.29601698638160784,0.08203124999999967,0.0405,1,0,,,,,,,,,,,,,,,,,,,,,,,,,,,,,,,,,none,none
sun3d-mit_76_studyroom-76-1studyroom2,0,21,0.4007175281886074,0.6874999999999972,0.5955,1,1,,,,,,,,,,,,,,,,,,,,,,,,,,,,,,,,,none,none
sun3d-mit_76_studyroom-76-1studyroom2,0,22,0.20559379118465368,0.42187499999999833,0.5035,1,1,,,,,,,,,,,,,,,,,,,,,,,,,,,,,,,,,none,none
sun3d-mit_76_studyroom-76-1studyroom2,0,33,0.22009078928100748,0.4765624999999981,0.4955,1,1,,,,,,,,,,,,,,,,,,,,,,,,,,,,,,,,,none,none
sun3d-mit_76_studyroom-76-1studyroom2,0,39,0.1578562014936301,0.0,0.0,1,0,,,,,,,,,,,,,,,,,,,,,,,,,,,,,,,,,none,none
sun3d-mit_76_studyroom-76-1studyroom2,0,44,0.17088885634792794,0.23437499999999906,0.2255,1,0,,,,,,,,,,,,,,,,,,,,,,,,,,,,,,,,,none,none
sun3d-mit_76_studyroom-76-1studyroom2,0,45,0.3297700981109972,0.5351562499999979,0.5755,1,1,,,,,,,,,,,,,,,,,,,,,,,,,,,,,,,,,none,none
sun3d-mit_76_studyroom-76-1studyroom2,0,50,0.2793234734221702,0.496093749999998,0.5285,1,1,,,,,,,,,,,,,,,,,,,,,,,,,,,,,,,,,none,none
sun3d-mit_76_studyroom-76-1studyroom2,0,51,0.18333577390540343,0.3515624999999986,0.351,1,1,,,,,,,,,,,,,,,,,,,,,,,,,,,,,,,,,none,none
sun3d-mit_76_studyroom-76-1studyroom2,0,64,0.17315858837311465,0.04687499999999981,0.0,1,0,,,,,,,,,,,,,,,,,,,,,,,,,,,,,,,,,none,none
sun3d-mit_76_studyroom-76-1studyroom2,1,8,0.39123901119543164,0.6718749999999973,0.6905,1,1,,,,,,,,,,,,,,,,,,,,,,,,,,,,,,,,,none,none
sun3d-mit_76_studyroom-76-1studyroom2,1,19,0.29596513637388233,0.16015624999999936,0.086,1,0,,,,,,,,,,,,,,,,,,,,,,,,,,,,,,,,,none,none
sun3d-mit_76_studyroom-76-1studyroom2,1,20,0.4248253061837854,0.5312499999999979,0.4105,1,1,,,,,,,,,,,,,,,,,,,,,,,,,,,,,,,,,none,none
sun3d-mit_76_studyroom-76-1studyroom2,1,21,0.3796678939063791,0.6835937499999972,0.592,1,1,,,,,,,,,,,,,,,,,,,,,,,,,,,,,,,,,none,none
sun3d-mit_76_studyroom-76-1studyroom2,1,22,0.19746036516642873,0.4374999999999983,0.51,1,1,,,,,,,,,,,,,,,,,,,,,,,,,,,,,,,,,none,none
sun3d-mit_76_studyroom-76-1studyroom2,1,33,0.16642873243669698,0.35546874999999856,0.4115,1,1,,,,,,,,,,,,,,,,,,,,,,,,,,,,,,,,,none,none
sun3d-mit_76_studyroom-76-1studyroom2,1,39,0.19250131489969194,0.019531249999999924,0.025,1,0,,,,,,,,,,,,,,,,,,,,,,,,,,,,,,,,,none,none
sun3d-mit_76_studyroom-76-1studyroom2,1,44,0.19978961604928996,0.0039062499999999844,0.002,1,0,,,,,,,,,,,,,,,,,,,,,,,,,,,,,,,,,none,none
sun3d-mit_76_studyroom-76-1studyroom2,1,50,0.3085130362912315,0.5546874999999978,0.6475,1,1,,,,,,,,,,,,,,,,,,,,,,,,,,,,,,,,,none,none
sun3d-mit_76_studyroom-76-1studyroom2,1,51,0.19595762266135697,0.33203124999999867,0.3655,1,1,,,,,,,,,,,,,,,,,,,,,,,,,,,,,,,,,none,none
sun3d-mit_76_studyroom-76-1studyroom2,1,64,0.15004883913141484,0.0,0.0,1,0,,,,,,,,,,,,,,,,,,,,,,,,,,,,,,,,,none,none
sun3d-mit_76_studyroom-76-1studyroom2,2,4,0.34685010861694426,0.054687499999999785,0.0,1,0,,,,,,,,,,,,,,,,,,,,,,,,,,,,,,,,,none,none
sun3d-mit_76_studyroom-76-1studyroom2,2,21,0.18995896693217476,0.11328124999999954,0.086,1,0,,,,,,,,,,,,,,,,,,,,,,,,,,,,,,,,,none,none
sun3d-mit_76_studyroom-76-1studyroom2,2,34,0.41660632391986485,0.8007812499999968,0.649,1,1,,,,,,,,,,,,,,,,,,,,,,,,,,,,,,,,,none,none
sun3d-mit_76_studyroom-76-1studyroom2,2,43,0.14283128167994208,0.0,0.0,1,0,,,,,,,,,,,,,,,,,,,,,,,,,,,,,,,,,none,none
sun3d-mit_76_studyroom-76-1studyroom2,2,51,0.20088100410330678,0.41796874999999833,0.402,1,1,,,,,,,,,,,,,,,,,,,,,,,,,,,,,,,,,none,none
sun3d-mit_76_studyroom-76-1studyroom2,3,8,0.17682926829268292,0.511718749999998,0.504,1,1,,,,,,,,,,,,,,,,,,,,,,,,,,,,,,,,,none,none
sun3d-mit_76_studyroom-76-1studyroom2,3,35,0.27640712945590995,0.6757812499999973,0.574,1,1,,,,,,,,,,,,,,,,,,,,,,,,,,,,,,,,,none,none
sun3d-mit_76_studyroom-76-1studyroom2,3,36,0.31196060037523454,0.7968749999999968,0.665,1,1,,,,,,,,,,,,,,,,,,,,,,,,,,,,,,,,,none,none
sun3d-mit_76_studyroom-76-1studyroom2,3,37,0.3409474671669794,0.8359374999999967,0.6895,1,1,,,,,,,,,,,,,,,,,,,,,,,,,,,,,,,,,none,none
sun3d-mit_76_studyroom-76-1studyroom2,3,41,0.32734521575984993,0.28906249999999883,0.112,1,0,,,,,,,,,,,,,,,,,,,,,,,,,,,,,,,,,none,none
sun3d-mit_76_studyroom-76-1studyroom2,3,42,0.3896810506566604,0.23437499999999906,0.0845,1,0,,,,,,,,,,,,,,,,,,,,,,,,,,,,,,,,,none,none
sun3d-mit_76_studyroom-76-1studyroom2,4,6,0.3520375256523014,0.0,0.0,1,0,,,,,,,,,,,,,,,,,,,,,,,,,,,,,,,,,none,none
sun3d-mit_76_studyroom-76-1studyroom2,4,7,0.3037818821459982,0.015624999999999938,0.0045,1,0,,,,,,,,,,,,,,,,,,,,,,,,,,,,,,,,,none,none
sun3d-mit_76_studyroom-76-1studyroom2,4,38,0.2858399296394019,0.0,0.0,1,0,,,,,,,,,,,,,,,,,,,,,,,,,,,,,,,,,none,none
sun3d-mit_76_studyroom-76-1studyroom2,4,45,0.3029023746701847,0.0,0.0,1,0,,,,,,,,,,,,,,,,,,,,,,,,,,,,,,,,,none,none
sun3d-mit_76_studyroom-76-1studyroom2,4,49,0.2570507182644386,0.0,0.0,1,0,,,,,,,,,,,,,,,,,,,,,,,,,,,,,,,,,none,none
sun3d-mit_76_studyroom-76-1studyroom2,5,8,0.193746635564328,0.5234374999999979,0.501,1,1,,,,,,,,,,,,,,,,,,,,,,,,,,,,,,,,,none,none
sun3d-mit_76_studyroom-76-1studyroom2,5,34,0.18150008971828457,0.5742187499999977,0.418,1,1,,,,,,,,,,,,,,,,,,,,,,,,,,,,,,,,,none,none
sun3d-mit_76_studyroom-76-1studyroom2,5,35,0.30297864704826843,0.7070312499999972,0.537,1,1,,,,,,,,,,,,,,,,,,,,,,,,,,,,,,,,,none,none
sun3d-mit_76_studyroom-76-1studyroom2,5,36,0.33657814462587476,0.8046874999999968,0.617,1,1,,,,,,,,,,,,,,,,,,,,,,,,,,,,,,,,,none,none
sun3d-mit_76_studyroom-76-1studyroom2,5,41,0.33787905975237753,0.5546874999999978,0.409,1,1,,,,,,,,,,,,,,,,,,,,,,,,,,,,,,,,,none,none
sun3d-mit_76_studyroom-76-1studyroom2,5,42,0.44495783240624437,0.4453124999999982,0.431,1,1,,,,,,,,,,,,,,,,,,,,,,,,,,,,,,,,,none,none
sun3d-mit_76_studyroom-76-1studyroom2,5,50,0.180692625157007,0.41015624999999833,0.383,1,1,,,,,,,,,,,,,,,,,,,,,,,,,,,,,,,,,none,none
sun3d-mit_76_studyroom-76-1studyroom2,6,34,0.34177071509648127,0.738281249999997,0.61,1,1,,,,,,,,,,,,,,,,,,,,,,,,,,,,,,,,,none,none
sun3d-mit_76_studyroom-76-1studyroom2,6,40,0.31186152099886494,0.0,0.0,1,0,,,,,,,,,,,,,,,,,,,,,,,,,,,,,,,,,none,none
sun3d-mit_76_studyroom-76-1studyroom2,6,43,0.36078320090805904,0.042968749999999827,0.0115,1,0,,,,,,,,,,,,,,,,,,,,,,,,,,,,,,,,,none,none
sun3d-mit_76_studyroom-76-1studyroom2,6,50,0.3524971623155505,0.5429687499999978,0.652,1,1,,,,,,,,,,,,,,,,,,,,,,,,,,,,,,,,,none,none
sun3d-mit_76_studyroom-76-1studyroom2,6,51,0.15936435868331442,0.41796874999999833,0.379,1,1,,,,,,,,,,,,,,,,,,,,,,,,,,,,,,,,,none,none
sun3d-mit_76_studyroom-76-1studyroom2,7,34,0.2606277862034101,0.7109374999999971,0.5835,1,1,,,,,,,,,,,,,,,,,,,,,,,,,,,,,,,,,none,none
sun3d-mit_76_studyroom-76-1studyroom2,7,40,0.32313065857805967,0.007812499999999969,0.0005,1,0,,,,,,,,,,,,,,,,,,,,,,,,,,,,,,,,,none,none
sun3d-mit_76_studyroom-76-1studyroom2,7,43,0.29477457603750173,0.019531249999999924,0.0,1,0,,,,,,,,,,,,,,,,,,,,,,,,,,,,,,,,,none,none
sun3d-mit_76_studyroom-76-1studyroom2,8,9,0.35220857824594076,0.4296874999999983,0.396,1,0,,,,,,,,,,,,,,,,,,,,,,,,,,,,,,,,,none,none
sun3d-mit_76_studyroom-76-1studyroom2,8,10,0.18145841820403888,0.14453124999999942,0.1065,1,0,,,,,,,,,,,,,,,,,,,,,,,,,,,,,,,,,none,none
sun3d-mit_76_studyroom-76-1studyroom2,8,34,0.1753477274049933,0.5546874999999978,0.546,1,1,,,,,,,,,,,,,,,,,,,,,,,,,,,,,,,,,none,none
sun3d-mit_76_studyroom-76-1studyroom2,8,35,0.3051853576209044,0.6679687499999973,0.639,1,1,,,,,,,,,,,,,,,,,,,,,,,,,,,,,,,,,none,none
sun3d-mit_76_studyroom-76-1studyroom2,8,36,0.4031891986265495,0.753906249999997,0.615,1,1,,,,,,,,,,,,,,,,,,,,,,,,,,,,,,,,,none,none
sun3d-mit_76_studyroom-76-1studyroom2,8,52,0.2946516906244544,0.3124999999999988,0.3465,1,1,,,,,,,,,,,,,,,,,,,,,,,,,,,,,,,,,none,none
sun3d-mit_76_studyroom-76-1studyroom2,8,53,0.17546412151545132,0.21484374999999914,0.2165,1,1,,,,,,,,,,,,,,,,,,,,,,,,,,,,,,,,,none,none
sun3d-mit_76_studyroom-76-1studyroom2,8,55,0.16399930163533724,0.1757812499999993,0.106,1,1,,,,,,,,,,,,,,,,,,,,,,,,,,,,,,,,,none,none
sun3d-mit_76_studyroom-76-1studyroom2,9,12,0.34723413778954826,0.742187499999997,0.6275,1,1,,,,,,,,,,,,,,,,,,,,,,,,,,,,,,,,,none,none
sun3d-mit_76_studyroom-76-1studyroom2,9,36,0.2078033496213958,0.33593749999999867,0.115,1,1,,,,,,,,,,,,,,,,,,,,,,,,,,,,,,,,,none,none
sun3d-mit_76_studyroom-76-1studyroom2,9,37,0.23704726024842404,0.42187499999999833,0.2005,1,1,,,,,,,,,,,,,,,,,,,,,,,,,,,,,,,,,none,none
sun3d-mit_76_studyroom-76-1studyroom2,9,38,0.2744600693796859,0.4296874999999983,0.344,1,1,,,,,,,,,,,,,,,,,,,,,,,,,,,,,,,,,none,none
sun3d-mit_76_studyroom-76-1studyroom2,9,39,0.2556977134544369,0.6796874999999973,0.5955,1,1,,,,,,,,,,,,,,,,,,,,,,,,,,,,,,,,,none,none
sun3d-mit_76_studyroom-76-1studyroom2,9,50,0.21899362154500354,0.4296874999999983,0.4995,1,1,,,,,,,,,,,,,,,,,,,,,,,,,,,,,,,,,none,none
sun3d-mit_76_studyroom-76-1studyroom2,9,54,0.18057368794061696,0.21484374999999914,0.184,1,1,,,,,,,,,,,,,,,,,,,,,,,,,,,,,,,,,none,none
sun3d-mit_76_studyroom-76-1studyroom2,9,56,0.2937446379947033,0.6562499999999973,0.4575,1,1,,,,,,,,,,,,,,,,,,,,,,,,,,,,,,,,,none,none
sun3d-mit_76_studyroom-76-1studyroom2,10,13,0.1851366120218579,0.20703124999999917,0.1395,1,0,,,,,,,,,,,,,,,,,,,,,,,,,,,,,,,,,none,none
sun3d-mit_76_studyroom-76-1studyroom2,10,37,0.17336455893832944,0.3789062499999985,0.151,1,1,,,,,,,,,,,,,,,,,,,,,,,,,,,,,,,,,none,none
sun3d-mit_76_studyroom-76-1studyroom2,10,39,0.20533957845433257,0.4726562499999981,0.438,1,1,,,,,,,,,,,,,,,,,,,,,,,,,,,,,,,,,none,none
sun3d-mit_76_studyroom-76-1studyroom2,10,56,0.35772053083528493,0.6406249999999974,0.552,1,1,,,,,,,,,,,,,,,,,,,,,,,,,,,,,,,,,none,none
sun3d-mit_76_studyroom-76-1studyroom2,11,13,0.22004862953138815,0.14062499999999944,0.1115,1,0,,,,,,,,,,,,,,,,,,,,,,,,,,,,,,,,,none,none
sun3d-mit_76_studyroom-76-1studyroom2,11,51,0.18033451223106395,0.6015624999999976,0.532,1,1,,,,,,,,,,,,,,,,,,,,,,,,,,,,,,,,,none,none
sun3d-mit_76_studyroom-76-1studyroom2,11,56,0.3020557029177719,0.6523437499999974,0.503,1,1,,,,,,,,,,,,,,,,,,,,,,,,,,,,,,,,,none,none
sun3d-mit_76_studyroom-76-1studyroom2,12,14,0.28376152099381097,0.8632812499999966,0.656,1,1,,,,,,,,,,,,,,,,,,,,,,,,,,,,,,,,,none,none
sun3d-mit_76_studyroom-76-1studyroom2,12,15,0.1643884411594461,0.5820312499999977,0.4735,1,1,,,,,,,,,,,,,,,,,,,,,,,,,,,,,,,,,none,none
sun3d-mit_76_studyroom-76-1studyroom2,12,51,0.1927512355848435,0.507812499999998,0.4935,1,1,,,,,,,,,,,,,,,,,,,,,,,,,,,,,,,,,none,none
sun3d-mit_76_studyroom-76-1studyroom2,12,52,0.33630170532971193,0.8749999999999966,0.7405,1,1,,,,,,,,,,,,,,,,,,,,,,,,,,,,,,,,,none,none
sun3d-mit_76_studyroom-76-1studyroom2,12,57,0.20308117013224097,0.8281249999999967,0.674,1,1,,,,,,,,,,,,,,,,,,,,,,,,,,,,,,,,,none,none
sun3d-mit_76_studyroom-76-1studyroom2,13,53,0.17779530318962494,0.253906249999999,0.1955,1,0,,,,,,,,,,,,,,,,,,,,,,,,,,,,,,,,,none,none
sun3d-mit_76_studyroom-76-1studyroom2,13,58,0.20741324921135645,0.007812499999999969,0.0005,1,0,,,,,,,,,,,,,,,,,,,,,,,,,,,,,,,,,none,none
sun3d-mit_76_studyroom-76-1studyroom2,14,18,0.3861186408623842,0.5859374999999977,0.4405,1,1,,,,,,,,,,,,,,,,,,,,,,,,,,,,,,,,,none,none
sun3d-mit_76_studyroom-76-1studyroom2,14,55,0.36916094055348925,0.6367187499999974,0.4825,1,1,,,,,,,,,,,,,,,,,,,,,,,,,,,,,,,,,none,none
sun3d-mit_76_studyroom-76-1studyroom2,14,61,0.186660782954044,0.03906249999999985,0.012,1,0,,,,,,,,,,,,,,,,,,,,,,,,,,,,,,,,,none,none
sun3d-mit_76_studyroom-76-1studyroom2,14,62,0.309903549139507,0.3164062499999987,0.2625,1,0,,,,,,,,,,,,,,,,,,,,,,,,,,,,,,,,,none,none
sun3d-mit_76_studyroom-76-1studyroom2,14,63,0.19088444808674274,0.26171874999999895,0.2375,1,1,,,,,,,,,,,,,,,,,,,,,,,,,,,,,,,,,none,none
sun3d-mit_76_studyroom-76-1studyroom2,15,16,0.3386838636791565,0.6992187499999972,0.622,1,0,,,,,,,,,,,,,,,,,,,,,,,,,,,,,,,,,none,none
sun3d-mit_76_studyroom-76-1studyroom2,15,17,0.3150536622105065,0.6562499999999973,0.625,1,1,,,,,,,,,,,,,,,,,,,,,,,,,,,,,,,,,none,none
sun3d-mit_76_studyroom-76-1studyroom2,15,19,0.3157126718132178,0.6874999999999972,0.645,1,1,,,,,,,,,,,,,,,,,,,,,,,,,,,,,,,,,none,none
sun3d-mit_76_studyroom-76-1studyroom2,15,55,0.18400489549990587,0.7148437499999971,0.635,1,1,,,,,,,,,,,,,,,,,,,,,,,,,,,,,,,,,none,none
sun3d-mit_76_studyroom-76-1studyroom2,15,60,0.21125964978346828,0.33984374999999867,0.1205,1,1,,,,,,,,,,,,,,,,,,,,,,,,,,,,,,,,,none,none
sun3d-mit_76_studyroom-76-1studyroom2,15,61,0.3559593296930898,0.48046874999999806,0.293,1,1,,,,,,,,,,,,,,,,,,,,,,,,,,,,,,,,,none,none
sun3d-mit_76_studyroom-76-1studyroom2,15,63,0.4576350969685558,0.24609374999999903,0.246,1,1,,,,,,,,,,,,,,,,,,,,,,,,,,,,,,,,,none,none
sun3d-mit_76_studyroom-76-1studyroom2,15,64,0.30229711918659385,0.23437499999999906,0.246,1,1,,,,,,,,,,,,,,,,,,,,,,,,,,,,,,,,,none,none
sun3d-mit_76_studyroom-76-1studyroom2,16,18,0.30884021293306574,0.5820312499999977,0.546,1,1,,,,,,,,,,,,,,,,,,,,,,,,,,,,,,,,,none,none
sun3d-mit_76_studyroom-76-1studyroom2,16,19,0.28004188847194345,0.33984374999999867,0.4025,1,1,,,,,,,,,,,,,,,,,,,,,,,,,,,,,,,,,none,none
sun3d-mit_76_studyroom-76-1studyroom2,16,57,0.3096256217820054,0.33593749999999867,0.204,1,0,,,,,,,,,,,,,,,,,,,,,,,,,,,,,,,,,none,none
sun3d-mit_76_studyroom-76-1studyroom2,16,58,0.3190505279692818,0.16796874999999933,0.064,1,0,,,,,,,,,,,,,,,,,,,,,,,,,,,,,,,,,none,none
sun3d-mit_76_studyroom-76-1studyroom2,16,61,0.34566716118334934,0.11718749999999953,0.0105,1,0,,,,,,,,,,,,,,,,,,,,,,,,,,,,,,,,,none,none
sun3d-mit_76_studyroom-76-1studyroom2,16,62,0.3851121389300986,0.0507812499999998,0.0055,1,0,,,,,,,,,,,,,,,,,,,,,,,,,,,,,,,,,none,none
sun3d-mit_76_studyroom-76-1studyroom2,16,63,0.36085173226285017,0.023437499999999906,0.065,1,0,,,,,,,,,,,,,,,,,,,,,,,,,,,,,,,,,none,none
sun3d-mit_76_studyroom-76-1studyroom2,16,64,0.32524653111091717,0.0,0.0,1,0,,,,,,,,,,,,,,,,,,,,,,,,,,,,,,,,,none,none
sun3d-mit_76_studyroom-76-1studyroom2,17,20,0.24922683160925668,0.21484374999999914,0.188,1,1,,,,,,,,,,,,,,,,,,,,,,,,,,,,,,,,,none,none
sun3d-mit_76_studyroom-76-1studyroom2,17,57,0.29263090540684655,0.24609374999999903,0.2005,1,1,,,,,,,,,,,,,,,,,,,,,,,,,,,,,,,,,none,none
sun3d-mit_76_studyroom-76-1studyroom2,17,58,0.22832462408019621,0.007812499999999969,0.002,1,0,,,,,,,,,,,,,,,,,,,,,,,,,,,,,,,,,none,none
sun3d-mit_76_studyroom-76-1studyroom2,17,61,0.30222885784366,0.0,0.0,1,0,,,,,,,,,,,,,,,,,,,,,,,,,,,,,,,,,none,none
sun3d-mit_76_studyroom-76-1studyroom2,17,62,0.4776580996054175,0.14843749999999942,0.1175,1,1,,,,,,,,,,,,,,,,,,,,,,,,,,,,,,,,,none,none
sun3d-mit_76_studyroom-76-1studyroom2,17,63,0.5055988055881412,0.1015624999999996,0.0575,1,0,,,,,,,,,,,,,,,,,,,,,,,,,,,,,,,,,none,none
sun3d-mit_76_studyroom-76-1studyroom2,17,65,0.340087448011091,0.09765624999999961,0.0525,1,1,,,,,,,,,,,,,,,,,,,,,,,,,,,,,,,,,none,none
sun3d-mit_76_studyroom-76-1studyroom2,18,21,0.2887428450286199,0.5859374999999977,0.4745,1,1,,,,,,,,,,,,,,,,,,,,,,,,,,,,,,,,,none,none
sun3d-mit_76_studyroom-76-1studyroom2,18,34,0.27034131863472544,0.4023437499999984,0.2135,1,0,,,,,,,,,,,,,,,,,,,,,,,,,,,,,,,,,none,none
sun3d-mit_76_studyroom-76-1studyroom2,18,56,0.14292982828068687,0.03906249999999985,0.027,1,0,,,,,,,,,,,,,,,,,,,,,,,,,,,,,,,,,none,none
sun3d-mit_76_studyroom-76-1studyroom2,18,57,0.32134831460674157,0.753906249999997,0.618,1,1,,,,,,,,,,,,,,,,,,,,,,,,,,,,,,,,,none,none
sun3d-mit_76_studyroom-76-1studyroom2,18,58,0.25215179139283445,0.496093749999998,0.4015,1,1,,,,,,,,,,,,,,,,,,,,,,,,,,,,,,,,,none,none
sun3d-mit_76_studyroom-76-1studyroom2,18,61,0.28607165571337717,0.20703124999999917,0.0575,1,0,,,,,,,,,,,,,,,,,,,,,,,,,,,,,,,,,none,none
sun3d-mit_76_studyroom-76-1studyroom2,18,65,0.41208395166419337,0.04687499999999981,0.055,1,0,,,,,,,,,,,,,,,,,,,,,,,,,,,,,,,,,none,none
sun3d-mit_76_studyroom-76-1studyroom2,19,22,0.2679431599229287,0.21093749999999917,0.265,1,1,,,,,,,,,,,,,,,,,,,,,,,,,,,,,,,,,none,none
sun3d-mit_76_studyroom-76-1studyroom2,19,23,0.3025449582530507,0.26562499999999895,0.164,1,0,,,,,,,,,,,,,,,,,,,,,,,,,,,,,,,,,none,none
sun3d-mit_76_studyroom-76-1studyroom2,19,24,0.1760597302504817,0.027343749999999892,0.001,1,0,,,,,,,,,,,,,,,,,,,,,,,,,,,,,,,,,none,none
sun3d-mit_76_studyroom-76-1studyroom2,19,33,0.2945568400770713,0.0,0.0,1,0,,,,,,,,,,,,,,,,,,,,,,,,,,,,,,,,,none,none
sun3d-mit_76_studyroom-76-1studyroom2,19,34,0.44584938985228,0.35937499999999856,0.266,1,1,,,,,,,,,,,,,,,,,,,,,,,,,,,,,,,,,none,none
sun3d-mit_76_studyroom-76-1studyroom2,19,62,0.34465317919075145,0.08593749999999965,0.06,1,0,,,,,,,,,,,,,,,,,,,,,,,,,,,,,,,,,none,none
sun3d-mit_76_studyroom-76-1studyroom2,20,24,0.2848898642607494,0.16796874999999933,0.088,1,0,,,,,,,,,,,,,,,,,,,,,,,,,,,,,,,,,none,none
sun3d-mit_76_studyroom-76-1studyroom2,20,25,0.12175892058847436,0.0,0.0,1,0,,,,,,,,,,,,,,,,,,,,,,,,,,,,,,,,,none,none
sun3d-mit_76_studyroom-76-1studyroom2,20,32,0.12232788750711208,0.007812499999999969,0.006,1,0,,,,,,,,,,,,,,,,,,,,,,,,,,,,,,,,,none,none
sun3d-mit_76_studyroom-76-1studyroom2,20,33,0.38299601723156956,0.0,0.0,1,0,,,,,,,,,,,,,,,,,,,,,,,,,,,,,,,,,none,none
sun3d-mit_76_studyroom-76-1studyroom2,20,35,0.15735999349752092,0.5664062499999978,0.531,1,1,,,,,,,,,,,,,,,,,,,,,,,,,,,,,,,,,none,none
sun3d-mit_76_studyroom-76-1studyroom2,20,63,0.3272372592050719,0.08984374999999964,0.0385,1,0,,,,,,,,,,,,,,,,,,,,,,,,,,,,,,,,,none,none
sun3d-mit_76_studyroom-76-1studyroom2,21,25,0.16180308422301304,0.0,0.0,1,0,,,,,,,,,,,,,,,,,,,,,,,,,,,,,,,,,none,none
sun3d-mit_76_studyroom-76-1studyroom2,21,32,0.21779359430604983,0.0,0.0,1,0,,,,,,,,,,,,,,,,,,,,,,,,,,,,,,,,,none,none
sun3d-mit_76_studyroom-76-1studyroom2,21,35,0.2084934756820878,0.7070312499999972,0.664,1,1,,,,,,,,,,,,,,,,,,,,,,,,,,,,,,,,,none,none
sun3d-mit_76_studyroom-76-1studyroom2,21,47,0.16526690391459076,0.058593749999999764,0.015,1,0,,,,,,,,,,,,,,,,,,,,,,,,,,,,,,,,,none,none
sun3d-mit_76_studyroom-76-1studyroom2,21,48,0.23734282325029657,0.10546874999999958,0.0675,1,0,,,,,,,,,,,,,,,,,,,,,,,,,,,,,,,,,none,none
sun3d-mit_76_studyroom-76-1studyroom2,21,63,0.25224199288256227,0.058593749999999764,0.0435,1,0,,,,,,,,,,,,,,,,,,,,,,,,,,,,,,,,,none,none
sun3d-mit_76_studyroom-76-1studyroom2,21,64,0.37622775800711744,0.253906249999999,0.114,1,0,,,,,,,,,,,,,,,,,,,,,,,,,,,,,,,,,none,none
sun3d-mit_76_studyroom-76-1studyroom2,21,65,0.4078291814946619,0.031249999999999875,0.0195,1,0,,,,,,,,,,,,,,,,,,,,,,,,,,,,,,,,,none,none
sun3d-mit_76_studyroom-76-1studyroom2,22,25,0.25,0.1992187499999992,0.1105,1,0,,,,,,,,,,,,,,,,,,,,,,,,,,,,,,,,,none,none
sun3d-mit_76_studyroom-76-1studyroom2,22,26,0.1640408369044618,0.13671874999999944,0.067,1,0,,,,,,,,,,,,,,,,,,,,,,,,,,,,,,,,,none,none
sun3d-mit_76_studyroom-76-1studyroom2,22,27,0.21073859339551299,0.23437499999999906,0.1315,1,0,,,,,,,,,,,,,,,,,,,,,,,,,,,,,,,,,none,none
sun3d-mit_76_studyroom-76-1studyroom2,22,32,0.32146458280816737,0.3789062499999985,0.187,1,1,,,,,,,,,,,,,,,,,,,,,,,,,,,,,,,,,none,none
sun3d-mit_76_studyroom-76-1studyroom2,22,35,0.1966851525081926,0.5429687499999978,0.579,1,1,,,,,,,,,,,,,,,,,,,,,,,,,,,,,,,,,none,none
sun3d-mit_76_studyroom-76-1studyroom2,22,48,0.1808041341063776,0.11328124999999954,0.1505,1,0,,,,,,,,,,,,,,,,,,,,,,,,,,,,,,,,,none,none
sun3d-mit_76_studyroom-76-1studyroom2,22,64,0.3190068061507436,0.0039062499999999844,0.0,1,0,,,,,,,,,,,,,,,,,,,,,,,,,,,,,,,,,none,none
sun3d-mit_76_studyroom-76-1studyroom2,23,26,0.38237485605906657,0.007812499999999969,0.001,1,0,,,,,,,,,,,,,,,,,,,,,,,,,,,,,,,,,none,none
sun3d-mit_76_studyroom-76-1studyroom2,23,28,0.2769762243446454,0.0,0.0,1,0,,,,,,,,,,,,,,,,,,,,,,,,,,,,,,,,,none,none
sun3d-mit_76_studyroom-76-1studyroom2,23,31,0.17316941001151528,0.0,0.0,1,0,,,,,,,,,,,,,,,,,,,,,,,,,,,,,,,,,none,none
sun3d-mit_76_studyroom-76-1studyroom2,23,34,0.444794418478629,0.6992187499999972,0.498,1,0,,,,,,,,,,,,,,,,,,,,,,,,,,,,,,,,,none,none
sun3d-mit_76_studyroom-76-1studyroom2,23,64,0.19359208832893043,0.03515624999999986,0.016,1,0,,,,,,,,,,,,,,,,,,,,,,,,,,,,,,,,,none,none
sun3d-mit_76_studyroom-76-1studyroom2,24,28,0.4153918097401296,0.8242187499999967,0.6765,1,1,,,,,,,,,,,,,,,,,,,,,,,,,,,,,,,,,none,none
sun3d-mit_76_studyroom-76-1studyroom2,24,29,0.20332019506981094,0.6914062499999972,0.6665,1,1,,,,,,,,,,,,,,,,,,,,,,,,,,,,,,,,,none,none
sun3d-mit_76_studyroom-76-1studyroom2,24,31,0.27172823835927584,0.757812499999997,0.7,1,1,,,,,,,,,,,,,,,,,,,,,,,,,,,,,,,,,none,none
sun3d-mit_76_studyroom-76-1studyroom2,24,34,0.25192063598102743,0.49218749999999806,0.5095,1,1,,,,,,,,,,,,,,,,,,,,,,,,,,,,,,,,,none,none
sun3d-mit_76_studyroom-76-1studyroom2,24,65,0.28799519005945623,0.1249999999999995,0.0455,1,0,,,,,,,,,,,,,,,,,,,,,,,,,,,,,,,,,none,none
sun3d-mit_76_studyroom-76-1studyroom2,25,29,0.20115495668912417,0.8984374999999964,0.8345,1,1,,,,,,,,,,,,,,,,,,,,,,,,,,,,,,,,,none,none
sun3d-mit_76_studyroom-76-1studyroom2,25,31,0.22590402859892755,0.8593749999999966,0.747,1,1,,,,,,,,,,,,,,,,,,,,,,,,,,,,,,,,,none,none
sun3d-mit_76_studyroom-76-1studyroom2,26,28,0.31163852866813474,0.9531249999999962,0.79,1,1,,,,,,,,,,,,,,,,,,,,,,,,,,,,,,,,,none,none
sun3d-mit_76_studyroom-76-1studyroom2,26,33,0.39676616915422885,0.9335937499999962,0.773,1,1,,,,,,,,,,,,,,,,,,,,,,,,,,,,,,,,,none,none
sun3d-mit_76_studyroom-76-1studyroom2,27,29,0.28863214359397565,0.9609374999999961,0.8535,1,1,,,,,,,,,,,,,,,,,,,,,,,,,,,,,,,,,none,none
sun3d-mit_76_studyroom-76-1studyroom2,27,30,0.16693315452857438,0.9140624999999963,0.8665,1,1,,,,,,,,,,,,,,,,,,,,,,,,,,,,,,,,,none,none
sun3d-mit_76_studyroom-76-1studyroom2,27,31,0.3294821539096348,0.9648437499999961,0.9055,1,1,,,,,,,,,,,,,,,,,,,,,,,,,,,,,,,,,none,none
sun3d-mit_76_studyroom-76-1studyroom2,28,33,0.34021300292356954,0.8671874999999966,0.712,1,1,,,,,,,,,,,,,,,,,,,,,,,,,,,,,,,,,none,none
sun3d-mit_76_studyroom-76-1studyroom2,30,32,0.29394913767904124,0.8007812499999968,0.782,1,1,,,,,,,,,,,,,,,,,,,,,,,,,,,,,,,,,none,none
sun3d-mit_76_studyroom-76-1studyroom2,33,34,0.319323735305772,0.8710937499999966,0.689,1,0,,,,,,,,,,,,,,,,,,,,,,,,,,,,,,,,,none,none
sun3d-mit_76_studyroom-76-1studyroom2,33,65,0.3034209483555673,0.04687499999999981,0.015,1,0,,,,,,,,,,,,,,,,,,,,,,,,,,,,,,,,,none,none
sun3d-mit_76_studyroom-76-1studyroom2,34,36,0.32623199742327336,0.9531249999999962,0.777,1,1,,,,,,,,,,,,,,,,,,,,,,,,,,,,,,,,,none,none
sun3d-mit_76_studyroom-76-1studyroom2,34,37,0.29949845856531543,0.9296874999999963,0.7535,1,1,,,,,,,,,,,,,,,,,,,,,,,,,,,,,,,,,none,none
sun3d-mit_76_studyroom-76-1studyroom2,34,38,0.20130676850871945,0.7773437499999969,0.6485,1,1,,,,,,,,,,,,,,,,,,,,,,,,,,,,,,,,,none,none
sun3d-mit_76_studyroom-76-1studyroom2,34,46,0.23724290249850458,0.742187499999997,0.633,1,1,,,,,,,,,,,,,,,,,,,,,,,,,,,,,,,,,none,none
sun3d-mit_76_studyroom-76-1studyroom2,34,47,0.2804490866424332,0.8554687499999966,0.739,1,1,,,,,,,,,,,,,,,,,,,,,,,,,,,,,,,,,none,none
sun3d-mit_76_studyroom-76-1studyroom2,34,48,0.3479501219343855,0.9296874999999963,0.793,1,1,,,,,,,,,,,,,,,,,,,,,,,,,,,,,,,,,none,none
sun3d-mit_76_studyroom-76-1studyroom2,34,49,0.31762757097501493,0.8984374999999964,0.7245,1,1,,,,,,,,,,,,,,,,,,,,,,,,,,,,,,,,,none,none
sun3d-mit_76_studyroom-76-1studyroom2,34,63,0.14599917176643815,0.031249999999999875,0.008,1,0,,,,,,,,,,,,,,,,,,,,,,,,,,,,,,,,,none,none
sun3d-mit_76_studyroom-76-1studyroom2,34,64,0.3902820595407905,0.07031249999999972,0.0245,1,0,,,,,,,,,,,,,,,,,,,,,,,,,,,,,,,,,none,none
sun3d-mit_76_studyroom-76-1studyroom2,35,39,0.26495281483891964,0.09765624999999961,0.089,1,0,,,,,,,,,,,,,,,,,,,,,,,,,,,,,,,,,none,none
sun3d-mit_76_studyroom-76-1studyroom2,35,44,0.2538887081028311,0.07031249999999972,0.098,1,0,,,,,,,,,,,,,,,,,,,,,,,,,,,,,,,,,none,none
sun3d-mit_76_studyroom-76-1studyroom2,35,50,0.35580865603644646,0.503906249999998,0.555,1,1,,,,,,,,,,,,,,,,,,,,,,,,,,,,,,,,,none,none
sun3d-mit_76_studyroom-76-1studyroom2,35,51,0.270875366091767,0.23046874999999908,0.2315,1,1,,,,,,,,,,,,,,,,,,,,,,,,,,,,,,,,,none,none
sun3d-mit_76_studyroom-76-1studyroom2,35,52,0.17663520989261308,0.0781249999999997,0.0605,1,0,,,,,,,,,,,,,,,,,,,,,,,,,,,,,,,,,none,none
sun3d-mit_76_studyroom-76-1studyroom2,36,44,0.3561136023916293,0.7031249999999972,0.4485,1,0,,,,,,,,,,,,,,,,,,,,,,,,,,,,,,,,,none,none
sun3d-mit_76_studyroom-76-1studyroom2,36,50,0.3937817638266069,0.753906249999997,0.602,1,1,,,,,,,,,,,,,,,,,,,,,,,,,,,,,,,,,none,none
sun3d-mit_76_studyroom-76-1studyroom2,36,51,0.37327354260089685,0.3046874999999988,0.2485,1,1,,,,,,,,,,,,,,,,,,,,,,,,,,,,,,,,,none,none
sun3d-mit_76_studyroom-76-1studyroom2,36,52,0.33608370702541107,0.4023437499999984,0.1115,1,0,,,,,,,,,,,,,,,,,,,,,,,,,,,,,,,,,none,none
sun3d-mit_76_studyroom-76-1studyroom2,36,53,0.2771898355754858,0.2773437499999989,0.075,1,0,,,,,,,,,,,,,,,,,,,,,,,,,,,,,,,,,none,none
sun3d-mit_76_studyroom-76-1studyroom2,37,44,0.3948578315404187,0.7304687499999971,0.4775,1,1,,,,,,,,,,,,,,,,,,,,,,,,,,,,,,,,,none,none
sun3d-mit_76_studyroom-76-1studyroom2,37,50,0.41128420300852564,0.8007812499999968,0.5915,1,1,,,,,,,,,,,,,,,,,,,,,,,,,,,,,,,,,none,none
sun3d-mit_76_studyroom-76-1studyroom2,37,51,0.35240815962147926,0.3046874999999988,0.164,1,1,,,,,,,,,,,,,,,,,,,,,,,,,,,,,,,,,none,none
sun3d-mit_76_studyroom-76-1studyroom2,37,52,0.3425880462438066,0.4726562499999981,0.287,1,1,,,,,,,,,,,,,,,,,,,,,,,,,,,,,,,,,none,none
sun3d-mit_76_studyroom-76-1studyroom2,37,53,0.3290184350310226,0.4374999999999983,0.165,1,1,,,,,,,,,,,,,,,,,,,,,,,,,,,,,,,,,none,none
sun3d-mit_76_studyroom-76-1studyroom2,38,40,0.17836161393254407,0.0,0.0,1,0,,,,,,,,,,,,,,,,,,,,,,,,,,,,,,,,,none,none
sun3d-mit_76_studyroom-76-1studyroom2,38,43,0.14308293322995258,0.0039062499999999844,0.0065,1,0,,,,,,,,,,,,,,,,,,,,,,,,,,,,,,,,,none,none
sun3d-mit_76_studyroom-76-1studyroom2,38,51,0.35123609578624043,0.6718749999999973,0.592,1,1,,,,,,,,,,,,,,,,,,,,,,,,,,,,,,,,,none,none
sun3d-mit_76_studyroom-76-1studyroom2,38,52,0.2930844242984523,0.5312499999999979,0.402,1,1,,,,,,,,,,,,,,,,,,,,,,,,,,,,,,,,,none,none
sun3d-mit_76_studyroom-76-1studyroom2,39,41,0.16975362268478297,0.3242187499999987,0.165,1,1,,,,,,,,,,,,,,,,,,,,,,,,,,,,,,,,,none,none
sun3d-mit_76_studyroom-76-1studyroom2,39,42,0.24696806477395142,0.19531249999999922,0.1025,1,0,,,,,,,,,,,,,,,,,,,,,,,,,,,,,,,,,none,none
sun3d-mit_76_studyroom-76-1studyroom2,39,48,0.28547103589672307,0.23437499999999906,0.1425,1,0,,,,,,,,,,,,,,,,,,,,,,,,,,,,,,,,,none,none
sun3d-mit_76_studyroom-76-1studyroom2,39,49,0.33102825172881123,0.9531249999999962,0.714,1,1,,,,,,,,,,,,,,,,,,,,,,,,,,,,,,,,,none,none
sun3d-mit_76_studyroom-76-1studyroom2,39,50,0.3483337387496959,0.9101562499999963,0.7745,1,1,,,,,,,,,,,,,,,,,,,,,,,,,,,,,,,,,none,none
sun3d-mit_76_studyroom-76-1studyroom2,39,51,0.27744379191715607,0.5898437499999977,0.5345,1,1,,,,,,,,,,,,,,,,,,,,,,,,,,,,,,,,,none,none
sun3d-mit_76_studyroom-76-1studyroom2,39,52,0.2967995274003544,0.7812499999999969,0.642,1,1,,,,,,,,,,,,,,,,,,,,,,,,,,,,,,,,,none,none
sun3d-mit_76_studyroom-76-1studyroom2,39,53,0.29304653021510235,0.7109374999999971,0.587,1,1,,,,,,,,,,,,,,,,,,,,,,,,,,,,,,,,,none,none
sun3d-mit_76_studyroom-76-1studyroom2,40,45,0.3730869831376259,0.0,0.0,1,0,,,,,,,,,,,,,,,,,,,,,,,,,,,,,,,,,none,none
sun3d-mit_76_studyroom-76-1studyroom2,40,46,0.3294562858255885,0.0,0.0,1,0,,,,,,,,,,,,,,,,,,,,,,,,,,,,,,,,,none,none
sun3d-mit_76_studyroom-76-1studyroom2,40,47,0.27987088875285215,0.0,0.0,1,0,,,,,,,,,,,,,,,,,,,,,,,,,,,,,,,,,none,none
sun3d-mit_76_studyroom-76-1studyroom2,40,48,0.16945851188157382,0.0,0.0,1,0,,,,,,,,,,,,,,,,,,,,,,,,,,,,,,,,,none,none
sun3d-mit_76_studyroom-76-1studyroom2,40,49,0.15432133118147923,0.0,0.0,1,0,,,,,,,,,,,,,,,,,,,,,,,,,,,,,,,,,none,none
sun3d-mit_76_studyroom-76-1studyroom2,41,44,0.17716865784952252,0.0,0.0,1,0,,,,,,,,,,,,,,,,,,,,,,,,,,,,,,,,,none,none
sun3d-mit_76_studyroom-76-1studyroom2,42,44,0.2292687143433412,0.0,0.0,1,0,,,,,,,,,,,,,,,,,,,,,,,,,,,,,,,,,none,none
sun3d-mit_76_studyroom-76-1studyroom2,43,45,0.29939540507859735,0.0,0.0,1,0,,,,,,,,,,,,,,,,,,,,,,,,,,,,,,,,,none,none
sun3d-mit_76_studyroom-76-1studyroom2,43,46,0.2306328093510681,0.0,0.0,1,0,,,,,,,,,,,,,,,,,,,,,,,,,,,,,,,,,none,none
sun3d-mit_76_studyroom-76-1studyroom2,43,47,0.21801692865779929,0.0,0.0,1,0,,,,,,,,,,,,,,,,,,,,,,,,,,,,,,,,,none,none
sun3d-mit_76_studyroom-76-1studyroom2,43,48,0.14127367996775494,0.0,0.0,1,0,,,,,,,,,,,,,,,,,,,,,,,,,,,,,,,,,none,none
sun3d-mit_76_studyroom-76-1studyroom2,44,48,0.31009125876762955,0.8124999999999968,0.659,1,1,,,,,,,,,,,,,,,,,,,,,,,,,,,,,,,,,none,none
sun3d-mit_76_studyroom-76-1studyroom2,44,51,0.16392638962214345,0.12109374999999951,0.074,1,0,,,,,,,,,,,,,,,,,,,,,,,,,,,,,,,,,none,none
sun3d-mit_76_studyroom-76-1studyroom2,47,50,0.3702872235061076,0.8828124999999964,0.812,1,1,,,,,,,,,,,,,,,,,,,,,,,,,,,,,,,,,none,none
sun3d-mit_76_studyroom-76-1studyroom2,48,50,0.3295847055988433,0.8164062499999968,0.78,1,1,,,,,,,,,,,,,,,,,,,,,,,,,,,,,,,,,none,none
sun3d-mit_76_studyroom-76-1studyroom2,49,51,0.2123088128186453,0.496093749999998,0.4105,1,1,,,,,,,,,,,,,,,,,,,,,,,,,,,,,,,,,none,none
sun3d-mit_76_studyroom-76-1studyroom2,50,52,0.22722434412372425,0.20703124999999917,0.2355,1,1,,,,,,,,,,,,,,,,,,,,,,,,,,,,,,,,,none,none
sun3d-mit_76_studyroom-76-1studyroom2,51,55,0.4017694410692588,0.35937499999999856,0.279,1,1,,,,,,,,,,,,,,,,,,,,,,,,,,,,,,,,,none,none
sun3d-mit_76_studyroom-76-1studyroom2,51,56,0.24829131227217496,0.48046874999999806,0.31,1,1,,,,,,,,,,,,,,,,,,,,,,,,,,,,,,,,,none,none
sun3d-mit_76_studyroom-76-1studyroom2,52,54,0.2472187040016431,0.749999999999997,0.661,1,1,,,,,,,,,,,,,,,,,,,,,,,,,,,,,,,,,none,none
sun3d-mit_76_studyroom-76-1studyroom2,52,56,0.25697463458049496,0.503906249999998,0.3705,1,1,,,,,,,,,,,,,,,,,,,,,,,,,,,,,,,,,none,none
sun3d-mit_76_studyroom-76-1studyroom2,53,56,0.2089321815842676,0.35546874999999856,0.298,1,1,,,,,,,,,,,,,,,,,,,,,,,,,,,,,,,,,none,none
sun3d-mit_76_studyroom-76-1studyroom2,54,56,0.28395985042314503,0.13671874999999944,0.093,1,0,,,,,,,,,,,,,,,,,,,,,,,,,,,,,,,,,none,none
sun3d-mit_76_studyroom-76-1studyroom2,55,57,0.21531553797989783,0.8007812499999968,0.725,1,1,,,,,,,,,,,,,,,,,,,,,,,,,,,,,,,,,none,none
sun3d-mit_76_studyroom-76-1studyroom2,57,59,0.2700030356910534,0.03515624999999986,0.029,1,0,,,,,,,,,,,,,,,,,,,,,,,,,,,,,,,,,none,none
sun3d-mit_76_studyroom-76-1studyroom2,57,60,0.24086040157855934,0.33593749999999867,0.1085,1,1,,,,,,,,,,,,,,,,,,,,,,,,,,,,,,,,,none,none
sun3d-mit_76_studyroom-76-1studyroom2,57,61,0.3135868858146494,0.39453124999999845,0.297,1,1,,,,,,,,,,,,,,,,,,,,,,,,,,,,,,,,,none,none
sun3d-mit_76_studyroom-76-1studyroom2,57,62,0.34524480679994796,0.26953124999999895,0.154,1,1,,,,,,,,,,,,,,,,,,,,,,,,,,,,,,,,,none,none
sun3d-mit_76_studyroom-76-1studyroom2,57,63,0.22624571750726397,0.12109374999999951,0.1,1,1,,,,,,,,,,,,,,,,,,,,,,,,,,,,,,,,,none,none
sun3d-mit_76_studyroom-76-1studyroom2,58,62,0.4662811147186147,0.7226562499999971,0.613,1,1,,,,,,,,,,,,,,,,,,,,,,,,,,,,,,,,,none,none
sun3d-mit_76_studyroom-76-1studyroom2,58,63,0.3067167207792208,0.6914062499999972,0.5805,1,1,,,,,,,,,,,,,,,,,,,,,,,,,,,,,,,,,none,none
sun3d-mit_76_studyroom-76-1studyroom2,59,63,0.35186832740213525,0.9218749999999963,0.7385,1,1,,,,,,,,,,,,,,,,,,,,,,,,,,,,,,,,,none,none
sun3d-mit_76_studyroom-76-1studyroom2,60,64,0.21755285073670724,0.499999999999998,0.2955,1,1,,,,,,,,,,,,,,,,,,,,,,,,,,,,,,,,,none,none
sun3d-mit_76_studyroom-76-1studyroom2,61,64,0.41609868484208506,0.8710937499999966,0.6705,1,1,,,,,,,,,,,,,,,,,,,,,,,,,,,,,,,,,none,none
sun3d-mit_76_studyroom-76-1studyroom2,62,65,0.283972187555714,0.17968749999999928,0.16,1,0,,,,,,,,,,,,,,,,,,,,,,,,,,,,,,,,,none,none
sun3d-mit_76_studyroom-76-1studyroom2,63,65,0.37818309983258436,0.6406249999999974,0.565,1,1,,,,,,,,,,,,,,,,,,,,,,,,,,,,,,,,,none,none
sun3d-mit_lab_hj-lab_hj_tea_nov_2_2012_scan1_erika,0,2,0.26809435633201834,0.11718749999999953,0.128,1,0,,,,,,,,,,,,,,,,,,,,,,,,,,,,,,,,,none,none
sun3d-mit_lab_hj-lab_hj_tea_nov_2_2012_scan1_erika,0,6,0.34812011915304725,0.12109374999999951,0.0435,1,0,,,,,,,,,,,,,,,,,,,,,,,,,,,,,,,,,none,none
sun3d-mit_lab_hj-lab_hj_tea_nov_2_2012_scan1_erika,0,7,0.5828838257789228,0.13671874999999944,0.062,1,0,,,,,,,,,,,,,,,,,,,,,,,,,,,,,,,,,none,none
sun3d-mit_lab_hj-lab_hj_tea_nov_2_2012_scan1_erika,0,11,0.3013444972224459,0.41015624999999833,0.2835,1,1,,,,,,,,,,,,,,,,,,,,,,,,,,,,,,,,,none,none
sun3d-mit_lab_hj-lab_hj_tea_nov_2_2012_scan1_erika,0,24,0.15836084051203606,0.16796874999999933,0.15,1,1,,,,,,,,,,,,,,,,,,,,,,,,,,,,,,,,,none,none
sun3d-mit_lab_hj-lab_hj_tea_nov_2_2012_scan1_erika,0,26,0.2388696562273569,0.3242187499999987,0.19,1,1,,,,,,,,,,,,,,,,,,,,,,,,,,,,,,,,,none,none
sun3d-mit_lab_hj-lab_hj_tea_nov_2_2012_scan1_erika,1,5,0.28346095948687744,0.5898437499999977,0.489,1,1,,,,,,,,,,,,,,,,,,,,,,,,,,,,,,,,,none,none
sun3d-mit_lab_hj-lab_hj_tea_nov_2_2012_scan1_erika,1,7,0.610642057726291,0.4335937499999983,0.5715,1,1,,,,,,,,,,,,,,,,,,,,,,,,,,,,,,,,,none,none
sun3d-mit_lab_hj-lab_hj_tea_nov_2_2012_scan1_erika,1,26,0.2164408665488579,0.4023437499999984,0.18,1,1,,,,,,,,,,,,,,,,,,,,,,,,,,,,,,,,,none,none
sun3d-mit_lab_hj-lab_hj_tea_nov_2_2012_scan1_erika,2,6,0.5618971399688303,0.7890624999999969,0.705,1,1,,,,,,,,,,,,,,,,,,,,,,,,,,,,,,,,,none,none
sun3d-mit_lab_hj-lab_hj_tea_nov_2_2012_scan1_erika,2,7,0.5067183353691925,0.753906249999997,0.67,1,1,,,,,,,,,,,,,,,,,,,,,,,,,,,,,,,,,none,none
sun3d-mit_lab_hj-lab_hj_tea_nov_2_2012_scan1_erika,2,9,0.19055642138073375,0.6054687499999976,0.5935,1,1,,,,,,,,,,,,,,,,,,,,,,,,,,,,,,,,,none,none
sun3d-mit_lab_hj-lab_hj_tea_nov_2_2012_scan1_erika,2,28,0.21801946000589698,0.7265624999999971,0.713,1,1,,,,,,,,,,,,,,,,,,,,,,,,,,,,,,,,,none,none
sun3d-mit_lab_hj-lab_hj_tea_nov_2_2012_scan1_erika,2,30,0.206899456636199,0.027343749999999892,0.0015,1,0,,,,,,,,,,,,,,,,,,,,,,,,,,,,,,,,,none,none
sun3d-mit_lab_hj-lab_hj_tea_nov_2_2012_scan1_erika,3,5,0.6504177531797137,0.8320312499999967,0.7535,1,1,,,,,,,,,,,,,,,,,,,,,,,,,,,,,,,,,none,none
sun3d-mit_lab_hj-lab_hj_tea_nov_2_2012_scan1_erika,3,6,0.6057687190676387,0.7226562499999971,0.779,1,1,,,,,,,,,,,,,,,,,,,,,,,,,,,,,,,,,none,none
sun3d-mit_lab_hj-lab_hj_tea_nov_2_2012_scan1_erika,3,7,0.4328135809696131,0.7109374999999971,0.687,1,1,,,,,,,,,,,,,,,,,,,,,,,,,,,,,,,,,none,none
sun3d-mit_lab_hj-lab_hj_tea_nov_2_2012_scan1_erika,3,8,0.31994039699856314,0.7187499999999971,0.605,1,1,,,,,,,,,,,,,,,,,,,,,,,,,,,,,,,,,none,none
sun3d-mit_lab_hj-lab_hj_tea_nov_2_2012_scan1_erika,3,30,0.18482252141982863,0.007812499999999969,0.0,1,0,,,,,,,,,,,,,,,,,,,,,,,,,,,,,,,,,none,none
sun3d-mit_lab_hj-lab_hj_tea_nov_2_2012_scan1_erika,4,7,0.4956031293589666,0.742187499999997,0.6675,1,1,,,,,,,,,,,,,,,,,,,,,,,,,,,,,,,,,none,none
sun3d-mit_lab_hj-lab_hj_tea_nov_2_2012_scan1_erika,4,8,0.32100188004123964,0.6367187499999974,0.4805,1,1,,,,,,,,,,,,,,,,,,,,,,,,,,,,,,,,,none,none
sun3d-mit_lab_hj-lab_hj_tea_nov_2_2012_scan1_erika,5,9,0.14744414272783574,0.3749999999999985,0.4535,1,0,,,,,,,,,,,,,,,,,,,,,,,,,,,,,,,,,none,none
sun3d-mit_lab_hj-lab_hj_tea_nov_2_2012_scan1_erika,6,9,0.3449974079834111,0.6171874999999976,0.653,1,1,,,,,,,,,,,,,,,,,,,,,,,,,,,,,,,,,none,none
sun3d-mit_lab_hj-lab_hj_tea_nov_2_2012_scan1_erika,6,10,0.2427608679552692,0.3710937499999985,0.3125,1,1,,,,,,,,,,,,,,,,,,,,,,,,,,,,,,,,,none,none
sun3d-mit_lab_hj-lab_hj_tea_nov_2_2012_scan1_erika,8,9,0.3641540612685903,0.8867187499999964,0.8925,1,0,,,,,,,,,,,,,,,,,,,,,,,,,,,,,,,,,none,none
sun3d-mit_lab_hj-lab_hj_tea_nov_2_2012_scan1_erika,8,10,0.3102326172619804,0.7226562499999971,0.798,1,1,,,,,,,,,,,,,,,,,,,,,,,,,,,,,,,,,none,none
sun3d-mit_lab_hj-lab_hj_tea_nov_2_2012_scan1_erika,9,11,0.38671249925917145,0.4335937499999983,0.3965,1,1,,,,,,,,,,,,,,,,,,,,,,,,,,,,,,,,,none,none
sun3d-mit_lab_hj-lab_hj_tea_nov_2_2012_scan1_erika,9,27,0.3680436199845908,0.4687499999999981,0.3595,1,1,,,,,,,,,,,,,,,,,,,,,,,,,,,,,,,,,none,none
sun3d-mit_lab_hj-lab_hj_tea_nov_2_2012_scan1_erika,9,28,0.2621347715284775,0.6562499999999973,0.635,1,1,,,,,,,,,,,,,,,,,,,,,,,,,,,,,,,,,none,none
sun3d-mit_lab_hj-lab_hj_tea_nov_2_2012_scan1_erika,10,27,0.40039100684261975,0.35937499999999856,0.2705,1,1,,,,,,,,,,,,,,,,,,,,,,,,,,,,,,,,,none,none
sun3d-mit_lab_hj-lab_hj_tea_nov_2_2012_scan1_erika,10,28,0.22333007494297816,0.48437499999999806,0.4415,1,1,,,,,,,,,,,,,,,,,,,,,,,,,,,,,,,,,none,none
sun3d-mit_lab_hj-lab_hj_tea_nov_2_2012_scan1_erika,13,16,0.3664471433458775,0.14453124999999942,0.086,1,0,,,,,,,,,,,,,,,,,,,,,,,,,,,,,,,,,none,none
sun3d-mit_lab_hj-lab_hj_tea_nov_2_2012_scan1_erika,13,17,0.2695432774546699,0.23437499999999906,0.2255,1,1,,,,,,,,,,,,,,,,,,,,,,,,,,,,,,,,,none,none
sun3d-mit_lab_hj-lab_hj_tea_nov_2_2012_scan1_erika,13,18,0.18623845364351693,0.0,0.0,1,0,,,,,,,,,,,,,,,,,,,,,,,,,,,,,,,,,none,none
sun3d-mit_lab_hj-lab_hj_tea_nov_2_2012_scan1_erika,14,18,0.3736066968082725,0.7734374999999969,0.387,1,1,,,,,,,,,,,,,,,,,,,,,,,,,,,,,,,,,none,none
sun3d-mit_lab_hj-lab_hj_tea_nov_2_2012_scan1_erika,15,18,0.41072184340465556,0.7734374999999969,0.41,1,1,,,,,,,,,,,,,,,,,,,,,,,,,,,,,,,,,none,none
sun3d-mit_lab_hj-lab_hj_tea_nov_2_2012_scan1_erika,17,20,0.39902845246356694,0.41406249999999833,0.4,1,0,,,,,,,,,,,,,,,,,,,,,,,,,,,,,,,,,none,none
sun3d-mit_lab_hj-lab_hj_tea_nov_2_2012_scan1_erika,19,21,0.4166876204844523,0.4257812499999983,0.2075,1,0,,,,,,,,,,,,,,,,,,,,,,,,,,,,,,,,,none,none
sun3d-mit_lab_hj-lab_hj_tea_nov_2_2012_scan1_erika,20,22,0.34893493696565714,0.29296874999999883,0.1175,1,1,,,,,,,,,,,,,,,,,,,,,,,,,,,,,,,,,none,none
sun3d-mit_lab_hj-lab_hj_tea_nov_2_2012_scan1_erika,21,23,0.41467602839044493,0.6914062499999972,0.533,1,1,,,,,,,,,,,,,,,,,,,,,,,,,,,,,,,,,none,none
sun3d-mit_lab_hj-lab_hj_tea_nov_2_2012_scan1_erika,21,24,0.22395634587499047,0.5507812499999978,0.369,1,1,,,,,,,,,,,,,,,,,,,,,,,,,,,,,,,,,none,none
sun3d-mit_lab_hj-lab_hj_tea_nov_2_2012_scan1_erika,21,25,0.18167595207204457,0.38281249999999845,0.349,1,1,,,,,,,,,,,,,,,,,,,,,,,,,,,,,,,,,none,none
sun3d-mit_lab_hj-lab_hj_tea_nov_2_2012_scan1_erika,22,25,0.3676426199818895,0.6835937499999972,0.5005,1,1,,,,,,,,,,,,,,,,,,,,,,,,,,,,,,,,,none,none
sun3d-mit_lab_hj-lab_hj_tea_nov_2_2012_scan1_erika,22,26,0.2625515645437167,0.48437499999999806,0.3365,1,1,,,,,,,,,,,,,,,,,,,,,,,,,,,,,,,,,none,none
sun3d-mit_lab_hj-lab_hj_tea_nov_2_2012_scan1_erika,23,26,0.40545056464623186,0.5546874999999978,0.3785,1,1,,,,,,,,,,,,,,,,,,,,,,,,,,,,,,,,,none,none
sun3d-mit_lab_hj-lab_hj_tea_nov_2_2012_scan1_erika,23,27,0.29649688868402857,0.4374999999999983,0.276,1,1,,,,,,,,,,,,,,,,,,,,,,,,,,,,,,,,,none,none
sun3d-mit_lab_hj-lab_hj_tea_nov_2_2012_scan1_erika,24,26,0.48218241660864614,0.5507812499999978,0.3535,1,1,,,,,,,,,,,,,,,,,,,,,,,,,,,,,,,,,none,none
sun3d-mit_lab_hj-lab_hj_tea_nov_2_2012_scan1_erika,24,27,0.35793404645863663,0.3476562499999986,0.267,1,1,,,,,,,,,,,,,,,,,,,,,,,,,,,,,,,,,none,none
sun3d-mit_lab_hj-lab_hj_tea_nov_2_2012_scan1_erika,24,33,0.24077473257801127,0.5273437499999979,0.3325,1,1,,,,,,,,,,,,,,,,,,,,,,,,,,,,,,,,,none,none
sun3d-mit_lab_hj-lab_hj_tea_nov_2_2012_scan1_erika,24,34,0.1987467561238053,0.32812499999999867,0.219,1,1,,,,,,,,,,,,,,,,,,,,,,,,,,,,,,,,,none,none
sun3d-mit_lab_hj-lab_hj_tea_nov_2_2012_scan1_erika,24,35,0.18944236977023862,0.054687499999999785,0.032,1,0,,,,,,,,,,,,,,,,,,,,,,,,,,,,,,,,,none,none
sun3d-mit_lab_hj-lab_hj_tea_nov_2_2012_scan1_erika,24,36,0.1529843660991202,0.29687499999999883,0.2225,1,1,,,,,,,,,,,,,,,,,,,,,,,,,,,,,,,,,none,none
sun3d-mit_lab_hj-lab_hj_tea_nov_2_2012_scan1_erika,24,37,0.20716501044369898,0.4492187499999982,0.334,1,1,,,,,,,,,,,,,,,,,,,,,,,,,,,,,,,,,none,none
sun3d-mit_lab_hj-lab_hj_tea_nov_2_2012_scan1_erika,25,27,0.351798372276188,0.4023437499999984,0.2625,1,1,,,,,,,,,,,,,,,,,,,,,,,,,,,,,,,,,none,none
sun3d-mit_lab_hj-lab_hj_tea_nov_2_2012_scan1_erika,25,30,0.11676292990286165,0.007812499999999969,0.0005,1,0,,,,,,,,,,,,,,,,,,,,,,,,,,,,,,,,,none,none
sun3d-mit_lab_hj-lab_hj_tea_nov_2_2012_scan1_erika,25,31,0.11302179049619322,0.14453124999999942,0.034,1,0,,,,,,,,,,,,,,,,,,,,,,,,,,,,,,,,,none,none
sun3d-mit_lab_hj-lab_hj_tea_nov_2_2012_scan1_erika,25,32,0.2403517983722762,0.26953124999999895,0.124,1,0,,,,,,,,,,,,,,,,,,,,,,,,,,,,,,,,,none,none
sun3d-mit_lab_hj-lab_hj_tea_nov_2_2012_scan1_erika,25,33,0.2996849566815437,0.48437499999999806,0.3595,1,1,,,,,,,,,,,,,,,,,,,,,,,,,,,,,,,,,none,none
sun3d-mit_lab_hj-lab_hj_tea_nov_2_2012_scan1_erika,25,34,0.2587949593069047,0.3437499999999986,0.182,1,1,,,,,,,,,,,,,,,,,,,,,,,,,,,,,,,,,none,none
sun3d-mit_lab_hj-lab_hj_tea_nov_2_2012_scan1_erika,25,35,0.21987398267261749,0.14453124999999942,0.0835,1,1,,,,,,,,,,,,,,,,,,,,,,,,,,,,,,,,,none,none
sun3d-mit_lab_hj-lab_hj_tea_nov_2_2012_scan1_erika,25,36,0.2577448149120504,0.4062499999999984,0.2305,1,1,,,,,,,,,,,,,,,,,,,,,,,,,,,,,,,,,none,none
sun3d-mit_lab_hj-lab_hj_tea_nov_2_2012_scan1_erika,25,37,0.2801260173273825,0.45703124999999817,0.346,1,1,,,,,,,,,,,,,,,,,,,,,,,,,,,,,,,,,none,none
sun3d-mit_lab_hj-lab_hj_tea_nov_2_2012_scan1_erika,28,29,0.15112715385139278,0.031249999999999875,0.003,1,0,,,,,,,,,,,,,,,,,,,,,,,,,,,,,,,,,none,none
sun3d-mit_lab_hj-lab_hj_tea_nov_2_2012_scan1_erika,28,30,0.16822175304774228,0.10546874999999958,0.088,1,1,,,,,,,,,,,,,,,,,,,,,,,,,,,,,,,,,none,none
sun3d-mit_lab_hj-lab_hj_tea_nov_2_2012_scan1_erika,29,31,0.46712044983722995,0.23828124999999906,0.2005,1,1,,,,,,,,,,,,,,,,,,,,,,,,,,,,,,,,,none,none
sun3d-mit_lab_hj-lab_hj_tea_nov_2_2012_scan1_erika,30,32,0.3347225209722521,0.8085937499999968,0.801,1,1,,,,,,,,,,,,,,,,,,,,,,,,,,,,,,,,,none,none
sun3d-mit_lab_hj-lab_hj_tea_nov_2_2012_scan1_erika,30,33,0.3139384813938481,0.8124999999999968,0.7145,1,1,,,,,,,,,,,,,,,,,,,,,,,,,,,,,,,,,none,none
sun3d-mit_lab_hj-lab_hj_tea_nov_2_2012_scan1_erika,30,34,0.20727575822757582,0.7734374999999969,0.6245,1,1,,,,,,,,,,,,,,,,,,,,,,,,,,,,,,,,,none,none
sun3d-mit_lab_hj-lab_hj_tea_nov_2_2012_scan1_erika,30,35,0.20238223273822328,0.7148437499999971,0.661,1,1,,,,,,,,,,,,,,,,,,,,,,,,,,,,,,,,,none,none
sun3d-mit_lab_hj-lab_hj_tea_nov_2_2012_scan1_erika,30,36,0.34332652183265217,0.761718749999997,0.7215,1,1,,,,,,,,,,,,,,,,,,,,,,,,,,,,,,,,,none,none
sun3d-mit_lab_hj-lab_hj_tea_nov_2_2012_scan1_erika,30,37,0.2561841256184126,0.7890624999999969,0.646,1,1,,,,,,,,,,,,,,,,,,,,,,,,,,,,,,,,,none,none
sun3d-mit_lab_hj-lab_hj_tea_nov_2_2012_scan1_erika,31,35,0.5105122890139177,0.8359374999999967,0.766,1,1,,,,,,,,,,,,,,,,,,,,,,,,,,,,,,,,,none,none
