scene,ref_frame,src_frame,overlap,coarse_precision,inlier_ratio,estimation_succeeded,registration_accepted,num_hypotheses,num_encoder_hypotheses,num_decoder_hypotheses,num_successful_hypotheses,num_successful_encoder_hypotheses,num_successful_decoder_hypotheses,oracle_success,encoder_oracle_success,decoder_oracle_success,selected_pose_success,raw_selected_pose_success,shortlist_oracle_success,refined_shortlist_oracle_success,num_shortlisted_hypotheses,num_successful_shortlisted_hypotheses,num_successful_refined_shortlisted_hypotheses,selected_hypothesis_index,selected_hypothesis_source,selected_pre_refine_consensus,selected_pre_refine_inlier_count,best_encoder_consensus,best_decoder_consensus,raw_selected_hypothesis_index,raw_selected_hypothesis_source,raw_selected_pre_refine_consensus,raw_selected_pre_refine_inlier_count,raw_selected_post_refine_weighted_consensus,selected_post_refine_weighted_consensus,best_encoder_post_refine_weighted_consensus,best_decoder_post_refine_weighted_consensus,selection_changed_from_raw_argmax,reranking_applied,selected_hypothesis_source_name,raw_selected_hypothesis_source_name
7-scenes-redkitchen,0,7,0.36354534436423036,0.8281249999999967,0.691,1,1,,,,,,,,,,,,,,,,,,,,,,,,,,,,,,,,,none,none
7-scenes-redkitchen,0,8,0.16625388628339569,0.007812499999999969,0.0075,1,0,,,,,,,,,,,,,,,,,,,,,,,,,,,,,,,,,none,none
7-scenes-redkitchen,0,9,0.3011540285608895,0.749999999999997,0.753,1,1,,,,,,,,,,,,,,,,,,,,,,,,,,,,,,,,,none,none
7-scenes-redkitchen,0,16,0.20192865047162353,0.511718749999998,0.3705,1,1,,,,,,,,,,,,,,,,,,,,,,,,,,,,,,,,,none,none
7-scenes-redkitchen,0,17,0.16967908520841019,0.4492187499999982,0.284,1,1,,,,,,,,,,,,,,,,,,,,,,,,,,,,,,,,,none,none
7-scenes-redkitchen,0,18,0.31164040680824157,0.6523437499999974,0.5855,1,1,,,,,,,,,,,,,,,,,,,,,,,,,,,,,,,,,none,none
7-scenes-redkitchen,0,20,0.3122727512251673,0.7226562499999971,0.5195,1,1,,,,,,,,,,,,,,,,,,,,,,,,,,,,,,,,,none,none
7-scenes-redkitchen,0,25,0.3260262422933024,0.5820312499999977,0.423,1,1,,,,,,,,,,,,,,,,,,,,,,,,,,,,,,,,,none,none
7-scenes-redkitchen,0,30,0.25267428992991514,0.23437499999999906,0.1285,1,1,,,,,,,,,,,,,,,,,,,,,,,,,,,,,,,,,none,none
7-scenes-redkitchen,0,31,0.3316119513094799,0.3984374999999984,0.257,1,1,,,,,,,,,,,,,,,,,,,,,,,,,,,,,,,,,none,none
7-scenes-redkitchen,0,32,0.37540180218158825,0.7851562499999969,0.6285,1,1,,,,,,,,,,,,,,,,,,,,,,,,,,,,,,,,,none,none
7-scenes-redkitchen,0,33,0.26837750961690465,0.12890624999999947,0.095,1,0,,,,,,,,,,,,,,,,,,,,,,,,,,,,,,,,,none,none
7-scenes-redkitchen,0,34,0.13937924856405123,0.5507812499999978,0.5775,1,1,,,,,,,,,,,,,,,,,,,,,,,,,,,,,,,,,none,none
7-scenes-redkitchen,0,36,0.2487221373241292,0.5507812499999978,0.423,1,1,,,,,,,,,,,,,,,,,,,,,,,,,,,,,,,,,none,none
7-scenes-redkitchen,0,37,0.3846761869631659,0.738281249999997,0.709,1,1,,,,,,,,,,,,,,,,,,,,,,,,,,,,,,,,,none,none
7-scenes-redkitchen,0,38,0.3651262054065448,0.8476562499999966,0.854,1,1,,,,,,,,,,,,,,,,,,,,,,,,,,,,,,,,,none,none
7-scenes-redkitchen,0,41,0.35205775412341256,0.7929687499999968,0.706,1,1,,,,,,,,,,,,,,,,,,,,,,,,,,,,,,,,,none,none
7-scenes-redkitchen,0,42,0.3101649365020815,0.8124999999999968,0.697,1,1,,,,,,,,,,,,,,,,,,,,,,,,,,,,,,,,,none,none
7-scenes-redkitchen,0,43,0.2584180850503241,0.6718749999999973,0.5815,1,1,,,,,,,,,,,,,,,,,,,,,,,,,,,,,,,,,none,none
7-scenes-redkitchen,0,44,0.2510407335195236,0.3984374999999984,0.359,1,1,,,,,,,,,,,,,,,,,,,,,,,,,,,,,,,,,none,none
7-scenes-redkitchen,0,45,0.2654792643726616,0.5898437499999977,0.5435,1,1,,,,,,,,,,,,,,,,,,,,,,,,,,,,,,,,,none,none
7-scenes-redkitchen,0,46,0.26258101912841864,0.6874999999999972,0.5805,1,1,,,,,,,,,,,,,,,,,,,,,,,,,,,,,,,,,none,none
7-scenes-redkitchen,0,47,0.22068820150708754,0.5859374999999977,0.52,1,1,,,,,,,,,,,,,,,,,,,,,,,,,,,,,,,,,none,none
7-scenes-redkitchen,0,48,0.18227327817884809,0.4726562499999981,0.453,1,1,,,,,,,,,,,,,,,,,,,,,,,,,,,,,,,,,none,none
7-scenes-redkitchen,0,49,0.14728355377562313,0.4257812499999983,0.436,1,1,,,,,,,,,,,,,,,,,,,,,,,,,,,,,,,,,none,none
7-scenes-redkitchen,0,50,0.18517152342309112,0.32812499999999867,0.324,1,1,,,,,,,,,,,,,,,,,,,,,,,,,,,,,,,,,none,none
7-scenes-redkitchen,0,51,0.18501343731885966,0.41406249999999833,0.3285,1,1,,,,,,,,,,,,,,,,,,,,,,,,,,,,,,,,,none,none
7-scenes-redkitchen,0,52,0.1878062918269484,0.5390624999999979,0.505,1,1,,,,,,,,,,,,,,,,,,,,,,,,,,,,,,,,,none,none
7-scenes-redkitchen,0,53,0.15655793855720082,0.36328124999999856,0.2805,1,1,,,,,,,,,,,,,,,,,,,,,,,,,,,,,,,,,none,none
7-scenes-redkitchen,0,59,0.18564578173578541,0.058593749999999764,0.0475,1,0,,,,,,,,,,,,,,,,,,,,,,,,,,,,,,,,,none,none
7-scenes-redkitchen,1,6,0.3021695839010586,0.6484374999999974,0.617,1,1,,,,,,,,,,,,,,,,,,,,,,,,,,,,,,,,,none,none
7-scenes-redkitchen,1,7,0.24321349963316213,0.6874999999999972,0.576,1,1,,,,,,,,,,,,,,,,,,,,,,,,,,,,,,,,,none,none
7-scenes-redkitchen,1,9,0.18630122628655277,0.6015624999999976,0.5845,1,1,,,,,,,,,,,,,,,,,,,,,,,,,,,,,,,,,none,none
7-scenes-redkitchen,1,18,0.2057960381511372,0.4257812499999983,0.3625,1,1,,,,,,,,,,,,,,,,,,,,,,,,,,,,,,,,,none,none
7-scenes-redkitchen,1,19,0.35399853264856934,0.8242187499999967,0.7645,1,1,,,,,,,,,,,,,,,,,,,,,,,,,,,,,,,,,none,none
7-scenes-redkitchen,1,20,0.19442406456346295,0.5351562499999979,0.4055,1,1,,,,,,,,,,,,,,,,,,,,,,,,,,,,,,,,,none,none
7-scenes-redkitchen,1,25,0.2514935541347867,0.23828124999999906,0.1665,1,1,,,,,,,,,,,,,,,,,,,,,,,,,,,,,,,,,none,none
7-scenes-redkitchen,1,30,0.3102400167697306,0.0507812499999998,0.036,1,0,,,,,,,,,,,,,,,,,,,,,,,,,,,,,,,,,none,none
7-scenes-redkitchen,1,33,0.26176501414946024,0.03515624999999986,0.0375,1,0,,,,,,,,,,,,,,,,,,,,,,,,,,,,,,,,,none,none
7-scenes-redkitchen,1,36,0.18567236138769522,0.3203124999999987,0.1795,1,1,,,,,,,,,,,,,,,,,,,,,,,,,,,,,,,,,none,none
7-scenes-redkitchen,1,37,0.36233099255843204,0.14843749999999942,0.151,1,0,,,,,,,,,,,,,,,,,,,,,,,,,,,,,,,,,none,none
7-scenes-redkitchen,1,38,0.3765328581909653,0.8437499999999967,0.8075,1,1,,,,,,,,,,,,,,,,,,,,,,,,,,,,,,,,,none,none
7-scenes-redkitchen,1,39,0.4096530761974636,0.7929687499999968,0.8265,1,1,,,,,,,,,,,,,,,,,,,,,,,,,,,,,,,,,none,none
7-scenes-redkitchen,1,41,0.35834818153233416,0.9101562499999963,0.8235,1,1,,,,,,,,,,,,,,,,,,,,,,,,,,,,,,,,,none,none
7-scenes-redkitchen,1,42,0.27937323131747194,0.8164062499999968,0.687,1,1,,,,,,,,,,,,,,,,,,,,,,,,,,,,,,,,,none,none
7-scenes-redkitchen,1,43,0.2123991195891416,0.6210937499999976,0.614,1,1,,,,,,,,,,,,,,,,,,,,,,,,,,,,,,,,,none,none
7-scenes-redkitchen,1,44,0.19500052405408239,0.6562499999999973,0.65,1,1,,,,,,,,,,,,,,,,,,,,,,,,,,,,,,,,,none,none
7-scenes-redkitchen,1,45,0.21156063305733153,0.6601562499999973,0.578,1,1,,,,,,,,,,,,,,,,,,,,,,,,,,,,,,,,,none,none
7-scenes-redkitchen,1,46,0.19720155120008384,0.5898437499999977,0.4755,1,1,,,,,,,,,,,,,,,,,,,,,,,,,,,,,,,,,none,none
7-scenes-redkitchen,1,59,0.16423854941829996,0.054687499999999785,0.0405,1,0,,,,,,,,,,,,,,,,,,,,,,,,,,,,,,,,,none,none
7-scenes-redkitchen,2,5,0.25384773240303715,0.3242187499999987,0.259,1,1,,,,,,,,,,,,,,,,,,,,,,,,,,,,,,,,,none,none
7-scenes-redkitchen,2,10,0.3255694643956495,0.749999999999997,0.783,1,1,,,,,,,,,,,,,,,,,,,,,,,,,,,,,,,,,none,none
7-scenes-redkitchen,2,15,0.20793145906012722,0.3164062499999987,0.2995,1,1,,,,,,,,,,,,,,,,,,,,,,,,,,,,,,,,,none,none
7-scenes-redkitchen,2,26,0.3043299815308845,0.3749999999999985,0.251,1,1,,,,,,,,,,,,,,,,,,,,,,,,,,,,,,,,,none,none
7-scenes-redkitchen,2,32,0.3375743894931254,0.738281249999997,0.4905,1,1,,,,,,,,,,,,,,,,,,,,,,,,,,,,,,,,,none,none
7-scenes-redkitchen,2,44,0.3145392981736097,0.7851562499999969,0.8,1,1,,,,,,,,,,,,,,,,,,,,,,,,,,,,,,,,,none,none
7-scenes-redkitchen,2,45,0.2262979683972912,0.6796874999999973,0.754,1,1,,,,,,,,,,,,,,,,,,,,,,,,,,,,,,,,,none,none
7-scenes-redkitchen,3,6,0.21263872427540137,0.511718749999998,0.4575,1,1,,,,,,,,,,,,,,,,,,,,,,,,,,,,,,,,,none,none
7-scenes-redkitchen,3,7,0.16512229285637323,0.21874999999999914,0.2005,1,1,,,,,,,,,,,,,,,,,,,,,,,,,,,,,,,,,none,none
7-scenes-redkitchen,3,15,0.3439284559853464,0.761718749999997,0.641,1,1,,,,,,,,,,,,,,,,,,,,,,,,,,,,,,,,,none,none
7-scenes-redkitchen,3,19,0.20902919943971554,0.5624999999999978,0.512,1,1,,,,,,,,,,,,,,,,,,,,,,,,,,,,,,,,,none,none
7-scenes-redkitchen,3,25,0.21544014653593363,0.4335937499999983,0.2805,1,1,,,,,,,,,,,,,,,,,,,,,,,,,,,,,,,,,none,none
7-scenes-redkitchen,3,31,0.29010882448012065,0.761718749999997,0.6465,1,1,,,,,,,,,,,,,,,,,,,,,,,,,,,,,,,,,none,none
7-scenes-redkitchen,3,32,0.2038573429587329,0.5898437499999977,0.452,1,1,,,,,,,,,,,,,,,,,,,,,,,,,,,,,,,,,none,none
7-scenes-redkitchen,3,36,0.1262794957439931,0.22656249999999908,0.212,1,1,,,,,,,,,,,,,,,,,,,,,,,,,,,,,,,,,none,none
7-scenes-redkitchen,3,37,0.2374205365801099,0.6054687499999976,0.533,1,1,,,,,,,,,,,,,,,,,,,,,,,,,,,,,,,,,none,none
7-scenes-redkitchen,3,38,0.23467298782458787,0.6289062499999974,0.5475,1,1,,,,,,,,,,,,,,,,,,,,,,,,,,,,,,,,,none,none
7-scenes-redkitchen,3,39,0.20633552418920376,0.5703124999999977,0.523,1,1,,,,,,,,,,,,,,,,,,,,,,,,,,,,,,,,,none,none
7-scenes-redkitchen,3,46,0.25740760693890746,0.7226562499999971,0.6575,1,1,,,,,,,,,,,,,,,,,,,,,,,,,,,,,,,,,none,none
7-scenes-redkitchen,3,59,0.14475810796250405,0.17968749999999928,0.148,1,1,,,,,,,,,,,,,,,,,,,,,,,,,,,,,,,,,none,none
7-scenes-redkitchen,4,8,0.2997300188477408,0.6601562499999973,0.489,1,1,,,,,,,,,,,,,,,,,,,,,,,,,,,,,,,,,none,none
7-scenes-redkitchen,4,16,0.3374764403239774,0.6445312499999974,0.3385,1,1,,,,,,,,,,,,,,,,,,,,,,,,,,,,,,,,,none,none
7-scenes-redkitchen,4,17,0.3351841475217768,0.5507812499999978,0.2305,1,1,,,,,,,,,,,,,,,,,,,,,,,,,,,,,,,,,none,none
7-scenes-redkitchen,4,20,0.39391778309816106,0.8124999999999968,0.598,1,1,,,,,,,,,,,,,,,,,,,,,,,,,,,,,,,,,none,none
7-scenes-redkitchen,4,21,0.1611227140746778,0.4492187499999982,0.2185,1,0,,,,,,,,,,,,,,,,,,,,,,,,,,,,,,,,,none,none
7-scenes-redkitchen,4,24,0.17482553104783252,0.4492187499999982,0.282,1,1,,,,,,,,,,,,,,,,,,,,,,,,,,,,,,,,,none,none
7-scenes-redkitchen,4,28,0.4341093168967449,0.5859374999999977,0.599,1,1,,,,,,,,,,,,,,,,,,,,,,,,,,,,,,,,,none,none
7-scenes-redkitchen,4,29,0.30665783709439154,0.7695312499999969,0.7055,1,1,,,,,,,,,,,,,,,,,,,,,,,,,,,,,,,,,none,none
7-scenes-redkitchen,4,35,0.25327288472314197,0.3789062499999985,0.237,1,1,,,,,,,,,,,,,,,,,,,,,,,,,,,,,,,,,none,none
7-scenes-redkitchen,4,36,0.40064184198461616,0.6757812499999973,0.425,1,1,,,,,,,,,,,,,,,,,,,,,,,,,,,,,,,,,none,none
7-scenes-redkitchen,4,40,0.40038714278437165,0.6796874999999973,0.5465,1,1,,,,,,,,,,,,,,,,,,,,,,,,,,,,,,,,,none,none
7-scenes-redkitchen,4,41,0.361621924507157,0.8085937499999968,0.7925,1,1,,,,,,,,,,,,,,,,,,,,,,,,,,,,,,,,,none,none
7-scenes-redkitchen,4,43,0.32519993887219195,0.8476562499999966,0.8175,1,1,,,,,,,,,,,,,,,,,,,,,,,,,,,,,,,,,none,none
7-scenes-redkitchen,4,48,0.34435331873057917,0.8046874999999968,0.7555,1,1,,,,,,,,,,,,,,,,,,,,,,,,,,,,,,,,,none,none
7-scenes-redkitchen,4,49,0.29137588507972084,0.6640624999999973,0.6595,1,1,,,,,,,,,,,,,,,,,,,,,,,,,,,,,,,,,none,none
7-scenes-redkitchen,4,50,0.2969792674851001,0.6367187499999974,0.6005,1,1,,,,,,,,,,,,,,,,,,,,,,,,,,,,,,,,,none,none
7-scenes-redkitchen,4,51,0.2151698843665631,0.499999999999998,0.4875,1,1,,,,,,,,,,,,,,,,,,,,,,,,,,,,,,,,,none,none
7-scenes-redkitchen,4,52,0.29626610972441547,0.6874999999999972,0.6925,1,1,,,,,,,,,,,,,,,,,,,,,,,,,,,,,,,,,none,none
7-scenes-redkitchen,4,53,0.25913096632876575,0.503906249999998,0.417,1,1,,,,,,,,,,,,,,,,,,,,,,,,,,,,,,,,,none,none
7-scenes-redkitchen,4,54,0.2148642453262697,0.3476562499999986,0.224,1,1,,,,,,,,,,,,,,,,,,,,,,,,,,,,,,,,,none,none
7-scenes-redkitchen,4,58,0.14446538637868678,0.42187499999999833,0.2985,1,1,,,,,,,,,,,,,,,,,,,,,,,,,,,,,,,,,none,none
7-scenes-redkitchen,4,59,0.26855483673781266,0.5195312499999979,0.314,1,1,,,,,,,,,,,,,,,,,,,,,,,,,,,,,,,,,none,none
7-scenes-redkitchen,5,13,0.3250366799413121,0.7773437499999969,0.6415,1,1,,,,,,,,,,,,,,,,,,,,,,,,,,,,,,,,,none,none
7-scenes-redkitchen,5,14,0.35752462796059525,0.7929687499999968,0.6255,1,1,,,,,,,,,,,,,,,,,,,,,,,,,,,,,,,,,none,none
7-scenes-redkitchen,5,21,0.31544749528400756,0.6093749999999976,0.4045,1,1,,,,,,,,,,,,,,,,,,,,,,,,,,,,,,,,,none,none
7-scenes-redkitchen,5,24,0.31083630266191575,0.5664062499999978,0.4335,1,1,,,,,,,,,,,,,,,,,,,,,,,,,,,,,,,,,none,none
7-scenes-redkitchen,5,27,0.46368685810102706,0.5234374999999979,0.55,1,1,,,,,,,,,,,,,,,,,,,,,,,,,,,,,,,,,none,none
7-scenes-redkitchen,5,28,0.24287361140222175,0.1249999999999995,0.118,1,0,,,,,,,,,,,,,,,,,,,,,,,,,,,,,,,,,none,none
7-scenes-redkitchen,5,34,0.14493816809893104,0.4492187499999982,0.369,1,1,,,,,,,,,,,,,,,,,,,,,,,,,,,,,,,,,none,none
7-scenes-redkitchen,5,35,0.39614336617061413,0.5234374999999979,0.407,1,1,,,,,,,,,,,,,,,,,,,,,,,,,,,,,,,,,none,none
7-scenes-redkitchen,5,40,0.29118633410186545,0.48828124999999806,0.357,1,1,,,,,,,,,,,,,,,,,,,,,,,,,,,,,,,,,none,none
7-scenes-redkitchen,5,41,0.25639278977153634,0.6210937499999976,0.492,1,1,,,,,,,,,,,,,,,,,,,,,,,,,,,,,,,,,none,none
7-scenes-redkitchen,5,42,0.2676587717459652,0.6406249999999974,0.519,1,1,,,,,,,,,,,,,,,,,,,,,,,,,,,,,,,,,none,none
7-scenes-redkitchen,5,43,0.2535631942988891,0.6367187499999974,0.5365,1,1,,,,,,,,,,,,,,,,,,,,,,,,,,,,,,,,,none,none
7-scenes-redkitchen,5,44,0.2829595472647244,0.5937499999999977,0.4825,1,1,,,,,,,,,,,,,,,,,,,,,,,,,,,,,,,,,none,none
7-scenes-redkitchen,5,45,0.3543806329909872,0.6523437499999974,0.511,1,1,,,,,,,,,,,,,,,,,,,,,,,,,,,,,,,,,none,none
7-scenes-redkitchen,5,50,0.34861664221337246,0.4765624999999981,0.4565,1,1,,,,,,,,,,,,,,,,,,,,,,,,,,,,,,,,,none,none
7-scenes-redkitchen,5,51,0.21845525047159925,0.48437499999999806,0.4055,1,1,,,,,,,,,,,,,,,,,,,,,,,,,,,,,,,,,none,none
7-scenes-redkitchen,5,52,0.3924229721232446,0.48046874999999806,0.5365,1,1,,,,,,,,,,,,,,,,,,,,,,,,,,,,,,,,,none,none
7-scenes-redkitchen,5,53,0.38723538042339134,0.5156249999999979,0.4675,1,1,,,,,,,,,,,,,,,,,,,,,,,,,,,,,,,,,none,none
7-scenes-redkitchen,5,54,0.36821421085726264,0.5976562499999976,0.3995,1,1,,,,,,,,,,,,,,,,,,,,,,,,,,,,,,,,,none,none
7-scenes-redkitchen,5,55,0.215625654998952,0.5234374999999979,0.386,1,1,,,,,,,,,,,,,,,,,,,,,,,,,,,,,,,,,none,none
7-scenes-redkitchen,5,57,0.14205617271012366,0.3085937499999988,0.2425,1,1,,,,,,,,,,,,,,,,,,,,,,,,,,,,,,,,,none,none
7-scenes-redkitchen,5,58,0.2386292181932509,0.6953124999999972,0.5575,1,1,,,,,,,,,,,,,,,,,,,,,,,,,,,,,,,,,none,none
7-scenes-redkitchen,5,59,0.3193774889960176,0.6992187499999972,0.5645,1,1,,,,,,,,,,,,,,,,,,,,,,,,,,,,,,,,,none,none
7-scenes-redkitchen,6,13,0.23537892559393217,0.48046874999999806,0.4065,1,1,,,,,,,,,,,,,,,,,,,,,,,,,,,,,,,,,none,none
7-scenes-redkitchen,6,14,0.28872312417727075,0.6210937499999976,0.4855,1,1,,,,,,,,,,,,,,,,,,,,,,,,,,,,,,,,,none,none
7-scenes-redkitchen,6,22,0.18767629912869052,0.1757812499999993,0.11,1,1,,,,,,,,,,,,,,,,,,,,,,,,,,,,,,,,,none,none
7-scenes-redkitchen,6,27,0.3984830439415784,0.09374999999999963,0.085,1,0,,,,,,,,,,,,,,,,,,,,,,,,,,,,,,,,,none,none
7-scenes-redkitchen,6,34,0.2206481539522347,0.6796874999999973,0.5545,1,1,,,,,,,,,,,,,,,,,,,,,,,,,,,,,,,,,none,none
7-scenes-redkitchen,6,42,0.13696483420046388,0.07421874999999971,0.062,1,0,,,,,,,,,,,,,,,,,,,,,,,,,,,,,,,,,none,none
7-scenes-redkitchen,6,44,0.15370149815081802,0.13671874999999944,0.078,1,0,,,,,,,,,,,,,,,,,,,,,,,,,,,,,,,,,none,none
7-scenes-redkitchen,6,45,0.21757663135460414,0.41406249999999833,0.365,1,1,,,,,,,,,,,,,,,,,,,,,,,,,,,,,,,,,none,none
7-scenes-redkitchen,6,46,0.2813263962890992,0.5742187499999977,0.4885,1,1,,,,,,,,,,,,,,,,,,,,,,,,,,,,,,,,,none,none
7-scenes-redkitchen,6,47,0.36751708142669093,0.6328124999999974,0.5085,1,1,,,,,,,,,,,,,,,,,,,,,,,,,,,,,,,,,none,none
7-scenes-redkitchen,6,48,0.4260013790509622,0.7031249999999972,0.543,1,1,,,,,,,,,,,,,,,,,,,,,,,,,,,,,,,,,none,none
7-scenes-redkitchen,6,50,0.3769823857581646,0.6679687499999973,0.561,1,1,,,,,,,,,,,,,,,,,,,,,,,,,,,,,,,,,none,none
7-scenes-redkitchen,6,51,0.25650347896947284,0.4296874999999983,0.399,1,1,,,,,,,,,,,,,,,,,,,,,,,,,,,,,,,,,none,none
7-scenes-redkitchen,6,52,0.42769385068639126,0.738281249999997,0.639,1,1,,,,,,,,,,,,,,,,,,,,,,,,,,,,,,,,,none,none
7-scenes-redkitchen,6,55,0.3821851689337429,0.7343749999999971,0.66,1,1,,,,,,,,,,,,,,,,,,,,,,,,,,,,,,,,,none,none
7-scenes-redkitchen,6,56,0.2387638688647903,0.6484374999999974,0.538,1,1,,,,,,,,,,,,,,,,,,,,,,,,,,,,,,,,,none,none
7-scenes-redkitchen,6,57,0.22114962702939886,0.6757812499999973,0.6295,1,1,,,,,,,,,,,,,,,,,,,,,,,,,,,,,,,,,none,none
7-scenes-redkitchen,6,58,0.37986585595185857,0.8046874999999968,0.776,1,1,,,,,,,,,,,,,,,,,,,,,,,,,,,,,,,,,none,none
7-scenes-redkitchen,7,12,0.28187879151901013,0.6874999999999972,0.5395,1,1,,,,,,,,,,,,,,,,,,,,,,,,,,,,,,,,,none,none
7-scenes-redkitchen,7,13,0.16091056519911107,0.253906249999999,0.2025,1,1,,,,,,,,,,,,,,,,,,,,,,,,,,,,,,,,,none,none
7-scenes-redkitchen,7,14,0.23316715718661782,0.20703124999999917,0.149,1,1,,,,,,,,,,,,,,,,,,,,,,,,,,,,,,,,,none,none
7-scenes-redkitchen,7,22,0.299537509760346,0.6523437499999974,0.613,1,1,,,,,,,,,,,,,,,,,,,,,,,,,,,,,,,,,none,none
7-scenes-redkitchen,7,23,0.240014415280197,0.5898437499999977,0.526,1,1,,,,,,,,,,,,,,,,,,,,,,,,,,,,,,,,,none,none
7-scenes-redkitchen,7,27,0.3198390293711334,0.06640624999999974,0.0695,1,0,,,,,,,,,,,,,,,,,,,,,,,,,,,,,,,,,none,none
7-scenes-redkitchen,7,34,0.240795242957535,0.6601562499999973,0.563,1,1,,,,,,,,,,,,,,,,,,,,,,,,,,,,,,,,,none,none
7-scenes-redkitchen,7,46,0.20223436843053638,0.4492187499999982,0.357,1,1,,,,,,,,,,,,,,,,,,,,,,,,,,,,,,,,,none,none
7-scenes-redkitchen,7,47,0.28746471259535106,0.16796874999999933,0.133,1,0,,,,,,,,,,,,,,,,,,,,,,,,,,,,,,,,,none,none
7-scenes-redkitchen,7,48,0.3629647426271848,0.28515624999999883,0.295,1,1,,,,,,,,,,,,,,,,,,,,,,,,,,,,,,,,,none,none
7-scenes-redkitchen,7,49,0.3973812240975434,0.36328124999999856,0.293,1,1,,,,,,,,,,,,,,,,,,,,,,,,,,,,,,,,,none,none
7-scenes-redkitchen,7,50,0.3313712535287405,0.2226562499999991,0.2075,1,1,,,,,,,,,,,,,,,,,,,,,,,,,,,,,,,,,none,none
7-scenes-redkitchen,7,51,0.20415640579013755,0.38671874999999845,0.2765,1,1,,,,,,,,,,,,,,,,,,,,,,,,,,,,,,,,,none,none
7-scenes-redkitchen,7,52,0.3766592588143432,0.4414062499999982,0.482,1,1,,,,,,,,,,,,,,,,,,,,,,,,,,,,,,,,,none,none
7-scenes-redkitchen,7,56,0.29677458105591925,0.749999999999997,0.5785,1,1,,,,,,,,,,,,,,,,,,,,,,,,,,,,,,,,,none,none
7-scenes-redkitchen,7,57,0.24307766232206138,0.8359374999999967,0.716,1,1,,,,,,,,,,,,,,,,,,,,,,,,,,,,,,,,,none,none
7-scenes-redkitchen,8,10,0.3716065490971842,0.7148437499999971,0.6415,1,1,,,,,,,,,,,,,,,,,,,,,,,,,,,,,,,,,none,none
7-scenes-redkitchen,8,11,0.29193147859758406,0.6289062499999974,0.4915,1,1,,,,,,,,,,,,,,,,,,,,,,,,,,,,,,,,,none,none
7-scenes-redkitchen,8,15,0.25186245212340586,0.4453124999999982,0.3655,1,1,,,,,,,,,,,,,,,,,,,,,,,,,,,,,,,,,none,none
7-scenes-redkitchen,8,26,0.3916410623342733,0.7109374999999971,0.671,1,1,,,,,,,,,,,,,,,,,,,,,,,,,,,,,,,,,none,none
7-scenes-redkitchen,8,34,0.14032577128667031,0.4023437499999984,0.3795,1,1,,,,,,,,,,,,,,,,,,,,,,,,,,,,,,,,,none,none
7-scenes-redkitchen,8,38,0.33587272191590556,0.7031249999999972,0.661,1,1,,,,,,,,,,,,,,,,,,,,,,,,,,,,,,,,,none,none
7-scenes-redkitchen,8,48,0.23250136790268952,0.253906249999999,0.264,1,1,,,,,,,,,,,,,,,,,,,,,,,,,,,,,,,,,none,none
7-scenes-redkitchen,8,49,0.3048108085357128,0.507812499999998,0.404,1,1,,,,,,,,,,,,,,,,,,,,,,,,,,,,,,,,,none,none
7-scenes-redkitchen,8,50,0.21154088976808788,0.14453124999999942,0.145,1,1,,,,,,,,,,,,,,,,,,,,,,,,,,,,,,,,,none,none
7-scenes-redkitchen,8,52,0.249042468117345,0.3164062499999987,0.319,1,1,,,,,,,,,,,,,,,,,,,,,,,,,,,,,,,,,none,none
7-scenes-redkitchen,8,56,0.3992171387684667,0.6992187499999972,0.456,1,1,,,,,,,,,,,,,,,,,,,,,,,,,,,,,,,,,none,none
7-scenes-redkitchen,8,57,0.2842291342228208,0.20703124999999917,0.2265,1,1,,,,,,,,,,,,,,,,,,,,,,,,,,,,,,,,,none,none
7-scenes-redkitchen,9,12,0.1811579079183537,0.6249999999999976,0.5665,1,1,,,,,,,,,,,,,,,,,,,,,,,,,,,,,,,,,none,none
7-scenes-redkitchen,9,15,0.3386066702842593,0.8007812499999968,0.7355,1,1,,,,,,,,,,,,,,,,,,,,,,,,,,,,,,,,,none,none
7-scenes-redkitchen,9,22,0.3212839671077347,0.6914062499999972,0.577,1,1,,,,,,,,,,,,,,,,,,,,,,,,,,,,,,,,,none,none
7-scenes-redkitchen,9,23,0.3155236465333723,0.7734374999999969,0.716,1,1,,,,,,,,,,,,,,,,,,,,,,,,,,,,,,,,,none,none
7-scenes-redkitchen,9,27,0.22031139124264307,0.32812499999999867,0.387,1,1,,,,,,,,,,,,,,,,,,,,,,,,,,,,,,,,,none,none
7-scenes-redkitchen,9,34,0.1484743498768627,0.6718749999999973,0.571,1,1,,,,,,,,,,,,,,,,,,,,,,,,,,,,,,,,,none,none
7-scenes-redkitchen,9,46,0.16441958508995283,0.5859374999999977,0.5055,1,1,,,,,,,,,,,,,,,,,,,,,,,,,,,,,,,,,none,none
7-scenes-redkitchen,9,47,0.25278624201694705,0.3007812499999988,0.2715,1,1,,,,,,,,,,,,,,,,,,,,,,,,,,,,,,,,,none,none
7-scenes-redkitchen,9,48,0.3500855699795467,0.5429687499999978,0.5465,1,1,,,,,,,,,,,,,,,,,,,,,,,,,,,,,,,,,none,none
7-scenes-redkitchen,9,50,0.28851692615936886,0.4492187499999982,0.419,1,1,,,,,,,,,,,,,,,,,,,,,,,,,,,,,,,,,none,none
7-scenes-redkitchen,9,52,0.3255833368117878,0.6132812499999976,0.587,1,1,,,,,,,,,,,,,,,,,,,,,,,,,,,,,,,,,none,none
7-scenes-redkitchen,9,55,0.46086738740242933,0.7656249999999969,0.584,1,1,,,,,,,,,,,,,,,,,,,,,,,,,,,,,,,,,none,none
7-scenes-redkitchen,9,56,0.3127269691530659,0.6562499999999973,0.503,1,1,,,,,,,,,,,,,,,,,,,,,,,,,,,,,,,,,none,none
7-scenes-redkitchen,9,57,0.23546353884042243,0.5820312499999977,0.61,1,1,,,,,,,,,,,,,,,,,,,,,,,,,,,,,,,,,none,none
7-scenes-redkitchen,9,58,0.41950160704595735,0.8398437499999967,0.7625,1,1,,,,,,,,,,,,,,,,,,,,,,,,,,,,,,,,,none,none
7-scenes-redkitchen,10,21,0.2818363705185746,0.5976562499999976,0.39,1,1,,,,,,,,,,,,,,,,,,,,,,,,,,,,,,,,,none,none
7-scenes-redkitchen,10,24,0.30000540745146814,0.503906249999998,0.421,1,1,,,,,,,,,,,,,,,,,,,,,,,,,,,,,,,,,none,none
7-scenes-redkitchen,10,28,0.3414264856972909,0.25781249999999895,0.258,1,1,,,,,,,,,,,,,,,,,,,,,,,,,,,,,,,,,none,none
7-scenes-redkitchen,10,29,0.23635970367165954,0.3007812499999988,0.286,1,1,,,,,,,,,,,,,,,,,,,,,,,,,,,,,,,,,none,none
7-scenes-redkitchen,10,34,0.1448115503163359,0.45703124999999817,0.393,1,1,,,,,,,,,,,,,,,,,,,,,,,,,,,,,,,,,none,none
7-scenes-redkitchen,10,35,0.3416427837560158,0.5273437499999979,0.4235,1,1,,,,,,,,,,,,,,,,,,,,,,,,,,,,,,,,,none,none
7-scenes-redkitchen,10,40,0.30005948196614934,0.5429687499999978,0.4825,1,1,,,,,,,,,,,,,,,,,,,,,,,,,,,,,,,,,none,none
7-scenes-redkitchen,10,41,0.3230411507056724,0.8085937499999968,0.7425,1,1,,,,,,,,,,,,,,,,,,,,,,,,,,,,,,,,,none,none
7-scenes-redkitchen,10,42,0.32606932352782136,0.8085937499999968,0.7555,1,1,,,,,,,,,,,,,,,,,,,,,,,,,,,,,,,,,none,none
7-scenes-redkitchen,10,43,0.30178986643594874,0.8124999999999968,0.796,1,1,,,,,,,,,,,,,,,,,,,,,,,,,,,,,,,,,none,none
7-scenes-redkitchen,10,44,0.31974260531011733,0.742187499999997,0.673,1,1,,,,,,,,,,,,,,,,,,,,,,,,,,,,,,,,,none,none
7-scenes-redkitchen,10,45,0.3716000648894176,0.7695312499999969,0.744,1,1,,,,,,,,,,,,,,,,,,,,,,,,,,,,,,,,,none,none
7-scenes-redkitchen,10,46,0.3880387173525118,0.8085937499999968,0.775,1,1,,,,,,,,,,,,,,,,,,,,,,,,,,,,,,,,,none,none
7-scenes-redkitchen,10,47,0.3713837668306927,0.7265624999999971,0.665,1,1,,,,,,,,,,,,,,,,,,,,,,,,,,,,,,,,,none,none
7-scenes-redkitchen,10,48,0.35456659276482994,0.7734374999999969,0.7455,1,1,,,,,,,,,,,,,,,,,,,,,,,,,,,,,,,,,none,none
7-scenes-redkitchen,10,49,0.31839074244308657,0.7734374999999969,0.7815,1,1,,,,,,,,,,,,,,,,,,,,,,,,,,,,,,,,,none,none
7-scenes-redkitchen,10,50,0.3461850429892392,0.761718749999997,0.7175,1,1,,,,,,,,,,,,,,,,,,,,,,,,,,,,,,,,,none,none
7-scenes-redkitchen,10,51,0.2243551614124263,0.5624999999999978,0.524,1,1,,,,,,,,,,,,,,,,,,,,,,,,,,,,,,,,,none,none
7-scenes-redkitchen,10,52,0.36224517384956473,0.8281249999999967,0.7805,1,1,,,,,,,,,,,,,,,,,,,,,,,,,,,,,,,,,none,none
7-scenes-redkitchen,10,53,0.3372627480668361,0.746093749999997,0.637,1,1,,,,,,,,,,,,,,,,,,,,,,,,,,,,,,,,,none,none
7-scenes-redkitchen,10,54,0.3274211863948521,0.5976562499999976,0.437,1,1,,,,,,,,,,,,,,,,,,,,,,,,,,,,,,,,,none,none
7-scenes-redkitchen,10,55,0.17666143946358082,0.14843749999999942,0.0885,1,0,,,,,,,,,,,,,,,,,,,,,,,,,,,,,,,,,none,none
7-scenes-redkitchen,10,56,0.12745363110366084,0.1249999999999995,0.086,1,0,,,,,,,,,,,,,,,,,,,,,,,,,,,,,,,,,none,none
7-scenes-redkitchen,10,57,0.1541123668415076,0.1015624999999996,0.0705,1,0,,,,,,,,,,,,,,,,,,,,,,,,,,,,,,,,,none,none
7-scenes-redkitchen,10,58,0.2339804250256854,0.48437499999999806,0.3985,1,1,,,,,,,,,,,,,,,,,,,,,,,,,,,,,,,,,none,none
7-scenes-redkitchen,10,59,0.32439301357270317,0.6484374999999974,0.47,1,1,,,,,,,,,,,,,,,,,,,,,,,,,,,,,,,,,none,none
7-scenes-redkitchen,11,16,0.36556276053728576,0.6484374999999974,0.405,1,1,,,,,,,,,,,,,,,,,,,,,,,,,,,,,,,,,none,none
7-scenes-redkitchen,11,17,0.33285085687818433,0.5468749999999978,0.238,1,1,,,,,,,,,,,,,,,,,,,,,,,,,,,,,,,,,none,none
7-scenes-redkitchen,11,20,0.4176702176933766,0.8164062499999968,0.624,1,1,,,,,,,,,,,,,,,,,,,,,,,,,,,,,,,,,none,none
7-scenes-redkitchen,11,21,0.1949976841130153,0.4296874999999983,0.2155,1,0,,,,,,,,,,,,,,,,,,,,,,,,,,,,,,,,,none,none
7-scenes-redkitchen,11,24,0.2128879110699398,0.3710937499999985,0.3015,1,1,,,,,,,,,,,,,,,,,,,,,,,,,,,,,,,,,none,none
7-scenes-redkitchen,11,29,0.37268411301528487,0.6132812499999976,0.5575,1,1,,,,,,,,,,,,,,,,,,,,,,,,,,,,,,,,,none,none
7-scenes-redkitchen,11,35,0.24009958314034274,0.3164062499999987,0.2075,1,1,,,,,,,,,,,,,,,,,,,,,,,,,,,,,,,,,none,none
7-scenes-redkitchen,11,40,0.4463293191292265,0.761718749999997,0.662,1,1,,,,,,,,,,,,,,,,,,,,,,,,,,,,,,,,,none,none
7-scenes-redkitchen,11,41,0.37187355257063454,0.8476562499999966,0.803,1,1,,,,,,,,,,,,,,,,,,,,,,,,,,,,,,,,,none,none
7-scenes-redkitchen,11,42,0.33765632237146825,0.8515624999999966,0.816,1,1,,,,,,,,,,,,,,,,,,,,,,,,,,,,,,,,,none,none
7-scenes-redkitchen,11,43,0.2956229735988884,0.7695312499999969,0.7675,1,1,,,,,,,,,,,,,,,,,,,,,,,,,,,,,,,,,none,none
7-scenes-redkitchen,11,44,0.3094603983325614,0.7734374999999969,0.7135,1,1,,,,,,,,,,,,,,,,,,,,,,,,,,,,,,,,,none,none
7-scenes-redkitchen,11,45,0.341130152848541,0.8085937499999968,0.745,1,1,,,,,,,,,,,,,,,,,,,,,,,,,,,,,,,,,none,none
7-scenes-redkitchen,11,46,0.3661417322834646,0.7734374999999969,0.696,1,1,,,,,,,,,,,,,,,,,,,,,,,,,,,,,,,,,none,none
7-scenes-redkitchen,11,47,0.3275243168133395,0.6992187499999972,0.615,1,1,,,,,,,,,,,,,,,,,,,,,,,,,,,,,,,,,none,none
7-scenes-redkitchen,11,48,0.2784275127373784,0.6874999999999972,0.656,1,1,,,,,,,,,,,,,,,,,,,,,,,,,,,,,,,,,none,none
7-scenes-redkitchen,11,49,0.2329203334877258,0.5859374999999977,0.6165,1,1,,,,,,,,,,,,,,,,,,,,,,,,,,,,,,,,,none,none
7-scenes-redkitchen,11,50,0.28410143584993053,0.6992187499999972,0.6595,1,1,,,,,,,,,,,,,,,,,,,,,,,,,,,,,,,,,none,none
7-scenes-redkitchen,11,51,0.2309518295507179,0.507812499999998,0.501,1,1,,,,,,,,,,,,,,,,,,,,,,,,,,,,,,,,,none,none
7-scenes-redkitchen,11,52,0.28838582677165353,0.6562499999999973,0.6575,1,1,,,,,,,,,,,,,,,,,,,,,,,,,,,,,,,,,none,none
7-scenes-redkitchen,11,53,0.24803149606299213,0.5351562499999979,0.451,1,1,,,,,,,,,,,,,,,,,,,,,,,,,,,,,,,,,none,none
7-scenes-redkitchen,11,54,0.22770958777211672,0.4492187499999982,0.285,1,1,,,,,,,,,,,,,,,,,,,,,,,,,,,,,,,,,none,none
7-scenes-redkitchen,11,58,0.17647058823529413,0.3515624999999986,0.281,1,1,,,,,,,,,,,,,,,,,,,,,,,,,,,,,,,,,none,none
7-scenes-redkitchen,11,59,0.30094951366373324,0.499999999999998,0.3345,1,1,,,,,,,,,,,,,,,,,,,,,,,,,,,,,,,,,none,none
7-scenes-redkitchen,12,16,0.18676947555229179,0.503906249999998,0.325,1,1,,,,,,,,,,,,,,,,,,,,,,,,,,,,,,,,,none,none
7-scenes-redkitchen,12,18,0.26454929318891135,0.6953124999999972,0.5535,1,1,,,,,,,,,,,,,,,,,,,,,,,,,,,,,,,,,none,none
7-scenes-redkitchen,12,20,0.21020745364420781,0.5664062499999978,0.3895,1,1,,,,,,,,,,,,,,,,,,,,,,,,,,,,,,,,,none,none
7-scenes-redkitchen,12,25,0.34795912122881095,0.6953124999999972,0.5395,1,1,,,,,,,,,,,,,,,,,,,,,,,,,,,,,,,,,none,none
7-scenes-redkitchen,12,30,0.30377577871611283,0.21093749999999917,0.212,1,1,,,,,,,,,,,,,,,,,,,,,,,,,,,,,,,,,none,none
7-scenes-redkitchen,12,31,0.2469249127960345,0.46484374999999817,0.333,1,1,,,,,,,,,,,,,,,,,,,,,,,,,,,,,,,,,none,none
7-scenes-redkitchen,12,32,0.21094180282724437,0.6054687499999976,0.412,1,1,,,,,,,,,,,,,,,,,,,,,,,,,,,,,,,,,none,none
7-scenes-redkitchen,12,36,0.24563980172572059,0.5937499999999977,0.407,1,1,,,,,,,,,,,,,,,,,,,,,,,,,,,,,,,,,none,none
7-scenes-redkitchen,12,38,0.3483874915855823,0.761718749999997,0.6435,1,1,,,,,,,,,,,,,,,,,,,,,,,,,,,,,,,,,none,none
7-scenes-redkitchen,12,39,0.37886298268159846,0.7773437499999969,0.655,1,1,,,,,,,,,,,,,,,,,,,,,,,,,,,,,,,,,none,none
7-scenes-redkitchen,12,46,0.3198090692124105,0.6562499999999973,0.612,1,1,,,,,,,,,,,,,,,,,,,,,,,,,,,,,,,,,none,none
7-scenes-redkitchen,12,47,0.22648552720151766,0.6523437499999974,0.5795,1,1,,,,,,,,,,,,,,,,,,,,,,,,,,,,,,,,,none,none
7-scenes-redkitchen,12,48,0.1749586928584542,0.41406249999999833,0.4035,1,1,,,,,,,,,,,,,,,,,,,,,,,,,,,,,,,,,none,none
7-scenes-redkitchen,12,50,0.16688085184505233,0.23046874999999908,0.2805,1,1,,,,,,,,,,,,,,,,,,,,,,,,,,,,,,,,,none,none
7-scenes-redkitchen,12,51,0.19386818432164493,0.4453124999999982,0.425,1,1,,,,,,,,,,,,,,,,,,,,,,,,,,,,,,,,,none,none
7-scenes-redkitchen,12,52,0.16951226975093323,0.46093749999999817,0.439,1,1,,,,,,,,,,,,,,,,,,,,,,,,,,,,,,,,,none,none
7-scenes-redkitchen,12,59,0.20702527385104952,0.26562499999999895,0.141,1,1,,,,,,,,,,,,,,,,,,,,,,,,,,,,,,,,,none,none
7-scenes-redkitchen,13,18,0.16026441424899007,0.21874999999999914,0.1495,1,0,,,,,,,,,,,,,,,,,,,,,,,,,,,,,,,,,none,none
7-scenes-redkitchen,13,19,0.30106500183621004,0.5351562499999979,0.418,1,1,,,,,,,,,,,,,,,,,,,,,,,,,,,,,,,,,none,none
7-scenes-redkitchen,13,25,0.28659566654425267,0.21093749999999917,0.1145,1,1,,,,,,,,,,,,,,,,,,,,,,,,,,,,,,,,,none,none
7-scenes-redkitchen,13,30,0.3342636797649651,0.3007812499999988,0.283,1,1,,,,,,,,,,,,,,,,,,,,,,,,,,,,,,,,,none,none
7-scenes-redkitchen,13,31,0.289974293059126,0.5624999999999978,0.4105,1,1,,,,,,,,,,,,,,,,,,,,,,,,,,,,,,,,,none,none
7-scenes-redkitchen,13,32,0.2273228057289754,0.6171874999999976,0.4375,1,1,,,,,,,,,,,,,,,,,,,,,,,,,,,,,,,,,none,none
7-scenes-redkitchen,13,36,0.15512302607418288,0.08984374999999964,0.06,1,0,,,,,,,,,,,,,,,,,,,,,,,,,,,,,,,,,none,none
7-scenes-redkitchen,13,37,0.3615864854939405,0.6601562499999973,0.5085,1,1,,,,,,,,,,,,,,,,,,,,,,,,,,,,,,,,,none,none
7-scenes-redkitchen,13,38,0.3302240176276166,0.3164062499999987,0.293,1,1,,,,,,,,,,,,,,,,,,,,,,,,,,,,,,,,,none,none
7-scenes-redkitchen,13,39,0.3385971355123026,0.6289062499999974,0.5105,1,1,,,,,,,,,,,,,,,,,,,,,,,,,,,,,,,,,none,none
7-scenes-redkitchen,13,46,0.29056188027910396,0.21484374999999914,0.213,1,1,,,,,,,,,,,,,,,,,,,,,,,,,,,,,,,,,none,none
7-scenes-redkitchen,13,47,0.17965479250826294,0.027343749999999892,0.0325,1,0,,,,,,,,,,,,,,,,,,,,,,,,,,,,,,,,,none,none
7-scenes-redkitchen,13,59,0.1712082262210797,0.042968749999999827,0.0135,1,0,,,,,,,,,,,,,,,,,,,,,,,,,,,,,,,,,none,none
7-scenes-redkitchen,14,16,0.2676829768051799,0.28515624999999883,0.229,1,1,,,,,,,,,,,,,,,,,,,,,,,,,,,,,,,,,none,none
7-scenes-redkitchen,14,17,0.16851077780509793,0.23437499999999906,0.163,1,0,,,,,,,,,,,,,,,,,,,,,,,,,,,,,,,,,none,none
7-scenes-redkitchen,14,18,0.2843209572985821,0.41015624999999833,0.2695,1,1,,,,,,,,,,,,,,,,,,,,,,,,,,,,,,,,,none,none
7-scenes-redkitchen,14,20,0.2093271043357102,0.10937499999999957,0.0895,1,0,,,,,,,,,,,,,,,,,,,,,,,,,,,,,,,,,none,none
7-scenes-redkitchen,14,30,0.2439144332431768,0.1523437499999994,0.1065,1,0,,,,,,,,,,,,,,,,,,,,,,,,,,,,,,,,,none,none
7-scenes-redkitchen,14,31,0.17965740513072698,0.41796874999999833,0.322,1,1,,,,,,,,,,,,,,,,,,,,,,,,,,,,,,,,,none,none
7-scenes-redkitchen,14,32,0.14711908859929515,0.41015624999999833,0.295,1,1,,,,,,,,,,,,,,,,,,,,,,,,,,,,,,,,,none,none
7-scenes-redkitchen,14,36,0.3163675108597656,0.48437499999999806,0.301,1,1,,,,,,,,,,,,,,,,,,,,,,,,,,,,,,,,,none,none
7-scenes-redkitchen,14,45,0.38414884025899515,0.742187499999997,0.705,1,1,,,,,,,,,,,,,,,,,,,,,,,,,,,,,,,,,none,none
7-scenes-redkitchen,14,46,0.28137037947709204,0.5312499999999979,0.4755,1,1,,,,,,,,,,,,,,,,,,,,,,,,,,,,,,,,,none,none
7-scenes-redkitchen,14,47,0.1993279239406606,0.2812499999999989,0.2075,1,1,,,,,,,,,,,,,,,,,,,,,,,,,,,,,,,,,none,none
7-scenes-redkitchen,14,52,0.16678960740922874,0.23046874999999908,0.1915,1,1,,,,,,,,,,,,,,,,,,,,,,,,,,,,,,,,,none,none
7-scenes-redkitchen,15,21,0.22513872985114067,0.0,0.0,1,0,,,,,,,,,,,,,,,,,,,,,,,,,,,,,,,,,none,none
7-scenes-redkitchen,15,24,0.26001937813793713,0.06640624999999974,0.082,1,0,,,,,,,,,,,,,,,,,,,,,,,,,,,,,,,,,none,none
7-scenes-redkitchen,15,28,0.447370739011715,0.1015624999999996,0.0965,1,0,,,,,,,,,,,,,,,,,,,,,,,,,,,,,,,,,none,none
7-scenes-redkitchen,15,29,0.22954285210957456,0.16015624999999936,0.121,1,0,,,,,,,,,,,,,,,,,,,,,,,,,,,,,,,,,none,none
7-scenes-redkitchen,15,35,0.3727649079538448,0.5390624999999979,0.448,1,1,,,,,,,,,,,,,,,,,,,,,,,,,,,,,,,,,none,none
7-scenes-redkitchen,15,40,0.3390293314542412,0.42187499999999833,0.32,1,1,,,,,,,,,,,,,,,,,,,,,,,,,,,,,,,,,none,none
7-scenes-redkitchen,15,41,0.19924249097154936,0.1523437499999994,0.1395,1,1,,,,,,,,,,,,,,,,,,,,,,,,,,,,,,,,,none,none
7-scenes-redkitchen,15,42,0.19545494582929623,0.33984374999999867,0.301,1,1,,,,,,,,,,,,,,,,,,,,,,,,,,,,,,,,,none,none
7-scenes-redkitchen,15,43,0.16515458469127103,0.253906249999999,0.203,1,1,,,,,,,,,,,,,,,,,,,,,,,,,,,,,,,,,none,none
7-scenes-redkitchen,15,44,0.19598344050030828,0.36718749999999856,0.3325,1,1,,,,,,,,,,,,,,,,,,,,,,,,,,,,,,,,,none,none
7-scenes-redkitchen,15,45,0.24733550603364748,0.4765624999999981,0.429,1,1,,,,,,,,,,,,,,,,,,,,,,,,,,,,,,,,,none,none
7-scenes-redkitchen,15,46,0.2926979652955166,0.511718749999998,0.4815,1,1,,,,,,,,,,,,,,,,,,,,,,,,,,,,,,,,,none,none
7-scenes-redkitchen,15,47,0.35382718224257903,0.48437499999999806,0.5075,1,1,,,,,,,,,,,,,,,,,,,,,,,,,,,,,,,,,none,none
7-scenes-redkitchen,15,48,0.3488064828679644,0.5507812499999978,0.591,1,1,,,,,,,,,,,,,,,,,,,,,,,,,,,,,,,,,none,none
7-scenes-redkitchen,15,49,0.2920813881793359,0.48828124999999806,0.586,1,1,,,,,,,,,,,,,,,,,,,,,,,,,,,,,,,,,none,none
7-scenes-redkitchen,15,50,0.3484541530872897,0.5429687499999978,0.5745,1,1,,,,,,,,,,,,,,,,,,,,,,,,,,,,,,,,,none,none
7-scenes-redkitchen,15,51,0.25508676120849116,0.4023437499999984,0.298,1,1,,,,,,,,,,,,,,,,,,,,,,,,,,,,,,,,,none,none
7-scenes-redkitchen,15,52,0.3781379371091341,0.6171874999999976,0.683,1,1,,,,,,,,,,,,,,,,,,,,,,,,,,,,,,,,,none,none
7-scenes-redkitchen,15,53,0.34422619571919316,0.6210937499999976,0.5585,1,1,,,,,,,,,,,,,,,,,,,,,,,,,,,,,,,,,none,none
7-scenes-redkitchen,15,54,0.3427287941513256,0.499999999999998,0.446,1,1,,,,,,,,,,,,,,,,,,,,,,,,,,,,,,,,,none,none
7-scenes-redkitchen,15,55,0.2091077248304413,0.019531249999999924,0.012,1,0,,,,,,,,,,,,,,,,,,,,,,,,,,,,,,,,,none,none
7-scenes-redkitchen,15,56,0.14357438562494496,0.03906249999999985,0.0805,1,0,,,,,,,,,,,,,,,,,,,,,,,,,,,,,,,,,none,none
7-scenes-redkitchen,15,57,0.1685017176076808,0.19140624999999922,0.2405,1,1,,,,,,,,,,,,,,,,,,,,,,,,,,,,,,,,,none,none
7-scenes-redkitchen,15,58,0.2915528935083238,0.499999999999998,0.4235,1,1,,,,,,,,,,,,,,,,,,,,,,,,,,,,,,,,,none,none
7-scenes-redkitchen,16,27,0.2823422879565349,0.1718749999999993,0.1245,1,0,,,,,,,,,,,,,,,,,,,,,,,,,,,,,,,,,none,none
7-scenes-redkitchen,16,34,0.1959553274977362,0.5898437499999977,0.4705,1,1,,,,,,,,,,,,,,,,,,,,,,,,,,,,,,,,,none,none
7-scenes-redkitchen,16,48,0.27829761545427106,0.5546874999999978,0.302,1,1,,,,,,,,,,,,,,,,,,,,,,,,,,,,,,,,,none,none
7-scenes-redkitchen,16,49,0.3767582251735587,0.6171874999999976,0.38,1,1,,,,,,,,,,,,,,,,,,,,,,,,,,,,,,,,,none,none
7-scenes-redkitchen,16,50,0.2705704799275581,0.48046874999999806,0.351,1,1,,,,,,,,,,,,,,,,,,,,,,,,,,,,,,,,,none,none
7-scenes-redkitchen,16,52,0.33528523996377907,0.6640624999999973,0.411,1,1,,,,,,,,,,,,,,,,,,,,,,,,,,,,,,,,,none,none
7-scenes-redkitchen,16,57,0.32924841533353455,0.7304687499999971,0.691,1,1,,,,,,,,,,,,,,,,,,,,,,,,,,,,,,,,,none,none
7-scenes-redkitchen,17,26,0.38516704565331467,0.8320312499999967,0.6745,1,1,,,,,,,,,,,,,,,,,,,,,,,,,,,,,,,,,none,none
7-scenes-redkitchen,17,48,0.23093405632324646,0.5898437499999977,0.2445,1,1,,,,,,,,,,,,,,,,,,,,,,,,,,,,,,,,,none,none
7-scenes-redkitchen,17,49,0.30597341262900124,0.6249999999999976,0.3375,1,1,,,,,,,,,,,,,,,,,,,,,,,,,,,,,,,,,none,none
7-scenes-redkitchen,17,50,0.21917089382543292,0.511718749999998,0.2675,1,1,,,,,,,,,,,,,,,,,,,,,,,,,,,,,,,,,none,none
7-scenes-redkitchen,17,52,0.259664159524226,0.5585937499999978,0.3005,1,1,,,,,,,,,,,,,,,,,,,,,,,,,,,,,,,,,none,none
7-scenes-redkitchen,17,56,0.45482770683925133,0.8046874999999968,0.609,1,1,,,,,,,,,,,,,,,,,,,,,,,,,,,,,,,,,none,none
7-scenes-redkitchen,17,57,0.33103026062620255,0.6718749999999973,0.557,1,1,,,,,,,,,,,,,,,,,,,,,,,,,,,,,,,,,none,none
7-scenes-redkitchen,18,22,0.4349224214165126,0.8789062499999964,0.7655,1,1,,,,,,,,,,,,,,,,,,,,,,,,,,,,,,,,,none,none
7-scenes-redkitchen,18,27,0.22216416110619824,0.08984374999999964,0.1285,1,0,,,,,,,,,,,,,,,,,,,,,,,,,,,,,,,,,none,none
7-scenes-redkitchen,18,46,0.1419326312404534,0.3203124999999987,0.272,1,1,,,,,,,,,,,,,,,,,,,,,,,,,,,,,,,,,none,none
7-scenes-redkitchen,18,47,0.21846611463944046,0.1757812499999993,0.1755,1,1,,,,,,,,,,,,,,,,,,,,,,,,,,,,,,,,,none,none
7-scenes-redkitchen,18,48,0.31332904574322695,0.7734374999999969,0.5755,1,1,,,,,,,,,,,,,,,,,,,,,,,,,,,,,,,,,none,none
7-scenes-redkitchen,18,49,0.3892595867835035,0.8632812499999966,0.6465,1,1,,,,,,,,,,,,,,,,,,,,,,,,,,,,,,,,,none,none
7-scenes-redkitchen,18,50,0.2858348741860278,0.6914062499999972,0.573,1,1,,,,,,,,,,,,,,,,,,,,,,,,,,,,,,,,,none,none
7-scenes-redkitchen,18,52,0.32482514671597396,0.7812499999999969,0.6645,1,1,,,,,,,,,,,,,,,,,,,,,,,,,,,,,,,,,none,none
7-scenes-redkitchen,18,56,0.35794678028780447,0.742187499999997,0.599,1,1,,,,,,,,,,,,,,,,,,,,,,,,,,,,,,,,,none,none
7-scenes-redkitchen,18,57,0.2525926521424552,0.749999999999997,0.7035,1,1,,,,,,,,,,,,,,,,,,,,,,,,,,,,,,,,,none,none
7-scenes-redkitchen,18,58,0.4054586381541925,0.8398437499999967,0.7805,1,1,,,,,,,,,,,,,,,,,,,,,,,,,,,,,,,,,none,none
7-scenes-redkitchen,19,22,0.25997045790251105,0.5156249999999979,0.478,1,0,,,,,,,,,,,,,,,,,,,,,,,,,,,,,,,,,none,none
7-scenes-redkitchen,19,23,0.2431110884734885,0.46484374999999817,0.5205,1,1,,,,,,,,,,,,,,,,,,,,,,,,,,,,,,,,,none,none
7-scenes-redkitchen,19,27,0.34141496460041765,0.1249999999999995,0.163,1,0,,,,,,,,,,,,,,,,,,,,,,,,,,,,,,,,,none,none
7-scenes-redkitchen,19,34,0.18331380838384354,0.6367187499999974,0.6135,1,1,,,,,,,,,,,,,,,,,,,,,,,,,,,,,,,,,none,none
7-scenes-redkitchen,19,45,0.15611470483369835,0.33203124999999867,0.346,1,1,,,,,,,,,,,,,,,,,,,,,,,,,,,,,,,,,none,none
7-scenes-redkitchen,19,46,0.21861152141802068,0.6249999999999976,0.5895,1,1,,,,,,,,,,,,,,,,,,,,,,,,,,,,,,,,,none,none
7-scenes-redkitchen,19,47,0.2983751846381093,0.6484374999999974,0.576,1,1,,,,,,,,,,,,,,,,,,,,,,,,,,,,,,,,,none,none
7-scenes-redkitchen,19,48,0.4091580502215657,0.761718749999997,0.7,1,1,,,,,,,,,,,,,,,,,,,,,,,,,,,,,,,,,none,none
7-scenes-redkitchen,19,50,0.35379208475525903,0.7148437499999971,0.678,1,1,,,,,,,,,,,,,,,,,,,,,,,,,,,,,,,,,none,none
7-scenes-redkitchen,19,51,0.19039372485101613,0.5390624999999979,0.4895,1,1,,,,,,,,,,,,,,,,,,,,,,,,,,,,,,,,,none,none
7-scenes-redkitchen,19,52,0.40426832374064076,0.749999999999997,0.7125,1,1,,,,,,,,,,,,,,,,,,,,,,,,,,,,,,,,,none,none
7-scenes-redkitchen,19,55,0.40910711557072277,0.7109374999999971,0.571,1,1,,,,,,,,,,,,,,,,,,,,,,,,,,,,,,,,,none,none
7-scenes-redkitchen,19,56,0.2554372739774869,0.6718749999999973,0.5555,1,1,,,,,,,,,,,,,,,,,,,,,,,,,,,,,,,,,none,none
7-scenes-redkitchen,19,57,0.17378902867620843,0.7109374999999971,0.6295,1,1,,,,,,,,,,,,,,,,,,,,,,,,,,,,,,,,,none,none
7-scenes-redkitchen,19,58,0.36453929608312535,0.7734374999999969,0.704,1,1,,,,,,,,,,,,,,,,,,,,,,,,,,,,,,,,,none,none
7-scenes-redkitchen,20,22,0.35030215131737974,0.8437499999999967,0.82,1,1,,,,,,,,,,,,,,,,,,,,,,,,,,,,,,,,,none,none
7-scenes-redkitchen,20,23,0.2718394972202079,0.6757812499999973,0.6135,1,1,,,,,,,,,,,,,,,,,,,,,,,,,,,,,,,,,none,none
7-scenes-redkitchen,20,24,0.4661832245588591,0.6992187499999972,0.587,1,1,,,,,,,,,,,,,,,,,,,,,,,,,,,,,,,,,none,none
7-scenes-redkitchen,20,27,0.24065748126661832,0.0507812499999998,0.0495,1,0,,,,,,,,,,,,,,,,,,,,,,,,,,,,,,,,,none,none
7-scenes-redkitchen,20,34,0.275223591974861,0.7031249999999972,0.5735,1,1,,,,,,,,,,,,,,,,,,,,,,,,,,,,,,,,,none,none
7-scenes-redkitchen,20,38,0.3439207154943196,0.8749999999999966,0.8285,1,1,,,,,,,,,,,,,,,,,,,,,,,,,,,,,,,,,none,none
7-scenes-redkitchen,20,47,0.23529127386995408,0.09765624999999961,0.069,1,0,,,,,,,,,,,,,,,,,,,,,,,,,,,,,,,,,none,none
7-scenes-redkitchen,20,48,0.2951897510273145,0.3203124999999987,0.1895,1,1,,,,,,,,,,,,,,,,,,,,,,,,,,,,,,,,,none,none
7-scenes-redkitchen,20,49,0.32622673434856175,0.20703124999999917,0.1485,1,1,,,,,,,,,,,,,,,,,,,,,,,,,,,,,,,,,none,none
7-scenes-redkitchen,20,50,0.2840705825477399,0.4296874999999983,0.303,1,1,,,,,,,,,,,,,,,,,,,,,,,,,,,,,,,,,none,none
7-scenes-redkitchen,20,52,0.3333816775441141,0.253906249999999,0.2215,1,1,,,,,,,,,,,,,,,,,,,,,,,,,,,,,,,,,none,none
7-scenes-redkitchen,20,53,0.43959390862944164,0.5234374999999979,0.58,1,1,,,,,,,,,,,,,,,,,,,,,,,,,,,,,,,,,none,none
7-scenes-redkitchen,20,55,0.4090887116267827,0.8242187499999967,0.7505,1,1,,,,,,,,,,,,,,,,,,,,,,,,,,,,,,,,,none,none
7-scenes-redkitchen,20,56,0.3094029489968576,0.6484374999999974,0.5885,1,1,,,,,,,,,,,,,,,,,,,,,,,,,,,,,,,,,none,none
7-scenes-redkitchen,20,57,0.30423011844331643,0.8046874999999968,0.747,1,1,,,,,,,,,,,,,,,,,,,,,,,,,,,,,,,,,none,none
7-scenes-redkitchen,20,58,0.3404882765288857,0.8593749999999966,0.8165,1,1,,,,,,,,,,,,,,,,,,,,,,,,,,,,,,,,,none,none
7-scenes-redkitchen,20,59,0.31689630166787525,0.8203124999999967,0.763,1,1,,,,,,,,,,,,,,,,,,,,,,,,,,,,,,,,,none,none
7-scenes-redkitchen,21,25,0.42885898093696967,0.14843749999999942,0.138,1,0,,,,,,,,,,,,,,,,,,,,,,,,,,,,,,,,,none,none
7-scenes-redkitchen,21,26,0.2774598413387536,0.015624999999999938,0.0145,1,0,,,,,,,,,,,,,,,,,,,,,,,,,,,,,,,,,none,none
7-scenes-redkitchen,21,34,0.17247503650787385,0.21484374999999914,0.227,1,1,,,,,,,,,,,,,,,,,,,,,,,,,,,,,,,,,none,none
7-scenes-redkitchen,21,36,0.4143347673363066,0.2773437499999989,0.204,1,0,,,,,,,,,,,,,,,,,,,,,,,,,,,,,,,,,none,none
7-scenes-redkitchen,21,37,0.30208785570509533,0.1015624999999996,0.125,1,0,,,,,,,,,,,,,,,,,,,,,,,,,,,,,,,,,none,none
7-scenes-redkitchen,21,38,0.258594150846588,0.6718749999999973,0.6765,1,1,,,,,,,,,,,,,,,,,,,,,,,,,,,,,,,,,none,none
7-scenes-redkitchen,21,49,0.20641749220507558,0.14453124999999942,0.018,1,0,,,,,,,,,,,,,,,,,,,,,,,,,,,,,,,,,none,none
7-scenes-redkitchen,21,52,0.17689544934285828,0.06640624999999974,0.039,1,0,,,,,,,,,,,,,,,,,,,,,,,,,,,,,,,,,none,none
7-scenes-redkitchen,21,53,0.2930891581481628,0.17968749999999928,0.139,1,1,,,,,,,,,,,,,,,,,,,,,,,,,,,,,,,,,none,none
7-scenes-redkitchen,21,56,0.2942337293286498,0.6601562499999973,0.5705,1,1,,,,,,,,,,,,,,,,,,,,,,,,,,,,,,,,,none,none
7-scenes-redkitchen,21,57,0.24114930733709594,0.7070312499999972,0.545,1,1,,,,,,,,,,,,,,,,,,,,,,,,,,,,,,,,,none,none
7-scenes-redkitchen,21,58,0.33066266724553023,0.7226562499999971,0.7055,1,1,,,,,,,,,,,,,,,,,,,,,,,,,,,,,,,,,none,none
7-scenes-redkitchen,21,59,0.2884714054544737,0.5390624999999979,0.5035,1,1,,,,,,,,,,,,,,,,,,,,,,,,,,,,,,,,,none,none
7-scenes-redkitchen,22,25,0.23477053731830802,0.08984374999999964,0.0965,1,0,,,,,,,,,,,,,,,,,,,,,,,,,,,,,,,,,none,none
7-scenes-redkitchen,22,37,0.24240568348848604,0.11328124999999954,0.0205,1,0,,,,,,,,,,,,,,,,,,,,,,,,,,,,,,,,,none,none
7-scenes-redkitchen,22,38,0.13326800587947085,0.011718749999999953,0.007,1,0,,,,,,,,,,,,,,,,,,,,,,,,,,,,,,,,,none,none
7-scenes-redkitchen,22,39,0.19385921933692635,0.48046874999999806,0.3045,1,1,,,,,,,,,,,,,,,,,,,,,,,,,,,,,,,,,none,none
7-scenes-redkitchen,22,53,0.20949697860525887,0.4257812499999983,0.187,1,0,,,,,,,,,,,,,,,,,,,,,,,,,,,,,,,,,none,none
7-scenes-redkitchen,22,56,0.4125837008002613,0.6132812499999976,0.279,1,1,,,,,,,,,,,,,,,,,,,,,,,,,,,,,,,,,none,none
7-scenes-redkitchen,22,57,0.2298709782786216,0.1249999999999995,0.0785,1,0,,,,,,,,,,,,,,,,,,,,,,,,,,,,,,,,,none,none
7-scenes-redkitchen,22,58,0.3294953454189123,0.1757812499999993,0.147,1,0,,,,,,,,,,,,,,,,,,,,,,,,,,,,,,,,,none,none
7-scenes-redkitchen,22,59,0.3165115139637433,0.511718749999998,0.3305,1,1,,,,,,,,,,,,,,,,,,,,,,,,,,,,,,,,,none,none
7-scenes-redkitchen,23,25,0.25230073952341825,0.19140624999999922,0.171,1,0,,,,,,,,,,,,,,,,,,,,,,,,,,,,,,,,,none,none
7-scenes-redkitchen,23,37,0.2843878389482334,0.41796874999999833,0.122,1,1,,,,,,,,,,,,,,,,,,,,,,,,,,,,,,,,,none,none
7-scenes-redkitchen,23,38,0.15497124075595728,0.058593749999999764,0.0005,1,0,,,,,,,,,,,,,,,,,,,,,,,,,,,,,,,,,none,none
7-scenes-redkitchen,23,39,0.18442892358258012,0.28906249999999883,0.1435,1,0,,,,,,,,,,,,,,,,,,,,,,,,,,,,,,,,,none,none
7-scenes-redkitchen,23,53,0.21910435497124076,0.4765624999999981,0.3055,1,1,,,,,,,,,,,,,,,,,,,,,,,,,,,,,,,,,none,none
7-scenes-redkitchen,23,56,0.4611750205423172,0.6015624999999976,0.245,1,1,,,,,,,,,,,,,,,,,,,,,,,,,,,,,,,,,none,none
7-scenes-redkitchen,23,57,0.25369761709120786,0.07031249999999972,0.014,1,0,,,,,,,,,,,,,,,,,,,,,,,,,,,,,,,,,none,none
7-scenes-redkitchen,23,58,0.3475760065735415,0.48046874999999806,0.346,1,1,,,,,,,,,,,,,,,,,,,,,,,,,,,,,,,,,none,none
7-scenes-redkitchen,23,59,0.35102711585866886,0.6914062499999972,0.524,1,1,,,,,,,,,,,,,,,,,,,,,,,,,,,,,,,,,none,none
7-scenes-redkitchen,24,38,0.3345980126467931,0.738281249999997,0.624,1,1,,,,,,,,,,,,,,,,,,,,,,,,,,,,,,,,,none,none
7-scenes-redkitchen,24,39,0.43766937669376693,0.8945312499999964,0.7515,1,1,,,,,,,,,,,,,,,,,,,,,,,,,,,,,,,,,none,none
7-scenes-redkitchen,24,48,0.1516260162601626,0.031249999999999875,0.009,1,0,,,,,,,,,,,,,,,,,,,,,,,,,,,,,,,,,none,none
7-scenes-redkitchen,24,49,0.22122854561878952,0.17968749999999928,0.074,1,0,,,,,,,,,,,,,,,,,,,,,,,,,,,,,,,,,none,none
7-scenes-redkitchen,24,52,0.18577235772357722,0.011718749999999953,0.0,1,0,,,,,,,,,,,,,,,,,,,,,,,,,,,,,,,,,none,none
7-scenes-redkitchen,24,56,0.4911924119241192,0.6601562499999973,0.277,1,1,,,,,,,,,,,,,,,,,,,,,,,,,,,,,,,,,none,none
7-scenes-redkitchen,24,57,0.3484643179765131,0.503906249999998,0.2505,1,1,,,,,,,,,,,,,,,,,,,,,,,,,,,,,,,,,none,none
7-scenes-redkitchen,25,27,0.38533894089449644,0.7656249999999969,0.5715,1,1,,,,,,,,,,,,,,,,,,,,,,,,,,,,,,,,,none,none
7-scenes-redkitchen,25,34,0.16298105186994075,0.49218749999999806,0.398,1,1,,,,,,,,,,,,,,,,,,,,,,,,,,,,,,,,,none,none
7-scenes-redkitchen,25,46,0.16831727942839053,0.5351562499999979,0.5125,1,1,,,,,,,,,,,,,,,,,,,,,,,,,,,,,,,,,none,none
7-scenes-redkitchen,25,47,0.21213765658210101,0.5429687499999978,0.495,1,1,,,,,,,,,,,,,,,,,,,,,,,,,,,,,,,,,none,none
7-scenes-redkitchen,25,48,0.26767060100393436,0.5781249999999977,0.5045,1,1,,,,,,,,,,,,,,,,,,,,,,,,,,,,,,,,,none,none
7-scenes-redkitchen,25,49,0.31804820693709585,0.503906249999998,0.4655,1,1,,,,,,,,,,,,,,,,,,,,,,,,,,,,,,,,,none,none
7-scenes-redkitchen,25,50,0.26075159408492743,0.5468749999999978,0.486,1,1,,,,,,,,,,,,,,,,,,,,,,,,,,,,,,,,,none,none
7-scenes-redkitchen,25,52,0.30475286030841586,0.5664062499999978,0.5635,1,1,,,,,,,,,,,,,,,,,,,,,,,,,,,,,,,,,none,none
7-scenes-redkitchen,25,56,0.35264324153213045,0.6249999999999976,0.383,1,1,,,,,,,,,,,,,,,,,,,,,,,,,,,,,,,,,none,none
7-scenes-redkitchen,25,57,0.3308913308913309,0.6484374999999974,0.5295,1,1,,,,,,,,,,,,,,,,,,,,,,,,,,,,,,,,,none,none
7-scenes-redkitchen,26,28,0.37877337973031755,0.45312499999999817,0.278,1,1,,,,,,,,,,,,,,,,,,,,,,,,,,,,,,,,,none,none
7-scenes-redkitchen,26,29,0.22501087429317093,0.39453124999999845,0.2465,1,1,,,,,,,,,,,,,,,,,,,,,,,,,,,,,,,,,none,none
7-scenes-redkitchen,26,30,0.1037407568508047,0.18749999999999925,0.115,1,0,,,,,,,,,,,,,,,,,,,,,,,,,,,,,,,,,none,none
7-scenes-redkitchen,26,34,0.19173553719008266,0.4257812499999983,0.2835,1,1,,,,,,,,,,,,,,,,,,,,,,,,,,,,,,,,,none,none
7-scenes-redkitchen,26,35,0.330622009569378,0.7890624999999969,0.6485,1,1,,,,,,,,,,,,,,,,,,,,,,,,,,,,,,,,,none,none
7-scenes-redkitchen,26,40,0.31222270552414094,0.2226562499999991,0.12,1,0,,,,,,,,,,,,,,,,,,,,,,,,,,,,,,,,,none,none
7-scenes-redkitchen,26,41,0.24449760765550238,0.48046874999999806,0.273,1,1,,,,,,,,,,,,,,,,,,,,,,,,,,,,,,,,,none,none
7-scenes-redkitchen,26,42,0.22675076120052196,0.1562499999999994,0.1595,1,0,,,,,,,,,,,,,,,,,,,,,,,,,,,,,,,,,none,none
7-scenes-redkitchen,26,43,0.19547629404088734,0.5312499999999979,0.431,1,1,,,,,,,,,,,,,,,,,,,,,,,,,,,,,,,,,none,none
7-scenes-redkitchen,26,44,0.198260113092649,0.11328124999999954,0.102,1,0,,,,,,,,,,,,,,,,,,,,,,,,,,,,,,,,,none,none
7-scenes-redkitchen,26,45,0.21074380165289255,0.33203124999999867,0.3415,1,1,,,,,,,,,,,,,,,,,,,,,,,,,,,,,,,,,none,none
7-scenes-redkitchen,26,46,0.22057416267942584,0.6171874999999976,0.584,1,1,,,,,,,,,,,,,,,,,,,,,,,,,,,,,,,,,none,none
7-scenes-redkitchen,26,47,0.2133536320139191,0.6171874999999976,0.524,1,1,,,,,,,,,,,,,,,,,,,,,,,,,,,,,,,,,none,none
7-scenes-redkitchen,26,48,0.19243149195302306,0.6796874999999973,0.6195,1,1,,,,,,,,,,,,,,,,,,,,,,,,,,,,,,,,,none,none
7-scenes-redkitchen,26,49,0.18851674641148325,0.4765624999999981,0.502,1,1,,,,,,,,,,,,,,,,,,,,,,,,,,,,,,,,,none,none
7-scenes-redkitchen,26,50,0.20878642888212265,0.6249999999999976,0.5855,1,1,,,,,,,,,,,,,,,,,,,,,,,,,,,,,,,,,none,none
7-scenes-redkitchen,26,51,0.15576337538060026,0.13281249999999947,0.086,1,1,,,,,,,,,,,,,,,,,,,,,,,,,,,,,,,,,none,none
7-scenes-redkitchen,26,52,0.23675511091779033,0.6562499999999973,0.6225,1,1,,,,,,,,,,,,,,,,,,,,,,,,,,,,,,,,,none,none
7-scenes-redkitchen,26,53,0.23679860809047412,0.757812499999997,0.6585,1,1,,,,,,,,,,,,,,,,,,,,,,,,,,,,,,,,,none,none
7-scenes-redkitchen,26,54,0.3076555023923445,0.8203124999999967,0.6965,1,1,,,,,,,,,,,,,,,,,,,,,,,,,,,,,,,,,none,none
7-scenes-redkitchen,26,55,0.2622444541104828,0.5898437499999977,0.473,1,1,,,,,,,,,,,,,,,,,,,,,,,,,,,,,,,,,none,none
7-scenes-redkitchen,26,56,0.21509351892127013,0.38671874999999845,0.299,1,1,,,,,,,,,,,,,,,,,,,,,,,,,,,,,,,,,none,none
7-scenes-redkitchen,26,57,0.2511961722488038,0.5234374999999979,0.428,1,1,,,,,,,,,,,,,,,,,,,,,,,,,,,,,,,,,none,none
7-scenes-redkitchen,26,58,0.2934319269247499,0.6835937499999972,0.6135,1,1,,,,,,,,,,,,,,,,,,,,,,,,,,,,,,,,,none,none
7-scenes-redkitchen,26,59,0.38086124401913873,0.738281249999997,0.572,1,1,,,,,,,,,,,,,,,,,,,,,,,,,,,,,,,,,none,none
7-scenes-redkitchen,27,30,0.4168385857579853,0.8281249999999967,0.7055,1,1,,,,,,,,,,,,,,,,,,,,,,,,,,,,,,,,,none,none
7-scenes-redkitchen,27,31,0.3135092836309312,0.7343749999999971,0.5295,1,1,,,,,,,,,,,,,,,,,,,,,,,,,,,,,,,,,none,none
7-scenes-redkitchen,27,32,0.228711673899125,0.5546874999999978,0.335,1,1,,,,,,,,,,,,,,,,,,,,,,,,,,,,,,,,,none,none
7-scenes-redkitchen,27,36,0.22647079746745394,0.21874999999999914,0.227,1,1,,,,,,,,,,,,,,,,,,,,,,,,,,,,,,,,,none,none
7-scenes-redkitchen,27,37,0.34936330653766806,0.7226562499999971,0.6005,1,1,,,,,,,,,,,,,,,,,,,,,,,,,,,,,,,,,none,none
7-scenes-redkitchen,27,38,0.32834175144056343,0.6718749999999973,0.623,1,1,,,,,,,,,,,,,,,,,,,,,,,,,,,,,,,,,none,none
7-scenes-redkitchen,27,39,0.27868677527210645,0.6289062499999974,0.6475,1,1,,,,,,,,,,,,,,,,,,,,,,,,,,,,,,,,,none,none
7-scenes-redkitchen,27,41,0.4963719143487231,0.7851562499999969,0.647,1,1,,,,,,,,,,,,,,,,,,,,,,,,,,,,,,,,,none,none
7-scenes-redkitchen,27,42,0.3772497687984634,0.6171874999999976,0.5265,1,1,,,,,,,,,,,,,,,,,,,,,,,,,,,,,,,,,none,none
7-scenes-redkitchen,27,43,0.3159991463327879,0.6367187499999974,0.556,1,1,,,,,,,,,,,,,,,,,,,,,,,,,,,,,,,,,none,none
7-scenes-redkitchen,27,44,0.24838158924379314,0.3046874999999988,0.3565,1,1,,,,,,,,,,,,,,,,,,,,,,,,,,,,,,,,,none,none
7-scenes-redkitchen,27,45,0.18368072846268763,0.1992187499999992,0.205,1,1,,,,,,,,,,,,,,,,,,,,,,,,,,,,,,,,,none,none
7-scenes-redkitchen,27,59,0.2374973322899623,0.09374999999999963,0.074,1,0,,,,,,,,,,,,,,,,,,,,,,,,,,,,,,,,,none,none
7-scenes-redkitchen,28,32,0.3255245268254512,0.6953124999999972,0.4625,1,1,,,,,,,,,,,,,,,,,,,,,,,,,,,,,,,,,none,none
7-scenes-redkitchen,28,37,0.2169022350467061,0.3203124999999987,0.2965,1,1,,,,,,,,,,,,,,,,,,,,,,,,,,,,,,,,,none,none
7-scenes-redkitchen,28,38,0.22736831809067345,0.45703124999999817,0.4005,1,1,,,,,,,,,,,,,,,,,,,,,,,,,,,,,,,,,none,none
7-scenes-redkitchen,28,43,0.35266787303760944,0.8164062499999968,0.7615,1,1,,,,,,,,,,,,,,,,,,,,,,,,,,,,,,,,,none,none
7-scenes-redkitchen,28,44,0.26458649190590305,0.749999999999997,0.713,1,1,,,,,,,,,,,,,,,,,,,,,,,,,,,,,,,,,none,none
7-scenes-redkitchen,28,45,0.16755514256370127,0.45703124999999817,0.4745,1,1,,,,,,,,,,,,,,,,,,,,,,,,,,,,,,,,,none,none
7-scenes-redkitchen,29,32,0.31026221216557964,0.45312499999999817,0.276,1,1,,,,,,,,,,,,,,,,,,,,,,,,,,,,,,,,,none,none
7-scenes-redkitchen,29,44,0.3717556235857846,0.8515624999999966,0.816,1,1,,,,,,,,,,,,,,,,,,,,,,,,,,,,,,,,,none,none
7-scenes-redkitchen,29,45,0.2235458538533209,0.5937499999999977,0.658,1,1,,,,,,,,,,,,,,,,,,,,,,,,,,,,,,,,,none,none
7-scenes-redkitchen,30,33,0.1372353899041071,0.16796874999999933,0.0895,1,1,,,,,,,,,,,,,,,,,,,,,,,,,,,,,,,,,none,none
7-scenes-redkitchen,30,44,0.313461190519269,0.5937499999999977,0.5975,1,1,,,,,,,,,,,,,,,,,,,,,,,,,,,,,,,,,none,none
7-scenes-redkitchen,31,40,0.447359708657507,0.6249999999999976,0.5185,1,1,,,,,,,,,,,,,,,,,,,,,,,,,,,,,,,,,none,none
7-scenes-redkitchen,31,41,0.3539149147492137,0.38281249999999845,0.32,1,1,,,,,,,,,,,,,,,,,,,,,,,,,,,,,,,,,none,none
7-scenes-redkitchen,31,42,0.2577387849693759,0.5507812499999978,0.4155,1,1,,,,,,,,,,,,,,,,,,,,,,,,,,,,,,,,,none,none
7-scenes-redkitchen,31,43,0.18912431716603212,0.33203124999999867,0.323,1,1,,,,,,,,,,,,,,,,,,,,,,,,,,,,,,,,,none,none
7-scenes-redkitchen,32,34,0.22709481008988114,0.5976562499999976,0.603,1,1,,,,,,,,,,,,,,,,,,,,,,,,,,,,,,,,,none,none
7-scenes-redkitchen,32,38,0.21585966946941143,0.511718749999998,0.5415,1,1,,,,,,,,,,,,,,,,,,,,,,,,,,,,,,,,,none,none
7-scenes-redkitchen,32,39,0.2073789504204117,0.46093749999999817,0.5045,1,1,,,,,,,,,,,,,,,,,,,,,,,,,,,,,,,,,none,none
7-scenes-redkitchen,32,40,0.21622209336039433,0.5546874999999978,0.405,1,1,,,,,,,,,,,,,,,,,,,,,,,,,,,,,,,,,none,none
7-scenes-redkitchen,33,37,0.16158076016677744,0.12890624999999947,0.1065,1,0,,,,,,,,,,,,,,,,,,,,,,,,,,,,,,,,,none,none
7-scenes-redkitchen,33,38,0.24968276028763067,0.4257812499999983,0.299,1,1,,,,,,,,,,,,,,,,,,,,,,,,,,,,,,,,,none,none
7-scenes-redkitchen,33,39,0.2550003021330594,0.2812499999999989,0.2125,1,1,,,,,,,,,,,,,,,,,,,,,,,,,,,,,,,,,none,none
7-scenes-redkitchen,33,56,0.13450963804459484,0.10546874999999958,0.027,1,0,,,,,,,,,,,,,,,,,,,,,,,,,,,,,,,,,none,none
7-scenes-redkitchen,33,57,0.13747054202670855,0.09765624999999961,0.0325,1,0,,,,,,,,,,,,,,,,,,,,,,,,,,,,,,,,,none,none
7-scenes-redkitchen,33,58,0.12441839386065623,0.031249999999999875,0.0075,1,0,,,,,,,,,,,,,,,,,,,,,,,,,,,,,,,,,none,none
7-scenes-redkitchen,34,35,0.3180386248459115,0.6562499999999973,0.6575,1,0,,,,,,,,,,,,,,,,,,,,,,,,,,,,,,,,,none,none
7-scenes-redkitchen,34,36,0.23441994247363374,0.503906249999998,0.482,1,1,,,,,,,,,,,,,,,,,,,,,,,,,,,,,,,,,none,none
7-scenes-redkitchen,34,37,0.26551157375701956,0.6054687499999976,0.5715,1,1,,,,,,,,,,,,,,,,,,,,,,,,,,,,,,,,,none,none
7-scenes-redkitchen,34,38,0.33474866456649777,0.8281249999999967,0.795,1,1,,,,,,,,,,,,,,,,,,,,,,,,,,,,,,,,,none,none
7-scenes-redkitchen,34,39,0.3642651691549103,0.8515624999999966,0.782,1,1,,,,,,,,,,,,,,,,,,,,,,,,,,,,,,,,,none,none
7-scenes-redkitchen,34,54,0.3035200657444186,0.6210937499999976,0.58,1,1,,,,,,,,,,,,,,,,,,,,,,,,,,,,,,,,,none,none
7-scenes-redkitchen,34,58,0.38652239419257634,0.7070312499999972,0.569,1,1,,,,,,,,,,,,,,,,,,,,,,,,,,,,,,,,,none,none
7-scenes-redkitchen,34,59,0.2434598000273935,0.5273437499999979,0.471,1,1,,,,,,,,,,,,,,,,,,,,,,,,,,,,,,,,,none,none
7-scenes-redkitchen,35,38,0.283311199645861,0.8046874999999968,0.7255,1,1,,,,,,,,,,,,,,,,,,,,,,,,,,,,,,,,,none,none
7-scenes-redkitchen,35,39,0.3582035494386092,0.8359374999999967,0.7625,1,1,,,,,,,,,,,,,,,,,,,,,,,,,,,,,,,,,none,none
7-scenes-redkitchen,35,48,0.1943740190752143,0.6640624999999973,0.551,1,1,,,,,,,,,,,,,,,,,,,,,,,,,,,,,,,,,none,none
7-scenes-redkitchen,35,49,0.25598615638456274,0.7343749999999971,0.5945,1,1,,,,,,,,,,,,,,,,,,,,,,,,,,,,,,,,,none,none
7-scenes-redkitchen,35,50,0.1804096744335788,0.5781249999999977,0.4875,1,1,,,,,,,,,,,,,,,,,,,,,,,,,,,,,,,,,none,none
7-scenes-redkitchen,35,52,0.213207774960763,0.6874999999999972,0.5695,1,1,,,,,,,,,,,,,,,,,,,,,,,,,,,,,,,,,none,none
7-scenes-redkitchen,36,47,0.16692028561395295,0.49218749999999806,0.316,1,1,,,,,,,,,,,,,,,,,,,,,,,,,,,,,,,,,none,none
7-scenes-redkitchen,36,48,0.23582660267665534,0.6328124999999974,0.455,1,1,,,,,,,,,,,,,,,,,,,,,,,,,,,,,,,,,none,none
7-scenes-redkitchen,36,49,0.28889149010886106,0.6835937499999972,0.5385,1,1,,,,,,,,,,,,,,,,,,,,,,,,,,,,,,,,,none,none
7-scenes-redkitchen,36,50,0.22474540559522416,0.6093749999999976,0.502,1,1,,,,,,,,,,,,,,,,,,,,,,,,,,,,,,,,,none,none
7-scenes-redkitchen,36,52,0.26391977837605834,0.7070312499999972,0.558,1,1,,,,,,,,,,,,,,,,,,,,,,,,,,,,,,,,,none,none
7-scenes-redkitchen,37,47,0.16787172507655665,0.5351562499999979,0.4405,1,1,,,,,,,,,,,,,,,,,,,,,,,,,,,,,,,,,none,none
7-scenes-redkitchen,37,48,0.23881422252466825,0.7265624999999971,0.586,1,1,,,,,,,,,,,,,,,,,,,,,,,,,,,,,,,,,none,none
7-scenes-redkitchen,37,49,0.2850034025178632,0.7734374999999969,0.663,1,1,,,,,,,,,,,,,,,,,,,,,,,,,,,,,,,,,none,none
7-scenes-redkitchen,37,50,0.23579448792106159,0.6601562499999973,0.593,1,1,,,,,,,,,,,,,,,,,,,,,,,,,,,,,,,,,none,none
7-scenes-redkitchen,37,52,0.2699472609731201,0.757812499999997,0.6815,1,1,,,,,,,,,,,,,,,,,,,,,,,,,,,,,,,,,none,none
7-scenes-redkitchen,38,49,0.19964209819930656,0.19531249999999922,0.1625,1,0,,,,,,,,,,,,,,,,,,,,,,,,,,,,,,,,,none,none
7-scenes-redkitchen,38,52,0.1942176490325467,0.4062499999999984,0.353,1,1,,,,,,,,,,,,,,,,,,,,,,,,,,,,,,,,,none,none
7-scenes-redkitchen,38,53,0.34291466278939714,0.6992187499999972,0.5465,1,1,,,,,,,,,,,,,,,,,,,,,,,,,,,,,,,,,none,none
7-scenes-redkitchen,38,57,0.35851694441337656,0.753906249999997,0.7015,1,1,,,,,,,,,,,,,,,,,,,,,,,,,,,,,,,,,none,none
7-scenes-redkitchen,39,47,0.20443438914027148,0.41406249999999833,0.321,1,1,,,,,,,,,,,,,,,,,,,,,,,,,,,,,,,,,none,none
7-scenes-redkitchen,39,48,0.2921266968325792,0.26562499999999895,0.2045,1,1,,,,,,,,,,,,,,,,,,,,,,,,,,,,,,,,,none,none
7-scenes-redkitchen,39,49,0.31963800904977374,0.2031249999999992,0.2235,1,1,,,,,,,,,,,,,,,,,,,,,,,,,,,,,,,,,none,none
7-scenes-redkitchen,39,50,0.26805429864253394,0.41406249999999833,0.4025,1,1,,,,,,,,,,,,,,,,,,,,,,,,,,,,,,,,,none,none
7-scenes-redkitchen,39,52,0.31918552036199094,0.6171874999999976,0.539,1,1,,,,,,,,,,,,,,,,,,,,,,,,,,,,,,,,,none,none
7-scenes-redkitchen,39,53,0.4039366515837104,0.6914062499999972,0.583,1,1,,,,,,,,,,,,,,,,,,,,,,,,,,,,,,,,,none,none
7-scenes-redkitchen,39,55,0.4152941176470588,0.761718749999997,0.734,1,1,,,,,,,,,,,,,,,,,,,,,,,,,,,,,,,,,none,none
7-scenes-redkitchen,39,56,0.2739366515837104,0.7929687499999968,0.679,1,1,,,,,,,,,,,,,,,,,,,,,,,,,,,,,,,,,none,none
7-scenes-redkitchen,39,57,0.23733031674208144,0.7656249999999969,0.736,1,1,,,,,,,,,,,,,,,,,,,,,,,,,,,,,,,,,none,none
7-scenes-redkitchen,40,44,0.3902875158816056,0.8164062499999968,0.755,1,1,,,,,,,,,,,,,,,,,,,,,,,,,,,,,,,,,none,none
7-scenes-redkitchen,40,45,0.26238765234577194,0.7226562499999971,0.637,1,1,,,,,,,,,,,,,,,,,,,,,,,,,,,,,,,,,none,none
7-scenes-redkitchen,40,46,0.18107383181967907,0.41796874999999833,0.3275,1,1,,,,,,,,,,,,,,,,,,,,,,,,,,,,,,,,,none,none
7-scenes-redkitchen,41,46,0.22524833278925524,0.5781249999999977,0.5395,1,1,,,,,,,,,,,,,,,,,,,,,,,,,,,,,,,,,none,none
7-scenes-redkitchen,42,46,0.3054736572234329,0.6679687499999973,0.6005,1,1,,,,,,,,,,,,,,,,,,,,,,,,,,,,,,,,,none,none
7-scenes-redkitchen,43,47,0.1919604302426003,0.16406249999999933,0.191,1,1,,,,,,,,,,,,,,,,,,,,,,,,,,,,,,,,,none,none
7-scenes-redkitchen,44,47,0.29582929194956353,0.3515624999999986,0.3775,1,1,,,,,,,,,,,,,,,,,,,,,,,,,,,,,,,,,none,none
7-scenes-redkitchen,44,48,0.1457807953443259,0.23046874999999908,0.2345,1,1,,,,,,,,,,,,,,,,,,,,,,,,,,,,,,,,,none,none
7-scenes-redkitchen,45,48,0.32116146062472506,0.5468749999999978,0.5295,1,1,,,,,,,,,,,,,,,,,,,,,,,,,,,,,,,,,none,none
7-scenes-redkitchen,45,49,0.2101847778266608,0.26562499999999895,0.2765,1,1,,,,,,,,,,,,,,,,,,,,,,,,,,,,,,,,,none,none
7-scenes-redkitchen,45,50,0.2335019797624285,0.3437499999999986,0.3665,1,1,,,,,,,,,,,,,,,,,,,,,,,,,,,,,,,,,none,none
7-scenes-redkitchen,45,51,0.23174219093708756,0.41796874999999833,0.45,1,1,,,,,,,,,,,,,,,,,,,,,,,,,,,,,,,,,none,none
7-scenes-redkitchen,45,52,0.2232732072151342,0.39062499999999845,0.3965,1,1,,,,,,,,,,,,,,,,,,,,,,,,,,,,,,,,,none,none
7-scenes-redkitchen,46,53,0.3190917640736262,0.4257812499999983,0.3485,1,1,,,,,,,,,,,,,,,,,,,,,,,,,,,,,,,,,none,none
7-scenes-redkitchen,47,54,0.27077264530448053,0.33593749999999867,0.1545,1,1,,,,,,,,,,,,,,,,,,,,,,,,,,,,,,,,,none,none
7-scenes-redkitchen,48,58,0.1508174386920981,0.16406249999999933,0.111,1,1,,,,,,,,,,,,,,,,,,,,,,,,,,,,,,,,,none,none
7-scenes-redkitchen,48,59,0.22138964577656675,0.13281249999999947,0.0765,1,1,,,,,,,,,,,,,,,,,,,,,,,,,,,,,,,,,none,none
7-scenes-redkitchen,49,55,0.26251014335948064,0.3242187499999987,0.178,1,1,,,,,,,,,,,,,,,,,,,,,,,,,,,,,,,,,none,none
7-scenes-redkitchen,49,58,0.246956992155802,0.3164062499999987,0.238,1,1,,,,,,,,,,,,,,,,,,,,,,,,,,,,,,,,,none,none
7-scenes-redkitchen,49,59,0.2825263727346497,0.1718749999999993,0.123,1,0,,,,,,,,,,,,,,,,,,,,,,,,,,,,,,,,,none,none
7-scenes-redkitchen,50,59,0.24822163983526768,0.25781249999999895,0.233,1,1,,,,,,,,,,,,,,,,,,,,,,,,,,,,,,,,,none,none
7-scenes-redkitchen,51,54,0.20580886945658963,0.011718749999999953,0.0075,1,0,,,,,,,,,,,,,,,,,,,,,,,,,,,,,,,,,none,none
7-scenes-redkitchen,51,59,0.16833229231730168,0.0039062499999999844,0.0005,1,0,,,,,,,,,,,,,,,,,,,,,,,,,,,,,,,,,none,none
7-scenes-redkitchen,52,55,0.19575699132111862,0.20703124999999917,0.171,1,1,,,,,,,,,,,,,,,,,,,,,,,,,,,,,,,,,none,none
7-scenes-redkitchen,52,58,0.21295403407264546,0.249999999999999,0.203,1,1,,,,,,,,,,,,,,,,,,,,,,,,,,,,,,,,,none,none
7-scenes-redkitchen,52,59,0.2796528447444552,0.2812499999999989,0.1975,1,0,,,,,,,,,,,,,,,,,,,,,,,,,,,,,,,,,none,none
7-scenes-redkitchen,53,56,0.3341769778777653,0.5703124999999977,0.4355,1,1,,,,,,,,,,,,,,,,,,,,,,,,,,,,,,,,,none,none
7-scenes-redkitchen,53,57,0.21025496812898387,0.36718749999999856,0.244,1,1,,,,,,,,,,,,,,,,,,,,,,,,,,,,,,,,,none,none
sun3d-home_at-home_at_scan1_2013_jan_1,0,30,0.19288978325577497,0.023437499999999906,0.0,1,0,,,,,,,,,,,,,,,,,,,,,,,,,,,,,,,,,none,none
sun3d-home_at-home_at_scan1_2013_jan_1,0,31,0.38213222655431184,0.07421874999999971,0.0765,1,0,,,,,,,,,,,,,,,,,,,,,,,,,,,,,,,,,none,none
sun3d-home_at-home_at_scan1_2013_jan_1,0,33,0.37399907768414875,0.18749999999999925,0.11,1,0,,,,,,,,,,,,,,,,,,,,,,,,,,,,,,,,,none,none
sun3d-home_at-home_at_scan1_2013_jan_1,0,34,0.4367584790173144,0.48828124999999806,0.335,1,1,,,,,,,,,,,,,,,,,,,,,,,,,,,,,,,,,none,none
sun3d-home_at-home_at_scan1_2013_jan_1,0,35,0.29103257451892844,0.39453124999999845,0.349,1,1,,,,,,,,,,,,,,,,,,,,,,,,,,,,,,,,,none,none
sun3d-home_at-home_at_scan1_2013_jan_1,0,36,0.4422504506770637,0.5664062499999978,0.489,1,1,,,,,,,,,,,,,,,,,,,,,,,,,,,,,,,,,none,none
sun3d-home_at-home_at_scan1_2013_jan_1,0,37,0.3854861023770595,0.5390624999999979,0.575,1,1,,,,,,,,,,,,,,,,,,,,,,,,,,,,,,,,,none,none
sun3d-home_at-home_at_scan1_2013_jan_1,0,38,0.30012996268813147,0.4726562499999981,0.4915,1,1,,,,,,,,,,,,,,,,,,,,,,,,,,,,,,,,,none,none
sun3d-home_at-home_at_scan1_2013_jan_1,0,41,0.22584161321427074,0.10546874999999958,0.093,1,0,,,,,,,,,,,,,,,,,,,,,,,,,,,,,,,,,none,none
sun3d-home_at-home_at_scan1_2013_jan_1,0,42,0.1913805391355385,0.09374999999999963,0.047,1,0,,,,,,,,,,,,,,,,,,,,,,,,,,,,,,,,,none,none
sun3d-home_at-home_at_scan1_2013_jan_1,0,47,0.3629732109168658,0.06249999999999975,0.0075,1,0,,,,,,,,,,,,,,,,,,,,,,,,,,,,,,,,,none,none
sun3d-home_at-home_at_scan1_2013_jan_1,0,49,0.3955896532930868,0.14843749999999942,0.0855,1,0,,,,,,,,,,,,,,,,,,,,,,,,,,,,,,,,,none,none
sun3d-home_at-home_at_scan1_2013_jan_1,0,50,0.2766947553766822,0.14843749999999942,0.056,1,0,,,,,,,,,,,,,,,,,,,,,,,,,,,,,,,,,none,none
sun3d-home_at-home_at_scan1_2013_jan_1,0,51,0.20659875068125602,0.0,0.0,1,0,,,,,,,,,,,,,,,,,,,,,,,,,,,,,,,,,none,none
sun3d-home_at-home_at_scan1_2013_jan_1,1,3,0.2939350031049472,0.8789062499999964,0.8415,1,1,,,,,,,,,,,,,,,,,,,,,,,,,,,,,,,,,none,none
sun3d-home_at-home_at_scan1_2013_jan_1,1,31,0.2547712688884289,0.23046874999999908,0.149,1,0,,,,,,,,,,,,,,,,,,,,,,,,,,,,,,,,,none,none
sun3d-home_at-home_at_scan1_2013_jan_1,1,33,0.25332229352101016,0.07421874999999971,0.0335,1,0,,,,,,,,,,,,,,,,,,,,,,,,,,,,,,,,,none,none
sun3d-home_at-home_at_scan1_2013_jan_1,1,35,0.3473400952183813,0.5507812499999978,0.385,1,1,,,,,,,,,,,,,,,,,,,,,,,,,,,,,,,,,none,none
sun3d-home_at-home_at_scan1_2013_jan_1,1,36,0.5270130407783068,0.761718749999997,0.48,1,1,,,,,,,,,,,,,,,,,,,,,,,,,,,,,,,,,none,none
sun3d-home_at-home_at_scan1_2013_jan_1,1,37,0.5342993169116125,0.8203124999999967,0.7065,1,1,,,,,,,,,,,,,,,,,,,,,,,,,,,,,,,,,none,none
sun3d-home_at-home_at_scan1_2013_jan_1,1,38,0.510453322293521,0.7656249999999969,0.6415,1,1,,,,,,,,,,,,,,,,,,,,,,,,,,,,,,,,,none,none
sun3d-home_at-home_at_scan1_2013_jan_1,1,39,0.2201200579590147,0.6054687499999976,0.6385,1,1,,,,,,,,,,,,,,,,,,,,,,,,,,,,,,,,,none,none
sun3d-home_at-home_at_scan1_2013_jan_1,1,47,0.198840819706065,0.0039062499999999844,0.0005,1,0,,,,,,,,,,,,,,,,,,,,,,,,,,,,,,,,,none,none
sun3d-home_at-home_at_scan1_2013_jan_1,1,48,0.42993169116125024,0.04687499999999981,0.014,1,0,,,,,,,,,,,,,,,,,,,,,,,,,,,,,,,,,none,none
sun3d-home_at-home_at_scan1_2013_jan_1,1,49,0.3981370316704616,0.031249999999999875,0.009,1,0,,,,,,,,,,,,,,,,,,,,,,,,,,,,,,,,,none,none
sun3d-home_at-home_at_scan1_2013_jan_1,1,50,0.32552266611467606,0.14843749999999942,0.0565,1,0,,,,,,,,,,,,,,,,,,,,,,,,,,,,,,,,,none,none
sun3d-home_at-home_at_scan1_2013_jan_1,1,51,0.22252121713930864,0.0,0.0,1,0,,,,,,,,,,,,,,,,,,,,,,,,,,,,,,,,,none,none
sun3d-home_at-home_at_scan1_2013_jan_1,2,3,0.2636592763467043,0.8476562499999966,0.7815,1,0,,,,,,,,,,,,,,,,,,,,,,,,,,,,,,,,,none,none
sun3d-home_at-home_at_scan1_2013_jan_1,2,31,0.22572514844717845,0.07031249999999972,0.03,1,0,,,,,,,,,,,,,,,,,,,,,,,,,,,,,,,,,none,none
sun3d-home_at-home_at_scan1_2013_jan_1,2,33,0.2592165406467598,0.1992187499999992,0.0995,1,0,,,,,,,,,,,,,,,,,,,,,,,,,,,,,,,,,none,none
sun3d-home_at-home_at_scan1_2013_jan_1,2,35,0.31769832115852875,0.42187499999999833,0.4165,1,1,,,,,,,,,,,,,,,,,,,,,,,,,,,,,,,,,none,none
sun3d-home_at-home_at_scan1_2013_jan_1,2,37,0.5569225511555385,0.6914062499999972,0.5675,1,1,,,,,,,,,,,,,,,,,,,,,,,,,,,,,,,,,none,none
sun3d-home_at-home_at_scan1_2013_jan_1,2,39,0.24644367550941945,0.6289062499999974,0.649,1,1,,,,,,,,,,,,,,,,,,,,,,,,,,,,,,,,,none,none
sun3d-home_at-home_at_scan1_2013_jan_1,2,48,0.4118074244948524,0.06640624999999974,0.034,1,0,,,,,,,,,,,,,,,,,,,,,,,,,,,,,,,,,none,none
sun3d-home_at-home_at_scan1_2013_jan_1,2,49,0.33709257123328634,0.011718749999999953,0.0005,1,0,,,,,,,,,,,,,,,,,,,,,,,,,,,,,,,,,none,none
sun3d-home_at-home_at_scan1_2013_jan_1,2,50,0.273441838609082,0.0,0.0,1,0,,,,,,,,,,,,,,,,,,,,,,,,,,,,,,,,,none,none
sun3d-home_at-home_at_scan1_2013_jan_1,2,51,0.1525908838480926,0.0,0.0,1,0,,,,,,,,,,,,,,,,,,,,,,,,,,,,,,,,,none,none
sun3d-home_at-home_at_scan1_2013_jan_1,3,24,0.19941007529302182,0.14843749999999942,0.0145,1,0,,,,,,,,,,,,,,,,,,,,,,,,,,,,,,,,,none,none
sun3d-home_at-home_at_scan1_2013_jan_1,3,25,0.18008227897228907,0.14843749999999942,0.0175,1,0,,,,,,,,,,,,,,,,,,,,,,,,,,,,,,,,,none,none
sun3d-home_at-home_at_scan1_2013_jan_1,3,26,0.14235814639447333,0.08984374999999964,0.0,1,0,,,,,,,,,,,,,,,,,,,,,,,,,,,,,,,,,none,none
sun3d-home_at-home_at_scan1_2013_jan_1,3,29,0.2304587440813475,0.253906249999999,0.0615,1,0,,,,,,,,,,,,,,,,,,,,,,,,,,,,,,,,,none,none
sun3d-home_at-home_at_scan1_2013_jan_1,3,30,0.33307459442676396,0.24218749999999903,0.078,1,0,,,,,,,,,,,,,,,,,,,,,,,,,,,,,,,,,none,none
sun3d-home_at-home_at_scan1_2013_jan_1,3,32,0.24086004812543663,0.2734374999999989,0.202,1,1,,,,,,,,,,,,,,,,,,,,,,,,,,,,,,,,,none,none
sun3d-home_at-home_at_scan1_2013_jan_1,3,33,0.4317317395016689,0.6249999999999976,0.6055,1,1,,,,,,,,,,,,,,,,,,,,,,,,,,,,,,,,,none,none
sun3d-home_at-home_at_scan1_2013_jan_1,3,34,0.36412326321508964,0.5507812499999978,0.483,1,1,,,,,,,,,,,,,,,,,,,,,,,,,,,,,,,,,none,none
sun3d-home_at-home_at_scan1_2013_jan_1,3,35,0.2952728401769774,0.5937499999999977,0.5255,1,1,,,,,,,,,,,,,,,,,,,,,,,,,,,,,,,,,none,none
sun3d-home_at-home_at_scan1_2013_jan_1,3,36,0.35271287743537993,0.6757812499999973,0.636,1,1,,,,,,,,,,,,,,,,,,,,,,,,,,,,,,,,,none,none
sun3d-home_at-home_at_scan1_2013_jan_1,3,37,0.33532562291391754,0.6289062499999974,0.548,1,1,,,,,,,,,,,,,,,,,,,,,,,,,,,,,,,,,none,none
sun3d-home_at-home_at_scan1_2013_jan_1,3,38,0.26461227974850576,0.7109374999999971,0.7315,1,1,,,,,,,,,,,,,,,,,,,,,,,,,,,,,,,,,none,none
sun3d-home_at-home_at_scan1_2013_jan_1,3,40,0.15594193898936584,0.19140624999999922,0.265,1,1,,,,,,,,,,,,,,,,,,,,,,,,,,,,,,,,,none,none
sun3d-home_at-home_at_scan1_2013_jan_1,3,41,0.33555848792983,0.4765624999999981,0.4935,1,1,,,,,,,,,,,,,,,,,,,,,,,,,,,,,,,,,none,none
sun3d-home_at-home_at_scan1_2013_jan_1,3,42,0.26166265621361484,0.06249999999999975,0.072,1,0,,,,,,,,,,,,,,,,,,,,,,,,,,,,,,,,,none,none
sun3d-home_at-home_at_scan1_2013_jan_1,3,44,0.17798649382907708,0.48437499999999806,0.4855,1,1,,,,,,,,,,,,,,,,,,,,,,,,,,,,,,,,,none,none
sun3d-home_at-home_at_scan1_2013_jan_1,3,45,0.19094931304820306,0.4257812499999983,0.4405,1,1,,,,,,,,,,,,,,,,,,,,,,,,,,,,,,,,,none,none
sun3d-home_at-home_at_scan1_2013_jan_1,3,46,0.19025071800046572,0.007812499999999969,0.037,1,0,,,,,,,,,,,,,,,,,,,,,,,,,,,,,,,,,none,none
sun3d-home_at-home_at_scan1_2013_jan_1,3,48,0.44415120701699917,0.1249999999999995,0.2155,1,1,,,,,,,,,,,,,,,,,,,,,,,,,,,,,,,,,none,none
sun3d-home_at-home_at_scan1_2013_jan_1,3,49,0.2641465497166809,0.09374999999999963,0.096,1,0,,,,,,,,,,,,,,,,,,,,,,,,,,,,,,,,,none,none
sun3d-home_at-home_at_scan1_2013_jan_1,4,8,0.2630464565948437,0.3203124999999987,0.2155,1,1,,,,,,,,,,,,,,,,,,,,,,,,,,,,,,,,,none,none
sun3d-home_at-home_at_scan1_2013_jan_1,4,24,0.2611159546643418,0.1992187499999992,0.0395,1,0,,,,,,,,,,,,,,,,,,,,,,,,,,,,,,,,,none,none
sun3d-home_at-home_at_scan1_2013_jan_1,4,25,0.2528334786399303,0.19531249999999922,0.0425,1,0,,,,,,,,,,,,,,,,,,,,,,,,,,,,,,,,,none,none
sun3d-home_at-home_at_scan1_2013_jan_1,4,26,0.20513139867978578,0.06249999999999975,0.0085,1,0,,,,,,,,,,,,,,,,,,,,,,,,,,,,,,,,,none,none
sun3d-home_at-home_at_scan1_2013_jan_1,4,29,0.2766845186200025,0.17968749999999928,0.0215,1,0,,,,,,,,,,,,,,,,,,,,,,,,,,,,,,,,,none,none
sun3d-home_at-home_at_scan1_2013_jan_1,4,30,0.3274380371154565,0.21874999999999914,0.0185,1,0,,,,,,,,,,,,,,,,,,,,,,,,,,,,,,,,,none,none
sun3d-home_at-home_at_scan1_2013_jan_1,4,31,0.250778428197783,0.09765624999999961,0.0085,1,0,,,,,,,,,,,,,,,,,,,,,,,,,,,,,,,,,none,none
sun3d-home_at-home_at_scan1_2013_jan_1,4,32,0.20513139867978578,0.12109374999999951,0.022,1,0,,,,,,,,,,,,,,,,,,,,,,,,,,,,,,,,,none,none
sun3d-home_at-home_at_scan1_2013_jan_1,4,42,0.3151700087183958,0.027343749999999892,0.0115,1,0,,,,,,,,,,,,,,,,,,,,,,,,,,,,,,,,,none,none
sun3d-home_at-home_at_scan1_2013_jan_1,4,44,0.3798106862622992,0.49218749999999806,0.3915,1,1,,,,,,,,,,,,,,,,,,,,,,,,,,,,,,,,,none,none
sun3d-home_at-home_at_scan1_2013_jan_1,4,45,0.42352721384979447,0.4374999999999983,0.344,1,1,,,,,,,,,,,,,,,,,,,,,,,,,,,,,,,,,none,none
sun3d-home_at-home_at_scan1_2013_jan_1,4,47,0.24311869473159795,0.027343749999999892,0.004,1,0,,,,,,,,,,,,,,,,,,,,,,,,,,,,,,,,,none,none
sun3d-home_at-home_at_scan1_2013_jan_1,5,6,0.17724782468578795,0.3789062499999985,0.39,1,0,,,,,,,,,,,,,,,,,,,,,,,,,,,,,,,,,none,none
sun3d-home_at-home_at_scan1_2013_jan_1,5,11,0.20302932645826618,0.35937499999999856,0.3425,1,1,,,,,,,,,,,,,,,,,,,,,,,,,,,,,,,,,none,none
sun3d-home_at-home_at_scan1_2013_jan_1,5,15,0.3041680094532173,0.3203124999999987,0.2115,1,1,,,,,,,,,,,,,,,,,,,,,,,,,,,,,,,,,none,none
sun3d-home_at-home_at_scan1_2013_jan_1,5,40,0.1644644967236008,0.4335937499999983,0.3755,1,1,,,,,,,,,,,,,,,,,,,,,,,,,,,,,,,,,none,none
sun3d-home_at-home_at_scan1_2013_jan_1,6,8,0.3449001051524711,0.507812499999998,0.3035,1,1,,,,,,,,,,,,,,,,,,,,,,,,,,,,,,,,,none,none
sun3d-home_at-home_at_scan1_2013_jan_1,6,9,0.2541685443893646,0.2226562499999991,0.1365,1,0,,,,,,,,,,,,,,,,,,,,,,,,,,,,,,,,,none,none
sun3d-home_at-home_at_scan1_2013_jan_1,6,10,0.20707525912573232,0.0,0.0,1,0,,,,,,,,,,,,,,,,,,,,,,,,,,,,,,,,,none,none
sun3d-home_at-home_at_scan1_2013_jan_1,6,24,0.33385909568874866,0.2226562499999991,0.0465,1,0,,,,,,,,,,,,,,,,,,,,,,,,,,,,,,,,,none,none
sun3d-home_at-home_at_scan1_2013_jan_1,6,25,0.34001802613789994,0.23437499999999906,0.0745,1,0,,,,,,,,,,,,,,,,,,,,,,,,,,,,,,,,,none,none
sun3d-home_at-home_at_scan1_2013_jan_1,6,26,0.2641580291422563,0.1523437499999994,0.043,1,0,,,,,,,,,,,,,,,,,,,,,,,,,,,,,,,,,none,none
sun3d-home_at-home_at_scan1_2013_jan_1,6,29,0.3633768964999249,0.2734374999999989,0.07,1,0,,,,,,,,,,,,,,,,,,,,,,,,,,,,,,,,,none,none
sun3d-home_at-home_at_scan1_2013_jan_1,6,30,0.4203845576085324,0.25781249999999895,0.082,1,0,,,,,,,,,,,,,,,,,,,,,,,,,,,,,,,,,none,none
sun3d-home_at-home_at_scan1_2013_jan_1,6,31,0.2830103650292925,0.09765624999999961,0.0015,1,0,,,,,,,,,,,,,,,,,,,,,,,,,,,,,,,,,none,none
sun3d-home_at-home_at_scan1_2013_jan_1,6,42,0.3312302839116719,0.031249999999999875,0.021,1,0,,,,,,,,,,,,,,,,,,,,,,,,,,,,,,,,,none,none
sun3d-home_at-home_at_scan1_2013_jan_1,6,43,0.3555655700766111,0.14843749999999942,0.065,1,0,,,,,,,,,,,,,,,,,,,,,,,,,,,,,,,,,none,none
sun3d-home_at-home_at_scan1_2013_jan_1,6,44,0.46447348655550547,0.12109374999999951,0.08,1,0,,,,,,,,,,,,,,,,,,,,,,,,,,,,,,,,,none,none
sun3d-home_at-home_at_scan1_2013_jan_1,6,45,0.5191527715187021,0.13671874999999944,0.064,1,0,,,,,,,,,,,,,,,,,,,,,,,,,,,,,,,,,none,none
sun3d-home_at-home_at_scan1_2013_jan_1,6,46,0.2612287817335136,0.0039062499999999844,0.0025,1,0,,,,,,,,,,,,,,,,,,,,,,,,,,,,,,,,,none,none
sun3d-home_at-home_at_scan1_2013_jan_1,6,47,0.30096139402133093,0.03906249999999985,0.0065,1,0,,,,,,,,,,,,,,,,,,,,,,,,,,,,,,,,,none,none
sun3d-home_at-home_at_scan1_2013_jan_1,7,9,0.3697091851425281,0.5507812499999978,0.5195,1,1,,,,,,,,,,,,,,,,,,,,,,,,,,,,,,,,,none,none
sun3d-home_at-home_at_scan1_2013_jan_1,7,10,0.25230348401957964,0.26171874999999895,0.2125,1,1,,,,,,,,,,,,,,,,,,,,,,,,,,,,,,,,,none,none
sun3d-home_at-home_at_scan1_2013_jan_1,7,24,0.3713648142816009,0.33984374999999867,0.142,1,0,,,,,,,,,,,,,,,,,,,,,,,,,,,,,,,,,none,none
sun3d-home_at-home_at_scan1_2013_jan_1,7,25,0.34876187733947595,0.2734374999999989,0.1,1,0,,,,,,,,,,,,,,,,,,,,,,,,,,,,,,,,,none,none
sun3d-home_at-home_at_scan1_2013_jan_1,7,26,0.30485171321623955,0.23046874999999908,0.114,1,0,,,,,,,,,,,,,,,,,,,,,,,,,,,,,,,,,none,none
sun3d-home_at-home_at_scan1_2013_jan_1,7,28,0.21393607831845668,0.23828124999999906,0.0835,1,0,,,,,,,,,,,,,,,,,,,,,,,,,,,,,,,,,none,none
sun3d-home_at-home_at_scan1_2013_jan_1,7,29,0.422257414339188,0.3124999999999988,0.158,1,0,,,,,,,,,,,,,,,,,,,,,,,,,,,,,,,,,none,none
sun3d-home_at-home_at_scan1_2013_jan_1,7,30,0.38432191189173626,0.4374999999999983,0.1825,1,0,,,,,,,,,,,,,,,,,,,,,,,,,,,,,,,,,none,none
sun3d-home_at-home_at_scan1_2013_jan_1,7,31,0.20709761013532968,0.06640624999999974,0.01,1,0,,,,,,,,,,,,,,,,,,,,,,,,,,,,,,,,,none,none
sun3d-home_at-home_at_scan1_2013_jan_1,7,43,0.32176792398502735,0.3710937499999985,0.2945,1,1,,,,,,,,,,,,,,,,,,,,,,,,,,,,,,,,,none,none
sun3d-home_at-home_at_scan1_2013_jan_1,7,44,0.3451626835588828,0.5195312499999979,0.4815,1,1,,,,,,,,,,,,,,,,,,,,,,,,,,,,,,,,,none,none
sun3d-home_at-home_at_scan1_2013_jan_1,7,45,0.37985891160380075,0.5429687499999978,0.429,1,1,,,,,,,,,,,,,,,,,,,,,,,,,,,,,,,,,none,none
sun3d-home_at-home_at_scan1_2013_jan_1,7,47,0.1798877051540455,0.3984374999999984,0.264,1,1,,,,,,,,,,,,,,,,,,,,,,,,,,,,,,,,,none,none
sun3d-home_at-home_at_scan1_2013_jan_1,8,11,0.1459128428153013,0.14453124999999942,0.021,1,0,,,,,,,,,,,,,,,,,,,,,,,,,,,,,,,,,none,none
sun3d-home_at-home_at_scan1_2013_jan_1,8,25,0.3700186385018195,0.4492187499999982,0.2695,1,0,,,,,,,,,,,,,,,,,,,,,,,,,,,,,,,,,none,none
sun3d-home_at-home_at_scan1_2013_jan_1,8,30,0.3853732138102423,0.33203124999999867,0.1725,1,1,,,,,,,,,,,,,,,,,,,,,,,,,,,,,,,,,none,none
sun3d-home_at-home_at_scan1_2013_jan_1,8,44,0.23706399218958019,0.23437499999999906,0.1775,1,1,,,,,,,,,,,,,,,,,,,,,,,,,,,,,,,,,none,none
sun3d-home_at-home_at_scan1_2013_jan_1,8,45,0.2917369308600337,0.23437499999999906,0.1595,1,1,,,,,,,,,,,,,,,,,,,,,,,,,,,,,,,,,none,none
sun3d-home_at-home_at_scan1_2013_jan_1,9,11,0.24908487760237932,0.6796874999999973,0.601,1,1,,,,,,,,,,,,,,,,,,,,,,,,,,,,,,,,,none,none
sun3d-home_at-home_at_scan1_2013_jan_1,9,24,0.2777968428277282,0.3789062499999985,0.2815,1,1,,,,,,,,,,,,,,,,,,,,,,,,,,,,,,,,,none,none
sun3d-home_at-home_at_scan1_2013_jan_1,9,26,0.2632692747654999,0.24609374999999903,0.093,1,0,,,,,,,,,,,,,,,,,,,,,,,,,,,,,,,,,none,none
sun3d-home_at-home_at_scan1_2013_jan_1,9,28,0.3575268817204301,0.3085937499999988,0.119,1,0,,,,,,,,,,,,,,,,,,,,,,,,,,,,,,,,,none,none
sun3d-home_at-home_at_scan1_2013_jan_1,9,29,0.39155799588194923,0.4374999999999983,0.3075,1,1,,,,,,,,,,,,,,,,,,,,,,,,,,,,,,,,,none,none
sun3d-home_at-home_at_scan1_2013_jan_1,9,30,0.2299816975520476,0.33203124999999867,0.197,1,0,,,,,,,,,,,,,,,,,,,,,,,,,,,,,,,,,none,none
sun3d-home_at-home_at_scan1_2013_jan_1,9,43,0.2159688858384809,0.5859374999999977,0.5225,1,1,,,,,,,,,,,,,,,,,,,,,,,,,,,,,,,,,none,none
sun3d-home_at-home_at_scan1_2013_jan_1,9,44,0.25194463509494397,0.6249999999999976,0.504,1,1,,,,,,,,,,,,,,,,,,,,,,,,,,,,,,,,,none,none
sun3d-home_at-home_at_scan1_2013_jan_1,9,45,0.2818005033173187,0.7265624999999971,0.57,1,1,,,,,,,,,,,,,,,,,,,,,,,,,,,,,,,,,none,none
sun3d-home_at-home_at_scan1_2013_jan_1,10,12,0.31709879195912716,0.8906249999999964,0.796,1,1,,,,,,,,,,,,,,,,,,,,,,,,,,,,,,,,,none,none
sun3d-home_at-home_at_scan1_2013_jan_1,10,13,0.19777491285871174,0.6406249999999974,0.566,1,1,,,,,,,,,,,,,,,,,,,,,,,,,,,,,,,,,none,none
sun3d-home_at-home_at_scan1_2013_jan_1,10,15,0.18091963902019767,0.3789062499999985,0.2465,1,1,,,,,,,,,,,,,,,,,,,,,,,,,,,,,,,,,none,none
sun3d-home_at-home_at_scan1_2013_jan_1,10,17,0.25163539130019574,0.6289062499999974,0.483,1,1,,,,,,,,,,,,,,,,,,,,,,,,,,,,,,,,,none,none
sun3d-home_at-home_at_scan1_2013_jan_1,10,22,0.2496299479539703,0.6640624999999973,0.527,1,1,,,,,,,,,,,,,,,,,,,,,,,,,,,,,,,,,none,none
sun3d-home_at-home_at_scan1_2013_jan_1,10,28,0.19042162058921835,0.26171874999999895,0.0945,1,0,,,,,,,,,,,,,,,,,,,,,,,,,,,,,,,,,none,none
sun3d-home_at-home_at_scan1_2013_jan_1,10,29,0.24542806665711694,0.6093749999999976,0.28,1,1,,,,,,,,,,,,,,,,,,,,,,,,,,,,,,,,,none,none
sun3d-home_at-home_at_scan1_2013_jan_1,10,43,0.24920021009406484,0.7890624999999969,0.723,1,1,,,,,,,,,,,,,,,,,,,,,,,,,,,,,,,,,none,none
sun3d-home_at-home_at_scan1_2013_jan_1,10,44,0.28950007162297664,0.7187499999999971,0.6275,1,1,,,,,,,,,,,,,,,,,,,,,,,,,,,,,,,,,none,none
sun3d-home_at-home_at_scan1_2013_jan_1,10,45,0.28587117413933055,0.746093749999997,0.637,1,1,,,,,,,,,,,,,,,,,,,,,,,,,,,,,,,,,none,none
sun3d-home_at-home_at_scan1_2013_jan_1,11,13,0.38588065283917033,0.9570312499999962,0.871,1,1,,,,,,,,,,,,,,,,,,,,,,,,,,,,,,,,,none,none
sun3d-home_at-home_at_scan1_2013_jan_1,11,18,0.2564603876232574,0.8671874999999966,0.775,1,1,,,,,,,,,,,,,,,,,,,,,,,,,,,,,,,,,none,none
sun3d-home_at-home_at_scan1_2013_jan_1,11,20,0.2092400544032642,0.6289062499999974,0.5135,1,1,,,,,,,,,,,,,,,,,,,,,,,,,,,,,,,,,none,none
sun3d-home_at-home_at_scan1_2013_jan_1,11,21,0.33866031961917714,0.8945312499999964,0.7775,1,1,,,,,,,,,,,,,,,,,,,,,,,,,,,,,,,,,none,none
sun3d-home_at-home_at_scan1_2013_jan_1,11,22,0.3389578374702482,0.9374999999999962,0.7995,1,1,,,,,,,,,,,,,,,,,,,,,,,,,,,,,,,,,none,none
sun3d-home_at-home_at_scan1_2013_jan_1,11,23,0.16495239714382862,0.5585937499999978,0.366,1,1,,,,,,,,,,,,,,,,,,,,,,,,,,,,,,,,,none,none
sun3d-home_at-home_at_scan1_2013_jan_1,11,44,0.16499489969398165,0.6445312499999974,0.605,1,1,,,,,,,,,,,,,,,,,,,,,,,,,,,,,,,,,none,none
sun3d-home_at-home_at_scan1_2013_jan_1,11,45,0.157429445766746,0.5859374999999977,0.507,1,1,,,,,,,,,,,,,,,,,,,,,,,,,,,,,,,,,none,none
sun3d-home_at-home_at_scan1_2013_jan_1,12,19,0.24488009802205496,0.5585937499999978,0.6055,1,1,,,,,,,,,,,,,,,,,,,,,,,,,,,,,,,,,none,none
sun3d-home_at-home_at_scan1_2013_jan_1,12,20,0.3690997141023397,0.7968749999999968,0.747,1,1,,,,,,,,,,,,,,,,,,,,,,,,,,,,,,,,,none,none
sun3d-home_at-home_at_scan1_2013_jan_1,12,22,0.30719411867670227,0.8593749999999966,0.7585,1,1,,,,,,,,,,,,,,,,,,,,,,,,,,,,,,,,,none,none
sun3d-home_at-home_at_scan1_2013_jan_1,13,19,0.250992143840609,0.5273437499999979,0.591,1,1,,,,,,,,,,,,,,,,,,,,,,,,,,,,,,,,,none,none
sun3d-home_at-home_at_scan1_2013_jan_1,13,20,0.36227423665667774,0.6835937499999972,0.749,1,1,,,,,,,,,,,,,,,,,,,,,,,,,,,,,,,,,none,none
sun3d-home_at-home_at_scan1_2013_jan_1,13,21,0.3135984449663886,0.746093749999997,0.699,1,1,,,,,,,,,,,,,,,,,,,,,,,,,,,,,,,,,none,none
sun3d-home_at-home_at_scan1_2013_jan_1,13,22,0.2704300639831538,0.6835937499999972,0.648,1,1,,,,,,,,,,,,,,,,,,,,,,,,,,,,,,,,,none,none
sun3d-home_at-home_at_scan1_2013_jan_1,14,19,0.33063099581137684,0.7109374999999971,0.7965,1,1,,,,,,,,,,,,,,,,,,,,,,,,,,,,,,,,,none,none
sun3d-home_at-home_at_scan1_2013_jan_1,14,22,0.29570328334008916,0.8085937499999968,0.7785,1,1,,,,,,,,,,,,,,,,,,,,,,,,,,,,,,,,,none,none
sun3d-home_at-home_at_scan1_2013_jan_1,15,19,0.1763116883116883,0.6484374999999974,0.677,1,1,,,,,,,,,,,,,,,,,,,,,,,,,,,,,,,,,none,none
sun3d-home_at-home_at_scan1_2013_jan_1,15,22,0.4166233766233766,0.9179687499999963,0.864,1,1,,,,,,,,,,,,,,,,,,,,,,,,,,,,,,,,,none,none
sun3d-home_at-home_at_scan1_2013_jan_1,15,23,0.21251948051948052,0.48828124999999806,0.5145,1,1,,,,,,,,,,,,,,,,,,,,,,,,,,,,,,,,,none,none
sun3d-home_at-home_at_scan1_2013_jan_1,16,22,0.33946540880503145,0.7929687499999968,0.7315,1,1,,,,,,,,,,,,,,,,,,,,,,,,,,,,,,,,,none,none
sun3d-home_at-home_at_scan1_2013_jan_1,17,19,0.14051692755733527,0.36328124999999856,0.477,1,1,,,,,,,,,,,,,,,,,,,,,,,,,,,,,,,,,none,none
sun3d-home_at-home_at_scan1_2013_jan_1,17,20,0.31430651619949035,0.7812499999999969,0.7785,1,1,,,,,,,,,,,,,,,,,,,,,,,,,,,,,,,,,none,none
sun3d-home_at-home_at_scan1_2013_jan_1,17,23,0.2738259919912632,0.4453124999999982,0.4555,1,1,,,,,,,,,,,,,,,,,,,,,,,,,,,,,,,,,none,none
sun3d-home_at-home_at_scan1_2013_jan_1,18,22,0.29467889908256883,0.6562499999999973,0.611,1,1,,,,,,,,,,,,,,,,,,,,,,,,,,,,,,,,,none,none
sun3d-home_at-home_at_scan1_2013_jan_1,19,21,0.16357910337161913,0.17968749999999928,0.152,1,1,,,,,,,,,,,,,,,,,,,,,,,,,,,,,,,,,none,none
sun3d-home_at-home_at_scan1_2013_jan_1,20,22,0.15775862068965518,0.24218749999999903,0.2925,1,1,,,,,,,,,,,,,,,,,,,,,,,,,,,,,,,,,none,none
sun3d-home_at-home_at_scan1_2013_jan_1,21,23,0.3809945590282171,0.5351562499999979,0.5475,1,1,,,,,,,,,,,,,,,,,,,,,,,,,,,,,,,,,none,none
sun3d-home_at-home_at_scan1_2013_jan_1,22,31,0.4163079671891497,0.7226562499999971,0.6995,1,1,,,,,,,,,,,,,,,,,,,,,,,,,,,,,,,,,none,none
sun3d-home_at-home_at_scan1_2013_jan_1,22,32,0.4365304962235036,0.7968749999999968,0.764,1,1,,,,,,,,,,,,,,,,,,,,,,,,,,,,,,,,,none,none
sun3d-home_at-home_at_scan1_2013_jan_1,22,42,0.28254690164866403,0.06249999999999975,0.0735,1,0,,,,,,,,,,,,,,,,,,,,,,,,,,,,,,,,,none,none
sun3d-home_at-home_at_scan1_2013_jan_1,22,43,0.26289287744660117,0.16015624999999936,0.232,1,1,,,,,,,,,,,,,,,,,,,,,,,,,,,,,,,,,none,none
sun3d-home_at-home_at_scan1_2013_jan_1,23,24,0.47503352528200676,0.7812499999999969,0.7975,1,0,,,,,,,,,,,,,,,,,,,,,,,,,,,,,,,,,none,none
sun3d-home_at-home_at_scan1_2013_jan_1,23,30,0.20817228050800662,0.4257812499999983,0.581,1,1,,,,,,,,,,,,,,,,,,,,,,,,,,,,,,,,,none,none
sun3d-home_at-home_at_scan1_2013_jan_1,23,43,0.4561804843417212,0.5624999999999978,0.309,1,1,,,,,,,,,,,,,,,,,,,,,,,,,,,,,,,,,none,none
sun3d-home_at-home_at_scan1_2013_jan_1,23,44,0.37706081880571113,0.33984374999999867,0.176,1,1,,,,,,,,,,,,,,,,,,,,,,,,,,,,,,,,,none,none
sun3d-home_at-home_at_scan1_2013_jan_1,23,45,0.38849885619626096,0.26953124999999895,0.208,1,1,,,,,,,,,,,,,,,,,,,,,,,,,,,,,,,,,none,none
sun3d-home_at-home_at_scan1_2013_jan_1,23,46,0.4152401987852015,0.5312499999999979,0.342,1,1,,,,,,,,,,,,,,,,,,,,,,,,,,,,,,,,,none,none
sun3d-home_at-home_at_scan1_2013_jan_1,23,47,0.3867634298335568,0.46484374999999817,0.244,1,1,,,,,,,,,,,,,,,,,,,,,,,,,,,,,,,,,none,none
sun3d-home_at-home_at_scan1_2013_jan_1,24,27,0.22295018162947586,0.3789062499999985,0.245,1,0,,,,,,,,,,,,,,,,,,,,,,,,,,,,,,,,,none,none
sun3d-home_at-home_at_scan1_2013_jan_1,24,32,0.29592631032693306,0.761718749999997,0.8775,1,1,,,,,,,,,,,,,,,,,,,,,,,,,,,,,,,,,none,none
sun3d-home_at-home_at_scan1_2013_jan_1,24,42,0.3172677737415672,0.11328124999999954,0.056,1,0,,,,,,,,,,,,,,,,,,,,,,,,,,,,,,,,,none,none
sun3d-home_at-home_at_scan1_2013_jan_1,24,43,0.30669434353918007,0.28906249999999883,0.151,1,1,,,,,,,,,,,,,,,,,,,,,,,,,,,,,,,,,none,none
sun3d-home_at-home_at_scan1_2013_jan_1,24,44,0.27996886351842243,0.1757812499999993,0.0825,1,0,,,,,,,,,,,,,,,,,,,,,,,,,,,,,,,,,none,none
sun3d-home_at-home_at_scan1_2013_jan_1,24,45,0.2895692786715101,0.3984374999999984,0.238,1,1,,,,,,,,,,,,,,,,,,,,,,,,,,,,,,,,,none,none
sun3d-home_at-home_at_scan1_2013_jan_1,24,46,0.23572911261027504,0.10937499999999957,0.042,1,0,,,,,,,,,,,,,,,,,,,,,,,,,,,,,,,,,none,none
sun3d-home_at-home_at_scan1_2013_jan_1,24,47,0.239231966787753,0.1562499999999994,0.0755,1,1,,,,,,,,,,,,,,,,,,,,,,,,,,,,,,,,,none,none
sun3d-home_at-home_at_scan1_2013_jan_1,25,31,0.20297249334516415,0.042968749999999827,0.052,1,0,,,,,,,,,,,,,,,,,,,,,,,,,,,,,,,,,none,none
sun3d-home_at-home_at_scan1_2013_jan_1,26,30,0.329093992248062,0.6757812499999973,0.6225,1,1,,,,,,,,,,,,,,,,,,,,,,,,,,,,,,,,,none,none
sun3d-home_at-home_at_scan1_2013_jan_1,27,29,0.2218525179856115,0.38671874999999845,0.3285,1,1,,,,,,,,,,,,,,,,,,,,,,,,,,,,,,,,,none,none
sun3d-home_at-home_at_scan1_2013_jan_1,28,30,0.2221163012392755,0.5234374999999979,0.5915,1,1,,,,,,,,,,,,,,,,,,,,,,,,,,,,,,,,,none,none
sun3d-home_at-home_at_scan1_2013_jan_1,29,32,0.2593422600705922,0.7890624999999969,0.881,1,1,,,,,,,,,,,,,,,,,,,,,,,,,,,,,,,,,none,none
sun3d-home_at-home_at_scan1_2013_jan_1,29,42,0.31531178217267075,0.28906249999999883,0.155,1,1,,,,,,,,,,,,,,,,,,,,,,,,,,,,,,,,,none,none
sun3d-home_at-home_at_scan1_2013_jan_1,29,43,0.31138999383718974,0.38671874999999845,0.1995,1,1,,,,,,,,,,,,,,,,,,,,,,,,,,,,,,,,,none,none
sun3d-home_at-home_at_scan1_2013_jan_1,29,44,0.29833604123480306,0.29687499999999883,0.1585,1,1,,,,,,,,,,,,,,,,,,,,,,,,,,,,,,,,,none,none
sun3d-home_at-home_at_scan1_2013_jan_1,29,45,0.3112779427418903,0.3203124999999987,0.163,1,1,,,,,,,,,,,,,,,,,,,,,,,,,,,,,,,,,none,none
sun3d-home_at-home_at_scan1_2013_jan_1,29,46,0.2452798476105104,0.07421874999999971,0.0075,1,0,,,,,,,,,,,,,,,,,,,,,,,,,,,,,,,,,none,none
sun3d-home_at-home_at_scan1_2013_jan_1,29,47,0.2434870300857191,0.12109374999999951,0.0765,1,1,,,,,,,,,,,,,,,,,,,,,,,,,,,,,,,,,none,none
sun3d-home_at-home_at_scan1_2013_jan_1,30,33,0.2569983136593592,0.5820312499999977,0.5465,1,1,,,,,,,,,,,,,,,,,,,,,,,,,,,,,,,,,none,none
sun3d-home_at-home_at_scan1_2013_jan_1,30,34,0.1163575042158516,0.1249999999999995,0.243,1,1,,,,,,,,,,,,,,,,,,,,,,,,,,,,,,,,,none,none
sun3d-home_at-home_at_scan1_2013_jan_1,30,36,0.11475548060708263,0.08203124999999967,0.138,1,1,,,,,,,,,,,,,,,,,,,,,,,,,,,,,,,,,none,none
sun3d-home_at-home_at_scan1_2013_jan_1,30,41,0.16247892074198989,0.2773437499999989,0.324,1,1,,,,,,,,,,,,,,,,,,,,,,,,,,,,,,,,,none,none
sun3d-home_at-home_at_scan1_2013_jan_1,30,42,0.41998313659359193,0.45312499999999817,0.315,1,1,,,,,,,,,,,,,,,,,,,,,,,,,,,,,,,,,none,none
sun3d-home_at-home_at_scan1_2013_jan_1,30,46,0.3023608768971332,0.4023437499999984,0.325,1,1,,,,,,,,,,,,,,,,,,,,,,,,,,,,,,,,,none,none
sun3d-home_at-home_at_scan1_2013_jan_1,30,48,0.23052276559865092,0.18749999999999925,0.284,1,1,,,,,,,,,,,,,,,,,,,,,,,,,,,,,,,,,none,none
sun3d-home_at-home_at_scan1_2013_jan_1,31,35,0.32762458547222095,0.6054687499999976,0.517,1,1,,,,,,,,,,,,,,,,,,,,,,,,,,,,,,,,,none,none
sun3d-home_at-home_at_scan1_2013_jan_1,31,37,0.39899150501976105,0.7773437499999969,0.6465,1,1,,,,,,,,,,,,,,,,,,,,,,,,,,,,,,,,,none,none
sun3d-home_at-home_at_scan1_2013_jan_1,31,38,0.193749148230591,0.6757812499999973,0.6755,1,1,,,,,,,,,,,,,,,,,,,,,,,,,,,,,,,,,none,none
sun3d-home_at-home_at_scan1_2013_jan_1,31,41,0.3275337300685958,0.7812499999999969,0.685,1,1,,,,,,,,,,,,,,,,,,,,,,,,,,,,,,,,,none,none
sun3d-home_at-home_at_scan1_2013_jan_1,31,42,0.4539590242129651,0.6328124999999974,0.328,1,1,,,,,,,,,,,,,,,,,,,,,,,,,,,,,,,,,none,none
sun3d-home_at-home_at_scan1_2013_jan_1,31,46,0.2829237268886567,0.49218749999999806,0.393,1,1,,,,,,,,,,,,,,,,,,,,,,,,,,,,,,,,,none,none
sun3d-home_at-home_at_scan1_2013_jan_1,31,49,0.3006859582973697,0.06640624999999974,0.082,1,0,,,,,,,,,,,,,,,,,,,,,,,,,,,,,,,,,none,none
sun3d-home_at-home_at_scan1_2013_jan_1,32,34,0.22081881533101044,0.46093749999999817,0.5815,1,1,,,,,,,,,,,,,,,,,,,,,,,,,,,,,,,,,none,none
sun3d-home_at-home_at_scan1_2013_jan_1,32,36,0.20103285216525635,0.3749999999999985,0.4595,1,1,,,,,,,,,,,,,,,,,,,,,,,,,,,,,,,,,none,none
sun3d-home_at-home_at_scan1_2013_jan_1,32,37,0.15810104529616725,0.1992187499999992,0.267,1,1,,,,,,,,,,,,,,,,,,,,,,,,,,,,,,,,,none,none
sun3d-home_at-home_at_scan1_2013_jan_1,32,38,0.16855400696864112,0.48828124999999806,0.601,1,1,,,,,,,,,,,,,,,,,,,,,,,,,,,,,,,,,none,none
sun3d-home_at-home_at_scan1_2013_jan_1,32,39,0.20482827277252363,0.45312499999999817,0.6185,1,1,,,,,,,,,,,,,,,,,,,,,,,,,,,,,,,,,none,none
sun3d-home_at-home_at_scan1_2013_jan_1,32,40,0.37307117969138875,0.5468749999999978,0.4745,1,1,,,,,,,,,,,,,,,,,,,,,,,,,,,,,,,,,none,none
sun3d-home_at-home_at_scan1_2013_jan_1,32,41,0.34438775510204084,0.6015624999999976,0.5625,1,1,,,,,,,,,,,,,,,,,,,,,,,,,,,,,,,,,none,none
sun3d-home_at-home_at_scan1_2013_jan_1,32,43,0.2979094076655052,0.4414062499999982,0.2535,1,1,,,,,,,,,,,,,,,,,,,,,,,,,,,,,,,,,none,none
sun3d-home_at-home_at_scan1_2013_jan_1,32,44,0.22374315579890494,0.3789062499999985,0.1815,1,1,,,,,,,,,,,,,,,,,,,,,,,,,,,,,,,,,none,none
sun3d-home_at-home_at_scan1_2013_jan_1,32,45,0.23183175709308113,0.4023437499999984,0.2405,1,1,,,,,,,,,,,,,,,,,,,,,,,,,,,,,,,,,none,none
sun3d-home_at-home_at_scan1_2013_jan_1,32,46,0.3918616226978596,0.511718749999998,0.371,1,1,,,,,,,,,,,,,,,,,,,,,,,,,,,,,,,,,none,none
sun3d-home_at-home_at_scan1_2013_jan_1,32,47,0.5410029865604778,0.6796874999999973,0.423,1,1,,,,,,,,,,,,,,,,,,,,,,,,,,,,,,,,,none,none
sun3d-home_at-home_at_scan1_2013_jan_1,32,48,0.22834743653558984,0.0,0.0,1,0,,,,,,,,,,,,,,,,,,,,,,,,,,,,,,,,,none,none
sun3d-home_at-home_at_scan1_2013_jan_1,33,35,0.3058560464132471,0.7695312499999969,0.7235,1,1,,,,,,,,,,,,,,,,,,,,,,,,,,,,,,,,,none,none
sun3d-home_at-home_at_scan1_2013_jan_1,33,46,0.31909107391067865,0.6054687499999976,0.567,1,1,,,,,,,,,,,,,,,,,,,,,,,,,,,,,,,,,none,none
sun3d-home_at-home_at_scan1_2013_jan_1,33,49,0.28567111863177613,0.03906249999999985,0.017,1,0,,,,,,,,,,,,,,,,,,,,,,,,,,,,,,,,,none,none
sun3d-home_at-home_at_scan1_2013_jan_1,34,38,0.46468906860011155,0.5664062499999978,0.492,1,1,,,,,,,,,,,,,,,,,,,,,,,,,,,,,,,,,none,none
sun3d-home_at-home_at_scan1_2013_jan_1,34,41,0.17822783045175683,0.6796874999999973,0.6475,1,1,,,,,,,,,,,,,,,,,,,,,,,,,,,,,,,,,none,none
sun3d-home_at-home_at_scan1_2013_jan_1,34,47,0.2731107083100948,0.8710937499999966,0.768,1,1,,,,,,,,,,,,,,,,,,,,,,,,,,,,,,,,,none,none
sun3d-home_at-home_at_scan1_2013_jan_1,34,51,0.19419269380925822,0.21874999999999914,0.202,1,0,,,,,,,,,,,,,,,,,,,,,,,,,,,,,,,,,none,none
sun3d-home_at-home_at_scan1_2013_jan_1,34,55,0.21744283324037925,0.7890624999999969,0.731,1,1,,,,,,,,,,,,,,,,,,,,,,,,,,,,,,,,,none,none
sun3d-home_at-home_at_scan1_2013_jan_1,35,36,0.3318860670101745,0.9218749999999963,0.895,1,0,,,,,,,,,,,,,,,,,,,,,,,,,,,,,,,,,none,none
sun3d-home_at-home_at_scan1_2013_jan_1,35,37,0.25587842962885465,0.8828124999999964,0.8685,1,1,,,,,,,,,,,,,,,,,,,,,,,,,,,,,,,,,none,none
sun3d-home_at-home_at_scan1_2013_jan_1,35,48,0.2577877749588052,0.8007812499999968,0.764,1,1,,,,,,,,,,,,,,,,,,,,,,,,,,,,,,,,,none,none
sun3d-home_at-home_at_scan1_2013_jan_1,35,51,0.46750189626762223,0.5703124999999977,0.4635,1,1,,,,,,,,,,,,,,,,,,,,,,,,,,,,,,,,,none,none
sun3d-home_at-home_at_scan1_2013_jan_1,35,52,0.2445792901420239,0.6953124999999972,0.464,1,1,,,,,,,,,,,,,,,,,,,,,,,,,,,,,,,,,none,none
sun3d-home_at-home_at_scan1_2013_jan_1,35,53,0.40038710014908585,0.8671874999999966,0.7385,1,1,,,,,,,,,,,,,,,,,,,,,,,,,,,,,,,,,none,none
sun3d-home_at-home_at_scan1_2013_jan_1,35,56,0.3151727565192373,0.8007812499999968,0.6815,1,1,,,,,,,,,,,,,,,,,,,,,,,,,,,,,,,,,none,none
sun3d-home_at-home_at_scan1_2013_jan_1,35,57,0.2349017864148772,0.5898437499999977,0.478,1,0,,,,,,,,,,,,,,,,,,,,,,,,,,,,,,,,,none,none
sun3d-home_at-home_at_scan1_2013_jan_1,35,58,0.26775298825621846,0.7734374999999969,0.661,1,1,,,,,,,,,,,,,,,,,,,,,,,,,,,,,,,,,none,none
sun3d-home_at-home_at_scan1_2013_jan_1,36,38,0.41606976019931485,0.7968749999999968,0.5845,1,1,,,,,,,,,,,,,,,,,,,,,,,,,,,,,,,,,none,none
sun3d-home_at-home_at_scan1_2013_jan_1,36,41,0.20597165991902833,0.8124999999999968,0.771,1,1,,,,,,,,,,,,,,,,,,,,,,,,,,,,,,,,,none,none
sun3d-home_at-home_at_scan1_2013_jan_1,36,47,0.280091871691062,0.8749999999999966,0.787,1,1,,,,,,,,,,,,,,,,,,,,,,,,,,,,,,,,,none,none
sun3d-home_at-home_at_scan1_2013_jan_1,36,50,0.3488788539395827,0.7304687499999971,0.68,1,1,,,,,,,,,,,,,,,,,,,,,,,,,,,,,,,,,none,none
sun3d-home_at-home_at_scan1_2013_jan_1,36,51,0.2332995951417004,0.6132812499999976,0.577,1,1,,,,,,,,,,,,,,,,,,,,,,,,,,,,,,,,,none,none
sun3d-home_at-home_at_scan1_2013_jan_1,36,55,0.3662799750856431,0.7656249999999969,0.7155,1,1,,,,,,,,,,,,,,,,,,,,,,,,,,,,,,,,,none,none
sun3d-home_at-home_at_scan1_2013_jan_1,37,39,0.2501909206618583,0.5781249999999977,0.4535,1,1,,,,,,,,,,,,,,,,,,,,,,,,,,,,,,,,,none,none
sun3d-home_at-home_at_scan1_2013_jan_1,37,41,0.17925328807806534,0.6953124999999972,0.6685,1,1,,,,,,,,,,,,,,,,,,,,,,,,,,,,,,,,,none,none
sun3d-home_at-home_at_scan1_2013_jan_1,37,47,0.21633432329232075,0.7265624999999971,0.6705,1,1,,,,,,,,,,,,,,,,,,,,,,,,,,,,,,,,,none,none
sun3d-home_at-home_at_scan1_2013_jan_1,37,48,0.42600763682647436,0.8398437499999967,0.7665,1,1,,,,,,,,,,,,,,,,,,,,,,,,,,,,,,,,,none,none
sun3d-home_at-home_at_scan1_2013_jan_1,37,50,0.2646584641493424,0.6132812499999976,0.5235,1,1,,,,,,,,,,,,,,,,,,,,,,,,,,,,,,,,,none,none
sun3d-home_at-home_at_scan1_2013_jan_1,37,51,0.2799321170980059,0.5976562499999976,0.3125,1,0,,,,,,,,,,,,,,,,,,,,,,,,,,,,,,,,,none,none
sun3d-home_at-home_at_scan1_2013_jan_1,37,55,0.3043699618158676,0.39453124999999845,0.237,1,1,,,,,,,,,,,,,,,,,,,,,,,,,,,,,,,,,none,none
sun3d-home_at-home_at_scan1_2013_jan_1,38,40,0.18051067854046812,0.6835937499999972,0.7295,1,1,,,,,,,,,,,,,,,,,,,,,,,,,,,,,,,,,none,none
sun3d-home_at-home_at_scan1_2013_jan_1,38,41,0.2001733785168256,0.8046874999999968,0.778,1,1,,,,,,,,,,,,,,,,,,,,,,,,,,,,,,,,,none,none
sun3d-home_at-home_at_scan1_2013_jan_1,38,48,0.32039561825202933,0.6484374999999974,0.6685,1,1,,,,,,,,,,,,,,,,,,,,,,,,,,,,,,,,,none,none
sun3d-home_at-home_at_scan1_2013_jan_1,39,41,0.3222917323011837,0.8398437499999967,0.7775,1,1,,,,,,,,,,,,,,,,,,,,,,,,,,,,,,,,,none,none
sun3d-home_at-home_at_scan1_2013_jan_1,39,42,0.22836311265133444,0.7070312499999972,0.633,1,1,,,,,,,,,,,,,,,,,,,,,,,,,,,,,,,,,none,none
sun3d-home_at-home_at_scan1_2013_jan_1,39,46,0.16733426346820288,0.28906249999999883,0.425,1,1,,,,,,,,,,,,,,,,,,,,,,,,,,,,,,,,,none,none
sun3d-home_at-home_at_scan1_2013_jan_1,39,47,0.1663891264233314,0.5312499999999979,0.4555,1,1,,,,,,,,,,,,,,,,,,,,,,,,,,,,,,,,,none,none
sun3d-home_at-home_at_scan1_2013_jan_1,40,42,0.34037472446730344,0.8789062499999964,0.7525,1,1,,,,,,,,,,,,,,,,,,,,,,,,,,,,,,,,,none,none
sun3d-home_at-home_at_scan1_2013_jan_1,40,43,0.16554922850844966,0.5976562499999976,0.4065,1,1,,,,,,,,,,,,,,,,,,,,,,,,,,,,,,,,,none,none
sun3d-home_at-home_at_scan1_2013_jan_1,40,44,0.19686811168258633,0.6406249999999974,0.43,1,1,,,,,,,,,,,,,,,,,,,,,,,,,,,,,,,,,none,none
sun3d-home_at-home_at_scan1_2013_jan_1,40,45,0.2039401175606172,0.3124999999999988,0.1915,1,1,,,,,,,,,,,,,,,,,,,,,,,,,,,,,,,,,none,none
sun3d-home_at-home_at_scan1_2013_jan_1,40,46,0.2664401175606172,0.6640624999999973,0.565,1,1,,,,,,,,,,,,,,,,,,,,,,,,,,,,,,,,,none,none
sun3d-home_at-home_at_scan1_2013_jan_1,40,47,0.2306208670095518,0.8281249999999967,0.663,1,1,,,,,,,,,,,,,,,,,,,,,,,,,,,,,,,,,none,none
sun3d-home_at-home_at_scan1_2013_jan_1,40,48,0.14910911094783247,0.5937499999999977,0.5845,1,1,,,,,,,,,,,,,,,,,,,,,,,,,,,,,,,,,none,none
sun3d-home_at-home_at_scan1_2013_jan_1,41,43,0.2802342606149341,0.7304687499999971,0.4995,1,1,,,,,,,,,,,,,,,,,,,,,,,,,,,,,,,,,none,none
sun3d-home_at-home_at_scan1_2013_jan_1,41,44,0.3304831625183016,0.6914062499999972,0.559,1,1,,,,,,,,,,,,,,,,,,,,,,,,,,,,,,,,,none,none
sun3d-home_at-home_at_scan1_2013_jan_1,41,45,0.3419033674963397,0.7109374999999971,0.512,1,1,,,,,,,,,,,,,,,,,,,,,,,,,,,,,,,,,none,none
sun3d-home_at-home_at_scan1_2013_jan_1,43,48,0.1599970949233786,0.1015624999999996,0.015,1,0,,,,,,,,,,,,,,,,,,,,,,,,,,,,,,,,,none,none
sun3d-home_at-home_at_scan1_2013_jan_1,44,48,0.13267920754952817,0.054687499999999785,0.0,1,0,,,,,,,,,,,,,,,,,,,,,,,,,,,,,,,,,none,none
sun3d-home_at-home_at_scan1_2013_jan_1,46,48,0.33650974256862465,0.6640624999999973,0.647,1,1,,,,,,,,,,,,,,,,,,,,,,,,,,,,,,,,,none,none
sun3d-home_at-home_at_scan1_2013_jan_1,47,49,0.23301922762677707,0.742187499999997,0.7355,1,1,,,,,,,,,,,,,,,,,,,,,,,,,,,,,,,,,none,none
sun3d-home_at-home_at_scan1_2013_jan_1,48,50,0.37740478994895954,0.9179687499999963,0.887,1,1,,,,,,,,,,,,,,,,,,,,,,,,,,,,,,,,,none,none
sun3d-home_at-home_at_scan1_2013_jan_1,48,51,0.16072830781311348,0.5273437499999979,0.4945,1,1,,,,,,,,,,,,,,,,,,,,,,,,,,,,,,,,,none,none
sun3d-home_at-home_at_scan1_2013_jan_1,49,52,0.298167172941056,0.35546874999999856,0.2095,1,1,,,,,,,,,,,,,,,,,,,,,,,,,,,,,,,,,none,none
sun3d-home_at-home_at_scan1_2013_jan_1,49,53,0.2743779651182634,0.5156249999999979,0.3155,1,1,,,,,,,,,,,,,,,,,,,,,,,,,,,,,,,,,none,none
sun3d-home_at-home_at_scan1_2013_jan_1,49,54,0.33100105805658897,0.496093749999998,0.294,1,1,,,,,,,,,,,,,,,,,,,,,,,,,,,,,,,,,none,none
sun3d-home_at-home_at_scan1_2013_jan_1,49,55,0.5391310283627427,0.6601562499999973,0.504,1,1,,,,,,,,,,,,,,,,,,,,,,,,,,,,,,,,,none,none
sun3d-home_at-home_at_scan1_2013_jan_1,49,56,0.2238642957097512,0.5664062499999978,0.36,1,1,,,,,,,,,,,,,,,,,,,,,,,,,,,,,,,,,none,none
sun3d-home_at-home_at_scan1_2013_jan_1,50,52,0.301596647386832,0.3242187499999987,0.1885,1,1,,,,,,,,,,,,,,,,,,,,,,,,,,,,,,,,,none,none
sun3d-home_at-home_at_scan1_2013_jan_1,50,53,0.3166972604163059,0.49218749999999806,0.275,1,1,,,,,,,,,,,,,,,,,,,,,,,,,,,,,,,,,none,none
sun3d-home_at-home_at_scan1_2013_jan_1,50,54,0.4126692757939944,0.6835937499999972,0.482,1,1,,,,,,,,,,,,,,,,,,,,,,,,,,,,,,,,,none,none
sun3d-home_at-home_at_scan1_2013_jan_1,50,55,0.5250580126762027,0.6757812499999973,0.5125,1,1,,,,,,,,,,,,,,,,,,,,,,,,,,,,,,,,,none,none
sun3d-home_at-home_at_scan1_2013_jan_1,50,56,0.26484951338620855,0.6562499999999973,0.463,1,1,,,,,,,,,,,,,,,,,,,,,,,,,,,,,,,,,none,none
sun3d-home_at-home_at_scan1_2013_jan_1,50,57,0.21566861773975687,0.5429687499999978,0.3245,1,0,,,,,,,,,,,,,,,,,,,,,,,,,,,,,,,,,none,none
sun3d-home_at-home_at_scan1_2013_jan_1,50,58,0.2685900322100232,0.8007812499999968,0.5505,1,1,,,,,,,,,,,,,,,,,,,,,,,,,,,,,,,,,none,none
sun3d-home_at-home_at_scan1_2013_jan_1,51,52,0.4015983138666901,0.5546874999999978,0.3835,1,0,,,,,,,,,,,,,,,,,,,,,,,,,,,,,,,,,none,none
sun3d-home_at-home_at_scan1_2013_jan_1,51,53,0.2886625098796874,0.4765624999999981,0.2435,1,1,,,,,,,,,,,,,,,,,,,,,,,,,,,,,,,,,none,none
sun3d-home_at-home_at_scan1_2013_jan_1,51,54,0.46908755598489504,0.5664062499999978,0.38,1,0,,,,,,,,,,,,,,,,,,,,,,,,,,,,,,,,,none,none
sun3d-home_at-home_at_scan1_2013_jan_1,51,57,0.2215245455343813,0.5820312499999977,0.323,1,0,,,,,,,,,,,,,,,,,,,,,,,,,,,,,,,,,none,none
sun3d-home_at-home_at_scan1_2013_jan_1,51,58,0.2373320453148327,0.4335937499999983,0.258,1,0,,,,,,,,,,,,,,,,,,,,,,,,,,,,,,,,,none,none
sun3d-home_at-home_at_scan1_2013_jan_1,52,57,0.22590624789831193,0.3710937499999985,0.2015,1,1,,,,,,,,,,,,,,,,,,,,,,,,,,,,,,,,,none,none
sun3d-home_at-home_at_scan1_2013_jan_1,52,58,0.229941489003968,0.3046874999999988,0.1545,1,0,,,,,,,,,,,,,,,,,,,,,,,,,,,,,,,,,none,none
sun3d-home_at-home_at_scan1_2013_jan_1,53,57,0.336636673151751,0.757812499999997,0.6165,1,1,,,,,,,,,,,,,,,,,,,,,,,,,,,,,,,,,none,none
sun3d-home_at-home_at_scan1_2013_jan_1,54,56,0.24194955583756345,0.8124999999999968,0.721,1,1,,,,,,,,,,,,,,,,,,,,,,,,,,,,,,,,,none,none
sun3d-home_at-home_at_scan1_2013_jan_1,54,57,0.24298064720812182,0.7304687499999971,0.628,1,1,,,,,,,,,,,,,,,,,,,,,,,,,,,,,,,,,none,none
sun3d-home_at-home_at_scan1_2013_jan_1,54,58,0.24504282994923857,0.6679687499999973,0.6305,1,1,,,,,,,,,,,,,,,,,,,,,,,,,,,,,,,,,none,none
sun3d-home_at-home_at_scan1_2013_jan_1,55,56,0.3350749567943411,0.8828124999999964,0.843,1,0,,,,,,,,,,,,,,,,,,,,,,,,,,,,,,,,,none,none
sun3d-home_at-home_at_scan1_2013_jan_1,55,58,0.2377717937381938,0.8085937499999968,0.6935,1,1,,,,,,,,,,,,,,,,,,,,,,,,,,,,,,,,,none,none
sun3d-home_at-home_at_scan1_2013_jan_1,57,59,0.24465310380803337,0.6015624999999976,0.572,1,1,,,,,,,,,,,,,,,,,,,,,,,,,,,,,,,,,none,none
sun3d-home_md-home_md_scan9_2012_sep_30,0,1,0.4818554609991622,0.6054687499999976,0.2815,1,0,,,,,,,,,,,,,,,,,,,,,,,,,,,,,,,,,none,none
sun3d-home_md-home_md_scan9_2012_sep_30,0,51,0.2760703734732572,0.5742187499999977,0.501,1,1,,,,,,,,,,,,,,,,,,,,,,,,,,,,,,,,,none,none
sun3d-home_md-home_md_scan9_2012_sep_30,0,52,0.27946558490233253,0.4414062499999982,0.4825,1,1,,,,,,,,,,,,,,,,,,,,,,,,,,,,,,,,,none,none
sun3d-home_md-home_md_scan9_2012_sep_30,0,53,0.24604259447065568,0.5624999999999978,0.6,1,1,,,,,,,,,,,,,,,,,,,,,,,,,,,,,,,,,none,none
sun3d-home_md-home_md_scan9_2012_sep_30,0,54,0.2930023369637109,0.6914062499999972,0.681,1,1,,,,,,,,,,,,,,,,,,,,,,,,,,,,,,,,,none,none
sun3d-home_md-home_md_scan9_2012_sep_30,0,55,0.3052603730323207,0.6562499999999973,0.6085,1,1,,,,,,,,,,,,,,,,,,,,,,,,,,,,,,,,,none,none
sun3d-home_md-home_md_scan9_2012_sep_30,0,56,0.26544380263680056,0.48437499999999806,0.4185,1,1,,,,,,,,,,,,,,,,,,,,,,,,,,,,,,,,,none,none
sun3d-home_md-home_md_scan9_2012_sep_30,0,57,0.32148683804400546,0.749999999999997,0.6505,1,1,,,,,,,,,,,,,,,,,,,,,,,,,,,,,,,,,none,none
sun3d-home_md-home_md_scan9_2012_sep_30,0,58,0.4331319723091847,0.7812499999999969,0.742,1,1,,,,,,,,,,,,,,,,,,,,,,,,,,,,,,,,,none,none
sun3d-home_md-home_md_scan9_2012_sep_30,0,59,0.2762026544380264,0.6171874999999976,0.6165,1,1,,,,,,,,,,,,,,,,,,,,,,,,,,,,,,,,,none,none
sun3d-home_md-home_md_scan9_2012_sep_30,1,3,0.24945006599208094,0.6445312499999974,0.4515,1,1,,,,,,,,,,,,,,,,,,,,,,,,,,,,,,,,,none,none
sun3d-home_md-home_md_scan9_2012_sep_30,1,4,0.1974563052433708,0.6171874999999976,0.488,1,1,,,,,,,,,,,,,,,,,,,,,,,,,,,,,,,,,none,none
sun3d-home_md-home_md_scan9_2012_sep_30,1,5,0.2677678678558573,0.5976562499999976,0.438,1,1,,,,,,,,,,,,,,,,,,,,,,,,,,,,,,,,,none,none
sun3d-home_md-home_md_scan9_2012_sep_30,1,6,0.23561172659280885,0.4023437499999984,0.187,1,1,,,,,,,,,,,,,,,,,,,,,,,,,,,,,,,,,none,none
sun3d-home_md-home_md_scan9_2012_sep_30,1,7,0.3994320681518218,0.7773437499999969,0.5775,1,1,,,,,,,,,,,,,,,,,,,,,,,,,,,,,,,,,none,none
sun3d-home_md-home_md_scan9_2012_sep_30,1,8,0.29564452265728114,0.6718749999999973,0.5575,1,1,,,,,,,,,,,,,,,,,,,,,,,,,,,,,,,,,none,none
sun3d-home_md-home_md_scan9_2012_sep_30,1,37,0.17213934327880653,0.42187499999999833,0.172,1,1,,,,,,,,,,,,,,,,,,,,,,,,,,,,,,,,,none,none
sun3d-home_md-home_md_scan9_2012_sep_30,1,38,0.31984161900571934,0.7734374999999969,0.6355,1,1,,,,,,,,,,,,,,,,,,,,,,,,,,,,,,,,,none,none
sun3d-home_md-home_md_scan9_2012_sep_30,1,46,0.252889653241611,0.753906249999997,0.7165,1,1,,,,,,,,,,,,,,,,,,,,,,,,,,,,,,,,,none,none
sun3d-home_md-home_md_scan9_2012_sep_30,2,3,0.5559816500609275,0.8906249999999964,0.87,1,0,,,,,,,,,,,,,,,,,,,,,,,,,,,,,,,,,none,none
sun3d-home_md-home_md_scan9_2012_sep_30,2,4,0.4584259192889399,0.8515624999999966,0.841,1,1,,,,,,,,,,,,,,,,,,,,,,,,,,,,,,,,,none,none
sun3d-home_md-home_md_scan9_2012_sep_30,2,6,0.44853415525768764,0.7890624999999969,0.7435,1,1,,,,,,,,,,,,,,,,,,,,,,,,,,,,,,,,,none,none
sun3d-home_md-home_md_scan9_2012_sep_30,2,9,0.2004157408071106,0.14062499999999944,0.047,1,0,,,,,,,,,,,,,,,,,,,,,,,,,,,,,,,,,none,none
sun3d-home_md-home_md_scan9_2012_sep_30,2,36,0.21528922657873986,0.03515624999999986,0.008,1,0,,,,,,,,,,,,,,,,,,,,,,,,,,,,,,,,,none,none
sun3d-home_md-home_md_scan9_2012_sep_30,2,37,0.35929324062791196,0.8085937499999968,0.5225,1,1,,,,,,,,,,,,,,,,,,,,,,,,,,,,,,,,,none,none
sun3d-home_md-home_md_scan9_2012_sep_30,2,38,0.5880940434377464,0.8593749999999966,0.748,1,1,,,,,,,,,,,,,,,,,,,,,,,,,,,,,,,,,none,none
sun3d-home_md-home_md_scan9_2012_sep_30,2,39,0.4175327933481471,0.8984374999999964,0.8085,1,1,,,,,,,,,,,,,,,,,,,,,,,,,,,,,,,,,none,none
sun3d-home_md-home_md_scan9_2012_sep_30,2,40,0.372589778510501,0.8867187499999964,0.847,1,1,,,,,,,,,,,,,,,,,,,,,,,,,,,,,,,,,none,none
sun3d-home_md-home_md_scan9_2012_sep_30,2,41,0.24510787757150024,0.9062499999999963,0.8335,1,1,,,,,,,,,,,,,,,,,,,,,,,,,,,,,,,,,none,none
sun3d-home_md-home_md_scan9_2012_sep_30,2,45,0.21829976345781665,0.7812499999999969,0.7555,1,1,,,,,,,,,,,,,,,,,,,,,,,,,,,,,,,,,none,none
sun3d-home_md-home_md_scan9_2012_sep_30,2,46,0.49340549064583183,0.9101562499999963,0.806,1,1,,,,,,,,,,,,,,,,,,,,,,,,,,,,,,,,,none,none
sun3d-home_md-home_md_scan9_2012_sep_30,2,47,0.24457028170023654,0.8867187499999964,0.8245,1,1,,,,,,,,,,,,,,,,,,,,,,,,,,,,,,,,,none,none
sun3d-home_md-home_md_scan9_2012_sep_30,2,49,0.17557881155472727,0.7929687499999968,0.768,1,1,,,,,,,,,,,,,,,,,,,,,,,,,,,,,,,,,none,none
sun3d-home_md-home_md_scan9_2012_sep_30,3,8,0.21688007364633025,0.6171874999999976,0.636,1,1,,,,,,,,,,,,,,,,,,,,,,,,,,,,,,,,,none,none
sun3d-home_md-home_md_scan9_2012_sep_30,3,45,0.5061929868608251,0.7343749999999971,0.8235,1,1,,,,,,,,,,,,,,,,,,,,,,,,,,,,,,,,,none,none
sun3d-home_md-home_md_scan9_2012_sep_30,3,48,0.25587915306720227,0.8203124999999967,0.707,1,1,,,,,,,,,,,,,,,,,,,,,,,,,,,,,,,,,none,none
sun3d-home_md-home_md_scan9_2012_sep_30,3,49,0.3488158004853963,0.8906249999999964,0.801,1,1,,,,,,,,,,,,,,,,,,,,,,,,,,,,,,,,,none,none
sun3d-home_md-home_md_scan9_2012_sep_30,4,8,0.17419664652447076,0.5234374999999979,0.585,1,1,,,,,,,,,,,,,,,,,,,,,,,,,,,,,,,,,none,none
sun3d-home_md-home_md_scan9_2012_sep_30,4,30,0.21305374364720478,0.6640624999999973,0.6405,1,1,,,,,,,,,,,,,,,,,,,,,,,,,,,,,,,,,none,none
sun3d-home_md-home_md_scan9_2012_sep_30,4,41,0.49801912841650325,0.9335937499999962,0.8875,1,1,,,,,,,,,,,,,,,,,,,,,,,,,,,,,,,,,none,none
sun3d-home_md-home_md_scan9_2012_sep_30,4,45,0.47672976109488174,0.7148437499999971,0.8035,1,1,,,,,,,,,,,,,,,,,,,,,,,,,,,,,,,,,none,none
sun3d-home_md-home_md_scan9_2012_sep_30,4,47,0.5004602024890952,0.9570312499999962,0.884,1,1,,,,,,,,,,,,,,,,,,,,,,,,,,,,,,,,,none,none
sun3d-home_md-home_md_scan9_2012_sep_30,4,48,0.24818920324942975,0.8671874999999966,0.8225,1,1,,,,,,,,,,,,,,,,,,,,,,,,,,,,,,,,,none,none
sun3d-home_md-home_md_scan9_2012_sep_30,4,49,0.335027412061307,0.9374999999999962,0.8935,1,1,,,,,,,,,,,,,,,,,,,,,,,,,,,,,,,,,none,none
sun3d-home_md-home_md_scan9_2012_sep_30,5,8,0.238259639782039,0.7070312499999972,0.7305,1,1,,,,,,,,,,,,,,,,,,,,,,,,,,,,,,,,,none,none
sun3d-home_md-home_md_scan9_2012_sep_30,5,37,0.14562622187097043,0.6210937499999976,0.6085,1,0,,,,,,,,,,,,,,,,,,,,,,,,,,,,,,,,,none,none
sun3d-home_md-home_md_scan9_2012_sep_30,5,41,0.3960733746516368,0.9492187499999962,0.8865,1,1,,,,,,,,,,,,,,,,,,,,,,,,,,,,,,,,,none,none
sun3d-home_md-home_md_scan9_2012_sep_30,5,45,0.48184351732457054,0.761718749999997,0.787,1,1,,,,,,,,,,,,,,,,,,,,,,,,,,,,,,,,,none,none
sun3d-home_md-home_md_scan9_2012_sep_30,5,47,0.3966141175491868,0.9414062499999962,0.891,1,1,,,,,,,,,,,,,,,,,,,,,,,,,,,,,,,,,none,none
sun3d-home_md-home_md_scan9_2012_sep_30,5,48,0.18593236554219875,0.749999999999997,0.719,1,1,,,,,,,,,,,,,,,,,,,,,,,,,,,,,,,,,none,none
sun3d-home_md-home_md_scan9_2012_sep_30,5,49,0.2536916101659665,0.8476562499999966,0.832,1,1,,,,,,,,,,,,,,,,,,,,,,,,,,,,,,,,,none,none
sun3d-home_md-home_md_scan9_2012_sep_30,6,8,0.17020555202373383,0.46484374999999817,0.4395,1,1,,,,,,,,,,,,,,,,,,,,,,,,,,,,,,,,,none,none
sun3d-home_md-home_md_scan9_2012_sep_30,6,40,0.402373384191566,0.9101562499999963,0.815,1,1,,,,,,,,,,,,,,,,,,,,,,,,,,,,,,,,,none,none
sun3d-home_md-home_md_scan9_2012_sep_30,6,41,0.2187751642297097,0.8281249999999967,0.7725,1,1,,,,,,,,,,,,,,,,,,,,,,,,,,,,,,,,,none,none
sun3d-home_md-home_md_scan9_2012_sep_30,6,45,0.46272515363424455,0.749999999999997,0.7645,1,1,,,,,,,,,,,,,,,,,,,,,,,,,,,,,,,,,none,none
sun3d-home_md-home_md_scan9_2012_sep_30,6,47,0.21720703538885358,0.7304687499999971,0.7195,1,1,,,,,,,,,,,,,,,,,,,,,,,,,,,,,,,,,none,none
sun3d-home_md-home_md_scan9_2012_sep_30,7,8,0.39826248230757966,0.8945312499999964,0.8355,1,0,,,,,,,,,,,,,,,,,,,,,,,,,,,,,,,,,none,none
sun3d-home_md-home_md_scan9_2012_sep_30,7,37,0.2795158377666065,0.8085937499999968,0.7035,1,1,,,,,,,,,,,,,,,,,,,,,,,,,,,,,,,,,none,none
sun3d-home_md-home_md_scan9_2012_sep_30,7,40,0.5199863341305091,0.9257812499999963,0.881,1,1,,,,,,,,,,,,,,,,,,,,,,,,,,,,,,,,,none,none
sun3d-home_md-home_md_scan9_2012_sep_30,7,41,0.295133974327688,0.8320312499999967,0.817,1,1,,,,,,,,,,,,,,,,,,,,,,,,,,,,,,,,,none,none
sun3d-home_md-home_md_scan9_2012_sep_30,7,45,0.35682561374396016,0.8164062499999968,0.773,1,1,,,,,,,,,,,,,,,,,,,,,,,,,,,,,,,,,none,none
sun3d-home_md-home_md_scan9_2012_sep_30,7,47,0.3002098687100395,0.8515624999999966,0.793,1,1,,,,,,,,,,,,,,,,,,,,,,,,,,,,,,,,,none,none
sun3d-home_md-home_md_scan9_2012_sep_30,7,49,0.17419102933281272,0.6953124999999972,0.6955,1,1,,,,,,,,,,,,,,,,,,,,,,,,,,,,,,,,,none,none
sun3d-home_md-home_md_scan9_2012_sep_30,8,10,0.22763954270342973,0.249999999999999,0.156,1,1,,,,,,,,,,,,,,,,,,,,,,,,,,,,,,,,,none,none
sun3d-home_md-home_md_scan9_2012_sep_30,8,32,0.25378278412911903,0.015624999999999938,0.001,1,0,,,,,,,,,,,,,,,,,,,,,,,,,,,,,,,,,none,none
sun3d-home_md-home_md_scan9_2012_sep_30,8,33,0.19006388702084734,0.24218749999999903,0.087,1,0,,,,,,,,,,,,,,,,,,,,,,,,,,,,,,,,,none,none
sun3d-home_md-home_md_scan9_2012_sep_30,8,39,0.1664425016812374,0.3749999999999985,0.4915,1,1,,,,,,,,,,,,,,,,,,,,,,,,,,,,,,,,,none,none
sun3d-home_md-home_md_scan9_2012_sep_30,8,40,0.18115332885003363,0.4257812499999983,0.487,1,1,,,,,,,,,,,,,,,,,,,,,,,,,,,,,,,,,none,none
sun3d-home_md-home_md_scan9_2012_sep_30,8,46,0.24747814391392065,0.5546874999999978,0.582,1,1,,,,,,,,,,,,,,,,,,,,,,,,,,,,,,,,,none,none
sun3d-home_md-home_md_scan9_2012_sep_30,9,12,0.36012533702543176,0.6874999999999972,0.5165,1,1,,,,,,,,,,,,,,,,,,,,,,,,,,,,,,,,,none,none
sun3d-home_md-home_md_scan9_2012_sep_30,9,32,0.3567004299351454,0.3984374999999984,0.3265,1,1,,,,,,,,,,,,,,,,,,,,,,,,,,,,,,,,,none,none
sun3d-home_md-home_md_scan9_2012_sep_30,9,33,0.34307367193762295,0.28515624999999883,0.157,1,0,,,,,,,,,,,,,,,,,,,,,,,,,,,,,,,,,none,none
sun3d-home_md-home_md_scan9_2012_sep_30,10,32,0.32764348722648645,0.3242187499999987,0.158,1,1,,,,,,,,,,,,,,,,,,,,,,,,,,,,,,,,,none,none
sun3d-home_md-home_md_scan9_2012_sep_30,10,33,0.35519532592507735,0.26953124999999895,0.144,1,0,,,,,,,,,,,,,,,,,,,,,,,,,,,,,,,,,none,none
sun3d-home_md-home_md_scan9_2012_sep_30,10,35,0.3779356169091534,0.5976562499999976,0.3065,1,1,,,,,,,,,,,,,,,,,,,,,,,,,,,,,,,,,none,none
sun3d-home_md-home_md_scan9_2012_sep_30,10,36,0.3089128193378394,0.8164062499999968,0.5895,1,1,,,,,,,,,,,,,,,,,,,,,,,,,,,,,,,,,none,none
sun3d-home_md-home_md_scan9_2012_sep_30,11,32,0.3261359505634315,0.06249999999999975,0.018,1,0,,,,,,,,,,,,,,,,,,,,,,,,,,,,,,,,,none,none
sun3d-home_md-home_md_scan9_2012_sep_30,11,33,0.2810614322064704,0.023437499999999906,0.0,1,0,,,,,,,,,,,,,,,,,,,,,,,,,,,,,,,,,none,none
sun3d-home_md-home_md_scan9_2012_sep_30,11,35,0.21264994547437296,0.1015624999999996,0.005,1,0,,,,,,,,,,,,,,,,,,,,,,,,,,,,,,,,,none,none
sun3d-home_md-home_md_scan9_2012_sep_30,11,36,0.20079970919665577,0.4374999999999983,0.2255,1,1,,,,,,,,,,,,,,,,,,,,,,,,,,,,,,,,,none,none
sun3d-home_md-home_md_scan9_2012_sep_30,12,13,0.37646228317870106,0.11328124999999954,0.1355,1,0,,,,,,,,,,,,,,,,,,,,,,,,,,,,,,,,,none,none
sun3d-home_md-home_md_scan9_2012_sep_30,12,14,0.15611133521581283,0.027343749999999892,0.0095,1,0,,,,,,,,,,,,,,,,,,,,,,,,,,,,,,,,,none,none
sun3d-home_md-home_md_scan9_2012_sep_30,12,32,0.327148043565954,0.027343749999999892,0.004,1,0,,,,,,,,,,,,,,,,,,,,,,,,,,,,,,,,,none,none
sun3d-home_md-home_md_scan9_2012_sep_30,12,33,0.3659741831383622,0.0,0.0,1,0,,,,,,,,,,,,,,,,,,,,,,,,,,,,,,,,,none,none
sun3d-home_md-home_md_scan9_2012_sep_30,12,35,0.27016942315449777,0.09374999999999963,0.046,1,0,,,,,,,,,,,,,,,,,,,,,,,,,,,,,,,,,none,none
sun3d-home_md-home_md_scan9_2012_sep_30,13,17,0.33704614494430785,0.5859374999999977,0.5195,1,1,,,,,,,,,,,,,,,,,,,,,,,,,,,,,,,,,none,none
sun3d-home_md-home_md_scan9_2012_sep_30,13,18,0.37169101692463474,0.7187499999999971,0.731,1,1,,,,,,,,,,,,,,,,,,,,,,,,,,,,,,,,,none,none
sun3d-home_md-home_md_scan9_2012_sep_30,13,19,0.3295240850571387,0.5976562499999976,0.5575,1,1,,,,,,,,,,,,,,,,,,,,,,,,,,,,,,,,,none,none
sun3d-home_md-home_md_scan9_2012_sep_30,13,23,0.2184290467235643,0.10937499999999957,0.052,1,0,,,,,,,,,,,,,,,,,,,,,,,,,,,,,,,,,none,none
sun3d-home_md-home_md_scan9_2012_sep_30,13,54,0.36597714451034286,0.21874999999999914,0.2145,1,1,,,,,,,,,,,,,,,,,,,,,,,,,,,,,,,,,none,none
sun3d-home_md-home_md_scan9_2012_sep_30,13,55,0.39997106900043394,0.6679687499999973,0.6295,1,1,,,,,,,,,,,,,,,,,,,,,,,,,,,,,,,,,none,none
sun3d-home_md-home_md_scan9_2012_sep_30,13,56,0.3566468971502965,0.503906249999998,0.4365,1,1,,,,,,,,,,,,,,,,,,,,,,,,,,,,,,,,,none,none
sun3d-home_md-home_md_scan9_2012_sep_30,13,57,0.361999132070013,0.6054687499999976,0.555,1,0,,,,,,,,,,,,,,,,,,,,,,,,,,,,,,,,,none,none
sun3d-home_md-home_md_scan9_2012_sep_30,13,58,0.35020974974685376,0.5234374999999979,0.4555,1,1,,,,,,,,,,,,,,,,,,,,,,,,,,,,,,,,,none,none
sun3d-home_md-home_md_scan9_2012_sep_30,14,17,0.2030573667196318,0.6210937499999976,0.563,1,1,,,,,,,,,,,,,,,,,,,,,,,,,,,,,,,,,none,none
sun3d-home_md-home_md_scan9_2012_sep_30,14,18,0.25171223494603034,0.7343749999999971,0.783,1,1,,,,,,,,,,,,,,,,,,,,,,,,,,,,,,,,,none,none
sun3d-home_md-home_md_scan9_2012_sep_30,14,19,0.22672730261355542,0.6523437499999974,0.6995,1,1,,,,,,,,,,,,,,,,,,,,,,,,,,,,,,,,,none,none
sun3d-home_md-home_md_scan9_2012_sep_30,14,23,0.23494603035450112,0.49218749999999806,0.483,1,1,,,,,,,,,,,,,,,,,,,,,,,,,,,,,,,,,none,none
sun3d-home_md-home_md_scan9_2012_sep_30,14,24,0.3439263601994411,0.7070312499999972,0.6265,1,1,,,,,,,,,,,,,,,,,,,,,,,,,,,,,,,,,none,none
sun3d-home_md-home_md_scan9_2012_sep_30,14,25,0.22228918963344474,0.29687499999999883,0.3325,1,1,,,,,,,,,,,,,,,,,,,,,,,,,,,,,,,,,none,none
sun3d-home_md-home_md_scan9_2012_sep_30,14,54,0.28310777491644296,0.058593749999999764,0.057,1,0,,,,,,,,,,,,,,,,,,,,,,,,,,,,,,,,,none,none
sun3d-home_md-home_md_scan9_2012_sep_30,14,55,0.3386115829269629,0.6992187499999972,0.6095,1,1,,,,,,,,,,,,,,,,,,,,,,,,,,,,,,,,,none,none
sun3d-home_md-home_md_scan9_2012_sep_30,14,56,0.31883184483042026,0.48828124999999806,0.5185,1,1,,,,,,,,,,,,,,,,,,,,,,,,,,,,,,,,,none,none
sun3d-home_md-home_md_scan9_2012_sep_30,14,57,0.3065585447372747,0.6328124999999974,0.5815,1,1,,,,,,,,,,,,,,,,,,,,,,,,,,,,,,,,,none,none
sun3d-home_md-home_md_scan9_2012_sep_30,14,58,0.2875458878965536,0.3046874999999988,0.3145,1,1,,,,,,,,,,,,,,,,,,,,,,,,,,,,,,,,,none,none
sun3d-home_md-home_md_scan9_2012_sep_30,15,17,0.24080976863753215,0.6992187499999972,0.662,1,1,,,,,,,,,,,,,,,,,,,,,,,,,,,,,,,,,none,none
sun3d-home_md-home_md_scan9_2012_sep_30,15,18,0.2682519280205656,0.7656249999999969,0.7925,1,1,,,,,,,,,,,,,,,,,,,,,,,,,,,,,,,,,none,none
sun3d-home_md-home_md_scan9_2012_sep_30,15,19,0.2501285347043702,0.6718749999999973,0.7025,1,1,,,,,,,,,,,,,,,,,,,,,,,,,,,,,,,,,none,none
sun3d-home_md-home_md_scan9_2012_sep_30,15,23,0.25912596401028276,0.33203124999999867,0.3445,1,1,,,,,,,,,,,,,,,,,,,,,,,,,,,,,,,,,none,none
sun3d-home_md-home_md_scan9_2012_sep_30,15,24,0.3872107969151671,0.7148437499999971,0.7495,1,1,,,,,,,,,,,,,,,,,,,,,,,,,,,,,,,,,none,none
sun3d-home_md-home_md_scan9_2012_sep_30,15,25,0.25327763496143957,0.4023437499999984,0.4785,1,1,,,,,,,,,,,,,,,,,,,,,,,,,,,,,,,,,none,none
sun3d-home_md-home_md_scan9_2012_sep_30,15,54,0.29839331619537274,0.5937499999999977,0.518,1,1,,,,,,,,,,,,,,,,,,,,,,,,,,,,,,,,,none,none
sun3d-home_md-home_md_scan9_2012_sep_30,15,55,0.33952442159383034,0.7734374999999969,0.652,1,1,,,,,,,,,,,,,,,,,,,,,,,,,,,,,,,,,none,none
sun3d-home_md-home_md_scan9_2012_sep_30,15,56,0.3498071979434447,0.7226562499999971,0.639,1,1,,,,,,,,,,,,,,,,,,,,,,,,,,,,,,,,,none,none
sun3d-home_md-home_md_scan9_2012_sep_30,15,57,0.32011568123393314,0.753906249999997,0.649,1,1,,,,,,,,,,,,,,,,,,,,,,,,,,,,,,,,,none,none
sun3d-home_md-home_md_scan9_2012_sep_30,15,58,0.2982005141388175,0.5703124999999977,0.5285,1,1,,,,,,,,,,,,,,,,,,,,,,,,,,,,,,,,,none,none
sun3d-home_md-home_md_scan9_2012_sep_30,16,17,0.38171650863116946,0.8164062499999968,0.735,1,0,,,,,,,,,,,,,,,,,,,,,,,,,,,,,,,,,none,none
sun3d-home_md-home_md_scan9_2012_sep_30,16,19,0.3412756301158927,0.7148437499999971,0.775,1,1,,,,,,,,,,,,,,,,,,,,,,,,,,,,,,,,,none,none
sun3d-home_md-home_md_scan9_2012_sep_30,16,20,0.20244752411054381,0.48828124999999806,0.419,1,1,,,,,,,,,,,,,,,,,,,,,,,,,,,,,,,,,none,none
sun3d-home_md-home_md_scan9_2012_sep_30,16,21,0.17310965232190614,0.29687499999999883,0.3285,1,1,,,,,,,,,,,,,,,,,,,,,,,,,,,,,,,,,none,none
sun3d-home_md-home_md_scan9_2012_sep_30,16,22,0.22676067752654186,0.4062499999999984,0.3525,1,1,,,,,,,,,,,,,,,,,,,,,,,,,,,,,,,,,none,none
sun3d-home_md-home_md_scan9_2012_sep_30,16,23,0.33689926250101304,0.6171874999999976,0.6305,1,1,,,,,,,,,,,,,,,,,,,,,,,,,,,,,,,,,none,none
sun3d-home_md-home_md_scan9_2012_sep_30,16,25,0.23065078207310155,0.21484374999999914,0.1825,1,1,,,,,,,,,,,,,,,,,,,,,,,,,,,,,,,,,none,none
sun3d-home_md-home_md_scan9_2012_sep_30,16,54,0.42588540400356595,0.7031249999999972,0.6745,1,1,,,,,,,,,,,,,,,,,,,,,,,,,,,,,,,,,none,none
sun3d-home_md-home_md_scan9_2012_sep_30,16,58,0.42045546640732634,0.6132812499999976,0.5095,1,1,,,,,,,,,,,,,,,,,,,,,,,,,,,,,,,,,none,none
sun3d-home_md-home_md_scan9_2012_sep_30,17,23,0.31195965417867433,0.21874999999999914,0.235,1,1,,,,,,,,,,,,,,,,,,,,,,,,,,,,,,,,,none,none
sun3d-home_md-home_md_scan9_2012_sep_30,17,34,0.24663784822286264,0.08984374999999964,0.0935,1,1,,,,,,,,,,,,,,,,,,,,,,,,,,,,,,,,,none,none
sun3d-home_md-home_md_scan9_2012_sep_30,18,24,0.2702062100023702,0.12890624999999947,0.1275,1,1,,,,,,,,,,,,,,,,,,,,,,,,,,,,,,,,,none,none
sun3d-home_md-home_md_scan9_2012_sep_30,18,59,0.5171841668641858,0.0781249999999997,0.053,1,1,,,,,,,,,,,,,,,,,,,,,,,,,,,,,,,,,none,none
sun3d-home_md-home_md_scan9_2012_sep_30,19,21,0.3458366586858207,0.11328124999999954,0.1295,1,1,,,,,,,,,,,,,,,,,,,,,,,,,,,,,,,,,none,none
sun3d-home_md-home_md_scan9_2012_sep_30,19,24,0.3115190210162277,0.16406249999999933,0.168,1,1,,,,,,,,,,,,,,,,,,,,,,,,,,,,,,,,,none,none
sun3d-home_md-home_md_scan9_2012_sep_30,19,59,0.5682362330407024,0.18359374999999928,0.136,1,1,,,,,,,,,,,,,,,,,,,,,,,,,,,,,,,,,none,none
sun3d-home_md-home_md_scan9_2012_sep_30,20,23,0.3896048109965636,0.2031249999999992,0.243,1,1,,,,,,,,,,,,,,,,,,,,,,,,,,,,,,,,,none,none
sun3d-home_md-home_md_scan9_2012_sep_30,21,23,0.30619210141394443,0.06640624999999974,0.087,1,0,,,,,,,,,,,,,,,,,,,,,,,,,,,,,,,,,none,none
sun3d-home_md-home_md_scan9_2012_sep_30,21,34,0.2554851292052657,0.0507812499999998,0.0305,1,0,,,,,,,,,,,,,,,,,,,,,,,,,,,,,,,,,none,none
sun3d-home_md-home_md_scan9_2012_sep_30,22,59,0.4147465437788018,0.0507812499999998,0.0215,1,0,,,,,,,,,,,,,,,,,,,,,,,,,,,,,,,,,none,none
sun3d-home_md-home_md_scan9_2012_sep_30,23,25,0.20827943078913325,0.06249999999999975,0.002,1,0,,,,,,,,,,,,,,,,,,,,,,,,,,,,,,,,,none,none
sun3d-home_md-home_md_scan9_2012_sep_30,23,59,0.4424320827943079,0.10937499999999957,0.0435,1,0,,,,,,,,,,,,,,,,,,,,,,,,,,,,,,,,,none,none
sun3d-home_md-home_md_scan9_2012_sep_30,24,26,0.26919917864476384,0.054687499999999785,0.0825,1,1,,,,,,,,,,,,,,,,,,,,,,,,,,,,,,,,,none,none
sun3d-home_md-home_md_scan9_2012_sep_30,24,52,0.23880903490759753,0.0,0.0,1,0,,,,,,,,,,,,,,,,,,,,,,,,,,,,,,,,,none,none
sun3d-home_md-home_md_scan9_2012_sep_30,24,54,0.21786447638603695,0.042968749999999827,0.0315,1,0,,,,,,,,,,,,,,,,,,,,,,,,,,,,,,,,,none,none
sun3d-home_md-home_md_scan9_2012_sep_30,24,55,0.2917864476386037,0.11718749999999953,0.05,1,0,,,,,,,,,,,,,,,,,,,,,,,,,,,,,,,,,none,none
sun3d-home_md-home_md_scan9_2012_sep_30,24,56,0.33121149897330593,0.14843749999999942,0.1285,1,1,,,,,,,,,,,,,,,,,,,,,,,,,,,,,,,,,none,none
sun3d-home_md-home_md_scan9_2012_sep_30,24,57,0.2162217659137577,0.06640624999999974,0.0605,1,0,,,,,,,,,,,,,,,,,,,,,,,,,,,,,,,,,none,none
sun3d-home_md-home_md_scan9_2012_sep_30,25,27,0.36345993900748547,0.13671874999999944,0.1345,1,1,,,,,,,,,,,,,,,,,,,,,,,,,,,,,,,,,none,none
sun3d-home_md-home_md_scan9_2012_sep_30,25,52,0.4288882728028833,0.007812499999999969,0.0,1,0,,,,,,,,,,,,,,,,,,,,,,,,,,,,,,,,,none,none
sun3d-home_md-home_md_scan9_2012_sep_30,25,54,0.30163570834488496,0.03515624999999986,0.037,1,0,,,,,,,,,,,,,,,,,,,,,,,,,,,,,,,,,none,none
sun3d-home_md-home_md_scan9_2012_sep_30,25,55,0.39229276406986413,0.16406249999999933,0.0915,1,0,,,,,,,,,,,,,,,,,,,,,,,,,,,,,,,,,none,none
sun3d-home_md-home_md_scan9_2012_sep_30,25,56,0.4255614083726088,0.03906249999999985,0.045,1,0,,,,,,,,,,,,,,,,,,,,,,,,,,,,,,,,,none,none
sun3d-home_md-home_md_scan9_2012_sep_30,25,57,0.32464652065428334,0.031249999999999875,0.033,1,0,,,,,,,,,,,,,,,,,,,,,,,,,,,,,,,,,none,none
sun3d-home_md-home_md_scan9_2012_sep_30,25,58,0.29165511505406155,0.011718749999999953,0.0085,1,0,,,,,,,,,,,,,,,,,,,,,,,,,,,,,,,,,none,none
sun3d-home_md-home_md_scan9_2012_sep_30,25,59,0.2985860826171334,0.007812499999999969,0.0035,1,0,,,,,,,,,,,,,,,,,,,,,,,,,,,,,,,,,none,none
sun3d-home_md-home_md_scan9_2012_sep_30,26,42,0.27353797052473483,0.4687499999999981,0.5455,1,0,,,,,,,,,,,,,,,,,,,,,,,,,,,,,,,,,none,none
sun3d-home_md-home_md_scan9_2012_sep_30,26,43,0.23852435933539848,0.39062499999999845,0.3375,1,0,,,,,,,,,,,,,,,,,,,,,,,,,,,,,,,,,none,none
sun3d-home_md-home_md_scan9_2012_sep_30,26,59,0.322913733220689,0.10937499999999957,0.133,1,0,,,,,,,,,,,,,,,,,,,,,,,,,,,,,,,,,none,none
sun3d-home_md-home_md_scan9_2012_sep_30,27,29,0.1818521633492197,0.3789062499999985,0.342,1,1,,,,,,,,,,,,,,,,,,,,,,,,,,,,,,,,,none,none
sun3d-home_md-home_md_scan9_2012_sep_30,27,42,0.41902625922810954,0.5624999999999978,0.598,1,1,,,,,,,,,,,,,,,,,,,,,,,,,,,,,,,,,none,none
sun3d-home_md-home_md_scan9_2012_sep_30,27,43,0.30782169890664424,0.48046874999999806,0.4635,1,0,,,,,,,,,,,,,,,,,,,,,,,,,,,,,,,,,none,none
sun3d-home_md-home_md_scan9_2012_sep_30,27,59,0.3469769180450425,0.08203124999999967,0.071,1,1,,,,,,,,,,,,,,,,,,,,,,,,,,,,,,,,,none,none
sun3d-home_md-home_md_scan9_2012_sep_30,28,42,0.4376772025622178,0.5664062499999978,0.572,1,1,,,,,,,,,,,,,,,,,,,,,,,,,,,,,,,,,none,none
sun3d-home_md-home_md_scan9_2012_sep_30,28,43,0.29917042948650635,0.38671874999999845,0.33,1,0,,,,,,,,,,,,,,,,,,,,,,,,,,,,,,,,,none,none
sun3d-home_md-home_md_scan9_2012_sep_30,28,44,0.13829675522419405,0.23046874999999908,0.126,1,0,,,,,,,,,,,,,,,,,,,,,,,,,,,,,,,,,none,none
sun3d-home_md-home_md_scan9_2012_sep_30,28,59,0.38790297175259897,0.1523437499999994,0.177,1,0,,,,,,,,,,,,,,,,,,,,,,,,,,,,,,,,,none,none
sun3d-home_md-home_md_scan9_2012_sep_30,29,39,0.16691594376308705,0.07031249999999972,0.0005,1,0,,,,,,,,,,,,,,,,,,,,,,,,,,,,,,,,,none,none
sun3d-home_md-home_md_scan9_2012_sep_30,29,44,0.14597666766377504,0.10937499999999957,0.031,1,0,,,,,,,,,,,,,,,,,,,,,,,,,,,,,,,,,none,none
sun3d-home_md-home_md_scan9_2012_sep_30,29,51,0.34160933293449,0.253906249999999,0.326,1,1,,,,,,,,,,,,,,,,,,,,,,,,,,,,,,,,,none,none
sun3d-home_md-home_md_scan9_2012_sep_30,30,31,0.2566826976848227,0.41796874999999833,0.3955,1,0,,,,,,,,,,,,,,,,,,,,,,,,,,,,,,,,,none,none
sun3d-home_md-home_md_scan9_2012_sep_30,30,38,0.35655966894083435,0.1992187499999992,0.085,1,0,,,,,,,,,,,,,,,,,,,,,,,,,,,,,,,,,none,none
sun3d-home_md-home_md_scan9_2012_sep_30,30,39,0.5223129403869813,0.48828124999999806,0.318,1,0,,,,,,,,,,,,,,,,,,,,,,,,,,,,,,,,,none,none
sun3d-home_md-home_md_scan9_2012_sep_30,30,40,0.5299183536517168,0.48437499999999806,0.3305,1,0,,,,,,,,,,,,,,,,,,,,,,,,,,,,,,,,,none,none
sun3d-home_md-home_md_scan9_2012_sep_30,30,41,0.5258919583939157,0.46484374999999817,0.305,1,1,,,,,,,,,,,,,,,,,,,,,,,,,,,,,,,,,none,none
sun3d-home_md-home_md_scan9_2012_sep_30,30,42,0.4949110837713902,0.5703124999999977,0.4745,1,0,,,,,,,,,,,,,,,,,,,,,,,,,,,,,,,,,none,none
sun3d-home_md-home_md_scan9_2012_sep_30,30,43,0.37098758528128845,0.38281249999999845,0.245,1,0,,,,,,,,,,,,,,,,,,,,,,,,,,,,,,,,,none,none
sun3d-home_md-home_md_scan9_2012_sep_30,30,45,0.4967005927748574,0.46093749999999817,0.375,1,0,,,,,,,,,,,,,,,,,,,,,,,,,,,,,,,,,none,none
sun3d-home_md-home_md_scan9_2012_sep_30,30,46,0.5355105692875517,0.49218749999999806,0.3575,1,0,,,,,,,,,,,,,,,,,,,,,,,,,,,,,,,,,none,none
sun3d-home_md-home_md_scan9_2012_sep_30,30,47,0.5303657309025837,0.5234374999999979,0.367,1,1,,,,,,,,,,,,,,,,,,,,,,,,,,,,,,,,,none,none
sun3d-home_md-home_md_scan9_2012_sep_30,30,48,0.39033665138127727,0.3242187499999987,0.3295,1,1,,,,,,,,,,,,,,,,,,,,,,,,,,,,,,,,,none,none
sun3d-home_md-home_md_scan9_2012_sep_30,30,49,0.5329381500950676,0.5781249999999977,0.471,1,1,,,,,,,,,,,,,,,,,,,,,,,,,,,,,,,,,none,none
sun3d-home_md-home_md_scan9_2012_sep_30,30,50,0.354099094061067,0.4492187499999982,0.523,1,0,,,,,,,,,,,,,,,,,,,,,,,,,,,,,,,,,none,none
sun3d-home_md-home_md_scan9_2012_sep_30,31,33,0.20527807297201559,0.03906249999999985,0.0,1,0,,,,,,,,,,,,,,,,,,,,,,,,,,,,,,,,,none,none
sun3d-home_md-home_md_scan9_2012_sep_30,31,35,0.24902585901523203,0.07421874999999971,0.021,1,0,,,,,,,,,,,,,,,,,,,,,,,,,,,,,,,,,none,none
sun3d-home_md-home_md_scan9_2012_sep_30,31,36,0.26656039674105564,0.058593749999999764,0.0275,1,0,,,,,,,,,,,,,,,,,,,,,,,,,,,,,,,,,none,none
sun3d-home_md-home_md_scan9_2012_sep_30,31,37,0.19819341126461212,0.0,0.0,1,0,,,,,,,,,,,,,,,,,,,,,,,,,,,,,,,,,none,none
sun3d-home_md-home_md_scan9_2012_sep_30,32,37,0.2586296488753619,0.23437499999999906,0.131,1,1,,,,,,,,,,,,,,,,,,,,,,,,,,,,,,,,,none,none
sun3d-home_md-home_md_scan9_2012_sep_30,33,37,0.19474412171507607,0.253906249999999,0.082,1,0,,,,,,,,,,,,,,,,,,,,,,,,,,,,,,,,,none,none
sun3d-home_md-home_md_scan9_2012_sep_30,34,36,0.18850987432675045,0.10937499999999957,0.082,1,0,,,,,,,,,,,,,,,,,,,,,,,,,,,,,,,,,none,none
sun3d-home_md-home_md_scan9_2012_sep_30,34,58,0.1627767803710353,0.007812499999999969,0.0015,1,0,,,,,,,,,,,,,,,,,,,,,,,,,,,,,,,,,none,none
sun3d-home_md-home_md_scan9_2012_sep_30,37,39,0.14842753931151723,0.3007812499999988,0.3355,1,1,,,,,,,,,,,,,,,,,,,,,,,,,,,,,,,,,none,none
sun3d-home_md-home_md_scan9_2012_sep_30,37,40,0.17785805354866127,0.3203124999999987,0.3295,1,1,,,,,,,,,,,,,,,,,,,,,,,,,,,,,,,,,none,none
sun3d-home_md-home_md_scan9_2012_sep_30,37,46,0.19347641308967276,0.33984374999999867,0.374,1,1,,,,,,,,,,,,,,,,,,,,,,,,,,,,,,,,,none,none
sun3d-home_md-home_md_scan9_2012_sep_30,38,45,0.49250928150251144,0.7812499999999969,0.7995,1,1,,,,,,,,,,,,,,,,,,,,,,,,,,,,,,,,,none,none
sun3d-home_md-home_md_scan9_2012_sep_30,38,48,0.2777899104607993,0.8554687499999966,0.864,1,1,,,,,,,,,,,,,,,,,,,,,,,,,,,,,,,,,none,none
sun3d-home_md-home_md_scan9_2012_sep_30,38,49,0.3542258134963966,0.8749999999999966,0.813,1,1,,,,,,,,,,,,,,,,,,,,,,,,,,,,,,,,,none,none
sun3d-home_md-home_md_scan9_2012_sep_30,39,42,0.2626572327044025,0.7812499999999969,0.8045,1,1,,,,,,,,,,,,,,,,,,,,,,,,,,,,,,,,,none,none
sun3d-home_md-home_md_scan9_2012_sep_30,39,43,0.17110849056603775,0.6523437499999974,0.598,1,1,,,,,,,,,,,,,,,,,,,,,,,,,,,,,,,,,none,none
sun3d-home_md-home_md_scan9_2012_sep_30,39,44,0.14233490566037735,0.38281249999999845,0.1375,1,0,,,,,,,,,,,,,,,,,,,,,,,,,,,,,,,,,none,none
sun3d-home_md-home_md_scan9_2012_sep_30,39,48,0.31163522012578615,0.9335937499999962,0.885,1,1,,,,,,,,,,,,,,,,,,,,,,,,,,,,,,,,,none,none
sun3d-home_md-home_md_scan9_2012_sep_30,39,49,0.3835691823899371,0.9609374999999961,0.9275,1,1,,,,,,,,,,,,,,,,,,,,,,,,,,,,,,,,,none,none
sun3d-home_md-home_md_scan9_2012_sep_30,40,42,0.2430204329354643,0.7109374999999971,0.733,1,1,,,,,,,,,,,,,,,,,,,,,,,,,,,,,,,,,none,none
sun3d-home_md-home_md_scan9_2012_sep_30,40,43,0.14829051183491807,0.48828124999999806,0.495,1,1,,,,,,,,,,,,,,,,,,,,,,,,,,,,,,,,,none,none
sun3d-home_md-home_md_scan9_2012_sep_30,40,48,0.35317620878009304,0.8867187499999964,0.865,1,1,,,,,,,,,,,,,,,,,,,,,,,,,,,,,,,,,none,none
sun3d-home_md-home_md_scan9_2012_sep_30,41,43,0.24595823971063738,0.6757812499999973,0.7485,1,1,,,,,,,,,,,,,,,,,,,,,,,,,,,,,,,,,none,none
sun3d-home_md-home_md_scan9_2012_sep_30,41,50,0.3970515701211158,0.757812499999997,0.65,1,1,,,,,,,,,,,,,,,,,,,,,,,,,,,,,,,,,none,none
sun3d-home_md-home_md_scan9_2012_sep_30,42,45,0.3325396003727094,0.6718749999999973,0.654,1,1,,,,,,,,,,,,,,,,,,,,,,,,,,,,,,,,,none,none
sun3d-home_md-home_md_scan9_2012_sep_30,42,46,0.2993581116057563,0.7890624999999969,0.846,1,1,,,,,,,,,,,,,,,,,,,,,,,,,,,,,,,,,none,none
sun3d-home_md-home_md_scan9_2012_sep_30,42,47,0.38772129620043483,0.8671874999999966,0.8605,1,1,,,,,,,,,,,,,,,,,,,,,,,,,,,,,,,,,none,none
sun3d-home_md-home_md_scan9_2012_sep_30,43,44,0.46565928545593377,0.5898437499999977,0.5515,1,0,,,,,,,,,,,,,,,,,,,,,,,,,,,,,,,,,none,none
sun3d-home_md-home_md_scan9_2012_sep_30,43,45,0.4226178515452317,0.7851562499999969,0.7785,1,1,,,,,,,,,,,,,,,,,,,,,,,,,,,,,,,,,none,none
sun3d-home_md-home_md_scan9_2012_sep_30,43,47,0.1710002813165615,0.742187499999997,0.7685,1,1,,,,,,,,,,,,,,,,,,,,,,,,,,,,,,,,,none,none
sun3d-home_md-home_md_scan9_2012_sep_30,43,48,0.14949965840131818,0.3749999999999985,0.329,1,1,,,,,,,,,,,,,,,,,,,,,,,,,,,,,,,,,none,none
sun3d-home_md-home_md_scan9_2012_sep_30,43,49,0.1561708797170759,0.5898437499999977,0.557,1,1,,,,,,,,,,,,,,,,,,,,,,,,,,,,,,,,,none,none
sun3d-home_md-home_md_scan9_2012_sep_30,43,50,0.3692078929389543,0.8085937499999968,0.647,1,1,,,,,,,,,,,,,,,,,,,,,,,,,,,,,,,,,none,none
sun3d-home_md-home_md_scan9_2012_sep_30,43,51,0.2549129928063336,0.6874999999999972,0.492,1,0,,,,,,,,,,,,,,,,,,,,,,,,,,,,,,,,,none,none
sun3d-home_md-home_md_scan9_2012_sep_30,45,48,0.22024632813014555,0.8203124999999967,0.8295,1,1,,,,,,,,,,,,,,,,,,,,,,,,,,,,,,,,,none,none
sun3d-home_md-home_md_scan9_2012_sep_30,45,49,0.2933214779687809,0.8945312499999964,0.879,1,1,,,,,,,,,,,,,,,,,,,,,,,,,,,,,,,,,none,none
sun3d-home_md-home_md_scan9_2012_sep_30,45,50,0.16521767766581044,0.5351562499999979,0.4765,1,1,,,,,,,,,,,,,,,,,,,,,,,,,,,,,,,,,none,none
sun3d-home_md-home_md_scan9_2012_sep_30,46,48,0.2803030303030303,0.9335937499999962,0.906,1,1,,,,,,,,,,,,,,,,,,,,,,,,,,,,,,,,,none,none
sun3d-home_md-home_md_scan9_2012_sep_30,46,49,0.34945514255859084,0.9374999999999962,0.8925,1,1,,,,,,,,,,,,,,,,,,,,,,,,,,,,,,,,,none,none
sun3d-home_md-home_md_scan9_2012_sep_30,47,50,0.36965774590402894,0.753906249999997,0.7185,1,1,,,,,,,,,,,,,,,,,,,,,,,,,,,,,,,,,none,none
sun3d-home_md-home_md_scan9_2012_sep_30,48,51,0.20383662580194373,0.0507812499999998,0.0005,1,0,,,,,,,,,,,,,,,,,,,,,,,,,,,,,,,,,none,none
sun3d-home_md-home_md_scan9_2012_sep_30,50,59,0.22758244753338785,0.496093749999998,0.4415,1,1,,,,,,,,,,,,,,,,,,,,,,,,,,,,,,,,,none,none
sun3d-home_md-home_md_scan9_2012_sep_30,51,53,0.1464408070041873,0.6640624999999973,0.6045,1,1,,,,,,,,,,,,,,,,,,,,,,,,,,,,,,,,,none,none
sun3d-home_md-home_md_scan9_2012_sep_30,52,53,0.3473861720067454,0.8359374999999967,0.795,1,0,,,,,,,,,,,,,,,,,,,,,,,,,,,,,,,,,none,none
sun3d-home_md-home_md_scan9_2012_sep_30,52,54,0.3630764718821028,0.738281249999997,0.701,1,1,,,,,,,,,,,,,,,,,,,,,,,,,,,,,,,,,none,none
sun3d-home_md-home_md_scan9_2012_sep_30,52,55,0.2478920741989882,0.5390624999999979,0.559,1,1,,,,,,,,,,,,,,,,,,,,,,,,,,,,,,,,,none,none
sun3d-home_md-home_md_scan9_2012_sep_30,52,56,0.18197815089082778,0.32812499999999867,0.372,1,1,,,,,,,,,,,,,,,,,,,,,,,,,,,,,,,,,none,none
sun3d-home_md-home_md_scan9_2012_sep_30,52,57,0.3017816555465943,0.496093749999998,0.5265,1,1,,,,,,,,,,,,,,,,,,,,,,,,,,,,,,,,,none,none
sun3d-home_md-home_md_scan9_2012_sep_30,52,58,0.39526358237407433,0.5859374999999977,0.6315,1,1,,,,,,,,,,,,,,,,,,,,,,,,,,,,,,,,,none,none
sun3d-home_md-home_md_scan9_2012_sep_30,53,57,0.3044123886296139,0.023437499999999906,0.031,1,0,,,,,,,,,,,,,,,,,,,,,,,,,,,,,,,,,none,none
sun3d-home_md-home_md_scan9_2012_sep_30,56,59,0.44811175928768804,0.5429687499999978,0.4925,1,1,,,,,,,,,,,,,,,,,,,,,,,,,,,,,,,,,none,none
sun3d-hotel_uc-scan3,0,4,0.2854484042186531,0.757812499999997,0.663,1,1,,,,,,,,,,,,,,,,,,,,,,,,,,,,,,,,,none,none
sun3d-hotel_uc-scan3,0,9,0.4038739918659957,0.9179687499999963,0.7995,1,1,,,,,,,,,,,,,,,,,,,,,,,,,,,,,,,,,none,none
sun3d-hotel_uc-scan3,0,11,0.2992693182601503,0.8828124999999964,0.7805,1,1,,,,,,,,,,,,,,,,,,,,,,,,,,,,,,,,,none,none
sun3d-hotel_uc-scan3,0,18,0.39436134280002755,0.9023437499999964,0.7165,1,1,,,,,,,,,,,,,,,,,,,,,,,,,,,,,,,,,none,none
sun3d-hotel_uc-scan3,0,20,0.39873854001516507,0.8359374999999967,0.704,1,1,,,,,,,,,,,,,,,,,,,,,,,,,,,,,,,,,none,none
sun3d-hotel_uc-scan3,0,34,0.22785551802578066,0.7812499999999969,0.6025,1,1,,,,,,,,,,,,,,,,,,,,,,,,,,,,,,,,,none,none
sun3d-hotel_uc-scan3,0,43,0.36234231750189566,0.9335937499999962,0.8415,1,1,,,,,,,,,,,,,,,,,,,,,,,,,,,,,,,,,none,none
sun3d-hotel_uc-scan3,0,46,0.3066106017784518,0.8789062499999964,0.7865,1,1,,,,,,,,,,,,,,,,,,,,,,,,,,,,,,,,,none,none
sun3d-hotel_uc-scan3,0,53,0.2253394912800717,0.742187499999997,0.5665,1,1,,,,,,,,,,,,,,,,,,,,,,,,,,,,,,,,,none,none
sun3d-hotel_uc-scan3,1,9,0.34145122601279315,0.8906249999999964,0.8075,1,1,,,,,,,,,,,,,,,,,,,,,,,,,,,,,,,,,none,none
sun3d-hotel_uc-scan3,1,11,0.3389858742004264,0.9023437499999964,0.815,1,1,,,,,,,,,,,,,,,,,,,,,,,,,,,,,,,,,none,none
sun3d-hotel_uc-scan3,1,18,0.3429171108742004,0.8593749999999966,0.711,1,1,,,,,,,,,,,,,,,,,,,,,,,,,,,,,,,,,none,none
sun3d-hotel_uc-scan3,1,20,0.34095149253731344,0.757812499999997,0.7055,1,1,,,,,,,,,,,,,,,,,,,,,,,,,,,,,,,,,none,none
sun3d-hotel_uc-scan3,1,34,0.30360474413646055,0.7773437499999969,0.6295,1,1,,,,,,,,,,,,,,,,,,,,,,,,,,,,,,,,,none,none
sun3d-hotel_uc-scan3,1,36,0.4207422707889126,0.9374999999999962,0.872,1,1,,,,,,,,,,,,,,,,,,,,,,,,,,,,,,,,,none,none
sun3d-hotel_uc-scan3,1,43,0.3992204157782516,0.9296874999999963,0.803,1,1,,,,,,,,,,,,,,,,,,,,,,,,,,,,,,,,,none,none
sun3d-hotel_uc-scan3,1,46,0.35521055437100213,0.9062499999999963,0.826,1,1,,,,,,,,,,,,,,,,,,,,,,,,,,,,,,,,,none,none
sun3d-hotel_uc-scan3,1,53,0.2779184434968017,0.8124999999999968,0.7515,1,1,,,,,,,,,,,,,,,,,,,,,,,,,,,,,,,,,none,none
sun3d-hotel_uc-scan3,2,18,0.35912262441694615,0.8007812499999968,0.6665,1,1,,,,,,,,,,,,,,,,,,,,,,,,,,,,,,,,,none,none
sun3d-hotel_uc-scan3,2,19,0.3536872132917004,0.7734374999999969,0.6005,1,1,,,,,,,,,,,,,,,,,,,,,,,,,,,,,,,,,none,none
sun3d-hotel_uc-scan3,2,20,0.22562738522030762,0.6249999999999976,0.551,1,1,,,,,,,,,,,,,,,,,,,,,,,,,,,,,,,,,none,none
sun3d-hotel_uc-scan3,2,21,0.17385605797771866,0.5468749999999978,0.3225,1,1,,,,,,,,,,,,,,,,,,,,,,,,,,,,,,,,,none,none
sun3d-hotel_uc-scan3,2,36,0.24721483366099997,0.7304687499999971,0.7275,1,1,,,,,,,,,,,,,,,,,,,,,,,,,,,,,,,,,none,none
sun3d-hotel_uc-scan3,2,43,0.39647662002235845,0.9570312499999962,0.8885,1,1,,,,,,,,,,,,,,,,,,,,,,,,,,,,,,,,,none,none
sun3d-hotel_uc-scan3,2,47,0.18245248833892294,0.5859374999999977,0.324,1,0,,,,,,,,,,,,,,,,,,,,,,,,,,,,,,,,,none,none
sun3d-hotel_uc-scan3,3,11,0.38189944134078213,0.9453124999999962,0.8325,1,1,,,,,,,,,,,,,,,,,,,,,,,,,,,,,,,,,none,none
sun3d-hotel_uc-scan3,3,18,0.3301197126895451,0.8749999999999966,0.7605,1,1,,,,,,,,,,,,,,,,,,,,,,,,,,,,,,,,,none,none
sun3d-hotel_uc-scan3,3,20,0.2429050279329609,0.7773437499999969,0.7345,1,1,,,,,,,,,,,,,,,,,,,,,,,,,,,,,,,,,none,none
sun3d-hotel_uc-scan3,3,34,0.3096249002394254,0.749999999999997,0.6015,1,1,,,,,,,,,,,,,,,,,,,,,,,,,,,,,,,,,none,none
sun3d-hotel_uc-scan3,3,36,0.28063846767757383,0.9179687499999963,0.842,1,1,,,,,,,,,,,,,,,,,,,,,,,,,,,,,,,,,none,none
sun3d-hotel_uc-scan3,3,43,0.2575578611332801,0.8906249999999964,0.742,1,1,,,,,,,,,,,,,,,,,,,,,,,,,,,,,,,,,none,none
sun3d-hotel_uc-scan3,3,44,0.4097366320830008,0.9179687499999963,0.819,1,1,,,,,,,,,,,,,,,,,,,,,,,,,,,,,,,,,none,none
sun3d-hotel_uc-scan3,3,46,0.3505826017557861,0.8867187499999964,0.7135,1,1,,,,,,,,,,,,,,,,,,,,,,,,,,,,,,,,,none,none
sun3d-hotel_uc-scan3,3,53,0.26007980845969675,0.749999999999997,0.607,1,1,,,,,,,,,,,,,,,,,,,,,,,,,,,,,,,,,none,none
sun3d-hotel_uc-scan3,4,7,0.2784265519360787,0.757812499999997,0.544,1,1,,,,,,,,,,,,,,,,,,,,,,,,,,,,,,,,,none,none
sun3d-hotel_uc-scan3,4,8,0.3125663519025535,0.7265624999999971,0.609,1,1,,,,,,,,,,,,,,,,,,,,,,,,,,,,,,,,,none,none
sun3d-hotel_uc-scan3,4,10,0.5022629490976142,0.8828124999999964,0.843,1,1,,,,,,,,,,,,,,,,,,,,,,,,,,,,,,,,,none,none
sun3d-hotel_uc-scan3,4,19,0.47108453930826394,0.738281249999997,0.6165,1,1,,,,,,,,,,,,,,,,,,,,,,,,,,,,,,,,,none,none
sun3d-hotel_uc-scan3,4,38,0.2577526959825669,0.7031249999999972,0.483,1,1,,,,,,,,,,,,,,,,,,,,,,,,,,,,,,,,,none,none
sun3d-hotel_uc-scan3,4,39,0.2872548471810918,0.4765624999999981,0.3355,1,1,,,,,,,,,,,,,,,,,,,,,,,,,,,,,,,,,none,none
sun3d-hotel_uc-scan3,4,40,0.20875006984410796,0.5703124999999977,0.4415,1,1,,,,,,,,,,,,,,,,,,,,,,,,,,,,,,,,,none,none
sun3d-hotel_uc-scan3,4,41,0.21070570486673745,0.6015624999999976,0.548,1,1,,,,,,,,,,,,,,,,,,,,,,,,,,,,,,,,,none,none
sun3d-hotel_uc-scan3,4,43,0.17204000670503436,0.41015624999999833,0.348,1,1,,,,,,,,,,,,,,,,,,,,,,,,,,,,,,,,,none,none
sun3d-hotel_uc-scan3,4,44,0.2677543722411577,0.38671874999999845,0.3245,1,1,,,,,,,,,,,,,,,,,,,,,,,,,,,,,,,,,none,none
sun3d-hotel_uc-scan3,4,45,0.2757445381907582,0.5937499999999977,0.4675,1,1,,,,,,,,,,,,,,,,,,,,,,,,,,,,,,,,,none,none
sun3d-hotel_uc-scan3,5,36,0.33135127099747286,0.5507812499999978,0.2755,1,1,,,,,,,,,,,,,,,,,,,,,,,,,,,,,,,,,none,none
sun3d-hotel_uc-scan3,5,42,0.1928051137208265,0.4023437499999984,0.351,1,1,,,,,,,,,,,,,,,,,,,,,,,,,,,,,,,,,none,none
sun3d-hotel_uc-scan3,5,43,0.18135870373123233,0.49218749999999806,0.452,1,1,,,,,,,,,,,,,,,,,,,,,,,,,,,,,,,,,none,none
sun3d-hotel_uc-scan3,5,44,0.18440612457261782,0.42187499999999833,0.3625,1,1,,,,,,,,,,,,,,,,,,,,,,,,,,,,,,,,,none,none
sun3d-hotel_uc-scan3,6,36,0.33785457333254704,0.3085937499999988,0.1715,1,0,,,,,,,,,,,,,,,,,,,,,,,,,,,,,,,,,none,none
sun3d-hotel_uc-scan3,6,42,0.2503980656955829,0.6835937499999972,0.66,1,1,,,,,,,,,,,,,,,,,,,,,,,,,,,,,,,,,none,none
sun3d-hotel_uc-scan3,6,43,0.2353600283068939,0.6484374999999974,0.549,1,1,,,,,,,,,,,,,,,,,,,,,,,,,,,,,,,,,none,none
sun3d-hotel_uc-scan3,6,44,0.2084684790941794,0.5898437499999977,0.4495,1,1,,,,,,,,,,,,,,,,,,,,,,,,,,,,,,,,,none,none
sun3d-hotel_uc-scan3,7,36,0.25279244234509585,0.3515624999999986,0.0945,1,0,,,,,,,,,,,,,,,,,,,,,,,,,,,,,,,,,none,none
sun3d-hotel_uc-scan3,7,42,0.3019727702139483,0.6992187499999972,0.6365,1,1,,,,,,,,,,,,,,,,,,,,,,,,,,,,,,,,,none,none
sun3d-hotel_uc-scan3,7,43,0.17982772992497917,0.1992187499999992,0.1955,1,1,,,,,,,,,,,,,,,,,,,,,,,,,,,,,,,,,none,none
sun3d-hotel_uc-scan3,8,10,0.22150017283097131,0.6249999999999976,0.528,1,1,,,,,,,,,,,,,,,,,,,,,,,,,,,,,,,,,none,none
sun3d-hotel_uc-scan3,8,18,0.20082958866228828,0.16015624999999936,0.1025,1,1,,,,,,,,,,,,,,,,,,,,,,,,,,,,,,,,,none,none
sun3d-hotel_uc-scan3,8,20,0.21652264085724163,0.08984374999999964,0.025,1,0,,,,,,,,,,,,,,,,,,,,,,,,,,,,,,,,,none,none
sun3d-hotel_uc-scan3,8,36,0.42931213273418595,0.7070312499999972,0.511,1,1,,,,,,,,,,,,,,,,,,,,,,,,,,,,,,,,,none,none
sun3d-hotel_uc-scan3,8,43,0.32111994469408917,0.5898437499999977,0.6265,1,1,,,,,,,,,,,,,,,,,,,,,,,,,,,,,,,,,none,none
sun3d-hotel_uc-scan3,8,44,0.2531628067749741,0.5859374999999977,0.521,1,1,,,,,,,,,,,,,,,,,,,,,,,,,,,,,,,,,none,none
sun3d-hotel_uc-scan3,9,18,0.32003945280672413,0.6523437499999974,0.423,1,1,,,,,,,,,,,,,,,,,,,,,,,,,,,,,,,,,none,none
sun3d-hotel_uc-scan3,9,19,0.3340194691024487,0.7695312499999969,0.557,1,1,,,,,,,,,,,,,,,,,,,,,,,,,,,,,,,,,none,none
sun3d-hotel_uc-scan3,9,20,0.4280200694712466,0.8046874999999968,0.655,1,1,,,,,,,,,,,,,,,,,,,,,,,,,,,,,,,,,none,none
sun3d-hotel_uc-scan3,9,37,0.31596552167760195,0.8789062499999964,0.696,1,1,,,,,,,,,,,,,,,,,,,,,,,,,,,,,,,,,none,none
sun3d-hotel_uc-scan3,9,38,0.2360307045756679,0.8710937499999966,0.747,1,1,,,,,,,,,,,,,,,,,,,,,,,,,,,,,,,,,none,none
sun3d-hotel_uc-scan3,9,39,0.2968394871135126,0.8554687499999966,0.7045,1,1,,,,,,,,,,,,,,,,,,,,,,,,,,,,,,,,,none,none
sun3d-hotel_uc-scan3,9,40,0.23015566705261803,0.7890624999999969,0.734,1,1,,,,,,,,,,,,,,,,,,,,,,,,,,,,,,,,,none,none
sun3d-hotel_uc-scan3,9,41,0.2359878210900982,0.8242187499999967,0.7595,1,1,,,,,,,,,,,,,,,,,,,,,,,,,,,,,,,,,none,none
sun3d-hotel_uc-scan3,9,42,0.29237960461426304,0.7890624999999969,0.694,1,1,,,,,,,,,,,,,,,,,,,,,,,,,,,,,,,,,none,none
sun3d-hotel_uc-scan3,10,11,0.22927370627646018,0.7890624999999969,0.7415,1,0,,,,,,,,,,,,,,,,,,,,,,,,,,,,,,,,,none,none
sun3d-hotel_uc-scan3,10,34,0.24020716017920998,0.8124999999999968,0.704,1,1,,,,,,,,,,,,,,,,,,,,,,,,,,,,,,,,,none,none
sun3d-hotel_uc-scan3,10,46,0.24074150191129928,0.8164062499999968,0.7675,1,1,,,,,,,,,,,,,,,,,,,,,,,,,,,,,,,,,none,none
sun3d-hotel_uc-scan3,10,53,0.1723046569937112,0.7343749999999971,0.7025,1,1,,,,,,,,,,,,,,,,,,,,,,,,,,,,,,,,,none,none
sun3d-hotel_uc-scan3,11,18,0.2472371906110147,0.738281249999997,0.6365,1,1,,,,,,,,,,,,,,,,,,,,,,,,,,,,,,,,,none,none
sun3d-hotel_uc-scan3,11,19,0.16462690656680976,0.5429687499999978,0.52,1,1,,,,,,,,,,,,,,,,,,,,,,,,,,,,,,,,,none,none
sun3d-hotel_uc-scan3,11,20,0.16540323317197916,0.6015624999999976,0.561,1,1,,,,,,,,,,,,,,,,,,,,,,,,,,,,,,,,,none,none
sun3d-hotel_uc-scan3,11,21,0.187140378116723,0.7109374999999971,0.531,1,1,,,,,,,,,,,,,,,,,,,,,,,,,,,,,,,,,none,none
sun3d-hotel_uc-scan3,11,33,0.27244497214357477,0.21874999999999914,0.1065,1,0,,,,,,,,,,,,,,,,,,,,,,,,,,,,,,,,,none,none
sun3d-hotel_uc-scan3,11,43,0.1692848661978263,0.6132812499999976,0.4775,1,1,,,,,,,,,,,,,,,,,,,,,,,,,,,,,,,,,none,none
sun3d-hotel_uc-scan3,11,44,0.2007032605717417,0.5742187499999977,0.546,1,1,,,,,,,,,,,,,,,,,,,,,,,,,,,,,,,,,none,none
sun3d-hotel_uc-scan3,11,45,0.3458763357384236,0.8320312499999967,0.686,1,1,,,,,,,,,,,,,,,,,,,,,,,,,,,,,,,,,none,none
sun3d-hotel_uc-scan3,11,52,0.20727920358023563,0.6289062499999974,0.443,1,1,,,,,,,,,,,,,,,,,,,,,,,,,,,,,,,,,none,none
sun3d-hotel_uc-scan3,12,22,0.1466122818944029,0.10546874999999958,0.049,1,0,,,,,,,,,,,,,,,,,,,,,,,,,,,,,,,,,none,none
sun3d-hotel_uc-scan3,12,25,0.22801948787672785,0.29687499999999883,0.2405,1,1,,,,,,,,,,,,,,,,,,,,,,,,,,,,,,,,,none,none
sun3d-hotel_uc-scan3,12,30,0.2448447767958305,0.499999999999998,0.3605,1,1,,,,,,,,,,,,,,,,,,,,,,,,,,,,,,,,,none,none
sun3d-hotel_uc-scan3,12,34,0.39309993201903465,0.6640624999999973,0.439,1,1,,,,,,,,,,,,,,,,,,,,,,,,,,,,,,,,,none,none
sun3d-hotel_uc-scan3,12,46,0.2944142306820757,0.41796874999999833,0.2975,1,1,,,,,,,,,,,,,,,,,,,,,,,,,,,,,,,,,none,none
sun3d-hotel_uc-scan3,13,15,0.427262044653349,0.9374999999999962,0.9005,1,1,,,,,,,,,,,,,,,,,,,,,,,,,,,,,,,,,none,none
sun3d-hotel_uc-scan3,13,16,0.29790834312573444,0.8007812499999968,0.806,1,1,,,,,,,,,,,,,,,,,,,,,,,,,,,,,,,,,none,none
sun3d-hotel_uc-scan3,13,23,0.16568742655699178,0.507812499999998,0.53,1,1,,,,,,,,,,,,,,,,,,,,,,,,,,,,,,,,,none,none
sun3d-hotel_uc-scan3,13,27,0.2902467685076381,0.6171874999999976,0.559,1,1,,,,,,,,,,,,,,,,,,,,,,,,,,,,,,,,,none,none
sun3d-hotel_uc-scan3,13,30,0.19257344300822563,0.48437499999999806,0.4355,1,1,,,,,,,,,,,,,,,,,,,,,,,,,,,,,,,,,none,none
sun3d-hotel_uc-scan3,13,31,0.23398354876615746,0.4765624999999981,0.55,1,1,,,,,,,,,,,,,,,,,,,,,,,,,,,,,,,,,none,none
sun3d-hotel_uc-scan3,13,33,0.3744770857814336,0.8515624999999966,0.774,1,1,,,,,,,,,,,,,,,,,,,,,,,,,,,,,,,,,none,none
sun3d-hotel_uc-scan3,13,47,0.3134195064629847,0.8359374999999967,0.728,1,0,,,,,,,,,,,,,,,,,,,,,,,,,,,,,,,,,none,none
sun3d-hotel_uc-scan3,13,51,0.35088131609870743,0.7890624999999969,0.671,1,1,,,,,,,,,,,,,,,,,,,,,,,,,,,,,,,,,none,none
sun3d-hotel_uc-scan3,14,22,0.1709690923044722,0.7109374999999971,0.522,1,0,,,,,,,,,,,,,,,,,,,,,,,,,,,,,,,,,none,none
sun3d-hotel_uc-scan3,14,27,0.303495430126282,0.9218749999999963,0.8795,1,1,,,,,,,,,,,,,,,,,,,,,,,,,,,,,,,,,none,none
sun3d-hotel_uc-scan3,14,28,0.20574897090630015,0.8007812499999968,0.7525,1,1,,,,,,,,,,,,,,,,,,,,,,,,,,,,,,,,,none,none
sun3d-hotel_uc-scan3,14,48,0.3272517965534082,0.8398437499999967,0.722,1,1,,,,,,,,,,,,,,,,,,,,,,,,,,,,,,,,,none,none
sun3d-hotel_uc-scan3,14,50,0.3972650526756436,0.5937499999999977,0.437,1,1,,,,,,,,,,,,,,,,,,,,,,,,,,,,,,,,,none,none
sun3d-hotel_uc-scan3,14,52,0.21195841763761947,0.7343749999999971,0.672,1,1,,,,,,,,,,,,,,,,,,,,,,,,,,,,,,,,,none,none
sun3d-hotel_uc-scan3,15,17,0.25675425952618547,0.5898437499999977,0.247,1,1,,,,,,,,,,,,,,,,,,,,,,,,,,,,,,,,,none,none
sun3d-hotel_uc-scan3,15,26,0.19913515910854862,0.8124999999999968,0.79,1,1,,,,,,,,,,,,,,,,,,,,,,,,,,,,,,,,,none,none
sun3d-hotel_uc-scan3,15,48,0.38991758140222493,0.8320312499999967,0.8035,1,1,,,,,,,,,,,,,,,,,,,,,,,,,,,,,,,,,none,none
sun3d-hotel_uc-scan3,15,50,0.4442103706988949,0.753906249999997,0.62,1,1,,,,,,,,,,,,,,,,,,,,,,,,,,,,,,,,,none,none
sun3d-hotel_uc-scan3,15,52,0.2474036293750231,0.6835937499999972,0.7145,1,1,,,,,,,,,,,,,,,,,,,,,,,,,,,,,,,,,none,none
sun3d-hotel_uc-scan3,16,21,0.2521236145942885,0.757812499999997,0.6765,1,1,,,,,,,,,,,,,,,,,,,,,,,,,,,,,,,,,none,none
sun3d-hotel_uc-scan3,16,25,0.31441630936008413,0.9218749999999963,0.7875,1,1,,,,,,,,,,,,,,,,,,,,,,,,,,,,,,,,,none,none
sun3d-hotel_uc-scan3,16,47,0.15597443572526495,0.46484374999999817,0.522,1,1,,,,,,,,,,,,,,,,,,,,,,,,,,,,,,,,,none,none
sun3d-hotel_uc-scan3,16,50,0.3552301593722191,0.46484374999999817,0.335,1,1,,,,,,,,,,,,,,,,,,,,,,,,,,,,,,,,,none,none
sun3d-hotel_uc-scan3,16,52,0.28577784968853653,0.761718749999997,0.8375,1,1,,,,,,,,,,,,,,,,,,,,,,,,,,,,,,,,,none,none
sun3d-hotel_uc-scan3,17,18,0.21032906387710557,0.5429687499999978,0.307,1,0,,,,,,,,,,,,,,,,,,,,,,,,,,,,,,,,,none,none
sun3d-hotel_uc-scan3,17,23,0.3155553725134879,0.5195312499999979,0.234,1,1,,,,,,,,,,,,,,,,,,,,,,,,,,,,,,,,,none,none
sun3d-hotel_uc-scan3,17,34,0.14554590008648738,0.6445312499999974,0.4705,1,1,,,,,,,,,,,,,,,,,,,,,,,,,,,,,,,,,none,none
sun3d-hotel_uc-scan3,17,47,0.16597339483546805,0.5664062499999978,0.567,1,1,,,,,,,,,,,,,,,,,,,,,,,,,,,,,,,,,none,none
sun3d-hotel_uc-scan3,17,53,0.1691034141921667,0.5312499999999979,0.441,1,1,,,,,,,,,,,,,,,,,,,,,,,,,,,,,,,,,none,none
sun3d-hotel_uc-scan3,18,21,0.3585021776178754,0.6523437499999974,0.3945,1,1,,,,,,,,,,,,,,,,,,,,,,,,,,,,,,,,,none,none
sun3d-hotel_uc-scan3,18,34,0.25331376633213404,0.761718749999997,0.649,1,1,,,,,,,,,,,,,,,,,,,,,,,,,,,,,,,,,none,none
sun3d-hotel_uc-scan3,18,35,0.29781291422079154,0.8476562499999966,0.704,1,1,,,,,,,,,,,,,,,,,,,,,,,,,,,,,,,,,none,none
sun3d-hotel_uc-scan3,18,43,0.3748343116833933,0.6054687499999976,0.4875,1,1,,,,,,,,,,,,,,,,,,,,,,,,,,,,,,,,,none,none
sun3d-hotel_uc-scan3,18,44,0.47505207347093353,0.749999999999997,0.648,1,1,,,,,,,,,,,,,,,,,,,,,,,,,,,,,,,,,none,none
sun3d-hotel_uc-scan3,18,46,0.21577352774095815,0.742187499999997,0.668,1,1,,,,,,,,,,,,,,,,,,,,,,,,,,,,,,,,,none,none
sun3d-hotel_uc-scan3,18,53,0.1833459572050748,0.6445312499999974,0.591,1,1,,,,,,,,,,,,,,,,,,,,,,,,,,,,,,,,,none,none
sun3d-hotel_uc-scan3,18,54,0.27111342548759704,0.6484374999999974,0.5865,1,1,,,,,,,,,,,,,,,,,,,,,,,,,,,,,,,,,none,none
sun3d-hotel_uc-scan3,19,35,0.3382391179988559,0.8085937499999968,0.619,1,1,,,,,,,,,,,,,,,,,,,,,,,,,,,,,,,,,none,none
sun3d-hotel_uc-scan3,19,44,0.3815070986530761,0.7812499999999969,0.6755,1,1,,,,,,,,,,,,,,,,,,,,,,,,,,,,,,,,,none,none
sun3d-hotel_uc-scan3,19,45,0.43668417494409484,0.8515624999999966,0.6935,1,1,,,,,,,,,,,,,,,,,,,,,,,,,,,,,,,,,none,none
sun3d-hotel_uc-scan3,19,54,0.2195641999063914,0.753906249999997,0.626,1,1,,,,,,,,,,,,,,,,,,,,,,,,,,,,,,,,,none,none
sun3d-hotel_uc-scan3,20,21,0.2815118313230826,0.5976562499999976,0.4985,1,0,,,,,,,,,,,,,,,,,,,,,,,,,,,,,,,,,none,none
sun3d-hotel_uc-scan3,20,34,0.1514593499677746,0.6054687499999976,0.565,1,1,,,,,,,,,,,,,,,,,,,,,,,,,,,,,,,,,none,none
sun3d-hotel_uc-scan3,20,35,0.170334223368014,0.6796874999999973,0.6135,1,1,,,,,,,,,,,,,,,,,,,,,,,,,,,,,,,,,none,none
sun3d-hotel_uc-scan3,20,37,0.2033882699567259,0.007812499999999969,0.003,1,0,,,,,,,,,,,,,,,,,,,,,,,,,,,,,,,,,none,none
sun3d-hotel_uc-scan3,20,43,0.34969155694687415,0.5156249999999979,0.5155,1,1,,,,,,,,,,,,,,,,,,,,,,,,,,,,,,,,,none,none
sun3d-hotel_uc-scan3,20,44,0.4000092072553172,0.6562499999999973,0.6225,1,1,,,,,,,,,,,,,,,,,,,,,,,,,,,,,,,,,none,none
sun3d-hotel_uc-scan3,20,45,0.4494521683086272,0.5937499999999977,0.564,1,1,,,,,,,,,,,,,,,,,,,,,,,,,,,,,,,,,none,none
sun3d-hotel_uc-scan3,20,46,0.14671761347942178,0.6249999999999976,0.6,1,1,,,,,,,,,,,,,,,,,,,,,,,,,,,,,,,,,none,none
sun3d-hotel_uc-scan3,20,53,0.14105515145934996,0.2773437499999989,0.274,1,1,,,,,,,,,,,,,,,,,,,,,,,,,,,,,,,,,none,none
sun3d-hotel_uc-scan3,20,54,0.16545437804990332,0.3085937499999988,0.2815,1,1,,,,,,,,,,,,,,,,,,,,,,,,,,,,,,,,,none,none
sun3d-hotel_uc-scan3,21,34,0.253786351857184,0.8515624999999966,0.64,1,1,,,,,,,,,,,,,,,,,,,,,,,,,,,,,,,,,none,none
sun3d-hotel_uc-scan3,21,35,0.18491217967175352,0.6289062499999974,0.2535,1,0,,,,,,,,,,,,,,,,,,,,,,,,,,,,,,,,,none,none
sun3d-hotel_uc-scan3,21,36,0.2723293982147999,0.507812499999998,0.4165,1,1,,,,,,,,,,,,,,,,,,,,,,,,,,,,,,,,,none,none
sun3d-hotel_uc-scan3,21,43,0.21583645263460985,0.06249999999999975,0.053,1,0,,,,,,,,,,,,,,,,,,,,,,,,,,,,,,,,,none,none
sun3d-hotel_uc-scan3,21,45,0.2310970342643248,0.1015624999999996,0.059,1,0,,,,,,,,,,,,,,,,,,,,,,,,,,,,,,,,,none,none
sun3d-hotel_uc-scan3,21,46,0.25948747480564355,0.7304687499999971,0.579,1,1,,,,,,,,,,,,,,,,,,,,,,,,,,,,,,,,,none,none
sun3d-hotel_uc-scan3,21,47,0.17880794701986755,0.5195312499999979,0.6015,1,1,,,,,,,,,,,,,,,,,,,,,,,,,,,,,,,,,none,none
sun3d-hotel_uc-scan3,21,53,0.2733083789231212,0.41015624999999833,0.408,1,1,,,,,,,,,,,,,,,,,,,,,,,,,,,,,,,,,none,none
sun3d-hotel_uc-scan3,21,54,0.19781169018139938,0.5351562499999979,0.2515,1,1,,,,,,,,,,,,,,,,,,,,,,,,,,,,,,,,,none,none
sun3d-hotel_uc-scan3,22,24,0.22004993440819262,0.742187499999997,0.59,1,1,,,,,,,,,,,,,,,,,,,,,,,,,,,,,,,,,none,none
sun3d-hotel_uc-scan3,22,33,0.1341458253988405,0.03906249999999985,0.0345,1,0,,,,,,,,,,,,,,,,,,,,,,,,,,,,,,,,,none,none
sun3d-hotel_uc-scan3,22,47,0.22529727899792645,0.5312499999999979,0.5015,1,1,,,,,,,,,,,,,,,,,,,,,,,,,,,,,,,,,none,none
sun3d-hotel_uc-scan3,22,48,0.3039228132537768,0.5546874999999978,0.4555,1,1,,,,,,,,,,,,,,,,,,,,,,,,,,,,,,,,,none,none
sun3d-hotel_uc-scan3,22,49,0.22470483686682746,0.6249999999999976,0.451,1,1,,,,,,,,,,,,,,,,,,,,,,,,,,,,,,,,,none,none
sun3d-hotel_uc-scan3,22,51,0.21150184080233592,0.6015624999999976,0.4755,1,1,,,,,,,,,,,,,,,,,,,,,,,,,,,,,,,,,none,none
sun3d-hotel_uc-scan3,22,52,0.22038847276882062,0.1992187499999992,0.2235,1,1,,,,,,,,,,,,,,,,,,,,,,,,,,,,,,,,,none,none
sun3d-hotel_uc-scan3,23,25,0.1869276409131949,0.8984374999999964,0.836,1,1,,,,,,,,,,,,,,,,,,,,,,,,,,,,,,,,,none,none
sun3d-hotel_uc-scan3,23,48,0.18515413388365795,0.6874999999999972,0.7155,1,1,,,,,,,,,,,,,,,,,,,,,,,,,,,,,,,,,none,none
sun3d-hotel_uc-scan3,23,50,0.6217915645556559,0.7851562499999969,0.666,1,1,,,,,,,,,,,,,,,,,,,,,,,,,,,,,,,,,none,none
sun3d-hotel_uc-scan3,24,26,0.24647018505825907,0.9414062499999962,0.9085,1,1,,,,,,,,,,,,,,,,,,,,,,,,,,,,,,,,,none,none
sun3d-hotel_uc-scan3,24,48,0.30993831391363946,0.8593749999999966,0.766,1,1,,,,,,,,,,,,,,,,,,,,,,,,,,,,,,,,,none,none
sun3d-hotel_uc-scan3,24,50,0.5043522960932145,0.6914062499999972,0.5825,1,1,,,,,,,,,,,,,,,,,,,,,,,,,,,,,,,,,none,none
sun3d-hotel_uc-scan3,24,52,0.20308430431802604,0.761718749999997,0.6985,1,1,,,,,,,,,,,,,,,,,,,,,,,,,,,,,,,,,none,none
sun3d-hotel_uc-scan3,25,27,0.3066852191512238,0.7734374999999969,0.763,1,1,,,,,,,,,,,,,,,,,,,,,,,,,,,,,,,,,none,none
sun3d-hotel_uc-scan3,25,28,0.1676048320789324,0.48437499999999806,0.4805,1,1,,,,,,,,,,,,,,,,,,,,,,,,,,,,,,,,,none,none
sun3d-hotel_uc-scan3,25,31,0.1430649547783189,0.4296874999999983,0.301,1,1,,,,,,,,,,,,,,,,,,,,,,,,,,,,,,,,,none,none
sun3d-hotel_uc-scan3,25,32,0.32951742457782557,0.8164062499999968,0.666,1,1,,,,,,,,,,,,,,,,,,,,,,,,,,,,,,,,,none,none
sun3d-hotel_uc-scan3,25,33,0.24552526721902473,0.5546874999999978,0.4255,1,1,,,,,,,,,,,,,,,,,,,,,,,,,,,,,,,,,none,none
sun3d-hotel_uc-scan3,25,47,0.17196888242362912,0.1249999999999995,0.1165,1,0,,,,,,,,,,,,,,,,,,,,,,,,,,,,,,,,,none,none
sun3d-hotel_uc-scan3,25,50,0.2134589842514705,0.4257812499999983,0.247,1,1,,,,,,,,,,,,,,,,,,,,,,,,,,,,,,,,,none,none
sun3d-hotel_uc-scan3,26,29,0.316616461776439,0.9179687499999963,0.847,1,1,,,,,,,,,,,,,,,,,,,,,,,,,,,,,,,,,none,none
sun3d-hotel_uc-scan3,26,49,0.17056093788162502,0.41015624999999833,0.317,1,0,,,,,,,,,,,,,,,,,,,,,,,,,,,,,,,,,none,none
sun3d-hotel_uc-scan3,29,30,0.3382844832473496,0.18359374999999928,0.0645,1,0,,,,,,,,,,,,,,,,,,,,,,,,,,,,,,,,,none,none
sun3d-hotel_uc-scan3,30,31,0.3037370430987452,0.6093749999999976,0.572,1,0,,,,,,,,,,,,,,,,,,,,,,,,,,,,,,,,,none,none
sun3d-hotel_uc-scan3,30,32,0.3992771412984179,0.6953124999999972,0.676,1,1,,,,,,,,,,,,,,,,,,,,,,,,,,,,,,,,,none,none
sun3d-hotel_uc-scan3,30,33,0.32467266775777415,0.4687499999999981,0.37,1,1,,,,,,,,,,,,,,,,,,,,,,,,,,,,,,,,,none,none
sun3d-hotel_uc-scan3,30,48,0.20349154391707583,0.28906249999999883,0.1795,1,0,,,,,,,,,,,,,,,,,,,,,,,,,,,,,,,,,none,none
sun3d-hotel_uc-scan3,31,34,0.29773755656108597,0.36718749999999856,0.3805,1,0,,,,,,,,,,,,,,,,,,,,,,,,,,,,,,,,,none,none
sun3d-hotel_uc-scan3,31,53,0.41202327084680024,0.5390624999999979,0.3975,1,1,,,,,,,,,,,,,,,,,,,,,,,,,,,,,,,,,none,none
sun3d-hotel_uc-scan3,32,34,0.22634767748951376,0.0039062499999999844,0.0025,1,0,,,,,,,,,,,,,,,,,,,,,,,,,,,,,,,,,none,none
sun3d-hotel_uc-scan3,32,53,0.34907565636165916,0.6523437499999974,0.391,1,1,,,,,,,,,,,,,,,,,,,,,,,,,,,,,,,,,none,none
sun3d-hotel_uc-scan3,33,35,0.18977283350472096,0.1562499999999994,0.0525,1,1,,,,,,,,,,,,,,,,,,,,,,,,,,,,,,,,,none,none
sun3d-hotel_uc-scan3,33,46,0.28961391044218004,0.46484374999999817,0.209,1,1,,,,,,,,,,,,,,,,,,,,,,,,,,,,,,,,,none,none
sun3d-hotel_uc-scan3,34,43,0.19358764690221733,0.6523437499999974,0.4555,1,1,,,,,,,,,,,,,,,,,,,,,,,,,,,,,,,,,none,none
sun3d-hotel_uc-scan3,34,44,0.19636405126839843,0.5898437499999977,0.4945,1,1,,,,,,,,,,,,,,,,,,,,,,,,,,,,,,,,,none,none
sun3d-hotel_uc-scan3,34,45,0.35811813030084055,0.8164062499999968,0.7005,1,1,,,,,,,,,,,,,,,,,,,,,,,,,,,,,,,,,none,none
sun3d-hotel_uc-scan3,34,52,0.2907998326550793,0.7656249999999969,0.5775,1,1,,,,,,,,,,,,,,,,,,,,,,,,,,,,,,,,,none,none
sun3d-hotel_uc-scan3,35,36,0.1670330350784854,0.7890624999999969,0.7685,1,0,,,,,,,,,,,,,,,,,,,,,,,,,,,,,,,,,none,none
sun3d-hotel_uc-scan3,35,43,0.16622805659617945,0.6679687499999973,0.559,1,1,,,,,,,,,,,,,,,,,,,,,,,,,,,,,,,,,none,none
sun3d-hotel_uc-scan3,35,44,0.26189665314715627,0.8437499999999967,0.7945,1,1,,,,,,,,,,,,,,,,,,,,,,,,,,,,,,,,,none,none
sun3d-hotel_uc-scan3,35,45,0.3797331186724047,0.9687499999999961,0.886,1,1,,,,,,,,,,,,,,,,,,,,,,,,,,,,,,,,,none,none
sun3d-hotel_uc-scan3,35,46,0.4009412056100808,0.9492187499999962,0.7645,1,1,,,,,,,,,,,,,,,,,,,,,,,,,,,,,,,,,none,none
sun3d-hotel_uc-scan3,35,53,0.3314963311557633,0.9062499999999963,0.724,1,1,,,,,,,,,,,,,,,,,,,,,,,,,,,,,,,,,none,none
sun3d-hotel_uc-scan3,36,37,0.28204954420685213,0.7968749999999968,0.704,1,0,,,,,,,,,,,,,,,,,,,,,,,,,,,,,,,,,none,none
sun3d-hotel_uc-scan3,36,43,0.38320512386051714,0.7851562499999969,0.6565,1,1,,,,,,,,,,,,,,,,,,,,,,,,,,,,,,,,,none,none
sun3d-hotel_uc-scan3,36,44,0.4381375173675828,0.8945312499999964,0.7445,1,1,,,,,,,,,,,,,,,,,,,,,,,,,,,,,,,,,none,none
sun3d-hotel_uc-scan3,36,45,0.425124538276458,0.9296874999999963,0.7885,1,1,,,,,,,,,,,,,,,,,,,,,,,,,,,,,,,,,none,none
sun3d-hotel_uc-scan3,37,42,0.27635930678661197,0.6132812499999976,0.554,1,1,,,,,,,,,,,,,,,,,,,,,,,,,,,,,,,,,none,none
sun3d-hotel_uc-scan3,37,43,0.2506945363143273,0.33984374999999867,0.301,1,1,,,,,,,,,,,,,,,,,,,,,,,,,,,,,,,,,none,none
sun3d-hotel_uc-scan3,37,44,0.20935308903294086,0.42187499999999833,0.261,1,1,,,,,,,,,,,,,,,,,,,,,,,,,,,,,,,,,none,none
sun3d-hotel_uc-scan3,38,42,0.33019529293940914,0.6289062499999974,0.6325,1,1,,,,,,,,,,,,,,,,,,,,,,,,,,,,,,,,,none,none
sun3d-hotel_uc-scan3,39,44,0.33406674000733405,0.6054687499999976,0.5675,1,1,,,,,,,,,,,,,,,,,,,,,,,,,,,,,,,,,none,none
sun3d-hotel_uc-scan3,40,43,0.4083102957191924,0.6757812499999973,0.654,1,1,,,,,,,,,,,,,,,,,,,,,,,,,,,,,,,,,none,none
sun3d-hotel_uc-scan3,40,44,0.2617910697830276,0.5234374999999979,0.4895,1,1,,,,,,,,,,,,,,,,,,,,,,,,,,,,,,,,,none,none
sun3d-hotel_uc-scan3,41,44,0.3040212107821476,0.6484374999999974,0.5915,1,1,,,,,,,,,,,,,,,,,,,,,,,,,,,,,,,,,none,none
sun3d-hotel_uc-scan3,42,45,0.3930860185937359,0.6132812499999976,0.509,1,1,,,,,,,,,,,,,,,,,,,,,,,,,,,,,,,,,none,none
sun3d-hotel_uc-scan3,42,54,0.2159039624514848,0.1249999999999995,0.102,1,0,,,,,,,,,,,,,,,,,,,,,,,,,,,,,,,,,none,none
sun3d-hotel_uc-scan3,43,46,0.23823873347126023,0.7187499999999971,0.642,1,1,,,,,,,,,,,,,,,,,,,,,,,,,,,,,,,,,none,none
sun3d-hotel_uc-scan3,43,53,0.26410002698569757,0.7695312499999969,0.689,1,1,,,,,,,,,,,,,,,,,,,,,,,,,,,,,,,,,none,none
sun3d-hotel_uc-scan3,44,46,0.25298668009337666,0.7265624999999971,0.717,1,1,,,,,,,,,,,,,,,,,,,,,,,,,,,,,,,,,none,none
sun3d-hotel_uc-scan3,44,53,0.19837964022520255,0.6249999999999976,0.5825,1,1,,,,,,,,,,,,,,,,,,,,,,,,,,,,,,,,,none,none
sun3d-hotel_uc-scan3,45,53,0.3277825047607471,0.8476562499999966,0.8055,1,1,,,,,,,,,,,,,,,,,,,,,,,,,,,,,,,,,none,none
sun3d-hotel_uc-scan3,46,48,0.16977802544812853,0.0039062499999999844,0.0,1,0,,,,,,,,,,,,,,,,,,,,,,,,,,,,,,,,,none,none
sun3d-hotel_uc-scan3,47,54,0.22999312084384316,0.5703124999999977,0.3655,1,1,,,,,,,,,,,,,,,,,,,,,,,,,,,,,,,,,none,none
sun3d-hotel_uc-scan3,48,53,0.3259567387687188,0.6210937499999976,0.2975,1,1,,,,,,,,,,,,,,,,,,,,,,,,,,,,,,,,,none,none
sun3d-hotel_uc-scan3,49,52,0.20975414216996258,0.8281249999999967,0.8295,1,1,,,,,,,,,,,,,,,,,,,,,,,,,,,,,,,,,none,none
sun3d-hotel_uc-scan3,51,52,0.25500387396694213,0.8749999999999966,0.872,1,0,,,,,,,,,,,,,,,,,,,,,,,,,,,,,,,,,none,none
sun3d-hotel_umd-maryland_hotel1,0,8,0.23081954017205816,0.6484374999999974,0.6875,1,1,,,,,,,,,,,,,,,,,,,,,,,,,,,,,,,,,none,none
sun3d-hotel_umd-maryland_hotel1,0,9,0.32223172510942294,0.8476562499999966,0.869,1,1,,,,,,,,,,,,,,,,,,,,,,,,,,,,,,,,,none,none
sun3d-hotel_umd-maryland_hotel1,0,10,0.3469839513004981,0.8828124999999964,0.804,1,1,,,,,,,,,,,,,,,,,,,,,,,,,,,,,,,,,none,none
sun3d-hotel_umd-maryland_hotel1,0,15,0.241937918196911,0.7851562499999969,0.7455,1,1,,,,,,,,,,,,,,,,,,,,,,,,,,,,,,,,,none,none
sun3d-hotel_umd-maryland_hotel1,0,23,0.4538411229058711,0.8359374999999967,0.7105,1,1,,,,,,,,,,,,,,,,,,,,,,,,,,,,,,,,,none,none
sun3d-hotel_umd-maryland_hotel1,0,29,0.17381898676862706,0.5742187499999977,0.5005,1,1,,,,,,,,,,,,,,,,,,,,,,,,,,,,,,,,,none,none
sun3d-hotel_umd-maryland_hotel1,1,26,0.2896350488434051,0.8203124999999967,0.729,1,1,,,,,,,,,,,,,,,,,,,,,,,,,,,,,,,,,none,none
sun3d-hotel_umd-maryland_hotel1,2,3,0.21970347472665866,0.9062499999999963,0.84,1,0,,,,,,,,,,,,,,,,,,,,,,,,,,,,,,,,,none,none
sun3d-hotel_umd-maryland_hotel1,2,12,0.23762092850191768,0.6328124999999974,0.48,1,1,,,,,,,,,,,,,,,,,,,,,,,,,,,,,,,,,none,none
sun3d-hotel_umd-maryland_hotel1,2,23,0.4243230866105673,0.8632812499999966,0.7315,1,1,,,,,,,,,,,,,,,,,,,,,,,,,,,,,,,,,none,none
sun3d-hotel_umd-maryland_hotel1,2,24,0.1860724712347587,0.6640624999999973,0.5,1,0,,,,,,,,,,,,,,,,,,,,,,,,,,,,,,,,,none,none
sun3d-hotel_umd-maryland_hotel1,2,25,0.18481309748697694,0.742187499999997,0.742,1,1,,,,,,,,,,,,,,,,,,,,,,,,,,,,,,,,,none,none
sun3d-hotel_umd-maryland_hotel1,3,11,0.2771104095773031,0.753906249999997,0.701,1,1,,,,,,,,,,,,,,,,,,,,,,,,,,,,,,,,,none,none
sun3d-hotel_umd-maryland_hotel1,3,15,0.1657168627772539,0.6171874999999976,0.584,1,1,,,,,,,,,,,,,,,,,,,,,,,,,,,,,,,,,none,none
sun3d-hotel_umd-maryland_hotel1,3,23,0.2248370300520684,0.249999999999999,0.136,1,0,,,,,,,,,,,,,,,,,,,,,,,,,,,,,,,,,none,none
sun3d-hotel_umd-maryland_hotel1,3,27,0.24968225984994466,0.7343749999999971,0.603,1,1,,,,,,,,,,,,,,,,,,,,,,,,,,,,,,,,,none,none
sun3d-hotel_umd-maryland_hotel1,3,28,0.27608544135131813,0.6523437499999974,0.6385,1,1,,,,,,,,,,,,,,,,,,,,,,,,,,,,,,,,,none,none
sun3d-hotel_umd-maryland_hotel1,4,11,0.36760046089586634,0.6679687499999973,0.6565,1,1,,,,,,,,,,,,,,,,,,,,,,,,,,,,,,,,,none,none
sun3d-hotel_umd-maryland_hotel1,4,12,0.40051130635172116,0.5898437499999977,0.4975,1,1,,,,,,,,,,,,,,,,,,,,,,,,,,,,,,,,,none,none
sun3d-hotel_umd-maryland_hotel1,4,16,0.29947429065245573,0.749999999999997,0.596,1,1,,,,,,,,,,,,,,,,,,,,,,,,,,,,,,,,,none,none
sun3d-hotel_umd-maryland_hotel1,4,28,0.2550050410485381,0.48828124999999806,0.474,1,1,,,,,,,,,,,,,,,,,,,,,,,,,,,,,,,,,none,none
sun3d-hotel_umd-maryland_hotel1,5,7,0.12251106194690266,0.0,0.0,1,0,,,,,,,,,,,,,,,,,,,,,,,,,,,,,,,,,none,none
sun3d-hotel_umd-maryland_hotel1,5,27,0.3071349557522124,0.8476562499999966,0.815,1,1,,,,,,,,,,,,,,,,,,,,,,,,,,,,,,,,,none,none
sun3d-hotel_umd-maryland_hotel1,5,33,0.3415929203539823,0.8437499999999967,0.6915,1,1,,,,,,,,,,,,,,,,,,,,,,,,,,,,,,,,,none,none
sun3d-hotel_umd-maryland_hotel1,5,34,0.13053097345132744,0.09765624999999961,0.0025,1,0,,,,,,,,,,,,,,,,,,,,,,,,,,,,,,,,,none,none
sun3d-hotel_umd-maryland_hotel1,5,35,0.23119469026548672,0.6679687499999973,0.622,1,1,,,,,,,,,,,,,,,,,,,,,,,,,,,,,,,,,none,none
sun3d-hotel_umd-maryland_hotel1,6,7,0.20615714094498727,0.749999999999997,0.585,1,0,,,,,,,,,,,,,,,,,,,,,,,,,,,,,,,,,none,none
sun3d-hotel_umd-maryland_hotel1,6,19,0.2664971222058627,0.6132812499999976,0.5295,1,1,,,,,,,,,,,,,,,,,,,,,,,,,,,,,,,,,none,none
sun3d-hotel_umd-maryland_hotel1,6,22,0.3891313077231964,0.8828124999999964,0.6975,1,1,,,,,,,,,,,,,,,,,,,,,,,,,,,,,,,,,none,none
sun3d-hotel_umd-maryland_hotel1,6,33,0.33331548654798554,0.9140624999999963,0.815,1,1,,,,,,,,,,,,,,,,,,,,,,,,,,,,,,,,,none,none
sun3d-hotel_umd-maryland_hotel1,6,34,0.32140275732833623,0.7304687499999971,0.55,1,1,,,,,,,,,,,,,,,,,,,,,,,,,,,,,,,,,none,none
sun3d-hotel_umd-maryland_hotel1,6,35,0.33915138535671263,0.9296874999999963,0.8095,1,1,,,,,,,,,,,,,,,,,,,,,,,,,,,,,,,,,none,none
sun3d-hotel_umd-maryland_hotel1,6,36,0.16313746486414135,0.16796874999999933,0.131,1,1,,,,,,,,,,,,,,,,,,,,,,,,,,,,,,,,,none,none
sun3d-hotel_umd-maryland_hotel1,6,37,0.16198634720920893,0.24218749999999903,0.1085,1,1,,,,,,,,,,,,,,,,,,,,,,,,,,,,,,,,,none,none
sun3d-hotel_umd-maryland_hotel1,7,8,0.35615675353093296,0.8984374999999964,0.64,1,0,,,,,,,,,,,,,,,,,,,,,,,,,,,,,,,,,none,none
sun3d-hotel_umd-maryland_hotel1,7,9,0.2148796498905908,0.7226562499999971,0.511,1,1,,,,,,,,,,,,,,,,,,,,,,,,,,,,,,,,,none,none
sun3d-hotel_umd-maryland_hotel1,7,10,0.22279689675750944,0.3749999999999985,0.2585,1,1,,,,,,,,,,,,,,,,,,,,,,,,,,,,,,,,,none,none
sun3d-hotel_umd-maryland_hotel1,7,11,0.16296001591406406,0.6445312499999974,0.5515,1,1,,,,,,,,,,,,,,,,,,,,,,,,,,,,,,,,,none,none
sun3d-hotel_umd-maryland_hotel1,7,13,0.2356475034812015,0.738281249999997,0.607,1,1,,,,,,,,,,,,,,,,,,,,,,,,,,,,,,,,,none,none
sun3d-hotel_umd-maryland_hotel1,7,18,0.3997612890391884,0.8242187499999967,0.784,1,1,,,,,,,,,,,,,,,,,,,,,,,,,,,,,,,,,none,none
sun3d-hotel_umd-maryland_hotel1,7,20,0.1553212651680923,0.5898437499999977,0.506,1,1,,,,,,,,,,,,,,,,,,,,,,,,,,,,,,,,,none,none
sun3d-hotel_umd-maryland_hotel1,7,21,0.29552416948478216,0.8007812499999968,0.673,1,1,,,,,,,,,,,,,,,,,,,,,,,,,,,,,,,,,none,none
sun3d-hotel_umd-maryland_hotel1,7,22,0.23863139049134674,0.5742187499999977,0.6445,1,1,,,,,,,,,,,,,,,,,,,,,,,,,,,,,,,,,none,none
sun3d-hotel_umd-maryland_hotel1,7,29,0.21826138850208873,0.32812499999999867,0.259,1,0,,,,,,,,,,,,,,,,,,,,,,,,,,,,,,,,,none,none
sun3d-hotel_umd-maryland_hotel1,7,30,0.44997016112989857,0.8085937499999968,0.795,1,1,,,,,,,,,,,,,,,,,,,,,,,,,,,,,,,,,none,none
sun3d-hotel_umd-maryland_hotel1,7,31,0.3698428486174657,0.7851562499999969,0.653,1,1,,,,,,,,,,,,,,,,,,,,,,,,,,,,,,,,,none,none
sun3d-hotel_umd-maryland_hotel1,7,32,0.23847224985080565,0.4765624999999981,0.472,1,1,,,,,,,,,,,,,,,,,,,,,,,,,,,,,,,,,none,none
sun3d-hotel_umd-maryland_hotel1,7,36,0.20545056693853192,0.4726562499999981,0.402,1,1,,,,,,,,,,,,,,,,,,,,,,,,,,,,,,,,,none,none
sun3d-hotel_umd-maryland_hotel1,7,37,0.16638153968569724,0.33593749999999867,0.3685,1,1,,,,,,,,,,,,,,,,,,,,,,,,,,,,,,,,,none,none
sun3d-hotel_umd-maryland_hotel1,8,10,0.3855806872553284,0.9492187499999962,0.8035,1,1,,,,,,,,,,,,,,,,,,,,,,,,,,,,,,,,,none,none
sun3d-hotel_umd-maryland_hotel1,8,19,0.24510656807307524,0.6992187499999972,0.48,1,1,,,,,,,,,,,,,,,,,,,,,,,,,,,,,,,,,none,none
sun3d-hotel_umd-maryland_hotel1,8,20,0.18138321009134406,0.7773437499999969,0.6325,1,1,,,,,,,,,,,,,,,,,,,,,,,,,,,,,,,,,none,none
sun3d-hotel_umd-maryland_hotel1,8,21,0.3026098303610265,0.8242187499999967,0.558,1,1,,,,,,,,,,,,,,,,,,,,,,,,,,,,,,,,,none,none
sun3d-hotel_umd-maryland_hotel1,8,26,0.23188342757720748,0.8124999999999968,0.725,1,1,,,,,,,,,,,,,,,,,,,,,,,,,,,,,,,,,none,none
sun3d-hotel_umd-maryland_hotel1,8,31,0.3823836450630709,0.5624999999999978,0.388,1,1,,,,,,,,,,,,,,,,,,,,,,,,,,,,,,,,,none,none
sun3d-hotel_umd-maryland_hotel1,9,14,0.34662307241850476,0.8749999999999966,0.8825,1,1,,,,,,,,,,,,,,,,,,,,,,,,,,,,,,,,,none,none
sun3d-hotel_umd-maryland_hotel1,9,19,0.15415772008588718,0.0039062499999999844,0.002,1,0,,,,,,,,,,,,,,,,,,,,,,,,,,,,,,,,,none,none
sun3d-hotel_umd-maryland_hotel1,9,20,0.2914796017958228,0.749999999999997,0.6215,1,1,,,,,,,,,,,,,,,,,,,,,,,,,,,,,,,,,none,none
sun3d-hotel_umd-maryland_hotel1,9,21,0.23052898692172555,0.48828124999999806,0.2775,1,1,,,,,,,,,,,,,,,,,,,,,,,,,,,,,,,,,none,none
sun3d-hotel_umd-maryland_hotel1,9,24,0.24668163185633418,0.8398437499999967,0.828,1,1,,,,,,,,,,,,,,,,,,,,,,,,,,,,,,,,,none,none
sun3d-hotel_umd-maryland_hotel1,9,25,0.3725356236580129,0.9062499999999963,0.893,1,1,,,,,,,,,,,,,,,,,,,,,,,,,,,,,,,,,none,none
sun3d-hotel_umd-maryland_hotel1,9,29,0.25078079250439195,0.6640624999999973,0.5665,1,1,,,,,,,,,,,,,,,,,,,,,,,,,,,,,,,,,none,none
sun3d-hotel_umd-maryland_hotel1,9,31,0.23262736677727894,0.4453124999999982,0.2365,1,0,,,,,,,,,,,,,,,,,,,,,,,,,,,,,,,,,none,none
sun3d-hotel_umd-maryland_hotel1,10,13,0.21280432822362488,0.757812499999997,0.652,1,1,,,,,,,,,,,,,,,,,,,,,,,,,,,,,,,,,none,none
sun3d-hotel_umd-maryland_hotel1,10,14,0.36433961368705803,0.8515624999999966,0.833,1,1,,,,,,,,,,,,,,,,,,,,,,,,,,,,,,,,,none,none
sun3d-hotel_umd-maryland_hotel1,10,19,0.12263300270513977,0.0,0.0,1,0,,,,,,,,,,,,,,,,,,,,,,,,,,,,,,,,,none,none
sun3d-hotel_umd-maryland_hotel1,10,20,0.21816714916235586,0.5156249999999979,0.521,1,1,,,,,,,,,,,,,,,,,,,,,,,,,,,,,,,,,none,none
sun3d-hotel_umd-maryland_hotel1,10,21,0.1747899957287267,0.06249999999999975,0.0085,1,0,,,,,,,,,,,,,,,,,,,,,,,,,,,,,,,,,none,none
sun3d-hotel_umd-maryland_hotel1,10,23,0.16975938493664278,0.5624999999999978,0.2955,1,1,,,,,,,,,,,,,,,,,,,,,,,,,,,,,,,,,none,none
sun3d-hotel_umd-maryland_hotel1,10,24,0.23615395567367473,0.8281249999999967,0.7085,1,1,,,,,,,,,,,,,,,,,,,,,,,,,,,,,,,,,none,none
sun3d-hotel_umd-maryland_hotel1,10,25,0.33932893550377297,0.9062499999999963,0.8205,1,1,,,,,,,,,,,,,,,,,,,,,,,,,,,,,,,,,none,none
sun3d-hotel_umd-maryland_hotel1,10,29,0.31033173556072324,0.8124999999999968,0.6825,1,1,,,,,,,,,,,,,,,,,,,,,,,,,,,,,,,,,none,none
sun3d-hotel_umd-maryland_hotel1,11,17,0.44992117083618405,0.9179687499999963,0.877,1,1,,,,,,,,,,,,,,,,,,,,,,,,,,,,,,,,,none,none
sun3d-hotel_umd-maryland_hotel1,11,18,0.331974893654996,0.5703124999999977,0.4565,1,1,,,,,,,,,,,,,,,,,,,,,,,,,,,,,,,,,none,none
sun3d-hotel_umd-maryland_hotel1,11,27,0.2958027188624803,0.6992187499999972,0.5635,1,1,,,,,,,,,,,,,,,,,,,,,,,,,,,,,,,,,none,none
sun3d-hotel_umd-maryland_hotel1,11,28,0.421810393550882,0.7734374999999969,0.7385,1,1,,,,,,,,,,,,,,,,,,,,,,,,,,,,,,,,,none,none
sun3d-hotel_umd-maryland_hotel1,11,32,0.2999672784603028,0.7890624999999969,0.525,1,1,,,,,,,,,,,,,,,,,,,,,,,,,,,,,,,,,none,none
sun3d-hotel_umd-maryland_hotel1,12,15,0.1847957749890983,0.4492187499999982,0.384,1,1,,,,,,,,,,,,,,,,,,,,,,,,,,,,,,,,,none,none
sun3d-hotel_umd-maryland_hotel1,12,23,0.27932554871844567,0.3789062499999985,0.24,1,0,,,,,,,,,,,,,,,,,,,,,,,,,,,,,,,,,none,none
sun3d-hotel_umd-maryland_hotel1,12,27,0.25427588545956686,0.6601562499999973,0.505,1,1,,,,,,,,,,,,,,,,,,,,,,,,,,,,,,,,,none,none
sun3d-hotel_umd-maryland_hotel1,12,28,0.2713309753379524,0.6874999999999972,0.545,1,1,,,,,,,,,,,,,,,,,,,,,,,,,,,,,,,,,none,none
sun3d-hotel_umd-maryland_hotel1,12,29,0.16832210862929406,0.28515624999999883,0.22,1,0,,,,,,,,,,,,,,,,,,,,,,,,,,,,,,,,,none,none
sun3d-hotel_umd-maryland_hotel1,13,25,0.12215606114468539,0.4414062499999982,0.234,1,1,,,,,,,,,,,,,,,,,,,,,,,,,,,,,,,,,none,none
sun3d-hotel_umd-maryland_hotel1,13,26,0.21240668325630999,0.5898437499999977,0.471,1,1,,,,,,,,,,,,,,,,,,,,,,,,,,,,,,,,,none,none
sun3d-hotel_umd-maryland_hotel1,14,15,0.35638160943211655,0.9179687499999963,0.814,1,0,,,,,,,,,,,,,,,,,,,,,,,,,,,,,,,,,none,none
sun3d-hotel_umd-maryland_hotel1,14,29,0.174226432579931,0.5820312499999977,0.416,1,1,,,,,,,,,,,,,,,,,,,,,,,,,,,,,,,,,none,none
sun3d-hotel_umd-maryland_hotel1,15,24,0.27665556468705393,0.746093749999997,0.6485,1,1,,,,,,,,,,,,,,,,,,,,,,,,,,,,,,,,,none,none
sun3d-hotel_umd-maryland_hotel1,15,25,0.3394177948873221,0.8164062499999968,0.785,1,1,,,,,,,,,,,,,,,,,,,,,,,,,,,,,,,,,none,none
sun3d-hotel_umd-maryland_hotel1,17,18,0.15075498532393258,0.8085937499999968,0.7025,1,0,,,,,,,,,,,,,,,,,,,,,,,,,,,,,,,,,none,none
sun3d-hotel_umd-maryland_hotel1,17,22,0.23778255212273428,0.9609374999999961,0.9085,1,1,,,,,,,,,,,,,,,,,,,,,,,,,,,,,,,,,none,none
sun3d-hotel_umd-maryland_hotel1,17,27,0.38629830241776864,0.9492187499999962,0.812,1,1,,,,,,,,,,,,,,,,,,,,,,,,,,,,,,,,,none,none
sun3d-hotel_umd-maryland_hotel1,17,29,0.19063757678457954,0.3476562499999986,0.3425,1,1,,,,,,,,,,,,,,,,,,,,,,,,,,,,,,,,,none,none
sun3d-hotel_umd-maryland_hotel1,17,32,0.24434895754531424,0.8124999999999968,0.631,1,1,,,,,,,,,,,,,,,,,,,,,,,,,,,,,,,,,none,none
sun3d-hotel_umd-maryland_hotel1,18,19,0.25998954135777785,0.8242187499999967,0.6695,1,0,,,,,,,,,,,,,,,,,,,,,,,,,,,,,,,,,none,none
sun3d-hotel_umd-maryland_hotel1,18,27,0.1707527146328709,0.7695312499999969,0.711,1,1,,,,,,,,,,,,,,,,,,,,,,,,,,,,,,,,,none,none
sun3d-hotel_umd-maryland_hotel1,18,28,0.2343043464886647,0.8749999999999966,0.7585,1,1,,,,,,,,,,,,,,,,,,,,,,,,,,,,,,,,,none,none
sun3d-hotel_umd-maryland_hotel1,18,32,0.33489187609585036,0.7109374999999971,0.682,1,1,,,,,,,,,,,,,,,,,,,,,,,,,,,,,,,,,none,none
sun3d-hotel_umd-maryland_hotel1,18,33,0.45811929004275737,0.8906249999999964,0.81,1,1,,,,,,,,,,,,,,,,,,,,,,,,,,,,,,,,,none,none
sun3d-hotel_umd-maryland_hotel1,18,35,0.42852748469654556,0.9140624999999963,0.8265,1,1,,,,,,,,,,,,,,,,,,,,,,,,,,,,,,,,,none,none
sun3d-hotel_umd-maryland_hotel1,18,36,0.17352117875049985,0.16015624999999936,0.0865,1,1,,,,,,,,,,,,,,,,,,,,,,,,,,,,,,,,,none,none
sun3d-hotel_umd-maryland_hotel1,19,20,0.22538758848308507,0.8398437499999967,0.7735,1,0,,,,,,,,,,,,,,,,,,,,,,,,,,,,,,,,,none,none
sun3d-hotel_umd-maryland_hotel1,19,30,0.4757024362704651,0.8789062499999964,0.682,1,1,,,,,,,,,,,,,,,,,,,,,,,,,,,,,,,,,none,none
sun3d-hotel_umd-maryland_hotel1,19,35,0.1516046380336127,0.0,0.0,1,0,,,,,,,,,,,,,,,,,,,,,,,,,,,,,,,,,none,none
sun3d-hotel_umd-maryland_hotel1,19,36,0.1658922134885135,0.08984374999999964,0.0595,1,0,,,,,,,,,,,,,,,,,,,,,,,,,,,,,,,,,none,none
sun3d-hotel_umd-maryland_hotel1,19,37,0.16220089460198897,0.027343749999999892,0.004,1,0,,,,,,,,,,,,,,,,,,,,,,,,,,,,,,,,,none,none
sun3d-hotel_umd-maryland_hotel1,22,27,0.30910011818335303,0.7851562499999969,0.7275,1,1,,,,,,,,,,,,,,,,,,,,,,,,,,,,,,,,,none,none
sun3d-hotel_umd-maryland_hotel1,22,33,0.4526760087793348,0.8281249999999967,0.776,1,1,,,,,,,,,,,,,,,,,,,,,,,,,,,,,,,,,none,none
sun3d-hotel_umd-maryland_hotel1,22,35,0.36120209353368227,0.8554687499999966,0.647,1,1,,,,,,,,,,,,,,,,,,,,,,,,,,,,,,,,,none,none
sun3d-hotel_umd-maryland_hotel1,23,24,0.4632409251033849,0.9257812499999963,0.812,1,0,,,,,,,,,,,,,,,,,,,,,,,,,,,,,,,,,none,none
sun3d-hotel_umd-maryland_hotel1,23,25,0.5189538979935672,0.9335937499999962,0.7645,1,1,,,,,,,,,,,,,,,,,,,,,,,,,,,,,,,,,none,none
sun3d-hotel_umd-maryland_hotel1,23,26,0.31026956654924187,0.746093749999997,0.5175,1,1,,,,,,,,,,,,,,,,,,,,,,,,,,,,,,,,,none,none
sun3d-hotel_umd-maryland_hotel1,23,29,0.19857558584775617,0.3476562499999986,0.219,1,1,,,,,,,,,,,,,,,,,,,,,,,,,,,,,,,,,none,none
sun3d-hotel_umd-maryland_hotel1,25,27,0.1625901812423016,0.5859374999999977,0.323,1,1,,,,,,,,,,,,,,,,,,,,,,,,,,,,,,,,,none,none
sun3d-hotel_umd-maryland_hotel1,25,29,0.3294914657751188,0.8515624999999966,0.7535,1,1,,,,,,,,,,,,,,,,,,,,,,,,,,,,,,,,,none,none
sun3d-hotel_umd-maryland_hotel1,25,32,0.18141826500087982,0.5781249999999977,0.3645,1,1,,,,,,,,,,,,,,,,,,,,,,,,,,,,,,,,,none,none
sun3d-hotel_umd-maryland_hotel1,26,27,0.277953793029796,0.8828124999999964,0.8095,1,0,,,,,,,,,,,,,,,,,,,,,,,,,,,,,,,,,none,none
sun3d-hotel_umd-maryland_hotel1,26,32,0.33088889679968675,0.7656249999999969,0.609,1,1,,,,,,,,,,,,,,,,,,,,,,,,,,,,,,,,,none,none
sun3d-hotel_umd-maryland_hotel1,28,33,0.12183293296469201,0.5624999999999978,0.6285,1,1,,,,,,,,,,,,,,,,,,,,,,,,,,,,,,,,,none,none
sun3d-hotel_umd-maryland_hotel1,32,33,0.1937070983613062,0.8398437499999967,0.7675,1,0,,,,,,,,,,,,,,,,,,,,,,,,,,,,,,,,,none,none
sun3d-hotel_umd-maryland_hotel1,35,36,0.24101829402689,0.46093749999999817,0.381,1,0,,,,,,,,,,,,,,,,,,,,,,,,,,,,,,,,,none,none
sun3d-hotel_umd-maryland_hotel1,35,37,0.19197707736389685,0.32812499999999867,0.243,1,1,,,,,,,,,,,,,,,,,,,,,,,,,,,,,,,,,none,none
sun3d-hotel_umd-maryland_hotel1,36,38,0.4141742522756827,0.749999999999997,0.709,1,1,,,,,,,,,,,,,,,,,,,,,,,,,,,,,,,,,none,none
sun3d-hotel_umd-maryland_hotel1,36,39,0.2988296488946684,0.6015624999999976,0.6395,1,1,,,,,,,,,,,,,,,,,,,,,,,,,,,,,,,,,none,none
sun3d-hotel_umd-maryland_hotel1,36,42,0.24167750325097528,0.054687499999999785,0.087,1,0,,,,,,,,,,,,,,,,,,,,,,,,,,,,,,,,,none,none
sun3d-hotel_umd-maryland_hotel1,36,53,0.19044213263979193,0.0,0.0,1,0,,,,,,,,,,,,,,,,,,,,,,,,,,,,,,,,,none,none
sun3d-hotel_umd-maryland_hotel1,36,55,0.4314694408322497,0.03515624999999986,0.0,1,0,,,,,,,,,,,,,,,,,,,,,,,,,,,,,,,,,none,none
sun3d-hotel_umd-maryland_hotel1,36,56,0.35357607282184655,0.5507812499999978,0.5685,1,1,,,,,,,,,,,,,,,,,,,,,,,,,,,,,,,,,none,none
sun3d-hotel_umd-maryland_hotel1,37,38,0.41912699533832465,0.6679687499999973,0.7685,1,0,,,,,,,,,,,,,,,,,,,,,,,,,,,,,,,,,none,none
sun3d-hotel_umd-maryland_hotel1,37,39,0.3429862974996468,0.6289062499999974,0.6175,1,1,,,,,,,,,,,,,,,,,,,,,,,,,,,,,,,,,none,none
sun3d-hotel_umd-maryland_hotel1,37,41,0.4803880020718557,0.7968749999999968,0.8315,1,1,,,,,,,,,,,,,,,,,,,,,,,,,,,,,,,,,none,none
sun3d-hotel_umd-maryland_hotel1,37,42,0.21759193859773038,0.48437499999999806,0.447,1,1,,,,,,,,,,,,,,,,,,,,,,,,,,,,,,,,,none,none
sun3d-hotel_umd-maryland_hotel1,37,55,0.33667655506898336,0.03906249999999985,0.0,1,0,,,,,,,,,,,,,,,,,,,,,,,,,,,,,,,,,none,none
sun3d-hotel_umd-maryland_hotel1,37,56,0.44036351650421435,0.5585937499999978,0.4945,1,1,,,,,,,,,,,,,,,,,,,,,,,,,,,,,,,,,none,none
sun3d-hotel_umd-maryland_hotel1,38,55,0.27639751552795033,0.08203124999999967,0.0,1,0,,,,,,,,,,,,,,,,,,,,,,,,,,,,,,,,,none,none
sun3d-hotel_umd-maryland_hotel1,40,41,0.29363710629027867,0.6406249999999974,0.6265,1,0,,,,,,,,,,,,,,,,,,,,,,,,,,,,,,,,,none,none
sun3d-hotel_umd-maryland_hotel1,41,42,0.18010813246226628,0.0,0.0,1,0,,,,,,,,,,,,,,,,,,,,,,,,,,,,,,,,,none,none
sun3d-hotel_umd-maryland_hotel1,41,53,0.1555530524892994,0.007812499999999969,0.0,1,0,,,,,,,,,,,,,,,,,,,,,,,,,,,,,,,,,none,none
sun3d-hotel_umd-maryland_hotel1,41,55,0.3607794548321694,0.031249999999999875,0.008,1,0,,,,,,,,,,,,,,,,,,,,,,,,,,,,,,,,,none,none
sun3d-hotel_umd-maryland_hotel1,42,53,0.30648046627041375,0.027343749999999892,0.015,1,0,,,,,,,,,,,,,,,,,,,,,,,,,,,,,,,,,none,none
sun3d-hotel_umd-maryland_hotel1,42,55,0.41796987708465577,0.3046874999999988,0.3145,1,1,,,,,,,,,,,,,,,,,,,,,,,,,,,,,,,,,none,none
sun3d-hotel_umd-maryland_hotel1,43,45,0.26172203237913844,0.6406249999999974,0.579,1,1,,,,,,,,,,,,,,,,,,,,,,,,,,,,,,,,,none,none
sun3d-hotel_umd-maryland_hotel1,43,48,0.32558400089630835,0.6445312499999974,0.5105,1,1,,,,,,,,,,,,,,,,,,,,,,,,,,,,,,,,,none,none
sun3d-hotel_umd-maryland_hotel1,43,49,0.29830261609993836,0.757812499999997,0.723,1,1,,,,,,,,,,,,,,,,,,,,,,,,,,,,,,,,,none,none
sun3d-hotel_umd-maryland_hotel1,43,53,0.17405187384460255,0.10546874999999958,0.103,1,1,,,,,,,,,,,,,,,,,,,,,,,,,,,,,,,,,none,none
sun3d-hotel_umd-maryland_hotel1,43,55,0.2757828693070416,0.5351562499999979,0.4565,1,1,,,,,,,,,,,,,,,,,,,,,,,,,,,,,,,,,none,none
sun3d-hotel_umd-maryland_hotel1,44,45,0.2117621242045205,0.5742187499999977,0.582,1,0,,,,,,,,,,,,,,,,,,,,,,,,,,,,,,,,,none,none
sun3d-hotel_umd-maryland_hotel1,44,47,0.23158510716114403,0.6015624999999976,0.6475,1,1,,,,,,,,,,,,,,,,,,,,,,,,,,,,,,,,,none,none
sun3d-hotel_umd-maryland_hotel1,44,52,0.1347377660741716,0.011718749999999953,0.0055,1,0,,,,,,,,,,,,,,,,,,,,,,,,,,,,,,,,,none,none
sun3d-hotel_umd-maryland_hotel1,45,46,0.2076257943535785,0.39453124999999845,0.4615,1,0,,,,,,,,,,,,,,,,,,,,,,,,,,,,,,,,,none,none
sun3d-hotel_umd-maryland_hotel1,47,48,0.2732494529540481,0.33984374999999867,0.4465,1,0,,,,,,,,,,,,,,,,,,,,,,,,,,,,,,,,,none,none
sun3d-hotel_umd-maryland_hotel1,47,56,0.224972647702407,0.3124999999999988,0.326,1,1,,,,,,,,,,,,,,,,,,,,,,,,,,,,,,,,,none,none
sun3d-hotel_umd-maryland_hotel1,48,49,0.14647599591419816,0.32812499999999867,0.271,1,0,,,,,,,,,,,,,,,,,,,,,,,,,,,,,,,,,none,none
sun3d-hotel_umd-maryland_hotel1,49,54,0.2135319064996548,0.0781249999999997,0.054,1,0,,,,,,,,,,,,,,,,,,,,,,,,,,,,,,,,,none,none
sun3d-hotel_umd-maryland_hotel1,50,55,0.3020651032551628,0.48828124999999806,0.4935,1,1,,,,,,,,,,,,,,,,,,,,,,,,,,,,,,,,,none,none
sun3d-hotel_umd-maryland_hotel1,51,55,0.24255102040816326,0.3789062499999985,0.4035,1,1,,,,,,,,,,,,,,,,,,,,,,,,,,,,,,,,,none,none
sun3d-hotel_umd-maryland_hotel1,52,53,0.12465627864344637,0.058593749999999764,0.0685,1,0,,,,,,,,,,,,,,,,,,,,,,,,,,,,,,,,,none,none
sun3d-hotel_umd-maryland_hotel1,52,54,0.1323327222731439,0.007812499999999969,0.0,1,0,,,,,,,,,,,,,,,,,,,,,,,,,,,,,,,,,none,none
sun3d-hotel_umd-maryland_hotel1,54,55,0.29550807537012114,0.29296874999999883,0.283,1,0,,,,,,,,,,,,,,,,,,,,,,,,,,,,,,,,,none,none
sun3d-hotel_umd-maryland_hotel3,0,11,0.3636576239476146,0.7226562499999971,0.5785,1,1,,,,,,,,,,,,,,,,,,,,,,,,,,,,,,,,,none,none
sun3d-hotel_umd-maryland_hotel3,0,27,0.20869387277829748,0.011718749999999953,0.006,1,0,,,,,,,,,,,,,,,,,,,,,,,,,,,,,,,,,none,none
sun3d-hotel_umd-maryland_hotel3,1,11,0.14983033150613417,0.1718749999999993,0.1235,1,0,,,,,,,,,,,,,,,,,,,,,,,,,,,,,,,,,none,none
sun3d-hotel_umd-maryland_hotel3,1,12,0.36821326024536677,0.6093749999999976,0.5505,1,1,,,,,,,,,,,,,,,,,,,,,,,,,,,,,,,,,none,none
sun3d-hotel_umd-maryland_hotel3,1,13,0.2779626729313495,0.746093749999997,0.697,1,1,,,,,,,,,,,,,,,,,,,,,,,,,,,,,,,,,none,none
sun3d-hotel_umd-maryland_hotel3,3,5,0.37107342726173403,0.9648437499999961,0.9315,1,1,,,,,,,,,,,,,,,,,,,,,,,,,,,,,,,,,none,none
sun3d-hotel_umd-maryland_hotel3,5,7,0.18075412711121278,0.8085937499999968,0.84,1,1,,,,,,,,,,,,,,,,,,,,,,,,,,,,,,,,,none,none
sun3d-hotel_umd-maryland_hotel3,8,14,0.23937832959098312,0.7031249999999972,0.662,1,1,,,,,,,,,,,,,,,,,,,,,,,,,,,,,,,,,none,none
sun3d-hotel_umd-maryland_hotel3,8,16,0.3531457755470435,0.9218749999999963,0.7965,1,1,,,,,,,,,,,,,,,,,,,,,,,,,,,,,,,,,none,none
sun3d-hotel_umd-maryland_hotel3,9,10,0.31160070448277005,0.9414062499999962,0.8425,1,0,,,,,,,,,,,,,,,,,,,,,,,,,,,,,,,,,none,none
sun3d-hotel_umd-maryland_hotel3,9,15,0.3458943940451268,0.9492187499999962,0.7845,1,1,,,,,,,,,,,,,,,,,,,,,,,,,,,,,,,,,none,none
sun3d-hotel_umd-maryland_hotel3,9,16,0.26547702123417405,0.8046874999999968,0.611,1,1,,,,,,,,,,,,,,,,,,,,,,,,,,,,,,,,,none,none
sun3d-hotel_umd-maryland_hotel3,10,11,0.33309692671394797,0.9726562499999961,0.7955,1,0,,,,,,,,,,,,,,,,,,,,,,,,,,,,,,,,,none,none
sun3d-hotel_umd-maryland_hotel3,10,13,0.18617021276595744,0.8320312499999967,0.66,1,1,,,,,,,,,,,,,,,,,,,,,,,,,,,,,,,,,none,none
sun3d-hotel_umd-maryland_hotel3,10,17,0.2822301024428684,0.25781249999999895,0.2345,1,1,,,,,,,,,,,,,,,,,,,,,,,,,,,,,,,,,none,none
sun3d-hotel_umd-maryland_hotel3,11,14,0.4107821726118256,0.9570312499999962,0.8395,1,1,,,,,,,,,,,,,,,,,,,,,,,,,,,,,,,,,none,none
sun3d-hotel_umd-maryland_hotel3,11,27,0.29066569602847203,0.011718749999999953,0.0045,1,0,,,,,,,,,,,,,,,,,,,,,,,,,,,,,,,,,none,none
sun3d-hotel_umd-maryland_hotel3,12,27,0.25280459898420493,0.015624999999999938,0.0045,1,0,,,,,,,,,,,,,,,,,,,,,,,,,,,,,,,,,none,none
sun3d-hotel_umd-maryland_hotel3,13,14,0.24803507123845311,0.8320312499999967,0.714,1,0,,,,,,,,,,,,,,,,,,,,,,,,,,,,,,,,,none,none
sun3d-hotel_umd-maryland_hotel3,13,27,0.255863472678879,0.0,0.002,1,0,,,,,,,,,,,,,,,,,,,,,,,,,,,,,,,,,none,none
sun3d-hotel_umd-maryland_hotel3,14,16,0.31978755542562004,0.4257812499999983,0.4225,1,1,,,,,,,,,,,,,,,,,,,,,,,,,,,,,,,,,none,none
sun3d-hotel_umd-maryland_hotel3,14,17,0.2854358524582176,0.14062499999999944,0.139,1,1,,,,,,,,,,,,,,,,,,,,,,,,,,,,,,,,,none,none
sun3d-hotel_umd-maryland_hotel3,16,18,0.22677270346206962,0.5195312499999979,0.5515,1,1,,,,,,,,,,,,,,,,,,,,,,,,,,,,,,,,,none,none
sun3d-hotel_umd-maryland_hotel3,16,19,0.23153483499214247,0.5742187499999977,0.4835,1,1,,,,,,,,,,,,,,,,,,,,,,,,,,,,,,,,,none,none
sun3d-hotel_umd-maryland_hotel3,18,20,0.3286368843069874,0.8281249999999967,0.733,1,1,,,,,,,,,,,,,,,,,,,,,,,,,,,,,,,,,none,none
sun3d-hotel_umd-maryland_hotel3,20,33,0.24668473880870392,0.054687499999999785,0.031,1,0,,,,,,,,,,,,,,,,,,,,,,,,,,,,,,,,,none,none
sun3d-hotel_umd-maryland_hotel3,20,34,0.3266906000439593,0.14843749999999942,0.066,1,0,,,,,,,,,,,,,,,,,,,,,,,,,,,,,,,,,none,none
sun3d-hotel_umd-maryland_hotel3,20,36,0.21510733387061323,0.0039062499999999844,0.004,1,0,,,,,,,,,,,,,,,,,,,,,,,,,,,,,,,,,none,none
sun3d-hotel_umd-maryland_hotel3,21,24,0.3505886213544444,0.8281249999999967,0.812,1,1,,,,,,,,,,,,,,,,,,,,,,,,,,,,,,,,,none,none
sun3d-hotel_umd-maryland_hotel3,21,29,0.3303662988637762,0.8476562499999966,0.7985,1,1,,,,,,,,,,,,,,,,,,,,,,,,,,,,,,,,,none,none
sun3d-hotel_umd-maryland_hotel3,21,30,0.33192501743303665,0.8124999999999968,0.789,1,1,,,,,,,,,,,,,,,,,,,,,,,,,,,,,,,,,none,none
sun3d-hotel_umd-maryland_hotel3,21,31,0.37831740432339306,0.6796874999999973,0.6915,1,1,,,,,,,,,,,,,,,,,,,,,,,,,,,,,,,,,none,none
sun3d-hotel_umd-maryland_hotel3,22,24,0.35518275747139205,0.8945312499999964,0.883,1,1,,,,,,,,,,,,,,,,,,,,,,,,,,,,,,,,,none,none
sun3d-hotel_umd-maryland_hotel3,22,27,0.3151501684997963,0.746093749999997,0.685,1,1,,,,,,,,,,,,,,,,,,,,,,,,,,,,,,,,,none,none
sun3d-hotel_umd-maryland_hotel3,22,30,0.39369699663000407,0.9023437499999964,0.807,1,1,,,,,,,,,,,,,,,,,,,,,,,,,,,,,,,,,none,none
sun3d-hotel_umd-maryland_hotel3,22,31,0.15020553271858683,0.6523437499999974,0.6505,1,1,,,,,,,,,,,,,,,,,,,,,,,,,,,,,,,,,none,none
sun3d-hotel_umd-maryland_hotel3,23,24,0.34328358208955223,0.8359374999999967,0.877,1,0,,,,,,,,,,,,,,,,,,,,,,,,,,,,,,,,,none,none
sun3d-hotel_umd-maryland_hotel3,23,27,0.3686034115138593,0.746093749999997,0.713,1,1,,,,,,,,,,,,,,,,,,,,,,,,,,,,,,,,,none,none
sun3d-hotel_umd-maryland_hotel3,24,25,0.33542735798973633,0.5351562499999979,0.5205,1,0,,,,,,,,,,,,,,,,,,,,,,,,,,,,,,,,,none,none
sun3d-hotel_umd-maryland_hotel3,24,30,0.17510175190231816,0.2734374999999989,0.243,1,1,,,,,,,,,,,,,,,,,,,,,,,,,,,,,,,,,none,none
sun3d-hotel_umd-maryland_hotel3,25,26,0.2805696513340972,0.16406249999999933,0.177,1,0,,,,,,,,,,,,,,,,,,,,,,,,,,,,,,,,,none,none
sun3d-hotel_umd-maryland_hotel3,25,28,0.2882632182026518,0.29687499999999883,0.3,1,1,,,,,,,,,,,,,,,,,,,,,,,,,,,,,,,,,none,none
sun3d-hotel_umd-maryland_hotel3,27,28,0.2397364771151179,0.6406249999999974,0.6495,1,0,,,,,,,,,,,,,,,,,,,,,,,,,,,,,,,,,none,none
sun3d-hotel_umd-maryland_hotel3,28,31,0.21010289990645464,0.4374999999999983,0.538,1,1,,,,,,,,,,,,,,,,,,,,,,,,,,,,,,,,,none,none
sun3d-hotel_umd-maryland_hotel3,29,31,0.18780096308186195,0.3203124999999987,0.311,1,1,,,,,,,,,,,,,,,,,,,,,,,,,,,,,,,,,none,none
sun3d-hotel_umd-maryland_hotel3,30,32,0.3221927497789567,0.6484374999999974,0.637,1,1,,,,,,,,,,,,,,,,,,,,,,,,,,,,,,,,,none,none
sun3d-hotel_umd-maryland_hotel3,30,33,0.21732979664014146,0.41406249999999833,0.4325,1,1,,,,,,,,,,,,,,,,,,,,,,,,,,,,,,,,,none,none
sun3d-hotel_umd-maryland_hotel3,31,35,0.139360013367867,0.10546874999999958,0.0455,1,0,,,,,,,,,,,,,,,,,,,,,,,,,,,,,,,,,none,none
sun3d-hotel_umd-maryland_hotel3,31,36,0.26042275879355,0.4414062499999982,0.2535,1,1,,,,,,,,,,,,,,,,,,,,,,,,,,,,,,,,,none,none
sun3d-mit_76_studyroom-76-1studyroom2,0,3,0.414189486015522,0.753906249999997,0.6495,1,1,,,,,,,,,,,,,,,,,,,,,,,,,,,,,,,,,none,none
sun3d-mit_76_studyroom-76-1studyroom2,0,8,0.3458778737736125,0.6484374999999974,0.6515,1,1,,,,,,,,,,,,,,,,,,,,,,,,,,,,,,,,,none,none
sun3d-mit_76_studyroom-76-1studyroom2,0,18,0.15185239420120075,0.015624999999999938,0.02,1,0,,,,,,,,,,,,,,,,,,,,,,,,,,,,,,,,,none,none
sun3d-mit_76_studyroom-76-1studyroom2,0,19,0.29923854151413093,0.253906249999999,0.164,1,1,,,,,,,,,,,,,,,,,,,,,,,,,,,,,,,,,none,none
sun3d-mit_76_studyroom-76-1studyroom2,0,21,0.40423195196954165,0.6914062499999972,0.681,1,1,,,,,,,,,,,,,,,,,,,,,,,,,,,,,,,,,none,none
sun3d-mit_76_studyroom-76-1studyroom2,0,22,0.20866891199297116,0.4414062499999982,0.6585,1,1,,,,,,,,,,,,,,,,,,,,,,,,,,,,,,,,,none,none
sun3d-mit_76_studyroom-76-1studyroom2,0,33,0.22316591008932493,0.48828124999999806,0.5665,1,1,,,,,,,,,,,,,,,,,,,,,,,,,,,,,,,,,none,none
sun3d-mit_76_studyroom-76-1studyroom2,0,39,0.1580758529799385,0.0,0.0,1,0,,,,,,,,,,,,,,,,,,,,,,,,,,,,,,,,,none,none
sun3d-mit_76_studyroom-76-1studyroom2,0,44,0.1721335481036755,0.0,0.0,1,0,,,,,,,,,,,,,,,,,,,,,,,,,,,,,,,,,none,none
sun3d-mit_76_studyroom-76-1studyroom2,0,45,0.33013618392151123,0.6210937499999976,0.726,1,1,,,,,,,,,,,,,,,,,,,,,,,,,,,,,,,,,none,none
sun3d-mit_76_studyroom-76-1studyroom2,0,50,0.2810806853126373,0.48437499999999806,0.5935,1,1,,,,,,,,,,,,,,,,,,,,,,,,,,,,,,,,,none,none
sun3d-mit_76_studyroom-76-1studyroom2,0,51,0.18516620295797334,0.33984374999999867,0.426,1,1,,,,,,,,,,,,,,,,,,,,,,,,,,,,,,,,,none,none
sun3d-mit_76_studyroom-76-1studyroom2,0,64,0.1742568458046566,0.0,0.0,1,0,,,,,,,,,,,,,,,,,,,,,,,,,,,,,,,,,none,none
sun3d-mit_76_studyroom-76-1studyroom2,1,8,0.3922909309489819,0.6757812499999973,0.7795,1,1,,,,,,,,,,,,,,,,,,,,,,,,,,,,,,,,,none,none
sun3d-mit_76_studyroom-76-1studyroom2,1,19,0.2993463070102938,0.12890624999999947,0.0575,1,0,,,,,,,,,,,,,,,,,,,,,,,,,,,,,,,,,none,none
sun3d-mit_76_studyroom-76-1studyroom2,1,20,0.42775565406867533,0.45703124999999817,0.3505,1,1,,,,,,,,,,,,,,,,,,,,,,,,,,,,,,,,,none,none
sun3d-mit_76_studyroom-76-1studyroom2,1,21,0.3810203621609437,0.6796874999999973,0.705,1,1,,,,,,,,,,,,,,,,,,,,,,,,,,,,,,,,,none,none
sun3d-mit_76_studyroom-76-1studyroom2,1,22,0.1989631076715005,0.46093749999999817,0.627,1,1,,,,,,,,,,,,,,,,,,,,,,,,,,,,,,,,,none,none
sun3d-mit_76_studyroom-76-1studyroom2,1,33,0.16853257194379742,0.3749999999999985,0.4575,1,1,,,,,,,,,,,,,,,,,,,,,,,,,,,,,,,,,none,none
sun3d-mit_76_studyroom-76-1studyroom2,1,39,0.1933278232774814,0.0,0.0,1,0,,,,,,,,,,,,,,,,,,,,,,,,,,,,,,,,,none,none
sun3d-mit_76_studyroom-76-1studyroom2,1,44,0.19993989029979714,0.0507812499999998,0.07,1,0,,,,,,,,,,,,,,,,,,,,,,,,,,,,,,,,,none,none
sun3d-mit_76_studyroom-76-1studyroom2,1,50,0.31001577879630327,0.5507812499999978,0.7705,1,1,,,,,,,,,,,,,,,,,,,,,,,,,,,,,,,,,none,none
sun3d-mit_76_studyroom-76-1studyroom2,1,51,0.19783605079269667,0.36328124999999856,0.4195,1,1,,,,,,,,,,,,,,,,,,,,,,,,,,,,,,,,,none,none
sun3d-mit_76_studyroom-76-1studyroom2,1,64,0.15049966188293637,0.0,0.0,1,0,,,,,,,,,,,,,,,,,,,,,,,,,,,,,,,,,none,none
sun3d-mit_76_studyroom-76-1studyroom2,2,4,0.34878107651460294,0.0781249999999997,0.016,1,0,,,,,,,,,,,,,,,,,,,,,,,,,,,,,,,,,none,none
sun3d-mit_76_studyroom-76-1studyroom2,2,21,0.19164856384262613,0.28906249999999883,0.265,1,1,,,,,,,,,,,,,,,,,,,,,,,,,,,,,,,,,none,none
sun3d-mit_76_studyroom-76-1studyroom2,2,34,0.4175718078686942,0.8085937499999968,0.7305,1,1,,,,,,,,,,,,,,,,,,,,,,,,,,,,,,,,,none,none
sun3d-mit_76_studyroom-76-1studyroom2,2,43,0.1444605358435916,0.0,0.0,1,0,,,,,,,,,,,,,,,,,,,,,,,,,,,,,,,,,none,none
sun3d-mit_76_studyroom-76-1studyroom2,2,51,0.20184648805213615,0.45312499999999817,0.5055,1,1,,,,,,,,,,,,,,,,,,,,,,,,,,,,,,,,,none,none
sun3d-mit_76_studyroom-76-1studyroom2,3,8,0.17814258911819889,0.4335937499999983,0.56,1,1,,,,,,,,,,,,,,,,,,,,,,,,,,,,,,,,,none,none
sun3d-mit_76_studyroom-76-1studyroom2,3,35,0.2770637898686679,0.6796874999999973,0.6535,1,1,,,,,,,,,,,,,,,,,,,,,,,,,,,,,,,,,none,none
sun3d-mit_76_studyroom-76-1studyroom2,3,36,0.3131332082551595,0.761718749999997,0.72,1,1,,,,,,,,,,,,,,,,,,,,,,,,,,,,,,,,,none,none
sun3d-mit_76_studyroom-76-1studyroom2,3,37,0.34155722326454035,0.8632812499999966,0.7515,1,1,,,,,,,,,,,,,,,,,,,,,,,,,,,,,,,,,none,none
sun3d-mit_76_studyroom-76-1studyroom2,3,41,0.3286116322701689,0.3437499999999986,0.1835,1,1,,,,,,,,,,,,,,,,,,,,,,,,,,,,,,,,,none,none
sun3d-mit_76_studyroom-76-1studyroom2,3,42,0.3902908067542214,0.35546874999999856,0.1795,1,0,,,,,,,,,,,,,,,,,,,,,,,,,,,,,,,,,none,none
sun3d-mit_76_studyroom-76-1studyroom2,4,6,0.35356200527704484,0.0,0.0,1,0,,,,,,,,,,,,,,,,,,,,,,,,,,,,,,,,,none,none
sun3d-mit_76_studyroom-76-1studyroom2,4,7,0.3047786572852536,0.0,0.0,1,0,,,,,,,,,,,,,,,,,,,,,,,,,,,,,,,,,none,none
sun3d-mit_76_studyroom-76-1studyroom2,4,38,0.28613309879800647,0.0,0.0,1,0,,,,,,,,,,,,,,,,,,,,,,,,,,,,,,,,,none,none
sun3d-mit_76_studyroom-76-1studyroom2,4,45,0.303312811492231,0.0,0.0,1,0,,,,,,,,,,,,,,,,,,,,,,,,,,,,,,,,,none,none
sun3d-mit_76_studyroom-76-1studyroom2,4,49,0.259220170038112,0.0,0.0,1,0,,,,,,,,,,,,,,,,,,,,,,,,,,,,,,,,,none,none
sun3d-mit_76_studyroom-76-1studyroom2,5,8,0.19616902924816076,0.496093749999998,0.6025,1,1,,,,,,,,,,,,,,,,,,,,,,,,,,,,,,,,,none,none
sun3d-mit_76_studyroom-76-1studyroom2,5,34,0.18329445541001255,0.5624999999999978,0.5075,1,1,,,,,,,,,,,,,,,,,,,,,,,,,,,,,,,,,none,none
sun3d-mit_76_studyroom-76-1studyroom2,5,35,0.30342723847120046,0.7929687499999968,0.632,1,1,,,,,,,,,,,,,,,,,,,,,,,,,,,,,,,,,none,none
sun3d-mit_76_studyroom-76-1studyroom2,5,36,0.33711645433339316,0.8242187499999967,0.6615,1,1,,,,,,,,,,,,,,,,,,,,,,,,,,,,,,,,,none,none
sun3d-mit_76_studyroom-76-1studyroom2,5,41,0.3389556791674143,0.4414062499999982,0.35,1,1,,,,,,,,,,,,,,,,,,,,,,,,,,,,,,,,,none,none
sun3d-mit_76_studyroom-76-1studyroom2,5,42,0.4463036066750404,0.48828124999999806,0.4215,1,1,,,,,,,,,,,,,,,,,,,,,,,,,,,,,,,,,none,none
sun3d-mit_76_studyroom-76-1studyroom2,5,50,0.18280100484478737,0.4023437499999984,0.433,1,1,,,,,,,,,,,,,,,,,,,,,,,,,,,,,,,,,none,none
sun3d-mit_76_studyroom-76-1studyroom2,6,34,0.34216799091940975,0.8164062499999968,0.75,1,1,,,,,,,,,,,,,,,,,,,,,,,,,,,,,,,,,none,none
sun3d-mit_76_studyroom-76-1studyroom2,6,40,0.3134506242905789,0.0,0.0,1,0,,,,,,,,,,,,,,,,,,,,,,,,,,,,,,,,,none,none
sun3d-mit_76_studyroom-76-1studyroom2,6,43,0.36254256526674233,0.007812499999999969,0.0,1,0,,,,,,,,,,,,,,,,,,,,,,,,,,,,,,,,,none,none
sun3d-mit_76_studyroom-76-1studyroom2,6,50,0.35408626560726447,0.5976562499999976,0.8125,1,1,,,,,,,,,,,,,,,,,,,,,,,,,,,,,,,,,none,none
sun3d-mit_76_studyroom-76-1studyroom2,6,51,0.16072644721906923,0.4296874999999983,0.45,1,1,,,,,,,,,,,,,,,,,,,,,,,,,,,,,,,,,none,none
sun3d-mit_76_studyroom-76-1studyroom2,7,34,0.2615929040856657,0.7656249999999969,0.724,1,1,,,,,,,,,,,,,,,,,,,,,,,,,,,,,,,,,none,none
sun3d-mit_76_studyroom-76-1studyroom2,7,40,0.32478514637621214,0.0,0.0,1,0,,,,,,,,,,,,,,,,,,,,,,,,,,,,,,,,,none,none
sun3d-mit_76_studyroom-76-1studyroom2,7,43,0.29964612344317293,0.0,0.0,1,0,,,,,,,,,,,,,,,,,,,,,,,,,,,,,,,,,none,none
sun3d-mit_76_studyroom-76-1studyroom2,8,9,0.35343071640574986,0.38671874999999845,0.4625,1,0,,,,,,,,,,,,,,,,,,,,,,,,,,,,,,,,,none,none
sun3d-mit_76_studyroom-76-1studyroom2,8,10,0.18151661525926788,0.3789062499999985,0.3145,1,1,,,,,,,,,,,,,,,,,,,,,,,,,,,,,,,,,none,none
sun3d-mit_76_studyroom-76-1studyroom2,8,34,0.17552231857068032,0.6132812499999976,0.6595,1,1,,,,,,,,,,,,,,,,,,,,,,,,,,,,,,,,,none,none
sun3d-mit_76_studyroom-76-1studyroom2,8,35,0.3067566781120875,0.7070312499999972,0.697,1,1,,,,,,,,,,,,,,,,,,,,,,,,,,,,,,,,,none,none
sun3d-mit_76_studyroom-76-1studyroom2,8,36,0.40801955421055697,0.746093749999997,0.673,1,1,,,,,,,,,,,,,,,,,,,,,,,,,,,,,,,,,none,none
sun3d-mit_76_studyroom-76-1studyroom2,8,52,0.2998312285398359,0.33203124999999867,0.4405,1,1,,,,,,,,,,,,,,,,,,,,,,,,,,,,,,,,,none,none
sun3d-mit_76_studyroom-76-1studyroom2,8,53,0.1763370773438864,0.12890624999999947,0.307,1,1,,,,,,,,,,,,,,,,,,,,,,,,,,,,,,,,,none,none
sun3d-mit_76_studyroom-76-1studyroom2,8,55,0.1645230751323983,0.08203124999999967,0.1245,1,1,,,,,,,,,,,,,,,,,,,,,,,,,,,,,,,,,none,none
sun3d-mit_76_studyroom-76-1studyroom2,9,12,0.3494348912678578,0.7148437499999971,0.6485,1,1,,,,,,,,,,,,,,,,,,,,,,,,,,,,,,,,,none,none
sun3d-mit_76_studyroom-76-1studyroom2,9,36,0.20903427953299264,0.33984374999999867,0.1295,1,1,,,,,,,,,,,,,,,,,,,,,,,,,,,,,,,,,none,none
sun3d-mit_76_studyroom-76-1studyroom2,9,37,0.2401432354806222,0.45312499999999817,0.2555,1,1,,,,,,,,,,,,,,,,,,,,,,,,,,,,,,,,,none,none
sun3d-mit_76_studyroom-76-1studyroom2,9,38,0.2777798500503562,0.5312499999999979,0.5965,1,1,,,,,,,,,,,,,,,,,,,,,,,,,,,,,,,,,none,none
sun3d-mit_76_studyroom-76-1studyroom2,9,39,0.2570778469916819,0.761718749999997,0.7425,1,1,,,,,,,,,,,,,,,,,,,,,,,,,,,,,,,,,none,none
sun3d-mit_76_studyroom-76-1studyroom2,9,50,0.2236935357529188,0.42187499999999833,0.5045,1,1,,,,,,,,,,,,,,,,,,,,,,,,,,,,,,,,,none,none
sun3d-mit_76_studyroom-76-1studyroom2,9,54,0.1815062106009176,0.2812499999999989,0.2445,1,1,,,,,,,,,,,,,,,,,,,,,,,,,,,,,,,,,none,none
sun3d-mit_76_studyroom-76-1studyroom2,9,56,0.29613189600507295,0.5429687499999978,0.503,1,1,,,,,,,,,,,,,,,,,,,,,,,,,,,,,,,,,none,none
sun3d-mit_76_studyroom-76-1studyroom2,10,13,0.1862607338017174,0.18749999999999925,0.136,1,0,,,,,,,,,,,,,,,,,,,,,,,,,,,,,,,,,none,none
sun3d-mit_76_studyroom-76-1studyroom2,10,37,0.17620608899297424,0.42187499999999833,0.1085,1,1,,,,,,,,,,,,,,,,,,,,,,,,,,,,,,,,,none,none
sun3d-mit_76_studyroom-76-1studyroom2,10,39,0.20811865729898515,0.6367187499999974,0.6435,1,1,,,,,,,,,,,,,,,,,,,,,,,,,,,,,,,,,none,none
sun3d-mit_76_studyroom-76-1studyroom2,10,56,0.35875097580015614,0.18749999999999925,0.2005,1,0,,,,,,,,,,,,,,,,,,,,,,,,,,,,,,,,,none,none
sun3d-mit_76_studyroom-76-1studyroom2,11,13,0.2207486000589449,0.3710937499999985,0.1945,1,0,,,,,,,,,,,,,,,,,,,,,,,,,,,,,,,,,none,none
sun3d-mit_76_studyroom-76-1studyroom2,11,51,0.18195549661066904,0.7304687499999971,0.7455,1,1,,,,,,,,,,,,,,,,,,,,,,,,,,,,,,,,,none,none
sun3d-mit_76_studyroom-76-1studyroom2,11,56,0.3027556734453286,0.26953124999999895,0.1565,1,0,,,,,,,,,,,,,,,,,,,,,,,,,,,,,,,,,none,none
sun3d-mit_76_studyroom-76-1studyroom2,12,14,0.28674473485017143,0.8398437499999967,0.7185,1,1,,,,,,,,,,,,,,,,,,,,,,,,,,,,,,,,,none,none
sun3d-mit_76_studyroom-76-1studyroom2,12,15,0.16621398993721892,0.6093749999999976,0.632,1,1,,,,,,,,,,,,,,,,,,,,,,,,,,,,,,,,,none,none
sun3d-mit_76_studyroom-76-1studyroom2,12,51,0.19560087270136695,0.6054687499999976,0.5655,1,0,,,,,,,,,,,,,,,,,,,,,,,,,,,,,,,,,none,none
sun3d-mit_76_studyroom-76-1studyroom2,12,52,0.33817177968743045,0.8515624999999966,0.7655,1,1,,,,,,,,,,,,,,,,,,,,,,,,,,,,,,,,,none,none
sun3d-mit_76_studyroom-76-1studyroom2,12,57,0.20419430963088295,0.8398437499999967,0.729,1,1,,,,,,,,,,,,,,,,,,,,,,,,,,,,,,,,,none,none
sun3d-mit_76_studyroom-76-1studyroom2,13,53,0.17867157378198387,0.14453124999999942,0.0895,1,0,,,,,,,,,,,,,,,,,,,,,,,,,,,,,,,,,none,none
sun3d-mit_76_studyroom-76-1studyroom2,13,58,0.20864002804065895,0.0039062499999999844,0.0,1,0,,,,,,,,,,,,,,,,,,,,,,,,,,,,,,,,,none,none
sun3d-mit_76_studyroom-76-1studyroom2,14,18,0.3886402319863834,0.5703124999999977,0.4025,1,1,,,,,,,,,,,,,,,,,,,,,,,,,,,,,,,,,none,none
sun3d-mit_76_studyroom-76-1studyroom2,14,55,0.37016957700308895,0.7851562499999969,0.6155,1,1,,,,,,,,,,,,,,,,,,,,,,,,,,,,,,,,,none,none
sun3d-mit_76_studyroom-76-1studyroom2,14,61,0.18748030006934377,0.015624999999999938,0.002,1,0,,,,,,,,,,,,,,,,,,,,,,,,,,,,,,,,,none,none
sun3d-mit_76_studyroom-76-1studyroom2,14,62,0.31040786736430687,0.33203124999999867,0.331,1,0,,,,,,,,,,,,,,,,,,,,,,,,,,,,,,,,,none,none
sun3d-mit_76_studyroom-76-1studyroom2,14,63,0.19176700498014246,0.3164062499999987,0.263,1,0,,,,,,,,,,,,,,,,,,,,,,,,,,,,,,,,,none,none
sun3d-mit_76_studyroom-76-1studyroom2,15,16,0.3421672001506308,0.761718749999997,0.7045,1,0,,,,,,,,,,,,,,,,,,,,,,,,,,,,,,,,,none,none
sun3d-mit_76_studyroom-76-1studyroom2,15,17,0.31816042176614573,0.738281249999997,0.758,1,1,,,,,,,,,,,,,,,,,,,,,,,,,,,,,,,,,none,none
sun3d-mit_76_studyroom-76-1studyroom2,15,19,0.31924308039917154,0.6796874999999973,0.698,1,1,,,,,,,,,,,,,,,,,,,,,,,,,,,,,,,,,none,none
sun3d-mit_76_studyroom-76-1studyroom2,15,55,0.18485219356053473,0.6874999999999972,0.634,1,1,,,,,,,,,,,,,,,,,,,,,,,,,,,,,,,,,none,none
sun3d-mit_76_studyroom-76-1studyroom2,15,60,0.2117774430427415,0.058593749999999764,0.095,1,0,,,,,,,,,,,,,,,,,,,,,,,,,,,,,,,,,none,none
sun3d-mit_76_studyroom-76-1studyroom2,15,61,0.35741856524195065,0.24218749999999903,0.1885,1,0,,,,,,,,,,,,,,,,,,,,,,,,,,,,,,,,,none,none
sun3d-mit_76_studyroom-76-1studyroom2,15,63,0.4590472604029373,0.11718749999999953,0.141,1,0,,,,,,,,,,,,,,,,,,,,,,,,,,,,,,,,,none,none
sun3d-mit_76_studyroom-76-1studyroom2,15,64,0.303426849934099,0.21874999999999914,0.238,1,1,,,,,,,,,,,,,,,,,,,,,,,,,,,,,,,,,none,none
sun3d-mit_76_studyroom-76-1studyroom2,16,18,0.30936381883235886,0.5937499999999977,0.5945,1,1,,,,,,,,,,,,,,,,,,,,,,,,,,,,,,,,,none,none
sun3d-mit_76_studyroom-76-1studyroom2,16,19,0.2866742298629898,0.3124999999999988,0.41,1,1,,,,,,,,,,,,,,,,,,,,,,,,,,,,,,,,,none,none
sun3d-mit_76_studyroom-76-1studyroom2,16,57,0.3136399336765861,0.3984374999999984,0.269,1,1,,,,,,,,,,,,,,,,,,,,,,,,,,,,,,,,,none,none
sun3d-mit_76_studyroom-76-1studyroom2,16,58,0.3235011781132734,0.3710937499999985,0.34,1,1,,,,,,,,,,,,,,,,,,,,,,,,,,,,,,,,,none,none
sun3d-mit_76_studyroom-76-1studyroom2,16,61,0.34619076708264246,0.1992187499999992,0.089,1,0,,,,,,,,,,,,,,,,,,,,,,,,,,,,,,,,,none,none
sun3d-mit_76_studyroom-76-1studyroom2,16,62,0.3859848154289205,0.015624999999999938,0.0095,1,0,,,,,,,,,,,,,,,,,,,,,,,,,,,,,,,,,none,none
sun3d-mit_76_studyroom-76-1studyroom2,16,63,0.36154987346190764,0.058593749999999764,0.099,1,0,,,,,,,,,,,,,,,,,,,,,,,,,,,,,,,,,none,none
sun3d-mit_76_studyroom-76-1studyroom2,16,64,0.32655554585915003,0.0507812499999998,0.0755,1,0,,,,,,,,,,,,,,,,,,,,,,,,,,,,,,,,,none,none
sun3d-mit_76_studyroom-76-1studyroom2,17,20,0.24965340727311508,0.2773437499999989,0.2965,1,1,,,,,,,,,,,,,,,,,,,,,,,,,,,,,,,,,none,none
sun3d-mit_76_studyroom-76-1studyroom2,17,57,0.29529700330596137,0.3515624999999986,0.3335,1,1,,,,,,,,,,,,,,,,,,,,,,,,,,,,,,,,,none,none
sun3d-mit_76_studyroom-76-1studyroom2,17,58,0.23109736589527569,0.3007812499999988,0.258,1,1,,,,,,,,,,,,,,,,,,,,,,,,,,,,,,,,,none,none
sun3d-mit_76_studyroom-76-1studyroom2,17,61,0.3029753652554122,0.0,0.0,1,0,,,,,,,,,,,,,,,,,,,,,,,,,,,,,,,,,none,none
sun3d-mit_76_studyroom-76-1studyroom2,17,62,0.4781913191852405,0.18749999999999925,0.1495,1,1,,,,,,,,,,,,,,,,,,,,,,,,,,,,,,,,,none,none
sun3d-mit_76_studyroom-76-1studyroom2,17,63,0.5079449717393623,0.24609374999999903,0.1545,1,1,,,,,,,,,,,,,,,,,,,,,,,,,,,,,,,,,none,none
sun3d-mit_76_studyroom-76-1studyroom2,17,65,0.3437133411538872,0.249999999999999,0.2315,1,1,,,,,,,,,,,,,,,,,,,,,,,,,,,,,,,,,none,none
sun3d-mit_76_studyroom-76-1studyroom2,18,21,0.2909476362094552,0.42187499999999833,0.44,1,1,,,,,,,,,,,,,,,,,,,,,,,,,,,,,,,,,none,none
sun3d-mit_76_studyroom-76-1studyroom2,18,34,0.27267330930676276,0.11718749999999953,0.0345,1,0,,,,,,,,,,,,,,,,,,,,,,,,,,,,,,,,,none,none
sun3d-mit_76_studyroom-76-1studyroom2,18,56,0.14458342166631333,0.0039062499999999844,0.0065,1,0,,,,,,,,,,,,,,,,,,,,,,,,,,,,,,,,,none,none
sun3d-mit_76_studyroom-76-1studyroom2,18,57,0.3218995124019504,0.753906249999997,0.5875,1,1,,,,,,,,,,,,,,,,,,,,,,,,,,,,,,,,,none,none
sun3d-mit_76_studyroom-76-1studyroom2,18,58,0.2526605893576426,0.5156249999999979,0.47,1,1,,,,,,,,,,,,,,,,,,,,,,,,,,,,,,,,,none,none
sun3d-mit_76_studyroom-76-1studyroom2,18,61,0.2871740513037948,0.3164062499999987,0.241,1,1,,,,,,,,,,,,,,,,,,,,,,,,,,,,,,,,,none,none
sun3d-mit_76_studyroom-76-1studyroom2,18,65,0.4148823404706381,0.46093749999999817,0.454,1,1,,,,,,,,,,,,,,,,,,,,,,,,,,,,,,,,,none,none
sun3d-mit_76_studyroom-76-1studyroom2,19,22,0.2714354527938343,0.16015624999999936,0.221,1,1,,,,,,,,,,,,,,,,,,,,,,,,,,,,,,,,,none,none
sun3d-mit_76_studyroom-76-1studyroom2,19,23,0.3050738599871548,0.48046874999999806,0.355,1,1,,,,,,,,,,,,,,,,,,,,,,,,,,,,,,,,,none,none
sun3d-mit_76_studyroom-76-1studyroom2,19,24,0.17650128452151573,0.0,0.0,1,0,,,,,,,,,,,,,,,,,,,,,,,,,,,,,,,,,none,none
sun3d-mit_76_studyroom-76-1studyroom2,19,33,0.2966441875401413,0.0,0.0,1,0,,,,,,,,,,,,,,,,,,,,,,,,,,,,,,,,,none,none
sun3d-mit_76_studyroom-76-1studyroom2,19,34,0.4511078998073218,0.2812499999999989,0.225,1,1,,,,,,,,,,,,,,,,,,,,,,,,,,,,,,,,,none,none
sun3d-mit_76_studyroom-76-1studyroom2,19,62,0.34838631984585744,0.08984374999999964,0.043,1,0,,,,,,,,,,,,,,,,,,,,,,,,,,,,,,,,,none,none
sun3d-mit_76_studyroom-76-1studyroom2,20,24,0.2851743477200683,0.0,0.0,1,0,,,,,,,,,,,,,,,,,,,,,,,,,,,,,,,,,none,none
sun3d-mit_76_studyroom-76-1studyroom2,20,25,0.12204340404779322,0.0,0.0,1,0,,,,,,,,,,,,,,,,,,,,,,,,,,,,,,,,,none,none
sun3d-mit_76_studyroom-76-1studyroom2,20,32,0.12269365195480778,0.0,0.0,1,0,,,,,,,,,,,,,,,,,,,,,,,,,,,,,,,,,none,none
sun3d-mit_76_studyroom-76-1studyroom2,20,33,0.38612533528407705,0.06640624999999974,0.1035,1,0,,,,,,,,,,,,,,,,,,,,,,,,,,,,,,,,,none,none
sun3d-mit_76_studyroom-76-1studyroom2,20,35,0.16016418759652118,0.5546874999999978,0.5375,1,1,,,,,,,,,,,,,,,,,,,,,,,,,,,,,,,,,none,none
sun3d-mit_76_studyroom-76-1studyroom2,20,63,0.32939120539705763,0.3124999999999988,0.186,1,1,,,,,,,,,,,,,,,,,,,,,,,,,,,,,,,,,none,none
sun3d-mit_76_studyroom-76-1studyroom2,21,25,0.1626097271648873,0.0,0.0,1,0,,,,,,,,,,,,,,,,,,,,,,,,,,,,,,,,,none,none
sun3d-mit_76_studyroom-76-1studyroom2,21,32,0.21926453143534994,0.0,0.0,1,0,,,,,,,,,,,,,,,,,,,,,,,,,,,,,,,,,none,none
sun3d-mit_76_studyroom-76-1studyroom2,21,35,0.20934756820877817,0.6953124999999972,0.741,1,1,,,,,,,,,,,,,,,,,,,,,,,,,,,,,,,,,none,none
sun3d-mit_76_studyroom-76-1studyroom2,21,47,0.1655041518386714,0.06249999999999975,0.036,1,0,,,,,,,,,,,,,,,,,,,,,,,,,,,,,,,,,none,none
sun3d-mit_76_studyroom-76-1studyroom2,21,48,0.23786476868327402,0.08984374999999964,0.054,1,0,,,,,,,,,,,,,,,,,,,,,,,,,,,,,,,,,none,none
sun3d-mit_76_studyroom-76-1studyroom2,21,63,0.2556109134045077,0.23046874999999908,0.0905,1,0,,,,,,,,,,,,,,,,,,,,,,,,,,,,,,,,,none,none
sun3d-mit_76_studyroom-76-1studyroom2,21,64,0.38073546856465007,0.503906249999998,0.282,1,1,,,,,,,,,,,,,,,,,,,,,,,,,,,,,,,,,none,none
sun3d-mit_76_studyroom-76-1studyroom2,21,65,0.41153024911032027,0.3242187499999987,0.2365,1,1,,,,,,,,,,,,,,,,,,,,,,,,,,,,,,,,,none,none
sun3d-mit_76_studyroom-76-1studyroom2,22,25,0.2503781194857575,0.10937499999999957,0.089,1,0,,,,,,,,,,,,,,,,,,,,,,,,,,,,,,,,,none,none
sun3d-mit_76_studyroom-76-1studyroom2,22,26,0.16448197630451222,0.09765624999999961,0.0715,1,0,,,,,,,,,,,,,,,,,,,,,,,,,,,,,,,,,none,none
sun3d-mit_76_studyroom-76-1studyroom2,22,27,0.21149483236702799,0.13671874999999944,0.064,1,0,,,,,,,,,,,,,,,,,,,,,,,,,,,,,,,,,none,none
sun3d-mit_76_studyroom-76-1studyroom2,22,32,0.3215276027224603,0.031249999999999875,0.0025,1,0,,,,,,,,,,,,,,,,,,,,,,,,,,,,,,,,,none,none
sun3d-mit_76_studyroom-76-1studyroom2,22,35,0.19775649105117218,0.5624999999999978,0.755,1,1,,,,,,,,,,,,,,,,,,,,,,,,,,,,,,,,,none,none
sun3d-mit_76_studyroom-76-1studyroom2,22,48,0.18143433324930677,0.16015624999999936,0.165,1,0,,,,,,,,,,,,,,,,,,,,,,,,,,,,,,,,,none,none
sun3d-mit_76_studyroom-76-1studyroom2,22,64,0.32367027980841945,0.019531249999999924,0.003,1,0,,,,,,,,,,,,,,,,,,,,,,,,,,,,,,,,,none,none
sun3d-mit_76_studyroom-76-1studyroom2,23,26,0.3862019914651494,0.13281249999999947,0.105,1,0,,,,,,,,,,,,,,,,,,,,,,,,,,,,,,,,,none,none
sun3d-mit_76_studyroom-76-1studyroom2,23,28,0.277992277992278,0.027343749999999892,0.0,1,0,,,,,,,,,,,,,,,,,,,,,,,,,,,,,,,,,none,none
sun3d-mit_76_studyroom-76-1studyroom2,23,31,0.17374517374517376,0.0,0.0,1,0,,,,,,,,,,,,,,,,,,,,,,,,,,,,,,,,,none,none
sun3d-mit_76_studyroom-76-1studyroom2,23,34,0.4467926573189731,0.7109374999999971,0.5155,1,0,,,,,,,,,,,,,,,,,,,,,,,,,,,,,,,,,none,none
sun3d-mit_76_studyroom-76-1studyroom2,23,64,0.19603061708324868,0.14062499999999944,0.056,1,0,,,,,,,,,,,,,,,,,,,,,,,,,,,,,,,,,none,none
sun3d-mit_76_studyroom-76-1studyroom2,24,28,0.4162602712272029,0.8320312499999967,0.724,1,1,,,,,,,,,,,,,,,,,,,,,,,,,,,,,,,,,none,none
sun3d-mit_76_studyroom-76-1studyroom2,24,29,0.20482330148974548,0.6640624999999973,0.6985,1,1,,,,,,,,,,,,,,,,,,,,,,,,,,,,,,,,,none,none
sun3d-mit_76_studyroom-76-1studyroom2,24,31,0.2730643329547732,0.7226562499999971,0.706,1,1,,,,,,,,,,,,,,,,,,,,,,,,,,,,,,,,,none,none
sun3d-mit_76_studyroom-76-1studyroom2,24,34,0.2531565234818625,0.33593749999999867,0.4645,1,1,,,,,,,,,,,,,,,,,,,,,,,,,,,,,,,,,none,none
sun3d-mit_76_studyroom-76-1studyroom2,24,65,0.2899659295878148,0.015624999999999938,0.008,1,0,,,,,,,,,,,,,,,,,,,,,,,,,,,,,,,,,none,none
sun3d-mit_76_studyroom-76-1studyroom2,25,29,0.2022274164718823,0.8906249999999964,0.864,1,1,,,,,,,,,,,,,,,,,,,,,,,,,,,,,,,,,none,none
sun3d-mit_76_studyroom-76-1studyroom2,25,31,0.22686649250653101,0.8867187499999964,0.8235,1,1,,,,,,,,,,,,,,,,,,,,,,,,,,,,,,,,,none,none
sun3d-mit_76_studyroom-76-1studyroom2,26,28,0.3141057010031808,0.9453124999999962,0.83,1,1,,,,,,,,,,,,,,,,,,,,,,,,,,,,,,,,,none,none
sun3d-mit_76_studyroom-76-1studyroom2,26,33,0.3980915096647908,0.9140624999999963,0.8445,1,1,,,,,,,,,,,,,,,,,,,,,,,,,,,,,,,,,none,none
sun3d-mit_76_studyroom-76-1studyroom2,27,29,0.2903342273571281,0.9453124999999962,0.88,1,1,,,,,,,,,,,,,,,,,,,,,,,,,,,,,,,,,none,none
sun3d-mit_76_studyroom-76-1studyroom2,27,30,0.16726841345161955,0.9062499999999963,0.9205,1,1,,,,,,,,,,,,,,,,,,,,,,,,,,,,,,,,,none,none
sun3d-mit_76_studyroom-76-1studyroom2,27,31,0.3305395089746235,0.9843749999999961,0.9505,1,1,,,,,,,,,,,,,,,,,,,,,,,,,,,,,,,,,none,none
sun3d-mit_76_studyroom-76-1studyroom2,28,33,0.3406306557148824,0.8710937499999966,0.787,1,1,,,,,,,,,,,,,,,,,,,,,,,,,,,,,,,,,none,none
sun3d-mit_76_studyroom-76-1studyroom2,30,32,0.29587839812920197,0.738281249999997,0.7285,1,1,,,,,,,,,,,,,,,,,,,,,,,,,,,,,,,,,none,none
sun3d-mit_76_studyroom-76-1studyroom2,33,34,0.32035398230088497,0.6914062499999972,0.621,1,0,,,,,,,,,,,,,,,,,,,,,,,,,,,,,,,,,none,none
sun3d-mit_76_studyroom-76-1studyroom2,33,65,0.3056135252938846,0.06640624999999974,0.0245,1,0,,,,,,,,,,,,,,,,,,,,,,,,,,,,,,,,,none,none
sun3d-mit_76_studyroom-76-1studyroom2,34,36,0.3269682050338195,0.9609374999999961,0.8785,1,1,,,,,,,,,,,,,,,,,,,,,,,,,,,,,,,,,none,none
sun3d-mit_76_studyroom-76-1studyroom2,34,37,0.2997285234436111,0.8085937499999968,0.7305,1,1,,,,,,,,,,,,,,,,,,,,,,,,,,,,,,,,,none,none
sun3d-mit_76_studyroom-76-1studyroom2,34,38,0.20167487231399256,0.8476562499999966,0.785,1,1,,,,,,,,,,,,,,,,,,,,,,,,,,,,,,,,,none,none
sun3d-mit_76_studyroom-76-1studyroom2,34,46,0.23779505820641422,0.8359374999999967,0.7525,1,1,,,,,,,,,,,,,,,,,,,,,,,,,,,,,,,,,none,none
sun3d-mit_76_studyroom-76-1studyroom2,34,47,0.28081719044770626,0.8281249999999967,0.7665,1,1,,,,,,,,,,,,,,,,,,,,,,,,,,,,,,,,,none,none
sun3d-mit_76_studyroom-76-1studyroom2,34,48,0.34919247227718214,0.9453124999999962,0.8415,1,1,,,,,,,,,,,,,,,,,,,,,,,,,,,,,,,,,none,none
sun3d-mit_76_studyroom-76-1studyroom2,34,49,0.31859384346385683,0.8085937499999968,0.7915,1,1,,,,,,,,,,,,,,,,,,,,,,,,,,,,,,,,,none,none
sun3d-mit_76_studyroom-76-1studyroom2,34,63,0.14756361293884876,0.13671874999999944,0.0575,1,0,,,,,,,,,,,,,,,,,,,,,,,,,,,,,,,,,none,none
sun3d-mit_76_studyroom-76-1studyroom2,34,64,0.39253669534808816,0.19531249999999922,0.081,1,0,,,,,,,,,,,,,,,,,,,,,,,,,,,,,,,,,none,none
sun3d-mit_76_studyroom-76-1studyroom2,35,39,0.2654734786853238,0.0,0.0,1,0,,,,,,,,,,,,,,,,,,,,,,,,,,,,,,,,,none,none
sun3d-mit_76_studyroom-76-1studyroom2,35,44,0.25493003579563944,0.04687499999999981,0.0985,1,0,,,,,,,,,,,,,,,,,,,,,,,,,,,,,,,,,none,none
sun3d-mit_76_studyroom-76-1studyroom2,35,50,0.36082004555808656,0.6249999999999976,0.7115,1,1,,,,,,,,,,,,,,,,,,,,,,,,,,,,,,,,,none,none
sun3d-mit_76_studyroom-76-1studyroom2,35,51,0.27634233647901074,0.4257812499999983,0.453,1,1,,,,,,,,,,,,,,,,,,,,,,,,,,,,,,,,,none,none
sun3d-mit_76_studyroom-76-1studyroom2,35,52,0.17845753335502765,0.13281249999999947,0.2325,1,1,,,,,,,,,,,,,,,,,,,,,,,,,,,,,,,,,none,none
sun3d-mit_76_studyroom-76-1studyroom2,36,44,0.357847533632287,0.6914062499999972,0.437,1,0,,,,,,,,,,,,,,,,,,,,,,,,,,,,,,,,,none,none
sun3d-mit_76_studyroom-76-1studyroom2,36,50,0.4003587443946188,0.7304687499999971,0.657,1,1,,,,,,,,,,,,,,,,,,,,,,,,,,,,,,,,,none,none
sun3d-mit_76_studyroom-76-1studyroom2,36,51,0.38409566517189836,0.36718749999999856,0.3575,1,1,,,,,,,,,,,,,,,,,,,,,,,,,,,,,,,,,none,none
sun3d-mit_76_studyroom-76-1studyroom2,36,52,0.33805680119581466,0.23437499999999906,0.114,1,0,,,,,,,,,,,,,,,,,,,,,,,,,,,,,,,,,none,none
sun3d-mit_76_studyroom-76-1studyroom2,36,53,0.2786846038863976,0.2226562499999991,0.0375,1,0,,,,,,,,,,,,,,,,,,,,,,,,,,,,,,,,,none,none
sun3d-mit_76_studyroom-76-1studyroom2,37,44,0.39731285988483683,0.7187499999999971,0.4465,1,1,,,,,,,,,,,,,,,,,,,,,,,,,,,,,,,,,none,none
sun3d-mit_76_studyroom-76-1studyroom2,37,50,0.4160603490603937,0.8164062499999968,0.7045,1,1,,,,,,,,,,,,,,,,,,,,,,,,,,,,,,,,,none,none
sun3d-mit_76_studyroom-76-1studyroom2,37,51,0.36374592688479224,0.499999999999998,0.3965,1,1,,,,,,,,,,,,,,,,,,,,,,,,,,,,,,,,,none,none
sun3d-mit_76_studyroom-76-1studyroom2,37,52,0.34459670579833057,0.4765624999999981,0.2765,1,1,,,,,,,,,,,,,,,,,,,,,,,,,,,,,,,,,none,none
sun3d-mit_76_studyroom-76-1studyroom2,37,53,0.330536088916663,0.28515624999999883,0.0725,1,1,,,,,,,,,,,,,,,,,,,,,,,,,,,,,,,,,none,none
sun3d-mit_76_studyroom-76-1studyroom2,38,40,0.1791071481823875,0.023437499999999906,0.0065,1,0,,,,,,,,,,,,,,,,,,,,,,,,,,,,,,,,,none,none
sun3d-mit_76_studyroom-76-1studyroom2,38,43,0.1438881102197835,0.0,0.0,1,0,,,,,,,,,,,,,,,,,,,,,,,,,,,,,,,,,none,none
sun3d-mit_76_studyroom-76-1studyroom2,38,51,0.3550532311454388,0.8085937499999968,0.796,1,1,,,,,,,,,,,,,,,,,,,,,,,,,,,,,,,,,none,none
sun3d-mit_76_studyroom-76-1studyroom2,38,52,0.29481406375808905,0.5664062499999978,0.542,1,1,,,,,,,,,,,,,,,,,,,,,,,,,,,,,,,,,none,none
sun3d-mit_76_studyroom-76-1studyroom2,39,41,0.1703096222677833,0.38671874999999845,0.2475,1,1,,,,,,,,,,,,,,,,,,,,,,,,,,,,,,,,,none,none
sun3d-mit_76_studyroom-76-1studyroom2,39,42,0.24759356430482676,0.38281249999999845,0.212,1,0,,,,,,,,,,,,,,,,,,,,,,,,,,,,,,,,,none,none
sun3d-mit_76_studyroom-76-1studyroom2,39,48,0.28706953469784896,0.28906249999999883,0.1415,1,0,,,,,,,,,,,,,,,,,,,,,,,,,,,,,,,,,none,none
sun3d-mit_76_studyroom-76-1studyroom2,39,49,0.3339124995656253,0.8906249999999964,0.697,1,1,,,,,,,,,,,,,,,,,,,,,,,,,,,,,,,,,none,none
sun3d-mit_76_studyroom-76-1studyroom2,39,50,0.3516349862737603,0.8867187499999964,0.8245,1,1,,,,,,,,,,,,,,,,,,,,,,,,,,,,,,,,,none,none
sun3d-mit_76_studyroom-76-1studyroom2,39,51,0.28077978941515797,0.6992187499999972,0.7035,1,1,,,,,,,,,,,,,,,,,,,,,,,,,,,,,,,,,none,none
sun3d-mit_76_studyroom-76-1studyroom2,39,52,0.29888452583660563,0.7968749999999968,0.7655,1,1,,,,,,,,,,,,,,,,,,,,,,,,,,,,,,,,,none,none
sun3d-mit_76_studyroom-76-1studyroom2,39,53,0.2936372797720402,0.7812499999999969,0.728,1,1,,,,,,,,,,,,,,,,,,,,,,,,,,,,,,,,,none,none
sun3d-mit_76_studyroom-76-1studyroom2,40,45,0.3739217541321164,0.0,0.0,1,0,,,,,,,,,,,,,,,,,,,,,,,,,,,,,,,,,none,none
sun3d-mit_76_studyroom-76-1studyroom2,40,46,0.3301241026211809,0.0,0.0,1,0,,,,,,,,,,,,,,,,,,,,,,,,,,,,,,,,,none,none
sun3d-mit_76_studyroom-76-1studyroom2,40,47,0.28037175134954645,0.0,0.0,1,0,,,,,,,,,,,,,,,,,,,,,,,,,,,,,,,,,none,none
sun3d-mit_76_studyroom-76-1studyroom2,40,48,0.17229673326284156,0.0,0.0,1,0,,,,,,,,,,,,,,,,,,,,,,,,,,,,,,,,,none,none
sun3d-mit_76_studyroom-76-1studyroom2,40,49,0.15487784517780623,0.0039062499999999844,0.0,1,0,,,,,,,,,,,,,,,,,,,,,,,,,,,,,,,,,none,none
sun3d-mit_76_studyroom-76-1studyroom2,41,44,0.17796779478163582,0.0,0.0,1,0,,,,,,,,,,,,,,,,,,,,,,,,,,,,,,,,,none,none
sun3d-mit_76_studyroom-76-1studyroom2,42,44,0.2302771855010661,0.0,0.0,1,0,,,,,,,,,,,,,,,,,,,,,,,,,,,,,,,,,none,none
sun3d-mit_76_studyroom-76-1studyroom2,43,45,0.30052398226521565,0.0,0.0,1,0,,,,,,,,,,,,,,,,,,,,,,,,,,,,,,,,,none,none
sun3d-mit_76_studyroom-76-1studyroom2,43,46,0.23147924224103184,0.0,0.0,1,0,,,,,,,,,,,,,,,,,,,,,,,,,,,,,,,,,none,none
sun3d-mit_76_studyroom-76-1studyroom2,43,47,0.21821846029826683,0.0,0.0,1,0,,,,,,,,,,,,,,,,,,,,,,,,,,,,,,,,,none,none
sun3d-mit_76_studyroom-76-1studyroom2,43,48,0.1418782748891576,0.0,0.0,1,0,,,,,,,,,,,,,,,,,,,,,,,,,,,,,,,,,none,none
sun3d-mit_76_studyroom-76-1studyroom2,44,48,0.3115996681499359,0.8203124999999967,0.6635,1,1,,,,,,,,,,,,,,,,,,,,,,,,,,,,,,,,,none,none
sun3d-mit_76_studyroom-76-1studyroom2,44,51,0.16584961158458406,0.4062499999999984,0.4635,1,1,,,,,,,,,,,,,,,,,,,,,,,,,,,,,,,,,none,none
sun3d-mit_76_studyroom-76-1studyroom2,47,50,0.3725321888412017,0.8867187499999964,0.8475,1,1,,,,,,,,,,,,,,,,,,,,,,,,,,,,,,,,,none,none
sun3d-mit_76_studyroom-76-1studyroom2,48,50,0.3310707687364447,0.7851562499999969,0.868,1,1,,,,,,,,,,,,,,,,,,,,,,,,,,,,,,,,,none,none
sun3d-mit_76_studyroom-76-1studyroom2,49,51,0.21464988034543753,0.511718749999998,0.5805,1,1,,,,,,,,,,,,,,,,,,,,,,,,,,,,,,,,,none,none
sun3d-mit_76_studyroom-76-1studyroom2,50,52,0.22947842965374743,0.2226562499999991,0.288,1,1,,,,,,,,,,,,,,,,,,,,,,,,,,,,,,,,,none,none
sun3d-mit_76_studyroom-76-1studyroom2,51,55,0.40378189550425275,0.7304687499999971,0.591,1,1,,,,,,,,,,,,,,,,,,,,,,,,,,,,,,,,,none,none
sun3d-mit_76_studyroom-76-1studyroom2,51,56,0.24981014580801944,0.41015624999999833,0.326,1,1,,,,,,,,,,,,,,,,,,,,,,,,,,,,,,,,,none,none
sun3d-mit_76_studyroom-76-1studyroom2,52,54,0.24886180809913394,0.7343749999999971,0.7055,1,1,,,,,,,,,,,,,,,,,,,,,,,,,,,,,,,,,none,none
sun3d-mit_76_studyroom-76-1studyroom2,52,56,0.2582411939889775,0.08203124999999967,0.068,1,0,,,,,,,,,,,,,,,,,,,,,,,,,,,,,,,,,none,none
sun3d-mit_76_studyroom-76-1studyroom2,53,56,0.20996140415364822,0.04687499999999981,0.001,1,0,,,,,,,,,,,,,,,,,,,,,,,,,,,,,,,,,none,none
sun3d-mit_76_studyroom-76-1studyroom2,54,56,0.28545561897264315,0.18749999999999925,0.119,1,0,,,,,,,,,,,,,,,,,,,,,,,,,,,,,,,,,none,none
sun3d-mit_76_studyroom-76-1studyroom2,55,57,0.21630416872631406,0.8593749999999966,0.7795,1,1,,,,,,,,,,,,,,,,,,,,,,,,,,,,,,,,,none,none
sun3d-mit_76_studyroom-76-1studyroom2,57,59,0.2710438440522139,0.019531249999999924,0.0325,1,0,,,,,,,,,,,,,,,,,,,,,,,,,,,,,,,,,none,none
sun3d-mit_76_studyroom-76-1studyroom2,57,60,0.241554273819333,0.09374999999999963,0.0105,1,0,,,,,,,,,,,,,,,,,,,,,,,,,,,,,,,,,none,none
sun3d-mit_76_studyroom-76-1studyroom2,57,61,0.314150657010278,0.39453124999999845,0.2445,1,1,,,,,,,,,,,,,,,,,,,,,,,,,,,,,,,,,none,none
sun3d-mit_76_studyroom-76-1studyroom2,57,62,0.34598204605577,0.5390624999999979,0.336,1,1,,,,,,,,,,,,,,,,,,,,,,,,,,,,,,,,,none,none
sun3d-mit_76_studyroom-76-1studyroom2,57,63,0.22685285571794092,0.3437499999999986,0.203,1,1,,,,,,,,,,,,,,,,,,,,,,,,,,,,,,,,,none,none
sun3d-mit_76_studyroom-76-1studyroom2,58,62,0.4700013528138528,0.8203124999999967,0.7705,1,1,,,,,,,,,,,,,,,,,,,,,,,,,,,,,,,,,none,none
sun3d-mit_76_studyroom-76-1studyroom2,58,63,0.30830627705627706,0.8007812499999968,0.762,1,1,,,,,,,,,,,,,,,,,,,,,,,,,,,,,,,,,none,none
sun3d-mit_76_studyroom-76-1studyroom2,59,63,0.35211546065638594,0.9374999999999962,0.8395,1,1,,,,,,,,,,,,,,,,,,,,,,,,,,,,,,,,,none,none
sun3d-mit_76_studyroom-76-1studyroom2,60,64,0.21832158872517618,0.4492187499999982,0.2755,1,0,,,,,,,,,,,,,,,,,,,,,,,,,,,,,,,,,none,none
sun3d-mit_76_studyroom-76-1studyroom2,61,64,0.4184986080445426,0.5624999999999978,0.504,1,1,,,,,,,,,,,,,,,,,,,,,,,,,,,,,,,,,none,none
sun3d-mit_76_studyroom-76-1studyroom2,62,65,0.28618292030665005,0.06249999999999975,0.041,1,0,,,,,,,,,,,,,,,,,,,,,,,,,,,,,,,,,none,none
sun3d-mit_76_studyroom-76-1studyroom2,63,65,0.3799013128910036,0.4335937499999983,0.4385,1,0,,,,,,,,,,,,,,,,,,,,,,,,,,,,,,,,,none,none
sun3d-mit_lab_hj-lab_hj_tea_nov_2_2012_scan1_erika,0,2,0.2712342001449159,0.2773437499999989,0.21,1,1,,,,,,,,,,,,,,,,,,,,,,,,,,,,,,,,,none,none
sun3d-mit_lab_hj-lab_hj_tea_nov_2_2012_scan1_erika,0,6,0.35077691007165285,0.24218749999999903,0.0835,1,0,,,,,,,,,,,,,,,,,,,,,,,,,,,,,,,,,none,none
sun3d-mit_lab_hj-lab_hj_tea_nov_2_2012_scan1_erika,0,7,0.5843329844617986,0.16015624999999936,0.054,1,1,,,,,,,,,,,,,,,,,,,,,,,,,,,,,,,,,none,none
sun3d-mit_lab_hj-lab_hj_tea_nov_2_2012_scan1_erika,0,11,0.30359874406247483,0.5898437499999977,0.507,1,1,,,,,,,,,,,,,,,,,,,,,,,,,,,,,,,,,none,none
sun3d-mit_lab_hj-lab_hj_tea_nov_2_2012_scan1_erika,0,24,0.15892440222204332,0.2031249999999992,0.125,1,1,,,,,,,,,,,,,,,,,,,,,,,,,,,,,,,,,none,none
sun3d-mit_lab_hj-lab_hj_tea_nov_2_2012_scan1_erika,0,26,0.24603494082602045,0.26171874999999895,0.1625,1,1,,,,,,,,,,,,,,,,,,,,,,,,,,,,,,,,,none,none
sun3d-mit_lab_hj-lab_hj_tea_nov_2_2012_scan1_erika,1,5,0.286013482557759,0.5429687499999978,0.5095,1,1,,,,,,,,,,,,,,,,,,,,,,,,,,,,,,,,,none,none
sun3d-mit_lab_hj-lab_hj_tea_nov_2_2012_scan1_erika,1,7,0.6159434517965835,0.1992187499999992,0.147,1,1,,,,,,,,,,,,,,,,,,,,,,,,,,,,,,,,,none,none
sun3d-mit_lab_hj-lab_hj_tea_nov_2_2012_scan1_erika,1,26,0.22298579749983638,0.4414062499999982,0.263,1,1,,,,,,,,,,,,,,,,,,,,,,,,,,,,,,,,,none,none
sun3d-mit_lab_hj-lab_hj_tea_nov_2_2012_scan1_erika,2,6,0.5634556252895834,0.8203124999999967,0.762,1,1,,,,,,,,,,,,,,,,,,,,,,,,,,,,,,,,,none,none
sun3d-mit_lab_hj-lab_hj_tea_nov_2_2012_scan1_erika,2,7,0.5094140937618465,0.7929687499999968,0.7535,1,1,,,,,,,,,,,,,,,,,,,,,,,,,,,,,,,,,none,none
sun3d-mit_lab_hj-lab_hj_tea_nov_2_2012_scan1_erika,2,9,0.19127248220378248,0.6249999999999976,0.7085,1,1,,,,,,,,,,,,,,,,,,,,,,,,,,,,,,,,,none,none
sun3d-mit_lab_hj-lab_hj_tea_nov_2_2012_scan1_erika,2,28,0.2195358241017649,0.6562499999999973,0.7135,1,1,,,,,,,,,,,,,,,,,,,,,,,,,,,,,,,,,none,none
sun3d-mit_lab_hj-lab_hj_tea_nov_2_2012_scan1_erika,2,30,0.20769975990901815,0.18749999999999925,0.0155,1,0,,,,,,,,,,,,,,,,,,,,,,,,,,,,,,,,,none,none
sun3d-mit_lab_hj-lab_hj_tea_nov_2_2012_scan1_erika,3,5,0.6516949603533606,0.8242187499999967,0.7895,1,1,,,,,,,,,,,,,,,,,,,,,,,,,,,,,,,,,none,none
sun3d-mit_lab_hj-lab_hj_tea_nov_2_2012_scan1_erika,3,6,0.6106646798999521,0.7343749999999971,0.7475,1,1,,,,,,,,,,,,,,,,,,,,,,,,,,,,,,,,,none,none
sun3d-mit_lab_hj-lab_hj_tea_nov_2_2012_scan1_erika,3,7,0.4374434569740833,0.738281249999997,0.7275,1,1,,,,,,,,,,,,,,,,,,,,,,,,,,,,,,,,,none,none
sun3d-mit_lab_hj-lab_hj_tea_nov_2_2012_scan1_erika,3,8,0.32132403810334736,0.6992187499999972,0.6795,1,1,,,,,,,,,,,,,,,,,,,,,,,,,,,,,,,,,none,none
sun3d-mit_lab_hj-lab_hj_tea_nov_2_2012_scan1_erika,3,30,0.1870044170081422,0.04687499999999981,0.0015,1,0,,,,,,,,,,,,,,,,,,,,,,,,,,,,,,,,,none,none
sun3d-mit_lab_hj-lab_hj_tea_nov_2_2012_scan1_erika,4,7,0.49918127236339377,0.7929687499999968,0.742,1,1,,,,,,,,,,,,,,,,,,,,,,,,,,,,,,,,,none,none
sun3d-mit_lab_hj-lab_hj_tea_nov_2_2012_scan1_erika,4,8,0.3230032142640548,0.6601562499999973,0.606,1,1,,,,,,,,,,,,,,,,,,,,,,,,,,,,,,,,,none,none
sun3d-mit_lab_hj-lab_hj_tea_nov_2_2012_scan1_erika,5,9,0.14796817683769234,0.4023437499999984,0.5015,1,0,,,,,,,,,,,,,,,,,,,,,,,,,,,,,,,,,none,none
sun3d-mit_lab_hj-lab_hj_tea_nov_2_2012_scan1_erika,6,9,0.3466266755535807,0.6484374999999974,0.635,1,1,,,,,,,,,,,,,,,,,,,,,,,,,,,,,,,,,none,none
sun3d-mit_lab_hj-lab_hj_tea_nov_2_2012_scan1_erika,6,10,0.24387173220765757,0.4726562499999981,0.4385,1,1,,,,,,,,,,,,,,,,,,,,,,,,,,,,,,,,,none,none
sun3d-mit_lab_hj-lab_hj_tea_nov_2_2012_scan1_erika,8,9,0.3677132324901487,0.9140624999999963,0.9205,1,0,,,,,,,,,,,,,,,,,,,,,,,,,,,,,,,,,none,none
sun3d-mit_lab_hj-lab_hj_tea_nov_2_2012_scan1_erika,8,10,0.31211389347908985,0.749999999999997,0.826,1,1,,,,,,,,,,,,,,,,,,,,,,,,,,,,,,,,,none,none
sun3d-mit_lab_hj-lab_hj_tea_nov_2_2012_scan1_erika,9,11,0.38997214484679665,0.4296874999999983,0.302,1,1,,,,,,,,,,,,,,,,,,,,,,,,,,,,,,,,,none,none
sun3d-mit_lab_hj-lab_hj_tea_nov_2_2012_scan1_erika,9,27,0.3712439992888046,0.28515624999999883,0.3365,1,1,,,,,,,,,,,,,,,,,,,,,,,,,,,,,,,,,none,none
sun3d-mit_lab_hj-lab_hj_tea_nov_2_2012_scan1_erika,9,28,0.2639127600308185,0.6093749999999976,0.6205,1,1,,,,,,,,,,,,,,,,,,,,,,,,,,,,,,,,,none,none
sun3d-mit_lab_hj-lab_hj_tea_nov_2_2012_scan1_erika,10,27,0.40514825676116,0.6015624999999976,0.4465,1,1,,,,,,,,,,,,,,,,,,,,,,,,,,,,,,,,,none,none
sun3d-mit_lab_hj-lab_hj_tea_nov_2_2012_scan1_erika,10,28,0.2237210817855979,0.5898437499999977,0.645,1,1,,,,,,,,,,,,,,,,,,,,,,,,,,,,,,,,,none,none
sun3d-mit_lab_hj-lab_hj_tea_nov_2_2012_scan1_erika,13,16,0.36691755046185426,0.36718749999999856,0.2625,1,1,,,,,,,,,,,,,,,,,,,,,,,,,,,,,,,,,none,none
sun3d-mit_lab_hj-lab_hj_tea_nov_2_2012_scan1_erika,13,17,0.2703130345535409,0.08203124999999967,0.1185,1,1,,,,,,,,,,,,,,,,,,,,,,,,,,,,,,,,,none,none
sun3d-mit_lab_hj-lab_hj_tea_nov_2_2012_scan1_erika,13,18,0.18700821074238796,0.0,0.0,1,0,,,,,,,,,,,,,,,,,,,,,,,,,,,,,,,,,none,none
sun3d-mit_lab_hj-lab_hj_tea_nov_2_2012_scan1_erika,14,18,0.3756658758225525,0.8476562499999966,0.556,1,1,,,,,,,,,,,,,,,,,,,,,,,,,,,,,,,,,none,none
sun3d-mit_lab_hj-lab_hj_tea_nov_2_2012_scan1_erika,15,18,0.4137314836585939,0.8164062499999968,0.464,1,1,,,,,,,,,,,,,,,,,,,,,,,,,,,,,,,,,none,none
sun3d-mit_lab_hj-lab_hj_tea_nov_2_2012_scan1_erika,17,20,0.4026370575988897,0.6132812499999976,0.5155,1,0,,,,,,,,,,,,,,,,,,,,,,,,,,,,,,,,,none,none
sun3d-mit_lab_hj-lab_hj_tea_nov_2_2012_scan1_erika,19,21,0.4186991869918699,0.4492187499999982,0.1385,1,0,,,,,,,,,,,,,,,,,,,,,,,,,,,,,,,,,none,none
sun3d-mit_lab_hj-lab_hj_tea_nov_2_2012_scan1_erika,20,22,0.3524851470801333,0.4023437499999984,0.108,1,1,,,,,,,,,,,,,,,,,,,,,,,,,,,,,,,,,none,none
sun3d-mit_lab_hj-lab_hj_tea_nov_2_2012_scan1_erika,21,23,0.4179195604060139,0.6601562499999973,0.512,1,1,,,,,,,,,,,,,,,,,,,,,,,,,,,,,,,,,none,none
sun3d-mit_lab_hj-lab_hj_tea_nov_2_2012_scan1_erika,21,24,0.22429977867663894,0.5898437499999977,0.4815,1,1,,,,,,,,,,,,,,,,,,,,,,,,,,,,,,,,,none,none
sun3d-mit_lab_hj-lab_hj_tea_nov_2_2012_scan1_erika,21,25,0.1820575440738762,0.496093749999998,0.452,1,1,,,,,,,,,,,,,,,,,,,,,,,,,,,,,,,,,none,none
sun3d-mit_lab_hj-lab_hj_tea_nov_2_2012_scan1_erika,22,25,0.3685984505483449,0.6796874999999973,0.613,1,1,,,,,,,,,,,,,,,,,,,,,,,,,,,,,,,,,none,none
sun3d-mit_lab_hj-lab_hj_tea_nov_2_2012_scan1_erika,22,26,0.26456383942046485,0.496093749999998,0.415,1,1,,,,,,,,,,,,,,,,,,,,,,,,,,,,,,,,,none,none
sun3d-mit_lab_hj-lab_hj_tea_nov_2_2012_scan1_erika,23,26,0.4069486056695091,0.5390624999999979,0.447,1,1,,,,,,,,,,,,,,,,,,,,,,,,,,,,,,,,,none,none
sun3d-mit_lab_hj-lab_hj_tea_nov_2_2012_scan1_erika,23,27,0.29839824844434204,0.3437499999999986,0.295,1,0,,,,,,,,,,,,,,,,,,,,,,,,,,,,,,,,,none,none
sun3d-mit_lab_hj-lab_hj_tea_nov_2_2012_scan1_erika,24,26,0.483574909804418,0.6132812499999976,0.459,1,1,,,,,,,,,,,,,,,,,,,,,,,,,,,,,,,,,none,none
sun3d-mit_lab_hj-lab_hj_tea_nov_2_2012_scan1_erika,24,27,0.3595164250901956,0.4726562499999981,0.3655,1,1,,,,,,,,,,,,,,,,,,,,,,,,,,,,,,,,,none,none
sun3d-mit_lab_hj-lab_hj_tea_nov_2_2012_scan1_erika,24,33,0.24153427432115956,0.507812499999998,0.4505,1,1,,,,,,,,,,,,,,,,,,,,,,,,,,,,,,,,,none,none
sun3d-mit_lab_hj-lab_hj_tea_nov_2_2012_scan1_erika,24,34,0.19963288815747832,0.3242187499999987,0.2595,1,1,,,,,,,,,,,,,,,,,,,,,,,,,,,,,,,,,none,none
sun3d-mit_lab_hj-lab_hj_tea_nov_2_2012_scan1_erika,24,35,0.18975884549655042,0.41015624999999833,0.2555,1,1,,,,,,,,,,,,,,,,,,,,,,,,,,,,,,,,,none,none
sun3d-mit_lab_hj-lab_hj_tea_nov_2_2012_scan1_erika,24,36,0.15412367871384264,0.3203124999999987,0.296,1,1,,,,,,,,,,,,,,,,,,,,,,,,,,,,,,,,,none,none
sun3d-mit_lab_hj-lab_hj_tea_nov_2_2012_scan1_erika,24,37,0.20843091334894615,0.4335937499999983,0.3075,1,1,,,,,,,,,,,,,,,,,,,,,,,,,,,,,,,,,none,none
sun3d-mit_lab_hj-lab_hj_tea_nov_2_2012_scan1_erika,25,27,0.3533735888684694,0.4765624999999981,0.358,1,1,,,,,,,,,,,,,,,,,,,,,,,,,,,,,,,,,none,none
sun3d-mit_lab_hj-lab_hj_tea_nov_2_2012_scan1_erika,25,30,0.11774744027303755,0.0,0.0,1,0,,,,,,,,,,,,,,,,,,,,,,,,,,,,,,,,,none,none
sun3d-mit_lab_hj-lab_hj_tea_nov_2_2012_scan1_erika,25,31,0.11334996061958519,0.0,0.0,1,0,,,,,,,,,,,,,,,,,,,,,,,,,,,,,,,,,none,none
sun3d-mit_lab_hj-lab_hj_tea_nov_2_2012_scan1_erika,25,32,0.24087687056970333,0.36328124999999856,0.2065,1,1,,,,,,,,,,,,,,,,,,,,,,,,,,,,,,,,,none,none
sun3d-mit_lab_hj-lab_hj_tea_nov_2_2012_scan1_erika,25,33,0.3000131268049357,0.4687499999999981,0.379,1,1,,,,,,,,,,,,,,,,,,,,,,,,,,,,,,,,,none,none
sun3d-mit_lab_hj-lab_hj_tea_nov_2_2012_scan1_erika,25,34,0.2594512995536886,0.17968749999999928,0.1345,1,1,,,,,,,,,,,,,,,,,,,,,,,,,,,,,,,,,none,none
sun3d-mit_lab_hj-lab_hj_tea_nov_2_2012_scan1_erika,25,35,0.22000525072197427,0.21484374999999914,0.132,1,1,,,,,,,,,,,,,,,,,,,,,,,,,,,,,,,,,none,none
sun3d-mit_lab_hj-lab_hj_tea_nov_2_2012_scan1_erika,25,36,0.2578760829614072,0.4023437499999984,0.2805,1,1,,,,,,,,,,,,,,,,,,,,,,,,,,,,,,,,,none,none
sun3d-mit_lab_hj-lab_hj_tea_nov_2_2012_scan1_erika,25,37,0.2804541874507745,0.5156249999999979,0.4335,1,1,,,,,,,,,,,,,,,,,,,,,,,,,,,,,,,,,none,none
sun3d-mit_lab_hj-lab_hj_tea_nov_2_2012_scan1_erika,28,29,0.15262548525505687,0.027343749999999892,0.0165,1,0,,,,,,,,,,,,,,,,,,,,,,,,,,,,,,,,,none,none
sun3d-mit_lab_hj-lab_hj_tea_nov_2_2012_scan1_erika,28,30,0.1688347068037867,0.03906249999999985,0.0185,1,0,,,,,,,,,,,,,,,,,,,,,,,,,,,,,,,,,none,none
sun3d-mit_lab_hj-lab_hj_tea_nov_2_2012_scan1_erika,29,31,0.46913287955016275,0.3984374999999984,0.2945,1,1,,,,,,,,,,,,,,,,,,,,,,,,,,,,,,,,,none,none
sun3d-mit_lab_hj-lab_hj_tea_nov_2_2012_scan1_erika,30,32,0.3374381587438159,0.8203124999999967,0.886,1,1,,,,,,,,,,,,,,,,,,,,,,,,,,,,,,,,,none,none
sun3d-mit_lab_hj-lab_hj_tea_nov_2_2012_scan1_erika,30,33,0.3157937190793719,0.8359374999999967,0.7985,1,1,,,,,,,,,,,,,,,,,,,,,,,,,,,,,,,,,none,none
sun3d-mit_lab_hj-lab_hj_tea_nov_2_2012_scan1_erika,30,34,0.20862013336201335,0.8124999999999968,0.653,1,1,,,,,,,,,,,,,,,,,,,,,,,,,,,,,,,,,none,none
sun3d-mit_lab_hj-lab_hj_tea_nov_2_2012_scan1_erika,30,35,0.20404925790492578,0.7773437499999969,0.795,1,1,,,,,,,,,,,,,,,,,,,,,,,,,,,,,,,,,none,none
sun3d-mit_lab_hj-lab_hj_tea_nov_2_2012_scan1_erika,30,36,0.3468756721875672,0.7695312499999969,0.816,1,1,,,,,,,,,,,,,,,,,,,,,,,,,,,,,,,,,none,none
sun3d-mit_lab_hj-lab_hj_tea_nov_2_2012_scan1_erika,30,37,0.26051301355130135,0.7968749999999968,0.73,1,1,,,,,,,,,,,,,,,,,,,,,,,,,,,,,,,,,none,none
sun3d-mit_lab_hj-lab_hj_tea_nov_2_2012_scan1_erika,31,35,0.5154476359688086,0.8671874999999966,0.8345,1,1,,,,,,,,,,,,,,,,,,,,,,,,,,,,,,,,,none,none
