scene,ref_frame,src_frame,delta_PIR,delta_IR,delta_RR
7-scenes-redkitchen,0,1,0.00390625,0.023833333333333373,0.0
7-scenes-redkitchen,0,2,0.014322916666666519,0.0595,0.0
7-scenes-redkitchen,0,3,0.03906249999999974,0.07983333333333331,0.0
7-scenes-redkitchen,0,4,-0.0026041666666666665,0.05666666666666668,0.0
7-scenes-redkitchen,0,5,0.02604166666666648,0.08033333333333337,0.0
7-scenes-redkitchen,0,6,0.03776041666666652,0.07133333333333332,0.0
7-scenes-redkitchen,0,10,0.005208333333333259,0.056833333333333326,0.0
7-scenes-redkitchen,0,11,0.018229166666666446,0.06916666666666671,0.0
7-scenes-redkitchen,0,12,0.0026041666666666665,0.04333333333333337,0.0
7-scenes-redkitchen,0,13,0.005208333333333333,0.07149999999999997,0.0
7-scenes-redkitchen,0,14,0.03515624999999989,0.078,0.0
7-scenes-redkitchen,0,15,-0.03124999999999985,0.05316666666666666,0.0
7-scenes-redkitchen,0,19,0.02213541666666652,0.0675,0.0
7-scenes-redkitchen,0,26,0.05468749999999974,0.09066666666666663,0.0
7-scenes-redkitchen,0,27,0.3437499999999986,0.2848333333333333,0.0
7-scenes-redkitchen,0,28,0.17187499999999933,0.12033333333333335,0.0
7-scenes-redkitchen,0,29,0.11328124999999954,0.06833333333333334,0.0
7-scenes-redkitchen,0,31,-0.06380208333333305,-0.048999999999999995,0.0
7-scenes-redkitchen,0,32,0.2447916666666657,0.22399999999999998,0.0
7-scenes-redkitchen,0,37,-0.01822916666666659,0.026499999999999968,0.0
7-scenes-redkitchen,0,38,-0.03776041666666652,0.03183333333333338,0.0
7-scenes-redkitchen,0,39,-0.009114583333333296,0.026000000000000023,0.0
7-scenes-redkitchen,0,41,-0.02994791666666652,0.05033333333333334,0.0
7-scenes-redkitchen,1,2,0.0,0.06599999999999999,0.0
7-scenes-redkitchen,1,3,0.014322916666666593,0.07816666666666668,0.0
7-scenes-redkitchen,1,4,0.01953124999999985,0.07616666666666665,0.0
7-scenes-redkitchen,1,5,0.014322916666666666,0.07750000000000001,0.0
7-scenes-redkitchen,1,10,0.02473958333333326,0.07166666666666666,0.0
7-scenes-redkitchen,1,11,0.04947916666666644,0.07966666666666666,0.0
7-scenes-redkitchen,1,12,0.006510416666666667,0.05233333333333331,0.0
7-scenes-redkitchen,1,13,-7.401486830834377e-17,0.07533333333333325,0.0
7-scenes-redkitchen,1,14,-0.011718749999999925,0.08049999999999997,0.0
7-scenes-redkitchen,1,26,0.02734374999999989,0.1045,0.0
7-scenes-redkitchen,1,27,0.2083333333333325,0.20166666666666666,0.0
7-scenes-redkitchen,1,28,0.22786458333333237,0.21583333333333332,0.0
7-scenes-redkitchen,1,29,0.0,0.09166666666666667,0.0
7-scenes-redkitchen,1,31,-0.25390624999999906,-0.09316666666666666,0.0
7-scenes-redkitchen,1,32,0.06510416666666642,0.10766666666666667,0.0
7-scenes-redkitchen,1,40,-0.005208333333333333,0.0696666666666667,0.0
7-scenes-redkitchen,1,41,-0.03776041666666655,0.09649999999999999,0.0
7-scenes-redkitchen,2,3,0.006510416666666667,0.05833333333333331,0.0
7-scenes-redkitchen,2,11,0.05729166666666655,0.12183333333333335,0.0
7-scenes-redkitchen,2,12,0.006510416666666667,0.061000000000000054,0.0
7-scenes-redkitchen,2,13,0.010416666666666593,0.05966666666666668,0.0
7-scenes-redkitchen,2,14,0.015624999999999853,0.07550000000000005,0.0
7-scenes-redkitchen,2,26,-0.09244791666666628,-0.052833333333333336,-0.3333333333333333
7-scenes-redkitchen,2,27,0.17317708333333262,0.16549999999999998,0.0
7-scenes-redkitchen,2,28,0.12239583333333277,0.157,0.0
7-scenes-redkitchen,2,29,0.16536458333333273,0.18166666666666664,0.0
7-scenes-redkitchen,2,30,0.18098958333333268,0.2551666666666667,0.0
7-scenes-redkitchen,2,31,0.016927083333333297,0.11483333333333334,0.0
7-scenes-redkitchen,2,40,-0.01953124999999985,0.05900000000000002,0.0
7-scenes-redkitchen,2,41,0.009114583333333334,0.04683333333333336,0.0
7-scenes-redkitchen,2,42,-0.0013020833333333333,0.05299999999999997,0.0
7-scenes-redkitchen,3,4,0.014322916666666666,0.06883333333333334,0.0
7-scenes-redkitchen,3,5,0.01041666666666663,0.0645,0.0
7-scenes-redkitchen,3,10,0.014322916666666593,0.07599999999999996,0.0
7-scenes-redkitchen,3,11,0.016927083333333186,0.077,0.0
7-scenes-redkitchen,3,12,0.005208333333333333,0.0463333333333333,0.0
7-scenes-redkitchen,3,13,0.00390625,0.06033333333333335,0.0
7-scenes-redkitchen,3,14,0.011718749999999925,0.06683333333333334,0.0
7-scenes-redkitchen,3,26,0.04817708333333315,0.06733333333333334,0.0
7-scenes-redkitchen,3,27,0.039062499999999854,0.08416666666666661,0.0
7-scenes-redkitchen,3,28,0.04166666666666644,0.12216666666666665,0.0
7-scenes-redkitchen,3,29,0.040364583333333225,0.10283333333333333,0.0
7-scenes-redkitchen,3,30,0.14583333333333268,0.1791666666666667,0.0
7-scenes-redkitchen,3,40,-0.003906249999999926,0.060166666666666625,0.0
7-scenes-redkitchen,3,41,0.0026041666666666665,0.07183333333333326,0.0
7-scenes-redkitchen,3,42,0.0,0.048666666666666636,0.0
7-scenes-redkitchen,3,43,0.006510416666666592,0.05699999999999994,0.0
7-scenes-redkitchen,3,44,0.0026041666666666665,0.06283333333333337,0.0
7-scenes-redkitchen,3,45,0.01432291666666663,0.08749999999999998,0.0
7-scenes-redkitchen,4,5,0.01822916666666659,0.05333333333333327,0.0
7-scenes-redkitchen,4,6,-0.01822916666666659,0.0591666666666667,0.0
7-scenes-redkitchen,4,7,-0.019531249999999927,0.04983333333333336,0.0
7-scenes-redkitchen,4,9,0.007812499999999852,0.0463333333333333,0.0
7-scenes-redkitchen,4,10,0.0,0.044833333333333315,0.0
7-scenes-redkitchen,4,11,0.0013020833333333333,0.02766666666666669,0.0
7-scenes-redkitchen,4,12,-0.0013020833333333333,0.03983333333333331,0.0
7-scenes-redkitchen,4,13,0.0013020833333333333,0.07916666666666665,0.0
7-scenes-redkitchen,4,14,-0.011718749999999925,0.0615,0.0
7-scenes-redkitchen,4,15,0.006510416666666592,0.0676666666666667,0.0
7-scenes-redkitchen,4,18,0.0026041666666666665,0.018166666666666702,0.0
7-scenes-redkitchen,4,19,-7.401486830834377e-17,0.03433333333333329,0.0
7-scenes-redkitchen,4,20,0.01041666666666663,0.06383333333333337,0.0
7-scenes-redkitchen,4,25,-0.0026041666666667407,0.046333333333333414,0.0
7-scenes-redkitchen,4,26,0.04036458333333304,0.07883333333333338,0.0
7-scenes-redkitchen,4,27,0.09895833333333293,0.11600000000000003,0.0
7-scenes-redkitchen,4,37,0.007812499999999963,0.047333333333333304,0.0
7-scenes-redkitchen,4,38,-0.01692708333333326,0.009000000000000044,0.0
7-scenes-redkitchen,4,39,-0.01041666666666663,-0.023500000000000038,0.0
7-scenes-redkitchen,4,41,-0.022135416666666557,0.07716666666666668,0.0
7-scenes-redkitchen,5,6,0.01953124999999985,0.06883333333333337,0.0
7-scenes-redkitchen,5,7,0.011718749999999925,0.07216666666666667,0.0
7-scenes-redkitchen,5,8,-0.011718749999999964,0.05516666666666666,0.0
7-scenes-redkitchen,5,9,0.006510416666666667,0.07733333333333337,0.0
7-scenes-redkitchen,5,10,0.005208333333333333,0.04083333333333335,0.0
7-scenes-redkitchen,5,11,0.0026041666666666665,0.04533333333333334,0.0
7-scenes-redkitchen,5,12,0.028645833333333186,0.076,0.0
7-scenes-redkitchen,5,15,0.027343749999999927,0.06649999999999996,0.0
7-scenes-redkitchen,5,16,-0.006510416666666667,0.012999999999999975,0.0
7-scenes-redkitchen,5,17,0.00911458333333326,0.019833333333333314,0.0
7-scenes-redkitchen,5,18,0.027343749999999778,0.07166666666666666,0.0
7-scenes-redkitchen,5,19,0.01822916666666659,0.03849999999999998,0.0
7-scenes-redkitchen,5,20,0.02343749999999985,0.08966666666666663,0.0
7-scenes-redkitchen,5,21,0.06119791666666644,0.073,0.0
7-scenes-redkitchen,5,25,0.007812499999999963,0.06966666666666665,0.0
7-scenes-redkitchen,5,26,0.011718749999999925,0.07049999999999997,0.0
7-scenes-redkitchen,5,36,0.019531249999999927,0.01566666666666668,0.0
7-scenes-redkitchen,5,37,-0.010416666666666704,0.053666666666666675,0.0
7-scenes-redkitchen,5,38,-0.00390625,0.033333333333333326,0.0
7-scenes-redkitchen,5,39,-0.0013020833333333333,0.014666666666666642,0.0
7-scenes-redkitchen,6,7,0.009114583333333334,0.04899999999999997,0.0
7-scenes-redkitchen,6,8,0.01302083333333326,0.06316666666666666,0.0
7-scenes-redkitchen,6,9,0.014322916666666593,0.06950000000000005,0.0
7-scenes-redkitchen,6,10,0.014322916666666444,0.06516666666666664,0.0
7-scenes-redkitchen,6,11,-0.010416666666666593,0.05466666666666664,0.0
7-scenes-redkitchen,6,12,0.039062499999999854,0.06816666666666667,0.0
7-scenes-redkitchen,6,15,0.04296874999999981,0.08133333333333333,0.0
7-scenes-redkitchen,6,16,0.00390625,0.0453333333333333,0.0
7-scenes-redkitchen,6,17,0.019531249999999962,0.07716666666666665,0.0
7-scenes-redkitchen,6,18,0.009114583333333334,0.06266666666666665,0.0
7-scenes-redkitchen,6,19,0.006510416666666667,0.049333333333333305,0.0
7-scenes-redkitchen,6,20,0.014322916666666666,0.0738333333333333,0.0
7-scenes-redkitchen,6,21,0.02994791666666648,0.12933333333333333,0.0
7-scenes-redkitchen,6,24,-0.006510416666666667,0.04766666666666667,0.0
7-scenes-redkitchen,6,25,0.00390625,0.07266666666666666,0.0
7-scenes-redkitchen,6,26,0.02213541666666659,0.09683333333333337,0.0
7-scenes-redkitchen,6,35,0.075520833333333,0.12949999999999998,0.0
7-scenes-redkitchen,6,36,-0.009114583333333296,0.07566666666666666,0.0
7-scenes-redkitchen,6,37,0.011718749999999925,0.08116666666666668,0.0
7-scenes-redkitchen,6,38,-0.00911458333333326,0.08599999999999997,0.0
7-scenes-redkitchen,6,39,-0.0013020833333332593,0.07033333333333336,0.0
7-scenes-redkitchen,6,53,0.1002604166666663,0.13616666666666666,0.0
7-scenes-redkitchen,6,54,0.05078124999999978,0.08249999999999998,0.0
7-scenes-redkitchen,6,59,0.02734374999999989,0.0766666666666667,0.0
7-scenes-redkitchen,7,8,0.01692708333333326,0.05383333333333332,0.0
7-scenes-redkitchen,7,9,0.023437499999999927,0.0676666666666667,0.0
7-scenes-redkitchen,7,10,-0.0026041666666666665,0.08600000000000003,0.0
7-scenes-redkitchen,7,11,-0.02864583333333322,0.030333333333333323,0.0
7-scenes-redkitchen,7,15,-0.005208333333333333,0.059666666666666646,0.0
7-scenes-redkitchen,7,16,0.0026041666666666665,0.07016666666666667,0.0
7-scenes-redkitchen,7,17,0.0013020833333333333,0.0581666666666667,0.0
7-scenes-redkitchen,7,18,0.010416666666666593,0.06166666666666668,0.0
7-scenes-redkitchen,7,19,-0.00390625,0.06050000000000003,0.0
7-scenes-redkitchen,7,20,-0.0026041666666666665,0.06399999999999999,0.0
7-scenes-redkitchen,7,21,0.036458333333333114,0.09400000000000001,0.0
7-scenes-redkitchen,7,24,0.016927083333333332,0.09016666666666669,0.0
7-scenes-redkitchen,7,25,0.010416666666666593,0.07566666666666666,0.0
7-scenes-redkitchen,7,26,-0.003906250000000037,0.08883333333333332,0.0
7-scenes-redkitchen,7,35,0.007812499999999963,0.03083333333333334,0.0
7-scenes-redkitchen,7,36,0.0078125,0.09049999999999998,0.0
7-scenes-redkitchen,7,37,-0.08593749999999967,0.03850000000000001,0.0
7-scenes-redkitchen,7,38,-0.04687499999999981,0.06183333333333333,0.0
7-scenes-redkitchen,7,39,-0.01953124999999985,0.07133333333333332,0.0
7-scenes-redkitchen,7,53,0.06510416666666645,0.16299999999999998,0.0
7-scenes-redkitchen,7,54,0.03515624999999989,0.09383333333333328,0.0
7-scenes-redkitchen,7,58,0.02864583333333326,0.08683333333333332,0.0
7-scenes-redkitchen,7,59,-0.03776041666666652,0.0561666666666667,0.0
7-scenes-redkitchen,8,9,0.0078125,0.04983333333333332,0.0
7-scenes-redkitchen,8,16,-0.026041666666666557,0.04049999999999998,0.0
7-scenes-redkitchen,8,17,0.006510416666666592,0.06816666666666667,0.0
7-scenes-redkitchen,8,18,-0.0026041666666666665,0.03783333333333331,0.0
7-scenes-redkitchen,8,19,-0.0026041666666666665,0.06466666666666665,0.0
7-scenes-redkitchen,8,20,0.0013020833333332593,0.07100000000000002,0.0
7-scenes-redkitchen,8,21,-0.011718749999999925,0.06666666666666672,0.0
7-scenes-redkitchen,8,22,0.007812499999999926,0.07966666666666666,0.0
7-scenes-redkitchen,8,23,-0.0013020833333333333,0.08683333333333332,0.0
7-scenes-redkitchen,8,24,0.010416666666666593,0.08433333333333337,0.0
7-scenes-redkitchen,8,25,-0.003906249999999852,0.05450000000000003,0.0
7-scenes-redkitchen,8,35,0.003906249999999926,0.08650000000000002,0.0
7-scenes-redkitchen,8,36,-0.016927083333333186,0.10783333333333334,0.0
7-scenes-redkitchen,8,37,0.023437499999999927,0.1565,0.0
7-scenes-redkitchen,8,39,-0.0026041666666666665,0.033999999999999996,0.0
7-scenes-redkitchen,8,54,0.014322916666666519,0.11266666666666665,0.0
7-scenes-redkitchen,8,59,0.02083333333333322,0.09700000000000002,0.0
7-scenes-redkitchen,9,10,0.0026041666666666665,0.050833333333333286,0.0
7-scenes-redkitchen,9,11,-0.005208333333333333,0.0675,0.0
7-scenes-redkitchen,9,16,0.011718749999999778,0.07066666666666661,0.0
7-scenes-redkitchen,9,17,0.016927083333333297,0.03883333333333335,0.0
7-scenes-redkitchen,9,18,0.010416666666666666,0.05533333333333331,0.0
7-scenes-redkitchen,9,19,-0.0013020833333333333,0.043666666666666666,0.0
7-scenes-redkitchen,9,20,0.013020833333333185,0.06099999999999998,0.0
7-scenes-redkitchen,9,21,0.0026041666666666665,0.08949999999999998,0.0
7-scenes-redkitchen,9,24,0.010416666666666593,0.07816666666666665,0.0
7-scenes-redkitchen,9,25,-0.05338541666666652,0.02566666666666669,0.0
7-scenes-redkitchen,9,26,-0.003906250000000074,0.061000000000000054,0.0
7-scenes-redkitchen,9,35,-0.007812499999999926,0.01683333333333333,0.0
7-scenes-redkitchen,9,36,0.013020833333333185,0.07750000000000001,0.0
7-scenes-redkitchen,9,37,0.01822916666666659,0.09200000000000004,0.0
7-scenes-redkitchen,9,38,0.014322916666666593,0.054833333333333366,0.0
7-scenes-redkitchen,9,39,0.009114583333333185,0.05300000000000001,0.0
7-scenes-redkitchen,9,54,0.01041666666666663,0.020833333333333332,0.0
7-scenes-redkitchen,9,59,0.031249999999999927,0.0595,0.0
7-scenes-redkitchen,10,11,0.00390625,0.021500000000000036,0.0
7-scenes-redkitchen,10,12,0.007812499999999926,0.0551666666666667,0.0
7-scenes-redkitchen,10,13,0.05468749999999981,0.12566666666666662,0.0
7-scenes-redkitchen,10,14,0.03776041666666655,0.10816666666666663,0.0
7-scenes-redkitchen,10,15,0.015624999999999925,0.08150000000000006,0.0
7-scenes-redkitchen,10,16,0.0013020833333333333,0.013000000000000012,0.0
7-scenes-redkitchen,10,17,0.022135416666666557,-0.005333333333333319,0.0
7-scenes-redkitchen,10,18,0.002604166666666704,0.044499999999999984,0.0
7-scenes-redkitchen,10,19,0.0078125,0.027999999999999952,0.0
7-scenes-redkitchen,10,20,0.019531249999999962,0.0661666666666667,0.0
7-scenes-redkitchen,10,25,0.0,0.07150000000000001,0.0
7-scenes-redkitchen,10,26,0.02734374999999985,0.09599999999999997,0.0
7-scenes-redkitchen,10,27,0.08984374999999963,0.11200000000000003,0.0
7-scenes-redkitchen,10,36,0.011718749999999964,0.031833333333333345,0.0
7-scenes-redkitchen,10,37,0.006510416666666667,0.04966666666666671,0.0
7-scenes-redkitchen,10,38,-0.010416666666666666,0.043000000000000003,0.0
7-scenes-redkitchen,10,39,0.009114583333333334,0.020166666666666628,0.0
7-scenes-redkitchen,10,41,-0.019531249999999927,0.046000000000000006,0.0
7-scenes-redkitchen,11,12,0.010416666666666666,0.05099999999999997,0.0
7-scenes-redkitchen,11,13,0.020833333333333186,0.07550000000000001,0.0
7-scenes-redkitchen,11,14,0.03776041666666644,0.10599999999999998,0.0
7-scenes-redkitchen,11,15,0.02734374999999989,0.07416666666666667,0.0
7-scenes-redkitchen,11,18,-0.00651041666666663,0.0011666666666666121,0.0
7-scenes-redkitchen,11,19,0.011718749999999925,0.0625,0.0
7-scenes-redkitchen,11,20,-0.007812499999999963,0.05183333333333334,0.0
7-scenes-redkitchen,11,25,0.01302083333333326,0.05499999999999997,0.0
7-scenes-redkitchen,11,26,0.006510416666666667,0.06466666666666669,0.0
7-scenes-redkitchen,11,27,0.041666666666666484,0.10149999999999997,0.0
7-scenes-redkitchen,11,28,0.10937499999999956,0.12916666666666668,0.0
7-scenes-redkitchen,11,37,-0.009114583333333334,0.04583333333333336,0.0
7-scenes-redkitchen,11,38,0.01171875,0.024833333333333374,0.0
7-scenes-redkitchen,11,39,-0.01171875,-0.006500000000000024,0.0
7-scenes-redkitchen,11,41,0.024739583333333186,0.07816666666666672,0.0
7-scenes-redkitchen,12,13,-0.005208333333333333,0.045000000000000005,0.0
7-scenes-redkitchen,12,14,0.0,0.07350000000000001,0.0
7-scenes-redkitchen,12,15,0.0234375,0.06499999999999999,0.0
7-scenes-redkitchen,12,19,0.02864583333333322,0.07199999999999995,0.0
7-scenes-redkitchen,12,26,-0.015624999999999925,0.005999999999999968,0.0
7-scenes-redkitchen,12,27,0.05468749999999989,0.07566666666666666,0.0
7-scenes-redkitchen,12,28,0.03906249999999978,0.09433333333333334,0.0
7-scenes-redkitchen,12,29,0.00390625,0.10300000000000002,0.0
7-scenes-redkitchen,12,37,-0.009114583333333296,0.02950000000000001,0.0
7-scenes-redkitchen,12,40,0.0,0.04733333333333334,0.0
7-scenes-redkitchen,12,41,-7.401486830834377e-17,0.07016666666666667,0.0
7-scenes-redkitchen,12,42,0.032552083333333114,0.09166666666666667,0.0
7-scenes-redkitchen,12,43,0.032552083333333294,0.09033333333333333,0.0
7-scenes-redkitchen,12,44,0.01822916666666663,0.07433333333333336,0.0
7-scenes-redkitchen,13,14,-0.006510416666666667,0.0655,0.0
7-scenes-redkitchen,13,15,0.02604166666666659,0.08716666666666673,0.0
7-scenes-redkitchen,13,26,-0.07682291666666634,0.022166666666666706,0.3333333333333333
7-scenes-redkitchen,13,27,0.1497395833333327,0.09516666666666669,0.0
7-scenes-redkitchen,13,28,0.04817708333333307,0.09716666666666669,0.0
7-scenes-redkitchen,13,29,0.04687499999999978,0.11466666666666665,0.0
7-scenes-redkitchen,13,30,-0.03124999999999987,0.01633333333333331,0.0
7-scenes-redkitchen,13,40,-0.005208333333333259,0.046166666666666654,0.0
7-scenes-redkitchen,13,41,-0.0078125,0.06416666666666666,0.0
7-scenes-redkitchen,13,42,-0.0013020833333333333,0.08049999999999995,0.0
7-scenes-redkitchen,13,43,-0.009114583333333334,0.04933333333333334,0.0
7-scenes-redkitchen,13,44,0.020833333333333297,0.07250000000000001,0.0
7-scenes-redkitchen,13,45,0.003906250000000037,0.08416666666666668,0.0
7-scenes-redkitchen,14,15,0.13541666666666619,0.17166666666666672,0.0
7-scenes-redkitchen,14,19,-0.0026041666666666297,0.0355,0.0
7-scenes-redkitchen,14,25,0.03124999999999985,0.06716666666666665,0.0
7-scenes-redkitchen,14,26,0.01822916666666663,0.06516666666666666,0.0
7-scenes-redkitchen,14,27,0.1419270833333328,0.16149999999999998,0.0
7-scenes-redkitchen,14,28,0.059895833333333114,0.131,0.0
7-scenes-redkitchen,14,29,0.05598958333333315,0.12183333333333334,0.0
7-scenes-redkitchen,14,37,0.06770833333333304,0.08266666666666667,0.0
7-scenes-redkitchen,14,38,0.079427083333333,0.07933333333333335,0.0
7-scenes-redkitchen,14,39,0.011718749999999925,0.043333333333333335,0.0
7-scenes-redkitchen,14,40,0.022135416666666557,0.08750000000000002,0.0
7-scenes-redkitchen,14,41,0.01432291666666663,0.07866666666666666,0.0
7-scenes-redkitchen,14,42,0.02864583333333326,0.10616666666666663,0.0
7-scenes-redkitchen,14,59,-0.03124999999999989,-0.002666666666666669,0.0
7-scenes-redkitchen,15,16,-0.02994791666666652,0.003666666666666707,0.0
7-scenes-redkitchen,15,17,-0.02473958333333322,0.021166666666666667,0.0
7-scenes-redkitchen,15,18,0.0078125,0.0628333333333333,0.0
7-scenes-redkitchen,15,19,0.01041666666666663,0.07716666666666665,0.0
7-scenes-redkitchen,15,20,0.02604166666666659,0.05900000000000002,0.0
7-scenes-redkitchen,15,21,0.02994791666666653,0.04933333333333334,0.0
7-scenes-redkitchen,15,25,0.013020833333333296,0.05616666666666666,0.0
7-scenes-redkitchen,15,26,0.02213541666666659,0.08183333333333336,0.0
7-scenes-redkitchen,15,27,0.08593749999999963,0.08949999999999998,0.0
7-scenes-redkitchen,15,36,-0.005208333333333333,0.019166666666666665,0.0
7-scenes-redkitchen,15,37,0.010416666666666593,0.07249999999999997,0.0
7-scenes-redkitchen,15,38,0.024739583333333332,0.07333333333333329,0.0
7-scenes-redkitchen,15,39,0.016927083333333186,0.07700000000000003,0.0
7-scenes-redkitchen,15,59,0.011718749999999964,-0.005333333333333357,0.0
7-scenes-redkitchen,16,17,0.0,0.025000000000000022,0.0
7-scenes-redkitchen,16,18,-0.0026041666666666665,0.0433333333333333,0.0
7-scenes-redkitchen,16,19,0.015624999999999925,0.01933333333333335,0.0
7-scenes-redkitchen,16,20,-0.006510416666666667,0.0591666666666667,0.0
7-scenes-redkitchen,16,21,0.01822916666666659,0.09349999999999999,0.0
7-scenes-redkitchen,16,22,0.015624999999999889,0.08899999999999998,0.0
7-scenes-redkitchen,16,23,0.01822916666666659,0.05133333333333334,0.0
7-scenes-redkitchen,16,24,0.02473958333333326,0.08166666666666667,0.0
7-scenes-redkitchen,16,25,0.00911458333333326,0.04583333333333336,0.0
7-scenes-redkitchen,16,26,-0.07942708333333297,0.03316666666666668,0.0
7-scenes-redkitchen,16,35,0.0013020833333333333,0.032333333333333325,0.0
7-scenes-redkitchen,16,36,0.01171875,0.04633333333333334,0.0
7-scenes-redkitchen,16,37,0.007812499999999926,0.048166666666666656,0.0
7-scenes-redkitchen,16,38,0.0026041666666666665,0.04,0.0
7-scenes-redkitchen,16,39,0.0,0.06266666666666669,0.0
7-scenes-redkitchen,16,53,0.0078125,0.0433333333333333,0.0
7-scenes-redkitchen,16,54,0.0013020833333333333,0.018666666666666647,0.0
7-scenes-redkitchen,16,55,-0.04947916666666644,0.0001666666666666853,0.0
7-scenes-redkitchen,16,56,-0.00390625,0.0336666666666667,0.0
7-scenes-redkitchen,16,58,-0.027343749999999962,0.056833333333333326,0.0
7-scenes-redkitchen,16,59,0.026041666666666446,0.07483333333333331,0.0
7-scenes-redkitchen,17,18,-0.0013020833333333333,0.05249999999999999,0.0
7-scenes-redkitchen,17,19,-0.007812499999999963,-0.008000000000000007,0.0
7-scenes-redkitchen,17,20,0.007812499999999926,0.060333333333333385,0.0
7-scenes-redkitchen,17,21,0.01302083333333326,0.07816666666666668,0.0
7-scenes-redkitchen,17,22,-0.03776041666666655,0.03966666666666666,0.0
7-scenes-redkitchen,17,23,-0.04036458333333315,-0.018000000000000016,0.0
7-scenes-redkitchen,17,24,-0.0026041666666667407,0.022999999999999982,0.0
7-scenes-redkitchen,17,25,0.006510416666666592,0.058666666666666645,0.0
7-scenes-redkitchen,17,35,0.015625,0.06450000000000004,0.0
7-scenes-redkitchen,17,36,-0.0013020833333333333,0.06433333333333335,0.0
7-scenes-redkitchen,17,37,0.005208333333333259,0.05100000000000001,0.0
7-scenes-redkitchen,17,38,-0.006510416666666592,0.03800000000000007,0.0
7-scenes-redkitchen,17,39,0.005208333333333333,0.05333333333333331,0.0
7-scenes-redkitchen,17,53,0.020833333333333297,0.06799999999999999,0.0
7-scenes-redkitchen,17,54,0.009114583333333334,0.04849999999999999,0.0
7-scenes-redkitchen,17,55,-0.003906249999999926,0.07233333333333332,0.0
7-scenes-redkitchen,17,58,-0.015625,0.05233333333333338,0.0
7-scenes-redkitchen,17,59,-0.005208333333333333,0.0551666666666667,0.0
7-scenes-redkitchen,18,19,0.0078125,0.02766666666666669,0.0
7-scenes-redkitchen,18,20,0.0013020833333332593,0.05216666666666666,0.0
7-scenes-redkitchen,18,21,0.010416666666666593,0.07533333333333332,0.0
7-scenes-redkitchen,18,22,0.016927083333333297,0.09616666666666666,0.0
7-scenes-redkitchen,18,23,0.007812499999999963,0.05516666666666662,0.0
7-scenes-redkitchen,18,24,0.0078125,0.08499999999999996,0.0
7-scenes-redkitchen,18,25,0.014322916666666593,0.08350000000000002,0.0
7-scenes-redkitchen,18,26,-0.03385416666666655,0.046000000000000006,0.0
7-scenes-redkitchen,18,35,0.010416666666666519,0.08649999999999995,0.0
7-scenes-redkitchen,18,36,-0.0013020833333333333,0.06200000000000002,0.0
7-scenes-redkitchen,18,37,0.0,0.05933333333333335,0.0
7-scenes-redkitchen,18,38,7.401486830834377e-17,0.05249999999999999,0.0
7-scenes-redkitchen,18,39,0.00390625,0.03633333333333333,0.0
7-scenes-redkitchen,18,54,0.006510416666666592,0.08083333333333331,0.0
7-scenes-redkitchen,18,59,0.02343749999999989,0.030166666666666675,0.0
7-scenes-redkitchen,19,20,0.0,0.03083333333333334,0.0
7-scenes-redkitchen,19,21,-0.005208333333333297,0.07033333333333336,0.0
7-scenes-redkitchen,19,24,0.01822916666666663,0.09266666666666663,0.0
7-scenes-redkitchen,19,25,-0.013020833333333185,0.06383333333333334,0.0
7-scenes-redkitchen,19,26,0.01171875,0.08083333333333331,0.0
7-scenes-redkitchen,19,36,-0.0078125,0.048166666666666656,0.0
7-scenes-redkitchen,19,37,-0.0013020833333333333,0.0665,0.0
7-scenes-redkitchen,19,38,-0.0013020833333332593,0.07233333333333332,0.0
7-scenes-redkitchen,19,39,-0.00390625,0.04466666666666663,0.0
7-scenes-redkitchen,19,54,0.022135416666666557,0.027666666666666617,0.0
7-scenes-redkitchen,19,59,-0.010416666666666666,0.021333333333333353,0.0
7-scenes-redkitchen,20,21,0.0078125,0.04750000000000002,0.0
7-scenes-redkitchen,20,35,-0.031249999999999927,0.053833333333333365,0.0
7-scenes-redkitchen,20,36,-0.032552083333333225,0.04133333333333333,0.0
7-scenes-redkitchen,20,39,0.005208333333333259,0.04983333333333332,0.0
7-scenes-redkitchen,21,22,0.0026041666666666665,0.04916666666666669,0.0
7-scenes-redkitchen,21,23,-0.002604166666666593,0.0665,0.0
7-scenes-redkitchen,21,24,-0.005208333333333297,0.05349999999999999,0.0
7-scenes-redkitchen,21,35,0.048177083333333225,0.09416666666666666,0.0
7-scenes-redkitchen,21,39,-0.010416666666666666,0.07100000000000006,0.0
7-scenes-redkitchen,22,23,-0.0026041666666666665,0.03916666666666668,0.0
7-scenes-redkitchen,22,24,0.016927083333333332,0.09033333333333333,0.0
7-scenes-redkitchen,22,35,0.05989583333333307,0.14533333333333334,0.0
7-scenes-redkitchen,22,36,0.01822916666666659,0.11133333333333333,0.0
7-scenes-redkitchen,22,54,0.013020833333333112,0.12583333333333327,0.0
7-scenes-redkitchen,22,55,0.03124999999999985,0.13716666666666666,0.0
7-scenes-redkitchen,23,24,-0.0013020833333333333,0.048333333333333305,0.0
7-scenes-redkitchen,23,35,0.06640624999999963,0.17733333333333332,0.0
7-scenes-redkitchen,23,36,0.05989583333333307,0.18033333333333332,0.0
7-scenes-redkitchen,23,54,0.003906249999999926,0.12149999999999998,0.0
7-scenes-redkitchen,23,55,0.04687499999999978,0.1363333333333333,0.0
7-scenes-redkitchen,24,25,0.00390625,0.03383333333333335,0.0
7-scenes-redkitchen,24,35,0.007812499999999815,0.10800000000000003,0.0
7-scenes-redkitchen,24,36,0.03385416666666652,0.1525,0.0
7-scenes-redkitchen,24,37,0.05208333333333315,0.11033333333333335,0.0
7-scenes-redkitchen,24,39,0.057291666666666484,0.09766666666666668,0.0
7-scenes-redkitchen,24,54,0.003906249999999963,0.08066666666666666,0.0
7-scenes-redkitchen,24,55,0.04036458333333326,0.12266666666666666,0.0
7-scenes-redkitchen,24,59,0.02083333333333322,0.05616666666666668,0.0
7-scenes-redkitchen,25,26,0.0026041666666666665,0.024333333333333318,0.0
7-scenes-redkitchen,25,35,0.036458333333333114,0.09616666666666666,0.0
7-scenes-redkitchen,25,36,0.032552083333333225,0.08216666666666668,0.0
7-scenes-redkitchen,25,37,-0.041666666666666484,0.03783333333333335,0.0
7-scenes-redkitchen,25,38,-0.005208333333333408,0.084,0.0
7-scenes-redkitchen,25,39,0.007812499999999926,0.07250000000000001,0.0
7-scenes-redkitchen,25,53,-0.02734374999999989,0.0326666666666667,0.0
7-scenes-redkitchen,25,54,0.06770833333333308,0.12000000000000004,0.0
7-scenes-redkitchen,25,59,0.016927083333333332,0.03833333333333333,0.0
7-scenes-redkitchen,26,27,0.04296874999999974,0.09750000000000003,0.0
7-scenes-redkitchen,26,36,0.00390625,0.083,0.0
7-scenes-redkitchen,26,37,-0.014322916666666519,0.07833333333333337,0.0
7-scenes-redkitchen,26,38,-0.03776041666666644,0.02183333333333337,0.0
7-scenes-redkitchen,26,39,-0.024739583333333186,0.04900000000000001,0.0
7-scenes-redkitchen,27,28,0.0013020833333333333,0.054833333333333324,0.0
7-scenes-redkitchen,27,29,0.01692708333333326,0.05350000000000003,0.0
7-scenes-redkitchen,28,29,0.0,0.06883333333333337,0.0
7-scenes-redkitchen,28,30,0.009114583333333185,0.12983333333333333,0.0
7-scenes-redkitchen,28,31,-0.07552083333333304,0.08999999999999997,0.0
7-scenes-redkitchen,28,40,0.037760416666666484,0.10516666666666667,0.0
7-scenes-redkitchen,28,41,0.06380208333333308,0.09516666666666666,0.0
7-scenes-redkitchen,29,30,7.401486830834377e-17,0.07500000000000002,0.0
7-scenes-redkitchen,29,31,0.02604166666666663,0.12083333333333335,0.0
7-scenes-redkitchen,29,40,0.09374999999999963,0.10716666666666669,0.0
7-scenes-redkitchen,29,41,0.14843749999999933,0.18583333333333338,0.0
7-scenes-redkitchen,29,42,0.10156249999999963,0.19366666666666668,0.0
7-scenes-redkitchen,29,43,0.05338541666666644,0.11133333333333335,0.0
7-scenes-redkitchen,30,31,0.005208333333333333,0.08299999999999996,0.0
7-scenes-redkitchen,30,32,0.029947916666666557,0.04166666666666665,0.0
7-scenes-redkitchen,30,40,0.3242187499999987,0.29283333333333333,0.6666666666666666
7-scenes-redkitchen,30,41,0.29947916666666546,0.29916666666666664,0.6666666666666666
7-scenes-redkitchen,30,42,0.32421874999999867,0.3245,0.6666666666666666
7-scenes-redkitchen,31,32,-0.011718749999999925,0.025166666666666632,0.0
7-scenes-redkitchen,31,33,-0.09765624999999967,-0.011000000000000001,0.0
7-scenes-redkitchen,32,33,0.015624999999999925,0.0071666666666666545,0.0
7-scenes-redkitchen,33,34,0.05598958333333315,0.09800000000000002,0.0
7-scenes-redkitchen,35,36,0.0013020833333333333,0.03666666666666666,0.0
7-scenes-redkitchen,35,37,-0.002604166666666593,0.03633333333333336,0.0
7-scenes-redkitchen,35,53,0.015624999999999925,0.046499999999999986,0.0
7-scenes-redkitchen,35,54,0.0013020833333333333,0.022833333333333372,0.0
7-scenes-redkitchen,35,55,0.005208333333333333,0.0655,0.0
7-scenes-redkitchen,35,56,0.005208333333333333,0.056833333333333326,0.0
7-scenes-redkitchen,35,57,0.02604166666666652,0.04849999999999999,0.0
7-scenes-redkitchen,35,58,0.009114583333333334,0.08083333333333331,0.0
7-scenes-redkitchen,35,59,0.01432291666666663,0.08849999999999998,0.0
7-scenes-redkitchen,36,37,-0.005208333333333333,0.038000000000000034,0.0
7-scenes-redkitchen,36,38,0.026041666666666557,0.0601666666666667,0.0
7-scenes-redkitchen,36,39,0.024739583333333297,0.058666666666666645,0.0
7-scenes-redkitchen,36,53,-0.003906250000000074,0.03049999999999997,0.0
7-scenes-redkitchen,36,54,0.0,0.04116666666666665,0.0
7-scenes-redkitchen,36,55,0.00390625,0.0635,0.0
7-scenes-redkitchen,36,56,0.08072916666666634,0.04916666666666667,0.0
7-scenes-redkitchen,36,58,-0.003906249999999926,0.06050000000000003,0.0
7-scenes-redkitchen,36,59,0.02343749999999985,0.09133333333333338,0.0
7-scenes-redkitchen,37,38,0.0026041666666666665,0.0581666666666667,0.0
7-scenes-redkitchen,37,39,0.006510416666666667,0.04683333333333336,0.0
7-scenes-redkitchen,37,54,0.016927083333333186,0.05133333333333334,0.0
7-scenes-redkitchen,37,55,0.040364583333333114,0.08049999999999997,0.0
7-scenes-redkitchen,37,58,0.011718749999999925,0.07133333333333332,0.0
7-scenes-redkitchen,37,59,0.03124999999999985,0.05149999999999999,0.0
7-scenes-redkitchen,38,39,0.0013020833333333333,0.031999999999999994,0.0
7-scenes-redkitchen,38,54,0.01041666666666663,0.07250000000000001,0.0
7-scenes-redkitchen,38,58,-0.00390625,0.03350000000000005,0.0
7-scenes-redkitchen,38,59,0.002604166666666593,0.02266666666666665,0.0
7-scenes-redkitchen,39,59,-0.003906249999999926,0.01666666666666668,0.0
7-scenes-redkitchen,40,41,0.00390625,0.04683333333333339,0.0
7-scenes-redkitchen,40,42,-0.0013020833333334074,0.06433333333333335,0.0
7-scenes-redkitchen,40,43,-0.016927083333333186,0.014333333333333309,0.0
7-scenes-redkitchen,41,42,0.0,0.052666666666666716,0.0
7-scenes-redkitchen,41,43,0.005208333333333333,0.058666666666666645,0.0
7-scenes-redkitchen,41,44,0.0026041666666666665,0.08500000000000003,0.0
7-scenes-redkitchen,42,43,0.0026041666666666665,0.05883333333333333,0.0
7-scenes-redkitchen,42,44,0.006510416666666592,0.08083333333333335,0.0
7-scenes-redkitchen,42,45,0.03385416666666655,0.09266666666666667,0.0
7-scenes-redkitchen,43,44,0.009114583333333334,0.05383333333333332,0.0
7-scenes-redkitchen,43,45,0.0013020833333333333,0.08366666666666663,0.0
7-scenes-redkitchen,44,45,0.01302083333333326,0.06033333333333335,0.0
7-scenes-redkitchen,44,46,-0.00651041666666663,0.08383333333333336,0.0
7-scenes-redkitchen,45,46,0.028645833333333297,0.08800000000000001,0.0
7-scenes-redkitchen,45,47,0.04427083333333315,0.12733333333333333,0.0
7-scenes-redkitchen,46,47,0.01041666666666663,0.12266666666666659,0.0
7-scenes-redkitchen,46,48,0.039062499999999854,0.11933333333333333,0.0
7-scenes-redkitchen,46,49,0.04427083333333315,0.14850000000000002,0.0
7-scenes-redkitchen,46,50,0.032552083333333225,0.13566666666666666,0.0
7-scenes-redkitchen,46,51,-0.0013020833333333333,0.10600000000000002,0.0
7-scenes-redkitchen,46,52,0.007812499999999926,0.08600000000000001,0.0
7-scenes-redkitchen,47,48,0.03776041666666652,0.09049999999999998,0.0
7-scenes-redkitchen,47,49,0.007812499999999963,0.11133333333333335,0.0
7-scenes-redkitchen,47,50,-0.011718749999999925,0.09483333333333333,0.0
7-scenes-redkitchen,47,51,-0.014322916666666593,0.11333333333333333,0.0
7-scenes-redkitchen,47,52,0.003906249999999963,0.10266666666666664,0.0
7-scenes-redkitchen,47,53,0.03385416666666652,0.08683333333333332,0.0
7-scenes-redkitchen,48,49,0.0078125,0.06783333333333334,0.0
7-scenes-redkitchen,48,50,-0.02473958333333322,0.0685,0.0
7-scenes-redkitchen,48,51,0.02083333333333322,0.12733333333333333,0.0
7-scenes-redkitchen,48,52,0.014322916666666593,0.06583333333333334,0.0
7-scenes-redkitchen,48,53,0.015624999999999925,0.08649999999999998,0.0
7-scenes-redkitchen,48,54,-0.01953124999999989,-0.022833333333333317,0.0
7-scenes-redkitchen,49,50,-0.02083333333333326,0.08083333333333331,0.0
7-scenes-redkitchen,49,52,-0.013020833333333296,0.07016666666666667,0.0
7-scenes-redkitchen,49,53,0.02473958333333326,0.04733333333333337,0.0
7-scenes-redkitchen,49,54,-0.016927083333333297,0.019666666666666683,0.0
7-scenes-redkitchen,49,59,0.04687499999999983,0.03216666666666667,0.3333333333333333
7-scenes-redkitchen,50,51,0.005208333333333297,0.10850000000000004,0.0
7-scenes-redkitchen,50,52,-0.00651041666666663,0.07266666666666666,0.0
7-scenes-redkitchen,50,53,-0.00911458333333326,0.04999999999999997,0.0
7-scenes-redkitchen,50,54,-0.014322916666666593,0.008333333333333323,0.0
7-scenes-redkitchen,51,52,0.0078125,0.10916666666666668,0.0
7-scenes-redkitchen,51,53,0.006510416666666667,0.09283333333333332,0.0
7-scenes-redkitchen,52,53,0.00390625,0.06083333333333337,0.0
7-scenes-redkitchen,52,54,0.010416666666666593,0.02416666666666667,0.0
7-scenes-redkitchen,53,54,0.003906249999999926,0.04916666666666666,0.0
7-scenes-redkitchen,53,55,0.06901041666666637,0.06633333333333336,0.0
7-scenes-redkitchen,53,56,0.07552083333333305,0.04950000000000001,0.0
7-scenes-redkitchen,53,58,0.0078125,0.06300000000000001,0.0
7-scenes-redkitchen,53,59,0.04166666666666652,0.04366666666666665,0.0
7-scenes-redkitchen,54,55,-0.0026041666666666665,0.05299999999999997,0.0
7-scenes-redkitchen,54,56,0.03255208333333318,0.06633333333333336,0.0
7-scenes-redkitchen,54,57,0.01302083333333326,0.015000000000000013,0.0
7-scenes-redkitchen,54,58,0.01953124999999985,0.06866666666666665,0.0
7-scenes-redkitchen,54,59,0.02213541666666652,0.06183333333333333,0.0
7-scenes-redkitchen,55,56,0.010416666666666666,0.058999999999999976,0.0
7-scenes-redkitchen,55,57,0.02343749999999985,0.05750000000000007,0.0
7-scenes-redkitchen,55,58,0.010416666666666593,0.06266666666666669,0.0
7-scenes-redkitchen,55,59,0.01302083333333337,0.0661666666666667,0.0
7-scenes-redkitchen,56,57,-0.0013020833333334074,0.041833333333333354,0.0
7-scenes-redkitchen,56,58,0.0078125,0.10133333333333334,0.0
7-scenes-redkitchen,56,59,0.007812500000000075,0.09500000000000001,0.0
7-scenes-redkitchen,57,58,-0.005208333333333297,0.08083333333333331,0.0
7-scenes-redkitchen,57,59,-0.015624999999999925,0.05466666666666664,0.0
7-scenes-redkitchen,58,59,0.013020833333333334,0.05166666666666664,0.0
sun3d-home_at-home_at_scan1_2013_jan_1,0,1,0.010416666666666519,0.032999999999999995,0.0
sun3d-home_at-home_at_scan1_2013_jan_1,0,2,0.016927083333333186,0.06650000000000005,0.0
sun3d-home_at-home_at_scan1_2013_jan_1,1,2,0.0013020833333333333,0.013333333333333345,0.0
sun3d-home_at-home_at_scan1_2013_jan_1,1,34,0.06510416666666634,0.12250000000000001,0.0
sun3d-home_at-home_at_scan1_2013_jan_1,1,37,0.02734374999999989,0.1058333333333333,0.0
sun3d-home_at-home_at_scan1_2013_jan_1,1,38,0.01822916666666663,0.07550000000000001,0.0
sun3d-home_at-home_at_scan1_2013_jan_1,1,50,-0.22786458333333237,-0.11616666666666668,-0.3333333333333333
sun3d-home_at-home_at_scan1_2013_jan_1,2,34,0.05859374999999978,0.12783333333333333,0.3333333333333333
sun3d-home_at-home_at_scan1_2013_jan_1,2,36,0.07031249999999971,0.0663333333333333,0.0
sun3d-home_at-home_at_scan1_2013_jan_1,2,37,0.03906249999999981,0.12533333333333335,0.0
sun3d-home_at-home_at_scan1_2013_jan_1,2,38,0.01432291666666663,0.05800000000000002,0.0
sun3d-home_at-home_at_scan1_2013_jan_1,3,4,-0.01041666666666663,0.005166666666666671,0.0
sun3d-home_at-home_at_scan1_2013_jan_1,3,6,0.00651041666666663,0.044000000000000004,0.0
sun3d-home_at-home_at_scan1_2013_jan_1,3,31,-0.009114583333333268,-0.000833333333333334,0.0
sun3d-home_at-home_at_scan1_2013_jan_1,3,47,-0.02864583333333326,-0.0043333333333333375,-0.6666666666666666
sun3d-home_at-home_at_scan1_2013_jan_1,4,6,0.01692708333333326,0.10233333333333332,0.0
sun3d-home_at-home_at_scan1_2013_jan_1,4,7,-0.005208333333333297,0.0615,0.0
sun3d-home_at-home_at_scan1_2013_jan_1,6,7,0.00651041666666663,0.09049999999999998,0.0
sun3d-home_at-home_at_scan1_2013_jan_1,8,9,0.029947916666666557,0.0756666666666667,0.0
sun3d-home_at-home_at_scan1_2013_jan_1,8,10,-0.0377604166666665,0.0020000000000000018,0.0
sun3d-home_at-home_at_scan1_2013_jan_1,8,24,0.05859374999999976,0.0991666666666667,0.0
sun3d-home_at-home_at_scan1_2013_jan_1,8,26,-0.0013020833333333333,0.04666666666666669,0.0
sun3d-home_at-home_at_scan1_2013_jan_1,8,28,-0.015624999999999964,0.04416666666666668,0.0
sun3d-home_at-home_at_scan1_2013_jan_1,8,29,-0.014322916666666666,0.08266666666666667,0.0
sun3d-home_at-home_at_scan1_2013_jan_1,9,10,0.016927083333333332,0.08199999999999996,0.0
sun3d-home_at-home_at_scan1_2013_jan_1,9,29,-0.0013020833333333148,0.026666666666666655,1.0
sun3d-home_at-home_at_scan1_2013_jan_1,10,11,0.007812499999999852,0.07633333333333332,0.0
sun3d-home_at-home_at_scan1_2013_jan_1,11,12,0.0078125,0.0366666666666667,0.0
sun3d-home_at-home_at_scan1_2013_jan_1,11,15,0.028645833333333186,0.08366666666666671,0.0
sun3d-home_at-home_at_scan1_2013_jan_1,11,17,0.005208333333333333,0.07783333333333335,0.0
sun3d-home_at-home_at_scan1_2013_jan_1,12,13,0.005208333333333333,0.05449999999999999,0.0
sun3d-home_at-home_at_scan1_2013_jan_1,12,14,0.011718749999999853,0.06466666666666669,0.0
sun3d-home_at-home_at_scan1_2013_jan_1,12,15,0.0,0.07000000000000002,0.0
sun3d-home_at-home_at_scan1_2013_jan_1,12,16,0.009114583333333296,0.07783333333333331,0.0
sun3d-home_at-home_at_scan1_2013_jan_1,12,17,0.014322916666666593,0.07183333333333335,0.0
sun3d-home_at-home_at_scan1_2013_jan_1,12,18,0.0026041666666667407,0.08283333333333331,0.0
sun3d-home_at-home_at_scan1_2013_jan_1,12,21,0.04166666666666663,0.08666666666666671,0.0
sun3d-home_at-home_at_scan1_2013_jan_1,13,14,0.022135416666666668,0.08733333333333333,0.0
sun3d-home_at-home_at_scan1_2013_jan_1,13,15,0.022135416666666668,0.09450000000000003,0.0
sun3d-home_at-home_at_scan1_2013_jan_1,13,16,0.015624999999999925,0.09883333333333333,0.0
sun3d-home_at-home_at_scan1_2013_jan_1,13,17,0.00911458333333326,0.079,0.0
sun3d-home_at-home_at_scan1_2013_jan_1,13,18,0.007812499999999926,0.08583333333333332,0.0
sun3d-home_at-home_at_scan1_2013_jan_1,14,15,0.0026041666666666665,0.06983333333333326,0.0
sun3d-home_at-home_at_scan1_2013_jan_1,14,16,0.009114583333333334,0.05533333333333331,0.0
sun3d-home_at-home_at_scan1_2013_jan_1,14,17,-0.00390625,0.06933333333333332,0.0
sun3d-home_at-home_at_scan1_2013_jan_1,14,18,0.009114583333333334,0.06649999999999996,0.0
sun3d-home_at-home_at_scan1_2013_jan_1,14,20,0.02994791666666659,0.10583333333333338,0.0
sun3d-home_at-home_at_scan1_2013_jan_1,14,21,0.01432291666666663,0.09100000000000001,0.0
sun3d-home_at-home_at_scan1_2013_jan_1,15,16,-0.00390625,0.04650000000000006,0.0
sun3d-home_at-home_at_scan1_2013_jan_1,15,17,0.0,0.043833333333333314,0.0
sun3d-home_at-home_at_scan1_2013_jan_1,15,18,0.0013020833333334074,0.06483333333333334,0.0
sun3d-home_at-home_at_scan1_2013_jan_1,15,21,-0.003906249999999926,0.074,0.0
sun3d-home_at-home_at_scan1_2013_jan_1,16,17,0.01302083333333326,0.07916666666666668,0.0
sun3d-home_at-home_at_scan1_2013_jan_1,16,18,0.010416666666666593,0.05299999999999997,0.0
sun3d-home_at-home_at_scan1_2013_jan_1,16,19,0.045572916666666484,0.10883333333333334,0.0
sun3d-home_at-home_at_scan1_2013_jan_1,16,20,0.040364583333333294,0.10250000000000004,0.0
sun3d-home_at-home_at_scan1_2013_jan_1,16,21,0.039062499999999854,0.09316666666666666,0.0
sun3d-home_at-home_at_scan1_2013_jan_1,17,18,0.006510416666666592,0.04866666666666667,0.0
sun3d-home_at-home_at_scan1_2013_jan_1,17,21,0.013020833333333185,0.09916666666666667,0.0
sun3d-home_at-home_at_scan1_2013_jan_1,17,22,0.014322916666666593,0.08466666666666667,0.0
sun3d-home_at-home_at_scan1_2013_jan_1,18,19,0.011718749999999925,0.09600000000000002,0.0
sun3d-home_at-home_at_scan1_2013_jan_1,18,20,0.03124999999999985,0.09500000000000001,0.0
sun3d-home_at-home_at_scan1_2013_jan_1,18,21,0.039062499999999854,0.09649999999999996,0.0
sun3d-home_at-home_at_scan1_2013_jan_1,19,20,0.0026041666666666665,0.11166666666666665,0.0
sun3d-home_at-home_at_scan1_2013_jan_1,20,21,0.03645833333333315,0.13283333333333333,0.0
sun3d-home_at-home_at_scan1_2013_jan_1,21,22,0.027343749999999927,0.09666666666666664,0.0
sun3d-home_at-home_at_scan1_2013_jan_1,22,23,0.02604166666666659,0.07983333333333335,0.0
sun3d-home_at-home_at_scan1_2013_jan_1,23,31,-0.003906249999999926,0.07716666666666672,0.0
sun3d-home_at-home_at_scan1_2013_jan_1,23,32,0.010416666666666593,0.06649999999999996,0.0
sun3d-home_at-home_at_scan1_2013_jan_1,23,42,0.04166666666666646,0.02683333333333331,0.0
sun3d-home_at-home_at_scan1_2013_jan_1,24,25,0.019531249999999927,0.07133333333333336,0.0
sun3d-home_at-home_at_scan1_2013_jan_1,24,26,0.010416666666666593,0.09283333333333332,0.0
sun3d-home_at-home_at_scan1_2013_jan_1,24,28,0.0078125,0.06066666666666665,0.0
sun3d-home_at-home_at_scan1_2013_jan_1,24,29,0.0,0.05800000000000002,0.0
sun3d-home_at-home_at_scan1_2013_jan_1,24,30,0.01822916666666663,0.1011666666666667,0.0
sun3d-home_at-home_at_scan1_2013_jan_1,24,31,0.016927083333333297,0.09066666666666663,0.0
sun3d-home_at-home_at_scan1_2013_jan_1,25,26,0.018229166666666668,0.06400000000000002,0.0
sun3d-home_at-home_at_scan1_2013_jan_1,25,27,-0.010416666666666593,0.03633333333333333,0.0
sun3d-home_at-home_at_scan1_2013_jan_1,25,28,0.03255208333333315,0.06599999999999999,0.0
sun3d-home_at-home_at_scan1_2013_jan_1,25,29,0.037760416666666484,0.03466666666666666,0.0
sun3d-home_at-home_at_scan1_2013_jan_1,26,27,0.013020833333333296,0.10616666666666667,0.0
sun3d-home_at-home_at_scan1_2013_jan_1,26,28,0.006510416666666667,0.07666666666666666,0.0
sun3d-home_at-home_at_scan1_2013_jan_1,26,29,0.007812499999999926,0.07050000000000005,0.0
sun3d-home_at-home_at_scan1_2013_jan_1,27,28,-0.02213541666666659,0.08949999999999998,0.0
sun3d-home_at-home_at_scan1_2013_jan_1,28,29,0.0013020833333333333,0.041666666666666706,0.0
sun3d-home_at-home_at_scan1_2013_jan_1,29,30,0.009114583333333296,0.11266666666666665,0.0
sun3d-home_at-home_at_scan1_2013_jan_1,29,31,-0.005208333333333333,0.08766666666666667,0.0
sun3d-home_at-home_at_scan1_2013_jan_1,30,31,0.036458333333333225,0.10033333333333332,0.0
sun3d-home_at-home_at_scan1_2013_jan_1,30,32,0.029947916666666557,0.09100000000000001,0.0
sun3d-home_at-home_at_scan1_2013_jan_1,31,32,-0.0013020833333333333,0.04650000000000002,0.0
sun3d-home_at-home_at_scan1_2013_jan_1,31,33,0.011718749999999925,0.045000000000000005,0.0
sun3d-home_at-home_at_scan1_2013_jan_1,31,47,0.09765624999999963,0.09716666666666668,0.0
sun3d-home_at-home_at_scan1_2013_jan_1,31,48,0.15104166666666607,0.17633333333333331,0.3333333333333333
sun3d-home_at-home_at_scan1_2013_jan_1,33,34,0.011718749999999925,0.09166666666666663,0.0
sun3d-home_at-home_at_scan1_2013_jan_1,33,36,0.009114583333333334,0.08216666666666668,0.0
sun3d-home_at-home_at_scan1_2013_jan_1,33,38,0.022135416666666557,0.0696666666666667,0.0
sun3d-home_at-home_at_scan1_2013_jan_1,33,41,0.01432291666666663,0.1091666666666667,0.0
sun3d-home_at-home_at_scan1_2013_jan_1,33,42,0.014322916666666593,0.04633333333333334,0.0
sun3d-home_at-home_at_scan1_2013_jan_1,33,47,0.023437499999999927,0.08449999999999998,0.0
sun3d-home_at-home_at_scan1_2013_jan_1,33,48,-0.052083333333333114,0.06399999999999999,0.0
sun3d-home_at-home_at_scan1_2013_jan_1,34,35,-0.01822916666666659,0.021333333333333315,0.0
sun3d-home_at-home_at_scan1_2013_jan_1,34,36,0.0013020833333333333,0.022666666666666686,0.0
sun3d-home_at-home_at_scan1_2013_jan_1,34,37,0.0013020833333333333,0.013166666666666696,0.0
sun3d-home_at-home_at_scan1_2013_jan_1,35,50,-0.05989583333333315,-0.017999999999999978,0.0
sun3d-home_at-home_at_scan1_2013_jan_1,36,37,0.0026041666666666665,0.030666666666666693,0.0
sun3d-home_at-home_at_scan1_2013_jan_1,36,48,-0.027343749999999927,0.07816666666666668,0.0
sun3d-home_at-home_at_scan1_2013_jan_1,36,49,-0.03124999999999989,0.05116666666666666,0.0
sun3d-home_at-home_at_scan1_2013_jan_1,37,38,7.401486830834377e-17,0.04483333333333336,0.0
sun3d-home_at-home_at_scan1_2013_jan_1,37,49,0.005208333333333333,0.05733333333333331,0.0
sun3d-home_at-home_at_scan1_2013_jan_1,38,39,0.014322916666666593,0.05450000000000003,0.0
sun3d-home_at-home_at_scan1_2013_jan_1,39,40,0.01692708333333326,0.03316666666666664,0.0
sun3d-home_at-home_at_scan1_2013_jan_1,40,41,0.007812499999999852,0.06633333333333331,0.0
sun3d-home_at-home_at_scan1_2013_jan_1,41,42,0.014322916666666666,0.06233333333333332,0.0
sun3d-home_at-home_at_scan1_2013_jan_1,41,43,-0.005208333333333333,0.012166666666666695,0.0
sun3d-home_at-home_at_scan1_2013_jan_1,41,44,-0.06770833333333304,0.03616666666666666,0.0
sun3d-home_at-home_at_scan1_2013_jan_1,41,45,-0.019531249999999927,0.06749999999999996,0.0
sun3d-home_at-home_at_scan1_2013_jan_1,41,46,0.083333333333333,0.13283333333333336,0.0
sun3d-home_at-home_at_scan1_2013_jan_1,41,47,-0.006510416666666667,0.09783333333333337,0.0
sun3d-home_at-home_at_scan1_2013_jan_1,41,48,0.04166666666666655,0.10149999999999997,0.0
sun3d-home_at-home_at_scan1_2013_jan_1,42,43,0.002604166666666593,0.05833333333333331,0.0
sun3d-home_at-home_at_scan1_2013_jan_1,42,44,-0.02213541666666659,0.07650000000000001,0.0
sun3d-home_at-home_at_scan1_2013_jan_1,42,45,-0.005208333333333297,0.06933333333333332,0.0
sun3d-home_at-home_at_scan1_2013_jan_1,42,46,0.009114583333333185,0.04700000000000001,0.0
sun3d-home_at-home_at_scan1_2013_jan_1,42,47,0.01822916666666652,0.07849999999999997,0.0
sun3d-home_at-home_at_scan1_2013_jan_1,42,48,0.06770833333333308,0.1155,0.0
sun3d-home_at-home_at_scan1_2013_jan_1,43,44,-0.022135416666666446,0.028500000000000043,0.0
sun3d-home_at-home_at_scan1_2013_jan_1,43,45,-0.014322916666666519,0.06883333333333334,0.0
sun3d-home_at-home_at_scan1_2013_jan_1,43,46,0.010416666666666593,0.04516666666666672,0.0
sun3d-home_at-home_at_scan1_2013_jan_1,43,47,-0.005208333333333333,0.10149999999999997,0.0
sun3d-home_at-home_at_scan1_2013_jan_1,44,45,-0.0026041666666666665,0.055833333333333325,0.0
sun3d-home_at-home_at_scan1_2013_jan_1,44,46,0.0013020833333332593,0.05033333333333334,0.0
sun3d-home_at-home_at_scan1_2013_jan_1,44,47,0.009114583333333334,0.1061666666666667,0.0
sun3d-home_at-home_at_scan1_2013_jan_1,45,46,-0.0078125,0.06516666666666664,0.0
sun3d-home_at-home_at_scan1_2013_jan_1,45,47,0.00390625,0.10933333333333332,0.0
sun3d-home_at-home_at_scan1_2013_jan_1,46,47,-0.009114583333333334,0.05949999999999996,0.0
sun3d-home_at-home_at_scan1_2013_jan_1,46,48,0.05989583333333307,0.09649999999999997,0.0
sun3d-home_at-home_at_scan1_2013_jan_1,47,48,0.01822916666666652,0.05116666666666666,0.0
sun3d-home_at-home_at_scan1_2013_jan_1,48,49,0.005208333333333186,0.03099999999999999,0.0
sun3d-home_at-home_at_scan1_2013_jan_1,48,50,0.0026041666666666297,0.0611666666666667,0.0
sun3d-home_at-home_at_scan1_2013_jan_1,49,50,0.005208333333333333,0.020333333333333314,0.0
sun3d-home_at-home_at_scan1_2013_jan_1,49,51,-0.02473958333333322,0.013666666666666641,0.0
sun3d-home_at-home_at_scan1_2013_jan_1,50,51,0.009114583333333334,0.056833333333333326,0.0
sun3d-home_at-home_at_scan1_2013_jan_1,51,55,0.03124999999999985,0.09233333333333334,0.0
sun3d-home_at-home_at_scan1_2013_jan_1,52,53,0.06770833333333304,0.10966666666666669,0.0
sun3d-home_at-home_at_scan1_2013_jan_1,52,54,0.019531249999999962,0.08650000000000002,0.0
sun3d-home_at-home_at_scan1_2013_jan_1,52,55,-0.02734374999999985,0.045499999999999985,0.0
sun3d-home_at-home_at_scan1_2013_jan_1,53,54,-0.0078125,0.08416666666666665,0.0
sun3d-home_at-home_at_scan1_2013_jan_1,53,55,0.010416666666666519,0.04250000000000002,0.0
sun3d-home_at-home_at_scan1_2013_jan_1,53,56,0.019531249999999962,0.07233333333333336,0.0
sun3d-home_at-home_at_scan1_2013_jan_1,53,58,0.02083333333333322,0.10866666666666665,0.0
sun3d-home_at-home_at_scan1_2013_jan_1,54,55,0.006510416666666667,0.050333333333333306,0.0
sun3d-home_at-home_at_scan1_2013_jan_1,56,57,0.02864583333333322,0.09200000000000004,0.0
sun3d-home_at-home_at_scan1_2013_jan_1,56,58,0.00390625,0.06916666666666671,0.0
sun3d-home_at-home_at_scan1_2013_jan_1,56,59,0.00911458333333326,0.10483333333333333,0.0
sun3d-home_at-home_at_scan1_2013_jan_1,57,58,0.02864583333333311,0.10049999999999996,0.0
sun3d-home_at-home_at_scan1_2013_jan_1,58,59,-0.009114583333333334,0.10833333333333335,0.0
sun3d-home_md-home_md_scan9_2012_sep_30,1,2,0.03515624999999989,0.04250000000000002,0.0
sun3d-home_md-home_md_scan9_2012_sep_30,2,3,-0.027343749999999927,0.040166666666666684,0.0
sun3d-home_md-home_md_scan9_2012_sep_30,2,5,0.005208333333333333,0.037833333333333274,0.0
sun3d-home_md-home_md_scan9_2012_sep_30,2,7,0.006510416666666667,0.057166666666666664,0.0
sun3d-home_md-home_md_scan9_2012_sep_30,3,4,0.0,0.041000000000000036,0.0
sun3d-home_md-home_md_scan9_2012_sep_30,3,5,0.00390625,0.03650000000000005,0.0
sun3d-home_md-home_md_scan9_2012_sep_30,3,6,0.015624999999999925,0.047333333333333304,0.0
sun3d-home_md-home_md_scan9_2012_sep_30,3,7,-0.00390625,0.061333333333333316,0.0
sun3d-home_md-home_md_scan9_2012_sep_30,3,38,0.0013020833333333333,0.07249999999999997,0.0
sun3d-home_md-home_md_scan9_2012_sep_30,3,39,0.04036458333333318,0.07433333333333336,0.0
sun3d-home_md-home_md_scan9_2012_sep_30,3,40,0.013020833333333185,0.06266666666666665,0.0
sun3d-home_md-home_md_scan9_2012_sep_30,3,41,0.07812499999999978,0.13983333333333337,0.0
sun3d-home_md-home_md_scan9_2012_sep_30,3,45,-0.01692708333333326,0.07416666666666667,0.0
sun3d-home_md-home_md_scan9_2012_sep_30,3,46,0.015625,0.06333333333333331,0.0
sun3d-home_md-home_md_scan9_2012_sep_30,3,47,0.075520833333333,0.13799999999999998,0.0
sun3d-home_md-home_md_scan9_2012_sep_30,4,5,0.0013020833333333333,0.05116666666666666,0.0
sun3d-home_md-home_md_scan9_2012_sep_30,4,6,0.015624999999999925,0.0738333333333333,0.0
sun3d-home_md-home_md_scan9_2012_sep_30,4,7,0.018229166666666446,0.06800000000000002,0.0
sun3d-home_md-home_md_scan9_2012_sep_30,4,38,0.01302083333333326,0.07583333333333331,0.0
sun3d-home_md-home_md_scan9_2012_sep_30,4,39,0.007812499999999926,0.06016666666666667,0.0
sun3d-home_md-home_md_scan9_2012_sep_30,4,40,0.003906250000000074,0.07399999999999995,0.0
sun3d-home_md-home_md_scan9_2012_sep_30,4,41,0.011718749999999925,0.08433333333333337,0.0
sun3d-home_md-home_md_scan9_2012_sep_30,4,46,0.014322916666666519,0.05900000000000005,0.0
sun3d-home_md-home_md_scan9_2012_sep_30,4,47,0.016927083333333186,0.09049999999999998,0.0
sun3d-home_md-home_md_scan9_2012_sep_30,5,6,0.00390625,0.043666666666666666,0.0
sun3d-home_md-home_md_scan9_2012_sep_30,5,7,0.00390625,0.03949999999999998,0.0
sun3d-home_md-home_md_scan9_2012_sep_30,5,38,0.003906249999999926,0.07649999999999997,0.0
sun3d-home_md-home_md_scan9_2012_sep_30,5,39,0.035156249999999924,0.058166666666666665,0.0
sun3d-home_md-home_md_scan9_2012_sep_30,5,40,0.003906249999999926,0.06033333333333335,0.0
sun3d-home_md-home_md_scan9_2012_sep_30,5,45,0.013020833333333296,0.05900000000000002,0.0
sun3d-home_md-home_md_scan9_2012_sep_30,5,46,0.02734375,0.04266666666666663,0.0
sun3d-home_md-home_md_scan9_2012_sep_30,6,7,-0.0026041666666666665,0.05349999999999999,0.0
sun3d-home_md-home_md_scan9_2012_sep_30,6,46,0.04427083333333315,0.0756666666666667,0.0
sun3d-home_md-home_md_scan9_2012_sep_30,7,38,0.029947916666666446,0.07116666666666664,0.0
sun3d-home_md-home_md_scan9_2012_sep_30,7,46,0.024739583333333186,0.0753333333333333,0.0
sun3d-home_md-home_md_scan9_2012_sep_30,8,9,-0.09114583333333297,0.015333333333333346,0.0
sun3d-home_md-home_md_scan9_2012_sep_30,8,35,0.0507812499999998,0.0775,0.3333333333333333
sun3d-home_md-home_md_scan9_2012_sep_30,8,36,-0.07291666666666641,-0.030166666666666665,0.0
sun3d-home_md-home_md_scan9_2012_sep_30,8,37,0.01692708333333311,0.12333333333333334,0.0
sun3d-home_md-home_md_scan9_2012_sep_30,8,38,-0.005208333333333333,0.09949999999999999,0.0
sun3d-home_md-home_md_scan9_2012_sep_30,9,10,-0.00390625,0.10199999999999998,0.0
sun3d-home_md-home_md_scan9_2012_sep_30,9,11,0.039062499999999854,0.12483333333333334,0.0
sun3d-home_md-home_md_scan9_2012_sep_30,9,32,0.013020833333333278,0.10733333333333334,0.0
sun3d-home_md-home_md_scan9_2012_sep_30,9,33,0.17057291666666596,0.11316666666666665,0.0
sun3d-home_md-home_md_scan9_2012_sep_30,9,35,0.04296874999999981,0.08549999999999998,0.0
sun3d-home_md-home_md_scan9_2012_sep_30,9,36,0.06510416666666641,0.18533333333333332,0.0
sun3d-home_md-home_md_scan9_2012_sep_30,9,37,-0.00651041666666663,0.07733333333333332,0.0
sun3d-home_md-home_md_scan9_2012_sep_30,10,11,0.00390625,0.09416666666666666,0.0
sun3d-home_md-home_md_scan9_2012_sep_30,10,12,-0.01302083333333326,0.06616666666666664,0.0
sun3d-home_md-home_md_scan9_2012_sep_30,10,32,-0.037760416666666574,-0.00883333333333334,0.3333333333333333
sun3d-home_md-home_md_scan9_2012_sep_30,10,33,0.0429687499999998,0.003333333333333341,0.6666666666666666
sun3d-home_md-home_md_scan9_2012_sep_30,10,35,0.045572916666666484,0.007166666666666673,0.0
sun3d-home_md-home_md_scan9_2012_sep_30,10,36,0.03906249999999981,0.11316666666666665,0.0
sun3d-home_md-home_md_scan9_2012_sep_30,11,12,0.005208333333333333,0.11716666666666664,0.0
sun3d-home_md-home_md_scan9_2012_sep_30,11,32,-0.08072916666666637,-0.016,-0.6666666666666666
sun3d-home_md-home_md_scan9_2012_sep_30,11,33,-0.029947916666666564,-0.007,0.0
sun3d-home_md-home_md_scan9_2012_sep_30,13,14,0.01953124999999985,0.10066666666666668,0.0
sun3d-home_md-home_md_scan9_2012_sep_30,13,15,-7.401486830834377e-17,0.07416666666666667,0.0
sun3d-home_md-home_md_scan9_2012_sep_30,13,16,0.03124999999999985,0.10416666666666663,0.0
sun3d-home_md-home_md_scan9_2012_sep_30,14,15,0.006510416666666667,0.044999999999999964,0.0
sun3d-home_md-home_md_scan9_2012_sep_30,14,16,-0.00390625,0.04999999999999997,0.0
sun3d-home_md-home_md_scan9_2012_sep_30,15,16,-0.0026041666666666665,0.05099999999999997,0.0
sun3d-home_md-home_md_scan9_2012_sep_30,15,57,0.0013020833333333333,0.11266666666666665,0.0
sun3d-home_md-home_md_scan9_2012_sep_30,16,24,0.033854166666666484,0.11499999999999999,0.0
sun3d-home_md-home_md_scan9_2012_sep_30,16,55,-0.01432291666666663,0.08183333333333336,0.0
sun3d-home_md-home_md_scan9_2012_sep_30,16,56,-0.013020833333333296,0.08349999999999998,0.0
sun3d-home_md-home_md_scan9_2012_sep_30,16,57,0.01432291666666663,0.1085,0.0
sun3d-home_md-home_md_scan9_2012_sep_30,16,58,0.03645833333333315,0.12783333333333335,0.0
sun3d-home_md-home_md_scan9_2012_sep_30,17,18,0.009114583333333296,0.06666666666666665,0.0
sun3d-home_md-home_md_scan9_2012_sep_30,17,19,-0.00911458333333326,0.03416666666666668,0.0
sun3d-home_md-home_md_scan9_2012_sep_30,17,20,0.005208333333333297,0.08433333333333332,0.0
sun3d-home_md-home_md_scan9_2012_sep_30,17,21,0.01692708333333322,0.06349999999999999,0.0
sun3d-home_md-home_md_scan9_2012_sep_30,17,22,-0.009114583333333296,0.04083333333333333,0.0
sun3d-home_md-home_md_scan9_2012_sep_30,17,54,0.007812499999999963,0.07700000000000001,0.0
sun3d-home_md-home_md_scan9_2012_sep_30,17,55,-0.036458333333333225,0.07083333333333335,0.0
sun3d-home_md-home_md_scan9_2012_sep_30,17,56,-0.0013020833333333333,0.06450000000000004,0.0
sun3d-home_md-home_md_scan9_2012_sep_30,17,57,-0.010416666666666593,0.09083333333333334,0.0
sun3d-home_md-home_md_scan9_2012_sep_30,17,58,0.0013020833333332964,0.08233333333333333,-0.3333333333333333
sun3d-home_md-home_md_scan9_2012_sep_30,18,19,0.01692708333333326,0.07816666666666668,0.0
sun3d-home_md-home_md_scan9_2012_sep_30,18,20,0.0013020833333333333,0.06733333333333331,0.0
sun3d-home_md-home_md_scan9_2012_sep_30,18,21,0.04687499999999986,0.08883333333333333,0.0
sun3d-home_md-home_md_scan9_2012_sep_30,18,22,-0.01302083333333326,0.05016666666666669,0.0
sun3d-home_md-home_md_scan9_2012_sep_30,18,23,0.00651041666666663,0.08016666666666666,0.0
sun3d-home_md-home_md_scan9_2012_sep_30,18,54,0.0078125,0.11416666666666668,0.0
sun3d-home_md-home_md_scan9_2012_sep_30,18,55,0.007812499999999963,0.10933333333333332,0.0
sun3d-home_md-home_md_scan9_2012_sep_30,18,56,0.03645833333333318,0.12599999999999997,0.0
sun3d-home_md-home_md_scan9_2012_sep_30,18,57,0.014322916666666593,0.1376666666666667,-0.3333333333333333
sun3d-home_md-home_md_scan9_2012_sep_30,18,58,0.014322916666666593,0.11683333333333334,-0.3333333333333333
sun3d-home_md-home_md_scan9_2012_sep_30,19,20,0.0,0.032833333333333346,0.0
sun3d-home_md-home_md_scan9_2012_sep_30,19,22,-0.0078125,0.03683333333333335,0.0
sun3d-home_md-home_md_scan9_2012_sep_30,19,23,-0.0690104166666664,-0.005666666666666653,0.0
sun3d-home_md-home_md_scan9_2012_sep_30,19,54,0.0,0.07966666666666666,0.0
sun3d-home_md-home_md_scan9_2012_sep_30,19,55,0.009114583333333334,0.09066666666666667,0.0
sun3d-home_md-home_md_scan9_2012_sep_30,19,56,0.0026041666666666297,0.09749999999999999,0.0
sun3d-home_md-home_md_scan9_2012_sep_30,19,57,0.02604166666666659,0.14050000000000004,0.0
sun3d-home_md-home_md_scan9_2012_sep_30,19,58,-0.020833333333333297,0.06966666666666665,0.0
sun3d-home_md-home_md_scan9_2012_sep_30,20,21,-0.0013020833333333333,0.048166666666666656,0.0
sun3d-home_md-home_md_scan9_2012_sep_30,20,22,-0.011718749999999889,0.02883333333333334,0.0
sun3d-home_md-home_md_scan9_2012_sep_30,20,23,-0.0013020833333333333,0.04500000000000001,0.0
sun3d-home_md-home_md_scan9_2012_sep_30,20,54,0.020833333333333242,0.05283333333333334,0.0
sun3d-home_md-home_md_scan9_2012_sep_30,20,55,0.009114583333333334,0.06916666666666664,0.0
sun3d-home_md-home_md_scan9_2012_sep_30,20,56,-0.0026041666666666665,0.059,-0.3333333333333333
sun3d-home_md-home_md_scan9_2012_sep_30,20,57,-0.0078124999999999445,0.06783333333333333,0.0
sun3d-home_md-home_md_scan9_2012_sep_30,20,58,-0.015624999999999944,0.026333333333333337,0.0
sun3d-home_md-home_md_scan9_2012_sep_30,21,22,-0.00911458333333326,0.032666666666666656,0.0
sun3d-home_md-home_md_scan9_2012_sep_30,21,54,-0.05208333333333313,-0.0385,-0.3333333333333333
sun3d-home_md-home_md_scan9_2012_sep_30,21,55,-0.04947916666666649,-0.00883333333333334,-0.6666666666666666
sun3d-home_md-home_md_scan9_2012_sep_30,21,56,-0.02213541666666657,0.010333333333333328,0.3333333333333333
sun3d-home_md-home_md_scan9_2012_sep_30,21,57,0.0234374999999999,0.044500000000000005,0.0
sun3d-home_md-home_md_scan9_2012_sep_30,21,58,0.02083333333333322,0.03966666666666666,0.0
sun3d-home_md-home_md_scan9_2012_sep_30,22,23,0.0013020833333333333,0.054333333333333345,0.0
sun3d-home_md-home_md_scan9_2012_sep_30,22,54,0.1302083333333328,0.17416666666666666,0.6666666666666666
sun3d-home_md-home_md_scan9_2012_sep_30,22,55,-0.04947916666666643,0.023166666666666686,0.0
sun3d-home_md-home_md_scan9_2012_sep_30,22,56,-0.05989583333333304,0.03550000000000001,0.0
sun3d-home_md-home_md_scan9_2012_sep_30,22,57,0.09895833333333297,0.14283333333333334,0.0
sun3d-home_md-home_md_scan9_2012_sep_30,22,58,0.01822916666666659,0.08800000000000001,0.0
sun3d-home_md-home_md_scan9_2012_sep_30,23,24,-0.05078124999999981,0.002666666666666669,0.0
sun3d-home_md-home_md_scan9_2012_sep_30,23,54,0.053385416666666435,0.10949999999999997,0.0
sun3d-home_md-home_md_scan9_2012_sep_30,23,55,-0.0234374999999999,0.05483333333333334,-0.3333333333333333
sun3d-home_md-home_md_scan9_2012_sep_30,23,56,-0.019531249999999934,0.04999999999999998,-0.6666666666666666
sun3d-home_md-home_md_scan9_2012_sep_30,23,57,0.08203124999999968,0.127,0.0
sun3d-home_md-home_md_scan9_2012_sep_30,23,58,0.032552083333333266,0.05449999999999999,0.6666666666666666
sun3d-home_md-home_md_scan9_2012_sep_30,24,25,-0.036458333333333225,0.02833333333333332,0.0
sun3d-home_md-home_md_scan9_2012_sep_30,25,26,0.0013020833333333333,0.11133333333333338,0.0
sun3d-home_md-home_md_scan9_2012_sep_30,26,27,0.009114583333333296,0.029333333333333322,0.0
sun3d-home_md-home_md_scan9_2012_sep_30,26,28,-0.019531249999999927,0.004166666666666689,0.0
sun3d-home_md-home_md_scan9_2012_sep_30,26,50,0.0,0.09799999999999998,0.0
sun3d-home_md-home_md_scan9_2012_sep_30,26,51,0.05729166666666641,0.12983333333333336,0.0
sun3d-home_md-home_md_scan9_2012_sep_30,27,28,-0.006510416666666703,0.05833333333333335,0.0
sun3d-home_md-home_md_scan9_2012_sep_30,27,50,0.0013020833333333333,0.05016666666666669,0.0
sun3d-home_md-home_md_scan9_2012_sep_30,27,51,-0.01171875,0.029000000000000026,0.0
sun3d-home_md-home_md_scan9_2012_sep_30,28,50,0.01822916666666659,0.08,0.0
sun3d-home_md-home_md_scan9_2012_sep_30,28,51,0.029947916666666557,0.03533333333333333,0.0
sun3d-home_md-home_md_scan9_2012_sep_30,29,41,-0.015624999999999903,0.0033333333333333327,0.0
sun3d-home_md-home_md_scan9_2012_sep_30,29,42,0.06640624999999972,0.045333333333333316,0.0
sun3d-home_md-home_md_scan9_2012_sep_30,29,43,0.07161458333333304,0.037666666666666675,-0.3333333333333333
sun3d-home_md-home_md_scan9_2012_sep_30,29,45,-0.0234374999999999,-0.005166666666666667,0.0
sun3d-home_md-home_md_scan9_2012_sep_30,29,47,-0.010416666666666588,0.026166666666666668,0.0
sun3d-home_md-home_md_scan9_2012_sep_30,29,48,0.009114583333333301,0.056,0.3333333333333333
sun3d-home_md-home_md_scan9_2012_sep_30,29,49,0.03906249999999987,0.014166666666666666,0.0
sun3d-home_md-home_md_scan9_2012_sep_30,29,50,0.013020833333333278,0.054166666666666675,1.0
sun3d-home_md-home_md_scan9_2012_sep_30,31,32,0.05338541666666644,0.08933333333333336,0.0
sun3d-home_md-home_md_scan9_2012_sep_30,32,33,-0.0898437499999996,-0.028166666666666673,0.0
sun3d-home_md-home_md_scan9_2012_sep_30,32,35,-0.00651041666666663,0.09500000000000001,0.0
sun3d-home_md-home_md_scan9_2012_sep_30,32,36,-0.009114583333333334,0.07866666666666666,0.0
sun3d-home_md-home_md_scan9_2012_sep_30,33,34,-0.018229166666666557,0.10633333333333332,0.0
sun3d-home_md-home_md_scan9_2012_sep_30,33,35,0.06510416666666641,0.19000000000000003,0.0
sun3d-home_md-home_md_scan9_2012_sep_30,33,36,0.035156249999999854,0.0071666666666666545,0.0
sun3d-home_md-home_md_scan9_2012_sep_30,34,35,0.075520833333333,0.16933333333333334,0.0
sun3d-home_md-home_md_scan9_2012_sep_30,35,36,-0.010416666666666666,0.08616666666666668,0.0
sun3d-home_md-home_md_scan9_2012_sep_30,35,37,-0.03776041666666654,-0.019000000000000006,0.0
sun3d-home_md-home_md_scan9_2012_sep_30,36,37,0.039062499999999854,0.11283333333333333,0.0
sun3d-home_md-home_md_scan9_2012_sep_30,37,38,-0.01432291666666663,0.08116666666666668,0.0
sun3d-home_md-home_md_scan9_2012_sep_30,38,39,0.0,0.025999999999999985,0.0
sun3d-home_md-home_md_scan9_2012_sep_30,38,40,0.0,0.031833333333333345,0.0
sun3d-home_md-home_md_scan9_2012_sep_30,38,41,0.005208333333333259,0.03633333333333333,0.0
sun3d-home_md-home_md_scan9_2012_sep_30,38,46,0.0013020833333333333,0.033499999999999974,0.0
sun3d-home_md-home_md_scan9_2012_sep_30,38,47,0.002604166666666593,0.05733333333333331,0.0
sun3d-home_md-home_md_scan9_2012_sep_30,39,40,0.0,0.01999999999999998,0.0
sun3d-home_md-home_md_scan9_2012_sep_30,39,41,0.00390625,0.04983333333333332,0.0
sun3d-home_md-home_md_scan9_2012_sep_30,39,45,0.01822916666666652,0.07216666666666667,0.0
sun3d-home_md-home_md_scan9_2012_sep_30,39,46,0.0013020833333333333,0.012166666666666695,0.0
sun3d-home_md-home_md_scan9_2012_sep_30,39,47,0.003906249999999926,0.037666666666666626,0.0
sun3d-home_md-home_md_scan9_2012_sep_30,40,41,0.0,0.031833333333333345,0.0
sun3d-home_md-home_md_scan9_2012_sep_30,40,45,0.0013020833333332593,0.05416666666666666,0.0
sun3d-home_md-home_md_scan9_2012_sep_30,40,46,0.0026041666666666665,0.017000000000000015,0.0
sun3d-home_md-home_md_scan9_2012_sep_30,40,47,0.0013020833333333333,0.03216666666666668,0.0
sun3d-home_md-home_md_scan9_2012_sep_30,40,49,0.011718749999999925,0.07050000000000001,0.0
sun3d-home_md-home_md_scan9_2012_sep_30,41,45,0.016927083333333186,0.04883333333333336,0.0
sun3d-home_md-home_md_scan9_2012_sep_30,41,46,0.018229166666666668,0.03633333333333333,0.0
sun3d-home_md-home_md_scan9_2012_sep_30,41,47,0.0013020833333333333,0.021500000000000036,0.0
sun3d-home_md-home_md_scan9_2012_sep_30,41,48,-0.0013020833333333333,0.04149999999999998,0.0
sun3d-home_md-home_md_scan9_2012_sep_30,41,49,0.020833333333333332,0.042,0.0
sun3d-home_md-home_md_scan9_2012_sep_30,42,43,0.015624999999999925,0.09549999999999996,0.0
sun3d-home_md-home_md_scan9_2012_sep_30,42,48,-0.0013020833333333333,0.07883333333333331,0.0
sun3d-home_md-home_md_scan9_2012_sep_30,42,49,0.0026041666666666665,0.03633333333333333,0.0
sun3d-home_md-home_md_scan9_2012_sep_30,42,50,0.015624999999999853,0.03416666666666668,0.0
sun3d-home_md-home_md_scan9_2012_sep_30,42,51,0.01302083333333326,0.07083333333333335,0.0
sun3d-home_md-home_md_scan9_2012_sep_30,44,45,-0.03255208333333318,0.005500000000000005,0.0
sun3d-home_md-home_md_scan9_2012_sep_30,45,46,-0.0013020833333334074,0.040666666666666705,0.0
sun3d-home_md-home_md_scan9_2012_sep_30,46,47,0.0026041666666666665,0.03983333333333339,0.0
sun3d-home_md-home_md_scan9_2012_sep_30,47,48,0.0013020833333332593,0.04966666666666667,0.0
sun3d-home_md-home_md_scan9_2012_sep_30,47,49,0.0,0.049000000000000044,0.0
sun3d-home_md-home_md_scan9_2012_sep_30,47,50,0.00390625,0.07000000000000002,0.0
sun3d-home_md-home_md_scan9_2012_sep_30,48,49,0.00390625,0.042166666666666686,0.0
sun3d-home_md-home_md_scan9_2012_sep_30,48,50,0.01692708333333326,0.07716666666666668,0.0
sun3d-home_md-home_md_scan9_2012_sep_30,49,50,-0.020833333333333297,0.0581666666666667,0.0
sun3d-home_md-home_md_scan9_2012_sep_30,50,51,0.02343749999999985,0.048166666666666656,0.0
sun3d-home_md-home_md_scan9_2012_sep_30,51,52,0.0,0.07866666666666666,0.0
sun3d-home_md-home_md_scan9_2012_sep_30,51,59,0.0078125,0.09283333333333332,0.0
sun3d-home_md-home_md_scan9_2012_sep_30,52,59,0.011718749999999925,0.09016666666666666,0.0
sun3d-home_md-home_md_scan9_2012_sep_30,53,54,0.009114583333333334,0.06099999999999998,0.0
sun3d-home_md-home_md_scan9_2012_sep_30,53,55,0.019531249999999927,0.0665,0.3333333333333333
sun3d-home_md-home_md_scan9_2012_sep_30,53,58,-0.06640624999999974,-0.031833333333333325,0.0
sun3d-home_md-home_md_scan9_2012_sep_30,53,59,0.03645833333333318,0.09733333333333331,0.0
sun3d-home_md-home_md_scan9_2012_sep_30,54,55,-0.00390625,0.05433333333333338,0.0
sun3d-home_md-home_md_scan9_2012_sep_30,54,56,-0.04687499999999981,0.025166666666666632,0.0
sun3d-home_md-home_md_scan9_2012_sep_30,54,57,-0.005208333333333333,0.059166666666666666,0.0
sun3d-home_md-home_md_scan9_2012_sep_30,54,58,-0.06119791666666644,0.05099999999999997,0.0
sun3d-home_md-home_md_scan9_2012_sep_30,54,59,0.013020833333333296,0.056333333333333346,0.0
sun3d-home_md-home_md_scan9_2012_sep_30,55,56,0.0026041666666666665,0.042666666666666665,0.0
sun3d-home_md-home_md_scan9_2012_sep_30,55,57,0.01171875,0.06199999999999998,0.0
sun3d-home_md-home_md_scan9_2012_sep_30,55,58,0.039062499999999854,0.08283333333333331,0.0
sun3d-home_md-home_md_scan9_2012_sep_30,55,59,0.01692708333333326,0.03550000000000001,0.0
sun3d-home_md-home_md_scan9_2012_sep_30,56,57,0.013020833333333185,0.0676666666666667,0.0
sun3d-home_md-home_md_scan9_2012_sep_30,56,58,0.06249999999999978,0.1373333333333333,0.0
sun3d-home_md-home_md_scan9_2012_sep_30,57,58,0.0026041666666666665,0.03966666666666663,0.0
sun3d-home_md-home_md_scan9_2012_sep_30,58,59,0.011718749999999964,0.05833333333333335,0.0
sun3d-hotel_uc-scan3,0,1,0.014322916666666666,0.0581666666666667,0.0
sun3d-hotel_uc-scan3,0,2,-0.005208333333333259,0.07783333333333335,0.0
sun3d-hotel_uc-scan3,0,3,0.0078125,0.07150000000000005,0.0
sun3d-hotel_uc-scan3,0,10,0.0,0.05399999999999997,0.0
sun3d-hotel_uc-scan3,0,19,0.009114583333333334,0.13683333333333333,0.0
sun3d-hotel_uc-scan3,0,35,0.0677083333333331,0.1416666666666667,0.0
sun3d-hotel_uc-scan3,0,36,-0.005208333333333333,0.048500000000000064,0.0
sun3d-hotel_uc-scan3,0,43,0.022135416666666446,0.10883333333333334,0.0
sun3d-hotel_uc-scan3,0,44,0.015625,0.08966666666666663,0.0
sun3d-hotel_uc-scan3,0,45,0.005208333333333333,0.08266666666666662,0.0
sun3d-hotel_uc-scan3,0,54,0.009114583333333334,0.07983333333333338,0.0
sun3d-hotel_uc-scan3,1,2,0.00390625,0.05700000000000005,0.0
sun3d-hotel_uc-scan3,1,3,-0.0013020833333333333,0.062499999999999965,0.0
sun3d-hotel_uc-scan3,1,10,0.006510416666666667,0.0625,0.0
sun3d-hotel_uc-scan3,1,11,0.0078125,0.14049999999999999,0.0
sun3d-hotel_uc-scan3,1,35,-0.0026041666666666665,0.09533333333333334,0.0
sun3d-hotel_uc-scan3,1,43,0.05468749999999978,0.16866666666666666,0.0
sun3d-hotel_uc-scan3,1,44,0.0013020833333333333,0.10916666666666668,0.0
sun3d-hotel_uc-scan3,1,45,-0.0026041666666666665,0.09533333333333334,0.0
sun3d-hotel_uc-scan3,1,54,0.0013020833333333333,0.07399999999999995,0.0
sun3d-hotel_uc-scan3,2,3,-0.0013020833333333333,0.06399999999999999,0.0
sun3d-hotel_uc-scan3,2,10,0.005208333333333333,0.05266666666666664,0.0
sun3d-hotel_uc-scan3,2,11,0.015624999999999853,0.09700000000000002,0.0
sun3d-hotel_uc-scan3,2,34,-0.024739583333333186,0.04033333333333333,0.0
sun3d-hotel_uc-scan3,2,35,-0.0013020833333333333,0.08416666666666668,0.0
sun3d-hotel_uc-scan3,2,43,0.031249999999999778,0.1138333333333333,0.0
sun3d-hotel_uc-scan3,2,44,0.00911458333333326,0.09000000000000001,0.0
sun3d-hotel_uc-scan3,2,45,0.0013020833333333333,0.06816666666666664,0.0
sun3d-hotel_uc-scan3,2,46,-0.032552083333333225,0.03883333333333335,0.0
sun3d-hotel_uc-scan3,2,53,0.00390625,0.04883333333333332,0.0
sun3d-hotel_uc-scan3,2,54,0.0013020833333333333,0.06983333333333334,0.0
sun3d-hotel_uc-scan3,3,10,0.00390625,0.08933333333333333,0.0
sun3d-hotel_uc-scan3,3,35,0.013020833333333334,0.09516666666666666,0.0
sun3d-hotel_uc-scan3,3,45,0.006510416666666667,0.08483333333333336,0.0
sun3d-hotel_uc-scan3,3,54,-0.01302083333333326,0.08583333333333332,0.0
sun3d-hotel_uc-scan3,4,5,0.023437499999999927,0.08800000000000004,0.0
sun3d-hotel_uc-scan3,4,6,0.04687499999999978,0.07533333333333332,0.0
sun3d-hotel_uc-scan3,4,9,0.005208333333333259,0.08700000000000004,0.0
sun3d-hotel_uc-scan3,4,10,-3.700743415417188e-17,0.10916666666666668,0.0
sun3d-hotel_uc-scan3,4,18,0.005208333333333333,0.03633333333333331,0.0
sun3d-hotel_uc-scan3,4,19,0.015624999999999964,0.15633333333333335,0.0
sun3d-hotel_uc-scan3,4,20,0.02083333333333326,0.09783333333333333,0.0
sun3d-hotel_uc-scan3,4,36,0.028645833333333037,0.09916666666666667,0.0
sun3d-hotel_uc-scan3,4,37,0.035156249999999924,0.09233333333333334,0.0
sun3d-hotel_uc-scan3,5,6,-0.0013020833333333333,0.060333333333333385,0.0
sun3d-hotel_uc-scan3,5,7,-0.005208333333333259,0.04233333333333337,0.0
sun3d-hotel_uc-scan3,5,8,0.040364583333333225,0.11649999999999998,0.0
sun3d-hotel_uc-scan3,5,9,0.01041666666666663,0.02066666666666665,0.0
sun3d-hotel_uc-scan3,5,37,0.02213541666666652,0.042,0.0
sun3d-hotel_uc-scan3,5,38,0.02343749999999989,0.040500000000000015,0.0
sun3d-hotel_uc-scan3,5,39,-0.00390625,0.08216666666666665,0.0
sun3d-hotel_uc-scan3,5,40,0.009114583333333296,0.07150000000000001,0.0
sun3d-hotel_uc-scan3,5,41,0.05468749999999978,0.10416666666666663,0.0
sun3d-hotel_uc-scan3,6,7,0.011718749999999925,0.056833333333333326,0.0
sun3d-hotel_uc-scan3,6,8,0.02213541666666652,0.078,0.0
sun3d-hotel_uc-scan3,6,9,0.019531249999999962,0.05283333333333329,0.0
sun3d-hotel_uc-scan3,6,37,0.022135416666666446,0.049333333333333375,0.0
sun3d-hotel_uc-scan3,6,38,0.026041666666666557,0.07800000000000003,0.0
sun3d-hotel_uc-scan3,6,39,0.035156249999999924,0.09066666666666671,0.0
sun3d-hotel_uc-scan3,6,40,0.0,0.05733333333333331,0.0
sun3d-hotel_uc-scan3,6,41,0.011718749999999964,0.06950000000000005,0.0
sun3d-hotel_uc-scan3,7,8,-0.0013020833333333333,0.054333333333333345,0.0
sun3d-hotel_uc-scan3,7,37,0.011718749999999925,0.0595,0.0
sun3d-hotel_uc-scan3,7,38,-0.010416666666666519,0.04983333333333336,0.0
sun3d-hotel_uc-scan3,7,39,-0.015624999999999853,0.06233333333333335,0.0
sun3d-hotel_uc-scan3,7,40,0.011718749999999925,0.06716666666666667,0.0
sun3d-hotel_uc-scan3,7,41,0.0078125,0.05566666666666664,0.0
sun3d-hotel_uc-scan3,8,9,0.009114583333333334,0.06783333333333334,0.0
sun3d-hotel_uc-scan3,8,36,0.11979166666666617,0.16399999999999998,0.3333333333333333
sun3d-hotel_uc-scan3,8,37,0.014322916666666519,0.08133333333333333,0.0
sun3d-hotel_uc-scan3,8,38,-7.401486830834377e-17,0.0595,0.0
sun3d-hotel_uc-scan3,8,39,0.020833333333333186,0.0843333333333333,0.0
sun3d-hotel_uc-scan3,8,40,0.006510416666666592,0.04750000000000002,0.0
sun3d-hotel_uc-scan3,8,41,0.005208333333333333,0.05216666666666666,0.0
sun3d-hotel_uc-scan3,8,42,0.035156249999999924,0.08483333333333336,0.0
sun3d-hotel_uc-scan3,9,10,0.0078125,0.09849999999999999,0.0
sun3d-hotel_uc-scan3,9,20,0.06510416666666641,0.1598333333333333,0.0
sun3d-hotel_uc-scan3,9,36,0.015624999999999853,0.09783333333333333,0.0
sun3d-hotel_uc-scan3,9,43,-0.04557291666666655,0.025833333333333337,0.0
sun3d-hotel_uc-scan3,9,44,-0.015625000000000038,0.04316666666666665,0.0
sun3d-hotel_uc-scan3,9,45,0.06249999999999981,0.15250000000000005,0.0
sun3d-hotel_uc-scan3,10,18,0.0026041666666666665,0.08416666666666668,0.0
sun3d-hotel_uc-scan3,10,19,0.0,0.084,0.0
sun3d-hotel_uc-scan3,10,20,0.013020833333333334,0.125,0.0
sun3d-hotel_uc-scan3,10,35,0.016927083333333186,0.12483333333333331,0.0
sun3d-hotel_uc-scan3,10,36,0.00390625,0.08449999999999998,0.0
sun3d-hotel_uc-scan3,10,43,0.05468749999999963,0.11516666666666664,0.0
sun3d-hotel_uc-scan3,10,44,0.0013020833333333333,0.0766666666666667,0.0
sun3d-hotel_uc-scan3,10,45,0.006510416666666667,0.06816666666666671,0.0
sun3d-hotel_uc-scan3,10,54,-0.006510416666666667,0.081,0.0
sun3d-hotel_uc-scan3,11,34,0.014322916666666666,0.081,0.0
sun3d-hotel_uc-scan3,11,35,0.01171875,0.12550000000000003,0.0
sun3d-hotel_uc-scan3,11,46,-0.016927083333333332,0.06583333333333334,0.0
sun3d-hotel_uc-scan3,11,47,0.03645833333333318,0.08966666666666667,0.0
sun3d-hotel_uc-scan3,11,53,0.0013020833333332593,0.08366666666666663,0.0
sun3d-hotel_uc-scan3,11,54,0.007812499999999926,0.09166666666666667,0.0
sun3d-hotel_uc-scan3,12,13,0.02604166666666652,0.05883333333333329,0.0
sun3d-hotel_uc-scan3,12,32,0.01302083333333326,0.1123333333333334,0.0
sun3d-hotel_uc-scan3,12,33,0.0013020833333333333,0.09499999999999997,0.0
sun3d-hotel_uc-scan3,12,47,0.006510416666666667,0.10899999999999994,0.0
sun3d-hotel_uc-scan3,12,48,0.015625,0.07216666666666671,0.0
sun3d-hotel_uc-scan3,12,52,-0.0026041666666666665,0.08783333333333336,0.0
sun3d-hotel_uc-scan3,12,53,0.075520833333333,0.008166666666666655,0.0
sun3d-hotel_uc-scan3,13,14,0.022135416666666446,0.11200000000000003,0.0
sun3d-hotel_uc-scan3,13,24,0.005208333333333259,0.09833333333333331,0.0
sun3d-hotel_uc-scan3,13,25,0.005208333333333333,0.08766666666666671,0.0
sun3d-hotel_uc-scan3,13,26,0.01171875,0.13783333333333334,0.0
sun3d-hotel_uc-scan3,13,47,0.03385416666666655,0.07366666666666666,0.0
sun3d-hotel_uc-scan3,13,48,0.005208333333333259,0.06283333333333337,0.0
sun3d-hotel_uc-scan3,13,49,-0.02473958333333326,0.02883333333333334,0.0
sun3d-hotel_uc-scan3,13,51,-0.011718749999999964,0.028999999999999988,0.0
sun3d-hotel_uc-scan3,13,52,-7.401486830834377e-17,0.05666666666666664,0.0
sun3d-hotel_uc-scan3,14,15,-0.006510416666666667,0.04783333333333328,0.0
sun3d-hotel_uc-scan3,14,16,-0.0013020833333334074,0.0561666666666667,0.0
sun3d-hotel_uc-scan3,14,23,-0.0026041666666667407,0.05766666666666668,0.0
sun3d-hotel_uc-scan3,14,24,0.0,0.0423333333333333,0.0
sun3d-hotel_uc-scan3,14,25,0.0078125,0.08349999999999995,0.0
sun3d-hotel_uc-scan3,14,26,-0.006510416666666667,0.048166666666666656,0.0
sun3d-hotel_uc-scan3,14,49,0.010416666666666519,0.10033333333333334,0.0
sun3d-hotel_uc-scan3,14,51,0.0078125,0.08533333333333333,0.0
sun3d-hotel_uc-scan3,15,16,0.0078125,0.05149999999999999,0.0
sun3d-hotel_uc-scan3,15,22,0.0013020833333332593,0.054333333333333345,0.0
sun3d-hotel_uc-scan3,15,23,-0.0026041666666666665,0.03400000000000003,0.0
sun3d-hotel_uc-scan3,15,24,-0.0013020833333333333,0.045999999999999965,0.0
sun3d-hotel_uc-scan3,15,49,-0.009114583333333185,0.08766666666666663,0.0
sun3d-hotel_uc-scan3,15,50,0.009114583333333334,0.03700000000000003,0.0
sun3d-hotel_uc-scan3,15,51,0.014322916666666666,0.078,0.0
sun3d-hotel_uc-scan3,16,17,0.01171875,0.047999999999999966,0.0
sun3d-hotel_uc-scan3,16,22,0.00390625,0.041666666666666706,0.0
sun3d-hotel_uc-scan3,16,23,0.00390625,0.06750000000000005,0.0
sun3d-hotel_uc-scan3,16,24,-0.020833333333333297,0.03316666666666668,0.0
sun3d-hotel_uc-scan3,16,48,0.09765624999999967,0.1196666666666667,0.0
sun3d-hotel_uc-scan3,16,49,0.01041666666666663,0.05149999999999999,0.0
sun3d-hotel_uc-scan3,16,51,0.006510416666666703,0.040500000000000015,0.0
sun3d-hotel_uc-scan3,17,21,0.0013020833333333333,0.0655,0.0
sun3d-hotel_uc-scan3,17,22,0.01302083333333326,0.05783333333333329,0.0
sun3d-hotel_uc-scan3,18,19,0.02343749999999989,0.08800000000000004,0.0
sun3d-hotel_uc-scan3,18,20,-0.0026041666666666665,0.06416666666666664,0.0
sun3d-hotel_uc-scan3,18,36,-0.00911458333333326,0.06466666666666669,0.0
sun3d-hotel_uc-scan3,18,45,0.04817708333333315,0.16166666666666668,0.0
sun3d-hotel_uc-scan3,19,20,0.010416666666666593,0.07283333333333337,0.0
sun3d-hotel_uc-scan3,19,35,0.02083333333333322,0.08983333333333336,0.0
sun3d-hotel_uc-scan3,19,36,0.019531249999999778,0.09716666666666662,0.0
sun3d-hotel_uc-scan3,20,36,0.026041666666666446,0.08516666666666668,0.0
sun3d-hotel_uc-scan3,21,22,-0.005208333333333333,0.04083333333333335,0.0
sun3d-hotel_uc-scan3,22,23,0.0026041666666667407,0.03683333333333331,0.0
sun3d-hotel_uc-scan3,23,24,0.005208333333333333,0.04166666666666663,0.0
sun3d-hotel_uc-scan3,23,49,0.02604166666666659,0.12899999999999998,0.0
sun3d-hotel_uc-scan3,23,50,-0.00390625,0.06300000000000001,0.0
sun3d-hotel_uc-scan3,23,51,0.015624999999999925,0.1213333333333333,0.0
sun3d-hotel_uc-scan3,24,25,0.0013020833333333333,0.08016666666666661,0.0
sun3d-hotel_uc-scan3,24,49,0.00911458333333326,0.1176666666666667,0.0
sun3d-hotel_uc-scan3,24,50,0.07031249999999972,0.08700000000000001,0.0
sun3d-hotel_uc-scan3,24,51,0.05208333333333296,0.15683333333333335,0.0
sun3d-hotel_uc-scan3,25,26,0.024739583333333186,0.09116666666666669,0.0
sun3d-hotel_uc-scan3,25,48,-0.03124999999999985,0.05833333333333335,0.0
sun3d-hotel_uc-scan3,25,49,0.04036458333333315,0.08866666666666663,0.0
sun3d-hotel_uc-scan3,25,51,-0.005208333333333297,0.02833333333333332,0.0
sun3d-hotel_uc-scan3,25,52,-0.061197916666666484,0.04049999999999998,0.0
sun3d-hotel_uc-scan3,26,27,0.0,0.06016666666666667,0.0
sun3d-hotel_uc-scan3,26,28,0.0013020833333333333,0.09399999999999997,0.0
sun3d-hotel_uc-scan3,27,28,0.00390625,0.08166666666666667,0.0
sun3d-hotel_uc-scan3,27,29,0.005208333333333259,0.1206666666666667,0.0
sun3d-hotel_uc-scan3,28,29,-0.005208333333333297,0.10350000000000004,0.0
sun3d-hotel_uc-scan3,29,30,-0.019531249999999955,0.005666666666666668,0.0
sun3d-hotel_uc-scan3,31,32,0.011718749999999925,0.09049999999999998,0.0
sun3d-hotel_uc-scan3,31,33,0.011718749999999925,0.11033333333333335,0.0
sun3d-hotel_uc-scan3,31,47,0.05078124999999978,0.20533333333333337,0.0
sun3d-hotel_uc-scan3,31,48,0.03124999999999989,0.1383333333333333,0.0
sun3d-hotel_uc-scan3,31,52,0.01692708333333326,0.153,0.0
sun3d-hotel_uc-scan3,31,53,0.011718749999999925,0.08433333333333333,0.0
sun3d-hotel_uc-scan3,32,33,-0.0013020833333333333,0.06300000000000001,0.0
sun3d-hotel_uc-scan3,32,47,0.02083333333333322,0.11916666666666668,0.0
sun3d-hotel_uc-scan3,32,48,0.0,0.07966666666666666,0.0
sun3d-hotel_uc-scan3,32,52,0.024739583333333186,0.118,0.0
sun3d-hotel_uc-scan3,32,53,0.04036458333333318,0.07533333333333335,0.0
sun3d-hotel_uc-scan3,33,34,-0.0013020833333332964,0.04516666666666667,0.0
sun3d-hotel_uc-scan3,33,47,0.03776041666666644,0.17099999999999996,0.0
sun3d-hotel_uc-scan3,33,48,0.01302083333333326,0.1025,0.0
sun3d-hotel_uc-scan3,33,52,0.03776041666666644,0.14700000000000002,0.0
sun3d-hotel_uc-scan3,33,53,0.1757812499999993,0.18500000000000003,0.0
sun3d-hotel_uc-scan3,34,35,-0.005208333333333297,0.022500000000000037,0.0
sun3d-hotel_uc-scan3,34,46,0.00390625,0.10649999999999997,0.0
sun3d-hotel_uc-scan3,34,47,0.08072916666666637,0.12916666666666668,0.0
sun3d-hotel_uc-scan3,34,53,0.010416666666666593,0.10883333333333338,0.0
sun3d-hotel_uc-scan3,34,54,0.009114583333333296,0.113,0.0
sun3d-hotel_uc-scan3,35,54,0.02343749999999985,0.129,0.0
sun3d-hotel_uc-scan3,37,38,-0.0013020833333334074,0.06033333333333335,0.0
sun3d-hotel_uc-scan3,37,39,0.02604166666666659,0.09166666666666667,0.0
sun3d-hotel_uc-scan3,37,40,0.013020833333333296,0.05766666666666668,0.0
sun3d-hotel_uc-scan3,37,41,-0.009114583333333296,0.045166666666666654,0.0
sun3d-hotel_uc-scan3,38,39,0.010416666666666666,0.07483333333333331,0.0
sun3d-hotel_uc-scan3,38,40,0.05208333333333315,0.07316666666666671,0.0
sun3d-hotel_uc-scan3,38,41,0.019531249999999927,0.07333333333333332,0.0
sun3d-hotel_uc-scan3,39,40,-0.01171875,0.04333333333333337,0.0
sun3d-hotel_uc-scan3,39,41,0.01822916666666659,0.0581666666666667,0.0
sun3d-hotel_uc-scan3,39,42,0.003906249999999963,0.0716666666666667,0.0
sun3d-hotel_uc-scan3,39,43,-0.01171875,0.05933333333333335,0.0
sun3d-hotel_uc-scan3,40,41,0.011718749999999925,0.043000000000000003,0.0
sun3d-hotel_uc-scan3,40,42,0.00911458333333326,0.0655,0.0
sun3d-hotel_uc-scan3,41,42,0.014322916666666666,0.04666666666666667,0.0
sun3d-hotel_uc-scan3,41,43,-0.011718749999999964,0.044499999999999984,0.0
sun3d-hotel_uc-scan3,42,43,0.009114583333333334,0.04466666666666667,0.0
sun3d-hotel_uc-scan3,42,44,0.02994791666666652,0.05233333333333331,0.0
sun3d-hotel_uc-scan3,43,44,0.0026041666666666665,0.04566666666666667,0.0
sun3d-hotel_uc-scan3,43,45,-0.006510416666666592,0.052166666666666694,0.0
sun3d-hotel_uc-scan3,43,54,0.0013020833333332593,0.08166666666666667,0.0
sun3d-hotel_uc-scan3,44,45,0.00390625,0.058166666666666665,0.0
sun3d-hotel_uc-scan3,44,54,0.02213541666666652,0.09066666666666671,0.0
sun3d-hotel_uc-scan3,45,54,-0.005208333333333333,0.07999999999999996,0.0
sun3d-hotel_uc-scan3,46,47,0.08593749999999971,0.13499999999999998,0.0
sun3d-hotel_uc-scan3,46,52,0.04427083333333315,0.10733333333333335,0.0
sun3d-hotel_uc-scan3,46,53,0.0026041666666666665,0.07116666666666664,0.0
sun3d-hotel_uc-scan3,46,54,0.014322916666666666,0.04966666666666671,0.0
sun3d-hotel_uc-scan3,47,48,0.02604166666666652,0.08900000000000001,0.0
sun3d-hotel_uc-scan3,47,52,0.0013020833333333333,0.06950000000000005,0.0
sun3d-hotel_uc-scan3,47,53,0.05859374999999974,0.1011666666666667,0.0
sun3d-hotel_uc-scan3,48,49,0.002604166666666593,0.06633333333333331,0.0
sun3d-hotel_uc-scan3,48,51,0.0026041666666666665,0.0688333333333333,0.0
sun3d-hotel_uc-scan3,48,52,0.0026041666666666665,0.04199999999999996,0.0
sun3d-hotel_uc-scan3,48,53,-0.015624999999999964,-0.012333333333333326,0.0
sun3d-hotel_uc-scan3,49,50,0.0013020833333333333,0.06750000000000005,0.0
sun3d-hotel_uc-scan3,49,51,0.005208333333333333,0.043166666666666687,0.0
sun3d-hotel_uc-scan3,50,51,-0.0026041666666666665,0.05199999999999997,0.0
sun3d-hotel_uc-scan3,52,53,0.02864583333333326,0.06766666666666667,0.0
sun3d-hotel_uc-scan3,53,54,-0.007812499999999852,0.08150000000000002,0.0
sun3d-hotel_umd-maryland_hotel1,0,1,-0.0026041666666666665,0.06266666666666669,0.0
sun3d-hotel_umd-maryland_hotel1,0,14,-0.005208333333333333,0.05716666666666662,0.0
sun3d-hotel_umd-maryland_hotel1,0,24,0.015625,0.07483333333333335,0.0
sun3d-hotel_umd-maryland_hotel1,0,25,0.0013020833333333333,0.07649999999999997,0.0
sun3d-hotel_umd-maryland_hotel1,0,26,0.005208333333333333,0.09133333333333334,0.0
sun3d-hotel_umd-maryland_hotel1,1,2,-0.005208333333333408,0.05249999999999999,0.0
sun3d-hotel_umd-maryland_hotel1,1,14,-0.0026041666666666665,0.0683333333333334,0.0
sun3d-hotel_umd-maryland_hotel1,1,15,0.0078125,0.057999999999999975,0.0
sun3d-hotel_umd-maryland_hotel1,1,16,-0.007812499999999926,0.07950000000000002,0.0
sun3d-hotel_umd-maryland_hotel1,1,23,0.02343749999999985,0.08083333333333335,0.0
sun3d-hotel_umd-maryland_hotel1,1,24,0.03645833333333304,0.08416666666666661,0.0
sun3d-hotel_umd-maryland_hotel1,1,25,0.0013020833333333333,0.07800000000000003,0.0
sun3d-hotel_umd-maryland_hotel1,2,15,-0.0078125,0.05133333333333338,0.0
sun3d-hotel_umd-maryland_hotel1,2,16,0.014322916666666593,0.0806666666666667,0.0
sun3d-hotel_umd-maryland_hotel1,2,23,0.006510416666666667,0.07849999999999997,0.0
sun3d-hotel_umd-maryland_hotel1,3,4,0.0013020833333333333,0.04633333333333337,0.0
sun3d-hotel_umd-maryland_hotel1,3,12,0.0026041666666666665,0.05683333333333329,0.0
sun3d-hotel_umd-maryland_hotel1,3,16,0.01953124999999989,0.041,0.0
sun3d-hotel_umd-maryland_hotel1,3,17,0.013020833333333185,0.04250000000000002,0.0
sun3d-hotel_umd-maryland_hotel1,4,17,0.006510416666666592,0.06866666666666665,0.0
sun3d-hotel_umd-maryland_hotel1,5,6,-0.009114583333333185,0.04466666666666667,0.0
sun3d-hotel_umd-maryland_hotel1,5,11,-0.041666666666666484,0.08066666666666666,0.0
sun3d-hotel_umd-maryland_hotel1,5,13,0.027343749999999705,0.1065,0.0
sun3d-hotel_umd-maryland_hotel1,5,17,0.0013020833333333333,0.05566666666666664,0.0
sun3d-hotel_umd-maryland_hotel1,5,18,0.0078125,0.07016666666666664,0.0
sun3d-hotel_umd-maryland_hotel1,5,22,0.005208333333333333,0.07216666666666664,0.0
sun3d-hotel_umd-maryland_hotel1,5,32,0.08463541666666641,0.1506666666666667,0.0
sun3d-hotel_umd-maryland_hotel1,6,18,-0.0013020833333333333,0.06599999999999999,0.0
sun3d-hotel_umd-maryland_hotel1,7,8,0.12890624999999953,0.18416666666666667,0.0
sun3d-hotel_umd-maryland_hotel1,7,19,0.009114583333333296,0.12950000000000003,0.0
sun3d-hotel_umd-maryland_hotel1,8,9,0.0013020833333333333,0.05733333333333335,0.0
sun3d-hotel_umd-maryland_hotel1,9,10,-0.0013020833333333333,0.08350000000000002,0.0
sun3d-hotel_umd-maryland_hotel1,9,25,0.014322916666666593,0.10266666666666673,0.0
sun3d-hotel_umd-maryland_hotel1,9,26,0.007812499999999926,0.09483333333333333,0.0
sun3d-hotel_umd-maryland_hotel1,10,26,0.042968749999999924,0.13799999999999998,0.0
sun3d-hotel_umd-maryland_hotel1,10,29,0.16145833333333268,0.125,0.0
sun3d-hotel_umd-maryland_hotel1,11,13,0.005208333333333259,0.05866666666666668,0.0
sun3d-hotel_umd-maryland_hotel1,12,16,0.011718749999999964,0.03633333333333336,0.0
sun3d-hotel_umd-maryland_hotel1,12,17,0.049479166666666484,0.08366666666666671,0.0
sun3d-hotel_umd-maryland_hotel1,13,18,0.02994791666666652,0.13199999999999998,0.0
sun3d-hotel_umd-maryland_hotel1,13,22,0.03515624999999981,0.17600000000000002,0.0
sun3d-hotel_umd-maryland_hotel1,13,27,-0.010416666666666583,0.029333333333333336,0.0
sun3d-hotel_umd-maryland_hotel1,13,29,0.15624999999999936,0.14733333333333332,0.3333333333333333
sun3d-hotel_umd-maryland_hotel1,13,32,0.16536458333333268,0.23633333333333337,0.3333333333333333
sun3d-hotel_umd-maryland_hotel1,14,15,0.005208333333333259,0.08533333333333333,0.0
sun3d-hotel_umd-maryland_hotel1,14,23,-0.003906249999999926,0.10266666666666668,0.0
sun3d-hotel_umd-maryland_hotel1,14,24,0.003906249999999926,0.06949999999999996,0.0
sun3d-hotel_umd-maryland_hotel1,14,25,-0.0013020833333334074,0.072,0.0
sun3d-hotel_umd-maryland_hotel1,14,26,0.0013020833333332964,0.09466666666666664,0.0
sun3d-hotel_umd-maryland_hotel1,15,16,-0.0026041666666666665,0.05416666666666673,0.0
sun3d-hotel_umd-maryland_hotel1,15,23,0.016927083333333332,0.09249999999999999,0.0
sun3d-hotel_umd-maryland_hotel1,16,17,0.02604166666666659,0.03216666666666671,0.0
sun3d-hotel_umd-maryland_hotel1,16,23,0.046874999999999854,0.12666666666666668,0.0
sun3d-hotel_umd-maryland_hotel1,18,22,-0.010416666666666666,0.02616666666666667,0.0
sun3d-hotel_umd-maryland_hotel1,19,21,-0.0013020833333333333,0.08333333333333333,0.0
sun3d-hotel_umd-maryland_hotel1,19,31,-0.12890624999999953,-0.024833333333333336,-0.3333333333333333
sun3d-hotel_umd-maryland_hotel1,20,21,0.015625,0.10200000000000002,0.0
sun3d-hotel_umd-maryland_hotel1,20,30,0.009114583333333334,0.09166666666666667,0.0
sun3d-hotel_umd-maryland_hotel1,20,31,-0.003906249999999963,0.09499999999999997,0.3333333333333333
sun3d-hotel_umd-maryland_hotel1,21,30,-0.04296874999999981,0.07549999999999997,0.0
sun3d-hotel_umd-maryland_hotel1,21,31,-0.06119791666666641,0.0316666666666667,-0.3333333333333333
sun3d-hotel_umd-maryland_hotel1,24,25,0.0013020833333333333,0.04250000000000002,0.0
sun3d-hotel_umd-maryland_hotel1,24,26,0.003906249999999926,0.06499999999999999,0.0
sun3d-hotel_umd-maryland_hotel1,25,26,0.009114583333333334,0.048833333333333284,0.0
sun3d-hotel_umd-maryland_hotel1,25,29,0.023437499999999927,0.11433333333333336,0.0
sun3d-hotel_umd-maryland_hotel1,26,29,0.015625,0.1136666666666667,0.0
sun3d-hotel_umd-maryland_hotel1,27,28,0.014322916666666666,0.06533333333333331,0.0
sun3d-hotel_umd-maryland_hotel1,27,29,0.019531249999999705,0.084,0.0
sun3d-hotel_umd-maryland_hotel1,27,32,0.02213541666666659,0.09400000000000001,0.0
sun3d-hotel_umd-maryland_hotel1,28,29,0.01822916666666659,0.079,0.0
sun3d-hotel_umd-maryland_hotel1,28,32,0.03515624999999978,0.11800000000000004,0.0
sun3d-hotel_umd-maryland_hotel1,29,32,0.04687499999999981,0.11583333333333339,0.0
sun3d-hotel_umd-maryland_hotel1,30,31,0.014322916666666666,0.121,0.0
sun3d-hotel_umd-maryland_hotel1,33,35,0.00390625,0.04733333333333334,0.0
sun3d-hotel_umd-maryland_hotel1,36,37,0.0013020833333333333,0.082,0.0
sun3d-hotel_umd-maryland_hotel1,38,39,-0.00390625,0.08333333333333333,0.0
sun3d-hotel_umd-maryland_hotel1,38,40,-0.010416666666666666,0.08900000000000004,0.0
sun3d-hotel_umd-maryland_hotel1,38,41,0.011718749999999925,0.10066666666666668,0.0
sun3d-hotel_umd-maryland_hotel1,38,56,0.003906249999999852,0.12033333333333329,0.0
sun3d-hotel_umd-maryland_hotel1,39,40,0.0013020833333333333,0.05183333333333336,0.0
sun3d-hotel_umd-maryland_hotel1,39,41,0.02083333333333326,0.11899999999999995,0.0
sun3d-hotel_umd-maryland_hotel1,39,56,-0.00390625,0.07916666666666668,0.0
sun3d-hotel_umd-maryland_hotel1,40,56,-0.005208333333333259,0.08733333333333333,0.0
sun3d-hotel_umd-maryland_hotel1,41,56,-0.013020833333333296,0.12883333333333336,0.0
sun3d-hotel_umd-maryland_hotel1,42,43,0.02473958333333326,0.09999999999999998,0.0
sun3d-hotel_umd-maryland_hotel1,43,44,0.010416666666666666,0.09983333333333337,0.0
sun3d-hotel_umd-maryland_hotel1,44,48,0.016927083333333297,0.10383333333333333,0.0
sun3d-hotel_umd-maryland_hotel1,45,47,0.02994791666666652,0.08350000000000002,0.0
sun3d-hotel_umd-maryland_hotel1,46,47,0.013020833333333278,0.12966666666666662,0.0
sun3d-hotel_umd-maryland_hotel1,46,56,0.01822916666666663,0.1575,0.0
sun3d-hotel_umd-maryland_hotel1,49,50,0.08723958333333297,0.17133333333333334,0.0
sun3d-hotel_umd-maryland_hotel1,49,51,0.01302083333333326,0.11833333333333333,0.0
sun3d-hotel_umd-maryland_hotel1,49,52,0.01302083333333326,0.13683333333333333,0.0
sun3d-hotel_umd-maryland_hotel1,49,53,0.02213541666666659,0.061500000000000034,0.0
sun3d-hotel_umd-maryland_hotel1,49,55,-0.015624999999999964,0.0706666666666667,0.0
sun3d-hotel_umd-maryland_hotel1,50,51,0.032552083333333225,0.1145,0.0
sun3d-hotel_umd-maryland_hotel1,50,52,-0.07552083333333305,0.0031666666666666696,0.0
sun3d-hotel_umd-maryland_hotel1,50,53,0.024739583333333186,0.13133333333333333,0.0
sun3d-hotel_umd-maryland_hotel1,50,54,0.1002604166666663,0.23116666666666666,0.0
sun3d-hotel_umd-maryland_hotel1,51,52,0.019531249999999962,0.12050000000000005,0.0
sun3d-hotel_umd-maryland_hotel1,51,53,0.14453124999999942,0.1775,0.0
sun3d-hotel_umd-maryland_hotel1,51,54,0.041666666666666484,0.15166666666666664,0.0
sun3d-hotel_umd-maryland_hotel1,53,54,0.009114583333333296,0.13133333333333339,0.0
sun3d-hotel_umd-maryland_hotel1,53,55,0.0026041666666666665,0.1135,0.0
sun3d-hotel_umd-maryland_hotel3,0,1,0.002604166666666593,0.05883333333333333,0.0
sun3d-hotel_umd-maryland_hotel3,0,12,-0.01822916666666663,0.09500000000000001,0.0
sun3d-hotel_umd-maryland_hotel3,2,3,0.009114583333333334,0.054333333333333345,0.0
sun3d-hotel_umd-maryland_hotel3,3,4,0.015624999999999925,0.04649999999999995,0.0
sun3d-hotel_umd-maryland_hotel3,4,5,0.01822916666666652,0.04883333333333332,0.0
sun3d-hotel_umd-maryland_hotel3,5,6,-0.0026041666666666665,0.041833333333333354,0.0
sun3d-hotel_umd-maryland_hotel3,6,7,0.0078125,0.05283333333333332,0.0
sun3d-hotel_umd-maryland_hotel3,7,8,0.02083333333333322,0.06566666666666669,0.0
sun3d-hotel_umd-maryland_hotel3,8,9,0.007812499999999926,0.02516666666666667,0.0
sun3d-hotel_umd-maryland_hotel3,8,10,-0.01822916666666652,0.04800000000000001,0.0
sun3d-hotel_umd-maryland_hotel3,8,15,0.0,0.0595,0.0
sun3d-hotel_umd-maryland_hotel3,8,16,0.01302083333333326,0.11666666666666665,0.0
sun3d-hotel_umd-maryland_hotel3,10,14,0.02473958333333326,0.08799999999999997,0.0
sun3d-hotel_umd-maryland_hotel3,10,15,0.0,0.0655,0.0
sun3d-hotel_umd-maryland_hotel3,10,16,0.016927083333333186,0.09616666666666666,0.0
sun3d-hotel_umd-maryland_hotel3,11,12,0.0013020833333333333,0.08333333333333337,0.0
sun3d-hotel_umd-maryland_hotel3,11,13,0.0013020833333333333,0.07583333333333335,0.0
sun3d-hotel_umd-maryland_hotel3,12,13,-0.0026041666666666665,0.054666666666666676,0.0
sun3d-hotel_umd-maryland_hotel3,14,15,0.02994791666666648,0.07316666666666667,0.0
sun3d-hotel_umd-maryland_hotel3,15,16,0.0,0.05900000000000002,0.0
sun3d-hotel_umd-maryland_hotel3,16,17,-0.0026041666666666665,0.10166666666666664,0.0
sun3d-hotel_umd-maryland_hotel3,17,18,0.02994791666666652,0.12516666666666668,0.0
sun3d-hotel_umd-maryland_hotel3,17,19,0.0026041666666666665,0.1381666666666667,0.0
sun3d-hotel_umd-maryland_hotel3,18,19,0.003906250000000074,0.12716666666666665,0.0
sun3d-hotel_umd-maryland_hotel3,19,20,0.026041666666666557,0.12849999999999995,0.0
sun3d-hotel_umd-maryland_hotel3,20,21,0.091145833333333,0.14183333333333334,0.0
sun3d-hotel_umd-maryland_hotel3,21,22,0.0026041666666666665,0.06283333333333334,0.0
sun3d-hotel_umd-maryland_hotel3,21,28,0.00390625,0.08683333333333336,0.0
sun3d-hotel_umd-maryland_hotel3,22,23,0.005208333333333333,0.06883333333333337,0.0
sun3d-hotel_umd-maryland_hotel3,22,29,0.003906249999999926,0.09999999999999998,0.0
sun3d-hotel_umd-maryland_hotel3,23,28,0.011718749999999925,0.07516666666666667,0.0
sun3d-hotel_umd-maryland_hotel3,23,29,0.02343749999999985,0.10916666666666663,0.0
sun3d-hotel_umd-maryland_hotel3,23,30,0.11067708333333288,0.20233333333333334,0.0
sun3d-hotel_umd-maryland_hotel3,24,27,-0.0013020833333333333,0.08600000000000003,0.0
sun3d-hotel_umd-maryland_hotel3,24,28,0.023437499999999927,0.08900000000000004,0.0
sun3d-hotel_umd-maryland_hotel3,25,27,0.04817708333333317,0.04633333333333334,0.0
sun3d-hotel_umd-maryland_hotel3,26,27,0.08072916666666634,0.027499999999999997,0.0
sun3d-hotel_umd-maryland_hotel3,28,29,-0.00390625,0.08283333333333336,0.0
sun3d-hotel_umd-maryland_hotel3,28,30,0.01953124999999985,0.12683333333333338,0.0
sun3d-hotel_umd-maryland_hotel3,29,30,0.01822916666666652,0.13983333333333334,0.0
sun3d-hotel_umd-maryland_hotel3,30,31,0.020833333333333332,0.09033333333333333,0.0
sun3d-hotel_umd-maryland_hotel3,31,32,0.02213541666666663,0.17516666666666666,0.0
sun3d-hotel_umd-maryland_hotel3,31,33,0.07942708333333304,0.146,0.0
sun3d-hotel_umd-maryland_hotel3,31,34,0.05468749999999978,0.09733333333333334,0.0
sun3d-hotel_umd-maryland_hotel3,32,33,0.1419270833333328,0.24350000000000002,0.0
sun3d-hotel_umd-maryland_hotel3,32,34,0.07552083333333305,0.09833333333333334,0.0
sun3d-hotel_umd-maryland_hotel3,32,35,0.1158854166666662,0.09049999999999998,0.6666666666666666
sun3d-hotel_umd-maryland_hotel3,32,36,-0.0039062499999999722,0.05566666666666667,0.0
sun3d-hotel_umd-maryland_hotel3,33,34,0.02213541666666659,0.10749999999999997,0.0
sun3d-hotel_umd-maryland_hotel3,33,35,-0.006510416666666667,0.11683333333333333,0.0
sun3d-hotel_umd-maryland_hotel3,33,36,0.10416666666666623,0.19633333333333333,0.0
sun3d-hotel_umd-maryland_hotel3,34,35,-0.028645833333333297,0.06683333333333334,0.0
sun3d-hotel_umd-maryland_hotel3,34,36,0.10286458333333293,0.18300000000000002,0.0
sun3d-hotel_umd-maryland_hotel3,35,36,0.03645833333333318,0.18416666666666667,0.0
sun3d-mit_76_studyroom-76-1studyroom2,0,1,-0.01822916666666652,0.06466666666666672,0.0
sun3d-mit_76_studyroom-76-1studyroom2,0,2,0.0026041666666666665,0.06266666666666665,0.0
sun3d-mit_76_studyroom-76-1studyroom2,0,5,0.019531249999999927,0.054500000000000014,-0.6666666666666666
sun3d-mit_76_studyroom-76-1studyroom2,0,6,0.00911458333333326,0.08149999999999998,0.0
sun3d-mit_76_studyroom-76-1studyroom2,0,7,0.0026041666666666297,0.07950000000000002,0.0
sun3d-mit_76_studyroom-76-1studyroom2,0,34,0.0013020833333333333,0.1135,0.0
sun3d-mit_76_studyroom-76-1studyroom2,0,35,-0.011718749999999853,0.085,0.0
sun3d-mit_76_studyroom-76-1studyroom2,0,36,-0.013020833333333296,0.08350000000000002,0.0
sun3d-mit_76_studyroom-76-1studyroom2,0,37,-0.0885416666666663,0.02183333333333337,0.0
sun3d-mit_76_studyroom-76-1studyroom2,0,38,-0.035156249999999854,0.14700000000000002,0.0
sun3d-mit_76_studyroom-76-1studyroom2,0,45,0.01302083333333326,0.09366666666666663,0.0
sun3d-mit_76_studyroom-76-1studyroom2,0,46,0.0078125,0.06633333333333331,0.0
sun3d-mit_76_studyroom-76-1studyroom2,0,47,0.041666666666666484,0.07516666666666665,0.0
sun3d-mit_76_studyroom-76-1studyroom2,0,48,0.006510416666666592,0.030666666666666658,0.0
sun3d-mit_76_studyroom-76-1studyroom2,0,49,0.019531249999999962,0.08666666666666667,0.0
sun3d-mit_76_studyroom-76-1studyroom2,1,2,0.010416666666666593,0.06999999999999995,0.0
sun3d-mit_76_studyroom-76-1studyroom2,1,3,0.02343749999999989,0.09099999999999997,0.0
sun3d-mit_76_studyroom-76-1studyroom2,1,5,0.039062499999999854,0.13216666666666674,0.0
sun3d-mit_76_studyroom-76-1studyroom2,1,6,0.031249999999999962,0.1095,0.0
sun3d-mit_76_studyroom-76-1studyroom2,1,7,0.037760416666666484,0.09833333333333331,0.0
sun3d-mit_76_studyroom-76-1studyroom2,1,34,-0.010416666666666666,0.09733333333333331,0.0
sun3d-mit_76_studyroom-76-1studyroom2,1,35,-0.02864583333333311,0.074,0.0
sun3d-mit_76_studyroom-76-1studyroom2,1,36,0.03385416666666652,0.09900000000000002,0.0
sun3d-mit_76_studyroom-76-1studyroom2,1,37,-0.174479166666666,-0.048166666666666656,0.0
sun3d-mit_76_studyroom-76-1studyroom2,1,38,0.003906250000000037,0.12650000000000003,0.0
sun3d-mit_76_studyroom-76-1studyroom2,1,45,-0.039062499999999854,0.07900000000000003,0.0
sun3d-mit_76_studyroom-76-1studyroom2,1,46,0.040364583333333225,0.07116666666666667,0.0
sun3d-mit_76_studyroom-76-1studyroom2,1,47,0.01692708333333326,0.07583333333333335,0.0
sun3d-mit_76_studyroom-76-1studyroom2,1,48,0.010416666666666593,0.08250000000000006,0.0
sun3d-mit_76_studyroom-76-1studyroom2,1,49,0.028645833333333186,0.09000000000000001,0.0
sun3d-mit_76_studyroom-76-1studyroom2,2,3,0.0078125,0.07283333333333335,0.0
sun3d-mit_76_studyroom-76-1studyroom2,2,5,-0.009114583333333334,0.082,0.0
sun3d-mit_76_studyroom-76-1studyroom2,2,6,-0.013020833333333334,0.06216666666666663,0.0
sun3d-mit_76_studyroom-76-1studyroom2,2,7,0.015624999999999925,0.08833333333333333,0.0
sun3d-mit_76_studyroom-76-1studyroom2,2,8,-0.04427083333333315,0.08150000000000002,0.0
sun3d-mit_76_studyroom-76-1studyroom2,2,35,0.028645833333333186,0.10583333333333333,0.0
sun3d-mit_76_studyroom-76-1studyroom2,2,36,0.009114583333333334,0.10483333333333329,0.0
sun3d-mit_76_studyroom-76-1studyroom2,2,37,-0.010416666666666704,0.08750000000000006,0.0
sun3d-mit_76_studyroom-76-1studyroom2,2,38,-0.09374999999999956,0.016000000000000014,0.0
sun3d-mit_76_studyroom-76-1studyroom2,2,45,-0.05338541666666641,0.0336666666666667,0.0
sun3d-mit_76_studyroom-76-1studyroom2,2,46,0.007812499999999926,0.05300000000000001,0.0
sun3d-mit_76_studyroom-76-1studyroom2,2,47,0.019531249999999927,0.0746666666666667,0.0
sun3d-mit_76_studyroom-76-1studyroom2,2,48,0.0013020833333333333,0.06700000000000002,0.0
sun3d-mit_76_studyroom-76-1studyroom2,2,49,-0.00390625,0.08516666666666668,0.0
sun3d-mit_76_studyroom-76-1studyroom2,3,4,0.29036458333333215,0.15883333333333335,0.0
sun3d-mit_76_studyroom-76-1studyroom2,3,5,-0.01171875,0.0773333333333333,0.0
sun3d-mit_76_studyroom-76-1studyroom2,3,6,-0.04817708333333315,0.0793333333333333,0.0
sun3d-mit_76_studyroom-76-1studyroom2,3,7,-0.12239583333333286,0.07183333333333335,0.0
sun3d-mit_76_studyroom-76-1studyroom2,3,38,-0.05729166666666641,0.01883333333333333,0.0
sun3d-mit_76_studyroom-76-1studyroom2,3,39,0.14062499999999942,0.09116666666666669,0.3333333333333333
sun3d-mit_76_studyroom-76-1studyroom2,3,43,-0.06380208333333308,0.008000000000000007,-0.3333333333333333
sun3d-mit_76_studyroom-76-1studyroom2,3,45,-0.07161458333333308,0.03149999999999997,0.0
sun3d-mit_76_studyroom-76-1studyroom2,3,46,-0.015625,0.05049999999999999,0.0
sun3d-mit_76_studyroom-76-1studyroom2,3,47,0.02473958333333326,0.06999999999999999,0.0
sun3d-mit_76_studyroom-76-1studyroom2,3,48,0.019531249999999962,0.08716666666666668,0.0
sun3d-mit_76_studyroom-76-1studyroom2,4,5,0.035156249999999854,0.05200000000000001,0.0
sun3d-mit_76_studyroom-76-1studyroom2,4,39,0.12890624999999947,0.07216666666666667,0.3333333333333333
sun3d-mit_76_studyroom-76-1studyroom2,4,40,0.01302083333333326,0.05749999999999996,0.0
sun3d-mit_76_studyroom-76-1studyroom2,4,41,0.009114583333333334,0.07483333333333335,0.0
sun3d-mit_76_studyroom-76-1studyroom2,4,42,0.005208333333333333,0.07216666666666667,0.0
sun3d-mit_76_studyroom-76-1studyroom2,4,43,0.04557291666666655,0.08033333333333337,0.0
sun3d-mit_76_studyroom-76-1studyroom2,4,45,0.0,0.0,0.0
sun3d-mit_76_studyroom-76-1studyroom2,4,46,0.005208333333333266,0.0018333333333333333,0.0
sun3d-mit_76_studyroom-76-1studyroom2,4,47,0.0013020833333332999,0.0003333333333333333,0.0
sun3d-mit_76_studyroom-76-1studyroom2,4,48,-0.0026041666666666665,0.003500000000000001,0.0
sun3d-mit_76_studyroom-76-1studyroom2,5,6,-0.0078125,0.0635,0.0
sun3d-mit_76_studyroom-76-1studyroom2,5,7,-0.05338541666666644,0.09816666666666667,0.0
sun3d-mit_76_studyroom-76-1studyroom2,5,38,0.087239583333333,0.19233333333333327,0.0
sun3d-mit_76_studyroom-76-1studyroom2,5,39,0.18619791666666596,0.12716666666666665,0.3333333333333333
sun3d-mit_76_studyroom-76-1studyroom2,5,43,-0.04947916666666646,-0.05233333333333334,-0.3333333333333333
sun3d-mit_76_studyroom-76-1studyroom2,5,45,0.04296874999999989,0.1325,0.0
sun3d-mit_76_studyroom-76-1studyroom2,5,46,0.05729166666666641,0.1135,0.0
sun3d-mit_76_studyroom-76-1studyroom2,5,47,0.02734374999999985,0.08366666666666667,0.0
sun3d-mit_76_studyroom-76-1studyroom2,5,48,0.010416666666666666,0.08383333333333332,0.0
sun3d-mit_76_studyroom-76-1studyroom2,5,49,0.01302083333333326,0.10666666666666669,0.0
sun3d-mit_76_studyroom-76-1studyroom2,6,7,0.01692708333333326,0.09300000000000001,0.0
sun3d-mit_76_studyroom-76-1studyroom2,6,35,0.00651041666666663,0.09600000000000002,0.0
sun3d-mit_76_studyroom-76-1studyroom2,6,36,-0.0013020833333332964,0.10100000000000002,0.0
sun3d-mit_76_studyroom-76-1studyroom2,6,37,-0.02343749999999989,0.09683333333333337,0.0
sun3d-mit_76_studyroom-76-1studyroom2,6,38,0.010416666666666666,0.11700000000000003,0.0
sun3d-mit_76_studyroom-76-1studyroom2,6,39,-0.016927083333333235,-0.019666666666666673,0.0
sun3d-mit_76_studyroom-76-1studyroom2,6,44,-0.12239583333333291,-0.06416666666666665,-0.6666666666666666
sun3d-mit_76_studyroom-76-1studyroom2,6,45,0.06901041666666637,0.13883333333333334,0.0
sun3d-mit_76_studyroom-76-1studyroom2,6,46,0.02213541666666659,0.09433333333333334,0.0
sun3d-mit_76_studyroom-76-1studyroom2,6,47,0.01171875,0.10000000000000002,0.0
sun3d-mit_76_studyroom-76-1studyroom2,6,48,0.0,0.06416666666666664,0.0
sun3d-mit_76_studyroom-76-1studyroom2,6,49,-0.006510416666666592,0.08433333333333333,0.0
sun3d-mit_76_studyroom-76-1studyroom2,7,37,0.02734374999999985,0.1075,0.0
sun3d-mit_76_studyroom-76-1studyroom2,7,38,-2.220446049250313e-16,0.08600000000000003,0.0
sun3d-mit_76_studyroom-76-1studyroom2,7,39,0.02473958333333326,0.044500000000000005,0.0
sun3d-mit_76_studyroom-76-1studyroom2,7,44,0.022135416666666574,0.04933333333333336,0.3333333333333333
sun3d-mit_76_studyroom-76-1studyroom2,7,45,0.07421874999999967,0.12316666666666665,0.0
sun3d-mit_76_studyroom-76-1studyroom2,7,46,0.013020833333333185,0.08083333333333331,0.0
sun3d-mit_76_studyroom-76-1studyroom2,7,47,0.01302083333333326,0.09366666666666668,0.0
sun3d-mit_76_studyroom-76-1studyroom2,7,48,-0.0013020833333333333,0.06533333333333331,0.0
sun3d-mit_76_studyroom-76-1studyroom2,7,49,0.01953124999999985,0.08749999999999998,0.0
sun3d-mit_76_studyroom-76-1studyroom2,8,37,0.02473958333333322,0.04783333333333336,0.0
sun3d-mit_76_studyroom-76-1studyroom2,8,38,0.015624999999999889,0.06133333333333335,0.0
sun3d-mit_76_studyroom-76-1studyroom2,8,39,0.06901041666666641,0.11499999999999998,0.0
sun3d-mit_76_studyroom-76-1studyroom2,8,44,0.022135416666666557,0.08316666666666668,0.0
sun3d-mit_76_studyroom-76-1studyroom2,8,45,0.024739583333333332,0.06616666666666667,0.0
sun3d-mit_76_studyroom-76-1studyroom2,8,46,0.06510416666666656,0.07783333333333335,0.0
sun3d-mit_76_studyroom-76-1studyroom2,8,47,0.023437499999999927,0.062499999999999965,0.0
sun3d-mit_76_studyroom-76-1studyroom2,8,48,-0.041666666666666484,0.06299999999999999,0.0
sun3d-mit_76_studyroom-76-1studyroom2,8,49,0.0013020833333333333,0.08133333333333333,0.0
sun3d-mit_76_studyroom-76-1studyroom2,8,50,0.010416666666666593,0.04983333333333332,0.0
sun3d-mit_76_studyroom-76-1studyroom2,8,51,-0.007812499999999963,0.06983333333333337,0.0
sun3d-mit_76_studyroom-76-1studyroom2,9,10,0.09635416666666634,0.10650000000000004,0.0
sun3d-mit_76_studyroom-76-1studyroom2,9,51,0.05078124999999967,0.08616666666666666,0.0
sun3d-mit_76_studyroom-76-1studyroom2,9,52,0.019531249999999927,0.05383333333333329,0.0
sun3d-mit_76_studyroom-76-1studyroom2,9,53,0.10937499999999951,0.13433333333333333,0.0
sun3d-mit_76_studyroom-76-1studyroom2,10,11,0.006510416666666667,0.02999999999999999,0.0
sun3d-mit_76_studyroom-76-1studyroom2,10,51,0.14843749999999947,0.19916666666666671,0.0
sun3d-mit_76_studyroom-76-1studyroom2,10,52,0.014322916666666666,0.02200000000000002,0.0
sun3d-mit_76_studyroom-76-1studyroom2,10,53,0.0,0.014333333333333309,0.0
sun3d-mit_76_studyroom-76-1studyroom2,10,54,-0.005208333333333333,0.028500000000000008,0.0
sun3d-mit_76_studyroom-76-1studyroom2,11,12,-0.010416666666666666,0.02200000000000002,0.0
sun3d-mit_76_studyroom-76-1studyroom2,11,52,0.006510416666666667,0.03433333333333329,0.0
sun3d-mit_76_studyroom-76-1studyroom2,11,53,-0.00390625,0.055499999999999994,0.0
sun3d-mit_76_studyroom-76-1studyroom2,11,54,-0.02213541666666652,0.0205,0.0
sun3d-mit_76_studyroom-76-1studyroom2,11,55,0.013020833333333185,0.049333333333333305,0.0
sun3d-mit_76_studyroom-76-1studyroom2,12,52,0.00651041666666663,0.06633333333333331,0.0
sun3d-mit_76_studyroom-76-1studyroom2,12,54,-0.03124999999999985,0.003166666666666651,0.0
sun3d-mit_76_studyroom-76-1studyroom2,12,55,-0.010416666666666666,0.018333333333333313,0.0
sun3d-mit_76_studyroom-76-1studyroom2,12,56,0.0026041666666666665,0.024666666666666653,0.0
sun3d-mit_76_studyroom-76-1studyroom2,13,14,0.00911458333333326,0.10166666666666664,0.0
sun3d-mit_76_studyroom-76-1studyroom2,13,15,0.01302083333333326,0.07599999999999997,0.0
sun3d-mit_76_studyroom-76-1studyroom2,13,54,0.07812499999999968,0.02533333333333332,-0.3333333333333333
sun3d-mit_76_studyroom-76-1studyroom2,13,55,0.07682291666666634,0.12283333333333335,0.0
sun3d-mit_76_studyroom-76-1studyroom2,13,56,0.029947916666666668,0.07900000000000007,0.0
sun3d-mit_76_studyroom-76-1studyroom2,13,57,0.04557291666666654,0.09949999999999998,0.0
sun3d-mit_76_studyroom-76-1studyroom2,14,15,-0.02213541666666659,0.041000000000000036,0.0
sun3d-mit_76_studyroom-76-1studyroom2,14,18,-0.011718749999999964,0.02566666666666667,0.0
sun3d-mit_76_studyroom-76-1studyroom2,14,56,-0.03515624999999981,0.029666666666666657,0.0
sun3d-mit_76_studyroom-76-1studyroom2,14,57,0.02994791666666652,0.08550000000000002,0.0
sun3d-mit_76_studyroom-76-1studyroom2,15,18,-0.009114583333333296,0.08733333333333333,0.0
sun3d-mit_76_studyroom-76-1studyroom2,15,56,-0.02083333333333326,0.057499999999999996,0.0
sun3d-mit_76_studyroom-76-1studyroom2,15,57,-0.014322916666666593,0.03166666666666662,0.0
sun3d-mit_76_studyroom-76-1studyroom2,15,62,-0.261718749999999,-0.154,-0.3333333333333333
sun3d-mit_76_studyroom-76-1studyroom2,16,17,0.022135416666666557,0.11366666666666665,0.0
sun3d-mit_76_studyroom-76-1studyroom2,16,61,-0.018229166666666564,0.019999999999999993,-0.3333333333333333
sun3d-mit_76_studyroom-76-1studyroom2,17,18,0.02734374999999985,0.06649999999999996,0.0
sun3d-mit_76_studyroom-76-1studyroom2,17,19,0.005208333333333333,0.07750000000000001,0.0
sun3d-mit_76_studyroom-76-1studyroom2,17,64,0.10416666666666623,0.08233333333333333,0.0
sun3d-mit_76_studyroom-76-1studyroom2,18,19,0.00390625,0.06933333333333329,0.0
sun3d-mit_76_studyroom-76-1studyroom2,18,20,0.02734374999999989,0.10183333333333333,0.0
sun3d-mit_76_studyroom-76-1studyroom2,18,62,-0.006510416666666671,-0.023166666666666665,-0.3333333333333333
sun3d-mit_76_studyroom-76-1studyroom2,18,63,0.016927083333333242,0.002666666666666669,-0.3333333333333333
sun3d-mit_76_studyroom-76-1studyroom2,18,64,0.2044270833333325,0.20050000000000004,0.0
sun3d-mit_76_studyroom-76-1studyroom2,19,20,0.0013020833333332593,0.02100000000000002,0.0
sun3d-mit_76_studyroom-76-1studyroom2,19,21,0.05729166666666641,0.152,0.0
sun3d-mit_76_studyroom-76-1studyroom2,19,64,-0.0924479166666663,-0.04083333333333331,-0.3333333333333333
sun3d-mit_76_studyroom-76-1studyroom2,19,65,0.2877604166666656,0.31316666666666665,0.3333333333333333
sun3d-mit_76_studyroom-76-1studyroom2,20,21,0.00390625,0.048166666666666656,0.0
sun3d-mit_76_studyroom-76-1studyroom2,20,22,0.0013020833333333333,0.03216666666666662,0.0
sun3d-mit_76_studyroom-76-1studyroom2,20,23,0.05598958333333309,0.05466666666666664,0.0
sun3d-mit_76_studyroom-76-1studyroom2,20,34,0.10677083333333287,0.09450000000000003,0.0
sun3d-mit_76_studyroom-76-1studyroom2,20,64,-0.05598958333333309,-0.000833333333333334,-0.3333333333333333
sun3d-mit_76_studyroom-76-1studyroom2,20,65,0.2903645833333322,0.25783333333333336,0.3333333333333333
sun3d-mit_76_studyroom-76-1studyroom2,21,22,-0.07421874999999967,-0.023500000000000004,0.0
sun3d-mit_76_studyroom-76-1studyroom2,21,23,0.10026041666666625,0.09800000000000002,0.0
sun3d-mit_76_studyroom-76-1studyroom2,21,24,-0.015624999999999901,-0.0006666666666666666,0.0
sun3d-mit_76_studyroom-76-1studyroom2,21,34,-0.0013020833333333333,0.07833333333333332,0.0
sun3d-mit_76_studyroom-76-1studyroom2,21,65,0.08854166666666637,0.11233333333333333,0.3333333333333333
sun3d-mit_76_studyroom-76-1studyroom2,22,23,0.041666666666666595,0.07816666666666665,0.0
sun3d-mit_76_studyroom-76-1studyroom2,22,24,0.2317708333333324,0.2903333333333333,0.3333333333333333
sun3d-mit_76_studyroom-76-1studyroom2,22,33,0.00911458333333326,0.06683333333333337,0.0
sun3d-mit_76_studyroom-76-1studyroom2,22,34,0.005208333333333333,0.07166666666666666,0.0
sun3d-mit_76_studyroom-76-1studyroom2,22,65,-0.0677083333333331,0.01633333333333334,0.3333333333333333
sun3d-mit_76_studyroom-76-1studyroom2,23,24,0.04166666666666652,0.08983333333333336,0.0
sun3d-mit_76_studyroom-76-1studyroom2,23,33,-0.1992187499999992,-0.12616666666666668,0.0
sun3d-mit_76_studyroom-76-1studyroom2,24,25,0.01171875,0.05616666666666666,0.0
sun3d-mit_76_studyroom-76-1studyroom2,24,32,0.016927083333333186,0.0666666666666667,0.0
sun3d-mit_76_studyroom-76-1studyroom2,24,33,0.01822916666666659,0.11616666666666671,0.0
sun3d-mit_76_studyroom-76-1studyroom2,25,26,0.0,0.04833333333333334,0.0
sun3d-mit_76_studyroom-76-1studyroom2,25,27,-0.005208333333333333,0.050166666666666616,0.0
sun3d-mit_76_studyroom-76-1studyroom2,25,32,0.0026041666666666665,0.05583333333333337,0.0
sun3d-mit_76_studyroom-76-1studyroom2,25,33,0.010416666666666666,0.10816666666666667,0.0
sun3d-mit_76_studyroom-76-1studyroom2,26,27,0.00390625,0.038,0.0
sun3d-mit_76_studyroom-76-1studyroom2,26,32,0.0026041666666666665,0.050833333333333286,0.0
sun3d-mit_76_studyroom-76-1studyroom2,27,28,0.0,0.027166666666666672,0.0
sun3d-mit_76_studyroom-76-1studyroom2,27,31,0.006510416666666667,0.05999999999999998,0.0
sun3d-mit_76_studyroom-76-1studyroom2,27,32,0.0013020833333333333,0.0195,0.0
sun3d-mit_76_studyroom-76-1studyroom2,27,33,0.02604166666666663,0.10550000000000004,0.0
sun3d-mit_76_studyroom-76-1studyroom2,28,29,0.005208333333333333,0.03316666666666668,0.0
sun3d-mit_76_studyroom-76-1studyroom2,28,30,-0.0013020833333333333,0.018000000000000016,0.0
sun3d-mit_76_studyroom-76-1studyroom2,28,31,0.0026041666666666665,0.023333333333333355,0.0
sun3d-mit_76_studyroom-76-1studyroom2,28,32,0.01171875,0.06716666666666671,0.0
sun3d-mit_76_studyroom-76-1studyroom2,29,30,0.005208333333333333,0.029666666666666657,0.0
sun3d-mit_76_studyroom-76-1studyroom2,29,31,0.006510416666666667,0.04233333333333337,0.0
sun3d-mit_76_studyroom-76-1studyroom2,29,32,0.026041666666666557,0.09900000000000002,0.0
sun3d-mit_76_studyroom-76-1studyroom2,30,31,0.020833333333333332,0.05000000000000001,0.0
sun3d-mit_76_studyroom-76-1studyroom2,30,32,-0.2747395833333322,-0.1825,-0.3333333333333333
sun3d-mit_76_studyroom-76-1studyroom2,31,32,0.02734374999999985,0.13266666666666663,0.0
sun3d-mit_76_studyroom-76-1studyroom2,32,33,0.0026041666666666665,0.07750000000000001,0.0
sun3d-mit_76_studyroom-76-1studyroom2,33,65,-0.03906249999999986,-0.009333333333333332,0.0
sun3d-mit_76_studyroom-76-1studyroom2,34,35,-0.0013020833333333333,0.0625,0.0
sun3d-mit_76_studyroom-76-1studyroom2,34,36,-0.011718749999999925,0.08450000000000002,0.0
sun3d-mit_76_studyroom-76-1studyroom2,34,37,0.01953124999999989,0.08283333333333336,0.0
sun3d-mit_76_studyroom-76-1studyroom2,34,64,-0.013020833333333273,-0.01066666666666666,0.0
sun3d-mit_76_studyroom-76-1studyroom2,34,65,0.16406249999999933,0.12833333333333333,0.3333333333333333
sun3d-mit_76_studyroom-76-1studyroom2,35,36,-0.002604166666666593,0.07150000000000001,0.0
sun3d-mit_76_studyroom-76-1studyroom2,35,37,0.026041666666666557,0.09549999999999999,0.0
sun3d-mit_76_studyroom-76-1studyroom2,35,38,0.005208333333333333,0.10666666666666665,0.0
sun3d-mit_76_studyroom-76-1studyroom2,35,45,-0.02734374999999989,0.010666666666666677,0.0
sun3d-mit_76_studyroom-76-1studyroom2,35,46,-0.041666666666666484,0.060499999999999964,0.0
sun3d-mit_76_studyroom-76-1studyroom2,35,47,-0.02864583333333322,0.05833333333333335,0.0
sun3d-mit_76_studyroom-76-1studyroom2,35,48,-0.011718749999999925,0.09349999999999999,0.0
sun3d-mit_76_studyroom-76-1studyroom2,35,49,0.005208333333333297,0.07083333333333335,0.0
sun3d-mit_76_studyroom-76-1studyroom2,36,37,-0.0013020833333333333,0.04533333333333334,0.0
sun3d-mit_76_studyroom-76-1studyroom2,36,38,-0.018229166666666668,0.06333333333333335,0.0
sun3d-mit_76_studyroom-76-1studyroom2,36,39,-0.07421874999999971,-0.09016666666666667,0.0
sun3d-mit_76_studyroom-76-1studyroom2,36,45,0.01822916666666659,0.09450000000000003,0.0
sun3d-mit_76_studyroom-76-1studyroom2,36,46,0.015624999999999925,0.07949999999999997,0.0
sun3d-mit_76_studyroom-76-1studyroom2,36,47,0.002604166666666593,0.08733333333333333,0.0
sun3d-mit_76_studyroom-76-1studyroom2,36,48,7.401486830834377e-17,0.08166666666666667,0.0
sun3d-mit_76_studyroom-76-1studyroom2,36,49,0.0013020833333333333,0.09233333333333331,0.0
sun3d-mit_76_studyroom-76-1studyroom2,36,52,0.029947916666666474,0.009000000000000006,-0.3333333333333333
sun3d-mit_76_studyroom-76-1studyroom2,37,38,0.007812499999999926,0.06316666666666666,0.0
sun3d-mit_76_studyroom-76-1studyroom2,37,39,0.015625,-0.0038333333333333552,0.0
sun3d-mit_76_studyroom-76-1studyroom2,37,45,0.010416666666666666,0.05616666666666662,0.0
sun3d-mit_76_studyroom-76-1studyroom2,37,46,0.020833333333333186,0.05900000000000002,0.0
sun3d-mit_76_studyroom-76-1studyroom2,37,47,0.011718749999999889,0.08366666666666667,0.0
sun3d-mit_76_studyroom-76-1studyroom2,37,48,0.02213541666666637,0.0655,0.0
sun3d-mit_76_studyroom-76-1studyroom2,37,49,0.028645833333332964,0.07850000000000001,0.0
sun3d-mit_76_studyroom-76-1studyroom2,38,39,0.005208333333333259,0.09433333333333334,0.0
sun3d-mit_76_studyroom-76-1studyroom2,38,44,0.019531249999999927,0.04550000000000002,0.0
sun3d-mit_76_studyroom-76-1studyroom2,38,45,0.00390625,0.05750000000000003,0.0
sun3d-mit_76_studyroom-76-1studyroom2,38,46,0.005208333333333333,0.09616666666666666,0.0
sun3d-mit_76_studyroom-76-1studyroom2,38,47,0.0078125,0.12983333333333333,0.0
sun3d-mit_76_studyroom-76-1studyroom2,38,48,0.0026041666666666665,0.10149999999999999,0.0
sun3d-mit_76_studyroom-76-1studyroom2,38,49,0.0078125,0.1025,0.0
sun3d-mit_76_studyroom-76-1studyroom2,39,40,0.10677083333333291,0.10933333333333334,0.0
sun3d-mit_76_studyroom-76-1studyroom2,39,43,0.23958333333333237,0.15966666666666665,0.6666666666666666
sun3d-mit_76_studyroom-76-1studyroom2,39,44,-0.00390625,0.055833333333333325,0.0
sun3d-mit_76_studyroom-76-1studyroom2,39,45,0.02083333333333326,0.1045,0.0
sun3d-mit_76_studyroom-76-1studyroom2,39,46,0.0013020833333332593,0.07766666666666666,0.0
sun3d-mit_76_studyroom-76-1studyroom2,39,47,-0.03645833333333318,0.039499999999999945,0.0
sun3d-mit_76_studyroom-76-1studyroom2,39,48,-0.07682291666666637,-0.028999999999999988,0.3333333333333333
sun3d-mit_76_studyroom-76-1studyroom2,39,49,0.03255208333333337,0.13299999999999998,0.0
sun3d-mit_76_studyroom-76-1studyroom2,40,41,0.0026041666666666665,0.05350000000000003,0.0
sun3d-mit_76_studyroom-76-1studyroom2,40,42,0.01953125,0.08066666666666662,0.0
sun3d-mit_76_studyroom-76-1studyroom2,40,43,0.009114583333333334,0.0551666666666667,0.0
sun3d-mit_76_studyroom-76-1studyroom2,40,44,0.06249999999999974,0.024166666666666666,0.0
sun3d-mit_76_studyroom-76-1studyroom2,40,45,0.0,0.0,0.0
sun3d-mit_76_studyroom-76-1studyroom2,40,46,0.0013020833333332999,0.0,0.0
sun3d-mit_76_studyroom-76-1studyroom2,40,47,0.03385416666666653,0.008166666666666668,0.0
sun3d-mit_76_studyroom-76-1studyroom2,41,42,0.0,0.07033333333333332,0.0
sun3d-mit_76_studyroom-76-1studyroom2,41,43,-0.0013020833333333333,0.0611666666666667,0.0
sun3d-mit_76_studyroom-76-1studyroom2,42,43,0.006510416666666667,0.08883333333333336,0.0
sun3d-mit_76_studyroom-76-1studyroom2,44,45,0.0013020833333333333,0.02333333333333339,0.0
sun3d-mit_76_studyroom-76-1studyroom2,44,46,-0.0026041666666666665,0.08366666666666663,0.0
sun3d-mit_76_studyroom-76-1studyroom2,44,47,0.01171875,0.06883333333333337,0.0
sun3d-mit_76_studyroom-76-1studyroom2,44,48,0.1054687499999996,0.12433333333333331,0.0
sun3d-mit_76_studyroom-76-1studyroom2,44,49,0.020833333333333186,0.1045,0.0
sun3d-mit_76_studyroom-76-1studyroom2,44,50,0.00911458333333337,0.038,0.0
sun3d-mit_76_studyroom-76-1studyroom2,45,46,-0.00390625,0.05800000000000002,0.0
sun3d-mit_76_studyroom-76-1studyroom2,45,47,0.00390625,0.09133333333333338,0.0
sun3d-mit_76_studyroom-76-1studyroom2,45,48,-0.011718749999999853,0.05466666666666664,0.0
sun3d-mit_76_studyroom-76-1studyroom2,45,49,0.0013020833333332593,0.09283333333333332,0.0
sun3d-mit_76_studyroom-76-1studyroom2,46,47,0.006510416666666667,0.0645,0.0
sun3d-mit_76_studyroom-76-1studyroom2,46,48,0.009114583333333334,0.08116666666666668,0.0
sun3d-mit_76_studyroom-76-1studyroom2,46,49,-0.0026041666666666665,0.04066666666666666,0.0
sun3d-mit_76_studyroom-76-1studyroom2,47,48,0.00390625,0.03366666666666666,0.0
sun3d-mit_76_studyroom-76-1studyroom2,47,49,-0.0026041666666666665,0.0605,0.0
sun3d-mit_76_studyroom-76-1studyroom2,48,49,0.005208333333333333,0.05666666666666672,0.0
sun3d-mit_76_studyroom-76-1studyroom2,49,50,0.01822916666666652,0.075,0.0
sun3d-mit_76_studyroom-76-1studyroom2,50,51,-0.00390625,0.07049999999999997,0.0
sun3d-mit_76_studyroom-76-1studyroom2,51,52,0.02343749999999989,0.09983333333333333,0.0
sun3d-mit_76_studyroom-76-1studyroom2,51,53,0.19921874999999925,0.13416666666666666,0.0
sun3d-mit_76_studyroom-76-1studyroom2,52,53,0.00390625,0.031833333333333345,0.0
sun3d-mit_76_studyroom-76-1studyroom2,53,54,0.014322916666666593,0.044000000000000004,0.0
sun3d-mit_76_studyroom-76-1studyroom2,54,55,0.00911458333333326,0.04550000000000002,0.0
sun3d-mit_76_studyroom-76-1studyroom2,55,56,-0.0013020833333333333,0.022333333333333316,0.0
sun3d-mit_76_studyroom-76-1studyroom2,56,57,0.023437499999999778,0.054833333333333324,0.0
sun3d-mit_76_studyroom-76-1studyroom2,58,59,0.05598958333333304,0.13949999999999999,0.0
sun3d-mit_76_studyroom-76-1studyroom2,58,60,0.1510416666666661,0.2061666666666667,0.0
sun3d-mit_76_studyroom-76-1studyroom2,58,61,-0.01432291666666663,0.08450000000000002,0.0
sun3d-mit_76_studyroom-76-1studyroom2,58,62,0.13020833333333284,0.18366666666666664,0.0
sun3d-mit_76_studyroom-76-1studyroom2,59,60,0.01822916666666652,0.09033333333333333,0.0
sun3d-mit_76_studyroom-76-1studyroom2,59,61,0.013020833333333185,0.0718333333333333,0.0
sun3d-mit_76_studyroom-76-1studyroom2,59,62,0.01822916666666652,0.08983333333333332,0.0
sun3d-mit_76_studyroom-76-1studyroom2,60,61,0.010416666666666666,0.05000000000000001,0.0
sun3d-mit_76_studyroom-76-1studyroom2,60,62,0.0026041666666667407,0.0561666666666667,0.0
sun3d-mit_76_studyroom-76-1studyroom2,60,63,0.005208333333333333,0.10033333333333327,0.0
sun3d-mit_76_studyroom-76-1studyroom2,61,62,0.00390625,0.0706666666666667,0.0
sun3d-mit_76_studyroom-76-1studyroom2,61,63,0.006510416666666592,0.08050000000000006,0.0
sun3d-mit_76_studyroom-76-1studyroom2,62,63,0.0,0.04816666666666669,0.0
sun3d-mit_76_studyroom-76-1studyroom2,62,64,-0.01953125,0.04583333333333336,0.0
sun3d-mit_76_studyroom-76-1studyroom2,63,64,0.0026041666666666665,0.05216666666666662,0.0
sun3d-mit_76_studyroom-76-1studyroom2,63,65,-0.07812499999999971,-0.008000000000000016,-0.3333333333333333
sun3d-mit_76_studyroom-76-1studyroom2,64,65,0.0026041666666666665,0.06499999999999999,0.0
sun3d-mit_lab_hj-lab_hj_tea_nov_2_2012_scan1_erika,0,1,-0.0013020833333333333,0.043833333333333356,0.0
sun3d-mit_lab_hj-lab_hj_tea_nov_2_2012_scan1_erika,0,6,0.14062499999999944,0.07516666666666666,0.6666666666666666
sun3d-mit_lab_hj-lab_hj_tea_nov_2_2012_scan1_erika,0,8,0.07031249999999976,0.033333333333333305,0.0
sun3d-mit_lab_hj-lab_hj_tea_nov_2_2012_scan1_erika,0,9,0.11848958333333287,0.08933333333333333,0.3333333333333333
sun3d-mit_lab_hj-lab_hj_tea_nov_2_2012_scan1_erika,0,10,0.11848958333333287,0.12300000000000001,0.0
sun3d-mit_lab_hj-lab_hj_tea_nov_2_2012_scan1_erika,0,11,0.0039062499999999814,0.10049999999999999,0.0
sun3d-mit_lab_hj-lab_hj_tea_nov_2_2012_scan1_erika,0,27,0.02083333333333326,0.05449999999999996,0.0
sun3d-mit_lab_hj-lab_hj_tea_nov_2_2012_scan1_erika,0,28,-0.005208333333333297,0.03350000000000001,0.0
sun3d-mit_lab_hj-lab_hj_tea_nov_2_2012_scan1_erika,1,2,0.04296874999999981,0.03966666666666663,0.0
sun3d-mit_lab_hj-lab_hj_tea_nov_2_2012_scan1_erika,1,6,0.04296874999999981,0.08183333333333336,0.0
sun3d-mit_lab_hj-lab_hj_tea_nov_2_2012_scan1_erika,1,8,0.018229166666666574,-0.0031666666666666696,0.0
sun3d-mit_lab_hj-lab_hj_tea_nov_2_2012_scan1_erika,1,9,-0.05468749999999981,-0.018000000000000016,0.0
sun3d-mit_lab_hj-lab_hj_tea_nov_2_2012_scan1_erika,1,10,0.07161458333333304,0.09699999999999998,0.0
sun3d-mit_lab_hj-lab_hj_tea_nov_2_2012_scan1_erika,1,27,0.03515624999999981,0.050333333333333306,0.0
sun3d-mit_lab_hj-lab_hj_tea_nov_2_2012_scan1_erika,1,28,0.0026041666666666665,0.07050000000000001,0.0
sun3d-mit_lab_hj-lab_hj_tea_nov_2_2012_scan1_erika,2,3,0.010416666666666666,0.046000000000000006,0.0
sun3d-mit_lab_hj-lab_hj_tea_nov_2_2012_scan1_erika,2,5,0.079427083333333,0.09533333333333334,0.0
sun3d-mit_lab_hj-lab_hj_tea_nov_2_2012_scan1_erika,2,8,0.023437499999999927,0.05566666666666668,0.0
sun3d-mit_lab_hj-lab_hj_tea_nov_2_2012_scan1_erika,3,4,0.009114583333333334,0.03149999999999997,0.0
sun3d-mit_lab_hj-lab_hj_tea_nov_2_2012_scan1_erika,3,5,0.00651041666666663,0.037166666666666646,0.0
sun3d-mit_lab_hj-lab_hj_tea_nov_2_2012_scan1_erika,3,6,-0.00911458333333326,0.011666666666666678,0.0
sun3d-mit_lab_hj-lab_hj_tea_nov_2_2012_scan1_erika,4,5,0.018229166666666446,0.07216666666666664,0.0
sun3d-mit_lab_hj-lab_hj_tea_nov_2_2012_scan1_erika,4,6,0.013020833333333223,0.0771666666666666,0.0
sun3d-mit_lab_hj-lab_hj_tea_nov_2_2012_scan1_erika,4,7,0.05078124999999978,0.05983333333333337,0.0
sun3d-mit_lab_hj-lab_hj_tea_nov_2_2012_scan1_erika,5,6,0.0026041666666666665,0.03749999999999994,0.0
sun3d-mit_lab_hj-lab_hj_tea_nov_2_2012_scan1_erika,5,7,-0.005208333333333259,0.0686666666666667,0.0
sun3d-mit_lab_hj-lab_hj_tea_nov_2_2012_scan1_erika,5,8,0.006510416666666667,0.09133333333333334,0.0
sun3d-mit_lab_hj-lab_hj_tea_nov_2_2012_scan1_erika,6,7,0.005208333333333333,0.04066666666666663,0.0
sun3d-mit_lab_hj-lab_hj_tea_nov_2_2012_scan1_erika,6,8,0.01692708333333326,0.07450000000000001,0.0
sun3d-mit_lab_hj-lab_hj_tea_nov_2_2012_scan1_erika,7,8,0.007812499999999926,0.0453333333333333,0.0
sun3d-mit_lab_hj-lab_hj_tea_nov_2_2012_scan1_erika,9,10,-0.03124999999999989,0.018000000000000016,0.0
sun3d-mit_lab_hj-lab_hj_tea_nov_2_2012_scan1_erika,9,11,0.1888020833333326,0.13383333333333333,1.0
sun3d-mit_lab_hj-lab_hj_tea_nov_2_2012_scan1_erika,10,11,-0.003906250000000028,0.008333333333333331,0.0
sun3d-mit_lab_hj-lab_hj_tea_nov_2_2012_scan1_erika,14,15,0.013020833333333334,0.10383333333333337,0.0
sun3d-mit_lab_hj-lab_hj_tea_nov_2_2012_scan1_erika,14,16,0.01822916666666659,0.09000000000000001,0.0
sun3d-mit_lab_hj-lab_hj_tea_nov_2_2012_scan1_erika,14,17,0.04296874999999981,0.14333333333333328,0.0
sun3d-mit_lab_hj-lab_hj_tea_nov_2_2012_scan1_erika,15,16,-0.005208333333333333,0.0873333333333333,0.0
sun3d-mit_lab_hj-lab_hj_tea_nov_2_2012_scan1_erika,15,17,0.016927083333333186,0.15400000000000003,0.0
sun3d-mit_lab_hj-lab_hj_tea_nov_2_2012_scan1_erika,16,17,0.027343749999999778,0.13583333333333333,0.0
sun3d-mit_lab_hj-lab_hj_tea_nov_2_2012_scan1_erika,17,18,0.02734374999999985,0.11300000000000003,0.0
sun3d-mit_lab_hj-lab_hj_tea_nov_2_2012_scan1_erika,18,19,0.0013020833333333333,0.12649999999999997,0.0
sun3d-mit_lab_hj-lab_hj_tea_nov_2_2012_scan1_erika,19,20,0.02083333333333326,0.10383333333333333,0.0
sun3d-mit_lab_hj-lab_hj_tea_nov_2_2012_scan1_erika,19,21,0.13671874999999944,0.07016666666666667,0.6666666666666666
sun3d-mit_lab_hj-lab_hj_tea_nov_2_2012_scan1_erika,20,21,0.1236979166666662,-0.012833333333333337,0.0
sun3d-mit_lab_hj-lab_hj_tea_nov_2_2012_scan1_erika,21,22,0.04687499999999989,0.07616666666666667,0.0
sun3d-mit_lab_hj-lab_hj_tea_nov_2_2012_scan1_erika,22,23,0.01432291666666663,0.05083333333333332,0.0
sun3d-mit_lab_hj-lab_hj_tea_nov_2_2012_scan1_erika,22,24,-0.04687499999999981,0.05316666666666666,0.0
sun3d-mit_lab_hj-lab_hj_tea_nov_2_2012_scan1_erika,23,24,-0.0013020833333332964,0.07183333333333335,0.0
sun3d-mit_lab_hj-lab_hj_tea_nov_2_2012_scan1_erika,23,25,-0.02213541666666659,0.02633333333333332,0.0
sun3d-mit_lab_hj-lab_hj_tea_nov_2_2012_scan1_erika,24,25,0.03645833333333315,0.04966666666666664,0.0
sun3d-mit_lab_hj-lab_hj_tea_nov_2_2012_scan1_erika,25,26,-0.003906249999999963,0.0385,0.0
sun3d-mit_lab_hj-lab_hj_tea_nov_2_2012_scan1_erika,26,27,-0.1419270833333328,-0.028999999999999988,0.0
sun3d-mit_lab_hj-lab_hj_tea_nov_2_2012_scan1_erika,26,28,-0.10937499999999956,-0.001666666666666668,0.0
sun3d-mit_lab_hj-lab_hj_tea_nov_2_2012_scan1_erika,27,28,0.01171875,0.09049999999999998,0.0
sun3d-mit_lab_hj-lab_hj_tea_nov_2_2012_scan1_erika,29,30,-0.08984374999999963,0.031999999999999994,0.0
sun3d-mit_lab_hj-lab_hj_tea_nov_2_2012_scan1_erika,30,31,-0.006510416666666667,0.08083333333333335,0.0
sun3d-mit_lab_hj-lab_hj_tea_nov_2_2012_scan1_erika,31,32,-0.006510416666666667,0.028999999999999988,0.0
sun3d-mit_lab_hj-lab_hj_tea_nov_2_2012_scan1_erika,31,33,0.0013020833333333333,0.05566666666666668,0.0
sun3d-mit_lab_hj-lab_hj_tea_nov_2_2012_scan1_erika,31,34,0.00390625,0.08033333333333333,0.0
sun3d-mit_lab_hj-lab_hj_tea_nov_2_2012_scan1_erika,31,35,0.01692708333333326,0.07216666666666664,0.0
sun3d-mit_lab_hj-lab_hj_tea_nov_2_2012_scan1_erika,31,36,0.013020833333333334,0.046000000000000006,0.0
sun3d-mit_lab_hj-lab_hj_tea_nov_2_2012_scan1_erika,31,37,0.003906249999999963,0.03183333333333338,0.0
sun3d-mit_lab_hj-lab_hj_tea_nov_2_2012_scan1_erika,32,33,0.006510416666666667,0.04466666666666667,0.0
sun3d-mit_lab_hj-lab_hj_tea_nov_2_2012_scan1_erika,32,34,0.0078125,0.06783333333333334,0.0
sun3d-mit_lab_hj-lab_hj_tea_nov_2_2012_scan1_erika,32,35,0.0,0.059666666666666646,0.0
sun3d-mit_lab_hj-lab_hj_tea_nov_2_2012_scan1_erika,32,36,0.0026041666666666665,0.042833333333333355,0.0
sun3d-mit_lab_hj-lab_hj_tea_nov_2_2012_scan1_erika,32,37,0.005208333333333333,0.044833333333333315,0.0
sun3d-mit_lab_hj-lab_hj_tea_nov_2_2012_scan1_erika,33,34,0.005208333333333333,0.08,0.0
sun3d-mit_lab_hj-lab_hj_tea_nov_2_2012_scan1_erika,33,35,0.0,0.06799999999999999,0.0
sun3d-mit_lab_hj-lab_hj_tea_nov_2_2012_scan1_erika,33,36,0.0,0.055333333333333345,0.0
sun3d-mit_lab_hj-lab_hj_tea_nov_2_2012_scan1_erika,33,37,-0.0013020833333333333,0.03849999999999998,0.0
sun3d-mit_lab_hj-lab_hj_tea_nov_2_2012_scan1_erika,34,35,0.01953124999999985,0.05783333333333329,0.0
sun3d-mit_lab_hj-lab_hj_tea_nov_2_2012_scan1_erika,34,36,-0.005208333333333333,0.06066666666666668,0.0
sun3d-mit_lab_hj-lab_hj_tea_nov_2_2012_scan1_erika,34,37,-0.009114583333333334,0.04999999999999997,0.0
sun3d-mit_lab_hj-lab_hj_tea_nov_2_2012_scan1_erika,35,36,-0.0013020833333333333,0.038333333333333365,0.0
sun3d-mit_lab_hj-lab_hj_tea_nov_2_2012_scan1_erika,35,37,0.00390625,0.03866666666666666,0.0
sun3d-mit_lab_hj-lab_hj_tea_nov_2_2012_scan1_erika,36,37,-0.006510416666666667,0.04566666666666667,0.0
